; markov-from-seq	markov_from_seq.py -i data/seq/yeast_all-upstream-noorf.fasta.gz -m 7 -o data/bg-models/yeast_all-upstream-noorf_Markov_mkv7.tsv
;
; Program version	0.1
; Input file	data/seq/yeast_all-upstream-noorf.fasta.gz
#pr\su 	a	c	g	t	Sum	P_prefix
aaaaaaa	0.65118	0.06310	0.13873	0.14700	1	3.4423e-03
aaaaaac	0.39166	0.18561	0.15372	0.26901	1	4.0929e-04
aaaaaag	0.42162	0.14719	0.21739	0.21380	1	8.3899e-04
aaaaaat	0.34655	0.14455	0.18940	0.31950	1	9.0291e-04
aaaaaca	0.47095	0.12316	0.19341	0.21249	1	3.8586e-04
aaaaacc	0.34156	0.19355	0.15750	0.30740	1	1.7636e-04
aaaaacg	0.37204	0.20860	0.16344	0.25591	1	1.5562e-04
aaaaact	0.32050	0.16025	0.23106	0.28820	1	2.6940e-04
aaaaaga	0.56471	0.10940	0.17225	0.15363	1	7.1885e-04
aaaaagc	0.40224	0.15567	0.16936	0.27273	1	2.6873e-04
aaaaagg	0.41416	0.15221	0.21593	0.21770	1	3.7816e-04
aaaaagt	0.35967	0.13079	0.22343	0.28610	1	3.6846e-04
aaaaata	0.41217	0.15399	0.18073	0.25311	1	7.2587e-04
aaaaatc	0.39414	0.18468	0.17342	0.24775	1	2.9718e-04
aaaaatg	0.37328	0.19762	0.18847	0.24062	1	3.6578e-04
aaaaatt	0.25137	0.15542	0.16592	0.42729	1	6.6965e-04
aaaacaa	0.44236	0.15278	0.18681	0.21806	1	4.8191e-04
aaaacac	0.41628	0.19535	0.14884	0.23953	1	1.4390e-04
aaaacag	0.31162	0.22007	0.17606	0.29225	1	1.9009e-04
aaaacat	0.36491	0.18634	0.15839	0.29037	1	2.1552e-04
aaaacca	0.36444	0.16889	0.18667	0.28000	1	1.5060e-04
aaaaccc	0.24419	0.20543	0.22481	0.32558	1	8.6342e-05
aaaaccg	0.26961	0.22059	0.25000	0.25980	1	6.8270e-05
aaaacct	0.25337	0.21024	0.17251	0.36388	1	1.2416e-04
aaaacga	0.46753	0.16883	0.13853	0.22511	1	1.5461e-04
aaaacgc	0.32932	0.18876	0.25703	0.22490	1	8.3330e-05
aaaacgg	0.50340	0.18027	0.12245	0.19388	1	9.8389e-05
aaaacgt	0.34591	0.15723	0.21384	0.28302	1	1.0642e-04
aaaacta	0.37307	0.18111	0.17028	0.27554	1	2.1619e-04
aaaactc	0.30581	0.23242	0.14067	0.32110	1	1.0943e-04
aaaactg	0.28753	0.22833	0.18182	0.30233	1	1.5829e-04
aaaactt	0.22642	0.22484	0.20597	0.34277	1	2.1284e-04
aaaagaa	0.58133	0.11914	0.15209	0.14744	1	7.9214e-04
aaaagac	0.40832	0.16257	0.19849	0.23062	1	1.7703e-04
aaaagag	0.37942	0.19469	0.21239	0.21350	1	3.0253e-04
aaaagat	0.34788	0.17972	0.21053	0.26187	1	2.6070e-04
aaaagca	0.39873	0.17215	0.18228	0.24684	1	2.6438e-04
aaaagcc	0.40625	0.18438	0.19375	0.21563	1	1.0709e-04
aaaagcg	0.36338	0.20563	0.17465	0.25634	1	1.1880e-04
aaaagct	0.29623	0.17170	0.21132	0.32075	1	1.7737e-04
aaaagga	0.54439	0.12727	0.16257	0.16578	1	3.1291e-04
aaaaggc	0.34845	0.18854	0.22673	0.23628	1	1.4022e-04
aaaaggg	0.40833	0.21167	0.14167	0.23833	1	2.0079e-04
aaaaggt	0.32918	0.15658	0.21174	0.30249	1	1.8808e-04
aaaagta	0.38395	0.17570	0.18547	0.25488	1	3.0855e-04
aaaagtc	0.36164	0.16164	0.17534	0.30137	1	1.2215e-04
aaaagtg	0.40294	0.19250	0.16803	0.23654	1	2.0515e-04
aaaagtt	0.24818	0.20681	0.20560	0.33942	1	2.7509e-04
aaaataa	0.46535	0.13392	0.16780	0.23293	1	6.4221e-04
aaaatac	0.40053	0.16469	0.14888	0.28590	1	2.5401e-04
aaaatag	0.32426	0.23923	0.14512	0.29138	1	2.9517e-04
aaaatat	0.36102	0.17914	0.16953	0.29032	1	4.8760e-04
aaaatca	0.45932	0.16273	0.14042	0.23753	1	2.5501e-04
aaaatcc	0.45833	0.16389	0.13889	0.23889	1	1.2048e-04
aaaatcg	0.34969	0.21166	0.18405	0.25460	1	1.0910e-04
aaaatct	0.27599	0.18147	0.21172	0.33081	1	1.7703e-04
aaaatga	0.46440	0.14129	0.14458	0.24973	1	3.0554e-04
aaaatgc	0.36864	0.21822	0.16525	0.24788	1	1.5796e-04
aaaatgg	0.42510	0.20243	0.15789	0.21457	1	1.6532e-04
aaaatgt	0.31040	0.15520	0.23040	0.30400	1	2.0916e-04
aaaatta	0.35948	0.16466	0.14914	0.32672	1	3.8820e-04
aaaattc	0.42562	0.15289	0.16804	0.25344	1	2.4296e-04
aaaattg	0.34298	0.19697	0.17769	0.28237	1	2.4296e-04
aaaattt	0.16767	0.20918	0.14145	0.48170	1	6.1276e-04
aaacaaa	0.49588	0.15934	0.15865	0.18613	1	4.8726e-04
aaacaac	0.40535	0.19342	0.12140	0.27984	1	1.6264e-04
aaacaag	0.40379	0.17823	0.22082	0.19716	1	2.1217e-04
aaacaat	0.41505	0.15175	0.15953	0.27367	1	2.5802e-04
aaacaca	0.34821	0.18750	0.17857	0.28571	1	1.4993e-04
aaacacc	0.29612	0.22816	0.20388	0.27184	1	6.8940e-05
aaacacg	0.28994	0.26627	0.16568	0.27811	1	5.6557e-05
aaacact	0.26797	0.16340	0.17647	0.39216	1	1.0241e-04
aaacaga	0.44749	0.14612	0.15982	0.24658	1	1.4658e-04
aaacagc	0.38614	0.13531	0.20462	0.27393	1	1.0140e-04
aaacagg	0.37295	0.18443	0.20902	0.23361	1	8.1657e-05
aaacagt	0.32558	0.20000	0.18837	0.28605	1	1.4390e-04
aaacata	0.28286	0.17000	0.12286	0.42429	1	2.3426e-04
aaacatc	0.38824	0.15882	0.15588	0.29706	1	1.1378e-04
aaacatg	0.32184	0.22222	0.14943	0.30651	1	8.7346e-05
aaacatt	0.30590	0.15206	0.16279	0.37925	1	1.8707e-04
aaaccaa	0.42920	0.18142	0.19912	0.19027	1	1.5127e-04
aaaccac	0.35106	0.17553	0.17021	0.30319	1	6.2916e-05
aaaccag	0.30653	0.28643	0.18090	0.22613	1	6.6597e-05
aaaccat	0.38835	0.21359	0.11974	0.27832	1	1.0341e-04
aaaccca	0.34973	0.19126	0.16940	0.28962	1	6.1242e-05
aaacccc	0.27642	0.14634	0.22764	0.34959	1	4.1163e-05
aaacccg	0.34021	0.21649	0.13402	0.30928	1	3.2462e-05
aaaccct	0.27103	0.14486	0.15888	0.42523	1	7.1617e-05
aaaccga	0.40602	0.12782	0.19549	0.27068	1	4.4510e-05
aaaccgc	0.38060	0.19403	0.17910	0.24627	1	4.4844e-05
aaaccgg	0.45098	0.16667	0.20588	0.17647	1	3.4135e-05
aaaccgt	0.25157	0.17610	0.24528	0.32704	1	5.3211e-05
aaaccta	0.41803	0.15574	0.15164	0.27459	1	8.1657e-05
aaacctc	0.32512	0.18719	0.17734	0.31034	1	6.7936e-05
aaacctg	0.25862	0.21839	0.16092	0.36207	1	5.8231e-05
aaacctt	0.23054	0.22156	0.17365	0.37425	1	1.1178e-04
aaacgaa	0.42626	0.19394	0.17576	0.20404	1	1.6566e-04
aaacgac	0.40107	0.21925	0.15508	0.22460	1	6.2581e-05
aaacgag	0.36279	0.22791	0.20000	0.20930	1	7.1951e-05
aaacgat	0.34572	0.14498	0.28996	0.21933	1	9.0023e-05
aaacgca	0.55882	0.15294	0.10000	0.18824	1	1.1378e-04
aaacgcc	0.46479	0.13380	0.13380	0.26761	1	4.7521e-05
aaacgcg	0.28177	0.19337	0.15470	0.37017	1	6.0573e-05
aaacgct	0.34356	0.14110	0.23926	0.27607	1	5.4549e-05
aaacgga	0.60000	0.12069	0.09655	0.18276	1	9.7051e-05
aaacggc	0.41007	0.11511	0.21583	0.25899	1	4.6517e-05
aaacggg	0.33333	0.24390	0.17886	0.24390	1	4.1163e-05
aaacggt	0.34239	0.18478	0.19565	0.27717	1	6.1577e-05
aaacgta	0.29496	0.13669	0.18705	0.38129	1	9.3035e-05
aaacgtc	0.39860	0.12587	0.16084	0.31469	1	4.7856e-05
aaacgtg	0.32558	0.19767	0.25000	0.22674	1	5.7561e-05
aaacgtt	0.24911	0.22420	0.15302	0.37367	1	9.4039e-05
aaactaa	0.38514	0.16554	0.15034	0.29899	1	1.9812e-04
aaactac	0.38511	0.17799	0.14239	0.29450	1	1.0341e-04
aaactag	0.31047	0.19134	0.19856	0.29964	1	9.2700e-05
aaactat	0.31155	0.22440	0.13725	0.32680	1	1.5361e-04
aaactca	0.43182	0.17803	0.15152	0.23864	1	8.8350e-05
aaactcc	0.28492	0.20112	0.27933	0.23464	1	5.9904e-05
aaactcg	0.30833	0.25000	0.14167	0.30000	1	4.0159e-05
aaactct	0.26950	0.16312	0.15957	0.40780	1	9.4374e-05
aaactga	0.48580	0.13880	0.16719	0.20820	1	1.0609e-04
aaactgc	0.33588	0.19847	0.14122	0.32443	1	8.7680e-05
aaactgg	0.42254	0.13146	0.17840	0.26761	1	7.1282e-05
aaactgt	0.30769	0.13528	0.20955	0.34748	1	1.2617e-04
aaactta	0.36318	0.23134	0.12687	0.27861	1	1.3453e-04
aaacttc	0.31135	0.21108	0.15303	0.32454	1	1.2684e-04
aaacttg	0.39385	0.18462	0.17846	0.24308	1	1.0876e-04
aaacttt	0.21386	0.18223	0.17018	0.43373	1	2.2221e-04
aaagaaa	0.50101	0.13031	0.19183	0.17685	1	8.2694e-04
aaagaac	0.45268	0.15142	0.16404	0.23186	1	2.1217e-04
aaagaag	0.42117	0.17261	0.19217	0.21404	1	2.9082e-04
aaagaat	0.42766	0.13956	0.17670	0.25608	1	2.6137e-04
aaagaca	0.41702	0.13617	0.19149	0.25532	1	1.5729e-04
aaagacc	0.35323	0.18905	0.12935	0.32836	1	6.7266e-05
aaagacg	0.36607	0.23661	0.17857	0.21875	1	7.4963e-05
aaagact	0.32963	0.17778	0.17407	0.31852	1	9.0358e-05
aaagaga	0.46537	0.11357	0.23684	0.18421	1	2.4162e-04
aaagagc	0.39628	0.18351	0.14628	0.27394	1	1.2583e-04
aaagagg	0.39858	0.18632	0.19340	0.22170	1	1.4190e-04
aaagagt	0.36993	0.16229	0.19809	0.26969	1	1.4022e-04
aaagata	0.34436	0.17143	0.17895	0.30526	1	2.2255e-04
aaagatc	0.33654	0.14423	0.15705	0.36218	1	1.0441e-04
aaagatg	0.39737	0.17105	0.20263	0.22895	1	1.2717e-04
aaagatt	0.31138	0.14571	0.19960	0.34331	1	1.6766e-04
aaagcaa	0.40371	0.16833	0.21969	0.20827	1	2.3460e-04
aaagcac	0.36519	0.19795	0.16041	0.27645	1	9.8055e-05
aaagcag	0.32923	0.21846	0.20000	0.25231	1	1.0876e-04
aaagcat	0.38322	0.19955	0.12245	0.29478	1	1.4758e-04
aaagcca	0.31773	0.18395	0.17391	0.32441	1	1.0006e-04
aaagccc	0.36765	0.15441	0.09559	0.38235	1	4.5514e-05
aaagccg	0.29323	0.24812	0.18045	0.27820	1	4.4510e-05
aaagcct	0.20635	0.21693	0.15344	0.42328	1	6.3250e-05
aaagcga	0.43071	0.19101	0.16479	0.21348	1	8.9354e-05
aaagcgc	0.36667	0.19444	0.16667	0.27222	1	6.0238e-05
aaagcgg	0.31707	0.18293	0.23171	0.26829	1	5.4884e-05
aaagcgt	0.34434	0.13208	0.21226	0.31132	1	7.0948e-05
aaagcta	0.33636	0.17273	0.19394	0.29697	1	1.1044e-04
aaagctc	0.39367	0.21267	0.14932	0.24434	1	7.3959e-05
aaagctg	0.23864	0.26894	0.17803	0.31439	1	8.8350e-05
aaagctt	0.24256	0.22654	0.15103	0.37986	1	1.4625e-04
aaaggaa	0.50690	0.12426	0.21795	0.15089	1	3.3934e-04
aaaggac	0.44961	0.15891	0.14729	0.24419	1	8.6342e-05
aaaggag	0.42703	0.19730	0.20541	0.17027	1	1.2382e-04
aaaggat	0.38781	0.19668	0.16343	0.25208	1	1.2081e-04
aaaggca	0.42781	0.12567	0.18449	0.26203	1	1.2516e-04
aaaggcc	0.34078	0.21788	0.16201	0.27933	1	5.9904e-05
aaaggcg	0.31818	0.19545	0.20000	0.28636	1	7.3625e-05
aaaggct	0.37455	0.15273	0.18182	0.29091	1	9.2031e-05
aaaggga	0.50781	0.12305	0.16992	0.19922	1	1.7134e-04
aaagggc	0.37546	0.22305	0.11152	0.28996	1	9.0023e-05
aaagggg	0.39056	0.25322	0.16738	0.18884	1	7.7975e-05
aaagggt	0.27129	0.20189	0.17981	0.34700	1	1.0609e-04
aaaggta	0.38903	0.13965	0.17955	0.29177	1	1.3420e-04
aaaggtc	0.39062	0.27604	0.11979	0.21354	1	6.4254e-05
aaaggtg	0.33569	0.21201	0.19435	0.25795	1	9.4708e-05
aaaggtt	0.27488	0.18720	0.19905	0.33886	1	1.4123e-04
aaagtaa	0.44788	0.13642	0.16345	0.25225	1	2.6003e-04
aaagtac	0.35925	0.13673	0.19035	0.31367	1	1.2483e-04
aaagtag	0.31662	0.21900	0.16359	0.30079	1	1.2684e-04
aaagtat	0.34495	0.20209	0.14286	0.31010	1	1.9209e-04
aaagtca	0.37742	0.19355	0.12903	0.30000	1	1.0374e-04
aaagtcc	0.31469	0.18881	0.18182	0.31469	1	4.7856e-05
aaagtcg	0.30405	0.27027	0.15541	0.27027	1	4.9529e-05
aaagtct	0.24242	0.19048	0.18615	0.38095	1	7.7306e-05
aaagtga	0.47843	0.13333	0.16863	0.21961	1	1.7068e-04
aaagtgc	0.36863	0.20000	0.13725	0.29412	1	8.5338e-05
aaagtgg	0.31225	0.26087	0.16996	0.25692	1	8.4669e-05
aaagtgt	0.29855	0.22609	0.15362	0.32174	1	1.1546e-04
aaagtta	0.33202	0.17878	0.17289	0.31631	1	1.7034e-04
aaagttc	0.35775	0.22535	0.13239	0.28451	1	1.1880e-04
aaagttg	0.34815	0.22716	0.18272	0.24198	1	1.3554e-04
aaagttt	0.27107	0.22893	0.13343	0.36657	1	2.3828e-04
aaataaa	0.42850	0.14300	0.17130	0.25720	1	6.6229e-04
aaataac	0.39040	0.18720	0.14880	0.27360	1	2.0916e-04
aaataag	0.34615	0.19505	0.20330	0.25549	1	2.4363e-04
aaataat	0.45153	0.15428	0.13651	0.25767	1	4.1431e-04
aaataca	0.34813	0.20943	0.16227	0.28017	1	2.4129e-04
aaatacc	0.35061	0.19207	0.18598	0.27134	1	1.0977e-04
aaatacg	0.35179	0.21824	0.14658	0.28339	1	1.0274e-04
aaatact	0.38072	0.13399	0.16340	0.32190	1	2.0481e-04
aaataga	0.43767	0.12742	0.18975	0.24515	1	2.4162e-04
aaatagc	0.38444	0.23111	0.18444	0.20000	1	1.5060e-04
aaatagg	0.33333	0.19658	0.19943	0.27066	1	1.1747e-04
aaatagt	0.33716	0.22095	0.18364	0.25825	1	2.3326e-04
aaatata	0.30444	0.16868	0.15726	0.36962	1	4.9797e-04
aaatatc	0.38125	0.12500	0.15781	0.33594	1	2.1418e-04
aaatatg	0.31732	0.18182	0.16467	0.33619	1	1.9511e-04
aaatatt	0.29830	0.17542	0.15441	0.37187	1	4.1397e-04
aaatcaa	0.34133	0.24933	0.19600	0.21333	1	2.5099e-04
aaatcac	0.30263	0.24671	0.17763	0.27303	1	1.0174e-04
aaatcag	0.30224	0.21642	0.17164	0.30970	1	8.9688e-05
aaatcat	0.30816	0.22245	0.16531	0.30408	1	1.6398e-04
aaatcca	0.31579	0.35604	0.15170	0.17647	1	1.0809e-04
aaatccc	0.26277	0.21168	0.21168	0.31387	1	4.5848e-05
aaatccg	0.30000	0.27857	0.15000	0.27143	1	4.6852e-05
aaatcct	0.17940	0.31894	0.19601	0.30565	1	1.0073e-04
aaatcga	0.37657	0.20084	0.15900	0.26360	1	7.9983e-05
aaatcgc	0.27329	0.26087	0.22981	0.23602	1	5.3880e-05
aaatcgg	0.34641	0.21569	0.17647	0.26144	1	5.1203e-05
aaatcgt	0.28261	0.21304	0.15217	0.35217	1	7.6971e-05
aaatcta	0.30526	0.19474	0.15000	0.35000	1	1.2717e-04
aaatctc	0.34191	0.18382	0.15809	0.31618	1	9.1027e-05
aaatctg	0.29323	0.21053	0.21429	0.28195	1	8.9019e-05
aaatctt	0.20563	0.20130	0.21212	0.38095	1	1.5461e-04
aaatgaa	0.50743	0.12343	0.17143	0.19771	1	2.9283e-04
aaatgac	0.39446	0.17301	0.19723	0.23529	1	9.6716e-05
aaatgag	0.40385	0.17949	0.20513	0.21154	1	1.0441e-04
aaatgat	0.28596	0.11168	0.35364	0.24873	1	1.9778e-04
aaatgca	0.37444	0.14798	0.21749	0.26009	1	1.4926e-04
aaatgcc	0.35983	0.17992	0.15481	0.30544	1	7.9983e-05
aaatgcg	0.29187	0.20574	0.22967	0.27273	1	6.9944e-05
aaatgct	0.26821	0.18212	0.20199	0.34768	1	1.0107e-04
aaatgga	0.53415	0.12195	0.14390	0.20000	1	1.3721e-04
aaatggc	0.40083	0.19835	0.15702	0.24380	1	8.0987e-05
aaatggg	0.29442	0.18274	0.18274	0.34010	1	6.5928e-05
aaatggt	0.34510	0.14902	0.21961	0.28627	1	8.5338e-05
aaatgta	0.33333	0.20076	0.13447	0.33144	1	1.7670e-04
aaatgtc	0.37849	0.17131	0.15538	0.29482	1	8.3999e-05
aaatgtg	0.28653	0.19771	0.22063	0.29513	1	1.1680e-04
aaatgtt	0.24619	0.18301	0.22440	0.34641	1	1.5361e-04
aaattaa	0.40284	0.16594	0.16485	0.26638	1	3.0655e-04
aaattac	0.36066	0.21107	0.13320	0.29508	1	1.6331e-04
aaattag	0.26139	0.19604	0.14257	0.40000	1	1.6900e-04
aaattat	0.30794	0.17193	0.12622	0.39391	1	3.0755e-04
aaattca	0.35955	0.18620	0.17014	0.28411	1	2.0849e-04
aaattcc	0.33582	0.19776	0.17164	0.29478	1	8.9688e-05
aaattcg	0.32932	0.19277	0.18474	0.29317	1	8.3330e-05
aaattct	0.27696	0.16913	0.15222	0.40169	1	1.5829e-04
aaattga	0.48736	0.11733	0.16787	0.22744	1	1.8540e-04
aaattgc	0.32381	0.22540	0.18413	0.26667	1	1.0542e-04
aaattgg	0.32716	0.20370	0.15741	0.31173	1	1.0843e-04
aaattgt	0.31489	0.13359	0.21947	0.33206	1	1.7536e-04
aaattta	0.30645	0.17866	0.17742	0.33747	1	2.6973e-04
aaatttc	0.42924	0.16257	0.12865	0.27953	1	2.8613e-04
aaatttg	0.33503	0.20643	0.20643	0.25212	1	1.9778e-04
aaatttt	0.16160	0.24212	0.13851	0.45777	1	5.9435e-04
aacaaaa	0.41832	0.19412	0.20369	0.18387	1	4.8960e-04
aacaaac	0.50507	0.14199	0.16227	0.19067	1	1.6499e-04
aacaaag	0.34981	0.18441	0.21863	0.24715	1	1.7603e-04
aacaaat	0.43402	0.15836	0.15543	0.25220	1	2.2824e-04
aacaaca	0.51695	0.12881	0.17458	0.17966	1	1.9745e-04
aacaacc	0.36036	0.14865	0.17568	0.31532	1	7.4294e-05
aacaacg	0.32370	0.20809	0.20809	0.26012	1	5.7896e-05
aacaact	0.28933	0.15730	0.19944	0.35393	1	1.1914e-04
aacaaga	0.50796	0.12102	0.20223	0.16879	1	2.1017e-04
aacaagc	0.42606	0.14437	0.21479	0.21479	1	9.5043e-05
aacaagg	0.34641	0.20261	0.18301	0.26797	1	1.0241e-04
aacaagt	0.36137	0.14019	0.21184	0.28660	1	1.0743e-04
aacaata	0.36062	0.17478	0.22124	0.24336	1	3.0253e-04
aacaatc	0.41368	0.15309	0.13355	0.29967	1	1.0274e-04
aacaatg	0.36412	0.15040	0.30871	0.17678	1	1.2684e-04
aacaatt	0.36756	0.16369	0.19940	0.26935	1	2.2489e-04
aacacaa	0.33690	0.21658	0.19519	0.25134	1	1.2516e-04
aacacac	0.33333	0.17188	0.29167	0.20312	1	6.4254e-05
aacacag	0.28037	0.22897	0.21028	0.28037	1	7.1617e-05
aacacat	0.42857	0.16327	0.10787	0.30029	1	1.1479e-04
aacacca	0.39234	0.24402	0.15311	0.21053	1	6.9944e-05
aacaccc	0.38182	0.10000	0.20000	0.31818	1	3.6812e-05
aacaccg	0.19318	0.22159	0.10227	0.48295	1	5.8900e-05
aacacct	0.23973	0.15068	0.21918	0.39041	1	4.8860e-05
aacacga	0.44366	0.15493	0.14085	0.26056	1	4.7521e-05
aacacgc	0.24211	0.21053	0.18947	0.35789	1	3.1793e-05
aacacgg	0.34921	0.22222	0.19048	0.23810	1	2.1083e-05
aacacgt	0.36567	0.16418	0.08955	0.38060	1	4.4844e-05
aacacta	0.34177	0.20253	0.16456	0.29114	1	7.9314e-05
aacactc	0.39516	0.16935	0.08065	0.35484	1	4.1498e-05
aacactg	0.28485	0.23030	0.15152	0.33333	1	5.5219e-05
aacactt	0.16975	0.25617	0.17593	0.39815	1	1.0843e-04
aacagaa	0.37376	0.17694	0.21471	0.23459	1	1.6833e-04
aacagac	0.44379	0.21893	0.15385	0.18343	1	5.6557e-05
aacagag	0.38839	0.14286	0.21429	0.25446	1	7.4963e-05
aacagat	0.34982	0.17314	0.17314	0.30389	1	9.4708e-05
aacagca	0.42378	0.16463	0.20732	0.20427	1	1.0977e-04
aacagcc	0.40157	0.11811	0.21260	0.26772	1	4.2502e-05
aacagcg	0.31288	0.23926	0.19632	0.25153	1	5.4549e-05
aacagct	0.27273	0.22010	0.19617	0.31100	1	6.9944e-05
aacagga	0.50885	0.15044	0.15044	0.19027	1	7.5633e-05
aacaggc	0.38806	0.16418	0.17164	0.27612	1	4.4844e-05
aacaggg	0.33600	0.19200	0.20000	0.27200	1	4.1832e-05
aacaggt	0.38608	0.12025	0.22785	0.26582	1	5.2876e-05
aacagta	0.32071	0.19444	0.17424	0.31061	1	1.3252e-04
aacagtc	0.40984	0.08743	0.14208	0.36066	1	6.1242e-05
aacagtg	0.32524	0.16505	0.25243	0.25728	1	6.8940e-05
aacagtt	0.24595	0.16828	0.19417	0.39159	1	1.0341e-04
aacataa	0.38131	0.17944	0.18318	0.25607	1	1.7904e-04
aacatac	0.36393	0.17705	0.14098	0.31803	1	1.0207e-04
aacatag	0.37143	0.22041	0.12653	0.28163	1	8.1991e-05
aacatat	0.57164	0.12066	0.11011	0.19759	1	2.2188e-04
aacatca	0.42216	0.15269	0.15569	0.26946	1	1.1178e-04
aacatcc	0.31333	0.13333	0.29333	0.26000	1	5.0199e-05
aacatcg	0.39437	0.26056	0.12676	0.21831	1	4.7521e-05
aacatct	0.23488	0.19929	0.18505	0.38078	1	9.4039e-05
aacatga	0.44649	0.11808	0.16605	0.26937	1	9.0692e-05
aacatgc	0.40152	0.17424	0.18182	0.24242	1	4.4175e-05
aacatgg	0.31579	0.23684	0.10526	0.34211	1	3.8151e-05
aacatgt	0.29680	0.12329	0.16438	0.41553	1	7.3290e-05
aacatta	0.32845	0.19874	0.12134	0.35146	1	1.5997e-04
aacattc	0.33462	0.26923	0.08846	0.30769	1	8.7011e-05
aacattg	0.30996	0.19188	0.17712	0.32103	1	9.0692e-05
aacattt	0.25599	0.18048	0.15470	0.40884	1	1.8172e-04
aaccaaa	0.40773	0.15451	0.19957	0.23820	1	1.5595e-04
aaccaac	0.31818	0.24242	0.16162	0.27778	1	6.6262e-05
aaccaag	0.37931	0.21552	0.18534	0.21983	1	7.7641e-05
aaccaat	0.34800	0.17600	0.15600	0.32000	1	8.3665e-05
aaccaca	0.38172	0.19355	0.17204	0.25269	1	6.2246e-05
aaccacc	0.38053	0.15044	0.14159	0.32743	1	3.7816e-05
aaccacg	0.34343	0.18182	0.14141	0.33333	1	3.3131e-05
aaccact	0.30189	0.16981	0.14465	0.38365	1	5.3211e-05
aaccaga	0.44516	0.12258	0.14839	0.28387	1	5.1872e-05
aaccagc	0.40310	0.18605	0.19380	0.21705	1	4.3171e-05
aaccagg	0.32292	0.17708	0.20833	0.29167	1	3.2127e-05
aaccagt	0.33784	0.15541	0.13514	0.37162	1	4.9529e-05
aaccata	0.30496	0.20213	0.17730	0.31560	1	9.4374e-05
aaccatc	0.39080	0.12644	0.18391	0.29885	1	5.8231e-05
aaccatg	0.30973	0.20354	0.13274	0.35398	1	3.7816e-05
aaccatt	0.25532	0.18085	0.20922	0.35461	1	9.4374e-05
aacccaa	0.40659	0.21429	0.19231	0.18681	1	6.0908e-05
aacccac	0.42391	0.17391	0.17391	0.22826	1	3.0789e-05
aacccag	0.44578	0.13253	0.13253	0.28916	1	2.7777e-05
aacccat	0.33835	0.21805	0.17293	0.27068	1	4.4510e-05
aacccca	0.31579	0.23158	0.15789	0.29474	1	3.1793e-05
aaccccc	0.30189	0.26415	0.13208	0.30189	1	1.7737e-05
aaccccg	0.40964	0.22892	0.14458	0.21687	1	2.7777e-05
aacccct	0.14000	0.28000	0.11000	0.47000	1	3.3466e-05
aacccga	0.42424	0.19697	0.18182	0.19697	1	2.2087e-05
aacccgc	0.30645	0.32258	0.11290	0.25806	1	2.0749e-05
aacccgg	0.37705	0.34426	0.09836	0.18033	1	2.0414e-05
aacccgt	0.33333	0.23188	0.14493	0.28986	1	2.3091e-05
aacccta	0.33113	0.19868	0.15894	0.31126	1	5.0533e-05
aaccctc	0.27907	0.24419	0.12791	0.34884	1	2.8781e-05
aaccctg	0.41463	0.17073	0.13415	0.28049	1	2.7442e-05
aaccctt	0.21101	0.18349	0.10550	0.50000	1	7.2955e-05
aaccgaa	0.37162	0.18919	0.26351	0.17568	1	4.9529e-05
aaccgac	0.35593	0.10169	0.25424	0.28814	1	1.9745e-05
aaccgag	0.40541	0.27027	0.20270	0.12162	1	2.4765e-05
aaccgat	0.29412	0.17647	0.17647	0.35294	1	3.4135e-05
aaccgca	0.36885	0.19672	0.16393	0.27049	1	4.0828e-05
aaccgcc	0.34940	0.19277	0.27711	0.18072	1	2.7777e-05
aaccgcg	0.15686	0.27451	0.25490	0.31373	1	1.7068e-05
aaccgct	0.32743	0.25664	0.18584	0.23009	1	3.7816e-05
aaccgga	0.46154	0.16484	0.16484	0.20879	1	3.0454e-05
aaccggc	0.32000	0.16000	0.10000	0.42000	1	1.6733e-05
aaccggg	0.13333	0.26667	0.15000	0.45000	1	2.0079e-05
aaccggt	0.29545	0.15909	0.34091	0.20455	1	1.4725e-05
aaccgta	0.33600	0.17600	0.23200	0.25600	1	4.1832e-05
aaccgtc	0.29870	0.20779	0.20779	0.28571	1	2.5769e-05
aaccgtg	0.34667	0.20000	0.25333	0.20000	1	2.5099e-05
aaccgtt	0.24862	0.20442	0.18785	0.35912	1	6.0573e-05
aacctaa	0.36073	0.18721	0.13699	0.31507	1	7.3290e-05
aacctac	0.38281	0.19531	0.10938	0.31250	1	4.2836e-05
aacctag	0.26042	0.23958	0.16667	0.33333	1	3.2127e-05
aacctat	0.36571	0.13143	0.13714	0.36571	1	5.8565e-05
aacctca	0.35632	0.14368	0.18966	0.31034	1	5.8231e-05
aacctcc	0.39604	0.15842	0.12871	0.31683	1	3.3800e-05
aacctcg	0.37500	0.10227	0.22727	0.29545	1	2.9450e-05
aacctct	0.24157	0.23596	0.16854	0.35393	1	5.9569e-05
aacctga	0.45312	0.14062	0.14062	0.26562	1	4.2836e-05
aacctgc	0.38776	0.22449	0.12245	0.26531	1	3.2796e-05
aacctgg	0.34615	0.21795	0.17949	0.25641	1	2.6103e-05
aacctgt	0.31447	0.23270	0.15723	0.29560	1	5.3211e-05
aacctta	0.28509	0.16228	0.13596	0.41667	1	7.6302e-05
aaccttc	0.33854	0.20312	0.10417	0.35417	1	6.4254e-05
aaccttg	0.27869	0.16393	0.21311	0.34426	1	6.1242e-05
aaccttt	0.23592	0.20375	0.15013	0.41019	1	1.2483e-04
aacgaaa	0.47348	0.16503	0.17682	0.18468	1	1.7034e-04
aacgaac	0.50222	0.10222	0.17333	0.22222	1	7.5298e-05
aacgaag	0.40969	0.16740	0.20264	0.22026	1	7.5967e-05
aacgaat	0.35686	0.16078	0.20000	0.28235	1	8.5338e-05
aacgaca	0.40094	0.14151	0.22170	0.23585	1	7.0948e-05
aacgacc	0.37805	0.15854	0.13415	0.32927	1	2.7442e-05
aacgacg	0.17021	0.27660	0.24468	0.30851	1	3.1458e-05
aacgact	0.29310	0.16379	0.20690	0.33621	1	3.8820e-05
aacgaga	0.48404	0.13830	0.20745	0.17021	1	6.2916e-05
aacgagc	0.36893	0.22330	0.13592	0.27184	1	3.4470e-05
aacgagg	0.33600	0.19200	0.20800	0.26400	1	4.1832e-05
aacgagt	0.31579	0.17544	0.22807	0.28070	1	3.8151e-05
aacgata	0.38077	0.15000	0.15769	0.31154	1	8.7011e-05
aacgatc	0.28947	0.07895	0.21053	0.42105	1	3.8151e-05
aacgatg	0.47305	0.16168	0.16766	0.19760	1	5.5888e-05
aacgatt	0.25604	0.17874	0.19324	0.37198	1	6.9274e-05
aacgcaa	0.28916	0.09639	0.42771	0.18675	1	1.1111e-04
aacgcac	0.37500	0.19167	0.18333	0.25000	1	4.0159e-05
aacgcag	0.28704	0.23148	0.15741	0.32407	1	3.6143e-05
aacgcat	0.31928	0.15663	0.14458	0.37952	1	5.5553e-05
aacgcca	0.48529	0.15441	0.14706	0.21324	1	4.5514e-05
aacgccc	0.45283	0.16981	0.09434	0.28302	1	1.7737e-05
aacgccg	0.30137	0.17808	0.17808	0.34247	1	2.4430e-05
aacgcct	0.25000	0.21875	0.13542	0.39583	1	3.2127e-05
aacgcga	0.50806	0.17742	0.09677	0.21774	1	4.1498e-05
aacgcgc	0.31915	0.14894	0.29787	0.23404	1	3.1458e-05
aacgcgg	0.16129	0.32258	0.22581	0.29032	1	2.0749e-05
aacgcgt	0.25000	0.22857	0.15000	0.37143	1	4.6852e-05
aacgcta	0.31034	0.17931	0.12414	0.38621	1	4.8525e-05
aacgctc	0.28947	0.36842	0.10526	0.23684	1	2.5434e-05
aacgctg	0.21782	0.38614	0.09901	0.29703	1	3.3800e-05
aacgctt	0.23602	0.19876	0.14286	0.42236	1	5.3880e-05
aacggaa	0.39117	0.06309	0.16404	0.38170	1	1.0609e-04
aacggac	0.31507	0.28767	0.12329	0.27397	1	2.4430e-05
aacggag	0.47561	0.14634	0.21951	0.15854	1	2.7442e-05
aacggat	0.37069	0.13793	0.18966	0.30172	1	3.8820e-05
aacggca	0.38961	0.16883	0.18831	0.25325	1	5.1537e-05
aacggcc	0.28571	0.26786	0.23214	0.21429	1	1.8741e-05
aacggcg	0.28205	0.26923	0.19231	0.25641	1	2.6103e-05
aacggct	0.26606	0.16514	0.17431	0.39450	1	3.6478e-05
aacggga	0.51111	0.13333	0.14444	0.21111	1	3.0119e-05
aacgggc	0.26667	0.21333	0.20000	0.32000	1	2.5099e-05
aacgggg	0.53226	0.20968	0.11290	0.14516	1	2.0749e-05
aacgggt	0.43902	0.12195	0.21951	0.21951	1	2.7442e-05
aacggta	0.38235	0.15294	0.18235	0.28235	1	5.6892e-05
aacggtc	0.22973	0.14865	0.21622	0.40541	1	2.4765e-05
aacggtg	0.38596	0.19298	0.17544	0.24561	1	3.8151e-05
aacggtt	0.25444	0.18343	0.18935	0.37278	1	5.6557e-05
aacgtaa	0.45357	0.16786	0.14643	0.23214	1	9.3704e-05
aacgtac	0.33077	0.14615	0.23077	0.29231	1	4.3506e-05
aacgtag	0.39259	0.13333	0.22963	0.24444	1	4.5179e-05
aacgtat	0.43359	0.14453	0.16797	0.25391	1	8.5672e-05
aacgtca	0.36810	0.23926	0.12270	0.26994	1	5.4549e-05
aacgtcc	0.16667	0.22222	0.22222	0.38889	1	1.8072e-05
aacgtcg	0.28788	0.27273	0.12121	0.31818	1	2.2087e-05
aacgtct	0.21705	0.17054	0.17054	0.44186	1	4.3171e-05
aacgtga	0.38017	0.14050	0.13223	0.34711	1	4.0494e-05
aacgtgc	0.46237	0.10753	0.20430	0.22581	1	3.1123e-05
aacgtgg	0.27358	0.19811	0.24528	0.28302	1	3.5474e-05
aacgtgt	0.28440	0.11927	0.22936	0.36697	1	3.6478e-05
aacgtta	0.35965	0.19298	0.15351	0.29386	1	7.6302e-05
aacgttc	0.38554	0.20482	0.07229	0.33735	1	5.5553e-05
aacgttg	0.36090	0.18045	0.22556	0.23308	1	4.4510e-05
aacgttt	0.26027	0.20890	0.19863	0.33219	1	9.7720e-05
aactaaa	0.44326	0.17553	0.15248	0.22872	1	1.8875e-04
aactaac	0.33755	0.18987	0.13502	0.33755	1	7.9314e-05
aactaag	0.39914	0.22747	0.12876	0.24464	1	7.7975e-05
aactaat	0.46004	0.11879	0.12095	0.30022	1	1.5495e-04
aactaca	0.34824	0.11502	0.24601	0.29073	1	1.0475e-04
aactacc	0.31250	0.18229	0.25000	0.25521	1	6.4254e-05
aactacg	0.31452	0.16935	0.19355	0.32258	1	4.1498e-05
aactact	0.30435	0.13406	0.23188	0.32971	1	9.2366e-05
aactaga	0.40000	0.14091	0.22273	0.23636	1	7.3625e-05
aactagc	0.41549	0.19718	0.16901	0.21831	1	4.7521e-05
aactagg	0.33607	0.13934	0.23770	0.28689	1	4.0828e-05
aactagt	0.47387	0.13589	0.17073	0.21951	1	9.6047e-05
aactata	0.32199	0.16492	0.14398	0.36911	1	1.2784e-04
aactatc	0.47368	0.12865	0.18129	0.21637	1	1.1445e-04
aactatg	0.30114	0.17614	0.19886	0.32386	1	5.8900e-05
aactatt	0.29873	0.17797	0.16314	0.36017	1	1.5796e-04
aactcaa	0.39384	0.13014	0.21918	0.25685	1	9.7720e-05
aactcac	0.36719	0.24219	0.13281	0.25781	1	4.2836e-05
aactcag	0.35593	0.22881	0.15254	0.26271	1	3.9490e-05
aactcat	0.28205	0.24359	0.14957	0.32479	1	7.8310e-05
aactcca	0.30201	0.29530	0.17450	0.22819	1	4.9864e-05
aactccc	0.32895	0.22368	0.14474	0.30263	1	2.5434e-05
aactccg	0.33333	0.21930	0.14035	0.30702	1	3.8151e-05
aactcct	0.24031	0.17054	0.20155	0.38760	1	4.3171e-05
aactcga	0.35294	0.12745	0.20588	0.31373	1	3.4135e-05
aactcgc	0.26582	0.16456	0.25316	0.31646	1	2.6438e-05
aactcgg	0.29167	0.27083	0.16667	0.27083	1	1.6064e-05
aactcgt	0.23301	0.14563	0.16505	0.45631	1	3.4470e-05
aactcta	0.33168	0.18317	0.17822	0.30693	1	6.7601e-05
aactctc	0.24818	0.26277	0.20438	0.28467	1	4.5848e-05
aactctg	0.23967	0.25620	0.19008	0.31405	1	4.0494e-05
aactctt	0.14420	0.23824	0.18809	0.42947	1	1.0676e-04
aactgaa	0.47315	0.12532	0.14322	0.25831	1	1.3085e-04
aactgac	0.36154	0.14615	0.21538	0.27692	1	4.3506e-05
aactgag	0.35000	0.22500	0.18333	0.24167	1	4.0159e-05
aactgat	0.25118	0.19431	0.18009	0.37441	1	7.0613e-05
aactgca	0.37652	0.15385	0.19838	0.27126	1	8.2661e-05
aactgcc	0.36842	0.16541	0.15789	0.30827	1	4.4510e-05
aactgcg	0.39623	0.21698	0.19811	0.18868	1	3.5474e-05
aactgct	0.27619	0.17619	0.19524	0.35238	1	7.0278e-05
aactgga	0.40860	0.20430	0.19355	0.19355	1	6.2246e-05
aactggc	0.25472	0.20755	0.20755	0.33019	1	3.5474e-05
aactggg	0.24138	0.26437	0.19540	0.29885	1	2.9115e-05
aactggt	0.26144	0.13725	0.19608	0.40523	1	5.1203e-05
aactgta	0.33564	0.18685	0.16955	0.30796	1	9.6716e-05
aactgtc	0.43662	0.11268	0.11268	0.33803	1	4.7521e-05
aactgtg	0.29444	0.20000	0.24444	0.26111	1	6.0238e-05
aactgtt	0.22830	0.18006	0.21865	0.37299	1	1.0408e-04
aacttaa	0.41878	0.16751	0.14975	0.26396	1	1.3186e-04
aacttac	0.35683	0.13656	0.14097	0.36564	1	7.5967e-05
aacttag	0.31288	0.23313	0.15951	0.29448	1	5.4549e-05
aacttat	0.27635	0.14245	0.21937	0.36182	1	1.1747e-04
aacttca	0.45481	0.13703	0.16618	0.24198	1	1.1479e-04
aacttcc	0.30000	0.23810	0.12381	0.33810	1	7.0278e-05
aacttcg	0.42683	0.14634	0.20122	0.22561	1	5.4884e-05
aacttct	0.45402	0.17241	0.11111	0.26245	1	1.7469e-04
aacttga	0.43648	0.17264	0.12378	0.26710	1	1.0274e-04
aacttgc	0.33505	0.20619	0.20103	0.25773	1	6.4924e-05
aacttgg	0.28387	0.22581	0.12903	0.36129	1	5.1872e-05
aacttgt	0.29796	0.12653	0.17959	0.39592	1	8.1991e-05
aacttta	0.31234	0.20151	0.13602	0.35013	1	1.3286e-04
aactttc	0.28099	0.22865	0.11295	0.37741	1	1.2148e-04
aactttg	0.33893	0.23826	0.13423	0.28859	1	9.9728e-05
aactttt	0.20504	0.21649	0.15693	0.42153	1	2.9216e-04
aagaaaa	0.48124	0.12650	0.21779	0.17447	1	8.6509e-04
aagaaac	0.37575	0.14820	0.20210	0.27395	1	2.2355e-04
aagaaag	0.41847	0.17976	0.20727	0.19450	1	3.4068e-04
aagaaat	0.36782	0.15465	0.21526	0.26228	1	3.2027e-04
aagaaca	0.45317	0.12085	0.18882	0.23716	1	2.2154e-04
aagaacc	0.41379	0.22414	0.15948	0.20259	1	7.7641e-05
aagaacg	0.32308	0.21923	0.24231	0.21538	1	8.7011e-05
aagaact	0.28866	0.19330	0.17268	0.34536	1	1.2985e-04
aagaaga	0.47765	0.10471	0.20941	0.20824	1	2.8446e-04
aagaagc	0.39503	0.19890	0.18508	0.22099	1	1.2115e-04
aagaagg	0.37352	0.19149	0.21277	0.22222	1	1.4156e-04
aagaagt	0.33401	0.11741	0.23077	0.31781	1	1.6532e-04
aagaata	0.39176	0.15059	0.18588	0.27176	1	2.8446e-04
aagaatc	0.32046	0.22780	0.16988	0.28185	1	8.6676e-05
aagaatg	0.36012	0.23810	0.16071	0.24107	1	1.1245e-04
aagaatt	0.25581	0.15921	0.21825	0.36673	1	1.8707e-04
aagacaa	0.39351	0.17647	0.22312	0.20690	1	1.6499e-04
aagacac	0.32386	0.21023	0.11364	0.35227	1	5.8900e-05
aagacag	0.34404	0.22477	0.15138	0.27982	1	7.2955e-05
aagacat	0.29749	0.20072	0.17563	0.32616	1	9.3370e-05
aagacca	0.32402	0.23464	0.17877	0.26257	1	5.9904e-05
aagaccc	0.26316	0.17895	0.11579	0.44211	1	3.1793e-05
aagaccg	0.45588	0.07353	0.11765	0.35294	1	2.2757e-05
aagacct	0.31126	0.22517	0.17219	0.29139	1	5.0533e-05
aagacga	0.41294	0.15920	0.18905	0.23881	1	6.7266e-05
aagacgc	0.33884	0.16529	0.20661	0.28926	1	4.0494e-05
aagacgg	0.45690	0.16379	0.13793	0.24138	1	3.8820e-05
aagacgt	0.33566	0.12587	0.19580	0.34266	1	4.7856e-05
aagacta	0.35065	0.22944	0.16017	0.25974	1	7.7306e-05
aagactc	0.29508	0.26230	0.14754	0.29508	1	4.0828e-05
aagactg	0.21795	0.23077	0.16026	0.39103	1	5.2207e-05
aagactt	0.23832	0.20093	0.16355	0.39720	1	7.1617e-05
aagagaa	0.43009	0.15758	0.21919	0.19313	1	2.8245e-04
aagagac	0.35238	0.16190	0.18095	0.30476	1	7.0278e-05
aagagag	0.48031	0.15223	0.18373	0.18373	1	1.2750e-04
aagagat	0.37330	0.15531	0.25068	0.22071	1	1.2282e-04
aagagca	0.39791	0.14921	0.23822	0.21466	1	1.2784e-04
aagagcc	0.33577	0.21168	0.20438	0.24818	1	4.5848e-05
aagagcg	0.34356	0.22699	0.17178	0.25767	1	5.4549e-05
aagagct	0.27126	0.20243	0.19028	0.33603	1	8.2661e-05
aagagga	0.50265	0.11640	0.18519	0.19577	1	1.2650e-04
aagaggc	0.40107	0.18182	0.16578	0.25134	1	6.2581e-05
aagaggg	0.39011	0.18681	0.15934	0.26374	1	6.0908e-05
aagaggt	0.32636	0.16736	0.20502	0.30126	1	7.9983e-05
aagagta	0.39276	0.16156	0.20056	0.24513	1	1.2014e-04
aagagtc	0.46386	0.12048	0.13253	0.28313	1	5.5553e-05
aagagtg	0.40654	0.17757	0.19159	0.22430	1	7.1617e-05
aagagtt	0.25887	0.18440	0.16667	0.39007	1	9.4374e-05
aagataa	0.39312	0.13901	0.21076	0.25710	1	2.2389e-04
aagatac	0.34875	0.17794	0.15658	0.31673	1	9.4039e-05
aagatag	0.35943	0.19573	0.16014	0.28470	1	9.4039e-05
aagatat	0.38403	0.15399	0.13498	0.32700	1	1.7603e-04
aagatca	0.35569	0.21574	0.18076	0.24781	1	1.1479e-04
aagatcc	0.35294	0.16176	0.17647	0.30882	1	4.5514e-05
aagatcg	0.40625	0.15625	0.20312	0.23438	1	4.2836e-05
aagatct	0.25267	0.19217	0.19217	0.36299	1	9.4039e-05
aagatga	0.29039	0.28016	0.16769	0.26176	1	1.6365e-04
aagatgc	0.41667	0.20833	0.14881	0.22619	1	5.6223e-05
aagatgg	0.29444	0.24444	0.17778	0.28333	1	6.0238e-05
aagatgt	0.34389	0.19005	0.18552	0.28054	1	7.3959e-05
aagatta	0.31281	0.21675	0.13547	0.33498	1	1.3587e-04
aagattc	0.35780	0.18807	0.19266	0.26147	1	7.2955e-05
aagattg	0.37868	0.18382	0.20588	0.23162	1	9.1027e-05
aagattt	0.22453	0.23909	0.14969	0.38669	1	1.6097e-04
aagcaaa	0.41793	0.18997	0.19301	0.19909	1	2.2021e-04
aagcaac	0.37895	0.21404	0.14386	0.26316	1	9.5378e-05
aagcaag	0.38352	0.21023	0.18750	0.21875	1	1.1780e-04
aagcaat	0.36316	0.18947	0.16842	0.27895	1	1.2717e-04
aagcaca	0.29749	0.22581	0.21505	0.26165	1	9.3370e-05
aagcacc	0.28467	0.17518	0.23358	0.30657	1	4.5848e-05
aagcacg	0.34615	0.13077	0.15385	0.36923	1	4.3506e-05
aagcact	0.32558	0.17209	0.18140	0.32093	1	7.1951e-05
aagcaga	0.43494	0.14870	0.16729	0.24907	1	9.0023e-05
aagcagc	0.43284	0.18905	0.16418	0.21393	1	6.7266e-05
aagcagg	0.37714	0.21143	0.15429	0.25714	1	5.8565e-05
aagcagt	0.32328	0.14655	0.19397	0.33621	1	7.7641e-05
aagcata	0.34026	0.12987	0.16883	0.36104	1	1.2884e-04
aagcatc	0.36406	0.13825	0.22120	0.27650	1	7.2621e-05
aagcatg	0.35156	0.20312	0.13281	0.31250	1	4.2836e-05
aagcatt	0.24425	0.17529	0.17529	0.40517	1	1.1646e-04
aagccaa	0.35907	0.13514	0.27413	0.23166	1	8.6676e-05
aagccac	0.36364	0.22727	0.13636	0.27273	1	4.4175e-05
aagccag	0.42424	0.25000	0.12121	0.20455	1	4.4175e-05
aagccat	0.29412	0.20814	0.18100	0.31674	1	7.3959e-05
aagccca	0.30714	0.19286	0.20000	0.30000	1	4.6852e-05
aagcccc	0.32075	0.16981	0.13208	0.37736	1	1.7737e-05
aagcccg	0.31481	0.29630	0.20370	0.18519	1	1.8072e-05
aagccct	0.28906	0.17188	0.17188	0.36719	1	4.2836e-05
aagccga	0.36893	0.24272	0.12621	0.26214	1	3.4470e-05
aagccgc	0.35366	0.29268	0.13415	0.21951	1	2.7442e-05
aagccgg	0.30645	0.17742	0.35484	0.16129	1	2.0749e-05
aagccgt	0.20000	0.14286	0.24762	0.40952	1	3.5139e-05
aagccta	0.25203	0.30081	0.16260	0.28455	1	4.1163e-05
aagcctc	0.33103	0.16552	0.17241	0.33103	1	4.8525e-05
aagcctg	0.32584	0.22472	0.14607	0.30337	1	2.9785e-05
aagcctt	0.21963	0.21028	0.17757	0.39252	1	7.1617e-05
aagcgaa	0.47934	0.16942	0.18182	0.16942	1	8.0987e-05
aagcgac	0.30189	0.16981	0.16038	0.36792	1	3.5474e-05
aagcgag	0.41026	0.15385	0.23077	0.20513	1	3.9155e-05
aagcgat	0.35000	0.10000	0.35556	0.19444	1	6.0238e-05
aagcgca	0.33133	0.13253	0.26506	0.27108	1	5.5553e-05
aagcgcc	0.33010	0.21359	0.19417	0.26214	1	3.4470e-05
aagcgcg	0.34862	0.15596	0.29358	0.20183	1	3.6478e-05
aagcgct	0.25806	0.18548	0.22581	0.33065	1	4.1498e-05
aagcgga	0.49600	0.15200	0.15200	0.20000	1	4.1832e-05
aagcggc	0.26923	0.14423	0.21154	0.37500	1	3.4804e-05
aagcggg	0.37755	0.20408	0.12245	0.29592	1	3.2796e-05
aagcggt	0.32308	0.14615	0.26923	0.26154	1	4.3506e-05
aagcgta	0.26087	0.17391	0.24457	0.32065	1	6.1577e-05
aagcgtc	0.41892	0.20270	0.09459	0.28378	1	2.4765e-05
aagcgtg	0.33962	0.19811	0.18868	0.27358	1	3.5474e-05
aagcgtt	0.21387	0.23121	0.20809	0.34682	1	5.7896e-05
aagctaa	0.47566	0.13858	0.14232	0.24345	1	8.9354e-05
aagctac	0.35484	0.10968	0.15484	0.38065	1	5.1872e-05
aagctag	0.32414	0.23448	0.17931	0.26207	1	4.8525e-05
aagctat	0.30909	0.19273	0.11273	0.38545	1	9.2031e-05
aagctca	0.25000	0.15741	0.19907	0.39352	1	7.2286e-05
aagctcc	0.30303	0.30303	0.18182	0.21212	1	3.3131e-05
aagctcg	0.30588	0.25882	0.23529	0.20000	1	2.8446e-05
aagctct	0.20225	0.17978	0.16854	0.44944	1	5.9569e-05
aagctga	0.71903	0.06949	0.08459	0.12689	1	1.1077e-04
aagctgc	0.38462	0.25175	0.09790	0.26573	1	4.7856e-05
aagctgg	0.34167	0.26667	0.16667	0.22500	1	4.0159e-05
aagctgt	0.21176	0.34118	0.18824	0.25882	1	8.5338e-05
aagctta	0.26639	0.19672	0.15164	0.38525	1	8.1657e-05
aagcttc	0.32636	0.19247	0.15481	0.32636	1	7.9983e-05
aagcttg	0.34161	0.22981	0.18012	0.24845	1	5.3880e-05
aagcttt	0.21951	0.19734	0.16630	0.41685	1	1.5093e-04
aaggaaa	0.47412	0.12384	0.21257	0.18946	1	3.6210e-04
aaggaac	0.39721	0.14983	0.13937	0.31359	1	9.6047e-05
aaggaag	0.35659	0.16085	0.23643	0.24612	1	1.7268e-04
aaggaat	0.37666	0.15650	0.20159	0.26525	1	1.2617e-04
aaggaca	0.37600	0.22000	0.20000	0.20400	1	8.3665e-05
aaggacc	0.33962	0.23585	0.13208	0.29245	1	3.5474e-05
aaggacg	0.23301	0.24272	0.24272	0.28155	1	3.4470e-05
aaggact	0.31373	0.18301	0.26144	0.24183	1	5.1203e-05
aaggaga	0.46041	0.13196	0.21994	0.18768	1	1.1412e-04
aaggagc	0.41401	0.15287	0.21019	0.22293	1	5.2541e-05
aaggagg	0.42162	0.17838	0.17297	0.22703	1	6.1912e-05
aaggagt	0.31183	0.12903	0.23118	0.32796	1	6.2246e-05
aaggata	0.34218	0.15339	0.18879	0.31563	1	1.1345e-04
aaggatc	0.29801	0.19205	0.18543	0.32450	1	5.0533e-05
aaggatg	0.36943	0.22293	0.19108	0.21656	1	5.2541e-05
aaggatt	0.16154	0.08205	0.55385	0.20256	1	1.3052e-04
aaggcaa	0.37960	0.18414	0.21246	0.22380	1	1.1813e-04
aaggcac	0.29530	0.31544	0.15436	0.23490	1	4.9864e-05
aaggcag	0.34337	0.21687	0.16265	0.27711	1	5.5553e-05
aaggcat	0.32328	0.19828	0.15948	0.31897	1	7.7641e-05
aaggcca	0.35366	0.15854	0.15244	0.33537	1	5.4884e-05
aaggccc	0.34483	0.21839	0.18391	0.25287	1	2.9115e-05
aaggccg	0.25316	0.22785	0.25316	0.26582	1	2.6438e-05
aaggcct	0.22609	0.22609	0.23478	0.31304	1	3.8486e-05
aaggcga	0.37762	0.11189	0.19580	0.31469	1	4.7856e-05
aaggcgc	0.22222	0.24074	0.25000	0.28704	1	3.6143e-05
aaggcgg	0.29474	0.21053	0.22105	0.27368	1	3.1793e-05
aaggcgt	0.27273	0.17355	0.18182	0.37190	1	4.0494e-05
aaggcta	0.26471	0.16667	0.11275	0.45588	1	6.8270e-05
aaggctc	0.33058	0.15702	0.19835	0.31405	1	4.0494e-05
aaggctg	0.30328	0.25410	0.13115	0.31148	1	4.0828e-05
aaggctt	0.26606	0.16972	0.15596	0.40826	1	7.2955e-05
aagggaa	0.48282	0.11069	0.22901	0.17748	1	1.7536e-04
aagggac	0.40000	0.15862	0.15862	0.28276	1	4.8525e-05
aagggag	0.34831	0.20787	0.19101	0.25281	1	5.9569e-05
aagggat	0.37553	0.13924	0.19831	0.28692	1	7.9314e-05
aagggca	0.37662	0.15152	0.21645	0.25541	1	7.7306e-05
aagggcc	0.27344	0.35938	0.14844	0.21875	1	4.2836e-05
aagggcg	0.24096	0.26506	0.20482	0.28916	1	2.7777e-05
aagggct	0.23529	0.26471	0.20000	0.30000	1	5.6892e-05
aagggga	0.44196	0.17411	0.19643	0.18750	1	7.4963e-05
aaggggc	0.28481	0.27215	0.24684	0.19620	1	5.2876e-05
aaggggg	0.38889	0.23148	0.15741	0.22222	1	3.6143e-05
aaggggt	0.25210	0.15126	0.29412	0.30252	1	3.9824e-05
aagggta	0.35567	0.17010	0.19588	0.27835	1	6.4924e-05
aagggtc	0.29197	0.32847	0.08759	0.29197	1	4.5848e-05
aagggtg	0.30400	0.20000	0.16800	0.32800	1	4.1832e-05
aagggtt	0.21525	0.18386	0.14798	0.45291	1	7.4629e-05
aaggtaa	0.45376	0.15029	0.17341	0.22254	1	1.1579e-04
aaggtac	0.27673	0.24528	0.11950	0.35849	1	5.3211e-05
aaggtag	0.35152	0.15152	0.15758	0.33939	1	5.5219e-05
aaggtat	0.35036	0.18978	0.16058	0.29927	1	9.1696e-05
aaggtca	0.31217	0.15873	0.16402	0.36508	1	6.3250e-05
aaggtcc	0.29703	0.20792	0.16832	0.32673	1	3.3800e-05
aaggtcg	0.32857	0.15714	0.24286	0.27143	1	2.3426e-05
aaggtct	0.27419	0.25806	0.10484	0.36290	1	4.1498e-05
aaggtga	0.43162	0.16239	0.17949	0.22650	1	7.8310e-05
aaggtgc	0.38462	0.20280	0.14685	0.26573	1	4.7856e-05
aaggtgg	0.31655	0.28777	0.16547	0.23022	1	4.6517e-05
aaggtgt	0.30508	0.16384	0.24859	0.28249	1	5.9234e-05
aaggtta	0.30634	0.18310	0.17958	0.33099	1	9.5043e-05
aaggttc	0.41489	0.18085	0.12234	0.28191	1	6.2916e-05
aaggttg	0.31579	0.14354	0.12440	0.41627	1	6.9944e-05
aaggttt	0.23343	0.17867	0.20173	0.38617	1	1.1613e-04
aagtaaa	0.42390	0.14340	0.16981	0.26289	1	2.6605e-04
aagtaac	0.37572	0.23410	0.15607	0.23410	1	1.1579e-04
aagtaag	0.37864	0.17799	0.20065	0.24272	1	1.0341e-04
aagtaat	0.38168	0.13168	0.18511	0.30153	1	1.7536e-04
aagtaca	0.36455	0.15385	0.17057	0.31104	1	1.0006e-04
aagtacc	0.36170	0.19149	0.14894	0.29787	1	4.7187e-05
aagtacg	0.28000	0.24000	0.20000	0.28000	1	5.0199e-05
aagtact	0.28387	0.15161	0.19355	0.37097	1	1.0374e-04
aagtaga	0.45230	0.09894	0.17668	0.27208	1	9.4708e-05
aagtagc	0.39000	0.15000	0.16000	0.30000	1	6.6932e-05
aagtagg	0.33553	0.22368	0.16447	0.27632	1	5.0868e-05
aagtagt	0.38000	0.10667	0.24667	0.26667	1	1.0040e-04
aagtata	0.34231	0.16731	0.12500	0.36538	1	1.7402e-04
aagtatc	0.34191	0.20588	0.12132	0.33088	1	9.1027e-05
aagtatg	0.25909	0.22273	0.18636	0.33182	1	7.3625e-05
aagtatt	0.27984	0.16255	0.18930	0.36831	1	1.6264e-04
aagtcaa	0.37681	0.14493	0.22464	0.25362	1	9.2366e-05
aagtcac	0.31944	0.17361	0.20833	0.29861	1	4.8191e-05
aagtcag	0.36522	0.23478	0.17391	0.22609	1	3.8486e-05
aagtcat	0.25726	0.31950	0.14938	0.27386	1	8.0653e-05
aagtcca	0.38776	0.14286	0.09184	0.37755	1	3.2796e-05
aagtccc	0.17143	0.21429	0.11429	0.50000	1	2.3426e-05
aagtccg	0.34848	0.25758	0.22727	0.16667	1	2.2087e-05
aagtcct	0.25899	0.21583	0.18705	0.33813	1	4.6517e-05
aagtcga	0.37383	0.10280	0.24299	0.28037	1	3.5808e-05
aagtcgc	0.27273	0.29545	0.17045	0.26136	1	2.9450e-05
aagtcgg	0.29688	0.21875	0.21875	0.26562	1	2.1418e-05
aagtcgt	0.32353	0.18627	0.16667	0.32353	1	3.4135e-05
aagtcta	0.31944	0.20139	0.22222	0.25694	1	4.8191e-05
aagtctc	0.32353	0.17647	0.12745	0.37255	1	3.4135e-05
aagtctg	0.30097	0.24272	0.25243	0.20388	1	3.4470e-05
aagtctt	0.17890	0.21560	0.16972	0.43578	1	7.2955e-05
aagtgaa	0.53557	0.09684	0.19368	0.17391	1	1.6934e-04
aagtgac	0.42405	0.15190	0.15190	0.27215	1	5.2876e-05
aagtgag	0.38498	0.18310	0.22066	0.21127	1	7.1282e-05
aagtgat	0.31935	0.17742	0.21935	0.28387	1	1.0374e-04
aagtgca	0.45211	0.13410	0.17625	0.23755	1	8.7346e-05
aagtgcc	0.37415	0.21088	0.14966	0.26531	1	4.9195e-05
aagtgcg	0.22222	0.29293	0.21212	0.27273	1	3.3131e-05
aagtgct	0.31250	0.16346	0.14423	0.37981	1	6.9609e-05
aagtgga	0.48947	0.11579	0.17895	0.21579	1	6.3585e-05
aagtggc	0.44118	0.16176	0.14706	0.25000	1	4.5514e-05
aagtggg	0.35135	0.27928	0.18919	0.18018	1	3.7147e-05
aagtggt	0.34375	0.14583	0.25521	0.25521	1	6.4254e-05
aagtgta	0.29707	0.17155	0.18828	0.34310	1	7.9983e-05
aagtgtc	0.36757	0.15135	0.16216	0.31892	1	6.1912e-05
aagtgtg	0.32934	0.17365	0.19162	0.30539	1	5.5888e-05
aagtgtt	0.20641	0.19217	0.25623	0.34520	1	9.4039e-05
aagttaa	0.41584	0.19307	0.12871	0.26238	1	1.3520e-04
aagttac	0.31618	0.20588	0.14706	0.33088	1	9.1027e-05
aagttag	0.42745	0.16863	0.15294	0.25098	1	8.5338e-05
aagttat	0.29821	0.12108	0.27130	0.30942	1	1.4926e-04
aagttca	0.39796	0.16667	0.11905	0.31633	1	9.8389e-05
aagttcc	0.27368	0.18421	0.16842	0.37368	1	6.3585e-05
aagttcg	0.29600	0.25600	0.16800	0.28000	1	4.1832e-05
aagttct	0.17576	0.35455	0.13939	0.33030	1	1.1044e-04
aagttga	0.46563	0.11563	0.16875	0.25000	1	1.0709e-04
aagttgc	0.37799	0.18182	0.14354	0.29665	1	6.9944e-05
aagttgg	0.31928	0.24699	0.17470	0.25904	1	5.5553e-05
aagttgt	0.33462	0.16538	0.13846	0.36154	1	8.7011e-05
aagttta	0.31072	0.18162	0.11816	0.38950	1	1.5294e-04
aagtttc	0.32626	0.22016	0.15119	0.30239	1	1.2617e-04
aagtttg	0.32246	0.16667	0.16667	0.34420	1	9.2366e-05
aagtttt	0.20651	0.21358	0.18388	0.39604	1	2.3660e-04
aataaaa	0.48814	0.11804	0.16649	0.22732	1	6.4924e-04
aataaac	0.41159	0.16768	0.16768	0.25305	1	2.1954e-04
aataaag	0.36940	0.20149	0.21642	0.21269	1	2.6907e-04
aataaat	0.47591	0.14793	0.14286	0.23331	1	3.9590e-04
aataaca	0.44643	0.12798	0.19345	0.23214	1	2.2489e-04
aataacc	0.40602	0.15038	0.21429	0.22932	1	8.9019e-05
aataacg	0.33333	0.20922	0.18794	0.26950	1	9.4374e-05
aataact	0.34813	0.15187	0.16589	0.33411	1	1.4323e-04
aataaga	0.46605	0.13580	0.19599	0.20216	1	2.1686e-04
aataagc	0.41779	0.14016	0.15903	0.28302	1	1.2416e-04
aataagg	0.38482	0.16531	0.21680	0.23306	1	1.2349e-04
aataagt	0.39019	0.14486	0.21729	0.24766	1	1.4323e-04
aataata	0.41913	0.11749	0.11749	0.34590	1	6.1242e-04
aataatc	0.32039	0.13592	0.28932	0.25437	1	1.7235e-04
aataatg	0.38812	0.17624	0.16634	0.26931	1	1.6900e-04
aataatt	0.33157	0.12460	0.15945	0.38437	1	3.1692e-04
aatacaa	0.38354	0.16460	0.16304	0.28882	1	2.1552e-04
aatacac	0.43114	0.16766	0.15569	0.24551	1	1.1178e-04
aatacag	0.33882	0.21382	0.20724	0.24013	1	1.0174e-04
aatacat	0.40784	0.15098	0.11373	0.32745	1	1.7068e-04
aatacca	0.35897	0.17379	0.16524	0.30199	1	1.1747e-04
aataccc	0.30000	0.20714	0.22857	0.26429	1	4.6852e-05
aataccg	0.29944	0.22034	0.24859	0.23164	1	5.9234e-05
aatacct	0.20870	0.16087	0.21739	0.41304	1	7.6971e-05
aatacga	0.39689	0.16732	0.17121	0.26459	1	8.6007e-05
aatacgc	0.35119	0.17262	0.20238	0.27381	1	5.6223e-05
aatacgg	0.36508	0.19841	0.16667	0.26984	1	4.2167e-05
aatacgt	0.40000	0.19592	0.14286	0.26122	1	8.1991e-05
aatacta	0.27866	0.21869	0.20811	0.29453	1	1.8975e-04
aatactc	0.33641	0.22581	0.16129	0.27650	1	7.2621e-05
aatactg	0.33213	0.25271	0.12635	0.28881	1	9.2700e-05
aatactt	0.21756	0.23154	0.18563	0.36527	1	1.6766e-04
aatagaa	0.44301	0.12694	0.22021	0.20984	1	2.5836e-04
aatagac	0.42105	0.14912	0.19737	0.23246	1	7.6302e-05
aatagag	0.37609	0.18950	0.19242	0.24198	1	1.1479e-04
aatagat	0.36066	0.14520	0.19438	0.29977	1	1.4290e-04
aatagca	0.33981	0.17476	0.24757	0.23786	1	1.3788e-04
aatagcc	0.26761	0.17840	0.29108	0.26291	1	7.1282e-05
aatagcg	0.31553	0.20874	0.20874	0.26699	1	6.8940e-05
aatagct	0.24286	0.17143	0.21071	0.37500	1	9.3704e-05
aatagga	0.31250	0.08482	0.13616	0.46652	1	1.4993e-04
aataggc	0.44048	0.19048	0.16667	0.20238	1	5.6223e-05
aataggg	0.34463	0.22034	0.14689	0.28814	1	5.9234e-05
aataggt	0.39759	0.12450	0.20884	0.26908	1	8.3330e-05
aatagta	0.32633	0.19063	0.19709	0.28595	1	2.0715e-04
aatagtc	0.52174	0.12681	0.12319	0.22826	1	9.2366e-05
aatagtg	0.35866	0.18237	0.18237	0.27660	1	1.1010e-04
aatagtt	0.29314	0.16327	0.17811	0.36549	1	1.8038e-04
aatataa	0.41103	0.13908	0.11111	0.33877	1	4.3071e-04
aatatac	0.31406	0.13929	0.15769	0.38896	1	2.5467e-04
aatatag	0.44341	0.14657	0.14842	0.26160	1	1.8038e-04
aatatat	0.48021	0.10642	0.10448	0.30889	1	5.1571e-04
aatatca	0.37043	0.16375	0.15103	0.31479	1	2.1050e-04
aatatcc	0.33452	0.19217	0.15658	0.31673	1	9.4039e-05
aatatcg	0.33463	0.20233	0.14397	0.31907	1	8.6007e-05
aatatct	0.26705	0.21591	0.16856	0.34848	1	1.7670e-04
aatatga	0.42585	0.16102	0.15254	0.26059	1	1.5796e-04
aatatgc	0.34965	0.16434	0.15385	0.33217	1	9.5712e-05
aatatgg	0.40152	0.21591	0.14394	0.23864	1	8.8350e-05
aatatgt	0.41116	0.15289	0.21281	0.22314	1	1.6197e-04
aatatta	0.25652	0.14266	0.17558	0.42524	1	4.8793e-04
aatattc	0.38149	0.18506	0.14935	0.28409	1	2.0615e-04
aatattg	0.33034	0.23519	0.15619	0.27828	1	1.8640e-04
aatattt	0.30314	0.20526	0.15997	0.33163	1	4.5815e-04
aatcaaa	0.41186	0.14003	0.19769	0.25041	1	2.0314e-04
aatcaac	0.34332	0.10082	0.11444	0.44142	1	1.2282e-04
aatcaag	0.38507	0.21493	0.17910	0.22090	1	1.1211e-04
aatcaat	0.34461	0.21987	0.15645	0.27907	1	1.5829e-04
aatcaca	0.28070	0.23509	0.17895	0.30526	1	9.5378e-05
aatcacc	0.37143	0.16000	0.14286	0.32571	1	5.8565e-05
aatcacg	0.29577	0.17606	0.16901	0.35915	1	4.7521e-05
aatcact	0.29588	0.15356	0.20599	0.34457	1	8.9354e-05
aatcaga	0.42381	0.14762	0.16667	0.26190	1	7.0278e-05
aatcagc	0.38889	0.13889	0.18333	0.28889	1	6.0238e-05
aatcagg	0.32031	0.20312	0.21094	0.26562	1	4.2836e-05
aatcagt	0.32692	0.15385	0.21154	0.30769	1	6.9609e-05
aatcata	0.29455	0.20545	0.14604	0.35396	1	1.3520e-04
aatcatc	0.39597	0.15772	0.20470	0.24161	1	9.9728e-05
aatcatg	0.35407	0.20096	0.10526	0.33971	1	6.9944e-05
aatcatt	0.24726	0.19256	0.22319	0.33698	1	1.5294e-04
aatccaa	0.33617	0.20000	0.20426	0.25957	1	7.8645e-05
aatccac	0.27225	0.15707	0.12565	0.44503	1	6.3920e-05
aatccag	0.29825	0.17544	0.22807	0.29825	1	3.8151e-05
aatccat	0.40415	0.19689	0.11399	0.28497	1	6.4589e-05
aatccca	0.60870	0.12500	0.13043	0.13587	1	6.1577e-05
aatcccc	0.45122	0.10976	0.09756	0.34146	1	2.7442e-05
aatcccg	0.30882	0.20588	0.19118	0.29412	1	2.2757e-05
aatccct	0.10569	0.19512	0.14634	0.55285	1	4.1163e-05
aatccga	0.43158	0.10526	0.24211	0.22105	1	3.1793e-05
aatccgc	0.41892	0.18919	0.18919	0.20270	1	2.4765e-05
aatccgg	0.24324	0.13514	0.36486	0.25676	1	2.4765e-05
aatccgt	0.41441	0.19820	0.11712	0.27027	1	3.7147e-05
aatccta	0.38043	0.21739	0.17935	0.22283	1	6.1577e-05
aatcctc	0.32877	0.10502	0.40183	0.16438	1	7.3290e-05
aatcctg	0.28477	0.25828	0.25828	0.19868	1	5.0533e-05
aatcctt	0.17486	0.17213	0.34426	0.30874	1	1.2248e-04
aatcgaa	0.40175	0.10480	0.23144	0.26201	1	7.6637e-05
aatcgac	0.40385	0.19231	0.13462	0.26923	1	3.4804e-05
aatcgag	0.32759	0.19828	0.20690	0.26724	1	3.8820e-05
aatcgat	0.27011	0.15517	0.29310	0.28161	1	5.8231e-05
aatcgca	0.35374	0.18367	0.16327	0.29932	1	4.9195e-05
aatcgcc	0.32584	0.16854	0.25843	0.24719	1	2.9785e-05
aatcgcg	0.26582	0.26582	0.11392	0.35443	1	2.6438e-05
aatcgct	0.30833	0.23333	0.20000	0.25833	1	4.0159e-05
aatcgga	0.41593	0.16814	0.20354	0.21239	1	3.7816e-05
aatcggc	0.39806	0.11650	0.25243	0.23301	1	3.4470e-05
aatcggg	0.34921	0.12698	0.19048	0.33333	1	2.1083e-05
aatcggt	0.40566	0.09434	0.16981	0.33019	1	3.5474e-05
aatcgta	0.50000	0.16116	0.07851	0.26033	1	8.0987e-05
aatcgtc	0.39683	0.24603	0.15079	0.20635	1	4.2167e-05
aatcgtg	0.30081	0.20325	0.17073	0.32520	1	4.1163e-05
aatcgtt	0.30802	0.15190	0.18143	0.35865	1	7.9314e-05
aatctaa	0.38487	0.15789	0.14145	0.31579	1	1.0174e-04
aatctac	0.37500	0.19792	0.17188	0.25521	1	6.4254e-05
aatctag	0.32836	0.24627	0.12687	0.29851	1	4.4844e-05
aatctat	0.39828	0.17765	0.13181	0.29226	1	1.1680e-04
aatctca	0.39852	0.18081	0.12177	0.29889	1	9.0692e-05
aatctcc	0.37984	0.15504	0.18605	0.27907	1	4.3171e-05
aatctcg	0.37302	0.11905	0.34127	0.16667	1	4.2167e-05
aatctct	0.28295	0.22868	0.14341	0.34496	1	8.6342e-05
aatctga	0.38636	0.14091	0.19091	0.28182	1	7.3625e-05
aatctgc	0.43750	0.09091	0.23295	0.23864	1	5.8900e-05
aatctgg	0.34884	0.18605	0.13953	0.32558	1	4.3171e-05
aatctgt	0.34764	0.15021	0.18026	0.32189	1	7.7975e-05
aatctta	0.33793	0.17586	0.14828	0.33793	1	9.7051e-05
aatcttc	0.35811	0.19257	0.15878	0.29054	1	9.9059e-05
aatcttg	0.29693	0.22184	0.18430	0.29693	1	9.8055e-05
aatcttt	0.24203	0.19887	0.11445	0.44465	1	1.7837e-04
aatgaaa	0.50343	0.15475	0.14985	0.19197	1	3.4169e-04
aatgaac	0.41781	0.15068	0.16438	0.26712	1	9.7720e-05
aatgaag	0.41944	0.19444	0.16944	0.21667	1	1.2048e-04
aatgaat	0.47110	0.11208	0.22242	0.19440	1	1.9109e-04
aatgaca	0.36667	0.17333	0.20333	0.25667	1	1.0040e-04
aatgacc	0.41129	0.14516	0.16129	0.28226	1	4.1498e-05
aatgacg	0.38710	0.18710	0.21290	0.21290	1	5.1872e-05
aatgact	0.27979	0.18653	0.22280	0.31088	1	6.4589e-05
aatgaga	0.34462	0.12923	0.15692	0.36923	1	1.0876e-04
aatgagc	0.37805	0.20122	0.17073	0.25000	1	5.4884e-05
aatgagg	0.51351	0.15315	0.16216	0.17117	1	7.4294e-05
aatgagt	0.36181	0.14573	0.18090	0.31156	1	6.6597e-05
aatgata	0.34430	0.17544	0.15351	0.32675	1	1.5260e-04
aatgatc	0.32308	0.14872	0.20000	0.32821	1	6.5258e-05
aatgatg	0.55635	0.12230	0.12710	0.19424	1	1.3955e-04
aatgatt	0.31486	0.14106	0.18892	0.35516	1	1.3286e-04
aatgcaa	0.34957	0.14900	0.24642	0.25501	1	1.1680e-04
aatgcac	0.40526	0.19474	0.15263	0.24737	1	6.3585e-05
aatgcag	0.33990	0.21182	0.15764	0.29064	1	6.7936e-05
aatgcat	0.31597	0.15278	0.19097	0.34028	1	9.6382e-05
aatgcca	0.39070	0.15814	0.16744	0.28372	1	7.1951e-05
aatgccc	0.21875	0.21094	0.17188	0.39844	1	4.2836e-05
aatgccg	0.33696	0.23913	0.17391	0.25000	1	3.0789e-05
aatgcct	0.18563	0.22754	0.26347	0.32335	1	5.5888e-05
aatgcga	0.33113	0.14570	0.17881	0.34437	1	5.0533e-05
aatgcgc	0.23529	0.17647	0.22549	0.36275	1	3.4135e-05
aatgcgg	0.30556	0.22222	0.18519	0.28704	1	3.6143e-05
aatgcgt	0.41958	0.18182	0.14685	0.25175	1	4.7856e-05
aatgcta	0.26337	0.16872	0.16461	0.40329	1	8.1322e-05
aatgctc	0.34615	0.14615	0.15385	0.35385	1	4.3506e-05
aatgctg	0.32955	0.25568	0.17045	0.24432	1	5.8900e-05
aatgctt	0.25753	0.18395	0.16722	0.39130	1	1.0006e-04
aatggaa	0.32657	0.08968	0.20643	0.37733	1	1.9778e-04
aatggac	0.34351	0.25191	0.19084	0.21374	1	4.3840e-05
aatggag	0.35374	0.15646	0.24490	0.24490	1	4.9195e-05
aatggat	0.30045	0.17489	0.26009	0.26457	1	7.4629e-05
aatggca	0.35294	0.14902	0.20392	0.29412	1	8.5338e-05
aatggcc	0.31452	0.16935	0.21774	0.29839	1	4.1498e-05
aatggcg	0.24107	0.20536	0.28571	0.26786	1	3.7482e-05
aatggct	0.19318	0.18750	0.22159	0.39773	1	5.8900e-05
aatggga	0.44231	0.13462	0.16026	0.26282	1	5.2207e-05
aatgggc	0.26786	0.20536	0.19643	0.33036	1	3.7482e-05
aatgggg	0.32558	0.16279	0.16279	0.34884	1	2.8781e-05
aatgggt	0.24503	0.20530	0.33113	0.21854	1	5.0533e-05
aatggta	0.35622	0.15021	0.21459	0.27897	1	7.7975e-05
aatggtc	0.36634	0.16832	0.16832	0.29703	1	3.3800e-05
aatggtg	0.28729	0.28177	0.19337	0.23757	1	6.0573e-05
aatggtt	0.32420	0.15982	0.21461	0.30137	1	7.3290e-05
aatgtaa	0.30118	0.09306	0.10660	0.49915	1	1.9778e-04
aatgtac	0.31273	0.16000	0.16000	0.36727	1	9.2031e-05
aatgtag	0.29000	0.23000	0.17500	0.30500	1	6.6932e-05
aatgtat	0.40000	0.13182	0.17500	0.29318	1	1.4725e-04
aatgtca	0.29060	0.26496	0.14530	0.29915	1	7.8310e-05
aatgtcc	0.23214	0.21429	0.23214	0.32143	1	3.7482e-05
aatgtcg	0.32692	0.11538	0.17308	0.38462	1	3.4804e-05
aatgtct	0.22642	0.22170	0.14151	0.41038	1	7.0948e-05
aatgtga	0.37597	0.18605	0.12791	0.31008	1	8.6342e-05
aatgtgc	0.29032	0.22043	0.15591	0.33333	1	6.2246e-05
aatgtgg	0.32749	0.22222	0.18713	0.26316	1	5.7227e-05
aatgtgt	0.27626	0.21012	0.22568	0.28794	1	8.6007e-05
aatgtta	0.29944	0.25424	0.16384	0.28249	1	1.1847e-04
aatgttc	0.37607	0.12821	0.10684	0.38889	1	7.8310e-05
aatgttg	0.29434	0.20000	0.19623	0.30943	1	8.8684e-05
aatgttt	0.26835	0.22248	0.14450	0.36468	1	1.4591e-04
aattaaa	0.36585	0.15447	0.19164	0.28804	1	2.8814e-04
aattaac	0.32353	0.20000	0.14706	0.32941	1	1.1378e-04
aattaag	0.37436	0.17179	0.19744	0.25641	1	1.3052e-04
aattaat	0.38017	0.15702	0.13223	0.33058	1	2.4296e-04
aattaca	0.33470	0.17248	0.16222	0.33060	1	1.6298e-04
aattacc	0.31349	0.25397	0.18254	0.25000	1	8.4334e-05
aattacg	0.21196	0.24457	0.16848	0.37500	1	6.1577e-05
aattact	0.27955	0.16818	0.22273	0.32955	1	1.4725e-04
aattaga	0.40762	0.14956	0.19648	0.24633	1	1.1412e-04
aattagc	0.33198	0.19433	0.19838	0.27530	1	8.2661e-05
aattagg	0.33005	0.16749	0.19704	0.30542	1	6.7936e-05
aattagt	0.25602	0.11597	0.33917	0.28884	1	1.5294e-04
aattata	0.32231	0.15939	0.13223	0.38607	1	2.8346e-04
aattatc	0.37882	0.14257	0.14053	0.33809	1	1.6432e-04
aattatg	0.30588	0.19412	0.16471	0.33529	1	1.1378e-04
aattatt	0.27490	0.19191	0.16805	0.36515	1	3.2261e-04
aattcaa	0.37024	0.18149	0.19964	0.24864	1	1.8440e-04
aattcac	0.27170	0.27170	0.17736	0.27925	1	8.8684e-05
aattcag	0.33333	0.16466	0.18876	0.31325	1	8.3330e-05
aattcat	0.28176	0.18014	0.15473	0.38337	1	1.4491e-04
aattcca	0.30672	0.15546	0.21008	0.32773	1	7.9649e-05
aattccc	0.28571	0.24060	0.13534	0.33835	1	4.4510e-05
aattccg	0.22131	0.30328	0.18852	0.28689	1	4.0828e-05
aattcct	0.20968	0.20968	0.14919	0.43145	1	8.2995e-05
aattcga	0.37624	0.13366	0.18812	0.30198	1	6.7601e-05
aattcgc	0.33333	0.17460	0.25397	0.23810	1	4.2167e-05
aattcgg	0.31356	0.22034	0.18644	0.27966	1	3.9490e-05
aattcgt	0.22527	0.17582	0.21429	0.38462	1	6.0908e-05
aattcta	0.31646	0.22025	0.13418	0.32911	1	1.3219e-04
aattctc	0.24632	0.22426	0.21324	0.31618	1	9.1027e-05
aattctg	0.30568	0.20524	0.18777	0.30131	1	7.6637e-05
aattctt	0.20545	0.20364	0.21636	0.37455	1	1.8406e-04
aattgaa	0.45365	0.14607	0.19382	0.20646	1	2.3828e-04
aattgac	0.31646	0.16456	0.21097	0.30802	1	7.9314e-05
aattgag	0.34237	0.16271	0.17288	0.32203	1	9.8724e-05
aattgat	0.36993	0.13842	0.21718	0.27446	1	1.4022e-04
aattgca	0.27543	0.16377	0.32506	0.23573	1	1.3487e-04
aattgcc	0.30808	0.23737	0.20707	0.24747	1	6.6262e-05
aattgcg	0.30435	0.19876	0.13043	0.36646	1	5.3880e-05
aattgct	0.23826	0.20134	0.20805	0.35235	1	9.9728e-05
aattgga	0.39924	0.16350	0.18631	0.25095	1	8.8015e-05
aattggc	0.30928	0.21134	0.18041	0.29897	1	6.4924e-05
aattggg	0.35714	0.18831	0.16883	0.28571	1	5.1537e-05
aattggt	0.32432	0.18919	0.23938	0.24710	1	8.6676e-05
aattgta	0.36559	0.15699	0.16774	0.30968	1	1.5562e-04
aattgtc	0.30151	0.24121	0.22111	0.23618	1	6.6597e-05
aattgtg	0.27059	0.15882	0.16176	0.40882	1	1.1378e-04
aattgtt	0.20509	0.19078	0.30366	0.30048	1	2.1050e-04
aatttaa	0.34457	0.15689	0.15249	0.34604	1	2.2824e-04
aatttac	0.33249	0.17380	0.13854	0.35516	1	1.3286e-04
aatttag	0.31854	0.20627	0.14360	0.33159	1	1.2817e-04
aatttat	0.34872	0.13974	0.15256	0.35897	1	2.6103e-04
aatttca	0.36188	0.17265	0.18923	0.27624	1	2.4229e-04
aatttcc	0.30163	0.19837	0.17935	0.32065	1	1.2315e-04
aatttcg	0.32862	0.21908	0.15901	0.29329	1	9.4708e-05
aatttct	0.22029	0.20761	0.16165	0.41046	1	2.1117e-04
aatttga	0.42939	0.11832	0.17176	0.28053	1	1.7536e-04
aatttgc	0.36086	0.18960	0.15902	0.29052	1	1.0943e-04
aatttgg	0.30284	0.23975	0.17035	0.28707	1	1.0609e-04
aatttgt	0.28035	0.20751	0.16115	0.35099	1	1.5160e-04
aatttta	0.32811	0.17250	0.14596	0.35344	1	2.7743e-04
aattttc	0.36402	0.17672	0.14286	0.31640	1	3.1625e-04
aattttg	0.34673	0.19792	0.15476	0.30060	1	2.2489e-04
aattttt	0.17200	0.26800	0.11050	0.44950	1	6.6932e-04
acaaaaa	0.44653	0.15755	0.18449	0.21143	1	4.0996e-04
acaaaac	0.44583	0.17407	0.17052	0.20959	1	1.8841e-04
acaaaag	0.34112	0.18536	0.22741	0.24611	1	2.1485e-04
acaaaat	0.40590	0.15590	0.15028	0.28792	1	2.3828e-04
acaaaca	0.46939	0.15714	0.16327	0.21020	1	1.6398e-04
acaaacc	0.38462	0.18935	0.17160	0.25444	1	5.6557e-05
acaaacg	0.33163	0.23980	0.17857	0.25000	1	6.5593e-05
acaaact	0.33962	0.15094	0.20000	0.30943	1	8.8684e-05
acaaaga	0.52494	0.12114	0.18527	0.16865	1	1.4089e-04
acaaagc	0.40553	0.16129	0.18433	0.24885	1	7.2621e-05
acaaagg	0.36567	0.22761	0.18657	0.22015	1	8.9688e-05
acaaagt	0.37500	0.14286	0.21786	0.26429	1	9.3704e-05
acaaata	0.35724	0.17581	0.17018	0.29677	1	2.3794e-04
acaaatc	0.35391	0.14815	0.16872	0.32922	1	8.1322e-05
acaaatg	0.37643	0.19392	0.16730	0.26236	1	8.8015e-05
acaaatt	0.28661	0.17782	0.17364	0.36192	1	1.5997e-04
acaacaa	0.34923	0.22487	0.16865	0.25724	1	1.9644e-04
acaacac	0.37850	0.22430	0.18224	0.21495	1	7.1617e-05
acaacag	0.31405	0.28512	0.16942	0.23140	1	8.0987e-05
acaacat	0.32246	0.16667	0.16304	0.34783	1	9.2366e-05
acaacca	0.39604	0.20792	0.14356	0.25248	1	6.7601e-05
acaaccc	0.28409	0.15909	0.15909	0.39773	1	2.9450e-05
acaaccg	0.23256	0.27907	0.20930	0.27907	1	2.8781e-05
acaacct	0.27160	0.20370	0.12346	0.40123	1	5.4215e-05
acaacga	0.37736	0.17610	0.19497	0.25157	1	5.3211e-05
acaacgc	0.37500	0.21154	0.20192	0.21154	1	3.4804e-05
acaacgg	0.23958	0.25000	0.11458	0.39583	1	3.2127e-05
acaacgt	0.34711	0.21488	0.17355	0.26446	1	4.0494e-05
acaacta	0.32979	0.22695	0.13475	0.30851	1	9.4374e-05
acaactc	0.43396	0.10063	0.17610	0.28931	1	5.3211e-05
acaactg	0.20106	0.20106	0.25926	0.33862	1	6.3250e-05
acaactt	0.24092	0.22112	0.11881	0.41914	1	1.0140e-04
acaagaa	0.41877	0.18207	0.22269	0.17647	1	2.3895e-04
acaagac	0.40437	0.11475	0.20219	0.27869	1	6.1242e-05
acaagag	0.36879	0.24113	0.19149	0.19858	1	9.4374e-05
acaagat	0.38462	0.21678	0.15385	0.24476	1	9.5712e-05
acaagca	0.35125	0.21505	0.18638	0.24731	1	9.3370e-05
acaagcc	0.43590	0.22222	0.11966	0.22222	1	3.9155e-05
acaagcg	0.27407	0.24444	0.22963	0.25185	1	4.5179e-05
acaagct	0.26380	0.18405	0.19018	0.36196	1	5.4549e-05
acaagga	0.43515	0.17992	0.21339	0.17155	1	7.9983e-05
acaaggc	0.35664	0.25175	0.18881	0.20280	1	4.7856e-05
acaaggg	0.40580	0.15942	0.19565	0.23913	1	4.6183e-05
acaaggt	0.25595	0.14286	0.22619	0.37500	1	5.6223e-05
acaagta	0.37457	0.19931	0.18213	0.24399	1	9.7386e-05
acaagtc	0.48214	0.20536	0.16071	0.15179	1	3.7482e-05
acaagtg	0.31414	0.25654	0.16230	0.26702	1	6.3920e-05
acaagtt	0.26971	0.19502	0.19087	0.34440	1	8.0653e-05
acaataa	0.39386	0.14953	0.16021	0.29640	1	2.5066e-04
acaatac	0.30707	0.19837	0.20924	0.28533	1	1.2315e-04
acaatag	0.37844	0.22936	0.14679	0.24541	1	1.4591e-04
acaatat	0.37455	0.17273	0.11636	0.33636	1	1.8406e-04
acaatca	0.40411	0.16438	0.15753	0.27397	1	9.7720e-05
acaatcc	0.25676	0.10811	0.14865	0.48649	1	4.9529e-05
acaatcg	0.30709	0.23622	0.07087	0.38583	1	4.2502e-05
acaatct	0.21333	0.24444	0.20889	0.33333	1	7.5298e-05
acaatga	0.41577	0.15054	0.16487	0.26882	1	9.3370e-05
acaatgc	0.44578	0.14458	0.19880	0.21084	1	5.5553e-05
acaatgg	0.45041	0.21488	0.16116	0.17355	1	8.0987e-05
acaatgt	0.36190	0.17619	0.21429	0.24762	1	7.0278e-05
acaatta	0.25336	0.22457	0.15163	0.37044	1	1.7436e-04
acaattc	0.35410	0.15410	0.11148	0.38033	1	1.0207e-04
acaattg	0.34385	0.19558	0.15457	0.30599	1	1.0609e-04
acaattt	0.20974	0.22097	0.18165	0.38764	1	1.7871e-04
acacaaa	0.40476	0.20476	0.15000	0.24048	1	1.4056e-04
acacaac	0.40415	0.17617	0.13990	0.27979	1	6.4589e-05
acacaag	0.38498	0.24883	0.15493	0.21127	1	7.1282e-05
acacaat	0.36452	0.15484	0.13871	0.34194	1	1.0374e-04
acacaca	0.19231	0.50427	0.07265	0.23077	1	1.5662e-04
acacacc	0.36752	0.24786	0.14530	0.23932	1	3.9155e-05
acacacg	0.22069	0.31724	0.12414	0.33793	1	4.8525e-05
acacact	0.36170	0.15603	0.11348	0.36879	1	4.7187e-05
acacaga	0.43386	0.19577	0.16402	0.20635	1	6.3250e-05
acacagc	0.42276	0.16260	0.15447	0.26016	1	4.1163e-05
acacagg	0.32231	0.20661	0.24793	0.22314	1	4.0494e-05
acacagt	0.33333	0.16049	0.15432	0.35185	1	5.4215e-05
acacata	0.26116	0.22991	0.13393	0.37500	1	1.4993e-04
acacatc	0.36932	0.14205	0.19318	0.29545	1	5.8900e-05
acacatg	0.29730	0.24324	0.10135	0.35811	1	4.9529e-05
acacatt	0.23193	0.21386	0.12048	0.43373	1	1.1111e-04
acaccaa	0.34234	0.16216	0.22523	0.27027	1	7.4294e-05
acaccac	0.44521	0.18493	0.11644	0.25342	1	4.8860e-05
acaccag	0.31522	0.18478	0.21739	0.28261	1	3.0789e-05
acaccat	0.32716	0.24691	0.14815	0.27778	1	5.4215e-05
acaccca	0.27500	0.32500	0.13125	0.26875	1	5.3545e-05
acacccc	0.32432	0.21622	0.18919	0.27027	1	2.4765e-05
acacccg	0.16667	0.24074	0.14815	0.44444	1	1.8072e-05
acaccct	0.23000	0.18000	0.26000	0.33000	1	3.3466e-05
acaccga	0.39474	0.19737	0.21053	0.19737	1	2.5434e-05
acaccgc	0.40659	0.13187	0.24176	0.21978	1	3.0454e-05
acaccgg	0.27273	0.11364	0.27273	0.34091	1	1.4725e-05
acaccgt	0.62338	0.03896	0.16883	0.16883	1	5.1537e-05
acaccta	0.30556	0.25926	0.11111	0.32407	1	3.6143e-05
acacctc	0.30928	0.18557	0.17526	0.32990	1	3.2462e-05
acacctg	0.17000	0.25000	0.21000	0.37000	1	3.3466e-05
acacctt	0.18617	0.19149	0.11702	0.50532	1	6.2916e-05
acacgaa	0.48876	0.13483	0.14045	0.23596	1	5.9569e-05
acacgac	0.42424	0.13636	0.15152	0.28788	1	2.2087e-05
acacgag	0.31818	0.24242	0.25758	0.18182	1	2.2087e-05
acacgat	0.41818	0.12727	0.09091	0.36364	1	3.6812e-05
acacgca	0.20192	0.36538	0.15385	0.27885	1	3.4804e-05
acacgcc	0.31148	0.18033	0.26230	0.24590	1	2.0414e-05
acacgcg	0.23077	0.32692	0.13462	0.30769	1	1.7402e-05
acacgct	0.26316	0.24211	0.16842	0.32632	1	3.1793e-05
acacgga	0.51471	0.11765	0.08824	0.27941	1	2.2757e-05
acacggc	0.41860	0.16279	0.13953	0.27907	1	1.4390e-05
acacggg	0.25714	0.40000	0.14286	0.20000	1	1.1713e-05
acacggt	0.24561	0.17544	0.26316	0.31579	1	1.9076e-05
acacgta	0.26115	0.24204	0.19108	0.30573	1	5.2541e-05
acacgtc	0.28049	0.15854	0.25610	0.30488	1	2.7442e-05
acacgtg	0.41667	0.23333	0.11667	0.23333	1	2.0079e-05
acacgtt	0.22297	0.16216	0.20946	0.40541	1	4.9529e-05
acactaa	0.37917	0.19167	0.12083	0.30833	1	8.0318e-05
acactac	0.31655	0.17986	0.15108	0.35252	1	4.6517e-05
acactag	0.23810	0.34286	0.14286	0.27619	1	3.5139e-05
acactat	0.31092	0.18067	0.11765	0.39076	1	7.9649e-05
acactca	0.34483	0.26207	0.12414	0.26897	1	4.8525e-05
acactcc	0.30380	0.15190	0.34177	0.20253	1	2.6438e-05
acactcg	0.31034	0.24138	0.18966	0.25862	1	1.9410e-05
acactct	0.19685	0.25197	0.18898	0.36220	1	4.2502e-05
acactga	0.38621	0.17241	0.13793	0.30345	1	4.8525e-05
acactgc	0.34483	0.17241	0.18103	0.30172	1	3.8820e-05
acactgg	0.32941	0.27059	0.18824	0.21176	1	2.8446e-05
acactgt	0.32692	0.15385	0.18590	0.33333	1	5.2207e-05
acactta	0.37173	0.20419	0.08901	0.33508	1	6.3920e-05
acacttc	0.30952	0.25238	0.10476	0.33333	1	7.0278e-05
acacttg	0.22642	0.23899	0.14465	0.38994	1	5.3211e-05
acacttt	0.20545	0.18564	0.13366	0.47525	1	1.3520e-04
acagaaa	0.46743	0.15709	0.17433	0.20115	1	1.7469e-04
acagaac	0.36607	0.18304	0.16964	0.28125	1	7.4963e-05
acagaag	0.35273	0.22909	0.20000	0.21818	1	9.2031e-05
acagaat	0.46765	0.20294	0.13529	0.19412	1	1.1378e-04
acagaca	0.38579	0.20305	0.24873	0.16244	1	6.5928e-05
acagacc	0.35897	0.17949	0.16667	0.29487	1	2.6103e-05
acagacg	0.24706	0.35294	0.25882	0.14118	1	2.8446e-05
acagact	0.31000	0.28000	0.18000	0.23000	1	3.3466e-05
acagaga	0.36866	0.18433	0.19355	0.25346	1	7.2621e-05
acagagc	0.38614	0.15842	0.18812	0.26733	1	3.3800e-05
acagagg	0.41026	0.23077	0.16239	0.19658	1	3.9155e-05
acagagt	0.38411	0.16556	0.21854	0.23179	1	5.0533e-05
acagata	0.34276	0.17668	0.15194	0.32862	1	9.4708e-05
acagatc	0.36585	0.15447	0.22764	0.25203	1	4.1163e-05
acagatg	0.35556	0.16296	0.14815	0.33333	1	4.5179e-05
acagatt	0.31120	0.21577	0.14108	0.33195	1	8.0653e-05
acagcaa	0.40557	0.18576	0.17028	0.23839	1	1.0809e-04
acagcac	0.36054	0.21088	0.18367	0.24490	1	4.9195e-05
acagcag	0.34118	0.25294	0.18824	0.21765	1	5.6892e-05
acagcat	0.28037	0.21028	0.20561	0.30374	1	7.1617e-05
acagcca	0.37931	0.19828	0.14655	0.27586	1	3.8820e-05
acagccc	0.41667	0.13333	0.10000	0.35000	1	2.0079e-05
acagccg	0.16883	0.28571	0.18182	0.36364	1	2.5769e-05
acagcct	0.21212	0.19192	0.19192	0.40404	1	3.3131e-05
acagcga	0.28814	0.14407	0.22881	0.33898	1	3.9490e-05
acagcgc	0.42857	0.16327	0.16327	0.24490	1	3.2796e-05
acagcgg	0.34066	0.24176	0.16484	0.25275	1	3.0454e-05
acagcgt	0.30108	0.17204	0.25806	0.26882	1	3.1123e-05
acagcta	0.27500	0.30625	0.16250	0.25625	1	5.3545e-05
acagctc	0.42017	0.15126	0.13445	0.29412	1	3.9824e-05
acagctg	0.29245	0.28302	0.23585	0.18868	1	3.5474e-05
acagctt	0.14831	0.36017	0.13559	0.35593	1	7.8979e-05
acaggaa	0.43226	0.13871	0.20645	0.22258	1	1.0374e-04
acaggac	0.41667	0.16667	0.15476	0.26190	1	2.8111e-05
acaggag	0.31818	0.22727	0.21591	0.23864	1	2.9450e-05
acaggat	0.36220	0.14961	0.11811	0.37008	1	4.2502e-05
acaggca	0.34328	0.23134	0.20149	0.22388	1	4.4844e-05
acaggcc	0.30508	0.10169	0.18644	0.40678	1	1.9745e-05
acaggcg	0.30435	0.34783	0.15942	0.18841	1	2.3091e-05
acaggct	0.34343	0.16162	0.22222	0.27273	1	3.3131e-05
acaggga	0.47863	0.17094	0.17094	0.17949	1	3.9155e-05
acagggc	0.34783	0.24638	0.15942	0.24638	1	2.3091e-05
acagggg	0.30769	0.30769	0.09231	0.29231	1	2.1753e-05
acagggt	0.35354	0.23232	0.17172	0.24242	1	3.3131e-05
acaggta	0.31613	0.18710	0.15484	0.34194	1	5.1872e-05
acaggtc	0.26562	0.25000	0.18750	0.29688	1	2.1418e-05
acaggtg	0.29032	0.18280	0.19355	0.33333	1	3.1123e-05
acaggtt	0.30921	0.20395	0.16447	0.32237	1	5.0868e-05
acagtaa	0.37059	0.15000	0.17353	0.30588	1	1.1378e-04
acagtac	0.33333	0.16410	0.15897	0.34359	1	6.5258e-05
acagtag	0.22360	0.25466	0.13665	0.38509	1	5.3880e-05
acagtat	0.38390	0.15170	0.14241	0.32198	1	1.0809e-04
acagtca	0.29375	0.20625	0.12500	0.37500	1	5.3545e-05
acagtcc	0.40351	0.21053	0.12281	0.26316	1	1.9076e-05
acagtcg	0.15854	0.32927	0.14634	0.36585	1	2.7442e-05
acagtct	0.22069	0.17931	0.14483	0.45517	1	4.8525e-05
acagtga	0.33333	0.25269	0.14516	0.26882	1	6.2246e-05
acagtgc	0.33696	0.13043	0.18478	0.34783	1	3.0789e-05
acagtgg	0.30833	0.25833	0.15000	0.28333	1	4.0159e-05
acagtgt	0.31928	0.15060	0.16265	0.36747	1	5.5553e-05
acagtta	0.31193	0.22936	0.16972	0.28899	1	7.2955e-05
acagttc	0.28188	0.20134	0.14765	0.36913	1	4.9864e-05
acagttg	0.35912	0.18785	0.11050	0.34254	1	6.0573e-05
acagttt	0.26425	0.18135	0.16062	0.39378	1	1.2918e-04
acataaa	0.38827	0.18700	0.16482	0.25990	1	2.1117e-04
acataac	0.43130	0.13740	0.15267	0.27863	1	8.7680e-05
acataag	0.28664	0.17264	0.20521	0.33550	1	1.0274e-04
acataat	0.41006	0.16248	0.14313	0.28433	1	1.7302e-04
acataca	0.26056	0.21831	0.13146	0.38967	1	1.4256e-04
acatacc	0.25806	0.11828	0.14516	0.47849	1	6.2246e-05
acatacg	0.25749	0.22754	0.19162	0.32335	1	5.5888e-05
acatact	0.42759	0.14138	0.15862	0.27241	1	9.7051e-05
acataga	0.40559	0.15385	0.16783	0.27273	1	9.5712e-05
acatagc	0.39759	0.24096	0.12048	0.24096	1	5.5553e-05
acatagg	0.38000	0.28000	0.14000	0.20000	1	3.3466e-05
acatagt	0.41365	0.14458	0.16064	0.28112	1	8.3330e-05
acatata	0.35393	0.14139	0.09176	0.41292	1	3.5741e-04
acatatc	0.34211	0.14474	0.16447	0.34868	1	1.0174e-04
acatatg	0.31803	0.18689	0.14098	0.35410	1	1.0207e-04
acatatt	0.25614	0.19123	0.13158	0.42105	1	1.9076e-04
acatcaa	0.35593	0.18079	0.17514	0.28814	1	1.1847e-04
acatcac	0.33163	0.21429	0.16837	0.28571	1	6.5593e-05
acatcag	0.24260	0.30769	0.18935	0.26036	1	5.6557e-05
acatcat	0.31104	0.23411	0.13378	0.32107	1	1.0006e-04
acatcca	0.25333	0.24000	0.18667	0.32000	1	5.0199e-05
acatccc	0.32308	0.18462	0.23077	0.26154	1	2.1753e-05
acatccg	0.30000	0.15000	0.11000	0.44000	1	3.3466e-05
acatcct	0.19595	0.18243	0.16216	0.45946	1	4.9529e-05
acatcga	0.37594	0.11278	0.15789	0.35338	1	4.4510e-05
acatcgc	0.34906	0.18868	0.20755	0.25472	1	3.5474e-05
acatcgg	0.26027	0.24658	0.15068	0.34247	1	2.4430e-05
acatcgt	0.41129	0.14516	0.13710	0.30645	1	4.1498e-05
acatcta	0.25957	0.22128	0.14894	0.37021	1	7.8645e-05
acatctc	0.30000	0.15882	0.15294	0.38824	1	5.6892e-05
acatctg	0.23944	0.28169	0.14789	0.33099	1	4.7521e-05
acatctt	0.18241	0.28339	0.16612	0.36808	1	1.0274e-04
acatgaa	0.42123	0.13699	0.18151	0.26027	1	9.7720e-05
acatgac	0.37383	0.15888	0.17757	0.28972	1	3.5808e-05
acatgag	0.37121	0.12879	0.09848	0.40152	1	4.4175e-05
acatgat	0.37500	0.14815	0.15741	0.31944	1	7.2286e-05
acatgca	0.31928	0.15060	0.17470	0.35542	1	5.5553e-05
acatgcc	0.40476	0.17857	0.15476	0.26190	1	2.8111e-05
acatgcg	0.23457	0.12346	0.35802	0.28395	1	2.7107e-05
acatgct	0.30909	0.12727	0.22727	0.33636	1	3.6812e-05
acatgga	0.38983	0.17797	0.14407	0.28814	1	3.9490e-05
acatggc	0.38202	0.20225	0.16854	0.24719	1	2.9785e-05
acatggg	0.25581	0.25581	0.25581	0.23256	1	1.4390e-05
acatggt	0.30631	0.13514	0.25225	0.30631	1	3.7147e-05
acatgta	0.32432	0.19369	0.10360	0.37838	1	7.4294e-05
acatgtc	0.36364	0.18182	0.17045	0.28409	1	2.9450e-05
acatgtg	0.31250	0.23214	0.14286	0.31250	1	3.7482e-05
acatgtt	0.27354	0.22422	0.17489	0.32735	1	7.4629e-05
acattaa	0.33827	0.16790	0.14815	0.34568	1	1.3554e-04
acattac	0.28467	0.18978	0.13869	0.38686	1	9.1696e-05
acattag	0.26316	0.22222	0.22222	0.29240	1	5.7227e-05
acattat	0.24866	0.29875	0.16458	0.28801	1	1.8707e-04
acattca	0.31985	0.21324	0.13971	0.32721	1	9.1027e-05
acattcc	0.30857	0.18857	0.18286	0.32000	1	5.8565e-05
acattcg	0.24779	0.23009	0.13274	0.38938	1	3.7816e-05
acattct	0.26183	0.20189	0.21451	0.32177	1	1.0609e-04
acattga	0.45306	0.12245	0.15102	0.27347	1	8.1991e-05
acattgc	0.35938	0.18750	0.15104	0.30208	1	6.4254e-05
acattgg	0.27397	0.23973	0.21233	0.27397	1	4.8860e-05
acattgt	0.27941	0.21691	0.16912	0.33456	1	9.1027e-05
acattta	0.26991	0.20575	0.14159	0.38274	1	1.5127e-04
acatttc	0.32081	0.22254	0.13584	0.32081	1	1.1579e-04
acatttg	0.35906	0.18456	0.17450	0.28188	1	9.9728e-05
acatttt	0.22180	0.17744	0.15082	0.44994	1	2.6405e-04
accaaaa	0.50988	0.13043	0.15217	0.20751	1	1.6934e-04
accaaac	0.34359	0.25641	0.15897	0.24103	1	6.5258e-05
accaaag	0.33019	0.18868	0.22642	0.25472	1	7.0948e-05
accaaat	0.36677	0.15361	0.20063	0.27900	1	1.0676e-04
accaaca	0.40566	0.16981	0.18396	0.24057	1	7.0948e-05
accaacc	0.41732	0.13386	0.16535	0.28346	1	4.2502e-05
accaacg	0.32632	0.26316	0.11579	0.29474	1	3.1793e-05
accaact	0.29861	0.14583	0.20139	0.35417	1	4.8191e-05
accaaga	0.44255	0.14894	0.20851	0.20000	1	7.8645e-05
accaagc	0.45763	0.16102	0.14407	0.23729	1	3.9490e-05
accaagg	0.40000	0.23200	0.19200	0.17600	1	4.1832e-05
accaagt	0.27152	0.17881	0.14570	0.40397	1	5.0533e-05
accaata	0.33333	0.16487	0.13620	0.36559	1	9.3370e-05
accaatc	0.38926	0.14765	0.18792	0.27517	1	4.9864e-05
accaatg	0.29545	0.25758	0.20455	0.24242	1	4.4175e-05
accaatt	0.24643	0.17143	0.19286	0.38929	1	9.3704e-05
accacaa	0.34158	0.21782	0.18812	0.25248	1	6.7601e-05
accacac	0.33594	0.28906	0.16406	0.21094	1	4.2836e-05
accacag	0.22642	0.20755	0.14151	0.42453	1	3.5474e-05
accacat	0.25714	0.25143	0.15429	0.33714	1	5.8565e-05
accacca	0.28058	0.29496	0.19424	0.23022	1	4.6517e-05
accaccc	0.36508	0.23810	0.07937	0.31746	1	2.1083e-05
accaccg	0.20290	0.24638	0.18841	0.36232	1	2.3091e-05
accacct	0.21622	0.24324	0.14414	0.39640	1	3.7147e-05
accacga	0.45000	0.18000	0.14000	0.23000	1	3.3466e-05
accacgc	0.35088	0.14035	0.22807	0.28070	1	1.9076e-05
accacgg	0.24561	0.28070	0.17544	0.29825	1	1.9076e-05
accacgt	0.25000	0.17857	0.21429	0.35714	1	2.8111e-05
accacta	0.29651	0.27907	0.11047	0.31395	1	5.7561e-05
accactc	0.33708	0.31461	0.05618	0.29213	1	2.9785e-05
accactg	0.34951	0.21359	0.13592	0.30097	1	3.4470e-05
accactt	0.26633	0.22111	0.14070	0.37186	1	6.6597e-05
accagaa	0.45192	0.16827	0.21154	0.16827	1	6.9609e-05
accagac	0.28814	0.23729	0.22034	0.25424	1	1.9745e-05
accagag	0.43023	0.18605	0.16279	0.22093	1	2.8781e-05
accagat	0.39091	0.15455	0.10909	0.34545	1	3.6812e-05
accagca	0.39416	0.16058	0.25547	0.18978	1	4.5848e-05
accagcc	0.28378	0.25676	0.27027	0.18919	1	2.4765e-05
accagcg	0.27586	0.12069	0.24138	0.36207	1	1.9410e-05
accagct	0.30000	0.17500	0.18750	0.33750	1	2.6773e-05
accagga	0.43878	0.26531	0.11224	0.18367	1	3.2796e-05
accaggc	0.38983	0.13559	0.18644	0.28814	1	1.9745e-05
accaggg	0.31111	0.22222	0.22222	0.24444	1	1.5060e-05
accaggt	0.28947	0.15789	0.23684	0.31579	1	2.5434e-05
accagta	0.34409	0.16667	0.19355	0.29570	1	6.2246e-05
accagtc	0.39241	0.17722	0.18987	0.24051	1	2.6438e-05
accagtg	0.26866	0.25373	0.20896	0.26866	1	2.2422e-05
accagtt	0.24658	0.11644	0.25342	0.38356	1	4.8860e-05
accataa	0.35294	0.20814	0.12217	0.31674	1	7.3959e-05
accatac	0.34014	0.23129	0.16327	0.26531	1	4.9195e-05
accatag	0.31410	0.27564	0.11538	0.29487	1	5.2207e-05
accatat	0.36992	0.16260	0.09756	0.36992	1	8.2326e-05
accatca	0.41451	0.21244	0.10363	0.26943	1	6.4589e-05
accatcc	0.37500	0.16667	0.22917	0.22917	1	3.2127e-05
accatcg	0.28750	0.23750	0.12500	0.35000	1	2.6773e-05
accatct	0.24571	0.18286	0.19429	0.37714	1	5.8565e-05
accatga	0.27660	0.19149	0.23404	0.29787	1	3.1458e-05
accatgc	0.36765	0.20588	0.14706	0.27941	1	2.2757e-05
accatgg	0.48718	0.16667	0.14103	0.20513	1	2.6103e-05
accatgt	0.26230	0.18033	0.20492	0.35246	1	4.0828e-05
accatta	0.26407	0.24242	0.17749	0.31602	1	7.7306e-05
accattc	0.32184	0.17816	0.16667	0.33333	1	5.8231e-05
accattg	0.30588	0.18235	0.17059	0.34118	1	5.6892e-05
accattt	0.22989	0.21839	0.13506	0.41667	1	1.1646e-04
acccaaa	0.40260	0.24675	0.16883	0.18182	1	7.7306e-05
acccaac	0.33981	0.20388	0.11650	0.33981	1	3.4470e-05
acccaag	0.35227	0.18182	0.21591	0.25000	1	2.9450e-05
acccaat	0.29565	0.20870	0.17391	0.32174	1	3.8486e-05
acccaca	0.20714	0.41429	0.13571	0.24286	1	4.6852e-05
acccacc	0.30303	0.27273	0.22727	0.19697	1	2.2087e-05
acccacg	0.30769	0.30769	0.17308	0.21154	1	1.7402e-05
acccact	0.28409	0.27273	0.19318	0.25000	1	2.9450e-05
acccaga	0.29245	0.23585	0.20755	0.26415	1	3.5474e-05
acccagc	0.37705	0.16393	0.21311	0.24590	1	2.0414e-05
acccagg	0.23256	0.30233	0.27907	0.18605	1	1.4390e-05
acccagt	0.27941	0.19118	0.20588	0.32353	1	2.2757e-05
acccata	0.23864	0.42614	0.10227	0.23295	1	5.8900e-05
acccatc	0.27778	0.18889	0.18889	0.34444	1	3.0119e-05
acccatg	0.27692	0.33846	0.16923	0.21538	1	2.1753e-05
acccatt	0.20710	0.26627	0.14201	0.38462	1	5.6557e-05
accccaa	0.29474	0.29474	0.14737	0.26316	1	3.1793e-05
accccac	0.33735	0.20482	0.21687	0.24096	1	2.7777e-05
accccag	0.36066	0.11475	0.19672	0.32787	1	2.0414e-05
accccat	0.33028	0.11009	0.14679	0.41284	1	3.6478e-05
accccca	0.20690	0.44828	0.13793	0.20690	1	1.9410e-05
acccccc	0.24490	0.30612	0.20408	0.24490	1	1.6398e-05
acccccg	0.11111	0.29630	0.40741	0.18519	1	9.0358e-06
accccct	0.32787	0.21311	0.09836	0.36066	1	2.0414e-05
accccga	0.61818	0.05455	0.12727	0.20000	1	1.8406e-05
accccgc	0.20588	0.30882	0.32353	0.16176	1	2.2757e-05
accccgg	0.32500	0.35000	0.12500	0.20000	1	1.3386e-05
accccgt	0.12195	0.26829	0.31707	0.29268	1	1.3721e-05
accccta	0.29231	0.20000	0.06154	0.44615	1	2.1753e-05
acccctc	0.22581	0.30108	0.23656	0.23656	1	3.1123e-05
acccctg	0.23077	0.17949	0.15385	0.43590	1	1.3052e-05
acccctt	0.25000	0.22059	0.13235	0.39706	1	4.5514e-05
acccgaa	0.38136	0.13559	0.19492	0.28814	1	3.9490e-05
acccgac	0.21053	0.36842	0.12281	0.29825	1	1.9076e-05
acccgag	0.26316	0.26316	0.23684	0.23684	1	1.2717e-05
acccgat	0.23636	0.25455	0.25455	0.25455	1	1.8406e-05
acccgca	0.27778	0.22222	0.16667	0.33333	1	3.6143e-05
acccgcc	0.21622	0.24324	0.20270	0.33784	1	2.4765e-05
acccgcg	0.20408	0.28571	0.26531	0.24490	1	1.6398e-05
acccgct	0.16418	0.29851	0.20896	0.32836	1	2.2422e-05
acccgga	0.28676	0.23529	0.17647	0.30147	1	4.5514e-05
acccggc	0.23000	0.26000	0.20000	0.31000	1	3.3466e-05
acccggg	0.29412	0.23529	0.20588	0.26471	1	1.1378e-05
acccggt	0.30000	0.21667	0.18333	0.30000	1	2.0079e-05
acccgta	0.30000	0.30000	0.16667	0.23333	1	3.0119e-05
acccgtc	0.15254	0.32203	0.16949	0.35593	1	1.9745e-05
acccgtg	0.26190	0.30952	0.19048	0.23810	1	1.4056e-05
acccgtt	0.24731	0.23656	0.12903	0.38710	1	3.1123e-05
accctaa	0.47143	0.22143	0.16429	0.14286	1	4.6852e-05
accctac	0.29464	0.29464	0.07143	0.33929	1	3.7482e-05
accctag	0.31667	0.16667	0.21667	0.30000	1	2.0079e-05
accctat	0.19444	0.21528	0.14583	0.44444	1	4.8191e-05
accctca	0.27723	0.25743	0.15842	0.30693	1	3.3800e-05
accctcc	0.37333	0.18667	0.17333	0.26667	1	2.5099e-05
accctcg	0.47170	0.16981	0.18868	0.16981	1	1.7737e-05
accctct	0.11475	0.21311	0.19672	0.47541	1	4.0828e-05
accctga	0.42857	0.15179	0.16071	0.25893	1	3.7482e-05
accctgc	0.28750	0.21250	0.11250	0.38750	1	2.6773e-05
accctgg	0.33333	0.22222	0.24074	0.20370	1	1.8072e-05
accctgt	0.20000	0.16190	0.23810	0.40000	1	3.5139e-05
accctta	0.37302	0.21429	0.07937	0.33333	1	4.2167e-05
acccttc	0.31111	0.20000	0.14074	0.34815	1	4.5179e-05
acccttg	0.30392	0.22549	0.17647	0.29412	1	3.4135e-05
acccttt	0.18429	0.18429	0.12991	0.50151	1	1.1077e-04
accgaaa	0.50000	0.17708	0.15625	0.16667	1	6.4254e-05
accgaac	0.40789	0.26316	0.15789	0.17105	1	2.5434e-05
accgaag	0.41414	0.12121	0.23232	0.23232	1	3.3131e-05
accgaat	0.22989	0.25287	0.16092	0.35632	1	2.9115e-05
accgaca	0.35821	0.16418	0.25373	0.22388	1	2.2422e-05
accgacc	0.46429	0.07143	0.21429	0.25000	1	9.3704e-06
accgacg	0.35000	0.27500	0.15000	0.22500	1	1.3386e-05
accgact	0.42029	0.15942	0.17391	0.24638	1	2.3091e-05
accgaga	0.36782	0.13793	0.11494	0.37931	1	2.9115e-05
accgagc	0.29545	0.29545	0.11364	0.29545	1	1.4725e-05
accgagg	0.29730	0.16216	0.21622	0.32432	1	1.2382e-05
accgagt	0.24000	0.20000	0.22000	0.34000	1	1.6733e-05
accgata	0.35354	0.19192	0.09091	0.36364	1	3.3131e-05
accgatc	0.23077	0.19231	0.09615	0.48077	1	1.7402e-05
accgatg	0.37500	0.20312	0.09375	0.32812	1	2.1418e-05
accgatt	0.29730	0.21622	0.16216	0.32432	1	3.7147e-05
accgcaa	0.35000	0.27000	0.19000	0.19000	1	3.3466e-05
accgcac	0.32143	0.26190	0.15476	0.26190	1	2.8111e-05
accgcag	0.25806	0.22581	0.17742	0.33871	1	2.0749e-05
accgcat	0.36634	0.19802	0.12871	0.30693	1	3.3800e-05
accgcca	0.29487	0.16667	0.24359	0.29487	1	2.6103e-05
accgccc	0.38983	0.28814	0.13559	0.18644	1	1.9745e-05
accgccg	0.35294	0.19608	0.15686	0.29412	1	1.7068e-05
accgcct	0.14667	0.30667	0.20000	0.34667	1	2.5099e-05
accgcga	0.42222	0.06667	0.22222	0.28889	1	1.5060e-05
accgcgc	0.21739	0.28261	0.28261	0.21739	1	1.5394e-05
accgcgg	0.27778	0.30556	0.11111	0.30556	1	1.2048e-05
accgcgt	0.30909	0.10909	0.20000	0.38182	1	1.8406e-05
accgcta	0.23585	0.27358	0.14151	0.34906	1	3.5474e-05
accgctc	0.37143	0.17143	0.20000	0.25714	1	2.3426e-05
accgctg	0.27419	0.22581	0.17742	0.32258	1	2.0749e-05
accgctt	0.20175	0.30702	0.14035	0.35088	1	3.8151e-05
accggaa	0.51261	0.11765	0.19328	0.17647	1	3.9824e-05
accggac	0.31111	0.24444	0.17778	0.26667	1	1.5060e-05
accggag	0.27397	0.12329	0.19178	0.41096	1	2.4430e-05
accggat	0.33333	0.16667	0.13333	0.36667	1	2.0079e-05
accggca	0.40351	0.10526	0.19298	0.29825	1	1.9076e-05
accggcc	0.23529	0.20588	0.32353	0.23529	1	1.1378e-05
accggcg	0.30769	0.26923	0.23077	0.19231	1	8.7011e-06
accggct	0.22727	0.22727	0.25000	0.29545	1	1.4725e-05
accggga	0.46875	0.06250	0.21875	0.25000	1	1.0709e-05
accgggc	0.22857	0.25714	0.22857	0.28571	1	1.1713e-05
accgggg	0.30303	0.06061	0.33333	0.30303	1	1.1044e-05
accgggt	0.60000	0.07692	0.15385	0.16923	1	2.1753e-05
accggta	0.32787	0.11475	0.24590	0.31148	1	2.0414e-05
accggtc	0.23684	0.26316	0.23684	0.26316	1	1.2717e-05
accggtg	0.24490	0.22449	0.20408	0.32653	1	1.6398e-05
accggtt	0.13636	0.15909	0.22727	0.47727	1	1.4725e-05
accgtaa	0.40164	0.17213	0.15574	0.27049	1	4.0828e-05
accgtac	0.24138	0.28736	0.18391	0.28736	1	2.9115e-05
accgtag	0.39241	0.25316	0.13924	0.21519	1	2.6438e-05
accgtat	0.60963	0.11230	0.09091	0.18717	1	6.2581e-05
accgtca	0.30120	0.19277	0.24096	0.26506	1	2.7777e-05
accgtcc	0.35417	0.20833	0.16667	0.27083	1	1.6064e-05
accgtcg	0.28261	0.23913	0.21739	0.26087	1	1.5394e-05
accgtct	0.28205	0.20513	0.21795	0.29487	1	2.6103e-05
accgtga	0.32955	0.18182	0.15909	0.32955	1	2.9450e-05
accgtgc	0.24074	0.22222	0.24074	0.29630	1	1.8072e-05
accgtgg	0.37500	0.16667	0.14583	0.31250	1	1.6064e-05
accgtgt	0.25000	0.15625	0.23438	0.35938	1	2.1418e-05
accgtta	0.26897	0.18621	0.15862	0.38621	1	4.8525e-05
accgttc	0.26733	0.22772	0.10891	0.39604	1	3.3800e-05
accgttg	0.23529	0.32941	0.12941	0.30588	1	2.8446e-05
accgttt	0.21101	0.23394	0.16972	0.38532	1	7.2955e-05
acctaaa	0.38636	0.21818	0.15909	0.23636	1	7.3625e-05
acctaac	0.35644	0.15842	0.11881	0.36634	1	3.3800e-05
acctaag	0.37037	0.20988	0.23457	0.18519	1	2.7107e-05
acctaat	0.60909	0.09697	0.09091	0.20303	1	1.1044e-04
acctaca	0.34211	0.15132	0.12500	0.38158	1	5.0868e-05
acctacc	0.40000	0.17778	0.15556	0.26667	1	3.0119e-05
acctacg	0.27586	0.36207	0.15517	0.20690	1	1.9410e-05
acctact	0.32609	0.17391	0.20290	0.29710	1	4.6183e-05
acctaga	0.40506	0.15190	0.26582	0.17722	1	2.6438e-05
acctagc	0.28571	0.17460	0.12698	0.41270	1	2.1083e-05
acctagg	0.21429	0.26786	0.28571	0.23214	1	1.8741e-05
acctagt	0.30380	0.21519	0.24051	0.24051	1	2.6438e-05
acctata	0.20213	0.19681	0.13298	0.46809	1	6.2916e-05
acctatc	0.35849	0.14151	0.17925	0.32075	1	3.5474e-05
acctatg	0.28866	0.20619	0.22680	0.27835	1	3.2462e-05
acctatt	0.24790	0.16387	0.21429	0.37395	1	7.9649e-05
acctcaa	0.34946	0.19355	0.17742	0.27957	1	6.2246e-05
acctcac	0.27835	0.26804	0.18557	0.26804	1	3.2462e-05
acctcag	0.28736	0.24138	0.16092	0.31034	1	2.9115e-05
acctcat	0.16489	0.37234	0.16489	0.29787	1	6.2916e-05
acctcca	0.42157	0.18627	0.19608	0.19608	1	3.4135e-05
acctccc	0.30909	0.36364	0.07273	0.25455	1	1.8406e-05
acctccg	0.26000	0.20000	0.20000	0.34000	1	1.6733e-05
acctcct	0.15152	0.28283	0.17172	0.39394	1	3.3131e-05
acctcga	0.37662	0.09091	0.16883	0.36364	1	2.5769e-05
acctcgc	0.26000	0.36000	0.18000	0.20000	1	1.6733e-05
acctcgg	0.31373	0.45098	0.09804	0.13725	1	1.7068e-05
acctcgt	0.28049	0.15854	0.12195	0.43902	1	2.7442e-05
acctcta	0.33333	0.18000	0.18000	0.30667	1	5.0199e-05
acctctc	0.23967	0.15702	0.16529	0.43802	1	4.0494e-05
acctctg	0.32632	0.17895	0.15789	0.33684	1	3.1793e-05
acctctt	0.17333	0.20889	0.20889	0.40889	1	7.5298e-05
acctgaa	0.42262	0.13095	0.15476	0.29167	1	5.6223e-05
acctgac	0.41818	0.25455	0.07273	0.25455	1	1.8406e-05
acctgag	0.40351	0.19298	0.14035	0.26316	1	1.9076e-05
acctgat	0.36449	0.15888	0.20561	0.27103	1	3.5808e-05
acctgca	0.33846	0.13846	0.14615	0.37692	1	4.3506e-05
acctgcc	0.22222	0.18519	0.16667	0.42593	1	1.8072e-05
acctgcg	0.26667	0.22222	0.13333	0.37778	1	1.5060e-05
acctgct	0.31481	0.14815	0.23148	0.30556	1	3.6143e-05
acctgga	0.45205	0.15068	0.21918	0.17808	1	2.4430e-05
acctggc	0.27119	0.40678	0.20339	0.11864	1	1.9745e-05
acctggg	0.21875	0.25000	0.28125	0.25000	1	1.0709e-05
acctggt	0.32530	0.15663	0.16867	0.34940	1	2.7777e-05
acctgta	0.26623	0.20130	0.17532	0.35714	1	5.1537e-05
acctgtc	0.33333	0.25641	0.12821	0.28205	1	2.6103e-05
acctgtg	0.27632	0.21053	0.17105	0.34211	1	2.5434e-05
acctgtt	0.23125	0.16875	0.22500	0.37500	1	5.3545e-05
accttaa	0.42466	0.15982	0.15982	0.25571	1	7.3290e-05
accttac	0.34167	0.20000	0.13333	0.32500	1	4.0159e-05
accttag	0.29592	0.25510	0.13265	0.31633	1	3.2796e-05
accttat	0.29719	0.15261	0.20482	0.34538	1	8.3330e-05
accttca	0.34574	0.19149	0.17553	0.28723	1	6.2916e-05
accttcc	0.27044	0.25786	0.11321	0.35849	1	5.3211e-05
accttcg	0.20000	0.28889	0.14444	0.36667	1	3.0119e-05
accttct	0.20000	0.19500	0.18500	0.42000	1	6.6932e-05
accttga	0.40127	0.14650	0.17197	0.28025	1	5.2541e-05
accttgc	0.39394	0.13131	0.22222	0.25253	1	3.3131e-05
accttgg	0.26923	0.28846	0.16346	0.27885	1	3.4804e-05
accttgt	0.30719	0.13725	0.16993	0.38562	1	5.1203e-05
accttta	0.28065	0.20323	0.13871	0.37742	1	1.0374e-04
acctttc	0.29555	0.18623	0.10931	0.40891	1	8.2661e-05
acctttg	0.31383	0.27660	0.12766	0.28191	1	6.2916e-05
acctttt	0.18674	0.20244	0.15183	0.45899	1	1.9176e-04
acgaaaa	0.39353	0.14991	0.20102	0.25554	1	1.9644e-04
acgaaac	0.33163	0.12245	0.21429	0.33163	1	6.5593e-05
acgaaag	0.39367	0.19910	0.19005	0.21719	1	7.3959e-05
acgaaat	0.34043	0.17021	0.15603	0.33333	1	9.4374e-05
acgaaca	0.38028	0.16432	0.25822	0.19718	1	7.1282e-05
acgaacc	0.43478	0.18841	0.17391	0.20290	1	2.3091e-05
acgaacg	0.36471	0.15294	0.23529	0.24706	1	2.8446e-05
acgaact	0.25424	0.18644	0.29661	0.26271	1	3.9490e-05
acgaaga	0.42727	0.17273	0.19545	0.20455	1	7.3625e-05
acgaagc	0.31298	0.17557	0.29771	0.21374	1	4.3840e-05
acgaagg	0.26446	0.27273	0.21488	0.24793	1	4.0494e-05
acgaagt	0.31250	0.15278	0.22917	0.30556	1	4.8191e-05
acgaata	0.33333	0.21245	0.14286	0.31136	1	9.1362e-05
acgaatc	0.28723	0.18085	0.31915	0.21277	1	3.1458e-05
acgaatg	0.38655	0.18487	0.22689	0.20168	1	3.9824e-05
acgaatt	0.24880	0.14354	0.19617	0.41148	1	6.9944e-05
acgacaa	0.38660	0.18041	0.15464	0.27835	1	6.4924e-05
acgacac	0.41791	0.19403	0.17910	0.20896	1	2.2422e-05
acgacag	0.27350	0.30769	0.11111	0.30769	1	3.9155e-05
acgacat	0.34058	0.17391	0.10870	0.37681	1	4.6183e-05
acgacca	0.33784	0.24324	0.20270	0.21622	1	2.4765e-05
acgaccc	0.28571	0.21429	0.21429	0.28571	1	9.3704e-06
acgaccg	0.44828	0.20690	0.10345	0.24138	1	9.7051e-06
acgacct	0.25758	0.28788	0.10606	0.34848	1	2.2087e-05
acgacga	0.30986	0.35211	0.14085	0.19718	1	2.3761e-05
acgacgc	0.24138	0.25862	0.17241	0.32759	1	1.9410e-05
acgacgg	0.35714	0.23214	0.14286	0.26786	1	1.8741e-05
acgacgt	0.33766	0.16883	0.16883	0.32468	1	2.5769e-05
acgacta	0.34021	0.21649	0.17526	0.26804	1	3.2462e-05
acgactc	0.32099	0.30864	0.07407	0.29630	1	2.7107e-05
acgactg	0.27778	0.31481	0.12963	0.27778	1	1.8072e-05
acgactt	0.20000	0.24000	0.15000	0.41000	1	3.3466e-05
acgagaa	0.44186	0.13023	0.26047	0.16744	1	7.1951e-05
acgagac	0.45070	0.11268	0.25352	0.18310	1	2.3761e-05
acgagag	0.28571	0.13265	0.19388	0.38776	1	3.2796e-05
acgagat	0.32632	0.18947	0.17895	0.30526	1	3.1793e-05
acgagca	0.36585	0.20325	0.24390	0.18699	1	4.1163e-05
acgagcc	0.30189	0.13208	0.26415	0.30189	1	1.7737e-05
acgagcg	0.29787	0.23404	0.31915	0.14894	1	1.5729e-05
acgagct	0.32258	0.12903	0.14516	0.40323	1	2.0749e-05
acgagga	0.43011	0.16129	0.10753	0.30108	1	3.1123e-05
acgaggc	0.27692	0.21538	0.26154	0.24615	1	2.1753e-05
acgaggg	0.27143	0.27143	0.17143	0.28571	1	2.3426e-05
acgaggt	0.25000	0.06250	0.30000	0.38750	1	2.6773e-05
acgagta	0.37234	0.18085	0.19149	0.25532	1	3.1458e-05
acgagtc	0.36364	0.15909	0.15909	0.31818	1	1.4725e-05
acgagtg	0.33333	0.17460	0.20635	0.28571	1	2.1083e-05
acgagtt	0.20000	0.11579	0.25263	0.43158	1	3.1793e-05
acgataa	0.39167	0.17917	0.14583	0.28333	1	8.0318e-05
acgatac	0.43590	0.16239	0.16239	0.23932	1	3.9155e-05
acgatag	0.19745	0.12739	0.15287	0.52229	1	5.2541e-05
acgatat	0.34156	0.16461	0.18107	0.31276	1	8.1322e-05
acgatca	0.34524	0.20238	0.21429	0.23810	1	2.8111e-05
acgatcc	0.45455	0.14545	0.16364	0.23636	1	1.8406e-05
acgatcg	0.30645	0.17742	0.17742	0.33871	1	2.0749e-05
acgatct	0.32203	0.12712	0.21186	0.33898	1	3.9490e-05
acgatga	0.24841	0.17834	0.21656	0.35669	1	5.2541e-05
acgatgc	0.29213	0.19101	0.17978	0.33708	1	2.9785e-05
acgatgg	0.38356	0.28767	0.08219	0.24658	1	2.4430e-05
acgatgt	0.34409	0.11828	0.29032	0.24731	1	3.1123e-05
acgatta	0.22596	0.14423	0.12981	0.50000	1	6.9609e-05
acgattc	0.40594	0.13861	0.13861	0.31683	1	3.3800e-05
acgattg	0.26613	0.26613	0.16935	0.29839	1	4.1498e-05
acgattt	0.28899	0.20642	0.13761	0.36697	1	7.2955e-05
acgcaaa	0.29617	0.13240	0.16376	0.40767	1	9.6047e-05
acgcaac	0.34066	0.15385	0.18681	0.31868	1	3.0454e-05
acgcaag	0.26267	0.08295	0.54378	0.11060	1	7.2621e-05
acgcaat	0.33529	0.18824	0.15882	0.31765	1	5.6892e-05
acgcaca	0.27778	0.28472	0.15972	0.27778	1	4.8191e-05
acgcacc	0.25373	0.26866	0.16418	0.31343	1	2.2422e-05
acgcacg	0.20000	0.31667	0.18333	0.30000	1	2.0079e-05
acgcact	0.20455	0.22727	0.23864	0.32955	1	2.9450e-05
acgcaga	0.22609	0.14783	0.18261	0.44348	1	3.8486e-05
acgcagc	0.36842	0.17105	0.19737	0.26316	1	2.5434e-05
acgcagg	0.24528	0.22642	0.28302	0.24528	1	1.7737e-05
acgcagt	0.25532	0.25532	0.22340	0.26596	1	3.1458e-05
acgcata	0.23729	0.24859	0.14124	0.37288	1	5.9234e-05
acgcatc	0.28049	0.20732	0.20732	0.30488	1	2.7442e-05
acgcatg	0.29333	0.18667	0.16000	0.36000	1	2.5099e-05
acgcatt	0.24419	0.15698	0.20349	0.39535	1	5.7561e-05
acgccaa	0.49405	0.15476	0.21429	0.13690	1	5.6223e-05
acgccac	0.40678	0.20339	0.15254	0.23729	1	1.9745e-05
acgccag	0.28571	0.27143	0.18571	0.25714	1	2.3426e-05
acgccat	0.29070	0.19767	0.13953	0.37209	1	2.8781e-05
acgccca	0.26415	0.15094	0.28302	0.30189	1	1.7737e-05
acgcccc	0.29630	0.29630	0.11111	0.29630	1	9.0358e-06
acgcccg	0.22222	0.36111	0.13889	0.27778	1	1.2048e-05
acgccct	0.24000	0.32000	0.12000	0.32000	1	1.6733e-05
acgccga	0.29508	0.18033	0.18033	0.34426	1	2.0414e-05
acgccgc	0.30000	0.28000	0.20000	0.22000	1	1.6733e-05
acgccgg	0.25000	0.21875	0.21875	0.31250	1	1.0709e-05
acgccgt	0.27273	0.14545	0.20000	0.38182	1	1.8406e-05
acgccta	0.25000	0.23214	0.23214	0.28571	1	1.8741e-05
acgcctc	0.20635	0.23810	0.14286	0.41270	1	2.1083e-05
acgcctg	0.23810	0.23810	0.17460	0.34921	1	2.1083e-05
acgcctt	0.15126	0.24370	0.15126	0.45378	1	3.9824e-05
acgcgaa	0.60959	0.08219	0.18493	0.12329	1	4.8860e-05
acgcgac	0.21875	0.14062	0.35938	0.28125	1	2.1418e-05
acgcgag	0.32500	0.20000	0.32500	0.15000	1	1.3386e-05
acgcgat	0.29333	0.21333	0.20000	0.29333	1	2.5099e-05
acgcgca	0.32895	0.13158	0.18421	0.35526	1	2.5434e-05
acgcgcc	0.56923	0.07692	0.13846	0.21538	1	2.1753e-05
acgcgcg	0.27419	0.38710	0.20968	0.12903	1	2.0749e-05
acgcgct	0.17188	0.15625	0.20312	0.46875	1	2.1418e-05
acgcgga	0.39394	0.18182	0.15152	0.27273	1	1.1044e-05
acgcggc	0.16667	0.22917	0.41667	0.18750	1	1.6064e-05
acgcggg	0.10811	0.32432	0.24324	0.32432	1	1.2382e-05
acgcggt	0.33333	0.09524	0.30952	0.26190	1	1.4056e-05
acgcgta	0.47423	0.14433	0.13402	0.24742	1	3.2462e-05
acgcgtc	0.36458	0.16667	0.21875	0.25000	1	3.2127e-05
acgcgtg	0.28846	0.17308	0.30769	0.23077	1	1.7402e-05
acgcgtt	0.27941	0.11765	0.18382	0.41912	1	4.5514e-05
acgctaa	0.34375	0.14062	0.17969	0.33594	1	4.2836e-05
acgctac	0.30263	0.15789	0.21053	0.32895	1	2.5434e-05
acgctag	0.31746	0.23810	0.20635	0.23810	1	2.1083e-05
acgctat	0.27891	0.19048	0.10884	0.42177	1	4.9195e-05
acgctca	0.33708	0.22472	0.10112	0.33708	1	2.9785e-05
acgctcc	0.22388	0.16418	0.23881	0.37313	1	2.2422e-05
acgctcg	0.40541	0.16216	0.16216	0.27027	1	1.2382e-05
acgctct	0.17284	0.19753	0.18519	0.44444	1	2.7107e-05
acgctga	0.34118	0.22353	0.18824	0.24706	1	2.8446e-05
acgctgc	0.27368	0.18947	0.15789	0.37895	1	3.1793e-05
acgctgg	0.39583	0.16667	0.14583	0.29167	1	1.6064e-05
acgctgt	0.19149	0.17021	0.21277	0.42553	1	3.1458e-05
acgctta	0.32143	0.16964	0.16071	0.34821	1	3.7482e-05
acgcttc	0.23622	0.23622	0.16535	0.36220	1	4.2502e-05
acgcttg	0.30612	0.23469	0.15306	0.30612	1	3.2796e-05
acgcttt	0.19556	0.21333	0.11111	0.48000	1	7.5298e-05
acggaaa	0.44805	0.17532	0.16883	0.20779	1	1.0307e-04
acggaac	0.43243	0.13514	0.14865	0.28378	1	2.4765e-05
acggaag	0.40458	0.18321	0.19084	0.22137	1	4.3840e-05
acggaat	0.24444	0.10222	0.51111	0.14222	1	7.5298e-05
acggaca	0.35211	0.15493	0.22535	0.26761	1	2.3761e-05
acggacc	0.27273	0.27273	0.11364	0.34091	1	1.4725e-05
acggacg	0.35000	0.20000	0.10000	0.35000	1	1.3386e-05
acggact	0.30508	0.27119	0.18644	0.23729	1	1.9745e-05
acggaga	0.40777	0.13592	0.27184	0.18447	1	3.4470e-05
acggagc	0.37705	0.13115	0.27869	0.21311	1	2.0414e-05
acggagg	0.34545	0.18182	0.23636	0.23636	1	1.8406e-05
acggagt	0.30508	0.10169	0.25424	0.33898	1	1.9745e-05
acggata	0.26718	0.24427	0.15267	0.33588	1	4.3840e-05
acggatc	0.30189	0.22642	0.18868	0.28302	1	1.7737e-05
acggatg	0.26316	0.22105	0.14737	0.36842	1	3.1793e-05
acggatt	0.29412	0.13445	0.21008	0.36134	1	3.9824e-05
acggcaa	0.50340	0.17687	0.18367	0.13605	1	4.9195e-05
acggcac	0.27381	0.30952	0.20238	0.21429	1	2.8111e-05
acggcag	0.31250	0.25000	0.12500	0.31250	1	2.6773e-05
acggcat	0.27451	0.20588	0.14706	0.37255	1	3.4135e-05
acggcca	0.32000	0.22000	0.12000	0.34000	1	1.6733e-05
acggccc	0.20833	0.39583	0.22917	0.16667	1	1.6064e-05
acggccg	0.25000	0.16667	0.25000	0.33333	1	1.2048e-05
acggcct	0.13953	0.23256	0.16279	0.46512	1	1.4390e-05
acggcga	0.30159	0.17460	0.14286	0.38095	1	2.1083e-05
acggcgc	0.16071	0.12500	0.30357	0.41071	1	1.8741e-05
acggcgg	0.24444	0.31111	0.22222	0.22222	1	1.5060e-05
acggcgt	0.19643	0.26786	0.12500	0.41071	1	1.8741e-05
acggcta	0.32500	0.25000	0.16250	0.26250	1	2.6773e-05
acggctc	0.38462	0.20000	0.09231	0.32308	1	2.1753e-05
acggctg	0.28986	0.20290	0.11594	0.39130	1	2.3091e-05
acggctt	0.20833	0.21667	0.16667	0.40833	1	4.0159e-05
acgggaa	0.47500	0.16667	0.18333	0.17500	1	4.0159e-05
acgggac	0.26829	0.26829	0.24390	0.21951	1	1.3721e-05
acgggag	0.29032	0.27419	0.17742	0.25806	1	2.0749e-05
acgggat	0.26923	0.16667	0.25641	0.30769	1	2.6103e-05
acgggca	0.30645	0.22581	0.22581	0.24194	1	2.0749e-05
acgggcc	0.43243	0.08108	0.21622	0.27027	1	1.2382e-05
acgggcg	0.17647	0.23529	0.35294	0.23529	1	1.1378e-05
acgggct	0.20588	0.38235	0.17647	0.23529	1	2.2757e-05
acgggga	0.57143	0.06349	0.14286	0.22222	1	2.1083e-05
acggggc	0.19355	0.25806	0.22581	0.32258	1	1.0374e-05
acggggg	0.32000	0.12000	0.24000	0.32000	1	8.3665e-06
acggggt	0.18750	0.12500	0.18750	0.50000	1	1.0709e-05
acgggta	0.53608	0.10309	0.14433	0.21649	1	3.2462e-05
acgggtc	0.27586	0.34483	0.13793	0.24138	1	9.7051e-06
acgggtg	0.29091	0.23636	0.12727	0.34545	1	1.8406e-05
acgggtt	0.21311	0.21311	0.06557	0.50820	1	2.0414e-05
acggtaa	0.36601	0.16993	0.16340	0.30065	1	5.1203e-05
acggtac	0.35294	0.17647	0.23529	0.23529	1	2.2757e-05
acggtag	0.29348	0.20652	0.19565	0.30435	1	3.0789e-05
acggtat	0.33077	0.16154	0.23077	0.27692	1	4.3506e-05
acggtca	0.41270	0.26984	0.06349	0.25397	1	2.1083e-05
acggtcc	0.48387	0.12903	0.12903	0.25806	1	1.0374e-05
acggtcg	0.19444	0.27778	0.25000	0.27778	1	1.2048e-05
acggtct	0.18182	0.16667	0.24242	0.40909	1	2.2087e-05
acggtga	0.30556	0.17593	0.22222	0.29630	1	3.6143e-05
acggtgc	0.22222	0.22222	0.25397	0.30159	1	2.1083e-05
acggtgg	0.15873	0.41270	0.12698	0.30159	1	2.1083e-05
acggtgt	0.13146	0.06103	0.09390	0.71362	1	7.1282e-05
acggtta	0.24786	0.23932	0.13675	0.37607	1	3.9155e-05
acggttc	0.29114	0.21519	0.07595	0.41772	1	2.6438e-05
acggttg	0.27848	0.22785	0.24051	0.25316	1	2.6438e-05
acggttt	0.23030	0.17576	0.20000	0.39394	1	5.5219e-05
acgtaaa	0.31378	0.15836	0.18182	0.34604	1	1.1412e-04
acgtaac	0.39062	0.17188	0.17969	0.25781	1	4.2836e-05
acgtaag	0.35484	0.16129	0.25000	0.23387	1	4.1498e-05
acgtaat	0.30180	0.18468	0.18018	0.33333	1	7.4294e-05
acgtaca	0.30909	0.14545	0.16364	0.38182	1	5.5219e-05
acgtacc	0.26829	0.25610	0.26829	0.20732	1	2.7442e-05
acgtacg	0.28182	0.21818	0.12727	0.37273	1	3.6812e-05
acgtact	0.33333	0.15556	0.18519	0.32593	1	4.5179e-05
acgtaga	0.42963	0.11852	0.20741	0.24444	1	4.5179e-05
acgtagc	0.31081	0.20270	0.20270	0.28378	1	2.4765e-05
acgtagg	0.41096	0.20548	0.13699	0.24658	1	2.4430e-05
acgtagt	0.26866	0.18657	0.23881	0.30597	1	4.4844e-05
acgtata	0.24412	0.22059	0.10294	0.43235	1	1.1378e-04
acgtatc	0.35156	0.19531	0.13281	0.32031	1	4.2836e-05
acgtatg	0.26866	0.17910	0.15672	0.39552	1	4.4844e-05
acgtatt	0.24324	0.20463	0.18533	0.36680	1	8.6676e-05
acgtcaa	0.38125	0.15000	0.18750	0.28125	1	5.3545e-05
acgtcac	0.29348	0.26087	0.15217	0.29348	1	3.0789e-05
acgtcag	0.24051	0.17722	0.13924	0.44304	1	2.6438e-05
acgtcat	0.28333	0.28333	0.13333	0.30000	1	4.0159e-05
acgtcca	0.30508	0.20339	0.10169	0.38983	1	1.9745e-05
acgtccc	0.37838	0.13514	0.21622	0.27027	1	1.2382e-05
acgtccg	0.26667	0.23333	0.10000	0.40000	1	1.0040e-05
acgtcct	0.18333	0.20000	0.23333	0.38333	1	2.0079e-05
acgtcga	0.27692	0.21538	0.13846	0.36923	1	2.1753e-05
acgtcgc	0.30612	0.32653	0.10204	0.26531	1	1.6398e-05
acgtcgg	0.32432	0.35135	0.05405	0.27027	1	1.2382e-05
acgtcgt	0.25926	0.22222	0.22222	0.29630	1	2.7107e-05
acgtcta	0.27957	0.21505	0.11828	0.38710	1	3.1123e-05
acgtctc	0.30137	0.16438	0.12329	0.41096	1	2.4430e-05
acgtctg	0.28788	0.19697	0.19697	0.31818	1	2.2087e-05
acgtctt	0.21481	0.27407	0.16296	0.34815	1	4.5179e-05
acgtgaa	0.45399	0.14110	0.12270	0.28221	1	5.4549e-05
acgtgac	0.31818	0.15455	0.17273	0.35455	1	3.6812e-05
acgtgag	0.30667	0.32000	0.17333	0.20000	1	2.5099e-05
acgtgat	0.35165	0.21978	0.15385	0.27473	1	6.0908e-05
acgtgca	0.36752	0.20513	0.13675	0.29060	1	3.9155e-05
acgtgcc	0.26531	0.20408	0.28571	0.24490	1	1.6398e-05
acgtgcg	0.20339	0.27119	0.23729	0.28814	1	1.9745e-05
acgtgct	0.20000	0.16842	0.21053	0.42105	1	3.1793e-05
acgtgga	0.40230	0.18391	0.12644	0.28736	1	2.9115e-05
acgtggc	0.30357	0.23214	0.16071	0.30357	1	1.8741e-05
acgtggg	0.40323	0.14516	0.25806	0.19355	1	2.0749e-05
acgtggt	0.18750	0.15000	0.36250	0.30000	1	2.6773e-05
acgtgta	0.27338	0.18705	0.12230	0.41727	1	4.6517e-05
acgtgtc	0.29412	0.13725	0.25490	0.31373	1	1.7068e-05
acgtgtg	0.25581	0.20930	0.15116	0.38372	1	2.8781e-05
acgtgtt	0.22464	0.24638	0.21739	0.31159	1	4.6183e-05
acgttaa	0.41748	0.16990	0.12136	0.29126	1	6.8940e-05
acgttac	0.15294	0.14118	0.13529	0.57059	1	5.6892e-05
acgttag	0.29787	0.23404	0.20213	0.26596	1	3.1458e-05
acgttat	0.33498	0.19704	0.10837	0.35961	1	6.7936e-05
acgttca	0.25694	0.18750	0.15278	0.40278	1	4.8191e-05
acgttcc	0.31868	0.14286	0.14286	0.39560	1	3.0454e-05
acgttcg	0.29688	0.25000	0.10938	0.34375	1	2.1418e-05
acgttct	0.19853	0.23529	0.21324	0.35294	1	4.5514e-05
acgttga	0.43066	0.11679	0.18248	0.27007	1	4.5848e-05
acgttgc	0.30000	0.21111	0.04444	0.44444	1	3.0119e-05
acgttgg	0.27711	0.19277	0.18072	0.34940	1	2.7777e-05
acgttgt	0.19424	0.17986	0.24460	0.38129	1	4.6517e-05
acgttta	0.28340	0.21862	0.17814	0.31984	1	8.2661e-05
acgtttc	0.29293	0.20707	0.14141	0.35859	1	6.6262e-05
acgtttg	0.25882	0.21176	0.19412	0.33529	1	5.6892e-05
acgtttt	0.25070	0.23944	0.12676	0.38310	1	1.1880e-04
actaaaa	0.40572	0.15488	0.20370	0.23569	1	1.9879e-04
actaaac	0.33471	0.17769	0.15702	0.33058	1	8.0987e-05
actaaag	0.34615	0.19231	0.20000	0.26154	1	8.7011e-05
actaaat	0.38517	0.15789	0.18421	0.27273	1	1.3989e-04
actaaca	0.43304	0.16964	0.14732	0.25000	1	7.4963e-05
actaacc	0.35833	0.16667	0.15833	0.31667	1	4.0159e-05
actaacg	0.26437	0.16092	0.25287	0.32184	1	2.9115e-05
actaact	0.50000	0.10606	0.15530	0.23864	1	8.8350e-05
actaaga	0.46124	0.12016	0.18605	0.23256	1	8.6342e-05
actaagc	0.48201	0.17986	0.15108	0.18705	1	4.6517e-05
actaagg	0.40179	0.21429	0.22321	0.16071	1	3.7482e-05
actaagt	0.35165	0.15385	0.25824	0.23626	1	6.0908e-05
actaata	0.26151	0.15654	0.26888	0.31308	1	1.8172e-04
actaatc	0.36413	0.16304	0.16304	0.30978	1	6.1577e-05
actaatg	0.29121	0.19780	0.23626	0.27473	1	6.0908e-05
actaatt	0.28736	0.12414	0.19080	0.39770	1	1.4558e-04
actacaa	0.32986	0.22917	0.19792	0.24306	1	9.6382e-05
actacac	0.34646	0.20472	0.14961	0.29921	1	4.2502e-05
actacag	0.34375	0.25000	0.11979	0.28646	1	6.4254e-05
actacat	0.38376	0.16605	0.12915	0.32103	1	9.0692e-05
actacca	0.30808	0.24242	0.18182	0.26768	1	6.6262e-05
actaccc	0.29808	0.25000	0.19231	0.25962	1	3.4804e-05
actaccg	0.26050	0.25210	0.21008	0.27731	1	3.9824e-05
actacct	0.21277	0.22695	0.15603	0.40426	1	4.7187e-05
actacga	0.40777	0.21359	0.15534	0.22330	1	3.4470e-05
actacgc	0.26506	0.19277	0.19277	0.34940	1	2.7777e-05
actacgg	0.28205	0.21795	0.17949	0.32051	1	2.6103e-05
actacgt	0.47059	0.12605	0.16807	0.23529	1	3.9824e-05
actacta	0.28125	0.25625	0.15000	0.31250	1	1.0709e-04
actactc	0.29268	0.20325	0.15447	0.34959	1	4.1163e-05
actactg	0.24766	0.24299	0.16355	0.34579	1	7.1617e-05
actactt	0.19266	0.24465	0.14067	0.42202	1	1.0943e-04
actagaa	0.33437	0.12812	0.33437	0.20312	1	1.0709e-04
actagac	0.38554	0.18072	0.16867	0.26506	1	2.7777e-05
actagag	0.45872	0.16514	0.15596	0.22018	1	3.6478e-05
actagat	0.34000	0.10667	0.24000	0.31333	1	5.0199e-05
actagca	0.28492	0.21229	0.22346	0.27933	1	5.9904e-05
actagcc	0.37209	0.22093	0.12791	0.27907	1	2.8781e-05
actagcg	0.30769	0.27692	0.18462	0.23077	1	2.1753e-05
actagct	0.26923	0.15385	0.21154	0.36538	1	3.4804e-05
actagga	0.44355	0.13710	0.22581	0.19355	1	4.1498e-05
actaggc	0.33962	0.22642	0.18868	0.24528	1	1.7737e-05
actaggg	0.32812	0.23438	0.18750	0.25000	1	2.1418e-05
actaggt	0.31868	0.18681	0.21978	0.27473	1	3.0454e-05
actagta	0.27273	0.07692	0.12587	0.52448	1	1.4357e-04
actagtc	0.39091	0.15455	0.16364	0.29091	1	3.6812e-05
actagtg	0.28462	0.26154	0.24615	0.20769	1	4.3506e-05
actagtt	0.35019	0.17510	0.17121	0.30350	1	8.6007e-05
actataa	0.35279	0.21066	0.14213	0.29442	1	1.3186e-04
actatac	0.40654	0.14486	0.16822	0.28037	1	7.1617e-05
actatag	0.29500	0.30000	0.09500	0.31000	1	6.6932e-05
actatat	0.43006	0.15449	0.10856	0.30689	1	1.6030e-04
actatca	0.25749	0.13473	0.11377	0.49401	1	1.1178e-04
actatcc	0.32812	0.24219	0.12500	0.30469	1	4.2836e-05
actatcg	0.21106	0.20101	0.10050	0.48744	1	6.6597e-05
actatct	0.26230	0.23770	0.17213	0.32787	1	8.1657e-05
actatga	0.43506	0.17532	0.16883	0.22078	1	5.1537e-05
actatgc	0.34000	0.17000	0.14000	0.35000	1	3.3466e-05
actatgg	0.32381	0.27619	0.12381	0.27619	1	3.5139e-05
actatgt	0.44503	0.09948	0.16230	0.29319	1	6.3920e-05
actatta	0.27254	0.19706	0.16562	0.36478	1	1.5963e-04
actattc	0.30233	0.19934	0.12625	0.37209	1	1.0073e-04
actattg	0.34891	0.15265	0.13084	0.36760	1	1.0743e-04
actattt	0.24880	0.25040	0.12440	0.37640	1	2.0983e-04
actcaaa	0.36677	0.21630	0.15361	0.26332	1	1.0676e-04
actcaac	0.28986	0.19565	0.21739	0.29710	1	4.6183e-05
actcaag	0.38514	0.24324	0.10135	0.27027	1	4.9529e-05
actcaat	0.31169	0.17316	0.14286	0.37229	1	7.7306e-05
actcaca	0.38462	0.23718	0.08333	0.29487	1	5.2207e-05
actcacc	0.35000	0.24000	0.16000	0.25000	1	3.3466e-05
actcacg	0.14000	0.36000	0.14000	0.36000	1	1.6733e-05
actcact	0.29286	0.19286	0.16429	0.35000	1	4.6852e-05
actcaga	0.36937	0.16216	0.19820	0.27027	1	3.7147e-05
actcagc	0.33333	0.24444	0.17778	0.24444	1	3.0119e-05
actcagg	0.32075	0.20755	0.22642	0.24528	1	1.7737e-05
actcagt	0.29167	0.15000	0.15000	0.40833	1	4.0159e-05
actcata	0.30732	0.15610	0.13659	0.40000	1	6.8605e-05
actcatc	0.33161	0.10363	0.24352	0.32124	1	6.4589e-05
actcatg	0.25000	0.19000	0.15000	0.41000	1	3.3466e-05
actcatt	0.29779	0.22426	0.16544	0.31250	1	9.1027e-05
actccaa	0.33813	0.20863	0.16547	0.28777	1	4.6517e-05
actccac	0.34483	0.23276	0.09483	0.32759	1	3.8820e-05
actccag	0.23377	0.16883	0.20779	0.38961	1	2.5769e-05
actccat	0.30216	0.20144	0.13669	0.35971	1	4.6517e-05
actccca	0.36957	0.15217	0.22826	0.25000	1	3.0789e-05
actcccc	0.23810	0.20635	0.07937	0.47619	1	2.1083e-05
actcccg	0.14706	0.38235	0.11765	0.35294	1	1.1378e-05
actccct	0.12987	0.20779	0.11688	0.54545	1	2.5769e-05
actccga	0.47887	0.18310	0.07042	0.26761	1	2.3761e-05
actccgc	0.27869	0.18033	0.24590	0.29508	1	2.0414e-05
actccgg	0.20290	0.14493	0.24638	0.40580	1	2.3091e-05
actccgt	0.26471	0.27941	0.14706	0.30882	1	2.2757e-05
actccta	0.27835	0.21649	0.10309	0.40206	1	3.2462e-05
actcctc	0.25532	0.18085	0.20213	0.36170	1	3.1458e-05
actcctg	0.33721	0.23256	0.16279	0.26744	1	2.8781e-05
actcctt	0.09794	0.33505	0.14948	0.41753	1	6.4924e-05
actcgaa	0.36792	0.20755	0.15094	0.27358	1	3.5474e-05
actcgac	0.27660	0.14894	0.21277	0.36170	1	1.5729e-05
actcgag	0.26667	0.32000	0.21333	0.20000	1	2.5099e-05
actcgat	0.37113	0.14433	0.25773	0.22680	1	3.2462e-05
actcgca	0.33735	0.14458	0.16867	0.34940	1	2.7777e-05
actcgcc	0.28889	0.15556	0.24444	0.31111	1	1.5060e-05
actcgcg	0.29412	0.33333	0.21569	0.15686	1	1.7068e-05
actcgct	0.20548	0.16438	0.30137	0.32877	1	2.4430e-05
actcgga	0.56863	0.15686	0.09804	0.17647	1	1.7068e-05
actcggc	0.28571	0.20000	0.25714	0.25714	1	1.1713e-05
actcggg	0.32000	0.20000	0.24000	0.24000	1	8.3665e-06
actcggt	0.22222	0.24444	0.26667	0.26667	1	1.5060e-05
actcgta	0.22105	0.20000	0.20000	0.37895	1	3.1793e-05
actcgtc	0.31481	0.16667	0.20370	0.31481	1	1.8072e-05
actcgtg	0.27273	0.15909	0.22727	0.34091	1	1.4725e-05
actcgtt	0.26230	0.16393	0.14754	0.42623	1	4.0828e-05
actctaa	0.35751	0.19171	0.15544	0.29534	1	6.4589e-05
actctac	0.27586	0.20690	0.14655	0.37069	1	3.8820e-05
actctag	0.32222	0.26667	0.12222	0.28889	1	3.0119e-05
actctat	0.33810	0.21429	0.13810	0.30952	1	7.0278e-05
actctca	0.34328	0.23134	0.18657	0.23881	1	4.4844e-05
actctcc	0.25243	0.25243	0.17476	0.32039	1	3.4470e-05
actctcg	0.26582	0.25316	0.13924	0.34177	1	2.6438e-05
actctct	0.23497	0.25683	0.13661	0.37158	1	6.1242e-05
actctga	0.43810	0.14286	0.19048	0.22857	1	3.5139e-05
actctgc	0.42529	0.20690	0.09195	0.27586	1	2.9115e-05
actctgg	0.22667	0.33333	0.16000	0.28000	1	2.5099e-05
actctgt	0.31915	0.12766	0.16312	0.39007	1	4.7187e-05
actctta	0.32222	0.17778	0.11111	0.38889	1	6.0238e-05
actcttc	0.28395	0.23457	0.12346	0.35802	1	8.1322e-05
actcttg	0.27692	0.16410	0.20513	0.35385	1	6.5258e-05
actcttt	0.18640	0.24342	0.12500	0.44518	1	1.5260e-04
actgaaa	0.48660	0.14845	0.15258	0.21237	1	1.6231e-04
actgaac	0.33333	0.16667	0.18000	0.32000	1	5.0199e-05
actgaag	0.35859	0.20707	0.20202	0.23232	1	6.6262e-05
actgaat	0.34483	0.18008	0.14943	0.32567	1	8.7346e-05
actgaca	0.29940	0.22156	0.13174	0.34731	1	5.5888e-05
actgacc	0.40741	0.16667	0.11111	0.31481	1	1.8072e-05
actgacg	0.22472	0.26966	0.12360	0.38202	1	2.9785e-05
actgact	0.39655	0.19828	0.15517	0.25000	1	3.8820e-05
actgaga	0.49635	0.12409	0.18248	0.19708	1	4.5848e-05
actgagc	0.32258	0.22581	0.15054	0.30108	1	3.1123e-05
actgagg	0.36782	0.19540	0.14943	0.28736	1	2.9115e-05
actgagt	0.36697	0.13761	0.23853	0.25688	1	3.6478e-05
actgata	0.31513	0.16387	0.17227	0.34874	1	7.9649e-05
actgatc	0.31624	0.15385	0.17094	0.35897	1	3.9155e-05
actgatg	0.37984	0.15504	0.19380	0.27132	1	4.3171e-05
actgatt	0.31624	0.15385	0.14530	0.38462	1	7.8310e-05
actgcaa	0.41518	0.15179	0.20982	0.22321	1	7.4963e-05
actgcac	0.31452	0.16129	0.13710	0.38710	1	4.1498e-05
actgcag	0.30714	0.23571	0.15714	0.30000	1	4.6852e-05
actgcat	0.29798	0.21717	0.15152	0.33333	1	6.6262e-05
actgcca	0.30882	0.22794	0.13235	0.33088	1	4.5514e-05
actgccc	0.28358	0.13433	0.16418	0.41791	1	2.2422e-05
actgccg	0.24000	0.29333	0.14667	0.32000	1	2.5099e-05
actgcct	0.21488	0.17355	0.19008	0.42149	1	4.0494e-05
actgcga	0.37500	0.20833	0.18750	0.22917	1	3.2127e-05
actgcgc	0.32184	0.20690	0.09195	0.37931	1	2.9115e-05
actgcgg	0.33333	0.25000	0.16667	0.25000	1	2.4095e-05
actgcgt	0.36782	0.12644	0.10345	0.40230	1	2.9115e-05
actgcta	0.27869	0.22404	0.14754	0.34973	1	6.1242e-05
actgctc	0.32867	0.19580	0.16084	0.31469	1	4.7856e-05
actgctg	0.30882	0.26471	0.15441	0.27206	1	4.5514e-05
actgctt	0.25911	0.20243	0.17409	0.36437	1	8.2661e-05
actggaa	0.42654	0.12796	0.25118	0.19431	1	7.0613e-05
actggac	0.38571	0.12857	0.20000	0.28571	1	2.3426e-05
actggag	0.40196	0.20588	0.15686	0.23529	1	3.4135e-05
actggat	0.40517	0.17241	0.19828	0.22414	1	3.8820e-05
actggca	0.27273	0.19192	0.18182	0.35354	1	3.3131e-05
actggcc	0.30769	0.15385	0.21538	0.32308	1	2.1753e-05
actggcg	0.31884	0.20290	0.15942	0.31884	1	2.3091e-05
actggct	0.20202	0.16162	0.31313	0.32323	1	3.3131e-05
actggga	0.40506	0.08861	0.20253	0.30380	1	2.6438e-05
actgggc	0.28814	0.16949	0.23729	0.30508	1	1.9745e-05
actgggg	0.34043	0.36170	0.08511	0.21277	1	1.5729e-05
actgggt	0.30645	0.16129	0.24194	0.29032	1	2.0749e-05
actggta	0.39437	0.12676	0.16901	0.30986	1	4.7521e-05
actggtc	0.47458	0.13559	0.13559	0.25424	1	1.9745e-05
actggtg	0.22727	0.27273	0.23864	0.26136	1	2.9450e-05
actggtt	0.35583	0.16564	0.16564	0.31288	1	5.4549e-05
actgtaa	0.35125	0.15412	0.17921	0.31541	1	9.3370e-05
actgtac	0.34591	0.13208	0.16981	0.35220	1	5.3211e-05
actgtag	0.29078	0.24823	0.17021	0.29078	1	4.7187e-05
actgtat	0.42403	0.09541	0.13781	0.34276	1	9.4708e-05
actgtca	0.28261	0.17391	0.16848	0.37500	1	6.1577e-05
actgtcc	0.34615	0.12821	0.10256	0.42308	1	2.6103e-05
actgtcg	0.27536	0.23188	0.11594	0.37681	1	2.3091e-05
actgtct	0.19231	0.20000	0.20769	0.40000	1	4.3506e-05
actgtga	0.36538	0.15385	0.15385	0.32692	1	5.2207e-05
actgtgc	0.45113	0.14286	0.12030	0.28571	1	4.4510e-05
actgtgg	0.24038	0.33654	0.19231	0.23077	1	3.4804e-05
actgtgt	0.36875	0.11875	0.14375	0.36875	1	5.3545e-05
actgtta	0.30738	0.18443	0.14344	0.36475	1	8.1657e-05
actgttc	0.35429	0.19429	0.08571	0.36571	1	5.8565e-05
actgttg	0.29187	0.18660	0.21531	0.30622	1	6.9944e-05
actgttt	0.21546	0.24122	0.12881	0.41452	1	1.4290e-04
acttaaa	0.43990	0.16624	0.14578	0.24808	1	1.3085e-04
acttaac	0.40588	0.18824	0.12353	0.28235	1	5.6892e-05
acttaag	0.34270	0.17978	0.21910	0.25843	1	5.9569e-05
acttaat	0.38348	0.15044	0.17994	0.28614	1	1.1345e-04
acttaca	0.35808	0.19214	0.15284	0.29694	1	7.6637e-05
acttacc	0.40441	0.25735	0.11765	0.22059	1	4.5514e-05
acttacg	0.33000	0.21000	0.09000	0.37000	1	3.3466e-05
acttact	0.26568	0.18819	0.17343	0.37269	1	9.0692e-05
acttaga	0.36054	0.12925	0.21769	0.29252	1	4.9195e-05
acttagc	0.37615	0.19266	0.19266	0.23853	1	3.6478e-05
acttagg	0.24286	0.31429	0.18571	0.25714	1	2.3426e-05
acttagt	0.40000	0.18182	0.13333	0.28485	1	5.5219e-05
acttata	0.30321	0.15160	0.13411	0.41108	1	1.1479e-04
acttatc	0.29000	0.19500	0.13500	0.38000	1	6.6932e-05
acttatg	0.23256	0.20349	0.12791	0.43605	1	5.7561e-05
acttatt	0.25629	0.16018	0.15332	0.43021	1	1.4625e-04
acttcaa	0.30457	0.16497	0.19036	0.34010	1	1.3186e-04
acttcac	0.32941	0.24706	0.14706	0.27647	1	5.6892e-05
acttcag	0.29245	0.32075	0.17925	0.20755	1	7.0948e-05
acttcat	0.29078	0.18794	0.14539	0.37589	1	9.4374e-05
acttcca	0.29864	0.21719	0.14480	0.33937	1	7.3959e-05
acttccc	0.23899	0.20755	0.13836	0.41509	1	5.3211e-05
acttccg	0.27711	0.24096	0.14458	0.33735	1	2.7777e-05
acttcct	0.20253	0.16456	0.12236	0.51055	1	7.9314e-05
acttcga	0.36872	0.09497	0.19553	0.34078	1	5.9904e-05
acttcgc	0.32979	0.19149	0.14894	0.32979	1	3.1458e-05
acttcgg	0.21348	0.30337	0.16854	0.31461	1	2.9785e-05
acttcgt	0.25000	0.20139	0.15278	0.39583	1	4.8191e-05
acttcta	0.16223	0.12349	0.49637	0.21792	1	1.3821e-04
acttctc	0.22314	0.21074	0.19421	0.37190	1	8.0987e-05
acttctg	0.24121	0.24623	0.16583	0.34673	1	6.6597e-05
acttctt	0.17726	0.23121	0.19075	0.40077	1	1.7369e-04
acttgaa	0.42466	0.15342	0.19726	0.22466	1	1.2215e-04
acttgac	0.32143	0.13571	0.23571	0.30714	1	4.6852e-05
acttgag	0.29231	0.25385	0.14615	0.30769	1	4.3506e-05
acttgat	0.35802	0.17284	0.20576	0.26337	1	8.1322e-05
acttgca	0.31429	0.19524	0.19524	0.29524	1	7.0278e-05
acttgcc	0.37391	0.20870	0.15652	0.26087	1	3.8486e-05
acttgcg	0.22917	0.20833	0.22917	0.33333	1	3.2127e-05
acttgct	0.23077	0.21538	0.23077	0.32308	1	6.5258e-05
acttgga	0.46512	0.13953	0.17054	0.22481	1	4.3171e-05
acttggc	0.44538	0.11765	0.16807	0.26891	1	3.9824e-05
acttggg	0.35000	0.20000	0.13333	0.31667	1	2.0079e-05
acttggt	0.26761	0.13380	0.19718	0.40141	1	4.7521e-05
acttgta	0.27354	0.14350	0.17040	0.41256	1	7.4629e-05
acttgtc	0.30769	0.15385	0.16239	0.37607	1	3.9155e-05
acttgtg	0.23571	0.24286	0.23571	0.28571	1	4.6852e-05
acttgtt	0.21646	0.17988	0.19817	0.40549	1	1.0977e-04
actttaa	0.40777	0.17233	0.15291	0.26699	1	1.3788e-04
actttac	0.33577	0.18248	0.17518	0.30657	1	9.1696e-05
actttag	0.33505	0.23711	0.12887	0.29897	1	6.4924e-05
actttat	0.30972	0.17611	0.16599	0.34818	1	1.6532e-04
actttca	0.39566	0.18428	0.12195	0.29810	1	1.2349e-04
actttcc	0.26217	0.17978	0.14981	0.40824	1	8.9354e-05
actttcg	0.33121	0.19108	0.17834	0.29936	1	5.2541e-05
actttct	0.22581	0.18925	0.14624	0.43871	1	1.5562e-04
actttga	0.40523	0.18301	0.13072	0.28105	1	1.0241e-04
actttgc	0.34222	0.19556	0.15111	0.31111	1	7.5298e-05
actttgg	0.22368	0.19737	0.25000	0.32895	1	5.0868e-05
actttgt	0.25263	0.18947	0.14035	0.41754	1	9.5378e-05
actttta	0.29758	0.18512	0.18512	0.33218	1	1.9343e-04
acttttc	0.27871	0.19908	0.11639	0.40582	1	2.1853e-04
acttttg	0.31944	0.20602	0.16667	0.30787	1	1.4457e-04
acttttt	0.19884	0.20215	0.11599	0.48302	1	4.0393e-04
agaaaaa	0.49912	0.10272	0.20369	0.19447	1	7.6235e-04
agaaaac	0.38967	0.19249	0.15962	0.25822	1	2.1385e-04
agaaaag	0.41052	0.16052	0.21310	0.21587	1	3.6277e-04
agaaaat	0.37037	0.14815	0.16617	0.31532	1	3.3432e-04
agaaaca	0.39638	0.14803	0.21217	0.24342	1	2.0347e-04
agaaacc	0.36444	0.19556	0.19111	0.24889	1	7.5298e-05
agaaacg	0.30515	0.22794	0.25000	0.21691	1	9.1027e-05
agaaact	0.29925	0.18204	0.21197	0.30673	1	1.3420e-04
agaaaga	0.51111	0.10988	0.19383	0.18519	1	2.7107e-04
agaaagc	0.42746	0.12176	0.19430	0.25648	1	1.2918e-04
agaaagg	0.34660	0.19672	0.22951	0.22717	1	1.4290e-04
agaaagt	0.32755	0.11280	0.21041	0.34924	1	1.5428e-04
agaaata	0.30524	0.14697	0.22919	0.31860	1	3.2562e-04
agaaatc	0.38028	0.18592	0.14366	0.29014	1	1.1880e-04
agaaatg	0.33784	0.18243	0.22072	0.25901	1	1.4859e-04
agaaatt	0.28151	0.17512	0.18822	0.35516	1	2.0448e-04
agaacaa	0.37007	0.15789	0.22862	0.24342	1	2.0347e-04
agaacac	0.32105	0.23158	0.16316	0.28421	1	6.3585e-05
agaacag	0.35206	0.20599	0.18727	0.25468	1	8.9354e-05
agaacat	0.34493	0.22609	0.11304	0.31594	1	1.1546e-04
agaacca	0.38819	0.20675	0.17722	0.22785	1	7.9314e-05
agaaccc	0.36111	0.12963	0.11111	0.39815	1	3.6143e-05
agaaccg	0.35000	0.14000	0.17000	0.34000	1	3.3466e-05
agaacct	0.20149	0.23881	0.21642	0.34328	1	4.4844e-05
agaacga	0.40191	0.14833	0.17703	0.27273	1	6.9944e-05
agaacgc	0.32143	0.24286	0.21429	0.22143	1	4.6852e-05
agaacgg	0.39394	0.18939	0.12121	0.29545	1	4.4175e-05
agaacgt	0.30189	0.15094	0.15723	0.38994	1	5.3211e-05
agaacta	0.27451	0.25490	0.19216	0.27843	1	8.5338e-05
agaactc	0.36527	0.18563	0.13174	0.31737	1	5.5888e-05
agaactg	0.30000	0.19444	0.17778	0.32778	1	6.0238e-05
agaactt	0.18162	0.44017	0.13675	0.24145	1	1.5662e-04
agaagaa	0.49097	0.13431	0.22009	0.15463	1	2.9651e-04
agaagac	0.45327	0.16355	0.15421	0.22897	1	7.1617e-05
agaagag	0.39524	0.19524	0.22857	0.18095	1	1.4056e-04
agaagat	0.28009	0.15098	0.32604	0.24289	1	1.5294e-04
agaagca	0.39130	0.21159	0.19420	0.20290	1	1.1546e-04
agaagcc	0.35088	0.13450	0.18129	0.33333	1	5.7227e-05
agaagcg	0.31847	0.26752	0.17197	0.24204	1	5.2541e-05
agaagct	0.21575	0.14041	0.37671	0.26712	1	9.7720e-05
agaagga	0.50646	0.11111	0.21189	0.17054	1	1.2951e-04
agaaggc	0.39394	0.20202	0.18687	0.21717	1	6.6262e-05
agaaggg	0.34247	0.20548	0.21918	0.23288	1	7.3290e-05
agaaggt	0.25234	0.18224	0.23364	0.33178	1	7.1617e-05
agaagta	0.39096	0.15426	0.19149	0.26330	1	1.2583e-04
agaagtc	0.34532	0.17986	0.22302	0.25180	1	4.6517e-05
agaagtg	0.33588	0.17939	0.24046	0.24427	1	8.7680e-05
agaagtt	0.23953	0.29302	0.18837	0.27907	1	1.4390e-04
agaataa	0.41265	0.15543	0.17469	0.25722	1	2.4330e-04
agaatac	0.38538	0.19269	0.17276	0.24917	1	1.0073e-04
agaatag	0.32544	0.20710	0.19231	0.27515	1	1.1311e-04
agaatat	0.40819	0.17602	0.16085	0.25493	1	2.2054e-04
agaatca	0.35345	0.25000	0.14655	0.25000	1	7.7641e-05
agaatcc	0.27673	0.22013	0.13836	0.36478	1	5.3211e-05
agaatcg	0.29032	0.24194	0.20968	0.25806	1	4.1498e-05
agaatct	0.24895	0.22785	0.22363	0.29958	1	7.9314e-05
agaatga	0.39194	0.15751	0.17949	0.27106	1	9.1362e-05
agaatgc	0.31176	0.24706	0.15882	0.28235	1	5.6892e-05
agaatgg	0.34132	0.25150	0.16766	0.23952	1	5.5888e-05
agaatgt	0.35686	0.14118	0.21961	0.28235	1	8.5338e-05
agaatta	0.25344	0.25620	0.15702	0.33333	1	1.2148e-04
agaattc	0.30837	0.16300	0.16300	0.36564	1	7.5967e-05
agaattg	0.23488	0.24884	0.16047	0.35581	1	1.4390e-04
agaattt	0.22925	0.19763	0.13834	0.43478	1	1.6934e-04
agacaaa	0.44743	0.13936	0.18582	0.22738	1	1.3688e-04
agacaac	0.38235	0.14706	0.18824	0.28235	1	5.6892e-05
agacaag	0.40948	0.16810	0.21552	0.20690	1	7.7641e-05
agacaat	0.41135	0.13121	0.18085	0.27660	1	9.4374e-05
agacaca	0.35294	0.13725	0.13725	0.37255	1	5.1203e-05
agacacc	0.50000	0.23256	0.10465	0.16279	1	2.8781e-05
agacacg	0.36111	0.15278	0.16667	0.31944	1	2.4095e-05
agacact	0.20280	0.23077	0.18182	0.38462	1	4.7856e-05
agacaga	0.35912	0.16575	0.24862	0.22652	1	6.0573e-05
agacagc	0.44094	0.15748	0.14173	0.25984	1	4.2502e-05
agacagg	0.38144	0.20619	0.23711	0.17526	1	3.2462e-05
agacagt	0.29730	0.23649	0.18243	0.28378	1	4.9529e-05
agacata	0.30108	0.13441	0.12366	0.44086	1	6.2246e-05
agacatc	0.30201	0.25503	0.16107	0.28188	1	4.9864e-05
agacatg	0.35238	0.27619	0.14286	0.22857	1	3.5139e-05
agacatt	0.23636	0.24545	0.13182	0.38636	1	7.3625e-05
agaccaa	0.35115	0.16031	0.15267	0.33588	1	4.3840e-05
agaccac	0.36709	0.22785	0.11392	0.29114	1	2.6438e-05
agaccag	0.43011	0.19355	0.19355	0.18280	1	3.1123e-05
agaccat	0.25688	0.20183	0.14679	0.39450	1	3.6478e-05
agaccca	0.37333	0.16000	0.13333	0.33333	1	2.5099e-05
agacccc	0.48780	0.17073	0.14634	0.19512	1	1.3721e-05
agacccg	0.20833	0.25000	0.12500	0.41667	1	8.0318e-06
agaccct	0.18584	0.12389	0.30088	0.38938	1	3.7816e-05
agaccga	0.42857	0.16071	0.21429	0.19643	1	1.8741e-05
agaccgc	0.23077	0.23077	0.20513	0.33333	1	1.3052e-05
agaccgg	0.34375	0.28125	0.15625	0.21875	1	1.0709e-05
agaccgt	0.22414	0.15517	0.18966	0.43103	1	1.9410e-05
agaccta	0.24038	0.22115	0.22115	0.31731	1	3.4804e-05
agacctc	0.29870	0.16883	0.19481	0.33766	1	2.5769e-05
agacctg	0.34286	0.28571	0.22857	0.14286	1	2.3426e-05
agacctt	0.20492	0.22131	0.18852	0.38525	1	4.0828e-05
agacgaa	0.45029	0.14035	0.26901	0.14035	1	5.7227e-05
agacgac	0.47826	0.10145	0.26087	0.15942	1	2.3091e-05
agacgag	0.38043	0.23913	0.22826	0.15217	1	3.0789e-05
agacgat	0.56757	0.08784	0.14189	0.20270	1	4.9529e-05
agacgca	0.41237	0.18557	0.15464	0.24742	1	3.2462e-05
agacgcc	0.29825	0.10526	0.21053	0.38596	1	1.9076e-05
agacgcg	0.34783	0.28986	0.05797	0.30435	1	2.3091e-05
agacgct	0.20000	0.15294	0.18824	0.45882	1	2.8446e-05
agacgga	0.48624	0.04587	0.24771	0.22018	1	3.6478e-05
agacggc	0.33929	0.10714	0.14286	0.41071	1	1.8741e-05
agacggg	0.39216	0.25490	0.13725	0.21569	1	1.7068e-05
agacggt	0.27397	0.12329	0.27397	0.32877	1	2.4430e-05
agacgta	0.38938	0.13274	0.14159	0.33628	1	3.7816e-05
agacgtc	0.35185	0.25926	0.14815	0.24074	1	1.8072e-05
agacgtg	0.36364	0.12987	0.19481	0.31169	1	2.5769e-05
agacgtt	0.25000	0.16667	0.19167	0.39167	1	4.0159e-05
agactaa	0.37427	0.12281	0.17544	0.32749	1	5.7227e-05
agactac	0.32174	0.17391	0.13913	0.36522	1	3.8486e-05
agactag	0.33000	0.24000	0.11000	0.32000	1	3.3466e-05
agactat	0.40606	0.14545	0.16970	0.27879	1	5.5219e-05
agactca	0.37778	0.16667	0.08889	0.36667	1	3.0119e-05
agactcc	0.25806	0.16129	0.22581	0.35484	1	2.0749e-05
agactcg	0.30000	0.17500	0.12500	0.40000	1	1.3386e-05
agactct	0.23853	0.18349	0.13761	0.44037	1	3.6478e-05
agactga	0.45833	0.12500	0.19167	0.22500	1	4.0159e-05
agactgc	0.34118	0.14118	0.08235	0.43529	1	2.8446e-05
agactgg	0.35385	0.20000	0.16923	0.27692	1	2.1753e-05
agactgt	0.25926	0.13333	0.15556	0.45185	1	4.5179e-05
agactta	0.33803	0.18310	0.15493	0.32394	1	4.7521e-05
agacttc	0.27350	0.20513	0.20513	0.31624	1	3.9155e-05
agacttg	0.36893	0.27184	0.10680	0.25243	1	3.4470e-05
agacttt	0.19196	0.20536	0.15625	0.44643	1	7.4963e-05
agagaaa	0.46586	0.14056	0.19813	0.19545	1	2.4999e-04
agagaac	0.40000	0.14231	0.20000	0.25769	1	8.7011e-05
agagaag	0.38308	0.19652	0.23383	0.18657	1	1.3453e-04
agagaat	0.41779	0.16173	0.16442	0.25606	1	1.2416e-04
agagaca	0.32124	0.18135	0.27461	0.22280	1	6.4589e-05
agagacc	0.32530	0.16867	0.16867	0.33735	1	2.7777e-05
agagacg	0.34234	0.18018	0.15315	0.32432	1	3.7147e-05
agagact	0.32680	0.13725	0.26144	0.27451	1	5.1203e-05
agagaga	0.47632	0.09211	0.26053	0.17105	1	1.2717e-04
agagagc	0.37584	0.16107	0.24161	0.22148	1	4.9864e-05
agagagg	0.30323	0.24516	0.16129	0.29032	1	5.1872e-05
agagagt	0.41243	0.11864	0.23729	0.23164	1	5.9234e-05
agagata	0.33828	0.16320	0.20178	0.29674	1	1.1278e-04
agagatc	0.36220	0.15748	0.14961	0.33071	1	4.2502e-05
agagatg	0.47783	0.11823	0.17734	0.22660	1	6.7936e-05
agagatt	0.22481	0.15504	0.20543	0.41473	1	8.6342e-05
agagcaa	0.34951	0.19094	0.23625	0.22330	1	1.0341e-04
agagcac	0.49153	0.12712	0.12712	0.25424	1	3.9490e-05
agagcag	0.40104	0.18229	0.17188	0.24479	1	6.4254e-05
agagcat	0.32738	0.23810	0.12500	0.30952	1	5.6223e-05
agagcca	0.37097	0.21774	0.16129	0.25000	1	4.1498e-05
agagccc	0.41096	0.15068	0.13699	0.30137	1	2.4430e-05
agagccg	0.29032	0.20968	0.20968	0.29032	1	2.0749e-05
agagcct	0.20690	0.16092	0.24138	0.39080	1	2.9115e-05
agagcga	0.47934	0.09917	0.22314	0.19835	1	4.0494e-05
agagcgc	0.33803	0.23944	0.19718	0.22535	1	2.3761e-05
agagcgg	0.38462	0.23077	0.15385	0.23077	1	2.6103e-05
agagcgt	0.31646	0.11392	0.37975	0.18987	1	2.6438e-05
agagcta	0.29801	0.21192	0.17881	0.31126	1	5.0533e-05
agagctc	0.34579	0.15888	0.11215	0.38318	1	3.5808e-05
agagctg	0.30000	0.30833	0.18333	0.20833	1	4.0159e-05
agagctt	0.24510	0.25000	0.19118	0.31373	1	6.8270e-05
agaggaa	0.40725	0.11087	0.34542	0.13646	1	1.5695e-04
agaggac	0.40952	0.12381	0.20952	0.25714	1	3.5139e-05
agaggag	0.43357	0.17483	0.22378	0.16783	1	4.7856e-05
agaggat	0.34911	0.15976	0.26036	0.23077	1	5.6557e-05
agaggca	0.39037	0.12834	0.25668	0.22460	1	6.2581e-05
agaggcc	0.38356	0.23288	0.10959	0.27397	1	2.4430e-05
agaggcg	0.33735	0.25301	0.16867	0.24096	1	2.7777e-05
agaggct	0.23200	0.13600	0.31200	0.32000	1	4.1832e-05
agaggga	0.43709	0.14570	0.18543	0.23179	1	5.0533e-05
agagggc	0.41758	0.18681	0.17582	0.21978	1	3.0454e-05
agagggg	0.33333	0.26667	0.17778	0.22222	1	3.0119e-05
agagggt	0.31897	0.14655	0.26724	0.26724	1	3.8820e-05
agaggta	0.34066	0.23077	0.15385	0.27473	1	6.0908e-05
agaggtc	0.41667	0.15625	0.21875	0.20833	1	3.2127e-05
agaggtg	0.33043	0.20000	0.20870	0.26087	1	3.8486e-05
agaggtt	0.34884	0.15116	0.17442	0.32558	1	5.7561e-05
agagtaa	0.38961	0.16234	0.21104	0.23701	1	1.0307e-04
agagtac	0.39726	0.12329	0.19863	0.28082	1	4.8860e-05
agagtag	0.37430	0.21229	0.18436	0.22905	1	5.9904e-05
agagtat	0.40179	0.15625	0.12054	0.32143	1	7.4963e-05
agagtca	0.31333	0.22667	0.14000	0.32000	1	5.0199e-05
agagtcc	0.32692	0.15385	0.23077	0.28846	1	1.7402e-05
agagtcg	0.34375	0.21875	0.18750	0.25000	1	2.1418e-05
agagtct	0.18182	0.29293	0.19192	0.33333	1	3.3131e-05
agagtga	0.43169	0.18033	0.17486	0.21311	1	6.1242e-05
agagtgc	0.32381	0.23810	0.19048	0.24762	1	3.5139e-05
agagtgg	0.25000	0.31000	0.20000	0.24000	1	3.3466e-05
agagtgt	0.29412	0.16176	0.21324	0.33088	1	4.5514e-05
agagtta	0.35714	0.18681	0.18132	0.27473	1	6.0908e-05
agagttc	0.35659	0.14729	0.17054	0.32558	1	4.3171e-05
agagttg	0.32353	0.19853	0.15441	0.32353	1	4.5514e-05
agagttt	0.29242	0.18051	0.17329	0.35379	1	9.2700e-05
agataaa	0.39434	0.18636	0.20965	0.20965	1	2.0113e-04
agataac	0.40625	0.13839	0.18304	0.27232	1	7.4963e-05
agataag	0.40923	0.22154	0.17231	0.19692	1	1.0876e-04
agataat	0.36384	0.14874	0.17162	0.31579	1	1.4625e-04
agataca	0.39456	0.14966	0.14286	0.31293	1	9.8389e-05
agatacc	0.31818	0.22727	0.19091	0.26364	1	3.6812e-05
agatacg	0.29412	0.16176	0.18382	0.36029	1	4.5514e-05
agatact	0.32692	0.13462	0.20673	0.33173	1	6.9609e-05
agataga	0.43450	0.14058	0.19169	0.23323	1	1.0475e-04
agatagc	0.28148	0.20000	0.20741	0.31111	1	4.5179e-05
agatagg	0.36552	0.20000	0.15172	0.28276	1	4.8525e-05
agatagt	0.30837	0.13216	0.18943	0.37004	1	7.5967e-05
agatata	0.28873	0.17958	0.15845	0.37324	1	1.9009e-04
agatatc	0.38496	0.16814	0.14159	0.30531	1	7.5633e-05
agatatg	0.30045	0.17040	0.19283	0.33632	1	7.4629e-05
agatatt	0.24494	0.16397	0.18826	0.40283	1	1.6532e-04
agatcaa	0.36071	0.14643	0.21429	0.27857	1	9.3704e-05
agatcac	0.33526	0.17919	0.16763	0.31792	1	5.7896e-05
agatcag	0.25185	0.17778	0.20741	0.36296	1	4.5179e-05
agatcat	0.35135	0.22072	0.14414	0.28378	1	7.4294e-05
agatcca	0.35714	0.18750	0.18750	0.26786	1	3.7482e-05
agatccc	0.32759	0.18966	0.18966	0.29310	1	1.9410e-05
agatccg	0.28049	0.25610	0.20732	0.25610	1	2.7442e-05
agatcct	0.25862	0.20690	0.18103	0.35345	1	3.8820e-05
agatcga	0.26891	0.17647	0.26050	0.29412	1	3.9824e-05
agatcgc	0.33333	0.19697	0.15152	0.31818	1	2.2087e-05
agatcgg	0.21429	0.22857	0.24286	0.31429	1	2.3426e-05
agatcgt	0.28571	0.16484	0.17582	0.37363	1	3.0454e-05
agatcta	0.31522	0.23913	0.13043	0.31522	1	6.1577e-05
agatctc	0.31387	0.16788	0.18248	0.33577	1	4.5848e-05
agatctg	0.24444	0.30370	0.16296	0.28889	1	4.5179e-05
agatctt	0.18800	0.22800	0.18000	0.40400	1	8.3665e-05
agatgaa	0.43750	0.13636	0.18466	0.24148	1	1.1780e-04
agatgac	0.24901	0.08696	0.35573	0.30830	1	8.4669e-05
agatgag	0.40956	0.24232	0.19454	0.15358	1	9.8055e-05
agatgat	0.32370	0.10116	0.42197	0.15318	1	1.1579e-04
agatgca	0.36250	0.16875	0.18125	0.28750	1	5.3545e-05
agatgcc	0.33333	0.21212	0.23232	0.22222	1	3.3131e-05
agatgcg	0.38824	0.23529	0.14118	0.23529	1	2.8446e-05
agatgct	0.25954	0.19084	0.20611	0.34351	1	4.3840e-05
agatgga	0.44604	0.12230	0.20144	0.23022	1	4.6517e-05
agatggc	0.37864	0.16505	0.17476	0.28155	1	3.4470e-05
agatggg	0.36082	0.17526	0.19588	0.26804	1	3.2462e-05
agatggt	0.38356	0.13699	0.21233	0.26712	1	4.8860e-05
agatgta	0.31250	0.17308	0.20192	0.31250	1	6.9609e-05
agatgtc	0.34821	0.18750	0.17857	0.28571	1	3.7482e-05
agatgtg	0.24627	0.24627	0.20149	0.30597	1	4.4844e-05
agatgtt	0.24638	0.22222	0.19324	0.33816	1	6.9274e-05
agattaa	0.34242	0.15152	0.20606	0.30000	1	1.1044e-04
agattac	0.34615	0.23077	0.13462	0.28846	1	6.9609e-05
agattag	0.26994	0.22086	0.22086	0.28834	1	5.4549e-05
agattat	0.33146	0.18539	0.17416	0.30899	1	1.1914e-04
agattca	0.39500	0.13500	0.17000	0.30000	1	6.6932e-05
agattcc	0.37849	0.33466	0.10359	0.18327	1	8.3999e-05
agattcg	0.24731	0.29032	0.19355	0.26882	1	3.1123e-05
agattct	0.25333	0.19111	0.22222	0.33333	1	7.5298e-05
agattga	0.32314	0.13100	0.22271	0.32314	1	7.6637e-05
agattgc	0.31852	0.20000	0.14074	0.34074	1	4.5179e-05
agattgg	0.27407	0.23704	0.16296	0.32593	1	4.5179e-05
agattgt	0.22381	0.14762	0.24762	0.38095	1	7.0278e-05
agattta	0.33028	0.18349	0.14679	0.33945	1	1.0943e-04
agatttc	0.31046	0.18954	0.15033	0.34967	1	1.0241e-04
agatttg	0.23864	0.25758	0.16288	0.34091	1	8.8350e-05
agatttt	0.23508	0.21881	0.15552	0.39060	1	1.8507e-04
agcaaaa	0.39550	0.15434	0.21061	0.23955	1	2.0816e-04
agcaaac	0.45687	0.13099	0.18211	0.23003	1	1.0475e-04
agcaaag	0.34768	0.17219	0.25497	0.22517	1	1.0107e-04
agcaaat	0.39578	0.13984	0.17150	0.29288	1	1.2684e-04
agcaaca	0.46014	0.14130	0.18841	0.21014	1	9.2366e-05
agcaacc	0.30675	0.17791	0.21472	0.30061	1	5.4549e-05
agcaacg	0.42138	0.15723	0.17610	0.24528	1	5.3211e-05
agcaact	0.30841	0.16822	0.19159	0.33178	1	7.1617e-05
agcaaga	0.43636	0.12424	0.22424	0.21515	1	1.1044e-04
agcaagc	0.45604	0.13736	0.23077	0.17582	1	6.0908e-05
agcaagg	0.35484	0.19355	0.25806	0.19355	1	5.1872e-05
agcaagt	0.34112	0.16355	0.22897	0.26636	1	7.1617e-05
agcaata	0.38043	0.17663	0.15489	0.28804	1	1.2315e-04
agcaatc	0.37222	0.11667	0.21667	0.29444	1	6.0238e-05
agcaatg	0.31959	0.22165	0.22680	0.23196	1	6.4924e-05
agcaatt	0.25817	0.18301	0.22876	0.33007	1	1.0241e-04
agcacaa	0.33061	0.23673	0.17959	0.25306	1	8.1991e-05
agcacac	0.43262	0.15603	0.16312	0.24823	1	4.7187e-05
agcacag	0.29801	0.23841	0.16556	0.29801	1	5.0533e-05
agcacat	0.29557	0.22660	0.15764	0.32020	1	6.7936e-05
agcacca	0.33594	0.24219	0.19531	0.22656	1	4.2836e-05
agcaccc	0.37500	0.18750	0.14062	0.29688	1	2.1418e-05
agcaccg	0.20548	0.19178	0.21918	0.38356	1	2.4430e-05
agcacct	0.20175	0.26316	0.21053	0.32456	1	3.8151e-05
agcacga	0.36449	0.21495	0.18692	0.23364	1	3.5808e-05
agcacgc	0.35294	0.25000	0.11765	0.27941	1	2.2757e-05
agcacgg	0.31667	0.26667	0.23333	0.18333	1	2.0079e-05
agcacgt	0.17647	0.17647	0.36134	0.28571	1	3.9824e-05
agcacta	0.33500	0.16000	0.18000	0.32500	1	6.6932e-05
agcactc	0.26471	0.29412	0.14706	0.29412	1	3.4135e-05
agcactg	0.36066	0.18852	0.18033	0.27049	1	4.0828e-05
agcactt	0.20398	0.21891	0.19403	0.38308	1	6.7266e-05
agcagaa	0.40356	0.15430	0.20178	0.24036	1	1.1278e-04
agcagac	0.25253	0.25253	0.23232	0.26263	1	3.3131e-05
agcagag	0.43506	0.22078	0.20130	0.14286	1	5.1537e-05
agcagat	0.35979	0.22222	0.15344	0.26455	1	6.3250e-05
agcagca	0.36842	0.18623	0.25911	0.18623	1	8.2661e-05
agcagcc	0.40426	0.13830	0.21277	0.24468	1	3.1458e-05
agcagcg	0.23894	0.22124	0.23894	0.30088	1	3.7816e-05
agcagct	0.28125	0.16250	0.23125	0.32500	1	5.3545e-05
agcagga	0.40000	0.16250	0.17500	0.26250	1	5.3545e-05
agcaggc	0.32990	0.28866	0.12371	0.25773	1	3.2462e-05
agcaggg	0.21875	0.20312	0.15625	0.42188	1	2.1418e-05
agcaggt	0.31304	0.20000	0.24348	0.24348	1	3.8486e-05
agcagta	0.35745	0.17021	0.19149	0.28085	1	7.8645e-05
agcagtc	0.37500	0.21591	0.17045	0.23864	1	2.9450e-05
agcagtg	0.40741	0.15556	0.19259	0.24444	1	4.5179e-05
agcagtt	0.25000	0.17411	0.19196	0.38393	1	7.4963e-05
agcataa	0.36278	0.23659	0.16719	0.23344	1	1.0609e-04
agcatac	0.39759	0.19277	0.13855	0.27108	1	5.5553e-05
agcatag	0.32370	0.21387	0.24855	0.21387	1	5.7896e-05
agcatat	0.39945	0.15152	0.13499	0.31405	1	1.2148e-04
agcatca	0.35849	0.25000	0.14151	0.25000	1	7.0948e-05
agcatcc	0.33981	0.16505	0.17476	0.32039	1	3.4470e-05
agcatcg	0.26277	0.27007	0.18978	0.27737	1	4.5848e-05
agcatct	0.27979	0.26425	0.19689	0.25907	1	6.4589e-05
agcatga	0.36806	0.16667	0.18750	0.27778	1	4.8191e-05
agcatgc	0.35354	0.16162	0.19192	0.29293	1	3.3131e-05
agcatgg	0.26667	0.30667	0.13333	0.29333	1	2.5099e-05
agcatgt	0.32283	0.12598	0.26772	0.28346	1	4.2502e-05
agcatta	0.34340	0.18868	0.18113	0.28679	1	8.8684e-05
agcattc	0.32203	0.18079	0.18079	0.31638	1	5.9234e-05
agcattg	0.36082	0.21134	0.19588	0.23196	1	6.4924e-05
agcattt	0.21485	0.17772	0.18037	0.42706	1	1.2617e-04
agccaaa	0.43750	0.13750	0.14583	0.27917	1	8.0318e-05
agccaac	0.35714	0.16071	0.20536	0.27679	1	3.7482e-05
agccaag	0.44118	0.20000	0.17647	0.18235	1	5.6892e-05
agccaat	0.25444	0.23077	0.18343	0.33136	1	5.6557e-05
agccaca	0.30147	0.18382	0.25735	0.25735	1	4.5514e-05
agccacc	0.36957	0.26087	0.14130	0.22826	1	3.0789e-05
agccacg	0.18868	0.24528	0.24528	0.32075	1	1.7737e-05
agccact	0.27523	0.16514	0.20183	0.35780	1	3.6478e-05
agccaga	0.44915	0.17797	0.12712	0.24576	1	3.9490e-05
agccagc	0.36667	0.23333	0.12222	0.27778	1	3.0119e-05
agccagg	0.52000	0.16000	0.18000	0.14000	1	1.6733e-05
agccagt	0.33696	0.16304	0.15217	0.34783	1	3.0789e-05
agccata	0.32164	0.16374	0.18713	0.32749	1	5.7227e-05
agccatc	0.41525	0.13559	0.16949	0.27966	1	3.9490e-05
agccatg	0.26087	0.31522	0.19565	0.22826	1	3.0789e-05
agccatt	0.20305	0.20812	0.23858	0.35025	1	6.5928e-05
agcccaa	0.41727	0.14388	0.17266	0.26619	1	4.6517e-05
agcccac	0.31429	0.21429	0.11429	0.35714	1	2.3426e-05
agcccag	0.22619	0.27381	0.17857	0.32143	1	2.8111e-05
agcccat	0.19802	0.24752	0.14851	0.40594	1	3.3800e-05
agcccca	0.25532	0.29787	0.19149	0.25532	1	1.5729e-05
agccccc	0.32258	0.12903	0.06452	0.48387	1	1.0374e-05
agccccg	0.32143	0.25000	0.14286	0.28571	1	9.3704e-06
agcccct	0.17544	0.24561	0.21053	0.36842	1	1.9076e-05
agcccga	0.40000	0.15000	0.12500	0.32500	1	1.3386e-05
agcccgc	0.31915	0.21277	0.17021	0.29787	1	1.5729e-05
agcccgg	0.24138	0.27586	0.17241	0.31034	1	9.7051e-06
agcccgt	0.43137	0.15686	0.07843	0.33333	1	1.7068e-05
agcccta	0.31193	0.15596	0.16514	0.36697	1	3.6478e-05
agccctc	0.22034	0.30508	0.16949	0.30508	1	1.9745e-05
agccctg	0.23810	0.17460	0.23810	0.34921	1	2.1083e-05
agccctt	0.21379	0.21379	0.15862	0.41379	1	4.8525e-05
agccgaa	0.34524	0.15476	0.23810	0.26190	1	2.8111e-05
agccgac	0.33333	0.25000	0.27083	0.14583	1	1.6064e-05
agccgag	0.44000	0.20000	0.20000	0.16000	1	1.6733e-05
agccgat	0.27500	0.20000	0.25000	0.27500	1	2.6773e-05
agccgca	0.28571	0.30769	0.13187	0.27473	1	3.0454e-05
agccgcc	0.19718	0.31690	0.34507	0.14085	1	4.7521e-05
agccgcg	0.22449	0.30612	0.30612	0.16327	1	1.6398e-05
agccgct	0.22826	0.23913	0.30435	0.22826	1	3.0789e-05
agccgga	0.54098	0.09836	0.14754	0.21311	1	2.0414e-05
agccggc	0.20000	0.15556	0.24444	0.40000	1	1.5060e-05
agccggg	0.20690	0.15517	0.15517	0.48276	1	1.9410e-05
agccggt	0.30952	0.26190	0.09524	0.33333	1	1.4056e-05
agccgta	0.34483	0.25287	0.17241	0.22989	1	2.9115e-05
agccgtc	0.28000	0.20000	0.16000	0.36000	1	1.6733e-05
agccgtg	0.32143	0.39286	0.17857	0.10714	1	1.8741e-05
agccgtt	0.24576	0.18644	0.18644	0.38136	1	3.9490e-05
agcctaa	0.48077	0.13462	0.12500	0.25962	1	3.4804e-05
agcctac	0.40698	0.16279	0.11628	0.31395	1	2.8781e-05
agcctag	0.38095	0.22222	0.14286	0.25397	1	2.1083e-05
agcctat	0.32353	0.20588	0.11765	0.35294	1	3.4135e-05
agcctca	0.33065	0.19355	0.17742	0.29839	1	4.1498e-05
agcctcc	0.37097	0.17742	0.09677	0.35484	1	2.0749e-05
agcctcg	0.38095	0.38095	0.01587	0.22222	1	2.1083e-05
agcctct	0.23894	0.23894	0.13274	0.38938	1	3.7816e-05
agcctga	0.34091	0.12500	0.22727	0.30682	1	2.9450e-05
agcctgc	0.29630	0.16049	0.20988	0.33333	1	2.7107e-05
agcctgg	0.32000	0.26000	0.16000	0.26000	1	1.6733e-05
agcctgt	0.25301	0.12048	0.15663	0.46988	1	2.7777e-05
agcctta	0.38816	0.23026	0.13816	0.24342	1	5.0868e-05
agccttc	0.34848	0.24242	0.14394	0.26515	1	4.4175e-05
agccttg	0.29907	0.21495	0.14953	0.33645	1	3.5808e-05
agccttt	0.43236	0.16446	0.07958	0.32361	1	1.2617e-04
agcgaaa	0.51636	0.12727	0.14909	0.20727	1	9.2031e-05
agcgaac	0.44565	0.19565	0.15217	0.20652	1	3.0789e-05
agcgaag	0.31298	0.23664	0.24427	0.20611	1	4.3840e-05
agcgaat	0.34454	0.18487	0.19328	0.27731	1	3.9824e-05
agcgaca	0.38614	0.17822	0.22772	0.20792	1	3.3800e-05
agcgacc	0.40000	0.11111	0.26667	0.22222	1	1.5060e-05
agcgacg	0.25424	0.25424	0.30508	0.18644	1	1.9745e-05
agcgact	0.31765	0.15294	0.25882	0.27059	1	2.8446e-05
agcgaga	0.46218	0.11765	0.21849	0.20168	1	3.9824e-05
agcgagc	0.24074	0.27778	0.20370	0.27778	1	1.8072e-05
agcgagg	0.26087	0.27536	0.20290	0.26087	1	2.3091e-05
agcgagt	0.33333	0.09091	0.19697	0.37879	1	2.2087e-05
agcgata	0.35185	0.17284	0.19136	0.28395	1	5.4215e-05
agcgatc	0.36486	0.10811	0.17568	0.35135	1	2.4765e-05
agcgatg	0.49704	0.23077	0.16568	0.10651	1	5.6557e-05
agcgatt	0.30833	0.10000	0.23333	0.35833	1	4.0159e-05
agcgcaa	0.37415	0.18367	0.18367	0.25850	1	4.9195e-05
agcgcac	0.43284	0.23881	0.14925	0.17910	1	2.2422e-05
agcgcag	0.37008	0.16535	0.22047	0.24409	1	4.2502e-05
agcgcat	0.32773	0.23529	0.12605	0.31092	1	3.9824e-05
agcgcca	0.26415	0.18868	0.20755	0.33962	1	3.5474e-05
agcgccc	0.29091	0.29091	0.16364	0.25455	1	1.8406e-05
agcgccg	0.17647	0.30882	0.14706	0.36765	1	2.2757e-05
agcgcct	0.28000	0.18667	0.20000	0.33333	1	2.5099e-05
agcgcga	0.30380	0.10127	0.32911	0.26582	1	2.6438e-05
agcgcgc	0.31746	0.20635	0.20635	0.26984	1	2.1083e-05
agcgcgg	0.45161	0.17742	0.22581	0.14516	1	2.0749e-05
agcgcgt	0.22000	0.16000	0.18000	0.44000	1	1.6733e-05
agcgcta	0.34568	0.08642	0.25926	0.30864	1	2.7107e-05
agcgctc	0.27083	0.29167	0.08333	0.35417	1	1.6064e-05
agcgctg	0.29412	0.23529	0.20588	0.26471	1	2.2757e-05
agcgctt	0.28182	0.21818	0.20909	0.29091	1	3.6812e-05
agcggaa	0.42045	0.16477	0.22727	0.18750	1	5.8900e-05
agcggac	0.26531	0.22449	0.28571	0.22449	1	1.6398e-05
agcggag	0.41667	0.13333	0.21667	0.23333	1	2.0079e-05
agcggat	0.35294	0.14118	0.29412	0.21176	1	2.8446e-05
agcggca	0.29897	0.15464	0.27835	0.26804	1	3.2462e-05
agcggcc	0.28000	0.12000	0.26000	0.34000	1	1.6733e-05
agcggcg	0.21127	0.32394	0.28169	0.18310	1	2.3761e-05
agcggct	0.30645	0.13710	0.33065	0.22581	1	4.1498e-05
agcggga	0.45161	0.16129	0.16129	0.22581	1	3.1123e-05
agcgggc	0.28125	0.28125	0.25000	0.18750	1	2.1418e-05
agcgggg	0.33333	0.30556	0.08333	0.27778	1	1.2048e-05
agcgggt	0.34848	0.22727	0.21212	0.21212	1	2.2087e-05
agcggta	0.45000	0.16000	0.15000	0.24000	1	3.3466e-05
agcggtc	0.38298	0.19149	0.19149	0.23404	1	1.5729e-05
agcggtg	0.31325	0.19277	0.27711	0.21687	1	2.7777e-05
agcggtt	0.25000	0.23077	0.18269	0.33654	1	3.4804e-05
agcgtaa	0.37594	0.14286	0.23308	0.24812	1	4.4510e-05
agcgtac	0.33333	0.19048	0.15476	0.32143	1	2.8111e-05
agcgtag	0.25455	0.12727	0.34545	0.27273	1	3.6812e-05
agcgtat	0.37662	0.15584	0.16234	0.30519	1	5.1537e-05
agcgtca	0.44000	0.22000	0.13000	0.21000	1	3.3466e-05
agcgtcc	0.25000	0.13636	0.18182	0.43182	1	1.4725e-05
agcgtcg	0.34146	0.17073	0.12195	0.36585	1	1.3721e-05
agcgtct	0.21739	0.10145	0.24638	0.43478	1	2.3091e-05
agcgtga	0.36842	0.15789	0.23158	0.24211	1	3.1793e-05
agcgtgc	0.26471	0.16176	0.32353	0.25000	1	2.2757e-05
agcgtgg	0.30357	0.17857	0.25000	0.26786	1	1.8741e-05
agcgtgt	0.34066	0.10989	0.24176	0.30769	1	3.0454e-05
agcgtta	0.34109	0.15504	0.13178	0.37209	1	4.3171e-05
agcgttc	0.31959	0.17526	0.14433	0.36082	1	3.2462e-05
agcgttg	0.33696	0.26087	0.20652	0.19565	1	3.0789e-05
agcgttt	0.26667	0.18889	0.16111	0.38333	1	6.0238e-05
agctaaa	0.40199	0.18272	0.17940	0.23588	1	1.0073e-04
agctaac	0.34259	0.18519	0.17593	0.29630	1	3.6143e-05
agctaag	0.33094	0.22302	0.27338	0.17266	1	4.6517e-05
agctaat	0.36788	0.09845	0.19689	0.33679	1	6.4589e-05
agctaca	0.37662	0.14286	0.17532	0.30519	1	5.1537e-05
agctacc	0.37097	0.14516	0.22581	0.25806	1	2.0749e-05
agctacg	0.28571	0.15584	0.16883	0.38961	1	2.5769e-05
agctact	0.26519	0.09392	0.26519	0.37569	1	6.0573e-05
agctaga	0.38667	0.12000	0.24000	0.25333	1	5.0199e-05
agctagc	0.26733	0.20792	0.14851	0.37624	1	3.3800e-05
agctagg	0.30435	0.10870	0.40217	0.18478	1	3.0789e-05
agctagt	0.34211	0.12281	0.21930	0.31579	1	3.8151e-05
agctata	0.30702	0.17105	0.23246	0.28947	1	7.6302e-05
agctatc	0.34646	0.17323	0.19685	0.28346	1	4.2502e-05
agctatg	0.31481	0.22222	0.19444	0.26852	1	3.6143e-05
agctatt	0.21352	0.18149	0.23843	0.36655	1	9.4039e-05
agctcaa	0.37572	0.17919	0.16763	0.27746	1	5.7896e-05
agctcac	0.27835	0.12371	0.14433	0.45361	1	3.2462e-05
agctcag	0.37624	0.24752	0.11881	0.25743	1	3.3800e-05
agctcat	0.18357	0.54106	0.08213	0.19324	1	6.9274e-05
agctcca	0.38889	0.12500	0.19444	0.29167	1	2.4095e-05
agctccc	0.41791	0.17910	0.07463	0.32836	1	2.2422e-05
agctccg	0.30000	0.22000	0.16000	0.32000	1	1.6733e-05
agctcct	0.25532	0.21277	0.11702	0.41489	1	3.1458e-05
agctcga	0.40698	0.11628	0.24419	0.23256	1	2.8781e-05
agctcgc	0.23214	0.25000	0.16071	0.35714	1	1.8741e-05
agctcgg	0.35417	0.35417	0.04167	0.25000	1	1.6064e-05
agctcgt	0.36842	0.17544	0.10526	0.35088	1	1.9076e-05
agctcta	0.21739	0.28696	0.14783	0.34783	1	3.8486e-05
agctctc	0.26316	0.21053	0.12632	0.40000	1	3.1793e-05
agctctg	0.25806	0.25806	0.19355	0.29032	1	3.1123e-05
agctctt	0.17742	0.19355	0.18952	0.43952	1	8.2995e-05
agctgaa	0.57069	0.11825	0.19023	0.12082	1	1.3018e-04
agctgac	0.35821	0.16418	0.17910	0.29851	1	2.2422e-05
agctgag	0.36667	0.20000	0.11111	0.32222	1	3.0119e-05
agctgat	0.34899	0.18792	0.21477	0.24832	1	4.9864e-05
agctgca	0.38571	0.13571	0.25714	0.22143	1	4.6852e-05
agctgcc	0.37864	0.24272	0.20388	0.17476	1	3.4470e-05
agctgcg	0.30159	0.23810	0.19048	0.26984	1	2.1083e-05
agctgct	0.26316	0.12500	0.27632	0.33553	1	5.0868e-05
agctgga	0.46000	0.09000	0.27000	0.18000	1	3.3466e-05
agctggc	0.38554	0.12048	0.16867	0.32530	1	2.7777e-05
agctggg	0.34615	0.23077	0.15385	0.26923	1	1.7402e-05
agctggt	0.33684	0.12632	0.28421	0.25263	1	3.1793e-05
agctgta	0.32051	0.22436	0.19231	0.26282	1	5.2207e-05
agctgtc	0.58451	0.10563	0.12676	0.18310	1	4.7521e-05
agctgtg	0.28182	0.22727	0.18182	0.30909	1	3.6812e-05
agctgtt	0.21229	0.15642	0.21788	0.41341	1	5.9904e-05
agcttaa	0.35849	0.10849	0.18868	0.34434	1	7.0948e-05
agcttac	0.24841	0.21019	0.15924	0.38217	1	5.2541e-05
agcttag	0.23148	0.23148	0.20370	0.33333	1	3.6143e-05
agcttat	0.30882	0.15809	0.15074	0.38235	1	9.1027e-05
agcttca	0.34783	0.16087	0.17391	0.31739	1	7.6971e-05
agcttcc	0.41048	0.12664	0.08734	0.37555	1	7.6637e-05
agcttcg	0.34862	0.24771	0.15596	0.24771	1	3.6478e-05
agcttct	0.20446	0.33829	0.15613	0.30112	1	9.0023e-05
agcttga	0.40881	0.09434	0.18239	0.31447	1	5.3211e-05
agcttgc	0.28226	0.21774	0.14516	0.35484	1	4.1498e-05
agcttgg	0.34000	0.31000	0.16000	0.19000	1	3.3466e-05
agcttgt	0.27007	0.17518	0.16058	0.39416	1	4.5848e-05
agcttta	0.29682	0.26148	0.13074	0.31095	1	9.4708e-05
agctttc	0.28854	0.20949	0.13043	0.37154	1	8.4669e-05
agctttg	0.32673	0.19307	0.12871	0.35149	1	6.7601e-05
agctttt	0.20258	0.22099	0.16575	0.41068	1	1.8172e-04
aggaaaa	0.46328	0.14030	0.20621	0.19021	1	3.5541e-04
aggaaac	0.36913	0.14430	0.21812	0.26846	1	9.9728e-05
aggaaag	0.39834	0.15975	0.25311	0.18880	1	1.6131e-04
aggaaat	0.40625	0.14904	0.18510	0.25962	1	1.3922e-04
aggaaca	0.42349	0.13167	0.21352	0.23132	1	9.4039e-05
aggaacc	0.35714	0.16071	0.16964	0.31250	1	3.7482e-05
aggaacg	0.21239	0.21239	0.31858	0.25664	1	3.7816e-05
aggaact	0.35602	0.17801	0.17801	0.28796	1	6.3920e-05
aggaaga	0.46585	0.10976	0.24634	0.17805	1	1.3721e-04
aggaagc	0.30645	0.11290	0.12500	0.45565	1	8.2995e-05
aggaagg	0.45188	0.12971	0.17573	0.24268	1	7.9983e-05
aggaagt	0.41509	0.09057	0.21887	0.27547	1	8.8684e-05
aggaata	0.44966	0.14318	0.15660	0.25056	1	1.4959e-04
aggaatc	0.26042	0.41146	0.10938	0.21875	1	6.4254e-05
aggaatg	0.28488	0.19186	0.22093	0.30233	1	5.7561e-05
aggaatt	0.24409	0.17323	0.18898	0.39370	1	8.5003e-05
aggacaa	0.38565	0.16592	0.18386	0.26457	1	7.4629e-05
aggacac	0.34579	0.15888	0.15888	0.33645	1	3.5808e-05
aggacag	0.37121	0.22727	0.18939	0.21212	1	4.4175e-05
aggacat	0.40000	0.16923	0.13077	0.30000	1	4.3506e-05
aggacca	0.40741	0.11111	0.22222	0.25926	1	2.7107e-05
aggaccc	0.24615	0.23077	0.10769	0.41538	1	2.1753e-05
aggaccg	0.40541	0.10811	0.24324	0.24324	1	1.2382e-05
aggacct	0.23611	0.15278	0.20833	0.40278	1	2.4095e-05
aggacga	0.45000	0.11667	0.21667	0.21667	1	2.0079e-05
aggacgc	0.15493	0.32394	0.25352	0.26761	1	2.3761e-05
aggacgg	0.24561	0.22807	0.31579	0.21053	1	1.9076e-05
aggacgt	0.25000	0.14706	0.23529	0.36765	1	2.2757e-05
aggacta	0.34906	0.20755	0.16981	0.27358	1	3.5474e-05
aggactc	0.35821	0.19403	0.16418	0.28358	1	2.2422e-05
aggactg	0.31868	0.27473	0.17582	0.23077	1	3.0454e-05
aggactt	0.21008	0.18487	0.27731	0.32773	1	3.9824e-05
aggagaa	0.27959	0.39388	0.14694	0.17959	1	1.6398e-04
aggagac	0.31915	0.20213	0.17021	0.30851	1	3.1458e-05
aggagag	0.33735	0.18072	0.23494	0.24699	1	5.5553e-05
aggagat	0.33784	0.20270	0.16216	0.29730	1	4.9529e-05
aggagca	0.35115	0.17557	0.19847	0.27481	1	4.3840e-05
aggagcc	0.26316	0.25000	0.18421	0.30263	1	2.5434e-05
aggagcg	0.32203	0.22034	0.23729	0.22034	1	1.9745e-05
aggagct	0.26667	0.27778	0.22222	0.23333	1	3.0119e-05
aggagga	0.45833	0.15476	0.18452	0.20238	1	5.6223e-05
aggaggc	0.38272	0.14815	0.24691	0.22222	1	2.7107e-05
aggaggg	0.43820	0.17978	0.20225	0.17978	1	2.9785e-05
aggaggt	0.34831	0.15730	0.14607	0.34831	1	2.9785e-05
aggagta	0.30303	0.14394	0.25000	0.30303	1	4.4175e-05
aggagtc	0.29508	0.22951	0.14754	0.32787	1	2.0414e-05
aggagtg	0.36082	0.25773	0.22680	0.15464	1	3.2462e-05
aggagtt	0.23611	0.24306	0.17361	0.34722	1	4.8191e-05
aggataa	0.31519	0.10315	0.15186	0.42980	1	1.1680e-04
aggatac	0.30328	0.21311	0.18852	0.29508	1	4.0828e-05
aggatag	0.29870	0.20779	0.22078	0.27273	1	5.1537e-05
aggatat	0.43125	0.13125	0.14688	0.29063	1	1.0709e-04
aggatca	0.67805	0.09268	0.12683	0.10244	1	6.8605e-05
aggatcc	0.38182	0.20000	0.10909	0.30909	1	1.8406e-05
aggatcg	0.32812	0.23438	0.26562	0.17188	1	2.1418e-05
aggatct	0.20741	0.19259	0.18519	0.41481	1	4.5179e-05
aggatga	0.32979	0.26064	0.15426	0.25532	1	6.2916e-05
aggatgc	0.33784	0.18919	0.16216	0.31081	1	2.4765e-05
aggatgg	0.39785	0.22581	0.11828	0.25806	1	3.1123e-05
aggatgt	0.34409	0.20430	0.12903	0.32258	1	3.1123e-05
aggatta	0.27815	0.24503	0.19868	0.27815	1	5.0533e-05
aggattc	0.18627	0.47549	0.14706	0.19118	1	6.8270e-05
aggattg	0.61728	0.10494	0.09568	0.18210	1	1.0843e-04
aggattt	0.31298	0.19084	0.16412	0.33206	1	8.7680e-05
aggcaaa	0.46104	0.12987	0.20130	0.20779	1	1.0307e-04
aggcaac	0.35156	0.16406	0.18750	0.29688	1	4.2836e-05
aggcaag	0.46196	0.17391	0.19022	0.17391	1	6.1577e-05
aggcaat	0.36889	0.14667	0.20000	0.28444	1	7.5298e-05
aggcaca	0.24194	0.16935	0.26613	0.32258	1	4.1498e-05
aggcacc	0.27059	0.17647	0.21176	0.34118	1	2.8446e-05
aggcacg	0.19481	0.20779	0.32468	0.27273	1	2.5769e-05
aggcact	0.28000	0.23000	0.12000	0.37000	1	3.3466e-05
aggcaga	0.36184	0.13816	0.26974	0.23026	1	5.0868e-05
aggcagc	0.30864	0.17284	0.18519	0.33333	1	2.7107e-05
aggcagg	0.33673	0.25510	0.23469	0.17347	1	3.2796e-05
aggcagt	0.33962	0.11321	0.19811	0.34906	1	3.5474e-05
aggcata	0.29282	0.17680	0.14365	0.38674	1	6.0573e-05
aggcatc	0.27358	0.17925	0.25472	0.29245	1	3.5474e-05
aggcatg	0.38043	0.17391	0.19565	0.25000	1	3.0789e-05
aggcatt	0.23415	0.19512	0.17073	0.40000	1	6.8605e-05
aggccaa	0.33600	0.20000	0.27200	0.19200	1	4.1832e-05
aggccac	0.36486	0.13514	0.25676	0.24324	1	2.4765e-05
aggccag	0.40580	0.17391	0.18841	0.23188	1	2.3091e-05
aggccat	0.22131	0.30328	0.08197	0.39344	1	4.0828e-05
aggccca	0.36232	0.21739	0.24638	0.17391	1	2.3091e-05
aggcccc	0.36364	0.15152	0.12121	0.36364	1	1.1044e-05
aggcccg	0.35897	0.25641	0.12821	0.25641	1	1.3052e-05
aggccct	0.26667	0.06667	0.26667	0.40000	1	2.0079e-05
aggccga	0.33871	0.08065	0.22581	0.35484	1	2.0749e-05
aggccgc	0.27778	0.31481	0.09259	0.31481	1	1.8072e-05
aggccgg	0.41935	0.17742	0.27419	0.12903	1	2.0749e-05
aggccgt	0.42222	0.24444	0.15556	0.17778	1	1.5060e-05
aggccta	0.27941	0.26471	0.13235	0.32353	1	2.2757e-05
aggcctc	0.33333	0.17544	0.24561	0.24561	1	1.9076e-05
aggcctg	0.29268	0.26829	0.13415	0.30488	1	2.7442e-05
aggcctt	0.21951	0.21951	0.19512	0.36585	1	4.1163e-05
aggcgaa	0.45045	0.11712	0.25225	0.18018	1	3.7147e-05
aggcgac	0.47458	0.11864	0.13559	0.27119	1	1.9745e-05
aggcgag	0.22388	0.23881	0.37313	0.16418	1	2.2422e-05
aggcgat	0.31193	0.07339	0.33945	0.27523	1	3.6478e-05
aggcgca	0.40909	0.15909	0.23864	0.19318	1	2.9450e-05
aggcgcc	0.30435	0.19565	0.17391	0.32609	1	1.5394e-05
aggcgcg	0.23288	0.34247	0.16438	0.26027	1	2.4430e-05
aggcgct	0.22892	0.13253	0.24096	0.39759	1	2.7777e-05
aggcgga	0.42045	0.12500	0.23864	0.21591	1	2.9450e-05
aggcggc	0.26667	0.18333	0.18333	0.36667	1	2.0079e-05
aggcggg	0.34000	0.20000	0.06000	0.40000	1	1.6733e-05
aggcggt	0.35821	0.10448	0.31343	0.22388	1	2.2422e-05
aggcgta	0.19512	0.19512	0.12195	0.48780	1	2.7442e-05
aggcgtc	0.31034	0.15517	0.20690	0.32759	1	1.9410e-05
aggcgtg	0.21569	0.23529	0.23529	0.31373	1	1.7068e-05
aggcgtt	0.23864	0.13636	0.22727	0.39773	1	2.9450e-05
aggctaa	0.33566	0.13986	0.36364	0.16084	1	4.7856e-05
aggctac	0.33333	0.24444	0.16667	0.25556	1	3.0119e-05
aggctag	0.35821	0.19403	0.19403	0.25373	1	2.2422e-05
aggctat	0.48171	0.09756	0.12805	0.29268	1	5.4884e-05
aggctca	0.38710	0.16129	0.16129	0.29032	1	3.1123e-05
aggctcc	0.42593	0.12963	0.12963	0.31481	1	1.8072e-05
aggctcg	0.29091	0.23636	0.21818	0.25455	1	1.8406e-05
aggctct	0.27000	0.21000	0.12000	0.40000	1	3.3466e-05
aggctga	0.37391	0.21739	0.14783	0.26087	1	3.8486e-05
aggctgc	0.35556	0.14444	0.24444	0.25556	1	3.0119e-05
aggctgg	0.42857	0.20408	0.22449	0.14286	1	1.6398e-05
aggctgt	0.30097	0.19417	0.14563	0.35922	1	3.4470e-05
aggctta	0.28030	0.19697	0.21970	0.30303	1	4.4175e-05
aggcttc	0.32653	0.17347	0.12245	0.37755	1	3.2796e-05
aggcttg	0.35000	0.24000	0.19000	0.22000	1	3.3466e-05
aggcttt	0.28111	0.22120	0.14747	0.35023	1	7.2621e-05
agggaaa	0.50195	0.11914	0.18945	0.18945	1	1.7134e-04
agggaac	0.40984	0.13115	0.16393	0.29508	1	4.0828e-05
agggaag	0.33083	0.13910	0.28571	0.24436	1	8.9019e-05
agggaat	0.30460	0.29310	0.14943	0.25287	1	5.8231e-05
agggaca	0.34884	0.13178	0.21705	0.30233	1	4.3171e-05
agggacc	0.34483	0.25862	0.05172	0.34483	1	1.9410e-05
agggacg	0.38462	0.15385	0.21154	0.25000	1	1.7402e-05
agggact	0.21348	0.19101	0.24719	0.34831	1	2.9785e-05
agggaga	0.51493	0.11194	0.22388	0.14925	1	4.4844e-05
agggagc	0.40964	0.12048	0.21687	0.25301	1	2.7777e-05
agggagg	0.28916	0.19277	0.38554	0.13253	1	2.7777e-05
agggagt	0.32099	0.09877	0.28395	0.29630	1	2.7107e-05
agggata	0.31285	0.15642	0.20112	0.32961	1	5.9904e-05
agggatc	0.30000	0.20000	0.25714	0.24286	1	2.3426e-05
agggatg	0.31915	0.26596	0.25532	0.15957	1	3.1458e-05
agggatt	0.27206	0.13235	0.23529	0.36029	1	4.5514e-05
agggcaa	0.36196	0.14724	0.21472	0.27607	1	5.4549e-05
agggcac	0.35443	0.12658	0.15190	0.36709	1	2.6438e-05
agggcag	0.23894	0.23894	0.22124	0.30088	1	3.7816e-05
agggcat	0.28571	0.24060	0.07519	0.39850	1	4.4510e-05
agggcca	0.36250	0.15000	0.22500	0.26250	1	2.6773e-05
agggccc	0.32432	0.17568	0.13514	0.36486	1	2.4765e-05
agggccg	0.29412	0.29412	0.23529	0.17647	1	1.1378e-05
agggcct	0.30769	0.23077	0.15385	0.30769	1	2.1753e-05
agggcga	0.50847	0.16949	0.16949	0.15254	1	1.9745e-05
agggcgc	0.41304	0.26087	0.15217	0.17391	1	1.5394e-05
agggcgg	0.21277	0.23404	0.29787	0.25532	1	1.5729e-05
agggcgt	0.36923	0.13846	0.23077	0.26154	1	2.1753e-05
agggcta	0.27523	0.23853	0.19266	0.29358	1	3.6478e-05
agggctc	0.17857	0.32143	0.22619	0.27381	1	2.8111e-05
agggctg	0.25352	0.26761	0.21127	0.26761	1	2.3761e-05
agggctt	0.21739	0.16667	0.21739	0.39855	1	4.6183e-05
aggggaa	0.36744	0.10233	0.29302	0.23721	1	7.1951e-05
aggggac	0.41096	0.13699	0.24658	0.20548	1	2.4430e-05
aggggag	0.32743	0.15929	0.36283	0.15044	1	3.7816e-05
aggggat	0.28736	0.18391	0.17241	0.35632	1	2.9115e-05
aggggca	0.33636	0.19091	0.27273	0.20000	1	3.6812e-05
aggggcc	0.24286	0.15714	0.31429	0.28571	1	2.3426e-05
aggggcg	0.29630	0.23457	0.37037	0.09877	1	2.7107e-05
aggggct	0.26154	0.16923	0.32308	0.24615	1	2.1753e-05
aggggga	0.36782	0.11494	0.21839	0.29885	1	2.9115e-05
agggggc	0.32653	0.14286	0.24490	0.28571	1	1.6398e-05
agggggg	0.40625	0.18750	0.29688	0.10938	1	2.1418e-05
agggggt	0.27273	0.18182	0.25455	0.29091	1	1.8406e-05
aggggta	0.39080	0.13793	0.21839	0.25287	1	2.9115e-05
aggggtc	0.17778	0.46667	0.17778	0.17778	1	1.5060e-05
aggggtg	0.31944	0.16667	0.26389	0.25000	1	2.4095e-05
aggggtt	0.22785	0.25316	0.18987	0.32911	1	2.6438e-05
agggtaa	0.30417	0.28333	0.12500	0.28750	1	8.0318e-05
agggtac	0.35484	0.21505	0.19355	0.23656	1	3.1123e-05
agggtag	0.34615	0.21795	0.20513	0.23077	1	2.6103e-05
agggtat	0.39844	0.13281	0.18750	0.28125	1	4.2836e-05
agggtca	0.41026	0.14103	0.19231	0.25641	1	2.6103e-05
agggtcc	0.42857	0.15179	0.14286	0.27679	1	3.7482e-05
agggtcg	0.35484	0.29032	0.19355	0.16129	1	1.0374e-05
agggtct	0.23301	0.15534	0.22330	0.38835	1	3.4470e-05
agggtga	0.42373	0.22881	0.18644	0.16102	1	3.9490e-05
agggtgc	0.37705	0.22951	0.16393	0.22951	1	2.0414e-05
agggtgg	0.18333	0.33333	0.16667	0.31667	1	2.0079e-05
agggtgt	0.22449	0.19388	0.25510	0.32653	1	3.2796e-05
agggtta	0.28455	0.20325	0.24390	0.26829	1	4.1163e-05
agggttc	0.30097	0.16505	0.12621	0.40777	1	3.4470e-05
agggttg	0.34091	0.14773	0.12500	0.38636	1	2.9450e-05
agggttt	0.19608	0.19608	0.15686	0.45098	1	6.8270e-05
aggtaaa	0.38522	0.16623	0.21108	0.23747	1	1.2684e-04
aggtaac	0.37762	0.16783	0.18881	0.26573	1	4.7856e-05
aggtaag	0.35862	0.20690	0.24138	0.19310	1	4.8525e-05
aggtaat	0.43062	0.13397	0.19139	0.24402	1	6.9944e-05
aggtaca	0.24460	0.17266	0.22302	0.35971	1	4.6517e-05
aggtacc	0.33708	0.19101	0.14607	0.32584	1	2.9785e-05
aggtacg	0.26250	0.43750	0.11250	0.18750	1	2.6773e-05
aggtact	0.23529	0.16912	0.21324	0.38235	1	4.5514e-05
aggtaga	0.38621	0.13793	0.17931	0.29655	1	4.8525e-05
aggtagc	0.36111	0.18056	0.18056	0.27778	1	2.4095e-05
aggtagg	0.33333	0.14815	0.32099	0.19753	1	2.7107e-05
aggtagt	0.32558	0.11628	0.20155	0.35659	1	4.3171e-05
aggtata	0.25397	0.27302	0.06349	0.40952	1	1.0542e-04
aggtatc	0.29752	0.23140	0.15702	0.31405	1	4.0494e-05
aggtatg	0.23770	0.23770	0.13115	0.39344	1	4.0828e-05
aggtatt	0.21622	0.16667	0.22973	0.38739	1	7.4294e-05
aggtcaa	0.42748	0.12214	0.18321	0.26718	1	4.3840e-05
aggtcac	0.31034	0.24138	0.16092	0.28736	1	2.9115e-05
aggtcag	0.25000	0.30556	0.22222	0.22222	1	2.4095e-05
aggtcat	0.24691	0.26543	0.16667	0.32099	1	5.4215e-05
aggtcca	0.20732	0.18293	0.12195	0.48780	1	2.7442e-05
aggtccc	0.23077	0.17308	0.23077	0.36538	1	1.7402e-05
aggtccg	0.24000	0.16000	0.32000	0.28000	1	1.6733e-05
aggtcct	0.18056	0.18056	0.20833	0.43056	1	2.4095e-05
aggtcga	0.37705	0.11475	0.24590	0.26230	1	2.0414e-05
aggtcgc	0.39394	0.12121	0.27273	0.21212	1	1.1044e-05
aggtcgg	0.16216	0.27027	0.32432	0.24324	1	1.2382e-05
aggtcgt	0.48485	0.10606	0.09091	0.31818	1	2.2087e-05
aggtcta	0.23188	0.20290	0.11594	0.44928	1	2.3091e-05
aggtctc	0.29577	0.16901	0.12676	0.40845	1	2.3761e-05
aggtctg	0.24528	0.22642	0.15094	0.37736	1	1.7737e-05
aggtctt	0.21374	0.16031	0.17557	0.45038	1	4.3840e-05
aggtgaa	0.47458	0.13559	0.16525	0.22458	1	7.8979e-05
aggtgac	0.36538	0.22115	0.16346	0.25000	1	3.4804e-05
aggtgag	0.41748	0.16505	0.30097	0.11650	1	3.4470e-05
aggtgat	0.28873	0.15493	0.22535	0.33099	1	4.7521e-05
aggtgca	0.42963	0.11852	0.21481	0.23704	1	4.5179e-05
aggtgcc	0.36232	0.14493	0.17391	0.31884	1	2.3091e-05
aggtgcg	0.27119	0.10169	0.32203	0.30508	1	1.9745e-05
aggtgct	0.25714	0.10476	0.23810	0.40000	1	3.5139e-05
aggtgga	0.45946	0.14414	0.20721	0.18919	1	3.7147e-05
aggtggc	0.42683	0.20732	0.19512	0.17073	1	2.7442e-05
aggtggg	0.25455	0.21818	0.34545	0.18182	1	1.8406e-05
aggtggt	0.23077	0.17582	0.24176	0.35165	1	3.0454e-05
aggtgta	0.29814	0.19876	0.18012	0.32298	1	5.3880e-05
aggtgtc	0.44444	0.22222	0.13889	0.19444	1	2.4095e-05
aggtgtg	0.26667	0.22857	0.22857	0.27619	1	3.5139e-05
aggtgtt	0.20769	0.20769	0.23077	0.35385	1	4.3506e-05
aggttaa	0.35874	0.13901	0.19283	0.30942	1	7.4629e-05
aggttac	0.30189	0.18239	0.14465	0.37107	1	5.3211e-05
aggttag	0.34646	0.16535	0.20472	0.28346	1	4.2502e-05
aggttat	0.31250	0.16250	0.18750	0.33750	1	8.0318e-05
aggttca	0.38323	0.11976	0.14970	0.34731	1	5.5888e-05
aggttcc	0.22353	0.17647	0.17647	0.42353	1	2.8446e-05
aggttcg	0.23881	0.19403	0.26866	0.29851	1	2.2422e-05
aggttct	0.25547	0.23358	0.13869	0.37226	1	4.5848e-05
aggttga	0.40123	0.14198	0.20988	0.24691	1	5.4215e-05
aggttgc	0.41304	0.18478	0.15217	0.25000	1	3.0789e-05
aggttgg	0.18667	0.25333	0.21333	0.34667	1	2.5099e-05
aggttgt	0.21084	0.17470	0.18072	0.43373	1	5.5553e-05
aggttta	0.24444	0.26222	0.13333	0.36000	1	7.5298e-05
aggtttc	0.31250	0.26136	0.13636	0.28977	1	5.8900e-05
aggtttg	0.38764	0.20787	0.16854	0.23596	1	5.9569e-05
aggtttt	0.21203	0.22063	0.18052	0.38682	1	1.1680e-04
agtaaaa	0.41522	0.14553	0.21362	0.22563	1	2.5066e-04
agtaaac	0.41356	0.12542	0.18644	0.27458	1	9.8724e-05
agtaaag	0.39791	0.19372	0.16754	0.24084	1	1.2784e-04
agtaaat	0.40038	0.15560	0.17837	0.26565	1	1.7636e-04
agtaaca	0.35556	0.16508	0.15873	0.32063	1	1.0542e-04
agtaacc	0.30857	0.18286	0.17714	0.33143	1	5.8565e-05
agtaacg	0.26667	0.20000	0.15152	0.38182	1	5.5219e-05
agtaact	0.29600	0.18000	0.16400	0.36000	1	8.3665e-05
agtaaga	0.48070	0.12982	0.16842	0.22105	1	9.5378e-05
agtaagc	0.46951	0.14024	0.13415	0.25610	1	5.4884e-05
agtaagg	0.40385	0.16667	0.23718	0.19231	1	5.2207e-05
agtaagt	0.35918	0.13878	0.21224	0.28980	1	8.1991e-05
agtaata	0.33741	0.19406	0.16434	0.30420	1	1.9142e-04
agtaatc	0.43415	0.16098	0.16098	0.24390	1	6.8605e-05
agtaatg	0.35714	0.18421	0.18045	0.27820	1	8.9019e-05
agtaatt	0.30324	0.14815	0.24769	0.30093	1	1.4457e-04
agtacaa	0.38007	0.12177	0.22509	0.27306	1	9.0692e-05
agtacac	0.39474	0.17763	0.13816	0.28947	1	5.0868e-05
agtacag	0.29167	0.19444	0.13194	0.38194	1	4.8191e-05
agtacat	0.34470	0.17803	0.12500	0.35227	1	8.8350e-05
agtacca	0.27397	0.28082	0.18493	0.26027	1	4.8860e-05
agtaccc	0.30769	0.08974	0.26923	0.33333	1	2.6103e-05
agtaccg	0.27419	0.29032	0.19355	0.24194	1	2.0749e-05
agtacct	0.26126	0.18018	0.13514	0.42342	1	3.7147e-05
agtacga	0.48413	0.11905	0.16667	0.23016	1	4.2167e-05
agtacgc	0.35556	0.17778	0.15556	0.31111	1	3.0119e-05
agtacgg	0.31507	0.30137	0.08219	0.30137	1	2.4430e-05
agtacgt	0.40476	0.11111	0.23016	0.25397	1	4.2167e-05
agtacta	0.31276	0.23045	0.15226	0.30453	1	8.1322e-05
agtactc	0.41333	0.14000	0.16000	0.28667	1	5.0199e-05
agtactg	0.31792	0.19653	0.16763	0.31792	1	5.7896e-05
agtactt	0.24296	0.22183	0.17254	0.36268	1	9.5043e-05
agtagaa	0.43574	0.14734	0.18182	0.23511	1	1.0676e-04
agtagac	0.36047	0.16279	0.15116	0.32558	1	2.8781e-05
agtagag	0.37736	0.18239	0.16352	0.27673	1	5.3211e-05
agtagat	0.39565	0.12174	0.30000	0.18261	1	7.6971e-05
agtagca	0.39344	0.14344	0.20902	0.25410	1	8.1657e-05
agtagcc	0.33708	0.22472	0.16854	0.26966	1	2.9785e-05
agtagcg	0.28409	0.21591	0.22727	0.27273	1	2.9450e-05
agtagct	0.28492	0.18994	0.18994	0.33520	1	5.9904e-05
agtagga	0.42073	0.11585	0.18902	0.27439	1	5.4884e-05
agtaggc	0.29762	0.21429	0.13095	0.35714	1	2.8111e-05
agtaggg	0.26374	0.21978	0.17582	0.34066	1	3.0454e-05
agtaggt	0.30702	0.13158	0.22807	0.33333	1	3.8151e-05
agtagta	0.34493	0.13623	0.22029	0.29855	1	1.1546e-04
agtagtc	0.46825	0.11111	0.19048	0.23016	1	4.2167e-05
agtagtg	0.38251	0.15847	0.21858	0.24044	1	6.1242e-05
agtagtt	0.27642	0.19919	0.21545	0.30894	1	8.2326e-05
agtataa	0.33542	0.18750	0.21042	0.26667	1	1.6064e-04
agtatac	0.31835	0.16854	0.19850	0.31461	1	8.9354e-05
agtatag	0.30653	0.17588	0.18090	0.33668	1	6.6597e-05
agtatat	0.31728	0.14074	0.07901	0.46296	1	2.7107e-04
agtatca	0.31174	0.19838	0.17814	0.31174	1	8.2661e-05
agtatcc	0.37500	0.20588	0.18382	0.23529	1	4.5514e-05
agtatcg	0.30769	0.20879	0.18681	0.29670	1	3.0454e-05
agtatct	0.24645	0.24171	0.17062	0.34123	1	7.0613e-05
agtatga	0.25359	0.25359	0.15311	0.33971	1	6.9944e-05
agtatgc	0.27778	0.23810	0.19048	0.29365	1	4.2167e-05
agtatgg	0.29204	0.23894	0.17699	0.29204	1	3.7816e-05
agtatgt	0.50725	0.07609	0.14493	0.27174	1	9.2366e-05
agtatta	0.28093	0.18299	0.15979	0.37629	1	1.2985e-04
agtattc	0.36101	0.17329	0.16606	0.29964	1	9.2700e-05
agtattg	0.30909	0.17818	0.17818	0.33455	1	9.2031e-05
agtattt	0.30854	0.17247	0.13766	0.38133	1	2.1150e-04
agtcaaa	0.42146	0.19540	0.18391	0.19923	1	8.7346e-05
agtcaac	0.36364	0.12727	0.16364	0.34545	1	3.6812e-05
agtcaag	0.34014	0.18367	0.20408	0.27211	1	4.9195e-05
agtcaat	0.33023	0.15814	0.17209	0.33953	1	7.1951e-05
agtcaca	0.32624	0.17730	0.17021	0.32624	1	4.7187e-05
agtcacc	0.39326	0.17978	0.14607	0.28090	1	2.9785e-05
agtcacg	0.21951	0.14634	0.13415	0.50000	1	2.7442e-05
agtcact	0.26220	0.14024	0.23171	0.36585	1	5.4884e-05
agtcaga	0.37838	0.21622	0.18919	0.21622	1	3.7147e-05
agtcagc	0.36782	0.20690	0.17241	0.25287	1	2.9115e-05
agtcagg	0.22807	0.22807	0.22807	0.31579	1	1.9076e-05
agtcagt	0.30392	0.21569	0.17647	0.30392	1	3.4135e-05
agtcata	0.23958	0.22917	0.11458	0.41667	1	6.4254e-05
agtcatc	0.21691	0.13603	0.18015	0.46691	1	9.1027e-05
agtcatg	0.30252	0.22689	0.14286	0.32773	1	3.9824e-05
agtcatt	0.25106	0.24255	0.18723	0.31915	1	7.8645e-05
agtccaa	0.33613	0.22689	0.21008	0.22689	1	3.9824e-05
agtccac	0.27586	0.22414	0.18966	0.31034	1	1.9410e-05
agtccag	0.31707	0.17073	0.21951	0.29268	1	1.3721e-05
agtccat	0.35714	0.13265	0.14286	0.36735	1	3.2796e-05
agtccca	0.31250	0.18750	0.16667	0.33333	1	1.6064e-05
agtcccc	0.39474	0.21053	0.07895	0.31579	1	1.2717e-05
agtcccg	0.14286	0.32143	0.25000	0.28571	1	9.3704e-06
agtccct	0.17073	0.17073	0.14634	0.51220	1	2.7442e-05
agtccga	0.25532	0.06383	0.34043	0.34043	1	1.5729e-05
agtccgc	0.21277	0.29787	0.14894	0.34043	1	1.5729e-05
agtccgg	0.17073	0.26829	0.31707	0.24390	1	1.3721e-05
agtccgt	0.33333	0.09524	0.23810	0.33333	1	1.4056e-05
agtccta	0.34783	0.17391	0.14130	0.33696	1	3.0789e-05
agtcctc	0.30864	0.17284	0.16049	0.35802	1	2.7107e-05
agtcctg	0.20896	0.20896	0.22388	0.35821	1	2.2422e-05
agtcctt	0.15441	0.17647	0.18382	0.48529	1	4.5514e-05
agtcgaa	0.37037	0.10185	0.28704	0.24074	1	3.6143e-05
agtcgac	0.20455	0.22727	0.31818	0.25000	1	1.4725e-05
agtcgag	0.30357	0.21429	0.17857	0.30357	1	1.8741e-05
agtcgat	0.34694	0.15306	0.19388	0.30612	1	3.2796e-05
agtcgca	0.36842	0.13158	0.25000	0.25000	1	2.5434e-05
agtcgcc	0.30159	0.17460	0.22222	0.30159	1	2.1083e-05
agtcgcg	0.25000	0.20000	0.22500	0.32500	1	1.3386e-05
agtcgct	0.17442	0.16279	0.19767	0.46512	1	2.8781e-05
agtcgga	0.38889	0.11111	0.22222	0.27778	1	1.8072e-05
agtcggc	0.35417	0.14583	0.08333	0.41667	1	1.6064e-05
agtcggg	0.27027	0.18919	0.02703	0.51351	1	1.2382e-05
agtcggt	0.37037	0.14815	0.18519	0.29630	1	1.8072e-05
agtcgta	0.35644	0.21782	0.11881	0.30693	1	3.3800e-05
agtcgtc	0.46970	0.19697	0.12121	0.21212	1	2.2087e-05
agtcgtg	0.26316	0.24561	0.22807	0.26316	1	1.9076e-05
agtcgtt	0.27885	0.17308	0.19231	0.35577	1	3.4804e-05
agtctaa	0.37692	0.18462	0.20769	0.23077	1	4.3506e-05
agtctac	0.32895	0.18421	0.10526	0.38158	1	2.5434e-05
agtctag	0.23188	0.33333	0.13043	0.30435	1	2.3091e-05
agtctat	0.28800	0.20000	0.16000	0.35200	1	4.1832e-05
agtctca	0.32979	0.21277	0.15957	0.29787	1	3.1458e-05
agtctcc	0.22727	0.13636	0.16667	0.46970	1	2.2087e-05
agtctcg	0.43103	0.15517	0.17241	0.24138	1	1.9410e-05
agtctct	0.21622	0.16892	0.16892	0.44595	1	4.9529e-05
agtctga	0.31818	0.17045	0.14773	0.36364	1	2.9450e-05
agtctgc	0.27536	0.27536	0.14493	0.30435	1	2.3091e-05
agtctgg	0.20000	0.40000	0.14545	0.25455	1	1.8406e-05
agtctgt	0.19355	0.20430	0.22581	0.37634	1	3.1123e-05
agtctta	0.25166	0.18543	0.27152	0.29139	1	5.0533e-05
agtcttc	0.34868	0.20395	0.13816	0.30921	1	5.0868e-05
agtcttg	0.29752	0.18182	0.20661	0.31405	1	4.0494e-05
agtcttt	0.21107	0.19031	0.16609	0.43253	1	9.6716e-05
agtgaaa	0.53979	0.10208	0.14187	0.21626	1	1.9343e-04
agtgaac	0.31915	0.14894	0.24113	0.29078	1	4.7187e-05
agtgaag	0.43750	0.14583	0.17500	0.24167	1	8.0318e-05
agtgaat	0.35714	0.11508	0.22222	0.30556	1	8.4334e-05
agtgaca	0.30841	0.20093	0.20561	0.28505	1	7.1617e-05
agtgacc	0.26667	0.21333	0.20000	0.32000	1	2.5099e-05
agtgacg	0.34118	0.17647	0.14118	0.34118	1	2.8446e-05
agtgact	0.23288	0.17123	0.22603	0.36986	1	4.8860e-05
agtgaga	0.40541	0.11712	0.20721	0.27027	1	7.4294e-05
agtgagc	0.37383	0.16822	0.14019	0.31776	1	3.5808e-05
agtgagg	0.32000	0.23000	0.21000	0.24000	1	3.3466e-05
agtgagt	0.37500	0.15833	0.21667	0.25000	1	4.0159e-05
agtgata	0.39259	0.09630	0.17407	0.33704	1	9.0358e-05
agtgatc	0.37500	0.14583	0.16667	0.31250	1	4.8191e-05
agtgatg	0.43548	0.16667	0.13441	0.26344	1	6.2246e-05
agtgatt	0.30040	0.13439	0.20158	0.36364	1	8.4669e-05
agtgcaa	0.35802	0.13580	0.29630	0.20988	1	8.1322e-05
agtgcac	0.32941	0.18824	0.20000	0.28235	1	2.8446e-05
agtgcag	0.31933	0.25210	0.13445	0.29412	1	3.9824e-05
agtgcat	0.25806	0.12903	0.19355	0.41935	1	5.1872e-05
agtgcca	0.28788	0.19697	0.21970	0.29545	1	4.4175e-05
agtgccc	0.26087	0.11594	0.15942	0.46377	1	2.3091e-05
agtgccg	0.20690	0.24138	0.15517	0.39655	1	1.9410e-05
agtgcct	0.16854	0.16854	0.25843	0.40449	1	2.9785e-05
agtgcga	0.33824	0.16176	0.16176	0.33824	1	2.2757e-05
agtgcgc	0.30508	0.23729	0.23729	0.22034	1	1.9745e-05
agtgcgg	0.25373	0.20896	0.22388	0.31343	1	2.2422e-05
agtgcgt	0.37662	0.15584	0.14286	0.32468	1	2.5769e-05
agtgcta	0.28289	0.21711	0.17105	0.32895	1	5.0868e-05
agtgctc	0.23232	0.16162	0.28283	0.32323	1	3.3131e-05
agtgctg	0.31532	0.15315	0.22523	0.30631	1	3.7147e-05
agtgctt	0.23039	0.22549	0.17157	0.37255	1	6.8270e-05
agtggaa	0.36039	0.08766	0.41234	0.13961	1	1.0307e-04
agtggac	0.43077	0.15385	0.15385	0.26154	1	2.1753e-05
agtggag	0.38182	0.20000	0.21818	0.20000	1	3.6812e-05
agtggat	0.27206	0.11029	0.19118	0.42647	1	4.5514e-05
agtggca	0.40230	0.18966	0.20115	0.20690	1	5.8231e-05
agtggcc	0.36986	0.12329	0.23288	0.27397	1	2.4430e-05
agtggcg	0.18571	0.27143	0.27143	0.27143	1	2.3426e-05
agtggct	0.27523	0.18349	0.17431	0.36697	1	3.6478e-05
agtggga	0.28571	0.23810	0.12381	0.35238	1	3.5139e-05
agtgggc	0.40000	0.12308	0.15385	0.32308	1	2.1753e-05
agtgggg	0.30645	0.20968	0.16129	0.32258	1	2.0749e-05
agtgggt	0.38554	0.09639	0.28916	0.22892	1	2.7777e-05
agtggta	0.34091	0.13068	0.24432	0.28409	1	5.8900e-05
agtggtc	0.42647	0.13235	0.10294	0.33824	1	2.2757e-05
agtggtg	0.20833	0.18333	0.31667	0.29167	1	4.0159e-05
agtggtt	0.26389	0.17361	0.22222	0.34028	1	4.8191e-05
agtgtaa	0.38583	0.16929	0.21260	0.23228	1	8.5003e-05
agtgtac	0.36752	0.10256	0.15385	0.37607	1	3.9155e-05
agtgtag	0.30769	0.17692	0.20769	0.30769	1	4.3506e-05
agtgtat	0.33047	0.14163	0.19313	0.33476	1	7.7975e-05
agtgtca	0.33529	0.17647	0.16471	0.32353	1	5.6892e-05
agtgtcc	0.26316	0.15789	0.15789	0.42105	1	2.5434e-05
agtgtcg	0.41791	0.17910	0.16418	0.23881	1	2.2422e-05
agtgtct	0.20805	0.16107	0.16779	0.46309	1	4.9864e-05
agtgtga	0.32903	0.21290	0.12903	0.32903	1	5.1872e-05
agtgtgc	0.33696	0.16304	0.18478	0.31522	1	3.0789e-05
agtgtgg	0.28421	0.18947	0.22105	0.30526	1	3.1793e-05
agtgtgt	0.44203	0.14493	0.23188	0.18116	1	4.6183e-05
agtgtta	0.30851	0.24468	0.17021	0.27660	1	6.2916e-05
agtgttc	0.30061	0.16564	0.15337	0.38037	1	5.4549e-05
agtgttg	0.34706	0.15882	0.17647	0.31765	1	5.6892e-05
agtgttt	0.24113	0.21986	0.19149	0.34752	1	9.4374e-05
agttaaa	0.40291	0.14563	0.21359	0.23786	1	1.3788e-04
agttaac	0.40212	0.16402	0.13757	0.29630	1	6.3250e-05
agttaag	0.34762	0.18095	0.17619	0.29524	1	7.0278e-05
agttaat	0.34122	0.14527	0.15203	0.36149	1	9.9059e-05
agttaca	0.35111	0.18667	0.21778	0.24444	1	7.5298e-05
agttacc	0.29771	0.25954	0.16031	0.28244	1	4.3840e-05
agttacg	0.34000	0.20000	0.21000	0.25000	1	3.3466e-05
agttact	0.34156	0.17695	0.19342	0.28807	1	8.1322e-05
agttaga	0.37156	0.08716	0.33945	0.20183	1	7.2955e-05
agttagc	0.33058	0.21488	0.16529	0.28926	1	4.0494e-05
agttagg	0.37615	0.14679	0.20183	0.27523	1	3.6478e-05
agttagt	0.39111	0.13333	0.16000	0.31556	1	7.5298e-05
agttata	0.24362	0.15777	0.15777	0.44084	1	1.4424e-04
agttatc	0.35979	0.17989	0.11640	0.34392	1	6.3250e-05
agttatg	0.45089	0.12500	0.13393	0.29018	1	7.4963e-05
agttatt	0.27735	0.16285	0.21120	0.34860	1	1.3152e-04
agttcaa	0.35612	0.13669	0.21223	0.29496	1	9.3035e-05
agttcac	0.30769	0.21538	0.13077	0.34615	1	4.3506e-05
agttcag	0.22436	0.31410	0.14103	0.32051	1	5.2207e-05
agttcat	0.27600	0.23600	0.18400	0.30400	1	8.3665e-05
agttcca	0.33103	0.20000	0.19310	0.27586	1	4.8525e-05
agttccc	0.34043	0.21277	0.12766	0.31915	1	3.1458e-05
agttccg	0.27381	0.20238	0.26190	0.26190	1	2.8111e-05
agttcct	0.20202	0.20707	0.17677	0.41414	1	6.6262e-05
agttcga	0.30952	0.11111	0.26190	0.31746	1	4.2167e-05
agttcgc	0.26761	0.19718	0.21127	0.32394	1	2.3761e-05
agttcgg	0.31169	0.24675	0.14286	0.29870	1	2.5769e-05
agttcgt	0.27619	0.14286	0.20000	0.38095	1	3.5139e-05
agttcta	0.35028	0.18644	0.12429	0.33898	1	5.9234e-05
agttctc	0.17316	0.44156	0.13420	0.25108	1	7.7306e-05
agttctg	0.21528	0.24306	0.18750	0.35417	1	4.8191e-05
agttctt	0.19653	0.24277	0.20231	0.35838	1	1.1579e-04
agttgaa	0.42821	0.13077	0.20256	0.23846	1	1.3052e-04
agttgac	0.41406	0.22656	0.17188	0.18750	1	4.2836e-05
agttgag	0.38554	0.13253	0.15060	0.33133	1	5.5553e-05
agttgat	0.34985	0.13932	0.15789	0.35294	1	1.0809e-04
agttgca	0.30526	0.23158	0.21579	0.24737	1	6.3585e-05
agttgcc	0.43636	0.12727	0.14545	0.29091	1	3.6812e-05
agttgcg	0.35106	0.17021	0.15957	0.31915	1	3.1458e-05
agttgct	0.39011	0.11538	0.21978	0.27473	1	6.0908e-05
agttgga	0.42568	0.14189	0.16216	0.27027	1	4.9529e-05
agttggc	0.29167	0.13333	0.21667	0.35833	1	4.0159e-05
agttggg	0.25333	0.24000	0.18667	0.32000	1	2.5099e-05
agttggt	0.33083	0.10526	0.21805	0.34586	1	4.4510e-05
agttgta	0.27132	0.18217	0.20930	0.33721	1	8.6342e-05
agttgtc	0.34932	0.16438	0.17123	0.31507	1	4.8860e-05
agttgtg	0.31061	0.15909	0.24242	0.28788	1	4.4175e-05
agttgtt	0.23368	0.16495	0.21649	0.38488	1	9.7386e-05
agtttaa	0.33245	0.14894	0.20479	0.31383	1	1.2583e-04
agtttac	0.28405	0.17899	0.14397	0.39300	1	8.6007e-05
agtttag	0.30088	0.23894	0.13274	0.32743	1	7.5633e-05
agtttat	0.29958	0.17300	0.14979	0.37764	1	1.5863e-04
agtttca	0.33750	0.19062	0.14375	0.32812	1	1.0709e-04
agtttcc	0.26378	0.23228	0.18504	0.31890	1	8.5003e-05
agtttcg	0.29530	0.22819	0.16107	0.31544	1	4.9864e-05
agtttct	0.17448	0.19271	0.16146	0.47135	1	1.2851e-04
agtttga	0.35227	0.17424	0.21591	0.25758	1	8.8350e-05
agtttgc	0.29651	0.20930	0.18605	0.30814	1	5.7561e-05
agtttgg	0.31373	0.24837	0.18301	0.25490	1	5.1203e-05
agtttgt	0.29720	0.18881	0.13287	0.38112	1	9.5712e-05
agtttta	0.25200	0.20800	0.15800	0.38200	1	1.6733e-04
agttttc	0.31350	0.25172	0.11899	0.31579	1	1.4625e-04
agttttg	0.30270	0.22973	0.15676	0.31081	1	1.2382e-04
agttttt	0.20285	0.23904	0.12500	0.43311	1	3.0521e-04
ataaaaa	0.42427	0.10557	0.17563	0.29452	1	6.7835e-04
ataaaac	0.41534	0.11640	0.24471	0.22354	1	2.5300e-04
ataaaag	0.34825	0.19323	0.22926	0.22926	1	3.0655e-04
ataaaat	0.43961	0.12700	0.17851	0.25488	1	3.7683e-04
ataaaca	0.42744	0.14644	0.16359	0.26253	1	2.5367e-04
ataaacc	0.41901	0.13380	0.14789	0.29930	1	9.5043e-05
ataaacg	0.34343	0.19192	0.17508	0.28956	1	9.9393e-05
ataaact	0.30851	0.13830	0.20638	0.34681	1	1.5729e-04
ataaaga	0.47332	0.12175	0.19425	0.21067	1	2.4464e-04
ataaagc	0.37398	0.18428	0.19512	0.24661	1	1.2349e-04
ataaagg	0.32128	0.21064	0.23191	0.23617	1	1.5729e-04
ataaagt	0.36735	0.14694	0.18776	0.29796	1	1.6398e-04
ataaata	0.37763	0.15119	0.15119	0.32000	1	4.9362e-04
ataaatc	0.39323	0.17969	0.13021	0.29688	1	1.2851e-04
ataaatg	0.30835	0.24625	0.19058	0.25482	1	1.5629e-04
ataaatt	0.33113	0.13984	0.18997	0.33905	1	2.5367e-04
ataacaa	0.33006	0.17416	0.16292	0.33287	1	2.3828e-04
ataacac	0.36134	0.18908	0.13445	0.31513	1	7.9649e-05
ataacag	0.32817	0.21981	0.14861	0.30341	1	1.0809e-04
ataacat	0.37273	0.15000	0.15682	0.32045	1	1.4725e-04
ataacca	0.34286	0.16786	0.18214	0.30714	1	9.3704e-05
ataaccc	0.28070	0.16667	0.19298	0.35965	1	3.8151e-05
ataaccg	0.30827	0.26316	0.12030	0.30827	1	4.4510e-05
ataacct	0.23005	0.19718	0.14085	0.43192	1	7.1282e-05
ataacga	0.37295	0.19672	0.14344	0.28689	1	8.1657e-05
ataacgc	0.36905	0.15476	0.20833	0.26786	1	5.6223e-05
ataacgg	0.20000	0.20714	0.20000	0.39286	1	4.6852e-05
ataacgt	0.38679	0.17453	0.16038	0.27830	1	7.0948e-05
ataacta	0.32542	0.21378	0.11876	0.34204	1	1.4089e-04
ataactc	0.34054	0.23784	0.14595	0.27568	1	6.1912e-05
ataactg	0.28916	0.24096	0.16466	0.30522	1	8.3330e-05
ataactt	0.31395	0.16744	0.14186	0.37674	1	1.4390e-04
ataagaa	0.43225	0.14499	0.19106	0.23171	1	2.4698e-04
ataagac	0.36190	0.10476	0.32857	0.20476	1	7.0278e-05
ataagag	0.35016	0.19243	0.25237	0.20505	1	1.0609e-04
ataagat	0.41495	0.20103	0.18557	0.19845	1	1.2985e-04
ataagca	0.40155	0.16062	0.18912	0.24870	1	1.2918e-04
ataagcc	0.37342	0.16456	0.13291	0.32911	1	5.2876e-05
ataagcg	0.34641	0.26144	0.16993	0.22222	1	5.1203e-05
ataagct	0.30385	0.19231	0.16154	0.34231	1	8.7011e-05
ataagga	0.49580	0.13165	0.17647	0.19608	1	1.1947e-04
ataaggc	0.41714	0.20571	0.16571	0.21143	1	5.8565e-05
ataaggg	0.38942	0.15385	0.25481	0.20192	1	6.9609e-05
ataaggt	0.32955	0.12500	0.18561	0.35985	1	8.8350e-05
ataagta	0.37365	0.15335	0.14471	0.32829	1	1.5495e-04
ataagtc	0.35714	0.17857	0.16429	0.30000	1	4.6852e-05
ataagtg	0.40323	0.18548	0.15323	0.25806	1	8.2995e-05
ataagtt	0.39257	0.13528	0.15385	0.31830	1	1.2617e-04
ataataa	0.31065	0.11720	0.11090	0.46125	1	5.3110e-04
ataatac	0.36792	0.16604	0.15849	0.30755	1	1.7737e-04
ataatag	0.32282	0.19481	0.14657	0.33581	1	1.8038e-04
ataatat	0.43026	0.11702	0.08629	0.36643	1	5.6624e-04
ataatca	0.35270	0.19917	0.12033	0.32780	1	1.6131e-04
ataatcc	0.33163	0.16837	0.19898	0.30102	1	6.5593e-05
ataatcg	0.17216	0.13919	0.15018	0.53846	1	9.1362e-05
ataatct	0.24934	0.21751	0.18568	0.34748	1	1.2617e-04
ataatga	0.46125	0.12476	0.13800	0.27599	1	1.7703e-04
ataatgc	0.39024	0.19106	0.14228	0.27642	1	8.2326e-05
ataatgg	0.37449	0.25103	0.12757	0.24691	1	8.1322e-05
ataatgt	0.51370	0.11130	0.11986	0.25514	1	1.9544e-04
ataatta	0.33295	0.13526	0.12254	0.40925	1	2.8948e-04
ataattc	0.36667	0.15833	0.14167	0.33333	1	1.2048e-04
ataattg	0.29607	0.19669	0.11387	0.39337	1	1.6164e-04
ataattt	0.28601	0.17432	0.17015	0.36952	1	3.2060e-04
atacaaa	0.43439	0.17496	0.15083	0.23982	1	2.2188e-04
atacaac	0.46914	0.13580	0.14815	0.24691	1	1.0843e-04
atacaag	0.39687	0.17188	0.15625	0.27500	1	1.0709e-04
atacaat	0.42675	0.13800	0.16773	0.26752	1	1.5762e-04
atacaca	0.24201	0.21233	0.18493	0.36073	1	1.4658e-04
atacacc	0.31034	0.27011	0.12644	0.29310	1	5.8231e-05
atacacg	0.28000	0.20000	0.12571	0.39429	1	5.8565e-05
atacact	0.28452	0.17573	0.17992	0.35983	1	7.9983e-05
atacaga	0.50568	0.10795	0.14489	0.24148	1	1.1780e-04
atacagc	0.40556	0.15556	0.18333	0.25556	1	6.0238e-05
atacagg	0.35714	0.16667	0.16667	0.30952	1	5.6223e-05
atacagt	0.38683	0.11523	0.20576	0.29218	1	8.1322e-05
atacata	0.27283	0.16647	0.12601	0.43468	1	2.8948e-04
atacatc	0.38550	0.15267	0.13740	0.32443	1	8.7680e-05
atacatg	0.29384	0.18483	0.15640	0.36493	1	7.0613e-05
atacatt	0.21483	0.19011	0.16350	0.43156	1	1.7603e-04
ataccaa	0.39062	0.22500	0.15937	0.22500	1	1.0709e-04
ataccac	0.33523	0.22727	0.13636	0.30114	1	5.8900e-05
ataccag	0.27778	0.20139	0.18056	0.34028	1	4.8191e-05
ataccat	0.32210	0.22472	0.10487	0.34831	1	8.9354e-05
ataccca	0.26316	0.18797	0.18045	0.36842	1	4.4510e-05
atacccc	0.39506	0.20988	0.12346	0.27160	1	2.7107e-05
atacccg	0.32099	0.22222	0.24691	0.20988	1	2.7107e-05
ataccct	0.21429	0.17143	0.21429	0.40000	1	4.6852e-05
ataccga	0.28814	0.21186	0.17797	0.32203	1	3.9490e-05
ataccgc	0.28571	0.18367	0.13265	0.39796	1	3.2796e-05
ataccgg	0.44318	0.23864	0.13636	0.18182	1	2.9450e-05
ataccgt	0.33846	0.16154	0.18462	0.31538	1	4.3506e-05
ataccta	0.61310	0.14286	0.03869	0.20536	1	1.1245e-04
atacctc	0.37179	0.14103	0.14103	0.34615	1	5.2207e-05
atacctg	0.26573	0.22378	0.11189	0.39860	1	4.7856e-05
atacctt	0.22993	0.18248	0.13139	0.45620	1	9.1696e-05
atacgaa	0.36977	0.14148	0.20257	0.28617	1	1.0408e-04
atacgac	0.39496	0.11765	0.15966	0.32773	1	3.9824e-05
atacgag	0.37405	0.19847	0.19084	0.23664	1	4.3840e-05
atacgat	0.38537	0.13659	0.20488	0.27317	1	6.8605e-05
atacgca	0.30256	0.18974	0.18974	0.31795	1	6.5258e-05
atacgcc	0.40698	0.17442	0.10465	0.31395	1	2.8781e-05
atacgcg	0.38889	0.18056	0.11111	0.31944	1	2.4095e-05
atacgct	0.19481	0.16883	0.21429	0.42208	1	5.1537e-05
atacgga	0.33333	0.12319	0.21014	0.33333	1	4.6183e-05
atacggc	0.36986	0.15068	0.17808	0.30137	1	2.4430e-05
atacggg	0.33333	0.20290	0.20290	0.26087	1	2.3091e-05
atacggt	0.18750	0.07031	0.61719	0.12500	1	8.5672e-05
atacgta	0.27954	0.24207	0.14697	0.33141	1	1.1613e-04
atacgtc	0.47403	0.09091	0.21429	0.22078	1	5.1537e-05
atacgtg	0.25564	0.21053	0.14286	0.39098	1	4.4510e-05
atacgtt	0.26891	0.13445	0.13445	0.46218	1	7.9649e-05
atactaa	0.32222	0.12222	0.20444	0.35111	1	1.5060e-04
atactac	0.28125	0.16562	0.13437	0.41875	1	1.0709e-04
atactag	0.32853	0.13545	0.09222	0.44380	1	1.1613e-04
atactat	0.32941	0.18627	0.08824	0.39608	1	1.7068e-04
atactca	0.37668	0.17489	0.15695	0.29148	1	7.4629e-05
atactcc	0.41221	0.18321	0.12977	0.27481	1	4.3840e-05
atactcg	0.30526	0.23158	0.13684	0.32632	1	3.1793e-05
atactct	0.29237	0.16949	0.17797	0.36017	1	7.8979e-05
atactga	0.43284	0.20149	0.13060	0.23507	1	8.9688e-05
atactgc	0.37688	0.14573	0.15075	0.32663	1	6.6597e-05
atactgg	0.33846	0.20000	0.11538	0.34615	1	4.3506e-05
atactgt	0.25974	0.13961	0.24675	0.35390	1	1.0307e-04
atactta	0.28249	0.25989	0.12147	0.33616	1	1.1847e-04
atacttc	0.31894	0.18605	0.15282	0.34219	1	1.0073e-04
atacttg	0.36466	0.22180	0.18797	0.22556	1	8.9019e-05
atacttt	0.19344	0.22787	0.15738	0.42131	1	2.0414e-04
atagaaa	0.44559	0.12715	0.17640	0.25086	1	2.9216e-04
atagaac	0.43813	0.15050	0.17057	0.24080	1	1.0006e-04
atagaag	0.38499	0.22760	0.15738	0.23002	1	1.3821e-04
atagaat	0.37657	0.13808	0.12971	0.35565	1	1.5997e-04
atagaca	0.41434	0.21514	0.16335	0.20717	1	8.3999e-05
atagacc	0.31633	0.19388	0.18367	0.30612	1	3.2796e-05
atagacg	0.45395	0.17105	0.13158	0.24342	1	5.0868e-05
atagact	0.30667	0.14000	0.20667	0.34667	1	5.0199e-05
atagaga	0.40805	0.14080	0.16092	0.29023	1	1.1646e-04
atagagc	0.42169	0.17470	0.08434	0.31928	1	5.5553e-05
atagagg	0.38220	0.21990	0.16754	0.23037	1	6.3920e-05
atagagt	0.41096	0.09132	0.19635	0.30137	1	7.3290e-05
atagata	0.29878	0.13618	0.17480	0.39024	1	1.6465e-04
atagatc	0.31902	0.14724	0.22086	0.31288	1	5.4549e-05
atagatg	0.34483	0.16379	0.19397	0.29741	1	7.7641e-05
atagatt	0.28375	0.27002	0.10755	0.33867	1	1.4625e-04
atagcaa	0.31579	0.20222	0.20776	0.27424	1	1.2081e-04
atagcac	0.29775	0.21348	0.19663	0.29213	1	5.9569e-05
atagcag	0.27570	0.28037	0.14486	0.29907	1	7.1617e-05
atagcat	0.30061	0.21166	0.14724	0.34049	1	1.0910e-04
atagcca	0.36464	0.16575	0.13260	0.33702	1	6.0573e-05
atagccc	0.46591	0.07955	0.05682	0.39773	1	2.9450e-05
atagccg	0.15534	0.53398	0.09709	0.21359	1	3.4470e-05
atagcct	0.10895	0.12451	0.08560	0.68093	1	8.6007e-05
atagcga	0.36170	0.17021	0.15603	0.31206	1	4.7187e-05
atagcgc	0.38211	0.31707	0.13821	0.16260	1	4.1163e-05
atagcgg	0.34234	0.25225	0.20721	0.19820	1	3.7147e-05
atagcgt	0.30986	0.19718	0.16197	0.33099	1	4.7521e-05
atagcta	0.34211	0.16842	0.19474	0.29474	1	6.3585e-05
atagctc	0.30081	0.16260	0.17073	0.36585	1	4.1163e-05
atagctg	0.27660	0.24823	0.17021	0.30496	1	4.7187e-05
atagctt	0.26481	0.19512	0.17770	0.36237	1	9.6047e-05
ataggaa	0.42199	0.13299	0.20205	0.24297	1	1.3085e-04
ataggac	0.39216	0.10784	0.20588	0.29412	1	3.4135e-05
ataggag	0.37143	0.13571	0.20714	0.28571	1	4.6852e-05
ataggat	0.40439	0.36991	0.08464	0.14107	1	1.0676e-04
ataggca	0.39286	0.18878	0.11735	0.30102	1	6.5593e-05
ataggcc	0.39759	0.19277	0.16867	0.24096	1	2.7777e-05
ataggcg	0.25316	0.32911	0.20253	0.21519	1	2.6438e-05
ataggct	0.26531	0.17347	0.21429	0.34694	1	3.2796e-05
ataggga	0.46479	0.12676	0.21127	0.19718	1	4.7521e-05
atagggc	0.32323	0.13131	0.12121	0.42424	1	3.3131e-05
atagggg	0.30488	0.20732	0.26829	0.21951	1	2.7442e-05
atagggt	0.36111	0.14815	0.20370	0.28704	1	3.6143e-05
ataggta	0.35160	0.15982	0.16438	0.32420	1	7.3290e-05
ataggtc	0.41026	0.14103	0.12821	0.32051	1	2.6103e-05
ataggtg	0.36429	0.18571	0.20000	0.25000	1	4.6852e-05
ataggtt	0.25806	0.18817	0.20430	0.34946	1	6.2246e-05
atagtaa	0.37347	0.20816	0.15102	0.26735	1	1.6398e-04
atagtac	0.38168	0.16794	0.14504	0.30534	1	8.7680e-05
atagtag	0.27946	0.23232	0.16498	0.32323	1	9.9393e-05
atagtat	0.38254	0.12682	0.15385	0.33680	1	1.6097e-04
atagtca	0.21254	0.17770	0.10801	0.50174	1	9.6047e-05
atagtcc	0.35052	0.14433	0.21649	0.28866	1	3.2462e-05
atagtcg	0.31868	0.21978	0.17582	0.28571	1	3.0454e-05
atagtct	0.25907	0.22798	0.13990	0.37306	1	6.4589e-05
atagtga	0.36364	0.16783	0.14685	0.32168	1	9.5712e-05
atagtgc	0.34177	0.14557	0.12025	0.39241	1	5.2876e-05
atagtgg	0.39378	0.16062	0.21244	0.23316	1	6.4589e-05
atagtgt	0.33333	0.13675	0.20085	0.32906	1	7.8310e-05
atagtta	0.29839	0.13441	0.10753	0.45968	1	1.2449e-04
atagttc	0.34483	0.21983	0.16379	0.27155	1	7.7641e-05
atagttg	0.41563	0.13750	0.15625	0.29063	1	1.0709e-04
atagttt	0.26731	0.18462	0.13846	0.40962	1	1.7402e-04
atataaa	0.42633	0.16092	0.14681	0.26594	1	6.4054e-04
atataac	0.37189	0.16014	0.15125	0.31673	1	1.8808e-04
atataag	0.32969	0.18594	0.22031	0.26406	1	2.1418e-04
atataat	0.49241	0.11990	0.11751	0.27018	1	4.1866e-04
atataca	0.26546	0.18017	0.15032	0.40405	1	3.1391e-04
atatacc	0.32184	0.16667	0.15805	0.35345	1	1.1646e-04
atatacg	0.20480	0.15683	0.35978	0.27860	1	1.8138e-04
atatact	0.38755	0.12447	0.18388	0.30410	1	2.3660e-04
atataga	0.36338	0.10014	0.14878	0.38770	1	2.3393e-04
atatagc	0.46853	0.18182	0.16434	0.18531	1	9.5712e-05
atatagg	0.43902	0.13589	0.18815	0.23693	1	9.6047e-05
atatagt	0.31933	0.13866	0.21008	0.33193	1	1.5930e-04
atatata	0.19207	0.11088	0.06750	0.62955	1	1.4427e-03
atatatc	0.35771	0.17329	0.12083	0.34817	1	2.1050e-04
atatatg	0.24311	0.18802	0.12575	0.44311	1	2.7944e-04
atatatt	0.35168	0.15220	0.13925	0.35687	1	5.1671e-04
atatcaa	0.34938	0.17825	0.21569	0.25668	1	1.8774e-04
atatcac	0.35350	0.19108	0.15924	0.29618	1	1.0508e-04
atatcag	0.30769	0.24359	0.16346	0.28526	1	1.0441e-04
atatcat	0.31463	0.21599	0.12925	0.34014	1	1.9678e-04
atatcca	0.31679	0.17939	0.16794	0.33588	1	8.7680e-05
atatccc	0.32143	0.17262	0.11905	0.38690	1	5.6223e-05
atatccg	0.25781	0.22656	0.19531	0.32031	1	4.2836e-05
atatcct	0.16477	0.37500	0.11080	0.34943	1	1.1780e-04
atatcga	0.34375	0.17188	0.18229	0.30208	1	6.4254e-05
atatcgc	0.34437	0.19205	0.13907	0.32450	1	5.0533e-05
atatcgg	0.26016	0.24390	0.13008	0.36585	1	4.1163e-05
atatcgt	0.29167	0.18750	0.17500	0.34583	1	8.0318e-05
atatcta	0.24401	0.30501	0.10022	0.35076	1	1.5361e-04
atatctc	0.33663	0.16172	0.12871	0.37294	1	1.0140e-04
atatctg	0.24911	0.20285	0.16370	0.38434	1	9.4039e-05
atatctt	0.24615	0.19658	0.18803	0.36923	1	1.9578e-04
atatgaa	0.43691	0.14124	0.15443	0.26742	1	1.7770e-04
atatgac	0.30244	0.21463	0.15610	0.32683	1	6.8605e-05
atatgag	0.26432	0.18062	0.23348	0.32159	1	7.5967e-05
atatgat	0.46639	0.11134	0.20798	0.21429	1	1.5930e-04
atatgca	0.32641	0.17211	0.18398	0.31751	1	1.1278e-04
atatgcc	0.31250	0.13125	0.18125	0.37500	1	5.3545e-05
atatgcg	0.22819	0.18121	0.26174	0.32886	1	4.9864e-05
atatgct	0.26909	0.18909	0.17818	0.36364	1	9.2031e-05
atatgga	0.35517	0.17241	0.19310	0.27931	1	9.7051e-05
atatggc	0.30247	0.15432	0.25309	0.29012	1	5.4215e-05
atatggg	0.27273	0.24793	0.24793	0.23140	1	4.0494e-05
atatggt	0.37864	0.08738	0.20388	0.33010	1	6.8940e-05
atatgta	0.24444	0.18194	0.12083	0.45278	1	2.4095e-04
atatgtc	0.39224	0.18966	0.11638	0.30172	1	7.7641e-05
atatgtg	0.25210	0.16527	0.16246	0.42017	1	1.1947e-04
atatgtt	0.25259	0.14286	0.17805	0.42650	1	1.6164e-04
atattaa	0.31303	0.16702	0.15546	0.36450	1	3.1859e-04
atattac	0.29795	0.18063	0.18808	0.33333	1	1.7971e-04
atattag	0.21858	0.15665	0.24226	0.38251	1	1.8373e-04
atattat	0.37675	0.22885	0.09617	0.29823	1	5.4984e-04
atattca	0.34526	0.16019	0.14774	0.34681	1	2.1519e-04
atattcc	0.28190	0.21365	0.13353	0.37092	1	1.1278e-04
atattcg	0.28814	0.16949	0.13559	0.40678	1	7.8979e-05
atattct	0.20080	0.14859	0.27041	0.38019	1	2.4999e-04
atattga	0.35390	0.13793	0.19601	0.31216	1	1.8440e-04
atattgc	0.32493	0.17927	0.14566	0.35014	1	1.1947e-04
atattgg	0.25260	0.20069	0.10727	0.43945	1	9.6716e-05
atattgt	0.30612	0.14898	0.16939	0.37551	1	1.6398e-04
atattta	0.26901	0.16792	0.11195	0.45113	1	4.0059e-04
atatttc	0.31813	0.17633	0.12084	0.38471	1	2.7141e-04
atatttg	0.28943	0.20650	0.17073	0.33333	1	2.0581e-04
atatttt	0.26862	0.16556	0.15160	0.41423	1	5.0333e-04
atcaaaa	0.42621	0.15862	0.15724	0.25793	1	2.4263e-04
atcaaac	0.42809	0.17391	0.13043	0.26756	1	1.0006e-04
atcaaag	0.39403	0.17015	0.17612	0.25970	1	1.1211e-04
atcaaat	0.34151	0.16360	0.18200	0.31288	1	1.6365e-04
atcaaca	0.44691	0.15802	0.15802	0.23704	1	1.3554e-04
atcaacc	0.42647	0.14706	0.18382	0.24265	1	4.5514e-05
atcaacg	0.31690	0.16197	0.22535	0.29577	1	4.7521e-05
atcaact	0.56675	0.09068	0.11083	0.23174	1	1.3286e-04
atcaaga	0.43655	0.14213	0.18020	0.24112	1	1.3186e-04
atcaagc	0.32474	0.19072	0.20103	0.28351	1	6.4924e-05
atcaagg	0.35795	0.20455	0.17045	0.26705	1	5.8900e-05
atcaagt	0.32946	0.13178	0.20930	0.32946	1	8.6342e-05
atcaata	0.32222	0.14444	0.16852	0.36481	1	1.8072e-04
atcaatc	0.34906	0.33019	0.09748	0.22327	1	1.0642e-04
atcaatg	0.52599	0.14373	0.15291	0.17737	1	1.0943e-04
atcaatt	0.25272	0.19172	0.22222	0.33333	1	1.5361e-04
atcacaa	0.32765	0.18771	0.20478	0.27986	1	9.8055e-05
atcacac	0.34197	0.19689	0.14508	0.31606	1	6.4589e-05
atcacag	0.33113	0.23841	0.14570	0.28477	1	5.0533e-05
atcacat	0.31949	0.22684	0.14377	0.30990	1	1.0475e-04
atcacca	0.33019	0.17925	0.11792	0.37264	1	7.0948e-05
atcaccc	0.32456	0.20175	0.26316	0.21053	1	3.8151e-05
atcaccg	0.22222	0.22222	0.13333	0.42222	1	3.0119e-05
atcacct	0.28477	0.15894	0.19205	0.36424	1	5.0533e-05
atcacga	0.34932	0.18493	0.17808	0.28767	1	4.8860e-05
atcacgc	0.29487	0.17949	0.21795	0.30769	1	2.6103e-05
atcacgg	0.29730	0.22973	0.13514	0.33784	1	2.4765e-05
atcacgt	0.20408	0.11735	0.38265	0.29592	1	6.5593e-05
atcacta	0.26136	0.22348	0.13258	0.38258	1	8.8350e-05
atcactc	0.27465	0.20423	0.15493	0.36620	1	4.7521e-05
atcactg	0.27374	0.25140	0.11732	0.35754	1	5.9904e-05
atcactt	0.27035	0.20640	0.14535	0.37791	1	1.1512e-04
atcagaa	0.47000	0.16000	0.14667	0.22333	1	1.0040e-04
atcagac	0.27907	0.23256	0.17442	0.31395	1	2.8781e-05
atcagag	0.39623	0.17925	0.16981	0.25472	1	3.5474e-05
atcagat	0.29032	0.19355	0.17204	0.34409	1	6.2246e-05
atcagca	0.35865	0.23207	0.18987	0.21941	1	7.9314e-05
atcagcc	0.28571	0.22449	0.25510	0.23469	1	3.2796e-05
atcagcg	0.35052	0.17526	0.16495	0.30928	1	3.2462e-05
atcagct	0.26744	0.18023	0.19767	0.35465	1	5.7561e-05
atcagga	0.44444	0.14286	0.19841	0.21429	1	4.2167e-05
atcaggc	0.33333	0.16667	0.23077	0.26923	1	2.6103e-05
atcaggg	0.25301	0.24096	0.22892	0.27711	1	2.7777e-05
atcaggt	0.36154	0.23077	0.14615	0.26154	1	4.3506e-05
atcagta	0.39241	0.21941	0.15612	0.23207	1	7.9314e-05
atcagtc	0.38318	0.14019	0.16822	0.30841	1	3.5808e-05
atcagtg	0.27338	0.17986	0.23741	0.30935	1	4.6517e-05
atcagtt	0.31416	0.16814	0.18584	0.33186	1	7.5633e-05
atcataa	0.38346	0.17293	0.15789	0.28571	1	1.3353e-04
atcatac	0.33083	0.17669	0.14286	0.34962	1	8.9019e-05
atcatag	0.36082	0.26289	0.14948	0.22680	1	6.4924e-05
atcatat	0.50000	0.12987	0.10227	0.26786	1	2.0615e-04
atcatca	0.30000	0.19024	0.12439	0.38537	1	1.3721e-04
atcatcc	0.28235	0.22941	0.15882	0.32941	1	5.6892e-05
atcatcg	0.30208	0.29167	0.14062	0.26562	1	6.4254e-05
atcatct	0.42683	0.15610	0.10244	0.31463	1	1.3721e-04
atcatga	0.38785	0.17290	0.13551	0.30374	1	7.1617e-05
atcatgc	0.37302	0.23016	0.13492	0.26190	1	4.2167e-05
atcatgg	0.29348	0.20652	0.17391	0.32609	1	3.0789e-05
atcatgt	0.35610	0.14634	0.16098	0.33659	1	6.8605e-05
atcatta	0.34411	0.20092	0.10162	0.35335	1	1.4491e-04
atcattc	0.34146	0.17422	0.17770	0.30662	1	9.6047e-05
atcattg	0.28231	0.25170	0.13946	0.32653	1	9.8389e-05
atcattt	0.20496	0.18347	0.19669	0.41488	1	2.0247e-04
atccaaa	0.39357	0.18072	0.18474	0.24096	1	8.3330e-05
atccaac	0.32877	0.15068	0.19863	0.32192	1	4.8860e-05
atccaag	0.45181	0.16867	0.12048	0.25904	1	5.5553e-05
atccaat	0.30000	0.15500	0.16000	0.38500	1	6.6932e-05
atccaca	0.29688	0.20312	0.12500	0.37500	1	4.2836e-05
atccacc	0.37500	0.20000	0.17500	0.25000	1	2.6773e-05
atccacg	0.40426	0.12766	0.20213	0.26596	1	3.1458e-05
atccact	0.47778	0.16667	0.15556	0.20000	1	6.0238e-05
atccaga	0.38532	0.12844	0.18349	0.30275	1	3.6478e-05
atccagc	0.46970	0.16667	0.16667	0.19697	1	2.2087e-05
atccagg	0.37037	0.12346	0.24691	0.25926	1	2.7107e-05
atccagt	0.32061	0.11450	0.21374	0.35115	1	4.3840e-05
atccata	0.34921	0.15476	0.12698	0.36905	1	8.4334e-05
atccatc	0.28289	0.22368	0.18421	0.30921	1	5.0868e-05
atccatg	0.21739	0.21739	0.25000	0.31522	1	3.0789e-05
atccatt	0.22881	0.23729	0.19068	0.34322	1	7.8979e-05
atcccaa	0.30556	0.41667	0.09722	0.18056	1	7.2286e-05
atcccac	0.32353	0.14706	0.13725	0.39216	1	3.4135e-05
atcccag	0.36486	0.25676	0.09459	0.28378	1	2.4765e-05
atcccat	0.27350	0.29060	0.07692	0.35897	1	3.9155e-05
atcccca	0.15385	0.17949	0.23077	0.43590	1	2.6103e-05
atccccc	0.27500	0.15000	0.17500	0.40000	1	1.3386e-05
atccccg	0.33333	0.37037	0.07407	0.22222	1	1.8072e-05
atcccct	0.23469	0.20408	0.14286	0.41837	1	3.2796e-05
atcccga	0.46429	0.12500	0.12500	0.28571	1	1.8741e-05
atcccgc	0.40000	0.15556	0.13333	0.31111	1	1.5060e-05
atcccgg	0.44444	0.20000	0.15556	0.20000	1	1.5060e-05
atcccgt	0.29577	0.29577	0.12676	0.28169	1	2.3761e-05
atcccta	0.32895	0.15789	0.22368	0.28947	1	2.5434e-05
atccctc	0.33981	0.26214	0.08738	0.31068	1	3.4470e-05
atccctg	0.20000	0.29333	0.16000	0.34667	1	2.5099e-05
atccctt	0.26087	0.23478	0.13913	0.36522	1	7.6971e-05
atccgaa	0.38571	0.20000	0.20000	0.21429	1	4.6852e-05
atccgac	0.36364	0.20455	0.06818	0.36364	1	1.4725e-05
atccgag	0.39726	0.26027	0.15068	0.19178	1	2.4430e-05
atccgat	0.25610	0.21951	0.23171	0.29268	1	2.7442e-05
atccgca	0.27723	0.19802	0.22772	0.29703	1	3.3800e-05
atccgcc	0.27119	0.27119	0.06780	0.38983	1	1.9745e-05
atccgcg	0.09836	0.39344	0.31148	0.19672	1	2.0414e-05
atccgct	0.31646	0.16456	0.20253	0.31646	1	2.6438e-05
atccgga	0.41509	0.26415	0.16981	0.15094	1	1.7737e-05
atccggc	0.23636	0.25455	0.25455	0.25455	1	1.8406e-05
atccggg	0.13924	0.13924	0.13924	0.58228	1	2.6438e-05
atccggt	0.22414	0.22414	0.20690	0.34483	1	1.9410e-05
atccgta	0.25517	0.37241	0.06207	0.31034	1	4.8525e-05
atccgtc	0.22807	0.28070	0.12281	0.36842	1	1.9076e-05
atccgtg	0.17284	0.35802	0.16049	0.30864	1	2.7107e-05
atccgtt	0.24590	0.15574	0.12295	0.47541	1	4.0828e-05
atcctaa	0.42574	0.13861	0.10891	0.32673	1	6.7601e-05
atcctac	0.28947	0.21930	0.18421	0.30702	1	3.8151e-05
atcctag	0.31579	0.20000	0.24211	0.24211	1	3.1793e-05
atcctat	0.20408	0.11429	0.09796	0.58367	1	8.1991e-05
atcctca	0.44767	0.14535	0.13372	0.27326	1	5.7561e-05
atcctcc	0.30928	0.21649	0.13402	0.34021	1	3.2462e-05
atcctcg	0.75349	0.06047	0.07442	0.11163	1	7.1951e-05
atcctct	0.23464	0.17877	0.18436	0.40223	1	5.9904e-05
atcctga	0.34711	0.16529	0.21488	0.27273	1	4.0494e-05
atcctgc	0.27273	0.22727	0.11818	0.38182	1	3.6812e-05
atcctgg	0.31169	0.20779	0.15584	0.32468	1	2.5769e-05
atcctgt	0.36937	0.16216	0.16216	0.30631	1	3.7147e-05
atcctta	0.22870	0.24215	0.13004	0.39910	1	7.4629e-05
atccttc	0.23982	0.18100	0.11312	0.46606	1	7.3959e-05
atccttg	0.31818	0.41322	0.08678	0.18182	1	8.0987e-05
atccttt	0.22096	0.17768	0.14123	0.46014	1	1.4691e-04
atcgaaa	0.49653	0.12500	0.18056	0.19792	1	9.6382e-05
atcgaac	0.25000	0.16964	0.22321	0.35714	1	3.7482e-05
atcgaag	0.32353	0.11765	0.15196	0.40686	1	6.8270e-05
atcgaat	0.32222	0.15556	0.17222	0.35000	1	6.0238e-05
atcgaca	0.36842	0.21930	0.21930	0.19298	1	3.8151e-05
atcgacc	0.34000	0.06000	0.26000	0.34000	1	1.6733e-05
atcgacg	0.36923	0.27692	0.16923	0.18462	1	2.1753e-05
atcgact	0.29245	0.19811	0.17925	0.33019	1	3.5474e-05
atcgaga	0.48780	0.08943	0.22764	0.19512	1	4.1163e-05
atcgagc	0.26316	0.25000	0.19737	0.28947	1	2.5434e-05
atcgagg	0.35165	0.25275	0.12088	0.27473	1	3.0454e-05
atcgagt	0.28814	0.16949	0.21186	0.33051	1	3.9490e-05
atcgata	0.37017	0.12155	0.13812	0.37017	1	6.0573e-05
atcgatc	0.34737	0.25263	0.13684	0.26316	1	3.1793e-05
atcgatg	0.38961	0.14935	0.11688	0.34416	1	5.1537e-05
atcgatt	0.26108	0.20690	0.13793	0.39409	1	6.7936e-05
atcgcaa	0.41518	0.13839	0.18304	0.26339	1	7.4963e-05
atcgcac	0.31868	0.16484	0.15385	0.36264	1	3.0454e-05
atcgcag	0.34375	0.22917	0.17708	0.25000	1	3.2127e-05
atcgcat	0.34010	0.26904	0.10660	0.28426	1	6.5928e-05
atcgcca	0.32143	0.12500	0.20536	0.34821	1	3.7482e-05
atcgccc	0.28333	0.28333	0.18333	0.25000	1	2.0079e-05
atcgccg	0.35484	0.19355	0.16129	0.29032	1	2.0749e-05
atcgcct	0.27451	0.20588	0.09804	0.42157	1	3.4135e-05
atcgcga	0.38298	0.14894	0.09574	0.37234	1	3.1458e-05
atcgcgc	0.35135	0.20270	0.18919	0.25676	1	2.4765e-05
atcgcgg	0.34091	0.25000	0.25000	0.15909	1	1.4725e-05
atcgcgt	0.29787	0.20213	0.17021	0.32979	1	3.1458e-05
atcgcta	0.27673	0.23270	0.15094	0.33962	1	5.3211e-05
atcgctc	0.35227	0.23864	0.15909	0.25000	1	2.9450e-05
atcgctg	0.23478	0.26957	0.17391	0.32174	1	3.8486e-05
atcgctt	0.23214	0.24405	0.15476	0.36905	1	5.6223e-05
atcggaa	0.42038	0.18471	0.18471	0.21019	1	5.2541e-05
atcggac	0.33333	0.22222	0.20370	0.24074	1	1.8072e-05
atcggag	0.23810	0.28571	0.20635	0.26984	1	2.1083e-05
atcggat	0.31325	0.12048	0.28916	0.27711	1	2.7777e-05
atcggca	0.28421	0.21053	0.20000	0.30526	1	3.1793e-05
atcggcc	0.25490	0.21569	0.19608	0.33333	1	1.7068e-05
atcggcg	0.33333	0.10145	0.20290	0.36232	1	2.3091e-05
atcggct	0.20000	0.25000	0.30000	0.25000	1	2.6773e-05
atcggga	0.51282	0.11538	0.14103	0.23077	1	2.6103e-05
atcgggc	0.15000	0.37500	0.17500	0.30000	1	1.3386e-05
atcgggg	0.22222	0.25000	0.16667	0.36111	1	1.2048e-05
atcgggt	0.42857	0.16327	0.16327	0.24490	1	1.6398e-05
atcggta	0.30579	0.11570	0.24793	0.33058	1	4.0494e-05
atcggtc	0.25397	0.17460	0.19048	0.38095	1	2.1083e-05
atcggtg	0.22581	0.25806	0.32258	0.19355	1	2.0749e-05
atcggtt	0.16935	0.19355	0.25000	0.38710	1	4.1498e-05
atcgtaa	0.21992	0.14523	0.12033	0.51452	1	8.0653e-05
atcgtac	0.43243	0.09910	0.13514	0.33333	1	3.7147e-05
atcgtag	0.23077	0.26374	0.16484	0.34066	1	3.0454e-05
atcgtat	0.37981	0.17308	0.12500	0.32212	1	6.9609e-05
atcgtca	0.36184	0.15789	0.12500	0.35526	1	5.0868e-05
atcgtcc	0.32051	0.19231	0.19231	0.29487	1	2.6103e-05
atcgtcg	0.33333	0.24074	0.16667	0.25926	1	1.8072e-05
atcgtct	0.53012	0.08434	0.09639	0.28916	1	5.5553e-05
atcgtga	0.32432	0.18919	0.17117	0.31532	1	3.7147e-05
atcgtgc	0.34483	0.08046	0.18391	0.39080	1	2.9115e-05
atcgtgg	0.27027	0.22973	0.17568	0.32432	1	2.4765e-05
atcgtgt	0.34167	0.18333	0.13333	0.34167	1	4.0159e-05
atcgtta	0.28155	0.20874	0.16019	0.34951	1	6.8940e-05
atcgttc	0.35849	0.11950	0.14465	0.37736	1	5.3211e-05
atcgttg	0.24823	0.21277	0.21986	0.31915	1	4.7187e-05
atcgttt	0.31661	0.18495	0.13480	0.36364	1	1.0676e-04
atctaaa	0.32715	0.17865	0.12761	0.36659	1	1.4424e-04
atctaac	0.43275	0.12865	0.12281	0.31579	1	5.7227e-05
atctaag	0.35152	0.18788	0.16364	0.29697	1	5.5219e-05
atctaat	0.33981	0.18770	0.17152	0.30097	1	1.0341e-04
atctaca	0.30662	0.12195	0.16376	0.40767	1	9.6047e-05
atctacc	0.31148	0.14754	0.22131	0.31967	1	4.0828e-05
atctacg	0.22523	0.28829	0.19820	0.28829	1	3.7147e-05
atctact	0.49474	0.12632	0.11228	0.26667	1	9.5378e-05
atctaga	0.44218	0.14966	0.13605	0.27211	1	4.9195e-05
atctagc	0.29008	0.22137	0.24427	0.24427	1	4.3840e-05
atctagg	0.50575	0.11494	0.13793	0.24138	1	2.9115e-05
atctagt	0.35417	0.11806	0.18056	0.34722	1	4.8191e-05
atctata	0.25658	0.11623	0.13158	0.49561	1	1.5260e-04
atctatc	0.35652	0.19565	0.11739	0.33043	1	7.6971e-05
atctatg	0.23270	0.20126	0.15094	0.41509	1	5.3211e-05
atctatt	0.25837	0.14354	0.20813	0.38995	1	1.3989e-04
atctcaa	0.45739	0.19886	0.14489	0.19886	1	1.1780e-04
atctcac	0.28743	0.24551	0.11976	0.34731	1	5.5888e-05
atctcag	0.36879	0.29078	0.14894	0.19149	1	4.7187e-05
atctcat	0.16667	0.42857	0.10714	0.29762	1	1.4056e-04
atctcca	0.26590	0.17341	0.15029	0.41040	1	5.7896e-05
atctccc	0.23864	0.20455	0.20455	0.35227	1	2.9450e-05
atctccg	0.26136	0.28409	0.22727	0.22727	1	2.9450e-05
atctcct	0.19014	0.21127	0.10563	0.49296	1	4.7521e-05
atctcga	0.50000	0.09494	0.21519	0.18987	1	5.2876e-05
atctcgc	0.22078	0.20779	0.23377	0.33766	1	2.5769e-05
atctcgg	0.44444	0.22222	0.06061	0.27273	1	3.3131e-05
atctcgt	0.29213	0.20225	0.16854	0.33708	1	2.9785e-05
atctcta	0.29730	0.15766	0.14414	0.40090	1	7.4294e-05
atctctc	0.25758	0.22727	0.19192	0.32323	1	6.6262e-05
atctctg	0.27160	0.23457	0.16667	0.32716	1	5.4215e-05
atctctt	0.18009	0.23697	0.16114	0.42180	1	1.4123e-04
atctgaa	0.52823	0.10887	0.18145	0.18145	1	8.2995e-05
atctgac	0.32000	0.18000	0.13000	0.37000	1	3.3466e-05
atctgag	0.32540	0.23016	0.16667	0.27778	1	4.2167e-05
atctgat	0.33149	0.16575	0.21547	0.28729	1	6.0573e-05
atctgca	0.47982	0.11659	0.18386	0.21973	1	7.4629e-05
atctgcc	0.37895	0.14737	0.13684	0.33684	1	3.1793e-05
atctgcg	0.31776	0.14019	0.15888	0.38318	1	3.5808e-05
atctgct	0.26455	0.19048	0.19048	0.35450	1	6.3250e-05
atctgga	0.45270	0.14865	0.17568	0.22297	1	4.9529e-05
atctggc	0.27358	0.16981	0.16981	0.38679	1	3.5474e-05
atctggg	0.25610	0.25610	0.15854	0.32927	1	2.7442e-05
atctggt	0.25620	0.16529	0.20661	0.37190	1	4.0494e-05
atctgta	0.30709	0.18504	0.13386	0.37402	1	8.5003e-05
atctgtc	0.35971	0.23741	0.17266	0.23022	1	4.6517e-05
atctgtg	0.35252	0.20863	0.15108	0.28777	1	4.6517e-05
atctgtt	0.19273	0.17818	0.19273	0.43636	1	9.2031e-05
atcttaa	0.31627	0.23494	0.13253	0.31627	1	1.1111e-04
atcttac	0.28636	0.20455	0.14545	0.36364	1	7.3625e-05
atcttag	0.23077	0.28994	0.11834	0.36095	1	5.6557e-05
atcttat	0.29803	0.17980	0.12562	0.39655	1	1.3587e-04
atcttca	0.34085	0.18028	0.12676	0.35211	1	1.1880e-04
atcttcc	0.29386	0.22807	0.09211	0.38596	1	7.6302e-05
atcttcg	0.33951	0.14198	0.21605	0.30247	1	5.4215e-05
atcttct	0.25909	0.21591	0.11818	0.40682	1	1.4725e-04
atcttga	0.38435	0.17347	0.14286	0.29932	1	9.8389e-05
atcttgc	0.40870	0.16522	0.15652	0.26957	1	7.6971e-05
atcttgg	0.32680	0.22876	0.16993	0.27451	1	5.1203e-05
atcttgt	0.31650	0.18855	0.16498	0.32997	1	9.9393e-05
atcttta	0.30824	0.18353	0.13176	0.37647	1	1.4223e-04
atctttc	0.26139	0.24221	0.11751	0.37890	1	1.3955e-04
atctttg	0.30502	0.23938	0.15444	0.30116	1	8.6676e-05
atctttt	0.19756	0.18646	0.15649	0.45949	1	3.0153e-04
atgaaaa	0.52011	0.09448	0.16370	0.22170	1	3.5775e-04
atgaaac	0.50712	0.13960	0.11966	0.23362	1	1.1747e-04
atgaaag	0.40898	0.17456	0.17207	0.24439	1	1.3420e-04
atgaaat	0.34615	0.12308	0.18654	0.34423	1	1.7402e-04
atgaaca	0.39615	0.13462	0.19231	0.27692	1	8.7011e-05
atgaacc	0.33051	0.21186	0.11864	0.33898	1	3.9490e-05
atgaacg	0.30435	0.20497	0.13043	0.36025	1	5.3880e-05
atgaact	0.28194	0.18502	0.19824	0.33480	1	7.5967e-05
atgaaga	0.41221	0.11450	0.22392	0.24936	1	1.3152e-04
atgaagc	0.30380	0.17089	0.20253	0.32278	1	5.2876e-05
atgaagg	0.29714	0.22857	0.20000	0.27429	1	5.8565e-05
atgaagt	0.39044	0.14741	0.15538	0.30677	1	8.3999e-05
atgaata	0.26412	0.14286	0.11296	0.48007	1	2.0146e-04
atgaatc	0.41398	0.16129	0.13441	0.29032	1	6.2246e-05
atgaatg	0.41156	0.17687	0.18027	0.23129	1	9.8389e-05
atgaatt	0.30564	0.12463	0.19881	0.37092	1	1.1278e-04
atgacaa	0.36054	0.14286	0.13946	0.35714	1	9.8389e-05
atgacac	0.46154	0.18881	0.06294	0.28671	1	4.7856e-05
atgacag	0.20603	0.36181	0.15578	0.27638	1	6.6597e-05
atgacat	0.51071	0.11429	0.15714	0.21786	1	9.3704e-05
atgacca	0.44586	0.20382	0.13376	0.21656	1	5.2541e-05
atgaccc	0.30189	0.20755	0.20755	0.28302	1	1.7737e-05
atgaccg	0.26786	0.21429	0.17857	0.33929	1	1.8741e-05
atgacct	0.29661	0.13559	0.11864	0.44915	1	3.9490e-05
atgacga	0.40141	0.18310	0.11268	0.30282	1	4.7521e-05
atgacgc	0.62500	0.10417	0.15278	0.11806	1	4.8191e-05
atgacgg	0.34177	0.25316	0.12658	0.27848	1	2.6438e-05
atgacgt	0.42727	0.09091	0.10909	0.37273	1	3.6812e-05
atgacta	0.30275	0.22477	0.11927	0.35321	1	7.2955e-05
atgactc	0.27731	0.24370	0.14286	0.33613	1	3.9824e-05
atgactg	0.28105	0.25490	0.15033	0.31373	1	5.1203e-05
atgactt	0.23944	0.22066	0.13615	0.40376	1	7.1282e-05
atgagaa	0.44979	0.10042	0.28033	0.16946	1	1.5997e-04
atgagac	0.47863	0.08547	0.18803	0.24786	1	3.9155e-05
atgagag	0.32886	0.22819	0.22819	0.21477	1	4.9864e-05
atgagat	0.29839	0.08065	0.40591	0.21505	1	1.2449e-04
atgagca	0.27869	0.15847	0.24590	0.31694	1	6.1242e-05
atgagcc	0.32051	0.12821	0.16667	0.38462	1	2.6103e-05
atgagcg	0.30864	0.11111	0.25926	0.32099	1	2.7107e-05
atgagct	0.26484	0.14155	0.24201	0.35160	1	7.3290e-05
atgagga	0.64220	0.09174	0.13303	0.13303	1	7.2955e-05
atgaggc	0.28889	0.17778	0.22222	0.31111	1	3.0119e-05
atgaggg	0.27000	0.14000	0.31000	0.28000	1	3.3466e-05
atgaggt	0.25478	0.14650	0.27389	0.32484	1	5.2541e-05
atgagta	0.39698	0.17588	0.14573	0.28141	1	6.6597e-05
atgagtc	0.22000	0.19000	0.30000	0.29000	1	3.3466e-05
atgagtg	0.35766	0.22628	0.20438	0.21168	1	4.5848e-05
atgagtt	0.20574	0.16746	0.27751	0.34928	1	6.9944e-05
atgataa	0.26199	0.10616	0.11986	0.51199	1	1.9544e-04
atgatac	0.33493	0.16268	0.16746	0.33493	1	6.9944e-05
atgatag	0.27559	0.15354	0.16929	0.40157	1	8.5003e-05
atgatat	0.36789	0.16463	0.14024	0.32724	1	1.6465e-04
atgatca	0.28492	0.24581	0.14525	0.32402	1	5.9904e-05
atgatcc	0.24176	0.19780	0.25275	0.30769	1	3.0454e-05
atgatcg	0.34375	0.21875	0.15625	0.28125	1	3.2127e-05
atgatct	0.18009	0.19905	0.22749	0.39336	1	7.0613e-05
atgatga	0.22963	0.17963	0.27407	0.31667	1	1.8072e-04
atgatgc	0.37086	0.16556	0.15232	0.31126	1	5.0533e-05
atgatgg	0.25170	0.25170	0.19728	0.29932	1	4.9195e-05
atgatgt	0.34177	0.12236	0.25316	0.28270	1	7.9314e-05
atgatta	0.28909	0.16224	0.15634	0.39233	1	1.1345e-04
atgattc	0.40704	0.19598	0.12060	0.27638	1	6.6597e-05
atgattg	0.37559	0.20657	0.15023	0.26761	1	7.1282e-05
atgattt	0.25629	0.21968	0.16247	0.36156	1	1.4625e-04
atgcaaa	0.40882	0.15588	0.20882	0.22647	1	1.1378e-04
atgcaac	0.35366	0.21951	0.14024	0.28659	1	5.4884e-05
atgcaag	0.30189	0.16038	0.27830	0.25943	1	7.0948e-05
atgcaat	0.35458	0.13546	0.20717	0.30279	1	8.3999e-05
atgcaca	0.33333	0.18033	0.19126	0.29508	1	6.1242e-05
atgcacc	0.36585	0.25610	0.09756	0.28049	1	2.7442e-05
atgcacg	0.24211	0.15789	0.20000	0.40000	1	3.1793e-05
atgcact	0.28767	0.20548	0.19863	0.30822	1	4.8860e-05
atgcaga	0.42442	0.12209	0.19186	0.26163	1	5.7561e-05
atgcagc	0.35878	0.21374	0.16031	0.26718	1	4.3840e-05
atgcagg	0.31633	0.23469	0.18367	0.26531	1	3.2796e-05
atgcagt	0.34756	0.12195	0.20122	0.32927	1	5.4884e-05
atgcata	0.29537	0.17082	0.13523	0.39858	1	9.4039e-05
atgcatc	0.34752	0.24113	0.12057	0.29078	1	4.7187e-05
atgcatg	0.26064	0.27660	0.15426	0.30851	1	6.2916e-05
atgcatt	0.24000	0.17455	0.18545	0.40000	1	9.2031e-05
atgccaa	0.35204	0.14286	0.26020	0.24490	1	6.5593e-05
atgccac	0.39806	0.22330	0.08738	0.29126	1	3.4470e-05
atgccag	0.26000	0.31000	0.16000	0.27000	1	3.3466e-05
atgccat	0.25543	0.23370	0.16848	0.34239	1	6.1577e-05
atgccca	0.31461	0.19101	0.20225	0.29213	1	2.9785e-05
atgcccc	0.30189	0.26415	0.09434	0.33962	1	1.7737e-05
atgcccg	0.17544	0.22807	0.29825	0.29825	1	1.9076e-05
atgccct	0.23622	0.18110	0.11024	0.47244	1	4.2502e-05
atgccga	0.43478	0.15942	0.13043	0.27536	1	2.3091e-05
atgccgc	0.30435	0.17391	0.17391	0.34783	1	2.3091e-05
atgccgg	0.27451	0.19608	0.31373	0.21569	1	1.7068e-05
atgccgt	0.25301	0.19277	0.19277	0.36145	1	2.7777e-05
atgccta	0.18692	0.20561	0.14953	0.45794	1	3.5808e-05
atgcctc	0.23301	0.22330	0.18447	0.35922	1	3.4470e-05
atgcctg	0.41000	0.22000	0.10000	0.27000	1	3.3466e-05
atgcctt	0.12632	0.18947	0.18947	0.49474	1	6.3585e-05
atgcgaa	0.41667	0.09848	0.23485	0.25000	1	4.4175e-05
atgcgac	0.30508	0.13559	0.20339	0.35593	1	1.9745e-05
atgcgag	0.40845	0.16901	0.15493	0.26761	1	2.3761e-05
atgcgat	0.23636	0.07879	0.44242	0.24242	1	5.5219e-05
atgcgca	0.36250	0.18750	0.15000	0.30000	1	2.6773e-05
atgcgcc	0.22642	0.26415	0.16981	0.33962	1	1.7737e-05
atgcgcg	0.17188	0.31250	0.20312	0.31250	1	2.1418e-05
atgcgct	0.25962	0.11538	0.19231	0.43269	1	3.4804e-05
atgcgga	0.47000	0.09000	0.17000	0.27000	1	3.3466e-05
atgcggc	0.30435	0.18841	0.20290	0.30435	1	2.3091e-05
atgcggg	0.22807	0.21053	0.15789	0.40351	1	1.9076e-05
atgcggt	0.26606	0.05505	0.33945	0.33945	1	3.6478e-05
atgcgta	0.34266	0.20979	0.18182	0.26573	1	4.7856e-05
atgcgtc	0.37805	0.13415	0.17073	0.31707	1	2.7442e-05
atgcgtg	0.35938	0.20312	0.18750	0.25000	1	2.1418e-05
atgcgtt	0.25373	0.17910	0.11940	0.44776	1	4.4844e-05
atgctaa	0.36842	0.14737	0.17895	0.30526	1	6.3585e-05
atgctac	0.34109	0.18605	0.13178	0.34109	1	4.3171e-05
atgctag	0.35514	0.17757	0.14019	0.32710	1	3.5808e-05
atgctat	0.28309	0.15809	0.18750	0.37132	1	9.1027e-05
atgctca	0.32609	0.12319	0.16667	0.38406	1	4.6183e-05
atgctcc	0.25000	0.20588	0.07353	0.47059	1	2.2757e-05
atgctcg	0.40000	0.18462	0.23077	0.18462	1	2.1753e-05
atgctct	0.22368	0.14474	0.16447	0.46711	1	5.0868e-05
atgctga	0.39161	0.18182	0.13986	0.28671	1	4.7856e-05
atgctgc	0.41985	0.14504	0.16794	0.26718	1	4.3840e-05
atgctgg	0.34524	0.19048	0.17857	0.28571	1	2.8111e-05
atgctgt	0.22876	0.21569	0.22876	0.32680	1	5.1203e-05
atgctta	0.29596	0.22870	0.10762	0.36771	1	7.4629e-05
atgcttc	0.30818	0.18239	0.13836	0.37107	1	5.3211e-05
atgcttg	0.22137	0.24427	0.15267	0.38168	1	4.3840e-05
atgcttt	0.20267	0.23200	0.16000	0.40533	1	1.2550e-04
atggaaa	0.44773	0.11834	0.17751	0.25641	1	1.6967e-04
atggaac	0.31081	0.18919	0.17568	0.32432	1	4.9529e-05
atggaag	0.38521	0.24514	0.15953	0.21012	1	8.6007e-05
atggaat	0.26648	0.39828	0.12607	0.20917	1	1.1680e-04
atggaca	0.44882	0.14173	0.18898	0.22047	1	4.2502e-05
atggacc	0.36364	0.28788	0.04545	0.30303	1	2.2087e-05
atggacg	0.34783	0.23188	0.24638	0.17391	1	2.3091e-05
atggact	0.29885	0.22989	0.16092	0.31034	1	2.9115e-05
atggaga	0.41916	0.10778	0.20958	0.26347	1	5.5888e-05
atggagc	0.47761	0.16418	0.11940	0.23881	1	2.2422e-05
atggagg	0.35780	0.15596	0.24771	0.23853	1	3.6478e-05
atggagt	0.27000	0.17000	0.27000	0.29000	1	3.3466e-05
atggata	0.29213	0.19101	0.17978	0.33708	1	5.9569e-05
atggatc	0.37500	0.14773	0.18182	0.29545	1	2.9450e-05
atggatg	0.33951	0.23457	0.21605	0.20988	1	5.4215e-05
atggatt	0.19925	0.39474	0.15789	0.24812	1	8.9019e-05
atggcaa	0.40952	0.17143	0.18095	0.23810	1	7.0278e-05
atggcac	0.43925	0.13084	0.13084	0.29907	1	3.5808e-05
atggcag	0.31008	0.28682	0.18605	0.21705	1	4.3171e-05
atggcat	0.20619	0.25773	0.21134	0.32474	1	6.4924e-05
atggcca	0.32609	0.21739	0.29348	0.16304	1	3.0789e-05
atggccc	0.39286	0.14286	0.12500	0.33929	1	1.8741e-05
atggccg	0.32787	0.18033	0.26230	0.22951	1	2.0414e-05
atggcct	0.18182	0.20202	0.17172	0.44444	1	3.3131e-05
atggcga	0.33784	0.13514	0.14865	0.37838	1	2.4765e-05
atggcgc	0.30667	0.20000	0.22667	0.26667	1	2.5099e-05
atggcgg	0.26761	0.21127	0.21127	0.30986	1	2.3761e-05
atggcgt	0.29762	0.13095	0.15476	0.41667	1	2.8111e-05
atggcta	0.24771	0.22018	0.15596	0.37615	1	3.6478e-05
atggctc	0.38043	0.13043	0.19565	0.29348	1	3.0789e-05
atggctg	0.29310	0.18966	0.20690	0.31034	1	3.8820e-05
atggctt	0.23469	0.20918	0.18878	0.36735	1	6.5593e-05
atgggaa	0.39506	0.14815	0.24074	0.21605	1	5.4215e-05
atgggac	0.34615	0.25000	0.15385	0.25000	1	1.7402e-05
atgggag	0.39683	0.12698	0.22222	0.25397	1	2.1083e-05
atgggat	0.34513	0.15929	0.25664	0.23894	1	3.7816e-05
atgggca	0.32292	0.16667	0.18750	0.32292	1	3.2127e-05
atgggcc	0.34615	0.21154	0.09615	0.34615	1	1.7402e-05
atgggcg	0.21875	0.25000	0.31250	0.21875	1	2.1418e-05
atgggct	0.27551	0.15306	0.21429	0.35714	1	3.2796e-05
atgggga	0.52326	0.05814	0.22093	0.19767	1	2.8781e-05
atggggc	0.32075	0.26415	0.18868	0.22642	1	1.7737e-05
atggggg	0.37778	0.20000	0.22222	0.20000	1	1.5060e-05
atggggt	0.30556	0.23611	0.25000	0.20833	1	2.4095e-05
atgggta	0.38261	0.17391	0.10435	0.33913	1	3.8486e-05
atgggtc	0.33784	0.10811	0.12162	0.43243	1	2.4765e-05
atgggtg	0.27451	0.17647	0.27451	0.27451	1	5.1203e-05
atgggtt	0.24545	0.20909	0.21818	0.32727	1	3.6812e-05
atggtaa	0.40889	0.21333	0.14222	0.23556	1	7.5298e-05
atggtac	0.32143	0.15179	0.16071	0.36607	1	3.7482e-05
atggtag	0.25342	0.20548	0.25342	0.28767	1	4.8860e-05
atggtat	0.31760	0.12017	0.22747	0.33476	1	7.7975e-05
atggtca	0.34375	0.16667	0.16667	0.32292	1	3.2127e-05
atggtcc	0.34921	0.23810	0.14286	0.26984	1	2.1083e-05
atggtcg	0.30233	0.13953	0.23256	0.32558	1	1.4390e-05
atggtct	0.21176	0.18824	0.17647	0.42353	1	2.8446e-05
atggtga	0.30899	0.14607	0.17978	0.36517	1	5.9569e-05
atggtgc	0.35593	0.20339	0.16949	0.27119	1	3.9490e-05
atggtgg	0.35165	0.14286	0.15385	0.35165	1	3.0454e-05
atggtgt	0.33065	0.15323	0.21774	0.29839	1	4.1498e-05
atggtta	0.30220	0.19780	0.20330	0.29670	1	6.0908e-05
atggttc	0.31858	0.07965	0.18584	0.41593	1	3.7816e-05
atggttg	0.28169	0.23944	0.21831	0.26056	1	4.7521e-05
atggttt	0.27309	0.17269	0.17269	0.38153	1	8.3330e-05
atgtaaa	0.32453	0.20755	0.15283	0.31509	1	1.7737e-04
atgtaac	0.39086	0.15228	0.19797	0.25888	1	6.5928e-05
atgtaag	0.35745	0.21702	0.22128	0.20426	1	7.8645e-05
atgtaat	0.48511	0.08757	0.13485	0.29247	1	1.9109e-04
atgtaca	0.29801	0.17219	0.15563	0.37417	1	1.0107e-04
atgtacc	0.31343	0.18657	0.14179	0.35821	1	4.4844e-05
atgtacg	0.17763	0.19737	0.29605	0.32895	1	5.0868e-05
atgtact	0.28464	0.13483	0.18727	0.39326	1	8.9354e-05
atgtaga	0.55882	0.08456	0.11397	0.24265	1	9.1027e-05
atgtagc	0.38849	0.17266	0.16547	0.27338	1	4.6517e-05
atgtagg	0.32117	0.18248	0.18978	0.30657	1	4.5848e-05
atgtagt	0.31905	0.14762	0.20476	0.32857	1	7.0278e-05
atgtata	0.22680	0.17526	0.12518	0.47275	1	2.2723e-04
atgtatc	0.37156	0.11468	0.12844	0.38532	1	7.2955e-05
atgtatg	0.23567	0.18153	0.18153	0.40127	1	1.0508e-04
atgtatt	0.27409	0.18415	0.14775	0.39400	1	1.5629e-04
atgtcaa	0.32673	0.19307	0.17822	0.30198	1	6.7601e-05
atgtcac	0.34302	0.15116	0.17442	0.33140	1	5.7561e-05
atgtcag	0.30172	0.20690	0.11207	0.37931	1	3.8820e-05
atgtcat	0.24898	0.34286	0.16735	0.24082	1	8.1991e-05
atgtcca	0.27660	0.20213	0.14894	0.37234	1	3.1458e-05
atgtccc	0.27778	0.11111	0.16667	0.44444	1	2.4095e-05
atgtccg	0.21875	0.28125	0.15625	0.34375	1	2.1418e-05
atgtcct	0.22901	0.17557	0.22137	0.37405	1	4.3840e-05
atgtcga	0.43478	0.15942	0.15942	0.24638	1	2.3091e-05
atgtcgc	0.21569	0.25490	0.17647	0.35294	1	1.7068e-05
atgtcgg	0.31034	0.18966	0.25862	0.24138	1	1.9410e-05
atgtcgt	0.22414	0.19828	0.19828	0.37931	1	3.8820e-05
atgtcta	0.36220	0.19685	0.13386	0.30709	1	4.2502e-05
atgtctc	0.29600	0.16800	0.16800	0.36800	1	4.1832e-05
atgtctg	0.26471	0.28431	0.21569	0.23529	1	3.4135e-05
atgtctt	0.21371	0.20565	0.18145	0.39919	1	8.2995e-05
atgtgaa	0.41603	0.13740	0.21756	0.22901	1	8.7680e-05
atgtgac	0.39456	0.09524	0.22449	0.28571	1	4.9195e-05
atgtgag	0.35433	0.28346	0.17323	0.18898	1	4.2502e-05
atgtgat	0.37553	0.09705	0.21097	0.31646	1	7.9314e-05
atgtgca	0.25316	0.18354	0.20253	0.36076	1	5.2876e-05
atgtgcc	0.30252	0.20168	0.16807	0.32773	1	3.9824e-05
atgtgcg	0.24444	0.24444	0.16667	0.34444	1	3.0119e-05
atgtgct	0.31515	0.24848	0.14545	0.29091	1	5.5219e-05
atgtgga	0.39456	0.13605	0.19048	0.27891	1	4.9195e-05
atgtggc	0.35514	0.12150	0.20561	0.31776	1	3.5808e-05
atgtggg	0.40000	0.17778	0.22222	0.20000	1	3.0119e-05
atgtggt	0.32593	0.14074	0.25185	0.28148	1	4.5179e-05
atgtgta	0.25940	0.16165	0.18045	0.39850	1	8.9019e-05
atgtgtc	0.40152	0.12879	0.16667	0.30303	1	4.4175e-05
atgtgtg	0.23350	0.20812	0.15228	0.40609	1	6.5928e-05
atgtgtt	0.22464	0.13768	0.26087	0.37681	1	9.2366e-05
atgttaa	0.38650	0.14417	0.12270	0.34663	1	1.0910e-04
atgttac	0.24206	0.20238	0.15476	0.40079	1	8.4334e-05
atgttag	0.47826	0.16770	0.11801	0.23602	1	5.3880e-05
atgttat	0.34154	0.13538	0.16308	0.36000	1	1.0876e-04
atgttca	0.33333	0.18519	0.15226	0.32922	1	8.1322e-05
atgttcc	0.25694	0.21528	0.13889	0.38889	1	4.8191e-05
atgttcg	0.30928	0.09278	0.23711	0.36082	1	3.2462e-05
atgttct	0.25267	0.17794	0.18149	0.38790	1	9.4039e-05
atgttga	0.39726	0.15068	0.15525	0.29680	1	7.3290e-05
atgttgc	0.36364	0.18182	0.09740	0.35714	1	5.1537e-05
atgttgg	0.43386	0.16931	0.15873	0.23810	1	6.3250e-05
atgttgt	0.29615	0.13462	0.17308	0.39615	1	8.7011e-05
atgttta	0.29684	0.23114	0.15085	0.32117	1	1.3754e-04
atgtttc	0.34754	0.19016	0.11803	0.34426	1	1.0207e-04
atgtttg	0.25664	0.22566	0.20796	0.30973	1	7.5633e-05
atgtttt	0.24952	0.19048	0.16571	0.39429	1	1.7570e-04
attaaaa	0.39414	0.13898	0.22693	0.23996	1	3.0822e-04
attaaac	0.40164	0.15301	0.18306	0.26230	1	1.2248e-04
attaaag	0.36364	0.14091	0.22500	0.27045	1	1.4725e-04
attaaat	0.42530	0.14482	0.13567	0.29421	1	2.1954e-04
attaaca	0.32477	0.10514	0.21028	0.35981	1	1.4323e-04
attaacc	0.29348	0.21196	0.16304	0.33152	1	6.1577e-05
attaacg	0.32222	0.15556	0.20000	0.32222	1	6.0238e-05
attaact	0.30247	0.14198	0.19136	0.36420	1	1.0843e-04
attaaga	0.43570	0.13386	0.17323	0.25722	1	1.2750e-04
attaagc	0.42268	0.13918	0.21134	0.22680	1	6.4924e-05
attaagg	0.31356	0.21186	0.23729	0.23729	1	7.8979e-05
attaagt	0.36047	0.10756	0.24419	0.28779	1	1.1512e-04
attaata	0.37232	0.12876	0.11266	0.38627	1	3.1190e-04
attaatc	0.37580	0.14013	0.16242	0.32166	1	1.0508e-04
attaatg	0.35294	0.17353	0.16765	0.30588	1	1.1378e-04
attaatt	0.36806	0.15697	0.16238	0.31258	1	2.4731e-04
attacaa	0.32697	0.17184	0.19332	0.30788	1	1.4022e-04
attacac	0.36161	0.16071	0.17411	0.30357	1	7.4963e-05
attacag	0.26721	0.21053	0.17814	0.34413	1	8.2661e-05
attacat	0.31139	0.15658	0.09431	0.43772	1	1.8808e-04
attacca	0.35401	0.23358	0.15328	0.25912	1	9.1696e-05
attaccc	0.17791	0.10429	0.43558	0.28221	1	1.0910e-04
attaccg	0.21192	0.24503	0.12583	0.41722	1	5.0533e-05
attacct	0.26939	0.15102	0.15510	0.42449	1	8.1991e-05
attacga	0.31285	0.13408	0.09497	0.45810	1	5.9904e-05
attacgc	0.38519	0.10370	0.20000	0.31111	1	4.5179e-05
attacgg	0.27273	0.23485	0.28030	0.21212	1	4.4175e-05
attacgt	0.43721	0.09767	0.13023	0.33488	1	7.1951e-05
attacta	0.31648	0.17802	0.17582	0.32967	1	1.5227e-04
attactc	0.33884	0.16116	0.14050	0.35950	1	8.0987e-05
attactg	0.31457	0.19868	0.17881	0.30795	1	1.0107e-04
attactt	0.19329	0.21499	0.16568	0.42604	1	1.6967e-04
attagaa	0.42188	0.16406	0.20573	0.20833	1	1.2851e-04
attagac	0.32836	0.16418	0.23134	0.27612	1	4.4844e-05
attagag	0.34444	0.21111	0.26111	0.18333	1	6.0238e-05
attagat	0.31864	0.14915	0.21017	0.32203	1	9.8724e-05
attagca	0.31034	0.15326	0.23372	0.30268	1	8.7346e-05
attagcc	0.34711	0.14876	0.28926	0.21488	1	4.0494e-05
attagcg	0.25581	0.23256	0.23256	0.27907	1	4.3171e-05
attagct	0.21463	0.16585	0.21463	0.40488	1	6.8605e-05
attagga	0.38839	0.15625	0.15625	0.29911	1	7.4963e-05
attaggc	0.34000	0.16000	0.24000	0.26000	1	3.3466e-05
attaggg	0.27451	0.27451	0.24510	0.20588	1	3.4135e-05
attaggt	0.48729	0.09746	0.15678	0.25847	1	7.8979e-05
attagta	0.31236	0.13666	0.16052	0.39046	1	1.5428e-04
attagtc	0.39490	0.19108	0.14013	0.27389	1	5.2541e-05
attagtg	0.26774	0.13226	0.35484	0.24516	1	1.0374e-04
attagtt	0.24079	0.15233	0.26290	0.34398	1	1.3621e-04
attataa	0.39277	0.12530	0.12410	0.35783	1	2.7777e-04
attatac	0.34278	0.17784	0.11856	0.36082	1	1.2985e-04
attatag	0.26305	0.39666	0.12526	0.21503	1	1.6030e-04
attatat	0.45352	0.11381	0.09818	0.33449	1	3.8519e-04
attatca	0.39188	0.12294	0.09550	0.38968	1	3.0487e-04
attatcc	0.22569	0.15972	0.13889	0.47569	1	9.6382e-05
attatcg	0.37156	0.20642	0.12844	0.29358	1	7.2955e-05
attatct	0.25152	0.23935	0.13387	0.37525	1	1.6499e-04
attatga	0.36134	0.20168	0.14566	0.29132	1	1.1947e-04
attatgc	0.40909	0.19545	0.13636	0.25909	1	7.3625e-05
attatgg	0.27189	0.19355	0.24424	0.29032	1	7.2621e-05
attatgt	0.47717	0.13699	0.15525	0.23059	1	1.4658e-04
attatta	0.25067	0.17880	0.12129	0.44924	1	3.7247e-04
attattc	0.34167	0.22333	0.10167	0.33333	1	2.0079e-04
attattg	0.28393	0.23036	0.14821	0.33750	1	1.8741e-04
attattt	0.28674	0.19380	0.12153	0.39793	1	4.2133e-04
attcaaa	0.41115	0.15505	0.18467	0.24913	1	1.9209e-04
attcaac	0.30363	0.17822	0.14851	0.36964	1	1.0140e-04
attcaag	0.36137	0.15265	0.20249	0.28349	1	1.0743e-04
attcaat	0.38125	0.12917	0.17500	0.31458	1	1.6064e-04
attcaca	0.34146	0.15447	0.18293	0.32114	1	8.2326e-05
attcacc	0.32870	0.26852	0.08796	0.31481	1	7.2286e-05
attcacg	0.23704	0.21481	0.26667	0.28148	1	4.5179e-05
attcact	0.21864	0.20072	0.24731	0.33333	1	9.3370e-05
attcaga	0.43805	0.15044	0.16814	0.24336	1	7.5633e-05
attcagc	0.36232	0.21739	0.17391	0.24638	1	4.6183e-05
attcagg	0.28689	0.18852	0.19672	0.32787	1	4.0828e-05
attcagt	0.33061	0.11429	0.17959	0.37551	1	8.1991e-05
attcata	0.26593	0.16923	0.15165	0.41319	1	1.5227e-04
attcatc	0.33445	0.17391	0.17391	0.31773	1	1.0006e-04
attcatg	0.33191	0.21277	0.11489	0.34043	1	7.8645e-05
attcatt	0.27172	0.16588	0.21327	0.34913	1	2.1184e-04
attccaa	0.21823	0.40884	0.13260	0.24033	1	1.2115e-04
attccac	0.23179	0.27152	0.13907	0.35762	1	5.0533e-05
attccag	0.30496	0.26950	0.17021	0.25532	1	4.7187e-05
attccat	0.19114	0.11634	0.08587	0.60665	1	1.2081e-04
attccca	0.36242	0.23490	0.10067	0.30201	1	4.9864e-05
attcccc	0.22124	0.24779	0.13274	0.39823	1	3.7816e-05
attcccg	0.20548	0.23288	0.20548	0.35616	1	2.4430e-05
attccct	0.16532	0.12500	0.13306	0.57661	1	8.2995e-05
attccga	0.33333	0.21505	0.19355	0.25806	1	3.1123e-05
attccgc	0.28226	0.15323	0.29839	0.26613	1	4.1498e-05
attccgg	0.30588	0.14118	0.30588	0.24706	1	2.8446e-05
attccgt	0.13472	0.13472	0.23834	0.49223	1	6.4589e-05
attccta	0.37363	0.12088	0.08516	0.42033	1	1.2182e-04
attcctc	0.43590	0.14957	0.11538	0.29915	1	7.8310e-05
attcctg	0.22289	0.22892	0.24096	0.30723	1	5.5553e-05
attcctt	0.20097	0.19855	0.14528	0.45521	1	1.3821e-04
attcgaa	0.43192	0.13615	0.19249	0.23944	1	7.1282e-05
attcgac	0.31579	0.15789	0.29474	0.23158	1	3.1793e-05
attcgag	0.33835	0.18045	0.19549	0.28571	1	4.4510e-05
attcgat	0.29070	0.14535	0.23837	0.32558	1	5.7561e-05
attcgca	0.27660	0.20567	0.15603	0.36170	1	4.7187e-05
attcgcc	0.31250	0.13750	0.22500	0.32500	1	2.6773e-05
attcgcg	0.26374	0.23077	0.25275	0.25275	1	3.0454e-05
attcgct	0.24000	0.20000	0.12000	0.44000	1	4.1832e-05
attcgga	0.38938	0.13274	0.21239	0.26549	1	3.7816e-05
attcggc	0.14130	0.17391	0.39130	0.29348	1	3.0789e-05
attcggg	0.28378	0.09459	0.13514	0.48649	1	2.4765e-05
attcggt	0.29000	0.18000	0.23000	0.30000	1	3.3466e-05
attcgta	0.25000	0.19048	0.17262	0.38690	1	5.6223e-05
attcgtc	0.43243	0.18018	0.12613	0.26126	1	3.7147e-05
attcgtg	0.30282	0.11972	0.19718	0.38028	1	4.7521e-05
attcgtt	0.24232	0.19454	0.16382	0.39932	1	9.8055e-05
attctaa	0.35912	0.20994	0.16298	0.26796	1	1.2115e-04
attctac	0.35424	0.16236	0.15498	0.32841	1	9.0692e-05
attctag	0.21154	0.25962	0.17788	0.35096	1	6.9609e-05
attctat	0.35664	0.13520	0.13753	0.37063	1	1.4357e-04
attctca	0.32593	0.23333	0.13333	0.30741	1	9.0358e-05
attctcc	0.27027	0.18378	0.18919	0.35676	1	6.1912e-05
attctcg	0.36723	0.20339	0.19774	0.23164	1	5.9234e-05
attctct	0.21907	0.19588	0.15722	0.42784	1	1.2985e-04
attctga	0.37611	0.16372	0.15487	0.30531	1	7.5633e-05
attctgc	0.31276	0.19753	0.15226	0.33745	1	8.1322e-05
attctgg	0.24444	0.20741	0.20741	0.34074	1	4.5179e-05
attctgt	0.44963	0.11548	0.13022	0.30467	1	1.3621e-04
attctta	0.26116	0.21429	0.15848	0.36607	1	1.4993e-04
attcttc	0.30288	0.18750	0.16106	0.34856	1	1.3922e-04
attcttg	0.30123	0.21728	0.15556	0.32593	1	1.3554e-04
attcttt	0.20331	0.18203	0.13830	0.47636	1	2.8312e-04
attgaaa	0.46985	0.12173	0.17179	0.23663	1	2.9416e-04
attgaac	0.33708	0.13858	0.19850	0.32584	1	8.9354e-05
attgaag	0.37978	0.13115	0.22131	0.26776	1	1.2248e-04
attgaat	0.34452	0.17897	0.19239	0.28412	1	1.4959e-04
attgaca	0.30290	0.23237	0.20332	0.26141	1	8.0653e-05
attgacc	0.32143	0.13393	0.19643	0.34821	1	3.7482e-05
attgacg	0.31915	0.23404	0.15603	0.29078	1	4.7187e-05
attgact	0.30332	0.13270	0.20853	0.35545	1	7.0613e-05
attgaga	0.49123	0.10526	0.18947	0.21404	1	9.5378e-05
attgagc	0.38235	0.18824	0.11176	0.31765	1	5.6892e-05
attgagg	0.32544	0.17160	0.17751	0.32544	1	5.6557e-05
attgagt	0.35537	0.14463	0.20248	0.29752	1	8.0987e-05
attgata	0.52500	0.11719	0.12344	0.23438	1	2.1418e-04
attgatc	0.30942	0.26009	0.14350	0.28700	1	7.4629e-05
attgatg	0.31541	0.15771	0.24731	0.27957	1	9.3370e-05
attgatt	0.33005	0.13547	0.17241	0.36207	1	1.3587e-04
attgcaa	0.35329	0.15868	0.24251	0.24551	1	1.1178e-04
attgcac	0.28846	0.28846	0.14904	0.27404	1	6.9609e-05
attgcag	0.50588	0.17647	0.13333	0.18431	1	8.5338e-05
attgcat	0.27893	0.14243	0.17804	0.40059	1	1.1278e-04
attgcca	0.30804	0.22321	0.16071	0.30804	1	7.4963e-05
attgccc	0.26271	0.21186	0.14407	0.38136	1	3.9490e-05
attgccg	0.23276	0.24138	0.19828	0.32759	1	3.8820e-05
attgcct	0.23077	0.17308	0.13462	0.46154	1	6.9609e-05
attgcga	0.31081	0.18919	0.13514	0.36486	1	4.9529e-05
attgcgc	0.26891	0.21849	0.17647	0.33613	1	3.9824e-05
attgcgg	0.27500	0.31250	0.12500	0.28750	1	2.6773e-05
attgcgt	0.30380	0.16456	0.22152	0.31013	1	5.2876e-05
attgcta	0.29779	0.24632	0.17279	0.28309	1	9.1027e-05
attgctc	0.27885	0.15865	0.15385	0.40865	1	6.9609e-05
attgctg	0.26126	0.25676	0.18919	0.29279	1	7.4294e-05
attgctt	0.21505	0.23118	0.16398	0.38978	1	1.2449e-04
attggaa	0.45048	0.10863	0.20447	0.23642	1	1.0475e-04
attggac	0.43590	0.16239	0.17949	0.22222	1	3.9155e-05
attggag	0.33613	0.15126	0.21849	0.29412	1	3.9824e-05
attggat	0.35870	0.14674	0.22826	0.26630	1	6.1577e-05
attggca	0.36066	0.18579	0.17486	0.27869	1	6.1242e-05
attggcc	0.27358	0.22642	0.15094	0.34906	1	3.5474e-05
attggcg	0.33846	0.21538	0.19231	0.25385	1	4.3506e-05
attggct	0.24731	0.13441	0.24194	0.37634	1	6.2246e-05
attggga	0.42958	0.12676	0.23239	0.21127	1	4.7521e-05
attgggc	0.33594	0.17188	0.17188	0.32031	1	4.2836e-05
attgggg	0.30380	0.26582	0.18987	0.24051	1	2.6438e-05
attgggt	0.28030	0.10606	0.27273	0.34091	1	4.4175e-05
attggta	0.38235	0.13235	0.16544	0.31985	1	9.1027e-05
attggtc	0.44000	0.09143	0.07429	0.39429	1	5.8565e-05
attggtg	0.39181	0.14035	0.22807	0.23977	1	5.7227e-05
attggtt	0.27753	0.18062	0.19383	0.34802	1	7.5967e-05
attgtaa	0.35065	0.18615	0.16017	0.30303	1	1.5461e-04
attgtac	0.38247	0.19920	0.13147	0.28685	1	8.3999e-05
attgtag	0.35648	0.15741	0.16667	0.31944	1	7.2286e-05
attgtat	0.34968	0.14072	0.14286	0.36674	1	1.5695e-04
attgtca	0.31373	0.12418	0.12745	0.43464	1	1.0241e-04
attgtcc	0.30065	0.17647	0.14379	0.37908	1	5.1203e-05
attgtcg	0.22901	0.23664	0.18321	0.35115	1	4.3840e-05
attgtct	0.23529	0.18067	0.19748	0.38655	1	7.9649e-05
attgtga	0.35317	0.22222	0.14286	0.28175	1	8.4334e-05
attgtgc	0.27861	0.16915	0.19403	0.35821	1	6.7266e-05
attgtgg	0.27922	0.20779	0.20130	0.31169	1	5.1537e-05
attgtgt	0.41317	0.14371	0.20659	0.23653	1	1.1178e-04
attgtta	0.30515	0.20404	0.13051	0.36029	1	1.8205e-04
attgttc	0.34933	0.16533	0.13600	0.34933	1	1.2550e-04
attgttg	0.25367	0.16143	0.30818	0.27673	1	1.5963e-04
attgttt	0.23714	0.19000	0.19429	0.37857	1	2.3426e-04
atttaaa	0.38331	0.15906	0.20469	0.25293	1	2.5668e-04
atttaac	0.35659	0.17829	0.20413	0.26098	1	1.2951e-04
atttaag	0.30607	0.19525	0.19261	0.30607	1	1.2684e-04
atttaat	0.31989	0.13575	0.16935	0.37500	1	2.4899e-04
atttaca	0.25104	0.14523	0.17635	0.42739	1	1.6131e-04
atttacc	0.34615	0.20000	0.13077	0.32308	1	8.7011e-05
atttacg	0.20070	0.15141	0.15141	0.49648	1	9.5043e-05
atttact	0.25573	0.14695	0.22328	0.37405	1	1.7536e-04
atttaga	0.38393	0.12500	0.15476	0.33631	1	1.1245e-04
atttagc	0.36882	0.17490	0.19392	0.26236	1	8.8015e-05
atttagg	0.39631	0.18894	0.20276	0.21198	1	7.2621e-05
atttagt	0.36500	0.09250	0.24000	0.30250	1	1.3386e-04
atttata	0.25377	0.14463	0.18279	0.41881	1	3.7716e-04
atttatc	0.37324	0.15258	0.16667	0.30751	1	1.4256e-04
atttatg	0.23143	0.20286	0.16286	0.40286	1	1.1713e-04
atttatt	0.23563	0.16194	0.14737	0.45506	1	4.1330e-04
atttcaa	0.33641	0.19921	0.18734	0.27704	1	2.5367e-04
atttcac	0.27062	0.19072	0.15722	0.38144	1	1.2985e-04
atttcag	0.29737	0.26579	0.15789	0.27895	1	1.2717e-04
atttcat	0.28095	0.19524	0.14444	0.37937	1	2.1083e-04
atttcca	0.23529	0.22460	0.18984	0.35027	1	1.2516e-04
atttccc	0.26882	0.16129	0.15771	0.41219	1	9.3370e-05
atttccg	0.24242	0.26407	0.19481	0.29870	1	7.7306e-05
atttcct	0.19775	0.19551	0.18652	0.42022	1	1.4892e-04
atttcga	0.42804	0.15129	0.18081	0.23985	1	9.0692e-05
atttcgc	0.29353	0.17413	0.27363	0.25871	1	6.7266e-05
atttcgg	0.36000	0.25333	0.16667	0.22000	1	5.0199e-05
atttcgt	0.28740	0.17717	0.24409	0.29134	1	8.5003e-05
atttcta	0.24296	0.24824	0.14965	0.35915	1	1.9009e-04
atttctc	0.38632	0.19316	0.14085	0.27968	1	1.6633e-04
atttctg	0.27473	0.23901	0.16209	0.32418	1	1.2182e-04
atttctt	0.18004	0.20059	0.17808	0.44129	1	3.4202e-04
atttgaa	0.44822	0.11974	0.20550	0.22654	1	2.0682e-04
atttgac	0.42424	0.13131	0.14141	0.30303	1	6.6262e-05
atttgag	0.36879	0.19858	0.18085	0.25177	1	9.4374e-05
atttgat	0.33966	0.15612	0.22363	0.28059	1	1.5863e-04
atttgca	0.32787	0.20765	0.21585	0.24863	1	1.2248e-04
atttgcc	0.40000	0.16842	0.14737	0.28421	1	6.3585e-05
atttgcg	0.27320	0.22165	0.14948	0.35567	1	6.4924e-05
atttgct	0.21505	0.18280	0.23656	0.36559	1	1.2449e-04
atttgga	0.45693	0.15356	0.12360	0.26592	1	8.9354e-05
atttggc	0.36404	0.15351	0.17982	0.30263	1	7.6302e-05
atttggg	0.35948	0.22222	0.16993	0.24837	1	5.1203e-05
atttggt	0.27832	0.19417	0.21683	0.31068	1	1.0341e-04
atttgta	0.29783	0.15435	0.16522	0.38261	1	1.5394e-04
atttgtc	0.35878	0.16794	0.13740	0.33588	1	8.7680e-05
atttgtg	0.26070	0.25292	0.14786	0.33852	1	8.6007e-05
atttgtt	0.25000	0.16887	0.19702	0.38411	1	2.0213e-04
attttaa	0.33100	0.17133	0.16434	0.33333	1	2.8714e-04
attttac	0.27110	0.19210	0.15440	0.38241	1	1.8640e-04
attttag	0.23965	0.22004	0.17647	0.36383	1	1.5361e-04
attttat	0.30565	0.13163	0.13693	0.42580	1	3.7883e-04
attttca	0.34850	0.15982	0.19867	0.29301	1	3.0153e-04
attttcc	0.30237	0.18579	0.12568	0.38616	1	1.8373e-04
attttcg	0.25791	0.23114	0.17762	0.33333	1	1.3754e-04
attttct	0.22351	0.18497	0.12909	0.46243	1	3.4738e-04
attttga	0.32439	0.12899	0.28863	0.25798	1	2.6204e-04
attttgc	0.36645	0.22517	0.11700	0.29139	1	1.5160e-04
attttgg	0.27684	0.24294	0.15537	0.32486	1	1.1847e-04
attttgt	0.28286	0.16286	0.16857	0.38571	1	2.3426e-04
attttta	0.27231	0.17474	0.14523	0.40772	1	4.4242e-04
atttttc	0.40308	0.17425	0.10707	0.31561	1	4.7823e-04
atttttg	0.27156	0.19697	0.21911	0.31235	1	2.8714e-04
atttttt	0.15554	0.15351	0.11420	0.57675	1	9.8758e-04
caaaaaa	0.52195	0.10000	0.17744	0.20061	1	5.4884e-04
caaaaac	0.41717	0.16966	0.17764	0.23553	1	1.6766e-04
caaaaag	0.36311	0.18012	0.22334	0.23343	1	2.3225e-04
caaaaat	0.39925	0.14552	0.17537	0.27985	1	2.6907e-04
caaaaca	0.50329	0.13322	0.17434	0.18914	1	2.0347e-04
caaaacc	0.37712	0.22034	0.15254	0.25000	1	7.8979e-05
caaaacg	0.34016	0.20492	0.22951	0.22541	1	8.1657e-05
caaaact	0.30137	0.18630	0.19452	0.31781	1	1.2215e-04
caaaaga	0.46795	0.11538	0.22115	0.19551	1	2.0883e-04
caaaagc	0.43871	0.14839	0.17742	0.23548	1	1.0374e-04
caaaagg	0.31124	0.19885	0.26513	0.22478	1	1.1613e-04
caaaagt	0.34266	0.14219	0.19580	0.31935	1	1.4357e-04
caaaata	0.36911	0.16099	0.15838	0.31152	1	2.5568e-04
caaaatc	0.35905	0.22255	0.15430	0.26409	1	1.1278e-04
caaaatg	0.31450	0.19165	0.24570	0.24816	1	1.3621e-04
caaaatt	0.27354	0.18984	0.14948	0.38714	1	2.2389e-04
caaacaa	0.43824	0.14382	0.18951	0.22843	1	1.9778e-04
caaacac	0.41395	0.15349	0.14419	0.28837	1	7.1951e-05
caaacag	0.29954	0.21198	0.18894	0.29954	1	7.2621e-05
caaacat	0.35135	0.19820	0.14114	0.30931	1	1.1144e-04
caaacca	0.43269	0.15385	0.20192	0.21154	1	6.9609e-05
caaaccc	0.33333	0.18919	0.14414	0.33333	1	3.7147e-05
caaaccg	0.24051	0.29114	0.10127	0.36709	1	2.6438e-05
caaacct	0.21196	0.26630	0.17935	0.34239	1	6.1577e-05
caaacga	0.37688	0.18090	0.22111	0.22111	1	6.6597e-05
caaacgc	0.36691	0.16547	0.25899	0.20863	1	4.6517e-05
caaacgg	0.31707	0.18699	0.20325	0.29268	1	4.1163e-05
caaacgt	0.24476	0.16783	0.23077	0.35664	1	4.7856e-05
caaacta	0.37586	0.21034	0.15172	0.26207	1	9.7051e-05
caaactc	0.31343	0.20149	0.16418	0.32090	1	4.4844e-05
caaactg	0.27811	0.24260	0.17160	0.30769	1	5.6557e-05
caaactt	0.25000	0.21053	0.18092	0.35855	1	1.0174e-04
caaagaa	0.42705	0.15653	0.24316	0.17325	1	2.2021e-04
caaagac	0.44706	0.12353	0.18824	0.24118	1	5.6892e-05
caaagag	0.40586	0.13389	0.19247	0.26778	1	7.9983e-05
caaagat	0.40530	0.15530	0.18561	0.25379	1	8.8350e-05
caaagca	0.40299	0.16045	0.18657	0.25000	1	8.9688e-05
caaagcc	0.42453	0.17925	0.17925	0.21698	1	3.5474e-05
caaagcg	0.31092	0.23529	0.22689	0.22689	1	3.9824e-05
caaagct	0.22460	0.20856	0.21390	0.35294	1	6.2581e-05
caaagga	0.45118	0.13131	0.23232	0.18519	1	9.9393e-05
caaaggc	0.39412	0.22941	0.19412	0.18235	1	5.6892e-05
caaaggg	0.39080	0.17241	0.24138	0.19540	1	5.8231e-05
caaaggt	0.26154	0.19487	0.23077	0.31282	1	6.5258e-05
caaagta	0.30745	0.20497	0.17702	0.31056	1	1.0776e-04
caaagtc	0.36567	0.17164	0.16418	0.29851	1	4.4844e-05
caaagtg	0.33333	0.16176	0.26961	0.23529	1	6.8270e-05
caaagtt	0.28621	0.17931	0.19655	0.33793	1	9.7051e-05
caaataa	0.41692	0.17674	0.16616	0.24018	1	2.2154e-04
caaatac	0.39264	0.19325	0.16258	0.25153	1	1.0910e-04
caaatag	0.34441	0.19033	0.15408	0.31118	1	1.1077e-04
caaatat	0.36463	0.18623	0.15180	0.29734	1	2.1385e-04
caaatca	0.40705	0.15064	0.16667	0.27564	1	1.0441e-04
caaatcc	0.37313	0.14925	0.18657	0.29104	1	4.4844e-05
caaatcg	0.30328	0.19672	0.20492	0.29508	1	4.0828e-05
caaatct	0.30081	0.22764	0.20325	0.26829	1	8.2326e-05
caaatga	0.31653	0.11485	0.15126	0.41737	1	1.1947e-04
caaatgc	0.37436	0.12308	0.17949	0.32308	1	6.5258e-05
caaatgg	0.32680	0.24837	0.18301	0.24183	1	5.1203e-05
caaatgt	0.31746	0.16270	0.28571	0.23413	1	8.4334e-05
caaatta	0.31385	0.22078	0.16450	0.30087	1	1.5461e-04
caaattc	0.33579	0.25461	0.15498	0.25461	1	9.0692e-05
caaattg	0.30065	0.16993	0.22549	0.30392	1	1.0241e-04
caaattt	0.24958	0.21464	0.14309	0.39268	1	2.0113e-04
caacaaa	0.41667	0.17857	0.17517	0.22959	1	1.9678e-04
caacaac	0.45342	0.17702	0.13665	0.23292	1	1.0776e-04
caacaag	0.38676	0.18815	0.17422	0.25087	1	9.6047e-05
caacaat	0.31380	0.09641	0.20605	0.38374	1	1.7703e-04
caacaca	0.32103	0.18081	0.16236	0.33579	1	9.0692e-05
caacacc	0.38400	0.20000	0.13600	0.28000	1	4.1832e-05
caacacg	0.38614	0.19802	0.15842	0.25743	1	3.3800e-05
caacact	0.28235	0.14706	0.14706	0.42353	1	5.6892e-05
caacaga	0.40249	0.15353	0.20747	0.23651	1	8.0653e-05
caacagc	0.44444	0.13636	0.16162	0.25758	1	6.6262e-05
caacagg	0.32331	0.18797	0.20301	0.28571	1	4.4510e-05
caacagt	0.35455	0.14091	0.15909	0.34545	1	7.3625e-05
caacata	0.30132	0.21854	0.16556	0.31457	1	1.0107e-04
caacatc	0.35849	0.18239	0.15094	0.30818	1	5.3211e-05
caacatg	0.42963	0.16296	0.19259	0.21481	1	4.5179e-05
caacatt	0.27213	0.17705	0.18361	0.36721	1	1.0207e-04
caaccaa	0.42169	0.15663	0.18474	0.23695	1	8.3330e-05
caaccac	0.37209	0.25581	0.15504	0.21705	1	4.3171e-05
caaccag	0.25263	0.27368	0.22105	0.25263	1	3.1793e-05
caaccat	0.34286	0.18286	0.13714	0.33714	1	5.8565e-05
caaccca	0.37113	0.21649	0.16495	0.24742	1	3.2462e-05
caacccc	0.26866	0.17910	0.19403	0.35821	1	2.2422e-05
caacccg	0.37209	0.25581	0.20930	0.16279	1	1.4390e-05
caaccct	0.31250	0.18750	0.10417	0.39583	1	3.2127e-05
caaccga	0.34568	0.17284	0.16049	0.32099	1	2.7107e-05
caaccgc	0.32432	0.25676	0.12162	0.29730	1	2.4765e-05
caaccgg	0.34694	0.22449	0.22449	0.20408	1	1.6398e-05
caaccgt	0.30612	0.18367	0.04082	0.46939	1	3.2796e-05
caaccta	0.33058	0.27273	0.10744	0.28926	1	4.0494e-05
caacctc	0.40566	0.23585	0.11321	0.24528	1	3.5474e-05
caacctg	0.31707	0.21951	0.12195	0.34146	1	2.7442e-05
caacctt	0.29648	0.18593	0.17085	0.34673	1	6.6597e-05
caacgaa	0.38356	0.19178	0.18265	0.24201	1	7.3290e-05
caacgac	0.47664	0.13084	0.19626	0.19626	1	3.5808e-05
caacgag	0.34831	0.16854	0.29213	0.19101	1	2.9785e-05
caacgat	0.30612	0.14286	0.19048	0.36054	1	4.9195e-05
caacgca	0.39231	0.21538	0.15385	0.23846	1	4.3506e-05
caacgcc	0.26154	0.20000	0.16923	0.36923	1	2.1753e-05
caacgcg	0.29730	0.17568	0.16216	0.36486	1	2.4765e-05
caacgct	0.22000	0.20000	0.20000	0.38000	1	3.3466e-05
caacgga	0.44944	0.13483	0.17978	0.23596	1	2.9785e-05
caacggc	0.39241	0.17722	0.18987	0.24051	1	2.6438e-05
caacggg	0.18367	0.34694	0.22449	0.24490	1	1.6398e-05
caacggt	0.33019	0.13208	0.18868	0.34906	1	3.5474e-05
caacgta	0.34667	0.20667	0.16667	0.28000	1	5.0199e-05
caacgtc	0.42529	0.16092	0.17241	0.24138	1	2.9115e-05
caacgtg	0.30380	0.30380	0.12658	0.26582	1	2.6438e-05
caacgtt	0.32593	0.15556	0.16296	0.35556	1	4.5179e-05
caactaa	0.31437	0.14671	0.12874	0.41018	1	1.1178e-04
caactac	0.36765	0.18627	0.07353	0.37255	1	6.8270e-05
caactag	0.35211	0.19014	0.11972	0.33803	1	4.7521e-05
caactat	0.17595	0.41349	0.10850	0.30205	1	1.1412e-04
caactca	0.32461	0.15707	0.14660	0.37173	1	6.3920e-05
caactcc	0.34146	0.24390	0.15854	0.25610	1	2.7442e-05
caactcg	0.32203	0.23729	0.06780	0.37288	1	1.9745e-05
caactct	0.18621	0.22759	0.19310	0.39310	1	4.8525e-05
caactga	0.45882	0.14706	0.15294	0.24118	1	5.6892e-05
caactgc	0.42857	0.14286	0.17857	0.25000	1	4.6852e-05
caactgg	0.21930	0.26316	0.13158	0.38596	1	3.8151e-05
caactgt	0.35593	0.12994	0.20904	0.30508	1	5.9234e-05
caactta	0.35238	0.21429	0.16190	0.27143	1	7.0278e-05
caacttc	0.34711	0.14050	0.10331	0.40909	1	8.0987e-05
caacttg	0.26389	0.22222	0.17361	0.34028	1	4.8191e-05
caacttt	0.20785	0.18245	0.15012	0.45958	1	1.4491e-04
caagaaa	0.48645	0.13074	0.17668	0.20612	1	2.8412e-04
caagaac	0.43195	0.18639	0.15976	0.22189	1	1.1311e-04
caagaag	0.36181	0.16834	0.20101	0.26884	1	1.3319e-04
caagaat	0.35949	0.14430	0.19241	0.30380	1	1.3219e-04
caagaca	0.42041	0.18367	0.16327	0.23265	1	8.1991e-05
caagacc	0.36364	0.16162	0.15152	0.32323	1	3.3131e-05
caagacg	0.37255	0.21569	0.15686	0.25490	1	3.4135e-05
caagact	0.32877	0.17123	0.17808	0.32192	1	4.8860e-05
caagaga	0.46526	0.12689	0.19335	0.21450	1	1.1077e-04
caagagc	0.40206	0.11340	0.22680	0.25773	1	6.4924e-05
caagagg	0.32258	0.25161	0.16774	0.25806	1	5.1872e-05
caagagt	0.33990	0.17241	0.19704	0.29064	1	6.7936e-05
caagata	0.38953	0.14244	0.14244	0.32558	1	1.1512e-04
caagatc	0.41361	0.18325	0.10995	0.29319	1	6.3920e-05
caagatg	0.40719	0.19760	0.19162	0.20359	1	5.5888e-05
caagatt	0.25000	0.14855	0.21377	0.38768	1	9.2366e-05
caagcaa	0.34768	0.18543	0.23841	0.22848	1	1.0107e-04
caagcac	0.40541	0.12838	0.18243	0.28378	1	4.9529e-05
caagcag	0.26250	0.23750	0.20000	0.30000	1	5.3545e-05
caagcat	0.30612	0.22959	0.10204	0.36224	1	6.5593e-05
caagcca	0.34177	0.13924	0.18987	0.32911	1	5.2876e-05
caagccc	0.38272	0.09877	0.19753	0.32099	1	2.7107e-05
caagccg	0.38095	0.22222	0.17460	0.22222	1	2.1083e-05
caagcct	0.21000	0.22000	0.23000	0.34000	1	3.3466e-05
caagcga	0.33884	0.15702	0.19835	0.30579	1	4.0494e-05
caagcgc	0.34831	0.26966	0.13483	0.24719	1	2.9785e-05
caagcgg	0.26882	0.19355	0.22581	0.31183	1	3.1123e-05
caagcgt	0.37374	0.12121	0.24242	0.26263	1	3.3131e-05
caagcta	0.31818	0.20455	0.14394	0.33333	1	4.4175e-05
caagctc	0.31818	0.14545	0.23636	0.30000	1	3.6812e-05
caagctg	0.36082	0.18557	0.21649	0.23711	1	3.2462e-05
caagctt	0.19487	0.23590	0.15897	0.41026	1	6.5258e-05
caaggaa	0.42090	0.11343	0.27164	0.19403	1	1.1211e-04
caaggac	0.46729	0.17757	0.14953	0.20561	1	3.5808e-05
caaggag	0.35606	0.20455	0.20455	0.23485	1	4.4175e-05
caaggat	0.22956	0.08176	0.07862	0.61006	1	1.0642e-04
caaggca	0.32515	0.19632	0.20859	0.26994	1	5.4549e-05
caaggcc	0.39286	0.13095	0.22619	0.25000	1	2.8111e-05
caaggcg	0.39024	0.24390	0.14634	0.21951	1	2.7442e-05
caaggct	0.26087	0.19130	0.18261	0.36522	1	3.8486e-05
caaggga	0.44970	0.20118	0.16568	0.18343	1	5.6557e-05
caagggc	0.49383	0.19753	0.09877	0.20988	1	2.7107e-05
caagggg	0.28261	0.34783	0.19565	0.17391	1	3.0789e-05
caagggt	0.22124	0.23009	0.22124	0.32743	1	3.7816e-05
caaggta	0.37821	0.18590	0.16667	0.26923	1	5.2207e-05
caaggtc	0.48148	0.12346	0.12346	0.27160	1	2.7107e-05
caaggtg	0.40541	0.15315	0.22523	0.21622	1	3.7147e-05
caaggtt	0.32402	0.12849	0.17318	0.37430	1	5.9904e-05
caagtaa	0.37690	0.17933	0.17325	0.27052	1	1.1010e-04
caagtac	0.28395	0.17901	0.14198	0.39506	1	5.4215e-05
caagtag	0.28387	0.25161	0.16129	0.30323	1	5.1872e-05
caagtat	0.31518	0.15564	0.15175	0.37743	1	8.6007e-05
caagtca	0.32530	0.21687	0.15663	0.30120	1	5.5553e-05
caagtcc	0.21429	0.15476	0.17857	0.45238	1	2.8111e-05
caagtcg	0.30000	0.21429	0.20000	0.28571	1	2.3426e-05
caagtct	0.25843	0.19101	0.14607	0.40449	1	2.9785e-05
caagtga	0.39048	0.12857	0.22857	0.25238	1	7.0278e-05
caagtgc	0.34932	0.21918	0.10959	0.32192	1	4.8860e-05
caagtgg	0.33333	0.19192	0.17172	0.30303	1	3.3131e-05
caagtgt	0.26619	0.20863	0.18705	0.33813	1	4.6517e-05
caagtta	0.32927	0.23171	0.19106	0.24797	1	8.2326e-05
caagttc	0.33540	0.17391	0.14907	0.34161	1	5.3880e-05
caagttg	0.31788	0.21854	0.23179	0.23179	1	5.0533e-05
caagttt	0.21866	0.18659	0.14869	0.44606	1	1.1479e-04
caataaa	0.40081	0.15250	0.19028	0.25641	1	2.4798e-04
caataac	0.42581	0.14516	0.19677	0.23226	1	1.0374e-04
caataag	0.36760	0.24611	0.17134	0.21495	1	1.0743e-04
caataat	0.41723	0.14696	0.16047	0.27534	1	1.9812e-04
caataca	0.40345	0.13103	0.15862	0.30690	1	9.7051e-05
caatacc	0.39474	0.14737	0.17895	0.27895	1	6.3585e-05
caatacg	0.26994	0.25767	0.13497	0.33742	1	5.4549e-05
caatact	0.32975	0.17921	0.17563	0.31541	1	9.3370e-05
caataga	0.46369	0.10335	0.21788	0.21508	1	1.1981e-04
caatagc	0.40343	0.11588	0.19742	0.28326	1	7.7975e-05
caatagg	0.34426	0.22404	0.19672	0.23497	1	6.1242e-05
caatagt	0.35517	0.16207	0.20345	0.27931	1	9.7051e-05
caatata	0.30384	0.18865	0.13022	0.37730	1	2.0046e-04
caatatc	0.40138	0.14879	0.14533	0.30450	1	9.6716e-05
caatatg	0.23721	0.21860	0.21395	0.33023	1	7.1951e-05
caatatt	0.26806	0.17496	0.17175	0.38523	1	2.0849e-04
caatcaa	0.33140	0.22093	0.13663	0.31105	1	1.1512e-04
caatcac	0.39634	0.20732	0.14634	0.25000	1	5.4884e-05
caatcag	0.33784	0.26351	0.16216	0.23649	1	4.9529e-05
caatcat	0.26740	0.24176	0.14652	0.34432	1	9.1362e-05
caatcca	0.35000	0.22500	0.15833	0.26667	1	4.0159e-05
caatccc	0.43421	0.11842	0.07895	0.36842	1	2.5434e-05
caatccg	0.15942	0.10145	0.34783	0.39130	1	2.3091e-05
caatcct	0.23108	0.10757	0.09163	0.56972	1	8.3999e-05
caatcga	0.40336	0.12605	0.22689	0.24370	1	3.9824e-05
caatcgc	0.38298	0.18085	0.11702	0.31915	1	3.1458e-05
caatcgg	0.21918	0.38356	0.12329	0.27397	1	2.4430e-05
caatcgt	0.20611	0.21374	0.20611	0.37405	1	4.3840e-05
caatcta	0.39080	0.21839	0.16092	0.22989	1	5.8231e-05
caatctc	0.33742	0.13497	0.13497	0.39264	1	5.4549e-05
caatctg	0.26812	0.24638	0.17391	0.31159	1	4.6183e-05
caatctt	0.17333	0.18000	0.22667	0.42000	1	1.0040e-04
caatgaa	0.36538	0.11538	0.14316	0.37607	1	1.5662e-04
caatgac	0.38931	0.19084	0.21374	0.20611	1	4.3840e-05
caatgag	0.40491	0.22699	0.13497	0.23313	1	5.4549e-05
caatgat	0.29596	0.13004	0.26906	0.30493	1	7.4629e-05
caatgca	0.34211	0.22105	0.17895	0.25789	1	6.3585e-05
caatgcc	0.34314	0.25490	0.19608	0.20588	1	3.4135e-05
caatgcg	0.34286	0.19048	0.22857	0.23810	1	3.5139e-05
caatgct	0.26115	0.14013	0.22293	0.37580	1	5.2541e-05
caatgga	0.60000	0.11373	0.09020	0.19608	1	8.5338e-05
caatggc	0.37857	0.17857	0.18571	0.25714	1	4.6852e-05
caatggg	0.38462	0.24176	0.09890	0.27473	1	3.0454e-05
caatggt	0.28082	0.11644	0.28082	0.32192	1	4.8860e-05
caatgta	0.34061	0.15284	0.15284	0.35371	1	7.6637e-05
caatgtc	0.37500	0.14167	0.14167	0.34167	1	4.0159e-05
caatgtg	0.33548	0.24516	0.15484	0.26452	1	5.1872e-05
caatgtt	0.23762	0.22277	0.21287	0.32673	1	6.7601e-05
caattaa	0.38760	0.16279	0.20155	0.24806	1	1.2951e-04
caattac	0.37942	0.16720	0.15434	0.29904	1	1.0408e-04
caattag	0.27083	0.20417	0.15417	0.37083	1	8.0318e-05
caattat	0.28361	0.28571	0.12395	0.30672	1	1.5930e-04
caattca	0.38567	0.13311	0.19454	0.28669	1	9.8055e-05
caattcc	0.31098	0.18902	0.14634	0.35366	1	5.4884e-05
caattcg	0.31618	0.17647	0.17647	0.33088	1	4.5514e-05
caattct	0.30056	0.18539	0.15449	0.35955	1	1.1914e-04
caattga	0.37905	0.14464	0.21446	0.26185	1	1.3420e-04
caattgc	0.35772	0.15447	0.16260	0.32520	1	8.2326e-05
caattgg	0.30726	0.24022	0.16201	0.29050	1	5.9904e-05
caattgt	0.30556	0.11111	0.15625	0.42708	1	9.6382e-05
caattta	0.28205	0.20256	0.18205	0.33333	1	1.3052e-04
caatttc	0.26211	0.21368	0.18234	0.34188	1	1.1747e-04
caatttg	0.30211	0.22961	0.22054	0.24773	1	1.1077e-04
caatttt	0.21067	0.21477	0.14501	0.42955	1	2.4464e-04
cacaaaa	0.29412	0.17857	0.21429	0.31303	1	1.5930e-04
cacaaac	0.40816	0.14796	0.16327	0.28061	1	6.5593e-05
cacaaag	0.36898	0.18182	0.24064	0.20856	1	6.2581e-05
cacaaat	0.38436	0.14984	0.14984	0.31596	1	1.0274e-04
cacaaca	0.33333	0.21759	0.19444	0.25463	1	7.2286e-05
cacaacc	0.41228	0.19298	0.11404	0.28070	1	3.8151e-05
cacaacg	0.24468	0.22340	0.24468	0.28723	1	3.1458e-05
cacaact	0.35542	0.16265	0.16867	0.31325	1	5.5553e-05
cacaaga	0.40611	0.15284	0.21397	0.22707	1	7.6637e-05
cacaagc	0.40580	0.20290	0.19565	0.19565	1	4.6183e-05
cacaagg	0.34711	0.19835	0.26446	0.19008	1	4.0494e-05
cacaagt	0.32886	0.12752	0.21477	0.32886	1	4.9864e-05
cacaata	0.34091	0.20455	0.19481	0.25974	1	1.0307e-04
cacaatc	0.29333	0.20667	0.22000	0.28000	1	5.0199e-05
cacaatg	0.20606	0.24242	0.32121	0.23030	1	5.5219e-05
cacaatt	0.29063	0.19375	0.16250	0.35313	1	1.0709e-04
cacacaa	0.40741	0.17778	0.15926	0.25556	1	9.0358e-05
cacacac	0.69430	0.10622	0.10622	0.09326	1	1.2918e-04
cacacag	0.34483	0.25000	0.20690	0.19828	1	3.8820e-05
cacacat	0.42023	0.14397	0.14397	0.29183	1	8.6007e-05
cacacca	0.32168	0.21678	0.18881	0.27273	1	4.7856e-05
cacaccc	0.52830	0.20755	0.09434	0.16981	1	3.5474e-05
cacaccg	0.13559	0.27119	0.18644	0.40678	1	1.9745e-05
cacacct	0.23711	0.17526	0.17526	0.41237	1	3.2462e-05
cacacga	0.48193	0.18072	0.16867	0.16867	1	2.7777e-05
cacacgc	0.42718	0.24272	0.14563	0.18447	1	3.4470e-05
cacacgg	0.32143	0.25000	0.16071	0.26786	1	1.8741e-05
cacacgt	0.34234	0.16216	0.18018	0.31532	1	3.7147e-05
cacacta	0.34483	0.16552	0.15862	0.33103	1	4.8525e-05
cacactc	0.38824	0.12941	0.17647	0.30588	1	2.8446e-05
cacactg	0.28571	0.24762	0.20952	0.25714	1	3.5139e-05
cacactt	0.25628	0.21608	0.19095	0.33668	1	6.6597e-05
cacagaa	0.41264	0.19703	0.16729	0.22305	1	9.0023e-05
cacagac	0.31868	0.17582	0.21978	0.28571	1	3.0454e-05
cacagag	0.32727	0.20909	0.20000	0.26364	1	3.6812e-05
cacagat	0.34559	0.17647	0.18382	0.29412	1	4.5514e-05
cacagca	0.33537	0.18902	0.15244	0.32317	1	5.4884e-05
cacagcc	0.27273	0.21212	0.25758	0.25758	1	2.2087e-05
cacagcg	0.26230	0.24590	0.18033	0.31148	1	2.0414e-05
cacagct	0.24272	0.19417	0.23301	0.33010	1	3.4470e-05
cacagga	0.53279	0.13115	0.16393	0.17213	1	4.0828e-05
cacaggc	0.38462	0.12821	0.23077	0.25641	1	2.6103e-05
cacaggg	0.31250	0.17500	0.17500	0.33750	1	2.6773e-05
cacaggt	0.32143	0.17857	0.17857	0.32143	1	2.8111e-05
cacagta	0.35450	0.17460	0.16402	0.30688	1	6.3250e-05
cacagtc	0.39024	0.12195	0.12195	0.36585	1	2.7442e-05
cacagtg	0.38835	0.16505	0.18447	0.26214	1	3.4470e-05
cacagtt	0.20408	0.11735	0.22449	0.45408	1	6.5593e-05
cacataa	0.35254	0.15254	0.13559	0.35932	1	9.8724e-05
cacatac	0.44017	0.12821	0.22222	0.20940	1	7.8310e-05
cacatag	0.36970	0.17576	0.13939	0.31515	1	5.5219e-05
cacatat	0.44118	0.12896	0.15837	0.27149	1	1.4792e-04
cacatca	0.28870	0.25941	0.15481	0.29707	1	7.9983e-05
cacatcc	0.40449	0.19101	0.14607	0.25843	1	2.9785e-05
cacatcg	0.26415	0.28302	0.16981	0.28302	1	3.5474e-05
cacatct	0.30159	0.23810	0.15873	0.30159	1	6.3250e-05
cacatga	0.36170	0.18440	0.19858	0.25532	1	4.7187e-05
cacatgc	0.38333	0.16667	0.20833	0.24167	1	4.0159e-05
cacatgg	0.37349	0.21687	0.12048	0.28916	1	2.7777e-05
cacatgt	0.37398	0.17073	0.21138	0.24390	1	4.1163e-05
cacatta	0.31004	0.18777	0.14410	0.35808	1	7.6637e-05
cacattc	0.26108	0.19704	0.15271	0.38916	1	6.7936e-05
cacattg	0.26136	0.25000	0.19886	0.28977	1	5.8900e-05
cacattt	0.18778	0.19683	0.17195	0.44344	1	1.4792e-04
caccaaa	0.39925	0.16418	0.16418	0.27239	1	8.9688e-05
caccaac	0.37410	0.23741	0.15827	0.23022	1	4.6517e-05
caccaag	0.35256	0.19872	0.23718	0.21154	1	5.2207e-05
caccaat	0.29231	0.16410	0.18462	0.35897	1	6.5258e-05
caccaca	0.25749	0.26347	0.19162	0.28743	1	5.5888e-05
caccacc	0.34375	0.18750	0.20833	0.26042	1	3.2127e-05
caccacg	0.29577	0.19718	0.22535	0.28169	1	2.3761e-05
caccact	0.26056	0.17606	0.16197	0.40141	1	4.7521e-05
caccaga	0.51579	0.12632	0.20000	0.15789	1	3.1793e-05
caccagc	0.37143	0.21429	0.15714	0.25714	1	2.3426e-05
caccagg	0.37500	0.18750	0.15625	0.28125	1	2.1418e-05
caccagt	0.43269	0.18269	0.11538	0.26923	1	3.4804e-05
caccata	0.28736	0.22414	0.17816	0.31034	1	5.8231e-05
caccatc	0.26984	0.25397	0.23016	0.24603	1	4.2167e-05
caccatg	0.24176	0.09890	0.37363	0.28571	1	3.0454e-05
caccatt	0.23500	0.23500	0.17500	0.35500	1	6.6932e-05
cacccaa	0.48921	0.15108	0.12230	0.23741	1	4.6517e-05
cacccac	0.43382	0.19853	0.16176	0.20588	1	4.5514e-05
cacccag	0.35821	0.19403	0.19403	0.25373	1	2.2422e-05
cacccat	0.40625	0.10625	0.13750	0.35000	1	5.3545e-05
cacccca	0.23256	0.23256	0.18605	0.34884	1	2.8781e-05
caccccc	0.26984	0.31746	0.11111	0.30159	1	2.1083e-05
caccccg	0.10811	0.45946	0.24324	0.18919	1	1.2382e-05
cacccct	0.20690	0.32184	0.13793	0.33333	1	2.9115e-05
cacccga	0.52381	0.11905	0.16667	0.19048	1	1.4056e-05
cacccgc	0.30000	0.25000	0.21667	0.23333	1	2.0079e-05
cacccgg	0.34483	0.37931	0.12069	0.15517	1	1.9410e-05
cacccgt	0.39706	0.08824	0.23529	0.27941	1	2.2757e-05
cacccta	0.32584	0.17978	0.06742	0.42697	1	2.9785e-05
caccctc	0.35000	0.17500	0.13750	0.33750	1	2.6773e-05
caccctg	0.35616	0.23288	0.12329	0.28767	1	2.4430e-05
caccctt	0.14925	0.18657	0.15672	0.50746	1	4.4844e-05
caccgaa	0.48039	0.14706	0.15686	0.21569	1	3.4135e-05
caccgac	0.25000	0.25000	0.25000	0.25000	1	1.2048e-05
caccgag	0.30769	0.28205	0.15385	0.25641	1	1.3052e-05
caccgat	0.28986	0.15942	0.18841	0.36232	1	2.3091e-05
caccgca	0.24272	0.27184	0.15534	0.33010	1	3.4470e-05
caccgcc	0.28125	0.25000	0.09375	0.37500	1	2.1418e-05
caccgcg	0.27451	0.29412	0.11765	0.31373	1	1.7068e-05
caccgct	0.26374	0.18681	0.18681	0.36264	1	3.0454e-05
caccgga	0.44643	0.19643	0.14286	0.21429	1	1.8741e-05
caccggc	0.52778	0.22222	0.22222	0.02778	1	1.2048e-05
caccggg	0.30000	0.15000	0.25000	0.30000	1	1.3386e-05
caccggt	0.29091	0.25455	0.20000	0.25455	1	1.8406e-05
caccgta	0.14118	0.18824	0.07059	0.60000	1	5.6892e-05
caccgtc	0.33333	0.18333	0.10000	0.38333	1	2.0079e-05
caccgtg	0.39394	0.21212	0.13636	0.25758	1	2.2087e-05
caccgtt	0.29661	0.14407	0.13559	0.42373	1	3.9490e-05
cacctaa	0.38889	0.20370	0.14815	0.25926	1	3.6143e-05
cacctac	0.30612	0.17347	0.13265	0.38776	1	3.2796e-05
cacctag	0.38000	0.18000	0.14000	0.30000	1	1.6733e-05
cacctat	0.33571	0.15714	0.12143	0.38571	1	4.6852e-05
cacctca	0.30370	0.25185	0.08889	0.35556	1	4.5179e-05
cacctcc	0.28000	0.17333	0.21333	0.33333	1	2.5099e-05
cacctcg	0.24242	0.22727	0.15152	0.37879	1	2.2087e-05
cacctct	0.26562	0.17188	0.12500	0.43750	1	4.2836e-05
cacctga	0.39474	0.19737	0.15789	0.25000	1	2.5434e-05
cacctgc	0.43000	0.08000	0.20000	0.29000	1	3.3466e-05
cacctgg	0.27536	0.24638	0.08696	0.39130	1	2.3091e-05
cacctgt	0.32407	0.13889	0.13889	0.39815	1	3.6143e-05
cacctta	0.33974	0.20513	0.11538	0.33974	1	5.2207e-05
caccttc	0.26627	0.26036	0.15976	0.31361	1	5.6557e-05
caccttg	0.34513	0.19469	0.16814	0.29204	1	3.7816e-05
caccttt	0.24762	0.19365	0.14603	0.41270	1	1.0542e-04
cacgaaa	0.44444	0.12346	0.14815	0.28395	1	8.1322e-05
cacgaac	0.46512	0.15116	0.15116	0.23256	1	2.8781e-05
cacgaag	0.33028	0.25688	0.19266	0.22018	1	3.6478e-05
cacgaat	0.42857	0.12143	0.14286	0.30714	1	4.6852e-05
cacgaca	0.35106	0.14894	0.20213	0.29787	1	3.1458e-05
cacgacc	0.34211	0.21053	0.21053	0.23684	1	1.2717e-05
cacgacg	0.32000	0.20000	0.20000	0.28000	1	1.6733e-05
cacgact	0.25424	0.27119	0.11864	0.35593	1	1.9745e-05
cacgaga	0.51724	0.13793	0.13793	0.20690	1	2.9115e-05
cacgagc	0.46809	0.14894	0.29787	0.08511	1	1.5729e-05
cacgagg	0.21739	0.17391	0.17391	0.43478	1	1.5394e-05
cacgagt	0.24444	0.15556	0.17778	0.42222	1	1.5060e-05
cacgata	0.26190	0.18254	0.16667	0.38889	1	4.2167e-05
cacgatc	0.27273	0.25758	0.19697	0.27273	1	2.2087e-05
cacgatg	0.34375	0.31250	0.21875	0.12500	1	2.1418e-05
cacgatt	0.28689	0.20492	0.19672	0.31148	1	4.0828e-05
cacgcaa	0.31731	0.18269	0.20192	0.29808	1	3.4804e-05
cacgcac	0.46067	0.16854	0.14607	0.22472	1	2.9785e-05
cacgcag	0.27941	0.32353	0.14706	0.25000	1	2.2757e-05
cacgcat	0.37931	0.22989	0.09195	0.29885	1	2.9115e-05
cacgcca	0.26667	0.13333	0.30000	0.30000	1	2.0079e-05
cacgccc	0.26667	0.17778	0.24444	0.31111	1	1.5060e-05
cacgccg	0.44186	0.16279	0.18605	0.20930	1	1.4390e-05
cacgcct	0.15000	0.23333	0.26667	0.35000	1	2.0079e-05
cacgcga	0.44681	0.14894	0.10638	0.29787	1	1.5729e-05
cacgcgc	0.32692	0.21154	0.26923	0.19231	1	1.7402e-05
cacgcgg	0.14286	0.39286	0.32143	0.14286	1	9.3704e-06
cacgcgt	0.34545	0.23636	0.07273	0.34545	1	1.8406e-05
cacgcta	0.30435	0.17391	0.16304	0.35870	1	3.0789e-05
cacgctc	0.28986	0.11594	0.13043	0.46377	1	2.3091e-05
cacgctg	0.20312	0.25000	0.21875	0.32812	1	2.1418e-05
cacgctt	0.11458	0.16667	0.25000	0.46875	1	3.2127e-05
cacggaa	0.36735	0.12245	0.18367	0.32653	1	4.9195e-05
cacggac	0.33333	0.22222	0.13889	0.30556	1	1.2048e-05
cacggag	0.36000	0.38000	0.14000	0.12000	1	1.6733e-05
cacggat	0.35802	0.11111	0.34568	0.18519	1	2.7107e-05
cacggca	0.31507	0.17808	0.20548	0.30137	1	2.4430e-05
cacggcc	0.35135	0.32432	0.16216	0.16216	1	1.2382e-05
cacggcg	0.26000	0.26000	0.20000	0.28000	1	1.6733e-05
cacggct	0.16883	0.19481	0.18182	0.45455	1	2.5769e-05
cacggga	0.32308	0.16923	0.30769	0.20000	1	2.1753e-05
cacgggc	0.27273	0.27273	0.27273	0.18182	1	1.1044e-05
cacgggg	0.45833	0.12500	0.20833	0.20833	1	8.0318e-06
cacgggt	0.22500	0.22500	0.30000	0.25000	1	1.3386e-05
cacggta	0.34483	0.17241	0.13793	0.34483	1	1.9410e-05
cacggtc	0.48649	0.08108	0.16216	0.27027	1	1.2382e-05
cacggtg	0.29630	0.20370	0.16667	0.33333	1	1.8072e-05
cacggtt	0.24658	0.16438	0.12329	0.46575	1	2.4430e-05
cacgtaa	0.37405	0.18321	0.16794	0.27481	1	4.3840e-05
cacgtac	0.26042	0.21875	0.28125	0.23958	1	3.2127e-05
cacgtag	0.32530	0.20482	0.13253	0.33735	1	2.7777e-05
cacgtat	0.42857	0.09524	0.17687	0.29932	1	4.9195e-05
cacgtca	0.33735	0.22892	0.21687	0.21687	1	2.7777e-05
cacgtcc	0.37037	0.20370	0.05556	0.37037	1	1.8072e-05
cacgtcg	0.31579	0.31579	0.19298	0.17544	1	1.9076e-05
cacgtct	0.32468	0.15584	0.19481	0.32468	1	2.5769e-05
cacgtga	0.21267	0.30769	0.09955	0.38009	1	7.3959e-05
cacgtgc	0.31532	0.13514	0.17117	0.37838	1	3.7147e-05
cacgtgg	0.24194	0.19355	0.29032	0.27419	1	2.0749e-05
cacgtgt	0.40000	0.13846	0.18462	0.27692	1	2.1753e-05
cacgtta	0.35577	0.16346	0.13462	0.34615	1	3.4804e-05
cacgttc	0.31250	0.17708	0.18750	0.32292	1	3.2127e-05
cacgttg	0.24545	0.23636	0.20909	0.30909	1	3.6812e-05
cacgttt	0.22120	0.24424	0.15668	0.37788	1	7.2621e-05
cactaaa	0.36014	0.15385	0.17483	0.31119	1	9.5712e-05
cactaac	0.43056	0.18056	0.16667	0.22222	1	4.8191e-05
cactaag	0.42202	0.17431	0.18349	0.22018	1	3.6478e-05
cactaat	0.31673	0.15302	0.11032	0.41993	1	9.4039e-05
cactaca	0.28767	0.18493	0.21918	0.30822	1	4.8860e-05
cactacc	0.27692	0.25385	0.23077	0.23846	1	4.3506e-05
cactacg	0.24051	0.29114	0.20253	0.26582	1	2.6438e-05
cactact	0.30857	0.12000	0.18286	0.38857	1	5.8565e-05
cactaga	0.43810	0.16190	0.16190	0.23810	1	3.5139e-05
cactagc	0.35106	0.21277	0.17021	0.26596	1	3.1458e-05
cactagg	0.36508	0.23810	0.19048	0.20635	1	2.1083e-05
cactagt	0.31293	0.13605	0.16327	0.38776	1	4.9195e-05
cactata	0.30488	0.15447	0.13821	0.40244	1	8.2326e-05
cactatc	0.23936	0.10638	0.39362	0.26064	1	6.2916e-05
cactatg	0.30631	0.18018	0.17117	0.34234	1	3.7147e-05
cactatt	0.27957	0.19086	0.17473	0.35484	1	1.2449e-04
cactcaa	0.30675	0.22699	0.17791	0.28834	1	5.4549e-05
cactcac	0.42202	0.13761	0.14679	0.29358	1	3.6478e-05
cactcag	0.25000	0.28409	0.13636	0.32955	1	2.9450e-05
cactcat	0.24390	0.25610	0.18293	0.31707	1	5.4884e-05
cactcca	0.24242	0.20202	0.19192	0.36364	1	3.3131e-05
cactccc	0.45312	0.17188	0.15625	0.21875	1	2.1418e-05
cactccg	0.20896	0.16418	0.43284	0.19403	1	2.2422e-05
cactcct	0.20952	0.20000	0.09524	0.49524	1	3.5139e-05
cactcga	0.37681	0.13043	0.23188	0.26087	1	2.3091e-05
cactcgc	0.35088	0.15789	0.21053	0.28070	1	1.9076e-05
cactcgg	0.35135	0.29730	0.18919	0.16216	1	1.2382e-05
cactcgt	0.34483	0.18966	0.10345	0.36207	1	1.9410e-05
cactcta	0.28829	0.14414	0.16216	0.40541	1	3.7147e-05
cactctc	0.33333	0.16216	0.11712	0.38739	1	3.7147e-05
cactctg	0.24242	0.24242	0.19192	0.32323	1	3.3131e-05
cactctt	0.16518	0.21429	0.20089	0.41964	1	7.4963e-05
cactgaa	0.49554	0.14732	0.15625	0.20089	1	7.4963e-05
cactgac	0.37500	0.09091	0.27273	0.26136	1	2.9450e-05
cactgag	0.36264	0.20879	0.21978	0.20879	1	3.0454e-05
cactgat	0.31056	0.16149	0.17391	0.35404	1	5.3880e-05
cactgca	0.35252	0.20144	0.19424	0.25180	1	4.6517e-05
cactgcc	0.32143	0.16667	0.15476	0.35714	1	2.8111e-05
cactgcg	0.18056	0.31944	0.27778	0.22222	1	2.4095e-05
cactgct	0.23704	0.18519	0.20741	0.37037	1	4.5179e-05
cactgga	0.40777	0.09709	0.14563	0.34951	1	3.4470e-05
cactggc	0.36923	0.13846	0.21538	0.27692	1	2.1753e-05
cactggg	0.43396	0.16981	0.24528	0.15094	1	1.7737e-05
cactggt	0.34211	0.17105	0.09211	0.39474	1	2.5434e-05
cactgta	0.30114	0.18750	0.11932	0.39205	1	5.8900e-05
cactgtc	0.44762	0.14286	0.16190	0.24762	1	3.5139e-05
cactgtg	0.32143	0.19643	0.17857	0.30357	1	3.7482e-05
cactgtt	0.25472	0.15566	0.20283	0.38679	1	7.0948e-05
cacttaa	0.38117	0.10314	0.17040	0.34529	1	7.4629e-05
cacttac	0.29032	0.26452	0.11613	0.32903	1	5.1872e-05
cacttag	0.25472	0.22642	0.12264	0.39623	1	3.5474e-05
cacttat	0.30165	0.15702	0.14463	0.39669	1	8.0987e-05
cacttca	0.27234	0.20851	0.30213	0.21702	1	7.8645e-05
cacttcc	0.33520	0.18994	0.15642	0.31844	1	5.9904e-05
cacttcg	0.23711	0.23711	0.18557	0.34021	1	3.2462e-05
cacttct	0.19931	0.19244	0.17182	0.43643	1	9.7386e-05
cacttga	0.33951	0.15432	0.21605	0.29012	1	5.4215e-05
cacttgc	0.26761	0.25352	0.13380	0.34507	1	4.7521e-05
cacttgg	0.31250	0.26250	0.15000	0.27500	1	2.6773e-05
cacttgt	0.30303	0.14141	0.15657	0.39899	1	6.6262e-05
cacttta	0.30640	0.22896	0.12458	0.34007	1	9.9393e-05
cactttc	0.28621	0.20345	0.14138	0.36897	1	9.7051e-05
cactttg	0.28774	0.22170	0.20283	0.28774	1	7.0948e-05
cactttt	0.19416	0.25401	0.13723	0.41460	1	2.2924e-04
cagaaaa	0.42151	0.13953	0.21512	0.22384	1	2.3024e-04
cagaaac	0.43191	0.11673	0.15175	0.29961	1	8.6007e-05
cagaaag	0.38854	0.22930	0.13376	0.24841	1	1.0508e-04
cagaaat	0.36747	0.16265	0.16566	0.30422	1	1.1111e-04
cagaaca	0.41784	0.14085	0.18310	0.25822	1	7.1282e-05
cagaacc	0.45133	0.16814	0.16814	0.21239	1	3.7816e-05
cagaacg	0.33065	0.21774	0.20161	0.25000	1	4.1498e-05
cagaact	0.19512	0.21951	0.19512	0.39024	1	5.4884e-05
cagaaga	0.39576	0.13074	0.30035	0.17314	1	9.4708e-05
cagaagc	0.38514	0.17568	0.21622	0.22297	1	4.9529e-05
cagaagg	0.40104	0.19271	0.18229	0.22396	1	6.4254e-05
cagaagt	0.33333	0.13433	0.21891	0.31343	1	6.7266e-05
cagaata	0.24348	0.13913	0.16232	0.45507	1	1.1546e-04
cagaatc	0.31977	0.22674	0.15116	0.30233	1	5.7561e-05
cagaatg	0.27564	0.19872	0.19231	0.33333	1	5.2207e-05
cagaatt	0.25000	0.17917	0.24167	0.32917	1	8.0318e-05
cagacaa	0.38462	0.16568	0.18935	0.26036	1	5.6557e-05
cagacac	0.31111	0.20000	0.18889	0.30000	1	3.0119e-05
cagacag	0.31532	0.22523	0.09910	0.36036	1	3.7147e-05
cagacat	0.26496	0.28205	0.10256	0.35043	1	3.9155e-05
cagacca	0.28235	0.18824	0.27059	0.25882	1	2.8446e-05
cagaccc	0.29032	0.17742	0.08065	0.45161	1	2.0749e-05
cagaccg	0.25000	0.30556	0.16667	0.27778	1	1.2048e-05
cagacct	0.35211	0.19718	0.19718	0.25352	1	2.3761e-05
cagacga	0.36765	0.11765	0.22059	0.29412	1	2.2757e-05
cagacgc	0.33824	0.16176	0.19118	0.30882	1	2.2757e-05
cagacgg	0.40625	0.21875	0.15625	0.21875	1	2.1418e-05
cagacgt	0.37736	0.05660	0.24528	0.32075	1	1.7737e-05
cagacta	0.36047	0.20930	0.12791	0.30233	1	2.8781e-05
cagactc	0.25000	0.18750	0.06250	0.50000	1	2.1418e-05
cagactg	0.34848	0.24242	0.16667	0.24242	1	2.2087e-05
cagactt	0.22115	0.13462	0.25000	0.39423	1	3.4804e-05
cagagaa	0.39474	0.13910	0.21429	0.25188	1	8.9019e-05
cagagac	0.33333	0.19048	0.24762	0.22857	1	3.5139e-05
cagagag	0.42063	0.20635	0.14286	0.23016	1	4.2167e-05
cagagat	0.42690	0.11696	0.16959	0.28655	1	5.7227e-05
cagagca	0.40708	0.17699	0.19469	0.22124	1	3.7816e-05
cagagcc	0.42308	0.25000	0.19231	0.13462	1	1.7402e-05
cagagcg	0.39623	0.13208	0.22642	0.24528	1	1.7737e-05
cagagct	0.27711	0.15663	0.12048	0.44578	1	2.7777e-05
cagagga	0.44882	0.14173	0.18898	0.22047	1	4.2502e-05
cagaggc	0.31707	0.14634	0.25610	0.28049	1	2.7442e-05
cagaggg	0.20000	0.29231	0.24615	0.26154	1	2.1753e-05
cagaggt	0.29213	0.26966	0.16854	0.26966	1	2.9785e-05
cagagta	0.31618	0.15441	0.21324	0.31618	1	4.5514e-05
cagagtc	0.38983	0.15254	0.23729	0.22034	1	1.9745e-05
cagagtg	0.35870	0.21739	0.15217	0.27174	1	3.0789e-05
cagagtt	0.20513	0.17094	0.26496	0.35897	1	3.9155e-05
cagataa	0.41129	0.15323	0.22177	0.21371	1	8.2995e-05
cagatac	0.34815	0.17037	0.23704	0.24444	1	4.5179e-05
cagatag	0.31579	0.15789	0.21053	0.31579	1	5.0868e-05
cagatat	0.30798	0.17871	0.16730	0.34601	1	8.8015e-05
cagatca	0.32948	0.16763	0.17919	0.32370	1	5.7896e-05
cagatcc	0.29487	0.15385	0.23077	0.32051	1	2.6103e-05
cagatcg	0.34848	0.19697	0.21212	0.24242	1	2.2087e-05
cagatct	0.27407	0.19259	0.22222	0.31111	1	4.5179e-05
cagatga	0.32857	0.17143	0.22857	0.27143	1	4.6852e-05
cagatgc	0.29885	0.20690	0.18391	0.31034	1	2.9115e-05
cagatgg	0.33333	0.15385	0.16667	0.34615	1	2.6103e-05
cagatgt	0.23664	0.16031	0.26718	0.33588	1	4.3840e-05
cagatta	0.37313	0.15423	0.13433	0.33831	1	6.7266e-05
cagattc	0.16667	0.40909	0.09596	0.32828	1	6.6262e-05
cagattg	0.32824	0.17557	0.18321	0.31298	1	4.3840e-05
cagattt	0.23355	0.20066	0.17105	0.39474	1	1.0174e-04
cagcaaa	0.36639	0.23140	0.17631	0.22590	1	1.2148e-04
cagcaac	0.37234	0.17021	0.20745	0.25000	1	6.2916e-05
cagcaag	0.39645	0.20118	0.17751	0.22485	1	5.6557e-05
cagcaat	0.29327	0.18269	0.23077	0.29327	1	6.9609e-05
cagcaca	0.41844	0.14184	0.18440	0.25532	1	4.7187e-05
cagcacc	0.39394	0.13131	0.19192	0.28283	1	3.3131e-05
cagcacg	0.28571	0.23077	0.18681	0.29670	1	3.0454e-05
cagcact	0.39416	0.13869	0.16788	0.29927	1	4.5848e-05
cagcaga	0.48235	0.10000	0.21176	0.20588	1	5.6892e-05
cagcagc	0.40000	0.12667	0.19333	0.28000	1	5.0199e-05
cagcagg	0.40860	0.20430	0.11828	0.26882	1	3.1123e-05
cagcagt	0.34959	0.12195	0.16260	0.36585	1	4.1163e-05
cagcata	0.25907	0.17617	0.20207	0.36269	1	6.4589e-05
cagcatc	0.34028	0.15278	0.24306	0.26389	1	4.8191e-05
cagcatg	0.36522	0.20000	0.18261	0.25217	1	3.8486e-05
cagcatt	0.29858	0.16588	0.19431	0.34123	1	7.0613e-05
cagccaa	0.34043	0.16312	0.25532	0.24113	1	4.7187e-05
cagccac	0.38554	0.18072	0.12048	0.31325	1	2.7777e-05
cagccag	0.26374	0.21978	0.17582	0.34066	1	3.0454e-05
cagccat	0.30000	0.20909	0.16364	0.32727	1	3.6812e-05
cagccca	0.35366	0.23171	0.17073	0.24390	1	2.7442e-05
cagcccc	0.26316	0.26316	0.15789	0.31579	1	1.2717e-05
cagcccg	0.17073	0.29268	0.19512	0.34146	1	1.3721e-05
cagccct	0.27848	0.20253	0.17722	0.34177	1	2.6438e-05
cagccga	0.24528	0.09434	0.26415	0.39623	1	1.7737e-05
cagccgc	0.33333	0.13095	0.13095	0.40476	1	2.8111e-05
cagccgg	0.17308	0.28846	0.36538	0.17308	1	1.7402e-05
cagccgt	0.32500	0.16250	0.16250	0.35000	1	2.6773e-05
cagccta	0.26154	0.27692	0.23077	0.23077	1	2.1753e-05
cagcctc	0.36000	0.17333	0.12000	0.34667	1	2.5099e-05
cagcctg	0.19697	0.31818	0.27273	0.21212	1	2.2087e-05
cagcctt	0.16031	0.15267	0.20611	0.48092	1	4.3840e-05
cagcgaa	0.46296	0.12963	0.26852	0.13889	1	3.6143e-05
cagcgac	0.26984	0.17460	0.23810	0.31746	1	2.1083e-05
cagcgag	0.34426	0.18033	0.16393	0.31148	1	2.0414e-05
cagcgat	0.29839	0.18548	0.25806	0.25806	1	4.1498e-05
cagcgca	0.35345	0.17241	0.26724	0.20690	1	3.8820e-05
cagcgcc	0.30000	0.25000	0.18333	0.26667	1	2.0079e-05
cagcgcg	0.30769	0.30769	0.18462	0.20000	1	2.1753e-05
cagcgct	0.24590	0.11475	0.21311	0.42623	1	2.0414e-05
cagcgga	0.46667	0.10667	0.21333	0.21333	1	2.5099e-05
cagcggc	0.25510	0.16327	0.16327	0.41837	1	3.2796e-05
cagcggg	0.37736	0.28302	0.11321	0.22642	1	1.7737e-05
cagcggt	0.36667	0.08333	0.21667	0.33333	1	2.0079e-05
cagcgta	0.31868	0.17582	0.21978	0.28571	1	3.0454e-05
cagcgtc	0.34783	0.11594	0.28986	0.24638	1	2.3091e-05
cagcgtg	0.28571	0.24286	0.15714	0.31429	1	2.3426e-05
cagcgtt	0.28972	0.20561	0.16822	0.33645	1	3.5808e-05
cagctaa	0.32117	0.17518	0.19708	0.30657	1	4.5848e-05
cagctac	0.32174	0.18261	0.20000	0.29565	1	3.8486e-05
cagctag	0.31034	0.18103	0.29310	0.21552	1	3.8820e-05
cagctat	0.34375	0.14375	0.15000	0.36250	1	5.3545e-05
cagctca	0.32847	0.13869	0.16788	0.36496	1	4.5848e-05
cagctcc	0.19355	0.22581	0.19355	0.38710	1	2.0749e-05
cagctcg	0.36735	0.26531	0.18367	0.18367	1	1.6398e-05
cagctct	0.23200	0.22400	0.14400	0.40000	1	4.1832e-05
cagctga	0.29167	0.18333	0.15833	0.36667	1	4.0159e-05
cagctgc	0.27928	0.19820	0.20721	0.31532	1	3.7147e-05
cagctgg	0.21795	0.30769	0.15385	0.32051	1	2.6103e-05
cagctgt	0.23256	0.20930	0.15116	0.40698	1	2.8781e-05
cagctta	0.30657	0.24088	0.13869	0.31387	1	4.5848e-05
cagcttc	0.21223	0.42086	0.09353	0.27338	1	9.3035e-05
cagcttg	0.27000	0.20000	0.24000	0.29000	1	3.3466e-05
cagcttt	0.21429	0.21429	0.15414	0.41729	1	8.9019e-05
caggaaa	0.45455	0.13068	0.21875	0.19602	1	1.1780e-04
caggaac	0.43662	0.18310	0.15493	0.22535	1	4.7521e-05
caggaag	0.37086	0.21854	0.17219	0.23841	1	5.0533e-05
caggaat	0.38983	0.16384	0.16384	0.28249	1	5.9234e-05
caggaca	0.38393	0.12500	0.27679	0.21429	1	3.7482e-05
caggacc	0.33333	0.20370	0.14815	0.31481	1	1.8072e-05
caggacg	0.19149	0.27660	0.21277	0.31915	1	1.5729e-05
caggact	0.18182	0.19697	0.28788	0.33333	1	2.2087e-05
caggaga	0.47619	0.07619	0.23810	0.20952	1	3.5139e-05
caggagc	0.44262	0.22951	0.13115	0.19672	1	2.0414e-05
caggagg	0.43860	0.17544	0.17544	0.21053	1	1.9076e-05
caggagt	0.30000	0.18571	0.21429	0.30000	1	2.3426e-05
caggata	0.29078	0.14894	0.19858	0.36170	1	4.7187e-05
caggatc	0.41538	0.07692	0.21538	0.29231	1	2.1753e-05
caggatg	0.40506	0.13924	0.17722	0.27848	1	2.6438e-05
caggatt	0.22901	0.17557	0.20611	0.38931	1	4.3840e-05
caggcaa	0.35616	0.16438	0.23288	0.24658	1	4.8860e-05
caggcac	0.33333	0.11494	0.26437	0.28736	1	2.9115e-05
caggcag	0.32558	0.18605	0.26744	0.22093	1	2.8781e-05
caggcat	0.29508	0.11475	0.18033	0.40984	1	4.0828e-05
caggcca	0.37879	0.19697	0.18182	0.24242	1	2.2087e-05
caggccc	0.38889	0.11111	0.27778	0.22222	1	1.2048e-05
caggccg	0.22642	0.28302	0.41509	0.07547	1	1.7737e-05
caggcct	0.15068	0.17808	0.23288	0.43836	1	2.4430e-05
caggcga	0.38182	0.16364	0.20000	0.25455	1	1.8406e-05
caggcgc	0.34545	0.09091	0.30909	0.25455	1	1.8406e-05
caggcgg	0.30435	0.17391	0.23913	0.28261	1	1.5394e-05
caggcgt	0.36364	0.27273	0.23636	0.12727	1	1.8406e-05
caggcta	0.35227	0.21591	0.19318	0.23864	1	2.9450e-05
caggctc	0.22581	0.19355	0.19355	0.38710	1	2.0749e-05
caggctg	0.38571	0.27143	0.11429	0.22857	1	2.3426e-05
caggctt	0.18947	0.14737	0.23158	0.43158	1	3.1793e-05
cagggaa	0.51592	0.12739	0.18471	0.17197	1	5.2541e-05
cagggac	0.32258	0.24194	0.19355	0.24194	1	2.0749e-05
cagggag	0.31915	0.27660	0.21277	0.19149	1	1.5729e-05
cagggat	0.37500	0.20312	0.15625	0.26562	1	2.1418e-05
cagggca	0.32895	0.25000	0.26316	0.15789	1	2.5434e-05
cagggcc	0.40426	0.19149	0.10638	0.29787	1	1.5729e-05
cagggcg	0.20455	0.25000	0.29545	0.25000	1	1.4725e-05
cagggct	0.21538	0.20000	0.15385	0.43077	1	2.1753e-05
cagggga	0.45070	0.15493	0.22535	0.16901	1	2.3761e-05
caggggc	0.33333	0.16667	0.30000	0.20000	1	2.0079e-05
caggggg	0.21875	0.31250	0.28125	0.18750	1	1.0709e-05
caggggt	0.42000	0.14000	0.20000	0.24000	1	1.6733e-05
cagggta	0.55670	0.15464	0.05155	0.23711	1	3.2462e-05
cagggtc	0.15068	0.28767	0.15068	0.41096	1	2.4430e-05
cagggtg	0.32308	0.23077	0.10769	0.33846	1	2.1753e-05
cagggtt	0.25882	0.18824	0.15294	0.40000	1	2.8446e-05
caggtaa	0.41791	0.20149	0.14925	0.23134	1	4.4844e-05
caggtac	0.27273	0.25000	0.22727	0.25000	1	2.9450e-05
caggtag	0.37037	0.17284	0.19753	0.25926	1	2.7107e-05
caggtat	0.35556	0.17778	0.10370	0.36296	1	4.5179e-05
caggtca	0.27397	0.20548	0.19178	0.32877	1	2.4430e-05
caggtcc	0.29032	0.22581	0.22581	0.25806	1	2.0749e-05
caggtcg	0.40541	0.21622	0.18919	0.18919	1	1.2382e-05
caggtct	0.15517	0.18966	0.29310	0.36207	1	1.9410e-05
caggtga	0.36264	0.17582	0.23077	0.23077	1	3.0454e-05
caggtgc	0.48387	0.17742	0.08065	0.25806	1	2.0749e-05
caggtgg	0.35821	0.22388	0.16418	0.25373	1	2.2422e-05
caggtgt	0.35165	0.15385	0.18681	0.30769	1	3.0454e-05
caggtta	0.30435	0.23188	0.13043	0.33333	1	4.6183e-05
caggttc	0.31818	0.14773	0.17045	0.36364	1	2.9450e-05
caggttg	0.34940	0.22892	0.19277	0.22892	1	2.7777e-05
caggttt	0.25658	0.16447	0.17763	0.40132	1	5.0868e-05
cagtaaa	0.34097	0.15522	0.23919	0.26463	1	1.3152e-04
cagtaac	0.35542	0.19277	0.14458	0.30723	1	5.5553e-05
cagtaag	0.31138	0.19760	0.17365	0.31737	1	5.5888e-05
cagtaat	0.33766	0.13961	0.16558	0.35714	1	1.0307e-04
cagtaca	0.32184	0.19540	0.14368	0.33908	1	5.8231e-05
cagtacc	0.27835	0.25773	0.16495	0.29897	1	3.2462e-05
cagtacg	0.33333	0.26667	0.15556	0.24444	1	3.0119e-05
cagtact	0.30508	0.25989	0.12994	0.30508	1	5.9234e-05
cagtaga	0.35252	0.12950	0.20863	0.30935	1	4.6517e-05
cagtagc	0.40984	0.14754	0.16393	0.27869	1	4.0828e-05
cagtagg	0.38462	0.15385	0.24359	0.21795	1	2.6103e-05
cagtagt	0.39655	0.13218	0.16667	0.30460	1	5.8231e-05
cagtata	0.29054	0.19257	0.12162	0.39527	1	9.9059e-05
cagtatc	0.43609	0.20301	0.12782	0.23308	1	4.4510e-05
cagtatg	0.39597	0.19463	0.16107	0.24832	1	4.9864e-05
cagtatt	0.23547	0.21713	0.18654	0.36086	1	1.0943e-04
cagtcaa	0.27333	0.15333	0.20000	0.37333	1	5.0199e-05
cagtcac	0.22936	0.18349	0.13761	0.44954	1	3.6478e-05
cagtcag	0.33766	0.28571	0.18182	0.19481	1	2.5769e-05
cagtcat	0.22289	0.24096	0.16867	0.36747	1	5.5553e-05
cagtcca	0.37681	0.30435	0.11594	0.20290	1	2.3091e-05
cagtccc	0.20000	0.30000	0.20000	0.30000	1	1.3386e-05
cagtccg	0.23529	0.26471	0.20588	0.29412	1	1.1378e-05
cagtcct	0.16000	0.22667	0.25333	0.36000	1	2.5099e-05
cagtcga	0.35484	0.22581	0.14516	0.27419	1	2.0749e-05
cagtcgc	0.26316	0.15789	0.17105	0.40789	1	2.5434e-05
cagtcgg	0.27907	0.20930	0.20930	0.30233	1	1.4390e-05
cagtcgt	0.34783	0.15942	0.10145	0.39130	1	2.3091e-05
cagtcta	0.36471	0.18824	0.15294	0.29412	1	2.8446e-05
cagtctc	0.20253	0.18987	0.18987	0.41772	1	2.6438e-05
cagtctg	0.32432	0.22973	0.12162	0.32432	1	2.4765e-05
cagtctt	0.29487	0.19231	0.14744	0.36538	1	5.2207e-05
cagtgaa	0.47465	0.13364	0.14747	0.24424	1	7.2621e-05
cagtgac	0.44961	0.10853	0.17054	0.27132	1	4.3171e-05
cagtgag	0.42697	0.22472	0.19101	0.15730	1	2.9785e-05
cagtgat	0.30612	0.21088	0.17687	0.30612	1	4.9195e-05
cagtgca	0.39216	0.13725	0.25490	0.21569	1	3.4135e-05
cagtgcc	0.30612	0.30612	0.20408	0.18367	1	1.6398e-05
cagtgcg	0.14583	0.18750	0.27083	0.39583	1	1.6064e-05
cagtgct	0.26316	0.20000	0.21053	0.32632	1	3.1793e-05
cagtgga	0.41026	0.14530	0.24786	0.19658	1	3.9155e-05
cagtggc	0.44118	0.22549	0.09804	0.23529	1	3.4135e-05
cagtggg	0.24528	0.18868	0.22642	0.33962	1	1.7737e-05
cagtggt	0.37778	0.15556	0.17778	0.28889	1	3.0119e-05
cagtgta	0.36709	0.12025	0.16456	0.34810	1	5.2876e-05
cagtgtc	0.45349	0.15116	0.15116	0.24419	1	2.8781e-05
cagtgtg	0.40449	0.20225	0.17978	0.21348	1	2.9785e-05
cagtgtt	0.24528	0.21384	0.15723	0.38365	1	5.3211e-05
cagttaa	0.34419	0.15814	0.22791	0.26977	1	7.1951e-05
cagttac	0.32143	0.19048	0.15476	0.33333	1	5.6223e-05
cagttag	0.29839	0.17742	0.12903	0.39516	1	4.1498e-05
cagttat	0.36910	0.15880	0.16309	0.30901	1	7.7975e-05
cagttca	0.33099	0.14789	0.21127	0.30986	1	4.7521e-05
cagttcc	0.26724	0.25862	0.12069	0.35345	1	3.8820e-05
cagttcg	0.30556	0.18056	0.19444	0.31944	1	2.4095e-05
cagttct	0.28415	0.22951	0.15847	0.32787	1	6.1242e-05
cagttga	0.40107	0.13369	0.19251	0.27273	1	6.2581e-05
cagttgc	0.29197	0.21898	0.18248	0.30657	1	4.5848e-05
cagttgg	0.20430	0.15054	0.26882	0.37634	1	3.1123e-05
cagttgt	0.24064	0.21925	0.17647	0.36364	1	6.2581e-05
cagttta	0.24335	0.18251	0.19011	0.38403	1	8.8015e-05
cagtttc	0.24400	0.22000	0.13200	0.40400	1	8.3665e-05
cagtttg	0.29146	0.24121	0.21608	0.25126	1	6.6597e-05
cagtttt	0.25000	0.19444	0.13095	0.42460	1	1.6867e-04
cataaaa	0.35180	0.18975	0.22438	0.23407	1	2.4162e-04
cataaac	0.44156	0.15909	0.12662	0.27273	1	1.0307e-04
cataaag	0.36508	0.15238	0.18413	0.29841	1	1.0542e-04
cataaat	0.42787	0.09291	0.16381	0.31540	1	1.3688e-04
cataaca	0.37209	0.14618	0.18937	0.29236	1	1.0073e-04
cataacc	0.36424	0.13245	0.21192	0.29139	1	5.0533e-05
cataacg	0.33043	0.22609	0.21739	0.22609	1	3.8486e-05
cataact	0.25200	0.13600	0.20400	0.40800	1	8.3665e-05
cataaga	0.46154	0.11741	0.17814	0.24291	1	8.2661e-05
cataagc	0.35099	0.19868	0.15232	0.29801	1	5.0533e-05
cataagg	0.32432	0.16216	0.20270	0.31081	1	4.9529e-05
cataagt	0.24434	0.07692	0.15837	0.52036	1	7.3959e-05
cataata	0.31402	0.15140	0.15327	0.38131	1	1.7904e-04
cataatc	0.46288	0.13974	0.11354	0.28384	1	7.6637e-05
cataatg	0.31128	0.16732	0.19066	0.33074	1	8.6007e-05
cataatt	0.29466	0.16937	0.17401	0.36195	1	1.4424e-04
catacaa	0.36156	0.18241	0.19544	0.26059	1	1.0274e-04
catacac	0.42798	0.17695	0.20576	0.18930	1	8.1322e-05
catacag	0.35220	0.15094	0.25157	0.24528	1	5.3211e-05
catacat	0.50000	0.15578	0.11307	0.23116	1	1.3319e-04
catacca	0.33793	0.17931	0.14483	0.33793	1	4.8525e-05
cataccc	0.30851	0.20213	0.09574	0.39362	1	3.1458e-05
cataccg	0.21739	0.24638	0.20290	0.33333	1	2.3091e-05
catacct	0.37681	0.19324	0.15459	0.27536	1	6.9274e-05
catacga	0.53913	0.14783	0.13043	0.18261	1	3.8486e-05
catacgc	0.33696	0.21739	0.09783	0.34783	1	3.0789e-05
catacgg	0.30380	0.15190	0.15190	0.39241	1	2.6438e-05
catacgt	0.46667	0.10909	0.15152	0.27273	1	5.5219e-05
catacta	0.34343	0.19529	0.10774	0.35354	1	9.9393e-05
catactc	0.32168	0.18182	0.13986	0.35664	1	4.7856e-05
catactg	0.38418	0.20339	0.11299	0.29944	1	5.9234e-05
catactt	0.27652	0.16288	0.19697	0.36364	1	8.8350e-05
catagaa	0.40828	0.19527	0.19527	0.20118	1	1.1311e-04
catagac	0.31683	0.18812	0.26733	0.22772	1	3.3800e-05
catagag	0.43558	0.12883	0.21472	0.22086	1	5.4549e-05
catagat	0.42857	0.14815	0.14286	0.28042	1	6.3250e-05
catagca	0.37073	0.18049	0.14634	0.30244	1	6.8605e-05
catagcc	0.42000	0.16000	0.13000	0.29000	1	3.3466e-05
catagcg	0.23913	0.32609	0.19565	0.23913	1	3.0789e-05
catagct	0.34586	0.13534	0.16541	0.35338	1	4.4510e-05
catagga	0.47009	0.16239	0.14530	0.22222	1	3.9155e-05
cataggc	0.50000	0.14634	0.18293	0.17073	1	2.7442e-05
cataggg	0.26923	0.25000	0.21154	0.26923	1	1.7402e-05
cataggt	0.37079	0.12360	0.24719	0.25843	1	2.9785e-05
catagta	0.36220	0.13386	0.21260	0.29134	1	8.5003e-05
catagtc	0.34211	0.14912	0.14035	0.36842	1	3.8151e-05
catagtg	0.38333	0.18333	0.19167	0.24167	1	4.0159e-05
catagtt	0.26396	0.19289	0.23350	0.30964	1	6.5928e-05
catataa	0.56168	0.12205	0.12598	0.19029	1	2.5501e-04
catatac	0.32879	0.11868	0.38521	0.16732	1	1.7201e-04
catatag	0.36719	0.22266	0.15625	0.25391	1	8.5672e-05
catatat	0.56429	0.10204	0.15000	0.18367	1	3.2796e-04
catatca	0.27451	0.18954	0.19935	0.33660	1	1.0241e-04
catatcc	0.35976	0.18293	0.14024	0.31707	1	5.4884e-05
catatcg	0.21970	0.19697	0.21212	0.37121	1	4.4175e-05
catatct	0.28571	0.20714	0.17500	0.33214	1	9.3704e-05
catatga	0.39841	0.14343	0.16335	0.29482	1	8.3999e-05
catatgc	0.38690	0.14881	0.17857	0.28571	1	5.6223e-05
catatgg	0.35714	0.23214	0.16964	0.24107	1	3.7482e-05
catatgt	0.40909	0.12727	0.21818	0.24545	1	1.1044e-04
catatta	0.30105	0.18737	0.16000	0.35158	1	1.5896e-04
catattc	0.33422	0.20424	0.10080	0.36074	1	1.2617e-04
catattg	0.31474	0.25498	0.14343	0.28685	1	8.3999e-05
catattt	0.27338	0.18993	0.14245	0.39424	1	2.3259e-04
catcaaa	0.37560	0.18660	0.16986	0.26794	1	1.3989e-04
catcaac	0.41000	0.17500	0.14500	0.27000	1	6.6932e-05
catcaag	0.39713	0.19617	0.13397	0.27273	1	6.9944e-05
catcaat	0.32919	0.15839	0.17391	0.33851	1	1.0776e-04
catcaca	0.28632	0.20513	0.13675	0.37179	1	7.8310e-05
catcacc	0.42105	0.19737	0.15789	0.22368	1	5.0868e-05
catcacg	0.30000	0.14545	0.14545	0.40909	1	3.6812e-05
catcact	0.29258	0.10480	0.20524	0.39738	1	7.6637e-05
catcaga	0.49242	0.12121	0.11364	0.27273	1	4.4175e-05
catcagc	0.38519	0.13333	0.16296	0.31852	1	4.5179e-05
catcagg	0.26923	0.15385	0.20513	0.37179	1	2.6103e-05
catcagt	0.30822	0.12329	0.19178	0.37671	1	4.8860e-05
catcata	0.27174	0.19203	0.14130	0.39493	1	9.2366e-05
catcatc	0.32000	0.14000	0.14667	0.39333	1	1.0040e-04
catcatg	0.34074	0.22222	0.17037	0.26667	1	4.5179e-05
catcatt	0.25750	0.15500	0.18000	0.40750	1	1.3386e-04
catccaa	0.35526	0.21711	0.15132	0.27632	1	5.0868e-05
catccac	0.28455	0.17886	0.14634	0.39024	1	4.1163e-05
catccag	0.30337	0.16854	0.22472	0.30337	1	2.9785e-05
catccat	0.31016	0.24599	0.12834	0.31551	1	6.2581e-05
catccca	0.28704	0.31481	0.08333	0.31481	1	3.6143e-05
catcccc	0.26667	0.15000	0.18333	0.40000	1	2.0079e-05
catcccg	0.28302	0.20755	0.22642	0.28302	1	1.7737e-05
catccct	0.22727	0.25455	0.14545	0.37273	1	3.6812e-05
catccga	0.42857	0.13095	0.13095	0.30952	1	2.8111e-05
catccgc	0.28049	0.20732	0.23171	0.28049	1	2.7442e-05
catccgg	0.19608	0.33333	0.23529	0.23529	1	1.7068e-05
catccgt	0.44737	0.07018	0.25439	0.22807	1	3.8151e-05
catccta	0.36232	0.20290	0.13768	0.29710	1	4.6183e-05
catcctc	0.25424	0.21186	0.11864	0.41525	1	3.9490e-05
catcctg	0.38750	0.28750	0.06250	0.26250	1	2.6773e-05
catcctt	0.23423	0.26126	0.12162	0.38288	1	7.4294e-05
catcgaa	0.32340	0.12766	0.33191	0.21702	1	7.8645e-05
catcgac	0.38028	0.09859	0.19718	0.32394	1	2.3761e-05
catcgag	0.31579	0.18421	0.20175	0.29825	1	3.8151e-05
catcgat	0.27168	0.14451	0.30636	0.27746	1	5.7896e-05
catcgca	0.39111	0.11111	0.15556	0.34222	1	7.5298e-05
catcgcc	0.35833	0.20000	0.16667	0.27500	1	4.0159e-05
catcgcg	0.39604	0.16832	0.14851	0.28713	1	3.3800e-05
catcgct	0.32044	0.13812	0.20442	0.33702	1	6.0573e-05
catcgga	0.46078	0.13725	0.19608	0.20588	1	3.4135e-05
catcggc	0.31884	0.27536	0.21739	0.18841	1	2.3091e-05
catcggg	0.43750	0.27083	0.16667	0.12500	1	1.6064e-05
catcggt	0.29412	0.22353	0.17647	0.30588	1	2.8446e-05
catcgta	0.25410	0.15574	0.23770	0.35246	1	4.0828e-05
catcgtc	0.44792	0.14583	0.14583	0.26042	1	3.2127e-05
catcgtg	0.25556	0.32222	0.23333	0.18889	1	3.0119e-05
catcgtt	0.21963	0.19159	0.21028	0.37850	1	7.1617e-05
catctaa	0.47176	0.17608	0.13289	0.21927	1	1.0073e-04
catctac	0.22222	0.14667	0.12444	0.50667	1	7.5298e-05
catctag	0.29545	0.21212	0.21970	0.27273	1	4.4175e-05
catctat	0.32979	0.18440	0.12766	0.35816	1	9.4374e-05
catctca	0.20186	0.13665	0.12112	0.54037	1	1.0776e-04
catctcc	0.42520	0.21260	0.12598	0.23622	1	4.2502e-05
catctcg	0.42202	0.14679	0.18349	0.24771	1	3.6478e-05
catctct	0.20884	0.17671	0.14458	0.46988	1	8.3330e-05
catctga	0.39496	0.15966	0.16807	0.27731	1	3.9824e-05
catctgc	0.39568	0.17986	0.16547	0.25899	1	4.6517e-05
catctgg	0.34694	0.25510	0.21429	0.18367	1	3.2796e-05
catctgt	0.31214	0.16763	0.15029	0.36994	1	5.7896e-05
catctta	0.32895	0.17105	0.14474	0.35526	1	7.6302e-05
catcttc	0.27217	0.15596	0.10092	0.47095	1	1.0943e-04
catcttg	0.34184	0.23980	0.13265	0.28571	1	6.5593e-05
catcttt	0.18684	0.23779	0.12527	0.45011	1	1.5762e-04
catgaaa	0.45294	0.13824	0.17647	0.23235	1	1.1378e-04
catgaac	0.28346	0.13386	0.22835	0.35433	1	4.2502e-05
catgaag	0.43373	0.12651	0.15060	0.28916	1	5.5553e-05
catgaat	0.44196	0.08929	0.17857	0.29018	1	7.4963e-05
catgaca	0.30657	0.18978	0.21168	0.29197	1	4.5848e-05
catgacc	0.42188	0.12500	0.15625	0.29688	1	2.1418e-05
catgacg	0.33333	0.29630	0.14815	0.22222	1	1.8072e-05
catgact	0.23853	0.28440	0.21101	0.26606	1	3.6478e-05
catgaga	0.35766	0.18978	0.16058	0.29197	1	4.5848e-05
catgagc	0.29310	0.18966	0.20690	0.31034	1	1.9410e-05
catgagg	0.31667	0.20000	0.15000	0.33333	1	2.0079e-05
catgagt	0.26016	0.10569	0.28455	0.34959	1	4.1163e-05
catgata	0.25847	0.14407	0.18644	0.41102	1	7.8979e-05
catgatc	0.29907	0.13084	0.17757	0.39252	1	3.5808e-05
catgatg	0.45865	0.16541	0.15789	0.21805	1	4.4510e-05
catgatt	0.33333	0.13889	0.17130	0.35648	1	7.2286e-05
catgcaa	0.29193	0.17391	0.26087	0.27329	1	5.3880e-05
catgcac	0.36275	0.16667	0.16667	0.30392	1	3.4135e-05
catgcag	0.22449	0.28571	0.14286	0.34694	1	3.2796e-05
catgcat	0.29444	0.18333	0.25556	0.26667	1	6.0238e-05
catgcca	0.26549	0.16814	0.20354	0.36283	1	3.7816e-05
catgccc	0.32727	0.18182	0.20000	0.29091	1	1.8406e-05
catgccg	0.23810	0.26190	0.16667	0.33333	1	1.4056e-05
catgcct	0.25275	0.19780	0.14286	0.40659	1	3.0454e-05
catgcga	0.27692	0.16923	0.21538	0.33846	1	2.1753e-05
catgcgc	0.34000	0.12000	0.24000	0.30000	1	1.6733e-05
catgcgg	0.32432	0.27027	0.09459	0.31081	1	2.4765e-05
catgcgt	0.26761	0.19718	0.18310	0.35211	1	2.3761e-05
catgcta	0.25862	0.20690	0.14655	0.38793	1	3.8820e-05
catgctc	0.32353	0.17647	0.17647	0.32353	1	2.2757e-05
catgctg	0.19540	0.27586	0.20690	0.32184	1	2.9115e-05
catgctt	0.19858	0.20567	0.14894	0.44681	1	4.7187e-05
catggaa	0.48876	0.16292	0.17416	0.17416	1	5.9569e-05
catggac	0.38596	0.12281	0.22807	0.26316	1	1.9076e-05
catggag	0.41096	0.15068	0.24658	0.19178	1	2.4430e-05
catggat	0.22917	0.12500	0.22917	0.41667	1	3.2127e-05
catggca	0.34000	0.14000	0.22000	0.30000	1	3.3466e-05
catggcc	0.21739	0.21739	0.23913	0.32609	1	1.5394e-05
catggcg	0.34043	0.25532	0.21277	0.19149	1	1.5729e-05
catggct	0.20930	0.19767	0.23256	0.36047	1	2.8781e-05
catggga	0.38182	0.23636	0.23636	0.14545	1	1.8406e-05
catgggc	0.34783	0.19565	0.19565	0.26087	1	1.5394e-05
catgggg	0.34146	0.21951	0.17073	0.26829	1	1.3721e-05
catgggt	0.24194	0.12903	0.33871	0.29032	1	2.0749e-05
catggta	0.29464	0.17857	0.17857	0.34821	1	3.7482e-05
catggtc	0.40323	0.24194	0.16129	0.19355	1	2.0749e-05
catggtg	0.34615	0.21795	0.19231	0.24359	1	2.6103e-05
catggtt	0.32039	0.14563	0.20388	0.33010	1	3.4470e-05
catgtaa	0.38393	0.12946	0.18304	0.30357	1	7.4963e-05
catgtac	0.44361	0.09774	0.20301	0.25564	1	4.4510e-05
catgtag	0.23148	0.27778	0.17593	0.31481	1	3.6143e-05
catgtat	0.42915	0.14575	0.17004	0.25506	1	8.2661e-05
catgtca	0.26400	0.25600	0.16000	0.32000	1	4.1832e-05
catgtcc	0.28986	0.17391	0.17391	0.36232	1	2.3091e-05
catgtcg	0.18868	0.18868	0.22642	0.39623	1	1.7737e-05
catgtct	0.22727	0.20909	0.18182	0.38182	1	3.6812e-05
catgtga	0.37121	0.14394	0.15152	0.33333	1	4.4175e-05
catgtgc	0.34694	0.21429	0.15306	0.28571	1	3.2796e-05
catgtgg	0.38667	0.28000	0.09333	0.24000	1	2.5099e-05
catgtgt	0.29134	0.13386	0.25197	0.32283	1	4.2502e-05
catgtta	0.32323	0.20707	0.11616	0.35354	1	6.6262e-05
catgttc	0.40288	0.20863	0.15827	0.23022	1	4.6517e-05
catgttg	0.24845	0.16770	0.20497	0.37888	1	5.3880e-05
catgttt	0.22472	0.19101	0.17978	0.40449	1	8.9354e-05
cattaaa	0.38380	0.13433	0.20043	0.28145	1	1.5695e-04
cattaac	0.40693	0.16017	0.19481	0.23810	1	7.7306e-05
cattaag	0.29524	0.16190	0.20952	0.33333	1	7.0278e-05
cattaat	0.45606	0.09976	0.12114	0.32304	1	1.4089e-04
cattaca	0.30350	0.17121	0.18677	0.33852	1	8.6007e-05
cattacc	0.27236	0.38211	0.13415	0.21138	1	8.2326e-05
cattacg	0.20930	0.22481	0.23256	0.33333	1	4.3171e-05
cattact	0.36452	0.10645	0.20323	0.32581	1	1.0374e-04
cattaga	0.35468	0.14778	0.19212	0.30542	1	6.7936e-05
cattagc	0.34507	0.14085	0.19718	0.31690	1	4.7521e-05
cattagg	0.40708	0.15044	0.14159	0.30088	1	3.7816e-05
cattagt	0.31892	0.14054	0.21081	0.32973	1	6.1912e-05
cattata	0.33097	0.18203	0.14894	0.33806	1	1.4156e-04
cattatc	0.47317	0.22439	0.08049	0.22195	1	1.3721e-04
cattatg	0.27863	0.19466	0.22901	0.29771	1	8.7680e-05
cattatt	0.28666	0.17133	0.18122	0.36079	1	2.0314e-04
cattcaa	0.31562	0.15937	0.20938	0.31562	1	1.0709e-04
cattcac	0.30882	0.26471	0.14216	0.28431	1	6.8270e-05
cattcag	0.29286	0.21429	0.14286	0.35000	1	4.6852e-05
cattcat	0.25337	0.19946	0.12129	0.42588	1	1.2416e-04
cattcca	0.41667	0.19271	0.09896	0.29167	1	6.4254e-05
cattccc	0.31092	0.21849	0.11765	0.35294	1	3.9824e-05
cattccg	0.13178	0.13178	0.15504	0.58140	1	4.3171e-05
cattcct	0.21635	0.18269	0.12981	0.47115	1	6.9609e-05
cattcga	0.26786	0.17857	0.25000	0.30357	1	3.7482e-05
cattcgc	0.35577	0.15385	0.19231	0.29808	1	3.4804e-05
cattcgg	0.21687	0.32530	0.25301	0.20482	1	2.7777e-05
cattcgt	0.22159	0.12500	0.21023	0.44318	1	5.8900e-05
cattcta	0.26772	0.23228	0.23228	0.26772	1	8.5003e-05
cattctc	0.30275	0.17431	0.14220	0.38073	1	7.2955e-05
cattctg	0.23944	0.28169	0.11268	0.36620	1	7.1282e-05
cattctt	0.25799	0.16462	0.18182	0.39558	1	1.3621e-04
cattgaa	0.45122	0.13171	0.17561	0.24146	1	1.3721e-04
cattgac	0.39496	0.18487	0.20168	0.21849	1	3.9824e-05
cattgag	0.25466	0.20497	0.28571	0.25466	1	5.3880e-05
cattgat	0.28819	0.24306	0.20833	0.26042	1	9.6382e-05
cattgca	0.30769	0.19658	0.17521	0.32051	1	7.8310e-05
cattgcc	0.37778	0.14074	0.15556	0.32593	1	4.5179e-05
cattgcg	0.27273	0.34343	0.11111	0.27273	1	3.3131e-05
cattgct	0.24545	0.15909	0.27727	0.31818	1	7.3625e-05
cattgga	0.47222	0.16667	0.10417	0.25694	1	4.8191e-05
cattggc	0.25397	0.19841	0.26190	0.28571	1	4.2167e-05
cattggg	0.23148	0.32407	0.18519	0.25926	1	3.6143e-05
cattggt	0.30464	0.16556	0.24503	0.28477	1	5.0533e-05
cattgta	0.31343	0.16791	0.13806	0.38060	1	8.9688e-05
cattgtc	0.37017	0.20994	0.14365	0.27624	1	6.0573e-05
cattgtg	0.29825	0.24561	0.15205	0.30409	1	5.7227e-05
cattgtt	0.25000	0.16355	0.25000	0.33645	1	1.4323e-04
catttaa	0.35250	0.18500	0.15250	0.31000	1	1.3386e-04
catttac	0.28990	0.21824	0.16938	0.32248	1	1.0274e-04
catttag	0.26126	0.28829	0.15315	0.29730	1	7.4294e-05
catttat	0.34247	0.17979	0.11644	0.36130	1	1.9544e-04
catttca	0.32420	0.20548	0.18265	0.28767	1	1.4658e-04
catttcc	0.30576	0.22662	0.15827	0.30935	1	9.3035e-05
catttcg	0.28108	0.28649	0.20000	0.23243	1	6.1912e-05
catttct	0.19478	0.21486	0.13454	0.45582	1	1.6666e-04
catttga	0.39873	0.10127	0.17722	0.32278	1	1.0575e-04
catttgc	0.29046	0.14938	0.26141	0.29876	1	8.0653e-05
catttgg	0.24747	0.25253	0.13636	0.36364	1	6.6262e-05
catttgt	0.33448	0.17931	0.13793	0.34828	1	9.7051e-05
catttta	0.25828	0.19868	0.16225	0.38079	1	2.0213e-04
cattttc	0.27183	0.18451	0.15486	0.38880	1	2.0314e-04
cattttg	0.45049	0.17282	0.13592	0.24078	1	1.7235e-04
cattttt	0.19375	0.21205	0.14111	0.45309	1	4.3874e-04
ccaaaaa	0.45609	0.11048	0.20113	0.23229	1	2.3627e-04
ccaaaac	0.41206	0.14070	0.13568	0.31156	1	6.6597e-05
ccaaaag	0.39927	0.17949	0.21245	0.20879	1	9.1362e-05
ccaaaat	0.34925	0.15522	0.17313	0.32239	1	1.1211e-04
ccaaaca	0.36752	0.18376	0.12393	0.32479	1	7.8310e-05
ccaaacc	0.34783	0.19130	0.18261	0.27826	1	3.8486e-05
ccaaacg	0.38235	0.19608	0.25490	0.16667	1	3.4135e-05
ccaaact	0.32500	0.13750	0.23750	0.30000	1	5.3545e-05
ccaaaga	0.43810	0.13333	0.18571	0.24286	1	7.0278e-05
ccaaagc	0.38889	0.14815	0.17593	0.28704	1	3.6143e-05
ccaaagg	0.38298	0.17021	0.24823	0.19858	1	4.7187e-05
ccaaagt	0.36250	0.11875	0.20625	0.31250	1	5.3545e-05
ccaaata	0.32188	0.18125	0.14062	0.35625	1	1.0709e-04
ccaaatc	0.40127	0.14013	0.14650	0.31210	1	5.2541e-05
ccaaatg	0.35542	0.22892	0.15060	0.26506	1	5.5553e-05
ccaaatt	0.28814	0.15932	0.22034	0.33220	1	9.8724e-05
ccaacaa	0.29722	0.11944	0.16944	0.41389	1	1.2048e-04
ccaacac	0.43077	0.16923	0.16154	0.23846	1	4.3506e-05
ccaacag	0.35669	0.15287	0.14013	0.35032	1	5.2541e-05
ccaacat	0.34857	0.17714	0.16000	0.31429	1	5.8565e-05
ccaacca	0.40800	0.20800	0.10400	0.28000	1	4.1832e-05
ccaaccc	0.48214	0.17857	0.12500	0.21429	1	1.8741e-05
ccaaccg	0.36207	0.15517	0.15517	0.32759	1	1.9410e-05
ccaacct	0.25556	0.20000	0.17778	0.36667	1	3.0119e-05
ccaacga	0.38095	0.17460	0.09524	0.34921	1	4.2167e-05
ccaacgc	0.33333	0.13043	0.24638	0.28986	1	2.3091e-05
ccaacgg	0.20000	0.24444	0.17778	0.37778	1	1.5060e-05
ccaacgt	0.23656	0.13978	0.24731	0.37634	1	3.1123e-05
ccaacta	0.29091	0.30303	0.15152	0.25455	1	5.5219e-05
ccaactc	0.38462	0.25641	0.07692	0.28205	1	2.6103e-05
ccaactg	0.36082	0.24742	0.19588	0.19588	1	3.2462e-05
ccaactt	0.15976	0.24260	0.15385	0.44379	1	5.6557e-05
ccaagaa	0.50000	0.17341	0.14451	0.18208	1	1.1579e-04
ccaagac	0.41803	0.18852	0.12295	0.27049	1	4.0828e-05
ccaagag	0.40120	0.19760	0.17365	0.22754	1	5.5888e-05
ccaagat	0.38509	0.15528	0.19255	0.26708	1	5.3880e-05
ccaagca	0.40769	0.17692	0.13846	0.27692	1	4.3506e-05
ccaagcc	0.34568	0.23457	0.17284	0.24691	1	2.7107e-05
ccaagcg	0.16327	0.20408	0.32653	0.30612	1	1.6398e-05
ccaagct	0.25000	0.20370	0.18519	0.36111	1	3.6143e-05
ccaagga	0.52239	0.11940	0.17164	0.18657	1	4.4844e-05
ccaaggc	0.39773	0.17045	0.14773	0.28409	1	2.9450e-05
ccaaggg	0.48750	0.13750	0.17500	0.20000	1	2.6773e-05
ccaaggt	0.32500	0.21250	0.16250	0.30000	1	2.6773e-05
ccaagta	0.35075	0.17164	0.09701	0.38060	1	4.4844e-05
ccaagtc	0.37037	0.30864	0.18519	0.13580	1	2.7107e-05
ccaagtg	0.42529	0.21839	0.12644	0.22989	1	2.9115e-05
ccaagtt	0.29747	0.11392	0.15823	0.43038	1	5.2876e-05
ccaataa	0.39416	0.14599	0.19343	0.26642	1	9.1696e-05
ccaatac	0.29655	0.25517	0.13793	0.31034	1	4.8525e-05
ccaatag	0.33333	0.22727	0.16667	0.27273	1	4.4175e-05
ccaatat	0.33835	0.20301	0.09774	0.36090	1	8.9019e-05
ccaatca	0.35329	0.20958	0.19162	0.24551	1	5.5888e-05
ccaatcc	0.30000	0.22857	0.12857	0.34286	1	2.3426e-05
ccaatcg	0.26437	0.16092	0.33333	0.24138	1	2.9115e-05
ccaatct	0.22727	0.18182	0.18939	0.40152	1	4.4175e-05
ccaatga	0.35915	0.16901	0.19718	0.27465	1	4.7521e-05
ccaatgc	0.30097	0.21359	0.19417	0.29126	1	3.4470e-05
ccaatgg	0.33333	0.27586	0.12644	0.26437	1	2.9115e-05
ccaatgt	0.30702	0.14912	0.25439	0.28947	1	3.8151e-05
ccaatta	0.26768	0.26263	0.17677	0.29293	1	6.6262e-05
ccaattc	0.27545	0.21557	0.11976	0.38922	1	5.5888e-05
ccaattg	0.41420	0.19527	0.16568	0.22485	1	5.6557e-05
ccaattt	0.21662	0.16024	0.23442	0.38872	1	1.1278e-04
ccacaaa	0.37073	0.19512	0.20976	0.22439	1	6.8605e-05
ccacaac	0.37931	0.18103	0.16379	0.27586	1	3.8820e-05
ccacaag	0.34746	0.20339	0.14407	0.30508	1	3.9490e-05
ccacaat	0.35849	0.16352	0.12579	0.35220	1	5.3211e-05
ccacaca	0.28962	0.33880	0.12568	0.24590	1	6.1242e-05
ccacacc	0.27835	0.37113	0.10309	0.24742	1	3.2462e-05
ccacacg	0.21053	0.28070	0.24561	0.26316	1	1.9076e-05
ccacact	0.23423	0.18919	0.13514	0.44144	1	3.7147e-05
ccacaga	0.45455	0.17273	0.20000	0.17273	1	3.6812e-05
ccacagc	0.42857	0.12857	0.12857	0.31429	1	2.3426e-05
ccacagg	0.31915	0.12766	0.21277	0.34043	1	1.5729e-05
ccacagt	0.27007	0.13869	0.18248	0.40876	1	4.5848e-05
ccacata	0.23810	0.20238	0.14881	0.41071	1	5.6223e-05
ccacatc	0.34109	0.13953	0.22481	0.29457	1	4.3171e-05
ccacatg	0.27500	0.28750	0.22500	0.21250	1	2.6773e-05
ccacatt	0.18750	0.19231	0.18269	0.43750	1	6.9609e-05
ccaccaa	0.40940	0.19463	0.12081	0.27517	1	4.9864e-05
ccaccac	0.26724	0.20690	0.13793	0.38793	1	3.8820e-05
ccaccag	0.35802	0.19753	0.20988	0.23457	1	2.7107e-05
ccaccat	0.28829	0.19820	0.14414	0.36937	1	3.7147e-05
ccaccca	0.31915	0.19149	0.09574	0.39362	1	3.1458e-05
ccacccc	0.15385	0.40000	0.09231	0.35385	1	2.1753e-05
ccacccg	0.27027	0.24324	0.16216	0.32432	1	1.2382e-05
ccaccct	0.25352	0.26761	0.08451	0.39437	1	2.3761e-05
ccaccga	0.43860	0.10526	0.10526	0.35088	1	1.9076e-05
ccaccgc	0.29630	0.22222	0.12346	0.35802	1	2.7107e-05
ccaccgg	0.36735	0.28571	0.16327	0.18367	1	1.6398e-05
ccaccgt	0.36842	0.22368	0.13158	0.27632	1	2.5434e-05
ccaccta	0.22059	0.30882	0.11765	0.35294	1	2.2757e-05
ccacctc	0.34409	0.21505	0.10753	0.33333	1	3.1123e-05
ccacctg	0.30000	0.26000	0.16000	0.28000	1	1.6733e-05
ccacctt	0.21118	0.22360	0.18634	0.37888	1	5.3880e-05
ccacgaa	0.36719	0.16406	0.25781	0.21094	1	4.2836e-05
ccacgac	0.44000	0.08000	0.22000	0.26000	1	1.6733e-05
ccacgag	0.36735	0.18367	0.16327	0.28571	1	1.6398e-05
ccacgat	0.31944	0.20833	0.22222	0.25000	1	2.4095e-05
ccacgca	0.32877	0.21918	0.19178	0.26027	1	2.4430e-05
ccacgcc	0.26190	0.26190	0.19048	0.28571	1	1.4056e-05
ccacgcg	0.28571	0.23810	0.19048	0.28571	1	1.4056e-05
ccacgct	0.36000	0.20000	0.14667	0.29333	1	2.5099e-05
ccacgga	0.47945	0.06849	0.20548	0.24658	1	2.4430e-05
ccacggc	0.22222	0.20370	0.25926	0.31481	1	1.8072e-05
ccacggg	0.50000	0.13043	0.19565	0.17391	1	1.5394e-05
ccacggt	0.24528	0.16981	0.22642	0.35849	1	1.7737e-05
ccacgta	0.34615	0.15385	0.14103	0.35897	1	2.6103e-05
ccacgtc	0.31034	0.24138	0.20690	0.24138	1	1.9410e-05
ccacgtg	0.39744	0.25641	0.20513	0.14103	1	2.6103e-05
ccacgtt	0.22222	0.24242	0.11111	0.42424	1	3.3131e-05
ccactaa	0.26630	0.14130	0.15217	0.44022	1	6.1577e-05
ccactac	0.25620	0.24793	0.13223	0.36364	1	4.0494e-05
ccactag	0.25641	0.16667	0.16667	0.41026	1	2.6103e-05
ccactat	0.25592	0.34123	0.08057	0.32227	1	7.0613e-05
ccactca	0.25714	0.21905	0.20952	0.31429	1	3.5139e-05
ccactcc	0.28409	0.25000	0.09091	0.37500	1	2.9450e-05
ccactcg	0.32558	0.20930	0.13953	0.32558	1	1.4390e-05
ccactct	0.18803	0.21368	0.13675	0.46154	1	3.9155e-05
ccactga	0.41284	0.11927	0.17431	0.29358	1	3.6478e-05
ccactgc	0.35227	0.27273	0.09091	0.28409	1	2.9450e-05
ccactgg	0.37705	0.16393	0.21311	0.24590	1	2.0414e-05
ccactgt	0.26400	0.19200	0.21600	0.32800	1	4.1832e-05
ccactta	0.29730	0.19595	0.24324	0.26351	1	4.9529e-05
ccacttc	0.22727	0.15152	0.16667	0.45455	1	4.4175e-05
ccacttg	0.29412	0.31373	0.09804	0.29412	1	3.4135e-05
ccacttt	0.20761	0.20761	0.15917	0.42561	1	9.6716e-05
ccagaaa	0.41241	0.18248	0.22263	0.18248	1	9.1696e-05
ccagaac	0.31897	0.19828	0.21552	0.26724	1	3.8820e-05
ccagaag	0.34194	0.15484	0.21290	0.29032	1	5.1872e-05
ccagaat	0.34074	0.13333	0.15556	0.37037	1	4.5179e-05
ccagaca	0.30263	0.23684	0.11842	0.34211	1	2.5434e-05
ccagacc	0.34694	0.22449	0.20408	0.22449	1	1.6398e-05
ccagacg	0.33333	0.16667	0.28571	0.21429	1	1.4056e-05
ccagact	0.21311	0.18033	0.21311	0.39344	1	2.0414e-05
ccagaga	0.38182	0.17273	0.20000	0.24545	1	3.6812e-05
ccagagc	0.28302	0.24528	0.15094	0.32075	1	1.7737e-05
ccagagg	0.31034	0.13793	0.18966	0.36207	1	1.9410e-05
ccagagt	0.36508	0.03175	0.25397	0.34921	1	2.1083e-05
ccagata	0.25203	0.15447	0.21138	0.38211	1	4.1163e-05
ccagatc	0.41837	0.19388	0.09184	0.29592	1	3.2796e-05
ccagatg	0.29730	0.22973	0.20270	0.27027	1	2.4765e-05
ccagatt	0.21739	0.16667	0.17391	0.44203	1	4.6183e-05
ccagcaa	0.39735	0.18543	0.20530	0.21192	1	5.0533e-05
ccagcac	0.27907	0.25581	0.17442	0.29070	1	2.8781e-05
ccagcag	0.41026	0.21795	0.21795	0.15385	1	2.6103e-05
ccagcat	0.25714	0.23810	0.13333	0.37143	1	3.5139e-05
ccagcca	0.34177	0.24051	0.17722	0.24051	1	2.6438e-05
ccagccc	0.32653	0.14286	0.22449	0.30612	1	1.6398e-05
ccagccg	0.29167	0.35417	0.14583	0.20833	1	1.6064e-05
ccagcct	0.16981	0.24528	0.11321	0.47170	1	1.7737e-05
ccagcga	0.21429	0.25000	0.16071	0.37500	1	1.8741e-05
ccagcgc	0.36735	0.20408	0.24490	0.18367	1	1.6398e-05
ccagcgg	0.33929	0.26786	0.17857	0.21429	1	1.8741e-05
ccagcgt	0.27586	0.24138	0.13793	0.34483	1	1.9410e-05
ccagcta	0.27160	0.20988	0.16049	0.35802	1	2.7107e-05
ccagctc	0.26984	0.20635	0.15873	0.36508	1	2.1083e-05
ccagctg	0.33333	0.23333	0.25000	0.18333	1	2.0079e-05
ccagctt	0.21930	0.20175	0.20175	0.37719	1	3.8151e-05
ccaggaa	0.49219	0.17188	0.11719	0.21875	1	4.2836e-05
ccaggac	0.41667	0.20000	0.16667	0.21667	1	2.0079e-05
ccaggag	0.41860	0.04651	0.32558	0.20930	1	1.4390e-05
ccaggat	0.33750	0.17500	0.11250	0.37500	1	2.6773e-05
ccaggca	0.30435	0.20290	0.24638	0.24638	1	2.3091e-05
ccaggcc	0.35714	0.09524	0.26190	0.28571	1	1.4056e-05
ccaggcg	0.07895	0.34211	0.36842	0.21053	1	1.2717e-05
ccaggct	0.21154	0.11538	0.28846	0.38462	1	1.7402e-05
ccaggga	0.50000	0.17742	0.16129	0.16129	1	2.0749e-05
ccagggc	0.30556	0.11111	0.19444	0.38889	1	1.2048e-05
ccagggg	0.31034	0.37931	0.10345	0.20690	1	9.7051e-06
ccagggt	0.22000	0.34000	0.24000	0.20000	1	1.6733e-05
ccaggta	0.27869	0.24590	0.22951	0.24590	1	2.0414e-05
ccaggtc	0.31707	0.24390	0.17073	0.26829	1	1.3721e-05
ccaggtg	0.23214	0.23214	0.21429	0.32143	1	1.8741e-05
ccaggtt	0.34783	0.17391	0.15217	0.32609	1	3.0789e-05
ccagtaa	0.33333	0.16667	0.16129	0.33871	1	6.2246e-05
ccagtac	0.31461	0.17978	0.14607	0.35955	1	2.9785e-05
ccagtag	0.27957	0.20430	0.12903	0.38710	1	3.1123e-05
ccagtat	0.34000	0.11333	0.13333	0.41333	1	5.0199e-05
ccagtca	0.27957	0.26882	0.15054	0.30108	1	3.1123e-05
ccagtcc	0.34146	0.17073	0.17073	0.31707	1	1.3721e-05
ccagtcg	0.32692	0.25000	0.23077	0.19231	1	1.7402e-05
ccagtct	0.21667	0.11667	0.20000	0.46667	1	2.0079e-05
ccagtga	0.44318	0.20455	0.12500	0.22727	1	2.9450e-05
ccagtgc	0.43182	0.15909	0.06818	0.34091	1	1.4725e-05
ccagtgg	0.39286	0.23214	0.12500	0.25000	1	1.8741e-05
ccagtgt	0.36585	0.17073	0.17073	0.29268	1	2.7442e-05
ccagtta	0.31148	0.22131	0.17213	0.29508	1	4.0828e-05
ccagttc	0.27957	0.27957	0.06452	0.37634	1	3.1123e-05
ccagttg	0.22727	0.17273	0.15455	0.44545	1	3.6812e-05
ccagttt	0.16990	0.24272	0.13107	0.45631	1	6.8940e-05
ccataaa	0.43960	0.13423	0.17114	0.25503	1	9.9728e-05
ccataac	0.34783	0.21014	0.13768	0.30435	1	4.6183e-05
ccataag	0.36449	0.16822	0.23364	0.23364	1	3.5808e-05
ccataat	0.32937	0.13889	0.21429	0.31746	1	8.4334e-05
ccataca	0.29048	0.22857	0.12381	0.35714	1	7.0278e-05
ccatacc	0.30392	0.21569	0.11765	0.36275	1	3.4135e-05
ccatacg	0.21429	0.17143	0.22857	0.38571	1	2.3426e-05
ccatact	0.26087	0.17391	0.21014	0.35507	1	4.6183e-05
ccataga	0.50000	0.06618	0.23529	0.19853	1	4.5514e-05
ccatagc	0.45536	0.11607	0.18750	0.24107	1	3.7482e-05
ccatagg	0.27869	0.27869	0.13115	0.31148	1	2.0414e-05
ccatagt	0.36585	0.21138	0.12195	0.30081	1	4.1163e-05
ccatata	0.29514	0.16667	0.10069	0.43750	1	9.6382e-05
ccatatc	0.32886	0.26846	0.10738	0.29530	1	4.9864e-05
ccatatg	0.26496	0.13675	0.18803	0.41026	1	3.9155e-05
ccatatt	0.26059	0.22150	0.18567	0.33225	1	1.0274e-04
ccatcaa	0.38393	0.12946	0.17411	0.31250	1	7.4963e-05
ccatcac	0.31707	0.15447	0.16260	0.36585	1	4.1163e-05
ccatcag	0.29114	0.22785	0.10127	0.37975	1	2.6438e-05
ccatcat	0.28191	0.20745	0.10638	0.40426	1	6.2916e-05
ccatcca	0.26891	0.24370	0.12605	0.36134	1	3.9824e-05
ccatccc	0.25000	0.20238	0.11905	0.42857	1	2.8111e-05
ccatccg	0.25373	0.29851	0.14925	0.29851	1	2.2422e-05
ccatcct	0.26804	0.23711	0.12371	0.37113	1	3.2462e-05
ccatcga	0.44944	0.15730	0.15730	0.23596	1	2.9785e-05
ccatcgc	0.32292	0.15625	0.16667	0.35417	1	3.2127e-05
ccatcgg	0.54000	0.20000	0.08000	0.18000	1	1.6733e-05
ccatcgt	0.25000	0.21296	0.19444	0.34259	1	3.6143e-05
ccatcta	0.25373	0.16418	0.20149	0.38060	1	4.4844e-05
ccatctc	0.47244	0.14173	0.10236	0.28346	1	4.2502e-05
ccatctg	0.26923	0.30769	0.21154	0.21154	1	3.4804e-05
ccatctt	0.15451	0.25751	0.14163	0.44635	1	7.7975e-05
ccatgaa	0.42975	0.18182	0.19835	0.19008	1	4.0494e-05
ccatgac	0.39726	0.19178	0.09589	0.31507	1	2.4430e-05
ccatgag	0.32836	0.10448	0.22388	0.34328	1	2.2422e-05
ccatgat	0.40659	0.12088	0.21978	0.25275	1	3.0454e-05
ccatgca	0.30189	0.16981	0.20755	0.32075	1	3.5474e-05
ccatgcc	0.33962	0.16981	0.16981	0.32075	1	1.7737e-05
ccatgcg	0.09434	0.32075	0.24528	0.33962	1	1.7737e-05
ccatgct	0.20513	0.23077	0.24359	0.32051	1	2.6103e-05
ccatgga	0.47826	0.10870	0.21739	0.19565	1	3.0789e-05
ccatggc	0.32727	0.09091	0.21818	0.36364	1	1.8406e-05
ccatggg	0.21053	0.26316	0.21053	0.31579	1	1.2717e-05
ccatggt	0.29688	0.15625	0.26562	0.28125	1	2.1418e-05
ccatgta	0.34211	0.14912	0.12281	0.38596	1	3.8151e-05
ccatgtc	0.40000	0.25000	0.11667	0.23333	1	2.0079e-05
ccatgtg	0.32051	0.23077	0.16667	0.28205	1	2.6103e-05
ccatgtt	0.25806	0.20968	0.17742	0.35484	1	4.1498e-05
ccattaa	0.39819	0.13122	0.19457	0.27602	1	7.3959e-05
ccattac	0.26230	0.30601	0.14754	0.28415	1	6.1242e-05
ccattag	0.29921	0.24409	0.14173	0.31496	1	4.2502e-05
ccattat	0.25442	0.18728	0.14488	0.41343	1	9.4708e-05
ccattca	0.27885	0.22596	0.13942	0.35577	1	6.9609e-05
ccattcc	0.32231	0.20661	0.16529	0.30579	1	4.0494e-05
ccattcg	0.23958	0.18750	0.22917	0.34375	1	3.2127e-05
ccattct	0.27014	0.18483	0.16588	0.37915	1	7.0613e-05
ccattga	0.35106	0.13298	0.21809	0.29787	1	6.2916e-05
ccattgc	0.33803	0.15493	0.14085	0.36620	1	4.7521e-05
ccattgg	0.27778	0.24444	0.22222	0.25556	1	3.0119e-05
ccattgt	0.21344	0.13834	0.15810	0.49012	1	8.4669e-05
ccattta	0.23846	0.19615	0.16923	0.39615	1	8.7011e-05
ccatttc	0.26259	0.20504	0.12230	0.41007	1	9.3035e-05
ccatttg	0.30058	0.17341	0.22543	0.30058	1	5.7896e-05
ccatttt	0.18425	0.17638	0.25197	0.38740	1	2.1251e-04
cccaaaa	0.45556	0.12963	0.22222	0.19259	1	9.0358e-05
cccaaac	0.53390	0.12712	0.11017	0.22881	1	3.9490e-05
cccaaag	0.30833	0.15833	0.22500	0.30833	1	4.0159e-05
cccaaat	0.30247	0.13580	0.16667	0.39506	1	5.4215e-05
cccaaca	0.56545	0.12042	0.16230	0.15183	1	6.3920e-05
cccaacc	0.37313	0.16418	0.17910	0.28358	1	2.2422e-05
cccaacg	0.34921	0.22222	0.17460	0.25397	1	2.1083e-05
cccaact	0.29630	0.16049	0.23457	0.30864	1	2.7107e-05
cccaaga	0.38261	0.09565	0.26087	0.26087	1	3.8486e-05
cccaagc	0.36000	0.18000	0.18000	0.28000	1	1.6733e-05
cccaagg	0.43103	0.22414	0.15517	0.18966	1	1.9410e-05
cccaagt	0.29851	0.14925	0.20896	0.34328	1	2.2422e-05
cccaata	0.34211	0.19079	0.12500	0.34211	1	5.0868e-05
cccaatc	0.35165	0.13187	0.16484	0.35165	1	3.0454e-05
cccaatg	0.35065	0.20779	0.15584	0.28571	1	2.5769e-05
cccaatt	0.17518	0.30657	0.16058	0.35766	1	4.5848e-05
cccacaa	0.36434	0.13953	0.15504	0.34109	1	4.3171e-05
cccacac	0.55085	0.18644	0.09322	0.16949	1	3.9490e-05
cccacag	0.31507	0.16438	0.15068	0.36986	1	2.4430e-05
cccacat	0.32743	0.19469	0.12389	0.35398	1	3.7816e-05
cccacca	0.36782	0.18391	0.19540	0.25287	1	2.9115e-05
cccaccc	0.40000	0.28571	0.14286	0.17143	1	2.3426e-05
cccaccg	0.18333	0.35000	0.20000	0.26667	1	2.0079e-05
cccacct	0.14062	0.31250	0.14062	0.40625	1	2.1418e-05
cccacga	0.34615	0.23077	0.21154	0.21154	1	1.7402e-05
cccacgc	0.32258	0.17742	0.17742	0.32258	1	2.0749e-05
cccacgg	0.57143	0.05714	0.11429	0.25714	1	1.1713e-05
cccacgt	0.21538	0.15385	0.26154	0.36923	1	2.1753e-05
cccacta	0.28261	0.15217	0.17391	0.39130	1	3.0789e-05
cccactc	0.30769	0.17949	0.12821	0.38462	1	2.6103e-05
cccactg	0.22727	0.15152	0.21212	0.40909	1	2.2087e-05
cccactt	0.19328	0.26050	0.15966	0.38655	1	3.9824e-05
cccagaa	0.37121	0.16667	0.28030	0.18182	1	4.4175e-05
cccagac	0.42308	0.26923	0.15385	0.15385	1	1.7402e-05
cccagag	0.38095	0.12698	0.26984	0.22222	1	2.1083e-05
cccagat	0.28049	0.24390	0.20732	0.26829	1	2.7442e-05
cccagca	0.31646	0.26582	0.20253	0.21519	1	2.6438e-05
cccagcc	0.26667	0.22222	0.20000	0.31111	1	1.5060e-05
cccagcg	0.13043	0.39130	0.21739	0.26087	1	1.5394e-05
cccagct	0.25806	0.25806	0.19355	0.29032	1	2.0749e-05
cccagga	0.40000	0.11111	0.15556	0.33333	1	1.5060e-05
cccaggc	0.28571	0.35714	0.26190	0.09524	1	1.4056e-05
cccaggg	0.34211	0.18421	0.18421	0.28947	1	1.2717e-05
cccaggt	0.15217	0.17391	0.26087	0.41304	1	1.5394e-05
cccagta	0.23684	0.23684	0.26316	0.26316	1	2.5434e-05
cccagtc	0.30000	0.22000	0.24000	0.24000	1	1.6733e-05
cccagtg	0.28333	0.11667	0.28333	0.31667	1	2.0079e-05
cccagtt	0.25510	0.18367	0.17347	0.38776	1	3.2796e-05
cccataa	0.39167	0.13333	0.13333	0.34167	1	4.0159e-05
cccatac	0.53425	0.20548	0.07534	0.18493	1	4.8860e-05
cccatag	0.39726	0.30137	0.12329	0.17808	1	2.4430e-05
cccatat	0.32031	0.21094	0.13281	0.33594	1	4.2836e-05
cccatca	0.24038	0.17308	0.19231	0.39423	1	3.4804e-05
cccatcc	0.26230	0.31148	0.22951	0.19672	1	2.0414e-05
cccatcg	0.29730	0.36486	0.06757	0.27027	1	2.4765e-05
cccatct	0.19266	0.24771	0.16514	0.39450	1	3.6478e-05
cccatga	0.28571	0.28571	0.20000	0.22857	1	2.3426e-05
cccatgc	0.48276	0.18966	0.18966	0.13793	1	1.9410e-05
cccatgg	0.17143	0.28571	0.28571	0.25714	1	1.1713e-05
cccatgt	0.36364	0.10909	0.18182	0.34545	1	1.8406e-05
cccatta	0.25000	0.17143	0.19286	0.38571	1	4.6852e-05
cccattc	0.35200	0.21600	0.17600	0.25600	1	4.1832e-05
cccattg	0.32673	0.19802	0.10891	0.36634	1	3.3800e-05
cccattt	0.15481	0.25523	0.12971	0.46025	1	7.9983e-05
ccccaaa	0.46875	0.15625	0.16667	0.20833	1	3.2127e-05
ccccaac	0.39394	0.22727	0.21212	0.16667	1	2.2087e-05
ccccaag	0.38095	0.11905	0.23810	0.26190	1	1.4056e-05
ccccaat	0.36250	0.17500	0.10000	0.36250	1	2.6773e-05
ccccaca	0.43956	0.23077	0.14286	0.18681	1	3.0454e-05
ccccacc	0.25974	0.31169	0.15584	0.27273	1	2.5769e-05
ccccacg	0.16667	0.34848	0.21212	0.27273	1	2.2087e-05
ccccact	0.33803	0.23944	0.11268	0.30986	1	2.3761e-05
ccccaga	0.49275	0.11594	0.18841	0.20290	1	2.3091e-05
ccccagc	0.30000	0.15000	0.25000	0.30000	1	1.3386e-05
ccccagg	0.25641	0.15385	0.25641	0.33333	1	1.3052e-05
ccccagt	0.20370	0.20370	0.25926	0.33333	1	1.8072e-05
ccccata	0.23958	0.22917	0.30208	0.22917	1	3.2127e-05
ccccatc	0.27273	0.18182	0.20000	0.34545	1	1.8406e-05
ccccatg	0.41176	0.23529	0.13725	0.21569	1	1.7068e-05
ccccatt	0.26829	0.14634	0.13821	0.44715	1	4.1163e-05
cccccaa	0.35000	0.25000	0.13333	0.26667	1	2.0079e-05
cccccac	0.26250	0.36250	0.17500	0.20000	1	2.6773e-05
cccccag	0.15625	0.37500	0.18750	0.28125	1	1.0709e-05
cccccat	0.23214	0.16071	0.25000	0.35714	1	1.8741e-05
cccccca	0.26667	0.46667	0.04444	0.22222	1	1.5060e-05
ccccccc	0.13253	0.49398	0.07229	0.30120	1	2.7777e-05
ccccccg	0.07407	0.44444	0.29630	0.18519	1	9.0358e-06
cccccct	0.18391	0.33333	0.13793	0.34483	1	2.9115e-05
cccccga	0.08333	0.16667	0.25000	0.50000	1	4.0159e-06
cccccgc	0.27500	0.30000	0.20000	0.22500	1	1.3386e-05
cccccgg	0.17241	0.24138	0.20690	0.37931	1	9.7051e-06
cccccgt	0.33333	0.18519	0.18519	0.29630	1	9.0358e-06
cccccta	0.35000	0.25000	0.10000	0.30000	1	2.0079e-05
ccccctc	0.29268	0.35366	0.07317	0.28049	1	2.7442e-05
ccccctg	0.15789	0.42105	0.26316	0.15789	1	1.2717e-05
ccccctt	0.17143	0.33333	0.12381	0.37143	1	3.5139e-05
ccccgaa	0.44928	0.11594	0.21739	0.21739	1	2.3091e-05
ccccgac	0.27778	0.22222	0.33333	0.16667	1	6.0238e-06
ccccgag	0.39286	0.21429	0.21429	0.17857	1	9.3704e-06
ccccgat	0.21053	0.15789	0.28947	0.34211	1	1.2717e-05
ccccgca	0.38636	0.11364	0.25000	0.25000	1	1.4725e-05
ccccgcc	0.27419	0.35484	0.24194	0.12903	1	2.0749e-05
ccccgcg	0.24074	0.24074	0.25926	0.25926	1	1.8072e-05
ccccgct	0.22000	0.28000	0.24000	0.26000	1	1.6733e-05
ccccgga	0.45000	0.02500	0.27500	0.25000	1	1.3386e-05
ccccggc	0.39474	0.21053	0.18421	0.21053	1	1.2717e-05
ccccggg	0.27778	0.16667	0.16667	0.38889	1	6.0238e-06
ccccggt	0.22581	0.16129	0.29032	0.32258	1	1.0374e-05
ccccgta	0.30303	0.15152	0.21212	0.33333	1	1.1044e-05
ccccgtc	0.14286	0.10714	0.17857	0.57143	1	9.3704e-06
ccccgtg	0.18182	0.09091	0.39394	0.33333	1	1.1044e-05
ccccgtt	0.25000	0.23333	0.23333	0.28333	1	2.0079e-05
cccctaa	0.37895	0.15789	0.18947	0.27368	1	3.1793e-05
cccctac	0.32258	0.22581	0.08065	0.37097	1	2.0749e-05
cccctag	0.39286	0.14286	0.07143	0.39286	1	9.3704e-06
cccctat	0.41489	0.21277	0.04255	0.32979	1	3.1458e-05
cccctca	0.31959	0.23711	0.14433	0.29897	1	3.2462e-05
cccctcc	0.17647	0.37255	0.08824	0.36275	1	3.4135e-05
cccctcg	0.42000	0.16000	0.24000	0.18000	1	1.6733e-05
cccctct	0.20870	0.29565	0.12174	0.37391	1	3.8486e-05
cccctga	0.44444	0.09259	0.22222	0.24074	1	1.8072e-05
cccctgc	0.26000	0.26000	0.32000	0.16000	1	1.6733e-05
cccctgg	0.34884	0.13953	0.20930	0.30233	1	1.4390e-05
cccctgt	0.24138	0.10345	0.24138	0.41379	1	1.9410e-05
cccctta	0.25000	0.17188	0.16406	0.41406	1	4.2836e-05
ccccttc	0.19863	0.28767	0.15753	0.35616	1	4.8860e-05
ccccttg	0.21795	0.32051	0.19231	0.26923	1	2.6103e-05
ccccttt	0.12992	0.28740	0.19291	0.38976	1	8.5003e-05
cccgaaa	0.38760	0.17054	0.26357	0.17829	1	4.3171e-05
cccgaac	0.53191	0.08511	0.14894	0.23404	1	1.5729e-05
cccgaag	0.35385	0.09231	0.32308	0.23077	1	2.1753e-05
cccgaat	0.27500	0.13750	0.25000	0.33750	1	2.6773e-05
cccgaca	0.29730	0.16216	0.08108	0.45946	1	1.2382e-05
cccgacc	0.30303	0.15152	0.21212	0.33333	1	1.1044e-05
cccgacg	0.27273	0.31818	0.31818	0.09091	1	7.3625e-06
cccgact	0.31250	0.21875	0.15625	0.31250	1	1.0709e-05
cccgaga	0.56098	0.19512	0.17073	0.07317	1	1.3721e-05
cccgagc	0.50000	0.06667	0.23333	0.20000	1	1.0040e-05
cccgagg	0.28571	0.14286	0.28571	0.28571	1	9.3704e-06
cccgagt	0.32143	0.17857	0.21429	0.28571	1	9.3704e-06
cccgata	0.30000	0.16000	0.24000	0.30000	1	1.6733e-05
cccgatc	0.20513	0.20513	0.17949	0.41026	1	1.3052e-05
cccgatg	0.40000	0.28889	0.08889	0.22222	1	1.5060e-05
cccgatt	0.25397	0.20635	0.15873	0.38095	1	2.1083e-05
cccgcaa	0.36145	0.20482	0.16867	0.26506	1	2.7777e-05
cccgcac	0.38889	0.07407	0.24074	0.29630	1	1.8072e-05
cccgcag	0.36170	0.21277	0.19149	0.23404	1	1.5729e-05
cccgcat	0.32468	0.12987	0.15584	0.38961	1	2.5769e-05
cccgcca	0.25000	0.32143	0.16071	0.26786	1	1.8741e-05
cccgccc	0.18841	0.36232	0.23188	0.21739	1	2.3091e-05
cccgccg	0.27083	0.33333	0.16667	0.22917	1	1.6064e-05
cccgcct	0.19048	0.28571	0.25397	0.26984	1	2.1083e-05
cccgcga	0.32609	0.17391	0.23913	0.26087	1	1.5394e-05
cccgcgc	0.34884	0.13953	0.27907	0.23256	1	1.4390e-05
cccgcgg	0.32609	0.17391	0.36957	0.13043	1	1.5394e-05
cccgcgt	0.11905	0.16667	0.23810	0.47619	1	1.4056e-05
cccgcta	0.37931	0.17241	0.18966	0.25862	1	1.9410e-05
cccgctc	0.22034	0.16949	0.30508	0.30508	1	1.9745e-05
cccgctg	0.25862	0.25862	0.25862	0.22414	1	1.9410e-05
cccgctt	0.18182	0.19318	0.17045	0.45455	1	2.9450e-05
cccggaa	0.44444	0.16667	0.16667	0.22222	1	3.0119e-05
cccggac	0.24444	0.24444	0.24444	0.26667	1	1.5060e-05
cccggag	0.33333	0.12281	0.21053	0.33333	1	1.9076e-05
cccggat	0.24000	0.20000	0.17333	0.38667	1	2.5099e-05
cccggca	0.30357	0.19643	0.12500	0.37500	1	1.8741e-05
cccggcc	0.40909	0.15152	0.24242	0.19697	1	2.2087e-05
cccggcg	0.20455	0.27273	0.22727	0.29545	1	1.4725e-05
cccggct	0.19672	0.13115	0.31148	0.36066	1	2.0414e-05
cccggga	0.40625	0.25000	0.15625	0.18750	1	1.0709e-05
cccgggc	0.34483	0.31034	0.17241	0.17241	1	9.7051e-06
cccgggg	0.09524	0.38095	0.19048	0.33333	1	7.0278e-06
cccgggt	0.51282	0.07692	0.28205	0.12821	1	1.3052e-05
cccggta	0.36585	0.17073	0.24390	0.21951	1	1.3721e-05
cccggtc	0.37838	0.18919	0.29730	0.13514	1	1.2382e-05
cccggtg	0.20000	0.33333	0.13333	0.33333	1	1.0040e-05
cccggtt	0.13115	0.19672	0.24590	0.42623	1	2.0414e-05
cccgtaa	0.31765	0.14118	0.09412	0.44706	1	2.8446e-05
cccgtac	0.48276	0.17241	0.15517	0.18966	1	1.9410e-05
cccgtag	0.34783	0.15217	0.28261	0.21739	1	1.5394e-05
cccgtat	0.32258	0.16129	0.09677	0.41935	1	2.0749e-05
cccgtca	0.38462	0.15385	0.15385	0.30769	1	1.3052e-05
cccgtcc	0.26415	0.13208	0.22642	0.37736	1	1.7737e-05
cccgtcg	0.14286	0.35714	0.26190	0.23810	1	1.4056e-05
cccgtct	0.19118	0.22059	0.17647	0.41176	1	2.2757e-05
cccgtga	0.40625	0.15625	0.09375	0.34375	1	1.0709e-05
cccgtgc	0.44737	0.21053	0.05263	0.28947	1	1.2717e-05
cccgtgg	0.28571	0.33333	0.19048	0.19048	1	1.4056e-05
cccgtgt	0.25000	0.13636	0.25000	0.36364	1	1.4725e-05
cccgtta	0.29167	0.16667	0.16667	0.37500	1	2.4095e-05
cccgttc	0.22667	0.26667	0.21333	0.29333	1	2.5099e-05
cccgttg	0.27083	0.33333	0.12500	0.27083	1	1.6064e-05
cccgttt	0.21739	0.22464	0.20290	0.35507	1	4.6183e-05
ccctaaa	0.30588	0.14118	0.19412	0.35882	1	5.6892e-05
ccctaac	0.31325	0.19277	0.14458	0.34940	1	2.7777e-05
ccctaag	0.50588	0.16471	0.17647	0.15294	1	2.8446e-05
ccctaat	0.31776	0.08411	0.16822	0.42991	1	3.5808e-05
ccctaca	0.25806	0.13978	0.17204	0.43011	1	3.1123e-05
ccctacc	0.25316	0.22785	0.13924	0.37975	1	2.6438e-05
ccctacg	0.30000	0.22500	0.17500	0.30000	1	1.3386e-05
ccctact	0.26263	0.19192	0.27273	0.27273	1	3.3131e-05
ccctaga	0.46667	0.08333	0.20000	0.25000	1	2.0079e-05
ccctagc	0.19298	0.08772	0.17544	0.54386	1	1.9076e-05
ccctagg	0.32432	0.18919	0.18919	0.29730	1	1.2382e-05
ccctagt	0.26866	0.17910	0.14925	0.40299	1	2.2422e-05
ccctata	0.35772	0.15447	0.11382	0.37398	1	4.1163e-05
ccctatc	0.28571	0.25275	0.12088	0.34066	1	3.0454e-05
ccctatg	0.28333	0.23333	0.13333	0.35000	1	2.0079e-05
ccctatt	0.20833	0.18229	0.22396	0.38542	1	6.4254e-05
ccctcaa	0.35433	0.16535	0.18898	0.29134	1	4.2502e-05
ccctcac	0.34409	0.25806	0.16129	0.23656	1	3.1123e-05
ccctcag	0.25000	0.21429	0.28571	0.25000	1	1.8741e-05
ccctcat	0.32800	0.22400	0.10400	0.34400	1	4.1832e-05
ccctcca	0.26829	0.21951	0.14634	0.36585	1	2.7442e-05
ccctccc	0.16000	0.36000	0.13000	0.35000	1	3.3466e-05
ccctccg	0.21429	0.32143	0.14286	0.32143	1	1.8741e-05
ccctcct	0.20536	0.22321	0.10714	0.46429	1	3.7482e-05
ccctcga	0.35211	0.04225	0.40845	0.19718	1	2.3761e-05
ccctcgc	0.19512	0.36585	0.19512	0.24390	1	1.3721e-05
ccctcgg	0.25641	0.30769	0.15385	0.28205	1	1.3052e-05
ccctcgt	0.14815	0.25926	0.14815	0.44444	1	1.8072e-05
ccctcta	0.19780	0.26374	0.16484	0.37363	1	3.0454e-05
ccctctc	0.22881	0.33051	0.13559	0.30508	1	3.9490e-05
ccctctg	0.24000	0.22667	0.21333	0.32000	1	2.5099e-05
ccctctt	0.14798	0.24664	0.20628	0.39910	1	7.4629e-05
ccctgaa	0.36923	0.19231	0.20769	0.23077	1	4.3506e-05
ccctgac	0.50000	0.02381	0.21429	0.26190	1	1.4056e-05
ccctgag	0.37705	0.18033	0.19672	0.24590	1	2.0414e-05
ccctgat	0.35135	0.16216	0.18919	0.29730	1	2.4765e-05
ccctgca	0.29333	0.14667	0.25333	0.30667	1	2.5099e-05
ccctgcc	0.21053	0.24561	0.19298	0.35088	1	1.9076e-05
ccctgcg	0.25397	0.31746	0.19048	0.23810	1	2.1083e-05
ccctgct	0.22368	0.21053	0.15789	0.40789	1	2.5434e-05
ccctgga	0.38235	0.08824	0.19118	0.33824	1	2.2757e-05
ccctggc	0.44737	0.21053	0.15789	0.18421	1	1.2717e-05
ccctggg	0.34884	0.18605	0.18605	0.27907	1	1.4390e-05
ccctggt	0.25000	0.15385	0.17308	0.42308	1	1.7402e-05
ccctgta	0.32584	0.11236	0.13483	0.42697	1	2.9785e-05
ccctgtc	0.34615	0.15385	0.25000	0.25000	1	1.7402e-05
ccctgtg	0.22667	0.33333	0.16000	0.28000	1	2.5099e-05
ccctgtt	0.23188	0.15942	0.16667	0.44203	1	4.6183e-05
cccttaa	0.40984	0.14208	0.16393	0.28415	1	6.1242e-05
cccttac	0.29907	0.25234	0.15888	0.28972	1	3.5808e-05
cccttag	0.23457	0.28395	0.23457	0.24691	1	2.7107e-05
cccttat	0.25980	0.21078	0.14706	0.38235	1	6.8270e-05
cccttca	0.34810	0.13924	0.18987	0.32278	1	5.2876e-05
cccttcc	0.26582	0.34177	0.11392	0.27848	1	5.2876e-05
cccttcg	0.28736	0.20690	0.17241	0.33333	1	2.9115e-05
cccttct	0.19492	0.24576	0.21186	0.34746	1	7.8979e-05
cccttga	0.51327	0.12389	0.15044	0.21239	1	3.7816e-05
cccttgc	0.30841	0.22430	0.16822	0.29907	1	3.5808e-05
cccttgg	0.35211	0.18310	0.15493	0.30986	1	2.3761e-05
cccttgt	0.18939	0.21970	0.16667	0.42424	1	4.4175e-05
cccttta	0.35391	0.16461	0.13169	0.34979	1	8.1322e-05
ccctttc	0.22794	0.28676	0.11765	0.36765	1	9.1027e-05
ccctttg	0.25698	0.26816	0.17318	0.30168	1	5.9904e-05
ccctttt	0.24785	0.19771	0.11605	0.43840	1	2.3359e-04
ccgaaaa	0.38571	0.14286	0.20000	0.27143	1	9.3704e-05
ccgaaac	0.39604	0.15842	0.16832	0.27723	1	3.3800e-05
ccgaaag	0.29851	0.14925	0.32836	0.22388	1	4.4844e-05
ccgaaat	0.25899	0.20863	0.19424	0.33813	1	4.6517e-05
ccgaaca	0.39394	0.17172	0.12121	0.31313	1	3.3131e-05
ccgaacc	0.34043	0.14894	0.17021	0.34043	1	1.5729e-05
ccgaacg	0.44444	0.15556	0.17778	0.22222	1	1.5060e-05
ccgaact	0.18868	0.22642	0.18868	0.39623	1	1.7737e-05
ccgaaga	0.48855	0.12977	0.16794	0.21374	1	4.3840e-05
ccgaagc	0.21818	0.23636	0.27273	0.27273	1	1.8406e-05
ccgaagg	0.40541	0.14865	0.24324	0.20270	1	2.4765e-05
ccgaagt	0.25000	0.19318	0.19318	0.36364	1	2.9450e-05
ccgaata	0.38095	0.12381	0.17143	0.32381	1	3.5139e-05
ccgaatc	0.35000	0.13333	0.21667	0.30000	1	2.0079e-05
ccgaatg	0.38462	0.19231	0.20513	0.21795	1	2.6103e-05
ccgaatt	0.23853	0.21101	0.20183	0.34862	1	3.6478e-05
ccgacaa	0.30667	0.20000	0.16000	0.33333	1	2.5099e-05
ccgacac	0.37500	0.25000	0.07500	0.30000	1	1.3386e-05
ccgacag	0.39535	0.11628	0.18605	0.30233	1	1.4390e-05
ccgacat	0.23438	0.18750	0.25000	0.32812	1	2.1418e-05
ccgacca	0.38462	0.28205	0.12821	0.20513	1	1.3052e-05
ccgaccc	0.36364	0.22727	0.13636	0.27273	1	7.3625e-06
ccgaccg	0.25000	0.29167	0.12500	0.33333	1	8.0318e-06
ccgacct	0.21875	0.31250	0.06250	0.40625	1	1.0709e-05
ccgacga	0.32258	0.22581	0.19355	0.25806	1	1.0374e-05
ccgacgc	0.25714	0.28571	0.17143	0.28571	1	1.1713e-05
ccgacgg	0.47368	0.21053	0.15789	0.15789	1	1.2717e-05
ccgacgt	0.31429	0.25714	0.37143	0.05714	1	1.1713e-05
ccgacta	0.21918	0.42466	0.10959	0.24658	1	2.4430e-05
ccgactc	0.29412	0.14706	0.14706	0.41176	1	1.1378e-05
ccgactg	0.41026	0.25641	0.15385	0.17949	1	1.3052e-05
ccgactt	0.22000	0.14000	0.30000	0.34000	1	1.6733e-05
ccgagaa	0.46491	0.09649	0.15789	0.28070	1	3.8151e-05
ccgagac	0.38462	0.09615	0.23077	0.28846	1	1.7402e-05
ccgagag	0.22000	0.24000	0.26000	0.28000	1	1.6733e-05
ccgagat	0.31915	0.14894	0.18085	0.35106	1	3.1458e-05
ccgagca	0.30189	0.15094	0.22642	0.32075	1	1.7737e-05
ccgagcc	0.28571	0.21429	0.07143	0.42857	1	9.3704e-06
ccgagcg	0.30556	0.22222	0.25000	0.22222	1	1.2048e-05
ccgagct	0.23077	0.15385	0.13462	0.48077	1	1.7402e-05
ccgagga	0.36170	0.08511	0.34043	0.21277	1	1.5729e-05
ccgaggc	0.45833	0.25000	0.25000	0.04167	1	8.0318e-06
ccgaggg	0.15152	0.33333	0.30303	0.21212	1	1.1044e-05
ccgaggt	0.29167	0.22917	0.06250	0.41667	1	1.6064e-05
ccgagta	0.30612	0.10204	0.32653	0.26531	1	1.6398e-05
ccgagtc	0.40741	0.22222	0.14815	0.22222	1	9.0358e-06
ccgagtg	0.26829	0.09756	0.31707	0.31707	1	1.3721e-05
ccgagtt	0.16667	0.31481	0.14815	0.37037	1	1.8072e-05
ccgataa	0.34513	0.22124	0.14159	0.29204	1	3.7816e-05
ccgatac	0.32727	0.12727	0.14545	0.40000	1	1.8406e-05
ccgatag	0.17544	0.22807	0.29825	0.29825	1	1.9076e-05
ccgatat	0.22430	0.21495	0.22430	0.33645	1	3.5808e-05
ccgatca	0.43182	0.15909	0.13636	0.27273	1	1.4725e-05
ccgatcc	0.23077	0.25641	0.12821	0.38462	1	1.3052e-05
ccgatcg	0.21429	0.28571	0.21429	0.28571	1	9.3704e-06
ccgatct	0.26667	0.26667	0.06667	0.40000	1	2.5099e-05
ccgatga	0.22105	0.16842	0.34737	0.26316	1	3.1793e-05
ccgatgc	0.17647	0.25000	0.13235	0.44118	1	2.2757e-05
ccgatgg	0.27907	0.30233	0.20930	0.20930	1	1.4390e-05
ccgatgt	0.25000	0.08333	0.28333	0.38333	1	2.0079e-05
ccgatta	0.27679	0.16964	0.23214	0.32143	1	3.7482e-05
ccgattc	0.15942	0.31884	0.15942	0.36232	1	2.3091e-05
ccgattg	0.23729	0.30508	0.28814	0.16949	1	1.9745e-05
ccgattt	0.22449	0.20408	0.18367	0.38776	1	4.9195e-05
ccgcaaa	0.47244	0.11024	0.17323	0.24409	1	4.2502e-05
ccgcaac	0.35294	0.11765	0.22059	0.30882	1	2.2757e-05
ccgcaag	0.23611	0.23611	0.27778	0.25000	1	2.4095e-05
ccgcaat	0.30108	0.17204	0.18280	0.34409	1	3.1123e-05
ccgcaca	0.29630	0.24074	0.15741	0.30556	1	3.6143e-05
ccgcacc	0.18571	0.22857	0.22857	0.35714	1	2.3426e-05
ccgcacg	0.23729	0.18644	0.18644	0.38983	1	1.9745e-05
ccgcact	0.30000	0.25000	0.18750	0.26250	1	2.6773e-05
ccgcaga	0.36986	0.15068	0.27397	0.20548	1	2.4430e-05
ccgcagc	0.24138	0.24138	0.24138	0.27586	1	1.9410e-05
ccgcagg	0.44186	0.30233	0.13953	0.11628	1	1.4390e-05
ccgcagt	0.31884	0.14493	0.18841	0.34783	1	2.3091e-05
ccgcata	0.30081	0.17073	0.11382	0.41463	1	4.1163e-05
ccgcatc	0.39062	0.15625	0.17188	0.28125	1	2.1418e-05
ccgcatg	0.30909	0.20000	0.12727	0.36364	1	1.8406e-05
ccgcatt	0.24800	0.15200	0.20800	0.39200	1	4.1832e-05
ccgccaa	0.32143	0.19048	0.21429	0.27381	1	2.8111e-05
ccgccac	0.30769	0.20000	0.16923	0.32308	1	2.1753e-05
ccgccag	0.37736	0.18868	0.18868	0.24528	1	1.7737e-05
ccgccat	0.25301	0.20482	0.15663	0.38554	1	2.7777e-05
ccgccca	0.31183	0.18280	0.24731	0.25806	1	3.1123e-05
ccgcccc	0.17647	0.27941	0.17647	0.36765	1	2.2757e-05
ccgcccg	0.18000	0.30000	0.30000	0.22000	1	1.6733e-05
ccgccct	0.29508	0.14754	0.21311	0.34426	1	2.0414e-05
ccgccga	0.43299	0.14433	0.25773	0.16495	1	3.2462e-05
ccgccgc	0.33333	0.13333	0.28889	0.24444	1	1.5060e-05
ccgccgg	0.36170	0.25532	0.21277	0.17021	1	1.5729e-05
ccgccgt	0.18367	0.20408	0.26531	0.34694	1	1.6398e-05
ccgccta	0.27869	0.16393	0.22951	0.32787	1	2.0414e-05
ccgcctc	0.22785	0.26582	0.17722	0.32911	1	2.6438e-05
ccgcctg	0.13725	0.27451	0.31373	0.27451	1	1.7068e-05
ccgcctt	0.21176	0.28235	0.17647	0.32941	1	2.8446e-05
ccgcgaa	0.51429	0.08571	0.12857	0.27143	1	2.3426e-05
ccgcgac	0.36364	0.27273	0.13636	0.22727	1	7.3625e-06
ccgcgag	0.26316	0.18421	0.26316	0.28947	1	1.2717e-05
ccgcgat	0.40426	0.14894	0.21277	0.23404	1	1.5729e-05
ccgcgca	0.30508	0.25424	0.22034	0.22034	1	1.9745e-05
ccgcgcc	0.23077	0.26923	0.28846	0.21154	1	1.7402e-05
ccgcgcg	0.12500	0.27083	0.41667	0.18750	1	1.6064e-05
ccgcgct	0.12308	0.21538	0.26154	0.40000	1	2.1753e-05
ccgcgga	0.39773	0.12500	0.23864	0.23864	1	2.9450e-05
ccgcggc	0.28571	0.19643	0.25000	0.26786	1	1.8741e-05
ccgcggg	0.16000	0.18000	0.46000	0.20000	1	1.6733e-05
ccgcggt	0.19444	0.16667	0.22222	0.41667	1	1.2048e-05
ccgcgta	0.41176	0.15686	0.19608	0.23529	1	1.7068e-05
ccgcgtc	0.32143	0.28571	0.17857	0.21429	1	9.3704e-06
ccgcgtg	0.26471	0.23529	0.23529	0.26471	1	1.1378e-05
ccgcgtt	0.10938	0.20312	0.18750	0.50000	1	2.1418e-05
ccgctaa	0.40816	0.21429	0.14286	0.23469	1	3.2796e-05
ccgctac	0.17808	0.24658	0.20548	0.36986	1	2.4430e-05
ccgctag	0.40000	0.22222	0.15556	0.22222	1	1.5060e-05
ccgctat	0.25225	0.19820	0.17117	0.37838	1	3.7147e-05
ccgctca	0.27397	0.20548	0.15068	0.36986	1	2.4430e-05
ccgctcc	0.29545	0.27273	0.15909	0.27273	1	1.4725e-05
ccgctcg	0.24590	0.36066	0.13115	0.26230	1	2.0414e-05
ccgctct	0.15663	0.28916	0.20482	0.34940	1	2.7777e-05
ccgctga	0.35443	0.12658	0.30380	0.21519	1	2.6438e-05
ccgctgc	0.27941	0.13235	0.23529	0.35294	1	2.2757e-05
ccgctgg	0.23438	0.21875	0.25000	0.29688	1	2.1418e-05
ccgctgt	0.26250	0.15000	0.12500	0.46250	1	2.6773e-05
ccgctta	0.32584	0.21348	0.11236	0.34831	1	2.9785e-05
ccgcttc	0.29000	0.18000	0.21000	0.32000	1	3.3466e-05
ccgcttg	0.35714	0.17143	0.12857	0.34286	1	2.3426e-05
ccgcttt	0.19767	0.20930	0.16860	0.42442	1	5.7561e-05
ccggaaa	0.41935	0.15591	0.11828	0.30645	1	6.2246e-05
ccggaac	0.25373	0.40299	0.11940	0.22388	1	2.2422e-05
ccggaag	0.37838	0.22973	0.24324	0.14865	1	2.4765e-05
ccggaat	0.27273	0.22078	0.23377	0.27273	1	2.5769e-05
ccggaca	0.31707	0.12195	0.24390	0.31707	1	1.3721e-05
ccggacc	0.19231	0.34615	0.17308	0.28846	1	1.7402e-05
ccggacg	0.25806	0.16129	0.35484	0.22581	1	1.0374e-05
ccggact	0.32558	0.16279	0.23256	0.27907	1	1.4390e-05
ccggaga	0.37313	0.07463	0.28358	0.26866	1	2.2422e-05
ccggagc	0.42857	0.20000	0.14286	0.22857	1	1.1713e-05
ccggagg	0.34783	0.21739	0.19565	0.23913	1	1.5394e-05
ccggagt	0.15278	0.05556	0.45833	0.33333	1	2.4095e-05
ccggata	0.30303	0.12121	0.13636	0.43939	1	2.2087e-05
ccggatc	0.31707	0.19512	0.09756	0.39024	1	1.3721e-05
ccggatg	0.29268	0.19512	0.19512	0.31707	1	1.3721e-05
ccggatt	0.20779	0.12987	0.33766	0.32468	1	2.5769e-05
ccggcaa	0.30986	0.21127	0.19718	0.28169	1	2.3761e-05
ccggcac	0.20513	0.33333	0.25641	0.20513	1	1.3052e-05
ccggcag	0.27907	0.25581	0.18605	0.27907	1	1.4390e-05
ccggcat	0.23438	0.17188	0.23438	0.35938	1	2.1418e-05
ccggcca	0.22222	0.35185	0.20370	0.22222	1	1.8072e-05
ccggccc	0.27660	0.23404	0.34043	0.14894	1	1.5729e-05
ccggccg	0.29167	0.29167	0.22917	0.18750	1	1.6064e-05
ccggcct	0.18367	0.30612	0.24490	0.26531	1	1.6398e-05
ccggcga	0.41935	0.06452	0.32258	0.19355	1	1.0374e-05
ccggcgc	0.28947	0.15789	0.31579	0.23684	1	1.2717e-05
ccggcgg	0.29787	0.31915	0.12766	0.25532	1	1.5729e-05
ccggcgt	0.29268	0.17073	0.24390	0.29268	1	1.3721e-05
ccggcta	0.30000	0.10000	0.35000	0.25000	1	1.3386e-05
ccggctc	0.31111	0.26667	0.24444	0.17778	1	1.5060e-05
ccggctg	0.31579	0.21053	0.19298	0.28070	1	1.9076e-05
ccggctt	0.21127	0.25352	0.15493	0.38028	1	2.3761e-05
ccgggaa	0.45714	0.12857	0.11429	0.30000	1	2.3426e-05
ccgggac	0.42857	0.19048	0.23810	0.14286	1	7.0278e-06
ccgggag	0.40000	0.32000	0.16000	0.12000	1	8.3665e-06
ccgggat	0.21622	0.08108	0.24324	0.45946	1	1.2382e-05
ccgggca	0.29412	0.11765	0.23529	0.35294	1	1.7068e-05
ccgggcc	0.21951	0.26829	0.26829	0.24390	1	1.3721e-05
ccgggcg	0.30435	0.17391	0.34783	0.17391	1	7.6971e-06
ccgggct	0.24000	0.16000	0.28000	0.32000	1	8.3665e-06
ccgggga	0.52778	0.16667	0.16667	0.13889	1	1.2048e-05
ccggggc	0.26829	0.39024	0.14634	0.19512	1	1.3721e-05
ccggggg	0.18519	0.37037	0.18519	0.25926	1	9.0358e-06
ccggggt	0.33333	0.12821	0.23077	0.30769	1	1.3052e-05
ccgggta	0.71053	0.06316	0.12632	0.10000	1	6.3585e-05
ccgggtc	0.53571	0.10714	0.21429	0.14286	1	9.3704e-06
ccgggtg	0.61404	0.12281	0.15789	0.10526	1	1.9076e-05
ccgggtt	0.50685	0.12329	0.05479	0.31507	1	2.4430e-05
ccggtaa	0.44872	0.14103	0.17949	0.23077	1	2.6103e-05
ccggtac	0.24324	0.35135	0.24324	0.16216	1	1.2382e-05
ccggtag	0.25490	0.15686	0.09804	0.49020	1	1.7068e-05
ccggtat	0.30000	0.05714	0.07143	0.57143	1	2.3426e-05
ccggtca	0.29545	0.36364	0.09091	0.25000	1	1.4725e-05
ccggtcc	0.21212	0.21212	0.27273	0.30303	1	1.1044e-05
ccggtcg	0.26471	0.29412	0.17647	0.26471	1	1.1378e-05
ccggtct	0.26829	0.21951	0.19512	0.31707	1	1.3721e-05
ccggtga	0.39474	0.15789	0.26316	0.18421	1	1.2717e-05
ccggtgc	0.30556	0.11111	0.16667	0.41667	1	1.2048e-05
ccggtgg	0.25000	0.30000	0.22500	0.22500	1	1.3386e-05
ccggtgt	0.31915	0.12766	0.21277	0.34043	1	1.5729e-05
ccggtta	0.40909	0.18182	0.04545	0.36364	1	1.4725e-05
ccggttc	0.17073	0.29268	0.17073	0.36585	1	1.3721e-05
ccggttg	0.21429	0.28571	0.23810	0.26190	1	1.4056e-05
ccggttt	0.15455	0.19091	0.09091	0.56364	1	3.6812e-05
ccgtaaa	0.30070	0.16783	0.27972	0.25175	1	4.7856e-05
ccgtaac	0.34146	0.19512	0.20732	0.25610	1	2.7442e-05
ccgtaag	0.28125	0.25000	0.23438	0.23438	1	2.1418e-05
ccgtaat	0.43750	0.13281	0.11719	0.31250	1	4.2836e-05
ccgtaca	0.22143	0.29286	0.10000	0.38571	1	4.6852e-05
ccgtacc	0.40580	0.11594	0.15942	0.31884	1	2.3091e-05
ccgtacg	0.36000	0.10000	0.26000	0.28000	1	1.6733e-05
ccgtact	0.20238	0.20238	0.15476	0.44048	1	2.8111e-05
ccgtaga	0.42683	0.08537	0.23171	0.25610	1	2.7442e-05
ccgtagc	0.38182	0.14545	0.21818	0.25455	1	1.8406e-05
ccgtagg	0.33333	0.15686	0.29412	0.21569	1	1.7068e-05
ccgtagt	0.27586	0.18966	0.18966	0.34483	1	1.9410e-05
ccgtata	0.16425	0.12560	0.07729	0.63285	1	6.9274e-05
ccgtatc	0.32787	0.18033	0.19672	0.29508	1	2.0414e-05
ccgtatg	0.22034	0.18644	0.20339	0.38983	1	1.9745e-05
ccgtatt	0.28261	0.20290	0.15942	0.35507	1	4.6183e-05
ccgtcaa	0.32000	0.13333	0.21333	0.33333	1	2.5099e-05
ccgtcac	0.41860	0.16279	0.18605	0.23256	1	1.4390e-05
ccgtcag	0.34884	0.23256	0.11628	0.30233	1	1.4390e-05
ccgtcat	0.28090	0.20225	0.08989	0.42697	1	2.9785e-05
ccgtcca	0.24528	0.28302	0.22642	0.24528	1	1.7737e-05
ccgtccc	0.44737	0.26316	0.02632	0.26316	1	1.2717e-05
ccgtccg	0.20455	0.29545	0.31818	0.18182	1	1.4725e-05
ccgtcct	0.22951	0.18033	0.13115	0.45902	1	2.0414e-05
ccgtcga	0.45714	0.08571	0.11429	0.34286	1	1.1713e-05
ccgtcgc	0.25581	0.20930	0.11628	0.41860	1	1.4390e-05
ccgtcgg	0.19565	0.32609	0.19565	0.28261	1	1.5394e-05
ccgtcgt	0.07143	0.21429	0.19048	0.52381	1	1.4056e-05
ccgtcta	0.23944	0.15493	0.26761	0.33803	1	2.3761e-05
ccgtctc	0.17857	0.16071	0.21429	0.44643	1	1.8741e-05
ccgtctg	0.20000	0.29231	0.18462	0.32308	1	2.1753e-05
ccgtctt	0.25000	0.20536	0.11607	0.42857	1	3.7482e-05
ccgtgaa	0.36082	0.11340	0.21649	0.30928	1	3.2462e-05
ccgtgac	0.23529	0.17647	0.20588	0.38235	1	1.1378e-05
ccgtgag	0.28205	0.25641	0.23077	0.23077	1	1.3052e-05
ccgtgat	0.27397	0.16438	0.28767	0.27397	1	2.4430e-05
ccgtgca	0.23158	0.28421	0.14737	0.33684	1	3.1793e-05
ccgtgcc	0.24490	0.18367	0.18367	0.38776	1	1.6398e-05
ccgtgcg	0.31818	0.18182	0.34091	0.15909	1	1.4725e-05
ccgtgct	0.25862	0.15517	0.22414	0.36207	1	1.9410e-05
ccgtgga	0.55294	0.10588	0.16471	0.17647	1	2.8446e-05
ccgtggc	0.20455	0.22727	0.20455	0.36364	1	1.4725e-05
ccgtggg	0.28125	0.18750	0.28125	0.25000	1	1.0709e-05
ccgtggt	0.27273	0.18182	0.27273	0.27273	1	1.4725e-05
ccgtgta	0.37705	0.13115	0.19672	0.29508	1	2.0414e-05
ccgtgtc	0.17949	0.25641	0.23077	0.33333	1	1.3052e-05
ccgtgtg	0.21818	0.21818	0.25455	0.30909	1	1.8406e-05
ccgtgtt	0.20513	0.15385	0.19231	0.44872	1	2.6103e-05
ccgttaa	0.42500	0.15000	0.18333	0.24167	1	4.0159e-05
ccgttac	0.20879	0.37363	0.09890	0.31868	1	3.0454e-05
ccgttag	0.27941	0.26471	0.14706	0.30882	1	2.2757e-05
ccgttat	0.26623	0.16883	0.18182	0.38312	1	5.1537e-05
ccgttca	0.30588	0.18824	0.23529	0.27059	1	2.8446e-05
ccgttcc	0.22772	0.20792	0.20792	0.35644	1	3.3800e-05
ccgttcg	0.32692	0.25000	0.13462	0.28846	1	1.7402e-05
ccgttct	0.14050	0.28099	0.17355	0.40496	1	4.0494e-05
ccgttga	0.32941	0.14118	0.14118	0.38824	1	2.8446e-05
ccgttgc	0.24419	0.22093	0.22093	0.31395	1	2.8781e-05
ccgttgg	0.42105	0.18421	0.26316	0.13158	1	1.2717e-05
ccgttgt	0.25000	0.17708	0.14583	0.42708	1	3.2127e-05
ccgttta	0.19481	0.22727	0.25974	0.31818	1	5.1537e-05
ccgtttc	0.19209	0.23729	0.12994	0.44068	1	5.9234e-05
ccgtttg	0.25833	0.19167	0.23333	0.31667	1	4.0159e-05
ccgtttt	0.29794	0.20059	0.18289	0.31858	1	1.1345e-04
cctaaaa	0.41695	0.17966	0.18983	0.21356	1	9.8724e-05
cctaaac	0.25309	0.12963	0.36420	0.25309	1	5.4215e-05
cctaaag	0.34058	0.22464	0.19565	0.23913	1	4.6183e-05
cctaaat	0.30662	0.34495	0.13589	0.21254	1	9.6047e-05
cctaaca	0.36207	0.09483	0.24138	0.30172	1	3.8820e-05
cctaacc	0.31481	0.20370	0.09259	0.38889	1	1.8072e-05
cctaacg	0.27778	0.18519	0.12963	0.40741	1	1.8072e-05
cctaact	0.25954	0.19084	0.16794	0.38168	1	4.3840e-05
cctaaga	0.46610	0.26271	0.13559	0.13559	1	3.9490e-05
cctaagc	0.34921	0.25397	0.12698	0.26984	1	2.1083e-05
cctaagg	0.26562	0.18750	0.35938	0.18750	1	2.1418e-05
cctaagt	0.28070	0.15789	0.17544	0.38596	1	1.9076e-05
cctaata	0.20630	0.08023	0.07450	0.63897	1	1.1680e-04
cctaatc	0.36782	0.09195	0.13793	0.40230	1	2.9115e-05
cctaatg	0.31193	0.22018	0.17431	0.29358	1	3.6478e-05
cctaatt	0.25439	0.12719	0.20614	0.41228	1	7.6302e-05
cctacaa	0.28302	0.23270	0.20755	0.27673	1	5.3211e-05
cctacac	0.35789	0.21053	0.10526	0.32632	1	3.1793e-05
cctacag	0.37838	0.20270	0.12162	0.29730	1	2.4765e-05
cctacat	0.40116	0.12791	0.16279	0.30814	1	5.7561e-05
cctacca	0.25532	0.21277	0.10638	0.42553	1	3.1458e-05
cctaccc	0.15517	0.27586	0.17241	0.39655	1	1.9410e-05
cctaccg	0.25490	0.23529	0.19608	0.31373	1	1.7068e-05
cctacct	0.31522	0.11957	0.20652	0.35870	1	3.0789e-05
cctacga	0.30357	0.19643	0.28571	0.21429	1	1.8741e-05
cctacgc	0.20000	0.18182	0.18182	0.43636	1	1.8406e-05
cctacgg	0.30000	0.22500	0.22500	0.25000	1	1.3386e-05
cctacgt	0.42623	0.08197	0.14754	0.34426	1	2.0414e-05
cctacta	0.27737	0.18978	0.11679	0.41606	1	4.5848e-05
cctactc	0.27957	0.22581	0.15054	0.34409	1	3.1123e-05
cctactg	0.28125	0.32292	0.14583	0.25000	1	3.2127e-05
cctactt	0.21951	0.16463	0.24390	0.37195	1	5.4884e-05
cctagaa	0.40152	0.16667	0.18939	0.24242	1	4.4175e-05
cctagac	0.29167	0.31250	0.10417	0.29167	1	1.6064e-05
cctagag	0.32787	0.22951	0.19672	0.24590	1	2.0414e-05
cctagat	0.26582	0.27848	0.18987	0.26582	1	2.6438e-05
cctagca	0.44444	0.13889	0.19444	0.22222	1	2.4095e-05
cctagcc	0.20833	0.31250	0.10417	0.37500	1	1.6064e-05
cctagcg	0.28889	0.24444	0.13333	0.33333	1	1.5060e-05
cctagct	0.25532	0.14894	0.30851	0.28723	1	3.1458e-05
cctagga	0.30769	0.17308	0.17308	0.34615	1	1.7402e-05
cctaggc	0.26087	0.19565	0.32609	0.21739	1	1.5394e-05
cctaggg	0.27907	0.18605	0.11628	0.41860	1	1.4390e-05
cctaggt	0.18750	0.39583	0.16667	0.25000	1	1.6064e-05
cctagta	0.34940	0.10843	0.19277	0.34940	1	2.7777e-05
cctagtc	0.30000	0.22000	0.14000	0.34000	1	1.6733e-05
cctagtg	0.26415	0.30189	0.16981	0.26415	1	1.7737e-05
cctagtt	0.21429	0.18367	0.17347	0.42857	1	3.2796e-05
cctataa	0.34857	0.18857	0.12000	0.34286	1	5.8565e-05
cctatac	0.37864	0.16505	0.19417	0.26214	1	3.4470e-05
cctatag	0.34118	0.20000	0.16471	0.29412	1	2.8446e-05
cctatat	0.35311	0.32768	0.09040	0.22881	1	1.1847e-04
cctatca	0.36508	0.21429	0.16667	0.25397	1	4.2167e-05
cctatcc	0.18519	0.16049	0.18519	0.46914	1	2.7107e-05
cctatcg	0.14493	0.17391	0.18841	0.49275	1	2.3091e-05
cctatct	0.15108	0.18705	0.21583	0.44604	1	4.6517e-05
cctatga	0.48913	0.15217	0.08696	0.27174	1	3.0789e-05
cctatgc	0.25806	0.22581	0.12903	0.38710	1	2.0749e-05
cctatgg	0.36364	0.24242	0.15152	0.24242	1	2.2087e-05
cctatgt	0.36145	0.20482	0.15663	0.27711	1	2.7777e-05
cctatta	0.17978	0.40824	0.12360	0.28839	1	8.9354e-05
cctattc	0.25316	0.22152	0.14557	0.37975	1	5.2876e-05
cctattg	0.22705	0.25121	0.12560	0.39614	1	6.9274e-05
cctattt	0.22414	0.22414	0.15805	0.39368	1	1.1646e-04
cctcaaa	0.52778	0.12302	0.15476	0.19444	1	8.4334e-05
cctcaac	0.39344	0.15574	0.09836	0.35246	1	4.0828e-05
cctcaag	0.44800	0.15200	0.22400	0.17600	1	4.1832e-05
cctcaat	0.28000	0.15429	0.25143	0.31429	1	5.8565e-05
cctcaca	0.31683	0.23762	0.17822	0.26733	1	3.3800e-05
cctcacc	0.24719	0.20225	0.16854	0.38202	1	2.9785e-05
cctcacg	0.34375	0.28125	0.14062	0.23438	1	2.1418e-05
cctcact	0.23000	0.16000	0.13000	0.48000	1	3.3466e-05
cctcaga	0.38158	0.10526	0.25000	0.26316	1	2.5434e-05
cctcagc	0.26230	0.19672	0.22951	0.31148	1	2.0414e-05
cctcagg	0.27586	0.17241	0.24138	0.31034	1	1.9410e-05
cctcagt	0.33981	0.16505	0.18447	0.31068	1	3.4470e-05
cctcata	0.30137	0.19863	0.08904	0.41096	1	4.8860e-05
cctcatc	0.29630	0.12698	0.25926	0.31746	1	6.3250e-05
cctcatg	0.33333	0.26667	0.14444	0.25556	1	3.0119e-05
cctcatt	0.21097	0.34599	0.14346	0.29958	1	7.9314e-05
cctccaa	0.36975	0.20168	0.16807	0.26050	1	3.9824e-05
cctccac	0.33735	0.16867	0.18072	0.31325	1	2.7777e-05
cctccag	0.30645	0.25806	0.16129	0.27419	1	2.0749e-05
cctccat	0.31532	0.19820	0.17117	0.31532	1	3.7147e-05
cctccca	0.21918	0.30137	0.16438	0.31507	1	2.4430e-05
cctcccc	0.21296	0.27778	0.07407	0.43519	1	3.6143e-05
cctcccg	0.33333	0.22222	0.05556	0.38889	1	1.2048e-05
cctccct	0.20000	0.30000	0.07778	0.42222	1	3.0119e-05
cctccga	0.48214	0.14286	0.08929	0.28571	1	1.8741e-05
cctccgc	0.28571	0.17857	0.19643	0.33929	1	1.8741e-05
cctccgg	0.27778	0.25000	0.30556	0.16667	1	1.2048e-05
cctccgt	0.28571	0.14286	0.20635	0.36508	1	2.1083e-05
cctccta	0.30435	0.20290	0.14493	0.34783	1	2.3091e-05
cctcctc	0.28000	0.25600	0.12800	0.33600	1	4.1832e-05
cctcctg	0.17808	0.19178	0.27397	0.35616	1	2.4430e-05
cctcctt	0.15816	0.25000	0.14796	0.44388	1	6.5593e-05
cctcgaa	0.33094	0.22302	0.23741	0.20863	1	4.6517e-05
cctcgac	0.09804	0.15686	0.17647	0.56863	1	1.7068e-05
cctcgag	0.15120	0.09278	0.70790	0.04811	1	9.7386e-05
cctcgat	0.30588	0.18824	0.31765	0.18824	1	2.8446e-05
cctcgca	0.32143	0.14286	0.19643	0.33929	1	1.8741e-05
cctcgcc	0.33333	0.15789	0.12281	0.38596	1	1.9076e-05
cctcgcg	0.25000	0.31250	0.15625	0.28125	1	1.0709e-05
cctcgct	0.29032	0.19355	0.17742	0.33871	1	2.0749e-05
cctcgga	0.28000	0.12000	0.20000	0.40000	1	1.6733e-05
cctcggc	0.18750	0.23438	0.39062	0.18750	1	2.1418e-05
cctcggg	0.33333	0.22222	0.14815	0.29630	1	9.0358e-06
cctcggt	0.23529	0.20588	0.23529	0.32353	1	1.1378e-05
cctcgta	0.27941	0.14706	0.07353	0.50000	1	2.2757e-05
cctcgtc	0.32143	0.10714	0.23214	0.33929	1	1.8741e-05
cctcgtg	0.25000	0.19231	0.23077	0.32692	1	1.7402e-05
cctcgtt	0.16418	0.23881	0.17164	0.42537	1	4.4844e-05
cctctaa	0.23596	0.31461	0.11236	0.33708	1	5.9569e-05
cctctac	0.26087	0.24348	0.14783	0.34783	1	3.8486e-05
cctctag	0.25275	0.29670	0.17582	0.27473	1	3.0454e-05
cctctat	0.26455	0.20635	0.14815	0.38095	1	6.3250e-05
cctctca	0.34259	0.19444	0.20370	0.25926	1	3.6143e-05
cctctcc	0.31061	0.26515	0.14394	0.28030	1	4.4175e-05
cctctcg	0.37333	0.20000	0.16000	0.26667	1	2.5099e-05
cctctct	0.15707	0.27225	0.09948	0.47120	1	6.3920e-05
cctctga	0.32710	0.12150	0.24299	0.30841	1	3.5808e-05
cctctgc	0.33000	0.18000	0.17000	0.32000	1	3.3466e-05
cctctgg	0.28571	0.28571	0.11429	0.31429	1	2.3426e-05
cctctgt	0.24800	0.17600	0.22400	0.35200	1	4.1832e-05
cctctta	0.27778	0.16049	0.14815	0.41358	1	5.4215e-05
cctcttc	0.23887	0.25101	0.12551	0.38462	1	8.2661e-05
cctcttg	0.30108	0.18817	0.17742	0.33333	1	6.2246e-05
cctcttt	0.16548	0.21986	0.14421	0.47045	1	1.4156e-04
cctgaaa	0.47266	0.14453	0.16406	0.21875	1	8.5672e-05
cctgaac	0.39806	0.16505	0.22330	0.21359	1	3.4470e-05
cctgaag	0.25882	0.17647	0.20000	0.36471	1	2.8446e-05
cctgaat	0.33577	0.15328	0.14599	0.36496	1	4.5848e-05
cctgaca	0.38554	0.19277	0.16867	0.25301	1	2.7777e-05
cctgacc	0.21429	0.23810	0.19048	0.35714	1	1.4056e-05
cctgacg	0.29730	0.18919	0.24324	0.27027	1	1.2382e-05
cctgact	0.16667	0.35185	0.16667	0.31481	1	1.8072e-05
cctgaga	0.46429	0.11905	0.16667	0.25000	1	2.8111e-05
cctgagc	0.38298	0.25532	0.08511	0.27660	1	1.5729e-05
cctgagg	0.31111	0.24444	0.17778	0.26667	1	1.5060e-05
cctgagt	0.19355	0.19355	0.25806	0.35484	1	2.0749e-05
cctgata	0.37405	0.10687	0.19847	0.32061	1	4.3840e-05
cctgatc	0.39744	0.12821	0.11538	0.35897	1	2.6103e-05
cctgatg	0.26761	0.22535	0.16901	0.33803	1	2.3761e-05
cctgatt	0.23423	0.18018	0.16216	0.42342	1	3.7147e-05
cctgcaa	0.39535	0.12403	0.21705	0.26357	1	4.3171e-05
cctgcac	0.46479	0.19718	0.14085	0.19718	1	2.3761e-05
cctgcag	0.19318	0.18182	0.39773	0.22727	1	2.9450e-05
cctgcat	0.41353	0.17293	0.11278	0.30075	1	4.4510e-05
cctgcca	0.36232	0.18841	0.15942	0.28986	1	2.3091e-05
cctgccc	0.19298	0.36842	0.08772	0.35088	1	1.9076e-05
cctgccg	0.29167	0.18750	0.27083	0.25000	1	1.6064e-05
cctgcct	0.23656	0.25806	0.24731	0.25806	1	3.1123e-05
cctgcga	0.39683	0.15873	0.15873	0.28571	1	2.1083e-05
cctgcgc	0.25974	0.16883	0.25974	0.31169	1	2.5769e-05
cctgcgg	0.23810	0.21429	0.23810	0.30952	1	1.4056e-05
cctgcgt	0.27692	0.20000	0.23077	0.29231	1	2.1753e-05
cctgcta	0.26000	0.17000	0.23000	0.34000	1	3.3466e-05
cctgctc	0.31765	0.22353	0.20000	0.25882	1	2.8446e-05
cctgctg	0.26000	0.25000	0.16000	0.33000	1	3.3466e-05
cctgctt	0.24051	0.20253	0.17722	0.37975	1	5.2876e-05
cctggaa	0.28689	0.22131	0.25410	0.23770	1	4.0828e-05
cctggac	0.51429	0.17143	0.14286	0.17143	1	1.1713e-05
cctggag	0.23529	0.17647	0.27941	0.30882	1	2.2757e-05
cctggat	0.27027	0.13514	0.21622	0.37838	1	2.4765e-05
cctggca	0.37879	0.16667	0.22727	0.22727	1	2.2087e-05
cctggcc	0.34545	0.18182	0.14545	0.32727	1	1.8406e-05
cctggcg	0.22222	0.24444	0.20000	0.33333	1	1.5060e-05
cctggct	0.23214	0.25000	0.17857	0.33929	1	1.8741e-05
cctggga	0.56863	0.07843	0.19608	0.15686	1	1.7068e-05
cctgggc	0.18750	0.15625	0.25000	0.40625	1	1.0709e-05
cctgggg	0.22857	0.25714	0.17143	0.34286	1	1.1713e-05
cctgggt	0.24444	0.13333	0.31111	0.31111	1	1.5060e-05
cctggta	0.34043	0.17021	0.22340	0.26596	1	3.1458e-05
cctggtc	0.24324	0.27027	0.13514	0.35135	1	1.2382e-05
cctggtg	0.31148	0.16393	0.26230	0.26230	1	2.0414e-05
cctggtt	0.11818	0.30909	0.20000	0.37273	1	3.6812e-05
cctgtaa	0.42857	0.16327	0.12245	0.28571	1	4.9195e-05
cctgtac	0.28205	0.20513	0.14103	0.37179	1	2.6103e-05
cctgtag	0.34066	0.21978	0.16484	0.27473	1	3.0454e-05
cctgtat	0.32796	0.17204	0.13978	0.36022	1	6.2246e-05
cctgtca	0.27174	0.26087	0.16304	0.30435	1	3.0789e-05
cctgtcc	0.34483	0.27586	0.20690	0.17241	1	1.9410e-05
cctgtcg	0.29825	0.22807	0.17544	0.29825	1	1.9076e-05
cctgtct	0.12088	0.37363	0.19780	0.30769	1	3.0454e-05
cctgtga	0.34568	0.19753	0.20988	0.24691	1	2.7107e-05
cctgtgc	0.35000	0.22500	0.22500	0.20000	1	2.6773e-05
cctgtgg	0.30189	0.20755	0.13208	0.35849	1	1.7737e-05
cctgtgt	0.35088	0.12281	0.22807	0.29825	1	3.8151e-05
cctgtta	0.36000	0.20000	0.13333	0.30667	1	5.0199e-05
cctgttc	0.26515	0.21970	0.12879	0.38636	1	4.4175e-05
cctgttg	0.24194	0.17742	0.24194	0.33871	1	4.1498e-05
cctgttt	0.25098	0.22745	0.15294	0.36863	1	8.5338e-05
ccttaaa	0.42282	0.17785	0.17785	0.22148	1	9.9728e-05
ccttaac	0.27193	0.21930	0.23684	0.27193	1	3.8151e-05
ccttaag	0.35398	0.16814	0.22124	0.25664	1	3.7816e-05
ccttaat	0.28821	0.24454	0.14847	0.31878	1	7.6637e-05
ccttaca	0.28743	0.17964	0.14970	0.38323	1	5.5888e-05
ccttacc	0.23864	0.20455	0.12500	0.43182	1	2.9450e-05
ccttacg	0.24675	0.28571	0.25974	0.20779	1	2.5769e-05
ccttact	0.25581	0.19767	0.14535	0.40116	1	5.7561e-05
ccttaga	0.42857	0.14286	0.20000	0.22857	1	3.5139e-05
ccttagc	0.27586	0.14943	0.20690	0.36782	1	2.9115e-05
ccttagg	0.29231	0.16923	0.24615	0.29231	1	2.1753e-05
ccttagt	0.29060	0.15385	0.17949	0.37607	1	3.9155e-05
ccttata	0.33858	0.16929	0.12205	0.37008	1	8.5003e-05
ccttatc	0.27273	0.20321	0.18182	0.34225	1	6.2581e-05
ccttatg	0.25735	0.23529	0.13971	0.36765	1	4.5514e-05
ccttatt	0.29301	0.16935	0.13978	0.39785	1	1.2449e-04
ccttcaa	0.31174	0.17409	0.19433	0.31984	1	8.2661e-05
ccttcac	0.31852	0.20000	0.16296	0.31852	1	4.5179e-05
ccttcag	0.26154	0.32308	0.16923	0.24615	1	4.3506e-05
ccttcat	0.27193	0.21491	0.13596	0.37719	1	7.6302e-05
ccttcca	0.29189	0.19459	0.22703	0.28649	1	6.1912e-05
ccttccc	0.18919	0.32973	0.10270	0.37838	1	6.1912e-05
ccttccg	0.25316	0.22785	0.17722	0.34177	1	2.6438e-05
ccttcct	0.16183	0.20747	0.10788	0.52282	1	8.0653e-05
ccttcga	0.38532	0.17431	0.21101	0.22936	1	3.6478e-05
ccttcgc	0.36047	0.18605	0.12791	0.32558	1	2.8781e-05
ccttcgg	0.15873	0.31746	0.31746	0.20635	1	2.1083e-05
ccttcgt	0.25781	0.18750	0.15625	0.39844	1	4.2836e-05
ccttcta	0.26238	0.22277	0.17327	0.34158	1	6.7601e-05
ccttctc	0.21296	0.23611	0.14815	0.40278	1	7.2286e-05
ccttctg	0.20874	0.28641	0.14563	0.35922	1	6.8940e-05
ccttctt	0.18860	0.21930	0.16886	0.42325	1	1.5260e-04
ccttgaa	0.36948	0.16867	0.20884	0.25301	1	8.3330e-05
ccttgac	0.34615	0.21795	0.17949	0.25641	1	2.6103e-05
ccttgag	0.20370	0.24074	0.38889	0.16667	1	3.6143e-05
ccttgat	0.30556	0.17361	0.18750	0.33333	1	4.8191e-05
ccttgca	0.23784	0.25946	0.16216	0.34054	1	6.1912e-05
ccttgcc	0.32692	0.16346	0.15385	0.35577	1	3.4804e-05
ccttgcg	0.19328	0.15966	0.15126	0.49580	1	3.9824e-05
ccttgct	0.28462	0.18462	0.16923	0.36154	1	4.3506e-05
ccttgga	0.38318	0.13084	0.21495	0.27103	1	3.5808e-05
ccttggc	0.35714	0.12245	0.23469	0.28571	1	3.2796e-05
ccttggg	0.21053	0.31579	0.15789	0.31579	1	1.9076e-05
ccttggt	0.26667	0.14286	0.29524	0.29524	1	3.5139e-05
ccttgta	0.27879	0.27273	0.12727	0.32121	1	5.5219e-05
ccttgtc	0.25926	0.21481	0.15556	0.37037	1	4.5179e-05
ccttgtg	0.26316	0.18947	0.22105	0.32632	1	3.1793e-05
ccttgtt	0.23077	0.20879	0.15385	0.40659	1	9.1362e-05
cctttaa	0.33693	0.14555	0.20485	0.31267	1	1.2416e-04
cctttac	0.31707	0.25610	0.13821	0.28862	1	8.2326e-05
cctttag	0.30769	0.19231	0.13462	0.36538	1	5.2207e-05
cctttat	0.25328	0.31144	0.10882	0.32645	1	1.7837e-04
cctttca	0.30000	0.20690	0.19655	0.29655	1	9.7051e-05
cctttcc	0.22680	0.21306	0.12371	0.43643	1	9.7386e-05
cctttcg	0.22759	0.20690	0.20000	0.36552	1	4.8525e-05
cctttct	0.18444	0.22444	0.12444	0.46667	1	1.5060e-04
cctttga	0.37168	0.15929	0.22566	0.24336	1	7.5633e-05
cctttgc	0.27027	0.22162	0.15135	0.35676	1	6.1912e-05
cctttgg	0.29457	0.20930	0.18605	0.31008	1	4.3171e-05
cctttgt	0.24400	0.15600	0.18800	0.41200	1	8.3665e-05
cctttta	0.26226	0.17170	0.11887	0.44717	1	1.7737e-04
ccttttc	0.25000	0.25347	0.12500	0.37153	1	1.9276e-04
ccttttg	0.25272	0.18750	0.15761	0.40217	1	1.2315e-04
ccttttt	0.16251	0.21319	0.12068	0.50362	1	4.1598e-04
cgaaaaa	0.44196	0.12028	0.20839	0.22937	1	2.3928e-04
cgaaaac	0.42915	0.13765	0.15789	0.27530	1	8.2661e-05
cgaaaag	0.33714	0.20857	0.18000	0.27429	1	1.1713e-04
cgaaaat	0.34152	0.13022	0.18673	0.34152	1	1.3621e-04
cgaaaca	0.34615	0.18269	0.24038	0.23077	1	6.9609e-05
cgaaacc	0.35616	0.10959	0.19178	0.34247	1	2.4430e-05
cgaaacg	0.30841	0.28037	0.22430	0.18692	1	3.5808e-05
cgaaact	0.19459	0.17297	0.25946	0.37297	1	6.1912e-05
cgaaaga	0.46383	0.12340	0.20426	0.20851	1	7.8645e-05
cgaaagc	0.32000	0.19200	0.19200	0.29600	1	4.1832e-05
cgaaagg	0.38816	0.14474	0.24342	0.22368	1	5.0868e-05
cgaaagt	0.33803	0.16197	0.23239	0.26761	1	4.7521e-05
cgaaata	0.30588	0.16471	0.18824	0.34118	1	8.5338e-05
cgaaatc	0.27891	0.19048	0.21088	0.31973	1	4.9195e-05
cgaaatg	0.39597	0.20134	0.16779	0.23490	1	4.9864e-05
cgaaatt	0.26667	0.12281	0.14737	0.46316	1	9.5378e-05
cgaacaa	0.36967	0.25118	0.16114	0.21801	1	7.0613e-05
cgaacac	0.34444	0.13333	0.15556	0.36667	1	3.0119e-05
cgaacag	0.43966	0.21552	0.13793	0.20690	1	3.8820e-05
cgaacat	0.29197	0.22628	0.18978	0.29197	1	4.5848e-05
cgaacca	0.32468	0.14286	0.18182	0.35065	1	2.5769e-05
cgaaccc	0.21951	0.24390	0.19512	0.34146	1	1.3721e-05
cgaaccg	0.27500	0.27500	0.07500	0.37500	1	1.3386e-05
cgaacct	0.40299	0.16418	0.13433	0.29851	1	2.2422e-05
cgaacga	0.31111	0.25556	0.17778	0.25556	1	3.0119e-05
cgaacgc	0.30952	0.16667	0.16667	0.35714	1	1.4056e-05
cgaacgg	0.18182	0.25455	0.30909	0.25455	1	1.8406e-05
cgaacgt	0.42029	0.14493	0.21739	0.21739	1	2.3091e-05
cgaacta	0.38889	0.18889	0.12222	0.30000	1	3.0119e-05
cgaactc	0.27536	0.08696	0.26087	0.37681	1	2.3091e-05
cgaactg	0.24176	0.30769	0.13187	0.31868	1	3.0454e-05
cgaactt	0.17500	0.20833	0.20000	0.41667	1	4.0159e-05
cgaagaa	0.46974	0.13833	0.18444	0.20749	1	1.1613e-04
cgaagac	0.32673	0.21782	0.22772	0.22772	1	3.3800e-05
cgaagag	0.37857	0.20000	0.19286	0.22857	1	4.6852e-05
cgaagat	0.30065	0.18301	0.19608	0.32026	1	5.1203e-05
cgaagca	0.37838	0.18018	0.21622	0.22523	1	3.7147e-05
cgaagcc	0.37879	0.28788	0.16667	0.16667	1	2.2087e-05
cgaagcg	0.20000	0.30000	0.34545	0.15455	1	3.6812e-05
cgaagct	0.21000	0.16000	0.24000	0.39000	1	3.3466e-05
cgaagga	0.42748	0.12977	0.24427	0.19847	1	4.3840e-05
cgaaggc	0.37500	0.16250	0.11250	0.35000	1	2.6773e-05
cgaaggg	0.31034	0.21839	0.19540	0.27586	1	2.9115e-05
cgaaggt	0.36145	0.12048	0.34940	0.16867	1	2.7777e-05
cgaagta	0.34932	0.15753	0.16438	0.32877	1	4.8860e-05
cgaagtc	0.25373	0.13433	0.17910	0.43284	1	2.2422e-05
cgaagtg	0.35106	0.21277	0.15957	0.27660	1	3.1458e-05
cgaagtt	0.35644	0.18812	0.13861	0.31683	1	6.7601e-05
cgaataa	0.37218	0.16917	0.19549	0.26316	1	8.9019e-05
cgaatac	0.32000	0.20000	0.15200	0.32800	1	4.1832e-05
cgaatag	0.26515	0.22727	0.12121	0.38636	1	4.4175e-05
cgaatat	0.37788	0.11982	0.13825	0.36406	1	7.2621e-05
cgaatca	0.41414	0.15152	0.21212	0.22222	1	3.3131e-05
cgaatcc	0.26230	0.13115	0.06557	0.54098	1	2.0414e-05
cgaatcg	0.23810	0.14286	0.15873	0.46032	1	2.1083e-05
cgaatct	0.24051	0.18987	0.25316	0.31646	1	2.6438e-05
cgaatga	0.35821	0.20896	0.15672	0.27612	1	4.4844e-05
cgaatgc	0.30769	0.21795	0.12821	0.34615	1	2.6103e-05
cgaatgg	0.33708	0.21348	0.20225	0.24719	1	2.9785e-05
cgaatgt	0.38636	0.09091	0.25000	0.27273	1	2.9450e-05
cgaatta	0.21528	0.22917	0.15972	0.39583	1	4.8191e-05
cgaattc	0.32727	0.20909	0.12727	0.33636	1	3.6812e-05
cgaattg	0.32800	0.21600	0.18400	0.27200	1	4.1832e-05
cgaattt	0.22785	0.13502	0.14346	0.49367	1	7.9314e-05
cgacaaa	0.44767	0.19186	0.18023	0.18023	1	5.7561e-05
cgacaac	0.30488	0.20732	0.09756	0.39024	1	2.7442e-05
cgacaag	0.43023	0.15116	0.19767	0.22093	1	2.8781e-05
cgacaat	0.40260	0.14935	0.14286	0.30519	1	5.1537e-05
cgacaca	0.29870	0.15584	0.12987	0.41558	1	2.5769e-05
cgacacc	0.30612	0.18367	0.32653	0.18367	1	1.6398e-05
cgacacg	0.34286	0.25714	0.20000	0.20000	1	1.1713e-05
cgacact	0.26866	0.14925	0.20896	0.37313	1	2.2422e-05
cgacaga	0.36471	0.15294	0.22353	0.25882	1	2.8446e-05
cgacagc	0.33333	0.20000	0.18667	0.28000	1	2.5099e-05
cgacagg	0.34043	0.19149	0.25532	0.21277	1	1.5729e-05
cgacagt	0.30000	0.18750	0.23750	0.27500	1	2.6773e-05
cgacata	0.33019	0.15094	0.15094	0.36792	1	3.5474e-05
cgacatc	0.33871	0.11290	0.27419	0.27419	1	2.0749e-05
cgacatg	0.32692	0.11538	0.21154	0.34615	1	1.7402e-05
cgacatt	0.33607	0.16393	0.19672	0.30328	1	4.0828e-05
cgaccaa	0.46970	0.12121	0.25758	0.15152	1	2.2087e-05
cgaccac	0.43182	0.09091	0.13636	0.34091	1	1.4725e-05
cgaccag	0.22500	0.27500	0.12500	0.37500	1	1.3386e-05
cgaccat	0.26923	0.23077	0.11538	0.38462	1	1.7402e-05
cgaccca	0.50000	0.04545	0.13636	0.31818	1	7.3625e-06
cgacccc	0.34783	0.08696	0.21739	0.34783	1	7.6971e-06
cgacccg	0.44444	0.05556	0.27778	0.22222	1	6.0238e-06
cgaccct	0.08824	0.26471	0.26471	0.38235	1	1.1378e-05
cgaccga	0.42857	0.16667	0.16667	0.23810	1	1.4056e-05
cgaccgc	0.13636	0.18182	0.45455	0.22727	1	7.3625e-06
cgaccgg	0.15385	0.07692	0.38462	0.38462	1	8.7011e-06
cgaccgt	0.22857	0.14286	0.11429	0.51429	1	1.1713e-05
cgaccta	0.32500	0.20000	0.22500	0.25000	1	1.3386e-05
cgacctc	0.29545	0.20455	0.15909	0.34091	1	1.4725e-05
cgacctg	0.39130	0.13043	0.08696	0.39130	1	7.6971e-06
cgacctt	0.28049	0.32927	0.14634	0.24390	1	2.7442e-05
cgacgaa	0.36923	0.12308	0.26154	0.24615	1	2.1753e-05
cgacgac	0.45763	0.11864	0.23729	0.18644	1	1.9745e-05
cgacgag	0.27907	0.06977	0.51163	0.13953	1	1.4390e-05
cgacgat	0.40984	0.06557	0.19672	0.32787	1	2.0414e-05
cgacgca	0.33333	0.18519	0.16667	0.31481	1	1.8072e-05
cgacgcc	0.37778	0.11111	0.11111	0.40000	1	1.5060e-05
cgacgcg	0.32759	0.18966	0.12069	0.36207	1	1.9410e-05
cgacgct	0.20690	0.15517	0.34483	0.29310	1	1.9410e-05
cgacgga	0.36207	0.15517	0.22414	0.25862	1	1.9410e-05
cgacggc	0.29730	0.24324	0.24324	0.21622	1	1.2382e-05
cgacggg	0.36111	0.16667	0.22222	0.25000	1	1.2048e-05
cgacggt	0.32000	0.12000	0.16000	0.40000	1	1.6733e-05
cgacgta	0.31034	0.17241	0.22414	0.29310	1	1.9410e-05
cgacgtc	0.34211	0.28947	0.21053	0.15789	1	1.2717e-05
cgacgtg	0.29825	0.21053	0.14035	0.35088	1	1.9076e-05
cgacgtt	0.22807	0.08772	0.22807	0.45614	1	1.9076e-05
cgactaa	0.33628	0.12389	0.30088	0.23894	1	3.7816e-05
cgactac	0.22826	0.15217	0.15217	0.46739	1	3.0789e-05
cgactag	0.22449	0.30612	0.20408	0.26531	1	1.6398e-05
cgactat	0.26136	0.19318	0.13636	0.40909	1	2.9450e-05
cgactca	0.36620	0.11268	0.09859	0.42254	1	2.3761e-05
cgactcc	0.22222	0.31481	0.11111	0.35185	1	1.8072e-05
cgactcg	0.48148	0.11111	0.14815	0.25926	1	9.0358e-06
cgactct	0.22973	0.21622	0.17568	0.37838	1	2.4765e-05
cgactga	0.37879	0.16667	0.25758	0.19697	1	2.2087e-05
cgactgc	0.28814	0.20339	0.16949	0.33898	1	1.9745e-05
cgactgg	0.31429	0.22857	0.14286	0.31429	1	1.1713e-05
cgactgt	0.23729	0.18644	0.27119	0.30508	1	1.9745e-05
cgactta	0.21875	0.23438	0.17188	0.37500	1	2.1418e-05
cgacttc	0.19118	0.20588	0.14706	0.45588	1	2.2757e-05
cgacttg	0.30357	0.25000	0.17857	0.26786	1	1.8741e-05
cgacttt	0.18440	0.22695	0.13475	0.45390	1	4.7187e-05
cgagaaa	0.40762	0.17009	0.18182	0.24047	1	1.1412e-04
cgagaac	0.33036	0.17857	0.20536	0.28571	1	3.7482e-05
cgagaag	0.38129	0.20863	0.17266	0.23741	1	4.6517e-05
cgagaat	0.38372	0.10465	0.15116	0.36047	1	5.7561e-05
cgagaca	0.37931	0.16092	0.20690	0.25287	1	2.9115e-05
cgagacc	0.17500	0.15000	0.15000	0.52500	1	1.3386e-05
cgagacg	0.27660	0.21277	0.29787	0.21277	1	1.5729e-05
cgagact	0.33333	0.17544	0.22807	0.26316	1	1.9076e-05
cgagaga	0.33684	0.14737	0.22105	0.29474	1	3.1793e-05
cgagagc	0.20588	0.17647	0.39706	0.22059	1	2.2757e-05
cgagagg	0.27273	0.19697	0.28788	0.24242	1	2.2087e-05
cgagagt	0.38043	0.14130	0.08696	0.39130	1	3.0789e-05
cgagata	0.33051	0.15254	0.20339	0.31356	1	3.9490e-05
cgagatc	0.18033	0.26230	0.13115	0.42623	1	2.0414e-05
cgagatg	0.44211	0.29474	0.09474	0.16842	1	3.1793e-05
cgagatt	0.22689	0.26050	0.15126	0.36134	1	3.9824e-05
cgagcaa	0.36752	0.11966	0.21368	0.29915	1	3.9155e-05
cgagcac	0.36207	0.12069	0.17241	0.34483	1	1.9410e-05
cgagcag	0.24324	0.27027	0.16216	0.32432	1	2.4765e-05
cgagcat	0.37647	0.18824	0.15294	0.28235	1	2.8446e-05
cgagcca	0.34426	0.24590	0.14754	0.26230	1	2.0414e-05
cgagccc	0.14583	0.14583	0.39583	0.31250	1	1.6064e-05
cgagccg	0.18919	0.24324	0.43243	0.13514	1	1.2382e-05
cgagcct	0.19298	0.15789	0.28070	0.36842	1	1.9076e-05
cgagcga	0.31250	0.16667	0.29167	0.22917	1	1.6064e-05
cgagcgc	0.31429	0.22857	0.20000	0.25714	1	1.1713e-05
cgagcgg	0.24528	0.32075	0.28302	0.15094	1	1.7737e-05
cgagcgt	0.29730	0.21622	0.27027	0.21622	1	1.2382e-05
cgagcta	0.31507	0.24658	0.20548	0.23288	1	2.4430e-05
cgagctc	0.31034	0.13793	0.20690	0.34483	1	9.7051e-06
cgagctg	0.20000	0.20000	0.20000	0.40000	1	1.3386e-05
cgagctt	0.21154	0.21154	0.17308	0.40385	1	3.4804e-05
cgaggaa	0.45570	0.12025	0.16456	0.25949	1	5.2876e-05
cgaggac	0.37255	0.23529	0.15686	0.23529	1	1.7068e-05
cgaggag	0.78771	0.03911	0.08380	0.08939	1	5.9904e-05
cgaggat	0.41135	0.09929	0.14184	0.34752	1	4.7187e-05
cgaggca	0.40909	0.13636	0.28788	0.16667	1	2.2087e-05
cgaggcc	0.25581	0.27907	0.18605	0.27907	1	1.4390e-05
cgaggcg	0.33333	0.17647	0.29412	0.19608	1	1.7068e-05
cgaggct	0.28070	0.12281	0.29825	0.29825	1	1.9076e-05
cgaggga	0.46000	0.16000	0.22000	0.16000	1	1.6733e-05
cgagggc	0.27273	0.15909	0.29545	0.27273	1	1.4725e-05
cgagggg	0.25806	0.25806	0.19355	0.29032	1	1.0374e-05
cgagggt	0.29032	0.32258	0.16129	0.22581	1	2.0749e-05
cgaggta	0.42667	0.17333	0.09333	0.30667	1	2.5099e-05
cgaggtc	0.32000	0.12000	0.34000	0.22000	1	1.6733e-05
cgaggtg	0.37288	0.25424	0.13559	0.23729	1	1.9745e-05
cgaggtt	0.32407	0.13889	0.14815	0.38889	1	3.6143e-05
cgagtaa	0.41353	0.09774	0.17293	0.31579	1	4.4510e-05
cgagtac	0.35294	0.15686	0.15686	0.33333	1	1.7068e-05
cgagtag	0.22034	0.23729	0.23729	0.30508	1	1.9745e-05
cgagtat	0.37755	0.11224	0.16327	0.34694	1	3.2796e-05
cgagtca	0.22807	0.17544	0.28070	0.31579	1	1.9076e-05
cgagtcc	0.23529	0.23529	0.17647	0.35294	1	1.1378e-05
cgagtcg	0.32000	0.24000	0.12000	0.32000	1	8.3665e-06
cgagtct	0.19149	0.14894	0.17021	0.48936	1	1.5729e-05
cgagtga	0.36364	0.13636	0.23864	0.26136	1	2.9450e-05
cgagtgc	0.24390	0.26829	0.19512	0.29268	1	1.3721e-05
cgagtgg	0.43182	0.22727	0.20455	0.13636	1	1.4725e-05
cgagtgt	0.23810	0.23810	0.20635	0.31746	1	2.1083e-05
cgagtta	0.25758	0.16667	0.18182	0.39394	1	2.2087e-05
cgagttc	0.34848	0.16667	0.21212	0.27273	1	2.2087e-05
cgagttg	0.33846	0.23077	0.16923	0.26154	1	2.1753e-05
cgagttt	0.20896	0.21642	0.14925	0.42537	1	4.4844e-05
cgataaa	0.40392	0.13333	0.18039	0.28235	1	8.5338e-05
cgataac	0.36752	0.13675	0.22222	0.27350	1	3.9155e-05
cgataag	0.25000	0.19167	0.28333	0.27500	1	4.0159e-05
cgataat	0.36279	0.16744	0.16744	0.30233	1	7.1951e-05
cgataca	0.41026	0.15385	0.16239	0.27350	1	3.9155e-05
cgatacc	0.33898	0.27119	0.13559	0.25424	1	1.9745e-05
cgatacg	0.44000	0.14000	0.14000	0.28000	1	1.6733e-05
cgatact	0.27551	0.15306	0.18367	0.38776	1	3.2796e-05
cgataga	0.39048	0.14286	0.17143	0.29524	1	3.5139e-05
cgatagc	0.38028	0.07042	0.32394	0.22535	1	2.3761e-05
cgatagg	0.35211	0.18310	0.11268	0.35211	1	2.3761e-05
cgatagt	0.24260	0.10651	0.29586	0.35503	1	5.6557e-05
cgatata	0.30043	0.21459	0.15021	0.33476	1	7.7975e-05
cgatatc	0.33077	0.23077	0.16923	0.26923	1	4.3506e-05
cgatatg	0.25000	0.17241	0.25000	0.32759	1	3.8820e-05
cgatatt	0.25287	0.20690	0.16858	0.37165	1	8.7346e-05
cgatcaa	0.30841	0.20561	0.22430	0.26168	1	3.5808e-05
cgatcac	0.20000	0.14545	0.23636	0.41818	1	1.8406e-05
cgatcag	0.27273	0.30303	0.15152	0.27273	1	2.2087e-05
cgatcat	0.23077	0.21978	0.10989	0.43956	1	3.0454e-05
cgatcca	0.29231	0.23077	0.15385	0.32308	1	2.1753e-05
cgatccc	0.24444	0.35556	0.08889	0.31111	1	1.5060e-05
cgatccg	0.39286	0.21429	0.21429	0.17857	1	9.3704e-06
cgatcct	0.19697	0.12121	0.21212	0.46970	1	2.2087e-05
cgatcga	0.43750	0.25000	0.12500	0.18750	1	1.6064e-05
cgatcgc	0.18919	0.24324	0.24324	0.32432	1	1.2382e-05
cgatcgg	0.46875	0.15625	0.15625	0.21875	1	1.0709e-05
cgatcgt	0.30645	0.14516	0.17742	0.37097	1	2.0749e-05
cgatcta	0.32692	0.15385	0.21154	0.30769	1	3.4804e-05
cgatctc	0.26866	0.19403	0.17910	0.35821	1	2.2422e-05
cgatctg	0.30159	0.15873	0.22222	0.31746	1	2.1083e-05
cgatctt	0.22143	0.20000	0.16429	0.41429	1	4.6852e-05
cgatgaa	0.35625	0.13125	0.20625	0.30625	1	5.3545e-05
cgatgac	0.48921	0.15827	0.07914	0.27338	1	4.6517e-05
cgatgag	0.36806	0.33681	0.13542	0.15972	1	9.6382e-05
cgatgat	0.43429	0.10286	0.19429	0.26857	1	5.8565e-05
cgatgca	0.31325	0.10843	0.26506	0.31325	1	2.7777e-05
cgatgcc	0.36264	0.26374	0.14286	0.23077	1	3.0454e-05
cgatgcg	0.39726	0.21918	0.17808	0.20548	1	2.4430e-05
cgatgct	0.21239	0.23894	0.21239	0.33628	1	3.7816e-05
cgatgga	0.32143	0.17857	0.23810	0.26190	1	2.8111e-05
cgatggc	0.42500	0.17500	0.13750	0.26250	1	2.6773e-05
cgatggg	0.30508	0.30508	0.15254	0.23729	1	1.9745e-05
cgatggt	0.21739	0.11594	0.27536	0.39130	1	2.3091e-05
cgatgta	0.34524	0.11905	0.19048	0.34524	1	2.8111e-05
cgatgtc	0.40909	0.15909	0.11364	0.31818	1	1.4725e-05
cgatgtg	0.25301	0.15663	0.21687	0.37349	1	2.7777e-05
cgatgtt	0.32558	0.17829	0.12403	0.37209	1	4.3171e-05
cgattaa	0.28659	0.14634	0.21341	0.35366	1	5.4884e-05
cgattac	0.18095	0.22857	0.18095	0.40952	1	3.5139e-05
cgattag	0.23810	0.25000	0.14286	0.36905	1	2.8111e-05
cgattat	0.26201	0.20524	0.09170	0.44105	1	7.6637e-05
cgattca	0.36735	0.16327	0.12245	0.34694	1	3.2796e-05
cgattcc	0.31707	0.28049	0.18293	0.21951	1	2.7442e-05
cgattcg	0.16327	0.18367	0.18367	0.46939	1	1.6398e-05
cgattct	0.24800	0.16800	0.20800	0.37600	1	4.1832e-05
cgattga	0.38182	0.17273	0.20909	0.23636	1	3.6812e-05
cgattgc	0.22105	0.23158	0.12632	0.42105	1	3.1793e-05
cgattgg	0.32353	0.23529	0.17647	0.26471	1	2.2757e-05
cgattgt	0.32710	0.14019	0.23364	0.29907	1	3.5808e-05
cgattta	0.34857	0.21714	0.17714	0.25714	1	5.8565e-05
cgatttc	0.26752	0.21656	0.13376	0.38217	1	5.2541e-05
cgatttg	0.27778	0.22222	0.20370	0.29630	1	3.6143e-05
cgatttt	0.18987	0.19620	0.18038	0.43354	1	1.0575e-04
cgcaaaa	0.42586	0.17871	0.20532	0.19011	1	8.8015e-05
cgcaaac	0.33333	0.18018	0.16216	0.32432	1	3.7147e-05
cgcaaag	0.36923	0.17692	0.20769	0.24615	1	4.3506e-05
cgcaaat	0.24896	0.09544	0.41079	0.24481	1	8.0653e-05
cgcaaca	0.45455	0.14545	0.16364	0.23636	1	3.6812e-05
cgcaacc	0.45652	0.10870	0.19565	0.23913	1	1.5394e-05
cgcaacg	0.27273	0.28788	0.25758	0.18182	1	2.2087e-05
cgcaact	0.24468	0.17021	0.22340	0.36170	1	3.1458e-05
cgcaaga	0.45000	0.07143	0.22857	0.25000	1	4.6852e-05
cgcaagc	0.41096	0.21918	0.17808	0.19178	1	2.4430e-05
cgcaagg	0.68862	0.11976	0.07784	0.11377	1	5.5888e-05
cgcaagt	0.27660	0.13830	0.21277	0.37234	1	3.1458e-05
cgcaata	0.32804	0.13228	0.15344	0.38624	1	6.3250e-05
cgcaatc	0.37255	0.18627	0.16667	0.27451	1	3.4135e-05
cgcaatg	0.39362	0.17021	0.18085	0.25532	1	3.1458e-05
cgcaatt	0.24551	0.18563	0.23353	0.33533	1	5.5888e-05
cgcacaa	0.32800	0.10400	0.20000	0.36800	1	4.1832e-05
cgcacac	0.40566	0.18868	0.14151	0.26415	1	3.5474e-05
cgcacag	0.34667	0.18667	0.20000	0.26667	1	2.5099e-05
cgcacat	0.44094	0.19685	0.14961	0.21260	1	4.2502e-05
cgcacca	0.39394	0.16667	0.15152	0.28788	1	2.2087e-05
cgcaccc	0.44444	0.16667	0.12963	0.25926	1	1.8072e-05
cgcaccg	0.17391	0.23913	0.13043	0.45652	1	1.5394e-05
cgcacct	0.14815	0.24691	0.19753	0.40741	1	2.7107e-05
cgcacga	0.25000	0.29545	0.15909	0.29545	1	1.4725e-05
cgcacgc	0.32203	0.18644	0.18644	0.30508	1	1.9745e-05
cgcacgg	0.32558	0.39535	0.11628	0.16279	1	1.4390e-05
cgcacgt	0.31081	0.12162	0.27027	0.29730	1	2.4765e-05
cgcacta	0.20779	0.24675	0.22078	0.32468	1	2.5769e-05
cgcactc	0.30508	0.15254	0.11864	0.42373	1	1.9745e-05
cgcactg	0.21053	0.26316	0.14035	0.38596	1	1.9076e-05
cgcactt	0.24272	0.22330	0.16505	0.36893	1	3.4470e-05
cgcagaa	0.41353	0.24060	0.21053	0.13534	1	4.4510e-05
cgcagac	0.42000	0.22000	0.20000	0.16000	1	1.6733e-05
cgcagag	0.32877	0.15068	0.32877	0.19178	1	2.4430e-05
cgcagat	0.24561	0.10526	0.11404	0.53509	1	3.8151e-05
cgcagca	0.34524	0.13095	0.21429	0.30952	1	2.8111e-05
cgcagcc	0.25490	0.15686	0.25490	0.33333	1	1.7068e-05
cgcagcg	0.30769	0.26923	0.28846	0.13462	1	1.7402e-05
cgcagct	0.23810	0.20635	0.31746	0.23810	1	2.1083e-05
cgcagga	0.58667	0.09333	0.18667	0.13333	1	2.5099e-05
cgcaggc	0.31507	0.19178	0.16438	0.32877	1	2.4430e-05
cgcaggg	0.36170	0.21277	0.08511	0.34043	1	1.5729e-05
cgcaggt	0.19512	0.17073	0.41463	0.21951	1	1.3721e-05
cgcagta	0.40187	0.23364	0.15888	0.20561	1	3.5808e-05
cgcagtc	0.38356	0.17808	0.13699	0.30137	1	2.4430e-05
cgcagtg	0.30769	0.18462	0.18462	0.32308	1	2.1753e-05
cgcagtt	0.30556	0.12963	0.23148	0.33333	1	3.6143e-05
cgcataa	0.34868	0.17763	0.15132	0.32237	1	5.0868e-05
cgcatac	0.28571	0.12030	0.28571	0.30827	1	4.4510e-05
cgcatag	0.39241	0.17722	0.15190	0.27848	1	2.6438e-05
cgcatat	0.35185	0.16204	0.18981	0.29630	1	7.2286e-05
cgcatca	0.27000	0.26000	0.20000	0.27000	1	3.3466e-05
cgcatcc	0.38182	0.21818	0.20000	0.20000	1	1.8406e-05
cgcatcg	0.26190	0.35714	0.10714	0.27381	1	2.8111e-05
cgcatct	0.16814	0.25664	0.23009	0.34513	1	3.7816e-05
cgcatga	0.32895	0.15789	0.13158	0.38158	1	2.5434e-05
cgcatgc	0.42308	0.19231	0.11538	0.26923	1	1.7402e-05
cgcatgg	0.35135	0.18919	0.27027	0.18919	1	1.2382e-05
cgcatgt	0.33735	0.10843	0.28916	0.26506	1	2.7777e-05
cgcatta	0.32168	0.16783	0.23077	0.27972	1	4.7856e-05
cgcattc	0.31818	0.21818	0.14545	0.31818	1	3.6812e-05
cgcattg	0.30088	0.18584	0.18584	0.32743	1	3.7816e-05
cgcattt	0.21951	0.19106	0.15447	0.43496	1	8.2326e-05
cgccaaa	0.47668	0.15544	0.15026	0.21762	1	6.4589e-05
cgccaac	0.25974	0.18182	0.16883	0.38961	1	2.5769e-05
cgccaag	0.38835	0.18447	0.23301	0.19417	1	3.4470e-05
cgccaat	0.21359	0.17476	0.30097	0.31068	1	3.4470e-05
cgccaca	0.30337	0.20225	0.21348	0.28090	1	2.9785e-05
cgccacc	0.28846	0.25000	0.25000	0.21154	1	1.7402e-05
cgccacg	0.22727	0.25000	0.25000	0.27273	1	1.4725e-05
cgccact	0.28358	0.25373	0.13433	0.32836	1	2.2422e-05
cgccaga	0.32927	0.13415	0.17073	0.36585	1	2.7442e-05
cgccagc	0.33333	0.11111	0.33333	0.22222	1	1.5060e-05
cgccagg	0.30233	0.25581	0.11628	0.32558	1	1.4390e-05
cgccagt	0.30159	0.12698	0.17460	0.39683	1	2.1083e-05
cgccata	0.29204	0.17699	0.11504	0.41593	1	3.7816e-05
cgccatc	0.35000	0.21250	0.11250	0.32500	1	2.6773e-05
cgccatg	0.21818	0.20000	0.21818	0.36364	1	1.8406e-05
cgccatt	0.17829	0.20155	0.19380	0.42636	1	4.3171e-05
cgcccaa	0.36111	0.19444	0.18056	0.26389	1	2.4095e-05
cgcccac	0.34884	0.23256	0.13953	0.27907	1	1.4390e-05
cgcccag	0.25397	0.33333	0.19048	0.22222	1	2.1083e-05
cgcccat	0.22535	0.22535	0.11268	0.43662	1	2.3761e-05
cgcccca	0.35714	0.21429	0.30952	0.11905	1	1.4056e-05
cgccccc	0.17073	0.34146	0.09756	0.39024	1	1.3721e-05
cgccccg	0.25000	0.37500	0.15625	0.21875	1	1.0709e-05
cgcccct	0.06250	0.18750	0.20000	0.55000	1	2.6773e-05
cgcccga	0.46875	0.18750	0.09375	0.25000	1	1.0709e-05
cgcccgc	0.23729	0.22034	0.23729	0.30508	1	1.9745e-05
cgcccgg	0.17647	0.41176	0.26471	0.14706	1	1.1378e-05
cgcccgt	0.24324	0.21622	0.18919	0.35135	1	1.2382e-05
cgcccta	0.22449	0.18367	0.22449	0.36735	1	1.6398e-05
cgccctc	0.30508	0.23729	0.22034	0.23729	1	1.9745e-05
cgccctg	0.27660	0.27660	0.14894	0.29787	1	1.5729e-05
cgccctt	0.30263	0.18421	0.14474	0.36842	1	2.5434e-05
cgccgaa	0.43299	0.09278	0.25773	0.21649	1	3.2462e-05
cgccgac	0.28205	0.17949	0.30769	0.23077	1	1.3052e-05
cgccgag	0.35000	0.18333	0.26667	0.20000	1	2.0079e-05
cgccgat	0.24615	0.07692	0.24615	0.43077	1	2.1753e-05
cgccgca	0.16923	0.32308	0.13846	0.36923	1	2.1753e-05
cgccgcc	0.23913	0.30435	0.26087	0.19565	1	1.5394e-05
cgccgcg	0.36364	0.23636	0.18182	0.21818	1	1.8406e-05
cgccgct	0.37500	0.17188	0.20312	0.25000	1	2.1418e-05
cgccgga	0.42222	0.11111	0.28889	0.17778	1	1.5060e-05
cgccggc	0.19355	0.16129	0.29032	0.35484	1	1.0374e-05
cgccggg	0.12500	0.20000	0.22500	0.45000	1	1.3386e-05
cgccggt	0.22222	0.27778	0.25000	0.25000	1	1.2048e-05
cgccgta	0.26531	0.22449	0.20408	0.30612	1	1.6398e-05
cgccgtc	0.12500	0.22500	0.27500	0.37500	1	1.3386e-05
cgccgtg	0.26829	0.39024	0.26829	0.07317	1	1.3721e-05
cgccgtt	0.17105	0.21053	0.25000	0.36842	1	2.5434e-05
cgcctaa	0.41667	0.16667	0.18056	0.23611	1	2.4095e-05
cgcctac	0.27273	0.13636	0.22727	0.36364	1	1.4725e-05
cgcctag	0.30769	0.26923	0.21154	0.21154	1	1.7402e-05
cgcctat	0.33333	0.17949	0.14103	0.34615	1	2.6103e-05
cgcctca	0.33333	0.15278	0.13889	0.37500	1	2.4095e-05
cgcctcc	0.20690	0.17241	0.15517	0.46552	1	1.9410e-05
cgcctcg	0.27273	0.20000	0.23636	0.29091	1	1.8406e-05
cgcctct	0.20561	0.14019	0.28037	0.37383	1	3.5808e-05
cgcctga	0.47826	0.08696	0.10870	0.32609	1	1.5394e-05
cgcctgc	0.23729	0.27119	0.13559	0.35593	1	1.9745e-05
cgcctgg	0.25490	0.25490	0.21569	0.27451	1	1.7068e-05
cgcctgt	0.27500	0.21250	0.25000	0.26250	1	2.6773e-05
cgcctta	0.28947	0.17105	0.15789	0.38158	1	2.5434e-05
cgccttc	0.26667	0.22222	0.11111	0.40000	1	3.0119e-05
cgccttg	0.31250	0.22500	0.21250	0.25000	1	2.6773e-05
cgccttt	0.18519	0.20106	0.15344	0.46032	1	6.3250e-05
cgcgaaa	0.49261	0.13300	0.10837	0.26601	1	6.7936e-05
cgcgaac	0.28889	0.15556	0.31111	0.24444	1	1.5060e-05
cgcgaag	0.36986	0.19178	0.20548	0.23288	1	2.4430e-05
cgcgaat	0.26923	0.14103	0.21795	0.37179	1	2.6103e-05
cgcgaca	0.42857	0.21429	0.14286	0.21429	1	1.4056e-05
cgcgacc	0.25926	0.18519	0.29630	0.25926	1	9.0358e-06
cgcgacg	0.11111	0.60000	0.08889	0.20000	1	1.5060e-05
cgcgact	0.26667	0.24444	0.22222	0.26667	1	1.5060e-05
cgcgaga	0.51923	0.11538	0.15385	0.21154	1	1.7402e-05
cgcgagc	0.24138	0.20690	0.17241	0.37931	1	9.7051e-06
cgcgagg	0.27869	0.19672	0.11475	0.40984	1	2.0414e-05
cgcgagt	0.20000	0.11429	0.28571	0.40000	1	1.1713e-05
cgcgata	0.26136	0.14773	0.26136	0.32955	1	2.9450e-05
cgcgatc	0.38776	0.24490	0.08163	0.28571	1	1.6398e-05
cgcgatg	0.50588	0.15294	0.18824	0.15294	1	2.8446e-05
cgcgatt	0.20732	0.18293	0.14634	0.46341	1	2.7442e-05
cgcgcaa	0.32990	0.13402	0.25773	0.27835	1	3.2462e-05
cgcgcac	0.45652	0.15217	0.15217	0.23913	1	1.5394e-05
cgcgcag	0.33962	0.22642	0.32075	0.11321	1	1.7737e-05
cgcgcat	0.34211	0.25000	0.13158	0.27632	1	2.5434e-05
cgcgcca	0.25000	0.23864	0.14773	0.36364	1	2.9450e-05
cgcgccc	0.23529	0.20588	0.26471	0.29412	1	1.1378e-05
cgcgccg	0.10870	0.30435	0.28261	0.30435	1	1.5394e-05
cgcgcct	0.15254	0.30508	0.18644	0.35593	1	1.9745e-05
cgcgcga	0.41304	0.13043	0.13043	0.32609	1	1.5394e-05
cgcgcgc	0.19048	0.32143	0.35714	0.13095	1	2.8111e-05
cgcgcgg	0.12000	0.26000	0.28000	0.34000	1	1.6733e-05
cgcgcgt	0.31148	0.22951	0.19672	0.26230	1	2.0414e-05
cgcgcta	0.28889	0.17778	0.17778	0.35556	1	1.5060e-05
cgcgctc	0.22727	0.13636	0.11364	0.52273	1	1.4725e-05
cgcgctg	0.32353	0.22059	0.13235	0.32353	1	2.2757e-05
cgcgctt	0.18868	0.33962	0.11321	0.35849	1	3.5474e-05
cgcggaa	0.33036	0.14286	0.18750	0.33929	1	3.7482e-05
cgcggac	0.37500	0.20833	0.25000	0.16667	1	8.0318e-06
cgcggag	0.40000	0.16667	0.20000	0.23333	1	2.0079e-05
cgcggat	0.26316	0.14035	0.24561	0.35088	1	1.9076e-05
cgcggca	0.38776	0.20408	0.18367	0.22449	1	1.6398e-05
cgcggcc	0.33333	0.30556	0.19444	0.16667	1	1.2048e-05
cgcggcg	0.30159	0.30159	0.20635	0.19048	1	2.1083e-05
cgcggct	0.20968	0.32258	0.19355	0.27419	1	2.0749e-05
cgcggga	0.31034	0.17241	0.20690	0.31034	1	9.7051e-06
cgcgggc	0.30233	0.20930	0.30233	0.18605	1	1.4390e-05
cgcgggg	0.26415	0.28302	0.15094	0.30189	1	1.7737e-05
cgcgggt	0.46809	0.10638	0.14894	0.27660	1	1.5729e-05
cgcggta	0.32500	0.25000	0.17500	0.25000	1	1.3386e-05
cgcggtc	0.37500	0.04167	0.33333	0.25000	1	8.0318e-06
cgcggtg	0.17647	0.21569	0.09804	0.50980	1	1.7068e-05
cgcggtt	0.18868	0.18868	0.13208	0.49057	1	1.7737e-05
cgcgtaa	0.39167	0.15000	0.15833	0.30000	1	4.0159e-05
cgcgtac	0.38000	0.12000	0.18000	0.32000	1	1.6733e-05
cgcgtag	0.13158	0.26316	0.18421	0.42105	1	1.2717e-05
cgcgtat	0.33333	0.04167	0.15278	0.47222	1	2.4095e-05
cgcgtca	0.31579	0.28947	0.18421	0.21053	1	2.5434e-05
cgcgtcc	0.12500	0.22917	0.22917	0.41667	1	1.6064e-05
cgcgtcg	0.19048	0.47619	0.09524	0.23810	1	2.1083e-05
cgcgtct	0.15942	0.23188	0.21739	0.39130	1	2.3091e-05
cgcgtga	0.40909	0.15909	0.15909	0.27273	1	1.4725e-05
cgcgtgc	0.18421	0.21053	0.28947	0.31579	1	1.2717e-05
cgcgtgg	0.27273	0.20455	0.18182	0.34091	1	1.4725e-05
cgcgtgt	0.23913	0.19565	0.21739	0.34783	1	1.5394e-05
cgcgtta	0.30233	0.19767	0.20930	0.29070	1	2.8781e-05
cgcgttc	0.20000	0.18333	0.20000	0.41667	1	2.0079e-05
cgcgttg	0.28049	0.23171	0.20732	0.28049	1	2.7442e-05
cgcgttt	0.19022	0.21739	0.19565	0.39674	1	6.1577e-05
cgctaaa	0.35503	0.18935	0.14201	0.31361	1	5.6557e-05
cgctaac	0.41558	0.15584	0.15584	0.27273	1	2.5769e-05
cgctaag	0.41096	0.16438	0.27397	0.15068	1	2.4430e-05
cgctaat	0.36154	0.16923	0.16154	0.30769	1	4.3506e-05
cgctaca	0.28947	0.22368	0.22368	0.26316	1	2.5434e-05
cgctacc	0.39062	0.25000	0.14062	0.21875	1	2.1418e-05
cgctacg	0.20408	0.26531	0.20408	0.32653	1	1.6398e-05
cgctact	0.20536	0.20536	0.20536	0.38393	1	3.7482e-05
cgctaga	0.33333	0.14493	0.17391	0.34783	1	2.3091e-05
cgctagc	0.28125	0.23438	0.23438	0.25000	1	2.1418e-05
cgctagg	0.40426	0.25532	0.14894	0.19149	1	1.5729e-05
cgctagt	0.32258	0.12903	0.17742	0.37097	1	2.0749e-05
cgctata	0.33607	0.16393	0.14754	0.35246	1	4.0828e-05
cgctatc	0.35965	0.15789	0.21053	0.27193	1	3.8151e-05
cgctatg	0.32836	0.14925	0.25373	0.26866	1	2.2422e-05
cgctatt	0.25118	0.17536	0.20379	0.36967	1	7.0613e-05
cgctcaa	0.38462	0.18681	0.20879	0.21978	1	3.0454e-05
cgctcac	0.35294	0.25000	0.14706	0.25000	1	2.2757e-05
cgctcag	0.31707	0.24390	0.14634	0.29268	1	1.3721e-05
cgctcat	0.28571	0.12381	0.12381	0.46667	1	3.5139e-05
cgctcca	0.42623	0.11475	0.22951	0.22951	1	2.0414e-05
cgctccc	0.13158	0.26316	0.21053	0.39474	1	1.2717e-05
cgctccg	0.24324	0.18919	0.18919	0.37838	1	1.2382e-05
cgctcct	0.16438	0.17808	0.15068	0.50685	1	2.4430e-05
cgctcga	0.37500	0.16071	0.26786	0.19643	1	1.8741e-05
cgctcgc	0.23810	0.23810	0.21429	0.30952	1	1.4056e-05
cgctcgg	0.48485	0.18182	0.15152	0.18182	1	1.1044e-05
cgctcgt	0.22449	0.08163	0.20408	0.48980	1	1.6398e-05
cgctcta	0.25000	0.13235	0.10294	0.51471	1	2.2757e-05
cgctctc	0.15476	0.25000	0.23810	0.35714	1	2.8111e-05
cgctctg	0.20755	0.37736	0.11321	0.30189	1	1.7737e-05
cgctctt	0.14379	0.20915	0.22876	0.41830	1	5.1203e-05
cgctgaa	0.45536	0.19643	0.20536	0.14286	1	3.7482e-05
cgctgac	0.32727	0.20000	0.18182	0.29091	1	1.8406e-05
cgctgag	0.38356	0.16438	0.26027	0.19178	1	2.4430e-05
cgctgat	0.30435	0.09783	0.29348	0.30435	1	3.0789e-05
cgctgca	0.24000	0.22000	0.24000	0.30000	1	3.3466e-05
cgctgcc	0.29412	0.26471	0.19118	0.25000	1	2.2757e-05
cgctgcg	0.18333	0.23333	0.30000	0.28333	1	2.0079e-05
cgctgct	0.28037	0.21495	0.26168	0.24299	1	3.5808e-05
cgctgga	0.43243	0.13514	0.16216	0.27027	1	2.4765e-05
cgctggc	0.25532	0.27660	0.19149	0.27660	1	1.5729e-05
cgctggg	0.28205	0.30769	0.15385	0.25641	1	1.3052e-05
cgctggt	0.25862	0.24138	0.27586	0.22414	1	1.9410e-05
cgctgta	0.30952	0.23810	0.14286	0.30952	1	2.8111e-05
cgctgtc	0.35294	0.26471	0.23529	0.14706	1	2.2757e-05
cgctgtg	0.37931	0.20690	0.13793	0.27586	1	1.9410e-05
cgctgtt	0.21477	0.17450	0.22819	0.38255	1	4.9864e-05
cgcttaa	0.40000	0.21600	0.13600	0.24800	1	4.1832e-05
cgcttac	0.21951	0.18293	0.24390	0.35366	1	2.7442e-05
cgcttag	0.23077	0.33846	0.12308	0.30769	1	2.1753e-05
cgcttat	0.26012	0.26590	0.13295	0.34104	1	5.7896e-05
cgcttca	0.38393	0.13393	0.15179	0.33036	1	3.7482e-05
cgcttcc	0.38261	0.24348	0.11304	0.26087	1	3.8486e-05
cgcttcg	0.21839	0.20690	0.27586	0.29885	1	2.9115e-05
cgcttct	0.15663	0.18675	0.22289	0.43373	1	5.5553e-05
cgcttga	0.38938	0.20354	0.15929	0.24779	1	3.7816e-05
cgcttgc	0.28395	0.17284	0.11111	0.43210	1	2.7107e-05
cgcttgg	0.25000	0.40385	0.13462	0.21154	1	1.7402e-05
cgcttgt	0.36585	0.14634	0.14634	0.34146	1	4.1163e-05
cgcttta	0.25749	0.23353	0.17365	0.33533	1	5.5888e-05
cgctttc	0.28070	0.19883	0.12865	0.39181	1	5.7227e-05
cgctttg	0.22951	0.18852	0.19672	0.38525	1	4.0828e-05
cgctttt	0.24462	0.21237	0.16398	0.37903	1	1.2449e-04
cggaaaa	0.47044	0.11568	0.22108	0.19280	1	1.3018e-04
cggaaac	0.22293	0.19745	0.22293	0.35669	1	5.2541e-05
cggaaag	0.31944	0.17361	0.27083	0.23611	1	4.8191e-05
cggaaat	0.31897	0.20259	0.18534	0.29310	1	7.7641e-05
cggaaca	0.37374	0.14141	0.14141	0.34343	1	3.3131e-05
cggaacc	0.21429	0.25714	0.28571	0.24286	1	2.3426e-05
cggaacg	0.31148	0.09836	0.26230	0.32787	1	2.0414e-05
cggaact	0.27711	0.15663	0.15663	0.40964	1	2.7777e-05
cggaaga	0.49390	0.15854	0.20122	0.14634	1	5.4884e-05
cggaagc	0.33333	0.19753	0.23457	0.23457	1	2.7107e-05
cggaagg	0.37234	0.15957	0.22340	0.24468	1	3.1458e-05
cggaagt	0.35366	0.12195	0.25610	0.26829	1	2.7442e-05
cggaata	0.37324	0.15493	0.15493	0.31690	1	4.7521e-05
cggaatc	0.33333	0.13725	0.16667	0.36275	1	3.4135e-05
cggaatg	0.58025	0.11111	0.11111	0.19753	1	5.4215e-05
cggaatt	0.27778	0.14815	0.19444	0.37963	1	3.6143e-05
cggacaa	0.36923	0.18462	0.12308	0.32308	1	2.1753e-05
cggacac	0.26316	0.26316	0.26316	0.21053	1	1.2717e-05
cggacag	0.29787	0.29787	0.19149	0.21277	1	1.5729e-05
cggacat	0.36364	0.21212	0.13636	0.28788	1	2.2087e-05
cggacca	0.43590	0.23077	0.12821	0.20513	1	1.3052e-05
cggaccc	0.17778	0.28889	0.15556	0.37778	1	1.5060e-05
cggaccg	0.40000	0.28571	0.20000	0.11429	1	1.1713e-05
cggacct	0.16327	0.26531	0.18367	0.38776	1	1.6398e-05
cggacga	0.34091	0.04545	0.18182	0.43182	1	1.4725e-05
cggacgc	0.25000	0.21875	0.31250	0.21875	1	1.0709e-05
cggacgg	0.29630	0.18519	0.22222	0.29630	1	9.0358e-06
cggacgt	0.21739	0.17391	0.28261	0.32609	1	1.5394e-05
cggacta	0.29825	0.12281	0.08772	0.49123	1	1.9076e-05
cggactc	0.35294	0.23529	0.08824	0.32353	1	1.1378e-05
cggactg	0.28205	0.20513	0.25641	0.25641	1	1.3052e-05
cggactt	0.25397	0.17460	0.04762	0.52381	1	2.1083e-05
cggagaa	0.52778	0.19444	0.11111	0.16667	1	4.8191e-05
cggagac	0.30556	0.22222	0.33333	0.13889	1	1.2048e-05
cggagag	0.32051	0.20513	0.28205	0.19231	1	2.6103e-05
cggagat	0.35211	0.08451	0.25352	0.30986	1	2.3761e-05
cggagca	0.25806	0.24194	0.33871	0.16129	1	2.0749e-05
cggagcc	0.27027	0.27027	0.13514	0.32432	1	1.2382e-05
cggagcg	0.30769	0.10256	0.23077	0.35897	1	1.3052e-05
cggagct	0.19608	0.33333	0.19608	0.27451	1	1.7068e-05
cggagga	0.41935	0.12903	0.29032	0.16129	1	2.0749e-05
cggaggc	0.18182	0.34091	0.18182	0.29545	1	1.4725e-05
cggaggg	0.44444	0.13333	0.22222	0.20000	1	1.5060e-05
cggaggt	0.27083	0.25000	0.27083	0.20833	1	1.6064e-05
cggagta	0.30000	0.11667	0.30000	0.28333	1	2.0079e-05
cggagtc	0.26471	0.26471	0.20588	0.26471	1	1.1378e-05
cggagtg	0.31884	0.15942	0.07246	0.44928	1	2.3091e-05
cggagtt	0.35354	0.12121	0.12121	0.40404	1	3.3131e-05
cggataa	0.29204	0.16814	0.21239	0.32743	1	3.7816e-05
cggatac	0.21538	0.23077	0.23077	0.32308	1	2.1753e-05
cggatag	0.42857	0.12500	0.16071	0.28571	1	1.8741e-05
cggatat	0.25000	0.15714	0.14286	0.45000	1	4.6852e-05
cggatca	0.23333	0.21667	0.15000	0.40000	1	2.0079e-05
cggatcc	0.23913	0.19565	0.36957	0.19565	1	1.5394e-05
cggatcg	0.30303	0.18182	0.15152	0.36364	1	1.1044e-05
cggatct	0.37079	0.07865	0.19101	0.35955	1	2.9785e-05
cggatga	0.40506	0.13924	0.12658	0.32911	1	2.6438e-05
cggatgc	0.39583	0.08333	0.27083	0.25000	1	1.6064e-05
cggatgg	0.30233	0.16279	0.16279	0.37209	1	1.4390e-05
cggatgt	0.34783	0.11957	0.13043	0.40217	1	3.0789e-05
cggatta	0.31915	0.14894	0.14894	0.38298	1	3.1458e-05
cggattc	0.28571	0.19643	0.05357	0.46429	1	1.8741e-05
cggattg	0.28205	0.20513	0.19231	0.32051	1	2.6103e-05
cggattt	0.25000	0.19595	0.14865	0.40541	1	4.9529e-05
cggcaaa	0.42373	0.13559	0.20904	0.23164	1	5.9234e-05
cggcaac	0.20548	0.23288	0.23288	0.32877	1	2.4430e-05
cggcaag	0.35897	0.23077	0.20513	0.20513	1	2.6103e-05
cggcaat	0.25490	0.09804	0.22549	0.42157	1	3.4135e-05
cggcaca	0.29231	0.26154	0.18462	0.26154	1	2.1753e-05
cggcacc	0.24138	0.41379	0.15517	0.18966	1	1.9410e-05
cggcacg	0.29167	0.22917	0.22917	0.25000	1	1.6064e-05
cggcact	0.32692	0.07692	0.25000	0.34615	1	1.7402e-05
cggcaga	0.46067	0.10112	0.23596	0.20225	1	2.9785e-05
cggcagc	0.27778	0.12963	0.20370	0.38889	1	1.8072e-05
cggcagg	0.44118	0.20588	0.29412	0.05882	1	1.1378e-05
cggcagt	0.30667	0.16000	0.20000	0.33333	1	2.5099e-05
cggcata	0.33333	0.11111	0.11111	0.44444	1	2.7107e-05
cggcatc	0.32353	0.16176	0.25000	0.26471	1	2.2757e-05
cggcatg	0.31373	0.21569	0.25490	0.21569	1	1.7068e-05
cggcatt	0.22689	0.19328	0.19328	0.38655	1	3.9824e-05
cggccaa	0.39344	0.16393	0.21311	0.22951	1	2.0414e-05
cggccac	0.31373	0.17647	0.31373	0.19608	1	1.7068e-05
cggccag	0.26471	0.26471	0.17647	0.29412	1	1.1378e-05
cggccat	0.32812	0.20312	0.10938	0.35938	1	2.1418e-05
cggccca	0.39474	0.15789	0.23684	0.21053	1	1.2717e-05
cggcccc	0.22500	0.12500	0.30000	0.35000	1	1.3386e-05
cggcccg	0.20408	0.30612	0.22449	0.26531	1	1.6398e-05
cggccct	0.17143	0.22857	0.05714	0.54286	1	1.1713e-05
cggccga	0.28302	0.13208	0.26415	0.32075	1	1.7737e-05
cggccgc	0.35714	0.16667	0.23810	0.23810	1	1.4056e-05
cggccgg	0.26087	0.28261	0.32609	0.13043	1	1.5394e-05
cggccgt	0.20513	0.28205	0.17949	0.33333	1	1.3052e-05
cggccta	0.30556	0.16667	0.22222	0.30556	1	1.2048e-05
cggcctc	0.30357	0.35714	0.14286	0.19643	1	1.8741e-05
cggcctg	0.25000	0.27083	0.20833	0.27083	1	1.6064e-05
cggcctt	0.07576	0.30303	0.27273	0.34848	1	2.2087e-05
cggcgaa	0.47826	0.13043	0.24638	0.14493	1	2.3091e-05
cggcgac	0.27907	0.09302	0.23256	0.39535	1	1.4390e-05
cggcgag	0.30435	0.21739	0.13043	0.34783	1	1.5394e-05
cggcgat	0.25373	0.19403	0.28358	0.26866	1	2.2422e-05
cggcgca	0.14894	0.34043	0.31915	0.19149	1	1.5729e-05
cggcgcc	0.25000	0.20455	0.38636	0.15909	1	1.4725e-05
cggcgcg	0.23214	0.16071	0.42857	0.17857	1	1.8741e-05
cggcgct	0.39062	0.12500	0.20312	0.28125	1	2.1418e-05
cggcgga	0.38462	0.19231	0.30769	0.11538	1	1.7402e-05
cggcggc	0.24528	0.06604	0.16038	0.52830	1	3.5474e-05
cggcggg	0.10638	0.19149	0.51064	0.19149	1	1.5729e-05
cggcggt	0.21569	0.13725	0.17647	0.47059	1	1.7068e-05
cggcgta	0.26316	0.15789	0.26316	0.31579	1	1.2717e-05
cggcgtc	0.28000	0.24000	0.16000	0.32000	1	1.6733e-05
cggcgtg	0.15909	0.18182	0.20455	0.45455	1	1.4725e-05
cggcgtt	0.37333	0.20000	0.16000	0.26667	1	2.5099e-05
cggctaa	0.45038	0.16031	0.15267	0.23664	1	4.3840e-05
cggctac	0.41667	0.15000	0.16667	0.26667	1	2.0079e-05
cggctag	0.33333	0.25000	0.08333	0.33333	1	1.6064e-05
cggctat	0.22321	0.10714	0.12500	0.54464	1	3.7482e-05
cggctca	0.33333	0.24638	0.11594	0.30435	1	2.3091e-05
cggctcc	0.16364	0.32727	0.25455	0.25455	1	1.8406e-05
cggctcg	0.28889	0.24444	0.17778	0.28889	1	1.5060e-05
cggctct	0.20270	0.20270	0.18919	0.40541	1	2.4765e-05
cggctga	0.22892	0.19277	0.37349	0.20482	1	2.7777e-05
cggctgc	0.30508	0.18644	0.20339	0.30508	1	1.9745e-05
cggctgg	0.21739	0.23913	0.23913	0.30435	1	1.5394e-05
cggctgt	0.23256	0.20930	0.23256	0.32558	1	2.8781e-05
cggctta	0.23684	0.18421	0.26316	0.31579	1	2.5434e-05
cggcttc	0.27711	0.20482	0.12048	0.39759	1	2.7777e-05
cggcttg	0.33333	0.30435	0.13043	0.23188	1	2.3091e-05
cggcttt	0.21429	0.14286	0.16234	0.48052	1	5.1537e-05
cgggaaa	0.45213	0.13830	0.19149	0.21809	1	6.2916e-05
cgggaac	0.28070	0.21053	0.29825	0.21053	1	1.9076e-05
cgggaag	0.41096	0.17808	0.15068	0.26027	1	2.4430e-05
cgggaat	0.42105	0.15789	0.17105	0.25000	1	2.5434e-05
cgggaca	0.30556	0.16667	0.27778	0.25000	1	1.2048e-05
cgggacc	0.30769	0.19231	0.23077	0.26923	1	8.7011e-06
cgggacg	0.44828	0.20690	0.13793	0.20690	1	9.7051e-06
cgggact	0.33333	0.16667	0.26667	0.23333	1	1.0040e-05
cgggaga	0.44444	0.14286	0.19048	0.22222	1	2.1083e-05
cgggagc	0.31429	0.54286	0.11429	0.02857	1	1.1713e-05
cgggagg	0.43243	0.16216	0.24324	0.16216	1	1.2382e-05
cgggagt	0.18421	0.23684	0.26316	0.31579	1	1.2717e-05
cgggata	0.34375	0.18750	0.18750	0.28125	1	2.1418e-05
cgggatc	0.40625	0.15625	0.09375	0.34375	1	1.0709e-05
cgggatg	0.40816	0.18367	0.12245	0.28571	1	1.6398e-05
cgggatt	0.25000	0.19737	0.11842	0.43421	1	2.5434e-05
cgggcaa	0.32394	0.15493	0.19718	0.32394	1	2.3761e-05
cgggcac	0.43243	0.16216	0.18919	0.21622	1	1.2382e-05
cgggcag	0.25000	0.29545	0.15909	0.29545	1	1.4725e-05
cgggcat	0.29412	0.25490	0.13725	0.31373	1	1.7068e-05
cgggcca	0.54348	0.15217	0.13043	0.17391	1	1.5394e-05
cgggccc	0.11111	0.33333	0.19444	0.36111	1	1.2048e-05
cgggccg	0.33333	0.22222	0.17778	0.26667	1	1.5060e-05
cgggcct	0.14634	0.14634	0.21951	0.48780	1	1.3721e-05
cgggcga	0.37143	0.22857	0.20000	0.20000	1	1.1713e-05
cgggcgc	0.26471	0.26471	0.17647	0.29412	1	1.1378e-05
cgggcgg	0.16667	0.26190	0.42857	0.14286	1	1.4056e-05
cgggcgt	0.13333	0.40000	0.26667	0.20000	1	1.0040e-05
cgggcta	0.45946	0.18919	0.16216	0.18919	1	1.2382e-05
cgggctc	0.21277	0.04255	0.44681	0.29787	1	1.5729e-05
cgggctg	0.23256	0.30233	0.23256	0.23256	1	1.4390e-05
cgggctt	0.16000	0.18000	0.24000	0.42000	1	1.6733e-05
cggggaa	0.47312	0.13978	0.26882	0.11828	1	3.1123e-05
cggggac	0.36364	0.18182	0.22727	0.22727	1	7.3625e-06
cggggag	0.34615	0.23077	0.19231	0.23077	1	8.7011e-06
cggggat	0.34091	0.25000	0.20455	0.20455	1	1.4725e-05
cggggca	0.18182	0.27273	0.39394	0.15152	1	1.1044e-05
cggggcc	0.17500	0.50000	0.22500	0.10000	1	1.3386e-05
cggggcg	0.13514	0.32432	0.43243	0.10811	1	1.2382e-05
cggggct	0.35897	0.20513	0.17949	0.25641	1	1.3052e-05
cggggga	0.48276	0.06897	0.17241	0.27586	1	9.7051e-06
cgggggc	0.39130	0.26087	0.21739	0.13043	1	7.6971e-06
cgggggg	0.23077	0.19231	0.23077	0.34615	1	8.7011e-06
cgggggt	0.24000	0.12000	0.32000	0.32000	1	8.3665e-06
cggggta	0.57407	0.03704	0.18519	0.20370	1	1.8072e-05
cggggtc	0.16000	0.52000	0.08000	0.24000	1	8.3665e-06
cggggtg	0.34211	0.13158	0.13158	0.39474	1	1.2717e-05
cggggtt	0.20833	0.19444	0.20833	0.38889	1	2.4095e-05
cgggtaa	0.18052	0.31805	0.13467	0.36676	1	1.1680e-04
cgggtac	0.22727	0.38636	0.06818	0.31818	1	1.4725e-05
cgggtag	0.13846	0.38462	0.12308	0.35385	1	2.1753e-05
cgggtat	0.25974	0.33766	0.05195	0.35065	1	2.5769e-05
cgggtca	0.14634	0.48780	0.14634	0.21951	1	1.3721e-05
cgggtcc	0.28000	0.36000	0.28000	0.08000	1	8.3665e-06
cgggtcg	0.12500	0.33333	0.29167	0.25000	1	8.0318e-06
cgggtct	0.07407	0.14815	0.18519	0.59259	1	9.0358e-06
cgggtga	0.21951	0.24390	0.19512	0.34146	1	2.7442e-05
cgggtgc	0.46341	0.19512	0.12195	0.21951	1	1.3721e-05
cgggtgg	0.15152	0.36364	0.30303	0.18182	1	1.1044e-05
cgggtgt	0.32653	0.18367	0.12245	0.36735	1	1.6398e-05
cgggtta	0.11842	0.30263	0.23684	0.34211	1	2.5434e-05
cgggttc	0.30769	0.17949	0.23077	0.28205	1	1.3052e-05
cgggttg	0.17647	0.11765	0.35294	0.35294	1	1.1378e-05
cgggttt	0.13333	0.08571	0.17143	0.60952	1	3.5139e-05
cggtaaa	0.31288	0.19018	0.25153	0.24540	1	5.4549e-05
cggtaac	0.21795	0.23077	0.17949	0.37179	1	2.6103e-05
cggtaag	0.27160	0.23457	0.22222	0.27160	1	2.7107e-05
cggtaat	0.27559	0.11024	0.25984	0.35433	1	4.2502e-05
cggtaca	0.23333	0.20000	0.26667	0.30000	1	2.0079e-05
cggtacc	0.20000	0.28889	0.17778	0.33333	1	1.5060e-05
cggtacg	0.19565	0.28261	0.26087	0.26087	1	1.5394e-05
cggtact	0.37500	0.12500	0.19643	0.30357	1	1.8741e-05
cggtaga	0.34524	0.16667	0.21429	0.27381	1	2.8111e-05
cggtagc	0.34848	0.25758	0.18182	0.21212	1	2.2087e-05
cggtagg	0.36842	0.10526	0.23684	0.28947	1	1.2717e-05
cggtagt	0.29245	0.10377	0.24528	0.35849	1	3.5474e-05
cggtata	0.34167	0.15833	0.19167	0.30833	1	4.0159e-05
cggtatc	0.28571	0.25397	0.15873	0.30159	1	2.1083e-05
cggtatg	0.28788	0.16667	0.21212	0.33333	1	2.2087e-05
cggtatt	0.29605	0.21053	0.13158	0.36184	1	5.0868e-05
cggtcaa	0.23881	0.11940	0.35821	0.28358	1	2.2422e-05
cggtcac	0.33333	0.23333	0.20000	0.23333	1	2.0079e-05
cggtcag	0.26087	0.21739	0.21739	0.30435	1	7.6971e-06
cggtcat	0.19048	0.14286	0.07937	0.58730	1	2.1083e-05
cggtcca	0.39394	0.15152	0.15152	0.30303	1	1.1044e-05
cggtccc	0.25000	0.17857	0.21429	0.35714	1	9.3704e-06
cggtccg	0.26471	0.20588	0.26471	0.26471	1	1.1378e-05
cggtcct	0.21053	0.23684	0.18421	0.36842	1	1.2717e-05
cggtcga	0.44118	0.08824	0.14706	0.32353	1	1.1378e-05
cggtcgc	0.27778	0.25000	0.25000	0.22222	1	1.2048e-05
cggtcgg	0.25806	0.19355	0.38710	0.16129	1	1.0374e-05
cggtcgt	0.30952	0.19048	0.16667	0.33333	1	1.4056e-05
cggtcta	0.31707	0.12195	0.17073	0.39024	1	1.3721e-05
cggtctc	0.34091	0.15909	0.20455	0.29545	1	1.4725e-05
cggtctg	0.23256	0.13953	0.27907	0.34884	1	1.4390e-05
cggtctt	0.17284	0.18519	0.27160	0.37037	1	2.7107e-05
cggtgaa	0.47273	0.10000	0.18182	0.24545	1	3.6812e-05
cggtgac	0.32653	0.22449	0.18367	0.26531	1	1.6398e-05
cggtgag	0.30000	0.16000	0.22000	0.32000	1	1.6733e-05
cggtgat	0.35135	0.12162	0.24324	0.28378	1	2.4765e-05
cggtgca	0.30769	0.20000	0.26154	0.23077	1	2.1753e-05
cggtgcc	0.26667	0.20000	0.06667	0.46667	1	1.5060e-05
cggtgcg	0.30233	0.09302	0.46512	0.13953	1	1.4390e-05
cggtgct	0.18644	0.10169	0.33898	0.37288	1	1.9745e-05
cggtgga	0.38462	0.19231	0.17308	0.25000	1	1.7402e-05
cggtggc	0.52055	0.13699	0.15068	0.19178	1	2.4430e-05
cggtggg	0.35714	0.23810	0.19048	0.21429	1	1.4056e-05
cggtggt	0.33929	0.14286	0.30357	0.21429	1	1.8741e-05
cggtgta	0.43023	0.18605	0.10465	0.27907	1	2.8781e-05
cggtgtc	0.33333	0.17778	0.20000	0.28889	1	1.5060e-05
cggtgtg	0.35593	0.27119	0.13559	0.23729	1	1.9745e-05
cggtgtt	0.68670	0.06867	0.06438	0.18026	1	7.7975e-05
cggttaa	0.35417	0.18750	0.21875	0.23958	1	3.2127e-05
cggttac	0.22857	0.22857	0.15714	0.38571	1	2.3426e-05
cggttag	0.17391	0.32609	0.06522	0.43478	1	1.5394e-05
cggttat	0.28125	0.17188	0.18750	0.35938	1	4.2836e-05
cggttca	0.50000	0.07143	0.14286	0.28571	1	1.8741e-05
cggttcc	0.29851	0.11940	0.32836	0.25373	1	2.2422e-05
cggttcg	0.40909	0.20455	0.13636	0.25000	1	1.4725e-05
cggttct	0.18269	0.30769	0.12500	0.38462	1	3.4804e-05
cggttga	0.38667	0.12000	0.21333	0.28000	1	2.5099e-05
cggttgc	0.26667	0.21667	0.13333	0.38333	1	2.0079e-05
cggttgg	0.28333	0.15000	0.20000	0.36667	1	2.0079e-05
cggttgt	0.23077	0.21795	0.15385	0.39744	1	2.6103e-05
cggttta	0.25210	0.22689	0.19328	0.32773	1	3.9824e-05
cggtttc	0.25893	0.26786	0.13393	0.33929	1	3.7482e-05
cggtttg	0.20000	0.26316	0.25263	0.28421	1	3.1793e-05
cggtttt	0.12451	0.19844	0.16732	0.50973	1	8.6007e-05
cgtaaaa	0.36000	0.12364	0.23273	0.28364	1	9.2031e-05
cgtaaac	0.43750	0.13194	0.20139	0.22917	1	4.8191e-05
cgtaaag	0.36957	0.20109	0.22826	0.20109	1	6.1577e-05
cgtaaat	0.45418	0.16335	0.13944	0.24303	1	8.3999e-05
cgtaaca	0.45775	0.15493	0.14789	0.23944	1	4.7521e-05
cgtaacc	0.35294	0.19118	0.13235	0.32353	1	2.2757e-05
cgtaacg	0.28205	0.21795	0.19231	0.30769	1	2.6103e-05
cgtaact	0.26471	0.13725	0.21569	0.38235	1	3.4135e-05
cgtaaga	0.41085	0.19380	0.15504	0.24031	1	4.3171e-05
cgtaagc	0.26667	0.17333	0.26667	0.29333	1	2.5099e-05
cgtaagg	0.30986	0.15493	0.25352	0.28169	1	2.3761e-05
cgtaagt	0.34737	0.14737	0.16842	0.33684	1	3.1793e-05
cgtaata	0.26230	0.13770	0.13770	0.46230	1	1.0207e-04
cgtaatc	0.33000	0.17000	0.21000	0.29000	1	3.3466e-05
cgtaatg	0.26606	0.23853	0.22018	0.27523	1	3.6478e-05
cgtaatt	0.24519	0.17308	0.25481	0.32692	1	6.9609e-05
cgtacaa	0.36420	0.16667	0.20988	0.25926	1	5.4215e-05
cgtacac	0.35354	0.27273	0.09091	0.28283	1	3.3131e-05
cgtacag	0.31765	0.18824	0.12941	0.36471	1	2.8446e-05
cgtacat	0.36667	0.15556	0.12778	0.35000	1	6.0238e-05
cgtacca	0.40000	0.12941	0.22353	0.24706	1	2.8446e-05
cgtaccc	0.24444	0.17778	0.15556	0.42222	1	1.5060e-05
cgtaccg	0.33962	0.18868	0.13208	0.33962	1	1.7737e-05
cgtacct	0.32051	0.23077	0.16667	0.28205	1	2.6103e-05
cgtacga	0.36000	0.17333	0.20000	0.26667	1	2.5099e-05
cgtacgc	0.38000	0.18000	0.14000	0.30000	1	1.6733e-05
cgtacgg	0.28571	0.26531	0.12245	0.32653	1	1.6398e-05
cgtacgt	0.42574	0.16832	0.19802	0.20792	1	3.3800e-05
cgtacta	0.23932	0.27350	0.18803	0.29915	1	3.9155e-05
cgtactc	0.22973	0.18919	0.14865	0.43243	1	2.4765e-05
cgtactg	0.22989	0.20690	0.17241	0.39080	1	2.9115e-05
cgtactt	0.18788	0.21818	0.14545	0.44848	1	5.5219e-05
cgtagaa	0.37179	0.17308	0.21154	0.24359	1	5.2207e-05
cgtagac	0.39024	0.09756	0.21951	0.29268	1	1.3721e-05
cgtagag	0.30263	0.25000	0.23684	0.21053	1	2.5434e-05
cgtagat	0.27551	0.21429	0.24490	0.26531	1	3.2796e-05
cgtagca	0.23457	0.20988	0.20988	0.34568	1	2.7107e-05
cgtagcc	0.39623	0.13208	0.16981	0.30189	1	1.7737e-05
cgtagcg	0.20370	0.29630	0.24074	0.25926	1	1.8072e-05
cgtagct	0.26984	0.22222	0.15873	0.34921	1	2.1083e-05
cgtagga	0.32911	0.24051	0.17722	0.25316	1	2.6438e-05
cgtaggc	0.43137	0.09804	0.21569	0.25490	1	1.7068e-05
cgtaggg	0.38095	0.23810	0.16667	0.21429	1	1.4056e-05
cgtaggt	0.20270	0.36486	0.18919	0.24324	1	2.4765e-05
cgtagta	0.30392	0.11765	0.19608	0.38235	1	3.4135e-05
cgtagtc	0.35593	0.22034	0.15254	0.27119	1	1.9745e-05
cgtagtg	0.36842	0.15789	0.18421	0.28947	1	2.5434e-05
cgtagtt	0.24427	0.22901	0.16794	0.35878	1	4.3840e-05
cgtataa	0.37931	0.13362	0.21552	0.27155	1	7.7641e-05
cgtatac	0.30151	0.20603	0.29146	0.20101	1	6.6597e-05
cgtatag	0.32673	0.13861	0.20792	0.32673	1	3.3800e-05
cgtatat	0.38771	0.11653	0.26483	0.23093	1	1.5796e-04
cgtatca	0.36220	0.16535	0.15748	0.31496	1	4.2502e-05
cgtatcc	0.30000	0.18333	0.21667	0.30000	1	2.0079e-05
cgtatcg	0.20370	0.31481	0.12963	0.35185	1	1.8072e-05
cgtatct	0.20000	0.23846	0.19231	0.36923	1	4.3506e-05
cgtatga	0.30233	0.27907	0.17442	0.24419	1	2.8781e-05
cgtatgc	0.40260	0.10390	0.28571	0.20779	1	2.5769e-05
cgtatgg	0.25926	0.18519	0.20370	0.35185	1	1.8072e-05
cgtatgt	0.38462	0.13077	0.20000	0.28462	1	4.3506e-05
cgtatta	0.22660	0.22167	0.14286	0.40887	1	6.7936e-05
cgtattc	0.27545	0.19760	0.11976	0.40719	1	5.5888e-05
cgtattg	0.25161	0.16129	0.14194	0.44516	1	5.1872e-05
cgtattt	0.23510	0.16887	0.17881	0.41722	1	1.0107e-04
cgtcaaa	0.46561	0.12169	0.21164	0.20106	1	6.3250e-05
cgtcaac	0.32877	0.21918	0.20548	0.24658	1	2.4430e-05
cgtcaag	0.41284	0.09174	0.22018	0.27523	1	3.6478e-05
cgtcaat	0.37037	0.16296	0.12593	0.34074	1	4.5179e-05
cgtcaca	0.33043	0.13913	0.15652	0.37391	1	3.8486e-05
cgtcacc	0.30986	0.26761	0.11268	0.30986	1	2.3761e-05
cgtcacg	0.24324	0.16216	0.10811	0.48649	1	1.2382e-05
cgtcact	0.27907	0.12791	0.30233	0.29070	1	2.8781e-05
cgtcaga	0.30263	0.23684	0.23684	0.22368	1	2.5434e-05
cgtcagc	0.30769	0.30769	0.21154	0.17308	1	1.7402e-05
cgtcagg	0.54054	0.16216	0.21622	0.08108	1	1.2382e-05
cgtcagt	0.31034	0.14943	0.17241	0.36782	1	2.9115e-05
cgtcata	0.32540	0.15079	0.18254	0.34127	1	4.2167e-05
cgtcatc	0.24823	0.22695	0.12766	0.39716	1	4.7187e-05
cgtcatg	0.27273	0.10909	0.20000	0.41818	1	1.8406e-05
cgtcatt	0.17059	0.21176	0.17647	0.44118	1	5.6892e-05
cgtccaa	0.32308	0.23077	0.15385	0.29231	1	2.1753e-05
cgtccac	0.28846	0.28846	0.19231	0.23077	1	1.7402e-05
cgtccag	0.30303	0.18182	0.15152	0.36364	1	1.1044e-05
cgtccat	0.35000	0.18750	0.12500	0.33750	1	2.6773e-05
cgtccca	0.35185	0.27778	0.14815	0.22222	1	1.8072e-05
cgtcccc	0.18919	0.21622	0.08108	0.51351	1	1.2382e-05
cgtcccg	0.24000	0.24000	0.20000	0.32000	1	8.3665e-06
cgtccct	0.18367	0.14286	0.16327	0.51020	1	1.6398e-05
cgtccga	0.42222	0.15556	0.15556	0.26667	1	1.5060e-05
cgtccgc	0.43243	0.10811	0.10811	0.35135	1	1.2382e-05
cgtccgg	0.25806	0.25806	0.35484	0.12903	1	1.0374e-05
cgtccgt	0.36364	0.20455	0.11364	0.31818	1	1.4725e-05
cgtccta	0.30000	0.31667	0.11667	0.26667	1	2.0079e-05
cgtcctc	0.20000	0.23636	0.09091	0.47273	1	1.8406e-05
cgtcctg	0.28261	0.19565	0.19565	0.32609	1	1.5394e-05
cgtcctt	0.14655	0.31897	0.12069	0.41379	1	3.8820e-05
cgtcgaa	0.37333	0.13333	0.25333	0.24000	1	2.5099e-05
cgtcgac	0.26667	0.10000	0.26667	0.36667	1	1.0040e-05
cgtcgag	0.22581	0.19355	0.35484	0.22581	1	1.0374e-05
cgtcgat	0.25000	0.29688	0.10938	0.34375	1	2.1418e-05
cgtcgca	0.27119	0.23729	0.28814	0.20339	1	1.9745e-05
cgtcgcc	0.27907	0.16279	0.32558	0.23256	1	1.4390e-05
cgtcgcg	0.15000	0.30000	0.07500	0.47500	1	1.3386e-05
cgtcgct	0.36842	0.17544	0.21053	0.24561	1	1.9076e-05
cgtcgga	0.47368	0.13158	0.23684	0.15789	1	1.2717e-05
cgtcggc	0.23810	0.21429	0.35714	0.19048	1	1.4056e-05
cgtcggg	0.24000	0.28000	0.20000	0.28000	1	8.3665e-06
cgtcggt	0.42500	0.12500	0.12500	0.32500	1	1.3386e-05
cgtcgta	0.24528	0.22642	0.18868	0.33962	1	1.7737e-05
cgtcgtc	0.30189	0.18868	0.26415	0.24528	1	1.7737e-05
cgtcgtg	0.24490	0.22449	0.34694	0.18367	1	1.6398e-05
cgtcgtt	0.23864	0.15909	0.25000	0.35227	1	2.9450e-05
cgtctaa	0.29670	0.21978	0.13187	0.35165	1	3.0454e-05
cgtctac	0.31579	0.22807	0.21053	0.24561	1	1.9076e-05
cgtctag	0.32075	0.16981	0.16981	0.33962	1	1.7737e-05
cgtctat	0.20231	0.42775	0.09249	0.27746	1	5.7896e-05
cgtctca	0.32394	0.22535	0.14085	0.30986	1	2.3761e-05
cgtctcc	0.25000	0.19231	0.09615	0.46154	1	1.7402e-05
cgtctcg	0.21622	0.21622	0.21622	0.35135	1	1.2382e-05
cgtctct	0.19811	0.13208	0.18868	0.48113	1	3.5474e-05
cgtctga	0.29688	0.26562	0.18750	0.25000	1	2.1418e-05
cgtctgc	0.27586	0.18966	0.18966	0.34483	1	1.9410e-05
cgtctgg	0.31111	0.28889	0.15556	0.24444	1	1.5060e-05
cgtctgt	0.29762	0.08333	0.26190	0.35714	1	2.8111e-05
cgtctta	0.23009	0.14159	0.16814	0.46018	1	3.7816e-05
cgtcttc	0.25806	0.21774	0.17742	0.34677	1	4.1498e-05
cgtcttg	0.23469	0.15306	0.16327	0.44898	1	3.2796e-05
cgtcttt	0.16744	0.18140	0.15349	0.49767	1	7.1951e-05
cgtgaaa	0.43182	0.15000	0.21818	0.20000	1	7.3625e-05
cgtgaac	0.38158	0.11842	0.18421	0.31579	1	2.5434e-05
cgtgaag	0.33750	0.22500	0.21250	0.22500	1	2.6773e-05
cgtgaat	0.30252	0.13445	0.20168	0.36134	1	3.9824e-05
cgtgaca	0.22973	0.18919	0.20270	0.37838	1	2.4765e-05
cgtgacc	0.34091	0.27273	0.18182	0.20455	1	1.4725e-05
cgtgacg	0.16279	0.34884	0.25581	0.23256	1	1.4390e-05
cgtgact	0.25926	0.23457	0.14815	0.35802	1	2.7107e-05
cgtgaga	0.42424	0.13636	0.21212	0.22727	1	2.2087e-05
cgtgagc	0.40000	0.23636	0.12727	0.23636	1	1.8406e-05
cgtgagg	0.30189	0.20755	0.18868	0.30189	1	1.7737e-05
cgtgagt	0.30189	0.15094	0.18868	0.35849	1	1.7737e-05
cgtgata	0.32877	0.13014	0.17808	0.36301	1	4.8860e-05
cgtgatc	0.39080	0.11494	0.18391	0.31034	1	2.9115e-05
cgtgatg	0.30337	0.19101	0.14607	0.35955	1	2.9785e-05
cgtgatt	0.29630	0.13333	0.19259	0.37778	1	4.5179e-05
cgtgcaa	0.37615	0.23853	0.16514	0.22018	1	3.6478e-05
cgtgcac	0.32911	0.32911	0.07595	0.26582	1	2.6438e-05
cgtgcag	0.22951	0.29508	0.14754	0.32787	1	2.0414e-05
cgtgcat	0.34862	0.14679	0.17431	0.33028	1	3.6478e-05
cgtgcca	0.34783	0.26087	0.08696	0.30435	1	1.5394e-05
cgtgccc	0.34483	0.13793	0.13793	0.37931	1	9.7051e-06
cgtgccg	0.26667	0.31111	0.17778	0.24444	1	1.5060e-05
cgtgcct	0.18033	0.22951	0.19672	0.39344	1	2.0414e-05
cgtgcga	0.30233	0.18605	0.25581	0.25581	1	1.4390e-05
cgtgcgc	0.25455	0.30909	0.30909	0.12727	1	1.8406e-05
cgtgcgg	0.30189	0.26415	0.22642	0.20755	1	1.7737e-05
cgtgcgt	0.28070	0.10526	0.21053	0.40351	1	1.9076e-05
cgtgcta	0.24590	0.16393	0.16393	0.42623	1	2.0414e-05
cgtgctc	0.30000	0.20000	0.16000	0.34000	1	1.6733e-05
cgtgctg	0.25974	0.24675	0.18182	0.31169	1	2.5769e-05
cgtgctt	0.22222	0.20741	0.18519	0.38519	1	4.5179e-05
cgtggaa	0.43066	0.12409	0.25547	0.18978	1	4.5848e-05
cgtggac	0.34091	0.15909	0.20455	0.29545	1	1.4725e-05
cgtggag	0.48936	0.14894	0.19149	0.17021	1	1.5729e-05
cgtggat	0.27536	0.11594	0.26087	0.34783	1	2.3091e-05
cgtggca	0.42857	0.14286	0.26786	0.16071	1	1.8741e-05
cgtggcc	0.23077	0.23077	0.17949	0.35897	1	1.3052e-05
cgtggcg	0.08108	0.35135	0.27027	0.29730	1	1.2382e-05
cgtggct	0.17742	0.14516	0.20968	0.46774	1	2.0749e-05
cgtggga	0.43103	0.12069	0.27586	0.17241	1	1.9410e-05
cgtgggc	0.26471	0.23529	0.20588	0.29412	1	1.1378e-05
cgtgggg	0.32000	0.16000	0.24000	0.28000	1	1.6733e-05
cgtgggt	0.20690	0.13793	0.41379	0.24138	1	1.9410e-05
cgtggta	0.33333	0.16667	0.24359	0.25641	1	2.6103e-05
cgtggtc	0.32432	0.27027	0.13514	0.27027	1	1.2382e-05
cgtggtg	0.30137	0.21918	0.24658	0.23288	1	2.4430e-05
cgtggtt	0.26136	0.19318	0.30682	0.23864	1	2.9450e-05
cgtgtaa	0.38281	0.09375	0.20312	0.32031	1	4.2836e-05
cgtgtac	0.23810	0.17460	0.15873	0.42857	1	2.1083e-05
cgtgtag	0.30508	0.27119	0.13559	0.28814	1	1.9745e-05
cgtgtat	0.33553	0.07237	0.22368	0.36842	1	5.0868e-05
cgtgtca	0.24138	0.20690	0.24138	0.31034	1	1.9410e-05
cgtgtcc	0.13889	0.08333	0.25000	0.52778	1	1.2048e-05
cgtgtcg	0.33333	0.28571	0.14286	0.23810	1	1.4056e-05
cgtgtct	0.22388	0.14925	0.31343	0.31343	1	2.2422e-05
cgtgtga	0.33333	0.20000	0.20000	0.26667	1	2.5099e-05
cgtgtgc	0.26667	0.13333	0.23333	0.36667	1	2.0079e-05
cgtgtgg	0.17647	0.27451	0.21569	0.33333	1	1.7068e-05
cgtgtgt	0.32203	0.05932	0.26271	0.35593	1	3.9490e-05
cgtgtta	0.26804	0.25773	0.13402	0.34021	1	3.2462e-05
cgtgttc	0.28571	0.21429	0.14286	0.35714	1	3.2796e-05
cgtgttg	0.24242	0.23232	0.18182	0.34343	1	3.3131e-05
cgtgttt	0.18023	0.26744	0.15698	0.39535	1	5.7561e-05
cgttaaa	0.39927	0.15751	0.20147	0.24176	1	9.1362e-05
cgttaac	0.40541	0.19820	0.19820	0.19820	1	3.7147e-05
cgttaag	0.43564	0.11881	0.22772	0.21782	1	3.3800e-05
cgttaat	0.32184	0.20690	0.17241	0.29885	1	5.8231e-05
cgttaca	0.33645	0.17757	0.20561	0.28037	1	3.5808e-05
cgttacc	0.14530	0.57265	0.15385	0.12821	1	3.9155e-05
cgttacg	0.19048	0.23810	0.26984	0.30159	1	2.1083e-05
cgttact	0.53883	0.10680	0.08252	0.27184	1	6.8940e-05
cgttaga	0.43137	0.14706	0.20588	0.21569	1	3.4135e-05
cgttagc	0.32530	0.19277	0.22892	0.25301	1	2.7777e-05
cgttagg	0.35000	0.21667	0.16667	0.26667	1	2.0079e-05
cgttagt	0.37363	0.06593	0.16484	0.39560	1	3.0454e-05
cgttata	0.29386	0.16667	0.17544	0.36404	1	7.6302e-05
cgttatc	0.38060	0.18657	0.17910	0.25373	1	4.4844e-05
cgttatg	0.27000	0.19000	0.11000	0.43000	1	3.3466e-05
cgttatt	0.27243	0.20266	0.17276	0.35216	1	1.0073e-04
cgttcaa	0.33750	0.16250	0.19375	0.30625	1	5.3545e-05
cgttcac	0.31765	0.17647	0.15294	0.35294	1	2.8446e-05
cgttcag	0.28829	0.18919	0.24324	0.27928	1	3.7147e-05
cgttcat	0.37423	0.18405	0.14110	0.30061	1	5.4549e-05
cgttcca	0.33663	0.20792	0.19802	0.25743	1	3.3800e-05
cgttccc	0.24638	0.10145	0.18841	0.46377	1	2.3091e-05
cgttccg	0.31481	0.20370	0.16667	0.31481	1	1.8072e-05
cgttcct	0.18797	0.24060	0.17293	0.39850	1	4.4510e-05
cgttcga	0.33824	0.11765	0.27941	0.26471	1	2.2757e-05
cgttcgc	0.29825	0.12281	0.22807	0.35088	1	1.9076e-05
cgttcgg	0.39394	0.12121	0.12121	0.36364	1	1.1044e-05
cgttcgt	0.21978	0.13187	0.16484	0.48352	1	3.0454e-05
cgttcta	0.21053	0.19298	0.16667	0.42982	1	3.8151e-05
cgttctc	0.26207	0.15172	0.17931	0.40690	1	4.8525e-05
cgttctg	0.25714	0.21905	0.21905	0.30476	1	3.5139e-05
cgttctt	0.16129	0.23387	0.19758	0.40726	1	8.2995e-05
cgttgaa	0.40571	0.16571	0.20000	0.22857	1	5.8565e-05
cgttgac	0.44262	0.18033	0.11475	0.26230	1	2.0414e-05
cgttgag	0.34177	0.22785	0.17722	0.25316	1	2.6438e-05
cgttgat	0.35135	0.12838	0.19595	0.32432	1	4.9529e-05
cgttgca	0.36000	0.23000	0.18000	0.23000	1	3.3466e-05
cgttgcc	0.32911	0.20253	0.21519	0.25316	1	2.6438e-05
cgttgcg	0.18462	0.29231	0.18462	0.33846	1	2.1753e-05
cgttgct	0.29286	0.22143	0.17143	0.31429	1	4.6852e-05
cgttgga	0.45977	0.12644	0.16092	0.25287	1	2.9115e-05
cgttggc	0.25000	0.15625	0.26562	0.32812	1	2.1418e-05
cgttggg	0.24000	0.30000	0.18000	0.28000	1	1.6733e-05
cgttggt	0.23864	0.13636	0.23864	0.38636	1	2.9450e-05
cgttgta	0.26126	0.12613	0.23423	0.37838	1	3.7147e-05
cgttgtc	0.39535	0.13953	0.10465	0.36047	1	2.8781e-05
cgttgtg	0.26087	0.31522	0.17391	0.25000	1	3.0789e-05
cgttgtt	0.21875	0.18229	0.20312	0.39583	1	6.4254e-05
cgtttaa	0.33755	0.16034	0.24895	0.25316	1	7.9314e-05
cgtttac	0.30612	0.25000	0.14796	0.29592	1	6.5593e-05
cgtttag	0.26667	0.18889	0.31667	0.22778	1	6.0238e-05
cgtttat	0.35350	0.14968	0.13694	0.35987	1	1.0508e-04
cgtttca	0.26852	0.17593	0.30093	0.25463	1	7.2286e-05
cgtttcc	0.23563	0.22989	0.17241	0.36207	1	5.8231e-05
cgtttcg	0.26087	0.20000	0.13913	0.40000	1	3.8486e-05
cgtttct	0.15082	0.19016	0.12459	0.53443	1	1.0207e-04
cgtttga	0.42667	0.11333	0.19333	0.26667	1	5.0199e-05
cgtttgc	0.33784	0.17568	0.17568	0.31081	1	4.9529e-05
cgtttgg	0.29268	0.25203	0.18699	0.26829	1	4.1163e-05
cgtttgt	0.21809	0.15426	0.14362	0.48404	1	6.2916e-05
cgtttta	0.23724	0.16517	0.14114	0.45646	1	1.1144e-04
cgttttc	0.28302	0.15409	0.16352	0.39937	1	1.0642e-04
cgttttg	0.27686	0.26033	0.11983	0.34298	1	8.0987e-05
cgttttt	0.21846	0.20339	0.16761	0.41055	1	1.7770e-04
ctaaaaa	0.48542	0.09913	0.18222	0.23324	1	2.2958e-04
ctaaaac	0.37295	0.12295	0.17623	0.32787	1	8.1657e-05
ctaaaag	0.32000	0.19429	0.20857	0.27714	1	1.1713e-04
ctaaaat	0.37471	0.12646	0.18267	0.31616	1	1.4290e-04
ctaaaca	0.38843	0.14463	0.19008	0.27686	1	8.0987e-05
ctaaacc	0.38760	0.24806	0.16279	0.20155	1	4.3171e-05
ctaaacg	0.30994	0.19298	0.24561	0.25146	1	5.7227e-05
ctaaact	0.39407	0.16102	0.22881	0.21610	1	7.8979e-05
ctaaaga	0.47581	0.11694	0.18548	0.22177	1	8.2995e-05
ctaaagc	0.40260	0.14935	0.18831	0.25974	1	5.1537e-05
ctaaagg	0.31056	0.18012	0.23602	0.27329	1	5.3880e-05
ctaaagt	0.36453	0.11823	0.20197	0.31527	1	6.7936e-05
ctaaata	0.39560	0.16484	0.14505	0.29451	1	1.5227e-04
ctaaatc	0.24370	0.37815	0.16387	0.21429	1	7.9649e-05
ctaaatg	0.31982	0.21171	0.18919	0.27928	1	7.4294e-05
ctaaatt	0.41076	0.09780	0.13936	0.35208	1	1.3688e-04
ctaacaa	0.38112	0.16084	0.16783	0.29021	1	9.5712e-05
ctaacac	0.27273	0.42657	0.10490	0.19580	1	4.7856e-05
ctaacag	0.29412	0.20168	0.19328	0.31092	1	3.9824e-05
ctaacat	0.27957	0.24194	0.12366	0.35484	1	6.2246e-05
ctaacca	0.31148	0.27049	0.12295	0.29508	1	4.0828e-05
ctaaccc	0.27869	0.11475	0.26230	0.34426	1	2.0414e-05
ctaaccg	0.20930	0.34884	0.02326	0.41860	1	1.4390e-05
ctaacct	0.20833	0.23333	0.16667	0.39167	1	4.0159e-05
ctaacga	0.36957	0.20652	0.11957	0.30435	1	3.0789e-05
ctaacgc	0.30303	0.27273	0.16667	0.25758	1	2.2087e-05
ctaacgg	0.34545	0.18182	0.12727	0.34545	1	1.8406e-05
ctaacgt	0.29474	0.15789	0.14737	0.40000	1	3.1793e-05
ctaacta	0.24590	0.14344	0.41803	0.19262	1	8.1657e-05
ctaactc	0.27778	0.17593	0.12963	0.41667	1	3.6143e-05
ctaactg	0.31707	0.21138	0.19512	0.27642	1	4.1163e-05
ctaactt	0.16598	0.29046	0.19502	0.34855	1	8.0653e-05
ctaagaa	0.49695	0.13110	0.16768	0.20427	1	1.0977e-04
ctaagac	0.32727	0.12727	0.14545	0.40000	1	3.6812e-05
ctaagag	0.38793	0.22414	0.21552	0.17241	1	3.8820e-05
ctaagat	0.33775	0.17219	0.15894	0.33113	1	5.0533e-05
ctaagca	0.32667	0.19333	0.32667	0.15333	1	5.0199e-05
ctaagcc	0.26761	0.19718	0.19718	0.33803	1	2.3761e-05
ctaagcg	0.11628	0.23256	0.25581	0.39535	1	2.8781e-05
ctaagct	0.22330	0.11650	0.27184	0.38835	1	3.4470e-05
ctaagga	0.50413	0.10744	0.17355	0.21488	1	4.0494e-05
ctaaggc	0.39506	0.16049	0.18519	0.25926	1	2.7107e-05
ctaaggg	0.29545	0.32955	0.27273	0.10227	1	2.9450e-05
ctaaggt	0.32500	0.20000	0.12500	0.35000	1	2.6773e-05
ctaagta	0.33333	0.18452	0.20238	0.27976	1	5.6223e-05
ctaagtc	0.46774	0.11290	0.17742	0.24194	1	2.0749e-05
ctaagtg	0.23711	0.19588	0.39175	0.17526	1	3.2462e-05
ctaagtt	0.25517	0.18621	0.22069	0.33793	1	4.8525e-05
ctaataa	0.30534	0.15776	0.18066	0.35623	1	1.3152e-04
ctaatac	0.32836	0.16915	0.13930	0.36318	1	6.7266e-05
ctaatag	0.28897	0.13308	0.14829	0.42966	1	8.8015e-05
ctaatat	0.25161	0.10968	0.09839	0.54032	1	2.0749e-04
ctaatca	0.38378	0.21081	0.10270	0.30270	1	6.1912e-05
ctaatcc	0.29348	0.17391	0.11957	0.41304	1	3.0789e-05
ctaatcg	0.30952	0.23810	0.15476	0.29762	1	2.8111e-05
ctaatct	0.25532	0.17553	0.17021	0.39894	1	6.2916e-05
ctaatga	0.35393	0.19101	0.16854	0.28652	1	5.9569e-05
ctaatgc	0.24793	0.23140	0.20661	0.31405	1	4.0494e-05
ctaatgg	0.27273	0.20661	0.19008	0.33058	1	4.0494e-05
ctaatgt	0.27564	0.17308	0.19872	0.35256	1	5.2207e-05
ctaatta	0.29619	0.16716	0.20235	0.33431	1	1.1412e-04
ctaattc	0.35227	0.11932	0.16477	0.36364	1	5.8900e-05
ctaattg	0.29268	0.19919	0.13821	0.36992	1	8.2326e-05
ctaattt	0.26559	0.18109	0.15091	0.40241	1	1.6633e-04
ctacaaa	0.43103	0.17241	0.15862	0.23793	1	9.7051e-05
ctacaac	0.32386	0.19318	0.14205	0.34091	1	5.8900e-05
ctacaag	0.34320	0.23077	0.14201	0.28402	1	5.6557e-05
ctacaat	0.33333	0.13636	0.11364	0.41667	1	8.8350e-05
ctacaca	0.45304	0.16022	0.14917	0.23757	1	6.0573e-05
ctacacc	0.42529	0.12644	0.11494	0.33333	1	2.9115e-05
ctacacg	0.32727	0.12727	0.18182	0.36364	1	1.8406e-05
ctacact	0.28906	0.21875	0.16406	0.32812	1	4.2836e-05
ctacaga	0.37821	0.13462	0.22436	0.26282	1	5.2207e-05
ctacagc	0.37795	0.16535	0.17323	0.28346	1	4.2502e-05
ctacagg	0.40000	0.16000	0.13333	0.30667	1	2.5099e-05
ctacagt	0.38776	0.11565	0.14966	0.34694	1	4.9195e-05
ctacata	0.29612	0.31311	0.09951	0.29126	1	1.3788e-04
ctacatc	0.34074	0.21481	0.14074	0.30370	1	4.5179e-05
ctacatg	0.35088	0.20175	0.12281	0.32456	1	3.8151e-05
ctacatt	0.29811	0.16981	0.15472	0.37736	1	8.8684e-05
ctaccaa	0.35762	0.19205	0.17219	0.27815	1	5.0533e-05
ctaccac	0.34959	0.14634	0.14634	0.35772	1	4.1163e-05
ctaccag	0.27586	0.16092	0.17241	0.39080	1	2.9115e-05
ctaccat	0.22353	0.24706	0.10000	0.42941	1	5.6892e-05
ctaccca	0.37037	0.19753	0.20988	0.22222	1	2.7107e-05
ctacccc	0.28378	0.18919	0.16216	0.36486	1	2.4765e-05
ctacccg	0.19048	0.23810	0.28571	0.28571	1	2.1083e-05
ctaccct	0.27778	0.18889	0.12222	0.41111	1	3.0119e-05
ctaccga	0.39286	0.17857	0.11905	0.30952	1	2.8111e-05
ctaccgc	0.21622	0.28378	0.16216	0.33784	1	2.4765e-05
ctaccgg	0.52542	0.13559	0.15254	0.18644	1	1.9745e-05
ctaccgt	0.29091	0.22727	0.14545	0.33636	1	3.6812e-05
ctaccta	0.24510	0.24510	0.15686	0.35294	1	3.4135e-05
ctacctc	0.31915	0.18085	0.10638	0.39362	1	3.1458e-05
ctacctg	0.26506	0.20482	0.14458	0.38554	1	2.7777e-05
ctacctt	0.18333	0.20000	0.13889	0.47778	1	6.0238e-05
ctacgaa	0.42975	0.10744	0.21488	0.24793	1	4.0494e-05
ctacgac	0.40000	0.20000	0.20000	0.20000	1	1.6733e-05
ctacgag	0.41935	0.19355	0.11290	0.27419	1	2.0749e-05
ctacgat	0.35294	0.23529	0.21176	0.20000	1	2.8446e-05
ctacgca	0.25352	0.09859	0.29577	0.35211	1	2.3761e-05
ctacgcc	0.37500	0.17857	0.19643	0.25000	1	1.8741e-05
ctacgcg	0.30769	0.20513	0.12821	0.35897	1	1.3052e-05
ctacgct	0.25000	0.12500	0.19231	0.43269	1	3.4804e-05
ctacgga	0.38571	0.10000	0.20000	0.31429	1	2.3426e-05
ctacggc	0.34545	0.29091	0.12727	0.23636	1	1.8406e-05
ctacggg	0.35417	0.16667	0.14583	0.33333	1	1.6064e-05
ctacggt	0.38667	0.17333	0.13333	0.30667	1	2.5099e-05
ctacgta	0.32886	0.18121	0.16779	0.32215	1	4.9864e-05
ctacgtc	0.33871	0.12903	0.19355	0.33871	1	2.0749e-05
ctacgtg	0.30645	0.12903	0.20968	0.35484	1	2.0749e-05
ctacgtt	0.25490	0.19608	0.21569	0.33333	1	3.4135e-05
ctactaa	0.29545	0.35390	0.11039	0.24026	1	1.0307e-04
ctactac	0.40609	0.18274	0.09137	0.31980	1	6.5928e-05
ctactag	0.29752	0.11570	0.13223	0.45455	1	4.0494e-05
ctactat	0.29355	0.15806	0.14516	0.40323	1	1.0374e-04
ctactca	0.32609	0.23913	0.13043	0.30435	1	4.6183e-05
ctactcc	0.31461	0.15730	0.14607	0.38202	1	2.9785e-05
ctactcg	0.27692	0.20000	0.27692	0.24615	1	2.1753e-05
ctactct	0.27879	0.20606	0.13333	0.38182	1	5.5219e-05
ctactga	0.35065	0.20130	0.18831	0.25974	1	5.1537e-05
ctactgc	0.26752	0.18471	0.09554	0.45223	1	5.2541e-05
ctactgg	0.31522	0.21739	0.13043	0.33696	1	3.0789e-05
ctactgt	0.32086	0.13904	0.18717	0.35294	1	6.2581e-05
ctactta	0.31527	0.20197	0.15271	0.33005	1	6.7936e-05
ctacttc	0.30736	0.16450	0.19048	0.33766	1	7.7306e-05
ctacttg	0.27160	0.23457	0.11728	0.37654	1	5.4215e-05
ctacttt	0.27000	0.18250	0.15000	0.39750	1	1.3386e-04
ctagaaa	0.44444	0.10476	0.20000	0.25079	1	1.0542e-04
ctagaac	0.40800	0.18400	0.16800	0.24000	1	4.1832e-05
ctagaag	0.28070	0.10965	0.16228	0.44737	1	7.6302e-05
ctagaat	0.36559	0.12903	0.25806	0.24731	1	6.2246e-05
ctagaca	0.38272	0.17284	0.20988	0.23457	1	2.7107e-05
ctagacc	0.23529	0.39216	0.13725	0.23529	1	1.7068e-05
ctagacg	0.28889	0.15556	0.31111	0.24444	1	1.5060e-05
ctagact	0.23077	0.15385	0.19231	0.42308	1	2.6103e-05
ctagaga	0.41228	0.21053	0.17544	0.20175	1	3.8151e-05
ctagagc	0.40351	0.17544	0.08772	0.33333	1	1.9076e-05
ctagagg	0.35000	0.18750	0.16250	0.30000	1	2.6773e-05
ctagagt	0.28049	0.14634	0.26829	0.30488	1	2.7442e-05
ctagata	0.32386	0.11932	0.24432	0.31250	1	5.8900e-05
ctagatc	0.34884	0.20930	0.18605	0.25581	1	2.8781e-05
ctagatg	0.27184	0.15534	0.20388	0.36893	1	3.4470e-05
ctagatt	0.22148	0.20134	0.19463	0.38255	1	4.9864e-05
ctagcaa	0.33136	0.24852	0.17160	0.24852	1	5.6557e-05
ctagcac	0.36559	0.12903	0.15054	0.35484	1	3.1123e-05
ctagcag	0.30208	0.29167	0.17708	0.22917	1	3.2127e-05
ctagcat	0.33858	0.20472	0.14961	0.30709	1	4.2502e-05
ctagcca	0.40196	0.21569	0.16667	0.21569	1	3.4135e-05
ctagccc	0.41935	0.20968	0.17742	0.19355	1	2.0749e-05
ctagccg	0.32000	0.34000	0.14000	0.20000	1	1.6733e-05
ctagcct	0.22619	0.19048	0.20238	0.38095	1	2.8111e-05
ctagcga	0.36232	0.17391	0.18841	0.27536	1	2.3091e-05
ctagcgc	0.35185	0.37037	0.09259	0.18519	1	1.8072e-05
ctagcgg	0.35714	0.19048	0.19048	0.26190	1	1.4056e-05
ctagcgt	0.36486	0.20270	0.08108	0.35135	1	2.4765e-05
ctagcta	0.26016	0.15447	0.29268	0.29268	1	4.1163e-05
ctagctc	0.28571	0.12987	0.20779	0.37662	1	2.5769e-05
ctagctg	0.33333	0.24242	0.13131	0.29293	1	3.3131e-05
ctagctt	0.24324	0.20946	0.11486	0.43243	1	4.9529e-05
ctaggaa	0.31250	0.13194	0.32639	0.22917	1	4.8191e-05
ctaggac	0.51923	0.15385	0.09615	0.23077	1	1.7402e-05
ctaggag	0.37500	0.13889	0.22222	0.26389	1	2.4095e-05
ctaggat	0.34821	0.14286	0.16964	0.33929	1	3.7482e-05
ctaggca	0.40000	0.13846	0.21538	0.24615	1	2.1753e-05
ctaggcc	0.32653	0.20408	0.20408	0.26531	1	1.6398e-05
ctaggcg	0.28070	0.28070	0.29825	0.14035	1	1.9076e-05
ctaggct	0.26531	0.20408	0.22449	0.30612	1	1.6398e-05
ctaggga	0.55844	0.11688	0.12987	0.19481	1	2.5769e-05
ctagggc	0.32500	0.12500	0.17500	0.37500	1	1.3386e-05
ctagggg	0.35000	0.22500	0.22500	0.20000	1	1.3386e-05
ctagggt	0.30909	0.14545	0.16364	0.38182	1	1.8406e-05
ctaggta	0.43056	0.19444	0.15278	0.22222	1	2.4095e-05
ctaggtc	0.32075	0.20755	0.11321	0.35849	1	1.7737e-05
ctaggtg	0.37288	0.20339	0.16949	0.25424	1	1.9745e-05
ctaggtt	0.31034	0.20690	0.08046	0.40230	1	2.9115e-05
ctagtaa	0.28980	0.29388	0.13061	0.28571	1	8.1991e-05
ctagtac	0.31776	0.12150	0.20561	0.35514	1	3.5808e-05
ctagtag	0.21905	0.24762	0.16190	0.37143	1	3.5139e-05
ctagtat	0.57143	0.05792	0.05792	0.31274	1	1.7335e-04
ctagtca	0.33645	0.25234	0.14953	0.26168	1	3.5808e-05
ctagtcc	0.45652	0.10870	0.08696	0.34783	1	1.5394e-05
ctagtcg	0.35417	0.18750	0.16667	0.29167	1	1.6064e-05
ctagtct	0.15625	0.28125	0.14583	0.41667	1	3.2127e-05
ctagtga	0.33036	0.19643	0.23214	0.24107	1	3.7482e-05
ctagtgc	0.30769	0.16484	0.17582	0.35165	1	3.0454e-05
ctagtgg	0.19444	0.33333	0.19444	0.27778	1	2.4095e-05
ctagtgt	0.31731	0.10577	0.15385	0.42308	1	3.4804e-05
ctagtta	0.25500	0.14500	0.31000	0.29000	1	6.6932e-05
ctagttc	0.30597	0.14179	0.13433	0.41791	1	4.4844e-05
ctagttg	0.39516	0.17742	0.16129	0.26613	1	4.1498e-05
ctagttt	0.30242	0.16935	0.14113	0.38710	1	8.2995e-05
ctataaa	0.37559	0.14789	0.18310	0.29343	1	1.4256e-04
ctataac	0.38500	0.17000	0.15000	0.29500	1	6.6932e-05
ctataag	0.30636	0.26012	0.17919	0.25434	1	5.7896e-05
ctataat	0.47045	0.13002	0.13712	0.26241	1	1.4156e-04
ctataca	0.36777	0.17355	0.14050	0.31818	1	8.0987e-05
ctatacc	0.42308	0.16346	0.21154	0.20192	1	3.4804e-05
ctatacg	0.34862	0.21101	0.12844	0.31193	1	3.6478e-05
ctatact	0.29474	0.18421	0.18947	0.33158	1	6.3585e-05
ctataga	0.43299	0.10309	0.18041	0.28351	1	6.4924e-05
ctatagc	0.31757	0.20946	0.12838	0.34459	1	4.9529e-05
ctatagg	0.37079	0.20225	0.20225	0.22472	1	2.9785e-05
ctatagt	0.35859	0.17677	0.14646	0.31818	1	6.6262e-05
ctatata	0.28307	0.17639	0.13087	0.40967	1	2.3526e-04
ctatatc	0.21474	0.37500	0.10256	0.30769	1	1.0441e-04
ctatatg	0.24862	0.24309	0.17680	0.33149	1	6.0573e-05
ctatatt	0.26230	0.16393	0.14959	0.42418	1	1.6331e-04
ctatcaa	0.28190	0.32938	0.15727	0.23145	1	1.1278e-04
ctatcac	0.29605	0.15789	0.19079	0.35526	1	5.0868e-05
ctatcag	0.22835	0.27559	0.21260	0.28346	1	4.2502e-05
ctatcat	0.21713	0.40979	0.08563	0.28746	1	1.0943e-04
ctatcca	0.38281	0.08594	0.15625	0.37500	1	4.2836e-05
ctatccc	0.36047	0.15116	0.12791	0.36047	1	2.8781e-05
ctatccg	0.30000	0.25000	0.18333	0.26667	1	2.0079e-05
ctatcct	0.17816	0.22414	0.13793	0.45977	1	5.8231e-05
ctatcga	0.40909	0.19091	0.16364	0.23636	1	3.6812e-05
ctatcgc	0.40000	0.20000	0.14000	0.26000	1	3.3466e-05
ctatcgg	0.25000	0.26667	0.15000	0.33333	1	2.0079e-05
ctatcgt	0.17127	0.44199	0.10497	0.28177	1	6.0573e-05
ctatcta	0.19171	0.18653	0.15544	0.46632	1	6.4589e-05
ctatctc	0.30857	0.17143	0.14857	0.37143	1	5.8565e-05
ctatctg	0.26087	0.26087	0.20290	0.27536	1	4.6183e-05
ctatctt	0.16897	0.22414	0.20345	0.40345	1	9.7051e-05
ctatgaa	0.41589	0.15421	0.16355	0.26636	1	7.1617e-05
ctatgac	0.28409	0.13636	0.27273	0.30682	1	2.9450e-05
ctatgag	0.32051	0.25641	0.12821	0.29487	1	2.6103e-05
ctatgat	0.33562	0.19178	0.20548	0.26712	1	4.8860e-05
ctatgca	0.32432	0.15315	0.17117	0.35135	1	3.7147e-05
ctatgcc	0.30189	0.15094	0.18868	0.35849	1	1.7737e-05
ctatgcg	0.27869	0.22951	0.19672	0.29508	1	2.0414e-05
ctatgct	0.25984	0.11811	0.25197	0.37008	1	4.2502e-05
ctatgga	0.42593	0.13889	0.20370	0.23148	1	3.6143e-05
ctatggc	0.32500	0.17500	0.07500	0.42500	1	2.6773e-05
ctatggg	0.30357	0.10714	0.19643	0.39286	1	1.8741e-05
ctatggt	0.39344	0.09836	0.21311	0.29508	1	4.0828e-05
ctatgta	0.27888	0.18327	0.13944	0.39841	1	8.3999e-05
ctatgtc	0.35714	0.19048	0.20238	0.25000	1	2.8111e-05
ctatgtg	0.34043	0.18085	0.17021	0.30851	1	3.1458e-05
ctatgtt	0.19171	0.21762	0.25907	0.33161	1	6.4589e-05
ctattaa	0.29641	0.20060	0.15868	0.34431	1	1.1178e-04
ctattac	0.45429	0.16571	0.10571	0.27429	1	1.1713e-04
ctattag	0.26699	0.16990	0.13592	0.42718	1	6.8940e-05
ctattat	0.28705	0.17261	0.11632	0.42402	1	1.7837e-04
ctattca	0.36047	0.18992	0.10853	0.34109	1	8.6342e-05
ctattcc	0.36667	0.15556	0.15000	0.32778	1	6.0238e-05
ctattcg	0.29661	0.17797	0.14407	0.38136	1	3.9490e-05
ctattct	0.23161	0.17984	0.17984	0.40872	1	1.2282e-04
ctattga	0.42160	0.18815	0.12892	0.26132	1	9.6047e-05
ctattgc	0.33962	0.19811	0.16981	0.29245	1	7.0948e-05
ctattgg	0.36232	0.23913	0.12319	0.27536	1	4.6183e-05
ctattgt	0.22098	0.15848	0.14062	0.47991	1	1.4993e-04
ctattta	0.30000	0.17959	0.12857	0.39184	1	1.6398e-04
ctatttc	0.26829	0.19956	0.10643	0.42572	1	1.5093e-04
ctatttg	0.27143	0.20000	0.18214	0.34643	1	9.3704e-05
ctatttt	0.18519	0.22671	0.16498	0.42312	1	2.9818e-04
ctcaaaa	0.35175	0.15101	0.15838	0.33886	1	1.8172e-04
ctcaaac	0.30159	0.23280	0.14815	0.31746	1	6.3250e-05
ctcaaag	0.34595	0.18378	0.24865	0.22162	1	6.1912e-05
ctcaaat	0.41297	0.14334	0.15700	0.28669	1	9.8055e-05
ctcaaca	0.31250	0.21154	0.22115	0.25481	1	6.9609e-05
ctcaacc	0.33684	0.17895	0.16842	0.31579	1	3.1793e-05
ctcaacg	0.29545	0.22727	0.21591	0.26136	1	2.9450e-05
ctcaact	0.27108	0.13253	0.21084	0.38554	1	5.5553e-05
ctcaaga	0.44843	0.15695	0.14798	0.24664	1	7.4629e-05
ctcaagc	0.34906	0.19811	0.19811	0.25472	1	3.5474e-05
ctcaagg	0.38298	0.14894	0.15957	0.30851	1	3.1458e-05
ctcaagt	0.32639	0.12500	0.22917	0.31944	1	4.8191e-05
ctcaata	0.35336	0.12367	0.20141	0.32155	1	9.4708e-05
ctcaatc	0.28000	0.19333	0.14000	0.38667	1	5.0199e-05
ctcaatg	0.31788	0.18543	0.25828	0.23841	1	5.0533e-05
ctcaatt	0.19732	0.18060	0.28094	0.34114	1	1.0006e-04
ctcacaa	0.35928	0.16766	0.17365	0.29940	1	5.5888e-05
ctcacac	0.40741	0.19444	0.06481	0.33333	1	3.6143e-05
ctcacag	0.41250	0.13750	0.22500	0.22500	1	2.6773e-05
ctcacat	0.31034	0.22414	0.14943	0.31609	1	5.8231e-05
ctcacca	0.40909	0.17273	0.11818	0.30000	1	3.6812e-05
ctcaccc	0.25556	0.22222	0.16667	0.35556	1	3.0119e-05
ctcaccg	0.16667	0.31667	0.20000	0.31667	1	2.0079e-05
ctcacct	0.14286	0.18750	0.18750	0.48214	1	3.7482e-05
ctcacga	0.33846	0.15385	0.18462	0.32308	1	2.1753e-05
ctcacgc	0.43478	0.20290	0.10145	0.26087	1	2.3091e-05
ctcacgg	0.27907	0.27907	0.16279	0.27907	1	1.4390e-05
ctcacgt	0.33750	0.17500	0.25000	0.23750	1	2.6773e-05
ctcacta	0.26846	0.25503	0.20134	0.27517	1	4.9864e-05
ctcactc	0.29167	0.19792	0.14583	0.36458	1	3.2127e-05
ctcactg	0.33684	0.21053	0.13684	0.31579	1	3.1793e-05
ctcactt	0.18468	0.25225	0.15315	0.40991	1	7.4294e-05
ctcagaa	0.35676	0.14054	0.22703	0.27568	1	6.1912e-05
ctcagac	0.47541	0.16393	0.21311	0.14754	1	2.0414e-05
ctcagag	0.39759	0.18072	0.19277	0.22892	1	2.7777e-05
ctcagat	0.33333	0.17094	0.17094	0.32479	1	3.9155e-05
ctcagca	0.30769	0.25000	0.19231	0.25000	1	3.4804e-05
ctcagcc	0.31395	0.20930	0.19767	0.27907	1	2.8781e-05
ctcagcg	0.23810	0.20635	0.28571	0.26984	1	2.1083e-05
ctcagct	0.18367	0.22449	0.22449	0.36735	1	3.2796e-05
ctcagga	0.36842	0.15789	0.21053	0.26316	1	2.5434e-05
ctcaggc	0.37500	0.16667	0.12500	0.33333	1	1.6064e-05
ctcaggg	0.26984	0.22222	0.26984	0.23810	1	2.1083e-05
ctcaggt	0.25352	0.18310	0.18310	0.38028	1	2.3761e-05
ctcagta	0.28205	0.20513	0.23077	0.28205	1	3.9155e-05
ctcagtc	0.32895	0.21053	0.17105	0.28947	1	2.5434e-05
ctcagtg	0.41379	0.18391	0.13793	0.26437	1	2.9115e-05
ctcagtt	0.19608	0.20261	0.17647	0.42484	1	5.1203e-05
ctcataa	0.30894	0.28455	0.15041	0.25610	1	8.2326e-05
ctcatac	0.34711	0.22314	0.14876	0.28099	1	4.0494e-05
ctcatag	0.33654	0.16346	0.11538	0.38462	1	3.4804e-05
ctcatat	0.39007	0.18794	0.14539	0.27660	1	9.4374e-05
ctcatca	0.27372	0.24453	0.08029	0.40146	1	9.1696e-05
ctcatcc	0.34234	0.22523	0.17117	0.26126	1	3.7147e-05
ctcatcg	0.20789	0.53047	0.11470	0.14695	1	9.3370e-05
ctcatct	0.14759	0.46687	0.11446	0.27108	1	1.1111e-04
ctcatga	0.37815	0.14286	0.12605	0.35294	1	3.9824e-05
ctcatgc	0.34211	0.27632	0.13158	0.25000	1	2.5434e-05
ctcatgg	0.30000	0.20000	0.18333	0.31667	1	2.0079e-05
ctcatgt	0.21583	0.19424	0.13669	0.45324	1	4.6517e-05
ctcatta	0.25000	0.18359	0.17188	0.39453	1	8.5672e-05
ctcattc	0.33469	0.28571	0.08571	0.29388	1	8.1991e-05
ctcattg	0.33898	0.18079	0.22034	0.25989	1	5.9234e-05
ctcattt	0.22011	0.20380	0.13587	0.44022	1	1.2315e-04
ctccaaa	0.42857	0.17734	0.19212	0.20197	1	6.7936e-05
ctccaac	0.32031	0.16406	0.15625	0.35938	1	4.2836e-05
ctccaag	0.38043	0.23913	0.17391	0.20652	1	3.0789e-05
ctccaat	0.36154	0.16154	0.10769	0.36923	1	4.3506e-05
ctccaca	0.32174	0.21739	0.09565	0.36522	1	3.8486e-05
ctccacc	0.37333	0.13333	0.17333	0.32000	1	2.5099e-05
ctccacg	0.32727	0.20000	0.20000	0.27273	1	1.8406e-05
ctccact	0.20930	0.16279	0.24806	0.37984	1	4.3171e-05
ctccaga	0.40909	0.14773	0.20455	0.23864	1	2.9450e-05
ctccagc	0.35484	0.12903	0.19355	0.32258	1	2.0749e-05
ctccagg	0.38776	0.18367	0.18367	0.24490	1	1.6398e-05
ctccagt	0.33981	0.14563	0.17476	0.33981	1	3.4470e-05
ctccata	0.30405	0.15541	0.22297	0.31757	1	4.9529e-05
ctccatc	0.24793	0.22314	0.22314	0.30579	1	4.0494e-05
ctccatg	0.28571	0.25974	0.22078	0.23377	1	2.5769e-05
ctccatt	0.21466	0.21990	0.18848	0.37696	1	6.3920e-05
ctcccaa	0.31731	0.23077	0.16346	0.28846	1	3.4804e-05
ctcccac	0.23288	0.27397	0.19178	0.30137	1	2.4430e-05
ctcccag	0.33333	0.17544	0.12281	0.36842	1	1.9076e-05
ctcccat	0.23913	0.21739	0.14130	0.40217	1	3.0789e-05
ctcccca	0.16667	0.34615	0.21795	0.26923	1	2.6103e-05
ctccccc	0.25882	0.37647	0.10588	0.25882	1	2.8446e-05
ctccccg	0.32353	0.26471	0.11765	0.29412	1	1.1378e-05
ctcccct	0.20530	0.19868	0.12583	0.47020	1	5.0533e-05
ctcccga	0.34375	0.28125	0.15625	0.21875	1	1.0709e-05
ctcccgc	0.25455	0.25455	0.25455	0.23636	1	1.8406e-05
ctcccgg	0.26087	0.08696	0.13043	0.52174	1	7.6971e-06
ctcccgt	0.13115	0.27869	0.27869	0.31148	1	2.0414e-05
ctcccta	0.32895	0.17105	0.11842	0.38158	1	2.5434e-05
ctccctc	0.18000	0.29000	0.14000	0.39000	1	3.3466e-05
ctccctg	0.25424	0.18644	0.23729	0.32203	1	1.9745e-05
ctccctt	0.22995	0.19251	0.14439	0.43316	1	6.2581e-05
ctccgaa	0.36937	0.14414	0.28829	0.19820	1	3.7147e-05
ctccgac	0.40476	0.09524	0.21429	0.28571	1	1.4056e-05
ctccgag	0.42308	0.19231	0.23077	0.15385	1	8.7011e-06
ctccgat	0.29333	0.09333	0.22667	0.38667	1	2.5099e-05
ctccgca	0.31343	0.28358	0.22388	0.17910	1	2.2422e-05
ctccgcc	0.22222	0.14815	0.29630	0.33333	1	1.8072e-05
ctccgcg	0.26984	0.33333	0.31746	0.07937	1	2.1083e-05
ctccgct	0.28750	0.20000	0.22500	0.28750	1	2.6773e-05
ctccgga	0.40816	0.12245	0.24490	0.22449	1	1.6398e-05
ctccggc	0.15385	0.28205	0.30769	0.25641	1	1.3052e-05
ctccggg	0.16949	0.15254	0.18644	0.49153	1	1.9745e-05
ctccggt	0.50746	0.17910	0.10448	0.20896	1	2.2422e-05
ctccgta	0.22368	0.27632	0.18421	0.31579	1	2.5434e-05
ctccgtc	0.31250	0.17188	0.14062	0.37500	1	2.1418e-05
ctccgtg	0.28302	0.20755	0.30189	0.20755	1	1.7737e-05
ctccgtt	0.30612	0.20408	0.15306	0.33673	1	3.2796e-05
ctcctaa	0.39815	0.16667	0.12037	0.31481	1	3.6143e-05
ctcctac	0.31461	0.20225	0.10112	0.38202	1	2.9785e-05
ctcctag	0.24000	0.26000	0.16000	0.34000	1	1.6733e-05
ctcctat	0.29851	0.15672	0.13433	0.41045	1	4.4844e-05
ctcctca	0.43411	0.14729	0.13953	0.27907	1	4.3171e-05
ctcctcc	0.30275	0.25688	0.20183	0.23853	1	3.6478e-05
ctcctcg	0.64748	0.10072	0.10072	0.15108	1	4.6517e-05
ctcctct	0.22396	0.18229	0.20833	0.38542	1	6.4254e-05
ctcctga	0.43243	0.12162	0.08108	0.36486	1	2.4765e-05
ctcctgc	0.29412	0.15294	0.23529	0.31765	1	2.8446e-05
ctcctgg	0.30000	0.31667	0.13333	0.25000	1	2.0079e-05
ctcctgt	0.29167	0.15625	0.17708	0.37500	1	3.2127e-05
ctcctta	0.31034	0.20690	0.17241	0.31034	1	3.8820e-05
ctccttc	0.25984	0.24409	0.14567	0.35039	1	8.5003e-05
ctccttg	0.22689	0.21008	0.18487	0.37815	1	3.9824e-05
ctccttt	0.22481	0.22997	0.14987	0.39535	1	1.2951e-04
ctcgaaa	0.40930	0.17209	0.16744	0.25116	1	7.1951e-05
ctcgaac	0.40566	0.08491	0.17925	0.33019	1	3.5474e-05
ctcgaag	0.42949	0.19231	0.15385	0.22436	1	5.2207e-05
ctcgaat	0.39098	0.17293	0.15038	0.28571	1	4.4510e-05
ctcgaca	0.44643	0.16071	0.14286	0.25000	1	1.8741e-05
ctcgacc	0.31250	0.09375	0.12500	0.46875	1	1.0709e-05
ctcgacg	0.38889	0.16667	0.16667	0.27778	1	1.2048e-05
ctcgact	0.46154	0.12308	0.16923	0.24615	1	2.1753e-05
ctcgaga	0.52222	0.15556	0.15556	0.16667	1	6.0238e-05
ctcgagc	0.31068	0.35922	0.11650	0.21359	1	3.4470e-05
ctcgagg	0.76689	0.06419	0.06419	0.10473	1	9.9059e-05
ctcgagt	0.57143	0.09890	0.14286	0.18681	1	3.0454e-05
ctcgata	0.33898	0.15254	0.13559	0.37288	1	3.9490e-05
ctcgatc	0.23438	0.28125	0.12500	0.35938	1	2.1418e-05
ctcgatg	0.45192	0.17308	0.19231	0.18269	1	3.4804e-05
ctcgatt	0.25263	0.21053	0.24211	0.29474	1	3.1793e-05
ctcgcaa	0.26136	0.21591	0.19318	0.32955	1	2.9450e-05
ctcgcac	0.38095	0.19048	0.26190	0.16667	1	1.4056e-05
ctcgcag	0.24490	0.22449	0.14286	0.38776	1	1.6398e-05
ctcgcat	0.21649	0.16495	0.17526	0.44330	1	3.2462e-05
ctcgcca	0.40000	0.20000	0.10769	0.29231	1	2.1753e-05
ctcgccc	0.21951	0.21951	0.14634	0.41463	1	1.3721e-05
ctcgccg	0.41026	0.30769	0.17949	0.10256	1	1.3052e-05
ctcgcct	0.22388	0.19403	0.20896	0.37313	1	2.2422e-05
ctcgcga	0.36957	0.17391	0.08696	0.36957	1	1.5394e-05
ctcgcgc	0.22222	0.24444	0.11111	0.42222	1	1.5060e-05
ctcgcgg	0.35484	0.19355	0.22581	0.22581	1	1.0374e-05
ctcgcgt	0.25581	0.25581	0.06977	0.41860	1	1.4390e-05
ctcgcta	0.23171	0.21951	0.18293	0.36585	1	2.7442e-05
ctcgctc	0.23188	0.18841	0.21739	0.36232	1	2.3091e-05
ctcgctg	0.24615	0.23077	0.20000	0.32308	1	2.1753e-05
ctcgctt	0.21667	0.21667	0.18333	0.38333	1	4.0159e-05
ctcggaa	0.37113	0.24742	0.20619	0.17526	1	3.2462e-05
ctcggac	0.40625	0.06250	0.21875	0.31250	1	1.0709e-05
ctcggag	0.33333	0.23077	0.10256	0.33333	1	1.3052e-05
ctcggat	0.16667	0.43333	0.08889	0.31111	1	3.0119e-05
ctcggca	0.38462	0.28846	0.17308	0.15385	1	1.7402e-05
ctcggcc	0.25000	0.04545	0.31818	0.38636	1	1.4725e-05
ctcggcg	0.17910	0.14925	0.55224	0.11940	1	2.2422e-05
ctcggct	0.31373	0.29412	0.15686	0.23529	1	1.7068e-05
ctcggga	0.36842	0.10526	0.28947	0.23684	1	1.2717e-05
ctcgggc	0.32143	0.21429	0.17857	0.28571	1	9.3704e-06
ctcgggg	0.23810	0.09524	0.23810	0.42857	1	7.0278e-06
ctcgggt	0.34286	0.11429	0.28571	0.25714	1	1.1713e-05
ctcggta	0.35417	0.16667	0.10417	0.37500	1	1.6064e-05
ctcggtc	0.24000	0.20000	0.28000	0.28000	1	1.6733e-05
ctcggtg	0.20000	0.15556	0.28889	0.35556	1	1.5060e-05
ctcggtt	0.18056	0.19444	0.18056	0.44444	1	2.4095e-05
ctcgtaa	0.37113	0.20619	0.18557	0.23711	1	3.2462e-05
ctcgtac	0.35385	0.15385	0.21538	0.27692	1	2.1753e-05
ctcgtag	0.39344	0.21311	0.26230	0.13115	1	2.0414e-05
ctcgtat	0.45578	0.14966	0.04082	0.35374	1	4.9195e-05
ctcgtca	0.32836	0.17910	0.19403	0.29851	1	2.2422e-05
ctcgtcc	0.30952	0.16667	0.16667	0.35714	1	1.4056e-05
ctcgtcg	0.19512	0.36585	0.19512	0.24390	1	1.3721e-05
ctcgtct	0.13415	0.28049	0.17073	0.41463	1	2.7442e-05
ctcgtga	0.35185	0.11111	0.18519	0.35185	1	1.8072e-05
ctcgtgc	0.29167	0.20833	0.22917	0.27083	1	1.6064e-05
ctcgtgg	0.19565	0.23913	0.21739	0.34783	1	1.5394e-05
ctcgtgt	0.20312	0.15625	0.25000	0.39062	1	2.1418e-05
ctcgtta	0.28571	0.28571	0.14286	0.28571	1	3.7482e-05
ctcgttc	0.25758	0.32576	0.11364	0.30303	1	4.4175e-05
ctcgttg	0.35227	0.21591	0.17045	0.26136	1	2.9450e-05
ctcgttt	0.34199	0.17749	0.21212	0.26840	1	7.7306e-05
ctctaaa	0.37555	0.21397	0.17904	0.23144	1	7.6637e-05
ctctaac	0.32215	0.16107	0.12752	0.38926	1	4.9864e-05
ctctaag	0.39823	0.20354	0.17699	0.22124	1	3.7816e-05
ctctaat	0.31019	0.12963	0.14352	0.41667	1	7.2286e-05
ctctaca	0.33103	0.20000	0.16552	0.30345	1	4.8525e-05
ctctacc	0.21569	0.21569	0.19608	0.37255	1	3.4135e-05
ctctacg	0.20000	0.17143	0.25714	0.37143	1	2.3426e-05
ctctact	0.23353	0.17964	0.19162	0.39521	1	5.5888e-05
ctctaga	0.32584	0.16854	0.24719	0.25843	1	2.9785e-05
ctctagc	0.26744	0.25581	0.10465	0.37209	1	2.8781e-05
ctctagg	0.30000	0.20000	0.16667	0.33333	1	2.0079e-05
ctctagt	0.30159	0.15079	0.19841	0.34921	1	4.2167e-05
ctctata	0.28514	0.17269	0.17269	0.36948	1	8.3330e-05
ctctatc	0.34659	0.25000	0.12500	0.27841	1	5.8900e-05
ctctatg	0.29508	0.19672	0.17213	0.33607	1	4.0828e-05
ctctatt	0.23599	0.16519	0.21534	0.38348	1	1.1345e-04
ctctcaa	0.32787	0.18579	0.16940	0.31694	1	6.1242e-05
ctctcac	0.31897	0.17241	0.15517	0.35345	1	3.8820e-05
ctctcag	0.32432	0.27027	0.16216	0.24324	1	3.7147e-05
ctctcat	0.32886	0.23490	0.10067	0.33557	1	4.9864e-05
ctctcca	0.37589	0.20567	0.17730	0.24113	1	4.7187e-05
ctctccc	0.19167	0.30833	0.14167	0.35833	1	4.0159e-05
ctctccg	0.21795	0.20513	0.20513	0.37179	1	2.6103e-05
ctctcct	0.17647	0.24118	0.12941	0.45294	1	5.6892e-05
ctctcga	0.36066	0.07377	0.35246	0.21311	1	4.0828e-05
ctctcgc	0.22222	0.23810	0.07937	0.46032	1	2.1083e-05
ctctcgg	0.25490	0.25490	0.15686	0.33333	1	1.7068e-05
ctctcgt	0.25773	0.15464	0.08247	0.50515	1	3.2462e-05
ctctcta	0.28221	0.24540	0.15337	0.31902	1	5.4549e-05
ctctctc	0.20225	0.18727	0.08614	0.52434	1	8.9354e-05
ctctctg	0.20833	0.28333	0.16667	0.34167	1	4.0159e-05
ctctctt	0.17892	0.23039	0.14951	0.44118	1	1.3654e-04
ctctgaa	0.40854	0.18293	0.15244	0.25610	1	5.4884e-05
ctctgac	0.33333	0.19444	0.19444	0.27778	1	2.4095e-05
ctctgag	0.33333	0.15556	0.21111	0.30000	1	3.0119e-05
ctctgat	0.36207	0.14655	0.19828	0.29310	1	3.8820e-05
ctctgca	0.23239	0.23944	0.19014	0.33803	1	4.7521e-05
ctctgcc	0.25000	0.20652	0.21739	0.32609	1	3.0789e-05
ctctgcg	0.18919	0.31081	0.21622	0.28378	1	2.4765e-05
ctctgct	0.19580	0.22378	0.22378	0.35664	1	4.7856e-05
ctctgga	0.45055	0.12088	0.21978	0.20879	1	3.0454e-05
ctctggc	0.29167	0.18056	0.26389	0.26389	1	2.4095e-05
ctctggg	0.25000	0.26923	0.26923	0.21154	1	1.7402e-05
ctctggt	0.25000	0.16304	0.32609	0.26087	1	3.0789e-05
ctctgta	0.19872	0.21154	0.21795	0.37179	1	5.2207e-05
ctctgtc	0.32381	0.15238	0.12381	0.40000	1	3.5139e-05
ctctgtg	0.27679	0.20536	0.18750	0.33036	1	3.7482e-05
ctctgtt	0.24561	0.21491	0.22368	0.31579	1	7.6302e-05
ctcttaa	0.35776	0.17241	0.19397	0.27586	1	7.7641e-05
ctcttac	0.25352	0.23944	0.19014	0.31690	1	4.7521e-05
ctcttag	0.25490	0.23529	0.13725	0.37255	1	3.4135e-05
ctcttat	0.27508	0.20712	0.13592	0.38188	1	1.0341e-04
ctcttca	0.36552	0.19310	0.15862	0.28276	1	9.7051e-05
ctcttcc	0.24806	0.22868	0.15504	0.36822	1	8.6342e-05
ctcttcg	0.30189	0.30189	0.12579	0.27044	1	5.3211e-05
ctcttct	0.19865	0.22122	0.17381	0.40632	1	1.4825e-04
ctcttga	0.36179	0.20732	0.16260	0.26829	1	8.2326e-05
ctcttgc	0.27746	0.19653	0.20809	0.31792	1	5.7896e-05
ctcttgg	0.23171	0.25610	0.23171	0.28049	1	5.4884e-05
ctcttgt	0.25083	0.15512	0.17822	0.41584	1	1.0140e-04
ctcttta	0.28412	0.22841	0.13928	0.34819	1	1.2014e-04
ctctttc	0.22626	0.24848	0.13333	0.39192	1	1.6566e-04
ctctttg	0.27273	0.16206	0.21739	0.34783	1	8.4669e-05
ctctttt	0.17405	0.23378	0.11843	0.47374	1	3.2495e-04
ctgaaaa	0.48924	0.11908	0.13917	0.25251	1	2.3326e-04
ctgaaac	0.25424	0.11864	0.45763	0.16949	1	9.8724e-05
ctgaaag	0.31250	0.20192	0.23077	0.25481	1	6.9609e-05
ctgaaat	0.33058	0.11570	0.23967	0.31405	1	1.2148e-04
ctgaaca	0.41622	0.12973	0.17838	0.27568	1	6.1912e-05
ctgaacc	0.26966	0.21348	0.16854	0.34831	1	2.9785e-05
ctgaacg	0.34783	0.17391	0.18478	0.29348	1	3.0789e-05
ctgaact	0.37956	0.12409	0.20438	0.29197	1	4.5848e-05
ctgaaga	0.45685	0.10660	0.21320	0.22335	1	6.5928e-05
ctgaagc	0.33333	0.15741	0.14815	0.36111	1	3.6143e-05
ctgaagg	0.40385	0.19231	0.16346	0.24038	1	3.4804e-05
ctgaagt	0.27273	0.10160	0.39572	0.22995	1	6.2581e-05
ctgaata	0.31200	0.17200	0.13600	0.38000	1	8.3665e-05
ctgaatc	0.38053	0.17699	0.12389	0.31858	1	3.7816e-05
ctgaatg	0.35833	0.15000	0.22500	0.26667	1	4.0159e-05
ctgaatt	0.20732	0.14634	0.19919	0.44715	1	8.2326e-05
ctgacaa	0.42012	0.17751	0.19527	0.20710	1	5.6557e-05
ctgacac	0.32075	0.17925	0.13208	0.36792	1	3.5474e-05
ctgacag	0.32468	0.16883	0.12987	0.37662	1	2.5769e-05
ctgacat	0.35915	0.17606	0.14789	0.31690	1	4.7521e-05
ctgacca	0.37333	0.25333	0.17333	0.20000	1	2.5099e-05
ctgaccc	0.29268	0.19512	0.17073	0.34146	1	1.3721e-05
ctgaccg	0.30303	0.36364	0.18182	0.15152	1	1.1044e-05
ctgacct	0.28947	0.19737	0.10526	0.40789	1	2.5434e-05
ctgacga	0.40000	0.12308	0.16923	0.30769	1	2.1753e-05
ctgacgc	0.29114	0.06329	0.39241	0.25316	1	2.6438e-05
ctgacgg	0.37255	0.27451	0.15686	0.19608	1	1.7068e-05
ctgacgt	0.38667	0.04000	0.18667	0.38667	1	2.5099e-05
ctgacta	0.32353	0.17647	0.21569	0.28431	1	3.4135e-05
ctgactc	0.31818	0.12500	0.20455	0.35227	1	2.9450e-05
ctgactg	0.29870	0.22078	0.19481	0.28571	1	2.5769e-05
ctgactt	0.21368	0.19658	0.18803	0.40171	1	3.9155e-05
ctgagaa	0.41709	0.14573	0.22111	0.21608	1	6.6597e-05
ctgagac	0.42857	0.17460	0.19048	0.20635	1	2.1083e-05
ctgagag	0.34444	0.20000	0.18889	0.26667	1	3.0119e-05
ctgagat	0.36752	0.19658	0.23077	0.20513	1	3.9155e-05
ctgagca	0.42342	0.14414	0.16216	0.27027	1	3.7147e-05
ctgagcc	0.47170	0.16981	0.09434	0.26415	1	1.7737e-05
ctgagcg	0.24000	0.18000	0.38000	0.20000	1	1.6733e-05
ctgagct	0.20588	0.13725	0.21569	0.44118	1	3.4135e-05
ctgagga	0.50617	0.12346	0.18519	0.18519	1	2.7107e-05
ctgaggc	0.38596	0.24561	0.15789	0.21053	1	1.9076e-05
ctgaggg	0.41860	0.16279	0.20930	0.20930	1	1.4390e-05
ctgaggt	0.40506	0.08861	0.18987	0.31646	1	2.6438e-05
ctgagta	0.34000	0.22000	0.18000	0.26000	1	3.3466e-05
ctgagtc	0.37037	0.16667	0.12963	0.33333	1	1.8072e-05
ctgagtg	0.40449	0.08989	0.31461	0.19101	1	2.9785e-05
ctgagtt	0.21186	0.12712	0.18644	0.47458	1	3.9490e-05
ctgataa	0.41791	0.14179	0.13433	0.30597	1	8.9688e-05
ctgatac	0.32283	0.09449	0.15748	0.42520	1	4.2502e-05
ctgatag	0.38971	0.15441	0.13971	0.31618	1	4.5514e-05
ctgatat	0.33858	0.18504	0.15748	0.31890	1	8.5003e-05
ctgatca	0.33058	0.17355	0.19835	0.29752	1	4.0494e-05
ctgatcc	0.32353	0.20588	0.16176	0.30882	1	2.2757e-05
ctgatcg	0.35821	0.23881	0.07463	0.32836	1	2.2422e-05
ctgatct	0.21739	0.13768	0.21739	0.42754	1	4.6183e-05
ctgatga	0.31373	0.22222	0.14379	0.32026	1	5.1203e-05
ctgatgc	0.37349	0.14458	0.19277	0.28916	1	2.7777e-05
ctgatgg	0.50000	0.10256	0.19231	0.20513	1	2.6103e-05
ctgatgt	0.30000	0.17692	0.24615	0.27692	1	4.3506e-05
ctgatta	0.33152	0.19022	0.10326	0.37500	1	6.1577e-05
ctgattc	0.38843	0.22314	0.11570	0.27273	1	4.0494e-05
ctgattg	0.25410	0.21311	0.23770	0.29508	1	4.0828e-05
ctgattt	0.21603	0.21603	0.14983	0.41812	1	9.6047e-05
ctgcaaa	0.44118	0.12745	0.17320	0.25817	1	1.0241e-04
ctgcaac	0.30469	0.17969	0.19531	0.32031	1	4.2836e-05
ctgcaag	0.33553	0.19737	0.22368	0.24342	1	5.0868e-05
ctgcaat	0.34513	0.11947	0.16372	0.37168	1	7.5633e-05
ctgcaca	0.38931	0.16031	0.16031	0.29008	1	4.3840e-05
ctgcacc	0.27381	0.22619	0.11905	0.38095	1	2.8111e-05
ctgcacg	0.28571	0.14286	0.30357	0.26786	1	1.8741e-05
ctgcact	0.27820	0.10526	0.25564	0.36090	1	4.4510e-05
ctgcaga	0.35385	0.16154	0.19231	0.29231	1	4.3506e-05
ctgcagc	0.36538	0.19231	0.18269	0.25962	1	3.4804e-05
ctgcagg	0.33645	0.24299	0.19626	0.22430	1	3.5808e-05
ctgcagt	0.31210	0.11465	0.24204	0.33121	1	5.2541e-05
ctgcata	0.22535	0.19249	0.17371	0.40845	1	7.1282e-05
ctgcatc	0.35211	0.19718	0.14789	0.30282	1	4.7521e-05
ctgcatg	0.28431	0.12745	0.20588	0.38235	1	3.4135e-05
ctgcatt	0.22685	0.13426	0.18981	0.44907	1	7.2286e-05
ctgccaa	0.34694	0.14286	0.26531	0.24490	1	4.9195e-05
ctgccac	0.31683	0.19802	0.15842	0.32673	1	3.3800e-05
ctgccag	0.23881	0.26866	0.25373	0.23881	1	2.2422e-05
ctgccat	0.19595	0.31757	0.12838	0.35811	1	4.9529e-05
ctgccca	0.28571	0.32468	0.12987	0.25974	1	2.5769e-05
ctgcccc	0.22973	0.12162	0.13514	0.51351	1	2.4765e-05
ctgcccg	0.20000	0.22222	0.20000	0.37778	1	1.5060e-05
ctgccct	0.21429	0.22449	0.18367	0.37755	1	3.2796e-05
ctgccga	0.31148	0.11475	0.18033	0.39344	1	2.0414e-05
ctgccgc	0.27119	0.28814	0.10169	0.33898	1	1.9745e-05
ctgccgg	0.24490	0.26531	0.20408	0.28571	1	1.6398e-05
ctgccgt	0.25641	0.15385	0.17949	0.41026	1	2.6103e-05
ctgccta	0.28409	0.22727	0.20455	0.28409	1	2.9450e-05
ctgcctc	0.25253	0.16162	0.18182	0.40404	1	3.3131e-05
ctgcctg	0.23529	0.23529	0.24706	0.28235	1	2.8446e-05
ctgcctt	0.16556	0.19205	0.23179	0.41060	1	5.0533e-05
ctgcgaa	0.40187	0.15888	0.21495	0.22430	1	3.5808e-05
ctgcgac	0.32143	0.14286	0.25000	0.28571	1	1.8741e-05
ctgcgag	0.26786	0.25000	0.19643	0.28571	1	1.8741e-05
ctgcgat	0.34375	0.12500	0.23958	0.29167	1	3.2127e-05
ctgcgca	0.22826	0.16304	0.25000	0.35870	1	3.0789e-05
ctgcgcc	0.32787	0.14754	0.22951	0.29508	1	2.0414e-05
ctgcgcg	0.29825	0.19298	0.26316	0.24561	1	1.9076e-05
ctgcgct	0.23636	0.10000	0.27273	0.39091	1	3.6812e-05
ctgcgga	0.39189	0.20270	0.20270	0.20270	1	2.4765e-05
ctgcggc	0.30357	0.37500	0.10714	0.21429	1	1.8741e-05
ctgcggg	0.34091	0.13636	0.18182	0.34091	1	1.4725e-05
ctgcggt	0.35366	0.12195	0.19512	0.32927	1	2.7442e-05
ctgcgta	0.34091	0.14773	0.12500	0.38636	1	2.9450e-05
ctgcgtc	0.36066	0.13115	0.14754	0.36066	1	2.0414e-05
ctgcgtg	0.29412	0.30882	0.17647	0.22059	1	2.2757e-05
ctgcgtt	0.34783	0.14783	0.17391	0.33043	1	3.8486e-05
ctgctaa	0.34969	0.14724	0.19632	0.30675	1	5.4549e-05
ctgctac	0.29921	0.24409	0.10236	0.35433	1	4.2502e-05
ctgctag	0.32632	0.24211	0.14737	0.28421	1	3.1793e-05
ctgctat	0.24510	0.14706	0.12255	0.48529	1	6.8270e-05
ctgctca	0.35115	0.20611	0.12977	0.31298	1	4.3840e-05
ctgctcc	0.29545	0.19318	0.17045	0.34091	1	2.9450e-05
ctgctcg	0.23256	0.20930	0.16279	0.39535	1	2.8781e-05
ctgctct	0.20382	0.20382	0.11465	0.47771	1	5.2541e-05
ctgctga	0.36735	0.22449	0.10884	0.29932	1	4.9195e-05
ctgctgc	0.29480	0.15029	0.14451	0.41040	1	5.7896e-05
ctgctgg	0.39560	0.14286	0.14286	0.31868	1	3.0454e-05
ctgctgt	0.21711	0.12500	0.30921	0.34868	1	5.0868e-05
ctgctta	0.23958	0.23958	0.14583	0.37500	1	6.4254e-05
ctgcttc	0.32143	0.18367	0.13776	0.35714	1	6.5593e-05
ctgcttg	0.23944	0.31690	0.16901	0.27465	1	4.7521e-05
ctgcttt	0.17867	0.21326	0.16427	0.44380	1	1.1613e-04
ctggaaa	0.46975	0.11388	0.21708	0.19929	1	9.4039e-05
ctggaac	0.39423	0.11538	0.23077	0.25962	1	3.4804e-05
ctggaag	0.26347	0.17365	0.26946	0.29341	1	5.5888e-05
ctggaat	0.32653	0.10884	0.20408	0.36054	1	4.9195e-05
ctggaca	0.40000	0.17647	0.22353	0.20000	1	2.8446e-05
ctggacc	0.28571	0.28571	0.11429	0.31429	1	1.1713e-05
ctggacg	0.31707	0.17073	0.31707	0.19512	1	1.3721e-05
ctggact	0.22642	0.16981	0.28302	0.32075	1	1.7737e-05
ctggaga	0.40000	0.10400	0.20000	0.29600	1	4.1832e-05
ctggagc	0.36066	0.16393	0.19672	0.27869	1	2.0414e-05
ctggagg	0.36232	0.14493	0.10145	0.39130	1	2.3091e-05
ctggagt	0.32500	0.07500	0.23750	0.36250	1	2.6773e-05
ctggata	0.37209	0.15504	0.13178	0.34109	1	4.3171e-05
ctggatc	0.36207	0.18966	0.15517	0.29310	1	1.9410e-05
ctggatg	0.28235	0.18824	0.24706	0.28235	1	2.8446e-05
ctggatt	0.23276	0.20690	0.16379	0.39655	1	3.8820e-05
ctggcaa	0.30189	0.16981	0.28302	0.24528	1	3.5474e-05
ctggcac	0.30000	0.18571	0.12857	0.38571	1	2.3426e-05
ctggcag	0.29851	0.23881	0.22388	0.23881	1	2.2422e-05
ctggcat	0.22881	0.18644	0.16949	0.41525	1	3.9490e-05
ctggcca	0.24324	0.13514	0.33784	0.28378	1	2.4765e-05
ctggccc	0.21277	0.19149	0.23404	0.36170	1	1.5729e-05
ctggccg	0.23810	0.23810	0.26190	0.26190	1	1.4056e-05
ctggcct	0.27273	0.22078	0.14286	0.36364	1	2.5769e-05
ctggcga	0.26786	0.17857	0.10714	0.44643	1	1.8741e-05
ctggcgc	0.29231	0.18462	0.18462	0.33846	1	2.1753e-05
ctggcgg	0.26087	0.32609	0.17391	0.23913	1	1.5394e-05
ctggcgt	0.24000	0.22667	0.21333	0.32000	1	2.5099e-05
ctggcta	0.19481	0.15584	0.33766	0.31169	1	2.5769e-05
ctggctc	0.34667	0.13333	0.17333	0.34667	1	2.5099e-05
ctggctg	0.24359	0.30769	0.16667	0.28205	1	2.6103e-05
ctggctt	0.16296	0.23704	0.25185	0.34815	1	4.5179e-05
ctgggaa	0.44915	0.17797	0.25424	0.11864	1	3.9490e-05
ctgggac	0.34483	0.10345	0.31034	0.24138	1	9.7051e-06
ctgggag	0.16364	0.23636	0.29091	0.30909	1	1.8406e-05
ctgggat	0.42647	0.13235	0.11765	0.32353	1	2.2757e-05
ctgggca	0.26415	0.15094	0.18868	0.39623	1	1.7737e-05
ctgggcc	0.26087	0.28261	0.17391	0.28261	1	1.5394e-05
ctgggcg	0.28814	0.22034	0.25424	0.23729	1	1.9745e-05
ctgggct	0.20000	0.21429	0.22857	0.35714	1	2.3426e-05
ctgggga	0.45902	0.13115	0.21311	0.19672	1	2.0414e-05
ctggggc	0.26829	0.31707	0.24390	0.17073	1	1.3721e-05
ctggggg	0.47826	0.21739	0.13043	0.17391	1	7.6971e-06
ctggggt	0.14894	0.17021	0.23404	0.44681	1	1.5729e-05
ctgggta	0.32877	0.17808	0.16438	0.32877	1	2.4430e-05
ctgggtc	0.42857	0.17857	0.21429	0.17857	1	9.3704e-06
ctgggtg	0.30882	0.25000	0.26471	0.17647	1	2.2757e-05
ctgggtt	0.25000	0.18750	0.16250	0.40000	1	2.6773e-05
ctggtaa	0.44048	0.08929	0.20238	0.26786	1	5.6223e-05
ctggtac	0.39759	0.18072	0.07229	0.34940	1	2.7777e-05
ctggtag	0.18182	0.25974	0.15584	0.40260	1	2.5769e-05
ctggtat	0.31690	0.13380	0.12676	0.42254	1	4.7521e-05
ctggtca	0.25352	0.25352	0.11268	0.38028	1	2.3761e-05
ctggtcc	0.29545	0.15909	0.13636	0.40909	1	1.4725e-05
ctggtcg	0.17949	0.35897	0.07692	0.38462	1	1.3052e-05
ctggtct	0.15584	0.16883	0.23377	0.44156	1	2.5769e-05
ctggtga	0.41975	0.20988	0.14815	0.22222	1	2.7107e-05
ctggtgc	0.31169	0.20779	0.15584	0.32468	1	2.5769e-05
ctggtgg	0.23077	0.26923	0.19231	0.30769	1	2.6103e-05
ctggtgt	0.23913	0.18478	0.23913	0.33696	1	3.0789e-05
ctggtta	0.23387	0.33871	0.12903	0.29839	1	4.1498e-05
ctggttc	0.14167	0.20000	0.15000	0.50833	1	4.0159e-05
ctggttg	0.29592	0.24490	0.15306	0.30612	1	3.2796e-05
ctggttt	0.20942	0.14660	0.20942	0.43455	1	6.3920e-05
ctgtaaa	0.30721	0.15987	0.20063	0.33229	1	1.0676e-04
ctgtaac	0.40441	0.18382	0.10294	0.30882	1	4.5514e-05
ctgtaag	0.30233	0.17829	0.28682	0.23256	1	4.3171e-05
ctgtaat	0.33058	0.18182	0.16529	0.32231	1	8.0987e-05
ctgtaca	0.31325	0.18072	0.16867	0.33735	1	5.5553e-05
ctgtacc	0.25352	0.15493	0.26761	0.32394	1	2.3761e-05
ctgtacg	0.38710	0.19355	0.20430	0.21505	1	3.1123e-05
ctgtact	0.25301	0.17470	0.16867	0.40361	1	5.5553e-05
ctgtaga	0.38849	0.15827	0.16547	0.28777	1	4.6517e-05
ctgtagc	0.38261	0.21739	0.13043	0.26957	1	3.8486e-05
ctgtagg	0.37838	0.32432	0.06757	0.22973	1	2.4765e-05
ctgtagt	0.25828	0.19868	0.19205	0.35099	1	5.0533e-05
ctgtata	0.21640	0.36902	0.09339	0.32118	1	1.4691e-04
ctgtatc	0.44361	0.12782	0.14286	0.28571	1	4.4510e-05
ctgtatg	0.27500	0.16667	0.22500	0.33333	1	4.0159e-05
ctgtatt	0.25602	0.15361	0.14759	0.44277	1	1.1111e-04
ctgtcaa	0.34940	0.15060	0.16867	0.33133	1	5.5553e-05
ctgtcac	0.22609	0.15652	0.21739	0.40000	1	3.8486e-05
ctgtcag	0.20455	0.19318	0.19318	0.40909	1	2.9450e-05
ctgtcat	0.20913	0.39544	0.11407	0.28137	1	8.8015e-05
ctgtcca	0.29787	0.25532	0.13830	0.30851	1	3.1458e-05
ctgtccc	0.26471	0.17647	0.13235	0.42647	1	2.2757e-05
ctgtccg	0.31707	0.24390	0.14634	0.29268	1	1.3721e-05
ctgtcct	0.18333	0.22500	0.18333	0.40833	1	4.0159e-05
ctgtcga	0.36620	0.21127	0.19718	0.22535	1	2.3761e-05
ctgtcgc	0.34247	0.19178	0.12329	0.34247	1	2.4430e-05
ctgtcgg	0.32353	0.29412	0.05882	0.32353	1	1.1378e-05
ctgtcgt	0.17895	0.21053	0.15789	0.45263	1	3.1793e-05
ctgtcta	0.28125	0.13542	0.23958	0.34375	1	3.2127e-05
ctgtctc	0.31897	0.22414	0.13793	0.31897	1	3.8820e-05
ctgtctg	0.40777	0.15534	0.15534	0.28155	1	3.4470e-05
ctgtctt	0.14872	0.27692	0.17436	0.40000	1	6.5258e-05
ctgtgaa	0.38372	0.16279	0.20349	0.25000	1	5.7561e-05
ctgtgac	0.31633	0.14286	0.24490	0.29592	1	3.2796e-05
ctgtgag	0.34177	0.21519	0.24051	0.20253	1	2.6438e-05
ctgtgat	0.35065	0.15584	0.20779	0.28571	1	5.1537e-05
ctgtgca	0.26573	0.27972	0.17483	0.27972	1	4.7856e-05
ctgtgcc	0.35484	0.13978	0.15054	0.35484	1	3.1123e-05
ctgtgcg	0.28571	0.19481	0.23377	0.28571	1	2.5769e-05
ctgtgct	0.19697	0.17424	0.28030	0.34848	1	4.4175e-05
ctgtgga	0.49367	0.13924	0.16456	0.20253	1	2.6438e-05
ctgtggc	0.28866	0.24742	0.20619	0.25773	1	3.2462e-05
ctgtggg	0.34426	0.26230	0.09836	0.29508	1	2.0414e-05
ctgtggt	0.22772	0.15842	0.31683	0.29703	1	3.3800e-05
ctgtgta	0.30846	0.13930	0.16915	0.38308	1	6.7266e-05
ctgtgtc	0.42857	0.14286	0.14286	0.28571	1	2.1083e-05
ctgtgtg	0.24348	0.22609	0.17391	0.35652	1	3.8486e-05
ctgtgtt	0.27624	0.14365	0.19337	0.38674	1	6.0573e-05
ctgttaa	0.30328	0.21721	0.18852	0.29098	1	8.1657e-05
ctgttac	0.21212	0.29091	0.13939	0.35758	1	5.5219e-05
ctgttag	0.30357	0.19643	0.15179	0.34821	1	3.7482e-05
ctgttat	0.29032	0.19713	0.15412	0.35842	1	9.3370e-05
ctgttca	0.29703	0.18317	0.21287	0.30693	1	6.7601e-05
ctgttcc	0.22951	0.17213	0.13934	0.45902	1	4.0828e-05
ctgttcg	0.17857	0.20238	0.16667	0.45238	1	2.8111e-05
ctgttct	0.19066	0.19844	0.15175	0.45914	1	8.6007e-05
ctgttga	0.40513	0.13333	0.15385	0.30769	1	6.5258e-05
ctgttgc	0.39259	0.14074	0.14074	0.32593	1	4.5179e-05
ctgttgg	0.42138	0.14465	0.15723	0.27673	1	5.3211e-05
ctgttgt	0.28692	0.13502	0.16034	0.41772	1	7.9314e-05
ctgttta	0.21053	0.19737	0.17105	0.42105	1	1.0174e-04
ctgtttc	0.24926	0.19881	0.15134	0.40059	1	1.1278e-04
ctgtttg	0.27315	0.21296	0.18056	0.33333	1	7.2286e-05
ctgtttt	0.24115	0.23777	0.15177	0.36931	1	1.9845e-04
cttaaaa	0.35357	0.15714	0.21607	0.27321	1	1.8741e-04
cttaaac	0.29596	0.20628	0.18834	0.30942	1	7.4629e-05
cttaaag	0.28509	0.14474	0.28947	0.28070	1	7.6302e-05
cttaaat	0.36176	0.16765	0.17059	0.30000	1	1.1378e-04
cttaaca	0.33484	0.22172	0.21719	0.22624	1	7.3959e-05
cttaacc	0.26852	0.22222	0.16667	0.34259	1	3.6143e-05
cttaacg	0.35238	0.15238	0.21905	0.27619	1	3.5139e-05
cttaact	0.35326	0.20652	0.16304	0.27717	1	6.1577e-05
cttaaga	0.36500	0.11500	0.26000	0.26000	1	6.6932e-05
cttaagc	0.37273	0.13636	0.10909	0.38182	1	3.6812e-05
cttaagg	0.28455	0.16260	0.26829	0.28455	1	4.1163e-05
cttaagt	0.35625	0.13125	0.24375	0.26875	1	5.3545e-05
cttaata	0.33811	0.13754	0.14327	0.38109	1	1.1680e-04
cttaatc	0.45588	0.11765	0.17157	0.25490	1	6.8270e-05
cttaatg	0.28342	0.23529	0.20321	0.27807	1	6.2581e-05
cttaatt	0.29327	0.16106	0.19471	0.35096	1	1.3922e-04
cttacaa	0.38750	0.15417	0.17500	0.28333	1	8.0318e-05
cttacac	0.28289	0.19737	0.12500	0.39474	1	5.0868e-05
cttacag	0.31452	0.21774	0.16935	0.29839	1	4.1498e-05
cttacat	0.35019	0.27237	0.12062	0.25681	1	8.6007e-05
cttacca	0.38065	0.18710	0.16129	0.27097	1	5.1872e-05
cttaccc	0.21831	0.11268	0.35211	0.31690	1	4.7521e-05
cttaccg	0.33824	0.23529	0.08824	0.33824	1	2.2757e-05
cttacct	0.18792	0.23490	0.14765	0.42953	1	4.9864e-05
cttacga	0.40179	0.16071	0.18750	0.25000	1	3.7482e-05
cttacgc	0.34021	0.13402	0.17526	0.35052	1	3.2462e-05
cttacgg	0.29730	0.18919	0.17568	0.33784	1	2.4765e-05
cttacgt	0.27869	0.21311	0.18852	0.31967	1	4.0828e-05
cttacta	0.29644	0.22134	0.15020	0.33202	1	8.4669e-05
cttactc	0.30814	0.16279	0.13953	0.38953	1	5.7561e-05
cttactg	0.20779	0.27922	0.20130	0.31169	1	5.1537e-05
cttactt	0.20710	0.21893	0.16568	0.40828	1	1.1311e-04
cttagaa	0.39474	0.12632	0.25789	0.22105	1	6.3585e-05
cttagac	0.28000	0.18667	0.17333	0.36000	1	2.5099e-05
cttagag	0.36364	0.20000	0.21818	0.21818	1	3.6812e-05
cttagat	0.27564	0.14103	0.28205	0.30128	1	5.2207e-05
cttagca	0.33562	0.19863	0.17808	0.28767	1	4.8860e-05
cttagcc	0.18293	0.15854	0.21951	0.43902	1	2.7442e-05
cttagcg	0.25287	0.24138	0.27586	0.22989	1	2.9115e-05
cttagct	0.26515	0.22727	0.14394	0.36364	1	4.4175e-05
cttagga	0.42500	0.21250	0.11250	0.25000	1	2.6773e-05
cttaggc	0.35821	0.16418	0.19403	0.28358	1	2.2422e-05
cttaggg	0.44186	0.12791	0.16279	0.26744	1	2.8781e-05
cttaggt	0.32967	0.13187	0.12088	0.41758	1	3.0454e-05
cttagta	0.37089	0.14085	0.19718	0.29108	1	7.1282e-05
cttagtc	0.36842	0.22105	0.16842	0.24211	1	3.1793e-05
cttagtg	0.38843	0.15702	0.15702	0.29752	1	4.0494e-05
cttagtt	0.23500	0.19000	0.15500	0.42000	1	6.6932e-05
cttataa	0.33952	0.22281	0.17772	0.25995	1	1.2617e-04
cttatac	0.34468	0.14894	0.17872	0.32766	1	7.8645e-05
cttatag	0.30409	0.20468	0.14035	0.35088	1	5.7227e-05
cttatat	0.47932	0.15414	0.12782	0.23872	1	1.7804e-04
cttatca	0.34615	0.20085	0.15385	0.29915	1	7.8310e-05
cttatcc	0.31544	0.22148	0.14094	0.32215	1	4.9864e-05
cttatcg	0.28082	0.25342	0.17123	0.29452	1	4.8860e-05
cttatct	0.19648	0.18475	0.14663	0.47214	1	1.1412e-04
cttatga	0.37725	0.17964	0.16168	0.28144	1	5.5888e-05
cttatgc	0.28261	0.21014	0.16667	0.34058	1	4.6183e-05
cttatgg	0.17582	0.24176	0.24176	0.34066	1	3.0454e-05
cttatgt	0.26587	0.25397	0.17857	0.30159	1	8.4334e-05
cttatta	0.31915	0.17447	0.12340	0.38298	1	1.5729e-04
cttattc	0.22343	0.19891	0.21526	0.36240	1	1.2282e-04
cttattg	0.26596	0.21986	0.17730	0.33688	1	9.4374e-05
cttattt	0.27424	0.15928	0.12742	0.43906	1	2.4162e-04
cttcaaa	0.38657	0.12269	0.22917	0.26157	1	1.4457e-04
cttcaac	0.36759	0.15415	0.13043	0.34783	1	8.4669e-05
cttcaag	0.30769	0.17004	0.19838	0.32389	1	8.2661e-05
cttcaat	0.32639	0.13426	0.13657	0.40278	1	1.4457e-04
cttcaca	0.30000	0.16500	0.18000	0.35500	1	6.6932e-05
cttcacc	0.35256	0.26923	0.10897	0.26923	1	5.2207e-05
cttcacg	0.26136	0.17045	0.26136	0.30682	1	2.9450e-05
cttcact	0.25105	0.20921	0.14226	0.39749	1	7.9983e-05
cttcaga	0.38953	0.13953	0.16279	0.30814	1	5.7561e-05
cttcagc	0.33161	0.12435	0.15026	0.39378	1	6.4589e-05
cttcagg	0.31304	0.16522	0.27826	0.24348	1	3.8486e-05
cttcagt	0.35359	0.12155	0.14365	0.38122	1	6.0573e-05
cttcata	0.35922	0.15858	0.14887	0.33333	1	1.0341e-04
cttcatc	0.30172	0.17672	0.17241	0.34914	1	7.7641e-05
cttcatg	0.27841	0.21591	0.15341	0.35227	1	5.8900e-05
cttcatt	0.27015	0.15468	0.16558	0.40959	1	1.5361e-04
cttccaa	0.37879	0.17803	0.18182	0.26136	1	8.8350e-05
cttccac	0.22273	0.25000	0.14091	0.38636	1	7.3625e-05
cttccag	0.31852	0.17778	0.19259	0.31111	1	4.5179e-05
cttccat	0.25633	0.16456	0.12025	0.45886	1	1.0575e-04
cttccca	0.32948	0.19075	0.17341	0.30636	1	5.7896e-05
cttcccc	0.23429	0.22857	0.13143	0.40571	1	5.8565e-05
cttcccg	0.20253	0.27848	0.16456	0.35443	1	2.6438e-05
cttccct	0.22472	0.17603	0.12360	0.47566	1	8.9354e-05
cttccga	0.31868	0.14286	0.27473	0.26374	1	3.0454e-05
cttccgc	0.31579	0.16667	0.18421	0.33333	1	3.8151e-05
cttccgg	0.33333	0.19048	0.20635	0.26984	1	2.1083e-05
cttccgt	0.29457	0.14729	0.17829	0.37984	1	4.3171e-05
cttccta	0.31694	0.24590	0.12022	0.31694	1	6.1242e-05
cttcctc	0.20896	0.19776	0.10448	0.48881	1	8.9688e-05
cttcctg	0.23529	0.23529	0.15686	0.37255	1	5.1203e-05
cttcctt	0.17885	0.20769	0.13077	0.48269	1	1.7402e-04
cttcgaa	0.33186	0.15044	0.32743	0.19027	1	7.5633e-05
cttcgac	0.19767	0.15116	0.24419	0.40698	1	2.8781e-05
cttcgag	0.46711	0.20395	0.23026	0.09868	1	5.0868e-05
cttcgat	0.21023	0.15341	0.35795	0.27841	1	5.8900e-05
cttcgca	0.29060	0.17094	0.17094	0.36752	1	3.9155e-05
cttcgcc	0.27907	0.19767	0.20930	0.31395	1	2.8781e-05
cttcgcg	0.22667	0.20000	0.21333	0.36000	1	2.5099e-05
cttcgct	0.21805	0.23308	0.17293	0.37594	1	4.4510e-05
cttcgga	0.36782	0.13793	0.14943	0.34483	1	2.9115e-05
cttcggc	0.27778	0.21111	0.27778	0.23333	1	3.0119e-05
cttcggg	0.28986	0.24638	0.23188	0.23188	1	2.3091e-05
cttcggt	0.28421	0.14737	0.16842	0.40000	1	3.1793e-05
cttcgta	0.24183	0.22876	0.19608	0.33333	1	5.1203e-05
cttcgtc	0.35897	0.17094	0.11966	0.35043	1	3.9155e-05
cttcgtg	0.31868	0.21978	0.18681	0.27473	1	3.0454e-05
cttcgtt	0.26984	0.18651	0.15476	0.38889	1	8.4334e-05
cttctaa	0.27526	0.29617	0.12544	0.30314	1	9.6047e-05
cttctac	0.33333	0.19481	0.13853	0.33333	1	7.7306e-05
cttctag	0.16129	0.11290	0.08387	0.64194	1	1.0374e-04
cttctat	0.26683	0.16209	0.13965	0.43142	1	1.3420e-04
cttctca	0.32990	0.13402	0.12715	0.40893	1	9.7386e-05
cttctcc	0.28634	0.22467	0.10573	0.38326	1	7.5967e-05
cttctcg	0.35762	0.17881	0.07947	0.38411	1	5.0533e-05
cttctct	0.18138	0.21002	0.13604	0.47255	1	1.4022e-04
cttctga	0.40686	0.16176	0.15686	0.27451	1	6.8270e-05
cttctgc	0.36967	0.18957	0.14218	0.29858	1	7.0613e-05
cttctgg	0.34559	0.13235	0.25000	0.27206	1	4.5514e-05
cttctgt	0.27365	0.16216	0.14527	0.41892	1	9.9059e-05
cttctta	0.28125	0.21875	0.13542	0.36458	1	1.2851e-04
cttcttc	0.22491	0.22677	0.13569	0.41264	1	1.8005e-04
cttcttg	0.29275	0.21503	0.13212	0.36010	1	1.2918e-04
cttcttt	0.18796	0.21753	0.14995	0.44456	1	3.1692e-04
cttgaaa	0.42614	0.15530	0.17235	0.24621	1	1.7670e-04
cttgaac	0.36321	0.20283	0.11792	0.31604	1	7.0948e-05
cttgaag	0.30992	0.20248	0.24793	0.23967	1	8.0987e-05
cttgaat	0.32566	0.13158	0.21053	0.33224	1	1.0174e-04
cttgaca	0.39548	0.18644	0.18644	0.23164	1	5.9234e-05
cttgacc	0.31765	0.14118	0.25882	0.28235	1	2.8446e-05
cttgacg	0.23762	0.19802	0.26733	0.29703	1	3.3800e-05
cttgact	0.24828	0.15862	0.22069	0.37241	1	4.8525e-05
cttgaga	0.40936	0.14620	0.14620	0.29825	1	5.7227e-05
cttgagc	0.46729	0.14953	0.09346	0.28972	1	3.5808e-05
cttgagg	0.44800	0.17600	0.12800	0.24800	1	4.1832e-05
cttgagt	0.28571	0.18797	0.17293	0.35338	1	4.4510e-05
cttgata	0.31915	0.18085	0.15957	0.34043	1	9.4374e-05
cttgatc	0.34395	0.18471	0.14650	0.32484	1	5.2541e-05
cttgatg	0.36702	0.19681	0.17021	0.26596	1	6.2916e-05
cttgatt	0.24915	0.18089	0.15017	0.41980	1	9.8055e-05
cttgcaa	0.30400	0.19600	0.17600	0.32400	1	8.3665e-05
cttgcac	0.32911	0.19620	0.11392	0.36076	1	5.2876e-05
cttgcag	0.31677	0.26708	0.17391	0.24224	1	5.3880e-05
cttgcat	0.25191	0.17176	0.16794	0.40840	1	8.7680e-05
cttgcca	0.32692	0.17308	0.23718	0.26282	1	5.2207e-05
cttgccc	0.40000	0.20000	0.07778	0.32222	1	3.0119e-05
cttgccg	0.28571	0.18182	0.24675	0.28571	1	2.5769e-05
cttgcct	0.15528	0.18634	0.19255	0.46584	1	5.3880e-05
cttgcga	0.27551	0.15306	0.15306	0.41837	1	3.2796e-05
cttgcgc	0.28261	0.14130	0.25000	0.32609	1	3.0789e-05
cttgcgg	0.29213	0.24719	0.16854	0.29213	1	2.9785e-05
cttgcgt	0.21519	0.15823	0.16456	0.46203	1	5.2876e-05
cttgcta	0.33511	0.19681	0.15426	0.31383	1	6.2916e-05
cttgctc	0.26623	0.17532	0.15584	0.40260	1	5.1537e-05
cttgctg	0.20118	0.30178	0.15976	0.33728	1	5.6557e-05
cttgctt	0.20761	0.18685	0.22145	0.38408	1	9.6716e-05
cttggaa	0.37443	0.11872	0.27854	0.22831	1	7.3290e-05
cttggac	0.36364	0.18182	0.15584	0.29870	1	2.5769e-05
cttggag	0.37624	0.20792	0.18812	0.22772	1	3.3800e-05
cttggat	0.32061	0.19847	0.18321	0.29771	1	4.3840e-05
cttggca	0.32804	0.15873	0.16402	0.34921	1	6.3250e-05
cttggcc	0.30612	0.27551	0.10204	0.31633	1	3.2796e-05
cttggcg	0.24762	0.21905	0.18095	0.35238	1	3.5139e-05
cttggct	0.18343	0.16568	0.25444	0.39645	1	5.6557e-05
cttggga	0.42353	0.12941	0.24706	0.20000	1	2.8446e-05
cttgggc	0.24638	0.24638	0.26087	0.24638	1	2.3091e-05
cttgggg	0.21739	0.21739	0.17391	0.39130	1	1.5394e-05
cttgggt	0.27711	0.20482	0.16867	0.34940	1	2.7777e-05
cttggta	0.32530	0.18072	0.18072	0.31325	1	5.5553e-05
cttggtc	0.34286	0.17143	0.22857	0.25714	1	2.3426e-05
cttggtg	0.34188	0.22222	0.15385	0.28205	1	3.9155e-05
cttggtt	0.21390	0.22995	0.18717	0.36898	1	6.2581e-05
cttgtaa	0.37023	0.17176	0.14122	0.31679	1	8.7680e-05
cttgtac	0.32065	0.13043	0.22283	0.32609	1	6.1577e-05
cttgtag	0.33775	0.16556	0.15894	0.33775	1	5.0533e-05
cttgtat	0.39104	0.14925	0.15522	0.30448	1	1.1211e-04
cttgtca	0.44149	0.18617	0.14362	0.22872	1	6.2916e-05
cttgtcc	0.25455	0.20909	0.10000	0.43636	1	3.6812e-05
cttgtcg	0.29032	0.26882	0.11828	0.32258	1	3.1123e-05
cttgtct	0.21226	0.23113	0.10377	0.45283	1	7.0948e-05
cttgtga	0.35811	0.14865	0.14189	0.35135	1	4.9529e-05
cttgtgc	0.26772	0.18110	0.21260	0.33858	1	4.2502e-05
cttgtgg	0.26733	0.28713	0.10891	0.33663	1	3.3800e-05
cttgtgt	0.28652	0.17416	0.21910	0.32022	1	5.9569e-05
cttgtta	0.28472	0.24306	0.14931	0.32292	1	9.6382e-05
cttgttc	0.25704	0.19718	0.13732	0.40845	1	9.5043e-05
cttgttg	0.27237	0.21790	0.20623	0.30350	1	8.6007e-05
cttgttt	0.20751	0.21288	0.15027	0.42934	1	1.8707e-04
ctttaaa	0.37394	0.14213	0.18613	0.29780	1	1.9778e-04
ctttaac	0.34672	0.16788	0.17153	0.31387	1	9.1696e-05
ctttaag	0.40672	0.16045	0.21269	0.22015	1	8.9688e-05
ctttaat	0.29206	0.15421	0.16822	0.38551	1	1.4323e-04
ctttaca	0.29377	0.18991	0.18398	0.33234	1	1.1278e-04
ctttacc	0.34177	0.20675	0.18565	0.26582	1	7.9314e-05
ctttacg	0.24157	0.18539	0.23596	0.33708	1	5.9569e-05
ctttact	0.24474	0.15789	0.19211	0.40526	1	1.2717e-04
ctttaga	0.38389	0.12322	0.14218	0.35071	1	7.0613e-05
ctttagc	0.34463	0.16384	0.19209	0.29944	1	5.9234e-05
ctttagg	0.38333	0.14167	0.25833	0.21667	1	4.0159e-05
ctttagt	0.25103	0.17284	0.18930	0.38683	1	8.1322e-05
ctttata	0.26984	0.16402	0.15168	0.41446	1	1.8975e-04
ctttatc	0.48730	0.13626	0.12240	0.25404	1	1.4491e-04
ctttatg	0.29391	0.15054	0.16846	0.38710	1	9.3370e-05
ctttatt	0.21025	0.17214	0.15900	0.45861	1	2.5467e-04
ctttcaa	0.34177	0.18143	0.19620	0.28059	1	1.5863e-04
ctttcac	0.25436	0.20557	0.15679	0.38328	1	9.6047e-05
ctttcag	0.24242	0.18687	0.19697	0.37374	1	6.6262e-05
ctttcat	0.25054	0.18519	0.11765	0.44662	1	1.5361e-04
ctttcca	0.25839	0.21141	0.22148	0.30872	1	9.9728e-05
ctttccc	0.24242	0.24242	0.09848	0.41667	1	8.8350e-05
ctttccg	0.23729	0.22034	0.15819	0.38418	1	5.9234e-05
ctttcct	0.17121	0.20623	0.16148	0.46109	1	1.7201e-04
ctttcga	0.35393	0.16292	0.23596	0.24719	1	5.9569e-05
ctttcgc	0.26667	0.22963	0.17778	0.32593	1	4.5179e-05
ctttcgg	0.22901	0.22901	0.25954	0.28244	1	4.3840e-05
ctttcgt	0.25439	0.14912	0.16228	0.43421	1	7.6302e-05
ctttcta	0.23298	0.24084	0.14660	0.37958	1	1.2784e-04
ctttctc	0.25059	0.18033	0.13583	0.43326	1	1.4290e-04
ctttctg	0.25234	0.22741	0.19626	0.32399	1	1.0743e-04
ctttctt	0.15109	0.21152	0.14164	0.49575	1	3.5440e-04
ctttgaa	0.38242	0.17802	0.19341	0.24615	1	1.5227e-04
ctttgac	0.33516	0.13187	0.26923	0.26374	1	6.0908e-05
ctttgag	0.38122	0.14917	0.18785	0.28177	1	6.0573e-05
ctttgat	0.32372	0.16667	0.14744	0.36218	1	1.0441e-04
ctttgca	0.32636	0.17155	0.16736	0.33473	1	7.9983e-05
ctttgcc	0.32692	0.20192	0.15865	0.31250	1	6.9609e-05
ctttgcg	0.32800	0.21600	0.14400	0.31200	1	4.1832e-05
ctttgct	0.21951	0.16376	0.20906	0.40767	1	9.6047e-05
ctttgga	0.38095	0.13095	0.19643	0.29167	1	5.6223e-05
ctttggc	0.31343	0.20149	0.22388	0.26119	1	4.4844e-05
ctttggg	0.23684	0.19298	0.21930	0.35088	1	3.8151e-05
ctttggt	0.27861	0.15920	0.19403	0.36816	1	6.7266e-05
ctttgta	0.29968	0.16719	0.14196	0.39117	1	1.0609e-04
ctttgtc	0.28502	0.22222	0.14493	0.34783	1	6.9274e-05
ctttgtg	0.25806	0.29570	0.16667	0.27957	1	6.2246e-05
ctttgtt	0.19806	0.22330	0.13786	0.44078	1	1.7235e-04
cttttaa	0.30793	0.17107	0.21462	0.30638	1	2.1519e-04
cttttac	0.27632	0.22368	0.13596	0.36404	1	1.5260e-04
cttttag	0.27219	0.24852	0.14793	0.33136	1	1.1311e-04
cttttat	0.27765	0.14401	0.19355	0.38479	1	2.9048e-04
cttttca	0.31294	0.19772	0.15505	0.33428	1	2.3526e-04
cttttcc	0.26202	0.19403	0.16750	0.37645	1	2.0180e-04
cttttcg	0.28875	0.20669	0.16717	0.33739	1	1.1010e-04
cttttct	0.16563	0.19398	0.12489	0.51550	1	3.7783e-04
cttttga	0.40377	0.15272	0.16109	0.28243	1	1.5997e-04
cttttgc	0.29722	0.24722	0.13611	0.31944	1	1.2048e-04
cttttgg	0.24823	0.22695	0.22695	0.29787	1	9.4374e-05
cttttgt	0.27796	0.14856	0.13738	0.43610	1	2.0950e-04
cttttta	0.21206	0.21959	0.15823	0.41012	1	3.1090e-04
ctttttc	0.24151	0.21914	0.12809	0.41127	1	4.3372e-04
ctttttg	0.28437	0.19844	0.19687	0.32031	1	2.1418e-04
ctttttt	0.13584	0.17164	0.10565	0.58687	1	9.5344e-04
gaaaaaa	0.60294	0.07353	0.16282	0.16071	1	9.5578e-04
gaaaaac	0.38647	0.17444	0.13835	0.30075	1	2.2255e-04
gaaaaag	0.44735	0.14795	0.21932	0.18538	1	3.8452e-04
gaaaaat	0.32251	0.10515	0.16302	0.40932	1	4.7421e-04
gaaaaca	0.49685	0.12461	0.17823	0.20032	1	2.1217e-04
gaaaacc	0.35889	0.21254	0.15331	0.27526	1	9.6047e-05
gaaaacg	0.37545	0.20578	0.17329	0.24549	1	9.2700e-05
gaaaact	0.29505	0.12613	0.23423	0.34459	1	1.4859e-04
gaaaaga	0.51195	0.11155	0.22211	0.15438	1	3.3600e-04
gaaaagc	0.35586	0.18694	0.17568	0.28153	1	1.4859e-04
gaaaagg	0.37882	0.16158	0.23339	0.22621	1	1.8640e-04
gaaaagt	0.32103	0.14928	0.22632	0.30337	1	2.0849e-04
gaaaata	0.37698	0.15945	0.18796	0.27561	1	3.1692e-04
gaaaatc	0.36061	0.18159	0.17136	0.28645	1	1.3085e-04
gaaaatg	0.38254	0.19751	0.18711	0.23285	1	1.6097e-04
gaaaatt	0.23246	0.14346	0.15707	0.46702	1	3.1960e-04
gaaacaa	0.39831	0.15254	0.20339	0.24576	1	1.9745e-04
gaaacac	0.32127	0.17195	0.19910	0.30769	1	7.3959e-05
gaaacag	0.31153	0.23053	0.15576	0.30218	1	1.0743e-04
gaaacat	0.39000	0.17000	0.13750	0.30250	1	1.3386e-04
gaaacca	0.38235	0.20098	0.14706	0.26961	1	6.8270e-05
gaaaccc	0.32479	0.17949	0.08547	0.41026	1	3.9155e-05
gaaaccg	0.29268	0.24390	0.17073	0.29268	1	4.1163e-05
gaaacct	0.30556	0.18333	0.17222	0.33889	1	6.0238e-05
gaaacga	0.47926	0.13825	0.15207	0.23041	1	7.2621e-05
gaaacgc	0.53759	0.15038	0.17293	0.13910	1	8.9019e-05
gaaacgg	0.34320	0.18343	0.17751	0.29586	1	5.6557e-05
gaaacgt	0.29670	0.16484	0.23077	0.30769	1	6.0908e-05
gaaacta	0.34247	0.19521	0.15411	0.30822	1	9.7720e-05
gaaactc	0.29592	0.19388	0.14286	0.36735	1	6.5593e-05
gaaactg	0.26459	0.21012	0.22957	0.29572	1	8.6007e-05
gaaactt	0.19949	0.21483	0.18670	0.39898	1	1.3085e-04
gaaagaa	0.48802	0.12527	0.20370	0.18301	1	3.0722e-04
gaaagac	0.35981	0.20561	0.21963	0.21495	1	7.1617e-05
gaaagag	0.35545	0.22275	0.22749	0.19431	1	1.4123e-04
gaaagat	0.33019	0.16274	0.23585	0.27123	1	1.4190e-04
gaaagca	0.38268	0.17877	0.18715	0.25140	1	1.1981e-04
gaaagcc	0.40000	0.18667	0.13333	0.28000	1	5.0199e-05
gaaagcg	0.29143	0.23429	0.20571	0.26857	1	5.8565e-05
gaaagct	0.22656	0.16016	0.20703	0.40625	1	8.5672e-05
gaaagga	0.49223	0.11658	0.20466	0.18653	1	1.2918e-04
gaaaggc	0.35945	0.16129	0.20737	0.27189	1	7.2621e-05
gaaaggg	0.31418	0.19923	0.25287	0.23372	1	8.7346e-05
gaaaggt	0.31048	0.12903	0.22177	0.33871	1	8.2995e-05
gaaagta	0.35696	0.17323	0.18373	0.28609	1	1.2750e-04
gaaagtc	0.38028	0.18310	0.19718	0.23944	1	4.7521e-05
gaaagtg	0.36981	0.18868	0.17358	0.26792	1	8.8684e-05
gaaagtt	0.26699	0.17233	0.18689	0.37379	1	1.3788e-04
gaaataa	0.42237	0.13026	0.16974	0.27763	1	2.5434e-04
gaaatac	0.34473	0.19088	0.15385	0.31054	1	1.1747e-04
gaaatag	0.27108	0.16064	0.16466	0.40361	1	1.6666e-04
gaaatat	0.35356	0.16491	0.13984	0.34169	1	2.5367e-04
gaaatca	0.39763	0.18398	0.16320	0.25519	1	1.1278e-04
gaaatcc	0.34395	0.17197	0.15287	0.33121	1	5.2541e-05
gaaatcg	0.32099	0.18519	0.20370	0.29012	1	5.4215e-05
gaaatct	0.26937	0.21402	0.12915	0.38745	1	9.0692e-05
gaaatga	0.45113	0.15789	0.15789	0.23308	1	1.3353e-04
gaaatgc	0.38866	0.22672	0.17004	0.21457	1	8.2661e-05
gaaatgg	0.34211	0.23684	0.20614	0.21491	1	7.6302e-05
gaaatgt	0.37618	0.15674	0.19749	0.26959	1	1.0676e-04
gaaatta	0.31557	0.19262	0.17008	0.32172	1	1.6331e-04
gaaattc	0.34643	0.15357	0.16071	0.33929	1	9.3704e-05
gaaattg	0.34441	0.16012	0.16314	0.33233	1	1.1077e-04
gaaattt	0.19018	0.22454	0.15337	0.43190	1	2.7275e-04
gaacaaa	0.44163	0.12646	0.19261	0.23930	1	1.7201e-04
gaacaac	0.48760	0.12810	0.14463	0.23967	1	8.0987e-05
gaacaag	0.46624	0.16399	0.18006	0.18971	1	1.0408e-04
gaacaat	0.42895	0.13158	0.14474	0.29474	1	1.2717e-04
gaacaca	0.35088	0.16959	0.18713	0.29240	1	5.7227e-05
gaacacc	0.44954	0.10092	0.23853	0.21101	1	3.6478e-05
gaacacg	0.32941	0.22353	0.08235	0.36471	1	2.8446e-05
gaacact	0.24224	0.13665	0.22981	0.39130	1	5.3880e-05
gaacaga	0.45188	0.14226	0.19247	0.21339	1	7.9983e-05
gaacagc	0.37143	0.22857	0.17857	0.22143	1	4.6852e-05
gaacagg	0.39516	0.24194	0.17742	0.18548	1	4.1498e-05
gaacagt	0.36932	0.17045	0.21591	0.24432	1	5.8900e-05
gaacata	0.34483	0.18621	0.15862	0.31034	1	9.7051e-05
gaacatc	0.35678	0.16583	0.14070	0.33668	1	6.6597e-05
gaacatg	0.34507	0.16197	0.19014	0.30282	1	4.7521e-05
gaacatt	0.26471	0.17647	0.19853	0.36029	1	9.1027e-05
gaaccaa	0.38164	0.14976	0.21739	0.25121	1	6.9274e-05
gaaccac	0.30097	0.21359	0.23301	0.25243	1	3.4470e-05
gaaccag	0.35052	0.21649	0.18557	0.24742	1	3.2462e-05
gaaccat	0.23129	0.26531	0.10204	0.40136	1	4.9195e-05
gaaccca	0.34091	0.18182	0.17045	0.30682	1	2.9450e-05
gaacccc	0.23611	0.16667	0.34722	0.25000	1	2.4095e-05
gaacccg	0.19149	0.31915	0.12766	0.36170	1	1.5729e-05
gaaccct	0.20370	0.18519	0.15741	0.45370	1	3.6143e-05
gaaccga	0.36364	0.12987	0.25974	0.24675	1	2.5769e-05
gaaccgc	0.29825	0.17544	0.12281	0.40351	1	1.9076e-05
gaaccgg	0.25000	0.25000	0.29167	0.20833	1	1.6064e-05
gaaccgt	0.31325	0.15663	0.13253	0.39759	1	2.7777e-05
gaaccta	0.26087	0.21739	0.19565	0.32609	1	3.0789e-05
gaacctc	0.33333	0.17857	0.16667	0.32143	1	2.8111e-05
gaacctg	0.33721	0.16279	0.16279	0.33721	1	2.8781e-05
gaacctt	0.19527	0.23077	0.15976	0.41420	1	5.6557e-05
gaacgaa	0.45662	0.20091	0.19178	0.15068	1	7.3290e-05
gaacgac	0.33333	0.11111	0.25926	0.29630	1	2.7107e-05
gaacgag	0.39474	0.12281	0.27193	0.21053	1	3.8151e-05
gaacgat	0.36029	0.20588	0.17647	0.25735	1	4.5514e-05
gaacgca	0.37143	0.20952	0.15238	0.26667	1	3.5139e-05
gaacgcc	0.44286	0.14286	0.24286	0.17143	1	2.3426e-05
gaacgcg	0.24658	0.43836	0.10959	0.20548	1	2.4430e-05
gaacgct	0.31034	0.18391	0.17241	0.33333	1	2.9115e-05
gaacgga	0.52632	0.09649	0.19298	0.18421	1	3.8151e-05
gaacggc	0.34444	0.12222	0.21111	0.32222	1	3.0119e-05
gaacggg	0.29688	0.14062	0.18750	0.37500	1	2.1418e-05
gaacggt	0.33696	0.09783	0.28261	0.28261	1	3.0789e-05
gaacgta	0.32090	0.19403	0.19403	0.29104	1	4.4844e-05
gaacgtc	0.35211	0.11268	0.14085	0.39437	1	2.3761e-05
gaacgtg	0.19048	0.29762	0.32143	0.19048	1	2.8111e-05
gaacgtt	0.24607	0.26702	0.13613	0.35079	1	6.3920e-05
gaactaa	0.41232	0.15640	0.20379	0.22749	1	7.0613e-05
gaactac	0.32143	0.23810	0.16071	0.27976	1	5.6223e-05
gaactag	0.33058	0.15702	0.20661	0.30579	1	4.0494e-05
gaactat	0.30837	0.23348	0.13216	0.32599	1	7.5967e-05
gaactca	0.37500	0.14844	0.17188	0.30469	1	4.2836e-05
gaactcc	0.36782	0.12644	0.21839	0.28736	1	2.9115e-05
gaactcg	0.33766	0.22078	0.20779	0.23377	1	2.5769e-05
gaactct	0.29375	0.14375	0.15625	0.40625	1	5.3545e-05
gaactga	0.46939	0.18367	0.12245	0.22449	1	4.9195e-05
gaactgc	0.35338	0.25564	0.09023	0.30075	1	4.4510e-05
gaactgg	0.40659	0.19780	0.16484	0.23077	1	3.0454e-05
gaactgt	0.30573	0.16561	0.17834	0.35032	1	5.2541e-05
gaactta	0.39683	0.15873	0.13757	0.30688	1	6.3250e-05
gaacttc	0.16864	0.13018	0.06509	0.63609	1	1.1311e-04
gaacttg	0.34091	0.24432	0.15909	0.25568	1	5.8900e-05
gaacttt	0.19477	0.19477	0.17733	0.43314	1	1.1512e-04
gaagaaa	0.53730	0.10104	0.20302	0.15864	1	3.5440e-04
gaagaac	0.40741	0.09764	0.19529	0.29966	1	9.9393e-05
gaagaag	0.42285	0.17635	0.18637	0.21443	1	1.6699e-04
gaagaat	0.42787	0.10758	0.14181	0.32274	1	1.3688e-04
gaagaca	0.45228	0.12448	0.19087	0.23237	1	8.0653e-05
gaagacc	0.40909	0.20909	0.13636	0.24545	1	3.6812e-05
gaagacg	0.32000	0.24000	0.12800	0.31200	1	4.1832e-05
gaagact	0.31818	0.12987	0.24675	0.30519	1	5.1537e-05
gaagaga	0.51591	0.11364	0.15909	0.21136	1	1.4725e-04
gaagagc	0.43781	0.14428	0.16915	0.24876	1	6.7266e-05
gaagagg	0.38767	0.16300	0.18943	0.25991	1	7.5967e-05
gaagagt	0.32759	0.16379	0.23276	0.27586	1	7.7641e-05
gaagata	0.41193	0.15057	0.14773	0.28977	1	1.1780e-04
gaagatc	0.42487	0.15026	0.13472	0.29016	1	6.4589e-05
gaagatg	0.52416	0.10781	0.14870	0.21933	1	9.0023e-05
gaagatt	0.30351	0.17572	0.21406	0.30671	1	1.0475e-04
gaagcaa	0.40313	0.14688	0.20625	0.24375	1	1.0709e-04
gaagcac	0.36667	0.20000	0.20667	0.22667	1	5.0199e-05
gaagcag	0.28090	0.26966	0.20225	0.24719	1	5.9569e-05
gaagcat	0.28877	0.18182	0.14973	0.37968	1	6.2581e-05
gaagcca	0.34211	0.22368	0.20395	0.23026	1	5.0868e-05
gaagccc	0.37975	0.13924	0.18987	0.29114	1	2.6438e-05
gaagccg	0.24706	0.18824	0.17647	0.38824	1	2.8446e-05
gaagcct	0.24060	0.30075	0.14286	0.31579	1	4.4510e-05
gaagcga	0.34228	0.14094	0.17450	0.34228	1	4.9864e-05
gaagcgc	0.20155	0.22481	0.39535	0.17829	1	4.3171e-05
gaagcgg	0.22124	0.31858	0.17699	0.28319	1	3.7816e-05
gaagcgt	0.30189	0.16981	0.20755	0.32075	1	3.5474e-05
gaagcta	0.28492	0.20112	0.15084	0.36313	1	5.9904e-05
gaagctc	0.36220	0.17323	0.13386	0.33071	1	4.2502e-05
gaagctg	0.53846	0.07692	0.07143	0.31319	1	1.2182e-04
gaagctt	0.17536	0.20379	0.12796	0.49289	1	7.0613e-05
gaaggaa	0.48614	0.11727	0.22175	0.17484	1	1.5695e-04
gaaggac	0.31538	0.16923	0.23846	0.27692	1	4.3506e-05
gaaggag	0.40278	0.14815	0.19444	0.25463	1	7.2286e-05
gaaggat	0.35503	0.18343	0.17751	0.28402	1	5.6557e-05
gaaggca	0.36082	0.20103	0.15464	0.28351	1	6.4924e-05
gaaggcc	0.36842	0.20000	0.24211	0.18947	1	3.1793e-05
gaaggcg	0.24706	0.25882	0.24706	0.24706	1	2.8446e-05
gaaggct	0.20979	0.18182	0.20280	0.40559	1	4.7856e-05
gaaggga	0.49457	0.09239	0.16848	0.24457	1	6.1577e-05
gaagggc	0.33333	0.24603	0.19048	0.23016	1	4.2167e-05
gaagggg	0.34028	0.29861	0.18056	0.18056	1	4.8191e-05
gaagggt	0.33884	0.19008	0.15702	0.31405	1	4.0494e-05
gaaggta	0.37838	0.18919	0.16757	0.26486	1	6.1912e-05
gaaggtc	0.38095	0.18095	0.18095	0.25714	1	3.5139e-05
gaaggtg	0.31056	0.24224	0.20497	0.24224	1	5.3880e-05
gaaggtt	0.29101	0.21693	0.19048	0.30159	1	6.3250e-05
gaagtaa	0.38568	0.24018	0.13164	0.24249	1	1.4491e-04
gaagtac	0.34659	0.15909	0.17045	0.32386	1	5.8900e-05
gaagtag	0.29570	0.20430	0.15054	0.34946	1	6.2246e-05
gaagtat	0.33448	0.19655	0.14483	0.32414	1	9.7051e-05
gaagtca	0.34615	0.16026	0.16667	0.32692	1	5.2207e-05
gaagtcc	0.31746	0.20635	0.07937	0.39683	1	2.1083e-05
gaagtcg	0.25974	0.27273	0.18182	0.28571	1	2.5769e-05
gaagtct	0.28571	0.23529	0.13445	0.34454	1	3.9824e-05
gaagtga	0.41071	0.15625	0.17411	0.25893	1	7.4963e-05
gaagtgc	0.40449	0.20787	0.14607	0.24157	1	5.9569e-05
gaagtgg	0.28788	0.15152	0.23485	0.32576	1	4.4175e-05
gaagtgt	0.22340	0.21809	0.21809	0.34043	1	6.2916e-05
gaagtta	0.25850	0.21088	0.29932	0.23129	1	9.8389e-05
gaagttc	0.22857	0.19592	0.10612	0.46939	1	8.1991e-05
gaagttg	0.31527	0.22167	0.14778	0.31527	1	6.7936e-05
gaagttt	0.25128	0.18718	0.16667	0.39487	1	1.3052e-04
gaataaa	0.49428	0.13215	0.17916	0.19441	1	2.6338e-04
gaataac	0.37241	0.14138	0.20000	0.28621	1	9.7051e-05
gaataag	0.39941	0.20710	0.18047	0.21302	1	1.1311e-04
gaataat	0.35774	0.23461	0.14309	0.26456	1	2.0113e-04
gaataca	0.38742	0.19868	0.17219	0.24172	1	1.0107e-04
gaatacc	0.39355	0.13548	0.23226	0.23871	1	5.1872e-05
gaatacg	0.32812	0.18750	0.14844	0.33594	1	4.2836e-05
gaatact	0.35341	0.13655	0.22088	0.28916	1	8.3330e-05
gaataga	0.43772	0.15658	0.19929	0.20641	1	9.4039e-05
gaatagc	0.28235	0.24118	0.17647	0.30000	1	5.6892e-05
gaatagg	0.35625	0.15000	0.20625	0.28750	1	5.3545e-05
gaatagt	0.38628	0.12996	0.16606	0.31769	1	9.2700e-05
gaatata	0.31940	0.25075	0.10597	0.32388	1	2.2422e-04
gaatatc	0.32979	0.19504	0.15957	0.31560	1	9.4374e-05
gaatatg	0.30000	0.20667	0.18667	0.30667	1	1.0040e-04
gaatatt	0.31325	0.14974	0.19277	0.34423	1	1.9444e-04
gaatcaa	0.37066	0.18919	0.17761	0.26255	1	8.6676e-05
gaatcac	0.32609	0.17391	0.15217	0.34783	1	4.6183e-05
gaatcag	0.26667	0.31667	0.24167	0.17500	1	4.0159e-05
gaatcat	0.34450	0.20574	0.12919	0.32057	1	6.9944e-05
gaatcca	0.27206	0.19853	0.13971	0.38971	1	4.5514e-05
gaatccc	0.58824	0.18301	0.09150	0.13725	1	5.1203e-05
gaatccg	0.35849	0.20755	0.16981	0.26415	1	1.7737e-05
gaatcct	0.18966	0.35057	0.18391	0.27586	1	5.8231e-05
gaatcga	0.37273	0.10000	0.20000	0.32727	1	3.6812e-05
gaatcgc	0.38356	0.19178	0.16438	0.26027	1	2.4430e-05
gaatcgg	0.23077	0.26154	0.15385	0.35385	1	2.1753e-05
gaatcgt	0.19266	0.14679	0.22018	0.44037	1	3.6478e-05
gaatcta	0.27528	0.16854	0.11236	0.44382	1	5.9569e-05
gaatctc	0.40845	0.08451	0.24648	0.26056	1	4.7521e-05
gaatctg	0.25466	0.31677	0.11801	0.31056	1	5.3880e-05
gaatctt	0.20705	0.21586	0.21586	0.36123	1	7.5967e-05
gaatgaa	0.48673	0.16519	0.13569	0.21239	1	1.1345e-04
gaatgac	0.35570	0.11409	0.21477	0.31544	1	4.9864e-05
gaatgag	0.28879	0.11638	0.43534	0.15948	1	7.7641e-05
gaatgat	0.32759	0.13793	0.25862	0.27586	1	7.7641e-05
gaatgca	0.29530	0.19463	0.21477	0.29530	1	4.9864e-05
gaatgcc	0.39604	0.18812	0.11881	0.29703	1	3.3800e-05
gaatgcg	0.32877	0.16438	0.21918	0.28767	1	2.4430e-05
gaatgct	0.30380	0.17722	0.18987	0.32911	1	5.2876e-05
gaatgga	0.47239	0.10429	0.18405	0.23926	1	5.4549e-05
gaatggc	0.36508	0.15079	0.15873	0.32540	1	4.2167e-05
gaatggg	0.25000	0.22321	0.16071	0.36607	1	3.7482e-05
gaatggt	0.31915	0.12766	0.26950	0.28369	1	4.7187e-05
gaatgta	0.28936	0.23830	0.13617	0.33617	1	7.8645e-05
gaatgtc	0.28846	0.15385	0.15385	0.40385	1	3.4804e-05
gaatgtg	0.26087	0.22981	0.19255	0.31677	1	5.3880e-05
gaatgtt	0.35498	0.19913	0.16450	0.28139	1	7.7306e-05
gaattaa	0.38516	0.12721	0.19788	0.28975	1	9.4708e-05
gaattac	0.40179	0.11607	0.12500	0.35714	1	7.4963e-05
gaattag	0.33333	0.24713	0.15517	0.26437	1	5.8231e-05
gaattat	0.31805	0.14613	0.16046	0.37536	1	1.1680e-04
gaattca	0.42105	0.15789	0.18947	0.23158	1	6.3585e-05
gaattcc	0.25397	0.20635	0.12698	0.41270	1	4.2167e-05
gaattcg	0.38043	0.18478	0.20652	0.22826	1	3.0789e-05
gaattct	0.27706	0.21212	0.16450	0.34632	1	7.7306e-05
gaattga	0.40800	0.14000	0.18400	0.26800	1	8.3665e-05
gaattgc	0.47248	0.16972	0.09174	0.26606	1	7.2955e-05
gaattgg	0.21839	0.23563	0.27586	0.27011	1	5.8231e-05
gaattgt	0.25490	0.09804	0.31373	0.33333	1	1.0241e-04
gaattta	0.35756	0.22674	0.13081	0.28488	1	1.1512e-04
gaatttc	0.35000	0.20769	0.12308	0.31923	1	8.7011e-05
gaatttg	0.30769	0.17308	0.16923	0.35000	1	8.7011e-05
gaatttt	0.17096	0.21303	0.18318	0.43284	1	2.4664e-04
gacaaaa	0.43064	0.17598	0.18219	0.21118	1	1.6164e-04
gacaaac	0.33333	0.19608	0.18954	0.28105	1	5.1203e-05
gacaaag	0.35749	0.14010	0.26570	0.23671	1	6.9274e-05
gacaaat	0.39209	0.13309	0.14748	0.32734	1	9.3035e-05
gacaaca	0.41011	0.19663	0.17978	0.21348	1	5.9569e-05
gacaacc	0.33784	0.21622	0.20270	0.24324	1	2.4765e-05
gacaacg	0.32258	0.29032	0.16129	0.22581	1	3.1123e-05
gacaact	0.26708	0.14907	0.27329	0.31056	1	5.3880e-05
gacaaga	0.47200	0.13200	0.18800	0.20800	1	8.3665e-05
gacaagc	0.42553	0.14894	0.14894	0.27660	1	3.1458e-05
gacaagg	0.35398	0.26549	0.20354	0.17699	1	3.7816e-05
gacaagt	0.37984	0.13178	0.23256	0.25581	1	4.3171e-05
gacaata	0.33894	0.21289	0.20168	0.24650	1	1.1947e-04
gacaatc	0.29197	0.24818	0.15328	0.30657	1	4.5848e-05
gacaatg	0.27211	0.17007	0.19728	0.36054	1	4.9195e-05
gacaatt	0.25974	0.19481	0.21212	0.33333	1	7.7306e-05
gacacaa	0.39634	0.13415	0.18902	0.28049	1	5.4884e-05
gacacac	0.35556	0.22222	0.13333	0.28889	1	3.0119e-05
gacacag	0.35821	0.22388	0.23881	0.17910	1	2.2422e-05
gacacat	0.25275	0.17033	0.15934	0.41758	1	6.0908e-05
gacacca	0.41000	0.22000	0.13000	0.24000	1	3.3466e-05
gacaccc	0.30357	0.26786	0.10714	0.32143	1	1.8741e-05
gacaccg	0.38000	0.24000	0.10000	0.28000	1	1.6733e-05
gacacct	0.22222	0.23457	0.16049	0.38272	1	2.7107e-05
gacacga	0.44928	0.20290	0.17391	0.17391	1	2.3091e-05
gacacgc	0.23077	0.15385	0.20513	0.41026	1	1.3052e-05
gacacgg	0.21875	0.25000	0.18750	0.34375	1	1.0709e-05
gacacgt	0.21538	0.29231	0.12308	0.36923	1	2.1753e-05
gacacta	0.33929	0.22321	0.13393	0.30357	1	3.7482e-05
gacactc	0.28358	0.29851	0.16418	0.25373	1	2.2422e-05
gacactg	0.29348	0.25000	0.16304	0.29348	1	3.0789e-05
gacactt	0.17680	0.21547	0.14917	0.45856	1	6.0573e-05
gacagaa	0.46798	0.13793	0.20690	0.18719	1	6.7936e-05
gacagac	0.53535	0.19192	0.09091	0.18182	1	3.3131e-05
gacagag	0.40909	0.20000	0.17273	0.21818	1	3.6812e-05
gacagat	0.36090	0.14286	0.20301	0.29323	1	4.4510e-05
gacagca	0.38608	0.16456	0.20886	0.24051	1	5.2876e-05
gacagcc	0.32258	0.14516	0.22581	0.30645	1	2.0749e-05
gacagcg	0.39024	0.23171	0.21951	0.15854	1	2.7442e-05
gacagct	0.23239	0.11972	0.13380	0.51408	1	4.7521e-05
gacagga	0.49505	0.15842	0.14851	0.19802	1	3.3800e-05
gacaggc	0.34783	0.17391	0.18841	0.28986	1	2.3091e-05
gacaggg	0.34328	0.16418	0.20896	0.28358	1	2.2422e-05
gacaggt	0.22785	0.13924	0.17722	0.45570	1	2.6438e-05
gacagta	0.38000	0.16000	0.14000	0.32000	1	5.0199e-05
gacagtc	0.30137	0.08219	0.36986	0.24658	1	2.4430e-05
gacagtg	0.34615	0.10577	0.21154	0.33654	1	3.4804e-05
gacagtt	0.26056	0.16901	0.15493	0.41549	1	4.7521e-05
gacataa	0.36742	0.10985	0.33333	0.18939	1	8.8350e-05
gacatac	0.32653	0.14286	0.19388	0.33673	1	3.2796e-05
gacatag	0.36111	0.22222	0.14815	0.26852	1	3.6143e-05
gacatat	0.38832	0.18900	0.14433	0.27835	1	9.7386e-05
gacatca	0.35385	0.17692	0.19231	0.27692	1	4.3506e-05
gacatcc	0.23750	0.16250	0.12500	0.47500	1	2.6773e-05
gacatcg	0.24359	0.20513	0.21795	0.33333	1	2.6103e-05
gacatct	0.26316	0.18045	0.16541	0.39098	1	4.4510e-05
gacatga	0.36364	0.15152	0.19697	0.28788	1	4.4175e-05
gacatgc	0.36923	0.20000	0.15385	0.27692	1	2.1753e-05
gacatgg	0.29508	0.29508	0.06557	0.34426	1	2.0414e-05
gacatgt	0.34783	0.11957	0.19565	0.33696	1	3.0789e-05
gacatta	0.29947	0.17112	0.15508	0.37433	1	6.2581e-05
gacattc	0.35556	0.16296	0.09630	0.38519	1	4.5179e-05
gacattg	0.27211	0.32653	0.15646	0.24490	1	4.9195e-05
gacattt	0.23016	0.15873	0.17063	0.44048	1	8.4334e-05
gaccaaa	0.41509	0.16981	0.15094	0.26415	1	5.3211e-05
gaccaac	0.32857	0.17143	0.21429	0.28571	1	2.3426e-05
gaccaag	0.36986	0.15068	0.15068	0.32877	1	2.4430e-05
gaccaat	0.30921	0.22368	0.15132	0.31579	1	5.0868e-05
gaccaca	0.38824	0.16471	0.20000	0.24706	1	2.8446e-05
gaccacc	0.24444	0.26667	0.15556	0.33333	1	1.5060e-05
gaccacg	0.27027	0.18919	0.27027	0.27027	1	1.2382e-05
gaccact	0.32927	0.09756	0.24390	0.32927	1	2.7442e-05
gaccaga	0.42045	0.14773	0.20455	0.22727	1	2.9450e-05
gaccagc	0.40678	0.23729	0.15254	0.20339	1	1.9745e-05
gaccagg	0.29730	0.21622	0.16216	0.32432	1	1.2382e-05
gaccagt	0.38095	0.11111	0.20635	0.30159	1	2.1083e-05
gaccata	0.27500	0.22500	0.25000	0.25000	1	2.6773e-05
gaccatc	0.42647	0.14706	0.08824	0.33824	1	2.2757e-05
gaccatg	0.20000	0.30000	0.22000	0.28000	1	1.6733e-05
gaccatt	0.21212	0.15909	0.20455	0.42424	1	4.4175e-05
gacccaa	0.48193	0.21687	0.16867	0.13253	1	2.7777e-05
gacccac	0.43333	0.16667	0.13333	0.26667	1	1.0040e-05
gacccag	0.32432	0.24324	0.18919	0.24324	1	1.2382e-05
gacccat	0.32836	0.17910	0.08955	0.40299	1	2.2422e-05
gacccca	0.20755	0.22642	0.24528	0.32075	1	1.7737e-05
gaccccc	0.34783	0.17391	0.17391	0.30435	1	7.6971e-06
gaccccg	0.30000	0.33333	0.10000	0.26667	1	1.0040e-05
gacccct	0.26087	0.26087	0.13043	0.34783	1	1.5394e-05
gacccga	0.30769	0.07692	0.19231	0.42308	1	8.7011e-06
gacccgc	0.31250	0.18750	0.12500	0.37500	1	1.0709e-05
gacccgg	0.43333	0.26667	0.13333	0.16667	1	1.0040e-05
gacccgt	0.25000	0.06250	0.15625	0.53125	1	1.0709e-05
gacccta	0.30645	0.20968	0.24194	0.24194	1	2.0749e-05
gaccctc	0.27083	0.20833	0.16667	0.35417	1	1.6064e-05
gaccctg	0.27027	0.14865	0.28378	0.29730	1	2.4765e-05
gaccctt	0.13600	0.21600	0.25600	0.39200	1	4.1832e-05
gaccgaa	0.47826	0.16304	0.18478	0.17391	1	3.0789e-05
gaccgac	0.46154	0.11538	0.11538	0.30769	1	8.7011e-06
gaccgag	0.41463	0.09756	0.12195	0.36585	1	1.3721e-05
gaccgat	0.50000	0.13636	0.22727	0.13636	1	1.4725e-05
gaccgca	0.25000	0.32143	0.21429	0.21429	1	9.3704e-06
gaccgcc	0.27027	0.24324	0.16216	0.32432	1	1.2382e-05
gaccgcg	0.31429	0.28571	0.20000	0.20000	1	1.1713e-05
gaccgct	0.35897	0.05128	0.20513	0.38462	1	1.3052e-05
gaccgga	0.34146	0.21951	0.14634	0.29268	1	1.3721e-05
gaccggc	0.31818	0.22727	0.27273	0.18182	1	7.3625e-06
gaccggg	0.24000	0.28000	0.12000	0.36000	1	8.3665e-06
gaccggt	0.26471	0.26471	0.23529	0.23529	1	1.1378e-05
gaccgta	0.27907	0.25581	0.27907	0.18605	1	1.4390e-05
gaccgtc	0.42308	0.15385	0.23077	0.19231	1	8.7011e-06
gaccgtg	0.31579	0.34211	0.21053	0.13158	1	1.2717e-05
gaccgtt	0.26087	0.18841	0.17391	0.37681	1	2.3091e-05
gacctaa	0.38554	0.15663	0.14458	0.31325	1	2.7777e-05
gacctac	0.36111	0.22222	0.19444	0.22222	1	2.4095e-05
gacctag	0.16667	0.18519	0.42593	0.22222	1	1.8072e-05
gacctat	0.25287	0.17241	0.16092	0.41379	1	2.9115e-05
gacctca	0.31169	0.14286	0.16883	0.37662	1	2.5769e-05
gacctcc	0.42553	0.21277	0.17021	0.19149	1	1.5729e-05
gacctcg	0.26190	0.21429	0.28571	0.23810	1	1.4056e-05
gacctct	0.20779	0.20779	0.25974	0.32468	1	2.5769e-05
gacctga	0.44286	0.12857	0.21429	0.21429	1	2.3426e-05
gacctgc	0.31373	0.15686	0.11765	0.41176	1	1.7068e-05
gacctgg	0.24324	0.21622	0.18919	0.35135	1	1.2382e-05
gacctgt	0.26000	0.16000	0.20000	0.38000	1	1.6733e-05
gacctta	0.34653	0.11881	0.19802	0.33663	1	3.3800e-05
gaccttc	0.28431	0.28431	0.07843	0.35294	1	3.4135e-05
gaccttg	0.44304	0.21519	0.13924	0.20253	1	2.6438e-05
gaccttt	0.23429	0.16571	0.16571	0.43429	1	5.8565e-05
gacgaaa	0.46535	0.14851	0.17327	0.21287	1	6.7601e-05
gacgaac	0.31034	0.27586	0.20690	0.20690	1	1.9410e-05
gacgaag	0.33333	0.21705	0.20155	0.24806	1	4.3171e-05
gacgaat	0.36190	0.11429	0.20000	0.32381	1	3.5139e-05
gacgaca	0.34314	0.11765	0.27451	0.26471	1	3.4135e-05
gacgacc	0.39286	0.03571	0.14286	0.42857	1	9.3704e-06
gacgacg	0.29091	0.21818	0.20000	0.29091	1	1.8406e-05
gacgact	0.34483	0.24138	0.17241	0.24138	1	1.9410e-05
gacgaga	0.38824	0.17647	0.17647	0.25882	1	2.8446e-05
gacgagc	0.48889	0.13333	0.13333	0.24444	1	1.5060e-05
gacgagg	0.34328	0.28358	0.22388	0.14925	1	2.2422e-05
gacgagt	0.31111	0.08889	0.26667	0.33333	1	1.5060e-05
gacgata	0.30769	0.08876	0.37278	0.23077	1	5.6557e-05
gacgatc	0.23077	0.23077	0.17949	0.35897	1	1.3052e-05
gacgatg	0.39474	0.22368	0.18421	0.19737	1	2.5434e-05
gacgatt	0.23077	0.14530	0.24786	0.37607	1	3.9155e-05
gacgcaa	0.61143	0.08571	0.12571	0.17714	1	5.8565e-05
gacgcac	0.35714	0.17857	0.25000	0.21429	1	1.8741e-05
gacgcag	0.48276	0.20690	0.15517	0.15517	1	1.9410e-05
gacgcat	0.30488	0.17073	0.25610	0.26829	1	2.7442e-05
gacgcca	0.37681	0.23188	0.18841	0.20290	1	2.3091e-05
gacgccc	0.20833	0.33333	0.33333	0.12500	1	8.0318e-06
gacgccg	0.19048	0.40476	0.16667	0.23810	1	1.4056e-05
gacgcct	0.15942	0.18841	0.27536	0.37681	1	2.3091e-05
gacgcga	0.44304	0.24051	0.11392	0.20253	1	2.6438e-05
gacgcgc	0.14493	0.46377	0.21739	0.17391	1	2.3091e-05
gacgcgg	0.16667	0.33333	0.26667	0.23333	1	1.0040e-05
gacgcgt	0.23958	0.30208	0.13542	0.32292	1	3.2127e-05
gacgcta	0.35593	0.13559	0.13559	0.37288	1	1.9745e-05
gacgctc	0.38298	0.21277	0.17021	0.23404	1	1.5729e-05
gacgctg	0.37500	0.23214	0.17857	0.21429	1	1.8741e-05
gacgctt	0.16505	0.27184	0.18447	0.37864	1	3.4470e-05
gacggaa	0.51200	0.13600	0.15200	0.20000	1	4.1832e-05
gacggac	0.30952	0.09524	0.30952	0.28571	1	1.4056e-05
gacggag	0.35714	0.17143	0.20000	0.27143	1	2.3426e-05
gacggat	0.29032	0.17742	0.17742	0.35484	1	2.0749e-05
gacggca	0.34783	0.26087	0.17391	0.21739	1	2.3091e-05
gacggcc	0.23529	0.23529	0.26471	0.26471	1	1.1378e-05
gacggcg	0.31579	0.23684	0.28947	0.15789	1	1.2717e-05
gacggct	0.24590	0.21311	0.24590	0.29508	1	2.0414e-05
gacggga	0.30986	0.11268	0.22535	0.35211	1	2.3761e-05
gacgggc	0.44118	0.14706	0.14706	0.26471	1	1.1378e-05
gacgggg	0.28000	0.24000	0.20000	0.28000	1	8.3665e-06
gacgggt	0.53659	0.07317	0.09756	0.29268	1	1.3721e-05
gacggta	0.36486	0.17568	0.25676	0.20270	1	2.4765e-05
gacggtc	0.40000	0.20000	0.13333	0.26667	1	1.0040e-05
gacggtg	0.37288	0.22034	0.25424	0.15254	1	1.9745e-05
gacggtt	0.28000	0.17333	0.17333	0.37333	1	2.5099e-05
gacgtaa	0.45614	0.12281	0.21053	0.21053	1	3.8151e-05
gacgtac	0.26786	0.25000	0.19643	0.28571	1	1.8741e-05
gacgtag	0.22642	0.26415	0.03774	0.47170	1	1.7737e-05
gacgtat	0.24823	0.26950	0.09929	0.38298	1	4.7187e-05
gacgtca	0.59649	0.08772	0.12281	0.19298	1	1.9076e-05
gacgtcc	0.36364	0.15152	0.15152	0.33333	1	1.1044e-05
gacgtcg	0.25000	0.13889	0.19444	0.41667	1	1.2048e-05
gacgtct	0.16667	0.28571	0.23810	0.30952	1	1.4056e-05
gacgtga	0.36364	0.14286	0.16883	0.32468	1	2.5769e-05
gacgtgc	0.34884	0.23256	0.09302	0.32558	1	1.4390e-05
gacgtgg	0.36538	0.25000	0.15385	0.23077	1	1.7402e-05
gacgtgt	0.32584	0.20225	0.20225	0.26966	1	2.9785e-05
gacgtta	0.35714	0.19048	0.14286	0.30952	1	2.8111e-05
gacgttc	0.33871	0.20968	0.14516	0.30645	1	2.0749e-05
gacgttg	0.26582	0.21519	0.20253	0.31646	1	2.6438e-05
gacgttt	0.23626	0.17582	0.18132	0.40659	1	6.0908e-05
gactaaa	0.38693	0.10050	0.22613	0.28643	1	6.6597e-05
gactaac	0.30000	0.22857	0.08571	0.38571	1	2.3426e-05
gactaag	0.35593	0.23729	0.15254	0.25424	1	3.9490e-05
gactaat	0.32955	0.15341	0.19318	0.32386	1	5.8900e-05
gactaca	0.27869	0.18033	0.23770	0.30328	1	4.0828e-05
gactacc	0.43478	0.11594	0.13043	0.31884	1	2.3091e-05
gactacg	0.29825	0.22807	0.19298	0.28070	1	1.9076e-05
gactact	0.34783	0.13043	0.16149	0.36025	1	5.3880e-05
gactaga	0.50000	0.10000	0.16667	0.23333	1	3.0119e-05
gactagc	0.48438	0.12500	0.14062	0.25000	1	2.1418e-05
gactagg	0.48000	0.06000	0.16000	0.30000	1	1.6733e-05
gactagt	0.36735	0.17347	0.17347	0.28571	1	3.2796e-05
gactata	0.32432	0.18919	0.17297	0.31351	1	6.1912e-05
gactatc	0.29545	0.18182	0.14773	0.37500	1	2.9450e-05
gactatg	0.25843	0.19101	0.21348	0.33708	1	2.9785e-05
gactatt	0.20188	0.17371	0.17840	0.44601	1	7.1282e-05
gactcaa	0.40310	0.17054	0.17829	0.24806	1	4.3171e-05
gactcac	0.25000	0.23438	0.17188	0.34375	1	2.1418e-05
gactcag	0.26087	0.21739	0.15217	0.36957	1	1.5394e-05
gactcat	0.28800	0.24000	0.09600	0.37600	1	4.1832e-05
gactcca	0.36923	0.20000	0.07692	0.35385	1	2.1753e-05
gactccc	0.32609	0.26087	0.10870	0.30435	1	1.5394e-05
gactccg	0.19444	0.27778	0.33333	0.19444	1	1.2048e-05
gactcct	0.18056	0.27778	0.16667	0.37500	1	2.4095e-05
gactcga	0.33962	0.15094	0.11321	0.39623	1	1.7737e-05
gactcgc	0.42857	0.21429	0.14286	0.21429	1	9.3704e-06
gactcgg	0.26316	0.10526	0.15789	0.47368	1	6.3585e-06
gactcgt	0.26000	0.18000	0.16000	0.40000	1	1.6733e-05
gactcta	0.43421	0.21053	0.11842	0.23684	1	2.5434e-05
gactctc	0.30667	0.22667	0.12000	0.34667	1	2.5099e-05
gactctg	0.34921	0.25397	0.09524	0.30159	1	2.1083e-05
gactctt	0.18235	0.21765	0.17059	0.42941	1	5.6892e-05
gactgaa	0.42581	0.15484	0.18710	0.23226	1	5.1872e-05
gactgac	0.38889	0.11111	0.11111	0.38889	1	1.8072e-05
gactgag	0.32895	0.18421	0.22368	0.26316	1	2.5434e-05
gactgat	0.40777	0.10680	0.22330	0.26214	1	3.4470e-05
gactgca	0.28571	0.18681	0.20879	0.31868	1	3.0454e-05
gactgcc	0.29825	0.24561	0.22807	0.22807	1	1.9076e-05
gactgcg	0.26562	0.23438	0.17188	0.32812	1	2.1418e-05
gactgct	0.20721	0.19820	0.19820	0.39640	1	3.7147e-05
gactgga	0.43939	0.13636	0.19697	0.22727	1	2.2087e-05
gactggc	0.22000	0.22000	0.24000	0.32000	1	1.6733e-05
gactggg	0.27273	0.20455	0.25000	0.27273	1	1.4725e-05
gactggt	0.30159	0.12698	0.23810	0.33333	1	2.1083e-05
gactgta	0.41584	0.18812	0.17822	0.21782	1	3.3800e-05
gactgtc	0.26786	0.17857	0.19643	0.35714	1	1.8741e-05
gactgtg	0.41429	0.18571	0.12857	0.27143	1	2.3426e-05
gactgtt	0.15337	0.16564	0.11656	0.56442	1	5.4549e-05
gacttaa	0.31250	0.15625	0.16406	0.36719	1	4.2836e-05
gacttac	0.28723	0.17021	0.13830	0.40426	1	3.1458e-05
gacttag	0.31148	0.16393	0.19672	0.32787	1	2.0414e-05
gacttat	0.30496	0.14894	0.08511	0.46099	1	4.7187e-05
gacttca	0.38525	0.14754	0.21311	0.25410	1	4.0828e-05
gacttcc	0.39506	0.18519	0.09877	0.32099	1	2.7107e-05
gacttcg	0.25000	0.20833	0.19444	0.34722	1	2.4095e-05
gacttct	0.17123	0.16438	0.19863	0.46575	1	4.8860e-05
gacttga	0.45455	0.15702	0.11570	0.27273	1	4.0494e-05
gacttgc	0.41176	0.14118	0.08235	0.36471	1	2.8446e-05
gacttgg	0.33871	0.24194	0.09677	0.32258	1	2.0749e-05
gacttgt	0.26214	0.20388	0.17476	0.35922	1	3.4470e-05
gacttta	0.29545	0.20455	0.14773	0.35227	1	5.8900e-05
gactttc	0.29221	0.25325	0.12338	0.33117	1	5.1537e-05
gactttg	0.27049	0.35246	0.16393	0.21311	1	4.0828e-05
gactttt	0.20055	0.26099	0.11538	0.42308	1	1.2182e-04
gagaaaa	0.45035	0.11348	0.21040	0.22577	1	2.8312e-04
gagaaac	0.42320	0.15987	0.18182	0.23511	1	1.0676e-04
gagaaag	0.37731	0.18997	0.21900	0.21372	1	1.2684e-04
gagaaat	0.45802	0.11069	0.17748	0.25382	1	1.7536e-04
gagaaca	0.46311	0.15574	0.19672	0.18443	1	8.1657e-05
gagaacc	0.35455	0.18182	0.20909	0.25455	1	3.6812e-05
gagaacg	0.33333	0.18605	0.17829	0.30233	1	4.3171e-05
gagaact	0.16667	0.07233	0.11635	0.64465	1	1.0642e-04
gagaaga	0.50535	0.10963	0.20053	0.18449	1	1.2516e-04
gagaagc	0.26531	0.11429	0.13061	0.48980	1	8.1991e-05
gagaagg	0.36279	0.18140	0.25581	0.20000	1	7.1951e-05
gagaagt	0.30693	0.12376	0.23267	0.33663	1	6.7601e-05
gagaata	0.37598	0.14883	0.13316	0.34204	1	1.2817e-04
gagaatc	0.32414	0.14483	0.17241	0.35862	1	4.8525e-05
gagaatg	0.33898	0.14124	0.20339	0.31638	1	5.9234e-05
gagaatt	0.27458	0.15593	0.22034	0.34915	1	9.8724e-05
gagacaa	0.40887	0.10345	0.20197	0.28571	1	6.7936e-05
gagacac	0.36486	0.17568	0.17568	0.28378	1	2.4765e-05
gagacag	0.31707	0.21138	0.30894	0.16260	1	4.1163e-05
gagacat	0.22308	0.25385	0.18462	0.33846	1	4.3506e-05
gagacca	0.37313	0.14925	0.31343	0.16418	1	2.2422e-05
gagaccc	0.27027	0.18919	0.10811	0.43243	1	1.2382e-05
gagaccg	0.11765	0.35294	0.17647	0.35294	1	1.1378e-05
gagacct	0.18072	0.18072	0.20482	0.43373	1	2.7777e-05
gagacga	0.40449	0.14607	0.23596	0.21348	1	2.9785e-05
gagacgc	0.27586	0.29310	0.31034	0.12069	1	1.9410e-05
gagacgg	0.30909	0.16364	0.25455	0.27273	1	1.8406e-05
gagacgt	0.28947	0.22368	0.14474	0.34211	1	2.5434e-05
gagacta	0.30357	0.11607	0.29464	0.28571	1	3.7482e-05
gagactc	0.38596	0.14035	0.10526	0.36842	1	1.9076e-05
gagactg	0.36782	0.18391	0.13793	0.31034	1	2.9115e-05
gagactt	0.20870	0.23478	0.17391	0.38261	1	3.8486e-05
gagagaa	0.42982	0.11988	0.24561	0.20468	1	1.1445e-04
gagagac	0.43299	0.14433	0.16495	0.25773	1	3.2462e-05
gagagag	0.45854	0.14146	0.16585	0.23415	1	6.8605e-05
gagagat	0.31638	0.16384	0.18644	0.33333	1	5.9234e-05
gagagca	0.34351	0.13740	0.27481	0.24427	1	4.3840e-05
gagagcc	0.30864	0.22222	0.16049	0.30864	1	2.7107e-05
gagagcg	0.27273	0.21591	0.34091	0.17045	1	2.9450e-05
gagagct	0.27619	0.16190	0.25714	0.30476	1	3.5139e-05
gagagga	0.51370	0.08219	0.15753	0.24658	1	4.8860e-05
gagaggc	0.54255	0.09574	0.11702	0.24468	1	3.1458e-05
gagaggg	0.33913	0.20000	0.24348	0.21739	1	3.8486e-05
gagaggt	0.36275	0.14706	0.18627	0.30392	1	3.4135e-05
gagagta	0.36364	0.18182	0.21023	0.24432	1	5.8900e-05
gagagtc	0.32394	0.15493	0.23944	0.28169	1	2.3761e-05
gagagtg	0.25275	0.21978	0.19780	0.32967	1	3.0454e-05
gagagtt	0.23022	0.16547	0.23022	0.37410	1	4.6517e-05
gagataa	0.33225	0.14658	0.21498	0.30619	1	1.0274e-04
gagatac	0.46667	0.10909	0.22424	0.20000	1	5.5219e-05
gagatag	0.39873	0.15190	0.21519	0.23418	1	5.2876e-05
gagatat	0.34965	0.16084	0.16084	0.32867	1	9.5712e-05
gagatca	0.36885	0.18033	0.15574	0.29508	1	4.0828e-05
gagatcc	0.30645	0.11290	0.22581	0.35484	1	2.0749e-05
gagatcg	0.26923	0.25000	0.19231	0.28846	1	1.7402e-05
gagatct	0.26087	0.18841	0.18116	0.36957	1	4.6183e-05
gagatga	0.26282	0.13141	0.42949	0.17628	1	1.0441e-04
gagatgc	0.26786	0.25000	0.21429	0.26786	1	3.7482e-05
gagatgg	0.31132	0.19811	0.24528	0.24528	1	3.5474e-05
gagatgt	0.36667	0.12500	0.16667	0.34167	1	4.0159e-05
gagatta	0.24309	0.19337	0.22099	0.34254	1	6.0573e-05
gagattc	0.25806	0.25806	0.13710	0.34677	1	4.1498e-05
gagattg	0.28058	0.21583	0.17986	0.32374	1	4.6517e-05
gagattt	0.18729	0.20067	0.26087	0.35117	1	1.0006e-04
gagcaaa	0.35472	0.16981	0.19245	0.28302	1	8.8684e-05
gagcaac	0.25735	0.19118	0.31618	0.23529	1	4.5514e-05
gagcaag	0.39877	0.19632	0.12270	0.28221	1	5.4549e-05
gagcaat	0.36702	0.17021	0.18617	0.27660	1	6.2916e-05
gagcaca	0.31081	0.13514	0.22973	0.32432	1	4.9529e-05
gagcacc	0.31481	0.25926	0.14815	0.27778	1	1.8072e-05
gagcacg	0.29167	0.18750	0.12500	0.39583	1	1.6064e-05
gagcact	0.28125	0.15625	0.20833	0.35417	1	3.2127e-05
gagcaga	0.38462	0.12179	0.25641	0.23718	1	5.2207e-05
gagcagc	0.38614	0.13861	0.19802	0.27723	1	3.3800e-05
gagcagg	0.37349	0.26506	0.16867	0.19277	1	2.7777e-05
gagcagt	0.36111	0.13194	0.25000	0.25694	1	4.8191e-05
gagcata	0.25316	0.21519	0.18987	0.34177	1	5.2876e-05
gagcatc	0.30000	0.14167	0.23333	0.32500	1	4.0159e-05
gagcatg	0.28947	0.30263	0.22368	0.18421	1	2.5434e-05
gagcatt	0.18902	0.18902	0.22561	0.39634	1	5.4884e-05
gagccaa	0.36752	0.17094	0.20513	0.25641	1	3.9155e-05
gagccac	0.36364	0.23377	0.14286	0.25974	1	2.5769e-05
gagccag	0.22807	0.33333	0.19298	0.24561	1	1.9076e-05
gagccat	0.26733	0.19802	0.14851	0.38614	1	3.3800e-05
gagccca	0.39394	0.06061	0.33333	0.21212	1	2.2087e-05
gagcccc	0.23333	0.20000	0.13333	0.43333	1	1.0040e-05
gagcccg	0.18919	0.18919	0.10811	0.51351	1	1.2382e-05
gagccct	0.12857	0.15714	0.17143	0.54286	1	2.3426e-05
gagccga	0.23810	0.16667	0.21429	0.38095	1	1.4056e-05
gagccgc	0.22500	0.22500	0.37500	0.17500	1	1.3386e-05
gagccgg	0.45614	0.22807	0.10526	0.21053	1	1.9076e-05
gagccgt	0.34615	0.17308	0.15385	0.32692	1	1.7402e-05
gagccta	0.32468	0.18182	0.15584	0.33766	1	2.5769e-05
gagcctc	0.34783	0.19565	0.23913	0.21739	1	1.5394e-05
gagcctg	0.36232	0.28986	0.11594	0.23188	1	2.3091e-05
gagcctt	0.23684	0.26316	0.09649	0.40351	1	3.8151e-05
gagcgaa	0.46491	0.15789	0.15789	0.21930	1	3.8151e-05
gagcgac	0.44898	0.14286	0.20408	0.20408	1	1.6398e-05
gagcgag	0.34483	0.25862	0.25862	0.13793	1	1.9410e-05
gagcgat	0.23377	0.11688	0.32468	0.32468	1	2.5769e-05
gagcgca	0.33333	0.18519	0.14815	0.33333	1	1.8072e-05
gagcgcc	0.35000	0.12500	0.22500	0.30000	1	1.3386e-05
gagcgcg	0.27027	0.35135	0.21622	0.16216	1	1.2382e-05
gagcgct	0.33333	0.14583	0.25000	0.27083	1	1.6064e-05
gagcgga	0.51351	0.12162	0.14865	0.21622	1	2.4765e-05
gagcggc	0.28788	0.13636	0.27273	0.30303	1	2.2087e-05
gagcggg	0.30612	0.20408	0.18367	0.30612	1	1.6398e-05
gagcggt	0.24074	0.14815	0.27778	0.33333	1	1.8072e-05
gagcgta	0.30137	0.15068	0.17808	0.36986	1	2.4430e-05
gagcgtc	0.25581	0.18605	0.11628	0.44186	1	1.4390e-05
gagcgtg	0.26667	0.30000	0.16667	0.26667	1	2.0079e-05
gagcgtt	0.21311	0.19672	0.22951	0.36066	1	2.0414e-05
gagctaa	0.39416	0.12409	0.25547	0.22628	1	4.5848e-05
gagctac	0.25263	0.11579	0.20000	0.43158	1	3.1793e-05
gagctag	0.36486	0.17568	0.21622	0.24324	1	2.4765e-05
gagctat	0.36667	0.16667	0.10000	0.36667	1	4.0159e-05
gagctca	0.29592	0.25510	0.17347	0.27551	1	3.2796e-05
gagctcc	0.26154	0.18462	0.15385	0.40000	1	2.1753e-05
gagctcg	0.54545	0.03030	0.15152	0.27273	1	1.1044e-05
gagctct	0.18557	0.13402	0.13402	0.54639	1	3.2462e-05
gagctga	0.47748	0.09910	0.14414	0.27928	1	3.7147e-05
gagctgc	0.23256	0.18605	0.13953	0.44186	1	2.8781e-05
gagctgg	0.41270	0.15873	0.19048	0.23810	1	2.1083e-05
gagctgt	0.31959	0.16495	0.18557	0.32990	1	3.2462e-05
gagctta	0.26950	0.21986	0.12766	0.38298	1	4.7187e-05
gagcttc	0.31206	0.20567	0.13475	0.34752	1	4.7187e-05
gagcttg	0.29032	0.27957	0.20430	0.22581	1	3.1123e-05
gagcttt	0.23478	0.20435	0.17391	0.38696	1	7.6971e-05
gaggaaa	0.51515	0.09557	0.22844	0.16084	1	1.4357e-04
gaggaac	0.38462	0.16154	0.19231	0.26154	1	4.3506e-05
gaggaag	0.33091	0.35273	0.16000	0.15636	1	9.2031e-05
gaggaat	0.59928	0.07581	0.12996	0.19495	1	9.2700e-05
gaggaca	0.36538	0.16346	0.25000	0.22115	1	3.4804e-05
gaggacc	0.29787	0.34043	0.14894	0.21277	1	1.5729e-05
gaggacg	0.25000	0.34615	0.21154	0.19231	1	1.7402e-05
gaggact	0.31507	0.19178	0.17808	0.31507	1	2.4430e-05
gaggaga	0.71704	0.05788	0.10611	0.11897	1	1.0408e-04
gaggagc	0.35385	0.23077	0.13846	0.27692	1	2.1753e-05
gaggagg	0.31313	0.24242	0.25253	0.19192	1	3.3131e-05
gaggagt	0.25641	0.11538	0.28205	0.34615	1	2.6103e-05
gaggata	0.25641	0.10256	0.15385	0.48718	1	6.5258e-05
gaggatc	0.28571	0.14286	0.15873	0.41270	1	2.1083e-05
gaggatg	0.36634	0.18812	0.24752	0.19802	1	3.3800e-05
gaggatt	0.12613	0.48198	0.09910	0.29279	1	7.4294e-05
gaggcaa	0.34503	0.11111	0.23392	0.30994	1	5.7227e-05
gaggcac	0.30909	0.20000	0.21818	0.27273	1	1.8406e-05
gaggcag	0.36893	0.19417	0.23301	0.20388	1	3.4470e-05
gaggcat	0.28713	0.22772	0.07921	0.40594	1	3.3800e-05
gaggcca	0.31250	0.18750	0.17188	0.32812	1	2.1418e-05
gaggccc	0.27500	0.20000	0.17500	0.35000	1	1.3386e-05
gaggccg	0.31111	0.26667	0.26667	0.15556	1	1.5060e-05
gaggcct	0.21212	0.12121	0.33333	0.33333	1	2.2087e-05
gaggcga	0.31429	0.27143	0.20000	0.21429	1	2.3426e-05
gaggcgc	0.33333	0.20000	0.23333	0.23333	1	2.0079e-05
gaggcgg	0.35385	0.26154	0.12308	0.26154	1	2.1753e-05
gaggcgt	0.32653	0.16327	0.14286	0.36735	1	1.6398e-05
gaggcta	0.28916	0.28916	0.09639	0.32530	1	2.7777e-05
gaggctc	0.30000	0.18000	0.14000	0.38000	1	1.6733e-05
gaggctg	0.28261	0.22826	0.16304	0.32609	1	3.0789e-05
gaggctt	0.23276	0.24138	0.18966	0.33621	1	3.8820e-05
gagggaa	0.52406	0.11230	0.21925	0.14439	1	6.2581e-05
gagggac	0.39394	0.21212	0.15152	0.24242	1	2.2087e-05
gagggag	0.34524	0.21429	0.27381	0.16667	1	2.8111e-05
gagggat	0.33333	0.15556	0.24444	0.26667	1	3.0119e-05
gagggca	0.24096	0.15663	0.27711	0.32530	1	2.7777e-05
gagggcc	0.36111	0.38889	0.08333	0.16667	1	1.2048e-05
gagggcg	0.31373	0.17647	0.15686	0.35294	1	1.7068e-05
gagggct	0.25397	0.17460	0.17460	0.39683	1	2.1083e-05
gagggga	0.48913	0.06522	0.28261	0.16304	1	3.0789e-05
gaggggc	0.39655	0.13793	0.27586	0.18966	1	1.9410e-05
gaggggg	0.35294	0.11765	0.35294	0.17647	1	1.7068e-05
gaggggt	0.27692	0.18462	0.32308	0.21538	1	2.1753e-05
gagggta	0.46429	0.23214	0.16964	0.13393	1	3.7482e-05
gagggtc	0.24138	0.43103	0.05172	0.27586	1	1.9410e-05
gagggtg	0.42857	0.14286	0.22078	0.20779	1	2.5769e-05
gagggtt	0.13158	0.28947	0.19737	0.38158	1	2.5434e-05
gaggtaa	0.41081	0.15135	0.19459	0.24324	1	6.1912e-05
gaggtac	0.39535	0.16279	0.15116	0.29070	1	2.8781e-05
gaggtag	0.33333	0.25000	0.15476	0.26190	1	2.8111e-05
gaggtat	0.45390	0.15603	0.16312	0.22695	1	4.7187e-05
gaggtca	0.27473	0.23077	0.14286	0.35165	1	3.0454e-05
gaggtcc	0.17949	0.25641	0.25641	0.30769	1	1.3052e-05
gaggtcg	0.26316	0.10526	0.10526	0.52632	1	1.9076e-05
gaggtct	0.16129	0.25806	0.14516	0.43548	1	2.0749e-05
gaggtga	0.40517	0.18103	0.14655	0.26724	1	3.8820e-05
gaggtgc	0.25316	0.21519	0.20253	0.32911	1	2.6438e-05
gaggtgg	0.37681	0.15942	0.20290	0.26087	1	2.3091e-05
gaggtgt	0.40206	0.14433	0.21649	0.23711	1	3.2462e-05
gaggtta	0.24848	0.26667	0.20606	0.27879	1	5.5219e-05
gaggttc	0.31707	0.23171	0.09756	0.35366	1	2.7442e-05
gaggttg	0.37755	0.19388	0.16327	0.26531	1	3.2796e-05
gaggttt	0.19588	0.21649	0.24227	0.34536	1	6.4924e-05
gagtaaa	0.40909	0.14286	0.17857	0.26948	1	1.0307e-04
gagtaac	0.28829	0.18018	0.18919	0.34234	1	3.7147e-05
gagtaag	0.26316	0.24342	0.16447	0.32895	1	5.0868e-05
gagtaat	0.42273	0.14545	0.15455	0.27727	1	7.3625e-05
gagtaca	0.36090	0.16541	0.22556	0.24812	1	4.4510e-05
gagtacc	0.50000	0.21154	0.13462	0.15385	1	1.7402e-05
gagtacg	0.25424	0.16949	0.18644	0.38983	1	1.9745e-05
gagtact	0.29231	0.12308	0.29231	0.29231	1	4.3506e-05
gagtaga	0.46324	0.09559	0.22794	0.21324	1	4.5514e-05
gagtagc	0.39785	0.17204	0.08602	0.34409	1	3.1123e-05
gagtagg	0.34884	0.18605	0.23256	0.23256	1	2.8781e-05
gagtagt	0.37398	0.14634	0.18699	0.29268	1	4.1163e-05
gagtata	0.29536	0.19409	0.11814	0.39241	1	7.9314e-05
gagtatc	0.33333	0.17284	0.19753	0.29630	1	2.7107e-05
gagtatg	0.23469	0.20408	0.18367	0.37755	1	3.2796e-05
gagtatt	0.21782	0.16832	0.21782	0.39604	1	6.7601e-05
gagtcaa	0.41667	0.09167	0.22500	0.26667	1	4.0159e-05
gagtcac	0.19737	0.27632	0.14474	0.38158	1	2.5434e-05
gagtcag	0.28571	0.20635	0.17460	0.33333	1	2.1083e-05
gagtcat	0.18421	0.29825	0.17544	0.34211	1	3.8151e-05
gagtcca	0.34043	0.10638	0.17021	0.38298	1	1.5729e-05
gagtccc	0.35714	0.14286	0.04762	0.45238	1	1.4056e-05
gagtccg	0.20000	0.33333	0.16667	0.30000	1	1.0040e-05
gagtcct	0.28571	0.23214	0.17857	0.30357	1	1.8741e-05
gagtcga	0.33333	0.11765	0.17647	0.37255	1	1.7068e-05
gagtcgc	0.24444	0.26667	0.13333	0.35556	1	1.5060e-05
gagtcgg	0.22857	0.37143	0.14286	0.25714	1	1.1713e-05
gagtcgt	0.19355	0.33871	0.20968	0.25806	1	2.0749e-05
gagtcta	0.27586	0.22414	0.10345	0.39655	1	1.9410e-05
gagtctc	0.22388	0.14925	0.22388	0.40299	1	2.2422e-05
gagtctg	0.25000	0.27273	0.18182	0.29545	1	1.4725e-05
gagtctt	0.16129	0.29032	0.18548	0.36290	1	4.1498e-05
gagtgaa	0.44976	0.10526	0.24880	0.19617	1	6.9944e-05
gagtgac	0.34091	0.17045	0.18182	0.30682	1	2.9450e-05
gagtgag	0.30303	0.28283	0.14141	0.27273	1	3.3131e-05
gagtgat	0.31200	0.15200	0.20800	0.32800	1	4.1832e-05
gagtgca	0.31325	0.13253	0.19277	0.36145	1	2.7777e-05
gagtgcc	0.50000	0.16176	0.04412	0.29412	1	2.2757e-05
gagtgcg	0.32653	0.16327	0.30612	0.20408	1	1.6398e-05
gagtgct	0.25843	0.16854	0.22472	0.34831	1	2.9785e-05
gagtgga	0.47423	0.09278	0.22680	0.20619	1	3.2462e-05
gagtggc	0.43038	0.10127	0.24051	0.22785	1	2.6438e-05
gagtggg	0.30000	0.11667	0.25000	0.33333	1	2.0079e-05
gagtggt	0.32099	0.09877	0.22222	0.35802	1	2.7107e-05
gagtgta	0.29524	0.19048	0.20000	0.31429	1	3.5139e-05
gagtgtc	0.30488	0.12195	0.17073	0.40244	1	2.7442e-05
gagtgtg	0.26829	0.20732	0.21951	0.30488	1	2.7442e-05
gagtgtt	0.21774	0.23387	0.18548	0.36290	1	4.1498e-05
gagttaa	0.40351	0.18713	0.16374	0.24561	1	5.7227e-05
gagttac	0.31522	0.15217	0.14130	0.39130	1	3.0789e-05
gagttag	0.35556	0.16667	0.25556	0.22222	1	3.0119e-05
gagttat	0.34568	0.19136	0.12346	0.33951	1	5.4215e-05
gagttca	0.32110	0.19266	0.17431	0.31193	1	3.6478e-05
gagttcc	0.32955	0.07955	0.19318	0.39773	1	2.9450e-05
gagttcg	0.36667	0.15000	0.21667	0.26667	1	2.0079e-05
gagttct	0.15152	0.17424	0.22727	0.44697	1	4.4175e-05
gagttga	0.39583	0.13889	0.17361	0.29167	1	4.8191e-05
gagttgc	0.31000	0.17000	0.16000	0.36000	1	3.3466e-05
gagttgg	0.31884	0.27536	0.14493	0.26087	1	2.3091e-05
gagttgt	0.35897	0.13675	0.13675	0.36752	1	3.9155e-05
gagttta	0.26087	0.18841	0.20773	0.34300	1	6.9274e-05
gagtttc	0.27174	0.25000	0.10870	0.36957	1	6.1577e-05
gagtttg	0.32653	0.21088	0.14966	0.31293	1	4.9195e-05
gagtttt	0.23344	0.16404	0.17350	0.42902	1	1.0609e-04
gataaaa	0.42683	0.14329	0.18902	0.24085	1	2.1954e-04
gataaac	0.40221	0.11808	0.18450	0.29520	1	9.0692e-05
gataaag	0.31322	0.16379	0.30460	0.21839	1	1.1646e-04
gataaat	0.43552	0.16302	0.14355	0.25791	1	1.3754e-04
gataaca	0.42149	0.14050	0.21488	0.22314	1	8.0987e-05
gataacc	0.34409	0.11828	0.15054	0.38710	1	3.1123e-05
gataacg	0.29861	0.20833	0.18056	0.31250	1	4.8191e-05
gataact	0.30601	0.19672	0.24044	0.25683	1	6.1242e-05
gataaga	0.38014	0.17466	0.20205	0.24315	1	9.7720e-05
gataagc	0.39744	0.16667	0.19231	0.24359	1	5.2207e-05
gataagg	0.36464	0.20994	0.18232	0.24309	1	6.0573e-05
gataagt	0.37566	0.10053	0.21693	0.30688	1	6.3250e-05
gataata	0.34956	0.12094	0.11209	0.41740	1	2.2690e-04
gataatc	0.36715	0.16908	0.17874	0.28502	1	6.9274e-05
gataatg	0.30998	0.10616	0.10191	0.48195	1	1.5762e-04
gataatt	0.28475	0.13004	0.26457	0.32063	1	1.4926e-04
gatacaa	0.32042	0.22183	0.21479	0.24296	1	9.5043e-05
gatacac	0.42342	0.19820	0.08108	0.29730	1	3.7147e-05
gatacag	0.30769	0.23077	0.14615	0.31538	1	4.3506e-05
gatacat	0.39655	0.14655	0.11638	0.34052	1	7.7641e-05
gatacca	0.31034	0.27586	0.17241	0.24138	1	3.8820e-05
gataccc	0.22059	0.13235	0.25000	0.39706	1	2.2757e-05
gataccg	0.31746	0.23810	0.07937	0.36508	1	2.1083e-05
gatacct	0.27619	0.18095	0.20952	0.33333	1	3.5139e-05
gatacga	0.40336	0.11765	0.15126	0.32773	1	3.9824e-05
gatacgc	0.35593	0.18644	0.10169	0.35593	1	1.9745e-05
gatacgg	0.35714	0.14286	0.18571	0.31429	1	2.3426e-05
gatacgt	0.30827	0.35338	0.06767	0.27068	1	4.4510e-05
gatacta	0.32195	0.20976	0.17561	0.29268	1	6.8605e-05
gatactc	0.35632	0.13793	0.12644	0.37931	1	2.9115e-05
gatactg	0.24837	0.22876	0.16340	0.35948	1	5.1203e-05
gatactt	0.20988	0.21811	0.16872	0.40329	1	8.1322e-05
gatagaa	0.50000	0.14634	0.19207	0.16159	1	1.0977e-04
gatagac	0.35333	0.16000	0.33333	0.15333	1	5.0199e-05
gatagag	0.35000	0.17500	0.20625	0.26875	1	5.3545e-05
gatagat	0.38813	0.12785	0.21918	0.26484	1	7.3290e-05
gatagca	0.32414	0.13103	0.22069	0.32414	1	4.8525e-05
gatagcc	0.45161	0.17742	0.14516	0.22581	1	2.0749e-05
gatagcg	0.35417	0.22917	0.18750	0.22917	1	3.2127e-05
gatagct	0.23770	0.13115	0.21311	0.41803	1	4.0828e-05
gatagga	0.46212	0.12879	0.17424	0.23485	1	4.4175e-05
gataggc	0.38710	0.19355	0.15054	0.26882	1	3.1123e-05
gataggg	0.29851	0.20896	0.22388	0.26866	1	2.2422e-05
gataggt	0.31092	0.09244	0.28571	0.31092	1	3.9824e-05
gatagta	0.30705	0.14523	0.21992	0.32780	1	8.0653e-05
gatagtc	0.33735	0.19277	0.19277	0.27711	1	2.7777e-05
gatagtg	0.25610	0.16463	0.29878	0.28049	1	5.4884e-05
gatagtt	0.20652	0.12681	0.35870	0.30797	1	9.2366e-05
gatataa	0.42796	0.15269	0.15484	0.26452	1	1.5562e-04
gatatac	0.34875	0.13879	0.20285	0.30961	1	9.4039e-05
gatatag	0.38202	0.14232	0.23970	0.23596	1	8.9354e-05
gatatat	0.47504	0.12882	0.11594	0.28019	1	2.0782e-04
gatatca	0.29825	0.17193	0.19649	0.33333	1	9.5378e-05
gatatcc	0.27857	0.22143	0.15000	0.35000	1	4.6852e-05
gatatcg	0.26786	0.17857	0.17857	0.37500	1	3.7482e-05
gatatct	0.21905	0.16190	0.22857	0.39048	1	7.0278e-05
gatatga	0.40722	0.13918	0.15979	0.29381	1	6.4924e-05
gatatgc	0.29268	0.21138	0.17886	0.31707	1	4.1163e-05
gatatgg	0.38356	0.17808	0.11644	0.32192	1	4.8860e-05
gatatgt	0.38565	0.17489	0.17489	0.26457	1	7.4629e-05
gatatta	0.25061	0.20885	0.14988	0.39066	1	1.3621e-04
gatattc	0.32955	0.17803	0.14015	0.35227	1	8.8350e-05
gatattg	0.27891	0.21088	0.19048	0.31973	1	9.8389e-05
gatattt	0.21212	0.22169	0.17225	0.39394	1	2.0983e-04
gatcaaa	0.39259	0.15185	0.18519	0.27037	1	9.0358e-05
gatcaac	0.41085	0.11628	0.16279	0.31008	1	4.3171e-05
gatcaag	0.41026	0.16026	0.17308	0.25641	1	5.2207e-05
gatcaat	0.24579	0.11111	0.43098	0.21212	1	9.9393e-05
gatcaca	0.33333	0.18699	0.17886	0.30081	1	4.1163e-05
gatcacc	0.33784	0.22973	0.16216	0.27027	1	2.4765e-05
gatcacg	0.27907	0.22093	0.15116	0.34884	1	2.8781e-05
gatcact	0.25170	0.18367	0.19048	0.37415	1	4.9195e-05
gatcaga	0.48571	0.08571	0.15238	0.27619	1	3.5139e-05
gatcagc	0.33708	0.22472	0.12360	0.31461	1	2.9785e-05
gatcagg	0.34328	0.17910	0.19403	0.28358	1	2.2422e-05
gatcagt	0.38281	0.11719	0.17188	0.32812	1	4.2836e-05
gatcata	0.34555	0.16754	0.17277	0.31414	1	6.3920e-05
gatcatc	0.35593	0.21186	0.16949	0.26271	1	3.9490e-05
gatcatg	0.34737	0.16842	0.16842	0.31579	1	3.1793e-05
gatcatt	0.26000	0.22000	0.20500	0.31500	1	6.6932e-05
gatccaa	0.34951	0.12621	0.28155	0.24272	1	3.4470e-05
gatccac	0.30508	0.16949	0.20339	0.32203	1	1.9745e-05
gatccag	0.29310	0.17241	0.22414	0.31034	1	1.9410e-05
gatccat	0.29293	0.21212	0.15152	0.34343	1	3.3131e-05
gatccca	0.46774	0.16129	0.11290	0.25806	1	2.0749e-05
gatcccc	0.13636	0.25000	0.31818	0.29545	1	1.4725e-05
gatcccg	0.12903	0.16129	0.22581	0.48387	1	1.0374e-05
gatccct	0.10938	0.21875	0.20312	0.46875	1	2.1418e-05
gatccga	0.32836	0.16418	0.34328	0.16418	1	2.2422e-05
gatccgc	0.22642	0.30189	0.20755	0.26415	1	1.7737e-05
gatccgg	0.17391	0.21739	0.43478	0.17391	1	1.5394e-05
gatccgt	0.28125	0.10938	0.20312	0.40625	1	2.1418e-05
gatccta	0.21212	0.14141	0.14141	0.50505	1	3.3131e-05
gatcctc	0.21519	0.16456	0.18987	0.43038	1	2.6438e-05
gatcctg	0.28358	0.23881	0.20896	0.26866	1	2.2422e-05
gatcctt	0.20530	0.22517	0.13245	0.43709	1	5.0533e-05
gatcgaa	0.37736	0.16038	0.24528	0.21698	1	3.5474e-05
gatcgac	0.30769	0.18462	0.26154	0.24615	1	2.1753e-05
gatcgag	0.28571	0.17143	0.31429	0.22857	1	2.3426e-05
gatcgat	0.36735	0.12245	0.16327	0.34694	1	3.2796e-05
gatcgca	0.32857	0.24286	0.20000	0.22857	1	2.3426e-05
gatcgcc	0.41667	0.19444	0.19444	0.19444	1	1.2048e-05
gatcgcg	0.23404	0.29787	0.12766	0.34043	1	1.5729e-05
gatcgct	0.30137	0.19178	0.20548	0.30137	1	2.4430e-05
gatcgga	0.47368	0.14035	0.08772	0.29825	1	1.9076e-05
gatcggc	0.34211	0.23684	0.10526	0.31579	1	1.2717e-05
gatcggg	0.46154	0.25641	0.15385	0.12821	1	1.3052e-05
gatcggt	0.32258	0.19355	0.17742	0.30645	1	2.0749e-05
gatcgta	0.34483	0.18391	0.16092	0.31034	1	2.9115e-05
gatcgtc	0.39130	0.23913	0.13043	0.23913	1	1.5394e-05
gatcgtg	0.31481	0.14815	0.24074	0.29630	1	1.8072e-05
gatcgtt	0.23853	0.21101	0.20183	0.34862	1	3.6478e-05
gatctaa	0.47059	0.13529	0.17059	0.22353	1	5.6892e-05
gatctac	0.34211	0.19298	0.16667	0.29825	1	3.8151e-05
gatctag	0.22222	0.35556	0.17778	0.24444	1	3.0119e-05
gatctat	0.31646	0.13291	0.14557	0.40506	1	5.2876e-05
gatctca	0.31624	0.16239	0.18803	0.33333	1	3.9155e-05
gatctcc	0.26027	0.17808	0.19178	0.36986	1	2.4430e-05
gatctcg	0.23810	0.28571	0.22222	0.25397	1	2.1083e-05
gatctct	0.23077	0.17483	0.13986	0.45455	1	4.7856e-05
gatctga	0.41667	0.18519	0.19444	0.20370	1	3.6143e-05
gatctgc	0.31897	0.17241	0.12931	0.37931	1	3.8820e-05
gatctgg	0.37647	0.25882	0.21176	0.15294	1	2.8446e-05
gatctgt	0.31667	0.17500	0.15833	0.35000	1	4.0159e-05
gatctta	0.25862	0.28161	0.13218	0.32759	1	5.8231e-05
gatcttc	0.30890	0.17801	0.17277	0.34031	1	6.3920e-05
gatcttg	0.33333	0.26061	0.15152	0.25455	1	5.5219e-05
gatcttt	0.22801	0.24104	0.15309	0.37785	1	1.0274e-04
gatgaaa	0.44181	0.13302	0.16865	0.25653	1	1.4089e-04
gatgaac	0.22973	0.19595	0.20270	0.37162	1	4.9529e-05
gatgaag	0.39130	0.17391	0.19324	0.24155	1	6.9274e-05
gatgaat	0.37218	0.12030	0.26316	0.24436	1	8.9019e-05
gatgaca	0.20446	0.08922	0.26766	0.43866	1	9.0023e-05
gatgacc	0.39759	0.10843	0.12048	0.37349	1	2.7777e-05
gatgacg	0.18239	0.52830	0.11321	0.17610	1	5.3211e-05
gatgact	0.33480	0.13656	0.24229	0.28634	1	7.5967e-05
gatgaga	0.40534	0.07039	0.10922	0.41505	1	1.3788e-04
gatgagc	0.27753	0.08811	0.07048	0.56388	1	7.5967e-05
gatgagg	0.25000	0.20122	0.14634	0.40244	1	5.4884e-05
gatgagt	0.29586	0.17751	0.18935	0.33728	1	5.6557e-05
gatgata	0.42487	0.08808	0.18912	0.29793	1	1.2918e-04
gatgatc	0.29825	0.17544	0.15789	0.36842	1	3.8151e-05
gatgatg	0.56122	0.13265	0.12245	0.18367	1	9.8389e-05
gatgatt	0.23904	0.18725	0.20717	0.36653	1	8.3999e-05
gatgcaa	0.36207	0.18391	0.16667	0.28736	1	5.8231e-05
gatgcac	0.33333	0.12500	0.26389	0.27778	1	2.4095e-05
gatgcag	0.34314	0.23529	0.13725	0.28431	1	3.4135e-05
gatgcat	0.29412	0.16993	0.26797	0.26797	1	5.1203e-05
gatgcca	0.29358	0.22018	0.19266	0.29358	1	3.6478e-05
gatgccc	0.31507	0.09589	0.19178	0.39726	1	2.4430e-05
gatgccg	0.20588	0.27941	0.16176	0.35294	1	2.2757e-05
gatgcct	0.24719	0.20225	0.20225	0.34831	1	2.9785e-05
gatgcga	0.31481	0.11111	0.11111	0.46296	1	3.6143e-05
gatgcgc	0.28358	0.17910	0.19403	0.34328	1	2.2422e-05
gatgcgg	0.28333	0.16667	0.18333	0.36667	1	2.0079e-05
gatgcgt	0.32432	0.24324	0.13514	0.29730	1	2.4765e-05
gatgcta	0.31667	0.16667	0.12500	0.39167	1	4.0159e-05
gatgctc	0.37500	0.15625	0.13542	0.33333	1	3.2127e-05
gatgctg	0.26168	0.18692	0.12150	0.42991	1	3.5808e-05
gatgctt	0.26946	0.15569	0.15569	0.41916	1	5.5888e-05
gatggaa	0.46429	0.14286	0.19643	0.19643	1	7.4963e-05
gatggac	0.39062	0.20312	0.15625	0.25000	1	2.1418e-05
gatggag	0.33333	0.16092	0.28736	0.21839	1	2.9115e-05
gatggat	0.19424	0.08633	0.29496	0.42446	1	4.6517e-05
gatggca	0.32061	0.16031	0.19847	0.32061	1	4.3840e-05
gatggcc	0.32812	0.17188	0.14062	0.35938	1	2.1418e-05
gatggcg	0.25000	0.19643	0.25000	0.30357	1	1.8741e-05
gatggct	0.19802	0.15842	0.20792	0.43564	1	3.3800e-05
gatggga	0.39773	0.12500	0.12500	0.35227	1	2.9450e-05
gatgggc	0.31944	0.12500	0.25000	0.30556	1	2.4095e-05
gatgggg	0.37500	0.20833	0.18750	0.22917	1	1.6064e-05
gatgggt	0.31944	0.19444	0.20833	0.27778	1	2.4095e-05
gatggta	0.30556	0.17361	0.22917	0.29167	1	4.8191e-05
gatggtc	0.27586	0.25862	0.08621	0.37931	1	1.9410e-05
gatggtg	0.39286	0.19643	0.15179	0.25893	1	3.7482e-05
gatggtt	0.22535	0.20423	0.18310	0.38732	1	4.7521e-05
gatgtaa	0.33790	0.15068	0.21461	0.29680	1	7.3290e-05
gatgtac	0.32203	0.22881	0.14407	0.30508	1	3.9490e-05
gatgtag	0.21667	0.18333	0.19167	0.40833	1	4.0159e-05
gatgtat	0.34234	0.11712	0.24775	0.29279	1	7.4294e-05
gatgtca	0.36275	0.21569	0.16667	0.25490	1	3.4135e-05
gatgtcc	0.26230	0.22951	0.16393	0.34426	1	2.0414e-05
gatgtcg	0.22917	0.20833	0.20833	0.35417	1	1.6064e-05
gatgtct	0.21782	0.18812	0.17822	0.41584	1	3.3800e-05
gatgtga	0.25926	0.22963	0.21481	0.29630	1	4.5179e-05
gatgtgc	0.25253	0.27273	0.12121	0.35354	1	3.3131e-05
gatgtgg	0.26263	0.25253	0.20202	0.28283	1	3.3131e-05
gatgtgt	0.28276	0.19310	0.20000	0.32414	1	4.8525e-05
gatgtta	0.24324	0.21081	0.25405	0.29189	1	6.1912e-05
gatgttc	0.22973	0.22973	0.15541	0.38514	1	4.9529e-05
gatgttg	0.34375	0.23438	0.19531	0.22656	1	4.2836e-05
gatgttt	0.30120	0.20884	0.16064	0.32932	1	8.3330e-05
gattaaa	0.46708	0.15674	0.17868	0.19749	1	1.0676e-04
gattaac	0.36986	0.14384	0.16438	0.32192	1	4.8860e-05
gattaag	0.32673	0.16832	0.21287	0.29208	1	6.7601e-05
gattaat	0.29114	0.16772	0.16456	0.37658	1	1.0575e-04
gattaca	0.25294	0.16471	0.19412	0.38824	1	5.6892e-05
gattacc	0.34677	0.18548	0.21774	0.25000	1	4.1498e-05
gattacg	0.25287	0.22989	0.14943	0.36782	1	2.9115e-05
gattact	0.26484	0.19635	0.17352	0.36530	1	7.3290e-05
gattaga	0.37671	0.10959	0.18493	0.32877	1	4.8860e-05
gattagc	0.51351	0.17117	0.08108	0.23423	1	3.7147e-05
gattagg	0.41379	0.17241	0.10345	0.31034	1	2.9115e-05
gattagt	0.35714	0.11538	0.20879	0.31868	1	6.0908e-05
gattata	0.27219	0.17160	0.14793	0.40828	1	1.1311e-04
gattatc	0.38655	0.15126	0.17647	0.28571	1	7.9649e-05
gattatg	0.28022	0.15385	0.19231	0.37363	1	6.0908e-05
gattatt	0.23364	0.22196	0.14486	0.39953	1	1.4323e-04
gattcaa	0.30962	0.21757	0.17573	0.29707	1	7.9983e-05
gattcac	0.30097	0.18447	0.20388	0.31068	1	3.4470e-05
gattcag	0.29293	0.22222	0.20202	0.28283	1	3.3131e-05
gattcat	0.32569	0.19725	0.14220	0.33486	1	7.2955e-05
gattcca	0.16300	0.11013	0.07930	0.64758	1	7.5967e-05
gattccc	0.16788	0.13869	0.05839	0.63504	1	4.5848e-05
gattccg	0.17647	0.36471	0.17647	0.28235	1	2.8446e-05
gattcct	0.62950	0.07554	0.10432	0.19065	1	9.3035e-05
gattcga	0.34118	0.16471	0.27059	0.22353	1	2.8446e-05
gattcgc	0.21667	0.30000	0.18333	0.30000	1	2.0079e-05
gattcgg	0.38462	0.09615	0.17308	0.34615	1	1.7402e-05
gattcgt	0.23596	0.12360	0.14607	0.49438	1	2.9785e-05
gattcta	0.28846	0.19872	0.13462	0.37821	1	5.2207e-05
gattctc	0.30882	0.17647	0.16912	0.34559	1	4.5514e-05
gattctg	0.25000	0.39583	0.10417	0.25000	1	4.8191e-05
gattctt	0.18359	0.20312	0.16797	0.44531	1	8.5672e-05
gattgaa	0.47348	0.14394	0.20076	0.18182	1	8.8350e-05
gattgac	0.31250	0.17857	0.22321	0.28571	1	3.7482e-05
gattgag	0.31884	0.28261	0.15217	0.24638	1	4.6183e-05
gattgat	0.60822	0.08219	0.11233	0.19726	1	1.2215e-04
gattgca	0.31915	0.15603	0.15603	0.36879	1	4.7187e-05
gattgcc	0.42727	0.18182	0.13636	0.25455	1	3.6812e-05
gattgcg	0.25676	0.25676	0.21622	0.27027	1	2.4765e-05
gattgct	0.24859	0.20339	0.19774	0.35028	1	5.9234e-05
gattgga	0.48182	0.11818	0.10909	0.29091	1	3.6812e-05
gattggc	0.26415	0.16038	0.22642	0.34906	1	3.5474e-05
gattggg	0.25316	0.31646	0.16456	0.26582	1	2.6438e-05
gattggt	0.33333	0.28682	0.15504	0.22481	1	4.3171e-05
gattgta	0.31818	0.20455	0.15909	0.31818	1	5.8900e-05
gattgtc	0.44762	0.13333	0.15238	0.26667	1	3.5139e-05
gattgtg	0.29577	0.25352	0.11972	0.33099	1	4.7521e-05
gattgtt	0.27234	0.22979	0.15319	0.34468	1	7.8645e-05
gatttaa	0.30721	0.18495	0.22571	0.28213	1	1.0676e-04
gatttac	0.26818	0.16818	0.20000	0.36364	1	7.3625e-05
gatttag	0.23392	0.18129	0.28070	0.30409	1	5.7227e-05
gatttat	0.32326	0.18127	0.12085	0.37462	1	1.1077e-04
gatttca	0.34532	0.16547	0.16547	0.32374	1	9.3035e-05
gatttcc	0.29949	0.23858	0.14721	0.31472	1	6.5928e-05
gatttcg	0.32593	0.20741	0.17778	0.28889	1	4.5179e-05
gatttct	0.24148	0.15909	0.14773	0.45170	1	1.1780e-04
gatttga	0.41148	0.13876	0.16268	0.28708	1	6.9944e-05
gatttgc	0.33529	0.18235	0.11765	0.36471	1	5.6892e-05
gatttgg	0.30714	0.18571	0.18571	0.32143	1	4.6852e-05
gatttgt	0.26772	0.12205	0.19291	0.41732	1	8.5003e-05
gatttta	0.30412	0.19588	0.15979	0.34021	1	1.2985e-04
gattttc	0.33333	0.19231	0.13590	0.33846	1	1.3052e-04
gattttg	0.32024	0.17523	0.21148	0.29305	1	1.1077e-04
gattttt	0.24005	0.17330	0.14871	0.43794	1	2.8580e-04
gcaaaaa	0.49256	0.14344	0.17456	0.18945	1	2.4731e-04
gcaaaac	0.38571	0.16429	0.18571	0.26429	1	9.3704e-05
gcaaaag	0.38642	0.17232	0.20104	0.24021	1	1.2817e-04
gcaaaat	0.35780	0.15826	0.18807	0.29587	1	1.4591e-04
gcaaaca	0.44631	0.14430	0.19463	0.21477	1	9.9728e-05
gcaaacc	0.35043	0.21368	0.16239	0.27350	1	3.9155e-05
gcaaacg	0.30201	0.26174	0.18792	0.24832	1	4.9864e-05
gcaaact	0.30851	0.17021	0.18617	0.33511	1	6.2916e-05
gcaaaga	0.47302	0.12063	0.19365	0.21270	1	1.0542e-04
gcaaagc	0.38356	0.17123	0.21233	0.23288	1	4.8860e-05
gcaaagg	0.38235	0.16176	0.22549	0.23039	1	6.8270e-05
gcaaagt	0.28708	0.17703	0.22010	0.31579	1	6.9944e-05
gcaaata	0.30909	0.16104	0.17922	0.35065	1	1.2884e-04
gcaaatc	0.40373	0.19876	0.11180	0.28571	1	5.3880e-05
gcaaatg	0.46970	0.20076	0.11364	0.21591	1	8.8350e-05
gcaaatt	0.24927	0.16422	0.19648	0.39003	1	1.1412e-04
gcaacaa	0.34843	0.19164	0.17073	0.28920	1	9.6047e-05
gcaacac	0.41129	0.20968	0.14516	0.23387	1	4.1498e-05
gcaacag	0.22293	0.33121	0.21019	0.23567	1	5.2541e-05
gcaacat	0.31098	0.18902	0.14024	0.35976	1	5.4884e-05
gcaacca	0.36620	0.19718	0.16901	0.26761	1	4.7521e-05
gcaaccc	0.33333	0.30435	0.11594	0.24638	1	2.3091e-05
gcaaccg	0.22973	0.22973	0.17568	0.36486	1	2.4765e-05
gcaacct	0.26364	0.21818	0.17273	0.34545	1	3.6812e-05
gcaacga	0.45185	0.15556	0.17037	0.22222	1	4.5179e-05
gcaacgc	0.41509	0.16981	0.13208	0.28302	1	3.5474e-05
gcaacgg	0.29070	0.27907	0.13953	0.29070	1	2.8781e-05
gcaacgt	0.34694	0.23469	0.19388	0.22449	1	3.2796e-05
gcaacta	0.33333	0.23529	0.16993	0.26144	1	5.1203e-05
gcaactc	0.35577	0.17308	0.10577	0.36538	1	3.4804e-05
gcaactg	0.35200	0.24000	0.12800	0.28000	1	4.1832e-05
gcaactt	0.18357	0.27536	0.13043	0.41063	1	6.9274e-05
gcaagaa	0.44192	0.18939	0.19697	0.17172	1	1.3252e-04
gcaagac	0.37963	0.26852	0.16667	0.18519	1	3.6143e-05
gcaagag	0.40104	0.19271	0.15104	0.25521	1	6.4254e-05
gcaagat	0.36493	0.18483	0.14218	0.30806	1	7.0613e-05
gcaagca	0.41327	0.15816	0.23469	0.19388	1	6.5593e-05
gcaagcc	0.42500	0.17500	0.18750	0.21250	1	2.6773e-05
gcaagcg	0.28571	0.28571	0.20879	0.21978	1	3.0454e-05
gcaagct	0.29126	0.21359	0.17476	0.32039	1	3.4470e-05
gcaagga	0.24262	0.07213	0.07213	0.61311	1	1.0207e-04
gcaaggc	0.41667	0.17708	0.13542	0.27083	1	3.2127e-05
gcaaggg	0.31193	0.21101	0.22936	0.24771	1	3.6478e-05
gcaaggt	0.36036	0.11712	0.22523	0.29730	1	3.7147e-05
gcaagta	0.35204	0.17347	0.21939	0.25510	1	6.5593e-05
gcaagtc	0.34831	0.16854	0.16854	0.31461	1	2.9785e-05
gcaagtg	0.32117	0.21168	0.21898	0.24818	1	4.5848e-05
gcaagtt	0.32065	0.16304	0.18478	0.33152	1	6.1577e-05
gcaataa	0.36883	0.15325	0.15065	0.32727	1	1.2884e-04
gcaatac	0.31548	0.21429	0.14286	0.32738	1	5.6223e-05
gcaatag	0.26064	0.24468	0.23936	0.25532	1	6.2916e-05
gcaatat	0.26923	0.16272	0.14793	0.42012	1	1.1311e-04
gcaatca	0.33155	0.17647	0.18182	0.31016	1	6.2581e-05
gcaatcc	0.27778	0.23333	0.12222	0.36667	1	3.0119e-05
gcaatcg	0.26087	0.22826	0.16304	0.34783	1	3.0789e-05
gcaatct	0.24074	0.24691	0.15432	0.35802	1	5.4215e-05
gcaatga	0.46597	0.13089	0.18325	0.21990	1	6.3920e-05
gcaatgc	0.31746	0.19841	0.16667	0.31746	1	4.2167e-05
gcaatgg	0.38983	0.22881	0.14407	0.23729	1	3.9490e-05
gcaatgt	0.35099	0.15232	0.22517	0.27152	1	5.0533e-05
gcaatta	0.27306	0.22140	0.18081	0.32472	1	9.0692e-05
gcaattc	0.24157	0.19663	0.18539	0.37640	1	5.9569e-05
gcaattg	0.33476	0.28326	0.14163	0.24034	1	7.7975e-05
gcaattt	0.23494	0.18976	0.15964	0.41566	1	1.1111e-04
gcacaaa	0.43478	0.12609	0.16957	0.26957	1	7.6971e-05
gcacaac	0.36667	0.19167	0.20000	0.24167	1	4.0159e-05
gcacaag	0.35252	0.17266	0.23741	0.23741	1	4.6517e-05
gcacaat	0.34171	0.16583	0.16080	0.33166	1	6.6597e-05
gcacaca	0.27059	0.25882	0.18235	0.28824	1	5.6892e-05
gcacacc	0.33333	0.22619	0.21429	0.22619	1	2.8111e-05
gcacacg	0.25676	0.33784	0.13514	0.27027	1	2.4765e-05
gcacact	0.25000	0.16667	0.25000	0.33333	1	3.6143e-05
gcacaga	0.52174	0.13043	0.13768	0.21014	1	4.6183e-05
gcacagc	0.46392	0.16495	0.18557	0.18557	1	3.2462e-05
gcacagg	0.30000	0.18889	0.27778	0.23333	1	3.0119e-05
gcacagt	0.45082	0.12295	0.17213	0.25410	1	4.0828e-05
gcacata	0.24299	0.22897	0.11215	0.41589	1	7.1617e-05
gcacatc	0.39370	0.14173	0.14173	0.32283	1	4.2502e-05
gcacatg	0.23810	0.31429	0.25714	0.19048	1	3.5139e-05
gcacatt	0.23810	0.17460	0.16931	0.41799	1	6.3250e-05
gcaccaa	0.36986	0.17123	0.31507	0.14384	1	4.8860e-05
gcaccac	0.30864	0.22222	0.18519	0.28395	1	2.7107e-05
gcaccag	0.26471	0.25000	0.11765	0.36765	1	2.2757e-05
gcaccat	0.25217	0.13913	0.24348	0.36522	1	3.8486e-05
gcaccca	0.29474	0.26316	0.18947	0.25263	1	3.1793e-05
gcacccc	0.38298	0.08511	0.08511	0.44681	1	1.5729e-05
gcacccg	0.18367	0.26531	0.20408	0.34694	1	1.6398e-05
gcaccct	0.22500	0.17500	0.22500	0.37500	1	2.6773e-05
gcaccga	0.38462	0.17308	0.15385	0.28846	1	1.7402e-05
gcaccgc	0.33962	0.22642	0.16981	0.26415	1	1.7737e-05
gcaccgg	0.30000	0.17500	0.20000	0.32500	1	1.3386e-05
gcaccgt	0.34328	0.19403	0.13433	0.32836	1	2.2422e-05
gcaccta	0.26250	0.21250	0.12500	0.40000	1	2.6773e-05
gcacctc	0.30769	0.17582	0.24176	0.27473	1	3.0454e-05
gcacctg	0.18557	0.37113	0.16495	0.27835	1	3.2462e-05
gcacctt	0.26619	0.26619	0.12230	0.34532	1	4.6517e-05
gcacgaa	0.40566	0.16038	0.23585	0.19811	1	3.5474e-05
gcacgac	0.30357	0.26786	0.14286	0.28571	1	1.8741e-05
gcacgag	0.44898	0.24490	0.12245	0.18367	1	1.6398e-05
gcacgat	0.27632	0.21053	0.21053	0.30263	1	2.5434e-05
gcacgca	0.33333	0.22222	0.23611	0.20833	1	2.4095e-05
gcacgcc	0.30189	0.20755	0.22642	0.26415	1	1.7737e-05
gcacgcg	0.26471	0.38235	0.14706	0.20588	1	1.1378e-05
gcacgct	0.27273	0.21212	0.21212	0.30303	1	2.2087e-05
gcacgga	0.41573	0.14607	0.16854	0.26966	1	2.9785e-05
gcacggc	0.30120	0.15663	0.24096	0.30120	1	2.7777e-05
gcacggg	0.27500	0.20000	0.12500	0.40000	1	1.3386e-05
gcacggt	0.26829	0.19512	0.31707	0.21951	1	1.3721e-05
gcacgta	0.28889	0.21111	0.17778	0.32222	1	3.0119e-05
gcacgtc	0.34483	0.18966	0.25862	0.20690	1	1.9410e-05
gcacgtg	0.57143	0.17143	0.17143	0.08571	1	3.5139e-05
gcacgtt	0.15702	0.20661	0.23967	0.39669	1	4.0494e-05
gcactaa	0.38994	0.20126	0.11950	0.28931	1	5.3211e-05
gcactac	0.28000	0.29000	0.14000	0.29000	1	3.3466e-05
gcactag	0.20213	0.23404	0.17021	0.39362	1	3.1458e-05
gcactat	0.25434	0.15029	0.19075	0.40462	1	5.7896e-05
gcactca	0.33333	0.21569	0.13725	0.31373	1	3.4135e-05
gcactcc	0.23810	0.25397	0.22222	0.28571	1	2.1083e-05
gcactcg	0.23077	0.28205	0.15385	0.33333	1	1.3052e-05
gcactct	0.29907	0.16822	0.17757	0.35514	1	3.5808e-05
gcactga	0.42105	0.14035	0.14912	0.28947	1	3.8151e-05
gcactgc	0.30380	0.17722	0.24051	0.27848	1	2.6438e-05
gcactgg	0.28333	0.26667	0.10000	0.35000	1	2.0079e-05
gcactgt	0.31967	0.12295	0.18852	0.36885	1	4.0828e-05
gcactta	0.35659	0.16279	0.13178	0.34884	1	4.3171e-05
gcacttc	0.38750	0.18125	0.10625	0.32500	1	5.3545e-05
gcacttg	0.28906	0.21875	0.13281	0.35938	1	4.2836e-05
gcacttt	0.21074	0.17355	0.14876	0.46694	1	8.0987e-05
gcagaaa	0.43324	0.15259	0.20436	0.20981	1	1.2282e-04
gcagaac	0.37594	0.17293	0.20301	0.24812	1	4.4510e-05
gcagaag	0.28704	0.16204	0.30093	0.25000	1	7.2286e-05
gcagaat	0.33333	0.21393	0.20398	0.24876	1	6.7266e-05
gcagaca	0.40594	0.16832	0.17822	0.24752	1	3.3800e-05
gcagacc	0.32353	0.30882	0.10294	0.26471	1	2.2757e-05
gcagacg	0.26786	0.21429	0.25000	0.26786	1	1.8741e-05
gcagact	0.25373	0.20896	0.29851	0.23881	1	2.2422e-05
gcagaga	0.40000	0.17222	0.19444	0.23333	1	6.0238e-05
gcagagc	0.45122	0.14634	0.19512	0.20732	1	2.7442e-05
gcagagg	0.40000	0.20000	0.20000	0.20000	1	3.3466e-05
gcagagt	0.25581	0.18605	0.25581	0.30233	1	2.8781e-05
gcagata	0.32804	0.11111	0.25397	0.30688	1	6.3250e-05
gcagatc	0.35238	0.20000	0.09524	0.35238	1	3.5139e-05
gcagatg	0.27434	0.23009	0.16814	0.32743	1	3.7816e-05
gcagatt	0.16194	0.38057	0.13765	0.31984	1	8.2661e-05
gcagcaa	0.34649	0.24561	0.20614	0.20175	1	7.6302e-05
gcagcac	0.26804	0.24742	0.21649	0.26804	1	3.2462e-05
gcagcag	0.28105	0.34641	0.13072	0.24183	1	5.1203e-05
gcagcat	0.30464	0.19205	0.20530	0.29801	1	5.0533e-05
gcagcca	0.26364	0.20000	0.28182	0.25455	1	3.6812e-05
gcagccc	0.26415	0.09434	0.18868	0.45283	1	1.7737e-05
gcagccg	0.20896	0.29851	0.26866	0.22388	1	2.2422e-05
gcagcct	0.17105	0.18421	0.21053	0.43421	1	2.5434e-05
gcagcga	0.37931	0.13793	0.17241	0.31034	1	2.9115e-05
gcagcgc	0.39759	0.25301	0.20482	0.14458	1	2.7777e-05
gcagcgg	0.15493	0.43662	0.21127	0.19718	1	2.3761e-05
gcagcgt	0.23529	0.16471	0.22353	0.37647	1	2.8446e-05
gcagcta	0.29365	0.14286	0.22222	0.34127	1	4.2167e-05
gcagctc	0.32143	0.16667	0.10714	0.40476	1	2.8111e-05
gcagctg	0.22222	0.32479	0.18803	0.26496	1	3.9155e-05
gcagctt	0.24516	0.22581	0.14839	0.38065	1	5.1872e-05
gcaggaa	0.46114	0.18135	0.16580	0.19171	1	6.4589e-05
gcaggac	0.36986	0.23288	0.17808	0.21918	1	2.4430e-05
gcaggag	0.39506	0.27160	0.16049	0.17284	1	2.7107e-05
gcaggat	0.30928	0.16495	0.19588	0.32990	1	3.2462e-05
gcaggca	0.40351	0.19298	0.19298	0.21053	1	3.8151e-05
gcaggcc	0.23457	0.17284	0.27160	0.32099	1	2.7107e-05
gcaggcg	0.30909	0.20000	0.21818	0.27273	1	1.8406e-05
gcaggct	0.32558	0.23256	0.19767	0.24419	1	2.8781e-05
gcaggga	0.50000	0.15152	0.09091	0.25758	1	2.2087e-05
gcagggc	0.29825	0.15789	0.29825	0.24561	1	1.9076e-05
gcagggg	0.27907	0.25581	0.32558	0.13953	1	1.4390e-05
gcagggt	0.44000	0.09333	0.18667	0.28000	1	2.5099e-05
gcaggta	0.32609	0.18478	0.18478	0.30435	1	3.0789e-05
gcaggtc	0.31481	0.31481	0.12963	0.24074	1	1.8072e-05
gcaggtg	0.33333	0.19355	0.22581	0.24731	1	3.1123e-05
gcaggtt	0.37500	0.17045	0.13636	0.31818	1	2.9450e-05
gcagtaa	0.41350	0.16034	0.19409	0.23207	1	7.9314e-05
gcagtac	0.25225	0.19820	0.22523	0.32432	1	3.7147e-05
gcagtag	0.28676	0.24265	0.16176	0.30882	1	4.5514e-05
gcagtat	0.28947	0.17368	0.17368	0.36316	1	6.3585e-05
gcagtca	0.36538	0.14423	0.15385	0.33654	1	3.4804e-05
gcagtcc	0.32727	0.20000	0.14545	0.32727	1	1.8406e-05
gcagtcg	0.32759	0.25862	0.15517	0.25862	1	1.9410e-05
gcagtct	0.18056	0.16667	0.25000	0.40278	1	2.4095e-05
gcagtga	0.44521	0.21233	0.13014	0.21233	1	4.8860e-05
gcagtgc	0.31884	0.13043	0.24638	0.30435	1	2.3091e-05
gcagtgg	0.27500	0.33750	0.18750	0.20000	1	2.6773e-05
gcagtgt	0.36036	0.17117	0.23423	0.23423	1	3.7147e-05
gcagtta	0.26946	0.22754	0.16168	0.34132	1	5.5888e-05
gcagttc	0.28319	0.26549	0.17699	0.27434	1	3.7816e-05
gcagttg	0.28777	0.23741	0.20144	0.27338	1	4.6517e-05
gcagttt	0.19925	0.18421	0.15789	0.45865	1	8.9019e-05
gcataaa	0.39233	0.19174	0.20649	0.20944	1	1.1345e-04
gcataac	0.38788	0.23636	0.15758	0.21818	1	5.5219e-05
gcataag	0.37324	0.21831	0.14789	0.26056	1	4.7521e-05
gcataat	0.33977	0.18147	0.19305	0.28571	1	8.6676e-05
gcataca	0.28019	0.20290	0.15459	0.36232	1	6.9274e-05
gcatacc	0.29213	0.19101	0.16854	0.34831	1	2.9785e-05
gcatacg	0.27273	0.25455	0.12727	0.34545	1	3.6812e-05
gcatact	0.25444	0.17160	0.18935	0.38462	1	5.6557e-05
gcataga	0.43537	0.15646	0.19728	0.21088	1	4.9195e-05
gcatagc	0.35965	0.14912	0.23684	0.25439	1	3.8151e-05
gcatagg	0.28571	0.23077	0.18681	0.29670	1	3.0454e-05
gcatagt	0.32231	0.19835	0.19008	0.28926	1	4.0494e-05
gcatata	0.31132	0.17217	0.12500	0.39151	1	1.4190e-04
gcatatc	0.36686	0.20710	0.13609	0.28994	1	5.6557e-05
gcatatg	0.28796	0.21466	0.10471	0.39267	1	6.3920e-05
gcatatt	0.25485	0.21607	0.15789	0.37119	1	1.2081e-04
gcatcaa	0.41176	0.22460	0.13904	0.22460	1	6.2581e-05
gcatcac	0.36496	0.22628	0.16788	0.24088	1	4.5848e-05
gcatcag	0.26596	0.30851	0.18085	0.24468	1	3.1458e-05
gcatcat	0.26036	0.27219	0.10651	0.36095	1	5.6557e-05
gcatcca	0.30973	0.19469	0.18584	0.30973	1	3.7816e-05
gcatccc	0.30508	0.20339	0.13559	0.35593	1	1.9745e-05
gcatccg	0.16667	0.30000	0.16667	0.36667	1	2.0079e-05
gcatcct	0.19608	0.22549	0.16667	0.41176	1	3.4135e-05
gcatcga	0.36364	0.14141	0.24242	0.25253	1	3.3131e-05
gcatcgc	0.34351	0.18321	0.09924	0.37405	1	4.3840e-05
gcatcgg	0.31148	0.31148	0.18033	0.19672	1	2.0414e-05
gcatcgt	0.16071	0.20536	0.19643	0.43750	1	3.7482e-05
gcatcta	0.27083	0.18750	0.22917	0.31250	1	4.8191e-05
gcatctc	0.28671	0.23077	0.17483	0.30769	1	4.7856e-05
gcatctg	0.14754	0.22951	0.25410	0.36885	1	4.0828e-05
gcatctt	0.20657	0.23474	0.18779	0.37089	1	7.1282e-05
gcatgaa	0.33696	0.14674	0.22826	0.28804	1	6.1577e-05
gcatgac	0.32432	0.18919	0.20270	0.28378	1	2.4765e-05
gcatgag	0.35526	0.21053	0.11842	0.31579	1	2.5434e-05
gcatgat	0.34177	0.13924	0.17722	0.34177	1	5.2876e-05
gcatgca	0.22115	0.23077	0.18269	0.36538	1	3.4804e-05
gcatgcc	0.26230	0.21311	0.13115	0.39344	1	2.0414e-05
gcatgcg	0.34921	0.15873	0.26984	0.22222	1	2.1083e-05
gcatgct	0.29032	0.15054	0.20430	0.35484	1	3.1123e-05
gcatgga	0.47561	0.18293	0.14634	0.19512	1	2.7442e-05
gcatggc	0.26984	0.17460	0.15873	0.39683	1	2.1083e-05
gcatggg	0.21667	0.18333	0.18333	0.41667	1	2.0079e-05
gcatggt	0.33333	0.25000	0.16667	0.25000	1	2.4095e-05
gcatgta	0.25166	0.19868	0.19868	0.35099	1	5.0533e-05
gcatgtc	0.21127	0.18310	0.12676	0.47887	1	2.3761e-05
gcatgtg	0.21951	0.27642	0.23577	0.26829	1	4.1163e-05
gcatgtt	0.24370	0.12605	0.21008	0.42017	1	3.9824e-05
gcattaa	0.40467	0.17121	0.16342	0.26070	1	8.6007e-05
gcattac	0.25294	0.29412	0.11765	0.33529	1	5.6892e-05
gcattag	0.31544	0.22819	0.16107	0.29530	1	4.9864e-05
gcattat	0.28322	0.19930	0.15734	0.36014	1	9.5712e-05
gcattca	0.31694	0.14208	0.16393	0.37705	1	6.1242e-05
gcattcc	0.30252	0.23529	0.12605	0.33613	1	3.9824e-05
gcattcg	0.21359	0.26214	0.16505	0.35922	1	3.4470e-05
gcattct	0.20197	0.22167	0.19704	0.37931	1	6.7936e-05
gcattga	0.45320	0.14286	0.13793	0.26601	1	6.7936e-05
gcattgc	0.30303	0.25000	0.11364	0.33333	1	4.4175e-05
gcattgg	0.26562	0.24219	0.17969	0.31250	1	4.2836e-05
gcattgt	0.31250	0.14904	0.18269	0.35577	1	6.9609e-05
gcattta	0.26471	0.16667	0.14706	0.42157	1	1.0241e-04
gcatttc	0.37184	0.19495	0.11552	0.31769	1	9.2700e-05
gcatttg	0.27315	0.26852	0.20833	0.25000	1	7.2286e-05
gcatttt	0.21368	0.21026	0.14359	0.43248	1	1.9578e-04
gccaaaa	0.43666	0.14286	0.17251	0.24798	1	1.2416e-04
gccaaac	0.25954	0.15267	0.23664	0.35115	1	4.3840e-05
gccaaag	0.33333	0.16667	0.27500	0.22500	1	4.0159e-05
gccaaat	0.34466	0.16505	0.16505	0.32524	1	6.8940e-05
gccaaca	0.41880	0.14530	0.19658	0.23932	1	3.9155e-05
gccaacc	0.28302	0.28302	0.13208	0.30189	1	1.7737e-05
gccaacg	0.38462	0.21538	0.12308	0.27692	1	2.1753e-05
gccaact	0.33333	0.12821	0.19658	0.34188	1	3.9155e-05
gccaaga	0.51064	0.20000	0.14894	0.14043	1	7.8645e-05
gccaagc	0.25234	0.28972	0.17757	0.28037	1	3.5808e-05
gccaagg	0.27928	0.23423	0.23423	0.25225	1	3.7147e-05
gccaagt	0.34653	0.15842	0.19802	0.29703	1	3.3800e-05
gccaata	0.38235	0.15441	0.18382	0.27941	1	4.5514e-05
gccaatc	0.43158	0.17895	0.21053	0.17895	1	3.1793e-05
gccaatg	0.33333	0.23684	0.18421	0.24561	1	3.8151e-05
gccaatt	0.21466	0.20942	0.20942	0.36649	1	6.3920e-05
gccacaa	0.32258	0.24194	0.21774	0.21774	1	4.1498e-05
gccacac	0.33333	0.18182	0.17172	0.31313	1	3.3131e-05
gccacag	0.31132	0.21698	0.09434	0.37736	1	3.5474e-05
gccacat	0.33333	0.21930	0.12281	0.32456	1	3.8151e-05
gccacca	0.33333	0.25253	0.19192	0.22222	1	3.3131e-05
gccaccc	0.29851	0.19403	0.16418	0.34328	1	2.2422e-05
gccaccg	0.23188	0.21739	0.20290	0.34783	1	2.3091e-05
gccacct	0.17568	0.24324	0.12162	0.45946	1	2.4765e-05
gccacga	0.43103	0.13793	0.13793	0.29310	1	1.9410e-05
gccacgc	0.27907	0.11628	0.20930	0.39535	1	1.4390e-05
gccacgg	0.17241	0.27586	0.32759	0.22414	1	1.9410e-05
gccacgt	0.30303	0.19697	0.25758	0.24242	1	2.2087e-05
gccacta	0.35052	0.25773	0.13402	0.25773	1	3.2462e-05
gccactc	0.25316	0.25316	0.15190	0.34177	1	2.6438e-05
gccactg	0.25581	0.30233	0.16279	0.27907	1	2.8781e-05
gccactt	0.22794	0.16912	0.09559	0.50735	1	4.5514e-05
gccagaa	0.45000	0.15625	0.18125	0.21250	1	5.3545e-05
gccagac	0.23333	0.26667	0.16667	0.33333	1	2.0079e-05
gccagag	0.31481	0.22222	0.14815	0.31481	1	1.8072e-05
gccagat	0.31193	0.20183	0.20183	0.28440	1	3.6478e-05
gccagca	0.40426	0.19149	0.10638	0.29787	1	3.1458e-05
gccagcc	0.41176	0.15686	0.19608	0.23529	1	1.7068e-05
gccagcg	0.27586	0.22414	0.25862	0.24138	1	1.9410e-05
gccagct	0.29762	0.15476	0.22619	0.32143	1	2.8111e-05
gccagga	0.53226	0.11290	0.12903	0.22581	1	2.0749e-05
gccaggc	0.29091	0.21818	0.18182	0.30909	1	1.8406e-05
gccaggg	0.38889	0.19444	0.05556	0.36111	1	1.2048e-05
gccaggt	0.29825	0.14035	0.21053	0.35088	1	1.9076e-05
gccagta	0.42453	0.15094	0.14151	0.28302	1	3.5474e-05
gccagtc	0.44231	0.13462	0.21154	0.21154	1	1.7402e-05
gccagtg	0.40351	0.15789	0.15789	0.28070	1	1.9076e-05
gccagtt	0.23301	0.20388	0.28155	0.28155	1	3.4470e-05
gccataa	0.36458	0.17188	0.18750	0.27604	1	6.4254e-05
gccatac	0.36364	0.15909	0.14773	0.32955	1	2.9450e-05
gccatag	0.23077	0.25641	0.16667	0.34615	1	2.6103e-05
gccatat	0.31522	0.15761	0.18478	0.34239	1	6.1577e-05
gccatca	0.34752	0.21986	0.06383	0.36879	1	4.7187e-05
gccatcc	0.24051	0.24051	0.16456	0.35443	1	2.6438e-05
gccatcg	0.26506	0.31325	0.18072	0.24096	1	2.7777e-05
gccatct	0.23611	0.24306	0.13889	0.38194	1	4.8191e-05
gccatga	0.42857	0.17857	0.14286	0.25000	1	2.8111e-05
gccatgc	0.28986	0.17391	0.15942	0.37681	1	2.3091e-05
gccatgg	0.31481	0.24074	0.12963	0.31481	1	1.8072e-05
gccatgt	0.36957	0.17391	0.17391	0.28261	1	3.0789e-05
gccatta	0.25000	0.23718	0.15385	0.35897	1	5.2207e-05
gccattc	0.38931	0.16031	0.12977	0.32061	1	4.3840e-05
gccattg	0.25974	0.25974	0.14286	0.33766	1	5.1537e-05
gccattt	0.20000	0.22593	0.16296	0.41111	1	9.0358e-05
gcccaaa	0.40559	0.11888	0.20280	0.27273	1	4.7856e-05
gcccaac	0.32394	0.25352	0.22535	0.19718	1	2.3761e-05
gcccaag	0.34783	0.17391	0.28986	0.18841	1	2.3091e-05
gcccaat	0.31776	0.19626	0.19626	0.28972	1	3.5808e-05
gcccaca	0.26761	0.25352	0.23944	0.23944	1	2.3761e-05
gcccacc	0.28070	0.21053	0.29825	0.21053	1	1.9076e-05
gcccacg	0.21875	0.28125	0.18750	0.31250	1	1.0709e-05
gcccact	0.21053	0.18421	0.19737	0.40789	1	2.5434e-05
gcccaga	0.44615	0.12308	0.20000	0.23077	1	2.1753e-05
gcccagc	0.28169	0.26761	0.16901	0.28169	1	2.3761e-05
gcccagg	0.32558	0.23256	0.20930	0.23256	1	1.4390e-05
gcccagt	0.28571	0.12857	0.25714	0.32857	1	2.3426e-05
gcccata	0.33735	0.28916	0.10843	0.26506	1	2.7777e-05
gcccatc	0.36905	0.13095	0.19048	0.30952	1	2.8111e-05
gcccatg	0.23256	0.23256	0.09302	0.44186	1	1.4390e-05
gcccatt	0.20635	0.19841	0.21429	0.38095	1	4.2167e-05
gccccaa	0.34483	0.18966	0.12069	0.34483	1	1.9410e-05
gccccac	0.30612	0.22449	0.22449	0.24490	1	1.6398e-05
gccccag	0.32609	0.19565	0.17391	0.30435	1	1.5394e-05
gccccat	0.38298	0.10638	0.17021	0.34043	1	1.5729e-05
gccccca	0.30000	0.25000	0.22500	0.22500	1	1.3386e-05
gcccccc	0.18750	0.21875	0.09375	0.50000	1	1.0709e-05
gcccccg	0.16667	0.38889	0.22222	0.22222	1	6.0238e-06
gccccct	0.15217	0.19565	0.26087	0.39130	1	1.5394e-05
gccccga	0.47222	0.11111	0.19444	0.22222	1	1.2048e-05
gccccgc	0.11905	0.33333	0.30952	0.23810	1	1.4056e-05
gccccgg	0.37931	0.17241	0.17241	0.27586	1	9.7051e-06
gccccgt	0.20690	0.13793	0.13793	0.51724	1	9.7051e-06
gccccta	0.30233	0.18605	0.11628	0.39535	1	1.4390e-05
gcccctc	0.20312	0.29688	0.14062	0.35938	1	2.1418e-05
gcccctg	0.30357	0.25000	0.26786	0.17857	1	1.8741e-05
gcccctt	0.16667	0.22464	0.15942	0.44928	1	4.6183e-05
gcccgaa	0.40323	0.16129	0.25806	0.17742	1	2.0749e-05
gcccgac	0.39130	0.13043	0.26087	0.21739	1	7.6971e-06
gcccgag	0.38462	0.26923	0.19231	0.15385	1	8.7011e-06
gcccgat	0.25000	0.13636	0.29545	0.31818	1	1.4725e-05
gcccgca	0.46667	0.06667	0.15556	0.31111	1	1.5060e-05
gcccgcc	0.16279	0.41860	0.23256	0.18605	1	1.4390e-05
gcccgcg	0.25641	0.20513	0.25641	0.28205	1	1.3052e-05
gcccgct	0.27419	0.17742	0.25806	0.29032	1	2.0749e-05
gcccgga	0.36842	0.13158	0.26316	0.23684	1	1.2717e-05
gcccggc	0.15789	0.42105	0.22807	0.19298	1	1.9076e-05
gcccggg	0.27273	0.33333	0.09091	0.30303	1	1.1044e-05
gcccggt	0.17949	0.25641	0.10256	0.46154	1	1.3052e-05
gcccgta	0.48214	0.16071	0.16071	0.19643	1	1.8741e-05
gcccgtc	0.25641	0.17949	0.23077	0.33333	1	1.3052e-05
gcccgtg	0.06061	0.42424	0.18182	0.33333	1	1.1044e-05
gcccgtt	0.21795	0.16667	0.14103	0.47436	1	2.6103e-05
gccctaa	0.35000	0.17500	0.20000	0.27500	1	2.6773e-05
gccctac	0.23729	0.23729	0.22034	0.30508	1	1.9745e-05
gccctag	0.24074	0.24074	0.20370	0.31481	1	1.8072e-05
gccctat	0.25926	0.16667	0.17593	0.39815	1	3.6143e-05
gccctca	0.27273	0.24242	0.19697	0.28788	1	2.2087e-05
gccctcc	0.21429	0.21429	0.17857	0.39286	1	1.8741e-05
gccctcg	0.17500	0.22500	0.22500	0.37500	1	1.3386e-05
gccctct	0.13830	0.24468	0.15957	0.45745	1	3.1458e-05
gccctga	0.50000	0.14286	0.17857	0.17857	1	1.8741e-05
gccctgc	0.18966	0.20690	0.29310	0.31034	1	1.9410e-05
gccctgg	0.27500	0.27500	0.12500	0.32500	1	1.3386e-05
gccctgt	0.28571	0.15714	0.14286	0.41429	1	2.3426e-05
gccctta	0.39623	0.17925	0.15094	0.27358	1	3.5474e-05
gcccttc	0.25833	0.30000	0.15000	0.29167	1	4.0159e-05
gcccttg	0.26829	0.31707	0.14634	0.26829	1	2.7442e-05
gcccttt	0.17600	0.16000	0.10800	0.55600	1	8.3665e-05
gccgaaa	0.35211	0.14085	0.21831	0.28873	1	4.7521e-05
gccgaac	0.28846	0.21154	0.28846	0.21154	1	1.7402e-05
gccgaag	0.31250	0.20000	0.17500	0.31250	1	2.6773e-05
gccgaat	0.32432	0.12162	0.25676	0.29730	1	2.4765e-05
gccgaca	0.31481	0.25926	0.20370	0.22222	1	1.8072e-05
gccgacc	0.29032	0.25806	0.16129	0.29032	1	1.0374e-05
gccgacg	0.17500	0.10000	0.30000	0.42500	1	1.3386e-05
gccgact	0.31579	0.18421	0.15789	0.34211	1	1.2717e-05
gccgaga	0.29114	0.17722	0.25316	0.27848	1	2.6438e-05
gccgagc	0.27907	0.18605	0.13953	0.39535	1	1.4390e-05
gccgagg	0.17778	0.22222	0.24444	0.35556	1	1.5060e-05
gccgagt	0.33333	0.07692	0.23077	0.35897	1	1.3052e-05
gccgata	0.40789	0.13158	0.15789	0.30263	1	2.5434e-05
gccgatc	0.28571	0.19048	0.11905	0.40476	1	1.4056e-05
gccgatg	0.29167	0.33333	0.18056	0.19444	1	2.4095e-05
gccgatt	0.27000	0.18000	0.20000	0.35000	1	3.3466e-05
gccgcaa	0.38889	0.11111	0.18056	0.31944	1	2.4095e-05
gccgcac	0.33333	0.30000	0.18889	0.17778	1	3.0119e-05
gccgcag	0.30000	0.34000	0.14000	0.22000	1	1.6733e-05
gccgcat	0.29762	0.17857	0.15476	0.36905	1	2.8111e-05
gccgcca	0.41791	0.20896	0.13433	0.23881	1	2.2422e-05
gccgccc	0.51685	0.15730	0.14607	0.17978	1	2.9785e-05
gccgccg	0.63441	0.10753	0.15054	0.10753	1	3.1123e-05
gccgcct	0.28846	0.32692	0.09615	0.28846	1	1.7402e-05
gccgcga	0.47619	0.09524	0.14286	0.28571	1	1.4056e-05
gccgcgc	0.28302	0.33962	0.20755	0.16981	1	1.7737e-05
gccgcgg	0.28889	0.31111	0.28889	0.11111	1	1.5060e-05
gccgcgt	0.26316	0.26316	0.21053	0.26316	1	1.2717e-05
gccgcta	0.34247	0.21918	0.06849	0.36986	1	2.4430e-05
gccgctc	0.26316	0.15789	0.26316	0.31579	1	1.9076e-05
gccgctg	0.31325	0.31325	0.18072	0.19277	1	2.7777e-05
gccgctt	0.21839	0.21839	0.19540	0.36782	1	2.9115e-05
gccggaa	0.46000	0.27000	0.13000	0.14000	1	3.3466e-05
gccggac	0.14706	0.41176	0.20588	0.23529	1	1.1378e-05
gccggag	0.31707	0.21951	0.19512	0.26829	1	1.3721e-05
gccggat	0.29268	0.24390	0.26829	0.19512	1	1.3721e-05
gccggca	0.26667	0.17778	0.26667	0.28889	1	1.5060e-05
gccggcc	0.16216	0.35135	0.27027	0.21622	1	1.2382e-05
gccggcg	0.06250	0.18750	0.37500	0.37500	1	1.0709e-05
gccggct	0.14000	0.24000	0.28000	0.34000	1	1.6733e-05
gccggga	0.51429	0.17143	0.14286	0.17143	1	1.1713e-05
gccgggc	0.37838	0.37838	0.13514	0.10811	1	1.2382e-05
gccgggg	0.38235	0.20588	0.14706	0.26471	1	1.1378e-05
gccgggt	0.48113	0.09434	0.16038	0.26415	1	3.5474e-05
gccggta	0.46667	0.13333	0.20000	0.20000	1	1.5060e-05
gccggtc	0.25806	0.16129	0.12903	0.45161	1	1.0374e-05
gccggtg	0.28205	0.23077	0.20513	0.28205	1	1.3052e-05
gccggtt	0.23077	0.23077	0.13462	0.40385	1	1.7402e-05
gccgtaa	0.37349	0.18072	0.15663	0.28916	1	2.7777e-05
gccgtac	0.37681	0.14493	0.20290	0.27536	1	2.3091e-05
gccgtag	0.26316	0.29825	0.26316	0.17544	1	1.9076e-05
gccgtat	0.30380	0.20253	0.22785	0.26582	1	2.6438e-05
gccgtca	0.25455	0.25455	0.10909	0.38182	1	1.8406e-05
gccgtcc	0.31579	0.21053	0.15789	0.31579	1	1.2717e-05
gccgtcg	0.19444	0.30556	0.25000	0.25000	1	1.2048e-05
gccgtct	0.31148	0.16393	0.13115	0.39344	1	2.0414e-05
gccgtga	0.30612	0.18367	0.22449	0.28571	1	1.6398e-05
gccgtgc	0.41429	0.21429	0.14286	0.22857	1	2.3426e-05
gccgtgg	0.39130	0.28261	0.10870	0.21739	1	1.5394e-05
gccgtgt	0.17143	0.25714	0.25714	0.31429	1	1.1713e-05
gccgtta	0.31522	0.22826	0.13043	0.32609	1	3.0789e-05
gccgttc	0.23684	0.34211	0.19737	0.22368	1	2.5434e-05
gccgttg	0.30120	0.26506	0.09639	0.33735	1	2.7777e-05
gccgttt	0.23179	0.24503	0.15232	0.37086	1	5.0533e-05
gcctaaa	0.43421	0.19079	0.11842	0.25658	1	5.0868e-05
gcctaac	0.29630	0.12963	0.11111	0.46296	1	1.8072e-05
gcctaag	0.29630	0.11111	0.31481	0.27778	1	1.8072e-05
gcctaat	0.30303	0.14141	0.20202	0.35354	1	3.3131e-05
gcctaca	0.36538	0.23077	0.17308	0.23077	1	3.4804e-05
gcctacc	0.39474	0.10526	0.23684	0.26316	1	1.2717e-05
gcctacg	0.23529	0.29412	0.14706	0.32353	1	1.1378e-05
gcctact	0.23864	0.22727	0.18182	0.35227	1	2.9450e-05
gcctaga	0.46575	0.26027	0.13699	0.13699	1	2.4430e-05
gcctagc	0.30000	0.23333	0.15000	0.31667	1	2.0079e-05
gcctagg	0.23529	0.32353	0.23529	0.20588	1	1.1378e-05
gcctagt	0.29310	0.13793	0.15517	0.41379	1	1.9410e-05
gcctata	0.28455	0.14634	0.13821	0.43089	1	4.1163e-05
gcctatc	0.30769	0.20879	0.15385	0.32967	1	3.0454e-05
gcctatg	0.26786	0.19643	0.30357	0.23214	1	1.8741e-05
gcctatt	0.20270	0.18919	0.27703	0.33108	1	4.9529e-05
gcctcaa	0.37931	0.18966	0.16379	0.26724	1	3.8820e-05
gcctcac	0.28788	0.24242	0.21212	0.25758	1	2.2087e-05
gcctcag	0.27586	0.22414	0.18966	0.31034	1	1.9410e-05
gcctcat	0.20175	0.32456	0.14035	0.33333	1	3.8151e-05
gcctcca	0.28788	0.22727	0.15152	0.33333	1	2.2087e-05
gcctccc	0.18367	0.32653	0.10204	0.38776	1	1.6398e-05
gcctccg	0.25000	0.33333	0.11111	0.30556	1	1.2048e-05
gcctcct	0.10526	0.34737	0.16842	0.37895	1	3.1793e-05
gcctcga	0.33750	0.10000	0.31250	0.25000	1	2.6773e-05
gcctcgc	0.26984	0.25397	0.12698	0.34921	1	2.1083e-05
gcctcgg	0.12500	0.53125	0.21875	0.12500	1	1.0709e-05
gcctcgt	0.22727	0.21212	0.19697	0.36364	1	2.2087e-05
gcctcta	0.26087	0.17391	0.17391	0.39130	1	3.0789e-05
gcctctc	0.17021	0.29787	0.11702	0.41489	1	3.1458e-05
gcctctg	0.27160	0.25926	0.17284	0.29630	1	2.7107e-05
gcctctt	0.17416	0.23596	0.17416	0.41573	1	5.9569e-05
gcctgaa	0.50000	0.21311	0.06557	0.22131	1	4.0828e-05
gcctgac	0.28571	0.23810	0.21429	0.26190	1	1.4056e-05
gcctgag	0.29630	0.16667	0.24074	0.29630	1	1.8072e-05
gcctgat	0.27381	0.32143	0.11905	0.28571	1	2.8111e-05
gcctgca	0.30769	0.19231	0.23077	0.26923	1	2.6103e-05
gcctgcc	0.28788	0.24242	0.16667	0.30303	1	2.2087e-05
gcctgcg	0.30909	0.30909	0.14545	0.23636	1	1.8406e-05
gcctgct	0.20202	0.18182	0.18182	0.43434	1	3.3131e-05
gcctgga	0.40000	0.09091	0.36364	0.14545	1	1.8406e-05
gcctggc	0.33333	0.22807	0.22807	0.21053	1	1.9076e-05
gcctggg	0.30303	0.24242	0.15152	0.30303	1	1.1044e-05
gcctggt	0.42105	0.10526	0.21053	0.26316	1	1.9076e-05
gcctgta	0.36471	0.12941	0.17647	0.32941	1	2.8446e-05
gcctgtc	0.35616	0.19178	0.17808	0.27397	1	2.4430e-05
gcctgtg	0.18462	0.30769	0.18462	0.32308	1	2.1753e-05
gcctgtt	0.21014	0.27536	0.21739	0.29710	1	4.6183e-05
gccttaa	0.33088	0.13235	0.11765	0.41912	1	4.5514e-05
gccttac	0.36471	0.11765	0.17647	0.34118	1	2.8446e-05
gccttag	0.38889	0.13889	0.18056	0.29167	1	2.4095e-05
gccttat	0.26471	0.20588	0.07059	0.45882	1	5.6892e-05
gccttca	0.29771	0.20611	0.19084	0.30534	1	4.3840e-05
gccttcc	0.28571	0.29464	0.11607	0.30357	1	3.7482e-05
gccttcg	0.28571	0.19481	0.12987	0.38961	1	2.5769e-05
gccttct	0.20812	0.15228	0.13198	0.50761	1	6.5928e-05
gccttga	0.50400	0.09600	0.12800	0.27200	1	4.1832e-05
gccttgc	0.27184	0.24272	0.18447	0.30097	1	3.4470e-05
gccttgg	0.27273	0.29545	0.13636	0.29545	1	2.9450e-05
gccttgt	0.21374	0.22901	0.10687	0.45038	1	4.3840e-05
gccttta	0.21739	0.15719	0.08027	0.54515	1	1.0006e-04
gcctttc	0.25000	0.25980	0.09804	0.39216	1	6.8270e-05
gcctttg	0.37589	0.18440	0.12766	0.31206	1	4.7187e-05
gcctttt	0.19718	0.22535	0.15258	0.42488	1	1.4256e-04
gcgaaaa	0.47470	0.12530	0.19759	0.20241	1	1.3888e-04
gcgaaac	0.29091	0.15455	0.20000	0.35455	1	3.6812e-05
gcgaaag	0.37097	0.20161	0.23387	0.19355	1	4.1498e-05
gcgaaat	0.25926	0.14286	0.20106	0.39683	1	6.3250e-05
gcgaaca	0.38384	0.11111	0.25253	0.25253	1	3.3131e-05
gcgaacc	0.27907	0.16279	0.18605	0.37209	1	1.4390e-05
gcgaacg	0.27083	0.20833	0.22917	0.29167	1	1.6064e-05
gcgaact	0.26984	0.11111	0.23810	0.38095	1	2.1083e-05
gcgaaga	0.51515	0.10606	0.23485	0.14394	1	4.4175e-05
gcgaagc	0.29268	0.15854	0.26829	0.28049	1	2.7442e-05
gcgaagg	0.29268	0.21951	0.21951	0.26829	1	2.7442e-05
gcgaagt	0.31915	0.12766	0.22340	0.32979	1	3.1458e-05
gcgaata	0.40580	0.21014	0.14493	0.23913	1	4.6183e-05
gcgaatc	0.29412	0.27451	0.11765	0.31373	1	1.7068e-05
gcgaatg	0.32941	0.18824	0.22353	0.25882	1	2.8446e-05
gcgaatt	0.23214	0.16071	0.25000	0.35714	1	3.7482e-05
gcgacaa	0.39000	0.13000	0.15000	0.33000	1	3.3466e-05
gcgacac	0.33333	0.24561	0.15789	0.26316	1	1.9076e-05
gcgacag	0.29851	0.26866	0.17910	0.25373	1	2.2422e-05
gcgacat	0.30645	0.17742	0.17742	0.33871	1	2.0749e-05
gcgacca	0.26316	0.23684	0.23684	0.26316	1	1.2717e-05
gcgaccc	0.09524	0.23810	0.28571	0.38095	1	7.0278e-06
gcgaccg	0.23684	0.15789	0.31579	0.28947	1	1.2717e-05
gcgacct	0.18519	0.11111	0.18519	0.51852	1	9.0358e-06
gcgacga	0.27660	0.19149	0.27660	0.25532	1	1.5729e-05
gcgacgc	0.17647	0.17647	0.48529	0.16176	1	2.2757e-05
gcgacgg	0.16327	0.22449	0.30612	0.30612	1	1.6398e-05
gcgacgt	0.21429	0.14286	0.38095	0.26190	1	1.4056e-05
gcgacta	0.26087	0.31884	0.18841	0.23188	1	2.3091e-05
gcgactc	0.32143	0.25000	0.12500	0.30357	1	1.8741e-05
gcgactg	0.31818	0.21212	0.15152	0.31818	1	2.2087e-05
gcgactt	0.14865	0.22973	0.16216	0.45946	1	2.4765e-05
gcgagaa	0.41216	0.19595	0.16216	0.22973	1	4.9529e-05
gcgagac	0.27027	0.27027	0.18919	0.27027	1	1.2382e-05
gcgagag	0.26667	0.16667	0.26667	0.30000	1	2.0079e-05
gcgagat	0.27941	0.23529	0.26471	0.22059	1	2.2757e-05
gcgagca	0.36538	0.13462	0.30769	0.19231	1	1.7402e-05
gcgagcc	0.26190	0.21429	0.14286	0.38095	1	1.4056e-05
gcgagcg	0.20513	0.23077	0.35897	0.20513	1	1.3052e-05
gcgagct	0.34043	0.00000	0.17021	0.48936	1	1.5729e-05
gcgagga	0.48276	0.08621	0.18966	0.24138	1	1.9410e-05
gcgaggc	0.26415	0.16981	0.20755	0.35849	1	1.7737e-05
gcgaggg	0.33333	0.13889	0.13889	0.38889	1	1.2048e-05
gcgaggt	0.24675	0.29870	0.19481	0.25974	1	2.5769e-05
gcgagta	0.43333	0.16667	0.10000	0.30000	1	2.0079e-05
gcgagtc	0.48000	0.24000	0.08000	0.20000	1	8.3665e-06
gcgagtg	0.43103	0.20690	0.10345	0.25862	1	1.9410e-05
gcgagtt	0.21918	0.21918	0.19178	0.36986	1	2.4430e-05
gcgataa	0.30667	0.16667	0.17333	0.35333	1	5.0199e-05
gcgatac	0.31081	0.18919	0.17568	0.32432	1	2.4765e-05
gcgatag	0.30392	0.12745	0.13725	0.43137	1	3.4135e-05
gcgatat	0.31548	0.17262	0.14286	0.36905	1	5.6223e-05
gcgatca	0.34568	0.20988	0.16049	0.28395	1	2.7107e-05
gcgatcc	0.26316	0.21053	0.18421	0.34211	1	1.2717e-05
gcgatcg	0.16216	0.18919	0.16216	0.48649	1	1.2382e-05
gcgatct	0.19231	0.25641	0.19231	0.35897	1	2.6103e-05
gcgatga	0.17301	0.10727	0.56747	0.15225	1	9.6716e-05
gcgatgc	0.24370	0.26891	0.22689	0.26050	1	3.9824e-05
gcgatgg	0.22826	0.31522	0.27174	0.18478	1	3.0789e-05
gcgatgt	0.28571	0.11111	0.23810	0.36508	1	2.1083e-05
gcgatta	0.32203	0.23729	0.13559	0.30508	1	3.9490e-05
gcgattc	0.23077	0.26154	0.13846	0.36923	1	2.1753e-05
gcgattg	0.30000	0.23333	0.14444	0.32222	1	3.0119e-05
gcgattt	0.23026	0.21053	0.13816	0.42105	1	5.0868e-05
gcgcaaa	0.29655	0.17241	0.19310	0.33793	1	4.8525e-05
gcgcaac	0.28986	0.13043	0.33333	0.24638	1	2.3091e-05
gcgcaag	0.33333	0.18750	0.16667	0.31250	1	3.2127e-05
gcgcaat	0.35652	0.20870	0.20000	0.23478	1	3.8486e-05
gcgcaca	0.32941	0.17647	0.21176	0.28235	1	2.8446e-05
gcgcacc	0.38095	0.14286	0.14286	0.33333	1	1.4056e-05
gcgcacg	0.22917	0.29167	0.16667	0.31250	1	1.6064e-05
gcgcact	0.27119	0.16949	0.15254	0.40678	1	1.9745e-05
gcgcaga	0.40952	0.11429	0.20000	0.27619	1	3.5139e-05
gcgcagc	0.33333	0.27451	0.19608	0.19608	1	1.7068e-05
gcgcagg	0.34667	0.38667	0.17333	0.09333	1	2.5099e-05
gcgcagt	0.30488	0.21951	0.24390	0.23171	1	2.7442e-05
gcgcata	0.20000	0.27200	0.16000	0.36800	1	4.1832e-05
gcgcatc	0.22093	0.15116	0.25581	0.37209	1	2.8781e-05
gcgcatg	0.22917	0.22917	0.27083	0.27083	1	1.6064e-05
gcgcatt	0.25000	0.20536	0.18750	0.35714	1	3.7482e-05
gcgccaa	0.43158	0.15789	0.23158	0.17895	1	3.1793e-05
gcgccac	0.28125	0.15625	0.26562	0.29688	1	2.1418e-05
gcgccag	0.46552	0.13793	0.18966	0.20690	1	1.9410e-05
gcgccat	0.39252	0.20561	0.13084	0.27103	1	3.5808e-05
gcgccca	0.26190	0.16667	0.28571	0.28571	1	1.4056e-05
gcgcccc	0.20755	0.16981	0.18868	0.43396	1	1.7737e-05
gcgcccg	0.13889	0.52778	0.13889	0.19444	1	1.2048e-05
gcgccct	0.10909	0.23636	0.23636	0.41818	1	1.8406e-05
gcgccga	0.40625	0.12500	0.18750	0.28125	1	1.0709e-05
gcgccgc	0.30303	0.21212	0.19697	0.28788	1	2.2087e-05
gcgccgg	0.28947	0.13158	0.39474	0.18421	1	1.2717e-05
gcgccgt	0.21818	0.23636	0.14545	0.40000	1	1.8406e-05
gcgccta	0.25455	0.16364	0.16364	0.41818	1	1.8406e-05
gcgcctc	0.25714	0.17143	0.25714	0.31429	1	2.3426e-05
gcgcctg	0.18966	0.15517	0.24138	0.41379	1	1.9410e-05
gcgcctt	0.16471	0.17647	0.22353	0.43529	1	2.8446e-05
gcgcgaa	0.39744	0.11538	0.21795	0.26923	1	2.6103e-05
gcgcgac	0.29412	0.20588	0.17647	0.32353	1	1.1378e-05
gcgcgag	0.22034	0.11864	0.49153	0.16949	1	1.9745e-05
gcgcgat	0.25926	0.11111	0.30864	0.32099	1	2.7107e-05
gcgcgca	0.37879	0.18182	0.16667	0.27273	1	2.2087e-05
gcgcgcc	0.40678	0.06780	0.20339	0.32203	1	1.9745e-05
gcgcgcg	0.17284	0.40741	0.11111	0.30864	1	2.7107e-05
gcgcgct	0.26230	0.13115	0.27869	0.32787	1	2.0414e-05
gcgcgga	0.56164	0.00000	0.21918	0.21918	1	2.4430e-05
gcgcggc	0.29091	0.12727	0.12727	0.45455	1	1.8406e-05
gcgcggg	0.16327	0.20408	0.28571	0.34694	1	1.6398e-05
gcgcggt	0.21429	0.12500	0.35714	0.30357	1	1.8741e-05
gcgcgta	0.42105	0.21053	0.12281	0.24561	1	1.9076e-05
gcgcgtc	0.26786	0.23214	0.21429	0.28571	1	1.8741e-05
gcgcgtg	0.17500	0.22500	0.22500	0.37500	1	1.3386e-05
gcgcgtt	0.18987	0.17722	0.18987	0.44304	1	2.6438e-05
gcgctaa	0.35556	0.15556	0.18889	0.30000	1	3.0119e-05
gcgctac	0.18182	0.32727	0.14545	0.34545	1	1.8406e-05
gcgctag	0.08197	0.32787	0.21311	0.37705	1	2.0414e-05
gcgctat	0.23810	0.25714	0.11429	0.39048	1	3.5139e-05
gcgctca	0.24490	0.30612	0.24490	0.20408	1	1.6398e-05
gcgctcc	0.27027	0.16216	0.10811	0.45946	1	1.2382e-05
gcgctcg	0.26923	0.26923	0.30769	0.15385	1	8.7011e-06
gcgctct	0.31944	0.23611	0.06944	0.37500	1	2.4095e-05
gcgctga	0.27848	0.17722	0.30380	0.24051	1	2.6438e-05
gcgctgc	0.30000	0.23750	0.20000	0.26250	1	2.6773e-05
gcgctgg	0.35417	0.20833	0.16667	0.27083	1	1.6064e-05
gcgctgt	0.22989	0.18391	0.18391	0.40230	1	2.9115e-05
gcgctta	0.28571	0.19048	0.14286	0.38095	1	3.5139e-05
gcgcttc	0.18803	0.29915	0.20513	0.30769	1	3.9155e-05
gcgcttg	0.25263	0.24211	0.20000	0.30526	1	3.1793e-05
gcgcttt	0.22807	0.26316	0.12865	0.38012	1	5.7227e-05
gcggaaa	0.38462	0.19457	0.15837	0.26244	1	7.3959e-05
gcggaac	0.25000	0.23750	0.23750	0.27500	1	2.6773e-05
gcggaag	0.46154	0.17094	0.23077	0.13675	1	3.9155e-05
gcggaat	0.31405	0.31405	0.11570	0.25620	1	4.0494e-05
gcggaca	0.21277	0.23404	0.23404	0.31915	1	1.5729e-05
gcggacc	0.18919	0.29730	0.29730	0.21622	1	1.2382e-05
gcggacg	0.21053	0.21053	0.15789	0.42105	1	1.2717e-05
gcggact	0.28889	0.13333	0.24444	0.33333	1	1.5060e-05
gcggaga	0.41975	0.14815	0.17284	0.25926	1	2.7107e-05
gcggagc	0.30233	0.27907	0.11628	0.30233	1	1.4390e-05
gcggagg	0.29310	0.27586	0.25862	0.17241	1	1.9410e-05
gcggagt	0.19355	0.17742	0.22581	0.40323	1	2.0749e-05
gcggata	0.28409	0.19318	0.15909	0.36364	1	2.9450e-05
gcggatc	0.22222	0.22222	0.08889	0.46667	1	1.5060e-05
gcggatg	0.43548	0.17742	0.14516	0.24194	1	2.0749e-05
gcggatt	0.21053	0.19737	0.18421	0.40789	1	2.5434e-05
gcggcaa	0.44167	0.16667	0.14167	0.25000	1	4.0159e-05
gcggcac	0.27907	0.18605	0.16279	0.37209	1	1.4390e-05
gcggcag	0.38806	0.17910	0.08955	0.34328	1	2.2422e-05
gcggcat	0.26761	0.25352	0.12676	0.35211	1	2.3761e-05
gcggcca	0.36842	0.19298	0.07018	0.36842	1	1.9076e-05
gcggccc	0.25000	0.18750	0.28125	0.28125	1	1.0709e-05
gcggccg	0.26087	0.26087	0.32609	0.15217	1	1.5394e-05
gcggcct	0.16071	0.28571	0.26786	0.28571	1	1.8741e-05
gcggcga	0.28571	0.25714	0.24286	0.21429	1	2.3426e-05
gcggcgc	0.22222	0.22222	0.27778	0.27778	1	2.4095e-05
gcggcgg	0.32692	0.28846	0.17308	0.21154	1	1.7402e-05
gcggcgt	0.17308	0.30769	0.19231	0.32692	1	1.7402e-05
gcggcta	0.47651	0.13423	0.04698	0.34228	1	4.9864e-05
gcggctc	0.18750	0.26562	0.23438	0.31250	1	2.1418e-05
gcggctg	0.35484	0.20430	0.17204	0.26882	1	3.1123e-05
gcggctt	0.19811	0.20755	0.16981	0.42453	1	3.5474e-05
gcgggaa	0.48515	0.15842	0.20792	0.14851	1	3.3800e-05
gcgggac	0.25000	0.25000	0.25000	0.25000	1	1.0709e-05
gcgggag	0.56818	0.09091	0.13636	0.20455	1	1.4725e-05
gcgggat	0.30612	0.22449	0.16327	0.30612	1	1.6398e-05
gcgggca	0.43750	0.14583	0.20833	0.20833	1	1.6064e-05
gcgggcc	0.19149	0.31915	0.25532	0.23404	1	1.5729e-05
gcgggcg	0.26000	0.30000	0.26000	0.18000	1	1.6733e-05
gcgggct	0.20513	0.20513	0.38462	0.20513	1	1.3052e-05
gcgggga	0.42857	0.12500	0.14286	0.30357	1	1.8741e-05
gcggggc	0.22917	0.18750	0.31250	0.27083	1	1.6064e-05
gcggggg	0.28571	0.22857	0.28571	0.20000	1	1.1713e-05
gcggggt	0.48438	0.12500	0.17188	0.21875	1	2.1418e-05
gcgggta	0.66667	0.07692	0.12821	0.12821	1	3.9155e-05
gcgggtc	0.29412	0.20588	0.23529	0.26471	1	1.1378e-05
gcgggtg	0.36000	0.22000	0.18000	0.24000	1	1.6733e-05
gcgggtt	0.30645	0.16129	0.22581	0.30645	1	2.0749e-05
gcggtaa	0.37037	0.25000	0.13889	0.24074	1	3.6143e-05
gcggtac	0.26000	0.16000	0.24000	0.34000	1	1.6733e-05
gcggtag	0.27692	0.15385	0.12308	0.44615	1	2.1753e-05
gcggtat	0.29348	0.16304	0.19565	0.34783	1	3.0789e-05
gcggtca	0.23529	0.27451	0.11765	0.37255	1	1.7068e-05
gcggtcc	0.20833	0.29167	0.33333	0.16667	1	8.0318e-06
gcggtcg	0.20690	0.34483	0.13793	0.31034	1	9.7051e-06
gcggtct	0.13514	0.29730	0.21622	0.35135	1	1.2382e-05
gcggtga	0.50000	0.14474	0.09211	0.26316	1	2.5434e-05
gcggtgc	0.29231	0.23077	0.24615	0.23077	1	2.1753e-05
gcggtgg	0.30508	0.23729	0.23729	0.22034	1	1.9745e-05
gcggtgt	0.31959	0.08247	0.20619	0.39175	1	3.2462e-05
gcggtta	0.27660	0.20213	0.12766	0.39362	1	3.1458e-05
gcggttc	0.19697	0.27273	0.21212	0.31818	1	2.2087e-05
gcggttg	0.26389	0.25000	0.18056	0.30556	1	2.4095e-05
gcggttt	0.21429	0.17857	0.15714	0.45000	1	4.6852e-05
gcgtaaa	0.34239	0.21739	0.19565	0.24457	1	6.1577e-05
gcgtaac	0.31081	0.13514	0.29730	0.25676	1	2.4765e-05
gcgtaag	0.41573	0.21348	0.13483	0.23596	1	2.9785e-05
gcgtaat	0.32331	0.13534	0.22556	0.31579	1	4.4510e-05
gcgtaca	0.22619	0.17857	0.21429	0.38095	1	2.8111e-05
gcgtacc	0.29412	0.11765	0.15686	0.43137	1	1.7068e-05
gcgtacg	0.25532	0.17021	0.14894	0.42553	1	1.5729e-05
gcgtact	0.21739	0.15217	0.25000	0.38043	1	3.0789e-05
gcgtaga	0.38710	0.11290	0.16129	0.33871	1	2.0749e-05
gcgtagc	0.40426	0.27660	0.21277	0.10638	1	1.5729e-05
gcgtagg	0.20312	0.23438	0.12500	0.43750	1	2.1418e-05
gcgtagt	0.21250	0.13750	0.22500	0.42500	1	2.6773e-05
gcgtata	0.30556	0.15556	0.13889	0.40000	1	6.0238e-05
gcgtatc	0.33333	0.14493	0.13043	0.39130	1	2.3091e-05
gcgtatg	0.18056	0.29167	0.19444	0.33333	1	2.4095e-05
gcgtatt	0.23256	0.21512	0.19767	0.35465	1	5.7561e-05
gcgtcaa	0.38462	0.11966	0.25641	0.23932	1	3.9155e-05
gcgtcac	0.40789	0.18421	0.10526	0.30263	1	2.5434e-05
gcgtcag	0.27586	0.34483	0.15517	0.22414	1	1.9410e-05
gcgtcat	0.21368	0.39316	0.14530	0.24786	1	3.9155e-05
gcgtcca	0.33333	0.15556	0.22222	0.28889	1	1.5060e-05
gcgtccc	0.18919	0.35135	0.18919	0.27027	1	1.2382e-05
gcgtccg	0.30000	0.22500	0.17500	0.30000	1	1.3386e-05
gcgtcct	0.19403	0.25373	0.13433	0.41791	1	2.2422e-05
gcgtcga	0.34884	0.11628	0.16279	0.37209	1	1.4390e-05
gcgtcgc	0.28814	0.10169	0.37288	0.23729	1	1.9745e-05
gcgtcgg	0.24000	0.20000	0.24000	0.32000	1	8.3665e-06
gcgtcgt	0.18966	0.20690	0.17241	0.43103	1	1.9410e-05
gcgtcta	0.27419	0.20968	0.12903	0.38710	1	2.0749e-05
gcgtctc	0.30357	0.21429	0.14286	0.33929	1	1.8741e-05
gcgtctg	0.30159	0.17460	0.12698	0.39683	1	2.1083e-05
gcgtctt	0.17241	0.25862	0.20690	0.36207	1	3.8820e-05
gcgtgaa	0.48936	0.20213	0.17021	0.13830	1	3.1458e-05
gcgtgac	0.30000	0.17500	0.22500	0.30000	1	1.3386e-05
gcgtgag	0.23729	0.20339	0.25424	0.30508	1	1.9745e-05
gcgtgat	0.26316	0.19737	0.21053	0.32895	1	2.5434e-05
gcgtgca	0.36207	0.18966	0.18966	0.25862	1	1.9410e-05
gcgtgcc	0.23913	0.15217	0.21739	0.39130	1	1.5394e-05
gcgtgcg	0.17544	0.28070	0.15789	0.38596	1	1.9076e-05
gcgtgct	0.14062	0.14062	0.32812	0.39062	1	2.1418e-05
gcgtgga	0.41667	0.16667	0.21667	0.20000	1	2.0079e-05
gcgtggc	0.28571	0.14286	0.22857	0.34286	1	1.1713e-05
gcgtggg	0.20000	0.11111	0.33333	0.35556	1	1.5060e-05
gcgtggt	0.18966	0.13793	0.25862	0.41379	1	1.9410e-05
gcgtgta	0.35000	0.12500	0.12500	0.40000	1	2.6773e-05
gcgtgtc	0.18182	0.21212	0.27273	0.33333	1	1.1044e-05
gcgtgtg	0.18391	0.20690	0.12644	0.48276	1	2.9115e-05
gcgtgtt	0.16842	0.23158	0.17895	0.42105	1	3.1793e-05
gcgttaa	0.48855	0.11450	0.17557	0.22137	1	4.3840e-05
gcgttac	0.25316	0.24051	0.15190	0.35443	1	2.6438e-05
gcgttag	0.26866	0.22388	0.22388	0.28358	1	2.2422e-05
gcgttat	0.29605	0.19737	0.13816	0.36842	1	5.0868e-05
gcgttca	0.31915	0.17021	0.19149	0.31915	1	3.1458e-05
gcgttcc	0.31481	0.16667	0.09259	0.42593	1	1.8072e-05
gcgttcg	0.27660	0.19149	0.17021	0.36170	1	1.5729e-05
gcgttct	0.20930	0.17054	0.23256	0.38760	1	4.3171e-05
gcgttga	0.31818	0.12500	0.23864	0.31818	1	2.9450e-05
gcgttgc	0.27473	0.26374	0.21978	0.24176	1	3.0454e-05
gcgttgg	0.27869	0.31148	0.13115	0.27869	1	2.0414e-05
gcgttgt	0.21649	0.23711	0.19588	0.35052	1	3.2462e-05
gcgttta	0.20213	0.22340	0.16489	0.40957	1	6.2916e-05
gcgtttc	0.36757	0.20541	0.12432	0.30270	1	6.1912e-05
gcgtttg	0.23810	0.34921	0.14286	0.26984	1	4.2167e-05
gcgtttt	0.17266	0.21942	0.19424	0.41367	1	9.3035e-05
gctaaaa	0.41176	0.13904	0.20321	0.24599	1	1.2516e-04
gctaaac	0.37654	0.17284	0.17901	0.27160	1	5.4215e-05
gctaaag	0.37195	0.20732	0.19512	0.22561	1	5.4884e-05
gctaaat	0.35039	0.11417	0.23228	0.30315	1	8.5003e-05
gctaaca	0.39535	0.16279	0.19380	0.24806	1	4.3171e-05
gctaacc	0.35938	0.18750	0.15625	0.29688	1	2.1418e-05
gctaacg	0.27143	0.27143	0.22857	0.22857	1	2.3426e-05
gctaact	0.28302	0.15094	0.19811	0.36792	1	3.5474e-05
gctaaga	0.46429	0.15000	0.13571	0.25000	1	4.6852e-05
gctaagc	0.26786	0.15179	0.35714	0.22321	1	3.7482e-05
gctaagg	0.30693	0.21782	0.21782	0.25743	1	3.3800e-05
gctaagt	0.42697	0.13483	0.21348	0.22472	1	2.9785e-05
gctaata	0.33921	0.18062	0.16300	0.31718	1	7.5967e-05
gctaatc	0.32632	0.14737	0.20000	0.32632	1	3.1793e-05
gctaatg	0.30973	0.17699	0.21239	0.30088	1	3.7816e-05
gctaatt	0.25446	0.15179	0.23214	0.36161	1	7.4963e-05
gctacaa	0.35165	0.16484	0.20330	0.28022	1	6.0908e-05
gctacac	0.38571	0.17143	0.14286	0.30000	1	2.3426e-05
gctacag	0.21875	0.33333	0.16667	0.28125	1	3.2127e-05
gctacat	0.39231	0.16154	0.13077	0.31538	1	4.3506e-05
gctacca	0.26471	0.24510	0.16667	0.32353	1	3.4135e-05
gctaccc	0.20290	0.14493	0.34783	0.30435	1	2.3091e-05
gctaccg	0.31148	0.22951	0.14754	0.31148	1	2.0414e-05
gctacct	0.21053	0.27632	0.14474	0.36842	1	2.5434e-05
gctacga	0.47619	0.04762	0.19048	0.28571	1	2.1083e-05
gctacgc	0.29412	0.23529	0.19608	0.27451	1	1.7068e-05
gctacgg	0.23636	0.27273	0.14545	0.34545	1	1.8406e-05
gctacgt	0.28571	0.33766	0.15584	0.22078	1	2.5769e-05
gctacta	0.28834	0.19632	0.12270	0.39264	1	5.4549e-05
gctactc	0.33333	0.20238	0.14286	0.32143	1	2.8111e-05
gctactg	0.27692	0.27692	0.14615	0.30000	1	4.3506e-05
gctactt	0.20488	0.20488	0.18049	0.40976	1	6.8605e-05
gctagaa	0.41477	0.11364	0.22727	0.24432	1	5.8900e-05
gctagac	0.28814	0.18644	0.16949	0.35593	1	1.9745e-05
gctagag	0.26437	0.13793	0.34483	0.25287	1	2.9115e-05
gctagat	0.40741	0.15556	0.17037	0.26667	1	4.5179e-05
gctagca	0.39080	0.18391	0.19540	0.22989	1	2.9115e-05
gctagcc	0.29508	0.24590	0.16393	0.29508	1	2.0414e-05
gctagcg	0.29508	0.26230	0.18033	0.26230	1	2.0414e-05
gctagct	0.33333	0.16216	0.18018	0.32432	1	3.7147e-05
gctagga	0.33333	0.11905	0.20238	0.34524	1	2.8111e-05
gctaggc	0.27273	0.21818	0.32727	0.18182	1	1.8406e-05
gctaggg	0.55357	0.16071	0.14286	0.14286	1	1.8741e-05
gctaggt	0.18519	0.18519	0.22222	0.40741	1	1.8072e-05
gctagta	0.33858	0.18110	0.08661	0.39370	1	4.2502e-05
gctagtc	0.28070	0.05263	0.29825	0.36842	1	1.9076e-05
gctagtg	0.26250	0.23750	0.16250	0.33750	1	2.6773e-05
gctagtt	0.24806	0.22481	0.13178	0.39535	1	4.3171e-05
gctataa	0.27969	0.13793	0.14943	0.43295	1	8.7346e-05
gctatac	0.34559	0.17647	0.13235	0.34559	1	4.5514e-05
gctatag	0.27536	0.22464	0.13768	0.36232	1	4.6183e-05
gctatat	0.39662	0.14346	0.14768	0.31224	1	7.9314e-05
gctatca	0.41379	0.11724	0.12414	0.34483	1	4.8525e-05
gctatcc	0.27711	0.20482	0.15663	0.36145	1	2.7777e-05
gctatcg	0.31395	0.27907	0.13953	0.26744	1	2.8781e-05
gctatct	0.24031	0.18605	0.20155	0.37209	1	4.3171e-05
gctatga	0.37398	0.17073	0.13008	0.32520	1	4.1163e-05
gctatgc	0.34783	0.10145	0.23188	0.31884	1	2.3091e-05
gctatgg	0.21429	0.21429	0.18367	0.38776	1	3.2796e-05
gctatgt	0.43860	0.13158	0.14035	0.28947	1	3.8151e-05
gctatta	0.24901	0.19368	0.15020	0.40711	1	8.4669e-05
gctattc	0.27568	0.11351	0.15135	0.45946	1	6.1912e-05
gctattg	0.20248	0.22314	0.15702	0.41736	1	8.0987e-05
gctattt	0.20588	0.18627	0.13725	0.47059	1	1.3654e-04
gctcaaa	0.42927	0.12195	0.13659	0.31220	1	6.8605e-05
gctcaac	0.43820	0.19101	0.13483	0.23596	1	2.9785e-05
gctcaag	0.38710	0.13710	0.19355	0.28226	1	4.1498e-05
gctcaat	0.27500	0.19375	0.20000	0.33125	1	5.3545e-05
gctcaca	0.32979	0.13830	0.15957	0.37234	1	3.1458e-05
gctcacc	0.40351	0.28070	0.10526	0.21053	1	1.9076e-05
gctcacg	0.17460	0.25397	0.20635	0.36508	1	2.1083e-05
gctcact	0.24299	0.17757	0.21495	0.36449	1	3.5808e-05
gctcaga	0.39785	0.16129	0.16129	0.27957	1	3.1123e-05
gctcagc	0.40909	0.28788	0.04545	0.25758	1	2.2087e-05
gctcagg	0.28000	0.20000	0.20000	0.32000	1	1.6733e-05
gctcagt	0.25676	0.12162	0.27027	0.35135	1	2.4765e-05
gctcata	0.27200	0.12800	0.16000	0.44000	1	4.1832e-05
gctcatc	0.20175	0.10965	0.39035	0.29825	1	7.6302e-05
gctcatg	0.37931	0.17241	0.17241	0.27586	1	1.9410e-05
gctcatt	0.29412	0.19786	0.20321	0.30481	1	6.2581e-05
gctccaa	0.42857	0.25714	0.14286	0.17143	1	3.5139e-05
gctccac	0.25532	0.17021	0.12766	0.44681	1	1.5729e-05
gctccag	0.32075	0.24528	0.16981	0.26415	1	1.7737e-05
gctccat	0.27273	0.23377	0.09091	0.40260	1	2.5769e-05
gctccca	0.37879	0.16667	0.19697	0.25758	1	2.2087e-05
gctcccc	0.17241	0.20690	0.17241	0.44828	1	1.9410e-05
gctcccg	0.17857	0.21429	0.17857	0.42857	1	9.3704e-06
gctccct	0.18519	0.20988	0.17284	0.43210	1	2.7107e-05
gctccga	0.41860	0.11628	0.13953	0.32558	1	1.4390e-05
gctccgc	0.22727	0.22727	0.25000	0.29545	1	1.4725e-05
gctccgg	0.26471	0.20588	0.26471	0.26471	1	1.1378e-05
gctccgt	0.22642	0.28302	0.26415	0.22642	1	1.7737e-05
gctccta	0.35065	0.28571	0.11688	0.24675	1	2.5769e-05
gctcctc	0.18519	0.22222	0.16049	0.43210	1	2.7107e-05
gctcctg	0.16129	0.43548	0.11290	0.29032	1	2.0749e-05
gctcctt	0.17241	0.24138	0.15172	0.43448	1	4.8525e-05
gctcgaa	0.35088	0.16667	0.30702	0.17544	1	3.8151e-05
gctcgac	0.36111	0.16667	0.25000	0.22222	1	1.2048e-05
gctcgag	0.35185	0.10185	0.19444	0.35185	1	3.6143e-05
gctcgat	0.29688	0.20312	0.21875	0.28125	1	2.1418e-05
gctcgca	0.37500	0.14583	0.14583	0.33333	1	1.6064e-05
gctcgcc	0.25000	0.23077	0.23077	0.28846	1	1.7402e-05
gctcgcg	0.34375	0.21875	0.15625	0.28125	1	1.0709e-05
gctcgct	0.29333	0.25333	0.16000	0.29333	1	2.5099e-05
gctcgga	0.37500	0.14286	0.17857	0.30357	1	1.8741e-05
gctcggc	0.19149	0.23404	0.27660	0.29787	1	1.5729e-05
gctcggg	0.25000	0.29167	0.16667	0.29167	1	8.0318e-06
gctcggt	0.28261	0.17391	0.23913	0.30435	1	1.5394e-05
gctcgta	0.30000	0.18750	0.11250	0.40000	1	2.6773e-05
gctcgtc	0.20513	0.25641	0.12821	0.41026	1	1.3052e-05
gctcgtg	0.24444	0.22222	0.22222	0.31111	1	1.5060e-05
gctcgtt	0.22314	0.19008	0.14876	0.43802	1	4.0494e-05
gctctaa	0.40404	0.16162	0.16162	0.27273	1	3.3131e-05
gctctac	0.34940	0.22892	0.16867	0.25301	1	2.7777e-05
gctctag	0.24528	0.15094	0.22642	0.37736	1	1.7737e-05
gctctat	0.26554	0.20339	0.15819	0.37288	1	5.9234e-05
gctctca	0.36893	0.20388	0.15534	0.27184	1	3.4470e-05
gctctcc	0.23750	0.21250	0.17500	0.37500	1	2.6773e-05
gctctcg	0.38333	0.13333	0.16667	0.31667	1	2.0079e-05
gctctct	0.20139	0.20139	0.14583	0.45139	1	4.8191e-05
gctctga	0.30986	0.14085	0.26761	0.28169	1	2.3761e-05
gctctgc	0.25000	0.17391	0.25000	0.32609	1	3.0789e-05
gctctgg	0.41818	0.20000	0.14545	0.23636	1	1.8406e-05
gctctgt	0.21212	0.18182	0.22222	0.38384	1	3.3131e-05
gctctta	0.32117	0.22628	0.10949	0.34307	1	4.5848e-05
gctcttc	0.25946	0.22162	0.15676	0.36216	1	6.1912e-05
gctcttg	0.30682	0.22159	0.18750	0.28409	1	5.8900e-05
gctcttt	0.16935	0.26075	0.11559	0.45430	1	1.2449e-04
gctgaaa	0.36512	0.31163	0.08372	0.23953	1	1.4390e-04
gctgaac	0.38462	0.21368	0.07692	0.32479	1	3.9155e-05
gctgaag	0.31707	0.18902	0.10976	0.38415	1	5.4884e-05
gctgaat	0.41935	0.13710	0.18548	0.25806	1	4.1498e-05
gctgaca	0.34513	0.24779	0.16814	0.23894	1	3.7816e-05
gctgacc	0.29630	0.16667	0.16667	0.37037	1	1.8072e-05
gctgacg	0.20548	0.30137	0.27397	0.21918	1	2.4430e-05
gctgact	0.25556	0.15556	0.30000	0.28889	1	3.0119e-05
gctgaga	0.38889	0.16667	0.18519	0.25926	1	3.6143e-05
gctgagc	0.44304	0.15190	0.16456	0.24051	1	2.6438e-05
gctgagg	0.28302	0.18868	0.18868	0.33962	1	1.7737e-05
gctgagt	0.24051	0.12658	0.26582	0.36709	1	2.6438e-05
gctgata	0.32086	0.20321	0.19251	0.28342	1	6.2581e-05
gctgatc	0.28916	0.22892	0.15663	0.32530	1	2.7777e-05
gctgatg	0.31532	0.19820	0.16216	0.32432	1	3.7147e-05
gctgatt	0.20497	0.19255	0.22360	0.37888	1	5.3880e-05
gctgcaa	0.40110	0.18681	0.15934	0.25275	1	6.0908e-05
gctgcac	0.26316	0.25263	0.17895	0.30526	1	3.1793e-05
gctgcag	0.22727	0.22727	0.16667	0.37879	1	4.4175e-05
gctgcat	0.27068	0.21053	0.21053	0.30827	1	4.4510e-05
gctgcca	0.32479	0.20513	0.12821	0.34188	1	3.9155e-05
gctgccc	0.21951	0.26829	0.20732	0.30488	1	2.7442e-05
gctgccg	0.18333	0.23333	0.25000	0.33333	1	2.0079e-05
gctgcct	0.14103	0.34615	0.14103	0.37179	1	2.6103e-05
gctgcga	0.33333	0.16667	0.19697	0.30303	1	2.2087e-05
gctgcgc	0.25000	0.16176	0.22059	0.36765	1	2.2757e-05
gctgcgg	0.27692	0.15385	0.18462	0.38462	1	2.1753e-05
gctgcgt	0.21875	0.09375	0.37500	0.31250	1	2.1418e-05
gctgcta	0.24460	0.21583	0.16547	0.37410	1	4.6517e-05
gctgctc	0.24176	0.19780	0.23077	0.32967	1	3.0454e-05
gctgctg	0.24405	0.38690	0.16071	0.20833	1	5.6223e-05
gctgctt	0.17021	0.26596	0.17021	0.39362	1	6.2916e-05
gctggaa	0.40506	0.15823	0.22785	0.20886	1	5.2876e-05
gctggac	0.36364	0.15909	0.20455	0.27273	1	1.4725e-05
gctggag	0.43750	0.17500	0.20000	0.18750	1	2.6773e-05
gctggat	0.37349	0.12048	0.21687	0.28916	1	2.7777e-05
gctggca	0.26667	0.20000	0.20000	0.33333	1	3.0119e-05
gctggcc	0.29787	0.19149	0.19149	0.31915	1	1.5729e-05
gctggcg	0.21154	0.26923	0.19231	0.32692	1	1.7402e-05
gctggct	0.14773	0.26136	0.17045	0.42045	1	2.9450e-05
gctggga	0.50820	0.13115	0.14754	0.21311	1	2.0414e-05
gctgggc	0.19355	0.22581	0.32258	0.25806	1	2.0749e-05
gctgggg	0.37838	0.16216	0.29730	0.16216	1	1.2382e-05
gctgggt	0.44000	0.06000	0.24000	0.26000	1	1.6733e-05
gctggta	0.35789	0.18947	0.15789	0.29474	1	3.1793e-05
gctggtc	0.30645	0.22581	0.25806	0.20968	1	2.0749e-05
gctggtg	0.20548	0.30137	0.17808	0.31507	1	2.4430e-05
gctggtt	0.14706	0.25490	0.21569	0.38235	1	3.4135e-05
gctgtaa	0.33129	0.20245	0.13497	0.33129	1	5.4549e-05
gctgtac	0.34343	0.16162	0.19192	0.30303	1	3.3131e-05
gctgtag	0.27000	0.22000	0.13000	0.38000	1	3.3466e-05
gctgtat	0.37255	0.15033	0.07190	0.40523	1	5.1203e-05
gctgtca	0.20000	0.12571	0.10286	0.57143	1	5.8565e-05
gctgtcc	0.14667	0.26667	0.16000	0.42667	1	2.5099e-05
gctgtcg	0.20833	0.31944	0.09722	0.37500	1	2.4095e-05
gctgtct	0.19000	0.22000	0.19000	0.40000	1	3.3466e-05
gctgtga	0.30909	0.22727	0.12727	0.33636	1	3.6812e-05
gctgtgc	0.28000	0.17000	0.18000	0.37000	1	3.3466e-05
gctgtgg	0.18750	0.32500	0.12500	0.36250	1	2.6773e-05
gctgtgt	0.31068	0.09709	0.27184	0.32039	1	3.4470e-05
gctgtta	0.28571	0.21739	0.13665	0.36025	1	5.3880e-05
gctgttc	0.33051	0.16102	0.15254	0.35593	1	3.9490e-05
gctgttg	0.20886	0.26582	0.15823	0.36709	1	5.2876e-05
gctgttt	0.18149	0.24911	0.16726	0.40214	1	9.4039e-05
gcttaaa	0.41379	0.17241	0.16092	0.25287	1	8.7346e-05
gcttaac	0.34579	0.20561	0.16822	0.28037	1	3.5808e-05
gcttaag	0.38462	0.17949	0.17094	0.26496	1	3.9155e-05
gcttaat	0.27751	0.15789	0.18182	0.38278	1	6.9944e-05
gcttaca	0.28767	0.15753	0.21918	0.33562	1	4.8860e-05
gcttacc	0.28866	0.24742	0.20619	0.25773	1	3.2462e-05
gcttacg	0.25581	0.25581	0.29070	0.19767	1	2.8781e-05
gcttact	0.29825	0.21637	0.12865	0.35673	1	5.7227e-05
gcttaga	0.39785	0.16129	0.18280	0.25806	1	3.1123e-05
gcttagc	0.31250	0.27083	0.17708	0.23958	1	3.2127e-05
gcttagg	0.26761	0.16901	0.28169	0.28169	1	2.3761e-05
gcttagt	0.27273	0.17355	0.18182	0.37190	1	4.0494e-05
gcttata	0.26070	0.20623	0.13230	0.40078	1	8.6007e-05
gcttatc	0.23656	0.13978	0.13441	0.48925	1	6.2246e-05
gcttatg	0.29412	0.20588	0.14706	0.35294	1	4.5514e-05
gcttatt	0.23100	0.25228	0.19757	0.31915	1	1.1010e-04
gcttcaa	0.33600	0.21600	0.19200	0.25600	1	8.3665e-05
gcttcac	0.30357	0.22321	0.14286	0.33036	1	3.7482e-05
gcttcag	0.20168	0.26891	0.16807	0.36134	1	3.9824e-05
gcttcat	0.24286	0.20000	0.14762	0.40952	1	7.0278e-05
gcttcca	0.22124	0.36726	0.08850	0.32301	1	7.5633e-05
gcttccc	0.35398	0.23009	0.09735	0.31858	1	3.7816e-05
gcttccg	0.27941	0.30882	0.16176	0.25000	1	2.2757e-05
gcttcct	0.13023	0.32093	0.14419	0.40465	1	7.1951e-05
gcttcga	0.34545	0.13636	0.22727	0.29091	1	3.6812e-05
gcttcgc	0.30000	0.18750	0.17500	0.33750	1	2.6773e-05
gcttcgg	0.34328	0.26866	0.13433	0.25373	1	2.2422e-05
gcttcgt	0.28205	0.20513	0.12821	0.38462	1	3.9155e-05
gcttcta	0.22460	0.21390	0.11230	0.44920	1	6.2581e-05
gcttctc	0.38235	0.17157	0.14216	0.30392	1	6.8270e-05
gcttctg	0.29814	0.23602	0.14286	0.32298	1	5.3880e-05
gcttctt	0.20000	0.25714	0.13714	0.40571	1	1.1713e-04
gcttgaa	0.42081	0.15837	0.21267	0.20814	1	7.3959e-05
gcttgac	0.32895	0.15789	0.19737	0.31579	1	2.5434e-05
gcttgag	0.37864	0.12621	0.21359	0.28155	1	3.4470e-05
gcttgat	0.26946	0.17964	0.19760	0.35329	1	5.5888e-05
gcttgca	0.36000	0.13600	0.24800	0.25600	1	4.1832e-05
gcttgcc	0.30851	0.18085	0.21277	0.29787	1	3.1458e-05
gcttgcg	0.25974	0.18182	0.27273	0.28571	1	2.5769e-05
gcttgct	0.26286	0.16000	0.22857	0.34857	1	5.8565e-05
gcttgga	0.38298	0.21277	0.22340	0.18085	1	3.1458e-05
gcttggc	0.28947	0.21053	0.17544	0.32456	1	3.8151e-05
gcttggg	0.27273	0.20455	0.15909	0.36364	1	1.4725e-05
gcttggt	0.27778	0.06667	0.18889	0.46667	1	3.0119e-05
gcttgta	0.30357	0.16667	0.19048	0.33929	1	5.6223e-05
gcttgtc	0.27473	0.21978	0.16484	0.34066	1	3.0454e-05
gcttgtg	0.24490	0.21429	0.14286	0.39796	1	3.2796e-05
gcttgtt	0.26697	0.14480	0.19005	0.39819	1	7.3959e-05
gctttaa	0.41897	0.16601	0.17391	0.24111	1	8.4669e-05
gctttac	0.28571	0.20276	0.16590	0.34562	1	7.2621e-05
gctttag	0.24667	0.26667	0.15333	0.33333	1	5.0199e-05
gctttat	0.27760	0.17035	0.15142	0.40063	1	1.0609e-04
gctttca	0.35271	0.17829	0.14341	0.32558	1	8.6342e-05
gctttcc	0.27835	0.20103	0.12887	0.39175	1	6.4924e-05
gctttcg	0.32174	0.20870	0.15652	0.31304	1	3.8486e-05
gctttct	0.17073	0.17344	0.17886	0.47696	1	1.2349e-04
gctttga	0.43810	0.12857	0.15714	0.27619	1	7.0278e-05
gctttgc	0.23226	0.30968	0.12258	0.33548	1	5.1872e-05
gctttgg	0.35398	0.20354	0.12389	0.31858	1	3.7816e-05
gctttgt	0.30453	0.16049	0.15226	0.38272	1	8.1322e-05
gctttta	0.28861	0.22278	0.13165	0.35696	1	1.3219e-04
gcttttc	0.25532	0.22931	0.13475	0.38061	1	1.4156e-04
gcttttg	0.31677	0.19876	0.15839	0.32609	1	1.0776e-04
gcttttt	0.16955	0.21287	0.11510	0.50248	1	2.7040e-04
ggaaaaa	0.47270	0.13284	0.21353	0.18093	1	4.1063e-04
ggaaaac	0.37500	0.18889	0.16389	0.27222	1	1.2048e-04
ggaaaag	0.37691	0.16808	0.24618	0.20883	1	1.9711e-04
ggaaaat	0.37170	0.13019	0.19057	0.30755	1	1.7737e-04
ggaaaca	0.41065	0.15209	0.23574	0.20152	1	8.8015e-05
ggaaacc	0.25694	0.21528	0.18056	0.34722	1	4.8191e-05
ggaaacg	0.27933	0.20112	0.25140	0.26816	1	5.9904e-05
ggaaact	0.25833	0.16250	0.27083	0.30833	1	8.0318e-05
ggaaaga	0.43973	0.08929	0.25670	0.21429	1	1.4993e-04
ggaaagc	0.37949	0.18974	0.16410	0.26667	1	6.5258e-05
ggaaagg	0.35636	0.21091	0.24000	0.19273	1	9.2031e-05
ggaaagt	0.30453	0.11934	0.20165	0.37449	1	8.1322e-05
ggaaata	0.37879	0.12338	0.20996	0.28788	1	1.5461e-04
ggaaatc	0.40838	0.15183	0.16230	0.27749	1	6.3920e-05
ggaaatg	0.33333	0.18376	0.17521	0.30769	1	7.8310e-05
ggaaatt	0.28533	0.13859	0.20652	0.36957	1	1.2315e-04
ggaacaa	0.35985	0.17424	0.19697	0.26894	1	8.8350e-05
ggaacac	0.30693	0.21782	0.13861	0.33663	1	3.3800e-05
ggaacag	0.28030	0.18939	0.25000	0.28030	1	4.4175e-05
ggaacat	0.38125	0.25000	0.14375	0.22500	1	5.3545e-05
ggaacca	0.38384	0.22222	0.19192	0.20202	1	3.3131e-05
ggaaccc	0.24638	0.39130	0.14493	0.21739	1	2.3091e-05
ggaaccg	0.26562	0.20312	0.21875	0.31250	1	2.1418e-05
ggaacct	0.14286	0.19048	0.21429	0.45238	1	2.8111e-05
ggaacga	0.40000	0.08889	0.27778	0.23333	1	3.0119e-05
ggaacgc	0.38983	0.16949	0.23729	0.20339	1	1.9745e-05
ggaacgg	0.33333	0.25556	0.22222	0.18889	1	3.0119e-05
ggaacgt	0.27368	0.16842	0.17895	0.37895	1	3.1793e-05
ggaacta	0.30137	0.16438	0.18493	0.34932	1	4.8860e-05
ggaactc	0.25743	0.24752	0.16832	0.32673	1	3.3800e-05
ggaactg	0.26374	0.29670	0.17582	0.26374	1	3.0454e-05
ggaactt	0.18085	0.23936	0.18085	0.39894	1	6.2916e-05
ggaagaa	0.45087	0.12524	0.24855	0.17534	1	1.7369e-04
ggaagac	0.36364	0.15385	0.24476	0.23776	1	4.7856e-05
ggaagag	0.38521	0.16732	0.23346	0.21401	1	8.6007e-05
ggaagat	0.35961	0.18719	0.16256	0.29064	1	6.7936e-05
ggaagca	0.40884	0.15470	0.23757	0.19890	1	6.0573e-05
ggaagcc	0.26804	0.23711	0.19588	0.29897	1	3.2462e-05
ggaagcg	0.32787	0.30328	0.17213	0.19672	1	4.0828e-05
ggaagct	0.13889	0.10764	0.62500	0.12847	1	9.6382e-05
ggaagga	0.46371	0.16129	0.22177	0.15323	1	8.2995e-05
ggaaggc	0.27434	0.25664	0.16814	0.30088	1	3.7816e-05
ggaaggg	0.30822	0.23288	0.29452	0.16438	1	4.8860e-05
ggaaggt	0.28743	0.20359	0.26946	0.23952	1	5.5888e-05
ggaagta	0.49248	0.16165	0.12406	0.22180	1	8.9019e-05
ggaagtc	0.47126	0.08046	0.20690	0.24138	1	2.9115e-05
ggaagtg	0.35669	0.19108	0.16561	0.28662	1	5.2541e-05
ggaagtt	0.24876	0.17910	0.14925	0.42289	1	6.7266e-05
ggaataa	0.44444	0.09981	0.14501	0.31073	1	1.7770e-04
ggaatac	0.37013	0.18831	0.14286	0.29870	1	5.1537e-05
ggaatag	0.32979	0.11170	0.23936	0.31915	1	6.2916e-05
ggaatat	0.35252	0.12590	0.20504	0.31655	1	9.3035e-05
ggaatca	0.38194	0.19444	0.17361	0.25000	1	4.8191e-05
ggaatcc	0.22917	0.44792	0.06250	0.26042	1	6.4254e-05
ggaatcg	0.28395	0.18519	0.24691	0.28395	1	2.7107e-05
ggaatct	0.30526	0.25789	0.25263	0.18421	1	6.3585e-05
ggaatga	0.28821	0.12227	0.43231	0.15721	1	7.6637e-05
ggaatgc	0.29897	0.22680	0.18557	0.28866	1	3.2462e-05
ggaatgg	0.28846	0.23077	0.21154	0.26923	1	3.4804e-05
ggaatgt	0.26351	0.11486	0.23649	0.38514	1	4.9529e-05
ggaatta	0.27419	0.22043	0.17742	0.32796	1	6.2246e-05
ggaattc	0.25806	0.25000	0.16129	0.33065	1	4.1498e-05
ggaattg	0.26027	0.24658	0.21233	0.28082	1	4.8860e-05
ggaattt	0.17254	0.17254	0.22183	0.43310	1	9.5043e-05
ggacaaa	0.39151	0.12264	0.20283	0.28302	1	7.0948e-05
ggacaac	0.35556	0.18889	0.17778	0.27778	1	3.0119e-05
ggacaag	0.37778	0.16667	0.16667	0.28889	1	3.0119e-05
ggacaat	0.37349	0.20482	0.13855	0.28313	1	5.5553e-05
ggacaca	0.28000	0.18667	0.21333	0.32000	1	2.5099e-05
ggacacc	0.25926	0.18519	0.18519	0.37037	1	1.8072e-05
ggacacg	0.32432	0.18919	0.13514	0.35135	1	1.2382e-05
ggacact	0.32911	0.08861	0.13924	0.44304	1	2.6438e-05
ggacaga	0.31496	0.29134	0.15748	0.23622	1	4.2502e-05
ggacagc	0.36250	0.15000	0.22500	0.26250	1	2.6773e-05
ggacagg	0.23438	0.23438	0.26562	0.26562	1	2.1418e-05
ggacagt	0.37209	0.09302	0.24419	0.29070	1	2.8781e-05
ggacata	0.25874	0.13287	0.18881	0.41958	1	4.7856e-05
ggacatc	0.29487	0.17949	0.14103	0.38462	1	2.6103e-05
ggacatg	0.43137	0.15686	0.13725	0.27451	1	1.7068e-05
ggacatt	0.26316	0.17293	0.28571	0.27820	1	4.4510e-05
ggaccaa	0.39080	0.11494	0.18391	0.31034	1	2.9115e-05
ggaccac	0.37838	0.18919	0.18919	0.24324	1	1.2382e-05
ggaccag	0.43478	0.28261	0.08696	0.19565	1	1.5394e-05
ggaccat	0.28125	0.25000	0.18750	0.28125	1	2.1418e-05
ggaccca	0.28571	0.16667	0.21429	0.33333	1	1.4056e-05
ggacccc	0.31250	0.12500	0.22917	0.33333	1	1.6064e-05
ggacccg	0.14815	0.25926	0.18519	0.40741	1	9.0358e-06
ggaccct	0.16304	0.15217	0.21739	0.46739	1	3.0789e-05
ggaccga	0.57143	0.04762	0.21429	0.16667	1	1.4056e-05
ggaccgc	0.28571	0.38095	0.09524	0.23810	1	7.0278e-06
ggaccgg	0.37037	0.18519	0.18519	0.25926	1	9.0358e-06
ggaccgt	0.30435	0.13043	0.17391	0.39130	1	7.6971e-06
ggaccta	0.23077	0.28846	0.19231	0.28846	1	1.7402e-05
ggacctc	0.24390	0.21951	0.21951	0.31707	1	1.3721e-05
ggacctg	0.31250	0.31250	0.14583	0.22917	1	1.6064e-05
ggacctt	0.20238	0.19048	0.11905	0.48810	1	2.8111e-05
ggacgaa	0.41304	0.08696	0.25000	0.25000	1	3.0789e-05
ggacgac	0.29032	0.19355	0.32258	0.19355	1	1.0374e-05
ggacgag	0.44898	0.20408	0.22449	0.12245	1	1.6398e-05
ggacgat	0.36111	0.12500	0.18056	0.33333	1	2.4095e-05
ggacgca	0.38636	0.20455	0.20455	0.20455	1	1.4725e-05
ggacgcc	0.42308	0.11538	0.23077	0.23077	1	1.7402e-05
ggacgcg	0.23810	0.26190	0.19048	0.30952	1	1.4056e-05
ggacgct	0.22857	0.22857	0.20000	0.34286	1	1.1713e-05
ggacgga	0.30233	0.23256	0.27907	0.18605	1	1.4390e-05
ggacggc	0.32500	0.25000	0.20000	0.22500	1	1.3386e-05
ggacggg	0.38889	0.11111	0.08333	0.41667	1	1.2048e-05
ggacggt	0.35556	0.06667	0.26667	0.31111	1	1.5060e-05
ggacgta	0.37778	0.24444	0.08889	0.28889	1	1.5060e-05
ggacgtc	0.35484	0.06452	0.29032	0.29032	1	1.0374e-05
ggacgtg	0.29091	0.18182	0.16364	0.36364	1	1.8406e-05
ggacgtt	0.20000	0.18462	0.21538	0.40000	1	2.1753e-05
ggactaa	0.36170	0.13830	0.19149	0.30851	1	3.1458e-05
ggactac	0.38983	0.13559	0.20339	0.27119	1	1.9745e-05
ggactag	0.34615	0.17308	0.26923	0.21154	1	1.7402e-05
ggactat	0.29808	0.16346	0.17308	0.36538	1	3.4804e-05
ggactca	0.30137	0.17808	0.09589	0.42466	1	2.4430e-05
ggactcc	0.36364	0.18182	0.12121	0.33333	1	1.1044e-05
ggactcg	0.52000	0.12000	0.12000	0.24000	1	8.3665e-06
ggactct	0.13559	0.30508	0.16949	0.38983	1	1.9745e-05
ggactga	0.37143	0.12857	0.24286	0.25714	1	2.3426e-05
ggactgc	0.20635	0.20635	0.30159	0.28571	1	2.1083e-05
ggactgg	0.24490	0.16327	0.28571	0.30612	1	1.6398e-05
ggactgt	0.43284	0.11940	0.10448	0.34328	1	2.2422e-05
ggactta	0.40000	0.20000	0.11429	0.28571	1	2.3426e-05
ggacttc	0.30882	0.17647	0.17647	0.33824	1	2.2757e-05
ggacttg	0.32468	0.18182	0.25974	0.23377	1	2.5769e-05
ggacttt	0.24306	0.16667	0.14583	0.44444	1	4.8191e-05
ggagaaa	0.41534	0.15608	0.19577	0.23280	1	1.2650e-04
ggagaac	0.14286	0.10150	0.06767	0.68797	1	8.9019e-05
ggagaag	0.42647	0.12745	0.21078	0.23529	1	6.8270e-05
ggagaat	0.42347	0.13265	0.15306	0.29082	1	6.5593e-05
ggagaca	0.43011	0.10753	0.22581	0.23656	1	3.1123e-05
ggagacc	0.33333	0.14286	0.16667	0.35714	1	1.4056e-05
ggagacg	0.19231	0.34615	0.21154	0.25000	1	1.7402e-05
ggagact	0.29508	0.18033	0.13115	0.39344	1	2.0414e-05
ggagaga	0.28947	0.15789	0.25658	0.29605	1	5.0868e-05
ggagagc	0.27473	0.25275	0.13187	0.34066	1	3.0454e-05
ggagagg	0.32800	0.18400	0.34400	0.14400	1	4.1832e-05
ggagagt	0.34091	0.20455	0.14773	0.30682	1	2.9450e-05
ggagata	0.31618	0.13971	0.23529	0.30882	1	4.5514e-05
ggagatc	0.28986	0.17391	0.18841	0.34783	1	2.3091e-05
ggagatg	0.35556	0.20000	0.23333	0.21111	1	3.0119e-05
ggagatt	0.32031	0.13281	0.16406	0.38281	1	4.2836e-05
ggagcaa	0.36508	0.17460	0.21429	0.24603	1	4.2167e-05
ggagcac	0.43548	0.17742	0.14516	0.24194	1	2.0749e-05
ggagcag	0.30000	0.20000	0.13750	0.36250	1	2.6773e-05
ggagcat	0.28261	0.22826	0.21739	0.27174	1	3.0789e-05
ggagcca	0.36364	0.27273	0.16364	0.20000	1	1.8406e-05
ggagccc	0.27907	0.16279	0.02326	0.53488	1	1.4390e-05
ggagccg	0.17391	0.17391	0.41304	0.23913	1	1.5394e-05
ggagcct	0.26154	0.16923	0.21538	0.35385	1	2.1753e-05
ggagcga	0.18750	0.33333	0.18750	0.29167	1	1.6064e-05
ggagcgc	0.14286	0.32143	0.03571	0.50000	1	9.3704e-06
ggagcgg	0.26000	0.28000	0.22000	0.24000	1	1.6733e-05
ggagcgt	0.34043	0.17021	0.12766	0.36170	1	1.5729e-05
ggagcta	0.19298	0.29825	0.17544	0.33333	1	1.9076e-05
ggagctc	0.30769	0.32308	0.10769	0.26154	1	2.1753e-05
ggagctg	0.26316	0.22807	0.28070	0.22807	1	1.9076e-05
ggagctt	0.19101	0.22472	0.08989	0.49438	1	2.9785e-05
ggaggaa	0.45729	0.16080	0.22613	0.15578	1	6.6597e-05
ggaggac	0.36538	0.13462	0.28846	0.21154	1	1.7402e-05
ggaggag	0.37143	0.21905	0.24762	0.16190	1	3.5139e-05
ggaggat	0.43820	0.13483	0.19101	0.23596	1	2.9785e-05
ggaggca	0.37333	0.17333	0.17333	0.28000	1	2.5099e-05
ggaggcc	0.29167	0.08333	0.33333	0.29167	1	1.6064e-05
ggaggcg	0.19512	0.19512	0.41463	0.19512	1	1.3721e-05
ggaggct	0.18033	0.18033	0.22951	0.40984	1	2.0414e-05
ggaggga	0.37069	0.16379	0.25862	0.20690	1	3.8820e-05
ggagggc	0.36364	0.09091	0.15909	0.38636	1	1.4725e-05
ggagggg	0.32836	0.16418	0.22388	0.28358	1	2.2422e-05
ggagggt	0.47059	0.13235	0.19118	0.20588	1	2.2757e-05
ggaggta	0.40476	0.11905	0.19048	0.28571	1	2.8111e-05
ggaggtc	0.40000	0.22222	0.20000	0.17778	1	1.5060e-05
ggaggtg	0.31250	0.17188	0.25000	0.26562	1	2.1418e-05
ggaggtt	0.30526	0.16842	0.13684	0.38947	1	3.1793e-05
ggagtaa	0.38333	0.19167	0.15000	0.27500	1	4.0159e-05
ggagtac	0.28070	0.14035	0.15789	0.42105	1	1.9076e-05
ggagtag	0.30864	0.19753	0.22222	0.27160	1	2.7107e-05
ggagtat	0.37500	0.13462	0.18269	0.30769	1	3.4804e-05
ggagtca	0.38182	0.20000	0.14545	0.27273	1	1.8406e-05
ggagtcc	0.18919	0.27027	0.16216	0.37838	1	1.2382e-05
ggagtcg	0.20000	0.34286	0.11429	0.34286	1	1.1713e-05
ggagtct	0.18182	0.18182	0.14545	0.49091	1	1.8406e-05
ggagtga	0.39806	0.15534	0.17476	0.27184	1	3.4470e-05
ggagtgc	0.21818	0.18182	0.14545	0.45455	1	1.8406e-05
ggagtgg	0.34375	0.21875	0.20312	0.23438	1	2.1418e-05
ggagtgt	0.30682	0.30682	0.13636	0.25000	1	2.9450e-05
ggagtta	0.31193	0.14679	0.16514	0.37615	1	3.6478e-05
ggagttc	0.17284	0.30864	0.09877	0.41975	1	2.7107e-05
ggagttg	0.36000	0.25333	0.18667	0.20000	1	2.5099e-05
ggagttt	0.22857	0.20571	0.17143	0.39429	1	5.8565e-05
ggataaa	0.43774	0.14717	0.19245	0.22264	1	8.8684e-05
ggataac	0.40000	0.20000	0.19048	0.20952	1	3.5139e-05
ggataag	0.28105	0.16340	0.27451	0.28105	1	5.1203e-05
ggataat	0.32414	0.12414	0.29655	0.25517	1	9.7051e-05
ggataca	0.43103	0.15517	0.18103	0.23276	1	3.8820e-05
ggatacc	0.28000	0.18667	0.18667	0.34667	1	2.5099e-05
ggatacg	0.30645	0.12903	0.29032	0.27419	1	2.0749e-05
ggatact	0.27132	0.08527	0.30233	0.34109	1	4.3171e-05
ggataga	0.32847	0.11679	0.24818	0.30657	1	4.5848e-05
ggatagc	0.36842	0.15789	0.19737	0.27632	1	2.5434e-05
ggatagg	0.25352	0.30986	0.21127	0.22535	1	2.3761e-05
ggatagt	0.34513	0.17699	0.18584	0.29204	1	3.7816e-05
ggatata	0.24150	0.15646	0.23810	0.36395	1	9.8389e-05
ggatatc	0.38583	0.18110	0.16535	0.26772	1	4.2502e-05
ggatatg	0.23881	0.20149	0.21642	0.34328	1	4.4844e-05
ggatatt	0.29181	0.16726	0.18505	0.35587	1	9.4039e-05
ggatcaa	0.20000	0.08571	0.12857	0.58571	1	7.0278e-05
ggatcac	0.37500	0.14062	0.15625	0.32812	1	2.1418e-05
ggatcag	0.33803	0.28169	0.07042	0.30986	1	2.3761e-05
ggatcat	0.39535	0.18605	0.17442	0.24419	1	2.8781e-05
ggatcca	0.27273	0.16364	0.23636	0.32727	1	1.8406e-05
ggatccc	0.40000	0.17500	0.15000	0.27500	1	1.3386e-05
ggatccg	0.22500	0.37500	0.12500	0.27500	1	1.3386e-05
ggatcct	0.15254	0.28814	0.08475	0.47458	1	1.9745e-05
ggatcga	0.20000	0.20000	0.23333	0.36667	1	2.0079e-05
ggatcgc	0.43243	0.05405	0.24324	0.27027	1	1.2382e-05
ggatcgg	0.28571	0.21429	0.16667	0.33333	1	1.4056e-05
ggatcgt	0.29091	0.20000	0.20000	0.30909	1	1.8406e-05
ggatcta	0.38710	0.17204	0.17204	0.26882	1	3.1123e-05
ggatctc	0.27419	0.22581	0.14516	0.35484	1	2.0749e-05
ggatctg	0.21687	0.32530	0.20482	0.25301	1	2.7777e-05
ggatctt	0.20139	0.25000	0.19444	0.35417	1	4.8191e-05
ggatgaa	0.40588	0.15294	0.17059	0.27059	1	5.6892e-05
ggatgac	0.24510	0.21569	0.22549	0.31373	1	3.4135e-05
ggatgag	0.34906	0.21698	0.18868	0.24528	1	3.5474e-05
ggatgat	0.33333	0.14667	0.23333	0.28667	1	5.0199e-05
ggatgca	0.29032	0.19355	0.16129	0.35484	1	3.1123e-05
ggatgcc	0.29825	0.33333	0.17544	0.19298	1	1.9076e-05
ggatgcg	0.25000	0.25000	0.21429	0.28571	1	1.8741e-05
ggatgct	0.22667	0.17333	0.22667	0.37333	1	2.5099e-05
ggatgga	0.52830	0.11321	0.12264	0.23585	1	3.5474e-05
ggatggc	0.28814	0.25424	0.18644	0.27119	1	1.9745e-05
ggatggg	0.29268	0.17073	0.21951	0.31707	1	1.3721e-05
ggatggt	0.34884	0.06977	0.25581	0.32558	1	2.8781e-05
ggatgta	0.29921	0.19685	0.18110	0.32283	1	4.2502e-05
ggatgtc	0.32653	0.24490	0.10204	0.32653	1	1.6398e-05
ggatgtg	0.31818	0.21212	0.21212	0.25758	1	2.2087e-05
ggatgtt	0.24390	0.21951	0.20325	0.33333	1	4.1163e-05
ggattaa	0.29530	0.15436	0.21477	0.33557	1	4.9864e-05
ggattac	0.28866	0.21649	0.15464	0.34021	1	3.2462e-05
ggattag	0.39175	0.16495	0.08247	0.36082	1	3.2462e-05
ggattat	0.27485	0.23392	0.10526	0.38596	1	5.7227e-05
ggattca	0.34188	0.19658	0.12821	0.33333	1	3.9155e-05
ggattcc	0.25095	0.04183	0.06464	0.64259	1	8.8015e-05
ggattcg	0.44231	0.13462	0.19231	0.23077	1	1.7402e-05
ggattct	0.24603	0.18254	0.17460	0.39683	1	4.2167e-05
ggattga	0.22222	0.06250	0.07986	0.63542	1	9.6382e-05
ggattgc	0.34343	0.17172	0.14141	0.34343	1	3.3131e-05
ggattgg	0.18421	0.23684	0.23684	0.34211	1	2.5434e-05
ggattgt	0.25735	0.19853	0.23529	0.30882	1	4.5514e-05
ggattta	0.25131	0.24084	0.23560	0.27225	1	6.3920e-05
ggatttc	0.29878	0.18293	0.12195	0.39634	1	5.4884e-05
ggatttg	0.29771	0.24427	0.17557	0.28244	1	4.3840e-05
ggatttt	0.16246	0.20448	0.19608	0.43697	1	1.1947e-04
ggcaaaa	0.41205	0.14699	0.21687	0.22410	1	1.3888e-04
ggcaaac	0.37500	0.13971	0.21324	0.27206	1	4.5514e-05
ggcaaag	0.39801	0.16418	0.23383	0.20398	1	6.7266e-05
ggcaaat	0.32212	0.13942	0.19712	0.34135	1	6.9609e-05
ggcaaca	0.34426	0.20492	0.23770	0.21311	1	4.0828e-05
ggcaacc	0.44444	0.17460	0.12698	0.25397	1	2.1083e-05
ggcaacg	0.22785	0.31646	0.24051	0.21519	1	2.6438e-05
ggcaact	0.23932	0.17094	0.23077	0.35897	1	3.9155e-05
ggcaaga	0.41969	0.15544	0.21244	0.21244	1	6.4589e-05
ggcaagc	0.35556	0.18889	0.11111	0.34444	1	3.0119e-05
ggcaagg	0.34000	0.23000	0.24000	0.19000	1	3.3466e-05
ggcaagt	0.25620	0.14876	0.31405	0.28099	1	4.0494e-05
ggcaata	0.38278	0.16746	0.19139	0.25837	1	6.9944e-05
ggcaatc	0.39000	0.12000	0.16000	0.33000	1	3.3466e-05
ggcaatg	0.26400	0.28000	0.16000	0.29600	1	4.1832e-05
ggcaatt	0.24757	0.15534	0.24272	0.35437	1	6.8940e-05
ggcacaa	0.36036	0.11712	0.20721	0.31532	1	3.7147e-05
ggcacac	0.32500	0.25000	0.23750	0.18750	1	2.6773e-05
ggcacag	0.36458	0.17708	0.20833	0.25000	1	3.2127e-05
ggcacat	0.29060	0.19658	0.17094	0.34188	1	3.9155e-05
ggcacca	0.34783	0.15942	0.18841	0.30435	1	2.3091e-05
ggcaccc	0.34375	0.25000	0.10938	0.29688	1	2.1418e-05
ggcaccg	0.26087	0.32609	0.21739	0.19565	1	1.5394e-05
ggcacct	0.15152	0.28788	0.22727	0.33333	1	2.2087e-05
ggcacga	0.46296	0.12963	0.14815	0.25926	1	1.8072e-05
ggcacgc	0.29545	0.20455	0.15909	0.34091	1	1.4725e-05
ggcacgg	0.26471	0.30882	0.17647	0.25000	1	2.2757e-05
ggcacgt	0.24590	0.22951	0.26230	0.26230	1	2.0414e-05
ggcacta	0.29213	0.24719	0.15730	0.30337	1	2.9785e-05
ggcactc	0.34375	0.15625	0.12500	0.37500	1	2.1418e-05
ggcactg	0.33846	0.18462	0.15385	0.32308	1	2.1753e-05
ggcactt	0.15748	0.26772	0.21260	0.36220	1	4.2502e-05
ggcagaa	0.44134	0.09497	0.21788	0.24581	1	5.9904e-05
ggcagac	0.42593	0.20370	0.14815	0.22222	1	1.8072e-05
ggcagag	0.40594	0.20792	0.19802	0.18812	1	3.3800e-05
ggcagat	0.33929	0.16964	0.25893	0.23214	1	3.7482e-05
ggcagca	0.35922	0.14563	0.22330	0.27184	1	3.4470e-05
ggcagcc	0.26230	0.22951	0.24590	0.26230	1	2.0414e-05
ggcagcg	0.26761	0.33803	0.18310	0.21127	1	2.3761e-05
ggcagct	0.18644	0.20339	0.21186	0.39831	1	3.9490e-05
ggcagga	0.40230	0.21839	0.17241	0.20690	1	2.9115e-05
ggcaggc	0.33846	0.21538	0.23077	0.21538	1	2.1753e-05
ggcaggg	0.21053	0.28070	0.28070	0.22807	1	1.9076e-05
ggcaggt	0.25806	0.17742	0.27419	0.29032	1	2.0749e-05
ggcagta	0.33058	0.13223	0.23967	0.29752	1	4.0494e-05
ggcagtc	0.29167	0.16667	0.31250	0.22917	1	1.6064e-05
ggcagtg	0.37500	0.12500	0.29167	0.20833	1	2.4095e-05
ggcagtt	0.22581	0.16129	0.16129	0.45161	1	4.1498e-05
ggcataa	0.40881	0.15094	0.19497	0.24528	1	5.3211e-05
ggcatac	0.35922	0.14563	0.16505	0.33010	1	3.4470e-05
ggcatag	0.26667	0.17333	0.24000	0.32000	1	2.5099e-05
ggcatat	0.35294	0.14439	0.16578	0.33690	1	6.2581e-05
ggcatca	0.37234	0.22340	0.11702	0.28723	1	3.1458e-05
ggcatcc	0.31343	0.20896	0.11940	0.35821	1	2.2422e-05
ggcatcg	0.27451	0.32353	0.15686	0.24510	1	3.4135e-05
ggcatct	0.22764	0.22764	0.21138	0.33333	1	4.1163e-05
ggcatga	0.38614	0.15842	0.17822	0.27723	1	3.3800e-05
ggcatgc	0.28571	0.20408	0.22449	0.28571	1	1.6398e-05
ggcatgg	0.18750	0.23438	0.28125	0.29688	1	2.1418e-05
ggcatgt	0.26027	0.20548	0.31507	0.21918	1	2.4430e-05
ggcatta	0.28221	0.23926	0.17178	0.30675	1	5.4549e-05
ggcattc	0.24806	0.22481	0.17054	0.35659	1	4.3171e-05
ggcattg	0.26897	0.20690	0.21379	0.31034	1	4.8525e-05
ggcattt	0.27165	0.20472	0.11024	0.41339	1	8.5003e-05
ggccaaa	0.45752	0.18954	0.17647	0.17647	1	5.1203e-05
ggccaac	0.32258	0.14516	0.17742	0.35484	1	2.0749e-05
ggccaag	0.45455	0.22727	0.18182	0.13636	1	2.9450e-05
ggccaat	0.21739	0.18478	0.19565	0.40217	1	3.0789e-05
ggccaca	0.30508	0.28814	0.18644	0.22034	1	1.9745e-05
ggccacc	0.35417	0.10417	0.20833	0.33333	1	1.6064e-05
ggccacg	0.21818	0.16364	0.34545	0.27273	1	1.8406e-05
ggccact	0.18750	0.15625	0.31250	0.34375	1	2.1418e-05
ggccaga	0.48649	0.13514	0.16216	0.21622	1	2.4765e-05
ggccagc	0.37500	0.08333	0.20833	0.33333	1	1.6064e-05
ggccagg	0.24444	0.35556	0.11111	0.28889	1	1.5060e-05
ggccagt	0.29091	0.23636	0.16364	0.30909	1	1.8406e-05
ggccata	0.43023	0.13953	0.15116	0.27907	1	2.8781e-05
ggccatc	0.24138	0.22989	0.27586	0.25287	1	2.9115e-05
ggccatg	0.23256	0.27907	0.09302	0.39535	1	1.4390e-05
ggccatt	0.24590	0.11475	0.20492	0.43443	1	4.0828e-05
ggcccaa	0.27143	0.24286	0.20000	0.28571	1	2.3426e-05
ggcccac	0.31818	0.34091	0.13636	0.20455	1	1.4725e-05
ggcccag	0.26316	0.33333	0.21053	0.19298	1	1.9076e-05
ggcccat	0.32759	0.24138	0.17241	0.25862	1	1.9410e-05
ggcccca	0.26087	0.19565	0.26087	0.28261	1	1.5394e-05
ggccccc	0.38095	0.23810	0.19048	0.19048	1	7.0278e-06
ggccccg	0.22500	0.25000	0.30000	0.22500	1	1.3386e-05
ggcccct	0.10909	0.18182	0.18182	0.52727	1	1.8406e-05
ggcccga	0.43243	0.10811	0.16216	0.29730	1	1.2382e-05
ggcccgc	0.18605	0.37209	0.11628	0.32558	1	1.4390e-05
ggcccgg	0.16000	0.40000	0.16000	0.28000	1	1.6733e-05
ggcccgt	0.10417	0.16667	0.25000	0.47917	1	1.6064e-05
ggcccta	0.31818	0.22727	0.20455	0.25000	1	1.4725e-05
ggccctc	0.24390	0.12195	0.14634	0.48780	1	1.3721e-05
ggccctg	0.19048	0.33333	0.14286	0.33333	1	1.4056e-05
ggccctt	0.16000	0.23200	0.14400	0.46400	1	4.1832e-05
ggccgaa	0.34848	0.22727	0.21212	0.21212	1	2.2087e-05
ggccgac	0.38710	0.12903	0.22581	0.25806	1	1.0374e-05
ggccgag	0.37255	0.19608	0.25490	0.17647	1	1.7068e-05
ggccgat	0.28333	0.16667	0.21667	0.33333	1	2.0079e-05
ggccgca	0.32203	0.23729	0.20339	0.23729	1	1.9745e-05
ggccgcc	0.26190	0.23810	0.21429	0.28571	1	1.4056e-05
ggccgcg	0.19355	0.29032	0.25806	0.25806	1	1.0374e-05
ggccgct	0.18000	0.18000	0.26000	0.38000	1	1.6733e-05
ggccgga	0.46552	0.25862	0.17241	0.10345	1	1.9410e-05
ggccggc	0.25581	0.44186	0.04651	0.25581	1	1.4390e-05
ggccggg	0.11290	0.22581	0.11290	0.54839	1	2.0749e-05
ggccggt	0.28125	0.09375	0.31250	0.31250	1	1.0709e-05
ggccgta	0.25000	0.20000	0.28333	0.26667	1	2.0079e-05
ggccgtc	0.29730	0.16216	0.24324	0.29730	1	1.2382e-05
ggccgtg	0.13158	0.23684	0.31579	0.31579	1	1.2717e-05
ggccgtt	0.28000	0.28000	0.12000	0.32000	1	1.6733e-05
ggcctaa	0.39130	0.20290	0.15942	0.24638	1	2.3091e-05
ggcctac	0.46512	0.09302	0.11628	0.32558	1	1.4390e-05
ggcctag	0.30233	0.30233	0.11628	0.27907	1	1.4390e-05
ggcctat	0.27848	0.25316	0.10127	0.36709	1	2.6438e-05
ggcctca	0.24194	0.24194	0.16129	0.35484	1	2.0749e-05
ggcctcc	0.20833	0.27083	0.18750	0.33333	1	1.6064e-05
ggcctcg	0.40385	0.19231	0.09615	0.30769	1	1.7402e-05
ggcctct	0.22857	0.21429	0.18571	0.37143	1	2.3426e-05
ggcctga	0.32787	0.14754	0.18033	0.34426	1	2.0414e-05
ggcctgc	0.18966	0.22414	0.20690	0.37931	1	1.9410e-05
ggcctgg	0.23684	0.31579	0.13158	0.31579	1	1.2717e-05
ggcctgt	0.27848	0.17722	0.16456	0.37975	1	2.6438e-05
ggcctta	0.24096	0.14458	0.18072	0.43373	1	2.7777e-05
ggccttc	0.12871	0.25743	0.17822	0.43564	1	3.3800e-05
ggccttg	0.25263	0.25263	0.22105	0.27368	1	3.1793e-05
ggccttt	0.16026	0.19872	0.16026	0.48077	1	5.2207e-05
ggcgaaa	0.46471	0.15882	0.16471	0.21176	1	5.6892e-05
ggcgaac	0.34783	0.17391	0.19565	0.28261	1	1.5394e-05
ggcgaag	0.39080	0.17241	0.19540	0.24138	1	2.9115e-05
ggcgaat	0.33333	0.11594	0.17391	0.37681	1	2.3091e-05
ggcgaca	0.32857	0.21429	0.20000	0.25714	1	2.3426e-05
ggcgacc	0.25000	0.33333	0.33333	0.08333	1	8.0318e-06
ggcgacg	0.25641	0.28205	0.25641	0.20513	1	1.3052e-05
ggcgact	0.21429	0.28571	0.19643	0.30357	1	1.8741e-05
ggcgaga	0.48077	0.11538	0.21154	0.19231	1	1.7402e-05
ggcgagc	0.28889	0.22222	0.26667	0.22222	1	1.5060e-05
ggcgagg	0.18367	0.26531	0.16327	0.38776	1	1.6398e-05
ggcgagt	0.26829	0.07317	0.31707	0.34146	1	1.3721e-05
ggcgata	0.31250	0.08333	0.15625	0.44792	1	3.2127e-05
ggcgatc	0.33333	0.06667	0.26667	0.33333	1	1.5060e-05
ggcgatg	0.52632	0.22807	0.13158	0.11404	1	3.8151e-05
ggcgatt	0.20482	0.13253	0.32530	0.33735	1	2.7777e-05
ggcgcaa	0.35632	0.13793	0.20690	0.29885	1	2.9115e-05
ggcgcac	0.35849	0.09434	0.22642	0.32075	1	1.7737e-05
ggcgcag	0.35385	0.13846	0.23077	0.27692	1	2.1753e-05
ggcgcat	0.33333	0.23333	0.06667	0.36667	1	2.0079e-05
ggcgcca	0.34375	0.21875	0.17188	0.26562	1	2.1418e-05
ggcgccc	0.17778	0.37778	0.20000	0.24444	1	1.5060e-05
ggcgccg	0.25000	0.45000	0.12500	0.17500	1	1.3386e-05
ggcgcct	0.14286	0.30952	0.19048	0.35714	1	1.4056e-05
ggcgcga	0.25000	0.18333	0.28333	0.28333	1	2.0079e-05
ggcgcgc	0.23438	0.18750	0.35938	0.21875	1	2.1418e-05
ggcgcgg	0.29310	0.24138	0.22414	0.24138	1	1.9410e-05
ggcgcgt	0.20690	0.34483	0.12069	0.32759	1	1.9410e-05
ggcgcta	0.18293	0.21951	0.17073	0.42683	1	2.7442e-05
ggcgctc	0.26087	0.19565	0.21739	0.32609	1	1.5394e-05
ggcgctg	0.20690	0.32759	0.20690	0.25862	1	1.9410e-05
ggcgctt	0.15534	0.26214	0.22330	0.35922	1	3.4470e-05
ggcggaa	0.44860	0.19626	0.19626	0.15888	1	3.5808e-05
ggcggac	0.29787	0.29787	0.12766	0.27660	1	1.5729e-05
ggcggag	0.25424	0.23729	0.22034	0.28814	1	1.9745e-05
ggcggat	0.30612	0.26531	0.12245	0.30612	1	1.6398e-05
ggcggca	0.50649	0.07792	0.19481	0.22078	1	2.5769e-05
ggcggcc	0.30556	0.08333	0.22222	0.38889	1	1.2048e-05
ggcggcg	0.30769	0.28846	0.11538	0.28846	1	1.7402e-05
ggcggct	0.61972	0.06338	0.09155	0.22535	1	4.7521e-05
ggcggga	0.59091	0.06818	0.20455	0.13636	1	1.4725e-05
ggcgggc	0.19048	0.23810	0.30952	0.26190	1	1.4056e-05
ggcgggg	0.21429	0.17143	0.22857	0.38571	1	2.3426e-05
ggcgggt	0.40580	0.10145	0.20290	0.28986	1	2.3091e-05
ggcggta	0.27027	0.10811	0.29730	0.32432	1	2.4765e-05
ggcggtc	0.21212	0.21212	0.24242	0.33333	1	1.1044e-05
ggcggtg	0.35000	0.21667	0.20000	0.23333	1	2.0079e-05
ggcggtt	0.35366	0.09756	0.18293	0.36585	1	2.7442e-05
ggcgtaa	0.32836	0.23881	0.22388	0.20896	1	2.2422e-05
ggcgtac	0.21053	0.22807	0.12281	0.43860	1	1.9076e-05
ggcgtag	0.25000	0.22500	0.20000	0.32500	1	1.3386e-05
ggcgtat	0.34951	0.10680	0.12621	0.41748	1	3.4470e-05
ggcgtca	0.26415	0.22642	0.20755	0.30189	1	1.7737e-05
ggcgtcc	0.17308	0.19231	0.26923	0.36538	1	1.7402e-05
ggcgtcg	0.16667	0.23810	0.23810	0.35714	1	1.4056e-05
ggcgtct	0.20000	0.21667	0.16667	0.41667	1	2.0079e-05
ggcgtga	0.32432	0.05405	0.27027	0.35135	1	1.2382e-05
ggcgtgc	0.30612	0.22449	0.14286	0.32653	1	1.6398e-05
ggcgtgg	0.34146	0.09756	0.21951	0.34146	1	1.3721e-05
ggcgtgt	0.19355	0.03226	0.40323	0.37097	1	2.0749e-05
ggcgtta	0.32967	0.15385	0.15385	0.36264	1	3.0454e-05
ggcgttc	0.36364	0.09091	0.13636	0.40909	1	2.2087e-05
ggcgttg	0.27941	0.25000	0.13235	0.33824	1	2.2757e-05
ggcgttt	0.26623	0.22078	0.11688	0.39610	1	5.1537e-05
ggctaaa	0.45506	0.12921	0.16292	0.25281	1	5.9569e-05
ggctaac	0.31081	0.22973	0.20270	0.25676	1	2.4765e-05
ggctaag	0.20588	0.44118	0.16667	0.18627	1	3.4135e-05
ggctaat	0.32743	0.17699	0.15044	0.34513	1	3.7816e-05
ggctaca	0.51613	0.07527	0.17204	0.23656	1	3.1123e-05
ggctacc	0.21667	0.21667	0.25000	0.31667	1	2.0079e-05
ggctacg	0.25455	0.27273	0.25455	0.21818	1	1.8406e-05
ggctact	0.30000	0.15000	0.16250	0.38750	1	2.6773e-05
ggctaga	0.45263	0.10526	0.16842	0.27368	1	3.1793e-05
ggctagc	0.26984	0.19048	0.19048	0.34921	1	2.1083e-05
ggctagg	0.45946	0.27027	0.08108	0.18919	1	1.2382e-05
ggctagt	0.31325	0.12048	0.16867	0.39759	1	2.7777e-05
ggctata	0.46746	0.13018	0.13018	0.27219	1	5.6557e-05
ggctatc	0.23810	0.23810	0.12698	0.39683	1	2.1083e-05
ggctatg	0.33766	0.15584	0.20779	0.29870	1	2.5769e-05
ggctatt	0.21287	0.18317	0.17327	0.43069	1	6.7601e-05
ggctcaa	0.39316	0.10256	0.22222	0.28205	1	3.9155e-05
ggctcac	0.20690	0.20690	0.31034	0.27586	1	1.9410e-05
ggctcag	0.26000	0.26000	0.22000	0.26000	1	1.6733e-05
ggctcat	0.20721	0.36937	0.11712	0.30631	1	3.7147e-05
ggctcca	0.34615	0.19231	0.17308	0.28846	1	1.7402e-05
ggctccc	0.29167	0.27083	0.12500	0.31250	1	1.6064e-05
ggctccg	0.25000	0.35000	0.17500	0.22500	1	1.3386e-05
ggctcct	0.23377	0.27273	0.18182	0.31169	1	2.5769e-05
ggctcga	0.24000	0.09333	0.46667	0.20000	1	2.5099e-05
ggctcgc	0.16667	0.33333	0.07143	0.42857	1	1.4056e-05
ggctcgg	0.20513	0.28205	0.17949	0.33333	1	1.3052e-05
ggctcgt	0.32812	0.09375	0.12500	0.45312	1	2.1418e-05
ggctcta	0.24000	0.14667	0.10667	0.50667	1	2.5099e-05
ggctctc	0.34177	0.21519	0.12658	0.31646	1	2.6438e-05
ggctctg	0.24638	0.24638	0.24638	0.26087	1	2.3091e-05
ggctctt	0.12057	0.21277	0.20567	0.46099	1	4.7187e-05
ggctgaa	0.47967	0.14634	0.17886	0.19512	1	4.1163e-05
ggctgac	0.32895	0.13158	0.26316	0.27632	1	2.5434e-05
ggctgag	0.25000	0.37500	0.13750	0.23750	1	2.6773e-05
ggctgat	0.35644	0.18812	0.20792	0.24752	1	3.3800e-05
ggctgca	0.35354	0.17172	0.26263	0.21212	1	3.3131e-05
ggctgcc	0.46377	0.20290	0.11594	0.21739	1	2.3091e-05
ggctgcg	0.27778	0.25926	0.25926	0.20370	1	1.8072e-05
ggctgct	0.15625	0.17708	0.22917	0.43750	1	3.2127e-05
ggctgga	0.46269	0.19403	0.13433	0.20896	1	2.2422e-05
ggctggc	0.32759	0.08621	0.24138	0.34483	1	1.9410e-05
ggctggg	0.22222	0.35556	0.20000	0.22222	1	1.5060e-05
ggctggt	0.32203	0.20339	0.11864	0.35593	1	1.9745e-05
ggctgta	0.30097	0.18447	0.21359	0.30097	1	3.4470e-05
ggctgtc	0.24359	0.17949	0.29487	0.28205	1	2.6103e-05
ggctgtg	0.29577	0.25352	0.25352	0.19718	1	2.3761e-05
ggctgtt	0.25620	0.23140	0.18182	0.33058	1	4.0494e-05
ggcttaa	0.39167	0.15000	0.19167	0.26667	1	4.0159e-05
ggcttac	0.32468	0.19481	0.20779	0.27273	1	2.5769e-05
ggcttag	0.23656	0.29032	0.17204	0.30108	1	3.1123e-05
ggcttat	0.26950	0.21986	0.18440	0.32624	1	4.7187e-05
ggcttca	0.42982	0.16667	0.15789	0.24561	1	3.8151e-05
ggcttcc	0.35052	0.23711	0.12371	0.28866	1	3.2462e-05
ggcttcg	0.26316	0.17544	0.19298	0.36842	1	1.9076e-05
ggcttct	0.24204	0.16561	0.19745	0.39490	1	5.2541e-05
ggcttga	0.40000	0.12000	0.20000	0.28000	1	4.1832e-05
ggcttgc	0.25000	0.20455	0.18182	0.36364	1	2.9450e-05
ggcttgg	0.25641	0.34615	0.08974	0.30769	1	2.6103e-05
ggcttgt	0.32143	0.15179	0.17857	0.34821	1	3.7482e-05
ggcttta	0.34595	0.21081	0.12973	0.31351	1	6.1912e-05
ggctttc	0.27879	0.22424	0.16364	0.33333	1	5.5219e-05
ggctttg	0.27119	0.25424	0.15254	0.32203	1	3.9490e-05
ggctttt	0.17169	0.21988	0.15060	0.45783	1	1.1111e-04
gggaaaa	0.46801	0.12249	0.23949	0.17002	1	1.8306e-04
gggaaac	0.33962	0.15094	0.22642	0.28302	1	5.3211e-05
gggaaag	0.44130	0.16599	0.22267	0.17004	1	8.2661e-05
gggaaat	0.35968	0.16206	0.19763	0.28063	1	8.4669e-05
gggaaca	0.37273	0.19091	0.21818	0.21818	1	3.6812e-05
gggaacc	0.31481	0.24074	0.20370	0.24074	1	1.8072e-05
gggaacg	0.33929	0.10714	0.32143	0.23214	1	1.8741e-05
gggaact	0.21359	0.16505	0.19417	0.42718	1	3.4470e-05
gggaaga	0.46053	0.11842	0.24561	0.17544	1	7.6302e-05
gggaagc	0.28155	0.23301	0.18447	0.30097	1	3.4470e-05
gggaagg	0.33333	0.18452	0.25595	0.22619	1	5.6223e-05
gggaagt	0.42857	0.11180	0.19255	0.26708	1	5.3880e-05
gggaata	0.43243	0.16216	0.15541	0.25000	1	4.9529e-05
gggaatc	0.21000	0.18000	0.20000	0.41000	1	3.3466e-05
gggaatg	0.31818	0.19318	0.23864	0.25000	1	2.9450e-05
gggaatt	0.24603	0.20635	0.17460	0.37302	1	4.2167e-05
gggacaa	0.42000	0.16000	0.20000	0.22000	1	3.3466e-05
gggacac	0.25714	0.34286	0.05714	0.34286	1	1.1713e-05
gggacag	0.37975	0.24051	0.17722	0.20253	1	2.6438e-05
gggacat	0.29348	0.17391	0.09783	0.43478	1	3.0789e-05
gggacca	0.36364	0.20455	0.11364	0.31818	1	1.4725e-05
gggaccc	0.17500	0.25000	0.22500	0.35000	1	1.3386e-05
gggaccg	0.38095	0.19048	0.28571	0.14286	1	7.0278e-06
gggacct	0.25641	0.17949	0.25641	0.30769	1	1.3052e-05
gggacga	0.34483	0.17241	0.25862	0.22414	1	1.9410e-05
gggacgc	0.32143	0.25000	0.32143	0.10714	1	9.3704e-06
gggacgg	0.35294	0.26471	0.14706	0.23529	1	1.1378e-05
gggacgt	0.10811	0.18919	0.29730	0.40541	1	1.2382e-05
gggacta	0.32692	0.21154	0.07692	0.38462	1	1.7402e-05
gggactc	0.50000	0.05556	0.16667	0.27778	1	1.2048e-05
gggactg	0.24490	0.22449	0.14286	0.38776	1	1.6398e-05
gggactt	0.20548	0.16438	0.20548	0.42466	1	2.4430e-05
gggagaa	0.37569	0.14917	0.30387	0.17127	1	6.0573e-05
gggagac	0.54348	0.10870	0.17391	0.17391	1	1.5394e-05
gggagag	0.31395	0.18605	0.34884	0.15116	1	2.8781e-05
gggagat	0.30645	0.19355	0.27419	0.22581	1	2.0749e-05
gggagca	0.36842	0.22368	0.17105	0.23684	1	2.5434e-05
gggagcc	0.29412	0.13725	0.43137	0.13725	1	1.7068e-05
gggagcg	0.27778	0.05556	0.44444	0.22222	1	1.2048e-05
gggagct	0.16981	0.20755	0.18868	0.43396	1	1.7737e-05
gggagga	0.43878	0.11224	0.27551	0.17347	1	3.2796e-05
gggaggc	0.28889	0.28889	0.17778	0.24444	1	1.5060e-05
gggaggg	0.34091	0.12500	0.29545	0.23864	1	2.9450e-05
gggaggt	0.28000	0.18000	0.22000	0.32000	1	1.6733e-05
gggagta	0.31667	0.20000	0.13333	0.35000	1	2.0079e-05
gggagtc	0.31429	0.08571	0.28571	0.31429	1	1.1713e-05
gggagtg	0.30769	0.15385	0.35385	0.18462	1	2.1753e-05
gggagtt	0.20000	0.10000	0.27143	0.42857	1	2.3426e-05
gggataa	0.37143	0.13571	0.21429	0.27857	1	4.6852e-05
gggatac	0.32468	0.22078	0.09091	0.36364	1	2.5769e-05
gggatag	0.32500	0.21250	0.16250	0.30000	1	2.6773e-05
gggatat	0.32667	0.19333	0.16667	0.31333	1	5.0199e-05
gggatca	0.32836	0.28358	0.22388	0.16418	1	2.2422e-05
gggatcc	0.18919	0.21622	0.24324	0.35135	1	1.2382e-05
gggatcg	0.33333	0.21429	0.19048	0.26190	1	1.4056e-05
gggatct	0.28571	0.16071	0.26786	0.28571	1	1.8741e-05
gggatga	0.26214	0.19417	0.23301	0.31068	1	3.4470e-05
gggatgc	0.28846	0.26923	0.19231	0.25000	1	1.7402e-05
gggatgg	0.31148	0.21311	0.22951	0.24590	1	2.0414e-05
gggatgt	0.31148	0.13115	0.21311	0.34426	1	2.0414e-05
gggatta	0.31068	0.15534	0.19417	0.33981	1	3.4470e-05
gggattc	0.17273	0.57273	0.08182	0.17273	1	3.6812e-05
gggattg	0.36145	0.28916	0.15663	0.19277	1	2.7777e-05
gggattt	0.21918	0.15068	0.13699	0.49315	1	4.8860e-05
gggcaaa	0.43949	0.18471	0.19108	0.18471	1	5.2541e-05
gggcaac	0.36207	0.17241	0.25862	0.20690	1	1.9410e-05
gggcaag	0.34021	0.15464	0.24742	0.25773	1	3.2462e-05
gggcaat	0.30252	0.16807	0.12605	0.40336	1	3.9824e-05
gggcaca	0.28767	0.19178	0.24658	0.27397	1	2.4430e-05
gggcacc	0.30556	0.33333	0.11111	0.25000	1	1.2048e-05
gggcacg	0.21951	0.24390	0.26829	0.26829	1	1.3721e-05
gggcact	0.23810	0.11111	0.26984	0.38095	1	2.1083e-05
gggcaga	0.37647	0.12941	0.25882	0.23529	1	2.8446e-05
gggcagc	0.31818	0.12500	0.22727	0.32955	1	2.9450e-05
gggcagg	0.31667	0.28333	0.20000	0.20000	1	2.0079e-05
gggcagt	0.35366	0.10976	0.20732	0.32927	1	2.7442e-05
gggcata	0.27368	0.26316	0.17895	0.28421	1	3.1793e-05
gggcatc	0.17500	0.20000	0.33750	0.28750	1	2.6773e-05
gggcatg	0.29730	0.21622	0.24324	0.24324	1	1.2382e-05
gggcatt	0.31200	0.15200	0.27200	0.26400	1	4.1832e-05
gggccaa	0.41667	0.12500	0.23958	0.21875	1	3.2127e-05
gggccac	0.17073	0.24390	0.26829	0.31707	1	1.3721e-05
gggccag	0.33333	0.22222	0.22222	0.22222	1	1.2048e-05
gggccat	0.22034	0.27119	0.15254	0.35593	1	1.9745e-05
gggccca	0.29310	0.18966	0.25862	0.25862	1	1.9410e-05
gggcccc	0.29268	0.09756	0.31707	0.29268	1	1.3721e-05
gggcccg	0.10417	0.25000	0.45833	0.18750	1	1.6064e-05
gggccct	0.14667	0.21333	0.08000	0.56000	1	2.5099e-05
gggccga	0.42105	0.13158	0.26316	0.18421	1	1.2717e-05
gggccgc	0.45455	0.18182	0.21212	0.15152	1	1.1044e-05
gggccgg	0.18182	0.30303	0.18182	0.33333	1	1.1044e-05
gggccgt	0.27273	0.15909	0.27273	0.29545	1	1.4725e-05
gggccta	0.18750	0.14583	0.20833	0.45833	1	1.6064e-05
gggcctc	0.19512	0.12195	0.29268	0.39024	1	1.3721e-05
gggcctg	0.37838	0.29730	0.10811	0.21622	1	1.2382e-05
gggcctt	0.18681	0.26374	0.15385	0.39560	1	3.0454e-05
gggcgaa	0.52632	0.10526	0.21053	0.15789	1	2.5434e-05
gggcgac	0.40541	0.16216	0.27027	0.16216	1	1.2382e-05
gggcgag	0.21739	0.47826	0.21739	0.08696	1	7.6971e-06
gggcgat	0.34043	0.17021	0.38298	0.10638	1	1.5729e-05
gggcgca	0.34615	0.23077	0.17308	0.25000	1	1.7402e-05
gggcgcc	0.40476	0.26190	0.14286	0.19048	1	1.4056e-05
gggcgcg	0.30769	0.23077	0.25641	0.20513	1	1.3052e-05
gggcgct	0.22000	0.16000	0.14000	0.48000	1	1.6733e-05
gggcgga	0.29091	0.32727	0.20000	0.18182	1	1.8406e-05
gggcggc	0.27160	0.09877	0.13580	0.49383	1	2.7107e-05
gggcggg	0.15068	0.16438	0.35616	0.32877	1	2.4430e-05
gggcggt	0.18000	0.20000	0.24000	0.38000	1	1.6733e-05
gggcgta	0.30435	0.21739	0.13043	0.34783	1	1.5394e-05
gggcgtc	0.39286	0.25000	0.14286	0.21429	1	9.3704e-06
gggcgtg	0.25000	0.25000	0.20000	0.30000	1	1.3386e-05
gggcgtt	0.20339	0.13559	0.20339	0.45763	1	1.9745e-05
gggctaa	0.44318	0.21591	0.10227	0.23864	1	2.9450e-05
gggctac	0.33333	0.18519	0.22222	0.25926	1	1.8072e-05
gggctag	0.30000	0.20000	0.16667	0.33333	1	2.0079e-05
gggctat	0.32000	0.12000	0.12000	0.44000	1	2.5099e-05
gggctca	0.36667	0.16667	0.20000	0.26667	1	2.0079e-05
gggctcc	0.13953	0.11628	0.11628	0.62791	1	1.4390e-05
gggctcg	0.56604	0.11321	0.07547	0.24528	1	1.7737e-05
gggctct	0.19178	0.30137	0.20548	0.30137	1	2.4430e-05
gggctga	0.28125	0.23438	0.17188	0.31250	1	2.1418e-05
gggctgc	0.20968	0.35484	0.16129	0.27419	1	2.0749e-05
gggctgg	0.30769	0.23077	0.17308	0.28846	1	1.7402e-05
gggctgt	0.40385	0.21154	0.19231	0.19231	1	1.7402e-05
gggctta	0.33750	0.13750	0.17500	0.35000	1	2.6773e-05
gggcttc	0.15385	0.33333	0.19231	0.32051	1	2.6103e-05
gggcttg	0.38235	0.13235	0.26471	0.22059	1	2.2757e-05
gggcttt	0.22302	0.24460	0.12950	0.40288	1	4.6517e-05
ggggaaa	0.39035	0.13596	0.23684	0.23684	1	7.6302e-05
ggggaac	0.35385	0.12308	0.04615	0.47692	1	2.1753e-05
ggggaag	0.34337	0.13253	0.31325	0.21084	1	5.5553e-05
ggggaat	0.30693	0.15842	0.23762	0.29703	1	3.3800e-05
ggggaca	0.33333	0.07407	0.33333	0.25926	1	1.8072e-05
ggggacc	0.15385	0.38462	0.19231	0.26923	1	8.7011e-06
ggggacg	0.27273	0.30303	0.30303	0.12121	1	1.1044e-05
ggggact	0.14634	0.12195	0.21951	0.51220	1	1.3721e-05
ggggaga	0.46316	0.11579	0.28421	0.13684	1	3.1793e-05
ggggagc	0.40476	0.19048	0.19048	0.21429	1	1.4056e-05
ggggagg	0.35556	0.15556	0.30000	0.18889	1	3.0119e-05
ggggagt	0.23913	0.21739	0.26087	0.28261	1	1.5394e-05
ggggata	0.38028	0.09859	0.19718	0.32394	1	2.3761e-05
ggggatc	0.36842	0.21053	0.23684	0.18421	1	1.2717e-05
ggggatg	0.36364	0.10909	0.30909	0.21818	1	1.8406e-05
ggggatt	0.24638	0.28986	0.17391	0.28986	1	2.3091e-05
ggggcaa	0.41176	0.11765	0.21176	0.25882	1	2.8446e-05
ggggcac	0.38095	0.26190	0.16667	0.19048	1	1.4056e-05
ggggcag	0.24000	0.30667	0.26667	0.18667	1	2.5099e-05
ggggcat	0.27119	0.18644	0.13559	0.40678	1	1.9745e-05
ggggcca	0.41176	0.21569	0.13725	0.23529	1	1.7068e-05
ggggccc	0.25926	0.18519	0.40741	0.14815	1	1.8072e-05
ggggccg	0.19512	0.14634	0.24390	0.41463	1	1.3721e-05
ggggcct	0.15789	0.26316	0.15789	0.42105	1	1.2717e-05
ggggcga	0.42105	0.18421	0.07895	0.31579	1	1.2717e-05
ggggcgc	0.23913	0.19565	0.23913	0.32609	1	1.5394e-05
ggggcgg	0.28235	0.21176	0.32941	0.17647	1	2.8446e-05
ggggcgt	0.13043	0.21739	0.26087	0.39130	1	7.6971e-06
ggggcta	0.32653	0.24490	0.22449	0.20408	1	1.6398e-05
ggggctc	0.33333	0.15152	0.12121	0.39394	1	1.1044e-05
ggggctg	0.31707	0.34146	0.21951	0.12195	1	1.3721e-05
ggggctt	0.13208	0.30189	0.13208	0.43396	1	1.7737e-05
gggggaa	0.36893	0.10680	0.35922	0.16505	1	3.4470e-05
gggggac	0.31250	0.18750	0.28125	0.21875	1	1.0709e-05
gggggag	0.36508	0.09524	0.39683	0.14286	1	2.1083e-05
gggggat	0.38776	0.14286	0.30612	0.16327	1	1.6398e-05
gggggca	0.34615	0.15385	0.19231	0.30769	1	1.7402e-05
gggggcc	0.37037	0.29630	0.14815	0.18519	1	9.0358e-06
gggggcg	0.05714	0.17143	0.62857	0.14286	1	1.1713e-05
gggggct	0.18519	0.25926	0.22222	0.33333	1	9.0358e-06
gggggga	0.34328	0.20896	0.32836	0.11940	1	2.2422e-05
ggggggc	0.44828	0.17241	0.31034	0.06897	1	9.7051e-06
ggggggg	0.17347	0.06122	0.61224	0.15306	1	3.2796e-05
ggggggt	0.21622	0.16216	0.32432	0.29730	1	1.2382e-05
gggggta	0.27027	0.08108	0.32432	0.32432	1	1.2382e-05
gggggtc	0.20000	0.32000	0.20000	0.28000	1	8.3665e-06
gggggtg	0.27907	0.06977	0.44186	0.20930	1	1.4390e-05
gggggtt	0.14000	0.16000	0.34000	0.36000	1	1.6733e-05
ggggtaa	0.28000	0.17000	0.18000	0.37000	1	3.3466e-05
ggggtac	0.33333	0.25000	0.19444	0.22222	1	1.2048e-05
ggggtag	0.35088	0.15789	0.28070	0.21053	1	1.9076e-05
ggggtat	0.28986	0.08696	0.24638	0.37681	1	2.3091e-05
ggggtca	0.19355	0.25806	0.09677	0.45161	1	1.0374e-05
ggggtcc	0.14035	0.24561	0.26316	0.35088	1	1.9076e-05
ggggtcg	0.21053	0.21053	0.31579	0.26316	1	6.3585e-06
ggggtct	0.20513	0.28205	0.17949	0.33333	1	1.3052e-05
ggggtga	0.31818	0.18182	0.24242	0.25758	1	2.2087e-05
ggggtgc	0.28947	0.21053	0.23684	0.26316	1	1.2717e-05
ggggtgg	0.29630	0.20370	0.33333	0.16667	1	1.8072e-05
ggggtgt	0.32258	0.25806	0.17742	0.24194	1	2.0749e-05
ggggtta	0.33333	0.23333	0.13333	0.30000	1	2.0079e-05
ggggttc	0.24590	0.29508	0.18033	0.27869	1	2.0414e-05
ggggttg	0.25373	0.22388	0.22388	0.29851	1	2.2422e-05
ggggttt	0.22000	0.11000	0.16000	0.51000	1	3.3466e-05
gggtaaa	0.40826	0.13761	0.22477	0.22936	1	7.2955e-05
gggtaac	0.39111	0.21333	0.22667	0.16889	1	7.5298e-05
gggtaag	0.37705	0.19672	0.14754	0.27869	1	4.0828e-05
gggtaat	0.48913	0.08333	0.26449	0.16304	1	9.2366e-05
gggtaca	0.36486	0.25676	0.16216	0.21622	1	2.4765e-05
gggtacc	0.28070	0.21053	0.24561	0.26316	1	1.9076e-05
gggtacg	0.36111	0.13889	0.22222	0.27778	1	1.2048e-05
gggtact	0.25000	0.13235	0.33824	0.27941	1	2.2757e-05
gggtaga	0.45333	0.08000	0.30667	0.16000	1	2.5099e-05
gggtagc	0.32308	0.16923	0.27692	0.23077	1	2.1753e-05
gggtagg	0.29167	0.06250	0.37500	0.27083	1	1.6064e-05
gggtagt	0.22989	0.12644	0.24138	0.40230	1	2.9115e-05
gggtata	0.36296	0.14074	0.18519	0.31111	1	4.5179e-05
gggtatc	0.22727	0.28788	0.21212	0.27273	1	2.2087e-05
gggtatg	0.30435	0.23188	0.23188	0.23188	1	2.3091e-05
gggtatt	0.19847	0.19084	0.16031	0.45038	1	4.3840e-05
gggtcaa	0.38889	0.26389	0.08333	0.26389	1	2.4095e-05
gggtcac	0.21667	0.31667	0.21667	0.25000	1	2.0079e-05
gggtcag	0.22857	0.22857	0.40000	0.14286	1	1.1713e-05
gggtcat	0.22727	0.28788	0.16667	0.31818	1	2.2087e-05
gggtcca	0.46377	0.18841	0.08696	0.26087	1	2.3091e-05
gggtccc	0.22449	0.20408	0.16327	0.40816	1	1.6398e-05
gggtccg	0.15909	0.31818	0.27273	0.25000	1	1.4725e-05
gggtcct	0.27692	0.15385	0.29231	0.27692	1	2.1753e-05
gggtcga	0.55000	0.05000	0.30000	0.10000	1	6.6932e-06
gggtcgc	0.40000	0.16667	0.16667	0.26667	1	1.0040e-05
gggtcgg	0.24138	0.24138	0.17241	0.34483	1	9.7051e-06
gggtcgt	0.21429	0.10714	0.21429	0.46429	1	9.3704e-06
gggtcta	0.35849	0.07547	0.30189	0.26415	1	1.7737e-05
gggtctc	0.34146	0.14634	0.07317	0.43902	1	1.3721e-05
gggtctg	0.15000	0.25000	0.11667	0.48333	1	2.0079e-05
gggtctt	0.19565	0.22826	0.22826	0.34783	1	3.0789e-05
gggtgaa	0.32075	0.11950	0.17610	0.38365	1	5.3211e-05
gggtgac	0.34286	0.28571	0.20000	0.17143	1	2.3426e-05
gggtgag	0.25714	0.30000	0.18571	0.25714	1	2.3426e-05
gggtgat	0.28283	0.11111	0.29293	0.31313	1	3.3131e-05
gggtgca	0.36709	0.18987	0.17722	0.26582	1	2.6438e-05
gggtgcc	0.24000	0.30000	0.24000	0.22000	1	1.6733e-05
gggtgcg	0.30952	0.14286	0.33333	0.21429	1	1.4056e-05
gggtgct	0.25000	0.19231	0.11538	0.44231	1	1.7402e-05
gggtgga	0.46296	0.14815	0.22222	0.16667	1	1.8072e-05
gggtggc	0.46667	0.10000	0.25000	0.18333	1	2.0079e-05
gggtggg	0.30909	0.12727	0.32727	0.23636	1	1.8406e-05
gggtggt	0.38961	0.15584	0.16883	0.28571	1	2.5769e-05
gggtgta	0.24468	0.19149	0.10638	0.45745	1	3.1458e-05
gggtgtc	0.37500	0.16071	0.14286	0.32143	1	1.8741e-05
gggtgtg	0.18391	0.21839	0.31034	0.28736	1	2.9115e-05
gggtgtt	0.25688	0.10092	0.19266	0.44954	1	3.6478e-05
gggttaa	0.27083	0.09375	0.28125	0.35417	1	3.2127e-05
gggttac	0.20732	0.36585	0.17073	0.25610	1	2.7442e-05
gggttag	0.25581	0.26744	0.27907	0.19767	1	2.8781e-05
gggttat	0.30556	0.14815	0.18519	0.36111	1	3.6143e-05
gggttca	0.29487	0.15385	0.23077	0.32051	1	2.6103e-05
gggttcc	0.26786	0.19643	0.21429	0.32143	1	1.8741e-05
gggttcg	0.22500	0.20000	0.27500	0.30000	1	1.3386e-05
gggttct	0.12871	0.17822	0.24752	0.44554	1	3.3800e-05
gggttga	0.31169	0.22078	0.23377	0.23377	1	2.5769e-05
gggttgc	0.33333	0.16667	0.11111	0.38889	1	1.8072e-05
gggttgg	0.29412	0.21569	0.21569	0.27451	1	1.7068e-05
gggttgt	0.20225	0.16854	0.29213	0.33708	1	2.9785e-05
gggttta	0.29915	0.19658	0.22222	0.28205	1	3.9155e-05
gggtttc	0.28261	0.21739	0.15217	0.34783	1	3.0789e-05
gggtttg	0.26923	0.22115	0.16346	0.34615	1	3.4804e-05
gggtttt	0.21132	0.21132	0.16604	0.41132	1	8.8684e-05
ggtaaaa	0.42718	0.13835	0.20388	0.23058	1	1.3788e-04
ggtaaac	0.43605	0.20349	0.17442	0.18605	1	5.7561e-05
ggtaaag	0.30705	0.19502	0.25311	0.24481	1	8.0653e-05
ggtaaat	0.37218	0.12782	0.20677	0.29323	1	8.9019e-05
ggtaaca	0.37736	0.15566	0.25000	0.21698	1	7.0948e-05
ggtaacc	0.26087	0.22609	0.24348	0.26957	1	3.8486e-05
ggtaacg	0.34579	0.14953	0.29907	0.20561	1	3.5808e-05
ggtaact	0.25000	0.15000	0.20714	0.39286	1	4.6852e-05
ggtaaga	0.47674	0.06395	0.20349	0.25581	1	5.7561e-05
ggtaagc	0.36792	0.19811	0.16981	0.26415	1	3.5474e-05
ggtaagg	0.30108	0.11828	0.33333	0.24731	1	3.1123e-05
ggtaagt	0.27778	0.11905	0.28571	0.31746	1	4.2167e-05
ggtaata	0.38095	0.19940	0.15774	0.26190	1	1.1245e-04
ggtaatc	0.32258	0.20430	0.18280	0.29032	1	3.1123e-05
ggtaatg	0.32536	0.19617	0.24402	0.23445	1	6.9944e-05
ggtaatt	0.22831	0.14612	0.21918	0.40639	1	7.3290e-05
ggtacaa	0.27731	0.13445	0.23529	0.35294	1	3.9824e-05
ggtacac	0.35211	0.18310	0.16901	0.29577	1	2.3761e-05
ggtacag	0.24706	0.18824	0.20000	0.36471	1	2.8446e-05
ggtacat	0.39844	0.15625	0.09375	0.35156	1	4.2836e-05
ggtacca	0.39189	0.12162	0.18919	0.29730	1	2.4765e-05
ggtaccc	0.15254	0.25424	0.25424	0.33898	1	1.9745e-05
ggtaccg	0.27907	0.13953	0.30233	0.27907	1	1.4390e-05
ggtacct	0.17442	0.16279	0.16279	0.50000	1	2.8781e-05
ggtacga	0.32787	0.21311	0.16393	0.29508	1	2.0414e-05
ggtacgc	0.25000	0.33333	0.13889	0.27778	1	2.4095e-05
ggtacgg	0.22449	0.26531	0.18367	0.32653	1	1.6398e-05
ggtacgt	0.27778	0.24074	0.24074	0.24074	1	1.8072e-05
ggtacta	0.31579	0.18421	0.17544	0.32456	1	3.8151e-05
ggtactc	0.41379	0.22414	0.10345	0.25862	1	1.9410e-05
ggtactg	0.27660	0.17021	0.19149	0.36170	1	3.1458e-05
ggtactt	0.24242	0.21212	0.21212	0.33333	1	4.4175e-05
ggtagaa	0.45455	0.13939	0.21818	0.18788	1	5.5219e-05
ggtagac	0.44000	0.12000	0.28000	0.16000	1	1.6733e-05
ggtagag	0.35955	0.16854	0.26966	0.20225	1	2.9785e-05
ggtagat	0.33036	0.17857	0.20536	0.28571	1	3.7482e-05
ggtagca	0.40708	0.15929	0.21239	0.22124	1	3.7816e-05
ggtagcc	0.25926	0.18519	0.24074	0.31481	1	1.8072e-05
ggtagcg	0.31429	0.17143	0.22857	0.28571	1	2.3426e-05
ggtagct	0.28378	0.10811	0.28378	0.32432	1	2.4765e-05
ggtagga	0.46753	0.09091	0.15584	0.28571	1	2.5769e-05
ggtaggc	0.42424	0.15152	0.12121	0.30303	1	1.1044e-05
ggtaggg	0.20588	0.14706	0.19118	0.45588	1	2.2757e-05
ggtaggt	0.47368	0.13158	0.19737	0.19737	1	2.5434e-05
ggtagta	0.28659	0.21951	0.21341	0.28049	1	5.4884e-05
ggtagtc	0.37097	0.16129	0.22581	0.24194	1	2.0749e-05
ggtagtg	0.33621	0.19828	0.20690	0.25862	1	3.8820e-05
ggtagtt	0.28485	0.20606	0.13939	0.36970	1	5.5219e-05
ggtataa	0.42373	0.18644	0.13559	0.25424	1	7.8979e-05
ggtatac	0.50610	0.09146	0.15244	0.25000	1	5.4884e-05
ggtatag	0.28829	0.22523	0.15315	0.33333	1	3.7147e-05
ggtatat	0.49051	0.12975	0.10443	0.27532	1	1.0575e-04
ggtatca	0.38318	0.19626	0.10280	0.31776	1	3.5808e-05
ggtatcc	0.31250	0.28750	0.20000	0.20000	1	2.6773e-05
ggtatcg	0.41935	0.14516	0.17742	0.25806	1	2.0749e-05
ggtatct	0.15315	0.18919	0.25225	0.40541	1	3.7147e-05
ggtatga	0.30476	0.15238	0.20000	0.34286	1	3.5139e-05
ggtatgc	0.30137	0.13699	0.26027	0.30137	1	2.4430e-05
ggtatgg	0.23171	0.26829	0.26829	0.23171	1	2.7442e-05
ggtatgt	0.39041	0.07534	0.16438	0.36986	1	4.8860e-05
ggtatta	0.21359	0.24757	0.12621	0.41262	1	6.8940e-05
ggtattc	0.29286	0.17857	0.15714	0.37143	1	4.6852e-05
ggtattg	0.27848	0.18354	0.17722	0.36076	1	5.2876e-05
ggtattt	0.20561	0.19315	0.17445	0.42679	1	1.0743e-04
ggtcaaa	0.48148	0.14074	0.17778	0.20000	1	4.5179e-05
ggtcaac	0.41176	0.14706	0.17647	0.26471	1	2.2757e-05
ggtcaag	0.47619	0.15476	0.19048	0.17857	1	2.8111e-05
ggtcaat	0.33010	0.14563	0.22330	0.30097	1	3.4470e-05
ggtcaca	0.31250	0.15000	0.23750	0.30000	1	2.6773e-05
ggtcacc	0.20779	0.24675	0.23377	0.31169	1	2.5769e-05
ggtcacg	0.24561	0.14035	0.17544	0.43860	1	1.9076e-05
ggtcact	0.24324	0.17568	0.22973	0.35135	1	2.4765e-05
ggtcaga	0.36842	0.17544	0.19298	0.26316	1	1.9076e-05
ggtcagc	0.38776	0.14286	0.24490	0.22449	1	1.6398e-05
ggtcagg	0.38636	0.20455	0.15909	0.25000	1	1.4725e-05
ggtcagt	0.36957	0.19565	0.15217	0.28261	1	1.5394e-05
ggtcata	0.33645	0.11215	0.12150	0.42991	1	3.5808e-05
ggtcatc	0.21495	0.19626	0.30841	0.28037	1	3.5808e-05
ggtcatg	0.31507	0.32877	0.16438	0.19178	1	2.4430e-05
ggtcatt	0.25301	0.14458	0.19880	0.40361	1	5.5553e-05
ggtccaa	0.44828	0.16092	0.11494	0.27586	1	2.9115e-05
ggtccac	0.10526	0.21053	0.31579	0.36842	1	1.2717e-05
ggtccag	0.37931	0.24138	0.10345	0.27586	1	9.7051e-06
ggtccat	0.25806	0.21505	0.15054	0.37634	1	3.1123e-05
ggtccca	0.33333	0.17949	0.15385	0.33333	1	1.3052e-05
ggtcccc	0.21429	0.14286	0.21429	0.42857	1	9.3704e-06
ggtcccg	0.17241	0.37931	0.17241	0.27586	1	9.7051e-06
ggtccct	0.12121	0.27273	0.18182	0.42424	1	2.2087e-05
ggtccga	0.33333	0.15385	0.10256	0.41026	1	1.3052e-05
ggtccgc	0.25000	0.20000	0.32500	0.22500	1	1.3386e-05
ggtccgg	0.30435	0.28261	0.17391	0.23913	1	1.5394e-05
ggtccgt	0.25000	0.14583	0.20833	0.39583	1	1.6064e-05
ggtccta	0.31579	0.15789	0.21053	0.31579	1	1.9076e-05
ggtcctc	0.30000	0.10000	0.25000	0.35000	1	1.3386e-05
ggtcctg	0.17857	0.30357	0.21429	0.30357	1	1.8741e-05
ggtcctt	0.22000	0.17000	0.22000	0.39000	1	3.3466e-05
ggtcgaa	0.40678	0.11864	0.18644	0.28814	1	1.9745e-05
ggtcgac	0.30000	0.20000	0.20000	0.30000	1	6.6932e-06
ggtcgag	0.42105	0.23684	0.10526	0.23684	1	1.2717e-05
ggtcgat	0.17778	0.28889	0.13333	0.40000	1	1.5060e-05
ggtcgca	0.26786	0.25000	0.17857	0.30357	1	1.8741e-05
ggtcgcc	0.34783	0.26087	0.17391	0.21739	1	7.6971e-06
ggtcgcg	0.18519	0.29630	0.18519	0.33333	1	9.0358e-06
ggtcgct	0.21212	0.15152	0.24242	0.39394	1	1.1044e-05
ggtcgga	0.32258	0.25806	0.16129	0.25806	1	1.0374e-05
ggtcggc	0.33333	0.18519	0.18519	0.29630	1	9.0358e-06
ggtcggg	0.21622	0.24324	0.08108	0.45946	1	1.2382e-05
ggtcggt	0.14706	0.11765	0.29412	0.44118	1	1.1378e-05
ggtcgta	0.28571	0.15714	0.12857	0.42857	1	2.3426e-05
ggtcgtc	0.30000	0.26667	0.23333	0.20000	1	1.0040e-05
ggtcgtg	0.33333	0.33333	0.11111	0.22222	1	9.0358e-06
ggtcgtt	0.23188	0.10145	0.23188	0.43478	1	2.3091e-05
ggtctaa	0.34286	0.17143	0.15714	0.32857	1	2.3426e-05
ggtctac	0.40476	0.14286	0.11905	0.33333	1	1.4056e-05
ggtctag	0.25000	0.15000	0.32500	0.27500	1	1.3386e-05
ggtctat	0.30000	0.21250	0.08750	0.40000	1	2.6773e-05
ggtctca	0.39726	0.21918	0.20548	0.17808	1	2.4430e-05
ggtctcc	0.28571	0.19048	0.23810	0.28571	1	1.4056e-05
ggtctcg	0.58621	0.10345	0.10345	0.20690	1	9.7051e-06
ggtctct	0.18391	0.16092	0.27586	0.37931	1	2.9115e-05
ggtctga	0.43182	0.09091	0.15909	0.31818	1	1.4725e-05
ggtctgc	0.31034	0.20690	0.17241	0.31034	1	1.9410e-05
ggtctgg	0.23077	0.23077	0.28205	0.25641	1	1.3052e-05
ggtctgt	0.12500	0.27273	0.15909	0.44318	1	2.9450e-05
ggtctta	0.20879	0.25275	0.27473	0.26374	1	3.0454e-05
ggtcttc	0.25773	0.21649	0.17526	0.35052	1	3.2462e-05
ggtcttg	0.25962	0.21154	0.25000	0.27885	1	3.4804e-05
ggtcttt	0.19139	0.18182	0.10526	0.52153	1	6.9944e-05
ggtgaaa	0.48065	0.11290	0.17097	0.23548	1	1.0374e-04
ggtgaac	0.42222	0.20000	0.15556	0.22222	1	3.0119e-05
ggtgaag	0.37692	0.20000	0.19231	0.23077	1	4.3506e-05
ggtgaat	0.29442	0.10152	0.26904	0.33503	1	6.5928e-05
ggtgaca	0.42593	0.13889	0.24074	0.19444	1	3.6143e-05
ggtgacc	0.23288	0.30137	0.21918	0.24658	1	2.4430e-05
ggtgacg	0.27119	0.30508	0.13559	0.28814	1	1.9745e-05
ggtgact	0.35632	0.14943	0.19540	0.29885	1	2.9115e-05
ggtgaga	0.36607	0.16071	0.14286	0.33036	1	3.7482e-05
ggtgagc	0.48485	0.15152	0.21212	0.15152	1	2.2087e-05
ggtgagg	0.27632	0.21053	0.28947	0.22368	1	2.5434e-05
ggtgagt	0.25373	0.16418	0.17910	0.40299	1	2.2422e-05
ggtgata	0.32667	0.16000	0.14667	0.36667	1	5.0199e-05
ggtgatc	0.38462	0.07692	0.20000	0.33846	1	2.1753e-05
ggtgatg	0.43651	0.19048	0.15873	0.21429	1	4.2167e-05
ggtgatt	0.23333	0.15333	0.19333	0.42000	1	5.0199e-05
ggtgcaa	0.35802	0.16667	0.16049	0.31481	1	5.4215e-05
ggtgcac	0.29688	0.10938	0.32812	0.26562	1	2.1418e-05
ggtgcag	0.27957	0.25806	0.16129	0.30108	1	3.1123e-05
ggtgcat	0.26531	0.15306	0.18367	0.39796	1	3.2796e-05
ggtgcca	0.28571	0.22078	0.23377	0.25974	1	2.5769e-05
ggtgccc	0.25532	0.27660	0.19149	0.27660	1	1.5729e-05
ggtgccg	0.15000	0.30000	0.20000	0.35000	1	1.3386e-05
ggtgcct	0.16867	0.24096	0.19277	0.39759	1	2.7777e-05
ggtgcga	0.51613	0.11290	0.12903	0.24194	1	2.0749e-05
ggtgcgc	0.42424	0.15152	0.15152	0.27273	1	1.1044e-05
ggtgcgg	0.17391	0.37681	0.15942	0.28986	1	2.3091e-05
ggtgcgt	0.33333	0.17778	0.13333	0.35556	1	1.5060e-05
ggtgcta	0.41558	0.12987	0.11688	0.33766	1	2.5769e-05
ggtgctc	0.31250	0.16667	0.10417	0.41667	1	1.6064e-05
ggtgctg	0.23171	0.20732	0.18293	0.37805	1	2.7442e-05
ggtgctt	0.18852	0.22951	0.13934	0.44262	1	4.0828e-05
ggtggaa	0.39623	0.11321	0.31447	0.17610	1	5.3211e-05
ggtggac	0.34694	0.08163	0.28571	0.28571	1	1.6398e-05
ggtggag	0.32308	0.23077	0.16923	0.27692	1	2.1753e-05
ggtggat	0.30137	0.12329	0.23288	0.34247	1	2.4430e-05
ggtggca	0.60305	0.10687	0.08397	0.20611	1	4.3840e-05
ggtggcc	0.30435	0.30435	0.21739	0.17391	1	1.5394e-05
ggtggcg	0.48214	0.16071	0.10714	0.25000	1	1.8741e-05
ggtggct	0.19672	0.22951	0.13115	0.44262	1	2.0414e-05
ggtggga	0.43939	0.16667	0.25758	0.13636	1	2.2087e-05
ggtgggc	0.27907	0.23256	0.25581	0.23256	1	1.4390e-05
ggtgggg	0.17857	0.12500	0.37500	0.32143	1	1.8741e-05
ggtgggt	0.36000	0.12000	0.36000	0.16000	1	1.6733e-05
ggtggta	0.28302	0.18868	0.14151	0.38679	1	3.5474e-05
ggtggtc	0.41304	0.19565	0.15217	0.23913	1	1.5394e-05
ggtggtg	0.30952	0.22619	0.22619	0.23810	1	2.8111e-05
ggtggtt	0.25234	0.12150	0.24299	0.38318	1	3.5808e-05
ggtgtaa	0.46809	0.12766	0.19858	0.20567	1	4.7187e-05
ggtgtac	0.35789	0.11579	0.27368	0.25263	1	3.1793e-05
ggtgtag	0.28947	0.13158	0.22368	0.35526	1	2.5434e-05
ggtgtat	0.32530	0.15663	0.19277	0.32530	1	5.5553e-05
ggtgtca	0.33333	0.23656	0.17204	0.25806	1	3.1123e-05
ggtgtcc	0.19565	0.19565	0.19565	0.41304	1	1.5394e-05
ggtgtcg	0.18605	0.23256	0.13953	0.44186	1	1.4390e-05
ggtgtct	0.17333	0.21333	0.22667	0.38667	1	2.5099e-05
ggtgtga	0.30189	0.17925	0.16981	0.34906	1	3.5474e-05
ggtgtgc	0.22667	0.28000	0.25333	0.24000	1	2.5099e-05
ggtgtgg	0.24675	0.25974	0.25974	0.23377	1	2.5769e-05
ggtgtgt	0.23762	0.15842	0.33663	0.26733	1	3.3800e-05
ggtgtta	0.34109	0.08527	0.41085	0.16279	1	8.6342e-05
ggtgttc	0.28261	0.18478	0.11957	0.41304	1	3.0789e-05
ggtgttg	0.24074	0.25926	0.15741	0.34259	1	3.6143e-05
ggtgttt	0.22222	0.17172	0.19192	0.41414	1	6.6262e-05
ggttaaa	0.39899	0.15657	0.18182	0.26263	1	6.6262e-05
ggttaac	0.32584	0.20225	0.21348	0.25843	1	2.9785e-05
ggttaag	0.23333	0.19167	0.30000	0.27500	1	4.0159e-05
ggttaat	0.33516	0.13187	0.16484	0.36813	1	6.0908e-05
ggttaca	0.33607	0.16393	0.21311	0.28689	1	4.0828e-05
ggttacc	0.23853	0.44954	0.13761	0.17431	1	3.6478e-05
ggttacg	0.30303	0.13636	0.28788	0.27273	1	2.2087e-05
ggttact	0.25000	0.13415	0.22561	0.39024	1	5.4884e-05
ggttaga	0.43590	0.11966	0.23077	0.21368	1	3.9155e-05
ggttagc	0.26506	0.21687	0.21687	0.30120	1	2.7777e-05
ggttagg	0.24324	0.22973	0.24324	0.28378	1	2.4765e-05
ggttagt	0.30702	0.15789	0.19298	0.34211	1	3.8151e-05
ggttata	0.30435	0.18841	0.13527	0.37198	1	6.9274e-05
ggttatc	0.32000	0.22000	0.14000	0.32000	1	3.3466e-05
ggttatg	0.30000	0.18462	0.18462	0.33077	1	4.3506e-05
ggttatt	0.24016	0.13386	0.19685	0.42913	1	8.5003e-05
ggttcaa	0.31875	0.22500	0.21875	0.23750	1	5.3545e-05
ggttcac	0.22034	0.23729	0.22034	0.32203	1	1.9745e-05
ggttcag	0.30556	0.20833	0.18056	0.30556	1	2.4095e-05
ggttcat	0.26119	0.24627	0.11940	0.37313	1	4.4844e-05
ggttcca	0.22222	0.23457	0.22222	0.32099	1	2.7107e-05
ggttccc	0.34783	0.13043	0.19565	0.32609	1	1.5394e-05
ggttccg	0.21875	0.31250	0.26562	0.20312	1	2.1418e-05
ggttcct	0.24762	0.13333	0.21905	0.40000	1	3.5139e-05
ggttcga	0.48529	0.13235	0.14706	0.23529	1	2.2757e-05
ggttcgc	0.26190	0.21429	0.11905	0.40476	1	1.4056e-05
ggttcgg	0.30769	0.23077	0.15385	0.30769	1	1.7402e-05
ggttcgt	0.26866	0.23881	0.11940	0.37313	1	2.2422e-05
ggttcta	0.24779	0.26549	0.10619	0.38053	1	3.7816e-05
ggttctc	0.23913	0.32609	0.11594	0.31884	1	4.6183e-05
ggttctg	0.31034	0.18391	0.18391	0.32184	1	2.9115e-05
ggttctt	0.19556	0.16000	0.24889	0.39556	1	7.5298e-05
ggttgaa	0.40782	0.13966	0.21788	0.23464	1	5.9904e-05
ggttgac	0.34848	0.25758	0.21212	0.18182	1	2.2087e-05
ggttgag	0.31111	0.15556	0.22222	0.31111	1	3.0119e-05
ggttgat	0.34559	0.13235	0.23529	0.28676	1	4.5514e-05
ggttgca	0.35043	0.17949	0.15385	0.31624	1	3.9155e-05
ggttgcc	0.31746	0.20635	0.15873	0.31746	1	2.1083e-05
ggttgcg	0.21154	0.17308	0.23077	0.38462	1	1.7402e-05
ggttgct	0.26364	0.14545	0.24545	0.34545	1	3.6812e-05
ggttgga	0.36250	0.16250	0.15000	0.32500	1	2.6773e-05
ggttggc	0.38889	0.20370	0.16667	0.24074	1	1.8072e-05
ggttggg	0.22581	0.25806	0.20968	0.30645	1	2.0749e-05
ggttggt	0.29703	0.12871	0.22772	0.34653	1	3.3800e-05
ggttgta	0.33636	0.11818	0.20909	0.33636	1	3.6812e-05
ggttgtc	0.28395	0.29630	0.20988	0.20988	1	2.7107e-05
ggttgtg	0.27273	0.18182	0.18182	0.36364	1	3.3131e-05
ggttgtt	0.18719	0.13300	0.27094	0.40887	1	6.7936e-05
ggtttaa	0.37778	0.18889	0.21111	0.22222	1	6.0238e-05
ggtttac	0.36250	0.16250	0.18125	0.29375	1	5.3545e-05
ggtttag	0.30952	0.14286	0.14286	0.40476	1	4.2167e-05
ggtttat	0.31197	0.16667	0.14530	0.37607	1	7.8310e-05
ggtttca	0.30247	0.17284	0.19136	0.33333	1	5.4215e-05
ggtttcc	0.26718	0.24427	0.16794	0.32061	1	4.3840e-05
ggtttcg	0.25000	0.22222	0.20833	0.31944	1	2.4095e-05
ggtttct	0.21939	0.19898	0.13776	0.44388	1	6.5593e-05
ggtttga	0.36145	0.16867	0.21084	0.25904	1	5.5553e-05
ggtttgc	0.34848	0.20455	0.17424	0.27273	1	4.4175e-05
ggtttgg	0.24510	0.24510	0.11765	0.39216	1	3.4135e-05
ggtttgt	0.20606	0.19394	0.18788	0.41212	1	5.5219e-05
ggtttta	0.30738	0.16393	0.15984	0.36885	1	8.1657e-05
ggttttc	0.28102	0.23723	0.14964	0.33212	1	9.1696e-05
ggttttg	0.23874	0.21171	0.14414	0.40541	1	7.4294e-05
ggttttt	0.18401	0.26580	0.13755	0.41264	1	1.8005e-04
gtaaaaa	0.41427	0.13642	0.22278	0.22653	1	2.6739e-04
gtaaaac	0.41259	0.15734	0.12937	0.30070	1	9.5712e-05
gtaaaag	0.37381	0.18810	0.18810	0.25000	1	1.4056e-04
gtaaaat	0.37423	0.14315	0.19836	0.28425	1	1.6365e-04
gtaaaca	0.44474	0.16173	0.16442	0.22911	1	1.2416e-04
gtaaacc	0.38129	0.13669	0.13669	0.34532	1	4.6517e-05
gtaaacg	0.35329	0.25150	0.14970	0.24551	1	5.5888e-05
gtaaact	0.30603	0.13793	0.19397	0.36207	1	7.7641e-05
gtaaaga	0.44892	0.15054	0.22312	0.17742	1	1.2449e-04
gtaaagc	0.30222	0.21333	0.17333	0.31111	1	7.5298e-05
gtaaagg	0.35897	0.16667	0.23932	0.23504	1	7.8310e-05
gtaaagt	0.34155	0.13380	0.20775	0.31690	1	9.5043e-05
gtaaata	0.31634	0.17991	0.16642	0.33733	1	2.2322e-04
gtaaatc	0.38565	0.17937	0.13901	0.29596	1	7.4629e-05
gtaaatg	0.25882	0.18431	0.18824	0.36863	1	8.5338e-05
gtaaatt	0.29369	0.21359	0.15534	0.33738	1	1.3788e-04
gtaacaa	0.33240	0.15084	0.17598	0.34078	1	1.1981e-04
gtaacac	0.33113	0.17881	0.11921	0.37086	1	5.0533e-05
gtaacag	0.30233	0.23256	0.13953	0.32558	1	5.7561e-05
gtaacat	0.34118	0.16078	0.16078	0.33725	1	8.5338e-05
gtaacca	0.31293	0.15646	0.27211	0.25850	1	4.9195e-05
gtaaccc	0.25532	0.21277	0.25532	0.27660	1	3.1458e-05
gtaaccg	0.23171	0.23171	0.13415	0.40244	1	2.7442e-05
gtaacct	0.18667	0.24667	0.18000	0.38667	1	5.0199e-05
gtaacga	0.34507	0.15493	0.21127	0.28873	1	4.7521e-05
gtaacgc	0.31395	0.13953	0.27907	0.26744	1	2.8781e-05
gtaacgg	0.25275	0.23077	0.15385	0.36264	1	3.0454e-05
gtaacgt	0.46154	0.12587	0.12587	0.28671	1	4.7856e-05
gtaacta	0.26768	0.22727	0.16162	0.34343	1	6.6262e-05
gtaactc	0.36111	0.24074	0.13889	0.25926	1	3.6143e-05
gtaactg	0.29927	0.25547	0.15328	0.29197	1	4.5848e-05
gtaactt	0.23704	0.18889	0.25556	0.31852	1	9.0358e-05
gtaagaa	0.41192	0.14092	0.22764	0.21951	1	1.2349e-04
gtaagac	0.39623	0.21698	0.13208	0.25472	1	3.5474e-05
gtaagag	0.40523	0.17647	0.20261	0.21569	1	5.1203e-05
gtaagat	0.34804	0.21569	0.18627	0.25000	1	6.8270e-05
gtaagca	0.32178	0.11881	0.25248	0.30693	1	6.7601e-05
gtaagcc	0.32941	0.12941	0.17647	0.36471	1	2.8446e-05
gtaagcg	0.23750	0.23750	0.23750	0.28750	1	2.6773e-05
gtaagct	0.34127	0.15873	0.19048	0.30952	1	4.2167e-05
gtaagga	0.48876	0.12921	0.10112	0.28090	1	5.9569e-05
gtaaggc	0.28947	0.18421	0.14474	0.38158	1	2.5434e-05
gtaaggg	0.28814	0.26271	0.17797	0.27119	1	3.9490e-05
gtaaggt	0.20339	0.22034	0.22034	0.35593	1	3.9490e-05
gtaagta	0.36449	0.13084	0.15888	0.34579	1	7.1617e-05
gtaagtc	0.29213	0.21348	0.17978	0.31461	1	2.9785e-05
gtaagtg	0.35971	0.14388	0.17266	0.32374	1	4.6517e-05
gtaagtt	0.21649	0.19588	0.21134	0.37629	1	6.4924e-05
gtaataa	0.34926	0.15625	0.14154	0.35294	1	1.8205e-04
gtaatac	0.39781	0.22993	0.12044	0.25182	1	9.1696e-05
gtaatag	0.19753	0.13580	0.44444	0.22222	1	1.3554e-04
gtaatat	0.28853	0.16308	0.14516	0.40323	1	1.8674e-04
gtaatca	0.31739	0.16957	0.19130	0.32174	1	7.6971e-05
gtaatcc	0.29787	0.15957	0.12766	0.41489	1	3.1458e-05
gtaatcg	0.30526	0.20000	0.13684	0.35789	1	3.1793e-05
gtaatct	0.19760	0.19760	0.15569	0.44910	1	5.5888e-05
gtaatga	0.35252	0.13669	0.15827	0.35252	1	9.3035e-05
gtaatgc	0.33121	0.24841	0.12739	0.29299	1	5.2541e-05
gtaatgg	0.40994	0.21739	0.11801	0.25466	1	5.3880e-05
gtaatgt	0.34579	0.14953	0.17757	0.32710	1	7.1617e-05
gtaatta	0.28652	0.15730	0.17978	0.37640	1	1.1914e-04
gtaattc	0.31132	0.19811	0.12736	0.36321	1	7.0948e-05
gtaattg	0.30556	0.20679	0.14506	0.34259	1	1.0843e-04
gtaattt	0.21231	0.19745	0.15924	0.43100	1	1.5762e-04
gtacaaa	0.41297	0.15017	0.16382	0.27304	1	9.8055e-05
gtacaac	0.39091	0.10909	0.15455	0.34545	1	3.6812e-05
gtacaag	0.43605	0.19767	0.20930	0.15698	1	5.7561e-05
gtacaat	0.40873	0.16270	0.14286	0.28571	1	8.4334e-05
gtacaca	0.29167	0.19048	0.17262	0.34524	1	5.6223e-05
gtacacc	0.29126	0.19417	0.16505	0.34951	1	3.4470e-05
gtacacg	0.34483	0.15517	0.12069	0.37931	1	1.9410e-05
gtacact	0.36054	0.16327	0.17687	0.29932	1	4.9195e-05
gtacaga	0.41985	0.14504	0.16794	0.26718	1	4.3840e-05
gtacagc	0.29885	0.14943	0.11494	0.43678	1	2.9115e-05
gtacagg	0.33333	0.15873	0.19048	0.31746	1	2.1083e-05
gtacagt	0.30380	0.13291	0.18354	0.37975	1	5.2876e-05
gtacata	0.26377	0.15942	0.14203	0.43478	1	1.1546e-04
gtacatc	0.37324	0.16901	0.11268	0.34507	1	4.7521e-05
gtacatg	0.30097	0.22330	0.15534	0.32039	1	3.4470e-05
gtacatt	0.26518	0.15016	0.17252	0.41214	1	1.0475e-04
gtaccaa	0.42553	0.14184	0.21986	0.21277	1	4.7187e-05
gtaccac	0.23864	0.27273	0.17045	0.31818	1	2.9450e-05
gtaccag	0.29412	0.22353	0.17647	0.30588	1	2.8446e-05
gtaccat	0.26549	0.20354	0.17699	0.35398	1	3.7816e-05
gtaccca	0.25000	0.20312	0.20312	0.34375	1	2.1418e-05
gtacccc	0.31111	0.15556	0.13333	0.40000	1	1.5060e-05
gtacccg	0.22642	0.37736	0.24528	0.15094	1	1.7737e-05
gtaccct	0.17347	0.30612	0.14286	0.37755	1	3.2796e-05
gtaccga	0.29508	0.32787	0.18033	0.19672	1	2.0414e-05
gtaccgc	0.26531	0.22449	0.18367	0.32653	1	1.6398e-05
gtaccgg	0.42857	0.14286	0.16667	0.26190	1	1.4056e-05
gtaccgt	0.26027	0.17808	0.10959	0.45205	1	2.4430e-05
gtaccta	0.23853	0.24771	0.12844	0.38532	1	3.6478e-05
gtacctc	0.33333	0.08333	0.10714	0.47619	1	2.8111e-05
gtacctg	0.30000	0.18571	0.17143	0.34286	1	2.3426e-05
gtacctt	0.19481	0.16234	0.14286	0.50000	1	5.1537e-05
gtacgaa	0.46584	0.13665	0.17391	0.22360	1	5.3880e-05
gtacgac	0.28788	0.13636	0.22727	0.34848	1	2.2087e-05
gtacgag	0.17105	0.28947	0.23684	0.30263	1	2.5434e-05
gtacgat	0.37963	0.17593	0.18519	0.25926	1	3.6143e-05
gtacgca	0.33654	0.14423	0.18269	0.33654	1	3.4804e-05
gtacgcc	0.61290	0.06452	0.12903	0.19355	1	2.0749e-05
gtacgcg	0.28571	0.23810	0.23810	0.23810	1	1.4056e-05
gtacgct	0.27273	0.18182	0.17045	0.37500	1	2.9450e-05
gtacgga	0.32990	0.15464	0.16495	0.35052	1	3.2462e-05
gtacggc	0.39726	0.16438	0.17808	0.26027	1	2.4430e-05
gtacggg	0.30233	0.13953	0.09302	0.46512	1	1.4390e-05
gtacggt	0.34568	0.12346	0.24691	0.28395	1	2.7107e-05
gtacgta	0.27586	0.24713	0.16667	0.31034	1	5.8231e-05
gtacgtc	0.34483	0.12069	0.13793	0.39655	1	1.9410e-05
gtacgtg	0.30488	0.14634	0.15854	0.39024	1	2.7442e-05
gtacgtt	0.33333	0.14414	0.19820	0.32432	1	3.7147e-05
gtactaa	0.41791	0.14925	0.14925	0.28358	1	6.7266e-05
gtactac	0.28188	0.21477	0.14094	0.36242	1	4.9864e-05
gtactag	0.34677	0.19355	0.11290	0.34677	1	4.1498e-05
gtactat	0.30043	0.15021	0.08584	0.46352	1	7.7975e-05
gtactca	0.29630	0.20741	0.18519	0.31111	1	4.5179e-05
gtactcc	0.29577	0.16901	0.09859	0.43662	1	2.3761e-05
gtactcg	0.24528	0.28302	0.13208	0.33962	1	1.7737e-05
gtactct	0.19149	0.21986	0.12766	0.46099	1	4.7187e-05
gtactga	0.34899	0.12752	0.19463	0.32886	1	4.9864e-05
gtactgc	0.25243	0.20388	0.20388	0.33981	1	3.4470e-05
gtactgg	0.28916	0.20482	0.12048	0.38554	1	2.7777e-05
gtactgt	0.29474	0.14211	0.15789	0.40526	1	6.3585e-05
gtactta	0.24731	0.22043	0.18817	0.34409	1	6.2246e-05
gtacttc	0.27957	0.21505	0.10753	0.39785	1	6.2246e-05
gtacttg	0.32895	0.21711	0.15132	0.30263	1	5.0868e-05
gtacttt	0.22135	0.18229	0.18229	0.41406	1	1.2851e-04
gtagaaa	0.36632	0.11789	0.14526	0.37053	1	1.5896e-04
gtagaac	0.41379	0.18621	0.15172	0.24828	1	4.8525e-05
gtagaag	0.36066	0.20765	0.21311	0.21858	1	6.1242e-05
gtagaat	0.32331	0.12030	0.12030	0.43609	1	8.9019e-05
gtagaca	0.36538	0.16346	0.20192	0.26923	1	3.4804e-05
gtagacc	0.41026	0.07692	0.17949	0.33333	1	1.3052e-05
gtagacg	0.29167	0.14583	0.14583	0.41667	1	1.6064e-05
gtagact	0.35065	0.15584	0.22078	0.27273	1	2.5769e-05
gtagaga	0.36774	0.13548	0.25161	0.24516	1	5.1872e-05
gtagagc	0.29412	0.18824	0.12941	0.38824	1	2.8446e-05
gtagagg	0.35106	0.17021	0.18085	0.29787	1	3.1458e-05
gtagagt	0.31373	0.11765	0.26471	0.30392	1	3.4135e-05
gtagata	0.27049	0.13115	0.18852	0.40984	1	8.1657e-05
gtagatc	0.40952	0.10476	0.13333	0.35238	1	3.5139e-05
gtagatg	0.52667	0.14000	0.12000	0.21333	1	5.0199e-05
gtagatt	0.22086	0.20245	0.15951	0.41718	1	5.4549e-05
gtagcaa	0.30806	0.22749	0.18483	0.27962	1	7.0613e-05
gtagcac	0.38710	0.09677	0.10753	0.40860	1	3.1123e-05
gtagcag	0.29771	0.26718	0.12977	0.30534	1	4.3840e-05
gtagcat	0.37888	0.17391	0.15528	0.29193	1	5.3880e-05
gtagcca	0.30588	0.21176	0.11765	0.36471	1	2.8446e-05
gtagccc	0.23077	0.19231	0.13462	0.44231	1	1.7402e-05
gtagccg	0.30000	0.28333	0.11667	0.30000	1	2.0079e-05
gtagcct	0.15385	0.20879	0.18681	0.45055	1	3.0454e-05
gtagcga	0.31111	0.21111	0.16667	0.31111	1	3.0119e-05
gtagcgc	0.32787	0.31148	0.13115	0.22951	1	2.0414e-05
gtagcgg	0.20000	0.28333	0.13333	0.38333	1	2.0079e-05
gtagcgt	0.34568	0.08642	0.18519	0.38272	1	2.7107e-05
gtagcta	0.34127	0.19048	0.14286	0.32540	1	4.2167e-05
gtagctc	0.19444	0.19444	0.25000	0.36111	1	2.4095e-05
gtagctg	0.29474	0.26316	0.09474	0.34737	1	3.1793e-05
gtagctt	0.27215	0.20886	0.18354	0.33544	1	5.2876e-05
gtaggaa	0.41579	0.16316	0.20526	0.21579	1	6.3585e-05
gtaggac	0.42105	0.12281	0.24561	0.21053	1	1.9076e-05
gtaggag	0.39024	0.21951	0.17073	0.21951	1	2.7442e-05
gtaggat	0.29032	0.12097	0.22581	0.36290	1	4.1498e-05
gtaggca	0.34694	0.24490	0.17347	0.23469	1	3.2796e-05
gtaggcc	0.36170	0.10638	0.12766	0.40426	1	1.5729e-05
gtaggcg	0.23077	0.20513	0.20513	0.35897	1	1.3052e-05
gtaggct	0.30851	0.14894	0.19149	0.35106	1	3.1458e-05
gtaggga	0.48101	0.21519	0.13924	0.16456	1	2.6438e-05
gtagggc	0.40741	0.16667	0.14815	0.27778	1	1.8072e-05
gtagggg	0.37736	0.20755	0.26415	0.15094	1	1.7737e-05
gtagggt	0.40206	0.16495	0.14433	0.28866	1	3.2462e-05
gtaggta	0.26667	0.28148	0.14815	0.30370	1	4.5179e-05
gtaggtc	0.35821	0.37313	0.05970	0.20896	1	2.2422e-05
gtaggtg	0.24051	0.27848	0.16456	0.31646	1	2.6438e-05
gtaggtt	0.21905	0.18095	0.25714	0.34286	1	3.5139e-05
gtagtaa	0.31203	0.20301	0.16165	0.32331	1	8.9019e-05
gtagtac	0.31452	0.16129	0.16129	0.36290	1	4.1498e-05
gtagtag	0.24737	0.16842	0.16842	0.41579	1	6.3585e-05
gtagtat	0.36015	0.15709	0.13793	0.34483	1	8.7346e-05
gtagtca	0.30201	0.22819	0.12752	0.34228	1	4.9864e-05
gtagtcc	0.34615	0.15385	0.21154	0.28846	1	1.7402e-05
gtagtcg	0.18841	0.21739	0.21739	0.37681	1	2.3091e-05
gtagtct	0.22826	0.08696	0.21739	0.46739	1	3.0789e-05
gtagtga	0.30526	0.16842	0.18421	0.34211	1	6.3585e-05
gtagtgc	0.24490	0.17347	0.20408	0.37755	1	3.2796e-05
gtagtgg	0.23810	0.25714	0.10476	0.40000	1	3.5139e-05
gtagtgt	0.29078	0.19858	0.20567	0.30496	1	4.7187e-05
gtagtta	0.26368	0.19403	0.17413	0.36816	1	6.7266e-05
gtagttc	0.43103	0.12069	0.12069	0.32759	1	5.8231e-05
gtagttg	0.30818	0.18868	0.19497	0.30818	1	5.3211e-05
gtagttt	0.21192	0.17881	0.18874	0.42053	1	1.0107e-04
gtataaa	0.36007	0.12687	0.18843	0.32463	1	1.7938e-04
gtataac	0.36709	0.17722	0.16878	0.28692	1	7.9314e-05
gtataag	0.36434	0.17442	0.19380	0.26744	1	8.6342e-05
gtataat	0.38257	0.16707	0.11864	0.33172	1	1.3821e-04
gtataca	0.25000	0.12222	0.27222	0.35556	1	1.2048e-04
gtatacc	0.27311	0.06303	0.05462	0.60924	1	7.9649e-05
gtatacg	0.31606	0.18135	0.10363	0.39896	1	6.4589e-05
gtatact	0.32443	0.19084	0.20611	0.27863	1	8.7680e-05
gtataga	0.39806	0.13592	0.22816	0.23786	1	6.8940e-05
gtatagc	0.39423	0.16346	0.18269	0.25962	1	3.4804e-05
gtatagg	0.30172	0.17241	0.22414	0.30172	1	3.8820e-05
gtatagt	0.36574	0.14352	0.15278	0.33796	1	7.2286e-05
gtatata	0.29902	0.14216	0.12255	0.43627	1	3.4135e-04
gtatatc	0.30000	0.13667	0.11000	0.45333	1	1.0040e-04
gtatatg	0.44167	0.15000	0.12222	0.28611	1	1.2048e-04
gtatatt	0.31397	0.26205	0.13226	0.29172	1	2.7074e-04
gtatcaa	0.30579	0.19421	0.23554	0.26446	1	8.0987e-05
gtatcac	0.43750	0.17188	0.12500	0.26562	1	4.2836e-05
gtatcag	0.29839	0.24194	0.13710	0.32258	1	4.1498e-05
gtatcat	0.27354	0.24215	0.11211	0.37220	1	7.4629e-05
gtatcca	0.39098	0.15038	0.12782	0.33083	1	4.4510e-05
gtatccc	0.31646	0.15190	0.13924	0.39241	1	2.6438e-05
gtatccg	0.12308	0.27692	0.20000	0.40000	1	2.1753e-05
gtatcct	0.21905	0.16190	0.18095	0.43810	1	3.5139e-05
gtatcga	0.37931	0.14943	0.17241	0.29885	1	2.9115e-05
gtatcgc	0.37143	0.11429	0.20000	0.31429	1	2.3426e-05
gtatcgg	0.23636	0.30909	0.20000	0.25455	1	1.8406e-05
gtatcgt	0.38318	0.12150	0.13084	0.36449	1	3.5808e-05
gtatcta	0.29268	0.17683	0.12805	0.40244	1	5.4884e-05
gtatctc	0.42938	0.12994	0.13559	0.30508	1	5.9234e-05
gtatctg	0.30000	0.15714	0.19286	0.35000	1	4.6852e-05
gtatctt	0.24621	0.17424	0.15152	0.42803	1	8.8350e-05
gtatgaa	0.38624	0.13228	0.14815	0.33333	1	6.3250e-05
gtatgac	0.45378	0.12605	0.14286	0.27731	1	3.9824e-05
gtatgag	0.36697	0.18349	0.24771	0.20183	1	3.6478e-05
gtatgat	0.32178	0.11386	0.19802	0.36634	1	6.7601e-05
gtatgca	0.37410	0.15827	0.22302	0.24460	1	4.6517e-05
gtatgcc	0.35065	0.23377	0.07792	0.33766	1	2.5769e-05
gtatgcg	0.21739	0.23913	0.15217	0.39130	1	3.0789e-05
gtatgct	0.31250	0.18750	0.23438	0.26562	1	4.2836e-05
gtatgga	0.44118	0.11765	0.16667	0.27451	1	3.4135e-05
gtatggc	0.38095	0.09524	0.21429	0.30952	1	2.8111e-05
gtatggg	0.17925	0.16981	0.15094	0.50000	1	3.5474e-05
gtatggt	0.26050	0.12605	0.22689	0.38655	1	3.9824e-05
gtatgta	0.25130	0.14508	0.28756	0.31606	1	1.2918e-04
gtatgtc	0.29487	0.21795	0.19231	0.29487	1	2.6103e-05
gtatgtg	0.30409	0.16374	0.13450	0.39766	1	5.7227e-05
gtatgtt	0.20661	0.22727	0.21901	0.34711	1	8.0987e-05
gtattaa	0.33333	0.14667	0.16333	0.35667	1	1.0040e-04
gtattac	0.20446	0.25279	0.19703	0.34572	1	9.0023e-05
gtattag	0.24277	0.19075	0.18497	0.38150	1	5.7896e-05
gtattat	0.28070	0.18129	0.12281	0.41520	1	1.7168e-04
gtattca	0.31022	0.15693	0.14964	0.38321	1	9.1696e-05
gtattcc	0.21118	0.22360	0.14907	0.41615	1	5.3880e-05
gtattcg	0.30081	0.23577	0.11382	0.34959	1	4.1163e-05
gtattct	0.23780	0.17683	0.14329	0.44207	1	1.0977e-04
gtattga	0.35391	0.13992	0.17695	0.32922	1	8.1322e-05
gtattgc	0.31788	0.17881	0.15232	0.35099	1	5.0533e-05
gtattgg	0.27273	0.21212	0.24242	0.27273	1	4.4175e-05
gtattgt	0.22671	0.27640	0.13975	0.35714	1	1.0776e-04
gtattta	0.22718	0.30629	0.13793	0.32860	1	1.6499e-04
gtatttc	0.30286	0.17143	0.11143	0.41429	1	1.1713e-04
gtatttg	0.26710	0.25081	0.17590	0.30619	1	1.0274e-04
gtatttt	0.20528	0.19928	0.16687	0.42857	1	2.7877e-04
gtcaaaa	0.42040	0.19652	0.15672	0.22637	1	1.3453e-04
gtcaaac	0.31818	0.21970	0.13636	0.32576	1	4.4175e-05
gtcaaag	0.38596	0.16959	0.17544	0.26901	1	5.7227e-05
gtcaaat	0.36458	0.17708	0.13542	0.32292	1	6.4254e-05
gtcaaca	0.38095	0.13605	0.21769	0.26531	1	4.9195e-05
gtcaacc	0.32143	0.26786	0.12500	0.28571	1	1.8741e-05
gtcaacg	0.25974	0.18182	0.20779	0.35065	1	2.5769e-05
gtcaact	0.29907	0.17757	0.15888	0.36449	1	3.5808e-05
gtcaaga	0.41981	0.18868	0.17925	0.21226	1	7.0948e-05
gtcaagc	0.35802	0.25926	0.22222	0.16049	1	2.7107e-05
gtcaagg	0.34000	0.20000	0.22000	0.24000	1	3.3466e-05
gtcaagt	0.29365	0.13492	0.20635	0.36508	1	4.2167e-05
gtcaata	0.30631	0.13964	0.22072	0.33333	1	7.4294e-05
gtcaatc	0.39806	0.18447	0.16505	0.25243	1	3.4470e-05
gtcaatg	0.34426	0.18852	0.20492	0.26230	1	4.0828e-05
gtcaatt	0.32051	0.14957	0.24359	0.28632	1	7.8310e-05
gtcacaa	0.38922	0.19760	0.14970	0.26347	1	5.5888e-05
gtcacac	0.32530	0.18072	0.19277	0.30120	1	2.7777e-05
gtcacag	0.27523	0.19266	0.27523	0.25688	1	3.6478e-05
gtcacat	0.28049	0.18902	0.14634	0.38415	1	5.4884e-05
gtcacca	0.35577	0.16346	0.20192	0.27885	1	3.4804e-05
gtcaccc	0.22078	0.20779	0.29870	0.27273	1	2.5769e-05
gtcaccg	0.23077	0.21154	0.19231	0.36538	1	1.7402e-05
gtcacct	0.27103	0.19626	0.12150	0.41121	1	3.5808e-05
gtcacga	0.47761	0.13433	0.11940	0.26866	1	2.2422e-05
gtcacgc	0.33333	0.11905	0.21429	0.33333	1	1.4056e-05
gtcacgg	0.29412	0.29412	0.23529	0.17647	1	1.1378e-05
gtcacgt	0.13386	0.11811	0.57480	0.17323	1	4.2502e-05
gtcacta	0.32143	0.18571	0.15000	0.34286	1	4.6852e-05
gtcactc	0.37662	0.18182	0.09091	0.35065	1	2.5769e-05
gtcactg	0.28926	0.21488	0.15702	0.33884	1	4.0494e-05
gtcactt	0.16580	0.24352	0.19171	0.39896	1	6.4589e-05
gtcagaa	0.42969	0.10156	0.18750	0.28125	1	4.2836e-05
gtcagac	0.43548	0.09677	0.25806	0.20968	1	2.0749e-05
gtcagag	0.36364	0.16883	0.19481	0.27273	1	2.5769e-05
gtcagat	0.36471	0.24706	0.11765	0.27059	1	2.8446e-05
gtcagca	0.40000	0.12000	0.18000	0.30000	1	3.3466e-05
gtcagcc	0.30303	0.18182	0.19697	0.31818	1	2.2087e-05
gtcagcg	0.26316	0.19298	0.15789	0.38596	1	1.9076e-05
gtcagct	0.28125	0.15625	0.23438	0.32812	1	2.1418e-05
gtcagga	0.42424	0.15152	0.12121	0.30303	1	2.2087e-05
gtcaggc	0.41463	0.12195	0.12195	0.34146	1	1.3721e-05
gtcaggg	0.32000	0.20000	0.10000	0.38000	1	1.6733e-05
gtcaggt	0.22449	0.16327	0.28571	0.32653	1	1.6398e-05
gtcagta	0.39695	0.12214	0.11450	0.36641	1	4.3840e-05
gtcagtc	0.35821	0.19403	0.13433	0.31343	1	2.2422e-05
gtcagtg	0.30000	0.20000	0.27143	0.22857	1	2.3426e-05
gtcagtt	0.26357	0.16279	0.20155	0.37209	1	4.3171e-05
gtcataa	0.32836	0.15423	0.16915	0.34826	1	6.7266e-05
gtcatac	0.27338	0.10791	0.12230	0.49640	1	4.6517e-05
gtcatag	0.39806	0.19417	0.14563	0.26214	1	3.4470e-05
gtcatat	0.38824	0.13333	0.12549	0.35294	1	8.5338e-05
gtcatca	0.32020	0.19704	0.15764	0.32512	1	6.7936e-05
gtcatcc	0.31148	0.18852	0.13934	0.36066	1	4.0828e-05
gtcatcg	0.49000	0.20500	0.12500	0.18000	1	6.6932e-05
gtcatct	0.39855	0.14855	0.10145	0.35145	1	9.2366e-05
gtcatga	0.29752	0.19835	0.13223	0.37190	1	4.0494e-05
gtcatgc	0.28736	0.24138	0.17241	0.29885	1	2.9115e-05
gtcatgg	0.41270	0.14286	0.17460	0.26984	1	2.1083e-05
gtcatgt	0.24074	0.19444	0.21296	0.35185	1	3.6143e-05
gtcatta	0.25126	0.18593	0.19095	0.37186	1	6.6597e-05
gtcattc	0.34483	0.22414	0.13218	0.29885	1	5.8231e-05
gtcattg	0.31847	0.16561	0.22930	0.28662	1	5.2541e-05
gtcattt	0.19828	0.20690	0.13793	0.45690	1	1.1646e-04
gtccaaa	0.34459	0.14865	0.14189	0.36486	1	4.9529e-05
gtccaac	0.31081	0.12162	0.25676	0.31081	1	2.4765e-05
gtccaag	0.35714	0.15714	0.20000	0.28571	1	2.3426e-05
gtccaat	0.33945	0.12844	0.21101	0.32110	1	3.6478e-05
gtccaca	0.20312	0.17188	0.23438	0.39062	1	2.1418e-05
gtccacc	0.30612	0.26531	0.22449	0.20408	1	1.6398e-05
gtccacg	0.19565	0.32609	0.15217	0.32609	1	1.5394e-05
gtccact	0.33333	0.15278	0.19444	0.31944	1	2.4095e-05
gtccaga	0.40426	0.19149	0.12766	0.27660	1	1.5729e-05
gtccagc	0.20588	0.26471	0.23529	0.29412	1	1.1378e-05
gtccagg	0.43333	0.13333	0.20000	0.23333	1	1.0040e-05
gtccagt	0.25490	0.15686	0.09804	0.49020	1	1.7068e-05
gtccata	0.25410	0.18852	0.13115	0.42623	1	4.0828e-05
gtccatc	0.26316	0.22368	0.26316	0.25000	1	2.5434e-05
gtccatg	0.22449	0.20408	0.12245	0.44898	1	1.6398e-05
gtccatt	0.24161	0.18121	0.22819	0.34899	1	4.9864e-05
gtcccaa	0.38571	0.18571	0.22857	0.20000	1	2.3426e-05
gtcccac	0.25000	0.21154	0.15385	0.38462	1	1.7402e-05
gtcccag	0.37037	0.18519	0.25926	0.18519	1	9.0358e-06
gtcccat	0.20000	0.26154	0.15385	0.38462	1	2.1753e-05
gtcccca	0.28205	0.25641	0.20513	0.25641	1	1.3052e-05
gtccccc	0.21875	0.40625	0.03125	0.34375	1	1.0709e-05
gtccccg	0.13636	0.36364	0.27273	0.22727	1	7.3625e-06
gtcccct	0.24590	0.21311	0.16393	0.37705	1	2.0414e-05
gtcccga	0.41667	0.16667	0.16667	0.25000	1	8.0318e-06
gtcccgc	0.22581	0.19355	0.19355	0.38710	1	1.0374e-05
gtcccgg	0.36000	0.16000	0.36000	0.12000	1	8.3665e-06
gtcccgt	0.25641	0.20513	0.15385	0.38462	1	1.3052e-05
gtcccta	0.35849	0.22642	0.18868	0.22642	1	1.7737e-05
gtccctc	0.34921	0.26984	0.12698	0.25397	1	2.1083e-05
gtccctg	0.27660	0.17021	0.21277	0.34043	1	1.5729e-05
gtccctt	0.19737	0.15132	0.23684	0.41447	1	5.0868e-05
gtccgaa	0.44068	0.13559	0.15254	0.27119	1	1.9745e-05
gtccgac	0.30000	0.20000	0.30000	0.20000	1	6.6932e-06
gtccgag	0.50000	0.09524	0.21429	0.19048	1	1.4056e-05
gtccgat	0.38462	0.16923	0.18462	0.26154	1	2.1753e-05
gtccgca	0.30357	0.26786	0.23214	0.19643	1	1.8741e-05
gtccgcc	0.32500	0.17500	0.12500	0.37500	1	1.3386e-05
gtccgcg	0.28125	0.06250	0.43750	0.21875	1	1.0709e-05
gtccgct	0.14286	0.17857	0.16071	0.51786	1	1.8741e-05
gtccgga	0.37838	0.16216	0.18919	0.27027	1	1.2382e-05
gtccggc	0.16667	0.30556	0.22222	0.30556	1	1.2048e-05
gtccggg	0.16667	0.16667	0.11905	0.54762	1	1.4056e-05
gtccggt	0.21622	0.18919	0.13514	0.45946	1	1.2382e-05
gtccgta	0.36765	0.20588	0.17647	0.25000	1	2.2757e-05
gtccgtc	0.28571	0.25714	0.22857	0.22857	1	1.1713e-05
gtccgtg	0.17647	0.32353	0.20588	0.29412	1	1.1378e-05
gtccgtt	0.19697	0.19697	0.16667	0.43939	1	2.2087e-05
gtcctaa	0.27957	0.17204	0.15054	0.39785	1	3.1123e-05
gtcctac	0.31343	0.13433	0.22388	0.32836	1	2.2422e-05
gtcctag	0.40816	0.26531	0.12245	0.20408	1	1.6398e-05
gtcctat	0.35849	0.17925	0.11321	0.34906	1	3.5474e-05
gtcctca	0.33333	0.16667	0.24359	0.25641	1	2.6103e-05
gtcctcc	0.24074	0.12963	0.16667	0.46296	1	1.8072e-05
gtcctcg	0.40816	0.14286	0.14286	0.30612	1	1.6398e-05
gtcctct	0.26364	0.14545	0.19091	0.40000	1	3.6812e-05
gtcctga	0.29630	0.22222	0.20370	0.27778	1	1.8072e-05
gtcctgc	0.27536	0.21739	0.14493	0.36232	1	2.3091e-05
gtcctgg	0.39655	0.05172	0.13793	0.41379	1	1.9410e-05
gtcctgt	0.28090	0.15730	0.16854	0.39326	1	2.9785e-05
gtcctta	0.27885	0.16346	0.13462	0.42308	1	3.4804e-05
gtccttc	0.23810	0.28571	0.11905	0.35714	1	4.2167e-05
gtccttg	0.21212	0.31313	0.08081	0.39394	1	3.3131e-05
gtccttt	0.21429	0.20000	0.12857	0.45714	1	9.3704e-05
gtcgaaa	0.38667	0.15333	0.20000	0.26000	1	5.0199e-05
gtcgaac	0.28889	0.17778	0.17778	0.35556	1	1.5060e-05
gtcgaag	0.42697	0.16854	0.22472	0.17978	1	2.9785e-05
gtcgaat	0.39535	0.15116	0.19767	0.25581	1	2.8781e-05
gtcgaca	0.44000	0.16000	0.22000	0.18000	1	1.6733e-05
gtcgacc	0.47619	0.04762	0.19048	0.28571	1	7.0278e-06
gtcgacg	0.37143	0.20000	0.17143	0.25714	1	1.1713e-05
gtcgact	0.31579	0.10526	0.23684	0.34211	1	1.2717e-05
gtcgaga	0.50794	0.14286	0.09524	0.25397	1	2.1083e-05
gtcgagc	0.30303	0.24242	0.27273	0.18182	1	1.1044e-05
gtcgagg	0.53125	0.18750	0.03125	0.25000	1	1.0709e-05
gtcgagt	0.39623	0.28302	0.07547	0.24528	1	1.7737e-05
gtcgata	0.29762	0.07143	0.22619	0.40476	1	2.8111e-05
gtcgatc	0.27869	0.22951	0.16393	0.32787	1	2.0414e-05
gtcgatg	0.35714	0.16071	0.28571	0.19643	1	1.8741e-05
gtcgatt	0.25510	0.21429	0.16327	0.36735	1	3.2796e-05
gtcgcaa	0.32099	0.19753	0.13580	0.34568	1	2.7107e-05
gtcgcac	0.29091	0.36364	0.16364	0.18182	1	1.8406e-05
gtcgcag	0.25000	0.17188	0.23438	0.34375	1	2.1418e-05
gtcgcat	0.27027	0.17568	0.12162	0.43243	1	2.4765e-05
gtcgcca	0.40000	0.16667	0.15000	0.28333	1	2.0079e-05
gtcgccc	0.33333	0.21429	0.19048	0.26190	1	1.4056e-05
gtcgccg	0.24390	0.46341	0.12195	0.17073	1	1.3721e-05
gtcgcct	0.16949	0.33898	0.23729	0.25424	1	1.9745e-05
gtcgcga	0.34211	0.13158	0.15789	0.36842	1	1.2717e-05
gtcgcgc	0.21429	0.26190	0.26190	0.26190	1	1.4056e-05
gtcgcgg	0.27273	0.31818	0.36364	0.04545	1	7.3625e-06
gtcgcgt	0.20408	0.22449	0.16327	0.40816	1	1.6398e-05
gtcgcta	0.27273	0.19481	0.18182	0.35065	1	2.5769e-05
gtcgctc	0.32653	0.24490	0.10204	0.32653	1	1.6398e-05
gtcgctg	0.29167	0.18750	0.20833	0.31250	1	1.6064e-05
gtcgctt	0.26531	0.14286	0.15306	0.43878	1	3.2796e-05
gtcggaa	0.38356	0.16438	0.20548	0.24658	1	2.4430e-05
gtcggac	0.30435	0.21739	0.34783	0.13043	1	7.6971e-06
gtcggag	0.45238	0.11905	0.16667	0.26190	1	1.4056e-05
gtcggat	0.21951	0.31707	0.12195	0.34146	1	1.3721e-05
gtcggca	0.38776	0.16327	0.16327	0.28571	1	1.6398e-05
gtcggcc	0.28125	0.15625	0.25000	0.31250	1	1.0709e-05
gtcggcg	0.19444	0.22222	0.36111	0.22222	1	1.2048e-05
gtcggct	0.33333	0.18750	0.14583	0.33333	1	1.6064e-05
gtcggga	0.43243	0.08108	0.16216	0.32432	1	1.2382e-05
gtcgggc	0.33333	0.16667	0.26667	0.23333	1	1.0040e-05
gtcgggg	0.30000	0.20000	0.20000	0.30000	1	3.3466e-06
gtcgggt	0.69492	0.06780	0.03390	0.20339	1	1.9745e-05
gtcggta	0.28571	0.17857	0.25000	0.28571	1	1.8741e-05
gtcggtc	0.20000	0.20000	0.28000	0.32000	1	8.3665e-06
gtcggtg	0.35897	0.15385	0.28205	0.20513	1	1.3052e-05
gtcggtt	0.22414	0.27586	0.18966	0.31034	1	1.9410e-05
gtcgtaa	0.34066	0.17582	0.13187	0.35165	1	3.0454e-05
gtcgtac	0.40299	0.17910	0.22388	0.19403	1	2.2422e-05
gtcgtag	0.33333	0.13333	0.20000	0.33333	1	1.5060e-05
gtcgtat	0.39623	0.12264	0.15094	0.33019	1	3.5474e-05
gtcgtca	0.29787	0.31915	0.06383	0.31915	1	3.1458e-05
gtcgtcc	0.31579	0.26316	0.15789	0.26316	1	1.2717e-05
gtcgtcg	0.23913	0.23913	0.19565	0.32609	1	1.5394e-05
gtcgtct	0.31667	0.13333	0.15000	0.40000	1	2.0079e-05
gtcgtga	0.33871	0.11290	0.14516	0.40323	1	2.0749e-05
gtcgtgc	0.26000	0.10000	0.22000	0.42000	1	1.6733e-05
gtcgtgg	0.16981	0.15094	0.33962	0.33962	1	1.7737e-05
gtcgtgt	0.28302	0.18868	0.26415	0.26415	1	1.7737e-05
gtcgtta	0.32110	0.22018	0.11009	0.34862	1	3.6478e-05
gtcgttc	0.24324	0.10811	0.24324	0.40541	1	2.4765e-05
gtcgttg	0.37374	0.17172	0.20202	0.25253	1	3.3131e-05
gtcgttt	0.28125	0.19375	0.16875	0.35625	1	5.3545e-05
gtctaaa	0.42405	0.16456	0.15823	0.25316	1	5.2876e-05
gtctaac	0.37349	0.20482	0.18072	0.24096	1	2.7777e-05
gtctaag	0.35385	0.12308	0.18462	0.33846	1	2.1753e-05
gtctaat	0.30935	0.19424	0.19424	0.30216	1	4.6517e-05
gtctaca	0.30000	0.12222	0.21111	0.36667	1	3.0119e-05
gtctacc	0.32558	0.13953	0.30233	0.23256	1	1.4390e-05
gtctacg	0.31707	0.12195	0.21951	0.34146	1	1.3721e-05
gtctact	0.36264	0.12088	0.21978	0.29670	1	3.0454e-05
gtctaga	0.31429	0.11429	0.21429	0.35714	1	2.3426e-05
gtctagc	0.37288	0.20339	0.11864	0.30508	1	1.9745e-05
gtctagg	0.32558	0.32558	0.13953	0.20930	1	1.4390e-05
gtctagt	0.21333	0.06667	0.26667	0.45333	1	2.5099e-05
gtctata	0.33803	0.16901	0.14085	0.35211	1	4.7521e-05
gtctatc	0.56757	0.10135	0.07432	0.25676	1	4.9529e-05
gtctatg	0.31579	0.22807	0.08772	0.36842	1	1.9076e-05
gtctatt	0.24171	0.17062	0.16588	0.42180	1	7.0613e-05
gtctcaa	0.32824	0.21374	0.17557	0.28244	1	4.3840e-05
gtctcac	0.29545	0.20455	0.11364	0.38636	1	2.9450e-05
gtctcag	0.28571	0.25714	0.18571	0.27143	1	2.3426e-05
gtctcat	0.24348	0.26957	0.22609	0.26087	1	3.8486e-05
gtctcca	0.26027	0.23288	0.15068	0.35616	1	2.4430e-05
gtctccc	0.25532	0.25532	0.12766	0.36170	1	1.5729e-05
gtctccg	0.13953	0.30233	0.13953	0.41860	1	1.4390e-05
gtctcct	0.22222	0.36364	0.09091	0.32323	1	3.3131e-05
gtctcga	0.33333	0.13333	0.33333	0.20000	1	2.5099e-05
gtctcgc	0.33333	0.15152	0.18182	0.33333	1	1.1044e-05
gtctcgg	0.30952	0.19048	0.23810	0.26190	1	1.4056e-05
gtctcgt	0.35714	0.21429	0.17857	0.25000	1	1.8741e-05
gtctcta	0.28070	0.14035	0.21930	0.35965	1	3.8151e-05
gtctctc	0.17045	0.21591	0.18182	0.43182	1	2.9450e-05
gtctctg	0.18812	0.31683	0.11881	0.37624	1	3.3800e-05
gtctctt	0.17778	0.20444	0.19111	0.42667	1	7.5298e-05
gtctgaa	0.42574	0.10891	0.21782	0.24752	1	3.3800e-05
gtctgac	0.30882	0.16176	0.32353	0.20588	1	2.2757e-05
gtctgag	0.34483	0.31034	0.10345	0.24138	1	1.9410e-05
gtctgat	0.22472	0.16854	0.20225	0.40449	1	2.9785e-05
gtctgca	0.31034	0.13793	0.26437	0.28736	1	2.9115e-05
gtctgcc	0.36364	0.25455	0.18182	0.20000	1	1.8406e-05
gtctgcg	0.13333	0.24444	0.22222	0.40000	1	1.5060e-05
gtctgct	0.20000	0.20000	0.17895	0.42105	1	3.1793e-05
gtctgga	0.42105	0.15789	0.14035	0.28070	1	1.9076e-05
gtctggc	0.25862	0.17241	0.20690	0.36207	1	1.9410e-05
gtctggg	0.21277	0.17021	0.06383	0.55319	1	1.5729e-05
gtctggt	0.36538	0.13462	0.19231	0.30769	1	1.7402e-05
gtctgta	0.33333	0.19355	0.19355	0.27957	1	3.1123e-05
gtctgtc	0.19780	0.18681	0.17582	0.43956	1	3.0454e-05
gtctgtg	0.24675	0.22078	0.14286	0.38961	1	2.5769e-05
gtctgtt	0.22642	0.16981	0.16981	0.43396	1	5.3211e-05
gtcttaa	0.32258	0.17742	0.13710	0.36290	1	4.1498e-05
gtcttac	0.25225	0.18018	0.18919	0.37838	1	3.7147e-05
gtcttag	0.24219	0.19531	0.33594	0.22656	1	4.2836e-05
gtcttat	0.28042	0.24339	0.10053	0.37566	1	6.3250e-05
gtcttca	0.40116	0.15116	0.12791	0.31977	1	5.7561e-05
gtcttcc	0.29577	0.20423	0.21127	0.28873	1	4.7521e-05
gtcttcg	0.32292	0.18750	0.20833	0.28125	1	3.2127e-05
gtcttct	0.23737	0.20707	0.14646	0.40909	1	6.6262e-05
gtcttga	0.33974	0.23077	0.16667	0.26282	1	5.2207e-05
gtcttgc	0.27184	0.26214	0.10680	0.35922	1	3.4470e-05
gtcttgg	0.17544	0.38596	0.14035	0.29825	1	3.8151e-05
gtcttgt	0.28481	0.17089	0.14557	0.39873	1	5.2876e-05
gtcttta	0.27778	0.24074	0.10648	0.37500	1	7.2286e-05
gtctttc	0.25714	0.20000	0.13333	0.40952	1	7.0278e-05
gtctttg	0.30000	0.14444	0.20000	0.35556	1	6.0238e-05
gtctttt	0.18397	0.24954	0.12933	0.43716	1	1.8373e-04
gtgaaaa	0.57532	0.07747	0.16499	0.18221	1	2.3326e-04
gtgaaac	0.33155	0.16043	0.18182	0.32620	1	6.2581e-05
gtgaaag	0.40551	0.16929	0.16535	0.25984	1	8.5003e-05
gtgaaat	0.39169	0.11573	0.18398	0.30861	1	1.1278e-04
gtgaaca	0.38158	0.19737	0.15789	0.26316	1	5.0868e-05
gtgaacc	0.37500	0.26389	0.08333	0.27778	1	2.4095e-05
gtgaacg	0.33333	0.20690	0.18391	0.27586	1	2.9115e-05
gtgaact	0.26446	0.14050	0.25620	0.33884	1	4.0494e-05
gtgaaga	0.40928	0.13924	0.22785	0.22363	1	7.9314e-05
gtgaagc	0.33333	0.15789	0.20175	0.30702	1	3.8151e-05
gtgaagg	0.30357	0.25893	0.16071	0.27679	1	3.7482e-05
gtgaagt	0.28105	0.10458	0.30719	0.30719	1	5.1203e-05
gtgaata	0.35094	0.11698	0.16226	0.36981	1	8.8684e-05
gtgaatc	0.47191	0.17978	0.11236	0.23596	1	2.9785e-05
gtgaatg	0.31868	0.12088	0.23626	0.32418	1	6.0908e-05
gtgaatt	0.26122	0.12653	0.16327	0.44898	1	8.1991e-05
gtgacaa	0.39444	0.17778	0.20000	0.22778	1	6.0238e-05
gtgacac	0.40594	0.19802	0.16832	0.22772	1	3.3800e-05
gtgacag	0.30645	0.27419	0.20968	0.20968	1	4.1498e-05
gtgacat	0.33333	0.13793	0.21839	0.31034	1	5.8231e-05
gtgacca	0.32857	0.21429	0.21429	0.24286	1	2.3426e-05
gtgaccc	0.29688	0.18750	0.32812	0.18750	1	2.1418e-05
gtgaccg	0.24490	0.32653	0.18367	0.24490	1	1.6398e-05
gtgacct	0.26582	0.21519	0.20253	0.31646	1	2.6438e-05
gtgacga	0.38636	0.28409	0.10227	0.22727	1	2.9450e-05
gtgacgc	0.34483	0.12644	0.29885	0.22989	1	2.9115e-05
gtgacgg	0.22642	0.32075	0.15094	0.30189	1	1.7737e-05
gtgacgt	0.29885	0.05747	0.18391	0.45977	1	2.9115e-05
gtgacta	0.18045	0.25564	0.16541	0.39850	1	4.4510e-05
gtgactc	0.34667	0.21333	0.10667	0.33333	1	2.5099e-05
gtgactg	0.30337	0.28090	0.20225	0.21348	1	2.9785e-05
gtgactt	0.12579	0.23270	0.23270	0.40881	1	5.3211e-05
gtgagaa	0.48357	0.12207	0.18779	0.20657	1	7.1282e-05
gtgagac	0.43421	0.13158	0.15789	0.27632	1	2.5434e-05
gtgagag	0.42574	0.11881	0.24752	0.20792	1	3.3800e-05
gtgagat	0.32192	0.13699	0.19863	0.34247	1	4.8860e-05
gtgagca	0.30000	0.20000	0.23333	0.26667	1	4.0159e-05
gtgagcc	0.37931	0.20690	0.17241	0.24138	1	1.9410e-05
gtgagcg	0.27273	0.21818	0.25455	0.25455	1	1.8406e-05
gtgagct	0.22222	0.22222	0.23457	0.32099	1	2.7107e-05
gtgagga	0.42529	0.14943	0.22989	0.19540	1	2.9115e-05
gtgaggc	0.23611	0.12500	0.23611	0.40278	1	2.4095e-05
gtgaggg	0.31343	0.19403	0.25373	0.23881	1	2.2422e-05
gtgaggt	0.27848	0.07595	0.36709	0.27848	1	2.6438e-05
gtgagta	0.32743	0.17699	0.23009	0.26549	1	3.7816e-05
gtgagtc	0.42308	0.17308	0.13462	0.26923	1	1.7402e-05
gtgagtg	0.20270	0.22973	0.25676	0.31081	1	2.4765e-05
gtgagtt	0.26000	0.18000	0.25000	0.31000	1	3.3466e-05
gtgataa	0.38408	0.11765	0.11765	0.38062	1	9.6716e-05
gtgatac	0.23636	0.18182	0.20909	0.37273	1	3.6812e-05
gtgatag	0.36496	0.21168	0.16788	0.25547	1	4.5848e-05
gtgatat	0.38908	0.13311	0.11945	0.35836	1	9.8055e-05
gtgatca	0.34266	0.14685	0.13986	0.37063	1	4.7856e-05
gtgatcc	0.26415	0.15094	0.26415	0.32075	1	1.7737e-05
gtgatcg	0.27692	0.32308	0.21538	0.18462	1	2.1753e-05
gtgatct	0.20863	0.18705	0.19424	0.41007	1	4.6517e-05
gtgatga	0.31944	0.18519	0.24074	0.25463	1	7.2286e-05
gtgatgc	0.29808	0.17308	0.18269	0.34615	1	3.4804e-05
gtgatgg	0.30435	0.20652	0.15217	0.33696	1	3.0789e-05
gtgatgt	0.34545	0.10909	0.28485	0.26061	1	5.5219e-05
gtgatta	0.30806	0.13744	0.18483	0.36967	1	7.0613e-05
gtgattc	0.31148	0.19672	0.14754	0.34426	1	4.0828e-05
gtgattg	0.32530	0.23494	0.21084	0.22892	1	5.5553e-05
gtgattt	0.18836	0.17808	0.17808	0.45548	1	9.7720e-05
gtgcaaa	0.45455	0.14229	0.19368	0.20949	1	8.4669e-05
gtgcaac	0.37069	0.16379	0.23276	0.23276	1	3.8820e-05
gtgcaag	0.27742	0.14839	0.38710	0.18710	1	5.1872e-05
gtgcaat	0.31138	0.14970	0.18563	0.35329	1	5.5888e-05
gtgcaca	0.22430	0.20561	0.21495	0.35514	1	3.5808e-05
gtgcacc	0.53333	0.13333	0.09333	0.24000	1	2.5099e-05
gtgcacg	0.20312	0.15625	0.34375	0.29688	1	2.1418e-05
gtgcact	0.27273	0.13636	0.19318	0.39773	1	2.9450e-05
gtgcaga	0.38136	0.11017	0.25424	0.25424	1	3.9490e-05
gtgcagc	0.36082	0.15464	0.26804	0.21649	1	3.2462e-05
gtgcagg	0.30159	0.22222	0.17460	0.30159	1	2.1083e-05
gtgcagt	0.42735	0.13675	0.15385	0.28205	1	3.9155e-05
gtgcata	0.30519	0.16883	0.13636	0.38961	1	5.1537e-05
gtgcatc	0.21795	0.17949	0.20513	0.39744	1	2.6103e-05
gtgcatg	0.32258	0.24731	0.16129	0.26882	1	3.1123e-05
gtgcatt	0.27556	0.16444	0.16000	0.40000	1	7.5298e-05
gtgccaa	0.34234	0.10811	0.24324	0.30631	1	3.7147e-05
gtgccac	0.41667	0.14286	0.17857	0.26190	1	2.8111e-05
gtgccag	0.35802	0.18519	0.14815	0.30864	1	2.7107e-05
gtgccat	0.36290	0.19355	0.12097	0.32258	1	4.1498e-05
gtgccca	0.34483	0.25862	0.10345	0.29310	1	1.9410e-05
gtgcccc	0.10526	0.21053	0.28947	0.39474	1	1.2717e-05
gtgcccg	0.18919	0.13514	0.16216	0.51351	1	1.2382e-05
gtgccct	0.24051	0.20253	0.16456	0.39241	1	2.6438e-05
gtgccga	0.39216	0.17647	0.11765	0.31373	1	1.7068e-05
gtgccgc	0.26316	0.14035	0.19298	0.40351	1	1.9076e-05
gtgccgg	0.26667	0.20000	0.30000	0.23333	1	1.0040e-05
gtgccgt	0.21333	0.18667	0.22667	0.37333	1	2.5099e-05
gtgccta	0.33784	0.18919	0.10811	0.36486	1	2.4765e-05
gtgcctc	0.15873	0.22222	0.26984	0.34921	1	2.1083e-05
gtgcctg	0.23457	0.25926	0.19753	0.30864	1	2.7107e-05
gtgcctt	0.17931	0.32414	0.15862	0.33793	1	4.8525e-05
gtgcgaa	0.41237	0.12371	0.20619	0.25773	1	3.2462e-05
gtgcgac	0.32500	0.12500	0.32500	0.22500	1	1.3386e-05
gtgcgag	0.31915	0.10638	0.25532	0.31915	1	1.5729e-05
gtgcgat	0.29730	0.14865	0.28378	0.27027	1	2.4765e-05
gtgcgca	0.26866	0.22388	0.14925	0.35821	1	2.2422e-05
gtgcgcc	0.25926	0.25926	0.12963	0.35185	1	1.8072e-05
gtgcgcg	0.23913	0.23913	0.30435	0.21739	1	1.5394e-05
gtgcgct	0.25926	0.07407	0.24074	0.42593	1	1.8072e-05
gtgcgga	0.39394	0.16667	0.22727	0.21212	1	2.2087e-05
gtgcggc	0.27160	0.18519	0.28395	0.25926	1	2.7107e-05
gtgcggg	0.25000	0.07143	0.21429	0.46429	1	1.8741e-05
gtgcggt	0.23377	0.10390	0.35065	0.31169	1	2.5769e-05
gtgcgta	0.33673	0.11224	0.09184	0.45918	1	3.2796e-05
gtgcgtc	0.40476	0.16667	0.02381	0.40476	1	1.4056e-05
gtgcgtg	0.18056	0.26389	0.13889	0.41667	1	2.4095e-05
gtgcgtt	0.10989	0.20879	0.19780	0.48352	1	3.0454e-05
gtgctaa	0.48529	0.09559	0.16912	0.25000	1	4.5514e-05
gtgctac	0.22989	0.26437	0.13793	0.36782	1	2.9115e-05
gtgctag	0.31944	0.20833	0.19444	0.27778	1	2.4095e-05
gtgctat	0.26846	0.14094	0.14765	0.44295	1	4.9864e-05
gtgctca	0.38636	0.22727	0.14773	0.23864	1	2.9450e-05
gtgctcc	0.30000	0.28333	0.13333	0.28333	1	2.0079e-05
gtgctcg	0.31746	0.14286	0.17460	0.36508	1	2.1083e-05
gtgctct	0.22609	0.17391	0.17391	0.42609	1	3.8486e-05
gtgctga	0.29825	0.14035	0.15789	0.40351	1	3.8151e-05
gtgctgc	0.31646	0.13924	0.13924	0.40506	1	2.6438e-05
gtgctgg	0.35065	0.25974	0.19481	0.19481	1	2.5769e-05
gtgctgt	0.23944	0.18310	0.19014	0.38732	1	4.7521e-05
gtgctta	0.34532	0.20144	0.15827	0.29496	1	4.6517e-05
gtgcttc	0.27273	0.17532	0.16883	0.38312	1	5.1537e-05
gtgcttg	0.28889	0.28889	0.13333	0.28889	1	4.5179e-05
gtgcttt	0.15357	0.20714	0.17143	0.46786	1	9.3704e-05
gtggaaa	0.47368	0.15480	0.17337	0.19814	1	1.0809e-04
gtggaac	0.35000	0.12500	0.21250	0.31250	1	2.6773e-05
gtggaag	0.24400	0.46800	0.14800	0.14000	1	8.3665e-05
gtggaat	0.35156	0.20312	0.18750	0.25781	1	4.2836e-05
gtggaca	0.33750	0.20000	0.21250	0.25000	1	2.6773e-05
gtggacc	0.18182	0.36364	0.09091	0.36364	1	1.1044e-05
gtggacg	0.45455	0.27273	0.15909	0.11364	1	1.4725e-05
gtggact	0.29032	0.14516	0.29032	0.27419	1	2.0749e-05
gtggaga	0.38261	0.15652	0.25217	0.20870	1	3.8486e-05
gtggagc	0.38462	0.17308	0.11538	0.32692	1	1.7402e-05
gtggagg	0.43939	0.12121	0.19697	0.24242	1	2.2087e-05
gtggagt	0.29870	0.19481	0.18182	0.32468	1	2.5769e-05
gtggata	0.32039	0.20388	0.13592	0.33981	1	3.4470e-05
gtggatc	0.26087	0.17391	0.15217	0.41304	1	1.5394e-05
gtggatg	0.32222	0.16667	0.22222	0.28889	1	3.0119e-05
gtggatt	0.16993	0.14379	0.13072	0.55556	1	5.1203e-05
gtggcaa	0.53670	0.13761	0.11927	0.20642	1	7.2955e-05
gtggcac	0.37179	0.24359	0.10256	0.28205	1	2.6103e-05
gtggcag	0.30488	0.25610	0.20732	0.23171	1	2.7442e-05
gtggcat	0.32174	0.20000	0.16522	0.31304	1	3.8486e-05
gtggcca	0.27692	0.16923	0.16923	0.38462	1	2.1753e-05
gtggccc	0.15789	0.28947	0.26316	0.28947	1	1.2717e-05
gtggccg	0.24528	0.30189	0.24528	0.20755	1	1.7737e-05
gtggcct	0.30769	0.16923	0.16923	0.35385	1	2.1753e-05
gtggcga	0.47692	0.12308	0.18462	0.21538	1	2.1753e-05
gtggcgc	0.10909	0.18182	0.36364	0.34545	1	1.8406e-05
gtggcgg	0.20370	0.16667	0.37037	0.25926	1	1.8072e-05
gtggcgt	0.27692	0.29231	0.10769	0.32308	1	2.1753e-05
gtggcta	0.31395	0.18605	0.23256	0.26744	1	2.8781e-05
gtggctc	0.25352	0.22535	0.21127	0.30986	1	2.3761e-05
gtggctg	0.27397	0.21918	0.12329	0.38356	1	2.4430e-05
gtggctt	0.18367	0.18367	0.21088	0.42177	1	4.9195e-05
gtgggaa	0.47368	0.12782	0.20301	0.19549	1	4.4510e-05
gtgggac	0.49123	0.10526	0.19298	0.21053	1	1.9076e-05
gtgggag	0.37097	0.11290	0.37097	0.14516	1	2.0749e-05
gtgggat	0.34940	0.12048	0.28916	0.24096	1	2.7777e-05
gtgggca	0.31667	0.15000	0.30000	0.23333	1	2.0079e-05
gtgggcc	0.27778	0.22222	0.11111	0.38889	1	1.2048e-05
gtgggcg	0.17500	0.20000	0.32500	0.30000	1	1.3386e-05
gtgggct	0.29231	0.12308	0.18462	0.40000	1	2.1753e-05
gtgggga	0.46377	0.10145	0.37681	0.05797	1	2.3091e-05
gtggggc	0.45000	0.17500	0.12500	0.25000	1	1.3386e-05
gtggggg	0.21667	0.18333	0.36667	0.23333	1	2.0079e-05
gtggggt	0.33333	0.18056	0.22222	0.26389	1	2.4095e-05
gtgggta	0.38462	0.17949	0.15385	0.28205	1	2.6103e-05
gtgggtc	0.31429	0.25714	0.08571	0.34286	1	1.1713e-05
gtgggtg	0.34783	0.13913	0.12174	0.39130	1	3.8486e-05
gtgggtt	0.25000	0.19444	0.20833	0.34722	1	2.4095e-05
gtggtaa	0.34416	0.16234	0.14935	0.34416	1	5.1537e-05
gtggtac	0.28205	0.15385	0.23077	0.33333	1	2.6103e-05
gtggtag	0.19820	0.18919	0.14414	0.46847	1	3.7147e-05
gtggtat	0.28859	0.17450	0.24832	0.28859	1	4.9864e-05
gtggtca	0.28916	0.16867	0.19277	0.34940	1	2.7777e-05
gtggtcc	0.26667	0.08889	0.17778	0.46667	1	1.5060e-05
gtggtcg	0.23077	0.17949	0.20513	0.38462	1	1.3052e-05
gtggtct	0.15873	0.19048	0.20635	0.44444	1	2.1083e-05
gtggtga	0.34211	0.21053	0.12281	0.32456	1	3.8151e-05
gtggtgc	0.41772	0.24051	0.08861	0.25316	1	2.6438e-05
gtggtgg	0.41237	0.16495	0.12371	0.29897	1	3.2462e-05
gtggtgt	0.26724	0.14655	0.20690	0.37931	1	3.8820e-05
gtggtta	0.27344	0.22656	0.21094	0.28906	1	4.2836e-05
gtggttc	0.21519	0.22785	0.13924	0.41772	1	2.6438e-05
gtggttg	0.23333	0.24167	0.20000	0.32500	1	4.0159e-05
gtggttt	0.24852	0.26036	0.15385	0.33728	1	5.6557e-05
gtgtaaa	0.31949	0.18850	0.18211	0.30990	1	1.0475e-04
gtgtaac	0.37931	0.14655	0.14655	0.32759	1	3.8820e-05
gtgtaag	0.41497	0.14966	0.18367	0.25170	1	4.9195e-05
gtgtaat	0.30806	0.16114	0.17536	0.35545	1	7.0613e-05
gtgtaca	0.31429	0.14286	0.15000	0.39286	1	4.6852e-05
gtgtacc	0.30645	0.35484	0.17742	0.16129	1	2.0749e-05
gtgtacg	0.22581	0.16129	0.31183	0.30108	1	3.1123e-05
gtgtact	0.34247	0.12329	0.24658	0.28767	1	4.8860e-05
gtgtaga	0.62312	0.06030	0.13065	0.18593	1	6.6597e-05
gtgtagc	0.23188	0.18841	0.26087	0.31884	1	2.3091e-05
gtgtagg	0.28205	0.16667	0.24359	0.30769	1	2.6103e-05
gtgtagt	0.24823	0.15603	0.24113	0.35461	1	4.7187e-05
gtgtata	0.25430	0.14777	0.12027	0.47766	1	9.7386e-05
gtgtatc	0.23622	0.16535	0.18110	0.41732	1	4.2502e-05
gtgtatg	0.25000	0.17778	0.20556	0.36667	1	6.0238e-05
gtgtatt	0.24585	0.17940	0.13289	0.44186	1	1.0073e-04
gtgtcaa	0.32886	0.12752	0.28188	0.26174	1	4.9864e-05
gtgtcac	0.36697	0.18349	0.14679	0.30275	1	3.6478e-05
gtgtcag	0.19767	0.25581	0.10465	0.44186	1	2.8781e-05
gtgtcat	0.28834	0.17791	0.13497	0.39877	1	5.4549e-05
gtgtcca	0.46939	0.14286	0.16327	0.22449	1	1.6398e-05
gtgtccc	0.29032	0.19355	0.19355	0.32258	1	1.0374e-05
gtgtccg	0.31707	0.26829	0.12195	0.29268	1	1.3721e-05
gtgtcct	0.20833	0.15625	0.15625	0.47917	1	3.2127e-05
gtgtcga	0.50769	0.04615	0.10769	0.33846	1	2.1753e-05
gtgtcgc	0.31373	0.25490	0.15686	0.27451	1	1.7068e-05
gtgtcgg	0.24242	0.39394	0.06061	0.30303	1	1.1044e-05
gtgtcgt	0.13433	0.23881	0.20896	0.41791	1	2.2422e-05
gtgtcta	0.25000	0.14773	0.15909	0.44318	1	2.9450e-05
gtgtctc	0.25641	0.16667	0.19231	0.38462	1	2.6103e-05
gtgtctg	0.22093	0.17442	0.23256	0.37209	1	2.8781e-05
gtgtctt	0.17033	0.17582	0.25824	0.39560	1	6.0908e-05
gtgtgaa	0.50877	0.13450	0.15789	0.19883	1	5.7227e-05
gtgtgac	0.33673	0.18367	0.21429	0.26531	1	3.2796e-05
gtgtgag	0.32941	0.12941	0.17647	0.36471	1	2.8446e-05
gtgtgat	0.30070	0.09790	0.24476	0.35664	1	4.7856e-05
gtgtgca	0.37168	0.15929	0.18584	0.28319	1	3.7816e-05
gtgtgcc	0.33333	0.20833	0.16667	0.29167	1	2.4095e-05
gtgtgcg	0.20732	0.15854	0.26829	0.36585	1	2.7442e-05
gtgtgct	0.26984	0.21429	0.11111	0.40476	1	4.2167e-05
gtgtgga	0.34146	0.15854	0.26829	0.23171	1	2.7442e-05
gtgtggc	0.40698	0.11628	0.15116	0.32558	1	2.8781e-05
gtgtggg	0.22105	0.13684	0.15789	0.48421	1	3.1793e-05
gtgtggt	0.27473	0.15385	0.26374	0.30769	1	3.0454e-05
gtgtgta	0.33333	0.19403	0.11443	0.35821	1	6.7266e-05
gtgtgtc	0.35616	0.16438	0.17808	0.30137	1	2.4430e-05
gtgtgtg	0.12389	0.19912	0.20796	0.46903	1	7.5633e-05
gtgtgtt	0.21739	0.11801	0.19876	0.46584	1	5.3880e-05
gtgttaa	0.32645	0.14876	0.33471	0.19008	1	8.0987e-05
gtgttac	0.26761	0.26056	0.16197	0.30986	1	4.7521e-05
gtgttag	0.63102	0.10695	0.06952	0.19251	1	6.2581e-05
gtgttat	0.32292	0.14062	0.15104	0.38542	1	6.4254e-05
gtgttca	0.39583	0.13889	0.18056	0.28472	1	4.8191e-05
gtgttcc	0.29213	0.21348	0.20225	0.29213	1	2.9785e-05
gtgttcg	0.38571	0.17143	0.10000	0.34286	1	2.3426e-05
gtgttct	0.20745	0.21277	0.17021	0.40957	1	6.2916e-05
gtgttga	0.34320	0.12426	0.19527	0.33728	1	5.6557e-05
gtgttgc	0.37190	0.16529	0.13223	0.33058	1	4.0494e-05
gtgttgg	0.44762	0.20000	0.10476	0.24762	1	3.5139e-05
gtgttgt	0.29016	0.13990	0.20207	0.36788	1	6.4589e-05
gtgttta	0.30806	0.19905	0.09953	0.39336	1	7.0613e-05
gtgtttc	0.27000	0.18000	0.16000	0.39000	1	6.6932e-05
gtgtttg	0.22751	0.22222	0.15344	0.39683	1	6.3250e-05
gtgtttt	0.28501	0.18182	0.15971	0.37346	1	1.3621e-04
gttaaaa	0.37267	0.13458	0.21118	0.28157	1	1.6164e-04
gttaaac	0.39535	0.14419	0.17674	0.28372	1	7.1951e-05
gttaaag	0.41544	0.16176	0.18382	0.23897	1	9.1027e-05
gttaaat	0.37758	0.16814	0.16519	0.28909	1	1.1345e-04
gttaaca	0.36667	0.14762	0.18571	0.30000	1	7.0278e-05
gttaacc	0.38614	0.12871	0.13861	0.34653	1	3.3800e-05
gttaacg	0.43411	0.19380	0.12403	0.24806	1	4.3171e-05
gttaact	0.26061	0.16970	0.14545	0.42424	1	5.5219e-05
gttaaga	0.33071	0.10236	0.10630	0.46063	1	8.5003e-05
gttaagc	0.35897	0.18803	0.08547	0.36752	1	3.9155e-05
gttaagg	0.30147	0.16176	0.22794	0.30882	1	4.5514e-05
gttaagt	0.32203	0.14124	0.16384	0.37288	1	5.9234e-05
gttaata	0.33046	0.12931	0.19253	0.34770	1	1.1646e-04
gttaatc	0.38650	0.14724	0.14724	0.31902	1	5.4549e-05
gttaatg	0.39394	0.21818	0.12121	0.26667	1	5.5219e-05
gttaatt	0.28736	0.12356	0.17241	0.41667	1	1.1646e-04
gttacaa	0.34956	0.15929	0.23009	0.26106	1	7.5633e-05
gttacac	0.38843	0.23140	0.09917	0.28099	1	4.0494e-05
gttacag	0.24667	0.28667	0.20000	0.26667	1	5.0199e-05
gttacat	0.40000	0.15385	0.15897	0.28718	1	6.5258e-05
gttacca	0.37063	0.17483	0.13287	0.32168	1	4.7856e-05
gttaccc	0.11583	0.08880	0.47490	0.32046	1	8.6676e-05
gttaccg	0.21127	0.36620	0.19718	0.22535	1	2.3761e-05
gttacct	0.26364	0.24545	0.15455	0.33636	1	3.6812e-05
gttacga	0.34737	0.16842	0.21053	0.27368	1	3.1793e-05
gttacgc	0.34722	0.19444	0.19444	0.26389	1	2.4095e-05
gttacgg	0.24419	0.29070	0.18605	0.27907	1	2.8781e-05
gttacgt	0.31148	0.09836	0.18033	0.40984	1	4.0828e-05
gttacta	0.20561	0.17134	0.29595	0.32710	1	1.0743e-04
gttactc	0.28571	0.17293	0.15038	0.39098	1	4.4510e-05
gttactg	0.31410	0.20513	0.16667	0.31410	1	5.2207e-05
gttactt	0.29283	0.22741	0.15576	0.32399	1	1.0743e-04
gttagaa	0.28617	0.11254	0.41801	0.18328	1	1.0408e-04
gttagac	0.32927	0.14634	0.25610	0.26829	1	2.7442e-05
gttagag	0.22099	0.09392	0.48619	0.19890	1	6.0573e-05
gttagat	0.32026	0.12418	0.28758	0.26797	1	5.1203e-05
gttagca	0.39062	0.13281	0.24219	0.23438	1	4.2836e-05
gttagcc	0.30864	0.18519	0.29630	0.20988	1	2.7107e-05
gttagcg	0.31325	0.25301	0.24096	0.19277	1	2.7777e-05
gttagct	0.22951	0.17213	0.21311	0.38525	1	4.0828e-05
gttagga	0.43119	0.16514	0.17431	0.22936	1	3.6478e-05
gttaggc	0.27869	0.22951	0.21311	0.27869	1	2.0414e-05
gttaggg	0.30986	0.23944	0.12676	0.32394	1	2.3761e-05
gttaggt	0.21277	0.11702	0.23404	0.43617	1	3.1458e-05
gttagta	0.21905	0.15238	0.35238	0.27619	1	7.0278e-05
gttagtc	0.30137	0.23288	0.19178	0.27397	1	2.4430e-05
gttagtg	0.29060	0.25641	0.15385	0.29915	1	3.9155e-05
gttagtt	0.23377	0.15584	0.18182	0.42857	1	7.7306e-05
gttataa	0.31700	0.16138	0.24784	0.27378	1	1.1613e-04
gttatac	0.29469	0.20290	0.14976	0.35266	1	6.9274e-05
gttatag	0.26829	0.22439	0.17073	0.33659	1	6.8605e-05
gttatat	0.36773	0.12008	0.12008	0.39212	1	1.7837e-04
gttatca	0.33491	0.23585	0.13208	0.29717	1	7.0948e-05
gttatcc	0.28906	0.17969	0.16406	0.36719	1	4.2836e-05
gttatcg	0.21359	0.25243	0.20388	0.33010	1	3.4470e-05
gttatct	0.22535	0.22066	0.14085	0.41315	1	7.1282e-05
gttatga	0.27753	0.12775	0.36123	0.23348	1	7.5967e-05
gttatgc	0.28302	0.18868	0.21698	0.31132	1	3.5474e-05
gttatgg	0.26923	0.22115	0.12500	0.38462	1	3.4804e-05
gttatgt	0.34545	0.16364	0.17727	0.31364	1	7.3625e-05
gttatta	0.23913	0.18599	0.13527	0.43961	1	1.3855e-04
gttattc	0.30566	0.20000	0.18113	0.31321	1	8.8684e-05
gttattg	0.25260	0.23529	0.12111	0.39100	1	9.6716e-05
gttattt	0.20000	0.19444	0.16852	0.43704	1	1.8072e-04
gttcaaa	0.36721	0.17705	0.19016	0.26557	1	1.0207e-04
gttcaac	0.40719	0.15569	0.10180	0.33533	1	5.5888e-05
gttcaag	0.34066	0.17033	0.18132	0.30769	1	6.0908e-05
gttcaat	0.28125	0.12500	0.20703	0.38672	1	8.5672e-05
gttcaca	0.26357	0.27907	0.22481	0.23256	1	4.3171e-05
gttcacc	0.34375	0.17708	0.18750	0.29167	1	3.2127e-05
gttcacg	0.30435	0.20290	0.14493	0.34783	1	2.3091e-05
gttcact	0.20833	0.16667	0.23611	0.38889	1	4.8191e-05
gttcaga	0.45736	0.10078	0.20930	0.23256	1	4.3171e-05
gttcagc	0.27692	0.17692	0.12308	0.42308	1	4.3506e-05
gttcagg	0.27273	0.31818	0.19091	0.21818	1	3.6812e-05
gttcagt	0.25333	0.17333	0.18000	0.39333	1	5.0199e-05
gttcata	0.39200	0.13600	0.12800	0.34400	1	8.3665e-05
gttcatc	0.34568	0.14198	0.19136	0.32099	1	5.4215e-05
gttcatg	0.29412	0.14706	0.18382	0.37500	1	4.5514e-05
gttcatt	0.24653	0.17361	0.14931	0.43056	1	9.6382e-05
gttccaa	0.33103	0.27586	0.19310	0.20000	1	4.8525e-05
gttccac	0.25000	0.19792	0.15625	0.39583	1	3.2127e-05
gttccag	0.25000	0.32000	0.17000	0.26000	1	3.3466e-05
gttccat	0.24832	0.21477	0.18792	0.34899	1	4.9864e-05
gttccca	0.31868	0.14286	0.23077	0.30769	1	3.0454e-05
gttcccc	0.25000	0.25000	0.15385	0.34615	1	1.7402e-05
gttcccg	0.24490	0.26531	0.18367	0.30612	1	1.6398e-05
gttccct	0.13600	0.19200	0.18400	0.48800	1	4.1832e-05
gttccga	0.31707	0.15854	0.25610	0.26829	1	2.7442e-05
gttccgc	0.25373	0.17910	0.25373	0.31343	1	2.2422e-05
gttccgg	0.11594	0.27536	0.39130	0.21739	1	2.3091e-05
gttccgt	0.23810	0.15476	0.21429	0.39286	1	2.8111e-05
gttccta	0.31944	0.19444	0.21528	0.27083	1	4.8191e-05
gttcctc	0.27465	0.19718	0.13380	0.39437	1	4.7521e-05
gttcctg	0.27068	0.22556	0.13534	0.36842	1	4.4510e-05
gttcctt	0.18519	0.23333	0.14444	0.43704	1	9.0358e-05
gttcgaa	0.34228	0.24832	0.22148	0.18792	1	4.9864e-05
gttcgac	0.32609	0.26087	0.13043	0.28261	1	1.5394e-05
gttcgag	0.35714	0.21429	0.16327	0.26531	1	3.2796e-05
gttcgat	0.45794	0.14953	0.22430	0.16822	1	3.5808e-05
gttcgca	0.33803	0.15493	0.23944	0.26761	1	2.3761e-05
gttcgcc	0.30952	0.11905	0.19048	0.38095	1	1.4056e-05
gttcgcg	0.36364	0.27273	0.11364	0.25000	1	1.4725e-05
gttcgct	0.20879	0.13187	0.19780	0.46154	1	3.0454e-05
gttcgga	0.35526	0.15789	0.14474	0.34211	1	2.5434e-05
gttcggc	0.30189	0.20755	0.18868	0.30189	1	1.7737e-05
gttcggg	0.12821	0.33333	0.17949	0.35897	1	1.3052e-05
gttcggt	0.23611	0.23611	0.12500	0.40278	1	2.4095e-05
gttcgta	0.31579	0.21053	0.12281	0.35088	1	3.8151e-05
gttcgtc	0.33333	0.25758	0.16667	0.24242	1	2.2087e-05
gttcgtg	0.28378	0.16216	0.25676	0.29730	1	2.4765e-05
gttcgtt	0.22335	0.18274	0.16244	0.43147	1	6.5928e-05
gttctaa	0.28994	0.19527	0.10651	0.40828	1	5.6557e-05
gttctac	0.34307	0.14599	0.14599	0.36496	1	4.5848e-05
gttctag	0.35870	0.18478	0.13043	0.32609	1	3.0789e-05
gttctat	0.28854	0.16206	0.16206	0.38735	1	8.4669e-05
gttctca	0.39888	0.15730	0.15730	0.28652	1	5.9569e-05
gttctcc	0.12093	0.13953	0.13953	0.60000	1	7.1951e-05
gttctcg	0.32407	0.25000	0.13889	0.28704	1	3.6143e-05
gttctct	0.16350	0.17490	0.18631	0.47529	1	8.8015e-05
gttctga	0.43066	0.10219	0.14599	0.32117	1	4.5848e-05
gttctgc	0.25806	0.20968	0.20161	0.33065	1	4.1498e-05
gttctgg	0.26923	0.23077	0.15385	0.34615	1	3.4804e-05
gttctgt	0.25556	0.13333	0.22222	0.38889	1	6.0238e-05
gttctta	0.27273	0.17391	0.15415	0.39921	1	8.4669e-05
gttcttc	0.19931	0.22680	0.14089	0.43299	1	9.7386e-05
gttcttg	0.23793	0.24828	0.18276	0.33103	1	9.7051e-05
gttcttt	0.18367	0.22263	0.12245	0.47124	1	1.8038e-04
gttgaaa	0.46362	0.13721	0.16424	0.23493	1	1.6097e-04
gttgaac	0.36095	0.18343	0.15976	0.29586	1	5.6557e-05
gttgaag	0.37826	0.20435	0.16522	0.25217	1	7.6971e-05
gttgaat	0.38525	0.16393	0.18443	0.26639	1	8.1657e-05
gttgaca	0.32692	0.14744	0.22436	0.30128	1	5.2207e-05
gttgacc	0.37778	0.26667	0.13333	0.22222	1	3.0119e-05
gttgacg	0.33898	0.18644	0.22034	0.25424	1	1.9745e-05
gttgact	0.35227	0.13636	0.19318	0.31818	1	2.9450e-05
gttgaga	0.36782	0.13793	0.22414	0.27011	1	5.8231e-05
gttgagc	0.36667	0.12222	0.15556	0.35556	1	3.0119e-05
gttgagg	0.38824	0.12941	0.21176	0.27059	1	2.8446e-05
gttgagt	0.27972	0.14685	0.25874	0.31469	1	4.7856e-05
gttgata	0.38109	0.15186	0.24355	0.22350	1	1.1680e-04
gttgatc	0.45588	0.15441	0.13235	0.25735	1	4.5514e-05
gttgatg	0.37640	0.18539	0.16854	0.26966	1	5.9569e-05
gttgatt	0.19926	0.13284	0.17343	0.49446	1	9.0692e-05
gttgcaa	0.35714	0.21429	0.18095	0.24762	1	7.0278e-05
gttgcac	0.33333	0.20325	0.17886	0.28455	1	4.1163e-05
gttgcag	0.26891	0.26891	0.11765	0.34454	1	3.9824e-05
gttgcat	0.23684	0.19474	0.13684	0.43158	1	6.3585e-05
gttgcca	0.25547	0.27007	0.14599	0.32847	1	4.5848e-05
gttgccc	0.17647	0.17647	0.22059	0.42647	1	2.2757e-05
gttgccg	0.25806	0.30645	0.12903	0.30645	1	2.0749e-05
gttgcct	0.21930	0.13158	0.16667	0.48246	1	3.8151e-05
gttgcga	0.26506	0.14458	0.24096	0.34940	1	2.7777e-05
gttgcgc	0.29032	0.14516	0.16129	0.40323	1	2.0749e-05
gttgcgg	0.22581	0.11290	0.24194	0.41935	1	2.0749e-05
gttgcgt	0.22772	0.15842	0.17822	0.43564	1	3.3800e-05
gttgcta	0.22632	0.21053	0.18947	0.37368	1	6.3585e-05
gttgctc	0.27434	0.16814	0.14159	0.41593	1	3.7816e-05
gttgctg	0.26846	0.25503	0.16107	0.31544	1	4.9864e-05
gttgctt	0.20982	0.20536	0.17411	0.41071	1	7.4963e-05
gttggaa	0.23757	0.12431	0.10497	0.53315	1	1.2115e-04
gttggac	0.27941	0.17647	0.16176	0.38235	1	2.2757e-05
gttggag	0.36585	0.15854	0.23171	0.24390	1	2.7442e-05
gttggat	0.32331	0.13534	0.20301	0.33835	1	4.4510e-05
gttggca	0.36752	0.17094	0.20513	0.25641	1	3.9155e-05
gttggcc	0.29032	0.19355	0.14516	0.37097	1	2.0749e-05
gttggcg	0.27941	0.27941	0.23529	0.20588	1	2.2757e-05
gttggct	0.29104	0.19403	0.19403	0.32090	1	4.4844e-05
gttggga	0.21600	0.16800	0.11200	0.50400	1	4.1832e-05
gttgggc	0.29412	0.27941	0.23529	0.19118	1	2.2757e-05
gttgggg	0.31579	0.10526	0.14035	0.43860	1	1.9076e-05
gttgggt	0.25301	0.20482	0.13253	0.40964	1	2.7777e-05
gttggta	0.29299	0.14013	0.16561	0.40127	1	5.2541e-05
gttggtc	0.35000	0.11667	0.13333	0.40000	1	2.0079e-05
gttggtg	0.31532	0.19820	0.21622	0.27027	1	3.7147e-05
gttggtt	0.20112	0.22346	0.20112	0.37430	1	5.9904e-05
gttgtaa	0.37885	0.17621	0.14097	0.30396	1	7.5967e-05
gttgtac	0.25397	0.18254	0.21429	0.34921	1	4.2167e-05
gttgtag	0.18012	0.17391	0.30435	0.34161	1	5.3880e-05
gttgtat	0.26421	0.19732	0.13043	0.40803	1	1.0006e-04
gttgtca	0.42500	0.18750	0.11250	0.27500	1	5.3545e-05
gttgtcc	0.33663	0.19802	0.13861	0.32673	1	3.3800e-05
gttgtcg	0.27397	0.21918	0.19178	0.31507	1	2.4430e-05
gttgtct	0.20779	0.22078	0.12338	0.44805	1	5.1537e-05
gttgtga	0.31915	0.21986	0.11348	0.34752	1	4.7187e-05
gttgtgc	0.22772	0.15842	0.14851	0.46535	1	3.3800e-05
gttgtgg	0.22115	0.28846	0.15385	0.33654	1	3.4804e-05
gttgtgt	0.25455	0.18182	0.24242	0.32121	1	5.5219e-05
gttgtta	0.28800	0.19600	0.15200	0.36400	1	8.3665e-05
gttgttc	0.19417	0.16019	0.26699	0.37864	1	6.8940e-05
gttgttg	0.24483	0.22069	0.14138	0.39310	1	9.7051e-05
gttgttt	0.17391	0.22654	0.16934	0.43021	1	1.4625e-04
gtttaaa	0.39563	0.11165	0.24515	0.24757	1	1.3788e-04
gtttaac	0.34021	0.13918	0.18041	0.34021	1	6.4924e-05
gtttaag	0.25630	0.17647	0.23109	0.33613	1	7.9649e-05
gtttaat	0.32578	0.15864	0.19830	0.31728	1	1.1813e-04
gtttaca	0.29032	0.16774	0.18065	0.36129	1	1.0374e-04
gtttacc	0.28351	0.19588	0.15464	0.36598	1	6.4924e-05
gtttacg	0.21769	0.23129	0.17007	0.38095	1	4.9195e-05
gtttact	0.24342	0.17434	0.18092	0.40132	1	1.0174e-04
gtttaga	0.37500	0.08500	0.22500	0.31500	1	6.6932e-05
gtttagc	0.35443	0.19620	0.18354	0.26582	1	5.2876e-05
gtttagg	0.36667	0.20000	0.16000	0.27333	1	5.0199e-05
gtttagt	0.30252	0.13025	0.18067	0.38655	1	7.9649e-05
gtttata	0.26355	0.11963	0.11589	0.50093	1	1.7904e-04
gtttatc	0.35385	0.16538	0.15000	0.33077	1	8.7011e-05
gtttatg	0.29268	0.22358	0.13821	0.34553	1	8.2326e-05
gtttatt	0.24621	0.16863	0.17875	0.40641	1	1.9845e-04
gtttcaa	0.33051	0.18644	0.20056	0.28249	1	1.1847e-04
gtttcac	0.31111	0.16667	0.17222	0.35000	1	6.0238e-05
gtttcag	0.22273	0.34091	0.15909	0.27727	1	7.3625e-05
gtttcat	0.30997	0.14016	0.10512	0.44474	1	1.2416e-04
gtttcca	0.34101	0.17051	0.17051	0.31797	1	7.2621e-05
gtttccc	0.25773	0.16495	0.14948	0.42784	1	6.4924e-05
gtttccg	0.20805	0.23490	0.22819	0.32886	1	4.9864e-05
gtttcct	0.25442	0.16961	0.17314	0.40283	1	9.4708e-05
gtttcga	0.37838	0.18919	0.18919	0.24324	1	4.9529e-05
gtttcgc	0.26923	0.22115	0.20192	0.30769	1	3.4804e-05
gtttcgg	0.28571	0.21978	0.18681	0.30769	1	3.0454e-05
gtttcgt	0.26374	0.13736	0.21978	0.37912	1	6.0908e-05
gtttcta	0.30579	0.17355	0.13636	0.38430	1	8.0987e-05
gtttctc	0.28947	0.17763	0.18421	0.34868	1	1.0174e-04
gtttctg	0.23041	0.21198	0.17972	0.37788	1	7.2621e-05
gtttctt	0.17405	0.16489	0.14046	0.52061	1	2.1920e-04
gtttgaa	0.41509	0.12264	0.18239	0.27987	1	1.0642e-04
gtttgac	0.32812	0.10938	0.21094	0.35156	1	4.2836e-05
gtttgag	0.38596	0.17544	0.16374	0.27485	1	5.7227e-05
gtttgat	0.31727	0.16064	0.22490	0.29719	1	8.3330e-05
gtttgca	0.35714	0.16518	0.17411	0.30357	1	7.4963e-05
gtttgcc	0.37857	0.14286	0.17857	0.30000	1	4.6852e-05
gtttgcg	0.29126	0.23301	0.11650	0.35922	1	3.4470e-05
gtttgct	0.15190	0.16878	0.25316	0.42616	1	7.9314e-05
gtttgga	0.33962	0.20755	0.15723	0.29560	1	5.3211e-05
gtttggc	0.26562	0.21094	0.22656	0.29688	1	4.2836e-05
gtttggg	0.30088	0.16814	0.13274	0.39823	1	3.7816e-05
gtttggt	0.23729	0.12429	0.22599	0.41243	1	5.9234e-05
gtttgta	0.28679	0.15849	0.21887	0.33585	1	8.8684e-05
gtttgtc	0.29341	0.13772	0.16766	0.40120	1	5.5888e-05
gtttgtg	0.31250	0.17500	0.13750	0.37500	1	5.3545e-05
gtttgtt	0.18493	0.15525	0.20548	0.45434	1	1.4658e-04
gttttaa	0.34112	0.15654	0.22430	0.27804	1	1.4323e-04
gttttac	0.30435	0.16770	0.18323	0.34472	1	1.0776e-04
gttttag	0.20225	0.21348	0.26217	0.32210	1	8.9354e-05
gttttat	0.34746	0.14266	0.14972	0.36017	1	2.3694e-04
gttttca	0.37246	0.13770	0.20090	0.28894	1	1.4825e-04
gttttcc	0.26966	0.16011	0.15169	0.41854	1	1.1914e-04
gttttcg	0.24569	0.25000	0.14655	0.35776	1	7.7641e-05
gttttct	0.19313	0.16694	0.14075	0.49918	1	2.0448e-04
gttttga	0.34759	0.21123	0.15508	0.28610	1	1.2516e-04
gttttgc	0.30928	0.21649	0.15464	0.31959	1	9.7386e-05
gttttgg	0.27835	0.26289	0.16495	0.29381	1	6.4924e-05
gttttgt	0.23230	0.14602	0.14823	0.47345	1	1.5127e-04
gttttta	0.27941	0.17974	0.15850	0.38235	1	2.0481e-04
gtttttc	0.26896	0.24607	0.13019	0.35479	1	2.3393e-04
gtttttg	0.27742	0.21290	0.13763	0.37204	1	1.5562e-04
gtttttt	0.15891	0.18450	0.11860	0.53798	1	4.3171e-04
taaaaaa	0.52311	0.10513	0.16557	0.20620	1	6.5894e-04
taaaaac	0.37057	0.17730	0.17021	0.28191	1	1.8875e-04
taaaaag	0.39430	0.16865	0.21259	0.22447	1	2.8178e-04
taaaaat	0.37258	0.19113	0.16694	0.26935	1	4.1498e-04
taaaaca	0.40232	0.18524	0.18379	0.22865	1	2.3125e-04
taaaacc	0.33191	0.18298	0.17447	0.31064	1	7.8645e-05
taaaacg	0.30702	0.13450	0.33333	0.22515	1	1.1445e-04
taaaact	0.31770	0.15991	0.23667	0.28571	1	1.5695e-04
taaaaga	0.43084	0.13586	0.21909	0.21420	1	2.7342e-04
taaaagc	0.39775	0.14831	0.19551	0.25843	1	1.4892e-04
taaaagg	0.30705	0.18465	0.27593	0.23237	1	1.6131e-04
taaaagt	0.32062	0.11785	0.24437	0.31716	1	1.9310e-04
taaaata	0.34041	0.13086	0.16799	0.36074	1	3.7850e-04
taaaatc	0.41713	0.13812	0.14641	0.29834	1	1.2115e-04
taaaatg	0.37044	0.15739	0.18810	0.28407	1	1.7436e-04
taaaatt	0.30552	0.18160	0.17914	0.33374	1	2.7275e-04
taaacaa	0.45319	0.12212	0.18046	0.24423	1	2.4664e-04
taaacac	0.42481	0.19173	0.11278	0.27068	1	8.9019e-05
taaacag	0.31410	0.18590	0.16987	0.33013	1	1.0441e-04
taaacat	0.39588	0.17732	0.11753	0.30928	1	1.6231e-04
taaacca	0.41608	0.13636	0.15385	0.29371	1	9.5712e-05
taaaccc	0.34615	0.21538	0.10000	0.33846	1	4.3506e-05
taaaccg	0.18852	0.29508	0.18033	0.33607	1	4.0828e-05
taaacct	0.25571	0.19635	0.20548	0.34247	1	7.3290e-05
taaacga	0.34708	0.15120	0.25430	0.24742	1	9.7386e-05
taaacgc	0.37853	0.18079	0.19774	0.24294	1	5.9234e-05
taaacgg	0.29932	0.20408	0.21769	0.27891	1	4.9195e-05
taaacgt	0.34188	0.16667	0.12393	0.36752	1	7.8310e-05
taaacta	0.34236	0.18227	0.19212	0.28325	1	1.3587e-04
taaactc	0.34043	0.20745	0.13298	0.31915	1	6.2916e-05
taaactg	0.24444	0.21852	0.14444	0.39259	1	9.0358e-05
taaactt	0.23678	0.20230	0.14483	0.41609	1	1.4558e-04
taaagaa	0.44798	0.16279	0.20318	0.18605	1	2.7342e-04
taaagac	0.40157	0.19685	0.15748	0.24409	1	8.5003e-05
taaagag	0.35079	0.19895	0.23560	0.21466	1	1.2784e-04
taaagat	0.37093	0.16291	0.17043	0.29574	1	1.3353e-04
taaagca	0.40643	0.14620	0.19006	0.25731	1	1.1445e-04
taaagcc	0.35556	0.17222	0.17222	0.30000	1	6.0238e-05
taaagcg	0.28409	0.22159	0.22159	0.27273	1	5.8900e-05
taaagct	0.26429	0.17857	0.21071	0.34643	1	9.3704e-05
taaagga	0.46770	0.14212	0.18605	0.20413	1	1.2951e-04
taaaggc	0.33884	0.10744	0.19421	0.35950	1	8.0987e-05
taaaggg	0.39661	0.20000	0.13559	0.26780	1	9.8724e-05
taaaggt	0.30034	0.11263	0.22184	0.36519	1	9.8055e-05
taaagta	0.39457	0.16493	0.16910	0.27140	1	1.6030e-04
taaagtc	0.38947	0.17895	0.17895	0.25263	1	6.3585e-05
taaagtg	0.34286	0.19286	0.17500	0.28929	1	9.3704e-05
taaagtt	0.24945	0.13567	0.22101	0.39387	1	1.5294e-04
taaataa	0.40635	0.12063	0.13492	0.33810	1	4.2167e-04
taaatac	0.33515	0.13479	0.15847	0.37158	1	1.8373e-04
taaatag	0.36770	0.18677	0.17704	0.26848	1	1.7201e-04
taaatat	0.42129	0.12466	0.12011	0.33394	1	3.6779e-04
taaatca	0.35149	0.17327	0.13614	0.33911	1	1.3520e-04
taaatcc	0.21600	0.12400	0.16400	0.49600	1	8.3665e-05
taaatcg	0.21143	0.21714	0.20000	0.37143	1	5.8565e-05
taaatct	0.26284	0.18731	0.20544	0.34441	1	1.1077e-04
taaatga	0.39547	0.14358	0.15869	0.30227	1	1.3286e-04
taaatgc	0.36786	0.20357	0.18571	0.24286	1	9.3704e-05
taaatgg	0.31278	0.21586	0.19383	0.27753	1	7.5967e-05
taaatgt	0.34359	0.16154	0.17692	0.31795	1	1.3052e-04
taaatta	0.28216	0.13970	0.24066	0.33748	1	2.4196e-04
taaattc	0.37982	0.13353	0.11869	0.36795	1	1.1278e-04
taaattg	0.28249	0.18644	0.20339	0.32768	1	1.1847e-04
taaattt	0.25289	0.20411	0.15661	0.38639	1	2.6070e-04
taacaaa	0.43800	0.15459	0.15459	0.25282	1	2.0782e-04
taacaac	0.43390	0.14237	0.13220	0.29153	1	9.8724e-05
taacaag	0.37540	0.22006	0.19417	0.21036	1	1.0341e-04
taacaat	0.43824	0.15736	0.15567	0.24873	1	1.9778e-04
taacaca	0.30172	0.12931	0.24569	0.32328	1	7.7641e-05
taacacc	0.25373	0.12935	0.45274	0.16418	1	6.7266e-05
taacacg	0.33333	0.14103	0.14103	0.38462	1	2.6103e-05
taacact	0.32075	0.12736	0.23113	0.32075	1	7.0948e-05
taacaga	0.39394	0.12879	0.21970	0.25758	1	8.8350e-05
taacagc	0.39062	0.15104	0.22396	0.23438	1	6.4254e-05
taacagg	0.30769	0.23776	0.17483	0.27972	1	4.7856e-05
taacagt	0.42491	0.13187	0.19414	0.24908	1	9.1362e-05
taacata	0.32018	0.14693	0.13596	0.39693	1	1.5260e-04
taacatc	0.35238	0.16190	0.17619	0.30952	1	7.0278e-05
taacatg	0.40000	0.14359	0.11282	0.34359	1	6.5258e-05
taacatt	0.36320	0.17676	0.16949	0.29056	1	1.3821e-04
taaccaa	0.36929	0.19502	0.21162	0.22407	1	8.0653e-05
taaccac	0.30496	0.18440	0.16312	0.34752	1	4.7187e-05
taaccag	0.25532	0.19858	0.14894	0.39716	1	4.7187e-05
taaccat	0.32000	0.17333	0.16000	0.34667	1	7.5298e-05
taaccca	0.42149	0.16529	0.17355	0.23967	1	4.0494e-05
taacccc	0.37681	0.15942	0.24638	0.21739	1	2.3091e-05
taacccg	0.11268	0.21127	0.46479	0.21127	1	2.3761e-05
taaccct	0.34167	0.15000	0.17500	0.33333	1	4.0159e-05
taaccga	0.41758	0.18681	0.16484	0.23077	1	3.0454e-05
taaccgc	0.28431	0.27451	0.10784	0.33333	1	3.4135e-05
taaccgg	0.36170	0.21277	0.29787	0.12766	1	1.5729e-05
taaccgt	0.23729	0.16102	0.17797	0.42373	1	3.9490e-05
taaccta	0.32911	0.23418	0.17722	0.25949	1	5.2876e-05
taacctc	0.26667	0.15333	0.17333	0.40667	1	5.0199e-05
taacctg	0.22881	0.23729	0.21186	0.32203	1	3.9490e-05
taacctt	0.21739	0.14855	0.23551	0.39855	1	9.2366e-05
taacgaa	0.40214	0.15302	0.20641	0.23843	1	9.4039e-05
taacgac	0.45802	0.13740	0.17557	0.22901	1	4.3840e-05
taacgag	0.30631	0.20721	0.22523	0.26126	1	3.7147e-05
taacgat	0.36923	0.13333	0.18974	0.30769	1	6.5258e-05
taacgca	0.33557	0.12081	0.25503	0.28859	1	4.9864e-05
taacgcc	0.28395	0.12346	0.32099	0.27160	1	2.7107e-05
taacgcg	0.35870	0.15217	0.15217	0.33696	1	3.0789e-05
taacgct	0.30534	0.12214	0.20611	0.36641	1	4.3840e-05
taacgga	0.44792	0.15625	0.17708	0.21875	1	3.2127e-05
taacggc	0.38889	0.16667	0.16667	0.27778	1	3.0119e-05
taacggg	0.28986	0.24638	0.24638	0.21739	1	2.3091e-05
taacggt	0.28472	0.11806	0.22222	0.37500	1	4.8191e-05
taacgta	0.43038	0.14768	0.13080	0.29114	1	7.9314e-05
taacgtc	0.39640	0.12613	0.16216	0.31532	1	3.7147e-05
taacgtg	0.26596	0.11702	0.27660	0.34043	1	3.1458e-05
taacgtt	0.31604	0.14623	0.20283	0.33491	1	7.0948e-05
taactaa	0.40166	0.15789	0.15789	0.28255	1	1.2081e-04
taactac	0.29646	0.26106	0.16814	0.27434	1	7.5633e-05
taactag	0.19214	0.17904	0.10917	0.51965	1	7.6637e-05
taactat	0.32286	0.13429	0.13143	0.41143	1	1.1713e-04
taactca	0.36364	0.17112	0.14973	0.31551	1	6.2581e-05
taactcc	0.31405	0.08264	0.26446	0.33884	1	4.0494e-05
taactcg	0.26316	0.23684	0.14474	0.35526	1	2.5434e-05
taactct	0.27225	0.18325	0.12042	0.42408	1	6.3920e-05
taactga	0.41096	0.15525	0.10046	0.33333	1	7.3290e-05
taactgc	0.33742	0.16564	0.19632	0.30061	1	5.4549e-05
taactgg	0.30435	0.26087	0.16522	0.26957	1	3.8486e-05
taactgt	0.29717	0.19811	0.16981	0.33491	1	7.0948e-05
taactta	0.29641	0.17665	0.15569	0.37126	1	1.1178e-04
taacttc	0.30357	0.18571	0.21071	0.30000	1	9.3704e-05
taacttg	0.31496	0.23228	0.16929	0.28346	1	8.5003e-05
taacttt	0.20000	0.19592	0.12041	0.48367	1	1.6398e-04
taagaaa	0.44023	0.14828	0.20805	0.20345	1	2.9115e-04
taagaac	0.40647	0.15827	0.15827	0.27698	1	9.3035e-05
taagaag	0.34973	0.16120	0.22951	0.25956	1	1.2248e-04
taagaat	0.47518	0.11584	0.15130	0.25768	1	1.4156e-04
taagaca	0.41589	0.17290	0.19626	0.21495	1	7.1617e-05
taagacc	0.33333	0.21429	0.14286	0.30952	1	2.8111e-05
taagacg	0.31538	0.12308	0.33846	0.22308	1	4.3506e-05
taagact	0.29677	0.18710	0.29032	0.22581	1	5.1872e-05
taagaga	0.41424	0.11650	0.24272	0.22654	1	1.0341e-04
taagagc	0.41615	0.11801	0.18012	0.28571	1	5.3880e-05
taagagg	0.39227	0.17680	0.17127	0.25967	1	6.0573e-05
taagagt	0.36310	0.15476	0.21429	0.26786	1	5.6223e-05
taagata	0.41013	0.16456	0.15443	0.27089	1	1.3219e-04
taagatc	0.40415	0.13990	0.17098	0.28497	1	6.4589e-05
taagatg	0.53306	0.16942	0.12810	0.16942	1	8.0987e-05
taagatt	0.29897	0.17182	0.16495	0.36426	1	9.7386e-05
taagcaa	0.39554	0.18106	0.16992	0.25348	1	1.2014e-04
taagcac	0.33918	0.17544	0.15205	0.33333	1	5.7227e-05
taagcag	0.33333	0.19907	0.19444	0.27315	1	7.2286e-05
taagcat	0.39764	0.19291	0.10236	0.30709	1	8.5003e-05
taagcca	0.43382	0.15441	0.13971	0.27206	1	4.5514e-05
taagccc	0.37975	0.15190	0.12658	0.34177	1	2.6438e-05
taagccg	0.25714	0.27143	0.17143	0.30000	1	2.3426e-05
taagcct	0.20548	0.28082	0.12329	0.39041	1	4.8860e-05
taagcga	0.32110	0.13761	0.22018	0.32110	1	3.6478e-05
taagcgc	0.40952	0.14286	0.14286	0.30476	1	3.5139e-05
taagcgg	0.27273	0.22727	0.21591	0.28409	1	2.9450e-05
taagcgt	0.36290	0.14516	0.12097	0.37097	1	4.1498e-05
taagcta	0.31500	0.17500	0.17000	0.34000	1	6.6932e-05
taagctc	0.40496	0.11570	0.07438	0.40496	1	4.0494e-05
taagctg	0.29600	0.20800	0.21600	0.28000	1	4.1832e-05
taagctt	0.24597	0.20565	0.14919	0.39919	1	8.2995e-05
taaggaa	0.44395	0.15022	0.22870	0.17713	1	1.4926e-04
taaggac	0.37288	0.20339	0.15254	0.27119	1	3.9490e-05
taaggag	0.31788	0.17219	0.26490	0.24503	1	5.0533e-05
taaggat	0.35602	0.12042	0.22513	0.29843	1	6.3920e-05
taaggca	0.41420	0.18343	0.20118	0.20118	1	5.6557e-05
taaggcc	0.40698	0.20930	0.09302	0.29070	1	2.8781e-05
taaggcg	0.24691	0.28395	0.22222	0.24691	1	2.7107e-05
taaggct	0.31298	0.23664	0.16794	0.28244	1	4.3840e-05
taaggga	0.44344	0.14027	0.14480	0.27149	1	7.3959e-05
taagggc	0.36232	0.15217	0.15217	0.33333	1	4.6183e-05
taagggg	0.41727	0.16547	0.17986	0.23741	1	4.6517e-05
taagggt	0.32308	0.19231	0.19231	0.29231	1	4.3506e-05
taaggta	0.30198	0.19307	0.17822	0.32673	1	6.7601e-05
taaggtc	0.33019	0.17925	0.16981	0.32075	1	3.5474e-05
taaggtg	0.32353	0.19853	0.17647	0.30147	1	4.5514e-05
taaggtt	0.23305	0.19068	0.24576	0.33051	1	7.8979e-05
taagtaa	0.35469	0.17849	0.15789	0.30892	1	1.4625e-04
taagtac	0.31606	0.17617	0.13472	0.37306	1	6.4589e-05
taagtag	0.30000	0.18636	0.16818	0.34545	1	7.3625e-05
taagtat	0.38462	0.15650	0.15119	0.30769	1	1.2617e-04
taagtca	0.36111	0.15972	0.15278	0.32639	1	4.8191e-05
taagtcc	0.16049	0.20988	0.23457	0.39506	1	2.7107e-05
taagtcg	0.32308	0.18462	0.18462	0.30769	1	2.1753e-05
taagtct	0.24031	0.10078	0.24806	0.41085	1	4.3171e-05
taagtga	0.35950	0.11570	0.16942	0.35537	1	8.0987e-05
taagtgc	0.32353	0.19853	0.16176	0.31618	1	4.5514e-05
taagtgg	0.27397	0.21233	0.13699	0.37671	1	4.8860e-05
taagtgt	0.28643	0.18593	0.23116	0.29648	1	6.6597e-05
taagtta	0.24012	0.18845	0.10030	0.47112	1	1.1010e-04
taagttc	0.32044	0.19890	0.15470	0.32597	1	6.0573e-05
taagttg	0.34694	0.19898	0.13776	0.31633	1	6.5593e-05
taagttt	0.24324	0.20811	0.17568	0.37297	1	1.2382e-04
taataaa	0.38385	0.14065	0.17332	0.30218	1	3.6879e-04
taataac	0.45244	0.14617	0.16241	0.23898	1	1.4424e-04
taataag	0.33258	0.18100	0.23982	0.24661	1	1.4792e-04
taataat	0.59235	0.07143	0.11111	0.22511	1	4.6384e-04
taataca	0.33264	0.17782	0.18619	0.30335	1	1.5997e-04
taatacc	0.45175	0.12281	0.20175	0.22368	1	7.6302e-05
taatacg	0.32487	0.17766	0.19289	0.30457	1	6.5928e-05
taatact	0.36429	0.11905	0.17381	0.34286	1	1.4056e-04
taataga	0.41304	0.13527	0.17391	0.27778	1	1.3855e-04
taatagc	0.37405	0.16412	0.18321	0.27863	1	8.7680e-05
taatagg	0.61095	0.09510	0.10663	0.18732	1	1.1613e-04
taatagt	0.35516	0.08135	0.19048	0.37302	1	1.6867e-04
taatata	0.32073	0.16873	0.11345	0.39709	1	4.6015e-04
taatatc	0.36646	0.21118	0.14286	0.27950	1	1.6164e-04
taatatg	0.36049	0.17037	0.16296	0.30617	1	1.3554e-04
taatatt	0.47588	0.12990	0.09453	0.29968	1	5.2039e-04
taatcaa	0.33485	0.12756	0.21412	0.32346	1	1.4691e-04
taatcac	0.33704	0.15185	0.16296	0.34815	1	9.0358e-05
taatcag	0.24607	0.24084	0.15183	0.36126	1	6.3920e-05
taatcat	0.27204	0.20403	0.15113	0.37280	1	1.3286e-04
taatcca	0.35897	0.14103	0.17308	0.32692	1	5.2207e-05
taatccc	0.26667	0.17778	0.21111	0.34444	1	3.0119e-05
taatccg	0.25000	0.18478	0.21739	0.34783	1	3.0789e-05
taatcct	0.20207	0.18135	0.19171	0.42487	1	6.4589e-05
taatcga	0.33121	0.19108	0.18471	0.29299	1	5.2541e-05
taatcgc	0.37273	0.15455	0.17273	0.30000	1	3.6812e-05
taatcgg	0.29787	0.26596	0.19149	0.24468	1	3.1458e-05
taatcgt	0.50388	0.12791	0.13953	0.22868	1	8.6342e-05
taatcta	0.29032	0.20161	0.11694	0.39113	1	8.2995e-05
taatctc	0.31401	0.21739	0.12560	0.34300	1	6.9274e-05
taatctg	0.33161	0.18135	0.15026	0.33679	1	6.4589e-05
taatctt	0.22300	0.23709	0.18779	0.35211	1	1.4256e-04
taatgaa	0.42959	0.13191	0.17291	0.26560	1	1.8774e-04
taatgac	0.40594	0.15347	0.18812	0.25248	1	6.7601e-05
taatgag	0.32673	0.21782	0.16832	0.28713	1	6.7601e-05
taatgat	0.34450	0.16268	0.21053	0.28230	1	1.3989e-04
taatgca	0.29796	0.21633	0.16327	0.32245	1	8.1991e-05
taatgcc	0.33750	0.25000	0.14375	0.26875	1	5.3545e-05
taatgcg	0.25641	0.23077	0.17094	0.34188	1	3.9155e-05
taatgct	0.31140	0.10965	0.21491	0.36404	1	7.6302e-05
taatgga	0.53435	0.13359	0.13359	0.19847	1	8.7680e-05
taatggc	0.37342	0.19620	0.17722	0.25316	1	5.2876e-05
taatggg	0.33333	0.27619	0.21905	0.17143	1	3.5139e-05
taatggt	0.31053	0.13684	0.24211	0.31053	1	6.3585e-05
taatgta	0.52871	0.15248	0.11683	0.20198	1	1.6900e-04
taatgtc	0.34595	0.18919	0.16757	0.29730	1	6.1912e-05
taatgtg	0.31220	0.20488	0.19024	0.29268	1	6.8605e-05
taatgtt	0.27848	0.14684	0.20506	0.36962	1	1.3219e-04
taattaa	0.31335	0.12398	0.14714	0.41553	1	2.4564e-04
taattac	0.30117	0.21053	0.12573	0.36257	1	1.1445e-04
taattag	0.26190	0.17560	0.20536	0.35714	1	1.1245e-04
taattat	0.35618	0.16067	0.12135	0.36180	1	2.9785e-04
taattca	0.34190	0.20566	0.12339	0.32905	1	1.3018e-04
taattcc	0.36264	0.12088	0.19780	0.31868	1	6.0908e-05
taattcg	0.27632	0.24342	0.19079	0.28947	1	5.0868e-05
taattct	0.24031	0.19897	0.16796	0.39276	1	1.2951e-04
taattga	0.41176	0.17211	0.15033	0.26580	1	1.5361e-04
taattgc	0.38929	0.18929	0.15357	0.26786	1	9.3704e-05
taattgg	0.33161	0.22798	0.13472	0.30570	1	6.4589e-05
taattgt	0.25969	0.13178	0.16473	0.44380	1	1.7268e-04
taattta	0.29101	0.13695	0.17546	0.39658	1	2.3460e-04
taatttc	0.32282	0.18738	0.14286	0.34694	1	1.8038e-04
taatttg	0.33257	0.19134	0.17995	0.29613	1	1.4691e-04
taatttt	0.22045	0.16932	0.15256	0.45767	1	3.9925e-04
tacaaaa	0.36951	0.15385	0.21291	0.26374	1	2.4363e-04
tacaaac	0.40493	0.14789	0.18662	0.26056	1	9.5043e-05
tacaaag	0.34831	0.21723	0.19850	0.23596	1	8.9354e-05
tacaaat	0.44622	0.12128	0.16018	0.27231	1	1.4625e-04
tacaaca	0.40896	0.16716	0.19403	0.22985	1	1.1211e-04
tacaacc	0.39062	0.13281	0.14844	0.32812	1	4.2836e-05
tacaacg	0.41667	0.16667	0.18333	0.23333	1	4.0159e-05
tacaact	0.31076	0.21116	0.17928	0.29880	1	8.3999e-05
tacaaga	0.51648	0.10714	0.17033	0.20604	1	1.2182e-04
tacaagc	0.34637	0.19553	0.18436	0.27374	1	5.9904e-05
tacaagg	0.34667	0.18667	0.18667	0.28000	1	5.0199e-05
tacaagt	0.32627	0.13136	0.25847	0.28390	1	7.8979e-05
tacaata	0.37002	0.12903	0.19545	0.30550	1	1.7636e-04
tacaatc	0.40909	0.18182	0.16162	0.24747	1	6.6262e-05
tacaatg	0.32195	0.21463	0.20976	0.25366	1	6.8605e-05
tacaatt	0.26652	0.19383	0.18062	0.35903	1	1.5193e-04
tacacaa	0.36145	0.13253	0.20181	0.30422	1	1.1111e-04
tacacac	0.50732	0.10732	0.18537	0.20000	1	6.8605e-05
tacacag	0.32836	0.15920	0.17910	0.33333	1	6.7266e-05
tacacat	0.45706	0.16258	0.13804	0.24233	1	1.0910e-04
tacacca	0.31176	0.24706	0.11765	0.32353	1	5.6892e-05
tacaccc	0.39130	0.21739	0.13913	0.25217	1	3.8486e-05
tacaccg	0.18750	0.30000	0.12500	0.38750	1	2.6773e-05
tacacct	0.18563	0.23353	0.22156	0.35928	1	5.5888e-05
tacacga	0.35433	0.11811	0.15748	0.37008	1	4.2502e-05
tacacgc	0.38961	0.12987	0.14286	0.33766	1	2.5769e-05
tacacgg	0.38889	0.12963	0.14815	0.33333	1	1.8072e-05
tacacgt	0.39568	0.17266	0.14388	0.28777	1	4.6517e-05
tacacta	0.31278	0.18502	0.12335	0.37885	1	7.5967e-05
tacactc	0.33333	0.20455	0.16667	0.29545	1	4.4175e-05
tacactg	0.29286	0.20714	0.16429	0.33571	1	4.6852e-05
tacactt	0.20463	0.16988	0.14286	0.48263	1	8.6676e-05
tacagaa	0.33760	0.14066	0.19693	0.32481	1	1.3085e-04
tacagac	0.41667	0.06481	0.27778	0.24074	1	3.6143e-05
tacagag	0.34507	0.16197	0.19718	0.29577	1	4.7521e-05
tacagat	0.38158	0.13596	0.14912	0.33333	1	7.6302e-05
tacagca	0.33333	0.17647	0.21569	0.27451	1	6.8270e-05
tacagcc	0.28571	0.22449	0.19388	0.29592	1	3.2796e-05
tacagcg	0.20213	0.26596	0.31915	0.21277	1	3.1458e-05
tacagct	0.26946	0.21557	0.13174	0.38323	1	5.5888e-05
tacagga	0.49383	0.11111	0.11728	0.27778	1	5.4215e-05
tacaggc	0.35443	0.17722	0.18987	0.27848	1	2.6438e-05
tacaggg	0.34615	0.25641	0.15385	0.24359	1	2.6103e-05
tacaggt	0.32394	0.14085	0.20423	0.33099	1	4.7521e-05
tacagta	0.30961	0.21708	0.14235	0.33096	1	9.4039e-05
tacagtc	0.28571	0.23810	0.18095	0.29524	1	3.5139e-05
tacagtg	0.28289	0.20395	0.17763	0.33553	1	5.0868e-05
tacagtt	0.22807	0.17544	0.19298	0.40351	1	9.5378e-05
tacataa	0.36306	0.14968	0.12898	0.35828	1	2.1017e-04
tacatac	0.41514	0.20413	0.12615	0.25459	1	1.4591e-04
tacatag	0.33217	0.20979	0.10490	0.35315	1	9.5712e-05
tacatat	0.44824	0.13294	0.14118	0.27765	1	2.8446e-04
tacatca	0.31529	0.19427	0.17197	0.31847	1	1.0508e-04
tacatcc	0.33566	0.10490	0.23077	0.32867	1	4.7856e-05
tacatcg	0.27273	0.20909	0.18182	0.33636	1	3.6812e-05
tacatct	0.30556	0.18254	0.15079	0.36111	1	8.4334e-05
tacatga	0.36683	0.12563	0.16583	0.34171	1	6.6597e-05
tacatgc	0.34959	0.22764	0.17073	0.25203	1	4.1163e-05
tacatgg	0.32039	0.25243	0.16505	0.26214	1	3.4470e-05
tacatgt	0.37619	0.13810	0.15238	0.33333	1	7.0278e-05
tacatta	0.23392	0.20078	0.10136	0.46394	1	1.7168e-04
tacattc	0.30466	0.15412	0.16487	0.37634	1	9.3370e-05
tacattg	0.28736	0.18391	0.15326	0.37548	1	8.7346e-05
tacattt	0.26822	0.18605	0.14419	0.40155	1	2.1585e-04
taccaaa	0.42286	0.15429	0.14857	0.27429	1	1.1713e-04
taccaac	0.42529	0.18966	0.16092	0.22414	1	5.8231e-05
taccaag	0.38012	0.15789	0.21053	0.25146	1	5.7227e-05
taccaat	0.36546	0.16867	0.13655	0.32932	1	8.3330e-05
taccaca	0.31609	0.19540	0.14368	0.34483	1	5.8231e-05
taccacc	0.40625	0.12500	0.20312	0.26562	1	4.2836e-05
taccacg	0.39560	0.19780	0.18681	0.21978	1	3.0454e-05
taccact	0.33149	0.16575	0.20442	0.29834	1	6.0573e-05
taccaga	0.42742	0.12097	0.20161	0.25000	1	4.1498e-05
taccagc	0.37895	0.25263	0.13684	0.23158	1	3.1793e-05
taccagg	0.39024	0.26829	0.12195	0.21951	1	2.7442e-05
taccagt	0.40741	0.19136	0.13580	0.26543	1	5.4215e-05
taccata	0.27155	0.13793	0.23707	0.35345	1	7.7641e-05
taccatc	0.35227	0.18182	0.07386	0.39205	1	5.8900e-05
taccatg	0.25234	0.19626	0.16822	0.38318	1	3.5808e-05
taccatt	0.27036	0.17590	0.16287	0.39088	1	1.0274e-04
tacccaa	0.36567	0.19403	0.16418	0.27612	1	4.4844e-05
tacccac	0.34091	0.19318	0.11364	0.35227	1	2.9450e-05
tacccag	0.35484	0.30108	0.15054	0.19355	1	3.1123e-05
tacccat	0.33103	0.22759	0.09655	0.34483	1	4.8525e-05
tacccca	0.29825	0.25439	0.14912	0.29825	1	3.8151e-05
taccccc	0.30909	0.18182	0.16364	0.34545	1	1.8406e-05
taccccg	0.15094	0.39623	0.30189	0.15094	1	1.7737e-05
tacccct	0.21000	0.25000	0.10000	0.44000	1	3.3466e-05
tacccga	0.44853	0.27941	0.10294	0.16912	1	4.5514e-05
tacccgc	0.42466	0.23288	0.17123	0.17123	1	4.8860e-05
tacccgg	0.44199	0.27072	0.09392	0.19337	1	6.0573e-05
tacccgt	0.27826	0.30435	0.09565	0.32174	1	3.8486e-05
tacccta	0.27815	0.34437	0.09272	0.28477	1	5.0533e-05
taccctc	0.26277	0.21898	0.16788	0.35036	1	4.5848e-05
taccctg	0.26230	0.31148	0.10656	0.31967	1	4.0828e-05
taccctt	0.19907	0.19907	0.12037	0.48148	1	7.2286e-05
taccgaa	0.42500	0.15000	0.22500	0.20000	1	4.0159e-05
taccgac	0.30952	0.11905	0.14286	0.42857	1	2.8111e-05
taccgag	0.45455	0.13636	0.16667	0.24242	1	2.2087e-05
taccgat	0.24107	0.16071	0.20536	0.39286	1	3.7482e-05
taccgca	0.25532	0.23404	0.21277	0.29787	1	3.1458e-05
taccgcc	0.27500	0.22500	0.20000	0.30000	1	2.6773e-05
taccgcg	0.26667	0.15556	0.22222	0.35556	1	1.5060e-05
taccgct	0.28440	0.19266	0.14679	0.37615	1	3.6478e-05
taccgga	0.35185	0.09259	0.39815	0.15741	1	3.6143e-05
taccggc	0.29630	0.24074	0.12963	0.33333	1	1.8072e-05
taccggg	0.15000	0.15000	0.27500	0.42500	1	1.3386e-05
taccggt	0.38596	0.14035	0.26316	0.21053	1	1.9076e-05
taccgta	0.32593	0.15556	0.19259	0.32593	1	4.5179e-05
taccgtc	0.31818	0.19318	0.20455	0.28409	1	2.9450e-05
taccgtg	0.32432	0.16216	0.17568	0.33784	1	2.4765e-05
taccgtt	0.25967	0.19337	0.12707	0.41989	1	6.0573e-05
tacctaa	0.20988	0.08333	0.07099	0.63580	1	1.0843e-04
tacctac	0.33571	0.22143	0.12857	0.31429	1	4.6852e-05
tacctag	0.35065	0.24675	0.14286	0.25974	1	2.5769e-05
tacctat	0.24123	0.20175	0.18421	0.37281	1	7.6302e-05
tacctca	0.34503	0.15205	0.16959	0.33333	1	5.7227e-05
tacctcc	0.25301	0.19277	0.15663	0.39759	1	2.7777e-05
tacctcg	0.26984	0.26984	0.14286	0.31746	1	2.1083e-05
tacctct	0.26829	0.20488	0.14146	0.38537	1	6.8605e-05
tacctga	0.42982	0.12281	0.10526	0.34211	1	3.8151e-05
tacctgc	0.36667	0.17778	0.10000	0.35556	1	3.0119e-05
tacctgg	0.26984	0.26984	0.09524	0.36508	1	2.1083e-05
tacctgt	0.37086	0.11921	0.17219	0.33775	1	5.0533e-05
tacctta	0.32487	0.19797	0.14213	0.33503	1	6.5928e-05
taccttc	0.28161	0.27011	0.20115	0.24713	1	5.8231e-05
taccttg	0.23022	0.21583	0.25180	0.30216	1	4.6517e-05
taccttt	0.22517	0.17881	0.12583	0.47020	1	1.5160e-04
tacgaaa	0.43413	0.15868	0.17964	0.22754	1	1.1178e-04
tacgaac	0.36207	0.14655	0.18103	0.31034	1	3.8820e-05
tacgaag	0.31169	0.24026	0.19481	0.25325	1	5.1537e-05
tacgaat	0.43077	0.12308	0.13846	0.30769	1	6.5258e-05
tacgaca	0.37736	0.10377	0.21698	0.30189	1	3.5474e-05
tacgacc	0.38776	0.12245	0.12245	0.36735	1	1.6398e-05
tacgacg	0.36508	0.15873	0.19048	0.28571	1	2.1083e-05
tacgact	0.28283	0.32323	0.13131	0.26263	1	3.3131e-05
tacgaga	0.38983	0.15254	0.26271	0.19492	1	3.9490e-05
tacgagc	0.45055	0.19780	0.15385	0.19780	1	3.0454e-05
tacgagg	0.25714	0.20000	0.30000	0.24286	1	2.3426e-05
tacgagt	0.36264	0.14286	0.18681	0.30769	1	3.0454e-05
tacgata	0.27638	0.20101	0.16080	0.36181	1	6.6597e-05
tacgatc	0.23000	0.21000	0.18000	0.38000	1	3.3466e-05
tacgatg	0.24038	0.24038	0.16346	0.35577	1	3.4804e-05
tacgatt	0.45320	0.10837	0.15271	0.28571	1	6.7936e-05
tacgcaa	0.31613	0.17419	0.20645	0.30323	1	5.1872e-05
tacgcac	0.40860	0.20430	0.10753	0.27957	1	3.1123e-05
tacgcag	0.35514	0.16822	0.15888	0.31776	1	3.5808e-05
tacgcat	0.38596	0.12865	0.12865	0.35673	1	5.7227e-05
tacgcca	0.51724	0.12069	0.15517	0.20690	1	3.8820e-05
tacgccc	0.27907	0.04651	0.25581	0.41860	1	1.4390e-05
tacgccg	0.28205	0.33333	0.10256	0.28205	1	1.3052e-05
tacgcct	0.14865	0.20270	0.20270	0.44595	1	2.4765e-05
tacgcga	0.35135	0.21622	0.18919	0.24324	1	2.4765e-05
tacgcgc	0.36538	0.15385	0.09615	0.38462	1	1.7402e-05
tacgcgg	0.35897	0.15385	0.15385	0.33333	1	1.3052e-05
tacgcgt	0.22222	0.24444	0.15556	0.37778	1	3.0119e-05
tacgcta	0.29412	0.21849	0.18487	0.30252	1	3.9824e-05
tacgctc	0.35000	0.26250	0.13750	0.25000	1	2.6773e-05
tacgctg	0.28713	0.26733	0.13861	0.30693	1	3.3800e-05
tacgctt	0.23000	0.25500	0.16000	0.35500	1	6.6932e-05
tacggaa	0.44371	0.13245	0.21854	0.20530	1	5.0533e-05
tacggac	0.36508	0.17460	0.20635	0.25397	1	2.1083e-05
tacggag	0.29114	0.22785	0.21519	0.26582	1	2.6438e-05
tacggat	0.29710	0.12319	0.24638	0.33333	1	4.6183e-05
tacggca	0.34483	0.23276	0.20690	0.21552	1	3.8820e-05
tacggcc	0.26000	0.26000	0.16000	0.32000	1	1.6733e-05
tacggcg	0.29630	0.24074	0.16667	0.29630	1	1.8072e-05
tacggct	0.26437	0.21839	0.24138	0.27586	1	2.9115e-05
tacggga	0.41333	0.13333	0.17333	0.28000	1	2.5099e-05
tacgggc	0.30508	0.11864	0.08475	0.49153	1	1.9745e-05
tacgggg	0.28205	0.23077	0.20513	0.28205	1	1.3052e-05
tacgggt	0.37975	0.08861	0.26582	0.26582	1	2.6438e-05
tacggta	0.29577	0.13380	0.23944	0.33099	1	4.7521e-05
tacggtc	0.29091	0.20000	0.18182	0.32727	1	1.8406e-05
tacggtg	0.11818	0.07727	0.08636	0.71818	1	7.3625e-05
tacggtt	0.27869	0.18852	0.20492	0.32787	1	4.0828e-05
tacgtaa	0.39456	0.14626	0.12925	0.32993	1	9.8389e-05
tacgtac	0.39535	0.13023	0.20000	0.27442	1	7.1951e-05
tacgtag	0.29861	0.16667	0.20139	0.33333	1	4.8191e-05
tacgtat	0.42056	0.12150	0.15888	0.29907	1	1.0743e-04
tacgtca	0.25850	0.19048	0.23129	0.31973	1	4.9195e-05
tacgtcc	0.40000	0.20000	0.22222	0.17778	1	1.5060e-05
tacgtcg	0.26027	0.10959	0.15068	0.47945	1	2.4430e-05
tacgtct	0.27350	0.23077	0.15385	0.34188	1	3.9155e-05
tacgtga	0.37838	0.12613	0.21622	0.27928	1	3.7147e-05
tacgtgc	0.33784	0.18919	0.22973	0.24324	1	2.4765e-05
tacgtgg	0.36364	0.15152	0.15152	0.33333	1	2.2087e-05
tacgtgt	0.35099	0.07285	0.20530	0.37086	1	5.0533e-05
tacgtta	0.22266	0.36328	0.12500	0.28906	1	8.5672e-05
tacgttc	0.25893	0.25000	0.22321	0.26786	1	3.7482e-05
tacgttg	0.32283	0.18110	0.11024	0.38583	1	4.2502e-05
tacgttt	0.28417	0.18705	0.16187	0.36691	1	9.3035e-05
tactaaa	0.35957	0.17021	0.16596	0.30426	1	1.5729e-04
tactaac	0.26800	0.13200	0.10000	0.50000	1	8.3665e-05
tactaag	0.33047	0.16738	0.19742	0.30472	1	7.7975e-05
tactaat	0.43187	0.14781	0.14088	0.27945	1	1.4491e-04
tactaca	0.35135	0.14189	0.17905	0.32770	1	9.9059e-05
tactacc	0.42262	0.16667	0.18452	0.22619	1	5.6223e-05
tactacg	0.22764	0.21138	0.21951	0.34146	1	4.1163e-05
tactact	0.33784	0.12162	0.24595	0.29459	1	1.2382e-04
tactaga	0.56680	0.10526	0.11336	0.21457	1	8.2661e-05
tactagc	0.41912	0.22794	0.11765	0.23529	1	4.5514e-05
tactagg	0.37113	0.19588	0.15464	0.27835	1	3.2462e-05
tactagt	0.53671	0.08608	0.10127	0.27595	1	1.3219e-04
tactata	0.28419	0.16667	0.16453	0.38462	1	1.5662e-04
tactatc	0.34948	0.16609	0.17647	0.30796	1	9.6716e-05
tactatg	0.25434	0.17919	0.18497	0.38150	1	5.7896e-05
tactatt	0.28378	0.16366	0.21171	0.34084	1	2.2288e-04
tactcaa	0.40784	0.16078	0.12549	0.30588	1	8.5338e-05
tactcac	0.33108	0.25676	0.05405	0.35811	1	4.9529e-05
tactcag	0.26891	0.22689	0.14286	0.36134	1	3.9824e-05
tactcat	0.25506	0.25911	0.09312	0.39271	1	8.2661e-05
tactcca	0.28571	0.24675	0.16883	0.29870	1	5.1537e-05
tactccc	0.29114	0.29114	0.10127	0.31646	1	2.6438e-05
tactccg	0.23077	0.28846	0.23077	0.25000	1	1.7402e-05
tactcct	0.19512	0.17683	0.23171	0.39634	1	5.4884e-05
tactcga	0.25490	0.16667	0.31373	0.26471	1	3.4135e-05
tactcgc	0.34091	0.19318	0.17045	0.29545	1	2.9450e-05
tactcgg	0.36538	0.17308	0.13462	0.32692	1	1.7402e-05
tactcgt	0.36538	0.18269	0.12500	0.32692	1	3.4804e-05
tactcta	0.27854	0.21461	0.12329	0.38356	1	7.3290e-05
tactctc	0.22857	0.18286	0.16000	0.42857	1	5.8565e-05
tactctg	0.24194	0.12903	0.20968	0.41935	1	4.1498e-05
tactctt	0.17647	0.22969	0.17087	0.42297	1	1.1947e-04
tactgaa	0.37730	0.13804	0.24233	0.24233	1	1.0910e-04
tactgac	0.43226	0.13548	0.20000	0.23226	1	5.1872e-05
tactgag	0.27007	0.23358	0.19708	0.29927	1	4.5848e-05
tactgat	0.38618	0.16260	0.16260	0.28862	1	8.2326e-05
tactgca	0.25962	0.19712	0.22115	0.32212	1	6.9609e-05
tactgcc	0.34921	0.13492	0.22222	0.29365	1	4.2167e-05
tactgcg	0.24242	0.26263	0.20202	0.29293	1	3.3131e-05
tactgct	0.27668	0.23320	0.17787	0.31225	1	8.4669e-05
tactgga	0.44521	0.08904	0.26027	0.20548	1	4.8860e-05
tactggc	0.33945	0.21101	0.18349	0.26606	1	3.6478e-05
tactggg	0.37705	0.27869	0.08197	0.26230	1	2.0414e-05
tactggt	0.36076	0.11392	0.22785	0.29747	1	5.2876e-05
tactgta	0.29592	0.18027	0.18027	0.34354	1	9.8389e-05
tactgtc	0.37342	0.22785	0.17089	0.22785	1	5.2876e-05
tactgtg	0.19895	0.32461	0.16230	0.31414	1	6.3920e-05
tactgtt	0.25272	0.16033	0.21467	0.37228	1	1.2315e-04
tacttaa	0.31045	0.17910	0.18507	0.32537	1	1.1211e-04
tacttac	0.29389	0.19084	0.13740	0.37786	1	8.7680e-05
tacttag	0.32075	0.23270	0.11321	0.33333	1	5.3211e-05
tacttat	0.31884	0.21981	0.11353	0.34783	1	1.3855e-04
tacttca	0.35593	0.15254	0.16384	0.32768	1	1.1847e-04
tacttcc	0.28194	0.26872	0.09251	0.35683	1	7.5967e-05
tacttcg	0.39766	0.18713	0.14035	0.27485	1	5.7227e-05
tacttct	0.22651	0.17349	0.14940	0.45060	1	1.3888e-04
tacttga	0.42160	0.14983	0.15331	0.27526	1	9.6047e-05
tacttgc	0.36788	0.13990	0.16062	0.33161	1	6.4589e-05
tacttgg	0.25325	0.31818	0.14286	0.28571	1	5.1537e-05
tacttgt	0.24138	0.13793	0.18008	0.44061	1	8.7346e-05
tacttta	0.28457	0.17836	0.15230	0.38477	1	1.6699e-04
tactttc	0.31042	0.18847	0.12417	0.37694	1	1.5093e-04
tactttg	0.33631	0.19048	0.14583	0.32738	1	1.1245e-04
tactttt	0.20423	0.20529	0.17037	0.42011	1	3.1625e-04
tagaaaa	0.41932	0.13392	0.22064	0.22613	1	3.0487e-04
tagaaac	0.42125	0.17582	0.15751	0.24542	1	9.1362e-05
tagaaag	0.31283	0.16310	0.24599	0.27807	1	1.2516e-04
tagaaat	0.45439	0.16867	0.15318	0.22375	1	1.9444e-04
tagaaca	0.36271	0.15254	0.18644	0.29831	1	9.8724e-05
tagaacc	0.41463	0.13821	0.16260	0.28455	1	4.1163e-05
tagaacg	0.32812	0.25000	0.16406	0.25781	1	4.2836e-05
tagaact	0.29353	0.16418	0.22388	0.31841	1	6.7266e-05
tagaaga	0.37895	0.10105	0.17263	0.34737	1	1.5896e-04
tagaagc	0.37736	0.22170	0.12736	0.27358	1	7.0948e-05
tagaagg	0.39153	0.22222	0.20635	0.17989	1	6.3250e-05
tagaagt	0.27097	0.09355	0.18065	0.45484	1	1.0374e-04
tagaata	0.36913	0.15436	0.16107	0.31544	1	1.4959e-04
tagaatc	0.26437	0.22989	0.16667	0.33908	1	5.8231e-05
tagaatg	0.25000	0.17347	0.23980	0.33673	1	6.5593e-05
tagaatt	0.18056	0.11343	0.43056	0.27546	1	1.4457e-04
tagacaa	0.29258	0.14847	0.21397	0.34498	1	7.6637e-05
tagacac	0.36522	0.15652	0.19130	0.28696	1	3.8486e-05
tagacag	0.31683	0.26733	0.14851	0.26733	1	3.3800e-05
tagacat	0.34074	0.20000	0.14815	0.31111	1	4.5179e-05
tagacca	0.29630	0.13580	0.20988	0.35802	1	2.7107e-05
tagaccc	0.37288	0.10169	0.06780	0.45763	1	1.9745e-05
tagaccg	0.23913	0.23913	0.26087	0.26087	1	1.5394e-05
tagacct	0.24638	0.20290	0.18841	0.36232	1	2.3091e-05
tagacga	0.22581	0.12903	0.14516	0.50000	1	4.1498e-05
tagacgc	0.30159	0.14286	0.22222	0.33333	1	2.1083e-05
tagacgg	0.22034	0.23729	0.20339	0.33898	1	1.9745e-05
tagacgt	0.25275	0.17582	0.26374	0.30769	1	3.0454e-05
tagacta	0.20968	0.25000	0.15323	0.38710	1	4.1498e-05
tagactc	0.28814	0.16949	0.20339	0.33898	1	1.9745e-05
tagactg	0.32292	0.17708	0.17708	0.32292	1	3.2127e-05
tagactt	0.28846	0.21154	0.15385	0.34615	1	5.2207e-05
tagagaa	0.40419	0.14671	0.22754	0.22156	1	1.1178e-04
tagagac	0.33588	0.11450	0.24427	0.30534	1	4.3840e-05
tagagag	0.33333	0.24667	0.22000	0.20000	1	5.0199e-05
tagagat	0.33962	0.11321	0.23113	0.31604	1	7.0948e-05
tagagca	0.40994	0.14286	0.26708	0.18012	1	5.3880e-05
tagagcc	0.40789	0.17105	0.14474	0.27632	1	2.5434e-05
tagagcg	0.44444	0.17778	0.17778	0.20000	1	1.5060e-05
tagagct	0.22069	0.17241	0.24828	0.35862	1	4.8525e-05
tagagga	0.62447	0.13080	0.10970	0.13502	1	7.9314e-05
tagaggc	0.33654	0.17308	0.19231	0.29808	1	3.4804e-05
tagaggg	0.32558	0.17442	0.19767	0.30233	1	2.8781e-05
tagaggt	0.30370	0.12593	0.23704	0.33333	1	4.5179e-05
tagagta	0.32258	0.18817	0.22043	0.26882	1	6.2246e-05
tagagtc	0.39130	0.17391	0.15942	0.27536	1	2.3091e-05
tagagtg	0.30952	0.21429	0.21429	0.26190	1	4.2167e-05
tagagtt	0.28649	0.18378	0.13514	0.39459	1	6.1912e-05
tagataa	0.37097	0.13710	0.17204	0.31989	1	1.2449e-04
tagatac	0.43976	0.10843	0.13855	0.31325	1	5.5553e-05
tagatag	0.44348	0.14348	0.14348	0.26957	1	7.6971e-05
tagatat	0.42438	0.11964	0.13995	0.31603	1	1.4825e-04
tagatca	0.32164	0.27485	0.14035	0.26316	1	5.7227e-05
tagatcc	0.23913	0.18478	0.28261	0.29348	1	3.0789e-05
tagatcg	0.30000	0.20000	0.20000	0.30000	1	3.3466e-05
tagatct	0.26144	0.20261	0.17647	0.35948	1	5.1203e-05
tagatga	0.26974	0.16776	0.14803	0.41447	1	1.0174e-04
tagatgc	0.32110	0.17431	0.18349	0.32110	1	3.6478e-05
tagatgg	0.22131	0.21311	0.21311	0.35246	1	4.0828e-05
tagatgt	0.29787	0.18085	0.20213	0.31915	1	6.2916e-05
tagatta	0.31716	0.19776	0.14925	0.33582	1	8.9688e-05
tagattc	0.24454	0.42358	0.06987	0.26201	1	7.6637e-05
tagattg	0.26190	0.19643	0.17857	0.36310	1	5.6223e-05
tagattt	0.25203	0.18970	0.17344	0.38482	1	1.2349e-04
tagcaaa	0.37101	0.17681	0.17681	0.27536	1	1.1546e-04
tagcaac	0.33333	0.20833	0.17593	0.28241	1	7.2286e-05
tagcaag	0.31683	0.21287	0.19802	0.27228	1	6.7601e-05
tagcaat	0.36879	0.15603	0.16312	0.31206	1	9.4374e-05
tagcaca	0.32558	0.22093	0.18023	0.27326	1	5.7561e-05
tagcacc	0.37079	0.14607	0.15730	0.32584	1	2.9785e-05
tagcacg	0.24706	0.25882	0.20000	0.29412	1	2.8446e-05
tagcact	0.27841	0.18182	0.21023	0.32955	1	5.8900e-05
tagcaga	0.42391	0.12500	0.17391	0.27717	1	6.1577e-05
tagcagc	0.37805	0.14634	0.18902	0.28659	1	5.4884e-05
tagcagg	0.28736	0.22989	0.14943	0.33333	1	2.9115e-05
tagcagt	0.36464	0.10497	0.17680	0.35359	1	6.0573e-05
tagcata	0.34035	0.16842	0.14035	0.35088	1	9.5378e-05
tagcatc	0.29697	0.20606	0.15758	0.33939	1	5.5219e-05
tagcatg	0.27200	0.21600	0.16000	0.35200	1	4.1832e-05
tagcatt	0.29617	0.17073	0.19164	0.34146	1	9.6047e-05
tagccaa	0.31034	0.19540	0.22989	0.26437	1	5.8231e-05
tagccac	0.28846	0.28846	0.14423	0.27885	1	3.4804e-05
tagccag	0.34722	0.27778	0.09722	0.27778	1	2.4095e-05
tagccat	0.32215	0.20134	0.12752	0.34899	1	4.9864e-05
tagccca	0.38679	0.18868	0.18868	0.23585	1	3.5474e-05
tagcccc	0.30952	0.14286	0.26190	0.28571	1	1.4056e-05
tagcccg	0.25714	0.34286	0.17143	0.22857	1	1.1713e-05
tagccct	0.41837	0.10204	0.15306	0.32653	1	3.2796e-05
tagccga	0.35938	0.17188	0.21875	0.25000	1	2.1418e-05
tagccgc	0.14881	0.58333	0.07143	0.19643	1	5.6223e-05
tagccgg	0.20588	0.17647	0.32353	0.29412	1	1.1378e-05
tagccgt	0.29730	0.17568	0.12162	0.40541	1	2.4765e-05
tagccta	0.34444	0.18889	0.17778	0.28889	1	3.0119e-05
tagcctc	0.34737	0.15789	0.18947	0.30526	1	3.1793e-05
tagcctg	0.23288	0.26027	0.15068	0.35616	1	2.4430e-05
tagcctt	0.18241	0.12052	0.10098	0.59609	1	1.0274e-04
tagcgaa	0.36842	0.13158	0.26316	0.23684	1	5.0868e-05
tagcgac	0.43836	0.10959	0.23288	0.21918	1	2.4430e-05
tagcgag	0.41333	0.14667	0.24000	0.20000	1	2.5099e-05
tagcgat	0.31944	0.15972	0.32639	0.19444	1	4.8191e-05
tagcgca	0.26829	0.12195	0.34959	0.26016	1	4.1163e-05
tagcgcc	0.40196	0.12745	0.27451	0.19608	1	3.4135e-05
tagcgcg	0.25581	0.30233	0.23256	0.20930	1	1.4390e-05
tagcgct	0.24658	0.13699	0.20548	0.41096	1	2.4430e-05
tagcgga	0.42708	0.13542	0.14583	0.29167	1	3.2127e-05
tagcggc	0.33333	0.13333	0.20000	0.33333	1	2.5099e-05
tagcggg	0.35593	0.32203	0.15254	0.16949	1	1.9745e-05
tagcggt	0.25556	0.16667	0.22222	0.35556	1	3.0119e-05
tagcgta	0.25758	0.18939	0.24242	0.31061	1	4.4175e-05
tagcgtc	0.48485	0.21212	0.12121	0.18182	1	2.2087e-05
tagcgtg	0.30986	0.16901	0.19718	0.32394	1	2.3761e-05
tagcgtt	0.29677	0.14839	0.15484	0.40000	1	5.1872e-05
tagctaa	0.38614	0.14851	0.19802	0.26733	1	6.7601e-05
tagctac	0.34545	0.11818	0.10909	0.42727	1	3.6812e-05
tagctag	0.31967	0.27049	0.13115	0.27869	1	4.0828e-05
tagctat	0.22751	0.16402	0.21693	0.39153	1	6.3250e-05
tagctca	0.35433	0.14961	0.14173	0.35433	1	4.2502e-05
tagctcc	0.22807	0.19298	0.15789	0.42105	1	1.9076e-05
tagctcg	0.29870	0.23377	0.18182	0.28571	1	2.5769e-05
tagctct	0.21053	0.15132	0.21053	0.42763	1	5.0868e-05
tagctga	0.48507	0.08209	0.20149	0.23134	1	4.4844e-05
tagctgc	0.28571	0.25210	0.11765	0.34454	1	3.9824e-05
tagctgg	0.23188	0.24638	0.11594	0.40580	1	2.3091e-05
tagctgt	0.34000	0.14000	0.20667	0.31333	1	5.0199e-05
tagctta	0.29204	0.19912	0.15044	0.35841	1	7.5633e-05
tagcttc	0.28333	0.20556	0.14444	0.36667	1	6.0238e-05
tagcttg	0.30247	0.24691	0.16667	0.28395	1	5.4215e-05
tagcttt	0.22188	0.17933	0.13982	0.45897	1	1.1010e-04
taggaaa	0.42092	0.19708	0.19465	0.18735	1	1.3754e-04
taggaac	0.41727	0.15108	0.18705	0.24460	1	4.6517e-05
taggaag	0.35586	0.15766	0.22072	0.26577	1	7.4294e-05
taggaat	0.30544	0.34310	0.12971	0.22176	1	7.9983e-05
taggaca	0.37302	0.16667	0.19841	0.26190	1	4.2167e-05
taggacc	0.25532	0.27660	0.17021	0.29787	1	1.5729e-05
taggacg	0.25455	0.27273	0.21818	0.25455	1	1.8406e-05
taggact	0.26374	0.13187	0.19780	0.40659	1	3.0454e-05
taggaga	0.42754	0.15942	0.23913	0.17391	1	4.6183e-05
taggagc	0.24000	0.30667	0.12000	0.33333	1	2.5099e-05
taggagg	0.39535	0.16279	0.25581	0.18605	1	2.8781e-05
taggagt	0.32323	0.15152	0.17172	0.35354	1	3.3131e-05
taggata	0.53160	0.11152	0.11524	0.24164	1	9.0023e-05
taggatc	0.64246	0.06704	0.06704	0.22346	1	5.9904e-05
taggatg	0.55455	0.08182	0.20909	0.15455	1	3.6812e-05
taggatt	0.15306	0.20918	0.29592	0.34184	1	6.5593e-05
taggcaa	0.35955	0.11236	0.20225	0.32584	1	5.9569e-05
taggcac	0.35789	0.17895	0.20000	0.26316	1	3.1793e-05
taggcag	0.36471	0.11765	0.28235	0.23529	1	2.8446e-05
taggcat	0.31783	0.17829	0.19380	0.31008	1	4.3171e-05
taggcca	0.23158	0.24211	0.21053	0.31579	1	3.1793e-05
taggccc	0.36842	0.05263	0.15789	0.42105	1	1.2717e-05
taggccg	0.33333	0.20000	0.17778	0.28889	1	1.5060e-05
taggcct	0.23377	0.12987	0.20779	0.42857	1	2.5769e-05
taggcga	0.17500	0.18750	0.18750	0.45000	1	2.6773e-05
taggcgc	0.37313	0.04478	0.22388	0.35821	1	2.2422e-05
taggcgg	0.38983	0.25424	0.16949	0.18644	1	1.9745e-05
taggcgt	0.24074	0.25926	0.16667	0.33333	1	1.8072e-05
taggcta	0.38202	0.13483	0.21348	0.26966	1	2.9785e-05
taggctc	0.34783	0.20290	0.17391	0.27536	1	2.3091e-05
taggctg	0.34722	0.25000	0.13889	0.26389	1	2.4095e-05
taggctt	0.23529	0.16807	0.18487	0.41176	1	3.9824e-05
tagggaa	0.39423	0.11058	0.36538	0.12981	1	6.9609e-05
tagggac	0.46429	0.10714	0.12500	0.30357	1	1.8741e-05
tagggag	0.38889	0.20833	0.22222	0.18056	1	2.4095e-05
tagggat	0.40449	0.12360	0.16854	0.30337	1	2.9785e-05
tagggca	0.31633	0.13265	0.20408	0.34694	1	3.2796e-05
tagggcc	0.30000	0.10000	0.17500	0.42500	1	1.3386e-05
tagggcg	0.35897	0.10256	0.23077	0.30769	1	1.3052e-05
tagggct	0.37255	0.14706	0.15686	0.32353	1	3.4135e-05
tagggga	0.38614	0.16832	0.25743	0.18812	1	3.3800e-05
taggggc	0.44000	0.18000	0.16000	0.22000	1	1.6733e-05
taggggg	0.31746	0.11111	0.31746	0.25397	1	2.1083e-05
taggggt	0.36735	0.16327	0.12245	0.34694	1	1.6398e-05
tagggta	0.48148	0.14074	0.11852	0.25926	1	4.5179e-05
tagggtc	0.23214	0.37500	0.08929	0.30357	1	1.8741e-05
tagggtg	0.37681	0.13043	0.21739	0.27536	1	2.3091e-05
tagggtt	0.32090	0.17164	0.20149	0.30597	1	4.4844e-05
taggtaa	0.42326	0.17209	0.13953	0.26512	1	7.1951e-05
taggtac	0.34211	0.13158	0.24561	0.28070	1	3.8151e-05
taggtag	0.30303	0.12121	0.26263	0.31313	1	3.3131e-05
taggtat	0.46288	0.10044	0.17904	0.25764	1	7.6637e-05
taggtca	0.27273	0.21212	0.14141	0.37374	1	3.3131e-05
taggtcc	0.50000	0.12963	0.16667	0.20370	1	1.8072e-05
taggtcg	0.24242	0.24242	0.21212	0.30303	1	1.1044e-05
taggtct	0.20000	0.15000	0.17500	0.47500	1	2.6773e-05
taggtga	0.38462	0.20280	0.16084	0.25175	1	4.7856e-05
taggtgc	0.36145	0.14458	0.19277	0.30120	1	2.7777e-05
taggtgg	0.26562	0.25000	0.10938	0.37500	1	2.1418e-05
taggtgt	0.34951	0.14563	0.23301	0.27184	1	3.4470e-05
taggtta	0.32075	0.19497	0.15723	0.32704	1	5.3211e-05
taggttc	0.35714	0.19388	0.21429	0.23469	1	3.2796e-05
taggttg	0.29703	0.23762	0.14851	0.31683	1	3.3800e-05
taggttt	0.28205	0.20085	0.14530	0.37179	1	7.8310e-05
tagtaaa	0.34937	0.15900	0.20921	0.28243	1	1.5997e-04
tagtaac	0.33910	0.14533	0.23875	0.27682	1	9.6716e-05
tagtaag	0.34821	0.16964	0.18304	0.29911	1	7.4963e-05
tagtaat	0.42019	0.14319	0.19484	0.24178	1	1.4256e-04
tagtaca	0.25439	0.22368	0.17544	0.34649	1	7.6302e-05
tagtacc	0.39252	0.14019	0.16822	0.29907	1	3.5808e-05
tagtacg	0.34188	0.17094	0.15385	0.33333	1	3.9155e-05
tagtact	0.27039	0.18026	0.21888	0.33047	1	7.7975e-05
tagtaga	0.32780	0.11203	0.21577	0.34440	1	8.0653e-05
tagtagc	0.42553	0.13298	0.14894	0.29255	1	6.2916e-05
tagtagg	0.38571	0.16429	0.20000	0.25000	1	4.6852e-05
tagtagt	0.38689	0.17377	0.18689	0.25246	1	1.0207e-04
tagtata	0.20714	0.11000	0.10000	0.58286	1	2.3426e-04
tagtatc	0.35025	0.19289	0.12183	0.33503	1	6.5928e-05
tagtatg	0.27451	0.10196	0.11765	0.50588	1	8.5338e-05
tagtatt	0.23604	0.16757	0.13874	0.45766	1	1.8574e-04
tagtcaa	0.35233	0.19689	0.15026	0.30052	1	6.4589e-05
tagtcac	0.38194	0.16667	0.16667	0.28472	1	4.8191e-05
tagtcag	0.24510	0.24510	0.11765	0.39216	1	3.4135e-05
tagtcat	0.23986	0.40878	0.11824	0.23311	1	9.9059e-05
tagtcca	0.37864	0.17476	0.15534	0.29126	1	3.4470e-05
tagtccc	0.29545	0.11364	0.22727	0.36364	1	1.4725e-05
tagtccg	0.21277	0.23404	0.29787	0.25532	1	1.5729e-05
tagtcct	0.26415	0.19811	0.11321	0.42453	1	3.5474e-05
tagtcga	0.33333	0.14943	0.13793	0.37931	1	2.9115e-05
tagtcgc	0.37931	0.24138	0.10345	0.27586	1	1.9410e-05
tagtcgg	0.30000	0.24000	0.18000	0.28000	1	1.6733e-05
tagtcgt	0.33684	0.15789	0.21053	0.29474	1	3.1793e-05
tagtcta	0.32743	0.15929	0.15929	0.35398	1	3.7816e-05
tagtctc	0.25833	0.19167	0.13333	0.41667	1	4.0159e-05
tagtctg	0.26437	0.18391	0.14943	0.40230	1	2.9115e-05
tagtctt	0.21698	0.17925	0.17925	0.42453	1	7.0948e-05
tagtgaa	0.39362	0.14539	0.20922	0.25177	1	9.4374e-05
tagtgac	0.40816	0.14966	0.15646	0.28571	1	4.9195e-05
tagtgag	0.48684	0.13816	0.15132	0.22368	1	5.0868e-05
tagtgat	0.31852	0.14444	0.24444	0.29259	1	9.0358e-05
tagtgca	0.37342	0.17089	0.19620	0.25949	1	5.2876e-05
tagtgcc	0.32941	0.14118	0.27059	0.25882	1	2.8446e-05
tagtgcg	0.32000	0.16000	0.24000	0.28000	1	2.5099e-05
tagtgct	0.22414	0.17816	0.24138	0.35632	1	5.8231e-05
tagtgga	0.55760	0.07834	0.12442	0.23963	1	7.2621e-05
tagtggc	0.32710	0.19626	0.18692	0.28972	1	3.5808e-05
tagtggg	0.38889	0.18889	0.15556	0.26667	1	3.0119e-05
tagtggt	0.34014	0.11565	0.27211	0.27211	1	4.9195e-05
tagtgta	0.40260	0.16017	0.16450	0.27273	1	7.7306e-05
tagtgtc	0.34862	0.22936	0.09174	0.33028	1	3.6478e-05
tagtgtg	0.28777	0.19424	0.20863	0.30935	1	4.6517e-05
tagtgtt	0.27197	0.19247	0.21339	0.32218	1	7.9983e-05
tagttaa	0.31889	0.14551	0.25077	0.28483	1	1.0809e-04
tagttac	0.35088	0.16959	0.12281	0.35673	1	5.7227e-05
tagttag	0.19704	0.19704	0.15271	0.45320	1	6.7936e-05
tagttat	0.39494	0.17468	0.11392	0.31646	1	1.3219e-04
tagttca	0.29259	0.14815	0.26667	0.29259	1	9.0358e-05
tagttcc	0.26190	0.16667	0.17460	0.39683	1	4.2167e-05
tagttcg	0.37190	0.14050	0.23140	0.25620	1	4.0494e-05
tagttct	0.18725	0.19920	0.15139	0.46215	1	8.3999e-05
tagttga	0.30899	0.12640	0.14326	0.42135	1	1.1914e-04
tagttgc	0.31538	0.19231	0.17692	0.31538	1	4.3506e-05
tagttgg	0.36301	0.31507	0.07534	0.24658	1	4.8860e-05
tagttgt	0.31559	0.17490	0.18251	0.32700	1	8.8015e-05
tagttta	0.27930	0.21446	0.19451	0.31172	1	1.3420e-04
tagtttc	0.28814	0.23729	0.13220	0.34237	1	9.8724e-05
tagtttg	0.27490	0.18725	0.16733	0.37052	1	8.3999e-05
tagtttt	0.22368	0.19591	0.17398	0.40643	1	2.2891e-04
tataaaa	0.36238	0.19538	0.20462	0.23762	1	5.0701e-04
tataaac	0.42539	0.16295	0.17153	0.24014	1	1.9511e-04
tataaag	0.35690	0.17003	0.22222	0.25084	1	1.9879e-04
tataaat	0.51289	0.10221	0.15746	0.22744	1	3.6344e-04
tataaca	0.39798	0.15152	0.16566	0.28485	1	1.6566e-04
tataacc	0.37391	0.18696	0.12609	0.31304	1	7.6971e-05
tataacg	0.30222	0.23556	0.16889	0.29333	1	7.5298e-05
tataact	0.36000	0.12000	0.19529	0.32471	1	1.4223e-04
tataaga	0.44894	0.09149	0.18511	0.27447	1	1.5729e-04
tataagc	0.42403	0.18021	0.14134	0.25442	1	9.4708e-05
tataagg	0.33117	0.17208	0.21429	0.28247	1	1.0307e-04
tataagt	0.44103	0.10513	0.20256	0.25128	1	1.3052e-04
tataata	0.31926	0.11589	0.12740	0.43745	1	4.3606e-04
tataatc	0.36243	0.15608	0.16138	0.32011	1	1.2650e-04
tataatg	0.28883	0.17439	0.16894	0.36785	1	1.2282e-04
tataatt	0.35161	0.13230	0.16567	0.35042	1	2.8078e-04
tatacaa	0.39115	0.18230	0.17345	0.25310	1	1.8908e-04
tatacac	0.42815	0.15543	0.18768	0.22874	1	1.1412e-04
tatacag	0.43785	0.17514	0.13277	0.25424	1	1.1847e-04
tatacat	0.50477	0.12415	0.11187	0.25921	1	2.4530e-04
tatacca	0.36949	0.19322	0.15254	0.28475	1	9.8724e-05
tataccc	0.35606	0.18182	0.16667	0.29545	1	4.4175e-05
tataccg	0.24590	0.21311	0.19672	0.34426	1	4.0828e-05
tatacct	0.49591	0.16349	0.10627	0.23433	1	1.2282e-04
tatacga	0.35870	0.16304	0.19565	0.28261	1	9.2366e-05
tatacgc	0.44974	0.13757	0.12169	0.29101	1	6.3250e-05
tatacgg	0.17490	0.09886	0.08745	0.63878	1	8.8015e-05
tatacgt	0.39759	0.12651	0.19578	0.28012	1	1.1111e-04
tatacta	0.22262	0.17056	0.28725	0.31957	1	1.8640e-04
tatactc	0.30672	0.18487	0.12185	0.38655	1	7.9649e-05
tatactg	0.23490	0.19128	0.16779	0.40604	1	9.9728e-05
tatactt	0.23136	0.17208	0.15105	0.44551	1	1.7503e-04
tatagaa	0.37089	0.13772	0.18310	0.30829	1	2.1385e-04
tatagac	0.40116	0.12791	0.18605	0.28488	1	5.7561e-05
tatagag	0.35741	0.20532	0.22053	0.21673	1	8.8015e-05
tatagat	0.35438	0.09572	0.14664	0.40326	1	1.6432e-04
tatagca	0.31329	0.15823	0.15823	0.37025	1	1.0575e-04
tatagcc	0.21032	0.09127	0.07540	0.62302	1	8.4334e-05
tatagcg	0.16260	0.22764	0.26016	0.34959	1	4.1163e-05
tatagct	0.23077	0.19712	0.16346	0.40865	1	6.9609e-05
tatagga	0.53307	0.10506	0.15175	0.21012	1	8.6007e-05
tataggc	0.40351	0.19298	0.18421	0.21930	1	3.8151e-05
tataggg	0.34815	0.24444	0.22222	0.18519	1	4.5179e-05
tataggt	0.30120	0.15060	0.19277	0.35542	1	5.5553e-05
tatagta	0.30048	0.18029	0.16346	0.35577	1	1.3922e-04
tatagtc	0.39062	0.15104	0.13021	0.32812	1	6.4254e-05
tatagtg	0.31496	0.18898	0.23622	0.25984	1	8.5003e-05
tatagtt	0.24413	0.16667	0.18545	0.40376	1	1.4256e-04
tatataa	0.40980	0.11739	0.17717	0.29564	1	6.2146e-04
tatatac	0.44422	0.14503	0.17039	0.24037	1	3.2997e-04
tatatag	0.38574	0.16157	0.14993	0.30277	1	2.2991e-04
tatatat	0.65253	0.06830	0.10855	0.17062	1	1.3965e-03
tatatca	0.28777	0.18525	0.18165	0.34532	1	1.8607e-04
tatatcc	0.21605	0.16358	0.12346	0.49691	1	1.0843e-04
tatatcg	0.23529	0.25980	0.17157	0.33333	1	6.8270e-05
tatatct	0.31414	0.15954	0.15625	0.37007	1	2.0347e-04
tatatga	0.29038	0.12500	0.16154	0.42308	1	1.7402e-04
tatatgc	0.39769	0.17867	0.15562	0.26801	1	1.1613e-04
tatatgg	0.34375	0.20703	0.18359	0.26562	1	8.5672e-05
tatatgt	0.39761	0.10239	0.18883	0.31117	1	2.5166e-04
tatatta	0.24794	0.11536	0.11610	0.52060	1	4.4677e-04
tatattc	0.27596	0.14225	0.09815	0.48364	1	2.3526e-04
tatattg	0.35214	0.17094	0.18803	0.28889	1	1.9578e-04
tatattt	0.31983	0.18087	0.13128	0.36802	1	4.7923e-04
tatcaaa	0.38879	0.16813	0.16988	0.27320	1	1.9109e-04
tatcaac	0.46188	0.10762	0.11211	0.31839	1	1.4926e-04
tatcaag	0.36810	0.17178	0.18712	0.27301	1	1.0910e-04
tatcaat	0.36151	0.24101	0.12050	0.27698	1	1.8607e-04
tatcaca	0.34091	0.17857	0.14935	0.33117	1	1.0307e-04
tatcacc	0.34940	0.23494	0.17470	0.24096	1	5.5553e-05
tatcacg	0.29870	0.11688	0.13636	0.44805	1	5.1537e-05
tatcact	0.28223	0.17422	0.17073	0.37282	1	9.6047e-05
tatcaga	0.41841	0.12971	0.16736	0.28452	1	7.9983e-05
tatcagc	0.42157	0.17647	0.15686	0.24510	1	6.8270e-05
tatcagg	0.29167	0.19444	0.18750	0.32639	1	4.8191e-05
tatcagt	0.33772	0.18421	0.19737	0.28070	1	7.6302e-05
tatcata	0.23102	0.16172	0.10396	0.50330	1	2.0280e-04
tatcatc	0.33047	0.11803	0.14592	0.40558	1	1.5595e-04
tatcatg	0.30808	0.19192	0.15657	0.34343	1	6.6262e-05
tatcatt	0.29359	0.16370	0.13879	0.40391	1	1.8808e-04
tatccaa	0.29520	0.19557	0.24723	0.26199	1	9.0692e-05
tatccac	0.21101	0.16514	0.36697	0.25688	1	3.6478e-05
tatccag	0.25984	0.15748	0.17323	0.40945	1	4.2502e-05
tatccat	0.34118	0.19216	0.12157	0.34510	1	8.5338e-05
tatccca	0.28387	0.22581	0.21935	0.27097	1	5.1872e-05
tatcccc	0.22619	0.13095	0.25000	0.39286	1	2.8111e-05
tatcccg	0.24615	0.23077	0.20000	0.32308	1	2.1753e-05
tatccct	0.16667	0.19892	0.15054	0.48387	1	6.2246e-05
tatccga	0.44086	0.12903	0.17204	0.25806	1	3.1123e-05
tatccgc	0.39560	0.13187	0.17582	0.29670	1	3.0454e-05
tatccgg	0.22973	0.24324	0.27027	0.25676	1	2.4765e-05
tatccgt	0.26087	0.16522	0.22609	0.34783	1	3.8486e-05
tatccta	0.25957	0.13617	0.12340	0.48085	1	7.8645e-05
tatcctc	0.21457	0.14575	0.39676	0.24291	1	8.2661e-05
tatcctg	0.23529	0.26891	0.15966	0.33613	1	3.9824e-05
tatcctt	0.19110	0.17016	0.18063	0.45812	1	1.2784e-04
tatcgaa	0.37156	0.18349	0.22477	0.22018	1	7.2955e-05
tatcgac	0.27835	0.11340	0.20619	0.40206	1	3.2462e-05
tatcgag	0.27523	0.18349	0.20183	0.33945	1	3.6478e-05
tatcgat	0.27513	0.16402	0.17989	0.38095	1	6.3250e-05
tatcgca	0.36585	0.13415	0.14024	0.35976	1	5.4884e-05
tatcgcc	0.27778	0.15556	0.13333	0.43333	1	3.0119e-05
tatcgcg	0.27848	0.27848	0.17722	0.26582	1	2.6438e-05
tatcgct	0.26923	0.13462	0.25000	0.34615	1	5.2207e-05
tatcgga	0.40909	0.15909	0.17045	0.26136	1	2.9450e-05
tatcggc	0.22619	0.13095	0.27381	0.36905	1	2.8111e-05
tatcggg	0.32075	0.16981	0.18868	0.32075	1	1.7737e-05
tatcggt	0.28814	0.18644	0.15254	0.37288	1	3.9490e-05
tatcgta	0.29442	0.18782	0.14213	0.37563	1	6.5928e-05
tatcgtc	0.22778	0.12222	0.08333	0.56667	1	6.0238e-05
tatcgtg	0.27200	0.20000	0.15200	0.37600	1	4.1832e-05
tatcgtt	0.22642	0.22264	0.11698	0.43396	1	8.8684e-05
tatctaa	0.30795	0.15563	0.17550	0.36093	1	1.0107e-04
tatctac	0.45161	0.12186	0.11470	0.31183	1	9.3370e-05
tatctag	0.28667	0.25333	0.16667	0.29333	1	5.0199e-05
tatctat	0.37691	0.21133	0.11547	0.29630	1	1.5361e-04
tatctca	0.38043	0.14946	0.12772	0.34239	1	1.2315e-04
tatctcc	0.31481	0.17284	0.20988	0.30247	1	5.4215e-05
tatctcg	0.39683	0.23016	0.17460	0.19841	1	4.2167e-05
tatctct	0.18000	0.20000	0.19714	0.42286	1	1.1713e-04
tatctga	0.34783	0.14976	0.20290	0.29952	1	6.9274e-05
tatctgc	0.29189	0.19459	0.14595	0.36757	1	6.1912e-05
tatctgg	0.25874	0.23776	0.16783	0.33566	1	4.7856e-05
tatctgt	0.29032	0.18638	0.18996	0.33333	1	9.3370e-05
tatctta	0.26389	0.18519	0.16204	0.38889	1	1.4457e-04
tatcttc	0.27642	0.23306	0.13279	0.35772	1	1.2349e-04
tatcttg	0.26646	0.23511	0.14734	0.35110	1	1.0676e-04
tatcttt	0.19912	0.18302	0.13324	0.48463	1	2.2857e-04
tatgaaa	0.39107	0.16071	0.20893	0.23929	1	1.8741e-04
tatgaac	0.34171	0.14070	0.27136	0.24623	1	6.6597e-05
tatgaag	0.36214	0.12757	0.20165	0.30864	1	8.1322e-05
tatgaat	0.38310	0.19718	0.15493	0.26479	1	1.1880e-04
tatgaca	0.41429	0.19524	0.17619	0.21429	1	7.0278e-05
tatgacc	0.41441	0.16216	0.13514	0.28829	1	3.7147e-05
tatgacg	0.32692	0.14423	0.19231	0.33654	1	3.4804e-05
tatgact	0.36000	0.12000	0.18286	0.33714	1	5.8565e-05
tatgaga	0.61983	0.08678	0.12397	0.16942	1	8.0987e-05
tatgagc	0.36522	0.12174	0.21739	0.29565	1	3.8486e-05
tatgagg	0.36975	0.09244	0.26050	0.27731	1	3.9824e-05
tatgagt	0.28387	0.18710	0.21935	0.30968	1	5.1872e-05
tatgata	0.43982	0.13129	0.14661	0.28228	1	1.5294e-04
tatgatc	0.30625	0.17500	0.12500	0.39375	1	5.3545e-05
tatgatg	0.35088	0.16667	0.16228	0.32018	1	7.6302e-05
tatgatt	0.25387	0.20433	0.14861	0.39319	1	1.0809e-04
tatgcaa	0.37857	0.18929	0.19286	0.23929	1	9.3704e-05
tatgcac	0.30935	0.12950	0.21583	0.34532	1	4.6517e-05
tatgcag	0.28571	0.22360	0.23602	0.25466	1	5.3880e-05
tatgcat	0.35227	0.14394	0.17045	0.33333	1	8.8350e-05
tatgcca	0.34014	0.17687	0.14286	0.34014	1	4.9195e-05
tatgccc	0.28986	0.11594	0.14493	0.44928	1	2.3091e-05
tatgccg	0.20000	0.24286	0.24286	0.31429	1	2.3426e-05
tatgcct	0.20395	0.19079	0.16447	0.44079	1	5.0868e-05
tatgcga	0.29126	0.13592	0.17476	0.39806	1	3.4470e-05
tatgcgc	0.24390	0.20732	0.19512	0.35366	1	2.7442e-05
tatgcgg	0.28261	0.16304	0.20652	0.34783	1	3.0789e-05
tatgcgt	0.29630	0.17778	0.14815	0.37778	1	4.5179e-05
tatgcta	0.26027	0.20091	0.15982	0.37900	1	7.3290e-05
tatgctc	0.27132	0.17054	0.15504	0.40310	1	4.3171e-05
tatgctg	0.28369	0.29787	0.16312	0.25532	1	4.7187e-05
tatgctt	0.25540	0.17626	0.11871	0.44964	1	9.3035e-05
tatggaa	0.45693	0.12360	0.22472	0.19476	1	8.9354e-05
tatggac	0.35714	0.14286	0.21429	0.28571	1	3.2796e-05
tatggag	0.41667	0.13636	0.21212	0.23485	1	4.4175e-05
tatggat	0.26160	0.10970	0.17300	0.45570	1	7.9314e-05
tatggca	0.28571	0.22078	0.18831	0.30519	1	5.1537e-05
tatggcc	0.29730	0.18919	0.18919	0.32432	1	2.4765e-05
tatggcg	0.19318	0.31818	0.17045	0.31818	1	2.9450e-05
tatggct	0.24161	0.16779	0.24161	0.34899	1	4.9864e-05
tatggga	0.41111	0.07778	0.15556	0.35556	1	3.0119e-05
tatgggc	0.32911	0.13924	0.18987	0.34177	1	2.6438e-05
tatgggg	0.32099	0.24691	0.18519	0.24691	1	2.7107e-05
tatgggt	0.24096	0.12048	0.40361	0.23494	1	5.5553e-05
tatggta	0.28761	0.13717	0.19027	0.38496	1	7.5633e-05
tatggtc	0.27692	0.24615	0.16923	0.30769	1	2.1753e-05
tatggtg	0.39286	0.20000	0.17143	0.23571	1	4.6852e-05
tatggtt	0.20909	0.15455	0.21818	0.41818	1	7.3625e-05
tatgtaa	0.38353	0.16064	0.16867	0.28715	1	1.6666e-04
tatgtac	0.36170	0.15502	0.19453	0.28875	1	1.1010e-04
tatgtag	0.49390	0.12195	0.18293	0.20122	1	1.0977e-04
tatgtat	0.41415	0.12713	0.18349	0.27523	1	2.5534e-04
tatgtca	0.23358	0.20438	0.16788	0.39416	1	9.1696e-05
tatgtcc	0.27119	0.18644	0.13559	0.40678	1	3.9490e-05
tatgtcg	0.15730	0.21348	0.20225	0.42697	1	2.9785e-05
tatgtct	0.17416	0.20225	0.19101	0.43258	1	5.9569e-05
tatgtga	0.32794	0.19433	0.18623	0.29150	1	8.2661e-05
tatgtgc	0.30405	0.20270	0.22973	0.26351	1	4.9529e-05
tatgtgg	0.27068	0.17293	0.23308	0.32331	1	4.4510e-05
tatgtgt	0.34513	0.09735	0.22419	0.33333	1	1.1345e-04
tatgtta	0.34154	0.24615	0.10154	0.31077	1	1.0876e-04
tatgttc	0.26971	0.21162	0.10373	0.41494	1	8.0653e-05
tatgttg	0.21269	0.16418	0.29478	0.32836	1	8.9688e-05
tatgttt	0.30799	0.20468	0.14815	0.33918	1	1.7168e-04
tattaaa	0.38615	0.16245	0.16778	0.28362	1	2.5133e-04
tattaac	0.43069	0.14356	0.15347	0.27228	1	1.3520e-04
tattaag	0.30000	0.17222	0.20000	0.32778	1	1.2048e-04
tattaat	0.43693	0.12041	0.15826	0.28440	1	2.9182e-04
tattaca	0.25370	0.12593	0.16111	0.45926	1	1.8072e-04
tattacc	0.22667	0.38667	0.12267	0.26400	1	1.2550e-04
tattacg	0.35000	0.15769	0.22308	0.26923	1	8.7011e-05
tattact	0.30093	0.17009	0.19252	0.33645	1	1.7904e-04
tattaga	0.37908	0.12418	0.16013	0.33660	1	1.0241e-04
tattagc	0.34101	0.16129	0.19355	0.30415	1	7.2621e-05
tattagg	0.28846	0.13077	0.14231	0.43846	1	8.7011e-05
tattagt	0.43053	0.11155	0.15264	0.30528	1	1.7101e-04
tattata	0.26640	0.09474	0.20648	0.43239	1	4.1330e-04
tattatc	0.57031	0.11719	0.09635	0.21615	1	2.5702e-04
tattatg	0.28111	0.16590	0.14977	0.40323	1	1.4524e-04
tattatt	0.37484	0.13950	0.14928	0.33638	1	5.1337e-04
tattcaa	0.34940	0.17556	0.17900	0.29604	1	1.9444e-04
tattcac	0.27273	0.23052	0.12338	0.37338	1	1.0307e-04
tattcag	0.30165	0.19008	0.14463	0.36364	1	8.0987e-05
tattcat	0.28125	0.17928	0.15132	0.38816	1	2.0347e-04
tattcca	0.48324	0.14246	0.15084	0.22346	1	1.1981e-04
tattccc	0.26667	0.18462	0.16923	0.37949	1	6.5258e-05
tattccg	0.21519	0.24684	0.17089	0.36709	1	5.2876e-05
tattcct	0.20273	0.28018	0.16629	0.35080	1	1.4691e-04
tattcga	0.36792	0.16038	0.20755	0.26415	1	7.0948e-05
tattcgc	0.33333	0.16327	0.19048	0.31293	1	4.9195e-05
tattcgg	0.30709	0.27559	0.17323	0.24409	1	4.2502e-05
tattcgt	0.25000	0.17164	0.20149	0.37687	1	8.9688e-05
tattcta	0.26782	0.20086	0.15983	0.37149	1	1.5495e-04
tattctc	0.24235	0.15561	0.16582	0.43622	1	1.3119e-04
tattctg	0.16190	0.18333	0.12619	0.52857	1	1.4056e-04
tattctt	0.20513	0.20290	0.18841	0.40357	1	3.0019e-04
tattgaa	0.43080	0.12284	0.17993	0.26644	1	1.9343e-04
tattgac	0.35294	0.13866	0.17227	0.33613	1	7.9649e-05
tattgag	0.35870	0.18478	0.18841	0.26812	1	9.2366e-05
tattgat	0.37975	0.13502	0.18143	0.30380	1	1.5863e-04
tattgca	0.29859	0.20845	0.16901	0.32394	1	1.1880e-04
tattgcc	0.29333	0.14222	0.17778	0.38667	1	7.5298e-05
tattgcg	0.31361	0.20118	0.18935	0.29586	1	5.6557e-05
tattgct	0.27394	0.20479	0.17021	0.35106	1	1.2583e-04
tattgga	0.41096	0.16895	0.19635	0.22374	1	7.3290e-05
tattggc	0.35196	0.12291	0.21229	0.31285	1	5.9904e-05
tattggg	0.29787	0.28369	0.14184	0.27660	1	4.7187e-05
tattggt	0.32143	0.21104	0.16883	0.29870	1	1.0307e-04
tattgta	0.31481	0.19959	0.14815	0.33745	1	1.6264e-04
tattgtc	0.38484	0.15743	0.13120	0.32653	1	1.1479e-04
tattgtg	0.23322	0.23675	0.19435	0.33569	1	9.4708e-05
tattgtt	0.30413	0.15895	0.18023	0.35670	1	2.6739e-04
tatttaa	0.33599	0.16743	0.16287	0.33371	1	2.9383e-04
tatttac	0.32640	0.13920	0.21120	0.32320	1	2.0916e-04
tatttag	0.26009	0.20628	0.18386	0.34978	1	1.4926e-04
tatttat	0.37864	0.10610	0.08460	0.43065	1	4.8258e-04
tatttca	0.36173	0.17598	0.16480	0.29749	1	2.3962e-04
tatttcc	0.24324	0.19751	0.19127	0.36798	1	1.6097e-04
tatttcg	0.30403	0.21245	0.16117	0.32234	1	9.1362e-05
tatttct	0.25362	0.20911	0.14700	0.39027	1	3.2328e-04
tatttga	0.34357	0.14395	0.19578	0.31670	1	1.7436e-04
tatttgc	0.31579	0.16053	0.15263	0.37105	1	1.2717e-04
tatttgg	0.26421	0.25418	0.15050	0.33110	1	1.0006e-04
tatttgt	0.28767	0.14555	0.15925	0.40753	1	1.9544e-04
tatttta	0.26298	0.18213	0.14894	0.40596	1	3.9322e-04
tattttc	0.27539	0.20209	0.13508	0.38743	1	3.1960e-04
tattttg	0.27461	0.22280	0.14249	0.36010	1	2.5836e-04
tattttt	0.21767	0.19527	0.13694	0.45013	1	7.9180e-04
tcaaaaa	0.42366	0.12841	0.20222	0.24570	1	3.3098e-04
tcaaaac	0.40811	0.16229	0.16468	0.26492	1	1.4022e-04
tcaaaag	0.36145	0.18313	0.16145	0.29398	1	1.3888e-04
tcaaaat	0.29226	0.15330	0.22923	0.32521	1	2.3359e-04
tcaaaca	0.43155	0.15179	0.14881	0.26786	1	1.1245e-04
tcaaacc	0.34254	0.17680	0.05525	0.42541	1	6.0573e-05
tcaaacg	0.32051	0.21154	0.21795	0.25000	1	5.2207e-05
tcaaact	0.31802	0.14134	0.15194	0.38869	1	9.4708e-05
tcaaaga	0.51015	0.13198	0.16244	0.19543	1	1.3186e-04
tcaaagc	0.39623	0.14623	0.13679	0.32075	1	7.0948e-05
tcaaagg	0.30804	0.22768	0.19196	0.27232	1	7.4963e-05
tcaaagt	0.32776	0.12375	0.21405	0.33445	1	1.0006e-04
tcaaata	0.34566	0.14787	0.17560	0.33087	1	1.8105e-04
tcaaatc	0.37849	0.17928	0.15936	0.28287	1	8.3999e-05
tcaaatg	0.28409	0.20076	0.20455	0.31061	1	8.8350e-05
tcaaatt	0.29468	0.15779	0.17300	0.37452	1	1.7603e-04
tcaacaa	0.35758	0.18788	0.15960	0.29495	1	1.6566e-04
tcaacac	0.42714	0.14573	0.11558	0.31156	1	6.6597e-05
tcaacag	0.31224	0.22363	0.16034	0.30380	1	7.9314e-05
tcaacat	0.35069	0.18056	0.13542	0.33333	1	9.6382e-05
tcaacca	0.37222	0.18333	0.16111	0.28333	1	6.0238e-05
tcaaccc	0.24444	0.24444	0.15556	0.35556	1	3.0119e-05
tcaaccg	0.27381	0.28571	0.10714	0.33333	1	2.8111e-05
tcaacct	0.17241	0.21379	0.17931	0.43448	1	4.8525e-05
tcaacga	0.35862	0.24828	0.16552	0.22759	1	4.8525e-05
tcaacgc	0.26374	0.17582	0.25275	0.30769	1	3.0454e-05
tcaacgg	0.33333	0.20833	0.18750	0.27083	1	3.2127e-05
tcaacgt	0.36957	0.18116	0.11594	0.33333	1	4.6183e-05
tcaacta	0.33652	0.12649	0.12649	0.41050	1	1.4022e-04
tcaactc	0.40441	0.20588	0.10294	0.28676	1	4.5514e-05
tcaactg	0.27895	0.25263	0.15789	0.31053	1	6.3585e-05
tcaactt	0.20520	0.21965	0.15896	0.41618	1	1.1579e-04
tcaagaa	0.39286	0.13910	0.20677	0.26128	1	1.7804e-04
tcaagac	0.43646	0.15470	0.17680	0.23204	1	6.0573e-05
tcaagag	0.34568	0.23457	0.17695	0.24280	1	8.1322e-05
tcaagat	0.30094	0.20376	0.18809	0.30721	1	1.0676e-04
tcaagca	0.35149	0.16337	0.22277	0.26238	1	6.7601e-05
tcaagcc	0.36066	0.17213	0.16393	0.30328	1	4.0828e-05
tcaagcg	0.39370	0.15748	0.21260	0.23622	1	4.2502e-05
tcaagct	0.20126	0.22642	0.16981	0.40252	1	5.3211e-05
tcaagga	0.40566	0.12264	0.16981	0.30189	1	7.0948e-05
tcaaggc	0.32203	0.13559	0.24576	0.29661	1	3.9490e-05
tcaaggg	0.30709	0.19685	0.20472	0.29134	1	4.2502e-05
tcaaggt	0.27976	0.15476	0.21429	0.35119	1	5.6223e-05
tcaagta	0.36525	0.16667	0.16312	0.30496	1	9.4374e-05
tcaagtc	0.40476	0.16667	0.17460	0.25397	1	4.2167e-05
tcaagtg	0.38764	0.26966	0.15169	0.19101	1	5.9569e-05
tcaagtt	0.23602	0.20497	0.14596	0.41304	1	1.0776e-04
tcaataa	0.35368	0.17774	0.15978	0.30880	1	1.8640e-04
tcaatac	0.33878	0.17959	0.17551	0.30612	1	8.1991e-05
tcaatag	0.32362	0.18770	0.16828	0.32039	1	1.0341e-04
tcaatat	0.37088	0.15425	0.12998	0.34489	1	1.9310e-04
tcaatca	0.37500	0.16786	0.12143	0.33571	1	9.3704e-05
tcaatcc	0.17308	0.11058	0.12981	0.58654	1	6.9609e-05
tcaatcg	0.29730	0.26126	0.18018	0.26126	1	3.7147e-05
tcaatct	0.22745	0.16863	0.16078	0.44314	1	8.5338e-05
tcaatga	0.56836	0.10724	0.14477	0.17962	1	1.2483e-04
tcaatgc	0.28125	0.20000	0.19375	0.32500	1	5.3545e-05
tcaatgg	0.38587	0.20109	0.13043	0.28261	1	6.1577e-05
tcaatgt	0.28384	0.18777	0.20087	0.32751	1	7.6637e-05
tcaatta	0.30751	0.19484	0.17606	0.32160	1	1.4256e-04
tcaattc	0.32323	0.15488	0.16498	0.35690	1	9.9393e-05
tcaattg	0.36548	0.21574	0.17513	0.24365	1	1.3186e-04
tcaattt	0.21035	0.19199	0.17028	0.42738	1	2.0046e-04
tcacaaa	0.41956	0.13249	0.13249	0.31546	1	1.0609e-04
tcacaac	0.31707	0.22561	0.14634	0.31098	1	5.4884e-05
tcacaag	0.33333	0.22807	0.22807	0.21053	1	5.7227e-05
tcacaat	0.25818	0.15636	0.25091	0.33455	1	9.2031e-05
tcacaca	0.38647	0.20773	0.13527	0.27053	1	6.9274e-05
tcacacc	0.42202	0.21101	0.12844	0.23853	1	3.6478e-05
tcacacg	0.27273	0.20779	0.18182	0.33766	1	2.5769e-05
tcacact	0.23429	0.14286	0.26857	0.35429	1	5.8565e-05
tcacaga	0.38596	0.10526	0.22222	0.28655	1	5.7227e-05
tcacagc	0.35849	0.19811	0.15094	0.29245	1	3.5474e-05
tcacagg	0.37736	0.29245	0.14151	0.18868	1	3.5474e-05
tcacagt	0.29605	0.15132	0.21053	0.34211	1	5.0868e-05
tcacata	0.28296	0.15756	0.18006	0.37942	1	1.0408e-04
tcacatc	0.41885	0.14136	0.13089	0.30890	1	6.3920e-05
tcacatg	0.37594	0.20301	0.17293	0.24812	1	4.4510e-05
tcacatt	0.21184	0.18069	0.20561	0.40187	1	1.0743e-04
tcaccaa	0.31301	0.20325	0.18293	0.30081	1	8.2326e-05
tcaccac	0.34328	0.20896	0.17164	0.27612	1	4.4844e-05
tcaccag	0.22340	0.21277	0.20213	0.36170	1	3.1458e-05
tcaccat	0.29952	0.23671	0.11111	0.35266	1	6.9274e-05
tcaccca	0.23684	0.26974	0.12500	0.36842	1	5.0868e-05
tcacccc	0.39535	0.19767	0.13953	0.26744	1	2.8781e-05
tcacccg	0.15909	0.28409	0.38636	0.17045	1	2.9450e-05
tcaccct	0.24194	0.24194	0.18548	0.33065	1	4.1498e-05
tcaccga	0.44262	0.11475	0.13115	0.31148	1	2.0414e-05
tcaccgc	0.27711	0.26506	0.12048	0.33735	1	2.7777e-05
tcaccgg	0.25926	0.18519	0.22222	0.33333	1	1.8072e-05
tcaccgt	0.20339	0.20339	0.17797	0.41525	1	3.9490e-05
tcaccta	0.28261	0.22464	0.14493	0.34783	1	4.6183e-05
tcacctc	0.37097	0.16935	0.13710	0.32258	1	4.1498e-05
tcacctg	0.24762	0.24762	0.22857	0.27619	1	3.5139e-05
tcacctt	0.18939	0.22727	0.16288	0.42045	1	8.8350e-05
tcacgaa	0.40588	0.14118	0.15882	0.29412	1	5.6892e-05
tcacgac	0.41667	0.13889	0.27778	0.16667	1	2.4095e-05
tcacgag	0.41935	0.16129	0.25806	0.16129	1	2.0749e-05
tcacgat	0.29508	0.17213	0.18033	0.35246	1	4.0828e-05
tcacgca	0.35000	0.19000	0.21000	0.25000	1	3.3466e-05
tcacgcc	0.26923	0.23077	0.13462	0.36538	1	1.7402e-05
tcacgcg	0.25926	0.22222	0.14815	0.37037	1	1.8072e-05
tcacgct	0.25882	0.20000	0.27059	0.27059	1	2.8446e-05
tcacgga	0.46429	0.11905	0.17857	0.23810	1	2.8111e-05
tcacggc	0.31579	0.10526	0.17544	0.40351	1	1.9076e-05
tcacggg	0.53659	0.12195	0.12195	0.21951	1	1.3721e-05
tcacggt	0.27778	0.15278	0.19444	0.37500	1	2.4095e-05
tcacgta	0.26923	0.20769	0.20000	0.32308	1	4.3506e-05
tcacgtc	0.30137	0.21918	0.12329	0.35616	1	2.4430e-05
tcacgtg	0.48131	0.27570	0.09813	0.14486	1	7.1617e-05
tcacgtt	0.18987	0.14557	0.24684	0.41772	1	5.2876e-05
tcactaa	0.35417	0.17083	0.14167	0.33333	1	8.0318e-05
tcactac	0.27011	0.26437	0.16092	0.30460	1	5.8231e-05
tcactag	0.31298	0.17557	0.14504	0.36641	1	4.3840e-05
tcactat	0.25338	0.16216	0.10811	0.47635	1	9.9059e-05
tcactca	0.29651	0.15698	0.19767	0.34884	1	5.7561e-05
tcactcc	0.33019	0.14151	0.16981	0.35849	1	3.5474e-05
tcactcg	0.35000	0.27500	0.17500	0.20000	1	2.6773e-05
tcactct	0.16495	0.18557	0.20619	0.44330	1	6.4924e-05
tcactga	0.38265	0.17347	0.18367	0.26020	1	6.5593e-05
tcactgc	0.29139	0.17881	0.15894	0.37086	1	5.0533e-05
tcactgg	0.37778	0.17778	0.20000	0.24444	1	3.0119e-05
tcactgt	0.26733	0.20792	0.16337	0.36139	1	6.7601e-05
tcactta	0.24031	0.25194	0.13953	0.36822	1	8.6342e-05
tcacttc	0.25839	0.25839	0.12081	0.36242	1	9.9728e-05
tcacttg	0.30208	0.22917	0.15625	0.31250	1	6.4254e-05
tcacttt	0.18647	0.20841	0.13894	0.46618	1	1.8306e-04
tcagaaa	0.40553	0.15899	0.20046	0.23502	1	1.4524e-04
tcagaac	0.31944	0.18056	0.23611	0.26389	1	4.8191e-05
tcagaag	0.39444	0.15000	0.22222	0.23333	1	6.0238e-05
tcagaat	0.32218	0.17573	0.19665	0.30544	1	7.9983e-05
tcagaca	0.25664	0.13274	0.30973	0.30088	1	3.7816e-05
tcagacc	0.30508	0.27119	0.10169	0.32203	1	1.9745e-05
tcagacg	0.25714	0.27143	0.22857	0.24286	1	2.3426e-05
tcagact	0.27473	0.12088	0.16484	0.43956	1	3.0454e-05
tcagaga	0.45342	0.09317	0.16149	0.29193	1	5.3880e-05
tcagagc	0.33333	0.18182	0.15152	0.33333	1	2.2087e-05
tcagagg	0.23333	0.32222	0.16667	0.27778	1	3.0119e-05
tcagagt	0.31731	0.15385	0.20192	0.32692	1	3.4804e-05
tcagata	0.28571	0.22167	0.17241	0.32020	1	6.7936e-05
tcagatc	0.39683	0.15079	0.15079	0.30159	1	4.2167e-05
tcagatg	0.34211	0.19298	0.21053	0.25439	1	3.8151e-05
tcagatt	0.26923	0.14423	0.18269	0.40385	1	6.9609e-05
tcagcaa	0.41921	0.19214	0.16157	0.22707	1	7.6637e-05
tcagcac	0.29078	0.16312	0.19858	0.34752	1	4.7187e-05
tcagcag	0.26667	0.27407	0.17778	0.28148	1	4.5179e-05
tcagcat	0.31088	0.23316	0.13472	0.32124	1	6.4589e-05
tcagcca	0.34167	0.15833	0.24167	0.25833	1	4.0159e-05
tcagccc	0.35000	0.23750	0.17500	0.23750	1	2.6773e-05
tcagccg	0.15789	0.32895	0.17105	0.34211	1	2.5434e-05
tcagcct	0.20183	0.26606	0.22936	0.30275	1	3.6478e-05
tcagcga	0.31633	0.20408	0.11224	0.36735	1	3.2796e-05
tcagcgc	0.32877	0.17808	0.27397	0.21918	1	2.4430e-05
tcagcgg	0.21739	0.43478	0.18841	0.15942	1	2.3091e-05
tcagcgt	0.25743	0.25743	0.18812	0.29703	1	3.3800e-05
tcagcta	0.21118	0.19255	0.30435	0.29193	1	5.3880e-05
tcagctc	0.39048	0.16190	0.13333	0.31429	1	3.5139e-05
tcagctg	0.38393	0.25893	0.14286	0.21429	1	3.7482e-05
tcagctt	0.14182	0.48727	0.08000	0.29091	1	9.2031e-05
tcaggaa	0.34375	0.22396	0.20833	0.22396	1	6.4254e-05
tcaggac	0.41270	0.17460	0.17460	0.23810	1	2.1083e-05
tcaggag	0.34146	0.20732	0.13415	0.31707	1	2.7442e-05
tcaggat	0.35398	0.14159	0.30973	0.19469	1	3.7816e-05
tcaggca	0.27200	0.16000	0.16000	0.40800	1	4.1832e-05
tcaggcc	0.31111	0.26667	0.20000	0.22222	1	1.5060e-05
tcaggcg	0.28571	0.14286	0.18367	0.38776	1	1.6398e-05
tcaggct	0.19481	0.25974	0.20779	0.33766	1	2.5769e-05
tcaggga	0.44828	0.24138	0.12644	0.18391	1	2.9115e-05
tcagggc	0.33803	0.23944	0.12676	0.29577	1	2.3761e-05
tcagggg	0.38667	0.24000	0.12000	0.25333	1	2.5099e-05
tcagggt	0.18750	0.27083	0.22917	0.31250	1	3.2127e-05
tcaggta	0.28682	0.20930	0.20155	0.30233	1	4.3171e-05
tcaggtc	0.37500	0.26389	0.15278	0.20833	1	2.4095e-05
tcaggtg	0.28986	0.20290	0.23188	0.27536	1	2.3091e-05
tcaggtt	0.21094	0.19531	0.25000	0.34375	1	4.2836e-05
tcagtaa	0.39925	0.16418	0.11940	0.31716	1	8.9688e-05
tcagtac	0.36552	0.19310	0.14483	0.29655	1	4.8525e-05
tcagtag	0.32800	0.23200	0.16800	0.27200	1	4.1832e-05
tcagtat	0.27755	0.14694	0.20408	0.37143	1	8.1991e-05
tcagtca	0.26573	0.24476	0.18881	0.30070	1	4.7856e-05
tcagtcc	0.22727	0.15152	0.18182	0.43939	1	2.2087e-05
tcagtcg	0.27419	0.33871	0.16129	0.22581	1	2.0749e-05
tcagtct	0.23077	0.29060	0.19658	0.28205	1	3.9155e-05
tcagtga	0.31902	0.20245	0.19632	0.28221	1	5.4549e-05
tcagtgc	0.34091	0.23864	0.12500	0.29545	1	2.9450e-05
tcagtgg	0.33962	0.29245	0.12264	0.24528	1	3.5474e-05
tcagtgt	0.26316	0.21053	0.16541	0.36090	1	4.4510e-05
tcagtta	0.28326	0.21888	0.16738	0.33047	1	7.7975e-05
tcagttc	0.26582	0.18987	0.15190	0.39241	1	5.2876e-05
tcagttg	0.33140	0.29651	0.16279	0.20930	1	5.7561e-05
tcagttt	0.20448	0.22689	0.19048	0.37815	1	1.1947e-04
tcataaa	0.43788	0.17515	0.18534	0.20163	1	1.6432e-04
tcataac	0.30469	0.18359	0.11719	0.39453	1	8.5672e-05
tcataag	0.32093	0.22791	0.18605	0.26512	1	7.1951e-05
tcataat	0.36343	0.15278	0.18287	0.30093	1	1.4457e-04
tcataca	0.29502	0.22989	0.16858	0.30651	1	8.7346e-05
tcatacc	0.28467	0.24088	0.10949	0.36496	1	4.5848e-05
tcatacg	0.25962	0.13462	0.16346	0.44231	1	3.4804e-05
tcatact	0.33099	0.17254	0.24648	0.25000	1	9.5043e-05
tcataga	0.40991	0.11261	0.24324	0.23423	1	7.4294e-05
tcatagc	0.34483	0.22069	0.17931	0.25517	1	4.8525e-05
tcatagg	0.40000	0.20000	0.14444	0.25556	1	3.0119e-05
tcatagt	0.34715	0.14508	0.21762	0.29016	1	6.4589e-05
tcatata	0.22845	0.33379	0.10123	0.33653	1	2.4464e-04
tcatatc	0.35000	0.17308	0.16538	0.31154	1	8.7011e-05
tcatatg	0.27419	0.21774	0.10887	0.39919	1	8.2995e-05
tcatatt	0.28086	0.21825	0.11091	0.38998	1	1.8707e-04
tcatcaa	0.33760	0.17136	0.21228	0.27877	1	1.3085e-04
tcatcac	0.30224	0.22388	0.12687	0.34701	1	8.9688e-05
tcatcag	0.30000	0.24000	0.13333	0.32667	1	5.0199e-05
tcatcat	0.18519	0.31808	0.12418	0.37255	1	1.5361e-04
tcatcca	0.27811	0.21302	0.14793	0.36095	1	5.6557e-05
tcatccc	0.39200	0.15200	0.16800	0.28800	1	4.1832e-05
tcatccg	0.25962	0.27885	0.19231	0.26923	1	3.4804e-05
tcatcct	0.30189	0.21226	0.12736	0.35849	1	7.0948e-05
tcatcga	0.40217	0.10145	0.20290	0.29348	1	9.2366e-05
tcatcgc	0.38047	0.20539	0.16835	0.24579	1	9.9393e-05
tcatcgg	0.31092	0.18487	0.18487	0.31933	1	3.9824e-05
tcatcgt	0.15847	0.18033	0.16940	0.49180	1	6.1242e-05
tcatcta	0.39202	0.29108	0.08451	0.23239	1	1.4256e-04
tcatctc	0.46322	0.13351	0.12262	0.28065	1	1.2282e-04
tcatctg	0.24224	0.24224	0.14907	0.36646	1	5.3880e-05
tcatctt	0.19787	0.27660	0.15532	0.37021	1	1.5729e-04
tcatgaa	0.39768	0.14672	0.18147	0.27413	1	8.6676e-05
tcatgac	0.40000	0.17273	0.11818	0.30909	1	3.6812e-05
tcatgag	0.37864	0.17476	0.22330	0.22330	1	3.4470e-05
tcatgat	0.27876	0.18584	0.22566	0.30973	1	7.5633e-05
tcatgca	0.32317	0.21341	0.17073	0.29268	1	5.4884e-05
tcatgcc	0.43689	0.17476	0.11650	0.27184	1	3.4470e-05
tcatgcg	0.29032	0.20968	0.24194	0.25806	1	2.0749e-05
tcatgct	0.29771	0.16794	0.18321	0.35115	1	4.3840e-05
tcatgga	0.43750	0.09821	0.21429	0.25000	1	3.7482e-05
tcatggc	0.43056	0.16667	0.13889	0.26389	1	2.4095e-05
tcatggg	0.36508	0.22222	0.17460	0.23810	1	2.1083e-05
tcatggt	0.32407	0.17593	0.19444	0.30556	1	3.6143e-05
tcatgta	0.33333	0.19111	0.18222	0.29333	1	7.5298e-05
tcatgtc	0.39130	0.18116	0.15942	0.26812	1	4.6183e-05
tcatgtg	0.37815	0.16807	0.14286	0.31092	1	3.9824e-05
tcatgtt	0.25503	0.15772	0.25168	0.33557	1	9.9728e-05
tcattaa	0.31278	0.20044	0.14537	0.34141	1	1.5193e-04
tcattac	0.28115	0.27476	0.14058	0.30351	1	1.0475e-04
tcattag	0.36923	0.20513	0.16923	0.25641	1	6.5258e-05
tcattat	0.22704	0.23570	0.14558	0.39168	1	1.9310e-04
tcattca	0.31551	0.19519	0.11497	0.37433	1	1.2516e-04
tcattcc	0.27468	0.14163	0.26180	0.32189	1	7.7975e-05
tcattcg	0.24390	0.20122	0.17683	0.37805	1	5.4884e-05
tcattct	0.20442	0.19337	0.19337	0.40884	1	1.2115e-04
tcattga	0.40988	0.10174	0.16279	0.32558	1	1.1512e-04
tcattgc	0.34529	0.20179	0.15695	0.29596	1	7.4629e-05
tcattgg	0.27273	0.23030	0.20606	0.29091	1	5.5219e-05
tcattgt	0.23492	0.17778	0.14921	0.43810	1	1.0542e-04
tcattta	0.27218	0.22581	0.13911	0.36290	1	1.6599e-04
tcatttc	0.30444	0.18145	0.14516	0.36895	1	1.6599e-04
tcatttg	0.27451	0.27171	0.17367	0.28011	1	1.1947e-04
tcatttt	0.18306	0.22590	0.14800	0.44304	1	3.4369e-04
tccaaaa	0.44715	0.12466	0.19512	0.23306	1	1.2349e-04
tccaaac	0.41667	0.17857	0.16071	0.24405	1	5.6223e-05
tccaaag	0.37278	0.17751	0.19527	0.25444	1	5.6557e-05
tccaaat	0.33333	0.21032	0.15873	0.29762	1	8.4334e-05
tccaaca	0.38870	0.17940	0.21262	0.21927	1	1.0073e-04
tccaacc	0.38554	0.15663	0.21687	0.24096	1	2.7777e-05
tccaacg	0.43636	0.14545	0.13636	0.28182	1	3.6812e-05
tccaact	0.35329	0.17365	0.15569	0.31737	1	5.5888e-05
tccaaga	0.37788	0.13364	0.24424	0.24424	1	7.2621e-05
tccaagc	0.31959	0.22680	0.04124	0.41237	1	3.2462e-05
tccaagg	0.31034	0.22989	0.24138	0.21839	1	2.9115e-05
tccaagt	0.27972	0.19580	0.21678	0.30769	1	4.7856e-05
tccaata	0.30800	0.19600	0.20000	0.29600	1	8.3665e-05
tccaatc	0.30328	0.15574	0.19672	0.34426	1	4.0828e-05
tccaatg	0.30894	0.21138	0.21951	0.26016	1	4.1163e-05
tccaatt	0.24335	0.14068	0.20152	0.41445	1	8.8015e-05
tccacaa	0.34483	0.16552	0.22759	0.26207	1	4.8525e-05
tccacac	0.41176	0.19608	0.07843	0.31373	1	3.4135e-05
tccacag	0.37975	0.16456	0.13924	0.31646	1	2.6438e-05
tccacat	0.26630	0.20652	0.13587	0.39130	1	6.1577e-05
tccacca	0.33588	0.26718	0.12977	0.26718	1	4.3840e-05
tccaccc	0.35294	0.25000	0.16176	0.23529	1	2.2757e-05
tccaccg	0.24615	0.43077	0.15385	0.16923	1	2.1753e-05
tccacct	0.17742	0.22581	0.12903	0.46774	1	4.1498e-05
tccacga	0.44944	0.13483	0.17978	0.23596	1	2.9785e-05
tccacgc	0.30000	0.25714	0.12857	0.31429	1	2.3426e-05
tccacgg	0.38667	0.26667	0.17333	0.17333	1	2.5099e-05
tccacgt	0.23469	0.20408	0.26531	0.29592	1	3.2796e-05
tccacta	0.31466	0.14655	0.12500	0.41379	1	7.7641e-05
tccactc	0.28704	0.25000	0.14815	0.31481	1	3.6143e-05
tccactg	0.28125	0.23438	0.14844	0.33594	1	4.2836e-05
tccactt	0.18981	0.15741	0.19444	0.45833	1	7.2286e-05
tccagaa	0.33333	0.18889	0.25000	0.22778	1	6.0238e-05
tccagac	0.41071	0.08929	0.19643	0.30357	1	1.8741e-05
tccagag	0.39506	0.20988	0.23457	0.16049	1	2.7107e-05
tccagat	0.18657	0.29104	0.17164	0.35075	1	4.4844e-05
tccagca	0.30909	0.22727	0.15455	0.30909	1	3.6812e-05
tccagcc	0.42373	0.20339	0.15254	0.22034	1	1.9745e-05
tccagcg	0.31579	0.19298	0.29825	0.19298	1	1.9076e-05
tccagct	0.17391	0.21739	0.15217	0.45652	1	3.0789e-05
tccagga	0.31776	0.20561	0.15888	0.31776	1	3.5808e-05
tccaggc	0.40000	0.15556	0.13333	0.31111	1	1.5060e-05
tccaggg	0.36207	0.20690	0.17241	0.25862	1	1.9410e-05
tccaggt	0.22222	0.18056	0.19444	0.40278	1	2.4095e-05
tccagta	0.39333	0.16000	0.14667	0.30000	1	5.0199e-05
tccagtc	0.36923	0.13846	0.21538	0.27692	1	2.1753e-05
tccagtg	0.34884	0.12791	0.18605	0.33721	1	2.8781e-05
tccagtt	0.20109	0.20109	0.14674	0.45109	1	6.1577e-05
tccataa	0.39394	0.16667	0.10606	0.33333	1	8.8350e-05
tccatac	0.36552	0.17931	0.15862	0.29655	1	4.8525e-05
tccatag	0.32800	0.20800	0.16800	0.29600	1	4.1832e-05
tccatat	0.32459	0.17377	0.13770	0.36393	1	1.0207e-04
tccatca	0.40000	0.18857	0.17143	0.24000	1	5.8565e-05
tccatcc	0.36923	0.22308	0.13846	0.26923	1	4.3506e-05
tccatcg	0.20561	0.22430	0.18692	0.38318	1	3.5808e-05
tccatct	0.21176	0.19412	0.18824	0.40588	1	5.6892e-05
tccatga	0.37500	0.19231	0.18269	0.25000	1	3.4804e-05
tccatgc	0.35789	0.15789	0.22105	0.26316	1	3.1793e-05
tccatgg	0.37805	0.23171	0.12195	0.26829	1	2.7442e-05
tccatgt	0.26168	0.14953	0.25234	0.33645	1	3.5808e-05
tccatta	0.30208	0.22569	0.12500	0.34722	1	9.6382e-05
tccattc	0.28079	0.20690	0.13793	0.37438	1	6.7936e-05
tccattg	0.25403	0.20565	0.11290	0.42742	1	8.2995e-05
tccattt	0.18275	0.16427	0.10472	0.54825	1	1.6298e-04
tcccaaa	0.37745	0.14706	0.17647	0.29902	1	6.8270e-05
tcccaac	0.65839	0.08075	0.13043	0.13043	1	5.3880e-05
tcccaag	0.48913	0.18478	0.09783	0.22826	1	3.0789e-05
tcccaat	0.35484	0.20000	0.18065	0.26452	1	5.1872e-05
tcccaca	0.31298	0.16031	0.18321	0.34351	1	4.3840e-05
tcccacc	0.38272	0.19753	0.19753	0.22222	1	2.7107e-05
tcccacg	0.28125	0.21875	0.09375	0.40625	1	2.1418e-05
tcccact	0.22500	0.19167	0.21667	0.36667	1	4.0159e-05
tcccaga	0.43333	0.12222	0.16667	0.27778	1	3.0119e-05
tcccagc	0.40000	0.16667	0.18333	0.25000	1	2.0079e-05
tcccagg	0.24444	0.28889	0.15556	0.31111	1	1.5060e-05
tcccagt	0.27778	0.18889	0.15556	0.37778	1	3.0119e-05
tcccata	0.23894	0.23009	0.15044	0.38053	1	3.7816e-05
tcccatc	0.27731	0.19328	0.25210	0.27731	1	3.9824e-05
tcccatg	0.35593	0.23729	0.22034	0.18644	1	1.9745e-05
tcccatt	0.24599	0.19786	0.17647	0.37968	1	6.2581e-05
tccccaa	0.37500	0.16667	0.18056	0.27778	1	2.4095e-05
tccccac	0.28261	0.21739	0.25000	0.25000	1	3.0789e-05
tccccag	0.40299	0.17910	0.19403	0.22388	1	2.2422e-05
tccccat	0.25664	0.25664	0.11504	0.37168	1	3.7816e-05
tccccca	0.28571	0.27381	0.14286	0.29762	1	2.8111e-05
tcccccc	0.21519	0.25316	0.10127	0.43038	1	2.6438e-05
tcccccg	0.11111	0.36111	0.16667	0.36111	1	1.2048e-05
tccccct	0.18681	0.34066	0.08791	0.38462	1	3.0454e-05
tccccga	0.34000	0.18000	0.22000	0.26000	1	1.6733e-05
tccccgc	0.22414	0.25862	0.18966	0.32759	1	1.9410e-05
tccccgg	0.37931	0.41379	0.06897	0.13793	1	9.7051e-06
tccccgt	0.22807	0.14035	0.19298	0.43860	1	1.9076e-05
tccccta	0.37838	0.23423	0.11712	0.27027	1	3.7147e-05
tcccctc	0.31200	0.20800	0.10400	0.37600	1	4.1832e-05
tcccctg	0.30556	0.18056	0.16667	0.34722	1	2.4095e-05
tcccctt	0.23246	0.21930	0.10965	0.43860	1	7.6302e-05
tcccgaa	0.39726	0.17808	0.15068	0.27397	1	2.4430e-05
tcccgac	0.40741	0.18519	0.14815	0.25926	1	9.0358e-06
tcccgag	0.28571	0.20000	0.22857	0.28571	1	1.1713e-05
tcccgat	0.30000	0.21667	0.11667	0.36667	1	2.0079e-05
tcccgca	0.23438	0.34375	0.17188	0.25000	1	2.1418e-05
tcccgcc	0.28070	0.19298	0.14035	0.38596	1	1.9076e-05
tcccgcg	0.37143	0.22857	0.25714	0.14286	1	1.1713e-05
tcccgct	0.22892	0.15663	0.19277	0.42169	1	2.7777e-05
tcccgga	0.34615	0.13462	0.23077	0.28846	1	1.7402e-05
tcccggc	0.29032	0.25806	0.12903	0.32258	1	1.0374e-05
tcccggg	0.22857	0.17143	0.22857	0.37143	1	1.1713e-05
tcccggt	0.23684	0.23684	0.15789	0.36842	1	1.2717e-05
tcccgta	0.27143	0.24286	0.21429	0.27143	1	2.3426e-05
tcccgtc	0.21622	0.31081	0.22973	0.24324	1	2.4765e-05
tcccgtg	0.27083	0.16667	0.31250	0.25000	1	1.6064e-05
tcccgtt	0.16667	0.25490	0.10784	0.47059	1	3.4135e-05
tccctaa	0.31061	0.18182	0.21212	0.29545	1	4.4175e-05
tccctac	0.33333	0.23077	0.17949	0.25641	1	2.6103e-05
tccctag	0.21250	0.38750	0.13750	0.26250	1	2.6773e-05
tccctat	0.23140	0.18182	0.13223	0.45455	1	4.0494e-05
tccctca	0.36232	0.20290	0.10145	0.33333	1	4.6183e-05
tccctcc	0.20513	0.30769	0.20513	0.28205	1	3.9155e-05
tccctcg	0.30159	0.23810	0.12698	0.33333	1	2.1083e-05
tccctct	0.22599	0.19774	0.12429	0.45198	1	5.9234e-05
tccctga	0.35294	0.14118	0.24706	0.25882	1	2.8446e-05
tccctgc	0.34146	0.18293	0.25610	0.21951	1	2.7442e-05
tccctgg	0.38095	0.14286	0.25397	0.22222	1	2.1083e-05
tccctgt	0.28099	0.14876	0.21488	0.35537	1	4.0494e-05
tccctta	0.29167	0.18056	0.15741	0.37037	1	7.2286e-05
tcccttc	0.23305	0.22458	0.11017	0.43220	1	7.8979e-05
tcccttg	0.27160	0.20370	0.16049	0.36420	1	5.4215e-05
tcccttt	0.18671	0.17594	0.10952	0.52783	1	1.8640e-04
tccgaaa	0.44271	0.13021	0.20312	0.22396	1	6.4254e-05
tccgaac	0.40580	0.15942	0.15942	0.27536	1	2.3091e-05
tccgaag	0.40777	0.20388	0.14563	0.24272	1	3.4470e-05
tccgaat	0.34821	0.16964	0.22321	0.25893	1	3.7482e-05
tccgaca	0.35938	0.14062	0.18750	0.31250	1	2.1418e-05
tccgacc	0.28000	0.28000	0.24000	0.20000	1	8.3665e-06
tccgacg	0.10811	0.35135	0.35135	0.18919	1	1.2382e-05
tccgact	0.38596	0.15789	0.28070	0.17544	1	1.9076e-05
tccgaga	0.35294	0.16667	0.12745	0.35294	1	3.4135e-05
tccgagc	0.25000	0.09615	0.34615	0.30769	1	1.7402e-05
tccgagg	0.46341	0.09756	0.14634	0.29268	1	1.3721e-05
tccgagt	0.27778	0.16667	0.27778	0.27778	1	1.8072e-05
tccgata	0.30189	0.16038	0.22642	0.31132	1	3.5474e-05
tccgatc	0.24074	0.24074	0.20370	0.31481	1	1.8072e-05
tccgatg	0.37647	0.21176	0.23529	0.17647	1	2.8446e-05
tccgatt	0.31858	0.12389	0.09735	0.46018	1	3.7816e-05
tccgcaa	0.31429	0.15238	0.24762	0.28571	1	3.5139e-05
tccgcac	0.34444	0.18889	0.17778	0.28889	1	3.0119e-05
tccgcag	0.30120	0.20482	0.18072	0.31325	1	2.7777e-05
tccgcat	0.34286	0.18095	0.16190	0.31429	1	3.5139e-05
tccgcca	0.22892	0.24096	0.20482	0.32530	1	2.7777e-05
tccgccc	0.16981	0.22642	0.24528	0.35849	1	1.7737e-05
tccgccg	0.15217	0.19565	0.36957	0.28261	1	1.5394e-05
tccgcct	0.27059	0.24706	0.16471	0.31765	1	2.8446e-05
tccgcga	0.36364	0.15909	0.25000	0.22727	1	1.4725e-05
tccgcgc	0.23171	0.18293	0.14634	0.43902	1	2.7442e-05
tccgcgg	0.48544	0.22330	0.15534	0.13592	1	3.4470e-05
tccgcgt	0.43902	0.12195	0.12195	0.31707	1	1.3721e-05
tccgcta	0.29213	0.20225	0.14607	0.35955	1	2.9785e-05
tccgctc	0.25676	0.17568	0.18919	0.37838	1	2.4765e-05
tccgctg	0.23864	0.14773	0.26136	0.35227	1	2.9450e-05
tccgctt	0.21831	0.20423	0.15493	0.42254	1	4.7521e-05
tccggaa	0.41053	0.11579	0.24211	0.23158	1	3.1793e-05
tccggac	0.25581	0.37209	0.11628	0.25581	1	1.4390e-05
tccggag	0.30000	0.22000	0.24000	0.24000	1	1.6733e-05
tccggat	0.32653	0.12245	0.18367	0.36735	1	1.6398e-05
tccggca	0.32203	0.23729	0.22034	0.22034	1	1.9745e-05
tccggcc	0.21311	0.27869	0.18033	0.32787	1	2.0414e-05
tccggcg	0.21818	0.23636	0.34545	0.20000	1	1.8406e-05
tccggct	0.17544	0.26316	0.22807	0.33333	1	1.9076e-05
tccggga	0.44444	0.09259	0.14815	0.31481	1	1.8072e-05
tccgggc	0.48718	0.23077	0.12821	0.15385	1	1.3052e-05
tccgggg	0.20000	0.43636	0.12727	0.23636	1	1.8406e-05
tccgggt	0.58394	0.07299	0.13869	0.20438	1	4.5848e-05
tccggta	0.24719	0.19101	0.19101	0.37079	1	2.9785e-05
tccggtc	0.28261	0.23913	0.21739	0.26087	1	1.5394e-05
tccggtg	0.20930	0.13953	0.41860	0.23256	1	1.4390e-05
tccggtt	0.22500	0.12500	0.12500	0.52500	1	2.6773e-05
tccgtaa	0.28346	0.26772	0.18110	0.26772	1	4.2502e-05
tccgtac	0.50000	0.18462	0.08462	0.23077	1	4.3506e-05
tccgtag	0.31250	0.17188	0.18750	0.32812	1	2.1418e-05
tccgtat	0.35252	0.10791	0.12950	0.41007	1	4.6517e-05
tccgtca	0.29167	0.09722	0.15278	0.45833	1	2.4095e-05
tccgtcc	0.19298	0.22807	0.31579	0.26316	1	1.9076e-05
tccgtcg	0.20930	0.16279	0.37209	0.25581	1	1.4390e-05
tccgtct	0.17526	0.15464	0.28866	0.38144	1	3.2462e-05
tccgtga	0.54054	0.05405	0.14865	0.25676	1	2.4765e-05
tccgtgc	0.42169	0.16867	0.22892	0.18072	1	2.7777e-05
tccgtgg	0.53623	0.13043	0.17391	0.15942	1	2.3091e-05
tccgtgt	0.30337	0.15730	0.22472	0.31461	1	2.9785e-05
tccgtta	0.25000	0.25000	0.16935	0.33065	1	4.1498e-05
tccgttc	0.21495	0.29907	0.09346	0.39252	1	3.5808e-05
tccgttg	0.30337	0.22472	0.14607	0.32584	1	2.9785e-05
tccgttt	0.15194	0.20495	0.11307	0.53004	1	9.4708e-05
tcctaaa	0.27907	0.17442	0.15407	0.39244	1	1.1512e-04
tcctaac	0.31624	0.13675	0.20513	0.34188	1	3.9155e-05
tcctaag	0.34524	0.32143	0.15476	0.17857	1	2.8111e-05
tcctaat	0.34894	0.13191	0.17447	0.34468	1	7.8645e-05
tcctaca	0.29530	0.23490	0.14094	0.32886	1	4.9864e-05
tcctacc	0.26136	0.22727	0.19318	0.31818	1	2.9450e-05
tcctacg	0.25000	0.18750	0.23750	0.32500	1	2.6773e-05
tcctact	0.27108	0.18072	0.15663	0.39157	1	5.5553e-05
tcctaga	0.34906	0.11321	0.16981	0.36792	1	3.5474e-05
tcctagc	0.30864	0.22222	0.22222	0.24691	1	2.7107e-05
tcctagg	0.32787	0.21311	0.19672	0.26230	1	2.0414e-05
tcctagt	0.29630	0.17284	0.18519	0.34568	1	2.7107e-05
tcctata	0.20567	0.09929	0.10284	0.59220	1	9.4374e-05
tcctatc	0.27200	0.19200	0.19200	0.34400	1	4.1832e-05
tcctatg	0.35556	0.18889	0.21111	0.24444	1	3.0119e-05
tcctatt	0.34328	0.13930	0.17910	0.33831	1	1.3453e-04
tcctcaa	0.40000	0.17551	0.20000	0.22449	1	8.1991e-05
tcctcac	0.24490	0.23469	0.17347	0.34694	1	3.2796e-05
tcctcag	0.21429	0.15306	0.17347	0.45918	1	3.2796e-05
tcctcat	0.21368	0.23077	0.12821	0.42735	1	7.8310e-05
tcctcca	0.28571	0.24603	0.15873	0.30952	1	4.2167e-05
tcctccc	0.30097	0.34951	0.13592	0.21359	1	3.4470e-05
tcctccg	0.31884	0.23188	0.20290	0.24638	1	2.3091e-05
tcctcct	0.13376	0.24841	0.17834	0.43949	1	5.2541e-05
tcctcga	0.17404	0.09735	0.66077	0.06785	1	1.1345e-04
tcctcgc	0.33333	0.14815	0.14815	0.37037	1	1.8072e-05
tcctcgg	0.38462	0.21154	0.17308	0.23077	1	1.7402e-05
tcctcgt	0.20561	0.14019	0.18692	0.46729	1	3.5808e-05
tcctcta	0.35833	0.20000	0.14167	0.30000	1	8.0318e-05
tcctctc	0.21053	0.26901	0.15789	0.36257	1	5.7227e-05
tcctctg	0.23841	0.29801	0.16556	0.29801	1	5.0533e-05
tcctctt	0.15128	0.26154	0.15897	0.42821	1	1.3052e-04
tcctgaa	0.47531	0.18519	0.14815	0.19136	1	5.4215e-05
tcctgac	0.35526	0.21053	0.19737	0.23684	1	2.5434e-05
tcctgag	0.33846	0.24615	0.18462	0.23077	1	2.1753e-05
tcctgat	0.34646	0.17323	0.19685	0.28346	1	4.2502e-05
tcctgca	0.28261	0.19565	0.23188	0.28986	1	4.6183e-05
tcctgcc	0.28889	0.18889	0.18889	0.33333	1	3.0119e-05
tcctgcg	0.21687	0.36145	0.18072	0.24096	1	2.7777e-05
tcctgct	0.17610	0.22013	0.28302	0.32075	1	5.3211e-05
tcctgga	0.39216	0.12745	0.18627	0.29412	1	3.4135e-05
tcctggc	0.21739	0.14493	0.20290	0.43478	1	2.3091e-05
tcctggg	0.35849	0.15094	0.24528	0.24528	1	1.7737e-05
tcctggt	0.27273	0.09091	0.23636	0.40000	1	3.6812e-05
tcctgta	0.26316	0.14620	0.21053	0.38012	1	5.7227e-05
tcctgtc	0.23158	0.16842	0.22105	0.37895	1	3.1793e-05
tcctgtg	0.27928	0.17117	0.14414	0.40541	1	3.7147e-05
tcctgtt	0.23318	0.19731	0.15247	0.41704	1	7.4629e-05
tccttaa	0.39450	0.16514	0.14679	0.29358	1	7.2955e-05
tccttac	0.32632	0.14211	0.14737	0.38421	1	6.3585e-05
tccttag	0.23770	0.23770	0.16393	0.36066	1	4.0828e-05
tccttat	0.25231	0.22154	0.12615	0.40000	1	1.0876e-04
tccttca	0.34091	0.18939	0.15909	0.31061	1	8.8350e-05
tccttcc	0.26255	0.22008	0.11583	0.40154	1	8.6676e-05
tccttcg	0.33588	0.20611	0.19084	0.26718	1	4.3840e-05
tccttct	0.16779	0.20134	0.20805	0.42282	1	1.4959e-04
tccttga	0.35912	0.16022	0.26519	0.21547	1	6.0573e-05
tccttgc	0.37768	0.18455	0.25751	0.18026	1	7.7975e-05
tccttgg	0.28846	0.27885	0.16346	0.26923	1	3.4804e-05
tccttgt	0.25703	0.21687	0.12851	0.39759	1	8.3330e-05
tccttta	0.29399	0.20713	0.12472	0.37416	1	1.5026e-04
tcctttc	0.23009	0.25221	0.14602	0.37168	1	1.5127e-04
tcctttg	0.24286	0.20714	0.20000	0.35000	1	9.3704e-05
tcctttt	0.16256	0.21970	0.13300	0.48473	1	3.3968e-04
tcgaaaa	0.41002	0.15262	0.20957	0.22779	1	1.4691e-04
tcgaaac	0.43195	0.09467	0.15385	0.31953	1	5.6557e-05
tcgaaag	0.34659	0.21023	0.21591	0.22727	1	5.8900e-05
tcgaaat	0.33188	0.19214	0.17467	0.30131	1	7.6637e-05
tcgaaca	0.37500	0.18750	0.16667	0.27083	1	4.8191e-05
tcgaacc	0.30303	0.21212	0.18182	0.30303	1	2.2087e-05
tcgaacg	0.33766	0.15584	0.20779	0.29870	1	2.5769e-05
tcgaact	0.24627	0.20896	0.23134	0.31343	1	4.4844e-05
tcgaaga	0.46693	0.12451	0.17121	0.23735	1	8.6007e-05
tcgaagc	0.29752	0.14050	0.28099	0.28099	1	4.0494e-05
tcgaagg	0.42857	0.17143	0.24762	0.15238	1	3.5139e-05
tcgaagt	0.27174	0.08696	0.12500	0.51630	1	6.1577e-05
tcgaata	0.35268	0.11161	0.24554	0.29018	1	7.4963e-05
tcgaatc	0.37113	0.22680	0.14433	0.25773	1	3.2462e-05
tcgaatg	0.28037	0.23364	0.25234	0.23364	1	3.5808e-05
tcgaatt	0.22460	0.20856	0.18182	0.38503	1	6.2581e-05
tcgacaa	0.28346	0.15748	0.22835	0.33071	1	4.2502e-05
tcgacac	0.25758	0.18182	0.16667	0.39394	1	2.2087e-05
tcgacag	0.26230	0.26230	0.22951	0.24590	1	2.0414e-05
tcgacat	0.32051	0.19231	0.12821	0.35897	1	2.6103e-05
tcgacca	0.31373	0.11765	0.21569	0.35294	1	1.7068e-05
tcgaccc	0.12000	0.28000	0.12000	0.48000	1	8.3665e-06
tcgaccg	0.41176	0.08824	0.23529	0.26471	1	1.1378e-05
tcgacct	0.17188	0.18750	0.14062	0.50000	1	2.1418e-05
tcgacga	0.25316	0.22785	0.17722	0.34177	1	2.6438e-05
tcgacgc	0.35185	0.14815	0.16667	0.33333	1	1.8072e-05
tcgacgg	0.30769	0.12821	0.20513	0.35897	1	1.3052e-05
tcgacgt	0.21429	0.17857	0.26786	0.33929	1	1.8741e-05
tcgacta	0.45098	0.17647	0.10784	0.26471	1	3.4135e-05
tcgactc	0.32727	0.18182	0.14545	0.34545	1	1.8406e-05
tcgactg	0.23333	0.30000	0.20000	0.26667	1	2.0079e-05
tcgactt	0.21154	0.19231	0.13462	0.46154	1	3.4804e-05
tcgagaa	0.45517	0.15172	0.14828	0.24483	1	9.7051e-05
tcgagac	0.34286	0.24286	0.14286	0.27143	1	2.3426e-05
tcgagag	0.35088	0.28947	0.16667	0.19298	1	3.8151e-05
tcgagat	0.27007	0.10219	0.31387	0.31387	1	4.5848e-05
tcgagca	0.34286	0.17143	0.15238	0.33333	1	3.5139e-05
tcgagcc	0.32500	0.32500	0.18750	0.16250	1	2.6773e-05
tcgagcg	0.29412	0.13725	0.29412	0.27451	1	1.7068e-05
tcgagct	0.29762	0.15476	0.19048	0.35714	1	2.8111e-05
tcgagga	0.22054	0.08157	0.42598	0.27190	1	1.1077e-04
tcgaggc	0.30667	0.18667	0.22667	0.28000	1	2.5099e-05
tcgaggg	0.29167	0.18750	0.08333	0.43750	1	1.6064e-05
tcgaggt	0.25000	0.13636	0.19318	0.42045	1	2.9450e-05
tcgagta	0.41304	0.13768	0.13768	0.31159	1	4.6183e-05
tcgagtc	0.26866	0.22388	0.17910	0.32836	1	2.2422e-05
tcgagtg	0.42466	0.19178	0.16438	0.21918	1	2.4430e-05
tcgagtt	0.20183	0.20183	0.17431	0.42202	1	3.6478e-05
tcgataa	0.37561	0.12195	0.21463	0.28780	1	6.8605e-05
tcgatac	0.32051	0.24359	0.12821	0.30769	1	2.6103e-05
tcgatag	0.33000	0.25000	0.16000	0.26000	1	3.3466e-05
tcgatat	0.32273	0.17273	0.10909	0.39545	1	7.3625e-05
tcgatca	0.28440	0.12844	0.26606	0.32110	1	3.6478e-05
tcgatcc	0.29167	0.26389	0.09722	0.34722	1	2.4095e-05
tcgatcg	0.34000	0.20000	0.18000	0.28000	1	1.6733e-05
tcgatct	0.30693	0.11881	0.17822	0.39604	1	3.3800e-05
tcgatga	0.22831	0.28767	0.26484	0.21918	1	7.3290e-05
tcgatgc	0.19048	0.29762	0.25000	0.26190	1	2.8111e-05
tcgatgg	0.27381	0.20238	0.22619	0.29762	1	2.8111e-05
tcgatgt	0.15323	0.16935	0.19355	0.48387	1	4.1498e-05
tcgatta	0.33793	0.19310	0.10345	0.36552	1	4.8525e-05
tcgattc	0.26050	0.24370	0.12605	0.36975	1	3.9824e-05
tcgattg	0.33019	0.21698	0.16038	0.29245	1	3.5474e-05
tcgattt	0.18565	0.20675	0.12658	0.48101	1	7.9314e-05
tcgcaaa	0.40838	0.17277	0.17801	0.24084	1	6.3920e-05
tcgcaac	0.40860	0.16129	0.13978	0.29032	1	3.1123e-05
tcgcaag	0.39130	0.21739	0.15217	0.23913	1	3.0789e-05
tcgcaat	0.35260	0.17919	0.15607	0.31214	1	5.7896e-05
tcgcaca	0.25773	0.25773	0.17526	0.30928	1	3.2462e-05
tcgcacc	0.30435	0.20290	0.18841	0.30435	1	2.3091e-05
tcgcacg	0.13208	0.28302	0.24528	0.33962	1	1.7737e-05
tcgcact	0.27536	0.13043	0.17391	0.42029	1	2.3091e-05
tcgcaga	0.45679	0.12346	0.14815	0.27160	1	2.7107e-05
tcgcagc	0.40909	0.13636	0.19697	0.25758	1	2.2087e-05
tcgcagg	0.26562	0.29688	0.20312	0.23438	1	2.1418e-05
tcgcagt	0.33333	0.20370	0.10185	0.36111	1	3.6143e-05
tcgcata	0.30769	0.21795	0.13462	0.33974	1	5.2207e-05
tcgcatc	0.27500	0.12500	0.28333	0.31667	1	4.0159e-05
tcgcatg	0.36232	0.23188	0.07246	0.33333	1	2.3091e-05
tcgcatt	0.20690	0.20197	0.15764	0.43350	1	6.7936e-05
tcgccaa	0.31250	0.15625	0.21875	0.31250	1	4.2836e-05
tcgccac	0.40625	0.26562	0.10938	0.21875	1	2.1418e-05
tcgccag	0.28302	0.15094	0.16981	0.39623	1	1.7737e-05
tcgccat	0.25000	0.23000	0.16000	0.36000	1	3.3466e-05
tcgccca	0.29508	0.18033	0.21311	0.31148	1	2.0414e-05
tcgcccc	0.23404	0.10638	0.14894	0.51064	1	1.5729e-05
tcgcccg	0.26829	0.29268	0.21951	0.21951	1	1.3721e-05
tcgccct	0.20000	0.32308	0.23077	0.24615	1	2.1753e-05
tcgccga	0.32877	0.13699	0.24658	0.28767	1	2.4430e-05
tcgccgc	0.21739	0.17391	0.27536	0.33333	1	2.3091e-05
tcgccgg	0.25000	0.19444	0.22222	0.33333	1	1.2048e-05
tcgccgt	0.28261	0.19565	0.19565	0.32609	1	1.5394e-05
tcgccta	0.36986	0.16438	0.21918	0.24658	1	2.4430e-05
tcgcctc	0.28205	0.11538	0.17949	0.42308	1	2.6103e-05
tcgcctg	0.20312	0.32812	0.15625	0.31250	1	2.1418e-05
tcgcctt	0.18056	0.15278	0.19444	0.47222	1	4.8191e-05
tcgcgaa	0.45714	0.16190	0.19048	0.19048	1	3.5139e-05
tcgcgac	0.25641	0.12821	0.33333	0.28205	1	1.3052e-05
tcgcgag	0.41026	0.17949	0.20513	0.20513	1	1.3052e-05
tcgcgat	0.25743	0.16832	0.34653	0.22772	1	3.3800e-05
tcgcgca	0.40845	0.12676	0.21127	0.25352	1	2.3761e-05
tcgcgcc	0.29412	0.21569	0.19608	0.29412	1	1.7068e-05
tcgcgcg	0.18000	0.28000	0.16000	0.38000	1	1.6733e-05
tcgcgct	0.13889	0.16667	0.27778	0.41667	1	2.4095e-05
tcgcgga	0.38333	0.11667	0.30000	0.20000	1	2.0079e-05
tcgcggc	0.14583	0.14583	0.43750	0.27083	1	1.6064e-05
tcgcggg	0.25000	0.33333	0.19444	0.22222	1	1.2048e-05
tcgcggt	0.20588	0.20588	0.29412	0.29412	1	1.1378e-05
tcgcgta	0.39189	0.21622	0.09459	0.29730	1	2.4765e-05
tcgcgtc	0.22368	0.14474	0.32895	0.30263	1	2.5434e-05
tcgcgtg	0.28261	0.26087	0.23913	0.21739	1	1.5394e-05
tcgcgtt	0.19847	0.12977	0.21374	0.45802	1	4.3840e-05
tcgctaa	0.40441	0.18382	0.13971	0.27206	1	4.5514e-05
tcgctac	0.30928	0.16495	0.10309	0.42268	1	3.2462e-05
tcgctag	0.35616	0.26027	0.19178	0.19178	1	2.4430e-05
tcgctat	0.18121	0.24832	0.13423	0.43624	1	4.9864e-05
tcgctca	0.30851	0.19149	0.09574	0.40426	1	3.1458e-05
tcgctcc	0.37705	0.14754	0.16393	0.31148	1	2.0414e-05
tcgctcg	0.34545	0.10909	0.20000	0.34545	1	1.8406e-05
tcgctct	0.14754	0.22131	0.13115	0.50000	1	4.0828e-05
tcgctga	0.37931	0.13793	0.10345	0.37931	1	2.9115e-05
tcgctgc	0.33696	0.23913	0.14130	0.28261	1	3.0789e-05
tcgctgg	0.39655	0.25862	0.13793	0.20690	1	1.9410e-05
tcgctgt	0.25773	0.24742	0.11340	0.38144	1	3.2462e-05
tcgctta	0.21168	0.16788	0.15328	0.46715	1	4.5848e-05
tcgcttc	0.22388	0.23881	0.15672	0.38060	1	4.4844e-05
tcgcttg	0.31429	0.21905	0.08571	0.38095	1	3.5139e-05
tcgcttt	0.18702	0.16031	0.17557	0.47710	1	8.7680e-05
tcggaaa	0.42857	0.15238	0.16667	0.25238	1	7.0278e-05
tcggaac	0.33333	0.14583	0.25000	0.27083	1	3.2127e-05
tcggaag	0.29703	0.19802	0.23762	0.26733	1	3.3800e-05
tcggaat	0.30108	0.25806	0.16129	0.27957	1	3.1123e-05
tcggaca	0.30357	0.19643	0.17857	0.32143	1	1.8741e-05
tcggacc	0.28571	0.11429	0.28571	0.31429	1	1.1713e-05
tcggacg	0.35000	0.27500	0.15000	0.22500	1	1.3386e-05
tcggact	0.26087	0.10870	0.15217	0.47826	1	1.5394e-05
tcggaga	0.54545	0.06494	0.22078	0.16883	1	2.5769e-05
tcggagc	0.23077	0.19231	0.23077	0.34615	1	1.7402e-05
tcggagg	0.23077	0.20513	0.20513	0.35897	1	1.3052e-05
tcggagt	0.26087	0.18841	0.11594	0.43478	1	2.3091e-05
tcggata	0.37079	0.08989	0.14607	0.39326	1	2.9785e-05
tcggatc	0.23596	0.17978	0.16854	0.41573	1	2.9785e-05
tcggatg	0.24615	0.12308	0.18462	0.44615	1	2.1753e-05
tcggatt	0.25962	0.14423	0.12500	0.47115	1	3.4804e-05
tcggcaa	0.30769	0.13187	0.21978	0.34066	1	3.0454e-05
tcggcac	0.38596	0.19298	0.24561	0.17544	1	1.9076e-05
tcggcag	0.41270	0.19048	0.15873	0.23810	1	2.1083e-05
tcggcat	0.23171	0.21951	0.14634	0.40244	1	2.7442e-05
tcggcca	0.24490	0.20408	0.26531	0.28571	1	1.6398e-05
tcggccc	0.20000	0.11429	0.37143	0.31429	1	1.1713e-05
tcggccg	0.36000	0.20000	0.22000	0.22000	1	1.6733e-05
tcggcct	0.20690	0.25862	0.24138	0.29310	1	1.9410e-05
tcggcga	0.27869	0.19672	0.16393	0.36066	1	2.0414e-05
tcggcgc	0.25000	0.31818	0.15909	0.27273	1	1.4725e-05
tcggcgg	0.08929	0.55357	0.19643	0.16071	1	3.7482e-05
tcggcgt	0.10526	0.21053	0.29825	0.38596	1	1.9076e-05
tcggcta	0.27160	0.19753	0.16049	0.37037	1	2.7107e-05
tcggctc	0.26087	0.18841	0.18841	0.36232	1	2.3091e-05
tcggctg	0.21818	0.25455	0.20000	0.32727	1	1.8406e-05
tcggctt	0.17647	0.20000	0.23529	0.38824	1	2.8446e-05
tcgggaa	0.49038	0.11538	0.21154	0.18269	1	3.4804e-05
tcgggac	0.29630	0.11111	0.22222	0.37037	1	9.0358e-06
tcgggag	0.23810	0.14286	0.38095	0.23810	1	1.4056e-05
tcgggat	0.35714	0.08929	0.19643	0.35714	1	1.8741e-05
tcgggca	0.38095	0.23810	0.19048	0.19048	1	1.4056e-05
tcgggcc	0.27907	0.16279	0.32558	0.23256	1	1.4390e-05
tcgggcg	0.26471	0.20588	0.26471	0.26471	1	1.1378e-05
tcgggct	0.20000	0.20000	0.20000	0.40000	1	1.5060e-05
tcgggga	0.46667	0.16667	0.10000	0.26667	1	1.0040e-05
tcggggc	0.17857	0.25000	0.28571	0.28571	1	9.3704e-06
tcggggg	0.37500	0.12500	0.31250	0.18750	1	5.3545e-06
tcggggt	0.07407	0.14815	0.22222	0.55556	1	1.8072e-05
tcgggta	0.64122	0.09924	0.09160	0.16794	1	4.3840e-05
tcgggtc	0.30769	0.19231	0.23077	0.26923	1	8.7011e-06
tcgggtg	0.30233	0.23256	0.18605	0.27907	1	1.4390e-05
tcgggtt	0.12069	0.12069	0.20690	0.55172	1	1.9410e-05
tcggtaa	0.29630	0.12037	0.25000	0.33333	1	3.6143e-05
tcggtac	0.28302	0.22642	0.16981	0.32075	1	1.7737e-05
tcggtag	0.30233	0.32558	0.08140	0.29070	1	2.8781e-05
tcggtat	0.26606	0.21101	0.11927	0.40367	1	3.6478e-05
tcggtca	0.30357	0.23214	0.16071	0.30357	1	1.8741e-05
tcggtcc	0.13333	0.22222	0.28889	0.35556	1	1.5060e-05
tcggtcg	0.27273	0.13636	0.27273	0.31818	1	1.4725e-05
tcggtct	0.20000	0.20000	0.16923	0.43077	1	2.1753e-05
tcggtga	0.39344	0.21311	0.14754	0.24590	1	2.0414e-05
tcggtgc	0.43750	0.25000	0.10417	0.20833	1	1.6064e-05
tcggtgg	0.22951	0.34426	0.18033	0.24590	1	2.0414e-05
tcggtgt	0.18182	0.27273	0.13636	0.40909	1	2.2087e-05
tcggtta	0.26506	0.16867	0.19277	0.37349	1	2.7777e-05
tcggttc	0.15294	0.23529	0.20000	0.41176	1	2.8446e-05
tcggttg	0.31250	0.15000	0.22500	0.31250	1	2.6773e-05
tcggttt	0.20710	0.21893	0.17751	0.39645	1	5.6557e-05
tcgtaaa	0.32812	0.13542	0.25000	0.28646	1	6.4254e-05
tcgtaac	0.38679	0.18868	0.15094	0.27358	1	3.5474e-05
tcgtaag	0.31959	0.21649	0.14433	0.31959	1	3.2462e-05
tcgtaat	0.57322	0.10460	0.10042	0.22176	1	7.9983e-05
tcgtaca	0.45588	0.13971	0.18382	0.22059	1	4.5514e-05
tcgtacc	0.33898	0.16949	0.20339	0.28814	1	1.9745e-05
tcgtacg	0.20000	0.18462	0.23077	0.38462	1	2.1753e-05
tcgtact	0.27068	0.16541	0.19549	0.36842	1	4.4510e-05
tcgtaga	0.43956	0.12088	0.19780	0.24176	1	3.0454e-05
tcgtagc	0.24000	0.24000	0.22667	0.29333	1	2.5099e-05
tcgtagg	0.33929	0.21429	0.16071	0.28571	1	1.8741e-05
tcgtagt	0.34021	0.13402	0.15464	0.37113	1	3.2462e-05
tcgtata	0.21583	0.25180	0.09353	0.43885	1	9.3035e-05
tcgtatc	0.34513	0.12389	0.14159	0.38938	1	3.7816e-05
tcgtatg	0.29630	0.25926	0.08642	0.35802	1	2.7107e-05
tcgtatt	0.23846	0.18846	0.20000	0.37308	1	8.7011e-05
tcgtcaa	0.38065	0.16129	0.21290	0.24516	1	5.1872e-05
tcgtcac	0.39796	0.26531	0.07143	0.26531	1	3.2796e-05
tcgtcag	0.36486	0.10811	0.17568	0.35135	1	2.4765e-05
tcgtcat	0.25749	0.25749	0.08383	0.40120	1	5.5888e-05
tcgtcca	0.26027	0.24658	0.06849	0.42466	1	2.4430e-05
tcgtccc	0.29412	0.15686	0.17647	0.37255	1	1.7068e-05
tcgtccg	0.37209	0.18605	0.16279	0.27907	1	1.4390e-05
tcgtcct	0.24719	0.16854	0.16854	0.41573	1	2.9785e-05
tcgtcga	0.45614	0.14035	0.19298	0.21053	1	1.9076e-05
tcgtcgc	0.33333	0.25000	0.16667	0.25000	1	1.6064e-05
tcgtcgg	0.30556	0.25000	0.19444	0.25000	1	1.2048e-05
tcgtcgt	0.28333	0.21667	0.21667	0.28333	1	2.0079e-05
tcgtcta	0.20805	0.08725	0.10738	0.59732	1	4.9864e-05
tcgtctc	0.28395	0.23457	0.09877	0.38272	1	2.7107e-05
tcgtctg	0.23214	0.25000	0.21429	0.30357	1	1.8741e-05
tcgtctt	0.19251	0.18182	0.20856	0.41711	1	6.2581e-05
tcgtgaa	0.45775	0.16197	0.16197	0.21831	1	4.7521e-05
tcgtgac	0.32759	0.24138	0.13793	0.29310	1	1.9410e-05
tcgtgag	0.33333	0.18519	0.29630	0.18519	1	1.8072e-05
tcgtgat	0.33600	0.16800	0.19200	0.30400	1	4.1832e-05
tcgtgca	0.26136	0.19318	0.22727	0.31818	1	2.9450e-05
tcgtgcc	0.27027	0.08108	0.32432	0.32432	1	1.2382e-05
tcgtgcg	0.14583	0.31250	0.31250	0.22917	1	1.6064e-05
tcgtgct	0.16981	0.15094	0.21698	0.46226	1	3.5474e-05
tcgtgga	0.46970	0.13636	0.12121	0.27273	1	2.2087e-05
tcgtggc	0.34483	0.18966	0.17241	0.29310	1	1.9410e-05
tcgtggg	0.25000	0.21667	0.16667	0.36667	1	2.0079e-05
tcgtggt	0.42553	0.09574	0.18085	0.29787	1	3.1458e-05
tcgtgta	0.32231	0.15702	0.16529	0.35537	1	4.0494e-05
tcgtgtc	0.37975	0.13924	0.13924	0.34177	1	2.6438e-05
tcgtgtg	0.32432	0.16216	0.17568	0.33784	1	2.4765e-05
tcgtgtt	0.22222	0.18954	0.23529	0.35294	1	5.1203e-05
tcgttaa	0.36139	0.21287	0.15347	0.27228	1	6.7601e-05
tcgttac	0.27632	0.26974	0.12500	0.32895	1	5.0868e-05
tcgttag	0.33962	0.26415	0.15094	0.24528	1	3.5474e-05
tcgttat	0.29249	0.15020	0.11462	0.44269	1	8.4669e-05
tcgttca	0.34359	0.13333	0.26154	0.26154	1	6.5258e-05
tcgttcc	0.29630	0.22222	0.12963	0.35185	1	3.6143e-05
tcgttcg	0.22353	0.22353	0.12941	0.42353	1	2.8446e-05
tcgttct	0.18304	0.25446	0.11161	0.45089	1	7.4963e-05
tcgttga	0.39869	0.14379	0.13725	0.32026	1	5.1203e-05
tcgttgc	0.23478	0.15652	0.17391	0.43478	1	3.8486e-05
tcgttgg	0.28972	0.20561	0.15888	0.34579	1	3.5808e-05
tcgttgt	0.26351	0.14189	0.16892	0.42568	1	4.9529e-05
tcgttta	0.29254	0.19403	0.19104	0.32239	1	1.1211e-04
tcgtttc	0.21862	0.21457	0.16599	0.40081	1	8.2661e-05
tcgtttg	0.23316	0.22798	0.22798	0.31088	1	6.4589e-05
tcgtttt	0.20889	0.22889	0.18000	0.38222	1	1.5060e-04
tctaaaa	0.37472	0.10865	0.21729	0.29933	1	1.5093e-04
tctaaac	0.28302	0.16981	0.21226	0.33491	1	7.0948e-05
tctaaag	0.24272	0.18932	0.25243	0.31553	1	6.8940e-05
tctaaat	0.32065	0.12228	0.12772	0.42935	1	1.2315e-04
tctaaca	0.36090	0.27444	0.12782	0.23684	1	8.9019e-05
tctaacc	0.37273	0.16364	0.08182	0.38182	1	3.6812e-05
tctaacg	0.35417	0.23958	0.10417	0.30208	1	3.2127e-05
tctaact	0.21963	0.18692	0.18224	0.41121	1	7.1617e-05
tctaaga	0.46561	0.14286	0.17460	0.21693	1	6.3250e-05
tctaagc	0.32292	0.13542	0.17708	0.36458	1	3.2127e-05
tctaagg	0.29787	0.24468	0.19149	0.26596	1	3.1458e-05
tctaagt	0.34014	0.10204	0.14966	0.40816	1	4.9195e-05
tctaata	0.28255	0.13019	0.14958	0.43767	1	1.2081e-04
tctaatc	0.30055	0.21858	0.12568	0.35519	1	6.1242e-05
tctaatg	0.33140	0.23837	0.20349	0.22674	1	5.7561e-05
tctaatt	0.27005	0.15775	0.17647	0.39572	1	1.2516e-04
tctacaa	0.32103	0.15498	0.15498	0.36900	1	9.0692e-05
tctacac	0.46497	0.18471	0.10828	0.24204	1	5.2541e-05
tctacag	0.27465	0.22535	0.19718	0.30282	1	4.7521e-05
tctacat	0.53125	0.13068	0.09659	0.24148	1	1.1780e-04
tctacca	0.29197	0.21898	0.16788	0.32117	1	4.5848e-05
tctaccc	0.35065	0.28571	0.11688	0.24675	1	2.5769e-05
tctaccg	0.21649	0.18557	0.16495	0.43299	1	3.2462e-05
tctacct	0.18000	0.20000	0.20667	0.41333	1	5.0199e-05
tctacga	0.33333	0.14583	0.18750	0.33333	1	3.2127e-05
tctacgc	0.28750	0.21250	0.03750	0.46250	1	2.6773e-05
tctacgg	0.31081	0.18919	0.22973	0.27027	1	2.4765e-05
tctacgt	0.38017	0.14050	0.17355	0.30579	1	4.0494e-05
tctacta	0.41456	0.18038	0.11709	0.28797	1	1.0575e-04
tctactc	0.30769	0.16667	0.12179	0.40385	1	5.2207e-05
tctactg	0.25333	0.25333	0.16000	0.33333	1	5.0199e-05
tctactt	0.20736	0.26756	0.13378	0.39130	1	1.0006e-04
tctagaa	0.36364	0.18615	0.25108	0.19913	1	7.7306e-05
tctagac	0.28125	0.15625	0.23438	0.32812	1	2.1418e-05
tctagag	0.27848	0.17722	0.26582	0.27848	1	2.6438e-05
tctagat	0.31757	0.17568	0.19595	0.31081	1	4.9529e-05
tctagca	0.35135	0.19595	0.17568	0.27703	1	4.9529e-05
tctagcc	0.40196	0.12745	0.23529	0.23529	1	3.4135e-05
tctagcg	0.26471	0.13235	0.19118	0.41176	1	2.2757e-05
tctagct	0.24638	0.21014	0.20290	0.34058	1	4.6183e-05
tctagga	0.37500	0.13333	0.15000	0.34167	1	4.0159e-05
tctaggc	0.30303	0.24242	0.21212	0.24242	1	2.2087e-05
tctaggg	0.26000	0.16000	0.30000	0.28000	1	1.6733e-05
tctaggt	0.30000	0.08750	0.23750	0.37500	1	2.6773e-05
tctagta	0.16012	0.12689	0.07251	0.64048	1	1.1077e-04
tctagtc	0.41250	0.18750	0.07500	0.32500	1	2.6773e-05
tctagtg	0.34483	0.18966	0.15517	0.31034	1	3.8820e-05
tctagtt	0.26027	0.18265	0.20548	0.35160	1	7.3290e-05
tctataa	0.38832	0.12437	0.14975	0.33756	1	1.3186e-04
tctatac	0.36923	0.16923	0.17436	0.28718	1	6.5258e-05
tctatag	0.32683	0.20000	0.18049	0.29268	1	6.8605e-05
tctatat	0.45130	0.14286	0.10065	0.30519	1	2.0615e-04
tctatca	0.43529	0.18235	0.14706	0.23529	1	1.1378e-04
tctatcc	0.30968	0.16129	0.10323	0.42581	1	5.1872e-05
tctatcg	0.31959	0.24742	0.15464	0.27835	1	3.2462e-05
tctatct	0.26596	0.23759	0.14184	0.35461	1	9.4374e-05
tctatga	0.35897	0.16667	0.17949	0.29487	1	5.2207e-05
tctatgc	0.31092	0.12605	0.18487	0.37815	1	3.9824e-05
tctatgg	0.29167	0.14583	0.15625	0.40625	1	3.2127e-05
tctatgt	0.36910	0.14163	0.14163	0.34764	1	7.7975e-05
tctatta	0.21801	0.23223	0.13033	0.41943	1	1.4123e-04
tctattc	0.27240	0.22939	0.10394	0.39427	1	9.3370e-05
tctattg	0.25316	0.18038	0.10127	0.46519	1	1.0575e-04
tctattt	0.23691	0.19008	0.12534	0.44766	1	2.4296e-04
tctcaaa	0.47392	0.14739	0.16327	0.21542	1	1.4758e-04
tctcaac	0.39524	0.15238	0.16190	0.29048	1	7.0278e-05
tctcaag	0.36310	0.20238	0.16071	0.27381	1	5.6223e-05
tctcaat	0.36449	0.16511	0.12773	0.34268	1	1.0743e-04
tctcaca	0.24859	0.19209	0.19209	0.36723	1	5.9234e-05
tctcacc	0.23810	0.25397	0.18254	0.32540	1	4.2167e-05
tctcacg	0.30380	0.21519	0.17722	0.30380	1	2.6438e-05
tctcact	0.27700	0.15493	0.16901	0.39906	1	7.1282e-05
tctcaga	0.46707	0.11976	0.16168	0.25150	1	5.5888e-05
tctcagc	0.23308	0.24060	0.22556	0.30075	1	4.4510e-05
tctcagg	0.29474	0.17895	0.27368	0.25263	1	3.1793e-05
tctcagt	0.21168	0.22628	0.21898	0.34307	1	4.5848e-05
tctcata	0.37591	0.16058	0.15693	0.30657	1	9.1696e-05
tctcatc	0.27895	0.10789	0.24211	0.37105	1	1.2717e-04
tctcatg	0.28767	0.15753	0.15068	0.40411	1	4.8860e-05
tctcatt	0.20228	0.18519	0.17094	0.44160	1	1.1747e-04
tctccaa	0.35079	0.25654	0.17801	0.21466	1	6.3920e-05
tctccac	0.27907	0.20155	0.18605	0.33333	1	4.3171e-05
tctccag	0.30909	0.18182	0.12727	0.38182	1	3.6812e-05
tctccat	0.24762	0.25238	0.14286	0.35714	1	7.0278e-05
tctccca	0.30526	0.27368	0.11579	0.30526	1	3.1793e-05
tctcccc	0.25210	0.25210	0.09244	0.40336	1	3.9824e-05
tctcccg	0.13514	0.39189	0.16216	0.31081	1	2.4765e-05
tctccct	0.18966	0.22989	0.16667	0.41379	1	5.8231e-05
tctccga	0.38095	0.19048	0.11905	0.30952	1	2.8111e-05
tctccgc	0.23000	0.23000	0.26000	0.28000	1	3.3466e-05
tctccgg	0.21333	0.17333	0.29333	0.32000	1	2.5099e-05
tctccgt	0.26415	0.19811	0.15094	0.38679	1	3.5474e-05
tctccta	0.24460	0.23022	0.15108	0.37410	1	4.6517e-05
tctcctc	0.20446	0.15613	0.33829	0.30112	1	9.0023e-05
tctcctg	0.22581	0.25806	0.20430	0.31183	1	3.1123e-05
tctcctt	0.11765	0.30882	0.11471	0.45882	1	1.1378e-04
tctcgaa	0.35458	0.13944	0.28287	0.22311	1	8.3999e-05
tctcgac	0.45455	0.18182	0.14545	0.21818	1	1.8406e-05
tctcgag	0.39487	0.21026	0.27179	0.12308	1	6.5258e-05
tctcgat	0.27612	0.14925	0.28358	0.29104	1	4.4844e-05
tctcgca	0.26667	0.17778	0.18889	0.36667	1	3.0119e-05
tctcgcc	0.35088	0.22807	0.15789	0.26316	1	1.9076e-05
tctcgcg	0.23529	0.21569	0.21569	0.33333	1	1.7068e-05
tctcgct	0.21951	0.20325	0.15447	0.42276	1	4.1163e-05
tctcgga	0.33333	0.09804	0.13725	0.43137	1	3.4135e-05
tctcggc	0.30882	0.16176	0.29412	0.23529	1	2.2757e-05
tctcggg	0.32609	0.21739	0.15217	0.30435	1	1.5394e-05
tctcggt	0.18681	0.26374	0.16484	0.38462	1	3.0454e-05
tctcgta	0.25984	0.16535	0.22047	0.35433	1	4.2502e-05
tctcgtc	0.28916	0.20482	0.14458	0.36145	1	2.7777e-05
tctcgtg	0.25352	0.29577	0.19718	0.25352	1	2.3761e-05
tctcgtt	0.16216	0.30811	0.15676	0.37297	1	6.1912e-05
tctctaa	0.33193	0.16807	0.19748	0.30252	1	7.9649e-05
tctctac	0.30994	0.18713	0.14035	0.36257	1	5.7227e-05
tctctag	0.18254	0.21429	0.16667	0.43651	1	4.2167e-05
tctctat	0.25974	0.18182	0.12013	0.43831	1	1.0307e-04
tctctca	0.28972	0.20093	0.21963	0.28972	1	7.1617e-05
tctctcc	0.28351	0.21649	0.13918	0.36082	1	6.4924e-05
tctctcg	0.42017	0.16807	0.15126	0.26050	1	3.9824e-05
tctctct	0.13801	0.31448	0.12670	0.42081	1	1.4792e-04
tctctga	0.38217	0.21656	0.15924	0.24204	1	5.2541e-05
tctctgc	0.28488	0.22674	0.15116	0.33721	1	5.7561e-05
tctctgg	0.28704	0.14815	0.22222	0.34259	1	3.6143e-05
tctctgt	0.25106	0.19574	0.16596	0.38723	1	7.8645e-05
tctctta	0.28105	0.17320	0.14052	0.40523	1	1.0241e-04
tctcttc	0.24000	0.20632	0.14737	0.40632	1	1.5896e-04
tctcttg	0.25153	0.20552	0.17791	0.36503	1	1.0910e-04
tctcttt	0.17132	0.23572	0.11057	0.48238	1	2.7542e-04
tctgaaa	0.46617	0.13033	0.14536	0.25815	1	1.3353e-04
tctgaac	0.38406	0.16667	0.23913	0.21014	1	4.6183e-05
tctgaag	0.34899	0.14094	0.19463	0.31544	1	4.9864e-05
tctgaat	0.30918	0.14010	0.17874	0.37198	1	6.9274e-05
tctgaca	0.37692	0.19231	0.16154	0.26923	1	4.3506e-05
tctgacc	0.38158	0.17105	0.13158	0.31579	1	2.5434e-05
tctgacg	0.27143	0.37143	0.15714	0.20000	1	2.3426e-05
tctgact	0.20161	0.25806	0.18548	0.35484	1	4.1498e-05
tctgaga	0.36620	0.12676	0.21831	0.28873	1	4.7521e-05
tctgagc	0.29167	0.08333	0.18750	0.43750	1	3.2127e-05
tctgagg	0.27027	0.25676	0.14865	0.32432	1	2.4765e-05
tctgagt	0.26126	0.15315	0.23423	0.35135	1	3.7147e-05
tctgata	0.37281	0.15351	0.14035	0.33333	1	7.6302e-05
tctgatc	0.24561	0.18421	0.21053	0.35965	1	3.8151e-05
tctgatg	0.36641	0.19084	0.17557	0.26718	1	4.3840e-05
tctgatt	0.24519	0.16346	0.16827	0.42308	1	6.9609e-05
tctgcaa	0.32374	0.15827	0.16906	0.34892	1	9.3035e-05
tctgcac	0.29204	0.23009	0.10619	0.37168	1	3.7816e-05
tctgcag	0.28986	0.18116	0.20290	0.32609	1	4.6183e-05
tctgcat	0.29665	0.23923	0.13876	0.32536	1	6.9944e-05
tctgcca	0.30216	0.23022	0.16547	0.30216	1	4.6517e-05
tctgccc	0.32184	0.25287	0.13793	0.28736	1	2.9115e-05
tctgccg	0.28125	0.21875	0.15625	0.34375	1	2.1418e-05
tctgcct	0.22308	0.20769	0.21538	0.35385	1	4.3506e-05
tctgcga	0.26667	0.16667	0.16667	0.40000	1	3.0119e-05
tctgcgc	0.30682	0.21591	0.15909	0.31818	1	2.9450e-05
tctgcgg	0.28571	0.24675	0.12987	0.33766	1	2.5769e-05
tctgcgt	0.20000	0.25833	0.20000	0.34167	1	4.0159e-05
tctgcta	0.32335	0.23353	0.11976	0.32335	1	5.5888e-05
tctgctc	0.24476	0.16783	0.16783	0.41958	1	4.7856e-05
tctgctg	0.23899	0.28931	0.16981	0.30189	1	5.3211e-05
tctgctt	0.20423	0.22535	0.13380	0.43662	1	9.5043e-05
tctggaa	0.43269	0.12500	0.23077	0.21154	1	6.9609e-05
tctggac	0.37500	0.20312	0.20312	0.21875	1	2.1418e-05
tctggag	0.38824	0.16471	0.21176	0.23529	1	2.8446e-05
tctggat	0.26549	0.15044	0.24779	0.33628	1	3.7816e-05
tctggca	0.28302	0.21698	0.15094	0.34906	1	3.5474e-05
tctggcc	0.29333	0.24000	0.14667	0.32000	1	2.5099e-05
tctggcg	0.17333	0.34667	0.20000	0.28000	1	2.5099e-05
tctggct	0.25410	0.18852	0.18033	0.37705	1	4.0828e-05
tctggga	0.32500	0.12500	0.26250	0.28750	1	2.6773e-05
tctgggc	0.25974	0.22078	0.22078	0.29870	1	2.5769e-05
tctgggg	0.42593	0.16667	0.05556	0.35185	1	1.8072e-05
tctgggt	0.22826	0.09783	0.29348	0.38043	1	3.0789e-05
tctggta	0.33813	0.22302	0.12230	0.31655	1	4.6517e-05
tctggtc	0.20548	0.16438	0.13699	0.49315	1	2.4430e-05
tctggtg	0.25714	0.19048	0.26667	0.28571	1	3.5139e-05
tctggtt	0.24051	0.20886	0.17089	0.37975	1	5.2876e-05
tctgtaa	0.43038	0.15612	0.16878	0.24473	1	7.9314e-05
tctgtac	0.33951	0.11728	0.24074	0.30247	1	5.4215e-05
tctgtag	0.27027	0.25676	0.14865	0.32432	1	4.9529e-05
tctgtat	0.50000	0.12687	0.10945	0.26368	1	1.3453e-04
tctgtca	0.29444	0.20556	0.13333	0.36667	1	6.0238e-05
tctgtcc	0.32432	0.18919	0.08108	0.40541	1	3.7147e-05
tctgtcg	0.27632	0.27632	0.11842	0.32895	1	2.5434e-05
tctgtct	0.21277	0.18085	0.20745	0.39894	1	6.2916e-05
tctgtga	0.34395	0.21019	0.15287	0.29299	1	5.2541e-05
tctgtgc	0.20301	0.29323	0.18797	0.31579	1	4.4510e-05
tctgtgg	0.22772	0.24752	0.23762	0.28713	1	3.3800e-05
tctgtgt	0.37705	0.10929	0.20765	0.30601	1	6.1242e-05
tctgtta	0.27869	0.22541	0.14344	0.35246	1	8.1657e-05
tctgttc	0.27615	0.16736	0.13808	0.41841	1	7.9983e-05
tctgttg	0.30213	0.13617	0.25106	0.31064	1	7.8645e-05
tctgttt	0.19835	0.21901	0.15289	0.42975	1	1.6197e-04
tcttaaa	0.38308	0.14925	0.18657	0.28109	1	1.3453e-04
tcttaac	0.37168	0.12389	0.17257	0.33186	1	7.5633e-05
tcttaag	0.28342	0.20856	0.21390	0.29412	1	6.2581e-05
tcttaat	0.25526	0.16579	0.13947	0.43947	1	1.2717e-04
tcttaca	0.30000	0.23043	0.13913	0.33043	1	7.6971e-05
tcttacc	0.26702	0.33508	0.10995	0.28796	1	6.3920e-05
tcttacg	0.26950	0.22695	0.14184	0.36170	1	4.7187e-05
tcttact	0.28383	0.16502	0.19802	0.35314	1	1.0140e-04
tcttaga	0.29947	0.13904	0.21390	0.34759	1	6.2581e-05
tcttagc	0.32903	0.14194	0.20645	0.32258	1	5.1872e-05
tcttagg	0.21186	0.18644	0.31356	0.28814	1	3.9490e-05
tcttagt	0.35683	0.11454	0.23789	0.29075	1	7.5967e-05
tcttata	0.26087	0.18913	0.13043	0.41957	1	1.5394e-04
tcttatc	0.27458	0.15593	0.20000	0.36949	1	9.8724e-05
tcttatg	0.25248	0.21287	0.14851	0.38614	1	6.7601e-05
tcttatt	0.24607	0.21602	0.14306	0.39485	1	2.3393e-04
tcttcaa	0.32278	0.19198	0.16245	0.32278	1	1.5863e-04
tcttcac	0.25468	0.23221	0.09363	0.41948	1	8.9354e-05
tcttcag	0.26368	0.25373	0.17413	0.30846	1	6.7266e-05
tcttcat	0.25110	0.19383	0.16079	0.39427	1	1.5193e-04
tcttcca	0.30795	0.17550	0.13245	0.38411	1	1.0107e-04
tcttccc	0.25316	0.23629	0.10970	0.40084	1	7.9314e-05
tcttccg	0.16970	0.33333	0.15758	0.33939	1	5.5219e-05
tcttcct	0.15457	0.25761	0.15691	0.43091	1	1.4290e-04
tcttcga	0.32780	0.14523	0.28631	0.24066	1	8.0653e-05
tcttcgc	0.20261	0.25490	0.23529	0.30719	1	5.1203e-05
tcttcgg	0.28926	0.20661	0.20661	0.29752	1	4.0494e-05
tcttcgt	0.22973	0.17568	0.14865	0.44595	1	7.4294e-05
tcttcta	0.29551	0.22459	0.11348	0.36643	1	1.4156e-04
tcttctc	0.26588	0.21176	0.09882	0.42353	1	1.4223e-04
tcttctg	0.23214	0.22857	0.17857	0.36071	1	9.3704e-05
tcttctt	0.14719	0.24459	0.17424	0.43398	1	3.0922e-04
tcttgaa	0.42212	0.17156	0.15576	0.25056	1	1.4825e-04
tcttgac	0.37850	0.17290	0.18224	0.26636	1	7.1617e-05
tcttgag	0.37113	0.18041	0.21649	0.23196	1	6.4924e-05
tcttgat	0.29201	0.15702	0.21488	0.33609	1	1.2148e-04
tcttgca	0.30195	0.16558	0.19156	0.34091	1	1.0307e-04
tcttgcc	0.29412	0.18824	0.13529	0.38235	1	5.6892e-05
tcttgcg	0.22759	0.26897	0.19310	0.31034	1	4.8525e-05
tcttgct	0.20134	0.19799	0.20805	0.39262	1	9.9728e-05
tcttgga	0.41624	0.12690	0.17766	0.27919	1	6.5928e-05
tcttggc	0.29694	0.20961	0.18341	0.31004	1	7.6637e-05
tcttggg	0.32500	0.25000	0.18333	0.24167	1	4.0159e-05
tcttggt	0.37313	0.14925	0.19403	0.28358	1	6.7266e-05
tcttgta	0.27733	0.20800	0.16000	0.35467	1	1.2550e-04
tcttgtc	0.35135	0.16602	0.14672	0.33591	1	8.6676e-05
tcttgtg	0.30000	0.24091	0.15000	0.30909	1	7.3625e-05
tcttgtt	0.16844	0.24113	0.18972	0.40071	1	1.8875e-04
tctttaa	0.36502	0.20342	0.16350	0.26806	1	1.7603e-04
tctttac	0.26718	0.20356	0.15013	0.37913	1	1.3152e-04
tctttag	0.24400	0.24400	0.20000	0.31200	1	8.3665e-05
tctttat	0.27601	0.18208	0.13006	0.41185	1	2.3158e-04
tctttca	0.30060	0.22445	0.11623	0.35872	1	1.6699e-04
tctttcc	0.21643	0.23046	0.15230	0.40080	1	1.6699e-04
tctttcg	0.21739	0.20158	0.22134	0.35968	1	8.4669e-05
tctttct	0.14667	0.18889	0.14444	0.52000	1	3.0119e-04
tctttga	0.40209	0.16188	0.14883	0.28721	1	1.2817e-04
tctttgc	0.26117	0.25086	0.14777	0.34021	1	9.7386e-05
tctttgg	0.24771	0.24312	0.17431	0.33486	1	7.2955e-05
tctttgt	0.24714	0.16705	0.14188	0.44394	1	1.4625e-04
tctttta	0.27000	0.21250	0.14375	0.37375	1	2.6773e-04
tcttttc	0.24231	0.20615	0.11302	0.43852	1	3.7013e-04
tcttttg	0.23065	0.22258	0.16452	0.38226	1	2.0749e-04
tcttttt	0.14070	0.25153	0.10511	0.50266	1	8.1824e-04
tgaaaaa	0.44315	0.09677	0.14595	0.31412	1	6.3284e-04
tgaaaac	0.36090	0.15789	0.19549	0.28571	1	1.3353e-04
tgaaaag	0.36542	0.15987	0.19576	0.27896	1	2.0515e-04
tgaaaat	0.29048	0.14405	0.16310	0.40238	1	2.8111e-04
tgaaaca	0.37333	0.11778	0.17778	0.33111	1	1.5060e-04
tgaaacc	0.32597	0.18232	0.22099	0.27072	1	6.0573e-05
tgaaacg	0.18545	0.49818	0.11636	0.20000	1	9.2031e-05
tgaaact	0.24038	0.16346	0.18910	0.40705	1	1.0441e-04
tgaaaga	0.40816	0.11429	0.21224	0.26531	1	1.6398e-04
tgaaagc	0.34914	0.17672	0.18534	0.28879	1	7.7641e-05
tgaaagg	0.31395	0.20930	0.23256	0.24419	1	8.6342e-05
tgaaagt	0.30337	0.11236	0.24157	0.34270	1	1.1914e-04
tgaaata	0.31268	0.15782	0.19322	0.33628	1	2.2690e-04
tgaaatc	0.35345	0.14224	0.21121	0.29310	1	7.7641e-05
tgaaatg	0.31025	0.25485	0.17452	0.26039	1	1.2081e-04
tgaaatt	0.20833	0.13426	0.14969	0.50772	1	2.1686e-04
tgaacaa	0.32888	0.12567	0.23262	0.31283	1	1.2516e-04
tgaacac	0.33562	0.21233	0.17808	0.27397	1	4.8860e-05
tgaacag	0.34731	0.20958	0.15569	0.28743	1	5.5888e-05
tgaacat	0.27027	0.19305	0.20463	0.33205	1	8.6676e-05
tgaacca	0.36879	0.14894	0.15603	0.32624	1	4.7187e-05
tgaaccc	0.23711	0.21649	0.17526	0.37113	1	3.2462e-05
tgaaccg	0.22951	0.31148	0.22951	0.22951	1	2.0414e-05
tgaacct	0.17931	0.16552	0.20690	0.44828	1	4.8525e-05
tgaacga	0.43902	0.12195	0.21951	0.21951	1	5.4884e-05
tgaacgc	0.25806	0.20430	0.23656	0.30108	1	3.1123e-05
tgaacgg	0.26829	0.32927	0.13415	0.26829	1	2.7442e-05
tgaacgt	0.19231	0.13462	0.17308	0.50000	1	5.2207e-05
tgaacta	0.26271	0.26271	0.14831	0.32627	1	7.8979e-05
tgaactc	0.23770	0.20492	0.16393	0.39344	1	4.0828e-05
tgaactg	0.28049	0.25610	0.18902	0.27439	1	5.4884e-05
tgaactt	0.18315	0.23077	0.19780	0.38828	1	9.1362e-05
tgaagaa	0.44402	0.12524	0.21632	0.21442	1	1.7636e-04
tgaagac	0.33918	0.18129	0.19883	0.28070	1	5.7227e-05
tgaagag	0.42705	0.17082	0.15658	0.24555	1	9.4039e-05
tgaagat	0.33544	0.18671	0.18038	0.29747	1	1.0575e-04
tgaagca	0.35025	0.14213	0.22335	0.28426	1	6.5928e-05
tgaagcc	0.35652	0.12174	0.20870	0.31304	1	3.8486e-05
tgaagcg	0.34259	0.15741	0.25000	0.25000	1	3.6143e-05
tgaagct	0.27638	0.19598	0.25126	0.27638	1	6.6597e-05
tgaagga	0.46364	0.14091	0.21364	0.18182	1	7.3625e-05
tgaaggc	0.43307	0.11024	0.15748	0.29921	1	4.2502e-05
tgaaggg	0.30894	0.21951	0.29268	0.17886	1	4.1163e-05
tgaaggt	0.29775	0.13483	0.20787	0.35955	1	5.9569e-05
tgaagta	0.34680	0.17508	0.19529	0.28283	1	9.9393e-05
tgaagtc	0.40984	0.18033	0.13115	0.27869	1	4.0828e-05
tgaagtg	0.22596	0.38462	0.13462	0.25481	1	6.9609e-05
tgaagtt	0.23390	0.14237	0.22034	0.40339	1	9.8724e-05
tgaataa	0.31250	0.15927	0.16935	0.35887	1	1.6599e-04
tgaatac	0.35686	0.16863	0.13333	0.34118	1	8.5338e-05
tgaatag	0.31878	0.21397	0.15284	0.31441	1	7.6637e-05
tgaatat	0.33137	0.15169	0.15317	0.36377	1	2.2723e-04
tgaatca	0.31727	0.14859	0.16064	0.37349	1	8.3330e-05
tgaatcc	0.32075	0.22642	0.14151	0.31132	1	3.5474e-05
tgaatcg	0.40449	0.21348	0.10112	0.28090	1	2.9785e-05
tgaatct	0.20812	0.12183	0.19797	0.47208	1	6.5928e-05
tgaatga	0.37580	0.15287	0.19745	0.27389	1	1.0508e-04
tgaatgc	0.31387	0.14599	0.13139	0.40876	1	4.5848e-05
tgaatgg	0.25275	0.22527	0.24725	0.27473	1	6.0908e-05
tgaatgt	0.29583	0.17500	0.20417	0.32500	1	8.0318e-05
tgaatta	0.32537	0.16716	0.18209	0.32537	1	1.1211e-04
tgaattc	0.29609	0.19553	0.12291	0.38547	1	5.9904e-05
tgaattg	0.28226	0.19355	0.20565	0.31855	1	8.2995e-05
tgaattt	0.21678	0.13811	0.16259	0.48252	1	1.9142e-04
tgacaaa	0.43988	0.10850	0.17302	0.27859	1	1.1412e-04
tgacaac	0.34146	0.09146	0.22561	0.34146	1	5.4884e-05
tgacaag	0.46369	0.15642	0.17318	0.20670	1	5.9904e-05
tgacaat	0.42963	0.16667	0.18889	0.21481	1	9.0358e-05
tgacaca	0.32995	0.21827	0.10152	0.35025	1	6.5928e-05
tgacacc	0.28571	0.17347	0.15306	0.38776	1	3.2796e-05
tgacacg	0.31148	0.19672	0.13115	0.36066	1	2.0414e-05
tgacact	0.25000	0.10366	0.25000	0.39634	1	5.4884e-05
tgacaga	0.43791	0.12418	0.17647	0.26144	1	5.1203e-05
tgacagc	0.29448	0.09202	0.20245	0.41104	1	5.4549e-05
tgacagg	0.29907	0.23364	0.14019	0.32710	1	3.5808e-05
tgacagt	0.32468	0.09091	0.24026	0.34416	1	5.1537e-05
tgacata	0.41846	0.11692	0.12923	0.33538	1	1.0876e-04
tgacatc	0.31061	0.15909	0.19697	0.33333	1	4.4175e-05
tgacatg	0.39286	0.15714	0.20000	0.25000	1	4.6852e-05
tgacatt	0.24696	0.14980	0.22672	0.37652	1	8.2661e-05
tgaccaa	0.29651	0.18023	0.11628	0.40698	1	5.7561e-05
tgaccac	0.26136	0.18182	0.17045	0.38636	1	2.9450e-05
tgaccag	0.29412	0.23529	0.14706	0.32353	1	2.2757e-05
tgaccat	0.20721	0.17117	0.14414	0.47748	1	3.7147e-05
tgaccca	0.41558	0.12987	0.19481	0.25974	1	2.5769e-05
tgacccc	0.25000	0.20000	0.20000	0.35000	1	1.3386e-05
tgacccg	0.17647	0.35294	0.33333	0.13725	1	1.7068e-05
tgaccct	0.32857	0.15714	0.15714	0.35714	1	2.3426e-05
tgaccga	0.40625	0.14062	0.20312	0.25000	1	2.1418e-05
tgaccgc	0.19298	0.26316	0.26316	0.28070	1	1.9076e-05
tgaccgg	0.43243	0.16216	0.13514	0.27027	1	1.2382e-05
tgaccgt	0.25862	0.15517	0.31034	0.27586	1	1.9410e-05
tgaccta	0.33000	0.26000	0.12000	0.29000	1	3.3466e-05
tgacctc	0.37975	0.18987	0.13924	0.29114	1	2.6438e-05
tgacctg	0.35385	0.20000	0.18462	0.26154	1	2.1753e-05
tgacctt	0.20958	0.18563	0.20359	0.40120	1	5.5888e-05
tgacgaa	0.37500	0.10714	0.26190	0.25595	1	5.6223e-05
tgacgac	0.39286	0.09524	0.16667	0.34524	1	2.8111e-05
tgacgag	0.28814	0.16949	0.23729	0.30508	1	1.9745e-05
tgacgat	0.29752	0.10744	0.23967	0.35537	1	4.0494e-05
tgacgca	0.57627	0.10169	0.14124	0.18079	1	5.9234e-05
tgacgcc	0.26531	0.14286	0.24490	0.34694	1	1.6398e-05
tgacgcg	0.24762	0.25714	0.10476	0.39048	1	3.5139e-05
tgacgct	0.25882	0.20000	0.15294	0.38824	1	2.8446e-05
tgacgga	0.42697	0.20225	0.19101	0.17978	1	2.9785e-05
tgacggc	0.37681	0.13043	0.18841	0.30435	1	2.3091e-05
tgacggg	0.48936	0.23404	0.14894	0.12766	1	1.5729e-05
tgacggt	0.31429	0.17143	0.25714	0.25714	1	2.3426e-05
tgacgta	0.23129	0.13605	0.13605	0.49660	1	4.9195e-05
tgacgtc	0.31111	0.13333	0.24444	0.31111	1	1.5060e-05
tgacgtg	0.22535	0.15493	0.28169	0.33803	1	2.3761e-05
tgacgtt	0.17178	0.15337	0.17178	0.50307	1	5.4549e-05
tgactaa	0.34239	0.10870	0.19565	0.35326	1	6.1577e-05
tgactac	0.30345	0.17931	0.09655	0.42069	1	4.8525e-05
tgactag	0.28713	0.16832	0.12871	0.41584	1	3.3800e-05
tgactat	0.28899	0.14220	0.14220	0.42661	1	7.2955e-05
tgactca	0.35659	0.21705	0.18605	0.24031	1	4.3171e-05
tgactcc	0.36620	0.18310	0.16901	0.28169	1	2.3761e-05
tgactcg	0.25862	0.25862	0.12069	0.36207	1	1.9410e-05
tgactct	0.17857	0.15000	0.17857	0.49286	1	4.6852e-05
tgactga	0.36567	0.14925	0.14925	0.33582	1	4.4844e-05
tgactgc	0.27350	0.17094	0.24786	0.30769	1	3.9155e-05
tgactgg	0.26761	0.29577	0.19718	0.23944	1	2.3761e-05
tgactgt	0.18605	0.14729	0.20155	0.46512	1	4.3171e-05
tgactta	0.25850	0.26531	0.12925	0.34694	1	4.9195e-05
tgacttc	0.33333	0.18452	0.15476	0.32738	1	5.6223e-05
tgacttg	0.29851	0.21642	0.15672	0.32836	1	4.4844e-05
tgacttt	0.23203	0.17320	0.15033	0.44444	1	1.0241e-04
tgagaaa	0.34053	0.16113	0.15615	0.34219	1	2.0146e-04
tgagaac	0.40252	0.16352	0.21384	0.22013	1	5.3211e-05
tgagaag	0.27304	0.38225	0.18430	0.16041	1	9.8055e-05
tgagaat	0.30418	0.16350	0.22814	0.30418	1	8.8015e-05
tgagaca	0.43949	0.09554	0.19745	0.26752	1	5.2541e-05
tgagacc	0.35088	0.19298	0.12281	0.33333	1	1.9076e-05
tgagacg	0.41791	0.14925	0.17910	0.25373	1	2.2422e-05
tgagact	0.25000	0.15000	0.26000	0.34000	1	3.3466e-05
tgagaga	0.44041	0.11917	0.23834	0.20207	1	6.4589e-05
tgagagc	0.37113	0.22680	0.13402	0.26804	1	3.2462e-05
tgagagg	0.36036	0.18018	0.25225	0.20721	1	3.7147e-05
tgagagt	0.32500	0.15833	0.23333	0.28333	1	4.0159e-05
tgagata	0.34154	0.22154	0.10154	0.33538	1	1.0876e-04
tgagatc	0.38462	0.11966	0.10256	0.39316	1	3.9155e-05
tgagatg	0.54023	0.15709	0.15326	0.14943	1	8.7346e-05
tgagatt	0.23207	0.15190	0.19831	0.41772	1	7.9314e-05
tgagcaa	0.34975	0.20197	0.18719	0.26108	1	6.7936e-05
tgagcac	0.38318	0.19626	0.13084	0.28972	1	3.5808e-05
tgagcag	0.26812	0.21739	0.19565	0.31884	1	4.6183e-05
tgagcat	0.26437	0.24713	0.12069	0.36782	1	5.8231e-05
tgagcca	0.26786	0.17857	0.16964	0.38393	1	3.7482e-05
tgagccc	0.43590	0.12821	0.17949	0.25641	1	1.3052e-05
tgagccg	0.19565	0.21739	0.19565	0.39130	1	1.5394e-05
tgagcct	0.32292	0.12500	0.17708	0.37500	1	3.2127e-05
tgagcga	0.39506	0.16049	0.09877	0.34568	1	2.7107e-05
tgagcgc	0.34884	0.13953	0.32558	0.18605	1	1.4390e-05
tgagcgg	0.29688	0.26562	0.18750	0.25000	1	2.1418e-05
tgagcgt	0.27027	0.24324	0.18919	0.29730	1	2.4765e-05
tgagcta	0.40000	0.19310	0.15172	0.25517	1	4.8525e-05
tgagctc	0.34409	0.24731	0.08602	0.32258	1	3.1123e-05
tgagctg	0.36957	0.20290	0.12319	0.30435	1	4.6183e-05
tgagctt	0.25359	0.23445	0.13397	0.37799	1	6.9944e-05
tgaggaa	0.26224	0.09091	0.14685	0.50000	1	9.5712e-05
tgaggac	0.36364	0.21212	0.09091	0.33333	1	2.2087e-05
tgaggag	0.54331	0.07874	0.20472	0.17323	1	4.2502e-05
tgaggat	0.21429	0.05495	0.10989	0.62088	1	6.0908e-05
tgaggca	0.42574	0.08911	0.22772	0.25743	1	3.3800e-05
tgaggcc	0.21569	0.13725	0.25490	0.39216	1	1.7068e-05
tgaggcg	0.24638	0.31884	0.27536	0.15942	1	2.3091e-05
tgaggct	0.27835	0.15464	0.21649	0.35052	1	3.2462e-05
tgaggga	0.50893	0.15179	0.13393	0.20536	1	3.7482e-05
tgagggc	0.31481	0.14815	0.27778	0.25926	1	1.8072e-05
tgagggg	0.41026	0.19231	0.17949	0.21795	1	2.6103e-05
tgagggt	0.32895	0.15789	0.30263	0.21053	1	2.5434e-05
tgaggta	0.36774	0.13548	0.21290	0.28387	1	5.1872e-05
tgaggtc	0.29310	0.13793	0.17241	0.39655	1	1.9410e-05
tgaggtg	0.29268	0.24390	0.17073	0.29268	1	4.1163e-05
tgaggtt	0.25000	0.15244	0.23780	0.35976	1	5.4884e-05
tgagtaa	0.38793	0.10776	0.19828	0.30603	1	7.7641e-05
tgagtac	0.34454	0.15126	0.10924	0.39496	1	3.9824e-05
tgagtag	0.26271	0.21186	0.17797	0.34746	1	3.9490e-05
tgagtat	0.37173	0.10471	0.18848	0.33508	1	6.3920e-05
tgagtca	0.35135	0.18919	0.16216	0.29730	1	3.7147e-05
tgagtcc	0.28846	0.30769	0.11538	0.28846	1	1.7402e-05
tgagtcg	0.20588	0.17647	0.23529	0.38235	1	2.2757e-05
tgagtct	0.23656	0.22581	0.09677	0.44086	1	3.1123e-05
tgagtga	0.38255	0.18792	0.19463	0.23490	1	4.9864e-05
tgagtgc	0.30682	0.26136	0.13636	0.29545	1	2.9450e-05
tgagtgg	0.28704	0.22222	0.16667	0.32407	1	3.6143e-05
tgagtgt	0.22115	0.17308	0.25962	0.34615	1	3.4804e-05
tgagtta	0.33974	0.19872	0.16667	0.29487	1	5.2207e-05
tgagttc	0.22807	0.28947	0.14035	0.34211	1	3.8151e-05
tgagttg	0.33333	0.24837	0.15033	0.26797	1	5.1203e-05
tgagttt	0.21852	0.25556	0.18148	0.34444	1	9.0358e-05
tgataaa	0.35614	0.15614	0.22105	0.26667	1	1.9076e-04
tgataac	0.30594	0.11872	0.26484	0.31050	1	7.3290e-05
tgataag	0.38565	0.16592	0.21973	0.22870	1	7.4629e-05
tgataat	0.40556	0.08111	0.31634	0.19699	1	2.8881e-04
tgataca	0.30172	0.13362	0.21121	0.35345	1	7.7641e-05
tgatacc	0.37037	0.12037	0.18519	0.32407	1	3.6143e-05
tgatacg	0.28788	0.15909	0.15152	0.40152	1	4.4175e-05
tgatact	0.29762	0.12698	0.21032	0.36508	1	8.4334e-05
tgataga	0.35430	0.24834	0.15894	0.23841	1	1.0107e-04
tgatagc	0.36364	0.12587	0.20979	0.30070	1	4.7856e-05
tgatagg	0.30159	0.23016	0.17460	0.29365	1	4.2167e-05
tgatagt	0.35827	0.05906	0.19291	0.38976	1	8.5003e-05
tgatata	0.29554	0.15613	0.13197	0.41636	1	1.8005e-04
tgatatc	0.40230	0.18391	0.14176	0.27203	1	8.7346e-05
tgatatg	0.30806	0.18009	0.21327	0.29858	1	7.0613e-05
tgatatt	0.25000	0.14748	0.18885	0.41367	1	1.8607e-04
tgatcaa	0.36047	0.18992	0.18605	0.26357	1	8.6342e-05
tgatcac	0.23188	0.18841	0.23913	0.34058	1	4.6183e-05
tgatcag	0.25424	0.21186	0.20339	0.33051	1	3.9490e-05
tgatcat	0.28641	0.16019	0.18447	0.36893	1	6.8940e-05
tgatcca	0.33708	0.16854	0.15730	0.33708	1	2.9785e-05
tgatccc	0.28571	0.17857	0.17857	0.35714	1	1.8741e-05
tgatccg	0.29630	0.14815	0.22222	0.33333	1	2.7107e-05
tgatcct	0.30519	0.18831	0.17532	0.33117	1	5.1537e-05
tgatcga	0.35088	0.18421	0.17544	0.28947	1	3.8151e-05
tgatcgc	0.29070	0.13953	0.22093	0.34884	1	2.8781e-05
tgatcgg	0.31373	0.15686	0.19608	0.33333	1	1.7068e-05
tgatcgt	0.29545	0.12500	0.18182	0.39773	1	2.9450e-05
tgatcta	0.28000	0.25333	0.18667	0.28000	1	5.0199e-05
tgatctc	0.30233	0.17829	0.12403	0.39535	1	4.3171e-05
tgatctg	0.25517	0.25517	0.22069	0.26897	1	4.8525e-05
tgatctt	0.22333	0.23000	0.23333	0.31333	1	1.0040e-04
tgatgaa	0.39326	0.14607	0.22472	0.23596	1	1.1914e-04
tgatgac	0.46281	0.07025	0.14050	0.32645	1	8.0987e-05
tgatgag	0.52281	0.12632	0.16842	0.18246	1	9.5378e-05
tgatgat	0.39459	0.10541	0.21351	0.28649	1	1.2382e-04
tgatgca	0.38650	0.11043	0.20859	0.29448	1	5.4549e-05
tgatgcc	0.28261	0.09783	0.23913	0.38043	1	3.0789e-05
tgatgcg	0.34043	0.17021	0.24468	0.24468	1	3.1458e-05
tgatgct	0.26316	0.18129	0.22807	0.32749	1	5.7227e-05
tgatgga	0.42778	0.10556	0.14444	0.32222	1	6.0238e-05
tgatggc	0.37273	0.16364	0.14545	0.31818	1	3.6812e-05
tgatggg	0.28916	0.34940	0.13253	0.22892	1	2.7777e-05
tgatggt	0.27922	0.15584	0.25325	0.31169	1	5.1537e-05
tgatgta	0.33721	0.18217	0.15116	0.32946	1	8.6342e-05
tgatgtc	0.26667	0.20000	0.17143	0.36190	1	3.5139e-05
tgatgtg	0.31282	0.20000	0.20513	0.28205	1	6.5258e-05
tgatgtt	0.24900	0.20482	0.18876	0.35743	1	8.3330e-05
tgattaa	0.34795	0.14327	0.19591	0.31287	1	1.1445e-04
tgattac	0.27368	0.16316	0.12632	0.43684	1	6.3585e-05
tgattag	0.25424	0.20339	0.17514	0.36723	1	5.9234e-05
tgattat	0.26512	0.19767	0.19070	0.34651	1	1.4390e-04
tgattca	0.34310	0.15063	0.15063	0.35565	1	7.9983e-05
tgattcc	0.30769	0.14615	0.20769	0.33846	1	4.3506e-05
tgattcg	0.33696	0.18478	0.16304	0.31522	1	3.0789e-05
tgattct	0.16901	0.22535	0.21596	0.38967	1	7.1282e-05
tgattga	0.32927	0.17073	0.17073	0.32927	1	8.2326e-05
tgattgc	0.25595	0.25000	0.17262	0.32143	1	5.6223e-05
tgattgg	0.25517	0.27586	0.19310	0.27586	1	4.8525e-05
tgattgt	0.27723	0.15842	0.17327	0.39109	1	6.7601e-05
tgattta	0.29360	0.22093	0.13372	0.35174	1	1.1512e-04
tgatttc	0.27108	0.22590	0.14157	0.36145	1	1.1111e-04
tgatttg	0.28625	0.17100	0.19331	0.34944	1	9.0023e-05
tgatttt	0.19067	0.18107	0.16187	0.46639	1	2.4397e-04
tgcaaaa	0.39083	0.13945	0.20367	0.26606	1	1.8239e-04
tgcaaac	0.35714	0.18878	0.23469	0.21939	1	6.5593e-05
tgcaaag	0.33469	0.15918	0.22857	0.27755	1	8.1991e-05
tgcaaat	0.32716	0.17901	0.18210	0.31173	1	1.0843e-04
tgcaaca	0.30942	0.19283	0.26009	0.23767	1	7.4629e-05
tgcaacc	0.34959	0.19512	0.17886	0.27642	1	4.1163e-05
tgcaacg	0.25833	0.30833	0.18333	0.25000	1	4.0159e-05
tgcaact	0.21472	0.19632	0.22086	0.36810	1	5.4549e-05
tgcaaga	0.44534	0.10931	0.17814	0.26721	1	8.2661e-05
tgcaagc	0.39683	0.19048	0.20635	0.20635	1	4.2167e-05
tgcaagg	0.50754	0.12060	0.16080	0.21106	1	6.6597e-05
tgcaagt	0.37288	0.12994	0.16949	0.32768	1	5.9234e-05
tgcaata	0.32907	0.13738	0.19808	0.33546	1	1.0475e-04
tgcaatc	0.29054	0.25000	0.13514	0.32432	1	4.9529e-05
tgcaatg	0.33918	0.18129	0.21637	0.26316	1	5.7227e-05
tgcaatt	0.30357	0.17560	0.21726	0.30357	1	1.1245e-04
tgcacaa	0.33649	0.17062	0.21327	0.27962	1	7.0613e-05
tgcacac	0.37168	0.19469	0.15044	0.28319	1	3.7816e-05
tgcacag	0.25600	0.24000	0.24000	0.26400	1	4.1832e-05
tgcacat	0.33333	0.18519	0.17989	0.30159	1	6.3250e-05
tgcacca	0.36054	0.19048	0.13605	0.31293	1	4.9195e-05
tgcaccc	0.27273	0.11364	0.29545	0.31818	1	2.9450e-05
tgcaccg	0.36170	0.27660	0.17021	0.19149	1	1.5729e-05
tgcacct	0.24490	0.14966	0.28571	0.31973	1	4.9195e-05
tgcacga	0.37349	0.15663	0.18072	0.28916	1	2.7777e-05
tgcacgc	0.30357	0.30357	0.14286	0.25000	1	1.8741e-05
tgcacgg	0.46341	0.35366	0.10976	0.07317	1	2.7442e-05
tgcacgt	0.25210	0.11765	0.21849	0.41176	1	3.9824e-05
tgcacta	0.31250	0.16875	0.16875	0.35000	1	5.3545e-05
tgcactc	0.40698	0.16279	0.10465	0.32558	1	2.8781e-05
tgcactg	0.27692	0.22308	0.15385	0.34615	1	4.3506e-05
tgcactt	0.18777	0.25764	0.20087	0.35371	1	7.6637e-05
tgcagaa	0.35688	0.11524	0.30483	0.22305	1	9.0023e-05
tgcagac	0.36364	0.23864	0.17045	0.22727	1	2.9450e-05
tgcagag	0.40000	0.13333	0.20833	0.25833	1	4.0159e-05
tgcagat	0.23237	0.13693	0.17427	0.45643	1	8.0653e-05
tgcagca	0.36598	0.12371	0.24742	0.26289	1	6.4924e-05
tgcagcc	0.42857	0.18367	0.19388	0.19388	1	3.2796e-05
tgcagcg	0.28409	0.21591	0.18182	0.31818	1	2.9450e-05
tgcagct	0.31206	0.14894	0.24823	0.29078	1	4.7187e-05
tgcagga	0.41322	0.17355	0.19008	0.22314	1	4.0494e-05
tgcaggc	0.36275	0.24510	0.15686	0.23529	1	3.4135e-05
tgcaggg	0.31507	0.24658	0.17808	0.26027	1	2.4430e-05
tgcaggt	0.28704	0.12037	0.28704	0.30556	1	3.6143e-05
tgcagta	0.33175	0.14218	0.21801	0.30806	1	7.0613e-05
tgcagtc	0.36709	0.18987	0.21519	0.22785	1	2.6438e-05
tgcagtg	0.32331	0.20301	0.15789	0.31579	1	4.4510e-05
tgcagtt	0.21397	0.17467	0.22707	0.38428	1	7.6637e-05
tgcataa	0.38652	0.14184	0.12411	0.34752	1	9.4374e-05
tgcatac	0.38286	0.14857	0.18286	0.28571	1	5.8565e-05
tgcatag	0.27211	0.34014	0.12245	0.26531	1	4.9195e-05
tgcatat	0.36243	0.13757	0.18519	0.31481	1	1.2650e-04
tgcatca	0.27222	0.19444	0.18333	0.35000	1	6.0238e-05
tgcatcc	0.33028	0.14679	0.21101	0.31193	1	3.6478e-05
tgcatcg	0.16250	0.38750	0.12500	0.32500	1	2.6773e-05
tgcatct	0.22165	0.18557	0.17010	0.42268	1	6.4924e-05
tgcatga	0.39181	0.12865	0.12281	0.35673	1	5.7227e-05
tgcatgc	0.27049	0.21311	0.22131	0.29508	1	4.0828e-05
tgcatgg	0.36000	0.17000	0.22000	0.25000	1	3.3466e-05
tgcatgt	0.34807	0.17127	0.23204	0.24862	1	6.0573e-05
tgcatta	0.25606	0.19723	0.13841	0.40830	1	9.6716e-05
tgcattc	0.30729	0.17708	0.17188	0.34375	1	6.4254e-05
tgcattg	0.27650	0.18433	0.17512	0.36406	1	7.2621e-05
tgcattt	0.20000	0.21782	0.16238	0.41980	1	1.6900e-04
tgccaaa	0.43089	0.15854	0.12602	0.28455	1	8.2326e-05
tgccaac	0.36634	0.12871	0.16832	0.33663	1	3.3800e-05
tgccaag	0.40933	0.18653	0.21244	0.19171	1	6.4589e-05
tgccaat	0.29240	0.12281	0.19883	0.38596	1	5.7227e-05
tgccaca	0.24528	0.23899	0.25786	0.25786	1	5.3211e-05
tgccacc	0.27586	0.21552	0.28448	0.22414	1	3.8820e-05
tgccacg	0.35135	0.13514	0.21622	0.29730	1	2.4765e-05
tgccact	0.22785	0.21519	0.22152	0.33544	1	5.2876e-05
tgccaga	0.40367	0.16514	0.11927	0.31193	1	3.6478e-05
tgccagc	0.26923	0.20192	0.21154	0.31731	1	3.4804e-05
tgccagg	0.16667	0.27778	0.23611	0.31944	1	2.4095e-05
tgccagt	0.37273	0.14545	0.20909	0.27273	1	3.6812e-05
tgccata	0.39181	0.15789	0.11696	0.33333	1	5.7227e-05
tgccatc	0.26543	0.16049	0.18519	0.38889	1	5.4215e-05
tgccatg	0.35185	0.15741	0.18519	0.30556	1	3.6143e-05
tgccatt	0.23755	0.18774	0.21839	0.35632	1	8.7346e-05
tgcccaa	0.37273	0.18182	0.16364	0.28182	1	3.6812e-05
tgcccac	0.25000	0.21250	0.16250	0.37500	1	2.6773e-05
tgcccag	0.31250	0.18750	0.08333	0.41667	1	1.6064e-05
tgcccat	0.26168	0.28037	0.09346	0.36449	1	3.5808e-05
tgcccca	0.29231	0.26154	0.18462	0.26154	1	2.1753e-05
tgccccc	0.36364	0.20455	0.18182	0.25000	1	1.4725e-05
tgccccg	0.27778	0.36111	0.22222	0.13889	1	1.2048e-05
tgcccct	0.21101	0.22018	0.16514	0.40367	1	3.6478e-05
tgcccga	0.29545	0.15909	0.27273	0.27273	1	1.4725e-05
tgcccgc	0.21429	0.11905	0.28571	0.38095	1	1.4056e-05
tgcccgg	0.31481	0.27778	0.20370	0.20370	1	1.8072e-05
tgcccgt	0.28571	0.21429	0.14286	0.35714	1	2.3426e-05
tgcccta	0.21212	0.23232	0.16162	0.39394	1	3.3131e-05
tgccctc	0.25773	0.19588	0.11340	0.43299	1	3.2462e-05
tgccctg	0.27778	0.27778	0.16667	0.27778	1	2.4095e-05
tgccctt	0.15166	0.21801	0.14218	0.48815	1	7.0613e-05
tgccgaa	0.48000	0.15000	0.21000	0.16000	1	3.3466e-05
tgccgac	0.33333	0.17778	0.17778	0.31111	1	1.5060e-05
tgccgag	0.37778	0.26667	0.13333	0.22222	1	1.5060e-05
tgccgat	0.25000	0.13095	0.26190	0.35714	1	2.8111e-05
tgccgca	0.19512	0.32927	0.21951	0.25610	1	2.7442e-05
tgccgcc	0.23944	0.28169	0.32394	0.15493	1	2.3761e-05
tgccgcg	0.11628	0.37209	0.27907	0.23256	1	1.4390e-05
tgccgct	0.21053	0.15789	0.30526	0.32632	1	3.1793e-05
tgccgga	0.40385	0.15385	0.17308	0.26923	1	1.7402e-05
tgccggc	0.42222	0.13333	0.22222	0.22222	1	1.5060e-05
tgccggg	0.21154	0.11538	0.17308	0.50000	1	1.7402e-05
tgccggt	0.26316	0.12281	0.28070	0.33333	1	1.9076e-05
tgccgta	0.27174	0.26087	0.16304	0.30435	1	3.0789e-05
tgccgtc	0.39683	0.20635	0.12698	0.26984	1	2.1083e-05
tgccgtg	0.23077	0.35385	0.20000	0.21538	1	2.1753e-05
tgccgtt	0.22293	0.15287	0.22930	0.39490	1	5.2541e-05
tgcctaa	0.39655	0.12931	0.14655	0.32759	1	3.8820e-05
tgcctac	0.40217	0.15217	0.10870	0.33696	1	3.0789e-05
tgcctag	0.29412	0.29412	0.13235	0.27941	1	2.2757e-05
tgcctat	0.26415	0.22642	0.15723	0.35220	1	5.3211e-05
tgcctca	0.37895	0.16842	0.16842	0.28421	1	3.1793e-05
tgcctcc	0.27273	0.19481	0.15584	0.37662	1	2.5769e-05
tgcctcg	0.28571	0.24286	0.18571	0.28571	1	2.3426e-05
tgcctct	0.17532	0.24026	0.14286	0.44156	1	5.1537e-05
tgcctga	0.46729	0.16822	0.16822	0.19626	1	3.5808e-05
tgcctgc	0.29703	0.23762	0.17822	0.28713	1	3.3800e-05
tgcctgg	0.26984	0.30159	0.14286	0.28571	1	2.1083e-05
tgcctgt	0.16949	0.27119	0.15254	0.40678	1	3.9490e-05
tgcctta	0.22517	0.16556	0.15894	0.45033	1	5.0533e-05
tgccttc	0.24479	0.17708	0.15625	0.42188	1	6.4254e-05
tgccttg	0.26667	0.23030	0.20606	0.29697	1	5.5219e-05
tgccttt	0.21552	0.20690	0.16667	0.41092	1	1.1646e-04
tgcgaaa	0.48958	0.10938	0.17188	0.22917	1	6.4254e-05
tgcgaac	0.42029	0.14493	0.15942	0.27536	1	2.3091e-05
tgcgaag	0.29703	0.21782	0.18812	0.29703	1	3.3800e-05
tgcgaat	0.44167	0.08333	0.27500	0.20000	1	4.0159e-05
tgcgaca	0.28767	0.20548	0.31507	0.19178	1	2.4430e-05
tgcgacc	0.26667	0.13333	0.33333	0.26667	1	1.0040e-05
tgcgacg	0.27419	0.24194	0.25806	0.22581	1	2.0749e-05
tgcgact	0.22785	0.20253	0.29114	0.27848	1	2.6438e-05
tgcgaga	0.46067	0.12360	0.16854	0.24719	1	2.9785e-05
tgcgagc	0.36538	0.19231	0.23077	0.21154	1	1.7402e-05
tgcgagg	0.31111	0.20000	0.15556	0.33333	1	1.5060e-05
tgcgagt	0.27027	0.16216	0.29730	0.27027	1	2.4765e-05
tgcgata	0.27211	0.16327	0.22449	0.34014	1	4.9195e-05
tgcgatc	0.29231	0.23077	0.13846	0.33846	1	2.1753e-05
tgcgatg	0.52308	0.21026	0.16923	0.09744	1	6.5258e-05
tgcgatt	0.33813	0.19424	0.16547	0.30216	1	4.6517e-05
tgcgcaa	0.29897	0.17526	0.27835	0.24742	1	3.2462e-05
tgcgcac	0.24638	0.20290	0.27536	0.27536	1	2.3091e-05
tgcgcag	0.24638	0.13043	0.23188	0.39130	1	2.3091e-05
tgcgcat	0.34188	0.22222	0.16239	0.27350	1	3.9155e-05
tgcgcca	0.34848	0.13636	0.18182	0.33333	1	2.2087e-05
tgcgccc	0.19231	0.25000	0.17308	0.38462	1	1.7402e-05
tgcgccg	0.13514	0.35135	0.27027	0.24324	1	1.2382e-05
tgcgcct	0.20652	0.27174	0.26087	0.26087	1	3.0789e-05
tgcgcga	0.29851	0.13433	0.14925	0.41791	1	2.2422e-05
tgcgcgc	0.26786	0.12500	0.26786	0.33929	1	1.8741e-05
tgcgcgg	0.34921	0.26984	0.12698	0.25397	1	2.1083e-05
tgcgcgt	0.24194	0.20968	0.19355	0.35484	1	2.0749e-05
tgcgcta	0.33010	0.21359	0.17476	0.28155	1	3.4470e-05
tgcgctc	0.30435	0.17391	0.15217	0.36957	1	1.5394e-05
tgcgctg	0.25000	0.30000	0.13000	0.32000	1	3.3466e-05
tgcgctt	0.22156	0.17964	0.22156	0.37725	1	5.5888e-05
tgcggaa	0.43357	0.09091	0.24476	0.23077	1	4.7856e-05
tgcggac	0.23404	0.14894	0.25532	0.36170	1	1.5729e-05
tgcggag	0.26154	0.16923	0.30769	0.26154	1	2.1753e-05
tgcggat	0.35897	0.12821	0.21795	0.29487	1	2.6103e-05
tgcggca	0.42857	0.15584	0.20779	0.20779	1	2.5769e-05
tgcggcc	0.28986	0.17391	0.26087	0.27536	1	2.3091e-05
tgcggcg	0.33333	0.25000	0.21667	0.20000	1	2.0079e-05
tgcggct	0.11905	0.21429	0.32143	0.34524	1	2.8111e-05
tgcggga	0.40678	0.15254	0.22034	0.22034	1	1.9745e-05
tgcgggc	0.25714	0.28571	0.22857	0.22857	1	1.1713e-05
tgcgggg	0.34091	0.22727	0.18182	0.25000	1	1.4725e-05
tgcgggt	0.54321	0.08642	0.18519	0.18519	1	2.7107e-05
tgcggta	0.29703	0.15842	0.20792	0.33663	1	3.3800e-05
tgcggtc	0.45946	0.18919	0.10811	0.24324	1	1.2382e-05
tgcggtg	0.19417	0.24272	0.18447	0.37864	1	3.4470e-05
tgcggtt	0.21970	0.18182	0.22727	0.37121	1	4.4175e-05
tgcgtaa	0.40994	0.13043	0.14907	0.31056	1	5.3880e-05
tgcgtac	0.29412	0.18824	0.22353	0.29412	1	2.8446e-05
tgcgtag	0.28788	0.21212	0.16667	0.33333	1	2.2087e-05
tgcgtat	0.37952	0.19277	0.13855	0.28916	1	5.5553e-05
tgcgtca	0.25180	0.14388	0.14388	0.46043	1	4.6517e-05
tgcgtcc	0.42222	0.22222	0.15556	0.20000	1	1.5060e-05
tgcgtcg	0.25641	0.30769	0.10256	0.33333	1	1.3052e-05
tgcgtct	0.23469	0.20408	0.21429	0.34694	1	3.2796e-05
tgcgtga	0.32258	0.17204	0.21505	0.29032	1	3.1123e-05
tgcgtgc	0.25714	0.22857	0.24286	0.27143	1	2.3426e-05
tgcgtgg	0.29825	0.21053	0.24561	0.24561	1	1.9076e-05
tgcgtgt	0.27083	0.12500	0.31250	0.29167	1	3.2127e-05
tgcgtta	0.25410	0.22951	0.14754	0.36885	1	4.0828e-05
tgcgttc	0.27273	0.19192	0.12121	0.41414	1	3.3131e-05
tgcgttg	0.15789	0.32632	0.16842	0.34737	1	3.1793e-05
tgcgttt	0.25000	0.29297	0.16797	0.28906	1	8.5672e-05
tgctaaa	0.36928	0.16340	0.18627	0.28105	1	1.0241e-04
tgctaac	0.33636	0.13636	0.21818	0.30909	1	3.6812e-05
tgctaag	0.33858	0.18898	0.19685	0.27559	1	4.2502e-05
tgctaat	0.32432	0.15766	0.16667	0.35135	1	7.4294e-05
tgctaca	0.34839	0.15484	0.23226	0.26452	1	5.1872e-05
tgctacc	0.33607	0.25410	0.18852	0.22131	1	4.0828e-05
tgctacg	0.27273	0.16667	0.27273	0.28788	1	2.2087e-05
tgctact	0.32536	0.15311	0.22010	0.30144	1	6.9944e-05
tgctaga	0.37671	0.14384	0.15753	0.32192	1	4.8860e-05
tgctagc	0.27660	0.13830	0.21277	0.37234	1	3.1458e-05
tgctagg	0.28169	0.29577	0.12676	0.29577	1	2.3761e-05
tgctagt	0.31818	0.17424	0.22727	0.28030	1	4.4175e-05
tgctata	0.28175	0.21825	0.17460	0.32540	1	8.4334e-05
tgctatc	0.32374	0.20144	0.20863	0.26619	1	4.6517e-05
tgctatg	0.27027	0.14865	0.29730	0.28378	1	4.9529e-05
tgctatt	0.24619	0.15482	0.24619	0.35279	1	1.3186e-04
tgctcaa	0.29798	0.14646	0.26263	0.29293	1	6.6262e-05
tgctcac	0.31959	0.17526	0.20619	0.29897	1	3.2462e-05
tgctcag	0.33708	0.17978	0.23596	0.24719	1	2.9785e-05
tgctcat	0.19209	0.35028	0.08475	0.37288	1	5.9234e-05
tgctcca	0.34021	0.21649	0.16495	0.27835	1	3.2462e-05
tgctccc	0.24051	0.29114	0.11392	0.35443	1	2.6438e-05
tgctccg	0.19565	0.26087	0.23913	0.30435	1	1.5394e-05
tgctcct	0.19167	0.21667	0.21667	0.37500	1	4.0159e-05
tgctcga	0.38462	0.08654	0.35577	0.17308	1	3.4804e-05
tgctcgc	0.27692	0.20000	0.16923	0.35385	1	2.1753e-05
tgctcgg	0.28846	0.25000	0.19231	0.26923	1	1.7402e-05
tgctcgt	0.23478	0.16522	0.18261	0.41739	1	3.8486e-05
tgctcta	0.25658	0.19079	0.13816	0.41447	1	5.0868e-05
tgctctc	0.29921	0.16535	0.14173	0.39370	1	4.2502e-05
tgctctg	0.18447	0.30097	0.13592	0.37864	1	3.4470e-05
tgctctt	0.16564	0.23006	0.19632	0.40798	1	1.0910e-04
tgctgaa	0.46226	0.15094	0.21226	0.17453	1	7.0948e-05
tgctgac	0.34848	0.16667	0.23485	0.25000	1	4.4175e-05
tgctgag	0.36709	0.25316	0.16456	0.21519	1	2.6438e-05
tgctgat	0.35176	0.13568	0.15578	0.35678	1	6.6597e-05
tgctgca	0.34500	0.18500	0.22500	0.24500	1	6.6932e-05
tgctgcc	0.27083	0.25000	0.18750	0.29167	1	3.2127e-05
tgctgcg	0.24706	0.29412	0.24706	0.21176	1	2.8446e-05
tgctgct	0.23478	0.13913	0.33043	0.29565	1	7.6971e-05
tgctgga	0.39516	0.09677	0.25806	0.25000	1	4.1498e-05
tgctggc	0.30682	0.21591	0.17045	0.30682	1	2.9450e-05
tgctggg	0.30137	0.28767	0.19178	0.21918	1	2.4430e-05
tgctggt	0.25000	0.20690	0.19828	0.34483	1	3.8820e-05
tgctgta	0.32353	0.14706	0.21176	0.31765	1	5.6892e-05
tgctgtc	0.36567	0.20896	0.11194	0.31343	1	4.4844e-05
tgctgtg	0.23026	0.29605	0.22368	0.25000	1	5.0868e-05
tgctgtt	0.22305	0.13383	0.23420	0.40892	1	9.0023e-05
tgcttaa	0.38197	0.16309	0.15451	0.30043	1	7.7975e-05
tgcttac	0.34426	0.18579	0.13115	0.33880	1	6.1242e-05
tgcttag	0.26957	0.19130	0.21739	0.32174	1	3.8486e-05
tgcttat	0.28037	0.20249	0.14330	0.37383	1	1.0743e-04
tgcttca	0.32766	0.17447	0.19149	0.30638	1	7.8645e-05
tgcttcc	0.30000	0.17778	0.12778	0.39444	1	6.0238e-05
tgcttcg	0.30833	0.20833	0.12500	0.35833	1	4.0159e-05
tgcttct	0.22222	0.17974	0.16340	0.43464	1	1.0241e-04
tgcttga	0.36905	0.13690	0.17262	0.32143	1	5.6223e-05
tgcttgc	0.24571	0.20000	0.19429	0.36000	1	5.8565e-05
tgcttgg	0.25225	0.29730	0.12613	0.32432	1	3.7147e-05
tgcttgt	0.24510	0.15686	0.18137	0.41667	1	6.8270e-05
tgcttta	0.20530	0.21523	0.19868	0.38079	1	1.0107e-04
tgctttc	0.26316	0.20468	0.09357	0.43860	1	1.1445e-04
tgctttg	0.30072	0.22826	0.16304	0.30797	1	9.2366e-05
tgctttt	0.19568	0.21727	0.17266	0.41439	1	2.3259e-04
tggaaaa	0.41737	0.14006	0.21709	0.22549	1	2.3895e-04
tggaaac	0.31308	0.21495	0.20093	0.27103	1	7.1617e-05
tggaaag	0.34386	0.18246	0.20702	0.26667	1	9.5378e-05
tggaaat	0.36620	0.11831	0.18028	0.33521	1	1.1880e-04
tggaaca	0.39394	0.17576	0.20606	0.22424	1	5.5219e-05
tggaacc	0.32911	0.25316	0.17722	0.24051	1	2.6438e-05
tggaacg	0.27451	0.22549	0.19608	0.30392	1	3.4135e-05
tggaact	0.23179	0.24503	0.15894	0.36424	1	5.0533e-05
tggaaga	0.44548	0.14019	0.20872	0.20561	1	1.0743e-04
tggaagc	0.19216	0.11373	0.20392	0.49020	1	8.5338e-05
tggaagg	0.27907	0.20930	0.23256	0.27907	1	5.7561e-05
tggaagt	0.28218	0.17327	0.23267	0.31188	1	6.7601e-05
tggaata	0.51699	0.10437	0.17718	0.20146	1	1.3788e-04
tggaatc	0.18310	0.38028	0.10798	0.32864	1	7.1282e-05
tggaatg	0.36774	0.18710	0.17419	0.27097	1	5.1872e-05
tggaatt	0.24900	0.15261	0.22088	0.37751	1	8.3330e-05
tggacaa	0.35294	0.15882	0.12353	0.36471	1	5.6892e-05
tggacac	0.28788	0.22727	0.12121	0.36364	1	2.2087e-05
tggacag	0.34343	0.17172	0.16162	0.32323	1	3.3131e-05
tggacat	0.33613	0.21849	0.13445	0.31092	1	3.9824e-05
tggacca	0.30000	0.14286	0.25714	0.30000	1	2.3426e-05
tggaccc	0.18644	0.16949	0.06780	0.57627	1	1.9745e-05
tggaccg	0.25000	0.15000	0.25000	0.35000	1	6.6932e-06
tggacct	0.26154	0.15385	0.21538	0.36923	1	2.1753e-05
tggacga	0.36585	0.14634	0.15854	0.32927	1	2.7442e-05
tggacgc	0.38095	0.35714	0.11905	0.14286	1	1.4056e-05
tggacgg	0.18750	0.29167	0.16667	0.35417	1	1.6064e-05
tggacgt	0.29545	0.13636	0.34091	0.22727	1	1.4725e-05
tggacta	0.24468	0.20213	0.26596	0.28723	1	3.1458e-05
tggactc	0.36538	0.19231	0.09615	0.34615	1	1.7402e-05
tggactg	0.25714	0.27143	0.22857	0.24286	1	2.3426e-05
tggactt	0.13208	0.22642	0.24528	0.39623	1	3.5474e-05
tggagaa	0.42241	0.08621	0.26293	0.22845	1	7.7641e-05
tggagac	0.38028	0.14085	0.21127	0.26761	1	2.3761e-05
tggagag	0.34400	0.23200	0.27200	0.15200	1	4.1832e-05
tggagat	0.29577	0.14789	0.21831	0.33803	1	4.7521e-05
tggagca	0.40217	0.07609	0.22826	0.29348	1	3.0789e-05
tggagcc	0.22222	0.15556	0.11111	0.51111	1	1.5060e-05
tggagcg	0.17949	0.23077	0.28205	0.30769	1	1.3052e-05
tggagct	0.18919	0.16216	0.22973	0.41892	1	2.4765e-05
tggagga	0.44915	0.05932	0.24576	0.24576	1	3.9490e-05
tggaggc	0.41071	0.14286	0.08929	0.35714	1	1.8741e-05
tggaggg	0.36111	0.15278	0.18056	0.30556	1	2.4095e-05
tggaggt	0.25000	0.11000	0.27000	0.37000	1	3.3466e-05
tggagta	0.39091	0.17273	0.20000	0.23636	1	3.6812e-05
tggagtc	0.32692	0.21154	0.17308	0.28846	1	1.7402e-05
tggagtg	0.32051	0.11538	0.17949	0.38462	1	2.6103e-05
tggagtt	0.21094	0.21094	0.14844	0.42969	1	4.2836e-05
tggataa	0.33333	0.14762	0.21905	0.30000	1	7.0278e-05
tggatac	0.33898	0.14407	0.13559	0.38136	1	3.9490e-05
tggatag	0.37500	0.18269	0.15385	0.28846	1	3.4804e-05
tggatat	0.32018	0.15351	0.18421	0.34211	1	7.6302e-05
tggatca	0.35354	0.13131	0.21212	0.30303	1	3.3131e-05
tggatcc	0.28571	0.21429	0.14286	0.35714	1	1.8741e-05
tggatcg	0.27778	0.12963	0.22222	0.37037	1	1.8072e-05
tggatct	0.15686	0.19608	0.25490	0.39216	1	3.4135e-05
tggatga	0.30818	0.13836	0.27044	0.28302	1	5.3211e-05
tggatgc	0.31132	0.23585	0.19811	0.25472	1	3.5474e-05
tggatgg	0.40206	0.18557	0.09278	0.31959	1	3.2462e-05
tggatgt	0.35897	0.09402	0.25641	0.29060	1	3.9155e-05
tggatta	0.27108	0.18072	0.19880	0.34940	1	5.5553e-05
tggattc	0.23810	0.48677	0.05291	0.22222	1	6.3250e-05
tggattg	0.32456	0.21930	0.14912	0.30702	1	3.8151e-05
tggattt	0.13986	0.21678	0.16084	0.48252	1	9.5712e-05
tggcaaa	0.40557	0.13622	0.23220	0.22601	1	1.0809e-04
tggcaac	0.34146	0.12195	0.18699	0.34959	1	4.1163e-05
tggcaag	0.33099	0.17606	0.16901	0.32394	1	4.7521e-05
tggcaat	0.32653	0.18878	0.21429	0.27041	1	6.5593e-05
tggcaca	0.28873	0.19718	0.23239	0.28169	1	4.7521e-05
tggcacc	0.31818	0.19697	0.22727	0.25758	1	2.2087e-05
tggcacg	0.26230	0.11475	0.34426	0.27869	1	2.0414e-05
tggcact	0.22481	0.22481	0.17829	0.37209	1	4.3171e-05
tggcaga	0.42975	0.10744	0.14876	0.31405	1	4.0494e-05
tggcagc	0.27200	0.22400	0.19200	0.31200	1	4.1832e-05
tggcagg	0.26582	0.18987	0.15190	0.39241	1	2.6438e-05
tggcagt	0.32673	0.14851	0.17822	0.34653	1	3.3800e-05
tggcata	0.31737	0.22156	0.13772	0.32335	1	5.5888e-05
tggcatc	0.21970	0.15909	0.23485	0.38636	1	4.4175e-05
tggcatg	0.36792	0.12264	0.22642	0.28302	1	3.5474e-05
tggcatt	0.20000	0.19583	0.22083	0.38333	1	8.0318e-05
tggccaa	0.41739	0.13043	0.16522	0.28696	1	3.8486e-05
tggccac	0.15000	0.31667	0.15000	0.38333	1	2.0079e-05
tggccag	0.29762	0.22619	0.22619	0.25000	1	2.8111e-05
tggccat	0.25806	0.22581	0.18280	0.33333	1	3.1123e-05
tggccca	0.20312	0.18750	0.25000	0.35938	1	2.1418e-05
tggcccc	0.27083	0.14583	0.22917	0.35417	1	1.6064e-05
tggcccg	0.19048	0.14286	0.28571	0.38095	1	1.4056e-05
tggccct	0.13415	0.15854	0.21951	0.48780	1	2.7442e-05
tggccga	0.24074	0.25926	0.24074	0.25926	1	1.8072e-05
tggccgc	0.26415	0.22642	0.16981	0.33962	1	1.7737e-05
tggccgg	0.25455	0.16364	0.43636	0.14545	1	1.8406e-05
tggccgt	0.36842	0.14035	0.21053	0.28070	1	1.9076e-05
tggccta	0.37037	0.14815	0.19753	0.28395	1	2.7107e-05
tggcctc	0.23077	0.16667	0.23077	0.37179	1	2.6103e-05
tggcctg	0.15942	0.17391	0.18841	0.47826	1	2.3091e-05
tggcctt	0.22078	0.18831	0.25325	0.33766	1	5.1537e-05
tggcgaa	0.40708	0.14159	0.23009	0.22124	1	3.7816e-05
tggcgac	0.30000	0.14000	0.22000	0.34000	1	1.6733e-05
tggcgag	0.34615	0.17308	0.25000	0.23077	1	1.7402e-05
tggcgat	0.25439	0.14035	0.35088	0.25439	1	3.8151e-05
tggcgca	0.33333	0.14103	0.25641	0.26923	1	2.6103e-05
tggcgcc	0.36842	0.28070	0.15789	0.19298	1	1.9076e-05
tggcgcg	0.25352	0.29577	0.16901	0.28169	1	2.3761e-05
tggcgct	0.29348	0.20652	0.19565	0.30435	1	3.0789e-05
tggcgga	0.50746	0.11940	0.16418	0.20896	1	2.2422e-05
tggcggc	0.21311	0.16393	0.21311	0.40984	1	2.0414e-05
tggcggg	0.20755	0.18868	0.30189	0.30189	1	1.7737e-05
tggcggt	0.37805	0.10976	0.21951	0.29268	1	2.7442e-05
tggcgta	0.27000	0.25000	0.14000	0.34000	1	3.3466e-05
tggcgtc	0.14286	0.34286	0.25714	0.25714	1	2.3426e-05
tggcgtg	0.16981	0.33962	0.22642	0.26415	1	1.7737e-05
tggcgtt	0.19108	0.20382	0.15287	0.45223	1	5.2541e-05
tggctaa	0.31429	0.13333	0.20000	0.35238	1	3.5139e-05
tggctac	0.23810	0.22619	0.21429	0.32143	1	2.8111e-05
tggctag	0.35644	0.25743	0.09901	0.28713	1	3.3800e-05
tggctat	0.25316	0.16456	0.20886	0.37342	1	5.2876e-05
tggctca	0.31579	0.14035	0.13158	0.41228	1	3.8151e-05
tggctcc	0.21538	0.27692	0.21538	0.29231	1	2.1753e-05
tggctcg	0.23881	0.17910	0.22388	0.35821	1	2.2422e-05
tggctct	0.16522	0.18261	0.23478	0.41739	1	3.8486e-05
tggctga	0.36975	0.16807	0.18487	0.27731	1	3.9824e-05
tggctgc	0.33645	0.21495	0.09346	0.35514	1	3.5808e-05
tggctgg	0.24691	0.30864	0.17284	0.27160	1	2.7107e-05
tggctgt	0.23664	0.22137	0.19847	0.34351	1	4.3840e-05
tggctta	0.26950	0.17021	0.21277	0.34752	1	4.7187e-05
tggcttc	0.28485	0.22424	0.12121	0.36970	1	5.5219e-05
tggcttg	0.24691	0.19753	0.19753	0.35802	1	5.4215e-05
tggcttt	0.20690	0.21034	0.14828	0.43448	1	9.7051e-05
tgggaaa	0.40860	0.15054	0.21864	0.22222	1	9.3370e-05
tgggaac	0.26506	0.21687	0.20482	0.31325	1	2.7777e-05
tgggaag	0.34416	0.20130	0.18831	0.26623	1	5.1537e-05
tgggaat	0.29825	0.18421	0.21930	0.29825	1	3.8151e-05
tgggaca	0.30952	0.09524	0.26190	0.33333	1	2.8111e-05
tgggacc	0.35294	0.29412	0.20588	0.14706	1	1.1378e-05
tgggacg	0.37209	0.09302	0.20930	0.32558	1	1.4390e-05
tgggact	0.34694	0.18367	0.18367	0.28571	1	1.6398e-05
tgggaga	0.48193	0.12048	0.20482	0.19277	1	2.7777e-05
tgggagc	0.24074	0.25926	0.11111	0.38889	1	1.8072e-05
tgggagg	0.36620	0.12676	0.28169	0.22535	1	2.3761e-05
tgggagt	0.25000	0.12500	0.29688	0.32812	1	2.1418e-05
tgggata	0.26515	0.22727	0.13636	0.37121	1	4.4175e-05
tgggatc	0.31148	0.16393	0.19672	0.32787	1	2.0414e-05
tgggatg	0.41772	0.15190	0.17722	0.25316	1	2.6438e-05
tgggatt	0.18634	0.35404	0.18634	0.27329	1	5.3880e-05
tgggcaa	0.35780	0.11927	0.26606	0.25688	1	3.6478e-05
tgggcac	0.26786	0.16071	0.25000	0.32143	1	1.8741e-05
tgggcag	0.34940	0.30120	0.09639	0.25301	1	2.7777e-05
tgggcat	0.27660	0.25532	0.12766	0.34043	1	3.1458e-05
tgggcca	0.38182	0.20000	0.09091	0.32727	1	1.8406e-05
tgggccc	0.27586	0.10345	0.15517	0.46552	1	1.9410e-05
tgggccg	0.17857	0.25000	0.25000	0.32143	1	9.3704e-06
tgggcct	0.21918	0.13699	0.16438	0.47945	1	2.4430e-05
tgggcga	0.34615	0.23077	0.05769	0.36538	1	1.7402e-05
tgggcgc	0.21818	0.21818	0.25455	0.30909	1	1.8406e-05
tgggcgg	0.16471	0.48235	0.15294	0.20000	1	2.8446e-05
tgggcgt	0.26786	0.03571	0.19643	0.50000	1	1.8741e-05
tgggcta	0.30488	0.10976	0.26829	0.31707	1	2.7442e-05
tgggctc	0.36923	0.13846	0.13846	0.35385	1	2.1753e-05
tgggctg	0.30667	0.21333	0.24000	0.24000	1	2.5099e-05
tgggctt	0.28226	0.24194	0.15323	0.32258	1	4.1498e-05
tggggaa	0.43624	0.13423	0.28188	0.14765	1	4.9864e-05
tggggac	0.22222	0.22222	0.03704	0.51852	1	9.0358e-06
tggggag	0.36111	0.16667	0.27778	0.19444	1	2.4095e-05
tggggat	0.23077	0.07692	0.28846	0.40385	1	1.7402e-05
tggggca	0.36364	0.06061	0.33333	0.24242	1	2.2087e-05
tggggcc	0.36170	0.31915	0.12766	0.19149	1	1.5729e-05
tggggcg	0.17500	0.25000	0.42500	0.15000	1	1.3386e-05
tggggct	0.29545	0.15909	0.13636	0.40909	1	1.4725e-05
tggggga	0.53125	0.09375	0.26562	0.10938	1	2.1418e-05
tgggggc	0.35000	0.22500	0.22500	0.20000	1	1.3386e-05
tgggggg	0.44186	0.11628	0.30233	0.13953	1	1.4390e-05
tgggggt	0.21622	0.16216	0.24324	0.37838	1	1.2382e-05
tggggta	0.29762	0.22619	0.19048	0.28571	1	2.8111e-05
tggggtc	0.27451	0.29412	0.07843	0.35294	1	1.7068e-05
tggggtg	0.26866	0.26866	0.16418	0.29851	1	2.2422e-05
tggggtt	0.22989	0.21839	0.22989	0.32184	1	2.9115e-05
tgggtaa	0.36000	0.19333	0.17333	0.27333	1	5.0199e-05
tgggtac	0.30159	0.19048	0.12698	0.38095	1	2.1083e-05
tgggtag	0.26027	0.16438	0.10959	0.46575	1	2.4430e-05
tgggtat	0.35156	0.13281	0.18750	0.32812	1	4.2836e-05
tgggtca	0.34146	0.25610	0.13415	0.26829	1	2.7442e-05
tgggtcc	0.18182	0.27273	0.18182	0.36364	1	1.1044e-05
tgggtcg	0.06061	0.27273	0.30303	0.36364	1	1.1044e-05
tgggtct	0.24675	0.12987	0.32468	0.29870	1	2.5769e-05
tgggtga	0.53030	0.08333	0.12121	0.26515	1	4.4175e-05
tgggtgc	0.30952	0.23810	0.21429	0.23810	1	2.8111e-05
tgggtgg	0.22222	0.17172	0.17172	0.43434	1	3.3131e-05
tgggtgt	0.26812	0.08696	0.32609	0.31884	1	4.6183e-05
tgggtta	0.28319	0.17699	0.26549	0.27434	1	3.7816e-05
tgggttc	0.27778	0.19444	0.09722	0.43056	1	2.4095e-05
tgggttg	0.29268	0.26829	0.15854	0.28049	1	2.7442e-05
tgggttt	0.24260	0.18935	0.22485	0.34320	1	5.6557e-05
tggtaaa	0.37764	0.14502	0.21752	0.25982	1	1.1077e-04
tggtaac	0.41860	0.19380	0.11628	0.27132	1	4.3171e-05
tggtaag	0.34899	0.22148	0.14765	0.28188	1	4.9864e-05
tggtaat	0.31148	0.11475	0.25410	0.31967	1	8.1657e-05
tggtaca	0.35075	0.13433	0.18657	0.32836	1	4.4844e-05
tggtacc	0.26087	0.24638	0.11594	0.37681	1	2.3091e-05
tggtacg	0.24324	0.25676	0.27027	0.22973	1	2.4765e-05
tggtact	0.32117	0.13869	0.22628	0.31387	1	4.5848e-05
tggtaga	0.41818	0.10000	0.20000	0.28182	1	3.6812e-05
tggtagc	0.40367	0.11927	0.24771	0.22936	1	3.6478e-05
tggtagg	0.25287	0.16092	0.17241	0.41379	1	2.9115e-05
tggtagt	0.37838	0.14054	0.23243	0.24865	1	6.1912e-05
tggtata	0.26172	0.15234	0.16406	0.42188	1	8.5672e-05
tggtatc	0.34234	0.15315	0.18018	0.32432	1	3.7147e-05
tggtatg	0.24324	0.11486	0.24324	0.39865	1	4.9529e-05
tggtatt	0.27273	0.14734	0.20376	0.37618	1	1.0676e-04
tggtcaa	0.29508	0.20492	0.24590	0.25410	1	4.0828e-05
tggtcac	0.25610	0.28049	0.21951	0.24390	1	2.7442e-05
tggtcag	0.38462	0.20000	0.13846	0.27692	1	2.1753e-05
tggtcat	0.24845	0.22360	0.18634	0.34161	1	5.3880e-05
tggtcca	0.39344	0.08197	0.13115	0.39344	1	2.0414e-05
tggtccc	0.27273	0.12121	0.09091	0.51515	1	1.1044e-05
tggtccg	0.24444	0.24444	0.20000	0.31111	1	1.5060e-05
tggtcct	0.23684	0.11842	0.19737	0.44737	1	2.5434e-05
tggtcga	0.22917	0.18750	0.25000	0.33333	1	1.6064e-05
tggtcgc	0.51220	0.12195	0.09756	0.26829	1	1.3721e-05
tggtcgg	0.31250	0.12500	0.25000	0.31250	1	1.0709e-05
tggtcgt	0.30159	0.20635	0.14286	0.34921	1	2.1083e-05
tggtcta	0.32353	0.27941	0.13235	0.26471	1	2.2757e-05
tggtctc	0.32000	0.22667	0.10667	0.34667	1	2.5099e-05
tggtctg	0.16438	0.34247	0.16438	0.32877	1	2.4430e-05
tggtctt	0.16062	0.20725	0.18653	0.44560	1	6.4589e-05
tggtgaa	0.43304	0.12500	0.19196	0.25000	1	7.4963e-05
tggtgac	0.28846	0.18269	0.18269	0.34615	1	3.4804e-05
tggtgag	0.36082	0.19588	0.21649	0.22680	1	3.2462e-05
tggtgat	0.30857	0.13143	0.26857	0.29143	1	5.8565e-05
tggtgca	0.39850	0.14286	0.24060	0.21805	1	4.4510e-05
tggtgcc	0.34524	0.15476	0.15476	0.34524	1	2.8111e-05
tggtgcg	0.31250	0.25000	0.25000	0.18750	1	2.1418e-05
tggtgct	0.23214	0.18750	0.26786	0.31250	1	3.7482e-05
tggtgga	0.48837	0.11628	0.16279	0.23256	1	4.3171e-05
tggtggc	0.37975	0.16456	0.17722	0.27848	1	2.6438e-05
tggtggg	0.31250	0.21875	0.17188	0.29688	1	2.1418e-05
tggtggt	0.30508	0.08475	0.27119	0.33898	1	3.9490e-05
tggtgta	0.24818	0.21168	0.20438	0.33577	1	4.5848e-05
tggtgtc	0.29762	0.15476	0.19048	0.35714	1	2.8111e-05
tggtgtg	0.37736	0.15094	0.16981	0.30189	1	3.5474e-05
tggtgtt	0.23077	0.20879	0.22527	0.33516	1	6.0908e-05
tggttaa	0.33714	0.17714	0.16571	0.32000	1	5.8565e-05
tggttac	0.27152	0.22517	0.12583	0.37748	1	5.0533e-05
tggttag	0.32812	0.18750	0.16406	0.32031	1	4.2836e-05
tggttat	0.28230	0.10526	0.19617	0.41627	1	6.9944e-05
tggttca	0.36364	0.18182	0.17355	0.28099	1	4.0494e-05
tggttcc	0.30682	0.13636	0.17045	0.38636	1	2.9450e-05
tggttcg	0.32051	0.15385	0.21795	0.30769	1	2.6103e-05
tggttct	0.20455	0.25455	0.13636	0.40455	1	7.3625e-05
tggttga	0.39610	0.10390	0.14286	0.35714	1	5.1537e-05
tggttgc	0.32836	0.17164	0.17910	0.32090	1	4.4844e-05
tggttgg	0.29358	0.13761	0.21101	0.35780	1	3.6478e-05
tggttgt	0.24051	0.12658	0.19620	0.43671	1	5.2876e-05
tggttta	0.24790	0.21429	0.19748	0.34034	1	7.9649e-05
tggtttc	0.28571	0.19780	0.10440	0.41209	1	6.0908e-05
tggtttg	0.26203	0.25134	0.16578	0.32086	1	6.2581e-05
tggtttt	0.20050	0.22277	0.18069	0.39604	1	1.3520e-04
tgtaaaa	0.38790	0.15480	0.19929	0.25801	1	1.8808e-04
tgtaaac	0.37333	0.16000	0.17667	0.29000	1	1.0040e-04
tgtaaag	0.25161	0.21935	0.21613	0.31290	1	1.0374e-04
tgtaaat	0.47379	0.12816	0.13786	0.26019	1	1.7235e-04
tgtaaca	0.37970	0.16541	0.18045	0.27444	1	8.9019e-05
tgtaacc	0.33913	0.19130	0.13043	0.33913	1	3.8486e-05
tgtaacg	0.34234	0.17117	0.17117	0.31532	1	3.7147e-05
tgtaact	0.28054	0.12670	0.20362	0.38914	1	7.3959e-05
tgtaaga	0.39431	0.13415	0.20325	0.26829	1	8.2326e-05
tgtaagc	0.43421	0.20395	0.13816	0.22368	1	5.0868e-05
tgtaagg	0.38554	0.16867	0.19277	0.25301	1	5.5553e-05
tgtaagt	0.33721	0.15698	0.21512	0.29070	1	5.7561e-05
tgtaata	0.25177	0.09397	0.38298	0.27128	1	1.8875e-04
tgtaatc	0.40860	0.13441	0.12903	0.32796	1	6.2246e-05
tgtaatg	0.37885	0.18062	0.17181	0.26872	1	7.5967e-05
tgtaatt	0.24900	0.16135	0.22510	0.36454	1	1.6800e-04
tgtacaa	0.35000	0.12143	0.18571	0.34286	1	9.3704e-05
tgtacac	0.31613	0.23226	0.10323	0.34839	1	5.1872e-05
tgtacag	0.32283	0.21260	0.13386	0.33071	1	4.2502e-05
tgtacat	0.41141	0.14414	0.10511	0.33934	1	1.1144e-04
tgtacca	0.31707	0.21951	0.20325	0.26016	1	4.1163e-05
tgtaccc	0.25641	0.19231	0.12821	0.42308	1	2.6103e-05
tgtaccg	0.21212	0.22727	0.13636	0.42424	1	2.2087e-05
tgtacct	0.28169	0.22535	0.19718	0.29577	1	4.7521e-05
tgtacga	0.36242	0.16779	0.19463	0.27517	1	4.9864e-05
tgtacgc	0.41667	0.15476	0.13095	0.29762	1	2.8111e-05
tgtacgg	0.39516	0.20161	0.17742	0.22581	1	4.1498e-05
tgtacgt	0.45517	0.10345	0.13793	0.30345	1	4.8525e-05
tgtacta	0.26180	0.17167	0.19313	0.37339	1	7.7975e-05
tgtactc	0.27966	0.18644	0.10169	0.43220	1	3.9490e-05
tgtactg	0.28488	0.20349	0.12209	0.38953	1	5.7561e-05
tgtactt	0.16615	0.17846	0.15385	0.50154	1	1.0876e-04
tgtagaa	0.47575	0.10855	0.12933	0.28637	1	1.4491e-04
tgtagac	0.39130	0.16304	0.11957	0.32609	1	3.0789e-05
tgtagag	0.35398	0.19469	0.23009	0.22124	1	3.7816e-05
tgtagat	0.40455	0.15909	0.15455	0.28182	1	7.3625e-05
tgtagca	0.31447	0.14465	0.25157	0.28931	1	5.3211e-05
tgtagcc	0.21739	0.16304	0.25000	0.36957	1	3.0789e-05
tgtagcg	0.40000	0.17500	0.13750	0.28750	1	2.6773e-05
tgtagct	0.27612	0.11940	0.22388	0.38060	1	4.4844e-05
tgtagga	0.44776	0.08955	0.18657	0.27612	1	4.4844e-05
tgtaggc	0.34234	0.17117	0.11712	0.36937	1	3.7147e-05
tgtaggg	0.30864	0.16049	0.20988	0.32099	1	2.7107e-05
tgtaggt	0.38710	0.13710	0.20161	0.27419	1	4.1498e-05
tgtagta	0.29694	0.12664	0.25764	0.31878	1	7.6637e-05
tgtagtc	0.40000	0.13043	0.19130	0.27826	1	3.8486e-05
tgtagtg	0.33333	0.21384	0.16981	0.28302	1	5.3211e-05
tgtagtt	0.17808	0.20890	0.20890	0.40411	1	9.7720e-05
tgtataa	0.38076	0.14429	0.15030	0.32465	1	1.6699e-04
tgtatac	0.31690	0.32160	0.13380	0.22770	1	1.4256e-04
tgtatag	0.35065	0.12987	0.18182	0.33766	1	7.7306e-05
tgtatat	0.47807	0.10011	0.15523	0.26659	1	2.9751e-04
tgtatca	0.32766	0.15319	0.21277	0.30638	1	7.8645e-05
tgtatcc	0.36792	0.16038	0.10377	0.36792	1	3.5474e-05
tgtatcg	0.19820	0.22523	0.18018	0.39640	1	3.7147e-05
tgtatct	0.23630	0.25342	0.17123	0.33904	1	9.7720e-05
tgtatga	0.35160	0.12329	0.18721	0.33790	1	7.3290e-05
tgtatgc	0.31677	0.18012	0.16770	0.33540	1	5.3880e-05
tgtatgg	0.22222	0.15432	0.32716	0.29630	1	5.4215e-05
tgtatgt	0.42547	0.09006	0.24845	0.23602	1	1.0776e-04
tgtatta	0.22271	0.22271	0.12009	0.43450	1	1.5327e-04
tgtattc	0.29431	0.18395	0.11706	0.40468	1	1.0006e-04
tgtattg	0.29119	0.18391	0.12644	0.39847	1	8.7346e-05
tgtattt	0.22176	0.17631	0.14876	0.45317	1	2.4296e-04
tgtcaaa	0.44904	0.12420	0.19108	0.23567	1	1.0508e-04
tgtcaac	0.40441	0.12500	0.22794	0.24265	1	4.5514e-05
tgtcaag	0.43333	0.17222	0.16667	0.22778	1	6.0238e-05
tgtcaat	0.29004	0.14719	0.19481	0.36797	1	7.7306e-05
tgtcaca	0.31551	0.15508	0.25668	0.27273	1	6.2581e-05
tgtcacc	0.30392	0.22549	0.12745	0.34314	1	3.4135e-05
tgtcacg	0.27368	0.16842	0.10526	0.45263	1	3.1793e-05
tgtcact	0.26699	0.14563	0.18932	0.39806	1	6.8940e-05
tgtcaga	0.38532	0.09174	0.24771	0.27523	1	3.6478e-05
tgtcagc	0.34000	0.25000	0.19000	0.22000	1	3.3466e-05
tgtcagg	0.23881	0.19403	0.32836	0.23881	1	2.2422e-05
tgtcagt	0.35185	0.13580	0.18519	0.32716	1	5.4215e-05
tgtcata	0.28571	0.23077	0.16484	0.31868	1	9.1362e-05
tgtcatc	0.31317	0.11032	0.35587	0.22064	1	9.4039e-05
tgtcatg	0.35606	0.22727	0.17424	0.24242	1	4.4175e-05
tgtcatt	0.22330	0.18770	0.16505	0.42395	1	1.0341e-04
tgtccaa	0.37594	0.13534	0.19549	0.29323	1	4.4510e-05
tgtccac	0.35366	0.15854	0.14634	0.34146	1	2.7442e-05
tgtccag	0.21667	0.23333	0.21667	0.33333	1	2.0079e-05
tgtccat	0.29365	0.22222	0.08730	0.39683	1	4.2167e-05
tgtccca	0.31507	0.28767	0.06849	0.32877	1	2.4430e-05
tgtcccc	0.21569	0.23529	0.19608	0.35294	1	1.7068e-05
tgtcccg	0.24324	0.13514	0.21622	0.40541	1	1.2382e-05
tgtccct	0.17949	0.20513	0.12821	0.48718	1	3.9155e-05
tgtccga	0.28302	0.07547	0.28302	0.35849	1	1.7737e-05
tgtccgc	0.35000	0.23333	0.13333	0.28333	1	2.0079e-05
tgtccgg	0.23529	0.11765	0.29412	0.35294	1	1.1378e-05
tgtccgt	0.37681	0.21739	0.13043	0.27536	1	2.3091e-05
tgtccta	0.23585	0.21698	0.16038	0.38679	1	3.5474e-05
tgtcctc	0.26087	0.20000	0.18261	0.35652	1	3.8486e-05
tgtcctg	0.15152	0.29293	0.22222	0.33333	1	3.3131e-05
tgtcctt	0.17188	0.18750	0.14844	0.49219	1	8.5672e-05
tgtcgaa	0.46154	0.13077	0.21538	0.19231	1	4.3506e-05
tgtcgac	0.54000	0.08000	0.18000	0.20000	1	1.6733e-05
tgtcgag	0.41071	0.10714	0.12500	0.35714	1	1.8741e-05
tgtcgat	0.26374	0.15385	0.26374	0.31868	1	3.0454e-05
tgtcgca	0.26829	0.20732	0.21951	0.30488	1	2.7442e-05
tgtcgcc	0.29167	0.23611	0.12500	0.34722	1	2.4095e-05
tgtcgcg	0.38636	0.31818	0.11364	0.18182	1	1.4725e-05
tgtcgct	0.35417	0.20833	0.11458	0.32292	1	3.2127e-05
tgtcgga	0.42857	0.07143	0.28571	0.21429	1	1.8741e-05
tgtcggc	0.27083	0.22917	0.25000	0.25000	1	1.6064e-05
tgtcggg	0.37143	0.20000	0.02857	0.40000	1	1.1713e-05
tgtcggt	0.30612	0.14286	0.26531	0.28571	1	1.6398e-05
tgtcgta	0.25882	0.25882	0.16471	0.31765	1	2.8446e-05
tgtcgtc	0.42697	0.07865	0.19101	0.30337	1	2.9785e-05
tgtcgtg	0.29762	0.19048	0.23810	0.27381	1	2.8111e-05
tgtcgtt	0.23757	0.19337	0.22652	0.34254	1	6.0573e-05
tgtctaa	0.37908	0.17647	0.09804	0.34641	1	5.1203e-05
tgtctac	0.32967	0.10989	0.17582	0.38462	1	3.0454e-05
tgtctag	0.32143	0.23810	0.14286	0.29762	1	2.8111e-05
tgtctat	0.26519	0.17680	0.07735	0.48066	1	6.0573e-05
tgtctca	0.29091	0.21818	0.18182	0.30909	1	5.5219e-05
tgtctcc	0.32353	0.19608	0.16667	0.31373	1	3.4135e-05
tgtctcg	0.30488	0.15854	0.25610	0.28049	1	2.7442e-05
tgtctct	0.24194	0.18817	0.16667	0.40323	1	6.2246e-05
tgtctga	0.28333	0.27500	0.21667	0.22500	1	4.0159e-05
tgtctgc	0.36364	0.13131	0.14141	0.36364	1	3.3131e-05
tgtctgg	0.29730	0.18919	0.28378	0.22973	1	2.4765e-05
tgtctgt	0.25325	0.26623	0.12338	0.35714	1	5.1537e-05
tgtctta	0.20918	0.22449	0.21429	0.35204	1	6.5593e-05
tgtcttc	0.26383	0.26809	0.15319	0.31489	1	7.8645e-05
tgtcttg	0.33654	0.21154	0.22596	0.22596	1	6.9609e-05
tgtcttt	0.17914	0.17687	0.17234	0.47166	1	1.4758e-04
tgtgaaa	0.38544	0.16173	0.19677	0.25606	1	1.2416e-04
tgtgaac	0.32283	0.18898	0.20472	0.28346	1	4.2502e-05
tgtgaag	0.34320	0.20118	0.16568	0.28994	1	5.6557e-05
tgtgaat	0.38605	0.12093	0.22326	0.26977	1	7.1951e-05
tgtgaca	0.28415	0.15847	0.21311	0.34426	1	6.1242e-05
tgtgacc	0.26087	0.20290	0.14493	0.39130	1	2.3091e-05
tgtgacg	0.28125	0.30469	0.17188	0.24219	1	4.2836e-05
tgtgact	0.33099	0.11972	0.19718	0.35211	1	4.7521e-05
tgtgaga	0.39706	0.16912	0.18382	0.25000	1	4.5514e-05
tgtgagc	0.32184	0.19540	0.20690	0.27586	1	2.9115e-05
tgtgagg	0.23377	0.28571	0.18182	0.29870	1	2.5769e-05
tgtgagt	0.35354	0.14141	0.26263	0.24242	1	3.3131e-05
tgtgata	0.32700	0.15589	0.16350	0.35361	1	8.8015e-05
tgtgatc	0.28846	0.16346	0.11538	0.43269	1	3.4804e-05
tgtgatg	0.30114	0.18182	0.19318	0.32386	1	5.8900e-05
tgtgatt	0.23715	0.18577	0.23320	0.34387	1	8.4669e-05
tgtgcaa	0.37853	0.16384	0.22034	0.23729	1	5.9234e-05
tgtgcac	0.33043	0.26957	0.18261	0.21739	1	3.8486e-05
tgtgcag	0.32258	0.20968	0.18548	0.28226	1	4.1498e-05
tgtgcat	0.26596	0.14362	0.13830	0.45213	1	6.2916e-05
tgtgcca	0.24138	0.20000	0.20690	0.35172	1	4.8525e-05
tgtgccc	0.26866	0.19403	0.19403	0.34328	1	2.2422e-05
tgtgccg	0.30000	0.24286	0.07143	0.38571	1	2.3426e-05
tgtgcct	0.25781	0.10156	0.23438	0.40625	1	4.2836e-05
tgtgcga	0.34524	0.16667	0.19048	0.29762	1	2.8111e-05
tgtgcgc	0.28378	0.24324	0.13514	0.33784	1	2.4765e-05
tgtgcgg	0.23077	0.29670	0.19780	0.27473	1	3.0454e-05
tgtgcgt	0.30645	0.12903	0.34677	0.21774	1	4.1498e-05
tgtgcta	0.29870	0.22078	0.18182	0.29870	1	5.1537e-05
tgtgctc	0.27344	0.20312	0.17188	0.35156	1	4.2836e-05
tgtgctg	0.28671	0.18182	0.16084	0.37063	1	4.7856e-05
tgtgctt	0.15789	0.21053	0.23482	0.39676	1	8.2661e-05
tgtggaa	0.50556	0.10000	0.21111	0.18333	1	6.0238e-05
tgtggac	0.32787	0.19672	0.18033	0.29508	1	2.0414e-05
tgtggag	0.33333	0.10000	0.24444	0.32222	1	3.0119e-05
tgtggat	0.21239	0.11504	0.25664	0.41593	1	3.7816e-05
tgtggca	0.34091	0.17424	0.16667	0.31818	1	4.4175e-05
tgtggcc	0.23810	0.09524	0.30159	0.36508	1	2.1083e-05
tgtggcg	0.29870	0.18182	0.24675	0.27273	1	2.5769e-05
tgtggct	0.22917	0.19444	0.22917	0.34722	1	4.8191e-05
tgtggga	0.46226	0.13208	0.15094	0.25472	1	3.5474e-05
tgtgggc	0.22414	0.17241	0.20690	0.39655	1	1.9410e-05
tgtgggg	0.32877	0.16438	0.23288	0.27397	1	2.4430e-05
tgtgggt	0.14815	0.11111	0.45370	0.28704	1	3.6143e-05
tgtggta	0.28788	0.16667	0.25758	0.28788	1	4.4175e-05
tgtggtc	0.29114	0.21519	0.25316	0.24051	1	2.6438e-05
tgtggtg	0.32031	0.17188	0.17188	0.33594	1	4.2836e-05
tgtggtt	0.25478	0.15287	0.22293	0.36943	1	5.2541e-05
tgtgtaa	0.37918	0.16357	0.15242	0.30483	1	9.0023e-05
tgtgtac	0.29091	0.16970	0.23636	0.30303	1	5.5219e-05
tgtgtag	0.53363	0.09417	0.11659	0.25561	1	7.4629e-05
tgtgtat	0.30636	0.16474	0.19942	0.32948	1	1.1579e-04
tgtgtca	0.25269	0.24194	0.15054	0.35484	1	6.2246e-05
tgtgtcc	0.25862	0.12069	0.17241	0.44828	1	1.9410e-05
tgtgtcg	0.23438	0.26562	0.15625	0.34375	1	2.1418e-05
tgtgtct	0.20423	0.19718	0.15493	0.44366	1	4.7521e-05
tgtgtga	0.39264	0.19632	0.19632	0.21472	1	5.4549e-05
tgtgtgc	0.29518	0.16867	0.19277	0.34337	1	5.5553e-05
tgtgtgg	0.20611	0.25954	0.32824	0.20611	1	4.3840e-05
tgtgtgt	0.25658	0.09868	0.42434	0.22039	1	1.0174e-04
tgtgtta	0.31651	0.22477	0.16514	0.29358	1	7.2955e-05
tgtgttc	0.30147	0.17647	0.14706	0.37500	1	4.5514e-05
tgtgttg	0.28571	0.20000	0.19048	0.32381	1	7.0278e-05
tgtgttt	0.19263	0.16431	0.19547	0.44759	1	1.1813e-04
tgttaaa	0.30254	0.19400	0.21709	0.28637	1	1.4491e-04
tgttaac	0.28037	0.14019	0.28972	0.28972	1	7.1617e-05
tgttaag	0.43191	0.17121	0.15953	0.23735	1	8.6007e-05
tgttaat	0.34853	0.16086	0.15818	0.33244	1	1.2483e-04
tgttaca	0.29787	0.16596	0.21702	0.31915	1	7.8645e-05
tgttacc	0.26991	0.48230	0.07522	0.17257	1	7.5633e-05
tgttacg	0.19863	0.19178	0.19863	0.41096	1	4.8860e-05
tgttact	0.27586	0.14107	0.17241	0.41066	1	1.0676e-04
tgttaga	0.46552	0.12069	0.20345	0.21034	1	9.7051e-05
tgttagc	0.30159	0.16667	0.20635	0.32540	1	4.2167e-05
tgttagg	0.31868	0.16484	0.23077	0.28571	1	3.0454e-05
tgttagt	0.26500	0.09500	0.21500	0.42500	1	6.6932e-05
tgttata	0.26353	0.14588	0.16471	0.42588	1	1.4223e-04
tgttatc	0.26407	0.20346	0.18615	0.34632	1	7.7306e-05
tgttatg	0.30151	0.17085	0.19598	0.33166	1	6.6597e-05
tgttatt	0.28546	0.19031	0.18671	0.33752	1	1.8640e-04
tgttcaa	0.32602	0.21317	0.18495	0.27586	1	1.0676e-04
tgttcac	0.30061	0.23926	0.15951	0.30061	1	5.4549e-05
tgttcag	0.22905	0.25140	0.26257	0.25698	1	5.9904e-05
tgttcat	0.28866	0.14433	0.17526	0.39175	1	9.7386e-05
tgttcca	0.27778	0.16667	0.20370	0.35185	1	5.4215e-05
tgttccc	0.24771	0.17431	0.13761	0.44037	1	3.6478e-05
tgttccg	0.28571	0.19388	0.21429	0.30612	1	3.2796e-05
tgttcct	0.20949	0.21739	0.20553	0.36759	1	8.4669e-05
tgttcga	0.38849	0.11511	0.25180	0.24460	1	4.6517e-05
tgttcgc	0.30263	0.15789	0.14474	0.39474	1	2.5434e-05
tgttcgg	0.29487	0.23077	0.20513	0.26923	1	2.6103e-05
tgttcgt	0.25532	0.12234	0.15957	0.46277	1	6.2916e-05
tgttcta	0.22358	0.21138	0.15447	0.41057	1	8.2326e-05
tgttctc	0.27347	0.17959	0.14286	0.40408	1	8.1991e-05
tgttctg	0.25238	0.23810	0.18095	0.32857	1	7.0278e-05
tgttctt	0.18478	0.20471	0.20652	0.40399	1	1.8473e-04
tgttgaa	0.44737	0.16316	0.20263	0.18684	1	1.2717e-04
tgttgac	0.39716	0.23404	0.11348	0.25532	1	4.7187e-05
tgttgag	0.35032	0.22930	0.16561	0.25478	1	5.2541e-05
tgttgat	0.41411	0.16258	0.20245	0.22086	1	1.0910e-04
tgttgca	0.32051	0.14957	0.17949	0.35043	1	7.8310e-05
tgttgcc	0.33333	0.19380	0.14729	0.32558	1	4.3171e-05
tgttgcg	0.27835	0.18557	0.23711	0.29897	1	3.2462e-05
tgttgct	0.20165	0.18519	0.23868	0.37449	1	8.1322e-05
tgttgga	0.70122	0.06707	0.09451	0.13720	1	1.0977e-04
tgttggc	0.30769	0.17483	0.11189	0.40559	1	4.7856e-05
tgttggg	0.54795	0.13014	0.14384	0.17808	1	4.8860e-05
tgttggt	0.33696	0.11957	0.20652	0.33696	1	6.1577e-05
tgttgta	0.27492	0.15710	0.16918	0.39879	1	1.1077e-04
tgttgtc	0.30058	0.22543	0.12717	0.34682	1	5.7896e-05
tgttgtg	0.25926	0.17460	0.20106	0.36508	1	6.3250e-05
tgttgtt	0.20683	0.19478	0.26707	0.33133	1	1.6666e-04
tgtttaa	0.34328	0.15920	0.16169	0.33582	1	1.3453e-04
tgtttac	0.34604	0.21408	0.15249	0.28739	1	1.1412e-04
tgtttag	0.21395	0.24186	0.20930	0.33488	1	7.1951e-05
tgtttat	0.34314	0.15033	0.15850	0.34804	1	2.0481e-04
tgtttca	0.32311	0.12500	0.18396	0.36792	1	1.4190e-04
tgtttcc	0.26429	0.22143	0.17500	0.33929	1	9.3704e-05
tgtttcg	0.29474	0.16316	0.19474	0.34737	1	6.3585e-05
tgtttct	0.16196	0.25047	0.16761	0.41996	1	1.7770e-04
tgtttga	0.35439	0.12982	0.17193	0.34386	1	9.5378e-05
tgtttgc	0.30159	0.20238	0.09127	0.40476	1	8.4334e-05
tgtttgg	0.25000	0.17000	0.25500	0.32500	1	6.6932e-05
tgtttgt	0.26425	0.13472	0.16321	0.43782	1	1.2918e-04
tgtttta	0.22706	0.19129	0.15552	0.42613	1	2.1519e-04
tgttttc	0.22496	0.21675	0.14286	0.41544	1	2.0381e-04
tgttttg	0.30233	0.20085	0.15856	0.33827	1	1.5829e-04
tgttttt	0.19648	0.21131	0.17516	0.41705	1	3.6110e-04
ttaaaaa	0.40143	0.15412	0.16935	0.27509	1	3.7348e-04
ttaaaac	0.37336	0.16157	0.17031	0.29476	1	1.5327e-04
ttaaaag	0.36250	0.18750	0.19062	0.25938	1	2.1418e-04
ttaaaat	0.37230	0.12325	0.18297	0.32147	1	2.6338e-04
ttaaaca	0.36195	0.13921	0.18561	0.31323	1	1.4424e-04
ttaaacc	0.31373	0.20098	0.19118	0.29412	1	6.8270e-05
ttaaacg	0.35981	0.21028	0.12617	0.30374	1	7.1617e-05
ttaaact	0.26741	0.14485	0.20613	0.38162	1	1.2014e-04
ttaaaga	0.37549	0.15810	0.21739	0.24901	1	1.6934e-04
ttaaagc	0.32468	0.17749	0.15584	0.34199	1	7.7306e-05
ttaaagg	0.28857	0.21429	0.26000	0.23714	1	1.1713e-04
ttaaagt	0.30233	0.13023	0.20465	0.36279	1	1.4390e-04
ttaaata	0.37772	0.15860	0.13923	0.32446	1	2.7643e-04
ttaaatc	0.34936	0.15705	0.17628	0.31731	1	1.0441e-04
ttaaatg	0.33333	0.20402	0.13793	0.32471	1	1.1646e-04
ttaaatt	0.29805	0.16938	0.14332	0.38925	1	2.0548e-04
ttaacaa	0.34335	0.15236	0.18026	0.32403	1	1.5595e-04
ttaacac	0.30412	0.35567	0.07216	0.26804	1	6.4924e-05
ttaacag	0.27519	0.22093	0.18605	0.31783	1	8.6342e-05
ttaacat	0.38481	0.15190	0.15696	0.30633	1	1.3219e-04
ttaacca	0.31500	0.18500	0.17500	0.32500	1	6.6932e-05
ttaaccc	0.42478	0.21239	0.07965	0.28319	1	3.7816e-05
ttaaccg	0.22000	0.33000	0.19000	0.26000	1	3.3466e-05
ttaacct	0.25688	0.19725	0.18807	0.35780	1	7.2955e-05
ttaacga	0.44215	0.16942	0.15289	0.23554	1	8.0987e-05
ttaacgc	0.29630	0.17778	0.17037	0.35556	1	4.5179e-05
ttaacgg	0.23214	0.26786	0.17857	0.32143	1	3.7482e-05
ttaacgt	0.29902	0.20098	0.13725	0.36275	1	6.8270e-05
ttaacta	0.36755	0.18874	0.14238	0.30132	1	1.0107e-04
ttaactc	0.31609	0.18391	0.11494	0.38506	1	5.8231e-05
ttaactg	0.33831	0.20896	0.14428	0.30846	1	6.7266e-05
ttaactt	0.22837	0.20913	0.18510	0.37740	1	1.3922e-04
ttaagaa	0.47348	0.14931	0.17289	0.20432	1	1.7034e-04
ttaagac	0.38994	0.15723	0.19497	0.25786	1	5.3211e-05
ttaagag	0.39149	0.20000	0.19149	0.21702	1	7.8645e-05
ttaagat	0.30343	0.11873	0.28232	0.29551	1	1.2684e-04
ttaagca	0.33969	0.21374	0.16412	0.28244	1	8.7680e-05
ttaagcc	0.26087	0.24348	0.15652	0.33913	1	3.8486e-05
ttaagcg	0.25472	0.23585	0.19811	0.31132	1	3.5474e-05
ttaagct	0.26699	0.18447	0.15534	0.39320	1	6.8940e-05
ttaagga	0.48221	0.14229	0.19368	0.18182	1	8.4669e-05
ttaaggc	0.30657	0.17518	0.18978	0.32847	1	4.5848e-05
ttaaggg	0.36190	0.21905	0.19524	0.22381	1	7.0278e-05
ttaaggt	0.30594	0.14155	0.22831	0.32420	1	7.3290e-05
ttaagta	0.33943	0.17232	0.21671	0.27154	1	1.2817e-04
ttaagtc	0.30952	0.23810	0.11905	0.33333	1	4.2167e-05
ttaagtg	0.28870	0.21339	0.19247	0.30544	1	7.9983e-05
ttaagtt	0.28255	0.18283	0.18006	0.35457	1	1.2081e-04
ttaataa	0.36095	0.11598	0.13846	0.38462	1	2.8279e-04
ttaatac	0.34056	0.13932	0.16099	0.35913	1	1.0809e-04
ttaatag	0.27019	0.20807	0.14907	0.37267	1	1.0776e-04
ttaatat	0.34979	0.13235	0.12185	0.39601	1	3.1859e-04
ttaatca	0.31172	0.23940	0.17706	0.27182	1	1.3420e-04
ttaatcc	0.24490	0.17687	0.19728	0.38095	1	4.9195e-05
ttaatcg	0.32335	0.19760	0.16168	0.31737	1	5.5888e-05
ttaatct	0.21574	0.17201	0.18950	0.42274	1	1.1479e-04
ttaatga	0.39494	0.16203	0.13671	0.30633	1	1.3219e-04
ttaatgc	0.29778	0.20000	0.16444	0.33778	1	7.5298e-05
ttaatgg	0.37895	0.19474	0.16842	0.25789	1	6.3585e-05
ttaatgt	0.26586	0.17825	0.19335	0.36254	1	1.1077e-04
ttaatta	0.32973	0.15135	0.13108	0.38784	1	2.4765e-04
ttaattc	0.35833	0.17222	0.12222	0.34722	1	1.2048e-04
ttaattg	0.37310	0.16751	0.14467	0.31472	1	1.3186e-04
ttaattt	0.20701	0.20064	0.13163	0.46072	1	3.1525e-04
ttacaaa	0.41494	0.15975	0.15768	0.26763	1	1.6131e-04
ttacaac	0.38158	0.16667	0.13158	0.32018	1	7.6302e-05
ttacaag	0.39483	0.18819	0.14760	0.26937	1	9.0692e-05
ttacaat	0.34406	0.14851	0.14851	0.35891	1	1.3520e-04
ttacaca	0.34532	0.17986	0.23022	0.24460	1	9.3035e-05
ttacacc	0.29586	0.21893	0.18343	0.30178	1	5.6557e-05
ttacacg	0.36697	0.23853	0.13761	0.25688	1	3.6478e-05
ttacact	0.28512	0.15702	0.20661	0.35124	1	8.0987e-05
ttacaga	0.43103	0.12931	0.14655	0.29310	1	7.7641e-05
ttacagc	0.34104	0.20809	0.16763	0.28324	1	5.7896e-05
ttacagg	0.32692	0.18590	0.17949	0.30769	1	5.2207e-05
ttacagt	0.30108	0.14337	0.18638	0.36918	1	9.3370e-05
ttacata	0.31142	0.18685	0.15052	0.35121	1	1.9343e-04
ttacatc	0.40925	0.17794	0.13879	0.27402	1	9.4039e-05
ttacatg	0.32524	0.17961	0.18932	0.30583	1	6.8940e-05
ttacatt	0.39932	0.14552	0.13536	0.31980	1	1.9778e-04
ttaccaa	0.32727	0.16061	0.19394	0.31818	1	1.1044e-04
ttaccac	0.27419	0.24731	0.17742	0.30108	1	6.2246e-05
ttaccag	0.23649	0.22297	0.18243	0.35811	1	4.9529e-05
ttaccat	0.28782	0.18819	0.15498	0.36900	1	9.0692e-05
ttaccca	0.29121	0.18681	0.21429	0.30769	1	6.0908e-05
ttacccc	0.38525	0.13934	0.20492	0.27049	1	4.0828e-05
ttacccg	0.22572	0.24409	0.34121	0.18898	1	1.2750e-04
ttaccct	0.26351	0.22297	0.22635	0.28716	1	9.9059e-05
ttaccga	0.30252	0.20168	0.20168	0.29412	1	3.9824e-05
ttaccgc	0.34259	0.26852	0.10185	0.28704	1	3.6143e-05
ttaccgg	0.28571	0.27143	0.17143	0.27143	1	2.3426e-05
ttaccgt	0.24096	0.17470	0.15663	0.42771	1	5.5553e-05
ttaccta	0.30317	0.17647	0.15385	0.36652	1	7.3959e-05
ttacctc	0.29255	0.19681	0.11702	0.39362	1	6.2916e-05
ttacctg	0.27049	0.22951	0.18033	0.31967	1	4.0828e-05
ttacctt	0.19774	0.17797	0.15819	0.46610	1	1.1847e-04
ttacgaa	0.43269	0.17788	0.19231	0.19712	1	6.9609e-05
ttacgac	0.26744	0.18605	0.23256	0.31395	1	2.8781e-05
ttacgag	0.29412	0.30392	0.19608	0.20588	1	3.4135e-05
ttacgat	0.24762	0.15714	0.10952	0.48571	1	7.0278e-05
ttacgca	0.27564	0.21795	0.19872	0.30769	1	5.2207e-05
ttacgcc	0.32353	0.20588	0.16176	0.30882	1	2.2757e-05
ttacgcg	0.21569	0.20588	0.15686	0.42157	1	3.4135e-05
ttacgct	0.25658	0.16447	0.21711	0.36184	1	5.0868e-05
ttacgga	0.36000	0.19200	0.16000	0.28800	1	4.1832e-05
ttacggc	0.38679	0.10377	0.19811	0.31132	1	3.5474e-05
ttacggg	0.23913	0.33696	0.15217	0.27174	1	3.0789e-05
ttacggt	0.28906	0.10938	0.25000	0.35156	1	4.2836e-05
ttacgta	0.32997	0.20202	0.13131	0.33670	1	9.9393e-05
ttacgtc	0.30556	0.14815	0.18519	0.36111	1	3.6143e-05
ttacgtg	0.26400	0.20800	0.16800	0.36000	1	4.1832e-05
ttacgtt	0.39752	0.13975	0.15839	0.30435	1	1.0776e-04
ttactaa	0.34813	0.12850	0.18692	0.33645	1	1.4323e-04
ttactac	0.28720	0.16609	0.13841	0.40830	1	9.6716e-05
ttactag	0.18794	0.18085	0.12411	0.50709	1	9.4374e-05
ttactat	0.25693	0.20333	0.11645	0.42329	1	1.8105e-04
ttactca	0.32234	0.17216	0.14652	0.35897	1	9.1362e-05
ttactcc	0.32500	0.18125	0.10000	0.39375	1	5.3545e-05
ttactcg	0.31579	0.28571	0.10526	0.29323	1	4.4510e-05
ttactct	0.23263	0.21148	0.12387	0.43202	1	1.1077e-04
ttactga	0.36177	0.17065	0.15017	0.31741	1	9.8055e-05
ttactgc	0.28889	0.20889	0.14667	0.35556	1	7.5298e-05
ttactgg	0.28994	0.27219	0.14201	0.29586	1	5.6557e-05
ttactgt	0.30000	0.19062	0.14688	0.36250	1	1.0709e-04
ttactta	0.28873	0.20657	0.11972	0.38498	1	1.4256e-04
ttacttc	0.30269	0.20852	0.13453	0.35426	1	1.4926e-04
ttacttg	0.30573	0.20064	0.19427	0.29936	1	1.0508e-04
ttacttt	0.22410	0.20241	0.13253	0.44096	1	2.7777e-04
ttagaaa	0.44124	0.14845	0.18557	0.22474	1	1.6231e-04
ttagaac	0.28962	0.16393	0.19672	0.34973	1	6.1242e-05
ttagaag	0.51389	0.15556	0.13056	0.20000	1	1.2048e-04
ttagaat	0.35938	0.16250	0.16875	0.30938	1	1.0709e-04
ttagaca	0.39161	0.20979	0.15385	0.24476	1	4.7856e-05
ttagacc	0.33333	0.24242	0.21212	0.21212	1	2.2087e-05
ttagacg	0.30108	0.25806	0.19355	0.24731	1	3.1123e-05
ttagact	0.25954	0.10687	0.25191	0.38168	1	4.3840e-05
ttagaga	0.41509	0.17925	0.16509	0.24057	1	7.0948e-05
ttagagc	0.36667	0.17500	0.12500	0.33333	1	4.0159e-05
ttagagg	0.52020	0.15657	0.12121	0.20202	1	6.6262e-05
ttagagt	0.25309	0.16049	0.20988	0.37654	1	5.4215e-05
ttagata	0.34114	0.15385	0.18395	0.32107	1	1.0006e-04
ttagatc	0.28395	0.24074	0.20988	0.26543	1	5.4215e-05
ttagatg	0.49160	0.13866	0.16387	0.20588	1	7.9649e-05
ttagatt	0.26690	0.16726	0.22776	0.33808	1	9.4039e-05
ttagcaa	0.36482	0.17264	0.19544	0.26710	1	1.0274e-04
ttagcac	0.32075	0.18868	0.16352	0.32704	1	5.3211e-05
ttagcag	0.32584	0.23596	0.12921	0.30899	1	5.9569e-05
ttagcat	0.33466	0.16733	0.13147	0.36653	1	8.3999e-05
ttagcca	0.31783	0.24806	0.16279	0.27132	1	4.3171e-05
ttagccc	0.33333	0.15385	0.15385	0.35897	1	2.6103e-05
ttagccg	0.11111	0.61905	0.07937	0.19048	1	4.2167e-05
ttagcct	0.21805	0.21053	0.12782	0.44361	1	4.4510e-05
ttagcga	0.33333	0.12500	0.17361	0.36806	1	4.8191e-05
ttagcgc	0.35922	0.23301	0.12621	0.28155	1	3.4470e-05
ttagcgg	0.28037	0.20561	0.19626	0.31776	1	3.5808e-05
ttagcgt	0.26400	0.12800	0.20000	0.40800	1	4.1832e-05
ttagcta	0.33880	0.19126	0.16940	0.30055	1	6.1242e-05
ttagctc	0.38571	0.09286	0.15714	0.36429	1	4.6852e-05
ttagctg	0.24818	0.25547	0.16788	0.32847	1	4.5848e-05
ttagctt	0.23279	0.20000	0.21311	0.35410	1	1.0207e-04
ttaggaa	0.42907	0.12803	0.20069	0.24221	1	9.6716e-05
ttaggac	0.33028	0.19266	0.13761	0.33945	1	3.6478e-05
ttaggag	0.25243	0.27184	0.26214	0.21359	1	3.4470e-05
ttaggat	0.34158	0.14851	0.17327	0.33663	1	6.7601e-05
ttaggca	0.33065	0.20161	0.22581	0.24194	1	4.1498e-05
ttaggcc	0.39189	0.09459	0.20270	0.31081	1	2.4765e-05
ttaggcg	0.41176	0.20000	0.21176	0.17647	1	2.8446e-05
ttaggct	0.19444	0.25926	0.20370	0.34259	1	3.6143e-05
ttaggga	0.48413	0.09524	0.15873	0.26190	1	4.2167e-05
ttagggc	0.36471	0.14118	0.14118	0.35294	1	2.8446e-05
ttagggg	0.48837	0.13953	0.19767	0.17442	1	2.8781e-05
ttagggt	0.29851	0.11940	0.17910	0.40299	1	4.4844e-05
ttaggta	0.30303	0.11688	0.13853	0.44156	1	7.7306e-05
ttaggtc	0.39130	0.10145	0.18841	0.31884	1	2.3091e-05
ttaggtg	0.44348	0.20000	0.11304	0.24348	1	3.8486e-05
ttaggtt	0.28505	0.12150	0.13551	0.45794	1	7.1617e-05
ttagtaa	0.34217	0.14940	0.17831	0.33012	1	1.3888e-04
ttagtac	0.28351	0.15464	0.19072	0.37113	1	6.4924e-05
ttagtag	0.30986	0.21479	0.15141	0.32394	1	9.5043e-05
ttagtat	0.28571	0.14509	0.25446	0.31473	1	1.4993e-04
ttagtca	0.26562	0.16667	0.18750	0.38021	1	6.4254e-05
ttagtcc	0.29703	0.16832	0.09901	0.43564	1	3.3800e-05
ttagtcg	0.34146	0.17073	0.13415	0.35366	1	2.7442e-05
ttagtct	0.17333	0.27333	0.17333	0.38000	1	5.0199e-05
ttagtga	0.31298	0.17176	0.18702	0.32824	1	8.7680e-05
ttagtgc	0.35862	0.20690	0.13793	0.29655	1	4.8525e-05
ttagtgg	0.53403	0.13089	0.12565	0.20942	1	6.3920e-05
ttagtgt	0.33333	0.15612	0.19831	0.31224	1	7.9314e-05
ttagtta	0.34063	0.16562	0.20625	0.28750	1	1.0709e-04
ttagttc	0.32456	0.14912	0.19737	0.32895	1	7.6302e-05
ttagttg	0.42759	0.12069	0.15517	0.29655	1	9.7051e-05
ttagttt	0.21925	0.18538	0.15686	0.43850	1	1.8774e-04
ttataaa	0.38496	0.15819	0.15487	0.30199	1	3.0253e-04
ttataac	0.32105	0.17895	0.18158	0.31842	1	1.2717e-04
ttataag	0.29870	0.18961	0.22857	0.28312	1	1.2884e-04
ttataat	0.41029	0.12798	0.14178	0.31995	1	2.6672e-04
ttataca	0.29890	0.18901	0.18022	0.33187	1	1.5227e-04
ttatacc	0.32743	0.18142	0.14602	0.34513	1	7.5633e-05
ttatacg	0.30986	0.21127	0.15962	0.31925	1	7.1282e-05
ttatact	0.31140	0.14254	0.17105	0.37500	1	1.5260e-04
ttataga	0.47468	0.11603	0.16456	0.24473	1	1.5863e-04
ttatagc	0.26016	0.42276	0.10840	0.20867	1	1.2349e-04
ttatagg	0.35000	0.20000	0.21111	0.23889	1	6.0238e-05
ttatagt	0.29114	0.15190	0.23038	0.32658	1	1.3219e-04
ttatata	0.31550	0.14243	0.10697	0.43510	1	5.5687e-04
ttatatc	0.39326	0.12584	0.14157	0.33933	1	1.4892e-04
ttatatg	0.22892	0.18474	0.14859	0.43775	1	1.6666e-04
ttatatt	0.33746	0.14604	0.15677	0.35974	1	4.0561e-04
ttatcaa	0.26848	0.24903	0.12581	0.35668	1	2.5802e-04
ttatcac	0.29412	0.18885	0.18576	0.33127	1	1.0809e-04
ttatcag	0.30709	0.25197	0.19291	0.24803	1	8.5003e-05
ttatcat	0.41727	0.21871	0.09928	0.26475	1	2.3259e-04
ttatcca	0.36134	0.13025	0.19328	0.31513	1	7.9649e-05
ttatccc	0.28662	0.19108	0.14650	0.37580	1	5.2541e-05
ttatccg	0.28099	0.23967	0.20661	0.27273	1	4.0494e-05
ttatcct	0.35362	0.17101	0.10145	0.37391	1	1.1546e-04
ttatcga	0.33188	0.13974	0.18341	0.34498	1	7.6637e-05
ttatcgc	0.28144	0.19760	0.17964	0.34132	1	5.5888e-05
ttatcgg	0.26667	0.20000	0.16190	0.37143	1	3.5139e-05
ttatcgt	0.23404	0.17447	0.20851	0.38298	1	7.8645e-05
ttatcta	0.28455	0.20054	0.14092	0.37398	1	1.2349e-04
ttatctc	0.39542	0.17192	0.10602	0.32665	1	1.1680e-04
ttatctg	0.23529	0.27451	0.16078	0.32941	1	8.5338e-05
ttatctt	0.26100	0.21548	0.16692	0.35660	1	2.2054e-04
ttatgaa	0.39430	0.15677	0.23278	0.21615	1	1.4089e-04
ttatgac	0.36898	0.21390	0.16043	0.25668	1	6.2581e-05
ttatgag	0.53704	0.15741	0.13426	0.17130	1	7.2286e-05
ttatgat	0.35380	0.16374	0.17251	0.30994	1	1.1445e-04
ttatgca	0.31765	0.16471	0.18824	0.32941	1	8.5338e-05
ttatgcc	0.36486	0.14865	0.16892	0.31757	1	4.9529e-05
ttatgcg	0.28440	0.17431	0.24771	0.29358	1	3.6478e-05
ttatgct	0.29915	0.15812	0.12821	0.41453	1	7.8310e-05
ttatgga	0.30435	0.09130	0.15652	0.44783	1	7.6971e-05
ttatggc	0.34559	0.19118	0.16176	0.30147	1	4.5514e-05
ttatggg	0.16031	0.19084	0.17557	0.47328	1	4.3840e-05
ttatggt	0.35204	0.09694	0.22449	0.32653	1	6.5593e-05
ttatgta	0.27878	0.17266	0.16906	0.37950	1	1.8607e-04
ttatgtc	0.49425	0.15709	0.11494	0.23372	1	8.7346e-05
ttatgtg	0.30417	0.17917	0.13750	0.37917	1	8.0318e-05
ttatgtt	0.27103	0.17523	0.18458	0.36916	1	1.4323e-04
ttattaa	0.32045	0.16584	0.13965	0.37406	1	2.6840e-04
ttattac	0.30233	0.27013	0.12522	0.30233	1	1.8707e-04
ttattag	0.24251	0.17439	0.18256	0.40054	1	1.2282e-04
ttattat	0.25020	0.16078	0.11843	0.47059	1	4.2669e-04
ttattca	0.32327	0.19893	0.13677	0.34103	1	1.8841e-04
ttattcc	0.34188	0.12607	0.13248	0.39957	1	1.5662e-04
ttattcg	0.25899	0.20504	0.23022	0.30576	1	9.3035e-05
ttattct	0.20414	0.21379	0.14345	0.43862	1	2.4263e-04
ttattga	0.36214	0.15226	0.18313	0.30247	1	1.6264e-04
ttattgc	0.28856	0.23134	0.14925	0.33085	1	1.3453e-04
ttattgg	0.20906	0.21254	0.21254	0.36585	1	9.6047e-05
ttattgt	0.24884	0.17156	0.14065	0.43895	1	2.1652e-04
ttattta	0.24647	0.15187	0.14938	0.45228	1	4.0326e-04
ttatttc	0.28152	0.22889	0.10526	0.38433	1	2.7342e-04
ttatttg	0.31424	0.21181	0.15451	0.31944	1	1.9276e-04
ttatttt	0.21422	0.16584	0.12734	0.49260	1	6.7802e-04
ttcaaaa	0.38167	0.16473	0.17749	0.27610	1	2.8848e-04
ttcaaac	0.32738	0.16964	0.20833	0.29464	1	1.1245e-04
ttcaaag	0.30455	0.20909	0.20227	0.28409	1	1.4725e-04
ttcaaat	0.30442	0.15548	0.16858	0.37152	1	2.0448e-04
ttcaaca	0.42013	0.15536	0.20788	0.21663	1	1.5294e-04
ttcaacc	0.33962	0.17925	0.16981	0.31132	1	7.0948e-05
ttcaacg	0.33333	0.20988	0.17284	0.28395	1	5.4215e-05
ttcaact	0.28029	0.14014	0.22328	0.35629	1	1.4089e-04
ttcaaga	0.38222	0.11111	0.22667	0.28000	1	1.5060e-04
ttcaagc	0.32035	0.18615	0.21645	0.27706	1	7.7306e-05
ttcaagg	0.30952	0.19048	0.23016	0.26984	1	8.4334e-05
ttcaagt	0.29581	0.15183	0.17277	0.37958	1	1.2784e-04
ttcaata	0.32969	0.15781	0.17656	0.33594	1	2.1418e-04
ttcaatc	0.30742	0.19435	0.14488	0.35336	1	9.4708e-05
ttcaatg	0.32174	0.17971	0.20000	0.29855	1	1.1546e-04
ttcaatt	0.24373	0.16713	0.21031	0.37883	1	2.4028e-04
ttcacaa	0.31908	0.16118	0.18750	0.33224	1	1.0174e-04
ttcacac	0.37097	0.19892	0.14516	0.28495	1	6.2246e-05
ttcacag	0.29897	0.19072	0.18557	0.32474	1	6.4924e-05
ttcacat	0.36721	0.16066	0.12459	0.34754	1	1.0207e-04
ttcacca	0.37354	0.23346	0.13619	0.25681	1	8.6007e-05
ttcaccc	0.44379	0.16568	0.11834	0.27219	1	5.6557e-05
ttcaccg	0.16667	0.28947	0.17544	0.36842	1	3.8151e-05
ttcacct	0.19305	0.22008	0.16216	0.42471	1	8.6676e-05
ttcacga	0.43624	0.18121	0.10738	0.27517	1	4.9864e-05
ttcacgc	0.31731	0.18269	0.20192	0.29808	1	3.4804e-05
ttcacgg	0.37864	0.18447	0.15534	0.28155	1	3.4470e-05
ttcacgt	0.26590	0.12139	0.27168	0.34104	1	5.7896e-05
ttcacta	0.29861	0.17708	0.15625	0.36806	1	9.6382e-05
ttcactc	0.31933	0.18908	0.15546	0.33613	1	7.9649e-05
ttcactg	0.32083	0.25000	0.15417	0.27500	1	8.0318e-05
ttcactt	0.17383	0.22991	0.13271	0.46355	1	1.7904e-04
ttcagaa	0.44792	0.14844	0.18229	0.22135	1	1.2851e-04
ttcagac	0.27200	0.19200	0.20800	0.32800	1	4.1832e-05
ttcagag	0.37419	0.12258	0.26452	0.23871	1	5.1872e-05
ttcagat	0.30337	0.19101	0.19476	0.31086	1	8.9354e-05
ttcagca	0.28516	0.18359	0.19922	0.33203	1	8.5672e-05
ttcagcc	0.33333	0.20741	0.15556	0.30370	1	4.5179e-05
ttcagcg	0.27642	0.26016	0.21138	0.25203	1	4.1163e-05
ttcagct	0.24528	0.13208	0.12893	0.49371	1	1.0642e-04
ttcagga	0.43478	0.13587	0.17935	0.25000	1	6.1577e-05
ttcaggc	0.50000	0.14615	0.15385	0.20000	1	4.3506e-05
ttcaggg	0.24812	0.20301	0.25564	0.29323	1	4.4510e-05
ttcaggt	0.36054	0.13605	0.15646	0.34694	1	4.9195e-05
ttcagta	0.30201	0.17785	0.15436	0.36577	1	9.9728e-05
ttcagtc	0.38686	0.15328	0.16058	0.29927	1	4.5848e-05
ttcagtg	0.35714	0.16837	0.21429	0.26020	1	6.5593e-05
ttcagtt	0.23844	0.16788	0.18491	0.40876	1	1.3754e-04
ttcataa	0.36232	0.15580	0.14493	0.33696	1	1.8473e-04
ttcatac	0.36398	0.18008	0.11877	0.33716	1	8.7346e-05
ttcatag	0.30677	0.23108	0.13147	0.33068	1	8.3999e-05
ttcatat	0.33179	0.14352	0.17284	0.35185	1	2.1686e-04
ttcatca	0.33420	0.21671	0.12010	0.32898	1	1.2817e-04
ttcatcc	0.21951	0.18049	0.19512	0.40488	1	6.8605e-05
ttcatcg	0.30732	0.25366	0.17073	0.26829	1	6.8605e-05
ttcatct	0.22333	0.26551	0.13151	0.37965	1	1.3487e-04
ttcatga	0.38683	0.13169	0.17695	0.30453	1	8.1322e-05
ttcatgc	0.39181	0.18713	0.11111	0.30994	1	5.7227e-05
ttcatgg	0.29496	0.22302	0.17986	0.30216	1	4.6517e-05
ttcatgt	0.29268	0.18293	0.13415	0.39024	1	1.0977e-04
ttcatta	0.29538	0.21846	0.10615	0.38000	1	2.1753e-04
ttcattc	0.31221	0.17606	0.16197	0.34977	1	1.4256e-04
ttcattg	0.36058	0.21875	0.11538	0.30529	1	1.3922e-04
ttcattt	0.21123	0.22455	0.13321	0.43102	1	3.5173e-04
ttccaaa	0.37705	0.17760	0.18033	0.26503	1	1.2248e-04
ttccaac	0.59748	0.09434	0.13208	0.17610	1	1.0642e-04
ttccaag	0.39631	0.16129	0.17051	0.27189	1	7.2621e-05
ttccaat	0.33540	0.17702	0.16770	0.31988	1	1.0776e-04
ttccaca	0.28079	0.19704	0.18227	0.33990	1	6.7936e-05
ttccacc	0.31522	0.15761	0.14674	0.38043	1	6.1577e-05
ttccacg	0.17391	0.23188	0.27536	0.31884	1	4.6183e-05
ttccact	0.31353	0.15182	0.17822	0.35644	1	1.0140e-04
ttccaga	0.39904	0.09615	0.18269	0.32212	1	6.9609e-05
ttccagc	0.32051	0.19231	0.17308	0.31410	1	5.2207e-05
ttccagg	0.36364	0.18182	0.19008	0.26446	1	4.0494e-05
ttccagt	0.29703	0.13861	0.17822	0.38614	1	6.7601e-05
ttccata	0.31230	0.18927	0.13880	0.35962	1	1.0609e-04
ttccatc	0.35217	0.21739	0.13913	0.29130	1	7.6971e-05
ttccatg	0.30178	0.26627	0.20710	0.22485	1	5.6557e-05
ttccatt	0.24154	0.12000	0.20462	0.43385	1	2.1753e-04
ttcccaa	0.35426	0.14798	0.17489	0.32287	1	7.4629e-05
ttcccac	0.39521	0.20359	0.16766	0.23353	1	5.5888e-05
ttcccag	0.26772	0.20472	0.18898	0.33858	1	4.2502e-05
ttcccat	0.23301	0.23301	0.13107	0.40291	1	6.8940e-05
ttcccca	0.24161	0.27517	0.16107	0.32215	1	4.9864e-05
ttccccc	0.33333	0.20455	0.14394	0.31818	1	4.4175e-05
ttccccg	0.21687	0.24096	0.18072	0.36145	1	2.7777e-05
ttcccct	0.18502	0.27313	0.13216	0.40969	1	7.5967e-05
ttcccga	0.30488	0.08537	0.23171	0.37805	1	2.7442e-05
ttcccgc	0.22018	0.28440	0.08257	0.41284	1	3.6478e-05
ttcccgg	0.26984	0.25397	0.25397	0.22222	1	2.1083e-05
ttcccgt	0.24800	0.23200	0.12800	0.39200	1	4.1832e-05
ttcccta	0.30583	0.19903	0.21359	0.28155	1	6.8940e-05
ttccctc	0.27511	0.19214	0.13974	0.39301	1	7.6637e-05
ttccctg	0.24706	0.24118	0.15882	0.35294	1	5.6892e-05
ttccctt	0.13977	0.20300	0.11148	0.54576	1	2.0113e-04
ttccgaa	0.42515	0.10180	0.20359	0.26946	1	5.5888e-05
ttccgac	0.32895	0.10526	0.25000	0.31579	1	2.5434e-05
ttccgag	0.38889	0.22222	0.12963	0.25926	1	3.6143e-05
ttccgat	0.28777	0.12950	0.26619	0.31655	1	4.6517e-05
ttccgca	0.24528	0.22642	0.20126	0.32704	1	5.3211e-05
ttccgcc	0.36283	0.19469	0.18584	0.25664	1	3.7816e-05
ttccgcg	0.10619	0.30088	0.44248	0.15044	1	3.7816e-05
ttccgct	0.18750	0.19318	0.25000	0.36932	1	5.8900e-05
ttccgga	0.39175	0.17526	0.22680	0.20619	1	3.2462e-05
ttccggc	0.33333	0.24510	0.20588	0.21569	1	3.4135e-05
ttccggg	0.24038	0.11538	0.26923	0.37500	1	3.4804e-05
ttccggt	0.36082	0.14433	0.19588	0.29897	1	3.2462e-05
ttccgta	0.28402	0.24260	0.17160	0.30178	1	5.6557e-05
ttccgtc	0.25664	0.18584	0.16814	0.38938	1	3.7816e-05
ttccgtg	0.26531	0.21769	0.22449	0.29252	1	4.9195e-05
ttccgtt	0.16088	0.17350	0.15142	0.51420	1	1.0609e-04
ttcctaa	0.50000	0.14550	0.09259	0.26190	1	1.2650e-04
ttcctac	0.31280	0.17062	0.16588	0.35071	1	7.0613e-05
ttcctag	0.31852	0.27407	0.17778	0.22963	1	4.5179e-05
ttcctat	0.37198	0.13768	0.08696	0.40338	1	1.3855e-04
ttcctca	0.29195	0.14094	0.12752	0.43960	1	9.9728e-05
ttcctcc	0.26042	0.24479	0.12500	0.36979	1	6.4254e-05
ttcctcg	0.43919	0.13514	0.10811	0.31757	1	4.9529e-05
ttcctct	0.26767	0.18844	0.11991	0.42398	1	1.5629e-04
ttcctga	0.40000	0.19444	0.12222	0.28333	1	6.0238e-05
ttcctgc	0.31220	0.17561	0.19512	0.31707	1	6.8605e-05
ttcctgg	0.26619	0.22302	0.17986	0.33094	1	4.6517e-05
ttcctgt	0.25574	0.15738	0.20000	0.38689	1	1.0207e-04
ttcctta	0.24694	0.23227	0.14425	0.37653	1	1.3688e-04
ttccttc	0.22954	0.24152	0.10778	0.42116	1	1.6766e-04
ttccttg	0.18361	0.24918	0.17377	0.39344	1	1.0207e-04
ttccttt	0.18750	0.20956	0.11397	0.48897	1	3.6411e-04
ttcgaaa	0.41389	0.20278	0.16111	0.22222	1	1.2048e-04
ttcgaac	0.37736	0.18868	0.15723	0.27673	1	5.3211e-05
ttcgaag	0.39819	0.23982	0.13575	0.22624	1	7.3959e-05
ttcgaat	0.36111	0.15741	0.18056	0.30093	1	7.2286e-05
ttcgaca	0.34234	0.21622	0.14414	0.29730	1	3.7147e-05
ttcgacc	0.18571	0.25714	0.18571	0.37143	1	2.3426e-05
ttcgacg	0.30000	0.24444	0.17778	0.27778	1	3.0119e-05
ttcgact	0.25893	0.18750	0.18750	0.36607	1	3.7482e-05
ttcgaga	0.42570	0.08835	0.21285	0.27309	1	8.3330e-05
ttcgagc	0.39815	0.14815	0.13889	0.31481	1	3.6143e-05
ttcgagg	0.45528	0.21138	0.13821	0.19512	1	4.1163e-05
ttcgagt	0.24800	0.18400	0.24800	0.32000	1	4.1832e-05
ttcgata	0.33484	0.14480	0.18100	0.33937	1	7.3959e-05
ttcgatc	0.39286	0.14286	0.16964	0.29464	1	3.7482e-05
ttcgatg	0.46701	0.17259	0.15228	0.20812	1	6.5928e-05
ttcgatt	0.20853	0.17062	0.18483	0.43602	1	7.0613e-05
ttcgcaa	0.31250	0.16875	0.15000	0.36875	1	5.3545e-05
ttcgcac	0.37624	0.25743	0.18812	0.17822	1	3.3800e-05
ttcgcag	0.18182	0.20000	0.22727	0.39091	1	3.6812e-05
ttcgcat	0.27374	0.20112	0.12291	0.40223	1	5.9904e-05
ttcgcca	0.40000	0.24762	0.12381	0.22857	1	3.5139e-05
ttcgccc	0.29577	0.16901	0.22535	0.30986	1	2.3761e-05
ttcgccg	0.30488	0.31707	0.17073	0.20732	1	2.7442e-05
ttcgcct	0.15267	0.18321	0.19847	0.46565	1	4.3840e-05
ttcgcga	0.37143	0.11429	0.19048	0.32381	1	3.5139e-05
ttcgcgc	0.32099	0.17284	0.23457	0.27160	1	2.7107e-05
ttcgcgg	0.34146	0.30488	0.12195	0.23171	1	2.7442e-05
ttcgcgt	0.17730	0.24823	0.13475	0.43972	1	4.7187e-05
ttcgcta	0.37956	0.19708	0.14599	0.27737	1	4.5848e-05
ttcgctc	0.24800	0.11200	0.16800	0.47200	1	4.1832e-05
ttcgctg	0.28037	0.35514	0.14019	0.22430	1	3.5808e-05
ttcgctt	0.18182	0.20949	0.16996	0.43874	1	8.4669e-05
ttcggaa	0.46512	0.18023	0.21512	0.13953	1	5.7561e-05
ttcggac	0.26471	0.23529	0.20588	0.29412	1	2.2757e-05
ttcggag	0.32979	0.21277	0.15957	0.29787	1	3.1458e-05
ttcggat	0.29323	0.20301	0.21053	0.29323	1	4.4510e-05
ttcggca	0.25773	0.14433	0.27835	0.31959	1	3.2462e-05
ttcggcc	0.25000	0.26562	0.26562	0.21875	1	2.1418e-05
ttcggcg	0.18627	0.18627	0.47059	0.15686	1	3.4135e-05
ttcggct	0.29730	0.22523	0.14414	0.33333	1	3.7147e-05
ttcggga	0.44737	0.15789	0.17105	0.22368	1	2.5434e-05
ttcgggc	0.24615	0.26154	0.21538	0.27692	1	2.1753e-05
ttcgggg	0.23333	0.25000	0.05000	0.46667	1	2.0079e-05
ttcgggt	0.49565	0.08696	0.20000	0.21739	1	3.8486e-05
ttcggta	0.29545	0.15909	0.28030	0.26515	1	4.4175e-05
ttcggtc	0.31944	0.26389	0.15278	0.26389	1	2.4095e-05
ttcggtg	0.26667	0.21111	0.18889	0.33333	1	3.0119e-05
ttcggtt	0.22222	0.18519	0.15432	0.43827	1	5.4215e-05
ttcgtaa	0.35749	0.16908	0.18357	0.28986	1	6.9274e-05
ttcgtac	0.25503	0.16779	0.14765	0.42953	1	4.9864e-05
ttcgtag	0.25620	0.25620	0.13223	0.35537	1	4.0494e-05
ttcgtat	0.33457	0.15613	0.12268	0.38662	1	9.0023e-05
ttcgtca	0.27473	0.17582	0.19780	0.35165	1	6.0908e-05
ttcgtcc	0.23469	0.19388	0.15306	0.41837	1	3.2796e-05
ttcgtcg	0.33333	0.15000	0.16667	0.35000	1	2.0079e-05
ttcgtct	0.18293	0.21951	0.10366	0.49390	1	5.4884e-05
ttcgtga	0.43333	0.15333	0.10667	0.30667	1	5.0199e-05
ttcgtgc	0.32632	0.15789	0.10526	0.41053	1	3.1793e-05
ttcgtgg	0.26667	0.20952	0.18095	0.34286	1	3.5139e-05
ttcgtgt	0.27368	0.19474	0.14737	0.38421	1	6.3585e-05
ttcgtta	0.26923	0.18531	0.15734	0.38811	1	9.5712e-05
ttcgttc	0.34959	0.15447	0.11382	0.38211	1	8.2326e-05
ttcgttg	0.25641	0.25128	0.21026	0.28205	1	6.5258e-05
ttcgttt	0.21442	0.22612	0.14425	0.41520	1	1.7168e-04
ttctaaa	0.37410	0.14388	0.20624	0.27578	1	1.3955e-04
ttctaac	0.39437	0.16549	0.14789	0.29225	1	9.5043e-05
ttctaag	0.34426	0.18579	0.19672	0.27322	1	6.1242e-05
ttctaat	0.34507	0.16432	0.14319	0.34742	1	1.4256e-04
ttctaca	0.26817	0.20551	0.13033	0.39599	1	1.3353e-04
ttctacc	0.32292	0.16146	0.19271	0.32292	1	6.4254e-05
ttctacg	0.29252	0.21088	0.16327	0.33333	1	4.9195e-05
ttctact	0.27733	0.21333	0.16800	0.34133	1	1.2550e-04
ttctaga	0.53670	0.08716	0.09633	0.27982	1	7.2955e-05
ttctagc	0.35912	0.22099	0.11050	0.30939	1	6.0573e-05
ttctagg	0.34921	0.23810	0.17460	0.23810	1	4.2167e-05
ttctagt	0.56359	0.09726	0.11222	0.22693	1	1.3420e-04
ttctata	0.28164	0.13369	0.14617	0.43850	1	1.8774e-04
ttctatc	0.35313	0.15937	0.11563	0.37188	1	1.0709e-04
ttctatg	0.24151	0.18868	0.17358	0.39623	1	8.8684e-05
ttctatt	0.23681	0.16345	0.15573	0.44402	1	2.6003e-04
ttctcaa	0.37395	0.16387	0.13445	0.32773	1	1.5930e-04
ttctcac	0.29279	0.21622	0.13964	0.35135	1	7.4294e-05
ttctcag	0.27670	0.20388	0.20874	0.31068	1	6.8940e-05
ttctcat	0.27872	0.28511	0.12766	0.30851	1	1.5729e-04
ttctcca	0.28968	0.20635	0.19048	0.31349	1	8.4334e-05
ttctccc	0.18932	0.25243	0.16019	0.39806	1	6.8940e-05
ttctccg	0.24516	0.29677	0.21290	0.24516	1	5.1872e-05
ttctcct	0.14153	0.37587	0.10905	0.37355	1	1.4424e-04
ttctcga	0.36655	0.07829	0.33452	0.22064	1	9.4039e-05
ttctcgc	0.32432	0.14189	0.14865	0.38514	1	4.9529e-05
ttctcgg	0.27434	0.22124	0.19469	0.30973	1	3.7816e-05
ttctcgt	0.24889	0.17333	0.16889	0.40889	1	7.5298e-05
ttctcta	0.27035	0.23256	0.12791	0.36919	1	1.1512e-04
ttctctc	0.22782	0.19424	0.10072	0.47722	1	1.3955e-04
ttctctg	0.23611	0.23611	0.17014	0.35764	1	9.6382e-05
ttctctt	0.13134	0.26843	0.17742	0.42281	1	2.9048e-04
ttctgaa	0.41927	0.17969	0.14844	0.25260	1	1.2851e-04
ttctgac	0.32911	0.20886	0.12658	0.33544	1	5.2876e-05
ttctgag	0.34437	0.23179	0.18543	0.23841	1	5.0533e-05
ttctgat	0.36082	0.17182	0.17526	0.29210	1	9.7386e-05
ttctgca	0.39024	0.14286	0.16376	0.30314	1	9.6047e-05
ttctgcc	0.33898	0.22599	0.11864	0.31638	1	5.9234e-05
ttctgcg	0.24324	0.26351	0.22973	0.26351	1	4.9529e-05
ttctgct	0.21538	0.17231	0.22769	0.38462	1	1.0876e-04
ttctgga	0.44186	0.12791	0.18023	0.25000	1	5.7561e-05
ttctggc	0.28873	0.23944	0.18310	0.28873	1	4.7521e-05
ttctggg	0.29508	0.27869	0.19672	0.22951	1	4.0828e-05
ttctggt	0.32039	0.14563	0.17961	0.35437	1	6.8940e-05
ttctgta	0.21847	0.14414	0.14189	0.49550	1	1.4859e-04
ttctgtc	0.35455	0.20455	0.10455	0.33636	1	7.3625e-05
ttctgtg	0.23045	0.26337	0.19342	0.31276	1	8.1322e-05
ttctgtt	0.18401	0.21190	0.19331	0.41078	1	1.8005e-04
ttcttaa	0.34257	0.17030	0.16238	0.32475	1	1.6900e-04
ttcttac	0.26598	0.23529	0.15601	0.34271	1	1.3085e-04
ttcttag	0.31579	0.20351	0.14386	0.33684	1	9.5378e-05
ttcttat	0.26846	0.14631	0.11812	0.46711	1	2.4932e-04
ttcttca	0.30556	0.20833	0.15104	0.33507	1	1.9276e-04
ttcttcc	0.25749	0.19361	0.14371	0.40519	1	1.6766e-04
ttcttcg	0.33229	0.20063	0.14420	0.32288	1	1.0676e-04
ttcttct	0.17872	0.19628	0.12603	0.49897	1	3.2395e-04
ttcttga	0.36471	0.14510	0.16863	0.32157	1	1.7068e-04
ttcttgc	0.33172	0.17191	0.14770	0.34867	1	1.3821e-04
ttcttgg	0.27653	0.34727	0.12540	0.25080	1	1.0408e-04
ttcttgt	0.24122	0.19695	0.13893	0.42290	1	2.1920e-04
ttcttta	0.26923	0.21096	0.14103	0.37879	1	2.8714e-04
ttctttc	0.21422	0.22785	0.10808	0.44985	1	3.4369e-04
ttctttg	0.28278	0.25592	0.13586	0.32543	1	2.1184e-04
ttctttt	0.13863	0.22591	0.11453	0.52093	1	8.4735e-04
ttgaaaa	0.46273	0.12578	0.17547	0.23602	1	4.3104e-04
ttgaaac	0.34545	0.17403	0.16623	0.31429	1	1.2884e-04
ttgaaag	0.33403	0.16597	0.20798	0.29202	1	1.5930e-04
ttgaaat	0.35193	0.12876	0.16452	0.35479	1	2.3393e-04
ttgaaca	0.39193	0.16427	0.17003	0.27378	1	1.1613e-04
ttgaacc	0.31098	0.20122	0.15854	0.32927	1	5.4884e-05
ttgaacg	0.34839	0.16774	0.18065	0.30323	1	5.1872e-05
ttgaact	0.28479	0.14887	0.19417	0.37217	1	1.0341e-04
ttgaaga	0.38248	0.15171	0.20726	0.25855	1	1.5662e-04
ttgaagc	0.31646	0.22363	0.16034	0.29958	1	7.9314e-05
ttgaagg	0.35294	0.14902	0.20784	0.29020	1	8.5338e-05
ttgaagt	0.31515	0.15152	0.14545	0.38788	1	1.1044e-04
ttgaata	0.30499	0.17560	0.15712	0.36229	1	1.8105e-04
ttgaatc	0.34661	0.15538	0.15538	0.34263	1	8.3999e-05
ttgaatg	0.33333	0.15942	0.21739	0.28986	1	9.2366e-05
ttgaatt	0.22970	0.13861	0.18218	0.44950	1	1.6900e-04
ttgacaa	0.29712	0.19169	0.22364	0.28754	1	1.0475e-04
ttgacac	0.33136	0.17751	0.12426	0.36686	1	5.6557e-05
ttgacag	0.27222	0.24444	0.23333	0.25000	1	6.0238e-05
ttgacat	0.30081	0.20325	0.14634	0.34959	1	8.2326e-05
ttgacca	0.37226	0.16058	0.13869	0.32847	1	4.5848e-05
ttgaccc	0.37500	0.11250	0.15000	0.36250	1	2.6773e-05
ttgaccg	0.35443	0.21519	0.15190	0.27848	1	2.6438e-05
ttgacct	0.16176	0.22794	0.19118	0.41912	1	4.5514e-05
ttgacga	0.37226	0.18248	0.16788	0.27737	1	4.5848e-05
ttgacgc	0.32075	0.16981	0.24528	0.26415	1	3.5474e-05
ttgacgg	0.33696	0.19565	0.22826	0.23913	1	3.0789e-05
ttgacgt	0.29221	0.17532	0.18831	0.34416	1	5.1537e-05
ttgacta	0.30570	0.23316	0.16062	0.30052	1	6.4589e-05
ttgactc	0.35897	0.12821	0.12821	0.38462	1	3.9155e-05
ttgactg	0.30597	0.26866	0.12687	0.29851	1	4.4844e-05
ttgactt	0.19245	0.23019	0.16981	0.40755	1	8.8684e-05
ttgagaa	0.47059	0.13176	0.17412	0.22353	1	1.4223e-04
ttgagac	0.34146	0.20325	0.16260	0.29268	1	4.1163e-05
ttgagag	0.38798	0.18579	0.19126	0.23497	1	6.1242e-05
ttgagat	0.40328	0.14426	0.17705	0.27541	1	1.0207e-04
ttgagca	0.33173	0.18269	0.22596	0.25962	1	6.9609e-05
ttgagcc	0.38462	0.07692	0.17308	0.36538	1	3.4804e-05
ttgagcg	0.38356	0.16438	0.13699	0.31507	1	2.4430e-05
ttgagct	0.26111	0.16111	0.24444	0.33333	1	6.0238e-05
ttgagga	0.24910	0.08303	0.22744	0.44043	1	9.2700e-05
ttgaggc	0.37374	0.12121	0.23232	0.27273	1	3.3131e-05
ttgaggg	0.41818	0.18182	0.19091	0.20909	1	3.6812e-05
ttgaggt	0.32787	0.12568	0.19672	0.34973	1	6.1242e-05
ttgagta	0.32520	0.17073	0.18293	0.32114	1	8.2326e-05
ttgagtc	0.40171	0.12821	0.19658	0.27350	1	3.9155e-05
ttgagtg	0.32886	0.21477	0.22148	0.23490	1	4.9864e-05
ttgagtt	0.23282	0.17176	0.17939	0.41603	1	8.7680e-05
ttgataa	0.26395	0.11565	0.11429	0.50612	1	2.4597e-04
ttgatac	0.34173	0.15108	0.19424	0.31295	1	9.3035e-05
ttgatag	0.43813	0.17391	0.13378	0.25418	1	1.0006e-04
ttgatat	0.29580	0.17939	0.12786	0.39695	1	1.7536e-04
ttgatca	0.42599	0.18412	0.17329	0.21661	1	9.2700e-05
ttgatcc	0.18452	0.08929	0.19643	0.52976	1	5.6223e-05
ttgatcg	0.36449	0.26168	0.13084	0.24299	1	3.5808e-05
ttgatct	0.22553	0.17872	0.17021	0.42553	1	7.8645e-05
ttgatga	0.33628	0.20059	0.18584	0.27729	1	1.1345e-04
ttgatgc	0.24862	0.19890	0.19337	0.35912	1	6.0573e-05
ttgatgg	0.36190	0.21905	0.11905	0.30000	1	7.0278e-05
ttgatgt	0.29670	0.12821	0.20147	0.37363	1	9.1362e-05
ttgatta	0.28960	0.17574	0.16584	0.36881	1	1.3520e-04
ttgattc	0.31760	0.17167	0.15451	0.35622	1	7.7975e-05
ttgattg	0.31395	0.22481	0.18605	0.27519	1	8.6342e-05
ttgattt	0.17352	0.18569	0.15830	0.48250	1	2.1987e-04
ttgcaaa	0.38072	0.16627	0.17349	0.27952	1	1.3888e-04
ttgcaac	0.36889	0.20444	0.20444	0.22222	1	7.5298e-05
ttgcaag	0.38034	0.17949	0.19658	0.24359	1	7.8310e-05
ttgcaat	0.29052	0.18960	0.15596	0.36391	1	1.0943e-04
ttgcaca	0.34247	0.16895	0.21005	0.27854	1	7.3290e-05
ttgcacc	0.28342	0.20321	0.11765	0.39572	1	6.2581e-05
ttgcacg	0.24800	0.18400	0.19200	0.37600	1	4.1832e-05
ttgcact	0.23950	0.12605	0.21008	0.42437	1	7.9649e-05
ttgcaga	0.35473	0.10473	0.10811	0.43243	1	9.9059e-05
ttgcagc	0.39474	0.18421	0.11579	0.30526	1	6.3585e-05
ttgcagg	0.26277	0.28467	0.16788	0.28467	1	4.5848e-05
ttgcagt	0.25701	0.11682	0.20561	0.42056	1	7.1617e-05
ttgcata	0.30931	0.18018	0.15315	0.35736	1	1.1144e-04
ttgcatc	0.32161	0.16080	0.13065	0.38693	1	6.6597e-05
ttgcatg	0.32461	0.17801	0.18848	0.30890	1	6.3920e-05
ttgcatt	0.22998	0.16016	0.18275	0.42710	1	1.6298e-04
ttgccaa	0.33984	0.15625	0.29688	0.20703	1	8.5672e-05
ttgccac	0.23636	0.27727	0.15455	0.33182	1	7.3625e-05
ttgccag	0.25850	0.27891	0.18367	0.27891	1	4.9195e-05
ttgccat	0.20408	0.19184	0.17551	0.42857	1	8.1991e-05
ttgccca	0.33333	0.19167	0.10833	0.36667	1	4.0159e-05
ttgcccc	0.30682	0.14773	0.11364	0.43182	1	2.9450e-05
ttgcccg	0.25352	0.19718	0.30986	0.23944	1	2.3761e-05
ttgccct	0.16763	0.20809	0.15029	0.47399	1	5.7896e-05
ttgccga	0.33684	0.18947	0.20000	0.27368	1	3.1793e-05
ttgccgc	0.28704	0.31481	0.13889	0.25926	1	3.6143e-05
ttgccgg	0.24000	0.21333	0.22667	0.32000	1	2.5099e-05
ttgccgt	0.24823	0.14894	0.12766	0.47518	1	4.7187e-05
ttgccta	0.27778	0.20988	0.16049	0.35185	1	5.4215e-05
ttgcctc	0.27692	0.18462	0.12308	0.41538	1	4.3506e-05
ttgcctg	0.22131	0.31148	0.12295	0.34426	1	4.0828e-05
ttgcctt	0.20325	0.21951	0.18970	0.38753	1	1.2349e-04
ttgcgaa	0.37162	0.18243	0.18919	0.25676	1	4.9529e-05
ttgcgac	0.28090	0.10112	0.25843	0.35955	1	2.9785e-05
ttgcgag	0.34884	0.24419	0.12791	0.27907	1	2.8781e-05
ttgcgat	0.24519	0.13942	0.37500	0.24038	1	6.9609e-05
ttgcgca	0.26549	0.21239	0.20354	0.31858	1	3.7816e-05
ttgcgcc	0.25316	0.18987	0.08861	0.46835	1	2.6438e-05
ttgcgcg	0.34568	0.17284	0.25926	0.22222	1	2.7107e-05
ttgcgct	0.24658	0.13014	0.23973	0.38356	1	4.8860e-05
ttgcgga	0.44086	0.12903	0.19355	0.23656	1	3.1123e-05
ttgcggc	0.20482	0.24096	0.20482	0.34940	1	2.7777e-05
ttgcggg	0.28125	0.20312	0.25000	0.26562	1	2.1418e-05
ttgcggt	0.23810	0.11429	0.21905	0.42857	1	3.5139e-05
ttgcgta	0.33108	0.20270	0.13514	0.33108	1	4.9529e-05
ttgcgtc	0.50735	0.13971	0.11029	0.24265	1	4.5514e-05
ttgcgtg	0.32432	0.15315	0.20721	0.31532	1	3.7147e-05
ttgcgtt	0.16522	0.16957	0.17826	0.48696	1	7.6971e-05
ttgctaa	0.41241	0.16788	0.13504	0.28467	1	9.1696e-05
ttgctac	0.25481	0.21154	0.11058	0.42308	1	6.9609e-05
ttgctag	0.31953	0.21893	0.16568	0.29586	1	5.6557e-05
ttgctat	0.27597	0.14610	0.16234	0.41558	1	1.0307e-04
ttgctca	0.36139	0.15842	0.17822	0.30198	1	6.7601e-05
ttgctcc	0.29032	0.25000	0.13710	0.32258	1	4.1498e-05
ttgctcg	0.31148	0.21311	0.09836	0.37705	1	4.0828e-05
ttgctct	0.20775	0.18662	0.15141	0.45423	1	9.5043e-05
ttgctga	0.31628	0.26047	0.11628	0.30698	1	7.1951e-05
ttgctgc	0.30088	0.17699	0.11947	0.40265	1	7.5633e-05
ttgctgg	0.21622	0.26351	0.19595	0.32432	1	4.9529e-05
ttgctgt	0.24364	0.19636	0.15273	0.40727	1	9.2031e-05
ttgctta	0.24830	0.19048	0.13946	0.42177	1	9.8389e-05
ttgcttc	0.24471	0.26284	0.13595	0.35650	1	1.1077e-04
ttgcttg	0.26210	0.23790	0.19355	0.30645	1	8.2995e-05
ttgcttt	0.19704	0.20197	0.17898	0.42200	1	2.0381e-04
ttggaaa	0.44662	0.15686	0.16993	0.22658	1	1.5361e-04
ttggaac	0.30303	0.17576	0.21212	0.30909	1	5.5219e-05
ttggaag	0.42857	0.16850	0.17582	0.22711	1	9.1362e-05
ttggaat	0.56158	0.07635	0.14039	0.22167	1	1.3587e-04
ttggaca	0.32099	0.10494	0.24074	0.33333	1	5.4215e-05
ttggacc	0.37500	0.22500	0.12500	0.27500	1	2.6773e-05
ttggacg	0.40323	0.11290	0.17742	0.30645	1	2.0749e-05
ttggact	0.31624	0.11966	0.18803	0.37607	1	3.9155e-05
ttggaga	0.42424	0.13333	0.21818	0.22424	1	5.5219e-05
ttggagc	0.25000	0.22222	0.18056	0.34722	1	2.4095e-05
ttggagg	0.24272	0.20388	0.24272	0.31068	1	3.4470e-05
ttggagt	0.30275	0.11927	0.16514	0.41284	1	3.6478e-05
ttggata	0.31048	0.16935	0.16532	0.35484	1	8.2995e-05
ttggatc	0.27966	0.19492	0.18644	0.33898	1	3.9490e-05
ttggatg	0.36170	0.26241	0.14184	0.23404	1	4.7187e-05
ttggatt	0.26606	0.17431	0.15138	0.40826	1	7.2955e-05
ttggcaa	0.35341	0.15663	0.19277	0.29719	1	8.3330e-05
ttggcac	0.32168	0.13287	0.20979	0.33566	1	4.7856e-05
ttggcag	0.24324	0.34459	0.15541	0.25676	1	4.9529e-05
ttggcat	0.29493	0.16590	0.11060	0.42857	1	7.2621e-05
ttggcca	0.40650	0.16260	0.17073	0.26016	1	4.1163e-05
ttggccc	0.27083	0.20833	0.14583	0.37500	1	3.2127e-05
ttggccg	0.17460	0.25397	0.23810	0.33333	1	2.1083e-05
ttggcct	0.15603	0.21277	0.21277	0.41844	1	4.7187e-05
ttggcga	0.31343	0.16418	0.17164	0.35075	1	4.4844e-05
ttggcgc	0.29126	0.20388	0.21359	0.29126	1	3.4470e-05
ttggcgg	0.27174	0.23913	0.10870	0.38043	1	3.0789e-05
ttggcgt	0.25161	0.14839	0.10968	0.49032	1	5.1872e-05
ttggcta	0.20000	0.18286	0.21714	0.40000	1	5.8565e-05
ttggctc	0.29032	0.21774	0.16935	0.32258	1	4.1498e-05
ttggctg	0.26471	0.26471	0.20588	0.26471	1	5.6892e-05
ttggctt	0.16429	0.23214	0.21429	0.38929	1	9.3704e-05
ttgggaa	0.45370	0.09722	0.26852	0.18056	1	7.2286e-05
ttgggac	0.38356	0.16438	0.21918	0.23288	1	2.4430e-05
ttgggag	0.28261	0.28261	0.19565	0.23913	1	3.0789e-05
ttgggat	0.19643	0.14286	0.10714	0.55357	1	5.6223e-05
ttgggca	0.33333	0.17424	0.28030	0.21212	1	4.4175e-05
ttgggcc	0.18987	0.32911	0.13924	0.34177	1	2.6438e-05
ttgggcg	0.16471	0.21176	0.43529	0.18824	1	2.8446e-05
ttgggct	0.19820	0.24324	0.22523	0.33333	1	3.7147e-05
ttgggga	0.52381	0.08333	0.16667	0.22619	1	2.8111e-05
ttggggc	0.32258	0.19355	0.24194	0.24194	1	2.0749e-05
ttggggg	0.41818	0.27273	0.12727	0.18182	1	1.8406e-05
ttggggt	0.31313	0.13131	0.23232	0.32323	1	3.3131e-05
ttgggta	0.35616	0.10959	0.24658	0.28767	1	4.8860e-05
ttgggtc	0.38636	0.12500	0.17045	0.31818	1	2.9450e-05
ttgggtg	0.24138	0.20690	0.21552	0.33621	1	3.8820e-05
ttgggtt	0.27586	0.11494	0.17241	0.43678	1	5.8231e-05
ttggtaa	0.36482	0.13355	0.19544	0.30619	1	1.0274e-04
ttggtac	0.30496	0.18440	0.21986	0.29078	1	4.7187e-05
ttggtag	0.24528	0.23899	0.13836	0.37736	1	5.3211e-05
ttggtat	0.30392	0.12418	0.12745	0.44444	1	1.0241e-04
ttggtca	0.26111	0.18889	0.13889	0.41111	1	6.0238e-05
ttggtcc	0.22581	0.09677	0.35484	0.32258	1	2.0749e-05
ttggtcg	0.30159	0.22222	0.17460	0.30159	1	2.1083e-05
ttggtct	0.15217	0.18478	0.14674	0.51630	1	6.1577e-05
ttggtga	0.42544	0.16228	0.17105	0.24123	1	7.6302e-05
ttggtgc	0.29167	0.20833	0.20833	0.29167	1	4.0159e-05
ttggtgg	0.30645	0.23387	0.18548	0.27419	1	4.1498e-05
ttggtgt	0.24432	0.17614	0.18750	0.39205	1	5.8900e-05
ttggtta	0.24670	0.19383	0.20705	0.35242	1	7.5967e-05
ttggttc	0.26425	0.19171	0.13990	0.40415	1	6.4589e-05
ttggttg	0.29231	0.24103	0.20000	0.26667	1	6.5258e-05
ttggttt	0.21891	0.16667	0.19403	0.42040	1	1.3453e-04
ttgtaaa	0.36882	0.15019	0.20913	0.27186	1	1.7603e-04
ttgtaac	0.34091	0.16667	0.15530	0.33712	1	8.8350e-05
ttgtaag	0.27679	0.25000	0.21429	0.25893	1	7.4963e-05
ttgtaat	0.30512	0.12695	0.16036	0.40757	1	1.5026e-04
ttgtaca	0.32986	0.18056	0.10764	0.38194	1	9.6382e-05
ttgtacc	0.31159	0.14493	0.11594	0.42754	1	4.6183e-05
ttgtacg	0.39634	0.12805	0.18902	0.28659	1	5.4884e-05
ttgtact	0.24060	0.13158	0.21429	0.41353	1	8.9019e-05
ttgtaga	0.41296	0.14170	0.13765	0.30769	1	8.2661e-05
ttgtagc	0.32168	0.20979	0.16783	0.30070	1	4.7856e-05
ttgtagg	0.24224	0.30435	0.19255	0.26087	1	5.3880e-05
ttgtagt	0.30345	0.11034	0.17586	0.41034	1	9.7051e-05
ttgtata	0.27918	0.15931	0.10883	0.45268	1	2.1217e-04
ttgtatc	0.24436	0.16165	0.15789	0.43609	1	8.9019e-05
ttgtatg	0.26506	0.20884	0.16466	0.36145	1	8.3330e-05
ttgtatt	0.26814	0.16719	0.16088	0.40379	1	2.1217e-04
ttgtcaa	0.41056	0.14956	0.21408	0.22581	1	1.1412e-04
ttgtcac	0.32124	0.19689	0.12435	0.35751	1	6.4589e-05
ttgtcag	0.26846	0.24832	0.18792	0.29530	1	4.9864e-05
ttgtcat	0.34056	0.19814	0.12074	0.34056	1	1.0809e-04
ttgtcca	0.34146	0.19512	0.15244	0.31098	1	5.4884e-05
ttgtccc	0.24528	0.23585	0.09434	0.42453	1	3.5474e-05
ttgtccg	0.19718	0.29577	0.18310	0.32394	1	2.3761e-05
ttgtcct	0.14978	0.22026	0.14097	0.48899	1	7.5967e-05
ttgtcga	0.34454	0.16807	0.19328	0.29412	1	3.9824e-05
ttgtcgc	0.25424	0.27119	0.15254	0.32203	1	3.9490e-05
ttgtcgg	0.29688	0.21875	0.25000	0.23438	1	2.1418e-05
ttgtcgt	0.20126	0.18868	0.19497	0.41509	1	5.3211e-05
ttgtcta	0.29082	0.19898	0.15306	0.35714	1	6.5593e-05
ttgtctc	0.32870	0.19444	0.13889	0.33796	1	7.2286e-05
ttgtctg	0.20915	0.24837	0.10458	0.43791	1	5.1203e-05
ttgtctt	0.18142	0.21681	0.17920	0.42257	1	1.5127e-04
ttgtgaa	0.40217	0.14493	0.17391	0.27899	1	9.2366e-05
ttgtgac	0.33898	0.12994	0.28249	0.24859	1	5.9234e-05
ttgtgag	0.34821	0.21429	0.18750	0.25000	1	3.7482e-05
ttgtgat	0.29961	0.16342	0.22179	0.31518	1	8.6007e-05
ttgtgca	0.30688	0.14286	0.23810	0.31217	1	6.3250e-05
ttgtgcc	0.42742	0.09677	0.19355	0.28226	1	4.1498e-05
ttgtgcg	0.18699	0.19512	0.28455	0.33333	1	4.1163e-05
ttgtgct	0.16461	0.15226	0.26749	0.41564	1	8.1322e-05
ttgtgga	0.40741	0.12593	0.19259	0.27407	1	4.5179e-05
ttgtggc	0.24409	0.12598	0.18110	0.44882	1	4.2502e-05
ttgtggg	0.29703	0.12871	0.31683	0.25743	1	3.3800e-05
ttgtggt	0.23494	0.18072	0.23494	0.34940	1	5.5553e-05
ttgtgta	0.21321	0.16216	0.35736	0.26727	1	1.1144e-04
ttgtgtc	0.44751	0.11050	0.10497	0.33702	1	6.0573e-05
ttgtgtg	0.27434	0.23451	0.15044	0.34071	1	7.5633e-05
ttgtgtt	0.23649	0.17568	0.23986	0.34797	1	9.9059e-05
ttgttaa	0.33547	0.16667	0.19231	0.30556	1	1.5662e-04
ttgttac	0.27824	0.24793	0.16529	0.30854	1	1.2148e-04
ttgttag	0.24898	0.22857	0.17551	0.34694	1	8.1991e-05
ttgttat	0.27987	0.16858	0.11948	0.43208	1	2.0448e-04
ttgttca	0.33333	0.16667	0.20000	0.30000	1	1.2048e-04
ttgttcc	0.27203	0.13793	0.15709	0.43295	1	8.7346e-05
ttgttcg	0.29004	0.16450	0.15152	0.39394	1	7.7306e-05
ttgttct	0.16603	0.19847	0.16603	0.46947	1	1.7536e-04
ttgttga	0.38462	0.15136	0.14888	0.31514	1	1.3487e-04
ttgttgc	0.27431	0.21181	0.16319	0.35069	1	9.6382e-05
ttgttgg	0.37931	0.18966	0.23276	0.19828	1	1.1646e-04
ttgttgt	0.25904	0.15863	0.13253	0.44980	1	1.6666e-04
ttgttta	0.22969	0.22500	0.12500	0.42031	1	2.1418e-04
ttgtttc	0.31111	0.20342	0.11966	0.36581	1	1.9578e-04
ttgtttg	0.25462	0.22793	0.17454	0.34292	1	1.6298e-04
ttgtttt	0.19827	0.23131	0.18017	0.39024	1	4.2535e-04
tttaaaa	0.35782	0.17080	0.20229	0.26908	1	3.5072e-04
tttaaac	0.33252	0.17961	0.16262	0.32524	1	1.3788e-04
tttaaag	0.29331	0.15609	0.23499	0.31561	1	1.9511e-04
tttaaat	0.38693	0.13595	0.19085	0.28627	1	2.5601e-04
tttaaca	0.38998	0.15033	0.18301	0.27669	1	1.5361e-04
tttaacc	0.32218	0.15900	0.16318	0.35565	1	7.9983e-05
tttaacg	0.32616	0.23656	0.13262	0.30466	1	9.3370e-05
tttaact	0.22673	0.15036	0.20048	0.42243	1	1.4022e-04
tttaaga	0.42000	0.13111	0.19778	0.25111	1	1.5060e-04
tttaagc	0.36059	0.18587	0.16729	0.28625	1	9.0023e-05
tttaagg	0.31902	0.13804	0.27607	0.26687	1	1.0910e-04
tttaagt	0.33875	0.09977	0.20418	0.35731	1	1.4424e-04
tttaata	0.32843	0.13358	0.12377	0.41422	1	2.7308e-04
tttaatc	0.33600	0.14667	0.15200	0.36533	1	1.2550e-04
tttaatg	0.34978	0.19058	0.16816	0.29148	1	1.4926e-04
tttaatt	0.26270	0.14270	0.14486	0.44973	1	3.0956e-04
tttacaa	0.34722	0.16865	0.19048	0.29365	1	1.6867e-04
tttacac	0.35410	0.24590	0.12787	0.27213	1	1.0207e-04
tttacag	0.28173	0.16099	0.19195	0.36533	1	1.0809e-04
tttacat	0.36589	0.14574	0.14109	0.34729	1	2.1585e-04
tttacca	0.33609	0.18733	0.17080	0.30579	1	1.2148e-04
tttaccc	0.24901	0.19368	0.26087	0.29644	1	8.4669e-05
tttaccg	0.28324	0.17341	0.17919	0.36416	1	5.7896e-05
tttacct	0.25722	0.23360	0.11811	0.39108	1	1.2750e-04
tttacga	0.33484	0.12670	0.19910	0.33937	1	7.3959e-05
tttacgc	0.26705	0.15909	0.25000	0.32386	1	5.8900e-05
tttacgg	0.28571	0.22360	0.17391	0.31677	1	5.3880e-05
tttacgt	0.33586	0.12626	0.13384	0.40404	1	1.3252e-04
tttacta	0.27593	0.18982	0.13894	0.39530	1	1.7101e-04
tttactc	0.28571	0.20000	0.15714	0.35714	1	1.1713e-04
tttactg	0.29620	0.22785	0.14684	0.32911	1	1.3219e-04
tttactt	0.19267	0.22222	0.14539	0.43972	1	2.8312e-04
tttagaa	0.34475	0.13062	0.22056	0.30407	1	1.5629e-04
tttagac	0.36806	0.12500	0.19444	0.31250	1	4.8191e-05
tttagag	0.32432	0.19369	0.17117	0.31081	1	7.4294e-05
tttagat	0.29867	0.20533	0.23467	0.26133	1	1.2550e-04
tttagca	0.35475	0.20391	0.16480	0.27654	1	1.1981e-04
tttagcc	0.26230	0.17486	0.26776	0.29508	1	6.1242e-05
tttagcg	0.35556	0.17222	0.18333	0.28889	1	6.0238e-05
tttagct	0.24837	0.17974	0.15686	0.41503	1	1.0241e-04
tttagga	0.41869	0.13495	0.13495	0.31142	1	9.6716e-05
tttaggc	0.30488	0.20122	0.21341	0.28049	1	5.4884e-05
tttaggg	0.22093	0.16860	0.22093	0.38953	1	5.7561e-05
tttaggt	0.31401	0.11111	0.21256	0.36232	1	6.9274e-05
tttagta	0.31957	0.15217	0.20435	0.32391	1	1.5394e-04
tttagtc	0.36816	0.16418	0.14925	0.31841	1	6.7266e-05
tttagtg	0.34146	0.19164	0.15331	0.31359	1	9.6047e-05
tttagtt	0.21685	0.16308	0.19355	0.42652	1	1.8674e-04
tttataa	0.37404	0.15072	0.14191	0.33333	1	3.0420e-04
tttatac	0.34799	0.15296	0.17973	0.31931	1	1.7503e-04
tttatag	0.42908	0.17376	0.10816	0.28901	1	1.8875e-04
tttatat	0.43179	0.10513	0.15707	0.30601	1	5.3478e-04
tttatca	0.38158	0.16667	0.14912	0.30263	1	2.2891e-04
tttatcc	0.29693	0.18771	0.13311	0.38225	1	9.8055e-05
tttatcg	0.31111	0.21852	0.11852	0.35185	1	9.0358e-05
tttatct	0.22298	0.20755	0.18696	0.38250	1	1.9511e-04
tttatga	0.39855	0.13285	0.13768	0.33092	1	1.3855e-04
tttatgc	0.34043	0.19858	0.11702	0.34397	1	9.4374e-05
tttatgg	0.45357	0.17500	0.15357	0.21786	1	9.3704e-05
tttatgt	0.35377	0.17513	0.15412	0.31699	1	1.9109e-04
tttatta	0.27164	0.20100	0.11642	0.41095	1	3.3633e-04
tttattc	0.24280	0.26033	0.11264	0.38423	1	2.6739e-04
tttattg	0.25904	0.20550	0.17221	0.36324	1	2.3125e-04
tttattt	0.25757	0.16867	0.11485	0.45891	1	6.9642e-04
tttcaaa	0.37224	0.15037	0.18927	0.28812	1	3.1826e-04
tttcaac	0.38547	0.17691	0.12663	0.31099	1	1.7971e-04
tttcaag	0.34744	0.19400	0.18342	0.27513	1	1.8975e-04
tttcaat	0.29903	0.16465	0.17918	0.35714	1	2.7643e-04
tttcaca	0.30918	0.18599	0.20290	0.30193	1	1.3855e-04
tttcacc	0.28659	0.15854	0.18293	0.37195	1	1.0977e-04
tttcacg	0.30932	0.19068	0.14407	0.35593	1	7.8979e-05
tttcact	0.21406	0.17031	0.16094	0.45469	1	2.1418e-04
tttcaga	0.39506	0.13580	0.15556	0.31358	1	1.3554e-04
tttcagc	0.28919	0.15676	0.14595	0.40811	1	1.2382e-04
tttcagg	0.33468	0.21371	0.22984	0.22177	1	8.2995e-05
tttcagt	0.24731	0.12903	0.21290	0.41075	1	1.5562e-04
tttcata	0.31753	0.14511	0.14943	0.38793	1	2.3292e-04
tttcatc	0.31423	0.17589	0.16206	0.34783	1	1.6934e-04
tttcatg	0.22823	0.18318	0.18318	0.40541	1	1.1144e-04
tttcatt	0.24224	0.17241	0.13966	0.44569	1	3.8820e-04
tttccaa	0.31057	0.17621	0.20705	0.30617	1	1.5193e-04
tttccac	0.26316	0.19114	0.19668	0.34903	1	1.2081e-04
tttccag	0.30868	0.19936	0.17685	0.31511	1	1.0408e-04
tttccat	0.24125	0.19521	0.13260	0.43094	1	1.8172e-04
tttccca	0.26861	0.27832	0.19741	0.25566	1	1.0341e-04
tttcccc	0.27490	0.20319	0.14741	0.37450	1	8.3999e-05
tttcccg	0.21910	0.32022	0.14607	0.31461	1	5.9569e-05
tttccct	0.15631	0.22380	0.14210	0.47780	1	1.8841e-04
tttccga	0.36444	0.13333	0.19556	0.30667	1	7.5298e-05
tttccgc	0.28125	0.24609	0.14844	0.32422	1	8.5672e-05
tttccgg	0.22951	0.32240	0.20765	0.24044	1	6.1242e-05
tttccgt	0.25220	0.16129	0.17595	0.41056	1	1.1412e-04
tttccta	0.30926	0.20993	0.11512	0.36569	1	1.4825e-04
tttcctc	0.21834	0.16376	0.15939	0.45852	1	1.5327e-04
tttcctg	0.18717	0.27005	0.15508	0.38770	1	1.2516e-04
tttcctt	0.16591	0.22516	0.12580	0.48314	1	3.6712e-04
tttcgaa	0.38133	0.16267	0.20267	0.25333	1	1.2550e-04
tttcgac	0.31410	0.18590	0.22436	0.27564	1	5.2207e-05
tttcgag	0.43750	0.14286	0.20982	0.20982	1	7.4963e-05
tttcgat	0.28975	0.15548	0.24382	0.31095	1	9.4708e-05
tttcgca	0.28829	0.18468	0.22973	0.29730	1	7.4294e-05
tttcgcc	0.22905	0.20670	0.21788	0.34637	1	5.9904e-05
tttcgcg	0.24121	0.16583	0.19095	0.40201	1	6.6597e-05
tttcgct	0.21533	0.20803	0.18613	0.39051	1	9.1696e-05
tttcgga	0.36126	0.15183	0.24084	0.24607	1	6.3920e-05
tttcggc	0.30935	0.12950	0.22302	0.33813	1	4.6517e-05
tttcggg	0.23485	0.21212	0.19697	0.35606	1	4.4175e-05
tttcggt	0.31016	0.12299	0.21925	0.34759	1	6.2581e-05
tttcgta	0.29582	0.18650	0.15434	0.36334	1	1.0408e-04
tttcgtc	0.33333	0.20000	0.10000	0.36667	1	7.0278e-05
tttcgtg	0.24464	0.19742	0.17597	0.38197	1	7.7975e-05
tttcgtt	0.20404	0.21212	0.15354	0.43030	1	1.6566e-04
tttctaa	0.32653	0.18367	0.14082	0.34898	1	1.6398e-04
tttctac	0.37764	0.17722	0.10970	0.33544	1	1.5863e-04
tttctag	0.29206	0.23175	0.16190	0.31429	1	1.0542e-04
tttctat	0.27033	0.18660	0.12919	0.41388	1	2.7977e-04
tttctca	0.34652	0.14557	0.16456	0.34335	1	2.1150e-04
tttctcc	0.26456	0.22087	0.16019	0.35437	1	1.3788e-04
tttctcg	0.38226	0.17737	0.15291	0.28746	1	1.0943e-04
tttctct	0.16509	0.24410	0.14269	0.44811	1	2.8379e-04
tttctga	0.37681	0.17874	0.15459	0.28986	1	1.3855e-04
tttctgc	0.28134	0.18106	0.15320	0.38440	1	1.2014e-04
tttctgg	0.24060	0.27068	0.16165	0.32707	1	8.9019e-05
tttctgt	0.24101	0.18165	0.18345	0.39388	1	1.8607e-04
tttctta	0.25329	0.19833	0.14815	0.40024	1	2.8011e-04
tttcttc	0.24169	0.20934	0.12309	0.42588	1	3.7247e-04
tttcttg	0.25558	0.20968	0.17866	0.35608	1	2.6973e-04
tttcttt	0.15031	0.20141	0.11329	0.53499	1	9.0391e-04
tttgaaa	0.44650	0.13580	0.15947	0.25823	1	3.2529e-04
tttgaac	0.37048	0.16265	0.15060	0.31627	1	1.1111e-04
tttgaag	0.37004	0.20485	0.16740	0.25771	1	1.5193e-04
tttgaat	0.33563	0.16007	0.13941	0.36489	1	1.9444e-04
tttgaca	0.35629	0.17066	0.19162	0.28144	1	1.1178e-04
tttgacc	0.27586	0.20000	0.15862	0.36552	1	4.8525e-05
tttgacg	0.25668	0.22460	0.15508	0.36364	1	6.2581e-05
tttgact	0.23684	0.20677	0.15414	0.40226	1	8.9019e-05
tttgaga	0.37101	0.10811	0.15971	0.36118	1	1.3621e-04
tttgagc	0.30653	0.22613	0.15075	0.31658	1	6.6597e-05
tttgagg	0.45704	0.13058	0.15808	0.25430	1	9.7386e-05
tttgagt	0.31518	0.14397	0.15953	0.38132	1	8.6007e-05
tttgata	0.31495	0.17438	0.15836	0.35231	1	1.8808e-04
tttgatc	0.33948	0.22140	0.12546	0.31365	1	9.0692e-05
tttgatg	0.31844	0.18715	0.22346	0.27095	1	1.1981e-04
tttgatt	0.24698	0.15371	0.16580	0.43351	1	1.9377e-04
tttgcaa	0.35663	0.19277	0.17831	0.27229	1	1.3888e-04
tttgcac	0.23214	0.25714	0.19286	0.31786	1	9.3704e-05
tttgcag	0.28188	0.23154	0.19799	0.28859	1	9.9728e-05
tttgcat	0.30641	0.16152	0.14489	0.38717	1	1.4089e-04
tttgcca	0.28775	0.30199	0.15385	0.25641	1	1.1747e-04
tttgccc	0.23729	0.18644	0.18079	0.39548	1	5.9234e-05
tttgccg	0.18182	0.29091	0.15152	0.37576	1	5.5219e-05
tttgcct	0.21405	0.16388	0.14381	0.47826	1	1.0006e-04
tttgcga	0.25373	0.16915	0.15423	0.42289	1	6.7266e-05
tttgcgc	0.25342	0.21233	0.18493	0.34932	1	4.8860e-05
tttgcgg	0.26786	0.25893	0.21429	0.25893	1	3.7482e-05
tttgcgt	0.20283	0.32547	0.15566	0.31604	1	7.0948e-05
tttgcta	0.28247	0.20779	0.18506	0.32468	1	1.0307e-04
tttgctc	0.28016	0.17510	0.19455	0.35019	1	8.6007e-05
tttgctg	0.25387	0.24768	0.17028	0.32817	1	1.0809e-04
tttgctt	0.17983	0.24370	0.13950	0.43697	1	1.9912e-04
tttggaa	0.37317	0.14634	0.26585	0.21463	1	1.3721e-04
tttggac	0.40252	0.22013	0.11321	0.26415	1	5.3211e-05
tttggag	0.38255	0.13423	0.26174	0.22148	1	4.9864e-05
tttggat	0.35294	0.16912	0.17279	0.30515	1	9.1027e-05
tttggca	0.29213	0.21723	0.22846	0.26217	1	8.9354e-05
tttggcc	0.29747	0.20886	0.17722	0.31646	1	5.2876e-05
tttggcg	0.25275	0.18132	0.17582	0.39011	1	6.0908e-05
tttggct	0.23077	0.17308	0.21538	0.38077	1	8.7011e-05
tttggga	0.47179	0.11795	0.11795	0.29231	1	6.5258e-05
tttgggc	0.37143	0.15000	0.19286	0.28571	1	4.6852e-05
tttgggg	0.27119	0.21186	0.20339	0.31356	1	3.9490e-05
tttgggt	0.28444	0.17778	0.24889	0.28889	1	7.5298e-05
tttggta	0.32492	0.16404	0.18297	0.32808	1	1.0609e-04
tttggtc	0.31148	0.14754	0.14208	0.39891	1	6.1242e-05
tttggtg	0.34538	0.19277	0.17269	0.28916	1	8.3330e-05
tttggtt	0.20714	0.16429	0.18810	0.44048	1	1.4056e-04
tttgtaa	0.35108	0.18343	0.15976	0.30572	1	1.6967e-04
tttgtac	0.34237	0.13898	0.21017	0.30847	1	9.8724e-05
tttgtag	0.29073	0.17572	0.16613	0.36741	1	1.0475e-04
tttgtat	0.38270	0.13490	0.13343	0.34897	1	2.2824e-04
tttgtca	0.26934	0.25215	0.18625	0.29226	1	1.1680e-04
tttgtcc	0.26733	0.17822	0.11881	0.43564	1	6.7601e-05
tttgtcg	0.25767	0.28221	0.09202	0.36810	1	5.4549e-05
tttgtct	0.15122	0.21951	0.15854	0.47073	1	1.3721e-04
tttgtga	0.31295	0.24460	0.14029	0.30216	1	9.3035e-05
tttgtgc	0.30522	0.20482	0.16867	0.32129	1	8.3330e-05
tttgtgg	0.24561	0.21053	0.25146	0.29240	1	5.7227e-05
tttgtgt	0.28291	0.20168	0.21849	0.29692	1	1.1947e-04
tttgtta	0.24298	0.22149	0.15372	0.38182	1	2.0247e-04
tttgttc	0.22701	0.21526	0.16830	0.38943	1	1.7101e-04
tttgttg	0.27362	0.17913	0.21063	0.33661	1	1.7001e-04
tttgttt	0.21902	0.18161	0.14887	0.45051	1	4.2937e-04
ttttaaa	0.35660	0.15679	0.20937	0.27725	1	3.5005e-04
ttttaac	0.29705	0.17897	0.21771	0.30627	1	1.8138e-04
ttttaag	0.27703	0.18750	0.23986	0.29561	1	1.9812e-04
ttttaat	0.32498	0.14947	0.16876	0.35680	1	3.4704e-04
ttttaca	0.29892	0.18028	0.18798	0.33282	1	2.1719e-04
ttttacc	0.28721	0.23480	0.13836	0.33962	1	1.5963e-04
ttttacg	0.25364	0.19534	0.14869	0.40233	1	1.1479e-04
ttttact	0.23569	0.17845	0.16723	0.41863	1	2.9818e-04
ttttaga	0.39871	0.12716	0.20259	0.27155	1	1.5528e-04
ttttagc	0.33645	0.17757	0.15421	0.33178	1	1.4323e-04
ttttagg	0.30205	0.21408	0.21114	0.27273	1	1.1412e-04
ttttagt	0.28935	0.14626	0.16534	0.39905	1	2.1050e-04
ttttata	0.24469	0.14872	0.15311	0.45348	1	4.5681e-04
ttttatc	0.31594	0.17630	0.14810	0.35966	1	2.3727e-04
ttttatg	0.26497	0.16916	0.21108	0.35479	1	2.2355e-04
ttttatt	0.20565	0.18599	0.14214	0.46623	1	6.6396e-04
ttttcaa	0.32028	0.17972	0.20353	0.29647	1	4.3572e-04
ttttcac	0.23421	0.21316	0.13289	0.41974	1	2.5434e-04
ttttcag	0.28220	0.22865	0.16498	0.32417	1	2.3125e-04
ttttcat	0.23449	0.19984	0.12006	0.44561	1	4.1531e-04
ttttcca	0.27343	0.22721	0.17715	0.32221	1	2.6070e-04
ttttccc	0.21390	0.19430	0.14082	0.45098	1	1.8774e-04
ttttccg	0.21525	0.27130	0.17040	0.34305	1	1.4926e-04
ttttcct	0.17171	0.19217	0.13968	0.49644	1	3.7616e-04
ttttcga	0.31963	0.13242	0.23744	0.31050	1	1.4658e-04
ttttcgc	0.23148	0.20602	0.22685	0.33565	1	1.4457e-04
ttttcgg	0.29137	0.18705	0.20144	0.32014	1	9.3035e-05
ttttcgt	0.22658	0.17888	0.15843	0.43612	1	1.9644e-04
ttttcta	0.20716	0.21584	0.15184	0.42516	1	3.0855e-04
ttttctc	0.24798	0.18725	0.14474	0.42004	1	3.3064e-04
ttttctg	0.26522	0.22174	0.15217	0.36087	1	2.3091e-04
ttttctt	0.13928	0.21150	0.13928	0.50995	1	9.0826e-04
ttttgaa	0.41728	0.14436	0.18967	0.24868	1	3.1759e-04
ttttgac	0.35047	0.19159	0.19393	0.26402	1	1.4323e-04
ttttgag	0.32246	0.16699	0.34165	0.16891	1	1.7436e-04
ttttgat	0.30529	0.14383	0.20217	0.34871	1	2.4664e-04
ttttgca	0.23419	0.21538	0.23590	0.31453	1	1.9578e-04
ttttgcc	0.34146	0.18182	0.17295	0.30377	1	1.5093e-04
ttttgcg	0.30242	0.20968	0.21371	0.27419	1	8.2995e-05
ttttgct	0.22069	0.17069	0.19310	0.41552	1	1.9410e-04
ttttgga	0.42821	0.15869	0.14861	0.26448	1	1.3286e-04
ttttggc	0.28760	0.18206	0.21900	0.31135	1	1.2684e-04
ttttggg	0.26756	0.21405	0.17391	0.34448	1	1.0006e-04
ttttggt	0.28125	0.13750	0.21458	0.36667	1	1.6064e-04
ttttgta	0.26400	0.17067	0.17733	0.38800	1	2.5099e-04
ttttgtc	0.30103	0.18144	0.14021	0.37732	1	1.6231e-04
ttttgtg	0.25111	0.22444	0.17556	0.34889	1	1.5060e-04
ttttgtt	0.20134	0.16779	0.16928	0.46160	1	4.4878e-04
tttttaa	0.32525	0.16888	0.16966	0.33620	1	4.2803e-04
tttttac	0.26803	0.21150	0.13158	0.38889	1	3.4336e-04
tttttag	0.25884	0.23485	0.17551	0.33081	1	2.6505e-04
tttttat	0.26554	0.16609	0.11835	0.45002	1	6.7300e-04
tttttca	0.31011	0.21465	0.16047	0.31476	1	6.4857e-04
tttttcc	0.25681	0.20373	0.15782	0.38164	1	4.6651e-04
tttttcg	0.23553	0.27763	0.15263	0.33421	1	2.5434e-04
tttttct	0.15226	0.18755	0.12966	0.53053	1	8.4401e-04
tttttga	0.37563	0.17523	0.15811	0.29104	1	3.3232e-04
tttttgc	0.29435	0.25624	0.13403	0.31537	1	2.5467e-04
tttttgg	0.24066	0.24620	0.20470	0.30844	1	2.4196e-04
tttttgt	0.21700	0.16680	0.14413	0.47206	1	4.1330e-04
tttttta	0.24664	0.21480	0.15830	0.38027	1	7.4629e-04
ttttttc	0.27161	0.21609	0.10978	0.40252	1	1.0609e-03
ttttttg	0.25647	0.20989	0.19724	0.33640	1	5.8197e-04
ttttttt	0.10062	0.17012	0.08048	0.64878	1	3.9048e-03
; Sum	5176.82256	3125.12791	3002.58029	5079.46924	16384
; P_res	0.31597	0.19074	0.18326	0.31003
; Job started	2026-05-28 06:46:13.117640
; Job done	2026-05-28 06:46:13.888340
; Job duration	0.771 seconds
