; Command	kmer-analysis -i data/seq/yeast_MET_upstream.fasta -k 6 -s single --markov-order 4 --return occ,exp_occ,obs_freq,exp_freq,occ_P,occ_E,occ_sig --sort alpha -o results/kmer-analysis/yeast_MET_upstream-noorf/bg-from-input/yeast_MET_upstream_k6_str-single_mkv4_bginput_enriched.tsv
;
; Fasta URL	data/seq/yeast_MET_upstream.fasta
; Input file	data/seq/yeast_MET_upstream.fasta
; Input format	Fasta
; Output file	results/kmer-analysis/yeast_MET_upstream-noorf/bg-from-input/yeast_MET_upstream_k6_str-single_mkv4_bginput_enriched.tsv
; Strand mode	single
; Oligomer length	6
;
; Sequence type	DNA
; Nb of sequence	19
; Sum of sequence lengths	9485
; Sequences:
;	MET8	463
;	MET32	547
;	MET18	568
;	MET30	177
;	MET28	489
;	MET6	687
;	MET10	338
;	MET13	380
;	MET3	800
;	MET14	800
;	MET1	702
;	MET17	800
;	MET2	481
;	MET4	800
;	MET22	215
;	MET7	250
;	MET31	161
;	MET12	384
;	MET16	443
;
;
; column headers
; seq	 oligomer sequence
; id	 oligomer identifier
; exp_freq	 expected relative frequency
; obs_freq	 observed relative frequency
; occ	 observed occurrences
; exp_occ	 expected occurrences
; occ_P	 occurrence probability
; occ_E	 E-value for occurrence
; occ_sig	 occurrence significance
;
# seq	id	occ	exp_occ	obs_freq	exp_freq	occ_P	occ_E	occ_sig
AAAAAA	AAAAAA	38	30.74	0.004046858359957401	0.003273830184726591	0.11369073803212809	363.4692894887135	-2.56
AAAAAC	AAAAAC	3	5.47	0.0003194888178913738	0.0005830108548143246	0.9100327404921891	2909.3746713535284	-3.464
AAAAAG	AAAAAG	16	21.06	0.0017039403620873268	0.002242349441593555	0.8911067243046176	2848.8681976018624	-3.455
AAAAAT	AAAAAT	15	15.58	0.001597444089456869	0.001659338586779231	0.5925441729852574	1894.363721033868	-3.277
AAAACA	AAAACA	4	3.89	0.0004259850905218317	0.0004144967584227872	0.545175764266241	1742.9269183591725	-3.241
AAAACC	AAAACC	1	1.62	0.00010649627263045793	0.00017270698267616118	0.8024411110781564	2565.404232116866	-3.409
AAAACG	AAAACG	2	1.62	0.00021299254526091586	0.00017270698267616118	0.48205619277268447	1541.1336482942722	-3.188
AAAACT	AAAACT	6	5.84	0.0006389776357827476	0.0006217451376341804	0.5279920628171896	1687.9906248265552	-3.227
AAAAGA	AAAAGA	13	15.56	0.0013844515441959531	0.0016570727866364507	0.7761631570758447	2481.3936131714754	-3.395
AAAAGC	AAAAGC	10	9.66	0.0010649627263045794	0.0010285279365329692	0.498605017015547	1594.0402393987038	-3.202
AAAAGG	AAAAGG	12	11.80	0.0012779552715654952	0.0012570897002069626	0.5158220659267839	1649.0831447679282	-3.217
AAAAGT	AAAAGT	15	12.88	0.001597444089456869	0.001371370582043959	0.31239076000282756	998.7132597290397	-2.999
AAAATA	AAAATA	16	16.00	0.0017039403620873268	0.0017040422290714571	0.53335001041749	1705.1199833047153	-3.232
AAAATC	AAAATC	3	4.51	0.0003194888178913738	0.0004806272953791289	0.8278889629549834	2646.761014567082	-3.423
AAAATG	AAAATG	9	7.80	0.0009584664536741214	0.0008301744192912227	0.3789098047663998	1211.3746458381802	-3.083
AAAATT	AAAATT	9	8.62	0.0009584664536741214	0.000917561200269246	0.492773973704704	1575.3983939339387	-3.197
AAACAA	AAACAA	4	2.99	0.0004259850905218317	0.00031884366032522015	0.3514108620974694	1123.4605261256097	-3.051
AAACAC	AAACAC	2	2.78	0.00021299254526091586	0.000296069113159133	0.7655097865122426	2447.3347874796395	-3.389
AAACAG	AAACAG	5	3.21	0.0005324813631522897	0.00034161820749130725	0.22077706460188318	705.8242755322206	-2.849
AAACAT	AAACAT	1	2.99	0.00010649627263045793	0.00031884366032522015	0.9499104046675214	3036.863563722066	-3.482
AAACCA	AAACCA	2	2.11	0.00021299254526091586	0.00022482565792162997	0.6232345414823093	1992.4808291189427	-3.299
AAACCC	AAACCC	1	0.58	0.00010649627263045793	6.131608852408088e-05	0.4377215399268052	1399.3957631459962	-3.146
AAACCG	AAACCG	1	0.38	0.00010649627263045793	4.087739234938724e-05	0.3187587071069242	1019.0715866208367	-3.008
AAACCT	AAACCT	1	1.92	0.00010649627263045793	0.0002043869617469364	0.853274762050885	2727.9194142766796	-3.436
AAACGC	AAACGC	2	1.31	0.00021299254526091586	0.00013984371066895642	0.3778224651871409	1207.8984212032894	-3.082
AAACGG	AAACGG	2	0.79	0.00021299254526091586	8.39062264013739e-05	0.18685774084611934	597.3841974850435	-2.776
AAACGT	AAACGT	1	1.84	0.00010649627263045793	0.00019578119493653907	0.8409259434059373	2688.4402410687817	-3.43
AAACTA	AAACTA	8	4.49	0.0008519701810436634	0.0004782654904878303	0.08583992543528814	274.4302416166162	-2.438
AAACTC	AAACTC	2	4.15	0.00021299254526091586	0.00044147583737338194	0.9185156015562737	2936.494378175407	-3.468
AAACTG	AAACTG	5	4.15	0.0005324813631522897	0.00044147583737338194	0.39955616529729554	1277.3810604554537	-3.106
AAACTT	AAACTT	3	5.18	0.0003194888178913738	0.0005518447967167272	0.8898500049136089	2844.8504657088074	-3.454
AAAGAA	AAAGAA	14	14.06	0.001490947816826411	0.0014970469003841302	0.5416098579006111	1731.5267157082537	-3.238
AAAGAC	AAAGAC	5	3.72	0.0005324813631522897	0.0003962771206899165	0.3168465435720551	1012.9583997998602	-3.006
AAAGAG	AAAGAG	3	5.37	0.0003194888178913738	0.0005724002854409909	0.9035720327662099	2888.719788753573	-3.461
AAAGAT	AAAGAT	6	5.79	0.0006389776357827476	0.0006164310766287594	0.5197442561588025	1661.6223869396915	-3.221
AAAGCA	AAAGCA	5	5.99	0.0005324813631522897	0.0006376873206504404	0.7133184585704011	2280.4791120495724	-3.358
AAAGCC	AAAGCC	4	3.22	0.0004259850905218317	0.00034337009573485246	0.4028734029255625	1287.9862691530234	-3.11
AAAGCG	AAAGCG	5	4.15	0.0005324813631522897	0.00044147583737338194	0.39955616529729554	1277.3810604554537	-3.106
AAAGCT	AAAGCT	4	4.61	0.0004259850905218317	0.0004905287081926467	0.6752816085629718	2158.875302575821	-3.334
AAAGGA	AAAGGA	9	5.89	0.0009584664536741214	0.0006273184211276691	0.14166655862563482	452.90798792615453	-2.656
AAAGGC	AAAGGC	4	4.82	0.0004259850905218317	0.0005132605263771838	0.7087197000241432	2265.776880977186	-3.355
AAAGGG	AAAGGG	4	5.36	0.0004259850905218317	0.0005702894737524266	0.7813236769236773	2497.8917951249964	-3.398
AAAGGT	AAAGGT	5	5.89	0.0005324813631522897	0.0006273184211276691	0.7000220121959726	2237.9703729905245	-3.35
AAAGTA	AAAGTA	9	7.56	0.0009584664536741214	0.0008054997734531878	0.3467905963406287	1108.68953650099	-3.045
AAAGTC	AAAGTC	5	3.78	0.0005324813631522897	0.00040274988672659383	0.3286249800929584	1050.614061357188	-3.021
AAAGTG	AAAGTG	1	3.36	0.00010649627263045793	0.0003579998993125281	0.9653209338322546	3086.131025461718	-3.489
AAAGTT	AAAGTT	9	9.24	0.0009584664536741214	0.0009844997231094517	0.5760913027368858	1841.7638948498238	-3.265
AAATAA	AAATAA	15	14.11	0.001597444089456869	0.0015031201129617534	0.4416757438870471	1412.0373532068895	-3.15
AAATAC	AAATAC	6	4.70	0.0006389776357827476	0.0005010400376539181	0.33239010429440347	1062.6511634292078	-3.026
AAATAG	AAATAG	5	6.42	0.0005324813631522897	0.0006832364149826153	0.7667354673080943	2451.253288983977	-3.389
AAATAT	AAATAT	13	13.69	0.0013844515441959531	0.0014575710186295798	0.6100278024846326	1950.2588845433704	-3.29
AAATCA	AAATCA	4	4.27	0.0004259850905218317	0.00045464744157485174	0.6172715529322347	1973.4171547243543	-3.295
AAATCC	AAATCC	3	3.05	0.0003194888178913738	0.0003247481725534654	0.5877827486816269	1879.1414475351614	-3.274
AAATCG	AAATCG	1	1.22	0.00010649627263045793	0.0001298992690213862	0.7046972377150184	2252.9170689749135	-3.353
AAATCT	AAATCT	3	2.44	0.0003194888178913738	0.00025979853804277244	0.4405786587865496	1408.529972140599	-3.149
AAATGA	AAATGA	5	5.65	0.0005324813631522897	0.000601506479762473	0.6650951045938134	2126.3090493864215	-3.328
AAATGC	AAATGC	5	4.84	0.0005324813631522897	0.000515576982653548	0.5312270472010094	1698.3328699016272	-3.23
AAATGG	AAATGG	3	2.82	0.0003194888178913738	0.00030075323988123647	0.5362648809934535	1714.4388245360708	-3.234
AAATGT	AAATGT	6	5.65	0.0006389776357827476	0.000601506479762473	0.49628839965636784	1586.634013701408	-3.2
AAATTA	AAATTA	1	2.27	0.00010649627263045793	0.00024128709430016695	0.8962411492917541	2865.282954285738	-3.457
AAATTC	AAATTC	1	2.27	0.00010649627263045793	0.00024128709430016695	0.8962411492917541	2865.282954285738	-3.457
AAATTG	AAATTG	6	4.81	0.0006389776357827476	0.0005127350753878548	0.3515425507241048	1123.881534664963	-3.051
AAATTT	AAATTT	13	11.61	0.0013844515441959531	0.0012365963582883551	0.3797132005062219	1213.9431020183915	-3.084
AACAAA	AACAAA	6	4.66	0.0006389776357827476	0.000495979027172565	0.32413973636409105	1036.274737155999	-3.015
AACAAC	AACAAC	2	3.88	0.00021299254526091586	0.0004133158559771376	0.8993069419154756	2875.084293303775	-3.459
AACAAG	AACAAG	3	2.07	0.0003194888178913738	0.00022043512318780677	0.3422320503160366	1094.115864860369	-3.039
AACAAT	AACAAT	3	3.36	0.0003194888178913738	0.000358207075180186	0.6531790688783651	2088.2134832041334	-3.32
AACACA	AACACA	2	6.78	0.00021299254526091586	0.0007222292002821285	0.9911731161421119	3168.780452306332	-3.501
AACACC	AACACC	3	2.06	0.0003194888178913738	0.00021980888704238688	0.34064215525785513	1089.032970359363	-3.037
AACACG	AACACG	2	0.59	0.00021299254526091586	6.280253915496767e-05	0.1185266919141132	378.9298340494199	-2.579
AACACT	AACACT	6	3.54	0.0006389776357827476	0.0003768152349298059	0.147489104924688	471.5226684442275	-2.674
AACAGA	AACAGA	6	4.08	0.0006389776357827476	0.00043478680953439134	0.22791673145656918	728.6497904666517	-2.863
AACAGC	AACAGC	2	2.72	0.00021299254526091586	0.0002898578730229278	0.7552620651605334	2414.5728223182255	-3.383
AACAGG	AACAGG	3	3.06	0.0003194888178913738	0.0003260901071507935	0.5905529835805343	1887.9978885069681	-3.276
AACAGT	AACAGT	4	5.10	0.0004259850905218317	0.0005434835119179895	0.749177609878259	2395.120818780794	-3.379
AACATA	AACATA	3	3.85	0.0003194888178913738	0.0004097218050555973	0.7386558052752852	2361.4826094650866	-3.373
AACATC	AACATC	3	2.43	0.0003194888178913738	0.0002587716663509035	0.43807447384209103	1400.524092873165	-3.146
AACATG	AACATG	5	2.02	0.0005324813631522897	0.00021564305529241969	0.05492646845674509	175.59991965621407	-2.245
AACATT	AACATT	3	5.67	0.0003194888178913738	0.0006038005548187747	0.9215628632363546	2946.2364737666257	-3.469
AACCAA	AACCAA	2	2.82	0.00021299254526091586	0.0003006240225923507	0.7727855174331272	2470.5952992337075	-3.393
AACCAC	AACCAC	2	3.76	0.00021299254526091586	0.00040083203012313424	0.8895027245227333	2843.740210299178	-3.454
AACCAG	AACCAG	5	2.20	0.0005324813631522897	0.00023381868423849513	0.07201671434856202	230.2374357723528	-2.362
AACCAT	AACCAT	2	2.20	0.00021299254526091586	0.00023381868423849513	0.6443456327362806	2059.972987857889	-3.314
AACCCA	AACCCA	2	1.50	0.00021299254526091586	0.0001594218301626102	0.44116029151880626	1410.3894519856235	-3.149
AACCCT	AACCCT	1	0.56	0.00010649627263045793	5.9783186310978886e-05	0.4295696023333694	1373.3340186597818	-3.138
AACCGA	AACCGA	1	0.22	0.00010649627263045793	2.3618048912979295e-05	0.19890319120097655	635.8935022695221	-2.803
AACCGG	AACCGG	1	0.67	0.00010649627263045793	7.08541467389379e-05	0.4858912386115257	1553.3942898410478	-3.191
AACCTA	AACCTA	4	2.59	0.0004259850905218317	0.00027554390398475863	0.2612503541095987	835.217382088387	-2.922
AACCTC	AACCTC	2	2.22	0.00021299254526091586	0.00023618048912979294	0.649732160480589	2077.193717056443	-3.317
AACCTG	AACCTG	1	1.48	0.00010649627263045793	0.00015745365941986208	0.7720182875854054	2468.142465410541	-3.392
AACCTT	AACCTT	3	3.70	0.0003194888178913738	0.0003936341485496551	0.7139274214291744	2282.4259663090706	-3.358
AACGAC	AACGAC	1	0.75	0.00010649627263045793	7.971091508130517e-05	0.5269175026108222	1684.5552558467984	-3.226
AACGAG	AACGAG	1	1.50	0.00010649627263045793	0.00015942183016261037	0.7761929506640187	2481.488863272868	-3.395
AACGAT	AACGAT	2	1.00	0.00021299254526091586	0.00010628122010840689	0.26349824332115196	842.4038838977228	-2.926
AACGCA	AACGCA	1	0.94	0.00010649627263045793	9.963864385163143e-05	0.6076523091134807	1942.6644322357977	-3.288
AACGCC	AACGCC	2	1.56	0.00021299254526091586	0.0001660644064193858	0.4618368420937574	1476.4923841737425	-3.169
AACGCG	AACGCG	1	1.25	0.00010649627263045793	0.00013285152513550856	0.7127711002564304	2278.729207519808	-3.358
AACGCT	AACGCT	1	1.25	0.00010649627263045793	0.00013285152513550856	0.7127711002564304	2278.729207519808	-3.358
AACGGA	AACGGA	1	1.50	0.00010649627263045793	0.0001594218301626102	0.7761929506640183	2481.4888632728666	-3.395
AACGGG	AACGGG	1	0.64	0.00010649627263045793	6.832364149826146e-05	0.4735289810585324	1513.8721524441282	-3.18
AACGGT	AACGGT	1	0.64	0.00010649627263045793	6.832364149826146e-05	0.4735289810585324	1513.8721524441282	-3.18
AACGTA	AACGTA	4	1.79	0.0004259850905218317	0.00019076116429714066	0.10730621068688122	343.0579555659593	-2.535
AACGTC	AACGTC	1	0.90	0.00010649627263045793	9.538058214857022e-05	0.5916471567295871	1891.49596006449	-3.277
AACGTG	AACGTG	1	3.40	0.00010649627263045793	0.00036244621216456716	0.9667390064094431	3090.6646034909895	-3.49
AACGTT	AACGTT	1	0.90	0.00010649627263045793	9.538058214857022e-05	0.5916471567295871	1891.49596006449	-3.277
AACTAA	AACTAA	7	4.94	0.0007454739084132055	0.0005263450900606814	0.2294407125385704	733.5219579858095	-2.865
AACTAC	AACTAC	2	2.78	0.00021299254526091586	0.0002960691131591333	0.7655097865122431	2447.3347874796414	-3.389
AACTAT	AACTAT	4	3.09	0.0004259850905218317	0.000328965681287926	0.37269644719386785	1191.5105416787956	-3.076
AACTCA	AACTCA	5	5.81	0.0005324813631522897	0.0006183634624489129	0.6881990667000493	2200.1724162400574	-3.342
AACTCC	AACTCC	2	1.81	0.00021299254526091586	0.00019323858201528512	0.5414665363431993	1731.068516689208	-3.238
AACTCG	AACTCG	2	1.45	0.00021299254526091586	0.00015459086561222816	0.42584965924141904	1361.4413605948166	-3.134
AACTCT	AACTCT	3	2.90	0.0003194888178913738	0.00030918173122445637	0.5547806297904687	1773.6336734401284	-3.249
AACTGA	AACTGA	1	1.71	0.00010649627263045793	0.00018219637732869742	0.8192831763599516	2619.248314822765	-3.418
AACTGC	AACTGC	3	2.74	0.0003194888178913738	0.000291514203725916	0.5154725152992785	1647.9656314117933	-3.217
AACTGG	AACTGG	1	1.37	0.00010649627263045793	0.000145757101862958	0.7455521018872178	2383.530069733435	-3.377
AACTGT	AACTGT	7	6.16	0.0007454739084132055	0.0006559069583833107	0.41921321160203834	1340.2246374917165	-3.127
AACTTA	AACTTA	2	3.29	0.00021299254526091586	0.0003507280263577424	0.8405894095479229	2687.3643423247095	-3.429
AACTTC	AACTTC	3	3.89	0.0003194888178913738	0.00041449675842278636	0.745660227403641	2383.87574700944	-3.377
AACTTG	AACTTG	7	2.99	0.0007454739084132055	0.00031884366032522047	0.03320407801491206	106.15343741367387	-2.026
AACTTT	AACTTT	3	4.79	0.0003194888178913738	0.0005101498565203525	0.8565392327989927	2738.35592725838	-3.437
AAGAAA	AAGAAA	19	15.34	0.0020234291799787005	0.0016335277939949655	0.20524502541847464	656.1683462628635	-2.817
AAGAAC	AAGAAC	4	4.65	0.0004259850905218317	0.0004950084224227168	0.6820762613459819	2180.597807523104	-3.339
AAGAAG	AAGAAG	5	7.44	0.0005324813631522897	0.0007920134758763465	0.8632769289466014	2759.8963418422845	-3.441
AAGAAT	AAGAAT	6	6.51	0.0006389776357827476	0.000693011791391803	0.6320313291613477	2020.6041593288287	-3.305
AAGACA	AAGACA	4	3.85	0.0004259850905218317	0.00040994184898956895	0.536559278290083	1715.3800126933952	-3.234
AAGACC	AAGACC	3	2.14	0.0003194888178913738	0.0002277454716608717	0.3607616817857037	1153.3550966688947	-3.062
AAGACT	AAGACT	2	2.14	0.00021299254526091586	0.0002277454716608717	0.6301935240628751	2014.7286964290117	-3.304
AAGAGA	AAGAGA	5	3.89	0.0005324813631522897	0.00041449675842278636	0.35009813846767524	1119.2637486811577	-3.049
AAGAGC	AAGAGC	1	2.16	0.00010649627263045793	0.00023027597690154823	0.8849388350758695	2829.1494557375545	-3.452
AAGAGG	AAGAGG	5	3.46	0.0005324813631522897	0.000368441563042477	0.2669621174614228	853.4778895241686	-2.931
AAGAGT	AAGAGT	2	3.46	0.00021299254526091586	0.000368441563042477	0.8597869657216928	2748.7389294122518	-3.439
AAGATA	AAGATA	7	7.16	0.0007454739084132055	0.0007630446571885621	0.5745721003416733	1836.9070047923294	-3.264
AAGATC	AAGATC	2	1.07	0.00021299254526091586	0.00011445669857828433	0.29171484600882913	932.6123626902267	-2.97
AAGATG	AAGATG	4	3.94	0.0004259850905218317	0.00041967456145370897	0.55486837049066	1773.91418045864	-3.249
AAGATT	AAGATT	1	1.79	0.00010649627263045793	0.00019076116429714047	0.8332479553929696	2663.8937133913237	-3.426
AAGCAA	AAGCAA	4	5.72	0.0004259850905218317	0.0006095540565040977	0.8223871180249734	2629.17161632584	-3.42
AAGCAC	AAGCAC	5	3.05	0.0005324813631522897	0.0003250954968021855	0.19365930787997102	619.1288072922673	-2.792
AAGCAG	AAGCAG	1	0.76	0.00010649627263045793	8.127387420054644e-05	0.5338098490062305	1706.590087272919	-3.232
AAGCAT	AAGCAT	3	3.43	0.0003194888178913738	0.00036573243390245885	0.6668159935194853	2131.8107312817942	-3.329
AAGCCA	AAGCCA	6	4.66	0.0006389776357827476	0.0004959790271725654	0.3241397363640918	1036.2747371560015	-3.015
AAGCCG	AAGCCG	1	1.55	0.00010649627263045793	0.0001653263423908551	0.7882638500298657	2520.0795285454806	-3.401
AAGCGA	AAGCGA	1	2.25	0.00010649627263045793	0.00023913274524391538	0.8941208021668309	2858.5042045273585	-3.456
AAGCGC	AAGCGC	2	2.25	0.00021299254526091586	0.00023913274524391538	0.6563736715237998	2098.426627861588	-3.322
AAGCGG	AAGCGG	4	2.69	0.0004259850905218317	0.0002869592942926983	0.28470615108981995	910.2055650341543	-2.959
AAGCGT	AAGCGT	2	1.80	0.00021299254526091586	0.00019130619619513238	0.5360807432879591	1713.8501362916052	-3.234
AAGCTA	AAGCTA	2	1.93	0.00021299254526091586	0.00020570558730659388	0.57515695535654	1838.7767862748583	-3.265
AAGCTC	AAGCTC	4	2.58	0.0004259850905218317	0.0002742741164087918	0.2586637964930673	826.9481573883362	-2.917
AAGCTG	AAGCTG	2	1.93	0.00021299254526091586	0.00020570558730659388	0.57515695535654	1838.7767862748583	-3.265
AAGCTT	AAGCTT	2	3.54	0.00021299254526091586	0.0003771269100620889	0.8684049159340043	2776.2905162410116	-3.443
AAGGAA	AAGGAA	5	4.57	0.0005324813631522897	0.0004871222588301982	0.481896783860992	1540.6240180035913	-3.188
AAGGAC	AAGGAC	1	1.37	0.00010649627263045793	0.00014613667764905953	0.746457395028708	2386.4242919067797	-3.378
AAGGAG	AAGGAG	4	3.20	0.0004259850905218317	0.00034098558118113883	0.39789311682358736	1272.0642944850088	-3.105
AAGGCA	AAGGCA	1	0.56	0.00010649627263045793	5.9783186310978886e-05	0.4295696023333694	1373.3340186597818	-3.138
AAGGCC	AAGGCC	3	2.81	0.0003194888178913738	0.0002989159315548944	0.5321705930809285	1701.3493860797284	-3.231
AAGGCG	AAGGCG	3	1.68	0.0003194888178913738	0.00017934955893293656	0.2385835417946779	762.7515831175853	-2.882
AAGGCT	AAGGCT	2	3.93	0.00021299254526091586	0.00041848230417685186	0.9031218587768359	2887.2805825095443	-3.46
AAGGGA	AAGGGA	5	3.52	0.0005324813631522897	0.0003751101886179067	0.27876925739397457	891.2253158885367	-2.95
AAGGGC	AAGGGC	1	1.17	0.00010649627263045793	0.00012503672953930218	0.6909013787467422	2208.8117078533346	-3.344
AAGGGG	AAGGGG	2	1.76	0.00021299254526091586	0.00018755509430895334	0.5255019885458694	1680.0298573811444	-3.225
AAGGGT	AAGGGT	2	3.52	0.00021299254526091586	0.0003751101886179067	0.8664483983706459	2770.035529590955	-3.442
AAGGTA	AAGGTA	2	2.91	0.00021299254526091586	0.00030946590560977297	0.7863466636389198	2513.9502836536267	-3.4
AAGGTC	AAGGTC	2	1.61	0.00021299254526091586	0.00017192550311654055	0.47970187643615725	1533.6068989663947	-3.186
AAGGTG	AAGGTG	4	3.23	0.0004259850905218317	0.00034385100623308116	0.40387691421792793	1291.1944947547156	-3.111
AAGGTT	AAGGTT	3	3.23	0.0003194888178913738	0.00034385100623308116	0.6260663273368128	2001.5340484957906	-3.301
AAGTAA	AAGTAA	5	5.61	0.0005324813631522897	0.0005978318631097882	0.6599129692127321	2109.7417625731046	-3.324
AAGTAC	AAGTAC	5	4.49	0.0005324813631522897	0.0004782654904878303	0.4661707670334344	1490.3479422058897	-3.173
AAGTAG	AAGTAG	1	2.62	0.00010649627263045793	0.00027898820278456787	0.9271752365359771	2964.179231205519	-3.472
AAGTAT	AAGTAT	7	5.24	0.0007454739084132055	0.0005579764055691352	0.2735925306901668	874.6753206164633	-2.942
AAGTCA	AAGTCA	4	5.34	0.0004259850905218317	0.0005687481508503928	0.7795681105816523	2492.2792495295425	-3.397
AAGTCC	AAGTCC	1	0.73	0.00010649627263045793	7.755656602505361e-05	0.5172499021474053	1653.6479371652547	-3.218
AAGTCG	AAGTCG	2	1.21	0.00021299254526091586	0.00012926094337508927	0.3423403391967991	1094.462064412167	-3.039
AAGTCT	AAGTCT	2	1.70	0.00021299254526091586	0.00018096532072512506	0.506525989136347	1619.3635872689015	-3.209
AAGTGA	AAGTGA	3	2.90	0.0003194888178913738	0.00030918173122445637	0.5547806297904687	1773.6336734401284	-3.249
AAGTGT	AAGTGT	5	2.18	0.0005324813631522897	0.0002318862984183421	0.07007602998438264	224.0330678600713	-2.35
AAGTTA	AAGTTA	5	5.49	0.0005324813631522897	0.000584546710596237	0.6407487946473422	2048.4738964875532	-3.311
AAGTTC	AAGTTC	6	4.12	0.0006389776357827476	0.00043841003294717784	0.2333599233836974	746.0516750576807	-2.873
AAGTTG	AAGTTG	4	3.77	0.0004259850905218317	0.00040187586353491306	0.5211020769697927	1665.9633400724274	-3.222
AAGTTT	AAGTTT	7	8.58	0.0007454739084132055	0.0009133542353066206	0.7518730555387809	2403.7381585574826	-3.381
AATAAA	AATAAA	13	12.22	0.0013844515441959531	0.001301671025657601	0.44948607861869044	1437.0069933439534	-3.157
AATAAC	AATAAC	5	4.75	0.0005324813631522897	0.0005062053988668445	0.5152021320050134	1647.1012160200278	-3.217
AATAAG	AATAAG	7	6.45	0.0007454739084132055	0.0006869930413192892	0.46572420266712683	1488.9202759268044	-3.173
AATAAT	AATAAT	8	9.51	0.0008519701810436634	0.001012410797733689	0.7320142534888503	2340.2495684038545	-3.369
AATACA	AATACA	5	4.93	0.0005324813631522897	0.0005248990870660091	0.5469262133329205	1748.5231040253468	-3.243
AATACC	AATACC	3	1.57	0.0003194888178913738	0.00016701334588463933	0.2084713576720251	666.4829304774643	-2.824
AATACT	AATACT	3	2.69	0.0003194888178913738	0.0002863085929450961	0.5035389255483325	1609.813944978019	-3.207
AATAGA	AATAGA	5	5.41	0.0005324813631522897	0.0005766321516519946	0.6290172484805012	2010.9681433921623	-3.303
AATAGC	AATAGC	4	3.50	0.0004259850905218317	0.00037311492165717307	0.464132984897107	1483.8331527160512	-3.171
AATAGG	AATAGG	4	1.59	0.0004259850905218317	0.00016959769166235124	0.07778622961207339	248.68257606979864	-2.396
AATAGT	AATAGT	2	4.46	0.00021299254526091586	0.0004748735366545837	0.9368211342084332	2995.017166064361	-3.476
AATATA	AATATA	14	19.04	0.001490947816826411	0.0020275186605296083	0.9030454022448213	2887.036150976694	-3.46
AATATC	AATATC	4	2.66	0.0004259850905218317	0.00028341658695575173	0.277390917899418	886.8187645244393	-2.948
AATATG	AATATG	6	3.89	0.0006389776357827476	0.0004142242424737907	0.19785641520652594	632.5469594152635	-2.801
AATATT	AATATT	8	6.35	0.0008519701810436634	0.0006758395535098691	0.3048890474054917	974.730284555357	-2.989
AATCAA	AATCAA	3	3.22	0.0003194888178913738	0.00034337009573485316	0.6251332631459463	1998.5510422775903	-3.301
AATCAC	AATCAC	5	3.49	0.0005324813631522897	0.00037198427037942415	0.27322125497569594	873.4883521572999	-2.941
AATCAG	AATCAG	1	1.34	0.00010649627263045793	0.0001430708732228555	0.7390523586302506	2362.750390540911	-3.373
AATCAT	AATCAT	5	5.91	0.0005324813631522897	0.0006295118421805642	0.7028699627443283	2247.0752708936175	-3.352
AATCCA	AATCCA	4	3.91	0.0004259850905218317	0.0004158830352068097	0.5477815943969768	1751.2577572871348	-3.243
AATCCC	AATCCC	1	1.74	0.00010649627263045793	0.00018483690453635978	0.8237088754269779	2633.3972747400485	-3.421
AATCCT	AATCCT	5	3.91	0.0005324813631522897	0.0004158830352068097	0.3526379302677613	1127.3834630660328	-3.052
AATCGC	AATCGC	2	1.09	0.00021299254526091586	0.00011594314920917114	0.2968333457151995	948.9762062514927	-2.977
AATCGT	AATCGT	2	1.27	0.00021299254526091586	0.00013526700741069977	0.3625682838268787	1159.1308033945313	-3.064
AATCTA	AATCTA	1	2.97	0.00010649627263045793	0.00031637200404363	0.9487342872633693	3033.1035163809916	-3.482
AATCTC	AATCTC	2	1.11	0.00021299254526091586	0.00011863950151636125	0.3061026528191163	978.6101810627148	-2.991
AATCTG	AATCTG	1	1.11	0.00010649627263045793	0.00011863950151636125	0.6717648212818648	2147.6321336381216	-3.332
AATCTT	AATCTT	4	2.79	0.0004259850905218317	0.00029659875379090304	0.30474099123341186	974.2569489732177	-2.989
AATGAA	AATGAA	5	5.90	0.0005324813631522897	0.0006282401010852493	0.7012210284430521	2241.803627932438	-3.351
AATGAC	AATGAC	3	3.42	0.0003194888178913738	0.00036371795325988113	0.663204366461198	2120.26435957645	-3.326
AATGAG	AATGAG	2	1.24	0.00021299254526091586	0.00013226107391268413	0.35247230884044684	1126.8539713629086	-3.052
AATGAT	AATGAT	4	3.42	0.0004259850905218317	0.00036371795325988113	0.44498727227390356	1422.6243094596696	-3.153
AATGCA	AATGCA	2	4.38	0.00021299254526091586	0.0004666004785247127	0.9326891560285975	2981.8072318234263	-3.474
AATGCC	AATGCC	3	1.75	0.0003194888178913738	0.00018664019140988492	0.2567093326270151	820.6997364085673	-2.914
AATGCG	AATGCG	4	2.34	0.0004259850905218317	0.00024885358854651344	0.2081624698329119	665.4954160558193	-2.823
AATGCT	AATGCT	3	3.51	0.0003194888178913738	0.0003732803828197699	0.680095576875832	2174.265559272035	-3.337
AATGGA	AATGGA	1	1.40	0.00010649627263045793	0.00014879370815176955	0.7527049002232941	2406.3975660138713	-3.381
AATGGC	AATGGC	3	1.75	0.0003194888178913738	0.00018599213518971186	0.2550902161254635	815.5234209531069	-2.911
AATGGG	AATGGG	2	1.75	0.00021299254526091586	0.00018599213518971186	0.5210461825318159	1665.7846455542153	-3.222
AATGGT	AATGGT	1	2.10	0.00010649627263045793	0.00022319056222765414	0.8770231778680089	2803.8430996440243	-3.448
AATGTA	AATGTA	5	6.25	0.0005324813631522897	0.0006656560627842318	0.7470773184889248	2388.4061872090924	-3.378
AATGTC	AATGTC	1	0.74	0.00010649627263045793	7.831247797461549e-05	0.5206643365317395	1664.563883891971	-3.221
AATGTG	AATGTG	4	2.94	0.0004259850905218317	0.00031324991189846205	0.3396455234889377	1085.8467385941337	-3.036
AATGTT	AATGTT	4	4.04	0.0004259850905218317	0.00043071862886038544	0.5751649323969166	1838.8022888729422	-3.265
AATTAA	AATTAA	5	2.07	0.0005324813631522897	0.00022043512318780677	0.05917859896379303	189.1939808872463	-2.277
AATTAC	AATTAC	2	2.22	0.00021299254526091586	0.00023618048912979294	0.649732160480589	2077.193717056443	-3.317
AATTAT	AATTAT	1	2.81	0.00010649627263045793	0.0002991619528977376	0.9397426509255075	3004.3572550088475	-3.478
AATTCA	AATTCA	1	2.32	0.00010649627263045793	0.0002468467047679126	0.9015188931440454	2882.155901381513	-3.46
AATTCG	AATTCG	1	0.26	0.00010649627263045793	2.7427411640879183e-05	0.22705191673434658	725.884977799706	-2.861
AATTCT	AATTCT	6	3.35	0.0006389776357827476	0.0003565563513314295	0.12297578709738201	393.15359135033026	-2.595
AATTGA	AATTGA	4	5.90	0.0004259850905218317	0.0006284454754236229	0.839750456532786	2684.682209535317	-3.429
AATTGC	AATTGC	2	2.95	0.00021299254526091586	0.0003142227377118114	0.7933432998579263	2536.3185296457905	-3.404
AATTGG	AATTGG	3	2.95	0.0003194888178913738	0.0003142227377118114	0.5656406068059597	1808.3530199586532	-3.257
AATTGT	AATTGT	8	5.16	0.0008519701810436634	0.00054988979099567	0.15099332855839592	482.7256714011918	-2.684
AATTTA	AATTTA	8	10.15	0.0008519701810436634	0.0010806674460622804	0.7927703073940804	2534.486672738875	-3.404
AATTTC	AATTTC	10	8.84	0.0010649627263045794	0.0009412264852800508	0.3912731579265303	1250.9002858911174	-3.097
AATTTG	AATTTG	9	6.55	0.0009584664536741214	0.000697204803911148	0.2140116392698783	684.1952107458009	-2.835
AATTTT	AATTTT	14	15.38	0.001490947816826411	0.0016384312891911997	0.6726003530158975	2150.303328591824	-3.332
ACAAAA	ACAAAA	8	7.84	0.0008519701810436634	0.0008352805749364922	0.5249581954988242	1678.2913510097408	-3.225
ACAAAC	ACAAAC	2	2.02	0.00021299254526091586	0.00021555627740296583	0.6004709096318687	1919.705498093084	-3.283
ACAAAG	ACAAAG	3	3.54	0.0003194888178913738	0.0003772234854551902	0.6868745598834234	2195.9379679473045	-3.342
ACAAAT	ACAAAT	5	4.55	0.0005324813631522897	0.0004850016241566734	0.4781455430921161	1528.6313012654953	-3.184
ACAACA	ACAACA	4	4.53	0.0004259850905218317	0.00048197297491021695	0.662025892148195	2116.4967771977795	-3.326
ACAACC	ACAACC	6	3.48	0.0006389776357827476	0.0003707484422386283	0.13992848438632727	447.3513645830883	-2.651
ACAACG	ACAACG	1	1.39	0.00010649627263045793	0.00014829937689545136	0.7515543448840507	2402.71924059431	-3.381
ACAACT	ACAACT	4	5.57	0.0004259850905218317	0.0005931975075818056	0.8061215728714584	2577.1706684700525	-3.411
ACAAGA	ACAAGA	2	2.66	0.00021299254526091586	0.0002834165869557514	0.7442278986458004	2379.296591970624	-3.376
ACAAGC	ACAAGC	2	1.33	0.00021299254526091586	0.00014170829347787584	0.3839933943368561	1227.626881694929	-3.089
ACAAGT	ACAAGT	4	2.66	0.0004259850905218317	0.0002834165869557514	0.27739091789941733	886.8187645244373	-2.948
ACAATA	ACAATA	2	4.07	0.00021299254526091586	0.000433460662402914	0.9134312358238932	2920.2396609289867	-3.465
ACAATC	ACAATC	2	1.53	0.00021299254526091586	0.00016254774840109275	0.45094591677641527	1441.6740959341996	-3.159
ACAATG	ACAATG	1	3.05	0.00010649627263045793	0.0003250954968021855	0.9527662554523698	3045.9937186812263	-3.484
ACAATT	ACAATT	8	4.32	0.0008519701810436634	0.00046055195380309604	0.07284452213723673	232.88393727274584	-2.367
ACACAA	ACACAA	4	3.28	0.0004259850905218317	0.000349209723213337	0.41503587030388067	1326.8696773615065	-3.123
ACACAC	ACACAC	9	6.56	0.0009584664536741214	0.0006984194464266741	0.2153829334490763	688.5792382366969	-2.838
ACACAG	ACACAG	3	5.83	0.0003194888178913738	0.0006208172857125989	0.9299756792689444	2973.1322466228153	-3.473
ACACAT	ACACAT	7	7.29	0.0007454739084132055	0.0007760216071407491	0.5920973648153427	1892.9352753146507	-3.277
ACACCA	ACACCA	4	2.15	0.0004259850905218317	0.0002289133971565687	0.17080993994141394	546.0793779927004	-2.737
ACACCC	ACACCC	1	1.88	0.00010649627263045793	0.00020029922251199757	0.8475333963517717	2709.5642681366144	-3.433
ACACCG	ACACCG	1	0.81	0.00010649627263045793	8.584252393371326e-05	0.5533863160384843	1769.1760523750343	-3.248
ACACCT	ACACCT	1	2.15	0.00010649627263045793	0.0002289133971565687	0.8834572125667877	2824.41270857602	-3.451
ACACGA	ACACGA	1	0.13	0.00010649627263045793	1.4170829347787584e-05	0.12459101252879003	398.31746705454174	-2.6
ACACGC	ACACGC	1	0.40	0.00010649627263045793	4.2512488043362765e-05	0.3291382927479301	1052.2551219151326	-3.022
ACACTA	ACACTA	2	2.59	0.00021299254526091586	0.0002757566792001909	0.7305527488659024	2335.57713812429	-3.368
ACACTC	ACACTC	1	1.62	0.00010649627263045793	0.0001723479245001192	0.8017739060392828	2563.271177607587	-3.409
ACACTG	ACACTG	3	2.59	0.0003194888178913738	0.0002757566792001909	0.4788948379858218	1531.0267970406721	-3.185
ACACTT	ACACTT	6	5.18	0.0006389776357827476	0.0005515133584003812	0.41536442707682536	1327.9200733646107	-3.123
ACAGAA	ACAGAA	5	4.61	0.0005324813631522897	0.0004905287081926473	0.4879028231549555	1559.8253256263927	-3.193
ACAGAC	ACAGAC	1	1.84	0.00010649627263045793	0.00019621148327705873	0.8415673707335353	2690.4908842351124	-3.43
ACAGAG	ACAGAG	4	2.30	0.0004259850905218317	0.0002452643540963236	0.20126972130088727	643.4592989989366	-2.809
ACAGAT	ACAGAT	2	3.22	0.00021299254526091586	0.0003433700957348528	0.8319350227882438	2659.6962678540153	-3.425
ACAGCA	ACAGCA	1	2.28	0.00010649627263045793	0.00024292850310493011	0.89782810552346	2870.3564533585018	-3.458
ACAGCC	ACAGCC	2	1.52	0.00021299254526091586	0.0001619523354032867	0.4490895047248833	1435.7391466054519	-3.157
ACAGCG	ACAGCG	1	0.76	0.00010649627263045793	8.097616770164334e-05	0.5325048079626804	1702.4178710566894	-3.231
ACAGCT	ACAGCT	4	3.42	0.0004259850905218317	0.0003643927546573953	0.446369444880115	1427.0431152817275	-3.154
ACAGGA	ACAGGA	3	3.59	0.0003194888178913738	0.0003826123923902648	0.6959639303586325	2224.996685356548	-3.347
ACAGGG	ACAGGG	2	1.35	0.00021299254526091586	0.0001434796471463493	0.3898309811643118	1246.2896467823048	-3.096
ACAGGT	ACAGGT	4	4.04	0.0004259850905218317	0.0004304389414390476	0.5746574385357788	1837.1798309988847	-3.264
ACAGTA	ACAGTA	1	2.57	0.00010649627263045793	0.0002732945659930465	0.9231758299904694	2951.393128479531	-3.47
ACAGTC	ACAGTC	3	2.99	0.0003194888178913738	0.0003188436603252208	0.5754512975307434	1839.7177982057867	-3.265
ACAGTG	ACAGTG	1	1.28	0.00010649627263045793	0.0001366472829965232	0.7228282662147336	2310.881967088503	-3.364
ACAGTT	ACAGTT	10	8.13	0.0010649627263045794	0.0008654327923113132	0.2991794753681106	956.4767827518497	-2.981
ACATAA	ACATAA	2	5.83	0.00021299254526091586	0.0006213363637106862	0.9800072848518752	3133.083289671445	-3.496
ACATAC	ACATAC	6	3.28	0.0006389776357827476	0.0003495017045872611	0.114946762560774	367.4847999067945	-2.565
ACATAG	ACATAG	4	4.38	0.0004259850905218317	0.0004660022727830147	0.6363110267468188	2034.2863525095797	-3.308
ACATAT	ACATAT	7	5.47	0.0007454739084132055	0.0005825028409787681	0.3092103237063525	988.545404889209	-2.995
ACATCA	ACATCA	8	4.52	0.0008519701810436634	0.00048180819782477763	0.08859129143160958	283.2263587068558	-2.452
ACATCG	ACATCG	3	2.13	0.0003194888178913738	0.00022673326956460123	0.35820007431619677	1145.165637588881	-3.059
ACATCT	ACATCT	1	4.26	0.00010649627263045793	0.0004534665391292025	0.9858501435868255	3151.7629090470814	-3.499
ACATGA	ACATGA	3	3.99	0.0003194888178913738	0.0004251248804336277	0.7607107649352487	2431.99231549799	-3.386
ACATGC	ACATGC	5	2.99	0.0005324813631522897	0.0003188436603252208	0.18371984641686429	587.3523489947152	-2.769
ACATGG	ACATGG	1	1.00	0.00010649627263045793	0.00010628122010840689	0.6313769334224546	2018.5120561515873	-3.305
ACATGT	ACATGT	1	2.00	0.00010649627263045793	0.0002125624402168138	0.8641170347869664	2762.5821602139317	-3.441
ACATTA	ACATTA	8	7.20	0.0008519701810436634	0.0007665130419939645	0.43069582327000927	1376.9345469942195	-3.139
ACATTC	ACATTC	2	4.23	0.00021299254526091586	0.00045089002470233194	0.9241280923404811	2954.437511212518	-3.47
ACATTG	ACATTG	6	4.23	0.0006389776357827476	0.00045089002470233194	0.25240411923456446	806.9359691929026	-2.907
ACATTT	ACATTT	12	12.28	0.0012779552715654952	0.0013075810716367624	0.5698218775024579	1821.720542375358	-3.26
ACCAAA	ACCAAA	1	1.46	0.00010649627263045793	0.00015511313205010725	0.7669523430233102	2451.9466406455226	-3.39
ACCAAC	ACCAAC	2	2.18	0.00021299254526091586	0.0002326696980751609	0.641701511787611	2051.5197331849927	-3.312
ACCAAG	ACCAAG	2	1.94	0.00021299254526091586	0.00020681750940014317	0.5780722601347402	1848.0970156507644	-3.267
ACCAAT	ACCAAT	3	3.40	0.0003194888178913738	0.00036193064145025055	0.659976220223077	2109.9439760531773	-3.324
ACCACA	ACCACA	5	6.93	0.0005324813631522897	0.0007383747923320904	0.8208398680255615	2624.2250580777204	-3.419
ACCACC	ACCACC	4	2.21	0.0004259850905218317	0.00023493743392384703	0.18184101162162572	581.3457141543374	-2.764
ACCACG	ACCACG	2	1.26	0.00021299254526091586	0.00013424996224219832	0.3591588827681005	1148.2309482096173	-3.06
ACCACT	ACCACT	1	1.58	0.00010649627263045793	0.0001678124528027478	0.7931494923363342	2535.6989269992605	-3.404
ACCAGA	ACCAGA	3	2.33	0.0003194888178913738	0.0002479895135862827	0.41153662663831286	1315.6825953626862	-3.119
ACCAGC	ACCAGC	1	0.93	0.00010649627263045793	9.919580543451311e-05	0.6060174314926579	1937.437728482027	-3.287
ACCAGG	ACCAGG	1	1.86	0.00010649627263045793	0.00019839161086902625	0.8447777357123577	2700.7544210724077	-3.431
ACCAGT	ACCAGT	2	1.86	0.00021299254526091586	0.00019839161086902625	0.555614610148132	1776.299908643578	-3.25
ACCATA	ACCATA	2	2.40	0.00021299254526091586	0.0002557391858858541	0.6918616790898918	2211.8817880503843	-3.345
ACCATC	ACCATC	2	1.96	0.00021299254526091586	0.00020924115208842612	0.584375666065396	1868.2490044110712	-3.271
ACCATG	ACCATG	1	1.09	0.00010649627263045793	0.00011624508449357008	0.664301332188725	2123.771359007354	-3.327
ACCATT	ACCATT	2	1.53	0.00021299254526091586	0.000162743118290998	0.451554273760154	1443.6190132112124	-3.159
ACCCAA	ACCCAA	3	3.27	0.0003194888178913738	0.0003478294476275132	0.6337237839097767	2026.014937159556	-3.307
ACCCAC	ACCCAC	2	1.81	0.00021299254526091586	0.00019323858201528512	0.5414665363431993	1731.068516689208	-3.238
ACCCAG	ACCCAG	1	0.36	0.00010649627263045793	3.864771640305703e-05	0.3043454353596047	972.9923568446561	-2.988
ACCCAT	ACCCAT	2	2.54	0.00021299254526091586	0.00027053401482139927	0.7208759193869485	2304.6403142800746	-3.363
ACCCCA	ACCCCA	2	1.50	0.00021299254526091586	0.0001594218301626102	0.44116029151880626	1410.3894519856235	-3.149
ACCCCC	ACCCCC	1	0.37	0.00010649627263045793	3.9855457540652586e-05	0.31219007175733654	998.0716594082049	-2.999
ACCCGG	ACCCGG	1	0.71	0.00010649627263045793	7.591515722029061e-05	0.5097517219475693	1629.676255066379	-3.212
ACCCGT	ACCCGT	1	0.43	0.00010649627263045793	4.554909433217439e-05	0.34799692172054225	1112.5461587405737	-3.046
ACCCTC	ACCCTC	3	1.38	0.0003194888178913738	0.00014715861245779408	0.16212595937092197	518.3166921088375	-2.715
ACCGAA	ACCGAA	1	0.25	0.00010649627263045793	2.6570305027101716e-05	0.22080595115675847	705.9166258481569	-2.849
ACCGCA	ACCGCA	1	0.67	0.00010649627263045793	7.08541467389379e-05	0.4858912386115257	1553.3942898410478	-3.191
ACCGCT	ACCGCT	1	1.11	0.00010649627263045793	0.00011809024456489658	0.6700675678228802	2142.206014329748	-3.331
ACCGGA	ACCGGA	1	0.23	0.00010649627263045793	2.452643540963236e-05	0.20570728620232454	657.6461939888316	-2.818
ACCGGG	ACCGGG	2	0.92	0.00021299254526091586	9.810574163852946e-05	0.23528816421427598	752.2162609930404	-2.876
ACCGTA	ACCGTA	2	0.67	0.00021299254526091586	7.08541467389379e-05	0.14384417236730748	459.869819058282	-2.663
ACCGTG	ACCGTG	1	0.67	0.00010649627263045793	7.08541467389379e-05	0.4858912386115257	1553.3942898410478	-3.191
ACCTAA	ACCTAA	1	1.31	0.00010649627263045793	0.00013949410139228404	0.7301393628851687	2334.255543143884	-3.368
ACCTAC	ACCTAC	3	1.75	0.0003194888178913738	0.00018599213518971205	0.25509021612546395	815.5234209531083	-2.911
ACCTAG	ACCTAG	1	0.87	0.00010649627263045793	9.299606759485601e-05	0.5824007651686098	1861.9352462440456	-3.27
ACCTAT	ACCTAT	2	3.06	0.00021299254526091586	0.00032548623658199607	0.8091067003819523	2586.7141211211015	-3.413
ACCTCA	ACCTCA	2	1.61	0.00021299254526091586	0.00017168504786742656	0.47897614542815325	1531.286736933806	-3.185
ACCTCC	ACCTCC	2	1.15	0.00021299254526091586	0.0001226321770481619	0.3197829675162647	1022.3461471494983	-3.01
ACCTCT	ACCTCT	2	2.07	0.00021299254526091586	0.0002207379186866914	0.6133219894188279	1960.7904001719928	-3.292
ACCTGA	ACCTGA	1	0.92	0.00010649627263045793	9.810574163852946e-05	0.6019640352098012	1924.4790205657346	-3.284
ACCTGC	ACCTGC	1	1.23	0.00010649627263045793	0.00013080765551803927	0.7072053840797003	2260.935612902802	-3.354
ACCTGT	ACCTGT	2	1.54	0.00021299254526091586	0.00016350956939754918	0.4539371754072841	1451.2371497770873	-3.162
ACCTTA	ACCTTA	2	1.93	0.00021299254526091586	0.00020570558730659388	0.57515695535654	1838.7767862748583	-3.265
ACCTTG	ACCTTG	2	2.25	0.00021299254526091586	0.00023998985185769305	0.6582828468390363	2104.530261344399	-3.323
ACCTTT	ACCTTT	6	4.19	0.0006389776357827476	0.0004456954391642867	0.24442395154104726	781.4233730767281	-2.893
ACGAAA	ACGAAA	1	0.94	0.00010649627263045793	9.963864385163143e-05	0.6076523091134807	1942.6644322357977	-3.288
ACGAAG	ACGAAG	2	0.56	0.00021299254526091586	5.9783186310978886e-05	0.1093504444339714	349.5933708554066	-2.544
ACGACA	ACGACA	1	0.82	0.00010649627263045793	8.695736190687837e-05	0.5580372287113725	1784.045020190258	-3.251
ACGACG	ACGACG	1	0.27	0.00010649627263045793	2.8985787302292778e-05	0.23828022689884085	761.7818853955941	-2.882
ACGACT	ACGACT	1	1.63	0.00010649627263045793	0.00017391472381375657	0.8046689087948761	2572.5265014172187	-3.41
ACGAGA	ACGAGA	1	1.66	0.00010649627263045793	0.00017713536684734471	0.8104876518225969	2591.129022876842	-3.413
ACGAGC	ACGAGC	2	1.33	0.00021299254526091586	0.00014170829347787584	0.3839933943368561	1227.626881694929	-3.089
ACGAGG	ACGAGG	2	1.66	0.00021299254526091586	0.00017713536684734471	0.49527155564060527	1583.383163383015	-3.2
ACGATA	ACGATA	2	2.25	0.00021299254526091586	0.00023913274524391538	0.6563736715237998	2098.426627861588	-3.322
ACGATC	ACGATC	1	0.50	0.00010649627263045793	5.314061005420344e-05	0.39285663424727624	1255.962659688542	-3.099
ACGATT	ACGATT	1	0.50	0.00010649627263045793	5.314061005420344e-05	0.39285663424727624	1255.962659688542	-3.099
ACGCAC	ACGCAC	2	0.95	0.00021299254526091586	0.00010068747168164854	0.24418549119925193	780.6610153640084	-2.892
ACGCAG	ACGCAG	1	0.47	0.00010649627263045793	5.034373584082426e-05	0.3767002146507752	1204.3105862385282	-3.081
ACGCCA	ACGCCA	4	2.99	0.0004259850905218317	0.00031884366032522047	0.35141086209747013	1123.460526125612	-3.051
ACGCCT	ACGCCT	1	1.00	0.00010649627263045793	0.00010628122010840689	0.6313769334224546	2018.5120561515873	-3.305
ACGCGA	ACGCGA	2	1.66	0.00021299254526091586	0.00017713536684734471	0.49527155564060527	1583.383163383015	-3.2
ACGCGC	ACGCGC	2	1.33	0.00021299254526091586	0.0001417082934778757	0.38399339433685553	1227.626881694927	-3.089
ACGCTC	ACGCTC	1	0.76	0.00010649627263045793	8.097616770164334e-05	0.5325048079626804	1702.4178710566894	-3.231
ACGCTT	ACGCTT	3	1.52	0.0003194888178913738	0.00016195233540328654	0.19637514713243956	627.8113453824093	-2.798
ACGGAA	ACGGAA	2	2.88	0.00021299254526091586	0.0003063399873712901	0.7816358982104944	2498.8899665789504	-3.398
ACGGAC	ACGGAC	1	0.41	0.00010649627263045793	4.376285533875577e-05	0.33696878710466616	1077.2892123736176	-3.032
ACGGAT	ACGGAT	4	2.47	0.0004259850905218317	0.0002625771320325345	0.23509619934639606	751.6025493104282	-2.876
ACGGCA	ACGGCA	1	0.40	0.00010649627263045793	4.2512488043362765e-05	0.3291382927479301	1052.2551219151326	-3.022
ACGGGA	ACGGGA	2	0.92	0.00021299254526091586	9.810574163852946e-05	0.23528816421427598	752.2162609930404	-2.876
ACGGGC	ACGGGC	1	0.92	0.00010649627263045793	9.810574163852946e-05	0.6019640352098012	1924.4790205657346	-3.284
ACGGTA	ACGGTA	1	1.38	0.00010649627263045793	0.00014715861245779408	0.7488787455345025	2394.1653494738043	-3.379
ACGGTC	ACGGTC	1	0.92	0.00010649627263045793	9.810574163852946e-05	0.6019640352098012	1924.4790205657346	-3.284
ACGGTT	ACGGTT	1	0.69	0.00010649627263045793	7.357930622889696e-05	0.4988799999346483	1594.9193597910707	-3.203
ACGTAA	ACGTAA	2	2.85	0.00021299254526091586	0.0003036606288811625	0.7775256617755212	2485.7495406963412	-3.395
ACGTAG	ACGTAG	2	1.90	0.00021299254526091586	0.00020244041925410828	0.5665111254275793	1811.136067991971	-3.258
ACGTAT	ACGTAT	6	4.28	0.0006389776357827476	0.00045549094332174387	0.2595315050851404	829.7222217571938	-2.919
ACGTCA	ACGTCA	2	2.03	0.00021299254526091586	0.00021649878170231022	0.6028322464427793	1927.2546918775656	-3.285
ACGTCC	ACGTCC	2	0.92	0.00021299254526091586	9.840853713741385e-05	0.236330840403027	755.5496967684772	-2.878
ACGTCT	ACGTCT	1	0.92	0.00010649627263045793	9.840853713741385e-05	0.6030941435096376	1928.0919768003116	-3.285
ACGTGA	ACGTGA	11	7.95	0.0011714589989350373	0.0008468213344121446	0.179344320373794	573.3637922350194	-2.758
ACGTGC	ACGTGC	4	4.89	0.0004259850905218317	0.0005211208211767044	0.7196791126617619	2300.8141231796526	-3.362
ACGTGG	ACGTGG	1	2.45	0.00010649627263045793	0.0002605604105883521	0.9134179063366346	2920.197046558221	-3.465
ACGTGT	ACGTGT	3	3.67	0.0003194888178913738	0.0003908406158825283	0.7094537370595833	2268.123597379488	-3.356
ACGTTC	ACGTTC	1	1.07	0.00010649627263045793	0.00011387273583043594	0.6567392750252408	2099.5954622556947	-3.322
ACGTTT	ACGTTT	4	2.67	0.0004259850905218317	0.00028468183957608976	0.2800001232081232	895.1603938963698	-2.952
ACTAAA	ACTAAA	3	4.75	0.0003194888178913738	0.0005055539118670162	0.8523725414596378	2725.035015046462	-3.435
ACTAAC	ACTAAC	3	2.59	0.0003194888178913738	0.0002757566792001906	0.4788948379858207	1531.026797040669	-3.185
ACTAAG	ACTAAG	6	3.88	0.0006389776357827476	0.00041363501880028596	0.19701751659006025	629.8650005384226	-2.799
ACTAAT	ACTAAT	4	4.75	0.0004259850905218317	0.0005055539118670162	0.6976739472876143	2230.4636094785033	-3.348
ACTACA	ACTACA	3	2.62	0.0003194888178913738	0.00027898820278456814	0.4865044920327759	1555.3548610287846	-3.192
ACTACC	ACTACC	1	1.50	0.00010649627263045793	0.00015942183016261037	0.7761929506640187	2481.488863272868	-3.395
ACTACG	ACTACG	2	2.25	0.00021299254526091586	0.00023913274524391538	0.6563736715237998	2098.426627861588	-3.322
ACTACT	ACTACT	3	2.62	0.0003194888178913738	0.00027898820278456814	0.4865044920327759	1555.3548610287846	-3.192
ACTAGA	ACTAGA	1	1.96	0.00010649627263045793	0.00020831119141247764	0.8585829690191016	2744.889751954068	-3.439
ACTAGC	ACTAGC	1	1.40	0.00010649627263045793	0.0001487937081517697	0.7527049002232944	2406.397566013872	-3.381
ACTAGT	ACTAGT	5	3.07	0.0005324813631522897	0.0003273461579338933	0.19728285681357804	630.713293233009	-2.8
ACTATA	ACTATA	2	3.13	0.00021299254526091586	0.0003334312787714725	0.8195713077363532	2620.169470833121	-3.418
ACTATC	ACTATC	3	2.15	0.0003194888178913738	0.00022923400415538739	0.36452585911212165	1165.389171581453	-3.066
ACTATG	ACTATG	1	1.37	0.00010649627263045793	0.0001458761844625193	0.7458364628515538	2384.4391717364174	-3.377
ACTATT	ACTATT	4	3.33	0.0004259850905218317	0.0003542707336946895	0.425531248037676	1360.4233999764501	-3.134
ACTCAA	ACTCAA	5	5.19	0.0005324813631522897	0.0005526623445637157	0.5921051088030462	1892.9600328433387	-3.277
ACTCAC	ACTCAC	1	1.60	0.00010649627263045793	0.00017004995217345095	0.7974501096960406	2549.4480006982417	-3.406
ACTCAG	ACTCAG	5	3.99	0.0005324813631522897	0.00042512488043362724	0.3695850185324047	1181.563304248098	-3.072
ACTCAT	ACTCAT	5	5.19	0.0005324813631522897	0.0005526623445637157	0.5921051088030462	1892.9600328433387	-3.277
ACTCCA	ACTCCA	2	1.08	0.00021299254526091586	0.0001155230653352248	0.29538736651626324	944.3534107524936	-2.975
ACTCCC	ACTCCC	1	1.74	0.00010649627263045793	0.0001848369045363596	0.8237088754269775	2633.397274740047	-3.421
ACTCCG	ACTCCG	1	0.65	0.00010649627263045793	6.931383920113478e-05	0.4784013987879506	1529.4492719250782	-3.185
ACTCCT	ACTCCT	1	1.52	0.00010649627263045793	0.0001617322914693146	0.7809962042002441	2496.84486482818	-3.397
ACTCGC	ACTCGC	1	0.54	0.00010649627263045793	5.797157460458556e-05	0.41978298726671864	1342.0462102916995	-3.128
ACTCGT	ACTCGT	3	1.63	0.0003194888178913738	0.00017391472381375657	0.22521912430073296	720.0255403894432	-2.857
ACTCTA	ACTCTA	3	1.83	0.0003194888178913738	0.00019484890353207914	0.27732604611332956	886.6113694243146	-2.948
ACTCTC	ACTCTC	1	2.33	0.00010649627263045793	0.0002479895135862827	0.9025700414106941	2885.5164223899887	-3.46
ACTCTG	ACTCTG	3	1.33	0.0003194888178913738	0.00014170829347787584	0.15000100328430274	479.55320749991586	-2.681
ACTCTT	ACTCTT	1	2.49	0.00010649627263045793	0.00026570305027101717	0.9174995591520985	2933.2460906092588	-3.467
ACTGAA	ACTGAA	3	1.75	0.0003194888178913738	0.00018599213518971205	0.25509021612546395	815.5234209531083	-2.911
ACTGAG	ACTGAG	2	1.25	0.00021299254526091586	0.00013285152513550856	0.35445999272745277	1133.2085967496664	-3.054
ACTGCA	ACTGCA	3	3.59	0.0003194888178913738	0.0003826123923902648	0.6959639303586325	2224.996685356548	-3.347
ACTGCC	ACTGCC	1	0.40	0.00010649627263045793	4.2512488043362765e-05	0.3291382927479301	1052.2551219151326	-3.022
ACTGCG	ACTGCG	2	2.00	0.00021299254526091586	0.0002125624402168138	0.5928998930396212	1895.500958047669	-3.278
ACTGCT	ACTGCT	2	2.00	0.00021299254526091586	0.0002125624402168138	0.5928998930396212	1895.500958047669	-3.278
ACTGGA	ACTGGA	1	1.54	0.00010649627263045793	0.00016350956939754918	0.7846207511497043	2508.4325414256045	-3.399
ACTGGC	ACTGGC	2	0.92	0.00021299254526091586	9.810574163852946e-05	0.23528816421427598	752.2162609930404	-2.876
ACTGGG	ACTGGG	1	0.61	0.00010649627263045793	6.540382775901962e-05	0.4588950047169219	1467.0873300799994	-3.166
ACTGTA	ACTGTA	4	3.88	0.0004259850905218317	0.0004136350188002864	0.5435519952589214	1737.7357288427718	-3.24
ACTGTC	ACTGTC	1	3.88	0.00010649627263045793	0.0004136350188002864	0.9794322883102513	3131.2450257278733	-3.496
ACTGTG	ACTGTG	9	6.31	0.0009584664536741214	0.0006721569055504654	0.18654112112375942	596.3719642326589	-2.776
ACTGTT	ACTGTT	4	3.88	0.0004259850905218317	0.0004136350188002864	0.5435519952589214	1737.7357288427718	-3.24
ACTTAA	ACTTAA	2	1.37	0.00021299254526091586	0.00014613667764905953	0.39854029879790787	1274.1333352569116	-3.105
ACTTAC	ACTTAC	3	3.43	0.0003194888178913738	0.0003653416941226487	0.6661176841083875	2129.5782360945145	-3.328
ACTTAG	ACTTAG	2	1.72	0.00021299254526091586	0.00018267084706132433	0.5114846815523749	1635.2165269229426	-3.214
ACTTAT	ACTTAT	4	4.46	0.0004259850905218317	0.00047494420235944304	0.6508635717519435	2080.8108388909636	-3.318
ACTTCA	ACTTCA	9	4.66	0.0009584664536741214	0.0004959790271725654	0.04799369522278385	153.43584362723996	-2.186
ACTTCG	ACTTCG	1	2.33	0.00010649627263045793	0.0002479895135862827	0.9025700414106941	2885.5164223899887	-3.46
ACTTCT	ACTTCT	3	3.66	0.0003194888178913738	0.0003896978070641587	0.707608120865455	2262.2231624068595	-3.355
ACTTGA	ACTTGA	4	3.07	0.0004259850905218317	0.0003270191387950981	0.36860569499289986	1178.4324068923008	-3.071
ACTTGC	ACTTGC	1	2.05	0.00010649627263045793	0.000218012759196732	0.8708963629084232	2784.255672218229	-3.445
ACTTGG	ACTTGG	1	1.28	0.00010649627263045793	0.00013625797449795757	0.7218131810939007	2307.6367399572005	-3.363
ACTTGT	ACTTGT	4	3.58	0.0004259850905218317	0.000381522328594281	0.4810591571614603	1537.9461254451885	-3.187
ACTTTA	ACTTTA	3	3.33	0.0003194888178913738	0.0003542707336946895	0.6458880101623308	2064.9039684889713	-3.315
ACTTTC	ACTTTC	5	3.33	0.0005324813631522897	0.0003542707336946895	0.2422714262048112	774.5417495767814	-2.889
ACTTTG	ACTTTG	2	1.55	0.00021299254526091586	0.0001653263423908551	0.4595616113331819	1469.2184714321825	-3.167
ACTTTT	ACTTTT	6	7.76	0.0006389776357827476	0.0008266317119542754	0.7859843833026622	2512.792073418611	-3.4
AGAAAA	AGAAAA	19	18.30	0.0020234291799787005	0.0019484890353207935	0.46546667892092475	1488.0969725101963	-3.173
AGAAAC	AGAAAC	3	3.20	0.0003194888178913738	0.00034098558118113883	0.6204831854624553	1983.6847439234696	-3.297
AGAAAG	AGAAAG	5	4.12	0.0005324813631522897	0.00043841003294717876	0.3939438160475264	1259.4383799039417	-3.1
AGAAAT	AGAAAT	6	7.32	0.0006389776357827476	0.0007793956141283175	0.7381123950896351	2359.7453271015634	-3.373
AGAACA	AGAACA	5	3.22	0.0005324813631522897	0.00034284264551099	0.2228315493347585	712.3924632232229	-2.853
AGAACC	AGAACC	2	1.61	0.00021299254526091586	0.00017142132275549496	0.4781794667043544	1528.739755053821	-3.184
AGAACG	AGAACG	1	2.25	0.00010649627263045793	0.00023998985185769305	0.8949695224901323	2861.2175634009527	-3.457
AGAACT	AGAACT	2	2.90	0.00021299254526091586	0.0003085583809598909	0.7849883305933306	2509.607692906878	-3.4
AGAAGA	AGAAGA	6	4.39	0.0006389776357827476	0.0004676373684769908	0.27859022864052363	890.652960963754	-2.95
AGAAGC	AGAAGC	2	3.59	0.00021299254526091586	0.0003826123923902652	0.8735939161448629	2792.879749915127	-3.446
AGAAGG	AGAAGG	3	3.19	0.0003194888178913738	0.0003400999043469023	0.6187460112458985	1978.1309979531375	-3.296
AGAAGT	AGAAGT	5	4.79	0.0005324813631522897	0.0005101498565203536	0.5219754475423839	1668.7555057930012	-3.222
AGAATA	AGAATA	4	4.30	0.0004259850905218317	0.00045782679431313744	0.6226650945408241	1990.6603072470145	-3.299
AGAATC	AGAATC	1	2.51	0.00010649627263045793	0.00026706563001599676	0.9185483972042986	2936.5992258621427	-3.468
AGAATG	AGAATG	3	2.51	0.0003194888178913738	0.00026706563001599676	0.4581723775495115	1464.7770910257882	-3.166
AGAATT	AGAATT	6	4.66	0.0006389776357827476	0.0004959790271725654	0.3241397363640918	1036.2747371560015	-3.015
AGACAA	AGACAA	5	3.19	0.0005324813631522897	0.0003394142190558799	0.21709373168726565	694.0486602041883	-2.841
AGACAG	AGACAG	1	1.16	0.00010649627263045793	0.0001234233523839564	0.6861830041951927	2193.7270644120313	-3.341
AGACAT	AGACAT	3	3.77	0.0003194888178913738	0.00040112589524785833	0.7256613273868958	2319.939263655906	-3.365
AGACCA	AGACCA	3	2.30	0.0003194888178913738	0.0002452643540963236	0.40476513000510367	1294.0341206263165	-3.112
AGACCG	AGACCG	1	0.77	0.00010649627263045793	8.17547846987745e-05	0.5359103008573707	1713.3052318410141	-3.234
AGACCT	AGACCT	1	1.15	0.00010649627263045793	0.00012263217704816176	0.6838429333377167	2186.2458578806804	-3.34
AGACGA	AGACGA	1	0.57	0.00010649627263045793	6.073212577623251e-05	0.4346298677756418	1389.5116872787269	-3.143
AGACGC	AGACGC	1	0.57	0.00010649627263045793	6.073212577623251e-05	0.4346298677756418	1389.5116872787269	-3.143
AGACTC	AGACTC	2	1.38	0.00021299254526091586	0.0001465947863564232	0.40003603789706577	1278.9152131569192	-3.107
AGACTG	AGACTG	2	1.20	0.00021299254526091586	0.0001282704380618704	0.33898391068067685	1083.731562446124	-3.035
AGACTT	AGACTT	1	1.20	0.00010649627263045793	0.0001282704380618704	0.7001459472100099	2238.3665932304016	-3.35
AGAGAA	AGAGAA	4	4.87	0.0004259850905218317	0.0005181209480284827	0.7155329429995747	2287.5588187696403	-3.359
AGAGAC	AGAGAC	1	1.12	0.00010649627263045793	0.00011956637262195755	0.6746091614178891	2156.725489052991	-3.334
AGAGAG	AGAGAG	2	1.12	0.00021299254526091586	0.00011956637262195755	0.3092836782558347	988.7799193839035	-2.995
AGAGAT	AGAGAT	2	1.87	0.00021299254526091586	0.00019927728770326267	0.5580148028989946	1783.973324868086	-3.251
AGAGCA	AGAGCA	2	2.30	0.00021299254526091586	0.0002452643540963236	0.6698444474329379	2141.4926984431027	-3.331
AGAGCC	AGAGCC	1	0.77	0.00010649627263045793	8.17547846987745e-05	0.5359103008573707	1713.3052318410141	-3.234
AGAGCG	AGAGCG	1	0.77	0.00010649627263045793	8.17547846987745e-05	0.5359103008573707	1713.3052318410141	-3.234
AGAGCT	AGAGCT	1	1.15	0.00010649627263045793	0.00012263217704816176	0.6838429333377167	2186.2458578806804	-3.34
AGAGGA	AGAGGA	2	1.41	0.00021299254526091586	0.00015004407544716257	0.41124073645947345	1314.7366344609366	-3.119
AGAGGC	AGAGGC	3	2.35	0.0003194888178913738	0.0002500734590786044	0.41669844354109914	1332.184924000894	-3.125
AGAGGG	AGAGGG	2	1.41	0.00021299254526091586	0.00015004407544716257	0.41124073645947345	1314.7366344609366	-3.119
AGAGGT	AGAGGT	1	2.82	0.00010649627263045793	0.0003000881508943252	0.9402644367670665	3006.0254043443115	-3.478
AGAGTA	AGAGTA	4	2.76	0.0004259850905218317	0.0002943172249155882	0.29998396004717715	959.0487202708254	-2.982
AGAGTC	AGAGTC	2	2.15	0.00021299254526091586	0.00022891339715656848	0.6329488639975762	2023.5375182002513	-3.306
AGAGTG	AGAGTG	2	1.84	0.00021299254526091586	0.00019621148327705873	0.5496670025795545	1757.2854072468356	-3.245
AGATAA	AGATAA	3	4.14	0.0003194888178913738	0.00044116732875187795	0.7820501516869787	2500.214334943271	-3.398
AGATAC	AGATAC	2	1.88	0.00021299254526091586	0.00020053060397812614	0.5613954492411473	1794.7812512239477	-3.254
AGATAG	AGATAG	3	4.52	0.0003194888178913738	0.00048127344954750317	0.8285653197726194	2648.923327313064	-3.423
AGATAT	AGATAT	12	9.41	0.0012779552715654952	0.0010026530198906306	0.238996809415709	764.0727997020217	-2.883
AGATCA	AGATCA	1	1.07	0.00010649627263045793	0.00011387273583043594	0.6567392750252408	2099.5954622556947	-3.322
AGATCG	AGATCG	1	0.64	0.00010649627263045793	6.83236414982616e-05	0.4735289810585331	1513.8721524441303	-3.18
AGATCT	AGATCT	1	0.86	0.00010649627263045793	9.109818866434879e-05	0.5748919859141115	1837.9296789674145	-3.264
AGATGA	AGATGA	3	3.66	0.0003194888178913738	0.00038969780706415833	0.7076081208654545	2262.223162406858	-3.355
AGATGC	AGATGC	5	3.66	0.0005324813631522897	0.00038969780706415833	0.30492919835768884	974.8586471495312	-2.989
AGATGG	AGATGG	1	2.03	0.00010649627263045793	0.00021649878170231022	0.8690478854227917	2778.346089696665	-3.444
AGATGT	AGATGT	2	1.63	0.00021299254526091586	0.00017319902536184825	0.48353514885868176	1545.8618709012055	-3.189
AGATTA	AGATTA	2	0.96	0.00021299254526091586	0.00010219348087346819	0.24938173225706117	797.2733980258246	-2.902
AGATTT	AGATTT	3	2.30	0.0003194888178913738	0.0002452643540963236	0.40476513000510367	1294.0341206263165	-3.112
AGCAAA	AGCAAA	6	7.68	0.0006389776357827476	0.000817547846987745	0.7773310847440092	2485.1274779265977	-3.395
AGCAAC	AGCAAC	5	2.69	0.0005324813631522897	0.00028614174644571075	0.13514452911806774	432.05705959046253	-2.636
AGCAAG	AGCAAG	2	1.54	0.00021299254526091586	0.00016350956939754902	0.45393717540728357	1451.2371497770855	-3.162
AGCAAT	AGCAAT	2	3.07	0.00021299254526091586	0.00032701913879509776	0.811167018863617	2593.3009593069833	-3.414
AGCACA	AGCACA	1	2.35	0.00010649627263045793	0.0002500734590786044	0.9044580423393351	2891.5523613588543	-3.461
AGCACC	AGCACC	1	0.94	0.00010649627263045793	0.00010002938363144169	0.6090892134019266	1947.2582152459593	-3.289
AGCACG	AGCACG	2	2.11	0.00021299254526091586	0.0002250661131707439	0.6238114520827476	1994.325212308544	-3.3
AGCACT	AGCACT	4	2.58	0.0004259850905218317	0.0002750808049864648	0.26030644277369985	832.1996975475184	-2.92
AGCAGA	AGCAGA	1	0.29	0.00010649627263045793	3.036606288811625e-05	0.2480890130977217	793.1405748734162	-2.899
AGCAGG	AGCAGG	1	0.14	0.00010649627263045793	1.5183031444058124e-05	0.13287198932206185	424.7917498626317	-2.628
AGCATA	AGCATA	3	2.45	0.0003194888178913738	0.00026087208572063496	0.44319202194612045	1416.884894161747	-3.151
AGCATC	AGCATC	1	2.45	0.00010649627263045793	0.00026087208572063496	0.9136709296121518	2921.005961970049	-3.466
AGCATG	AGCATG	2	1.63	0.00021299254526091586	0.00017391472381375676	0.4856816621983874	1552.7242740482445	-3.191
AGCATT	AGCATT	3	2.45	0.0003194888178913738	0.00026087208572063496	0.44319202194612045	1416.884894161747	-3.151
AGCCAA	AGCCAA	4	2.74	0.0004259850905218317	0.000291514203725916	0.2941516180086985	940.402722773809	-2.973
AGCCAC	AGCCAC	5	4.79	0.0005324813631522897	0.000510149856520353	0.521975447542383	1668.7555057929985	-3.222
AGCCAT	AGCCAT	3	3.08	0.0003194888178913738	0.0003279534791916553	0.5943796106293079	1900.2316151818973	-3.279
AGCCCA	AGCCCA	1	0.50	0.00010649627263045793	5.314061005420344e-05	0.39285663424727624	1255.962659688542	-3.099
AGCCCT	AGCCCT	1	0.50	0.00010649627263045793	5.314061005420344e-05	0.39285663424727624	1255.962659688542	-3.099
AGCCGA	AGCCGA	1	0.73	0.00010649627263045793	7.729543280611408e-05	0.5160647266949823	1649.8589312438583	-3.217
AGCCGG	AGCCGG	1	1.09	0.00010649627263045793	0.00011594314920917114	0.6633482181348671	2120.72425337717	-3.326
AGCCGT	AGCCGT	2	2.18	0.00021299254526091586	0.0002318862984183423	0.6398898080067251	2045.7277161975003	-3.311
AGCGAC	AGCGAC	3	1.33	0.0003194888178913738	0.0001417082934778757	0.1500010032843024	479.5532074999148	-2.681
AGCGAG	AGCGAG	1	0.67	0.00010649627263045793	7.085414673893777e-05	0.4858912386115251	1553.3942898410457	-3.191
AGCGAT	AGCGAT	1	1.66	0.00010649627263045793	0.00017713536684734455	0.8104876518225965	2591.129022876841	-3.413
AGCGCA	AGCGCA	2	1.31	0.00021299254526091586	0.00013984371066895628	0.37782246518714047	1207.898421203288	-3.082
AGCGCC	AGCGCC	2	1.84	0.00021299254526091586	0.00019578119493653866	0.5484865169909205	1753.511394819973	-3.244
AGCGCT	AGCGCT	1	0.53	0.00010649627263045793	5.593748426758247e-05	0.4085942667684177	1306.2758708586314	-3.116
AGCGGA	AGCGGA	3	2.99	0.0003194888178913738	0.00031884366032522015	0.575451297530742	1839.7177982057822	-3.265
AGCGGG	AGCGGG	2	2.40	0.00021299254526091586	0.00025507492826017624	0.6905022882723292	2207.5358156066363	-3.344
AGCGGT	AGCGGT	1	0.60	0.00010649627263045793	6.376873206504403e-05	0.4505230174971974	1440.3220869385402	-3.158
AGCGTA	AGCGTA	1	0.80	0.00010649627263045793	8.502497608672537e-05	0.5499445697428371	1758.1727894678502	-3.245
AGCGTC	AGCGTC	1	1.86	0.00010649627263045793	0.00019839161086902604	0.8447777357123574	2700.7544210724063	-3.431
AGCGTG	AGCGTG	1	0.80	0.00010649627263045793	8.502497608672537e-05	0.5499445697428371	1758.1727894678502	-3.245
AGCGTT	AGCGTT	1	0.53	0.00010649627263045793	5.668331739115023e-05	0.4127216321212577	1319.4710578916608	-3.12
AGCTAA	AGCTAA	1	1.00	0.00010649627263045793	0.00010628122010840689	0.6313769334224546	2018.5120561515873	-3.305
AGCTAC	AGCTAC	1	1.00	0.00010649627263045793	0.00010628122010840689	0.6313769334224546	2018.5120561515873	-3.305
AGCTAG	AGCTAG	3	1.75	0.0003194888178913738	0.00018599213518971205	0.25509021612546395	815.5234209531083	-2.911
AGCTAT	AGCTAT	1	2.25	0.00010649627263045793	0.00023913274524391562	0.8941208021668312	2858.5042045273594	-3.456
AGCTCA	AGCTCA	3	2.66	0.0003194888178913738	0.00028341658695575173	0.49684382491294304	1588.409708246679	-3.201
AGCTCG	AGCTCG	2	1.48	0.00021299254526091586	0.00015745365941986208	0.43494963706985557	1390.5339897123283	-3.143
AGCTCT	AGCTCT	3	2.66	0.0003194888178913738	0.00028341658695575173	0.49684382491294304	1588.409708246679	-3.201
AGCTGC	AGCTGC	2	0.80	0.00021299254526091586	8.502497608672554e-05	0.1906272786288193	609.4354097763353	-2.785
AGCTGG	AGCTGG	2	1.60	0.00021299254526091586	0.0001700499521734511	0.4740247135937256	1515.4570093591408	-3.181
AGCTGT	AGCTGT	2	2.00	0.00021299254526091586	0.0002125624402168138	0.5928998930396212	1895.500958047669	-3.278
AGCTTA	AGCTTA	2	2.20	0.00021299254526091586	0.00023381868423849513	0.6443456327362806	2059.972987857889	-3.314
AGCTTC	AGCTTC	3	2.74	0.0003194888178913738	0.0002922733552981188	0.5171999219802178	1653.4881505707563	-3.218
AGCTTG	AGCTTG	3	1.65	0.0003194888178913738	0.00017536401317887136	0.22876905697991892	731.3746751648008	-2.864
AGCTTT	AGCTTT	3	4.39	0.0003194888178913738	0.0004676373684769903	0.8137992049892616	2601.7160583506693	-3.415
AGGAAA	AGGAAA	6	4.32	0.0006389776357827476	0.0004595944653336517	0.2659325374099754	850.1863220996914	-2.93
AGGAAC	AGGAAC	1	1.62	0.00010649627263045793	0.00017234792450011938	0.801773906039283	2563.2711776075876	-3.409
AGGAAG	AGGAAG	1	2.43	0.00010649627263045793	0.0002585218867501789	0.9117446107093623	2914.8475204378315	-3.465
AGGAAT	AGGAAT	2	1.62	0.00021299254526091586	0.00017234792450011938	0.48097529936462696	1537.6780320687124	-3.187
AGGACA	AGGACA	1	1.50	0.00010649627263045793	0.00015942183016261037	0.7761929506640187	2481.488863272868	-3.395
AGGACC	AGGACC	2	0.43	0.00021299254526091586	4.554909433217439e-05	0.06913129587397691	221.0127529091042	-2.344
AGGAGA	AGGAGA	4	3.76	0.0004259850905218317	0.0004005984450239952	0.518631535853583	1658.0650201239048	-3.22
AGGAGC	AGGAGC	1	0.54	0.00010649627263045793	5.722834928914216e-05	0.415719556429365	1329.0554219046799	-3.124
AGGAGT	AGGAGT	2	2.69	0.00021299254526091586	0.0002861417464457111	0.7489474171883576	2394.384892751179	-3.379
AGGATA	AGGATA	2	1.55	0.00021299254526091586	0.00016532634239085526	0.4595616113331826	1469.2184714321847	-3.167
AGGATG	AGGATG	1	1.33	0.00010649627263045793	0.00014170829347787584	0.7356921814636088	2352.0079041391573	-3.371
AGGATT	AGGATT	1	1.11	0.00010649627263045793	0.00011809024456489658	0.6700675678228802	2142.206014329748	-3.331
AGGCAA	AGGCAA	1	0.33	0.00010649627263045793	3.542707336946895e-05	0.2829862195267972	904.7069438271707	-2.957
AGGCCA	AGGCCA	2	1.33	0.00021299254526091586	0.00014170829347787584	0.3839933943368561	1227.626881694929	-3.089
AGGCCG	AGGCCG	1	1.66	0.00010649627263045793	0.00017713536684734471	0.8104876518225969	2591.129022876842	-3.413
AGGCCT	AGGCCT	2	1.33	0.00021299254526091586	0.00014170829347787584	0.3839933943368561	1227.626881694929	-3.089
AGGCGC	AGGCGC	2	0.75	0.00021299254526091586	7.971091508130517e-05	0.17282211650567977	552.5123064686583	-2.742
AGGCGT	AGGCGT	1	1.50	0.00010649627263045793	0.0001594218301626102	0.7761929506640183	2481.4888632728666	-3.395
AGGCTC	AGGCTC	2	2.57	0.00021299254526091586	0.00027409367291115425	0.7275028264630103	2325.826536202244	-3.367
AGGCTG	AGGCTG	2	1.47	0.00021299254526091586	0.000156624955949231	0.4323234354068381	1382.1380229956615	-3.141
AGGCTT	AGGCTT	3	2.21	0.0003194888178913738	0.00023493743392384657	0.37891142006422257	1211.3798099453195	-3.083
AGGGAA	AGGGAA	3	3.19	0.0003194888178913738	0.0003400999043469019	0.6187460112458976	1978.1309979531345	-3.296
AGGGAC	AGGGAC	1	1.60	0.00010649627263045793	0.00017004995217345095	0.7974501096960406	2549.4480006982417	-3.406
AGGGAT	AGGGAT	2	0.80	0.00021299254526091586	8.502497608672537e-05	0.1906272786288187	609.4354097763334	-2.785
AGGGCA	AGGGCA	1	0.54	0.00010649627263045793	5.797157460458556e-05	0.41978298726671864	1342.0462102916995	-3.128
AGGGGG	AGGGGG	1	0.82	0.00010649627263045793	8.695736190687837e-05	0.5580372287113725	1784.045020190258	-3.251
AGGGGT	AGGGGT	2	1.09	0.00021299254526091586	0.00011594314920917114	0.2968333457151995	948.9762062514927	-2.977
AGGGTC	AGGGTC	3	1.58	0.0003194888178913738	0.00016781245280274765	0.21039637542197961	672.6372122240688	-2.828
AGGGTT	AGGGTT	3	1.26	0.0003194888178913738	0.00013424996224219803	0.1339140658835972	428.1232686298602	-2.632
AGGTAA	AGGTAA	3	3.29	0.0003194888178913738	0.0003507280263577428	0.6392334875637442	2043.6294597412902	-3.31
AGGTAT	AGGTAT	6	2.99	0.0006389776357827476	0.00031884366032522047	0.08330841243402469	266.33699455157694	-2.425
AGGTCA	AGGTCA	4	1.66	0.0004259850905218317	0.00017713536684734471	0.08777732291969355	280.62410137426025	-2.448
AGGTCT	AGGTCT	1	1.00	0.00010649627263045793	0.00010628122010840689	0.6313769334224546	2018.5120561515873	-3.305
AGGTGA	AGGTGA	6	4.75	0.0006389776357827476	0.0005061010481352706	0.34066511893958573	1089.1063852498555	-3.037
AGGTGC	AGGTGC	1	1.43	0.00010649627263045793	0.00015183031444058123	0.7596566258666266	2428.6222328956055	-3.385
AGGTGG	AGGTGG	2	2.38	0.00021299254526091586	0.00025305052406763553	0.6863288285397404	2194.19326484155	-3.341
AGGTGT	AGGTGT	1	1.43	0.00010649627263045793	0.00015183031444058123	0.7596566258666266	2428.6222328956055	-3.385
AGGTTA	AGGTTA	3	3.44	0.0003194888178913738	0.00036648696589105823	0.6681614273295009	2136.1120831724143	-3.33
AGGTTC	AGGTTC	2	1.38	0.00021299254526091586	0.00014659478635642334	0.40003603789706643	1278.9152131569215	-3.107
AGGTTG	AGGTTG	3	1.38	0.0003194888178913738	0.00014659478635642334	0.16085816021772123	514.2635382160548	-2.711
AGGTTT	AGGTTT	2	3.79	0.00021299254526091586	0.00040313566248016393	0.8913762374212635	2849.729831035779	-3.455
AGTAAA	AGTAAA	9	6.32	0.0009584664536741214	0.0006731143940199106	0.18756163073699306	599.6345334661668	-2.778
AGTAAC	AGTAAC	2	3.33	0.00021299254526091586	0.0003542707336946895	0.84461038474676	2700.2194000353916	-3.431
AGTAAG	AGTAAG	3	2.00	0.0003194888178913738	0.0002125624402168138	0.32223043177832095	1030.170690395292	-3.013
AGTAAT	AGTAAT	1	3.33	0.00010649627263045793	0.0003542707336946895	0.9640850698882867	3082.1799684328525	-3.489
AGTACA	AGTACA	5	5.32	0.0005324813631522897	0.0005668331739115029	0.6141743744759334	1963.515475199559	-3.293
AGTACC	AGTACC	2	1.33	0.00021299254526091586	0.00014170829347787584	0.3839933943368561	1227.626881694929	-3.089
AGTACG	AGTACG	4	3.10	0.0004259850905218317	0.00033065268478171025	0.37624003959183017	1202.839406575081	-3.08
AGTACT	AGTACT	1	2.22	0.00010649627263045793	0.00023618048912979294	0.89114459019769	2848.989254862015	-3.455
AGTAGA	AGTAGA	3	2.15	0.0003194888178913738	0.0002289133971565687	0.3637154172738301	1162.7981890244348	-3.066
AGTAGC	AGTAGC	2	2.42	0.00021299254526091586	0.0002575275718011399	0.6954970527214055	2223.5040775503335	-3.347
AGTAGT	AGTAGT	2	1.88	0.00021299254526091586	0.00020029922251199757	0.5607727293774903	1792.7904158198367	-3.254
AGTATA	AGTATA	6	6.83	0.0006389776357827476	0.0007274359065197631	0.6771385777109489	2164.8120329419035	-3.335
AGTATC	AGTATC	2	1.86	0.00021299254526091586	0.00019839161086902625	0.555614610148132	1776.299908643578	-3.25
AGTATG	AGTATG	2	2.17	0.00021299254526091586	0.00023145687934719722	0.6388936625935935	2042.5430393117183	-3.31
AGTATT	AGTATT	4	3.10	0.0004259850905218317	0.00033065268478171025	0.37624003959183017	1202.839406575081	-3.08
AGTCAA	AGTCAA	10	9.27	0.0010649627263045794	0.000987234444562535	0.4481357661751219	1432.6900444618648	-3.156
AGTCAC	AGTCAC	4	4.39	0.0004259850905218317	0.0004676373684769903	0.6390013157052243	2042.887206309602	-3.31
AGTCAG	AGTCAG	1	2.44	0.00010649627263045793	0.00025979853804277244	0.9127962785868596	2918.20970264219	-3.465
AGTCAT	AGTCAT	7	5.85	0.0007454739084132055	0.0006235164913026537	0.37039173961405825	1184.1423915461442	-3.073
AGTCCA	AGTCCA	1	0.67	0.00010649627263045793	7.08541467389379e-05	0.4858912386115257	1553.3942898410478	-3.191
AGTCCC	AGTCCC	1	1.00	0.00010649627263045793	0.00010628122010840689	0.6313769334224546	2018.5120561515873	-3.305
AGTCCG	AGTCCG	1	0.67	0.00010649627263045793	7.08541467389379e-05	0.4858912386115257	1553.3942898410478	-3.191
AGTCGA	AGTCGA	2	1.08	0.00021299254526091586	0.0001155230653352248	0.29538736651626324	944.3534107524936	-2.975
AGTCGC	AGTCGC	2	1.52	0.00021299254526091586	0.00016173229146931476	0.4484025381469758	1433.5429144558816	-3.156
AGTCGT	AGTCGT	1	1.95	0.00010649627263045793	0.00020794151760340483	0.8580912239912168	2743.31764309992	-3.438
AGTCTA	AGTCTA	3	1.47	0.0003194888178913738	0.00015662495594923132	0.18383705061452582	587.727050814639	-2.769
AGTCTC	AGTCTC	2	2.21	0.00021299254526091586	0.00023493743392384678	0.646905288828042	2068.15620838325	-3.316
AGTCTG	AGTCTG	1	1.10	0.00010649627263045793	0.00011746871696192338	0.6681364047835006	2136.0320860928514	-3.33
AGTCTT	AGTCTT	1	2.21	0.00010649627263045793	0.00023493743392384678	0.8898665541699795	2844.9033736814245	-3.454
AGTGAA	AGTGAA	1	2.48	0.00010649627263045793	0.00026452214782536827	0.9165796477889108	2930.3051339811477	-3.467
AGTGAC	AGTGAC	1	1.42	0.00010649627263045793	0.0001511555130430676	0.7581288826131709	2423.738037714307	-3.384
AGTGAG	AGTGAG	1	1.06	0.00010649627263045793	0.00011336663478230071	0.6551041186216814	2094.3678672335154	-3.321
AGTGAT	AGTGAT	5	3.02	0.0005324813631522897	0.00032120546521651865	0.18745254391335084	599.2857828909827	-2.778
AGTGCA	AGTGCA	2	1.22	0.00021299254526091586	0.0001298992690213862	0.34450047201296274	1101.3680090254418	-3.042
AGTGGA	AGTGGA	2	1.61	0.00021299254526091586	0.00017168504786742637	0.4789761454281527	1531.2867369338041	-3.185
AGTGGC	AGTGGC	1	1.61	0.00010649627263045793	0.00017168504786742637	0.8005362172983231	2559.314286702739	-3.408
AGTGGT	AGTGGT	3	1.84	0.0003194888178913738	0.00019621148327705873	0.2807646138389007	897.6044704429656	-2.953
AGTGTA	AGTGTA	2	1.50	0.00021299254526091586	0.0001594218301626102	0.44116029151880626	1410.3894519856235	-3.149
AGTGTC	AGTGTC	2	1.00	0.00021299254526091586	0.00010628122010840689	0.26349824332115196	842.4038838977228	-2.926
AGTGTG	AGTGTG	1	1.75	0.00010649627263045793	0.00018599213518971205	0.8256108790682376	2639.4779803811557	-3.422
AGTGTT	AGTGTT	1	1.75	0.00010649627263045793	0.00018599213518971205	0.8256108790682376	2639.4779803811557	-3.422
AGTTAA	AGTTAA	3	4.28	0.0003194888178913738	0.0004562315790019415	0.800631482244648	2559.6188487361396	-3.408
AGTTAC	AGTTAC	5	3.89	0.0005324813631522897	0.000414755980910856	0.35057299264724845	1120.7818574932533	-3.05
AGTTAG	AGTTAG	5	3.89	0.0005324813631522897	0.000414755980910856	0.35057299264724845	1120.7818574932533	-3.05
AGTTAT	AGTTAT	3	3.89	0.0003194888178913738	0.000414755980910856	0.746036148351908	2385.0775662810497	-3.378
AGTTCA	AGTTCA	3	3.48	0.0003194888178913738	0.000370270057151869	0.6748471071603617	2157.486201591676	-3.334
AGTTCC	AGTTCC	2	1.16	0.00021299254526091586	0.0001234233523839564	0.32248627847322764	1030.9886322789087	-3.013
AGTTCG	AGTTCG	1	1.55	0.00010649627263045793	0.00016456446984527517	0.7867436619530591	2515.21948726393	-3.401
AGTTCT	AGTTCT	6	5.79	0.0006389776357827476	0.000617116761919782	0.5208117059869267	1665.0350240402047	-3.221
AGTTGA	AGTTGA	2	2.63	0.00021299254526091586	0.00028058242108619405	0.7392389750912455	2363.3470033667118	-3.374
AGTTGC	AGTTGC	2	1.32	0.00021299254526091586	0.000140291210543097	0.3793058798202291	1212.6408977852725	-3.084
AGTTGG	AGTTGG	3	3.51	0.0003194888178913738	0.000374109894781592	0.6815306901057625	2178.8536162681226	-3.338
AGTTGT	AGTTGT	4	3.51	0.0004259850905218317	0.000374109894781592	0.4661466404345967	1490.2708094694055	-3.173
AGTTTA	AGTTTA	6	7.62	0.0006389776357827476	0.0008118704313836633	0.7717902738906531	2467.413505628418	-3.392
AGTTTC	AGTTTC	4	5.89	0.0004259850905218317	0.0006273544242510129	0.8387878782273508	2681.6048466928405	-3.428
AGTTTG	AGTTTG	5	3.81	0.0005324813631522897	0.0004059352156918316	0.3344372429302134	1069.195865647892	-3.029
AGTTTT	AGTTTT	10	7.62	0.0010649627263045794	0.0008118704313836633	0.23789168158158355	760.5397060163226	-2.881
ATAAAA	ATAAAA	13	13.42	0.0013844515441959531	0.0014290342366383387	0.5820948234516419	1860.957150574899	-3.27
ATAAAC	ATAAAC	6	5.63	0.0006389776357827476	0.0005992724218160773	0.4927429807758601	1575.2993095404247	-3.197
ATAAAG	ATAAAG	6	8.66	0.0006389776357827476	0.0009219575720247339	0.8618502516022727	2755.335254372466	-3.44
ATAAAT	ATAAAT	10	8.22	0.0010649627263045794	0.0008758596934234979	0.3115698608449962	996.0888451214529	-2.998
ATAACA	ATAACA	8	7.34	0.0008519701810436634	0.0007811669677967903	0.45109546033352493	1442.1521866862793	-3.159
ATAACC	ATAACC	2	2.10	0.00021299254526091586	0.00022319056222765436	0.6192933494462078	1979.8808381795266	-3.297
ATAACG	ATAACG	3	1.40	0.0003194888178913738	0.00014879370815176955	0.16581947005964878	530.1248457806971	-2.724
ATAACT	ATAACT	1	3.14	0.00010649627263045793	0.00033478584334148127	0.9568744249392076	3059.127536530647	-3.486
ATAAGA	ATAAGA	8	8.62	0.0008519701810436634	0.0009178832645726049	0.6296301191565572	2012.9274909435135	-3.304
ATAAGC	ATAAGC	6	3.02	0.0006389776357827476	0.00032125914260041174	0.08560316624966431	273.6733225001768	-2.437
ATAAGG	ATAAGG	2	2.59	0.00021299254526091586	0.00027536497937178127	0.729837004228815	2333.288902519522	-3.368
ATAAGT	ATAAGT	3	4.74	0.0003194888178913738	0.0005048357955149325	0.8517120270472938	2722.9233504701983	-3.435
ATAATA	ATAATA	13	9.86	0.0013844515441959531	0.0010503085281301382	0.19558417065723194	625.2825935911706	-2.796
ATAATC	ATAATC	5	4.93	0.0005324813631522897	0.0005251542640650691	0.5473524116245787	1749.8856599637782	-3.243
ATAATG	ATAATG	2	3.70	0.00021299254526091586	0.00039386569804880184	0.8836528765256099	2825.038246252375	-3.451
ATAATT	ATAATT	8	9.45	0.0008519701810436634	0.001006545672791382	0.7262708146675873	2321.8877944922765	-3.366
ATACAA	ATACAA	6	7.20	0.0006389776357827476	0.0007666186368475241	0.7239278345060486	2314.3972869158374	-3.364
ATACAC	ATACAC	4	3.60	0.0004259850905218317	0.000383309318423762	0.48462973376468144	1549.3612588456865	-3.19
ATACAG	ATACAG	4	3.24	0.0004259850905218317	0.00034497838658138606	0.4062281394097269	1298.7113616928968	-3.114
ATACAT	ATACAT	7	7.92	0.0007454739084132055	0.0008432805005322763	0.676558435406815	2162.957317995588	-3.335
ATACCA	ATACCA	4	3.34	0.0004259850905218317	0.00035581104123249245	0.4287160835425278	1370.6053190854614	-3.137
ATACCC	ATACCC	2	1.21	0.00021299254526091586	0.00012938583317545174	0.342763154969677	1095.8138064380573	-3.04
ATACCG	ATACCG	1	0.61	0.00010649627263045793	6.469291658772592e-05	0.4552707990302565	1455.5007444997302	-3.163
ATACGA	ATACGA	2	2.20	0.00021299254526091586	0.00023455165817027723	0.646024305936066	2065.339706077603	-3.315
ATACGG	ATACGG	1	1.38	0.00010649627263045793	0.0001465947863564232	0.7475457018026239	2389.9036086629885	-3.378
ATACGT	ATACGT	5	3.58	0.0005324813631522897	0.0003811464445267005	0.28954399879629217	925.6721641517461	-2.966
ATACTA	ATACTA	6	3.99	0.0006389776357827476	0.00042512488043362724	0.21360845058448774	682.9062165186073	-2.834
ATACTC	ATACTC	1	2.28	0.00010649627263045793	0.00024292850310492987	0.8978281055234598	2870.356453358501	-3.458
ATACTG	ATACTG	3	2.28	0.0003194888178913738	0.00024292850310492987	0.3989427545123952	1275.4199861761274	-3.106
ATACTT	ATACTT	2	3.42	0.00021299254526091586	0.0003643927546573949	0.8555952988471093	2735.3381704142084	-3.437
ATAGAA	ATAGAA	6	6.46	0.0006389776357827476	0.0006882974254639679	0.6255743271192055	1999.9611238000998	-3.301
ATAGAC	ATAGAC	3	2.02	0.0003194888178913738	0.00021509294545749003	0.32866178166224064	1050.7317159741833	-3.021
ATAGAG	ATAGAG	3	3.23	0.0003194888178913738	0.0003441487127319839	0.6266431356747358	2003.3781047521304	-3.302
ATAGAT	ATAGAT	5	5.25	0.0005324813631522897	0.0005592416581894738	0.602438761809523	1925.9967215050451	-3.285
ATAGCA	ATAGCA	1	3.29	0.00010649627263045793	0.0003507280263577424	0.962870228597792	3078.2961208271413	-3.488
ATAGCC	ATAGCC	2	1.83	0.00021299254526091586	0.00019484890353207895	0.5459213316065341	1745.3104971460896	-3.242
ATAGCG	ATAGCG	4	2.56	0.0004259850905218317	0.00027278846494491063	0.25564398312182796	817.293814040484	-2.912
ATAGCT	ATAGCT	4	3.29	0.0004259850905218317	0.0003507280263577424	0.41818924076019487	1336.951002710343	-3.126
ATAGGA	ATAGGA	1	1.07	0.00010649627263045793	0.00011387273583043582	0.6567392750252403	2099.5954622556933	-3.322
ATAGGG	ATAGGG	1	0.36	0.00010649627263045793	3.79575786101453e-05	0.29982268099257137	958.5331111332507	-2.982
ATAGGT	ATAGGT	3	2.85	0.0003194888178913738	0.0003036606288811622	0.5427016675908494	1735.0172312879454	-3.239
ATAGTA	ATAGTA	5	3.95	0.0005324813631522897	0.00042111426835406477	0.362228352125778	1158.0440417461123	-3.064
ATAGTC	ATAGTC	3	3.69	0.0003194888178913738	0.0003930399837971271	0.7129803887010644	2279.398302677303	-3.358
ATAGTG	ATAGTG	2	1.32	0.00021299254526091586	0.00014037142278468834	0.3795716166740052	1213.4904585067945	-3.084
ATAGTT	ATAGTT	4	5.01	0.0004259850905218317	0.0005334114065818151	0.7361978445111892	2353.624508902272	-3.372
ATATAA	ATATAA	14	22.44	0.001490947816826411	0.002390285479692992	0.9773627486520733	3124.628707440678	-3.495
ATATAC	ATATAC	15	14.56	0.001597444089456869	0.001550455446287346	0.48857240207580427	1561.9659694363463	-3.194
ATATAG	ATATAG	4	4.85	0.0004259850905218317	0.0005168184820957823	0.7137187736450341	2281.758919343174	-3.358
ATATAT	ATATAT	60	50.96	0.006389776357827476	0.005426594062005711	0.11733154113664296	375.10893701384754	-2.574
ATATCA	ATATCA	5	4.61	0.0005324813631522897	0.0004912554173899693	0.48918088266864757	1563.9112818916662	-3.194
ATATCC	ATATCC	2	2.02	0.00021299254526091586	0.0002149242451081117	0.5988814892957007	1914.6241212783552	-3.282
ATATCG	ATATCG	2	2.02	0.00021299254526091586	0.0002149242451081117	0.5988814892957007	1914.6241212783552	-3.282
ATATCT	ATATCT	4	4.32	0.0004259850905218317	0.00046055195380309604	0.6272495935650448	2005.3169506274483	-3.302
ATATGA	ATATGA	5	4.74	0.0005324813631522897	0.0005048357955149325	0.5128408885490561	1639.5523206913322	-3.215
ATATGC	ATATGC	4	5.21	0.0004259850905218317	0.0005553193750664261	0.7637967376258099	2441.858170189714	-3.388
ATATGG	ATATGG	3	2.37	0.0003194888178913738	0.0002524178977574662	0.4224875789438705	1350.692789883554	-3.131
ATATGT	ATATGT	7	6.64	0.0007454739084132055	0.0007067701137209058	0.49486213922865757	1582.0742591140183	-3.199
ATATTA	ATATTA	7	8.34	0.0007454739084132055	0.0008884632332657822	0.726665777162379	2323.1504895881258	-3.366
ATATTC	ATATTC	4	3.82	0.0004259850905218317	0.00040721231524681683	0.5313565385049027	1698.746853600174	-3.23
ATATTG	ATATTG	5	4.17	0.0005324813631522897	0.000444231616632891	0.40459616981282326	1293.4939548915959	-3.112
ATATTT	ATATTT	15	14.60	0.001597444089456869	0.0015548106582151187	0.49285660239140766	1575.6625578453302	-3.197
ATCAAA	ATCAAA	5	4.83	0.0005324813631522897	0.0005139569450018481	0.5284737616078826	1689.5306158604008	-3.228
ATCAAC	ATCAAC	2	2.14	0.00021299254526091586	0.00022842530888971015	0.6317993396859919	2019.862488976116	-3.305
ATCAAG	ATCAAG	1	1.79	0.00010649627263045793	0.00019035442407475852	0.8326098631074603	2661.8537323545506	-3.425
ATCAAT	ATCAAT	4	3.22	0.0004259850905218317	0.0003426379633345653	0.40134506603050296	1283.100176099518	-3.108
ATCACA	ATCACA	2	2.66	0.00021299254526091586	0.0002834165869557514	0.7442278986458004	2379.296591970624	-3.376
ATCACC	ATCACC	3	2.66	0.0003194888178913738	0.0002834165869557514	0.49684382491294204	1588.4097082466758	-3.201
ATCACG	ATCACG	5	4.66	0.0005324813631522897	0.000495979027172565	0.49745958988993955	1590.3783088781367	-3.202
ATCACT	ATCACT	3	2.99	0.0003194888178913738	0.00031884366032522047	0.5754512975307425	1839.717798205784	-3.265
ATCAGC	ATCAGC	3	1.38	0.0003194888178913738	0.0001465947863564232	0.16085816021772092	514.2635382160538	-2.711
ATCAGT	ATCAGT	2	1.38	0.00021299254526091586	0.0001465947863564232	0.40003603789706577	1278.9152131569192	-3.107
ATCATA	ATCATA	5	4.77	0.0005324813631522897	0.0005083014874749896	0.5188065321576086	1658.6244833078747	-3.22
ATCATC	ATCATC	7	5.73	0.0007454739084132055	0.0006099617849699873	0.3500261954347898	1119.033746805023	-3.049
ATCATT	ATCATT	10	7.95	0.0010649627263045794	0.000847169145791649	0.27779813737002823	888.1206451719803	-2.948
ATCCAA	ATCCAA	2	3.48	0.00021299254526091586	0.000370270057151869	0.8616431865759752	2754.6732674833925	-3.44
ATCCAC	ATCCAC	3	2.03	0.0003194888178913738	0.00021599086667192368	0.3309436075468296	1058.0267133272143	-3.024
ATCCAT	ATCCAT	4	2.61	0.0004259850905218317	0.00027770254286390173	0.26565871791106216	849.3109211616658	-2.929
ATCCCA	ATCCCA	2	1.28	0.00021299254526091586	0.00013603996173876067	0.3651548113371562	1167.3999318448884	-3.067
ATCCCT	ATCCCT	2	1.12	0.00021299254526091586	0.00011903496652141557	0.307460248185447	982.950413448874	-2.993
ATCCGT	ATCCGT	1	0.43	0.00010649627263045793	4.554909433217439e-05	0.34799692172054225	1112.5461587405737	-3.046
ATCCTA	ATCCTA	2	1.32	0.00021299254526091586	0.00014066632073171502	0.3805481746203294	1216.6125142611932	-3.085
ATCCTC	ATCCTC	2	3.17	0.00021299254526091586	0.00033759916975611596	0.8248524802415791	2637.0533793323284	-3.421
ATCCTG	ATCCTG	1	1.59	0.00010649627263045793	0.00016879958487805795	0.7950579662461771	2541.800318089028	-3.405
ATCCTT	ATCCTT	4	2.91	0.0004259850905218317	0.00030946590560977297	0.33169292095980274	1060.4222683084893	-3.025
ATCGAA	ATCGAA	3	1.21	0.0003194888178913738	0.00012938583317545187	0.1237672690712985	395.6839592209413	-2.597
ATCGAG	ATCGAG	1	1.56	0.00010649627263045793	0.00016635321408272393	0.7902956673776218	2526.575248606257	-3.403
ATCGCA	ATCGCA	3	2.08	0.0003194888178913738	0.00022180428544363166	0.34570695969029086	1105.22515012986	-3.043
ATCGCT	ATCGCT	3	2.60	0.0003194888178913738	0.00027725535680453943	0.4824306144048071	1542.3306742521684	-3.188
ATCGGC	ATCGGC	1	0.91	0.00010649627263045793	9.661929100764256e-05	0.5963693866100783	1906.5929289924204	-3.28
ATCGGG	ATCGGG	2	0.91	0.00021299254526091586	9.661929100764256e-05	0.23017343691671277	735.8644778227307	-2.867
ATCGGT	ATCGGT	2	1.36	0.00021299254526091586	0.00014492893651146387	0.39458864928145293	1261.499911752805	-3.101
ATCGTA	ATCGTA	1	0.80	0.00010649627263045793	8.502497608672554e-05	0.5499445697428379	1758.1727894678527	-3.245
ATCGTC	ATCGTC	1	2.00	0.00010649627263045793	0.0002125624402168138	0.8641170347869664	2762.5821602139317	-3.441
ATCGTT	ATCGTT	5	3.19	0.0005324813631522897	0.0003400999043469023	0.21823760366388695	697.7056189134465	-2.844
ATCTAA	ATCTAA	3	4.06	0.0003194888178913738	0.00043285442371423865	0.7711964318367371	2465.5149925820488	-3.392
ATCTAC	ATCTAC	1	2.03	0.00010649627263045793	0.0002164272118571193	0.8689598506747207	2778.064642607082	-3.444
ATCTAG	ATCTAG	3	2.61	0.0003194888178913738	0.0002782635581020107	0.484802759731165	1549.9144228605344	-3.19
ATCTAT	ATCTAT	9	7.26	0.0009584664536741214	0.0007729543280611407	0.3051178149772423	975.4616544822436	-2.989
ATCTCC	ATCTCC	2	1.17	0.00021299254526091586	0.00012476491056204284	0.3270638052005521	1045.6229852261652	-3.019
ATCTCG	ATCTCG	1	1.04	0.00010649627263045793	0.00011090214272181581	0.6470296147901506	2068.5536784841115	-3.316
ATCTCT	ATCTCT	3	2.86	0.0003194888178913738	0.0003049808924849936	0.5456074456271914	1744.307003670131	-3.242
ATCTGA	ATCTGA	1	1.84	0.00010649627263045793	0.00019621148327705873	0.8415673707335353	2690.4908842351124	-3.43
ATCTGC	ATCTGC	2	1.38	0.00021299254526091586	0.00014715861245779408	0.40187453164960973	1284.7928776838023	-3.109
ATCTGG	ATCTGG	1	0.69	0.00010649627263045793	7.35793062288971e-05	0.4988799999346491	1594.9193597910732	-3.203
ATCTGT	ATCTGT	2	2.07	0.00021299254526091586	0.00022073791868669116	0.6133219894188273	1960.790400171991	-3.292
ATCTTC	ATCTTC	3	2.74	0.0003194888178913738	0.0002922733552981188	0.5171999219802178	1653.4881505707563	-3.218
ATCTTG	ATCTTG	5	3.99	0.0005324813631522897	0.00042512488043362724	0.3695850185324047	1181.563304248098	-3.072
ATCTTT	ATCTTT	7	6.74	0.0007454739084132055	0.0007173982357317457	0.5103165232675869	1631.4819248864753	-3.213
ATGAAA	ATGAAA	5	6.21	0.0005324813631522897	0.0006608759504922756	0.7415247847789422	2370.6547369382783	-3.375
ATGAAC	ATGAAC	3	3.45	0.0003194888178913738	0.00036715330582904167	0.6693462878054188	2139.900082113924	-3.33
ATGAAG	ATGAAG	5	3.79	0.0005324813631522897	0.00040386863641194614	0.33066529193407584	1057.1369383132405	-3.024
ATGAAT	ATGAAT	6	5.52	0.0006389776357827476	0.000587445289326467	0.47384075459497305	1514.8688924401288	-3.18
ATGACA	ATGACA	3	3.99	0.0003194888178913738	0.0004251248804336277	0.7607107649352487	2431.99231549799	-3.386
ATGACT	ATGACT	8	4.32	0.0008519701810436634	0.0004605519538030965	0.07284452213723719	232.8839372727473	-2.367
ATGAGA	ATGAGA	1	0.63	0.00010649627263045793	6.712498112109915e-05	0.4675698548001882	1494.8208257962017	-3.175
ATGAGC	ATGAGC	1	0.63	0.00010649627263045793	6.712498112109915e-05	0.4675698548001882	1494.8208257962017	-3.175
ATGAGT	ATGAGT	2	1.89	0.00021299254526091586	0.00020137494336329732	0.5636624501655202	1802.028853179168	-3.256
ATGATA	ATGATA	4	3.97	0.0004259850905218317	0.0004228635778781295	0.5607826052031035	1792.821988834322	-3.254
ATGATC	ATGATC	3	2.10	0.0003194888178913738	0.00022386895299430395	0.3509436102704276	1121.966722034557	-3.05
ATGATG	ATGATG	2	1.63	0.00021299254526091586	0.00017412029677334743	0.486297182411036	1554.6920921680821	-3.192
ATGATT	ATGATT	2	3.27	0.00021299254526091586	0.0003482405935466949	0.8377099680197067	2678.1587677590023	-3.428
ATGCAA	ATGCAA	4	4.75	0.0004259850905218317	0.0005054838517351063	0.6975721642323862	2230.1382090509387	-3.348
ATGCAC	ATGCAC	6	5.48	0.0006389776357827476	0.0005832505981558918	0.46708747530616845	1493.2786585538206	-3.174
ATGCAG	ATGCAG	1	1.46	0.00010649627263045793	0.00015553349284157115	0.7678704128102403	2454.8817097543383	-3.39
ATGCAT	ATGCAT	4	3.29	0.0004259850905218317	0.0003499503588935349	0.4165745888465144	1331.7889605423065	-3.124
ATGCCA	ATGCCA	6	3.33	0.0006389776357827476	0.0003542707336946895	0.12034492129741044	384.74271338782114	-2.585
ATGCGA	ATGCGA	2	1.68	0.00021299254526091586	0.0001789999496562644	0.5007711723740821	1600.9654380799404	-3.204
ATGCGC	ATGCGC	5	3.36	0.0005324813631522897	0.0003579998993125285	0.24871093425395627	795.1288568098981	-2.9
ATGCGT	ATGCGT	1	2.52	0.00010649627263045793	0.0002684999244843964	0.9196380353245044	2940.0827989324407	-3.468
ATGCTA	ATGCTA	4	3.08	0.0004259850905218317	0.0003279534791916553	0.3705694976044577	1184.710683841451	-3.074
ATGCTC	ATGCTC	2	2.74	0.00021299254526091586	0.000291514203725916	0.7580320576689782	2423.4284883677233	-3.384
ATGCTG	ATGCTG	1	1.03	0.00010649627263045793	0.0001093178263972184	0.6417393159644649	2051.6405931383943	-3.312
ATGCTT	ATGCTT	5	5.13	0.0005324813631522897	0.0005465891319860925	0.5824354758860208	1862.0462164076087	-3.27
ATGGAA	ATGGAA	1	1.84	0.00010649627263045793	0.00019621148327705873	0.8415673707335353	2690.4908842351124	-3.43
ATGGAC	ATGGAC	1	0.92	0.00010649627263045793	9.810574163852926e-05	0.6019640352098004	1924.4790205657316	-3.284
ATGGAG	ATGGAG	1	0.31	0.00010649627263045793	3.2701913879509805e-05	0.2644016073406101	845.2919386679304	-2.927
ATGGAT	ATGGAT	1	0.92	0.00010649627263045793	9.810574163852926e-05	0.6019640352098004	1924.4790205657316	-3.284
ATGGCA	ATGGCA	4	1.80	0.0004259850905218317	0.0001913061961951322	0.10812509486331066	345.67592827800416	-2.539
ATGGCT	ATGGCT	1	1.80	0.00010649627263045793	0.0001913061961951322	0.8340991871687279	2666.615101378423	-3.426
ATGGGA	ATGGGA	2	0.94	0.00021299254526091586	9.963864385163143e-05	0.24056911575229575	769.0994630600895	-2.886
ATGGGG	ATGGGG	1	1.56	0.00010649627263045793	0.00016606440641938564	0.7897261975430776	2524.7546535452193	-3.402
ATGGGT	ATGGGT	2	1.25	0.00021299254526091586	0.00013285152513550842	0.3544599927274525	1133.2085967496655	-3.054
ATGGTA	ATGGTA	3	1.65	0.0003194888178913738	0.00017591374362770757	0.2301183236165003	735.6882806019515	-2.867
ATGGTG	ATGGTG	1	1.65	0.00010649627263045793	0.00017591374362770757	0.8083012314257827	2584.1390368682273	-3.412
ATGGTT	ATGGTT	2	2.48	0.00021299254526091586	0.0002638706154415614	0.7081049505569319	2263.8115269305113	-3.355
ATGTAA	ATGTAA	5	5.01	0.0005324813631522897	0.000533821582817226	0.561712126681241	1795.7936689999276	-3.254
ATGTAC	ATGTAC	3	3.86	0.0003194888178913738	0.00041063198678248136	0.7400026753293838	2365.78855302804	-3.374
ATGTAG	ATGTAG	3	3.47	0.0003194888178913738	0.0003695687881042331	0.6736153502425348	2153.5482747253836	-3.333
ATGTAT	ATGTAT	6	4.63	0.0006389776357827476	0.0004927583841389774	0.3189042385549807	1019.5368506602732	-3.008
ATGTCA	ATGTCA	1	0.54	0.00010649627263045793	5.722834928914216e-05	0.415719556429365	1329.0554219046799	-3.124
ATGTCG	ATGTCG	1	0.77	0.00010649627263045793	8.17547846987745e-05	0.5359103008573707	1713.3052318410141	-3.234
ATGTGA	ATGTGA	4	2.87	0.0004259850905218317	0.0003052178628754249	0.32277616309339513	1031.9153934095843	-3.014
ATGTGC	ATGTGC	1	1.02	0.00010649627263045793	0.00010900637959836609	0.6406900542824112	2048.2861035408687	-3.311
ATGTGG	ATGTGG	2	2.25	0.00021299254526091586	0.00023981403511640537	0.6578919168249767	2103.2804580894503	-3.323
ATGTGT	ATGTGT	1	1.84	0.00010649627263045793	0.00019621148327705895	0.8415673707335356	2690.4908842351133	-3.43
ATGTTA	ATGTTA	3	2.52	0.0003194888178913738	0.0002679172423566089	0.46021878147368894	1471.3194443713835	-3.168
ATGTTC	ATGTTC	1	2.06	0.00010649627263045793	0.0002192050164735891	0.8723336558466809	2788.8506977418388	-3.445
ATGTTG	ATGTTG	3	1.60	0.0003194888178913738	0.0001704927905905694	0.21688117873626755	693.3691284198474	-2.841
ATGTTT	ATGTTT	4	4.80	0.0004259850905218317	0.0005114783717717078	0.7061918534062843	2257.695355339891	-3.354
ATTAAA	ATTAAA	6	4.41	0.0006389776357827476	0.0004698748678476932	0.28213598430819614	901.988741833303	-2.955
ATTAAC	ATTAAC	4	2.70	0.0004259850905218317	0.00028714575257359024	0.285091957517949	911.438988184883	-2.96
ATTAAG	ATTAAG	2	2.45	0.00021299254526091586	0.0002610415932487185	0.7025366326738974	2246.00961465845	-3.351
ATTAAT	ATTAAT	2	4.41	0.00021299254526091586	0.0004698748678476932	0.9343543013989467	2987.130701572433	-3.475
ATTACA	ATTACA	8	5.68	0.0008519701810436634	0.0006047034937202455	0.21302483279705306	681.0403904521786	-2.833
ATTACC	ATTACC	3	2.32	0.0003194888178913738	0.0002473787019764643	0.41002094457948335	1310.8369598206082	-3.118
ATTACG	ATTACG	1	2.06	0.00010649627263045793	0.00021989217953463484	0.8731547660319873	2791.475787004263	-3.446
ATTACT	ATTACT	3	4.90	0.0003194888178913738	0.0005222439263947574	0.8670145393733306	2771.845482376538	-3.443
ATTAGA	ATTAGA	1	1.46	0.00010649627263045793	0.00015553349284157098	0.7678704128102399	2454.881709754337	-3.39
ATTAGC	ATTAGC	1	0.73	0.00010649627263045793	7.776674642078541e-05	0.5182017152482166	1656.6908836485484	-3.219
ATTAGT	ATTAGT	4	3.07	0.0004259850905218317	0.0003266203349672989	0.3677673629500687	1175.7522593513695	-3.07
ATTATA	ATTATA	5	5.38	0.0005324813631522897	0.0005730568489628968	0.6236419909551045	1993.7834450834691	-3.3
ATTATC	ATTATC	3	3.84	0.0003194888178913738	0.00040932632068778324	0.738068849290896	2359.6061111829945	-3.373
ATTATG	ATTATG	3	1.79	0.0003194888178913738	0.00019101894965429885	0.2676838910633928	855.7853997296668	-2.932
ATTATT	ATTATT	8	7.94	0.0008519701810436634	0.0008459410627547518	0.5391091575478149	1723.531976680364	-3.236
ATTCAA	ATTCAA	5	3.08	0.0005324813631522897	0.00032836138152895865	0.19892496842575544	635.9631240571401	-2.803
ATTCAC	ATTCAC	1	1.74	0.00010649627263045793	0.00018559556347288967	0.8249602767838665	2637.3980048780213	-3.421
ATTCAG	ATTCAG	1	1.21	0.00010649627263045793	0.00012848923625046198	0.7007613694429633	2240.3340981091537	-3.35
ATTCAT	ATTCAT	2	2.95	0.00021299254526091586	0.00031408479972335157	0.7931432996827918	2535.6791290858855	-3.404
ATTCCA	ATTCCA	4	2.59	0.0004259850905218317	0.00027633117228185804	0.2628565022166609	840.352237586665	-2.924
ATTCCC	ATTCCC	2	1.40	0.00021299254526091586	0.0001487937081517697	0.40719088367907363	1301.7892551219984	-3.115
ATTCCG	ATTCCG	1	1.20	0.00010649627263045793	0.00012753746413008836	0.6980750456996156	2231.7459211016712	-3.349
ATTCCT	ATTCCT	1	2.79	0.00010649627263045793	0.0002975874163035394	0.9388451336264293	3001.4878922036946	-3.477
ATTCGT	ATTCGT	1	0.40	0.00010649627263045793	4.2512488043362765e-05	0.3291382927479301	1052.2551219151326	-3.022
ATTCTA	ATTCTA	8	4.04	0.0008519701810436634	0.00043064598277692154	0.05378231427282502	171.9420587302216	-2.235
ATTCTC	ATTCTC	2	3.37	0.00021299254526091586	0.0003588716523141014	0.8496946626926314	2716.4738366283427	-3.434
ATTCTG	ATTCTG	1	1.52	0.00010649627263045793	0.00016149224354134557	0.780502001915669	2495.2649001243935	-3.397
ATTCTT	ATTCTT	2	4.04	0.00021299254526091586	0.00043064598277692154	0.9115760834711552	2914.308738857283	-3.465
ATTGAA	ATTGAA	6	5.44	0.0006389776357827476	0.0005797157460458556	0.46137843527393624	1475.0268575707742	-3.169
ATTGAC	ATTGAC	4	3.63	0.0004259850905218317	0.0003864771640305703	0.49093478229858084	1569.518499008563	-3.196
ATTGAG	ATTGAG	1	1.45	0.00010649627263045793	0.00015459086561222816	0.7658066512511977	2448.283864050079	-3.389
ATTGAT	ATTGAT	5	5.44	0.0005324813631522897	0.0005797157460458556	0.6336155676516162	2025.668969782217	-3.307
ATTGCA	ATTGCA	1	1.21	0.00010649627263045793	0.00012882572134352338	0.701705350247172	2243.352004740209	-3.351
ATTGCC	ATTGCC	2	1.69	0.00021299254526091586	0.0001803560098809328	0.5047465020191025	1613.6745669550708	-3.208
ATTGCT	ATTGCT	5	3.87	0.0005324813631522897	0.0004122423082992751	0.34596977718510896	1106.0653776607933	-3.044
ATTGGA	ATTGGA	3	2.16	0.0003194888178913738	0.00022979723266682557	0.36594918783528047	1169.9395535093915	-3.068
ATTGGG	ATTGGG	2	1.08	0.00021299254526091586	0.00011489861633341277	0.2932371199247416	937.4790723993989	-2.972
ATTGGT	ATTGGT	3	2.59	0.0003194888178913738	0.0002757566792001906	0.4788948379858207	1531.026797040669	-3.185
ATTGTA	ATTGTA	3	3.13	0.0003194888178913738	0.00033350313896086286	0.6056374110056366	1936.2228029850203	-3.287
ATTGTC	ATTGTC	3	2.89	0.0003194888178913738	0.0003078490513484889	0.5518825365645416	1764.3684693968394	-3.247
ATTGTG	ATTGTG	4	2.65	0.0004259850905218317	0.00028219496373611456	0.27487542455323605	878.7767322966956	-2.944
ATTGTT	ATTGTT	4	5.30	0.0004259850905218317	0.0005643899274722291	0.7745435410555803	2476.2157007546903	-3.394
ATTTAA	ATTTAA	7	8.49	0.0007454739084132055	0.0009044323436676199	0.7430346894003546	2375.4819020129335	-3.376
ATTTAC	ATTTAC	8	6.67	0.0008519701810436634	0.0007106254128817008	0.3526553722806641	1127.4392251812833	-3.052
ATTTAG	ATTTAG	7	6.07	0.0007454739084132055	0.0006460231026197283	0.4043222673710897	1292.6182887853738	-3.111
ATTTAT	ATTTAT	9	9.71	0.0009584664536741214	0.0010336369641915646	0.6331062954703581	2024.0408266187349	-3.306
ATTTCA	ATTTCA	11	8.73	0.0011714589989350373	0.0009299606759485591	0.26278517817707847	840.1242146321199	-2.924
ATTTCC	ATTTCC	4	5.49	0.0004259850905218317	0.000584546710596237	0.7970390150191002	2548.1337310160634	-3.406
ATTTCG	ATTTCG	3	3.24	0.0003194888178913738	0.0003454139653523221	0.6290877166772693	2011.19343021723	-3.303
ATTTCT	ATTTCT	9	9.48	0.0009584664536741214	0.001009671591029865	0.6058102707550632	1936.775435603937	-3.287
ATTTGA	ATTTGA	3	3.22	0.0003194888178913738	0.00034284264551099	0.624108061290183	1995.273471944715	-3.3
ATTTGC	ATTTGC	6	4.51	0.0006389776357827476	0.00047997970371538615	0.2982674259580727	953.5609607879585	-2.979
ATTTGG	ATTTGG	5	5.15	0.0005324813631522897	0.0005485482328175837	0.5855682451643964	1872.0616797905755	-3.272
ATTTGT	ATTTGT	6	7.08	0.0006389776357827476	0.0007542538201241779	0.7096968845307452	2268.9009398447924	-3.356
ATTTTA	ATTTTA	8	8.26	0.0008519701810436634	0.0008799864753017312	0.5831190035981055	1864.2314545031434	-3.27
ATTTTC	ATTTTC	11	11.91	0.0011714589989350373	0.00126821580264073	0.6431103367392912	2056.0237465555138	-3.313
ATTTTG	ATTTTG	6	5.59	0.0006389776357827476	0.0005952849685864651	0.4863944718682538	1555.0031265628074	-3.192
ATTTTT	ATTTTT	22	21.14	0.0023429179978700747	0.002251730098566194	0.45477641972642635	1453.920213865385	-3.163
CAAAAA	CAAAAA	7	13.05	0.0007454739084132055	0.0013902566537880028	0.974927057197627	3116.8418018608136	-3.494
CAAAAC	CAAAAC	4	2.32	0.0004259850905218317	0.00024757995204443894	0.20570880905453381	657.6510625473446	-2.818
CAAAAG	CAAAAG	8	8.94	0.0008519701810436634	0.0009522305847863031	0.6692008554474558	2139.435134865516	-3.33
CAAAAT	CAAAAT	11	6.62	0.0011714589989350373	0.0007046506327418645	0.0735514070005774	235.14384818084594	-2.371
CAAACA	CAAACA	6	2.40	0.0006389776357827476	0.00025507492826017624	0.03538154079228365	113.11478591293083	-2.054
CAAACC	CAAACC	1	1.00	0.00010649627263045793	0.00010628122010840689	0.6313769334224546	2018.5120561515873	-3.305
CAAACT	CAAACT	1	3.59	0.00010649627263045793	0.00038261239239026443	0.9724769203019232	3109.0087142052485	-3.493
CAAAGA	CAAAGA	3	4.36	0.0003194888178913738	0.00046398038025820596	0.8096598793588735	2588.4826343103186	-3.413
CAAAGC	CAAAGC	4	2.70	0.0004259850905218317	0.00028798782222923155	0.28683525001227334	917.0122942892378	-2.962
CAAAGG	CAAAGG	2	3.31	0.00021299254526091586	0.0003519851160579497	0.8420269020214879	2691.9600057626967	-3.43
CAAAGT	CAAAGT	5	3.61	0.0005324813631522897	0.0003839837629723087	0.29463416857083796	941.945436920969	-2.974
CAAATA	CAAATA	6	7.78	0.0006389776357827476	0.0008289935168455728	0.7881917588713899	2519.8490531118337	-3.401
CAAATC	CAAATC	1	2.20	0.00010649627263045793	0.0002338186842384949	0.8887034974695066	2841.1850814100126	-3.453
CAAATG	CAAATG	5	3.79	0.0005324813631522897	0.0004038686364119457	0.33066529193407523	1057.1369383132385	-3.024
CAAATT	CAAATT	6	4.19	0.0006389776357827476	0.00044638112445530834	0.2454731128818379	784.7775418832358	-2.895
CAACAA	CAACAA	2	3.24	0.00021299254526091586	0.0003454139653523221	0.834380708432477	2667.515124858629	-3.426
CAACAC	CAACAC	3	3.01	0.0003194888178913738	0.0003207415392557277	0.5794401612180177	1852.4701954140025	-3.268
CAACAG	CAACAG	3	3.48	0.0003194888178913738	0.00037008639144891646	0.674524836728329	2156.4559030204678	-3.334
CAACAT	CAACAT	5	3.24	0.0005324813631522897	0.0003454139653523221	0.22716453311786738	726.245012377822	-2.861
CAACCA	CAACCA	5	4.22	0.0005324813631522897	0.00044965131584325955	0.4144918444004926	1325.1304265483748	-3.122
CAACCC	CAACCC	1	1.15	0.00010649627263045793	0.00012263217704816165	0.6838429333377165	2186.2458578806795	-3.34
CAACCT	CAACCT	4	3.84	0.0004259850905218317	0.00040877392349387244	0.5343366663894955	1708.2743224472172	-3.233
CAACGA	CAACGA	2	0.84	0.00021299254526091586	8.9499974828132e-05	0.20579942474908927	657.9407609228384	-2.818
CAACGC	CAACGC	1	1.05	0.00010649627263045793	0.00011187496853516507	0.650239258700815	2078.8149100665055	-3.318
CAACGT	CAACGT	1	1.47	0.00010649627263045793	0.000156624955949231	0.7702373217274425	2462.4487175626336	-3.391
CAACTA	CAACTA	2	3.99	0.00021299254526091586	0.00042512488043362724	0.9078282408904474	2902.3268861267607	-3.463
CAACTC	CAACTC	6	3.68	0.0006389776357827476	0.0003924229665541175	0.1677532566223424	536.3071614216286	-2.729
CAACTG	CAACTG	4	3.68	0.0004259850905218317	0.0003924229665541175	0.5026804831168696	1607.0695045246323	-3.206
CAACTT	CAACTT	4	4.61	0.0004259850905218317	0.0004905287081926467	0.6752816085629718	2158.875302575821	-3.334
CAAGAA	CAAGAA	6	4.85	0.0006389776357827476	0.0005162230690979759	0.35727267206908064	1142.2007326048508	-3.058
CAAGAG	CAAGAG	2	1.85	0.00021299254526091586	0.0001973794087727555	0.5528601899559292	1767.4940272891058	-3.247
CAAGAT	CAAGAT	2	2.00	0.00021299254526091586	0.0002125624402168136	0.5928998930396204	1895.5009580476665	-3.278
CAAGCA	CAAGCA	3	1.66	0.0003194888178913738	0.00017713536684734471	0.23312191671786262	745.2907677470067	-2.872
CAAGCC	CAAGCC	1	0.90	0.00010649627263045793	9.538058214857022e-05	0.5916471567295871	1891.49596006449	-3.277
CAAGCG	CAAGCG	1	1.15	0.00010649627263045793	0.00012263217704816176	0.6838429333377167	2186.2458578806804	-3.34
CAAGGC	CAAGGC	2	1.10	0.00021299254526091586	0.00011665011963117826	0.2992657642737581	956.7526483832047	-2.981
CAAGGG	CAAGGG	1	1.22	0.00010649627263045793	0.00012961124403464255	0.7038974942759267	2250.3602892001377	-3.352
CAAGGT	CAAGGT	2	1.34	0.00021299254526091586	0.00014257236843810675	0.3868440678701988	1236.7404849810257	-3.092
CAAGTA	CAAGTA	5	3.15	0.0005324813631522897	0.000335624905605495	0.210806604837443	673.9487156653053	-2.829
CAAGTC	CAAGTC	1	1.58	0.00010649627263045793	0.00016781245280274748	0.7931494923363336	2535.6989269992587	-3.404
CAAGTG	CAAGTG	1	1.40	0.00010649627263045793	0.0001491666247135534	0.7535693357650101	2409.1611664407374	-3.382
CAAGTT	CAAGTT	3	3.85	0.0003194888178913738	0.00041020821796227167	0.739376278511313	2363.785962400668	-3.374
CAATAA	CAATAA	4	5.79	0.0004259850905218317	0.0006166646617278987	0.8290978101548154	2650.625699064945	-3.423
CAATAG	CAATAG	3	2.63	0.0003194888178913738	0.0002803021189672267	0.48958305760453485	1565.1970351616978	-3.195
CAATAT	CAATAT	9	5.62	0.0009584664536741214	0.0005979778537967506	0.11565835518671046	369.75976153191334	-2.568
CAATCA	CAATCA	1	2.33	0.00010649627263045793	0.0002479895135862827	0.9025700414106941	2885.5164223899887	-3.46
CAATCC	CAATCC	3	1.66	0.0003194888178913738	0.00017713536684734471	0.23312191671786262	745.2907677470067	-2.872
CAATCG	CAATCG	1	0.67	0.00010649627263045793	7.08541467389379e-05	0.4858912386115257	1553.3942898410478	-3.191
CAATCT	CAATCT	1	1.33	0.00010649627263045793	0.00014170829347787584	0.7356921814636088	2352.0079041391573	-3.371
CAATGA	CAATGA	6	3.57	0.0006389776357827476	0.0003798988293236671	0.15140134599136953	484.0301031344084	-2.685
CAATGC	CAATGC	1	3.06	0.00010649627263045793	0.00032562756799171474	0.9530016537209015	3046.746286945722	-3.484
CAATGG	CAATGG	2	1.78	0.00021299254526091586	0.00018994941466183354	0.5322732248026119	1701.67749969395	-3.231
CAATGT	CAATGT	3	3.57	0.0003194888178913738	0.0003798988293236671	0.6914122719657649	2210.4450334745507	-3.344
CAATTA	CAATTA	1	1.83	0.00010649627263045793	0.00019532764776680178	0.8402470329046685	2686.2697641962254	-3.429
CAATTC	CAATTC	5	1.83	0.0005324813631522897	0.00019532764776680178	0.03892565127325347	124.44530712059134	-2.095
CAATTG	CAATTG	5	3.90	0.0005324813631522897	0.0004150712515044538	0.3511505601043583	1122.6283406536336	-3.05
CAATTT	CAATTT	6	9.40	0.0006389776357827476	0.0010010541948048586	0.9065241835646588	2898.1578148562144	-3.462
CACAAA	CACAAA	1	2.99	0.00010649627263045793	0.00031884366032522047	0.9499104046675215	3036.8635637220664	-3.482
CACAAC	CACAAC	4	2.49	0.0004259850905218317	0.00026570305027101717	0.24134526145045784	771.5808008571137	-2.887
CACAAG	CACAAG	1	1.33	0.00010649627263045793	0.00014170829347787584	0.7356921814636088	2352.0079041391573	-3.371
CACAAT	CACAAT	3	2.16	0.0003194888178913738	0.00023027597690154823	0.36715858518804856	1173.8059968461912	-3.07
CACACA	CACACA	12	9.39	0.0012779552715654952	0.0010000096619291014	0.23639132919825198	755.7430794468116	-2.878
CACACC	CACACC	2	2.86	0.00021299254526091586	0.0003043507666740743	0.7785908002052156	2489.1547882560744	-3.396
CACACT	CACACT	4	4.90	0.0004259850905218317	0.0005217441714412699	0.720535012038797	2303.550433488034	-3.362
CACAGA	CACAGA	2	4.35	0.00021299254526091586	0.00046377259683668423	0.931218930163358	2977.1069197322554	-3.474
CACAGC	CACAGC	4	2.90	0.0004259850905218317	0.00030918173122445637	0.3310960152017233	1058.5139605999095	-3.025
CACAGG	CACAGG	3	3.27	0.0003194888178913738	0.0003478294476275132	0.6337237839097767	2026.014937159556	-3.307
CACAGT	CACAGT	7	5.44	0.0007454739084132055	0.0005797157460458556	0.3051154111841944	975.4539695558694	-2.989
CACATA	CACATA	6	5.50	0.0006389776357827476	0.0005853168643651395	0.47041708020529865	1503.9234054163398	-3.177
CACATC	CACATC	5	3.47	0.0005324813631522897	0.0003696738090727196	0.2691356386454124	860.4266367493834	-2.935
CACATG	CACATG	2	2.89	0.00021299254526091586	0.00030806150756059977	0.7842414195710459	2507.2198183686337	-3.399
CACATT	CACATT	7	8.10	0.0007454739084132055	0.000862572221169679	0.6986330670088485	2233.5299152272887	-3.349
CACCAA	CACCAA	1	2.05	0.00010649627263045793	0.00021863565279443682	0.8716492822743905	2786.6627554312267	-3.445
CACCAC	CACCAC	3	2.74	0.0003194888178913738	0.00029151420372591574	0.5154725152992778	1647.9656314117913	-3.217
CACCAG	CACCAG	1	1.60	0.00010649627263045793	0.00017004995217345095	0.7974501096960406	2549.4480006982417	-3.406
CACCAT	CACCAT	2	1.60	0.00021299254526091586	0.00017004995217345095	0.4740247135937251	1515.4570093591392	-3.181
CACCCA	CACCCA	4	3.49	0.0004259850905218317	0.0003719842703794238	0.4618414578213937	1476.5071406549955	-3.169
CACCCC	CACCCC	1	1.31	0.00010649627263045793	0.0001394941013922839	0.7301393628851682	2334.2555431438827	-3.368
CACCCG	CACCCG	1	0.87	0.00010649627263045793	9.299606759485601e-05	0.5824007651686098	1861.9352462440456	-3.27
CACCCT	CACCCT	1	1.31	0.00010649627263045793	0.0001394941013922839	0.7301393628851682	2334.2555431438827	-3.368
CACCGC	CACCGC	1	0.67	0.00010649627263045793	7.08541467389379e-05	0.4858912386115257	1553.3942898410478	-3.191
CACCGT	CACCGT	2	1.00	0.00021299254526091586	0.00010628122010840678	0.26349824332115157	842.4038838977216	-2.926
CACCTA	CACCTA	1	2.07	0.00010649627263045793	0.00022043512318780677	0.8737998079055942	2793.5379858741844	-3.446
CACCTC	CACCTC	3	1.77	0.0003194888178913738	0.00018894439130383444	0.26247720265731883	839.1396168954483	-2.924
CACCTG	CACCTG	1	1.18	0.00010649627263045793	0.0001259629275358896	0.6935779532508077	2217.3687165428323	-3.346
CACCTT	CACCTT	3	2.96	0.0003194888178913738	0.0003149073188397239	0.5671028121921378	1813.0276905782644	-3.258
CACGAG	CACGAG	2	0.75	0.00021299254526091586	7.971091508130501e-05	0.17282211650567922	552.5123064686564	-2.742
CACGCA	CACGCA	2	1.12	0.00021299254526091586	0.00011956637262195768	0.30928367825583514	988.7799193839049	-2.995
CACGCC	CACGCC	1	1.87	0.00010649627263045793	0.0001992772877032629	0.8460632894560164	2704.8643363908845	-3.432
CACGCG	CACGCG	1	1.50	0.00010649627263045793	0.0001594218301626102	0.7761929506640183	2481.4888632728666	-3.395
CACGCT	CACGCT	2	1.50	0.00021299254526091586	0.0001594218301626102	0.44116029151880626	1410.3894519856235	-3.149
CACGGA	CACGGA	3	2.00	0.0003194888178913738	0.0002125624402168136	0.3222304317783205	1030.1706903952906	-3.013
CACGGT	CACGGT	1	0.86	0.00010649627263045793	9.10981886643486e-05	0.5748919859141107	1837.929678967412	-3.264
CACGTC	CACGTC	1	2.30	0.00010649627263045793	0.0002452643540963233	0.9000447091995004	2877.442935310803	-3.459
CACGTG	CACGTG	17	8.75	0.001810436634717785	0.0009320045455660286	0.008641258833402861	27.626104490388947	-1.441
CACTAA	CACTAA	4	3.04	0.0004259850905218317	0.00032390467080657345	0.3620570919566187	1157.49652298531	-3.064
CACTAC	CACTAC	1	1.71	0.00010649627263045793	0.0001821963773286976	0.819283176359952	2619.2483148227666	-3.418
CACTAG	CACTAG	1	1.33	0.00010649627263045793	0.00014170829347787584	0.7356921814636088	2352.0079041391573	-3.371
CACTAT	CACTAT	2	1.90	0.00021299254526091586	0.0002024404192541085	0.5665111254275798	1811.1360679919724	-3.258
CACTCA	CACTCA	2	2.42	0.00021299254526091586	0.0002576514426870471	0.6957475321724246	2224.3048603552415	-3.347
CACTCC	CACTCC	1	0.76	0.00010649627263045793	8.051607583970225e-05	0.5304807368653991	1695.946915758681	-3.229
CACTCG	CACTCG	1	0.60	0.00010649627263045793	6.441286067176169e-05	0.4538364258275475	1450.9150533706695	-3.162
CACTCT	CACTCT	1	1.21	0.00010649627263045793	0.00012882572134352352	0.7017053502471722	2243.3520047402094	-3.351
CACTGA	CACTGA	1	1.14	0.00010649627263045793	0.00012146425155246504	0.6803566135886119	2175.100093642792	-3.337
CACTGC	CACTGC	3	1.82	0.0003194888178913738	0.00019434280248394417	0.27604988899000876	882.531495101058	-2.946
CACTGG	CACTGG	1	0.91	0.00010649627263045793	9.717140124197207e-05	0.5984565200406841	1913.265494570067	-3.282
CACTGT	CACTGT	3	4.11	0.0003194888178913738	0.0004372713055888741	0.7770173789880056	2484.124560624654	-3.395
CACTTA	CACTTA	2	3.51	0.00021299254526091586	0.00037410989478159237	0.8654680742326143	2766.901433321668	-3.442
CACTTC	CACTTC	5	4.15	0.0005324813631522897	0.00044212987565097315	0.4007527697935287	1281.2066050299113	-3.108
CACTTG	CACTTG	2	3.19	0.00021299254526091586	0.0003400999043469023	0.8279539849337774	2646.968889833286	-3.423
CACTTT	CACTTT	7	5.11	0.0007454739084132055	0.0005441598469550433	0.25402085134585445	812.1046617526966	-2.91
CAGAAA	CAGAAA	3	4.51	0.0003194888178913738	0.0004804493511749901	0.8277022994950329	2646.1642514856203	-3.423
CAGAAC	CAGAAC	1	1.37	0.00010649627263045793	0.00014559071247726972	0.7451542426986854	2382.258113907697	-3.377
CAGAAG	CAGAAG	4	2.19	0.0004259850905218317	0.00023294513996363167	0.1781668047013967	569.5992746303652	-2.756
CAGAAT	CAGAAT	2	1.91	0.00021299254526091586	0.00020382699746817766	0.5701981244822547	1822.9234039697683	-3.261
CAGACA	CAGACA	2	1.71	0.00021299254526091586	0.00018219637732869742	0.5101085003239276	1630.8168755355966	-3.212
CAGACG	CAGACG	1	0.38	0.00010649627263045793	4.048808385082167e-05	0.31626379938069715	1011.0953666200888	-3.005
CAGACT	CAGACT	1	0.95	0.00010649627263045793	0.00010122020962705413	0.6134359738492842	1961.1548083961616	-3.293
CAGAGA	CAGAGA	2	1.50	0.00021299254526091586	0.00015942183016261037	0.4411602915188068	1410.3894519856253	-3.149
CAGAGC	CAGAGC	1	0.83	0.00010649627263045793	8.856768342367234e-05	0.564669840032415	1805.249478583631	-3.257
CAGAGG	CAGAGG	1	1.33	0.00010649627263045793	0.00014170829347787584	0.7356921814636088	2352.0079041391573	-3.371
CAGAGT	CAGAGT	1	1.33	0.00010649627263045793	0.00014170829347787584	0.7356921814636088	2352.0079041391573	-3.371
CAGATA	CAGATA	5	3.58	0.0005324813631522897	0.000381522328594281	0.29021744547417694	927.8251731809437	-2.967
CAGATG	CAGATG	1	1.97	0.00010649627263045793	0.00020983728072685446	0.8605950212915954	2751.3222830692303	-3.44
CAGATT	CAGATT	1	0.90	0.00010649627263045793	9.538058214857022e-05	0.5916471567295871	1891.49596006449	-3.277
CAGCAA	CAGCAA	4	2.64	0.0004259850905218317	0.00028133264146342976	0.27310206846178386	873.1073128723231	-2.941
CAGCAC	CAGCAC	1	1.41	0.00010649627263045793	0.00015004407544716257	0.7555914010658923	2415.6257092076576	-3.383
CAGCAT	CAGCAT	1	1.59	0.00010649627263045793	0.00016879958487805795	0.7950579662461771	2541.800318089028	-3.405
CAGCCA	CAGCCA	3	2.66	0.0003194888178913738	0.0002834165869557514	0.49684382491294204	1588.4097082466758	-3.201
CAGCCG	CAGCCG	1	0.89	0.00010649627263045793	9.44721956519172e-05	0.5881491118760745	1880.3127106678103	-3.274
CAGCGA	CAGCGA	1	0.50	0.00010649627263045793	5.314061005420344e-05	0.39285663424727624	1255.962659688542	-3.099
CAGCGT	CAGCGT	1	0.40	0.00010649627263045793	4.2512488043362765e-05	0.3291382927479301	1052.2551219151326	-3.022
CAGCTA	CAGCTA	1	1.74	0.00010649627263045793	0.00018513502857593465	0.8242016919960042	2634.972809311226	-3.421
CAGCTC	CAGCTC	2	2.32	0.00021299254526091586	0.0002468467047679128	0.6732504654438216	2152.3817380238975	-3.333
CAGCTG	CAGCTG	2	1.74	0.00021299254526091586	0.00018513502857593465	0.5185907633501083	1657.9346704302964	-3.22
CAGCTT	CAGCTT	4	3.19	0.0004259850905218317	0.0003394142190558799	0.3946072871989523	1261.5594971750504	-3.101
CAGGAA	CAGGAA	4	3.33	0.0004259850905218317	0.0003542707336946895	0.425531248037676	1360.4233999764501	-3.134
CAGGAC	CAGGAC	1	1.00	0.00010649627263045793	0.00010628122010840689	0.6313769334224546	2018.5120561515873	-3.305
CAGGAG	CAGGAG	2	2.33	0.00021299254526091586	0.0002479895135862827	0.6756925419217268	2160.1890565237604	-3.334
CAGGAT	CAGGAT	1	1.33	0.00010649627263045793	0.00014170829347787584	0.7356921814636088	2352.0079041391573	-3.371
CAGGGT	CAGGGT	3	1.06	0.0003194888178913738	0.00011253305658537194	0.09101795606137884	290.98440552822814	-2.464
CAGGTA	CAGGTA	1	2.38	0.00010649627263045793	0.0002531993773170867	0.9072216675523256	2900.387671164785	-3.462
CAGGTG	CAGGTG	3	2.64	0.0003194888178913738	0.0002813326414634295	0.49199125170074026	1572.8960316872667	-3.197
CAGGTT	CAGGTT	5	2.64	0.0005324813631522897	0.0002813326414634295	0.12854144068734152	410.94698587743085	-2.614
CAGTAA	CAGTAA	1	1.87	0.00010649627263045793	0.00019927728770326308	0.8460632894560167	2704.8643363908855	-3.432
CAGTAC	CAGTAC	2	1.50	0.00021299254526091586	0.00015942183016261037	0.4411602915188068	1410.3894519856253	-3.149
CAGTAG	CAGTAG	2	0.87	0.00021299254526091586	9.299606759485601e-05	0.2177393013378725	696.1125463771784	-2.843
CAGTAT	CAGTAT	1	1.75	0.00010649627263045793	0.00018599213518971205	0.8256108790682376	2639.4779803811557	-3.422
CAGTCA	CAGTCA	4	4.15	0.0004259850905218317	0.0004423596728836395	0.5959778005394021	1905.3410283244684	-3.28
CAGTCC	CAGTCC	1	0.57	0.00010649627263045793	6.0321773575041786e-05	0.43244717704970836	1382.5336250279177	-3.141
CAGTCG	CAGTCG	1	0.94	0.00010649627263045793	0.00010053628929173625	0.6109454665802135	1953.1926566569427	-3.291
CAGTCT	CAGTCT	1	1.32	0.00010649627263045793	0.0001407508050084308	0.7333051235871582	2344.3764801081447	-3.37
CAGTGA	CAGTGA	2	1.09	0.00021299254526091586	0.00011594314920917114	0.2968333457151995	948.9762062514927	-2.977
CAGTGG	CAGTGG	1	0.82	0.00010649627263045793	8.695736190687837e-05	0.5580372287113725	1784.045020190258	-3.251
CAGTTA	CAGTTA	3	4.74	0.0003194888178913738	0.0005048357955149325	0.8517120270472938	2722.9233504701983	-3.435
CAGTTC	CAGTTC	3	3.56	0.0003194888178913738	0.0003786268466361994	0.6892610498874373	2203.567576490137	-3.343
CAGTTG	CAGTTG	5	3.26	0.0005324813631522897	0.00034707460941651617	0.22997597680123194	735.2331978335385	-2.866
CAGTTT	CAGTTT	8	7.41	0.0008519701810436634	0.0007888059304920822	0.4616820831524452	1475.9976198383672	-3.169
CATAAA	CATAAA	6	5.93	0.0006389776357827476	0.0006311132245612614	0.5423870757101245	1734.0114810452678	-3.239
CATAAC	CATAAC	3	2.30	0.0003194888178913738	0.0002454329206627126	0.40518466441169143	1295.3753721241776	-3.112
CATAAG	CATAAG	1	3.13	0.00010649627263045793	0.0003330875351851101	0.9561811835873402	3056.9112439287264	-3.485
CATAAT	CATAAT	6	4.61	0.0006389776357827476	0.0004908658413254253	0.31583358626533636	1009.7199752902803	-3.004
CATACA	CATACA	6	4.03	0.0006389776357827476	0.0004294628894176438	0.21999422264873603	703.3215298080091	-2.847
CATACG	CATACG	1	1.47	0.00010649627263045793	0.00015616832342459783	0.7692500349258092	2459.2923616578123	-3.391
CATACT	CATACT	2	2.20	0.00021299254526091586	0.0002342524851368968	0.6453398940606745	2063.151641311976	-3.315
CATAGA	CATAGA	5	4.33	0.0005324813631522897	0.00046130572132159584	0.43567443584018706	1392.851171381078	-3.144
CATAGC	CATAGC	4	2.80	0.0004259850905218317	0.0002984919373257386	0.3086943273595122	986.8957645683605	-2.994
CATAGT	CATAGT	3	3.57	0.0003194888178913738	0.0003798988293236671	0.6914122719657649	2210.4450334745507	-3.344
CATATA	CATATA	6	8.92	0.0006389776357827476	0.0009503993721232534	0.879631393556003	2812.1815651985416	-3.449
CATATC	CATATC	2	1.25	0.00021299254526091586	0.00013285152513550856	0.35445999272745277	1133.2085967496664	-3.054
CATATG	CATATG	2	1.82	0.00021299254526091586	0.00019416761365958932	0.5440403198250696	1739.2969024807476	-3.24
CATATT	CATATT	5	2.97	0.0005324813631522897	0.000316799790707751	0.18051197457243764	577.0967827080832	-2.761
CATCAA	CATCAA	2	3.92	0.00021299254526091586	0.00041694940196374984	0.902004294111399	2883.707728274143	-3.46
CATCAC	CATCAC	6	4.24	0.0006389776357827476	0.00045169518546072886	0.2536474970945168	810.9110482111702	-2.909
CATCAG	CATCAG	3	1.63	0.0003194888178913738	0.0001737289174848958	0.22476477896712851	718.5729983579099	-2.856
CATCAT	CATCAT	6	7.18	0.0006389776357827476	0.0007644072369335415	0.721419062469048	2306.3767427135463	-3.363
CATCCA	CATCCA	1	1.56	0.00010649627263045793	0.00016635321408272393	0.7902956673776218	2526.575248606257	-3.403
CATCCC	CATCCC	1	0.69	0.00010649627263045793	7.393476181454393e-05	0.500549813922171	1600.2577551091808	-3.204
CATCCT	CATCCT	2	1.56	0.00021299254526091586	0.00016635321408272393	0.46272561373024035	1479.3337870955784	-3.17
CATCGA	CATCGA	1	1.45	0.00010649627263045793	0.00015459086561222816	0.7658066512511977	2448.283864050079	-3.389
CATCGC	CATCGC	3	2.18	0.0003194888178913738	0.0002318862984183421	0.37122350459711434	1186.8015441969746	-3.074
CATCGG	CATCGG	1	1.81	0.00010649627263045793	0.00019323858201528512	0.8370823279344756	2676.1522024065184	-3.428
CATCGT	CATCGT	3	2.54	0.0003194888178913738	0.00027053401482139927	0.4664856950462293	1491.354767062795	-3.174
CATCTA	CATCTA	6	5.94	0.0006389776357827476	0.0006327440080872595	0.5448732262680093	1741.9597043788256	-3.241
CATCTC	CATCTC	2	2.23	0.00021299254526091586	0.0002372790030327223	0.6522152930202114	2085.132291785616	-3.319
CATCTG	CATCTG	2	2.23	0.00021299254526091586	0.0002372790030327223	0.6522152930202114	2085.132291785616	-3.319
CATCTT	CATCTT	6	5.57	0.0006389776357827476	0.0005931975075818056	0.4830608768608122	1544.3456233240167	-3.189
CATGAA	CATGAA	7	5.06	0.0007454739084132055	0.0005384915152159282	0.24611436186166222	786.8276148717341	-2.896
CATGAC	CATGAC	2	2.93	0.00021299254526091586	0.0003117582456513268	0.7897440686933446	2524.8117876126225	-3.402
CATGAG	CATGAG	1	1.06	0.00010649627263045793	0.00011336663478230071	0.6551041186216814	2094.3678672335154	-3.321
CATGAT	CATGAT	2	2.93	0.00021299254526091586	0.0003117582456513268	0.7897440686933446	2524.8117876126225	-3.402
CATGCA	CATGCA	5	3.29	0.0005324813631522897	0.00034995035889353454	0.2348680637114758	750.8731996855881	-2.876
CATGCC	CATGCC	1	1.31	0.00010649627263045793	0.0001399801435574137	0.731368183281387	2338.184081950594	-3.369
CATGCG	CATGCG	1	1.75	0.00010649627263045793	0.0001866401914098851	0.8266688578052521	2642.860338403391	-3.422
CATGCT	CATGCT	2	2.63	0.00021299254526091586	0.00027996028711482746	0.7381327581115085	2359.8104276824924	-3.373
CATGGC	CATGGC	1	0.75	0.00010649627263045793	7.971091508130517e-05	0.5269175026108222	1684.5552558467984	-3.226
CATGGG	CATGGG	1	0.75	0.00010649627263045793	7.971091508130517e-05	0.5269175026108222	1684.5552558467984	-3.226
CATGGT	CATGGT	1	0.90	0.00010649627263045793	9.565309809756608e-05	0.5926907651043594	1894.832376038637	-3.278
CATGTA	CATGTA	3	2.68	0.0003194888178913738	0.0002852811697646708	0.5011656620966662	1602.226621723042	-3.205
CATGTC	CATGTC	1	0.32	0.00010649627263045793	3.35624905605495e-05	0.27032188932392076	864.2190801685747	-2.937
CATGTT	CATGTT	2	1.73	0.00021299254526091586	0.00018459369808302236	0.5170356384516687	1652.9629361299847	-3.218
CATTAA	CATTAA	4	4.40	0.0004259850905218317	0.0004684246367740894	0.6402919864832606	2047.013480786984	-3.311
CATTAC	CATTAC	5	4.71	0.0005324813631522897	0.00050188353940081	0.5077350292361993	1623.228888468129	-3.21
CATTAG	CATTAG	3	1.89	0.0003194888178913738	0.00020075341576032406	0.2922518744389495	934.3292425813216	-2.97
CATTAT	CATTAT	5	5.97	0.0005324813631522897	0.0006357191499076924	0.7108271020873599	2272.5142453732897	-3.357
CATTCA	CATTCA	3	2.90	0.0003194888178913738	0.0003085583809598906	0.5534264678988271	1769.3044178725502	-3.248
CATTCC	CATTCC	4	2.58	0.0004259850905218317	0.0002742741164087918	0.2586637964930673	826.9481573883362	-2.917
CATTCT	CATTCT	3	4.19	0.0003194888178913738	0.0004456954391642867	0.7877809794032353	2518.5357911521432	-3.401
CATTGA	CATTGA	6	3.47	0.0006389776357827476	0.00036967380907271924	0.1386084380521088	443.1311764525918	-2.647
CATTGC	CATTGC	2	1.74	0.00021299254526091586	0.0001848369045363596	0.5177347323094851	1655.1979391934237	-3.219
CATTGG	CATTGG	1	1.74	0.00010649627263045793	0.0001848369045363596	0.8237088754269775	2633.397274740047	-3.421
CATTGT	CATTGT	1	3.04	0.00010649627263045793	0.00032346458293862926	0.9520373374252988	3043.6633677486802	-3.483
CATTTA	CATTTA	9	7.18	0.0009584664536741214	0.0007643745350196618	0.29432359323948715	940.9525275866404	-2.974
CATTTC	CATTTC	5	6.25	0.0005324813631522897	0.0006657455627590598	0.7471804309853857	2388.735837860278	-3.378
CATTTG	CATTTG	5	4.63	0.0005324813631522897	0.0004931448613030077	0.4924983917904912	1574.5173585542004	-3.197
CATTTT	CATTTT	10	10.88	0.0010649627263045794	0.001158890424062067	0.6465451477544931	2067.0048373711147	-3.315
CCAAAA	CCAAAA	3	2.61	0.0003194888178913738	0.0002784268583121645	0.4851864866300191	1551.141197756171	-3.191
CCAAAC	CCAAAC	1	0.67	0.00010649627263045793	7.18520924676554e-05	0.490686301265199	1568.7241051448414	-3.196
CCAAAG	CCAAAG	1	1.18	0.00010649627263045793	0.00012574116181839694	0.692939201250957	2215.3266263993096	-3.345
CCAAAT	CCAAAT	1	1.52	0.00010649627263045793	0.00016166720805222472	0.780862322785239	2496.416845944409	-3.397
CCAACA	CCAACA	4	2.72	0.0004259850905218317	0.0002891837849461303	0.28931377081043225	924.9361252809518	-2.966
CCAACG	CCAACG	3	0.84	0.0003194888178913738	8.897962613727086e-05	0.05266474118241481	168.36917756018016	-2.226
CCAACT	CCAACT	2	3.34	0.00021299254526091586	0.00035591850454908355	0.8464489922429461	2706.0974282006987	-3.432
CCAAGA	CCAAGA	5	2.66	0.0005324813631522897	0.00028341658695575173	0.131384413711442	420.03597063548006	-2.623
CCAAGC	CCAAGC	1	1.33	0.00010649627263045793	0.00014170829347787584	0.7356921814636088	2352.0079041391573	-3.371
CCAAGT	CCAAGT	2	2.66	0.00021299254526091586	0.00028341658695575173	0.7442278986458011	2379.296591970626	-3.376
CCAATA	CCAATA	5	4.38	0.0005324813631522897	0.00046680379028006167	0.4456094158176368	1424.613302368985	-3.154
CCAATC	CCAATC	1	1.64	0.00010649627263045793	0.00017505142135502313	0.8067427056428393	2579.1564299401575	-3.411
CCAATG	CCAATG	3	3.29	0.0003194888178913738	0.0003501028427100463	0.6380500704138632	2039.8460751131206	-3.31
CCAATT	CCAATT	5	4.66	0.0005324813631522897	0.0004959790271725654	0.4974595898899404	1590.3783088781395	-3.202
CCACAA	CCACAA	3	3.14	0.0003194888178913738	0.00033402669176927865	0.606688663108318	1939.5836559572929	-3.288
CCACAC	CCACAC	3	6.27	0.0003194888178913738	0.0006680533835385574	0.9491612607976514	3034.4685507700915	-3.482
CCACAG	CCACAG	11	5.58	0.0011714589989350373	0.0005938252298120509	0.0274879228447904	87.8788893347949	-1.944
CCACAT	CCACAT	5	6.97	0.0005324813631522897	0.000742281537265064	0.8242561549435096	2635.1469273544003	-3.421
CCACCA	CCACCA	3	2.15	0.0003194888178913738	0.0002289133971565687	0.3637154172738301	1162.7981890244348	-3.066
CCACCC	CCACCC	2	1.88	0.00021299254526091586	0.00020029922251199757	0.5607727293774903	1792.7904158198367	-3.254
CCACCT	CCACCT	2	2.15	0.00021299254526091586	0.0002289133971565687	0.6329488639975767	2023.5375182002526	-3.306
CCACGA	CCACGA	1	0.27	0.00010649627263045793	2.834165869557517e-05	0.2336591046546309	747.008157580855	-2.873
CCACGC	CCACGC	1	0.80	0.00010649627263045793	8.502497608672554e-05	0.5499445697428379	1758.1727894678527	-3.245
CCACGG	CCACGG	1	0.53	0.00010649627263045793	5.668331739115035e-05	0.4127216321212583	1319.4710578916627	-3.12
CCACGT	CCACGT	1	2.40	0.00010649627263045793	0.00025507492826017645	0.9088413219707105	2905.5657063403614	-3.463
CCACTA	CCACTA	3	1.08	0.0003194888178913738	0.00011489861633341289	0.09537104662036001	304.90123604529094	-2.484
CCACTG	CCACTG	1	1.08	0.00010649627263045793	0.00011489861633341289	0.6600300363127842	2110.116026091971	-3.324
CCACTT	CCACTT	1	2.16	0.00010649627263045793	0.0002297972326668258	0.8844204237905132	2827.492094858271	-3.451
CCAGAA	CCAGAA	3	1.92	0.0003194888178913738	0.0002043869617469362	0.30146380355688346	963.7797799713564	-2.984
CCAGAC	CCAGAC	1	0.77	0.00010649627263045793	8.17547846987745e-05	0.5359103008573707	1713.3052318410141	-3.234
CCAGAT	CCAGAT	1	1.34	0.00010649627263045793	0.00014307087322285521	0.7390523586302499	2362.750390540909	-3.373
CCAGCA	CCAGCA	1	0.57	0.00010649627263045793	6.0732125776232386e-05	0.4346298677756411	1389.5116872787246	-3.143
CCAGCT	CCAGCT	1	0.86	0.00010649627263045793	9.10981886643486e-05	0.5748919859141107	1837.929678967412	-3.264
CCAGGA	CCAGGA	2	1.60	0.00021299254526091586	0.00017004995217345095	0.4740247135937251	1515.4570093591392	-3.181
CCAGGG	CCAGGG	1	0.60	0.00010649627263045793	6.376873206504403e-05	0.4505230174971974	1440.3220869385402	-3.158
CCAGGT	CCAGGT	1	1.80	0.00010649627263045793	0.0001913061961951322	0.8340991871687279	2666.615101378423	-3.426
CCAGTA	CCAGTA	1	0.68	0.00010649627263045793	7.287855093147891e-05	0.4955717116251482	1584.3427620655987	-3.2
CCAGTC	CCAGTC	1	0.80	0.00010649627263045793	8.502497608672537e-05	0.5499445697428371	1758.1727894678502	-3.245
CCAGTG	CCAGTG	1	0.34	0.00010649627263045793	3.6439275465739453e-05	0.2897688486310589	926.3910090734953	-2.967
CCAGTT	CCAGTT	1	2.17	0.00010649627263045793	0.0002307820779496833	0.885484341736821	2830.8934405326168	-3.452
CCATAA	CCATAA	4	3.38	0.0004259850905218317	0.0003597210526746078	0.43677917079228207	1396.3830090229258	-3.145
CCATAC	CCATAC	2	1.90	0.00021299254526091586	0.00020234309212946694	0.5662514689162885	1810.3059461253745	-3.258
CCATAG	CCATAG	5	2.53	0.0005324813631522897	0.0002697907895059559	0.11331997448542568	362.2839584299059	-2.559
CCATCA	CCATCA	2	3.39	0.00021299254526091586	0.0003613561483685833	0.8523766693394316	2725.048211878163	-3.435
CCATCC	CCATCC	3	0.80	0.0003194888178913738	8.502497608672554e-05	0.04719059615201456	150.86833589799056	-2.179
CCATCT	CCATCT	4	3.19	0.0004259850905218317	0.0003400999043469019	0.3960414661871456	1266.1445674003044	-3.102
CCATGC	CCATGC	4	1.50	0.0004259850905218317	0.00015942183016261037	0.06526285653756794	208.64535235060472	-2.319
CCATGG	CCATGG	1	0.50	0.00010649627263045793	5.314061005420344e-05	0.39285663424727624	1255.962659688542	-3.099
CCATTA	CCATTA	2	1.80	0.00021299254526091586	0.0001916282604984913	0.536981401532257	1716.7295406986257	-3.235
CCATTC	CCATTC	2	1.06	0.00021299254526091586	0.00011272250617558307	0.28573704320136767	913.5013271147724	-2.961
CCATTT	CCATTT	3	3.07	0.0003194888178913738	0.0003268952679091909	0.5922093285819953	1893.2932234766388	-3.277
CCCAAA	CCCAAA	1	1.46	0.00010649627263045793	0.00015511313205010725	0.7669523430233102	2451.9466406455226	-3.39
CCCAAC	CCCAAC	1	2.18	0.00010649627263045793	0.0002326696980751609	0.8874962207901851	2837.325417866222	-3.453
CCCAAG	CCCAAG	1	1.94	0.00010649627263045793	0.00020681750940014317	0.8565855248249022	2738.5039228652126	-3.438
CCCAAT	CCCAAT	6	3.40	0.0006389776357827476	0.00036193064145025055	0.12927178289342975	413.2818899102949	-2.616
CCCACA	CCCACA	4	2.89	0.0004259850905218317	0.0003076561634717041	0.3278925190092743	1048.27238327265	-3.02
CCCACG	CCCACG	1	0.53	0.00010649627263045793	5.593748426758259e-05	0.40859426676841837	1306.2758708586334	-3.116
CCCAGT	CCCAGT	1	0.27	0.00010649627263045793	2.834165869557517e-05	0.2336591046546309	747.008157580855	-2.873
CCCATA	CCCATA	3	2.40	0.0003194888178913738	0.0002557391858858541	0.43065462292452916	1376.8028294897197	-3.139
CCCATC	CCCATC	3	1.96	0.0003194888178913738	0.00020924115208842612	0.31379005019732	1003.186790480832	-3.001
CCCATG	CCCATG	1	1.09	0.00010649627263045793	0.00011624508449357008	0.664301332188725	2123.771359007354	-3.327
CCCCAC	CCCCAC	2	0.91	0.00021299254526091586	9.661929100764256e-05	0.23017343691671277	735.8644778227307	-2.867
CCCCAT	CCCCAT	2	1.27	0.00021299254526091586	0.00013526700741069964	0.3625682838268782	1159.1308033945297	-3.064
CCCCCA	CCCCCA	1	0.50	0.00010649627263045793	5.314061005420344e-05	0.39285663424727624	1255.962659688542	-3.099
CCCCGC	CCCCGC	1	0.57	0.00010649627263045793	6.0732125776232386e-05	0.4346298677756411	1389.5116872787246	-3.143
CCCCGT	CCCCGT	1	0.43	0.00010649627263045793	4.5549094332174295e-05	0.3479969217205417	1112.5461587405719	-3.046
CCCCTT	CCCCTT	1	0.23	0.00010649627263045793	2.452643540963236e-05	0.20570728620232454	657.6461939888316	-2.818
CCCGAC	CCCGAC	2	0.50	0.00021299254526091586	5.314061005420344e-05	0.08989796677899714	287.40379979245387	-2.458
CCCGCA	CCCGCA	1	1.33	0.00010649627263045793	0.0001417082934778757	0.7356921814636086	2352.007904139157	-3.371
CCCGCC	CCCGCC	1	0.44	0.00010649627263045793	4.7236097825958596e-05	0.3582439029320209	1145.3057576736708	-3.059
CCCGCT	CCCGCT	2	2.22	0.00021299254526091586	0.00023618048912979294	0.649732160480589	2077.193717056443	-3.317
CCCGGC	CCCGGC	2	0.77	0.00021299254526091586	8.17547846987745e-05	0.179639114109062	574.3062478066712	-2.759
CCCGGT	CCCGGT	3	2.30	0.0003194888178913738	0.0002452643540963236	0.40476513000510367	1294.0341206263165	-3.112
CCCGTC	CCCGTC	1	0.83	0.00010649627263045793	8.856768342367234e-05	0.564669840032415	1805.249478583631	-3.257
CCCGTG	CCCGTG	1	0.67	0.00010649627263045793	7.08541467389379e-05	0.4858912386115257	1553.3942898410478	-3.191
CCCGTT	CCCGTT	1	0.83	0.00010649627263045793	8.856768342367234e-05	0.564669840032415	1805.249478583631	-3.257
CCCTAA	CCCTAA	1	0.56	0.00010649627263045793	5.9783186310978886e-05	0.4295696023333694	1373.3340186597818	-3.138
CCCTAT	CCCTAT	2	1.31	0.00021299254526091586	0.0001394941013922839	0.37666251204638607	1204.1900510122962	-3.081
CCCTCA	CCCTCA	1	1.61	0.00010649627263045793	0.00017168504786742637	0.8005362172983231	2559.314286702739	-3.408
CCCTCC	CCCTCC	2	1.15	0.00021299254526091586	0.00012263217704816176	0.3197829675162643	1022.3461471494969	-3.01
CCCTCG	CCCTCG	2	1.15	0.00021299254526091586	0.00012263217704816176	0.3197829675162643	1022.3461471494969	-3.01
CCCTCT	CCCTCT	1	2.07	0.00010649627263045793	0.00022073791868669116	0.8741581169458388	2794.683499875847	-3.446
CCCTGT	CCCTGT	1	0.38	0.00010649627263045793	4.087739234938724e-05	0.3187587071069242	1019.0715866208367	-3.008
CCCTTA	CCCTTA	2	0.58	0.00021299254526091586	6.171167619197819e-05	0.11518935792331514	368.2603772808385	-2.566
CCCTTG	CCCTTG	1	0.68	0.00010649627263045793	7.199695555730787e-05	0.4913786315811509	1570.9374851649395	-3.196
CCGAAC	CCGAAC	1	0.62	0.00010649627263045793	6.642576256775426e-05	0.4640625971780196	1483.6081231781288	-3.171
CCGAAG	CCGAAG	1	0.37	0.00010649627263045793	3.9855457540652586e-05	0.31219007175733654	998.0716594082049	-2.999
CCGACT	CCGACT	2	1.09	0.00021299254526091586	0.00011594314920917102	0.29683334571519915	948.9762062514917	-2.977
CCGAGT	CCGAGT	2	0.44	0.00021299254526091586	4.7236097825958596e-05	0.07359493792365673	235.28301654193058	-2.372
CCGATA	CCGATA	1	1.12	0.00010649627263045793	0.00011956637262195768	0.6746091614178897	2156.7254890529935	-3.334
CCGATG	CCGATG	1	0.37	0.00010649627263045793	3.9855457540652586e-05	0.31219007175733654	998.0716594082049	-2.999
CCGCAC	CCGCAC	1	0.95	0.00010649627263045793	0.00010068747168164854	0.6114973775836103	1954.9571161348022	-3.291
CCGCAG	CCGCAG	1	0.47	0.00010649627263045793	5.034373584082426e-05	0.3767002146507752	1204.3105862385282	-3.081
CCGCAT	CCGCAT	1	0.63	0.00010649627263045793	6.712498112109901e-05	0.4675698548001875	1494.8208257961994	-3.175
CCGCCC	CCGCCC	1	0.20	0.00010649627263045793	2.1256244021681382e-05	0.1809385204686586	578.4604499383015	-2.762
CCGCTA	CCGCTA	3	1.66	0.0003194888178913738	0.00017713536684734471	0.23312191671786262	745.2907677470067	-2.872
CCGCTC	CCGCTC	1	0.95	0.00010649627263045793	0.00010122020962705413	0.6134359738492842	1961.1548083961616	-3.293
CCGCTT	CCGCTT	1	1.90	0.00010649627263045793	0.00020244041925410828	0.8505682536861489	2719.266707034618	-3.434
CCGGAG	CCGGAG	1	0.18	0.00010649627263045793	1.875550943089533e-05	0.16147780950589527	516.2445569903472	-2.713
CCGGCA	CCGGCA	1	0.80	0.00010649627263045793	8.502497608672537e-05	0.5499445697428371	1758.1727894678502	-3.245
CCGGCC	CCGGCC	1	0.40	0.00010649627263045793	4.251248804336268e-05	0.32913829274792966	1052.2551219151312	-3.022
CCGGGC	CCGGGC	1	1.23	0.00010649627263045793	0.00013080765551803914	0.7072053840797	2260.935612902801	-3.354
CCGGGT	CCGGGT	3	1.54	0.0003194888178913738	0.00016350956939754902	0.2000788583931871	639.6521102830192	-2.806
CCGGTA	CCGGTA	3	2.76	0.0003194888178913738	0.0002943172249155882	0.5218339996567543	1668.3032969026433	-3.222
CCGGTC	CCGGTC	2	1.84	0.00021299254526091586	0.00019621148327705873	0.5496670025795545	1757.2854072468356	-3.245
CCGGTT	CCGGTT	1	1.38	0.00010649627263045793	0.00014715861245779408	0.7488787455345025	2394.1653494738043	-3.379
CCGTAG	CCGTAG	2	0.76	0.00021299254526091586	8.097616770164334e-05	0.17703725839419776	565.9881150862502	-2.753
CCGTAT	CCGTAT	2	1.71	0.00021299254526091586	0.0001821963773286976	0.5101085003239281	1630.816875535598	-3.212
CCGTCA	CCGTCA	2	2.03	0.00021299254526091586	0.00021649878170231022	0.6028322464427793	1927.2546918775656	-3.285
CCGTCG	CCGTCG	2	1.11	0.00021299254526091586	0.00011809024456489645	0.30421625074547637	972.579353633288	-2.988
CCGTCT	CCGTCT	1	0.92	0.00010649627263045793	9.840853713741385e-05	0.6030941435096376	1928.0919768003116	-3.285
CCGTGC	CCGTGC	3	1.03	0.0003194888178913738	0.00010970964656351676	0.08593440232886083	274.7322842453681	-2.439
CCGTGG	CCGTGG	1	0.52	0.00010649627263045793	5.485482328175837e-05	0.40255126057595253	1286.9563800613203	-3.11
CCGTTA	CCGTTA	2	0.71	0.00021299254526091586	7.591515722029061e-05	0.1602815087085488	512.4199833412305	-2.71
CCGTTC	CCGTTC	1	1.07	0.00010649627263045793	0.00011387273583043594	0.6567392750252408	2099.5954622556947	-3.322
CCGTTT	CCGTTT	2	2.67	0.00021299254526091586	0.00028468183957608976	0.7464285072877703	2386.331937799002	-3.378
CCTAAA	CCTAAA	2	0.89	0.00021299254526091586	9.479135847506552e-05	0.22389383389378312	715.7885869584246	-2.855
CCTAAT	CCTAAT	1	0.89	0.00010649627263045793	9.479135847506552e-05	0.5893815561250395	1884.2528349317513	-3.275
CCTACC	CCTACC	1	0.67	0.00010649627263045793	7.08541467389379e-05	0.4858912386115257	1553.3942898410478	-3.191
CCTACG	CCTACG	2	1.00	0.00021299254526091586	0.00010628122010840678	0.26349824332115157	842.4038838977216	-2.926
CCTACT	CCTACT	1	1.16	0.00010649627263045793	0.00012399475679314133	0.6878622762476378	2199.0956971636983	-3.342
CCTAGT	CCTAGT	2	0.88	0.00021299254526091586	9.352747369539798e-05	0.21955957610549037	701.9319648092527	-2.846
CCTATC	CCTATC	2	1.51	0.00021299254526091586	0.00016046380290877106	0.4444329514196077	1420.8521456884857	-3.153
CCTATG	CCTATG	2	0.96	0.00021299254526091586	0.00010211332912376344	0.24910509359870656	796.3889842350649	-2.901
CCTATT	CCTATT	3	2.33	0.0003194888178913738	0.00024798951358628244	0.4115366266383124	1315.6825953626849	-3.119
CCTCAA	CCTCAA	3	2.27	0.0003194888178913738	0.0002417897757466255	0.3960985691536663	1266.3271255842712	-3.103
CCTCAC	CCTCAC	1	0.70	0.00010649627263045793	7.439685407588469e-05	0.5027122565589354	1607.1710842189163	-3.206
CCTCAG	CCTCAG	1	1.75	0.00010649627263045793	0.00018599213518971186	0.8256108790682373	2639.4779803811543	-3.422
CCTCAT	CCTCAT	2	2.27	0.00021299254526091586	0.0002417897757466255	0.6622643735405664	2117.259202209191	-3.326
CCTCCA	CCTCCA	2	1.08	0.00021299254526091586	0.0001155230653352248	0.29538736651626324	944.3534107524936	-2.975
CCTCCC	CCTCCC	1	1.74	0.00010649627263045793	0.00018483690453635978	0.8237088754269779	2633.3972747400485	-3.421
CCTCCG	CCTCCG	1	0.65	0.00010649627263045793	6.931383920113491e-05	0.47840139878795124	1529.4492719250802	-3.185
CCTCCT	CCTCCT	1	1.52	0.00010649627263045793	0.00016173229146931476	0.7809962042002444	2496.8448648281815	-3.397
CCTCGA	CCTCGA	2	1.81	0.00021299254526091586	0.00019323858201528512	0.5414665363431993	1731.068516689208	-3.238
CCTCGG	CCTCGG	2	0.45	0.00021299254526091586	4.830964550382137e-05	0.07648234845270252	244.51406800328996	-2.388
CCTCGT	CCTCGT	1	2.04	0.00010649627263045793	0.00021739340476719586	0.8701433424056267	2781.848265670789	-3.444
CCTCTA	CCTCTA	3	2.06	0.0003194888178913738	0.0002192050164735891	0.3391087672885733	1084.1307290215689	-3.035
CCTCTC	CCTCTC	2	2.62	0.00021299254526091586	0.00027898820278456814	0.7363962601905816	2354.258843829289	-3.372
CCTCTG	CCTCTG	2	1.50	0.00021299254526091586	0.00015942183016261037	0.4411602915188068	1410.3894519856253	-3.149
CCTCTT	CCTCTT	2	2.81	0.00021299254526091586	0.0002989159315548944	0.7700805492293961	2461.9475158863793	-3.391
CCTGAA	CCTGAA	2	1.05	0.00021299254526091586	0.00011159528111382717	0.2818485000607298	901.0696546941532	-2.955
CCTGAT	CCTGAT	1	0.60	0.00010649627263045793	6.376873206504403e-05	0.4505230174971974	1440.3220869385402	-3.158
CCTGCA	CCTGCA	1	1.80	0.00010649627263045793	0.0001913061961951322	0.8340991871687279	2666.615101378423	-3.426
CCTGCG	CCTGCG	1	1.00	0.00010649627263045793	0.00010628122010840678	0.6313769334224543	2018.5120561515862	-3.305
CCTGCT	CCTGCT	2	1.00	0.00021299254526091586	0.00010628122010840678	0.26349824332115157	842.4038838977216	-2.926
CCTGGG	CCTGGG	1	0.15	0.00010649627263045793	1.6350956939754902e-05	0.14232967134254323	455.0279592821107	-2.658
CCTGTA	CCTGTA	1	1.08	0.00010649627263045793	0.00011489861633341289	0.6600300363127842	2110.116026091971	-3.324
CCTGTC	CCTGTC	2	1.08	0.00021299254526091586	0.00011489861633341289	0.293237119924742	937.4790723994001	-2.972
CCTGTG	CCTGTG	2	1.75	0.00021299254526091586	0.00018671025154179594	0.5230969348040311	1672.3409005684873	-3.223
CCTTAC	CCTTAC	4	1.87	0.0004259850905218317	0.00019927728770326308	0.12041720593826055	384.97380738461896	-2.585
CCTTAG	CCTTAG	2	0.94	0.00021299254526091586	9.963864385163143e-05	0.24056911575229575	769.0994630600895	-2.886
CCTTCA	CCTTCA	2	1.79	0.00021299254526091586	0.00019076116429714047	0.5345538002599923	1708.9684994311954	-3.233
CCTTCC	CCTTCC	1	0.90	0.00010649627263045793	9.538058214857022e-05	0.5916471567295871	1891.49596006449	-3.277
CCTTCG	CCTTCG	1	0.90	0.00010649627263045793	9.538058214857022e-05	0.5916471567295871	1891.49596006449	-3.277
CCTTCT	CCTTCT	1	1.41	0.00010649627263045793	0.0001498837719477533	0.755223228030009	2414.4486600119385	-3.383
CCTTGA	CCTTGA	1	2.15	0.00010649627263045793	0.0002289133971565687	0.8834572125667877	2824.41270857602	-3.451
CCTTGC	CCTTGC	3	1.43	0.0003194888178913738	0.00015260893143771243	0.1745318708836978	557.9783912151818	-2.747
CCTTGG	CCTTGG	1	0.90	0.00010649627263045793	9.538058214857022e-05	0.5916471567295871	1891.49596006449	-3.277
CCTTGT	CCTTGT	2	2.51	0.00021299254526091586	0.00026706563001599676	0.7142884444458639	2283.580156893427	-3.359
CCTTTA	CCTTTA	2	2.70	0.00021299254526091586	0.0002878449711269355	0.751858871784365	2403.692813094615	-3.381
CCTTTG	CCTTTG	3	1.26	0.0003194888178913738	0.0001343276531925699	0.13407842117942045	428.6487125106072	-2.632
CCTTTT	CCTTTT	8	6.31	0.0008519701810436634	0.0006716382659628493	0.29921112875195677	956.5779786200058	-2.981
CGAAAA	CGAAAA	4	2.77	0.0004259850905218317	0.00029522561141224134	0.3018769666447201	965.10066236317	-2.985
CGAAAG	CGAAAG	1	0.62	0.00010649627263045793	6.642576256775426e-05	0.4640625971780196	1483.6081231781288	-3.171
CGAACC	CGAACC	1	0.80	0.00010649627263045793	8.571066137774756e-05	0.5528329812129127	1767.4070409376818	-3.247
CGAACG	CGAACG	2	1.13	0.00021299254526091586	0.00011999492592884651	0.31075346377949786	993.4788237030547	-2.997
CGAACT	CGAACT	2	1.45	0.00021299254526091586	0.00015427919047994543	0.4248542786789411	1358.2591289365746	-3.133
CGAAGA	CGAAGA	1	0.82	0.00010649627263045793	8.768200658943557e-05	0.5610343179084439	1793.6267143532953	-3.254
CGAAGT	CGAAGT	2	0.90	0.00021299254526091586	9.565309809756608e-05	0.2268527011121119	725.2480854554217	-2.86
CGAATC	CGAATC	1	0.54	0.00010649627263045793	5.722834928914216e-05	0.415719556429365	1329.0554219046799	-3.124
CGAATG	CGAATG	1	0.54	0.00010649627263045793	5.722834928914216e-05	0.415719556429365	1329.0554219046799	-3.124
CGAATT	CGAATT	1	1.00	0.00010649627263045793	0.00010628122010840678	0.6313769334224543	2018.5120561515862	-3.305
CGACAA	CGACAA	1	1.06	0.00010649627263045793	0.0001131380730186266	0.654363109928904	2091.998862442706	-3.321
CGACAT	CGACAT	2	1.26	0.00021299254526091586	0.00013370863174928606	0.3573414424950833	1142.4205916567814	-3.058
CGACCT	CGACCT	1	0.23	0.00010649627263045793	2.452643540963236e-05	0.20570728620232454	657.6461939888316	-2.818
CGACGC	CGACGC	1	0.29	0.00010649627263045793	3.036606288811625e-05	0.2480890130977217	793.1405748734162	-2.899
CGACTC	CGACTC	2	1.65	0.00021299254526091586	0.00017591374362770795	0.4916474444361773	1571.7968798624588	-3.196
CGACTG	CGACTG	2	1.45	0.00021299254526091586	0.00015392452567424442	0.42372050643899395	1354.6344590854637	-3.132
CGACTT	CGACTT	2	1.45	0.00021299254526091586	0.00015392452567424442	0.42372050643899395	1354.6344590854637	-3.132
CGAGAA	CGAGAA	3	2.70	0.0003194888178913738	0.00028784497112693515	0.5070768936914339	1621.1248291315144	-3.21
CGAGAC	CGAGAC	1	0.62	0.00010649627263045793	6.642576256775426e-05	0.4640625971780196	1483.6081231781288	-3.171
CGAGAT	CGAGAT	1	1.04	0.00010649627263045793	0.0001107096042795905	0.6463908897204691	2066.5116744363395	-3.315
CGAGCA	CGAGCA	3	1.84	0.0003194888178913738	0.00019621148327705895	0.2807646138389012	897.6044704429672	-2.953
CGAGCG	CGAGCG	1	0.61	0.00010649627263045793	6.540382775901962e-05	0.4588950047169219	1467.0873300799994	-3.166
CGAGGA	CGAGGA	1	0.88	0.00010649627263045793	9.377754715447665e-05	0.5854539313085068	1871.696218393296	-3.272
CGAGGC	CGAGGC	1	1.47	0.00010649627263045793	0.00015629591192412766	0.7695263207724022	2460.17564750937	-3.391
CGAGGT	CGAGGT	3	1.76	0.0003194888178913738	0.00018755509430895334	0.25899750468344296	828.0150224729672	-2.918
CGAGTA	CGAGTA	2	1.38	0.00021299254526091586	0.00014715861245779424	0.4018745316496104	1284.7928776838044	-3.109
CGAGTG	CGAGTG	2	0.92	0.00021299254526091586	9.810574163852946e-05	0.23528816421427598	752.2162609930404	-2.876
CGATAA	CGATAA	1	1.86	0.00010649627263045793	0.00019852529793834477	0.8449724673195878	2701.376978020722	-3.432
CGATAC	CGATAC	1	0.85	0.00010649627263045793	9.023877179015682e-05	0.5714475167479712	1826.917711043264	-3.262
CGATAG	CGATAG	3	2.03	0.0003194888178913738	0.00021657305229637634	0.33242293838201453	1062.7561340073005	-3.026
CGATAT	CGATAT	4	4.24	0.0004259850905218317	0.00045119385895078405	0.6113583332690454	1954.5125914611383	-3.291
CGATCA	CGATCA	1	0.71	0.00010649627263045793	7.591515722029061e-05	0.5097517219475693	1629.676255066379	-3.212
CGATCC	CGATCC	1	0.29	0.00010649627263045793	3.036606288811625e-05	0.2480890130977217	793.1405748734162	-2.899
CGATGA	CGATGA	3	1.00	0.0003194888178913738	0.00010628122010840678	0.07993033493284114	255.53728078029314	-2.407
CGATTC	CGATTC	1	0.15	0.00010649627263045793	1.6350956939754902e-05	0.14232967134254323	455.0279592821107	-2.658
CGATTT	CGATTT	1	0.92	0.00010649627263045793	9.810574163852946e-05	0.6019640352098012	1924.4790205657346	-3.284
CGCAAA	CGCAAA	3	3.07	0.0003194888178913738	0.0003270191387950981	0.5924637643320314	1894.1066545695044	-3.277
CGCAAC	CGCAAC	1	1.07	0.00010649627263045793	0.00011445669857828433	0.6586163632609021	2105.596513345104	-3.323
CGCAAG	CGCAAG	1	0.61	0.00010649627263045793	6.540382775901962e-05	0.4588950047169219	1467.0873300799994	-3.166
CGCAAT	CGCAAT	1	1.23	0.00010649627263045793	0.00013080765551803914	0.7072053840797	2260.935612902801	-3.354
CGCACA	CGCACA	4	1.76	0.0004259850905218317	0.00018755509430895334	0.10254672830111894	327.84189037867725	-2.516
CGCACT	CGCACT	2	1.94	0.00021299254526091586	0.0002063106037398486	0.5767450501468263	1843.8539253194037	-3.266
CGCAGA	CGCAGA	1	0.43	0.00010649627263045793	4.554909433217439e-05	0.34799692172054225	1112.5461587405737	-3.046
CGCAGT	CGCAGT	2	1.71	0.00021299254526091586	0.00018219637732869742	0.5101085003239276	1630.8168755355966	-3.212
CGCATA	CGCATA	1	1.09	0.00010649627263045793	0.00011594314920917114	0.6633482181348671	2120.72425337717	-3.326
CGCATC	CGCATC	1	1.09	0.00010649627263045793	0.00011594314920917114	0.6633482181348671	2120.72425337717	-3.326
CGCATG	CGCATG	1	0.73	0.00010649627263045793	7.729543280611408e-05	0.5160647266949823	1649.8589312438583	-3.217
CGCATT	CGCATT	1	1.09	0.00010649627263045793	0.00011594314920917114	0.6633482181348671	2120.72425337717	-3.326
CGCCAA	CGCCAA	1	2.05	0.00010649627263045793	0.00021863565279443682	0.8716492822743905	2786.6627554312267	-3.445
CGCCAC	CGCCAC	4	3.59	0.0004259850905218317	0.00038261239239026443	0.48323838249602763	1544.9131088398003	-3.189
CGCCAG	CGCCAG	1	1.03	0.00010649627263045793	0.0001093178263972184	0.6417393159644649	2051.6405931383943	-3.312
CGCCAT	CGCCAT	3	2.31	0.0003194888178913738	0.00024596510939374125	0.40650861675696287	1299.6080477720102	-3.114
CGCCCG	CGCCCG	2	1.50	0.00021299254526091586	0.0001594218301626102	0.44116029151880626	1410.3894519856235	-3.149
CGCCCT	CGCCCT	1	0.75	0.00010649627263045793	7.971091508130517e-05	0.5269175026108222	1684.5552558467984	-3.226
CGCCTC	CGCCTC	1	0.50	0.00010649627263045793	5.314061005420344e-05	0.39285663424727624	1255.962659688542	-3.099
CGCCTT	CGCCTT	2	1.75	0.00021299254526091586	0.00018599213518971205	0.5210461825318163	1665.784645554217	-3.222
CGCGAA	CGCGAA	2	1.33	0.00021299254526091586	0.00014170829347787584	0.3839933943368561	1227.626881694929	-3.089
CGCGAC	CGCGAC	1	1.33	0.00010649627263045793	0.00014170829347787584	0.7356921814636088	2352.0079041391573	-3.371
CGCGAG	CGCGAG	1	0.67	0.00010649627263045793	7.08541467389379e-05	0.4858912386115257	1553.3942898410478	-3.191
CGCGAT	CGCGAT	1	1.66	0.00010649627263045793	0.00017713536684734471	0.8104876518225969	2591.129022876842	-3.413
CGCGCA	CGCGCA	3	1.05	0.0003194888178913738	0.00011187496853516507	0.08982205270244321	287.16110248971097	-2.458
CGCGCT	CGCGCT	1	0.42	0.00010649627263045793	4.474998741406599e-05	0.34308614106001517	1096.8463929688685	-3.04
CGCGGA	CGCGGA	1	1.00	0.00010649627263045793	0.00010628122010840689	0.6313769334224546	2018.5120561515873	-3.305
CGCGGG	CGCGGG	1	0.80	0.00010649627263045793	8.502497608672554e-05	0.5499445697428379	1758.1727894678527	-3.245
CGCGTC	CGCGTC	1	0.47	0.00010649627263045793	4.959790271725655e-05	0.37231969243304913	1190.306056708458	-3.076
CGCTAA	CGCTAA	3	1.16	0.0003194888178913738	0.00012399475679314133	0.11286696197499425	360.8356774340566	-2.557
CGCTAC	CGCTAC	2	1.16	0.00021299254526091586	0.00012399475679314133	0.3244369639182586	1037.2249736466727	-3.016
CGCTAG	CGCTAG	1	2.04	0.00010649627263045793	0.00021699082438799731	0.8696515253990017	2780.2759267006086	-3.444
CGCTAT	CGCTAT	1	2.62	0.00010649627263045793	0.00027898820278456787	0.9271752365359771	2964.179231205519	-3.472
CGCTCC	CGCTCC	1	0.59	0.00010649627263045793	6.298146376794478e-05	0.4464459856986019	1427.2878162784302	-3.155
CGCTCG	CGCTCG	2	0.74	0.00021299254526091586	7.872682970993095e-05	0.16955523448428067	542.0680846462453	-2.734
CGCTCT	CGCTCT	1	1.33	0.00010649627263045793	0.0001417082934778757	0.7356921814636086	2352.007904139157	-3.371
CGCTGA	CGCTGA	1	0.53	0.00010649627263045793	5.668331739115035e-05	0.4127216321212583	1319.4710578916627	-3.12
CGCTGG	CGCTGG	1	0.53	0.00010649627263045793	5.668331739115035e-05	0.4127216321212583	1319.4710578916627	-3.12
CGCTTA	CGCTTA	3	1.60	0.0003194888178913738	0.00017004995217345095	0.21580688220669222	689.934602414795	-2.839
CGCTTC	CGCTTC	2	2.00	0.00021299254526091586	0.0002125624402168136	0.5928998930396204	1895.5009580476665	-3.278
CGCTTT	CGCTTT	3	3.19	0.0003194888178913738	0.0003400999043469019	0.6187460112458976	1978.1309979531345	-3.296
CGGAAA	CGGAAA	3	3.02	0.0003194888178913738	0.00032171612573355556	0.581479252983665	1858.989171788777	-3.269
CGGAAC	CGGAAC	2	1.13	0.00021299254526091586	0.00012064354715008334	0.3129767327758879	1000.5866146845136	-3.0
CGGAAG	CGGAAG	2	1.70	0.00021299254526091586	0.00018096532072512506	0.506525989136347	1619.3635872689015	-3.209
CGGACT	CGGACT	1	0.29	0.00010649627263045793	3.036606288811625e-05	0.2480890130977217	793.1405748734162	-2.899
CGGAGA	CGGAGA	2	1.61	0.00021299254526091586	0.00017168504786742637	0.4789761454281527	1531.2867369338041	-3.185
CGGAGT	CGGAGT	1	1.15	0.00010649627263045793	0.00012263217704816176	0.6838429333377167	2186.2458578806804	-3.34
CGGATA	CGGATA	2	2.33	0.00021299254526091586	0.0002479895135862827	0.6756925419217268	2160.1890565237604	-3.334
CGGATG	CGGATG	2	2.00	0.00021299254526091586	0.0002125624402168136	0.5928998930396204	1895.5009580476665	-3.278
CGGATT	CGGATT	2	1.66	0.00021299254526091586	0.00017713536684734471	0.49527155564060527	1583.383163383015	-3.2
CGGCAC	CGGCAC	2	0.67	0.00021299254526091586	7.08541467389379e-05	0.14384417236730748	459.869819058282	-2.663
CGGCCC	CGGCCC	1	0.13	0.00010649627263045793	1.4170829347787584e-05	0.12459101252879003	398.31746705454174	-2.6
CGGCGT	CGGCGT	1	0.50	0.00010649627263045793	5.314061005420344e-05	0.39285663424727624	1255.962659688542	-3.099
CGGCTC	CGGCTC	1	0.37	0.00010649627263045793	3.915623898730782e-05	0.3076592865732509	983.5867391746832	-2.993
CGGGAA	CGGGAA	2	2.13	0.00021299254526091586	0.00022673326956460123	0.6277925126702678	2007.0526630068462	-3.303
CGGGAC	CGGGAC	2	1.06	0.00021299254526091586	0.0001133666347823006	0.2879580725078279	920.6019578075258	-2.964
CGGGCA	CGGGCA	2	1.09	0.00021299254526091586	0.00011594314920917102	0.29683334571519915	948.9762062514917	-2.977
CGGGCC	CGGGCC	2	1.81	0.00021299254526091586	0.00019323858201528512	0.5414665363431993	1731.068516689208	-3.238
CGGGTA	CGGGTA	4	1.84	0.0004259850905218317	0.00019578119493653907	0.11495397622969265	367.5078620063274	-2.565
CGGGTG	CGGGTG	1	0.79	0.00010649627263045793	8.39062264013739e-05	0.5451917902415725	1742.9781534023073	-3.241
CGGTAA	CGGTAA	2	2.20	0.00021299254526091586	0.00023381868423849513	0.6443456327362806	2059.972987857889	-3.314
CGGTAC	CGGTAC	1	0.60	0.00010649627263045793	6.376873206504403e-05	0.4505230174971974	1440.3220869385402	-3.158
CGGTAG	CGGTAG	3	1.20	0.0003194888178913738	0.00012753746413008823	0.1199878288565407	383.6010888543606	-2.584
CGGTCC	CGGTCC	2	1.33	0.00021299254526091586	0.0001417082934778757	0.38399339433685553	1227.626881694927	-3.089
CGGTCG	CGGTCG	1	0.53	0.00010649627263045793	5.668331739115023e-05	0.4127216321212577	1319.4710578916608	-3.12
CGGTCT	CGGTCT	1	0.80	0.00010649627263045793	8.502497608672537e-05	0.5499445697428371	1758.1727894678502	-3.245
CGGTTA	CGGTTA	1	1.03	0.00010649627263045793	0.00010994608976731741	0.6438466145492747	2058.377626714031	-3.314
CGGTTT	CGGTTT	2	1.14	0.00021299254526091586	0.0001209406987440491	0.31399474838217506	1003.8412105778136	-3.002
CGTAAA	CGTAAA	2	2.53	0.00021299254526091586	0.00026924575760796404	0.7184442575287491	2296.8662913194107	-3.361
CGTAAC	CGTAAC	2	1.33	0.00021299254526091586	0.00014170829347787584	0.3839933943368561	1227.626881694929	-3.089
CGTAAG	CGTAAG	2	0.80	0.00021299254526091586	8.502497608672537e-05	0.1906272786288187	609.4354097763334	-2.785
CGTACA	CGTACA	1	0.89	0.00010649627263045793	9.44721956519172e-05	0.5881491118760745	1880.3127106678103	-3.274
CGTACG	CGTACG	1	0.52	0.00010649627263045793	5.510878079695168e-05	0.403974275945763	1291.5057601986043	-3.111
CGTAGA	CGTAGA	1	1.23	0.00010649627263045793	0.00013080765551803914	0.7072053840797	2260.935612902801	-3.354
CGTAGC	CGTAGC	1	1.38	0.00010649627263045793	0.00014715861245779408	0.7488787455345025	2394.1653494738043	-3.379
CGTAGT	CGTAGT	2	1.07	0.00021299254526091586	0.00011445669857828423	0.2917148460088287	932.6123626902253	-2.97
CGTATA	CGTATA	5	4.39	0.0005324813631522897	0.0004676373684769903	0.447111912111344	1429.4167830199667	-3.155
CGTATC	CGTATC	1	1.20	0.00010649627263045793	0.00012753746413008823	0.6980750456996152	2231.74592110167	-3.349
CGTATG	CGTATG	1	1.40	0.00010649627263045793	0.0001487937081517697	0.7527049002232944	2406.397566013872	-3.381
CGTATT	CGTATT	2	2.00	0.00021299254526091586	0.0002125624402168138	0.5928998930396212	1895.500958047669	-3.278
CGTCAA	CGTCAA	5	4.64	0.0005324813631522897	0.0004936172222812675	0.4933265249786042	1577.1649003565976	-3.198
CGTCAG	CGTCAG	4	1.22	0.0004259850905218317	0.0001298992690213862	0.035507924129729494	113.51883344274519	-2.055
CGTCAT	CGTCAT	2	2.93	0.00021299254526091586	0.0003117582456513268	0.7897440686933446	2524.8117876126225	-3.402
CGTCCA	CGTCCA	1	1.11	0.00010649627263045793	0.00011809024456489645	0.6700675678228796	2142.206014329746	-3.331
CGTCCC	CGTCCC	2	1.66	0.00021299254526091586	0.00017713536684734471	0.49527155564060527	1583.383163383015	-3.2
CGTCCT	CGTCCT	2	1.11	0.00021299254526091586	0.00011809024456489645	0.30421625074547637	972.579353633288	-2.988
CGTCGC	CGTCGC	2	1.82	0.00021299254526091586	0.00019407874976317785	0.543794569154268	1738.511237586195	-3.24
CGTCGG	CGTCGG	2	0.52	0.00021299254526091586	5.5451071360907954e-05	0.0965407754669024	308.640859167687	-2.489
CGTCGT	CGTCGT	2	2.34	0.00021299254526091586	0.00024952982112408595	0.6789604584012596	2170.636585508827	-3.337
CGTCTA	CGTCTA	1	1.05	0.00010649627263045793	0.00011187496853516519	0.6502392587008153	2078.814910066507	-3.318
CGTCTC	CGTCTC	1	1.58	0.00010649627263045793	0.00016781245280274765	0.7931494923363339	2535.6989269992596	-3.404
CGTCTG	CGTCTG	1	0.79	0.00010649627263045793	8.39062264013739e-05	0.5451917902415725	1742.9781534023073	-3.241
CGTCTT	CGTCTT	2	1.58	0.00021299254526091586	0.00016781245280274765	0.4672029573342657	1493.6478545976474	-3.174
CGTGAA	CGTGAA	1	4.04	0.00010649627263045793	0.0004298484902162235	0.9823368957936714	3140.5310558523674	-3.497
CGTGAC	CGTGAC	6	2.31	0.0006389776357827476	0.00024562770869498486	0.03032354168446054	96.94436276522035	-1.987
CGTGAG	CGTGAG	2	1.73	0.00021299254526091586	0.00018422078152123867	0.51596238221517	1649.5317359418984	-3.217
CGTGAT	CGTGAT	4	4.90	0.0004259850905218317	0.0005219588809768428	0.7208293726257066	2304.491504284384	-3.363
CGTGCA	CGTGCA	5	4.88	0.0005324813631522897	0.0005195970760855449	0.5380276890562968	1720.074521912981	-3.236
CGTGCC	CGTGCC	1	1.77	0.00010649627263045793	0.00018894439130383444	0.830378845951534	2654.721170507054	-3.424
CGTGCG	CGTGCG	1	0.44	0.00010649627263045793	4.723609782595869e-05	0.35824390293202163	1145.305757673673	-3.059
CGTGCT	CGTGCT	1	0.89	0.00010649627263045793	9.44721956519172e-05	0.5881491118760745	1880.3127106678103	-3.274
CGTGGA	CGTGGA	2	1.07	0.00021299254526091586	0.00011445669857828433	0.29171484600882913	932.6123626902267	-2.97
CGTGGC	CGTGGC	1	1.07	0.00010649627263045793	0.00011445669857828433	0.6586163632609021	2105.596513345104	-3.323
CGTGGT	CGTGGT	1	1.23	0.00010649627263045793	0.00013080765551803927	0.7072053840797003	2260.935612902802	-3.354
CGTGTA	CGTGTA	3	1.50	0.0003194888178913738	0.00015942183016261037	0.19039320659690695	608.6870814903115	-2.784
CGTGTT	CGTGTT	3	1.75	0.0003194888178913738	0.00018599213518971205	0.25509021612546395	815.5234209531083	-2.911
CGTTAA	CGTTAA	1	1.07	0.00010649627263045793	0.00011405789475048534	0.657335564110717	2101.501798461962	-3.323
CGTTAC	CGTTAC	1	0.97	0.00010649627263045793	0.00010368899522771398	0.6222941893899911	1989.4745234798017	-3.299
CGTTAT	CGTTAT	2	0.97	0.00021299254526091586	0.00010368899522771398	0.2545448304080121	813.7798228144147	-2.911
CGTTCA	CGTTCA	2	1.74	0.00021299254526091586	0.00018513502857593446	0.518590763350108	1657.9346704302952	-3.22
CGTTCC	CGTTCC	1	0.58	0.00010649627263045793	6.171167619197819e-05	0.43980628724984144	1406.0607003377431	-3.148
CGTTCT	CGTTCT	3	2.90	0.0003194888178913738	0.0003085583809598909	0.5534264678988274	1769.3044178725513	-3.248
CGTTGA	CGTTGA	2	0.72	0.00021299254526091586	7.65224784780529e-05	0.1622767184709181	518.7986689515252	-2.715
CGTTGT	CGTTGT	1	0.96	0.00010649627263045793	0.00010202997130407051	0.6163641296409499	1970.5161224621168	-3.295
CGTTTA	CGTTTA	5	4.57	0.0005324813631522897	0.0004871222588301977	0.4818967838609912	1540.6240180035888	-3.188
CGTTTC	CGTTTC	6	3.53	0.0006389776357827476	0.0003764126545506075	0.14698175723913876	469.9006778935266	-2.672
CGTTTG	CGTTTG	2	2.29	0.00021299254526091586	0.00024356112941509907	0.6661461124313504	2129.669121443027	-3.328
CGTTTT	CGTTTT	2	4.57	0.00021299254526091586	0.0004871222588301977	0.9424988933940813	3013.168962180878	-3.479
CTAAAA	CTAAAA	5	4.10	0.0005324813631522897	0.0004366493500839367	0.39071851907985	1249.1271054982803	-3.097
CTAAAC	CTAAAC	1	1.72	0.00010649627263045793	0.00018311101777713465	0.8208286121002597	2624.18907288453	-3.419
CTAAAG	CTAAAG	2	2.65	0.00021299254526091586	0.00028170925811866863	0.7412324218158128	2369.7200525451535	-3.375
CTAAAT	CTAAAT	3	2.51	0.0003194888178913738	0.0002676237952127354	0.4595140117629925	1469.066295606287	-3.167
CTAACA	CTAACA	4	3.14	0.0004259850905218317	0.000334785843341482	0.38491327537032494	1230.5677413589287	-3.09
CTAACC	CTAACC	1	0.90	0.00010649627263045793	9.565309809756627e-05	0.5926907651043603	1894.8323760386397	-3.278
CTAACT	CTAACT	1	1.35	0.00010649627263045793	0.00014347964714634943	0.7400520568597051	2365.946425780477	-3.374
CTAAGA	CTAAGA	6	4.08	0.0006389776357827476	0.00043478680953439177	0.22791673145656957	728.6497904666529	-2.863
CTAAGG	CTAAGG	1	1.22	0.00010649627263045793	0.00013043604286031759	0.7061819093591274	2257.6635642211304	-3.354
CTAAGT	CTAAGT	2	2.25	0.00021299254526091586	0.00023913274524391538	0.6563736715237998	2098.426627861588	-3.322
CTAATA	CTAATA	1	3.87	0.00010649627263045793	0.0004126212074796973	0.9792355551725733	3130.616069886717	-3.496
CTAATC	CTAATC	3	1.94	0.0003194888178913738	0.0002063106037398486	0.3063464426091908	979.389577021583	-2.991
CTAATG	CTAATG	2	1.45	0.00021299254526091586	0.00015473295280488646	0.42630313524650015	1362.891123383061	-3.134
CTAATT	CTAATT	5	3.71	0.0005324813631522897	0.00039542865716804304	0.31530630926174336	1008.0342707097935	-3.003
CTACAA	CTACAA	3	2.29	0.0003194888178913738	0.00024392411172421255	0.4014264094534794	1283.3602310227736	-3.108
CTACAC	CTACAC	1	1.15	0.00010649627263045793	0.00012196205586210626	0.6818472623844138	2179.8656978429713	-3.338
CTACAG	CTACAG	2	1.03	0.00021299254526091586	0.00010976585027589572	0.27553375997732715	880.8814306475149	-2.945
CTACAT	CTACAT	1	2.52	0.00010649627263045793	0.00026831652289663376	0.9194995214616403	2939.639970112864	-3.468
CTACCA	CTACCA	1	1.91	0.00010649627263045793	0.0002033205949899959	0.8517981950368906	2723.1988295329393	-3.435
CTACCC	CTACCC	1	0.69	0.00010649627263045793	7.393476181454393e-05	0.500549813922171	1600.2577551091808	-3.204
CTACCT	CTACCT	2	1.04	0.00021299254526091586	0.00011090214272181592	0.2794564493616225	893.4222686091072	-2.951
CTACGA	CTACGA	2	1.65	0.00021299254526091586	0.00017591374362770795	0.4916474444361773	1571.7968798624588	-3.196
CTACGC	CTACGC	1	0.62	0.00010649627263045793	6.596765386039047e-05	0.46175222135930327	1476.2218516856926	-3.169
CTACGG	CTACGG	2	1.03	0.00021299254526091586	0.00010994608976731741	0.2761560736457773	882.8709674455501	-2.946
CTACGT	CTACGT	1	2.68	0.00010649627263045793	0.0002858598333950254	0.9317258345855578	2978.727493170028	-3.474
CTACTA	CTACTA	4	2.33	0.0004259850905218317	0.0002479895135862827	0.20649690920962455	660.1706187431697	-2.82
CTACTC	CTACTC	1	1.33	0.00010649627263045793	0.00014170829347787584	0.7356921814636088	2352.0079041391573	-3.371
CTACTG	CTACTG	1	1.33	0.00010649627263045793	0.00014170829347787584	0.7356921814636088	2352.0079041391573	-3.371
CTACTT	CTACTT	1	2.00	0.00010649627263045793	0.0002125624402168138	0.8641170347869664	2762.5821602139317	-3.441
CTAGAA	CTAGAA	4	2.66	0.0004259850905218317	0.00028341658695575173	0.277390917899418	886.8187645244393	-2.948
CTAGAG	CTAGAG	1	1.33	0.00010649627263045793	0.00014170829347787584	0.7356921814636088	2352.0079041391573	-3.371
CTAGAT	CTAGAT	2	2.16	0.00021299254526091586	0.00023027597690154823	0.6361430650278901	2033.7493788941647	-3.308
CTAGCA	CTAGCA	1	1.50	0.00010649627263045793	0.00015942183016261037	0.7761929506640187	2481.488863272868	-3.395
CTAGCC	CTAGCC	1	0.83	0.00010649627263045793	8.856768342367234e-05	0.564669840032415	1805.249478583631	-3.257
CTAGCG	CTAGCG	1	1.16	0.00010649627263045793	0.00012399475679314133	0.6878622762476378	2199.0956971636983	-3.342
CTAGCT	CTAGCT	2	1.50	0.00021299254526091586	0.00015942183016261037	0.4411602915188068	1410.3894519856253	-3.149
CTAGGA	CTAGGA	1	0.43	0.00010649627263045793	4.554909433217439e-05	0.34799692172054225	1112.5461587405737	-3.046
CTAGGT	CTAGGT	1	1.14	0.00010649627263045793	0.00012146425155246504	0.6803566135886119	2175.100093642792	-3.337
CTAGTA	CTAGTA	3	3.11	0.0003194888178913738	0.00033087549656390816	0.6003331227538956	1919.2649934442043	-3.283
CTAGTC	CTAGTC	3	2.90	0.0003194888178913738	0.0003088171301263143	0.5539888714962169	1771.1024221734053	-3.248
CTAGTT	CTAGTT	5	3.94	0.0005324813631522897	0.00041910896231428345	0.35855105483003874	1146.2877222916338	-3.059
CTATAA	CTATAA	2	3.86	0.00021299254526091586	0.0004112319104848159	0.8977288095229402	2870.0390040448397	-3.458
CTATAC	CTATAC	4	2.50	0.0004259850905218317	0.0002667450230171778	0.24343667627625143	778.2670540551758	-2.891
CTATAG	CTATAG	2	0.83	0.00021299254526091586	8.891500767239267e-05	0.20380841750891987	651.5755107760168	-2.814
CTATAT	CTATAT	8	8.77	0.0008519701810436634	0.0009336075805601225	0.6480663544041005	2071.8681350299094	-3.316
CTATCA	CTATCA	2	3.90	0.00021299254526091586	0.0004156776608684357	0.9010679950001095	2880.71438001535	-3.46
CTATCC	CTATCC	2	1.71	0.00021299254526091586	0.00018185897662994073	0.5091283309988601	1627.6832742033557	-3.212
CTATCG	CTATCG	1	1.71	0.00010649627263045793	0.00018185897662994073	0.8187097227375058	2617.414983591806	-3.418
CTATCT	CTATCT	6	3.66	0.0006389776357827476	0.00038969780706415833	0.16413360803583565	524.7351448905666	-2.72
CTATGA	CTATGA	1	1.75	0.00010649627263045793	0.00018599213518971205	0.8256108790682376	2639.4779803811557	-3.422
CTATGC	CTATGC	3	1.92	0.0003194888178913738	0.0002045913487086834	0.30198242273124637	965.4378054717946	-2.985
CTATGG	CTATGG	2	0.87	0.00021299254526091586	9.299606759485601e-05	0.2177393013378725	696.1125463771784	-2.843
CTATGT	CTATGT	1	2.45	0.00010649627263045793	0.00026038898926559697	0.9132784275711732	2919.751132945041	-3.465
CTATTA	CTATTA	6	4.58	0.0006389776357827476	0.00048722177308123567	0.3099342954065676	990.8599424147966	-2.996
CTATTG	CTATTG	4	2.29	0.0004259850905218317	0.00024361088654061778	0.19811772214219533	633.3823576885985	-2.802
CTATTT	CTATTT	7	8.01	0.0007454739084132055	0.0008526381028921623	0.68739114653333	2197.589495467056	-3.342
CTCAAA	CTCAAA	7	5.23	0.0007454739084132055	0.0005567866904186686	0.2718916700577918	869.2376691747604	-2.939
CTCAAC	CTCAAC	1	2.32	0.00010649627263045793	0.00024746075129718594	0.9020850911654062	2883.966036455804	-3.46
CTCAAT	CTCAAT	5	3.49	0.0005324813631522897	0.00037119112694577897	0.2718172473579551	868.9997398033825	-2.939
CTCACA	CTCACA	1	0.82	0.00010649627263045793	8.720510367869282e-05	0.5590641696542695	1787.3281503846997	-3.252
CTCACC	CTCACC	1	0.82	0.00010649627263045793	8.720510367869282e-05	0.5590641696542695	1787.3281503846997	-3.252
CTCACT	CTCACT	2	0.92	0.00021299254526091586	9.810574163852926e-05	0.2352881642142753	752.2162609930382	-2.876
CTCAGA	CTCAGA	5	2.41	0.0005324813631522897	0.00025654087612374054	0.09699040851710315	310.0783360291788	-2.491
CTCAGC	CTCAGC	2	2.75	0.00021299254526091586	0.0002931895727128464	0.7608062106855031	2432.2974555615533	-3.386
CTCAGG	CTCAGG	2	2.06	0.00021299254526091586	0.00021989217953463484	0.6112463041500094	1954.1544343675798	-3.291
CTCAGT	CTCAGT	1	2.75	0.00010649627263045793	0.0002931895727128464	0.9362668273216703	2993.24504694738	-3.476
CTCATA	CTCATA	5	2.82	0.0005324813631522897	0.0003003599698715846	0.15551170370783346	497.1709167539436	-2.697
CTCATC	CTCATC	3	3.38	0.0003194888178913738	0.00036043196384590145	0.6572521452882323	2101.2351084864786	-3.322
CTCATG	CTCATG	1	2.07	0.00010649627263045793	0.0002202639779058286	0.8735968343060249	2792.8890792763614	-3.446
CTCATT	CTCATT	4	4.70	0.0004259850905218317	0.0005005999497859742	0.6904161211351914	2207.2603392692067	-3.344
CTCCAA	CTCCAA	2	1.93	0.00021299254526091586	0.00020570558730659388	0.57515695535654	1838.7767862748583	-3.265
CTCCAG	CTCCAG	2	0.48	0.00021299254526091586	5.142639682664846e-05	0.08506144829184897	271.9414501890412	-2.434
CTCCAT	CTCCAT	1	1.45	0.00010649627263045793	0.00015427919047994543	0.7651202501589756	2446.0894397582447	-3.388
CTCCCA	CTCCCA	2	2.55	0.00021299254526091586	0.0002720799234775214	0.7237704632142188	2313.8941708958573	-3.364
CTCCCC	CTCCCC	2	1.28	0.00021299254526091586	0.00013603996173876067	0.3651548113371562	1167.3999318448884	-3.067
CTCCCG	CTCCCG	3	1.92	0.0003194888178913738	0.00020405994260814104	0.30063410047324357	961.1272192129597	-2.983
CTCCCT	CTCCCT	1	2.24	0.00010649627263045793	0.00023806993304283116	0.8930588580683323	2855.1091692444584	-3.456
CTCCGA	CTCCGA	1	0.64	0.00010649627263045793	6.832364149826146e-05	0.4735289810585324	1513.8721524441282	-3.18
CTCCGG	CTCCGG	2	0.43	0.00021299254526091586	4.554909433217439e-05	0.06913129587397691	221.0127529091042	-2.344
CTCCTA	CTCCTA	1	1.03	0.00010649627263045793	0.0001094071383468894	0.6420396414705968	2052.600733781498	-3.312
CTCCTC	CTCCTC	4	2.47	0.0004259850905218317	0.0002625771320325345	0.23509619934639606	751.6025493104282	-2.876
CTCCTG	CTCCTG	2	1.23	0.00021299254526091586	0.00013128856601626722	0.3491938118618452	1116.3726165223193	-3.048
CTCGAA	CTCGAA	1	2.43	0.00010649627263045793	0.0002587716663509038	0.9119513650281345	2915.508513994946	-3.465
CTCGAC	CTCGAC	2	0.69	0.00021299254526091586	7.393476181454393e-05	0.15380781409622685	491.72358166563725	-2.692
CTCGAG	CTCGAG	4	3.12	0.0004259850905218317	0.0003327064281654479	0.3805513942606879	1216.6228074514192	-3.085
CTCGAT	CTCGAT	1	1.74	0.00010649627263045793	0.00018483690453635978	0.8237088754269779	2633.3972747400485	-3.421
CTCGCA	CTCGCA	1	1.04	0.00010649627263045793	0.00011090214272181592	0.6470296147901512	2068.5536784841133	-3.316
CTCGCG	CTCGCG	1	0.39	0.00010649627263045793	4.158830352068097e-05	0.3232911583933603	1033.561833383573	-3.014
CTCGCT	CTCGCT	1	1.30	0.00010649627263045793	0.00013862767840226985	0.7279348992136345	2327.2078727859894	-3.367
CTCGGA	CTCGGA	2	0.73	0.00021299254526091586	7.729543280611408e-05	0.16482251439657405	526.9375785258472	-2.722
CTCGTC	CTCGTC	5	2.57	0.0005324813631522897	0.0002732945659930462	0.11784521748802493	376.7511603092157	-2.576
CTCGTG	CTCGTG	1	1.28	0.00010649627263045793	0.00013664728299652307	0.7228282662147333	2310.8819670885023	-3.364
CTCGTT	CTCGTT	3	4.11	0.0003194888178913738	0.0004372713055888737	0.7770173789880052	2484.1245606246525	-3.395
CTCTAA	CTCTAA	2	2.79	0.00021299254526091586	0.00029758741630353915	0.7679572872353221	2455.159447291325	-3.39
CTCTAC	CTCTAC	2	1.40	0.00021299254526091586	0.00014879370815176955	0.4071908836790732	1301.789255121997	-3.115
CTCTAG	CTCTAG	3	1.80	0.0003194888178913738	0.00019130619619513238	0.26840576515676756	858.0932312061859	-2.934
CTCTAT	CTCTAT	4	4.99	0.0004259850905218317	0.0005314061005420343	0.7335539063538534	2345.1718386132693	-3.37
CTCTCA	CTCTCA	4	2.13	0.0004259850905218317	0.00022642520805704077	0.16632391270328106	531.7375489123896	-2.726
CTCTCC	CTCTCC	2	2.73	0.00021299254526091586	0.0002911181246447669	0.7573721501356732	2421.318763983747	-3.384
CTCTCG	CTCTCG	1	2.43	0.00010649627263045793	0.0002587716663509038	0.9119513650281345	2915.508513994946	-3.465
CTCTCT	CTCTCT	7	6.68	0.0007454739084132055	0.0007116220824649858	0.5019370082825887	1604.692615479436	-3.205
CTCTGA	CTCTGA	3	2.46	0.0003194888178913738	0.00026161531103607855	0.44499844837086405	1422.6600394416523	-3.153
CTCTGC	CTCTGC	2	1.84	0.00021299254526091586	0.00019621148327705895	0.5496670025795551	1757.2854072468378	-3.245
CTCTGT	CTCTGT	3	2.76	0.0003194888178913738	0.0002943172249155885	0.5218339996567549	1668.3032969026456	-3.222
CTCTTA	CTCTTA	1	1.50	0.00010649627263045793	0.00015942183016261037	0.7761929506640187	2481.488863272868	-3.395
CTCTTC	CTCTTC	3	2.74	0.0003194888178913738	0.00029227335529811906	0.5171999219802187	1653.4881505707592	-3.218
CTCTTG	CTCTTG	2	3.99	0.00021299254526091586	0.0004251248804336277	0.9078282408904478	2902.3268861267616	-3.463
CTCTTT	CTCTTT	9	6.74	0.0009584664536741214	0.0007173982357317464	0.23724074503534812	758.4586618780079	-2.88
CTGAAA	CTGAAA	3	2.29	0.0003194888178913738	0.00024348061333925928	0.400320412792994	1279.824359699202	-3.107
CTGAAC	CTGAAC	1	1.27	0.00010649627263045793	0.00013526700741069964	0.7192125213666984	2299.322430809335	-3.362
CTGAAG	CTGAAG	3	1.40	0.0003194888178913738	0.00014879370815176955	0.16581947005964878	530.1248457806971	-2.724
CTGACA	CTGACA	2	1.45	0.00021299254526091586	0.00015459086561222816	0.42584965924141904	1361.4413605948166	-3.134
CTGACC	CTGACC	1	0.60	0.00010649627263045793	6.441286067176169e-05	0.4538364258275475	1450.9150533706695	-3.162
CTGACG	CTGACG	1	0.36	0.00010649627263045793	3.864771640305703e-05	0.3043454353596047	972.9923568446561	-2.988
CTGAGA	CTGAGA	1	0.79	0.00010649627263045793	8.390622640137373e-05	0.5451917902415718	1742.9781534023052	-3.241
CTGAGG	CTGAGG	1	1.05	0.00010649627263045793	0.00011187496853516496	0.6502392587008146	2078.814910066504	-3.318
CTGAGT	CTGAGT	3	2.36	0.0003194888178913738	0.0002517186792041213	0.4207630318391428	1345.1794127897397	-3.129
CTGATA	CTGATA	2	1.44	0.00021299254526091586	0.0001537685737738652	0.4232215995539177	1353.0394537738748	-3.131
CTGATC	CTGATC	1	0.76	0.00010649627263045793	8.140689199792867e-05	0.5343917743097905	1708.4505024684001	-3.233
CTGATT	CTGATT	1	1.19	0.00010649627263045793	0.000126632943107889	0.6954997393329352	2223.512666647394	-3.347
CTGCAA	CTGCAA	3	2.85	0.0003194888178913738	0.0003032903110410633	0.5418846941143348	1732.4053670835285	-3.239
CTGCAC	CTGCAC	4	3.29	0.0004259850905218317	0.00034995035889353454	0.4165745888465135	1331.7889605423036	-3.124
CTGCAG	CTGCAG	1	0.88	0.00010649627263045793	9.332009570494255e-05	0.5836694315874127	1865.9911727849583	-3.271
CTGCAT	CTGCAT	1	1.97	0.00010649627263045793	0.00020997021533612062	0.8607689258287807	2751.878255874612	-3.44
CTGCCG	CTGCCG	1	0.11	0.00010649627263045793	1.1809024456489646e-05	0.10495988425153624	335.55674995216134	-2.526
CTGCGA	CTGCGA	1	1.05	0.00010649627263045793	0.00011187496853516496	0.6502392587008146	2078.814910066504	-3.318
CTGCGC	CTGCGC	1	2.10	0.00010649627263045793	0.00022374993707032994	0.8776674238458444	2805.9027540351644	-3.448
CTGCGG	CTGCGG	1	0.26	0.00010649627263045793	2.7968742133791233e-05	0.23097091522388938	738.4140159707744	-2.868
CTGCGT	CTGCGT	2	1.58	0.00021299254526091586	0.00016781245280274748	0.4672029573342651	1493.6478545976454	-3.174
CTGCTA	CTGCTA	1	1.28	0.00010649627263045793	0.00013664728299652294	0.722828266214733	2310.8819670885014	-3.364
CTGCTC	CTGCTC	1	1.14	0.00010649627263045793	0.00012146425155246492	0.6803566135886114	2175.100093642791	-3.337
CTGCTG	CTGCTG	1	0.43	0.00010649627263045793	4.5549094332174295e-05	0.3479969217205417	1112.5461587405719	-3.046
CTGCTT	CTGCTT	2	2.14	0.00021299254526091586	0.0002277454716608717	0.6301935240628751	2014.7286964290117	-3.304
CTGGAA	CTGGAA	2	2.30	0.00021299254526091586	0.0002452643540963236	0.6698444474329379	2141.4926984431027	-3.331
CTGGAC	CTGGAC	2	1.15	0.00021299254526091586	0.00012263217704816176	0.3197829675162643	1022.3461471494969	-3.01
CTGGAT	CTGGAT	1	1.15	0.00010649627263045793	0.00012263217704816176	0.6838429333377167	2186.2458578806804	-3.34
CTGGCC	CTGGCC	1	0.48	0.00010649627263045793	5.101498565203525e-05	0.38061654013119633	1216.8310787994346	-3.085
CTGGCG	CTGGCG	2	0.36	0.00021299254526091586	3.826123923902644e-05	0.05097772791031271	162.97579612926972	-2.212
CTGGGA	CTGGGA	1	0.37	0.00010649627263045793	3.9855457540652586e-05	0.31219007175733654	998.0716594082049	-2.999
CTGGGG	CTGGGG	1	0.62	0.00010649627263045793	6.642576256775426e-05	0.4640625971780196	1483.6081231781288	-3.171
CTGGTA	CTGGTA	1	0.83	0.00010649627263045793	8.795687181385396e-05	0.5621658206875387	1797.2441287380614	-3.255
CTGGTC	CTGGTC	1	0.10	0.00010649627263045793	1.099460897673174e-05	0.09808895028735906	313.5903740686869	-2.496
CTGGTG	CTGGTG	1	0.83	0.00010649627263045793	8.795687181385396e-05	0.5621658206875387	1797.2441287380614	-3.255
CTGTAA	CTGTAA	1	2.36	0.00010649627263045793	0.000251210156619871	0.9054723949926813	2894.795246791602	-3.462
CTGTAC	CTGTAC	3	1.81	0.0003194888178913738	0.00019323858201528534	0.2732675891995481	873.6364826709552	-2.941
CTGTAG	CTGTAG	1	1.63	0.00010649627263045793	0.00017391472381375676	0.8046689087948764	2572.52650141722	-3.41
CTGTAT	CTGTAT	3	2.18	0.0003194888178913738	0.0002318862984183423	0.3712235045971147	1186.8015441969756	-3.074
CTGTCA	CTGTCA	1	2.15	0.00010649627263045793	0.0002289133971565687	0.8834572125667877	2824.41270857602	-3.451
CTGTCC	CTGTCC	1	1.54	0.00010649627263045793	0.00016350956939754918	0.7846207511497043	2508.4325414256045	-3.399
CTGTCG	CTGTCG	5	3.07	0.0005324813631522897	0.0003270191387950984	0.19675490801362158	629.0254409195481	-2.799
CTGTCT	CTGTCT	1	1.23	0.00010649627263045793	0.00013080765551803927	0.7072053840797003	2260.935612902802	-3.354
CTGTGA	CTGTGA	5	4.66	0.0005324813631522897	0.0004959790271725654	0.4974595898899404	1590.3783088781395	-3.202
CTGTGC	CTGTGC	3	1.66	0.0003194888178913738	0.0001771353668473449	0.2331219167178631	745.2907677470083	-2.872
CTGTGG	CTGTGG	3	3.66	0.0003194888178913738	0.0003896978070641587	0.707608120865455	2262.2231624068595	-3.355
CTGTGT	CTGTGT	2	2.99	0.00021299254526091586	0.0003188436603252208	0.7999450629185669	2557.4243661506584	-3.408
CTGTTA	CTGTTA	3	1.83	0.0003194888178913738	0.00019484890353207933	0.27732604611333006	886.6113694243162	-2.948
CTGTTC	CTGTTC	1	1.50	0.00010649627263045793	0.00015942183016261037	0.7761929506640187	2481.488863272868	-3.395
CTGTTT	CTGTTT	4	3.49	0.0004259850905218317	0.00037198427037942415	0.4618414578213946	1476.5071406549985	-3.169
CTTAAA	CTTAAA	1	1.26	0.00010649627263045793	0.00013424996224219816	0.716518140482507	2290.7084951225747	-3.36
CTTAAC	CTTAAC	1	0.77	0.00010649627263045793	8.204164359245451e-05	0.5371586931042225	1717.2963418541992	-3.235
CTTAAG	CTTAAG	2	0.70	0.00021299254526091586	7.458331235677677e-05	0.15592224183458236	498.48340714515984	-2.698
CTTACA	CTTACA	4	3.79	0.0004259850905218317	0.00040313566248016393	0.5235325992415383	1673.7337197751979	-3.224
CTTACC	CTTACC	2	1.55	0.00021299254526091586	0.00016491913465097616	0.45830390476684607	1465.197583539607	-3.166
CTTACG	CTTACG	1	1.38	0.00010649627263045793	0.00014659478635642334	0.7475457018026243	2389.90360866299	-3.378
CTTACT	CTTACT	3	3.27	0.0003194888178913738	0.0003481626175965052	0.63436005856337	2028.0491072270938	-3.307
CTTAGC	CTTAGC	2	0.61	0.00021299254526091586	6.480562201732126e-05	0.12471638247319514	398.7182747668048	-2.601
CTTAGT	CTTAGT	3	2.56	0.0003194888178913738	0.0002721836124727492	0.47041959636663716	1503.931449584139	-3.177
CTTATA	CTTATA	4	3.68	0.0004259850905218317	0.0003920915282377709	0.5020288670330582	1604.9862879046868	-3.205
CTTATC	CTTATC	1	2.63	0.00010649627263045793	0.0002800653773126937	0.9279081222040994	2966.5222666865056	-3.472
CTTATG	CTTATG	2	1.23	0.00021299254526091586	0.00013069717607925706	0.3471973537650239	1109.9899399867816	-3.045
CTTATT	CTTATT	6	5.43	0.0006389776357827476	0.0005788017797795668	0.45989975766719	1470.2995252620065	-3.167
CTTCAA	CTTCAA	4	4.80	0.0004259850905218317	0.0005107843712672688	0.7052031593604582	2254.534500475385	-3.353
CTTCAC	CTTCAC	2	2.71	0.00021299254526091586	0.00028870420984671713	0.7533165466156201	2408.3529995301374	-3.382
CTTCAG	CTTCAG	1	1.88	0.00010649627263045793	0.00019987214527849635	0.8469207387225649	2707.60560169604	-3.433
CTTCAT	CTTCAT	7	4.59	0.0007454739084132055	0.0004885763551252133	0.18035129949055748	576.5831044713123	-2.761
CTTCCA	CTTCCA	3	2.27	0.0003194888178913738	0.00024178977574662575	0.3960985691536669	1266.327125584273	-3.103
CTTCCG	CTTCCG	1	1.05	0.00010649627263045793	0.00011159528111382729	0.6493194870940351	2075.87440023963	-3.317
CTTCCT	CTTCCT	3	2.45	0.0003194888178913738	0.00026038898926559697	0.4420166015475513	1413.1270751475215	-3.15
CTTCGA	CTTCGA	4	1.68	0.0004259850905218317	0.00017855244978212358	0.08972165309823815	286.8401249550674	-2.458
CTTCGG	CTTCGG	1	0.56	0.00010649627263045793	5.951748326070789e-05	0.428144629195683	1368.7783795385985	-3.136
CTTCGT	CTTCGT	2	2.79	0.00021299254526091586	0.0002975874163035394	0.7679572872353226	2455.1594472913266	-3.39
CTTCTA	CTTCTA	4	3.42	0.0004259850905218317	0.0003643927546573949	0.4463694448801146	1427.0431152817264	-3.154
CTTCTC	CTTCTC	1	2.85	0.00010649627263045793	0.0003036606288811625	0.9422350625101854	3012.3254948450626	-3.479
CTTCTG	CTTCTG	1	1.28	0.00010649627263045793	0.00013664728299652307	0.7228282662147333	2310.8819670885023	-3.364
CTTCTT	CTTCTT	5	3.42	0.0005324813631522897	0.0003643927546573949	0.2598486621633638	830.736172936274	-2.919
CTTGAA	CTTGAA	6	4.08	0.0006389776357827476	0.00043478680953439177	0.22791673145656957	728.6497904666529	-2.863
CTTGAC	CTTGAC	2	2.72	0.00021299254526091586	0.0002898578730229278	0.7552620651605334	2414.5728223182255	-3.383
CTTGAG	CTTGAG	3	1.09	0.0003194888178913738	0.00011594314920917114	0.09731984401833214	311.1315413266079	-2.493
CTTGAT	CTTGAT	1	4.08	0.00010649627263045793	0.00043478680953439177	0.9831372484784177	3143.089783385501	-3.497
CTTGCA	CTTGCA	1	1.21	0.00010649627263045793	0.00012882572134352338	0.701705350247172	2243.352004740209	-3.351
CTTGCC	CTTGCC	1	1.69	0.00010649627263045793	0.0001803560098809328	0.8161330595650141	2609.1773914293503	-3.417
CTTGCG	CTTGCG	1	1.21	0.00010649627263045793	0.00012882572134352338	0.701705350247172	2243.352004740209	-3.351
CTTGCT	CTTGCT	5	3.87	0.0005324813631522897	0.0004122423082992751	0.34596977718510896	1106.0653776607933	-3.044
CTTGGA	CTTGGA	1	1.35	0.00010649627263045793	0.00014362327041676605	0.7404023922188734	2367.066447923738	-3.374
CTTGGC	CTTGGC	1	1.35	0.00010649627263045793	0.00014362327041676605	0.7404023922188734	2367.066447923738	-3.374
CTTGGG	CTTGGG	1	0.67	0.00010649627263045793	7.181163520838301e-05	0.49049277946124586	1568.105415937603	-3.195
CTTGGT	CTTGGT	2	1.62	0.00021299254526091586	0.0001723479245001192	0.4809752993646264	1537.6780320687105	-3.187
CTTGTA	CTTGTA	2	3.13	0.00021299254526091586	0.00033350313896086286	0.8196635616933772	2620.4644067337267	-3.418
CTTGTC	CTTGTC	3	2.89	0.0003194888178913738	0.0003078490513484889	0.5518825365645416	1764.3684693968394	-3.247
CTTGTG	CTTGTG	2	2.65	0.00021299254526091586	0.00028219496373611456	0.7420876301884156	2372.4541537123646	-3.375
CTTGTT	CTTGTT	7	5.30	0.0007454739084132055	0.0005643899274722291	0.28280803352703765	904.1372831859394	-2.956
CTTTAA	CTTTAA	6	4.11	0.0006389776357827476	0.0004376285533875577	0.23218247418351703	742.287369964704	-2.871
CTTTAC	CTTTAC	4	3.23	0.0004259850905218317	0.00034385100623308084	0.4038769142179272	1291.1944947547133	-3.111
CTTTAT	CTTTAT	5	4.70	0.0005324813631522897	0.0005001469181572084	0.5047215232854619	1613.5947099436219	-3.208
CTTTCA	CTTTCA	5	4.85	0.0005324813631522897	0.0005166448199714218	0.533037888684554	1704.1221301245193	-3.232
CTTTCC	CTTTCC	2	3.05	0.00021299254526091586	0.0003247481725534654	0.8081075535229236	2583.519848612787	-3.412
CTTTCG	CTTTCG	1	1.80	0.00010649627263045793	0.00019189664741795675	0.8350164520182912	2669.547597102477	-3.426
CTTTCT	CTTTCT	7	5.27	0.0007454739084132055	0.0005609286616832579	0.2778250201543507	888.2065894334592	-2.949
CTTTGA	CTTTGA	1	1.13	0.00010649627263045793	0.00011999492592884639	0.6759159406729974	2160.903262331573	-3.335
CTTTGC	CTTTGC	1	1.58	0.00010649627263045793	0.00016799289630038499	0.7934996757285756	2536.818463304256	-3.404
CTTTGG	CTTTGG	1	1.80	0.00010649627263045793	0.00019199188148615433	0.8351639222623648	2670.01905947278	-3.427
CTTTGT	CTTTGT	4	2.48	0.0004259850905218317	0.000263988837043462	0.23791359210872626	760.6097539715978	-2.881
CTTTTA	CTTTTA	6	6.15	0.0006389776357827476	0.0006553090773523529	0.5786271783806423	1849.8710892829133	-3.267
CTTTTC	CTTTTC	9	8.87	0.0009584664536741214	0.0009444160232430968	0.5268414432117932	1684.3120939481028	-3.226
CTTTTG	CTTTTG	3	4.16	0.0003194888178913738	0.000443297317032474	0.7847616635845661	2508.883038479858	-3.399
CTTTTT	CTTTTT	17	15.75	0.001810436634717785	0.0016768202861663145	0.40878828189188926	1306.89613720837	-3.116
GAAAAA	GAAAAA	21	16.84	0.0022364217252396168	0.001793879553274843	0.18391637061055427	587.980636841942	-2.769
GAAAAC	GAAAAC	4	3.00	0.0004259850905218317	0.00031945800263798586	0.3527032835494405	1127.5923975075614	-3.052
GAAAAG	GAAAAG	12	11.54	0.0012779552715654952	0.001228684625530714	0.48460793946842906	1549.2915824805677	-3.19
GAAAAT	GAAAAT	3	8.54	0.0003194888178913738	0.0009092266228927286	0.9909894608635139	3168.193306380654	-3.501
GAAACA	GAAACA	1	2.10	0.00010649627263045793	0.00022319056222765414	0.8770231778680089	2803.8430996440243	-3.448
GAAACC	GAAACC	2	0.87	0.00021299254526091586	9.299606759485601e-05	0.2177393013378725	696.1125463771784	-2.843
GAAACG	GAAACG	3	0.87	0.0003194888178913738	9.299606759485601e-05	0.058522075692251346	187.09507598812755	-2.272
GAAACT	GAAACT	1	3.14	0.00010649627263045793	0.00033478584334148127	0.9568744249392076	3059.127536530647	-3.486
GAAAGA	GAAAGA	5	2.80	0.0005324813631522897	0.0002982731015945608	0.15244612866238758	487.3702733336531	-2.688
GAAAGC	GAAAGC	1	1.74	0.00010649627263045793	0.00018513502857593427	0.8242016919960036	2634.9728093112235	-3.421
GAAAGG	GAAAGG	2	2.12	0.00021299254526091586	0.00022627614603725298	0.626704208962516	2003.5733560531637	-3.302
GAAAGT	GAAAGT	1	2.32	0.00010649627263045793	0.0002468467047679123	0.9015188931440452	2882.1559013815126	-3.46
GAAATA	GAAATA	8	6.92	0.0008519701810436634	0.0007368831260849534	0.38926836358513206	1244.4909583816673	-3.095
GAAATC	GAAATC	2	1.95	0.00021299254526091586	0.0002078388304342176	0.5807370454782279	1856.6163343938947	-3.269
GAAATG	GAAATG	3	3.37	0.0003194888178913738	0.000358994343477285	0.6546242726864393	2092.8337997785466	-3.321
GAAATT	GAAATT	3	3.73	0.0003194888178913738	0.00039678322173805175	0.7189063121001303	2298.343479784117	-3.361
GAACAA	GAACAA	2	2.49	0.00021299254526091586	0.00026570305027101717	0.7116649487892026	2275.1928412790808	-3.357
GAACAC	GAACAC	5	2.32	0.0005324813631522897	0.0002467242609659445	0.08571984577667843	274.04634694804093	-2.438
GAACAG	GAACAG	2	2.67	0.00021299254526091586	0.00028468183957608976	0.7464285072877703	2386.331937799002	-3.378
GAACAT	GAACAT	1	2.49	0.00010649627263045793	0.00026570305027101717	0.9174995591520985	2933.2460906092588	-3.467
GAACCA	GAACCA	2	2.11	0.00021299254526091586	0.00022482565792162997	0.6232345414823093	1992.4808291189427	-3.299
GAACCC	GAACCC	1	0.58	0.00010649627263045793	6.131608852408088e-05	0.4377215399268052	1399.3957631459962	-3.146
GAACCT	GAACCT	2	1.92	0.00021299254526091586	0.0002043869617469364	0.5716806287042956	1827.662969967633	-3.262
GAACGA	GAACGA	1	1.47	0.00010649627263045793	0.00015662495594923132	0.7702373217274432	2462.448717562636	-3.391
GAACGC	GAACGC	1	1.84	0.00010649627263045793	0.00019578119493653907	0.8409259434059373	2688.4402410687817	-3.43
GAACGG	GAACGG	1	1.10	0.00010649627263045793	0.00011746871696192338	0.6681364047835006	2136.0320860928514	-3.33
GAACGT	GAACGT	3	2.57	0.0003194888178913738	0.0002740936729111548	0.4749580973407082	1518.4410371982442	-3.181
GAACTA	GAACTA	1	2.25	0.00010649627263045793	0.00023913274524391538	0.8941208021668309	2858.5042045273585	-3.456
GAACTC	GAACTC	1	2.07	0.00010649627263045793	0.00022073791868669116	0.8741581169458388	2794.683499875847	-3.446
GAACTG	GAACTG	2	2.07	0.00021299254526091586	0.00022073791868669116	0.6133219894188273	1960.790400171991	-3.292
GAACTT	GAACTT	5	2.59	0.0005324813631522897	0.0002759223983583638	0.12129432380226371	387.7779531958371	-2.589
GAAGAA	GAAGAA	4	5.33	0.0004259850905218317	0.0005678453760077734	0.7785346647610614	2488.975323241113	-3.396
GAAGAC	GAAGAC	4	1.41	0.0004259850905218317	0.0001503120112961752	0.05502268002301196	175.90750803356923	-2.245
GAAGAG	GAAGAG	3	2.04	0.0003194888178913738	0.00021711734965003098	0.3338058748069072	1067.1773817576823	-3.028
GAAGCA	GAAGCA	2	2.99	0.00021299254526091586	0.00031884366032522015	0.799945062918566	2557.4243661506557	-3.408
GAAGCC	GAAGCC	1	1.61	0.00010649627263045793	0.0001716850478674262	0.8005362172983229	2559.314286702738	-3.408
GAAGCG	GAAGCG	2	2.07	0.00021299254526091586	0.00022073791868669094	0.6133219894188268	1960.7904001719892	-3.292
GAAGCT	GAAGCT	4	2.30	0.0004259850905218317	0.0002452643540963233	0.20126972130088677	643.459298998935	-2.809
GAAGGA	GAAGGA	2	2.14	0.00021299254526091586	0.0002281157895009707	0.6310689142493179	2017.5273188550693	-3.305
GAAGGC	GAAGGC	1	1.75	0.00010649627263045793	0.0001866401914098851	0.8266688578052521	2642.860338403391	-3.422
GAAGGG	GAAGGG	4	1.95	0.0004259850905218317	0.00020737799045542798	0.13349082558724948	426.7701694024366	-2.63
GAAGGT	GAAGGT	1	2.14	0.00010649627263045793	0.0002281157895009707	0.8825810843766795	2821.6117267522445	-3.45
GAAGTA	GAAGTA	1	3.78	0.00010649627263045793	0.00040274988672659383	0.9772188408193112	3124.168634099338	-3.495
GAAGTG	GAAGTG	3	1.68	0.0003194888178913738	0.00017899994965626403	0.23771972016816353	759.9899453776188	-2.881
GAAGTT	GAAGTT	8	4.62	0.0008519701810436634	0.0004922498615547258	0.09699405139531815	310.0899823108321	-2.491
GAATAA	GAATAA	4	4.34	0.0004259850905218317	0.00046249849629592405	0.630502334320739	2015.7159628234026	-3.304
GAATAC	GAATAC	3	1.45	0.0003194888178913738	0.0001541661654319748	0.17812422745817535	569.4631551837866	-2.755
GAATAG	GAATAG	2	1.97	0.00021299254526091586	0.00021022658922542007	0.5869185623695903	1876.3786438955801	-3.273
GAATAT	GAATAT	3	4.21	0.0003194888178913738	0.000448483390347563	0.7912467580436874	2529.6158854656687	-3.403
GAATCA	GAATCA	3	2.72	0.0003194888178913738	0.00028932109918399667	0.5104636411686746	1631.9522608162526	-3.213
GAATCC	GAATCC	2	1.94	0.00021299254526091586	0.000206657927988569	0.5776547648434395	1846.762283204476	-3.266
GAATCG	GAATCG	1	0.78	0.00010649627263045793	8.266317119542754e-05	0.5398520346995607	1725.9069549344954	-3.237
GAATCT	GAATCT	1	1.55	0.00010649627263045793	0.0001653263423908551	0.7882638500298657	2520.0795285454806	-3.401
GAATGA	GAATGA	1	2.08	0.00010649627263045793	0.00022160765043880595	0.8751816548705822	2797.9557506212514	-3.447
GAATGC	GAATGC	1	1.78	0.00010649627263045793	0.00018994941466183354	0.8319720599649918	2659.814675708079	-3.425
GAATGG	GAATGG	2	1.04	0.00021299254526091586	0.00011080382521940296	0.27911709914135074	892.3373659548984	-2.951
GAATGT	GAATGT	3	2.08	0.0003194888178913738	0.00022160765043880595	0.34520800646712574	1103.629996675401	-3.043
GAATTA	GAATTA	1	1.40	0.00010649627263045793	0.00014936820123343666	0.7540353394283128	2410.650980152316	-3.382
GAATTC	GAATTC	1	1.40	0.00010649627263045793	0.00014936820123343666	0.7540353394283128	2410.650980152316	-3.382
GAATTG	GAATTG	3	2.98	0.0003194888178913738	0.0003174074276210529	0.572416956994705	1830.0170115120718	-3.262
GAATTT	GAATTT	8	7.19	0.0008519701810436634	0.0007655120313213625	0.42929892294083266	1372.468656641842	-3.138
GACAAA	GACAAA	5	3.66	0.0005324813631522897	0.00038969780706415833	0.30492919835768884	974.8586471495312	-2.989
GACAAC	GACAAC	2	3.05	0.00021299254526091586	0.0003247481725534654	0.8081075535229236	2583.519848612787	-3.412
GACAAG	GACAAG	3	1.63	0.0003194888178913738	0.00017319902536184825	0.22347004048368277	714.4337194263338	-2.854
GACAAT	GACAAT	1	2.64	0.00010649627263045793	0.0002814484162130034	0.9288383072297428	2969.496068213488	-3.473
GACACA	GACACA	3	1.57	0.0003194888178913738	0.0001666682769881835	0.20764132342495453	663.8293109895797	-2.822
GACAGA	GACAGA	2	1.09	0.00021299254526091586	0.00011594314920917114	0.2968333457151995	948.9762062514927	-2.977
GACAGG	GACAGG	1	0.82	0.00010649627263045793	8.695736190687837e-05	0.5580372287113725	1784.045020190258	-3.251
GACAGT	GACAGT	1	1.36	0.00010649627263045793	0.000144928936511464	0.7435656811035903	2377.179482488178	-3.376
GACATA	GACATA	2	3.57	0.00021299254526091586	0.00038045596183734076	0.8715769556009962	2786.4315270563848	-3.445
GACATC	GACATC	4	2.26	0.0004259850905218317	0.0002402879758972678	0.19182962425444772	613.2793087414693	-2.788
GACATT	GACATT	7	5.26	0.0007454739084132055	0.0005606719437602915	0.27745631900016626	887.0278518435315	-2.948
GACCAC	GACCAC	3	2.05	0.0003194888178913738	0.00021863565279443682	0.3376627753746278	1079.507892872685	-3.033
GACCAG	GACCAG	1	1.20	0.00010649627263045793	0.00012753746413008823	0.6980750456996152	2231.74592110167	-3.349
GACCAT	GACCAT	2	1.20	0.00021299254526091586	0.00012753746413008823	0.33649672865670577	1075.7800415154884	-3.032
GACCCA	GACCCA	2	1.00	0.00021299254526091586	0.00010628122010840678	0.26349824332115157	842.4038838977216	-2.926
GACCGG	GACCGG	1	0.67	0.00010649627263045793	7.08541467389379e-05	0.4858912386115257	1553.3942898410478	-3.191
GACCGT	GACCGT	1	0.67	0.00010649627263045793	7.08541467389379e-05	0.4858912386115257	1553.3942898410478	-3.191
GACCTA	GACCTA	1	0.78	0.00010649627263045793	8.266317119542754e-05	0.5398520346995607	1725.9069549344954	-3.237
GACCTC	GACCTC	1	0.67	0.00010649627263045793	7.08541467389379e-05	0.4858912386115257	1553.3942898410478	-3.191
GACCTT	GACCTT	1	1.11	0.00010649627263045793	0.00011809024456489645	0.6700675678228796	2142.206014329746	-3.331
GACGAG	GACGAG	2	0.75	0.00021299254526091586	7.971091508130501e-05	0.17282211650567922	552.5123064686564	-2.742
GACGCC	GACGCC	1	0.62	0.00010649627263045793	6.642576256775426e-05	0.4640625971780196	1483.6081231781288	-3.171
GACGCG	GACGCG	1	0.50	0.00010649627263045793	5.314061005420344e-05	0.39285663424727624	1255.962659688542	-3.099
GACGGA	GACGGA	1	1.00	0.00010649627263045793	0.00010628122010840678	0.6313769334224543	2018.5120561515862	-3.305
GACGGG	GACGGG	1	0.43	0.00010649627263045793	4.5549094332174295e-05	0.3479969217205417	1112.5461587405719	-3.046
GACGTA	GACGTA	1	0.26	0.00010649627263045793	2.725159489959149e-05	0.22577478797442138	721.8019971542252	-2.858
GACTAA	GACTAA	4	2.66	0.0004259850905218317	0.00028341658695575173	0.277390917899418	886.8187645244393	-2.948
GACTAC	GACTAC	2	1.50	0.00021299254526091586	0.00015942183016261037	0.4411602915188068	1410.3894519856253	-3.149
GACTAT	GACTAT	1	1.66	0.00010649627263045793	0.0001771353668473449	0.8104876518225972	2591.129022876843	-3.413
GACTCA	GACTCA	6	3.87	0.0006389776357827476	0.00041224230829927554	0.1950399739460892	623.5427967056472	-2.795
GACTCC	GACTCC	1	1.21	0.00010649627263045793	0.00012882572134352352	0.7017053502471722	2243.3520047402094	-3.351
GACTCT	GACTCT	1	1.94	0.00010649627263045793	0.00020612115414963774	0.8556446971464409	2735.4960967771713	-3.437
GACTGA	GACTGA	1	1.00	0.00010649627263045793	0.00010628122010840689	0.6313769334224546	2018.5120561515873	-3.305
GACTGC	GACTGC	1	1.60	0.00010649627263045793	0.0001700499521734511	0.7974501096960409	2549.4480006982426	-3.406
GACTGG	GACTGG	2	0.80	0.00021299254526091586	8.502497608672554e-05	0.1906272786288193	609.4354097763353	-2.785
GACTGT	GACTGT	3	3.59	0.0003194888178913738	0.0003826123923902648	0.6959639303586325	2224.996685356548	-3.347
GACTTA	GACTTA	3	1.54	0.0003194888178913738	0.00016367307896694662	0.20046871142788872	640.8984704349602	-2.807
GACTTC	GACTTC	1	1.82	0.00010649627263045793	0.00019343182059730068	0.8373776756892631	2677.0964291785745	-3.428
GACTTT	GACTTT	3	2.24	0.0003194888178913738	0.0002380699330428314	0.38678295423239395	1236.5451046809635	-3.092
GAGAAA	GAGAAA	4	5.86	0.0004259850905218317	0.0006245841565274868	0.8363219792293901	2673.7213675963603	-3.427
GAGAAC	GAGAAC	3	1.78	0.0003194888178913738	0.0001892679262204505	0.2632883868955654	841.7329729051226	-2.925
GAGAAG	GAGAAG	4	2.84	0.0004259850905218317	0.0003028286819527207	0.3177681811519252	1015.9048751427048	-3.007
GAGAAT	GAGAAT	2	2.49	0.00021299254526091586	0.00026497509670863055	0.710255086120718	2270.6855103279354	-3.356
GAGACA	GAGACA	1	1.28	0.00010649627263045793	0.0001366472829965232	0.7228282662147336	2310.881967088503	-3.364
GAGACC	GAGACC	1	0.71	0.00010649627263045793	7.591515722029061e-05	0.5097517219475693	1629.676255066379	-3.212
GAGACT	GAGACT	1	0.71	0.00010649627263045793	7.591515722029061e-05	0.5097517219475693	1629.676255066379	-3.212
GAGAGC	GAGAGC	1	0.50	0.00010649627263045793	5.314061005420344e-05	0.39285663424727624	1255.962659688542	-3.099
GAGAGT	GAGAGT	2	0.80	0.00021299254526091586	8.502497608672554e-05	0.1906272786288193	609.4354097763353	-2.785
GAGATA	GAGATA	4	2.56	0.0004259850905218317	0.00027251594899591487	0.25509082731242955	815.5253749178372	-2.911
GAGATT	GAGATT	1	0.64	0.00010649627263045793	6.81289872489787e-05	0.4725658155692792	1510.7929123749855	-3.179
GAGCAA	GAGCAA	3	2.64	0.0003194888178913738	0.00028133264146342976	0.491991251700741	1572.896031687269	-3.197
GAGCAC	GAGCAC	1	1.41	0.00010649627263045793	0.00015004407544716257	0.7555914010658923	2415.6257092076576	-3.383
GAGCAT	GAGCAT	2	1.59	0.00021299254526091586	0.00016879958487805795	0.47021908346431757	1503.2904098354234	-3.177
GAGCCC	GAGCCC	1	0.22	0.00010649627263045793	2.3618048912979295e-05	0.19890319120097655	635.8935022695221	-2.803
GAGCCG	GAGCCG	1	0.44	0.00010649627263045793	4.7236097825958596e-05	0.3582439029320209	1145.3057576736708	-3.059
GAGCGA	GAGCGA	2	0.50	0.00021299254526091586	5.314061005420344e-05	0.08989796677899714	287.40379979245387	-2.458
GAGCTA	GAGCTA	1	0.58	0.00010649627263045793	6.171167619197819e-05	0.43980628724984144	1406.0607003377431	-3.148
GAGCTT	GAGCTT	2	1.06	0.00021299254526091586	0.0001131380730186266	0.28717005480210206	918.0826652023203	-2.963
GAGGAG	GAGGAG	1	0.87	0.00010649627263045793	9.299606759485601e-05	0.5824007651686098	1861.9352462440456	-3.27
GAGGAT	GAGGAT	2	0.50	0.00021299254526091586	5.314061005420344e-05	0.08989796677899714	287.40379979245387	-2.458
GAGGCC	GAGGCC	1	1.56	0.00010649627263045793	0.0001660644064193858	0.7897261975430779	2524.75465354522	-3.402
GAGGCT	GAGGCT	4	2.18	0.0004259850905218317	0.00023249016898713997	0.17733128982412233	566.9281335677191	-2.754
GAGGGA	GAGGGA	1	1.06	0.00010649627263045793	0.00011253305658537194	0.6523939224200892	2085.703369977025	-3.319
GAGGGC	GAGGGC	1	0.35	0.00010649627263045793	3.751101886179067e-05	0.2968805360489684	949.127073748552	-2.977
GAGGGG	GAGGGG	1	0.53	0.00010649627263045793	5.62665282926859e-05	0.41041872690873965	1312.1086699272407	-3.118
GAGGTA	GAGGTA	3	1.59	0.0003194888178913738	0.00016879958487805795	0.21277970454774608	680.2567154391443	-2.833
GAGGTC	GAGGTC	2	0.88	0.00021299254526091586	9.377754715447665e-05	0.2204166155020081	704.6719197599199	-2.848
GAGGTT	GAGGTT	1	1.76	0.00010649627263045793	0.00018755509430895334	0.8281515569324278	2647.600527512972	-3.423
GAGTAA	GAGTAA	4	2.81	0.0004259850905218317	0.0002989159315548944	0.3095804046741396	989.7285537432243	-2.996
GAGTAC	GAGTAC	1	2.25	0.00010649627263045793	0.00023913274524391538	0.8941208021668309	2858.5042045273585	-3.456
GAGTAG	GAGTAG	1	1.31	0.00010649627263045793	0.00013949410139228404	0.7301393628851687	2334.255543143884	-3.368
GAGTAT	GAGTAT	3	2.62	0.0003194888178913738	0.00027898820278456814	0.4865044920327759	1555.3548610287846	-3.192
GAGTCA	GAGTCA	5	4.15	0.0005324813631522897	0.0004423596728836391	0.40117313523622455	1282.55051335021	-3.108
GAGTCC	GAGTCC	1	0.57	0.00010649627263045793	6.0321773575041664e-05	0.43244717704970786	1382.533625027916	-3.141
GAGTCG	GAGTCG	1	0.94	0.00010649627263045793	0.00010053628929173616	0.6109454665802134	1953.1926566569423	-3.291
GAGTGA	GAGTGA	2	2.18	0.00021299254526091586	0.0002318862984183423	0.6398898080067251	2045.7277161975003	-3.311
GAGTGC	GAGTGC	1	0.54	0.00010649627263045793	5.797157460458556e-05	0.41978298726671864	1342.0462102916995	-3.128
GAGTGG	GAGTGG	2	1.63	0.00021299254526091586	0.00017391472381375657	0.4856816621983869	1552.724274048243	-3.191
GAGTGT	GAGTGT	1	1.63	0.00010649627263045793	0.00017391472381375657	0.8046689087948761	2572.5265014172187	-3.41
GAGTTA	GAGTTA	1	1.00	0.00010649627263045793	0.00010628122010840678	0.6313769334224543	2018.5120561515862	-3.305
GAGTTC	GAGTTC	1	0.75	0.00010649627263045793	7.971091508130517e-05	0.5269175026108222	1684.5552558467984	-3.226
GAGTTT	GAGTTT	2	1.56	0.00021299254526091586	0.00016606440641938564	0.46183684209375686	1476.4923841737407	-3.169
GATAAA	GATAAA	3	4.07	0.0003194888178913738	0.0004338903418858668	0.7725727265470078	2469.915006770784	-3.393
GATAAC	GATAAC	1	1.58	0.00010649627263045793	0.00016873513295561477	0.7949338970596789	2541.4036688997935	-3.405
GATAAG	GATAAG	3	2.15	0.0003194888178913738	0.00022899768043976298	0.36392848814238565	1163.479376591207	-3.066
GATAAT	GATAAT	4	3.17	0.0004259850905218317	0.0003374702659112296	0.390538426301491	1248.5513488858667	-3.096
GATACA	GATACA	3	2.24	0.0003194888178913738	0.0002385904941209135	0.3880887639539518	1240.719778360784	-3.094
GATACC	GATACC	1	0.71	0.00010649627263045793	7.591515722029061e-05	0.5097517219475693	1629.676255066379	-3.212
GATACG	GATACG	1	0.81	0.00010649627263045793	8.676017968033214e-05	0.5572181584353012	1781.426452517658	-3.251
GATAGA	GATAGA	4	4.33	0.0004259850905218317	0.00046130572132159584	0.6285113360017862	2009.3507411977105	-3.303
GATAGC	GATAGC	1	2.80	0.00010649627263045793	0.0002984919373257386	0.9393623499873621	3003.141432909597	-3.478
GATAGG	GATAGG	1	1.27	0.00010649627263045793	0.00013567815332988104	0.7202944565689103	2302.7813776508065	-3.362
GATAGT	GATAGT	6	3.57	0.0006389776357827476	0.0003798988293236671	0.15140134599136953	484.0301031344084	-2.685
GATATA	GATATA	9	14.87	0.0009584664536741214	0.0015839989535387565	0.9600251536070151	3069.2004160816273	-3.487
GATATC	GATATC	4	2.08	0.0004259850905218317	0.00022141920855918082	0.1574295840656688	503.3023802579431	-2.702
GATATG	GATATG	3	3.04	0.0003194888178913738	0.000323612689432649	0.5854292991455092	1871.617469368193	-3.272
GATATT	GATATT	9	4.96	0.0009584664536741214	0.0005279996511795853	0.06538116886405272	209.02359685837655	-2.32
GATCAA	GATCAA	2	1.15	0.00021299254526091586	0.00012263217704816176	0.3197829675162643	1022.3461471494969	-3.01
GATCAC	GATCAC	1	1.25	0.00010649627263045793	0.00013285152513550856	0.7127711002564304	2278.729207519808	-3.358
GATCAT	GATCAT	2	2.11	0.00021299254526091586	0.00022482565792162997	0.6232345414823093	1992.4808291189427	-3.299
GATCCA	GATCCA	1	0.78	0.00010649627263045793	8.317660704136178e-05	0.5420651436913989	1732.9822643814023	-3.239
GATCCT	GATCCT	1	0.78	0.00010649627263045793	8.317660704136178e-05	0.5420651436913989	1732.9822643814023	-3.239
GATCGC	GATCGC	1	0.82	0.00010649627263045793	8.695736190687837e-05	0.5580372287113725	1784.045020190258	-3.251
GATCGG	GATCGG	2	0.68	0.00021299254526091586	7.246446825573192e-05	0.14903551586904498	476.46654423333683	-2.678
GATCTA	GATCTA	1	1.49	0.00010649627263045793	0.00015818600202181484	0.773580670576404	2473.1374038327635	-3.393
GATCTC	GATCTC	1	0.56	0.00010649627263045793	5.931975075818056e-05	0.42708187433269695	1365.380752241632	-3.135
GATCTG	GATCTG	1	0.56	0.00010649627263045793	5.931975075818056e-05	0.42708187433269695	1365.380752241632	-3.135
GATCTT	GATCTT	1	1.39	0.00010649627263045793	0.00014829937689545136	0.7515543448840507	2402.71924059431	-3.381
GATGAA	GATGAA	3	3.79	0.0003194888178913738	0.00040386863641194614	0.7298616675978963	2333.3677513104744	-3.368
GATGAC	GATGAC	3	2.20	0.0003194888178913738	0.00023381868423849513	0.37609476815667625	1202.374973796894	-3.08
GATGAG	GATGAG	1	0.80	0.00010649627263045793	8.502497608672554e-05	0.5499445697428379	1758.1727894678527	-3.245
GATGAT	GATGAT	2	2.20	0.00021299254526091586	0.00023381868423849513	0.6443456327362806	2059.972987857889	-3.314
GATGCA	GATGCA	4	3.29	0.0004259850905218317	0.0003499503588935349	0.4165745888465144	1331.7889605423065	-3.124
GATGCC	GATGCC	1	1.31	0.00010649627263045793	0.00013998014355741387	0.7313681832813874	2338.1840819505956	-3.369
GATGCG	GATGCG	1	1.75	0.00010649627263045793	0.0001866401914098851	0.8266688578052521	2642.860338403391	-3.422
GATGCT	GATGCT	3	2.63	0.0003194888178913738	0.00027996028711482773	0.4887830020622796	1562.639257593108	-3.194
GATGGA	GATGGA	1	1.00	0.00010649627263045793	0.00010628122010840689	0.6313769334224546	2018.5120561515873	-3.305
GATGGG	GATGGG	1	1.25	0.00010649627263045793	0.00013285152513550856	0.7127711002564304	2278.729207519808	-3.358
GATGGT	GATGGT	3	1.50	0.0003194888178913738	0.00015942183016261037	0.19039320659690695	608.6870814903115	-2.784
GATGTA	GATGTA	3	1.79	0.0003194888178913738	0.0001901874465097809	0.2655955293240043	849.1089072488418	-2.929
GATGTT	GATGTT	1	1.16	0.00010649627263045793	0.00012306246538868167	0.6851177595835076	2190.321477388474	-3.341
GATTAC	GATTAC	3	1.39	0.0003194888178913738	0.00014761280570612067	0.1631494297866825	521.588727028024	-2.717
GATTAT	GATTAT	2	1.76	0.00021299254526091586	0.00018697622056108626	0.5238549679198622	1674.7643324397993	-3.224
GATTCA	GATTCA	1	0.58	0.00010649627263045793	6.171167619197819e-05	0.43980628724984144	1406.0607003377431	-3.148
GATTCT	GATTCT	1	0.84	0.00010649627263045793	8.913908783285736e-05	0.5669993434722947	1812.6969010809264	-3.258
GATTGA	GATTGA	3	2.43	0.0003194888178913738	0.0002587716663509035	0.43807447384209103	1400.524092873165	-3.146
GATTGC	GATTGC	1	1.21	0.00010649627263045793	0.00012938583317545174	0.7032700976108646	2248.354502061934	-3.352
GATTGG	GATTGG	1	1.21	0.00010649627263045793	0.00012938583317545174	0.7032700976108646	2248.354502061934	-3.352
GATTGT	GATTGT	2	2.13	0.00021299254526091586	0.00022642520805704052	0.6270593625651455	2004.7087821207701	-3.302
GATTTA	GATTTA	5	2.97	0.0005324813631522897	0.00031629291104261887	0.17971967995400082	574.5638168129406	-2.759
GATTTC	GATTTC	2	2.59	0.00021299254526091586	0.0002754809225209907	0.7300490329423721	2333.966758316764	-3.368
GATTTG	GATTTG	2	1.92	0.00021299254526091586	0.00020405994260814104	0.5708152990648121	1824.8965111102043	-3.261
GATTTT	GATTTT	3	4.50	0.0003194888178913738	0.00047954086512913194	0.8267465880148965	2643.1088418836243	-3.422
GCAAAA	GCAAAA	11	8.71	0.0011714589989350373	0.0009280895277072147	0.2607744526737013	833.695925197823	-2.921
GCAAAC	GCAAAC	2	2.25	0.00021299254526091586	0.00023950697489218457	0.6572083048545976	2101.0949506201487	-3.322
GCAAAG	GCAAAG	3	3.94	0.0003194888178913738	0.000419137206061323	0.7523226326624017	2405.1754566216982	-3.381
GCAAAT	GCAAAT	4	5.06	0.0004259850905218317	0.0005388906935074155	0.7433208177347123	2376.396654297875	-3.376
GCAACA	GCAACA	2	2.11	0.00021299254526091586	0.00022492072162476814	0.6234627044001646	1993.2102659673262	-3.3
GCAACC	GCAACC	2	1.62	0.00021299254526091586	0.00017301593971136005	0.48298514638006884	1544.10351297708	-3.189
GCAACT	GCAACT	3	2.60	0.0003194888178913738	0.00027682550353817624	0.48141764717650437	1539.0922180232844	-3.187
GCAAGC	GCAAGC	2	0.67	0.00021299254526091586	7.08541467389379e-05	0.14384417236730748	459.869819058282	-2.663
GCAAGG	GCAAGG	1	0.67	0.00010649627263045793	7.08541467389379e-05	0.4858912386115257	1553.3942898410478	-3.191
GCAAGT	GCAAGT	1	1.33	0.00010649627263045793	0.00014170829347787584	0.7356921814636088	2352.0079041391573	-3.371
GCAATA	GCAATA	2	2.50	0.00021299254526091586	0.0002667450230171778	0.7136729632148676	2281.6124633979316	-3.358
GCAATC	GCAATC	1	0.94	0.00010649627263045793	0.00010002938363144169	0.6090892134019266	1947.2582152459593	-3.289
GCAATG	GCAATG	3	1.88	0.0003194888178913738	0.0002000587672628834	0.2904927676776791	928.7053782655402	-2.968
GCAATT	GCAATT	1	2.66	0.00010649627263045793	0.0002834165869557514	0.930141377060534	2973.6619824625272	-3.473
GCACAC	GCACAC	4	2.85	0.0004259850905218317	0.0003036606288811625	0.31951137811177394	1021.4778758233413	-3.009
GCACAT	GCACAT	6	3.17	0.0006389776357827476	0.0003374006987568473	0.1018152488095444	325.50335044411344	-2.513
GCACCC	GCACCC	2	1.07	0.00021299254526091586	0.00011445669857828423	0.2917148460088287	932.6123626902253	-2.97
GCACCT	GCACCT	2	1.23	0.00021299254526091586	0.00013080765551803914	0.34757047563797955	1111.1828106146206	-3.046
GCACGC	GCACGC	3	1.80	0.0003194888178913738	0.00019130619619513238	0.26840576515676756	858.0932312061859	-2.934
GCACGG	GCACGG	1	1.20	0.00010649627263045793	0.00012753746413008823	0.6980750456996152	2231.74592110167	-3.349
GCACGT	GCACGT	5	5.39	0.0005324813631522897	0.0005739185885853968	0.6249418367212118	1997.9390519977142	-3.301
GCACTA	GCACTA	2	2.37	0.00021299254526091586	0.0002527769559335083	0.6857613093721011	2192.3789060626073	-3.341
GCACTC	GCACTC	3	1.48	0.0003194888178913738	0.0001579855974584426	0.18701904831405824	597.8998974600443	-2.777
GCACTT	GCACTT	6	4.75	0.0006389776357827476	0.0005055539118670162	0.33976946013043374	1086.2429640369967	-3.036
GCAGAC	GCAGAC	1	0.31	0.00010649627263045793	3.2701913879509805e-05	0.2644016073406101	845.2919386679304	-2.927
GCAGAT	GCAGAT	1	0.54	0.00010649627263045793	5.722834928914216e-05	0.415719556429365	1329.0554219046799	-3.124
GCAGCC	GCAGCC	1	0.57	0.00010649627263045793	6.073212577623251e-05	0.4346298677756418	1389.5116872787269	-3.143
GCAGCT	GCAGCT	2	1.28	0.00021299254526091586	0.00013664728299652307	0.36718422901337755	1173.887980155768	-3.07
GCAGGA	GCAGGA	1	0.40	0.00010649627263045793	4.2512488043362765e-05	0.3291382927479301	1052.2551219151326	-3.022
GCAGTA	GCAGTA	3	1.37	0.0003194888178913738	0.00014575710186295784	0.15898018898120225	508.2596641729036	-2.706
GCAGTC	GCAGTC	2	1.60	0.00021299254526091586	0.00017004995217345095	0.4740247135937251	1515.4570093591392	-3.181
GCAGTT	GCAGTT	3	4.33	0.0003194888178913738	0.00046156415589936663	0.8068824472386775	2579.603183822052	-3.412
GCATAA	GCATAA	1	1.84	0.00010649627263045793	0.00019621148327705873	0.8415673707335353	2690.4908842351124	-3.43
GCATAG	GCATAG	1	1.38	0.00010649627263045793	0.00014715861245779408	0.7488787455345025	2394.1653494738043	-3.379
GCATAT	GCATAT	4	1.73	0.0004259850905218317	0.00018394826557224252	0.09731162623658453	311.1052690783607	-2.493
GCATCC	GCATCC	1	0.53	0.00010649627263045793	5.668331739115035e-05	0.4127216321212583	1319.4710578916627	-3.12
GCATCT	GCATCT	5	2.13	0.0005324813631522897	0.00022673326956460123	0.06504411638745672	207.94604009069914	-2.318
GCATGA	GCATGA	1	1.60	0.00010649627263045793	0.0001700499521734511	0.7974501096960409	2549.4480006982426	-3.406
GCATGT	GCATGT	3	0.80	0.0003194888178913738	8.502497608672554e-05	0.04719059615201456	150.86833589799056	-2.179
GCATTA	GCATTA	2	1.54	0.00021299254526091586	0.00016425279471299242	0.45624216471126966	1458.6062005819292	-3.164
GCATTC	GCATTC	3	0.91	0.0003194888178913738	9.661929100764256e-05	0.0640568576444153	204.7897738891957	-2.311
GCATTG	GCATTG	1	0.91	0.00010649627263045793	9.661929100764256e-05	0.5963693866100783	1906.5929289924204	-3.28
GCCAAA	GCCAAA	1	1.29	0.00010649627263045793	0.00013787833960009555	0.7260138191842308	2321.066179931986	-3.366
GCCAAC	GCCAAC	2	1.94	0.00021299254526091586	0.00020681750940014317	0.5780722601347402	1848.0970156507644	-3.267
GCCAAG	GCCAAG	3	1.73	0.0003194888178913738	0.00018383778613346072	0.24971823667728407	798.3492026572771	-2.902
GCCAAT	GCCAAT	2	3.02	0.00021299254526091586	0.00032171612573355626	0.8039538279976443	2570.240388108469	-3.41
GCCACA	GCCACA	11	8.09	0.0011714589989350373	0.0008614372577207719	0.19303509181206674	617.1331885231774	-2.79
GCCACC	GCCACC	1	2.57	0.00010649627263045793	0.0002740936729111548	0.9237501315418974	2953.229170539446	-3.47
GCCACG	GCCACG	1	1.47	0.00010649627263045793	0.00015662495594923132	0.7702373217274432	2462.448717562636	-3.391
GCCACT	GCCACT	1	1.84	0.00010649627263045793	0.00019578119493653907	0.8409259434059373	2688.4402410687817	-3.43
GCCAGA	GCCAGA	2	1.33	0.00021299254526091586	0.00014170829347787584	0.3839933943368561	1227.626881694929	-3.089
GCCAGC	GCCAGC	1	0.53	0.00010649627263045793	5.668331739115035e-05	0.4127216321212583	1319.4710578916627	-3.12
GCCAGG	GCCAGG	1	1.06	0.00010649627263045793	0.00011336663478230071	0.6551041186216814	2094.3678672335154	-3.321
GCCATA	GCCATA	2	3.09	0.00021299254526091586	0.00032880752471038373	0.8135455807865448	2600.905221774584	-3.415
GCCATC	GCCATC	2	2.53	0.00021299254526091586	0.0002690243383994049	0.7180245205344308	2295.5243921485753	-3.361
GCCATG	GCCATG	1	1.40	0.00010649627263045793	0.0001494579657774472	0.7542425730021605	2411.313505887907	-3.382
GCCATT	GCCATT	4	1.96	0.0004259850905218317	0.00020924115208842612	0.13657681820857911	436.63608781282744	-2.64
GCCCAA	GCCCAA	1	0.82	0.00010649627263045793	8.695736190687837e-05	0.5580372287113725	1784.045020190258	-3.251
GCCCAT	GCCCAT	1	0.64	0.00010649627263045793	6.76335037053498e-05	0.4701061628653322	1502.929402680467	-3.177
GCCCGA	GCCCGA	1	0.57	0.00010649627263045793	6.073212577623251e-05	0.4346298677756418	1389.5116872787269	-3.143
GCCCGC	GCCCGC	1	1.14	0.00010649627263045793	0.00012146425155246492	0.6803566135886114	2175.100093642791	-3.337
GCCCGG	GCCCGG	1	1.43	0.00010649627263045793	0.00015183031444058123	0.7596566258666266	2428.6222328956055	-3.385
GCCCGT	GCCCGT	1	0.86	0.00010649627263045793	9.10981886643486e-05	0.5748919859141107	1837.929678967412	-3.264
GCCCTC	GCCCTC	2	0.92	0.00021299254526091586	9.810574163852926e-05	0.2352881642142753	752.2162609930382	-2.876
GCCGAG	GCCGAG	2	0.50	0.00021299254526091586	5.314061005420344e-05	0.08989796677899714	287.40379979245387	-2.458
GCCGGG	GCCGGG	1	0.92	0.00010649627263045793	9.810574163852946e-05	0.6019640352098012	1924.4790205657346	-3.284
GCCGGT	GCCGGT	2	1.38	0.00021299254526091586	0.00014715861245779408	0.40187453164960973	1284.7928776838023	-3.109
GCCGTA	GCCGTA	2	1.33	0.00021299254526091586	0.00014170829347787584	0.3839933943368561	1227.626881694929	-3.089
GCCGTC	GCCGTC	1	1.66	0.00010649627263045793	0.00017713536684734471	0.8104876518225969	2591.129022876842	-3.413
GCCGTG	GCCGTG	1	1.33	0.00010649627263045793	0.00014170829347787584	0.7356921814636088	2352.0079041391573	-3.371
GCCGTT	GCCGTT	2	1.66	0.00021299254526091586	0.00017713536684734471	0.49527155564060527	1583.383163383015	-3.2
GCCTAA	GCCTAA	1	0.19	0.00010649627263045793	1.992772877032629e-05	0.1706569297072149	545.590204273966	-2.737
GCCTCA	GCCTCA	1	0.54	0.00010649627263045793	5.722834928914216e-05	0.415719556429365	1329.0554219046799	-3.124
GCCTCT	GCCTCT	1	0.69	0.00010649627263045793	7.35793062288971e-05	0.4988799999346491	1594.9193597910732	-3.203
GCCTGC	GCCTGC	1	0.61	0.00010649627263045793	6.540382775901962e-05	0.4588950047169219	1467.0873300799994	-3.166
GCCTGT	GCCTGT	1	0.77	0.00010649627263045793	8.17547846987745e-05	0.5359103008573707	1713.3052318410141	-3.234
GCCTTA	GCCTTA	2	1.35	0.00021299254526091586	0.00014399391111461575	0.39152112155863006	1251.6930256229402	-3.097
GCCTTC	GCCTTC	2	1.13	0.00021299254526091586	0.00011999492592884651	0.31075346377949786	993.4788237030547	-2.997
GCCTTG	GCCTTG	2	1.58	0.00021299254526091586	0.00016799289630038518	0.4677550585277319	1495.4129221131589	-3.175
GCCTTT	GCCTTT	1	2.93	0.00010649627263045793	0.0003119868074150008	0.9465792548032459	3026.213877605977	-3.481
GCGAAA	GCGAAA	2	1.25	0.00021299254526091586	0.00013285152513550856	0.35445999272745277	1133.2085967496664	-3.054
GCGAAC	GCGAAC	1	1.25	0.00010649627263045793	0.00013285152513550856	0.7127711002564304	2278.729207519808	-3.358
GCGAAT	GCGAAT	1	0.75	0.00010649627263045793	7.971091508130517e-05	0.5269175026108222	1684.5552558467984	-3.226
GCGACA	GCGACA	1	1.09	0.00010649627263045793	0.00011594314920917102	0.6633482181348667	2120.7242533771687	-3.326
GCGACT	GCGACT	3	2.18	0.0003194888178913738	0.0002318862984183421	0.37122350459711434	1186.8015441969746	-3.074
GCGAGA	GCGAGA	1	0.55	0.00010649627263045793	5.904512228244822e-05	0.4256025485979936	1360.6513478677857	-3.134
GCGAGT	GCGAGT	1	0.44	0.00010649627263045793	4.7236097825958596e-05	0.3582439029320209	1145.3057576736708	-3.059
GCGATA	GCGATA	3	2.81	0.0003194888178913738	0.0002989159315548941	0.5321705930809283	1701.3493860797278	-3.231
GCGATG	GCGATG	1	0.94	0.00010649627263045793	9.963864385163143e-05	0.6076523091134807	1942.6644322357977	-3.288
GCGATT	GCGATT	1	0.62	0.00010649627263045793	6.642576256775426e-05	0.4640625971780196	1483.6081231781288	-3.171
GCGCAC	GCGCAC	2	1.58	0.00021299254526091586	0.00016781245280274765	0.4672029573342657	1493.6478545976474	-3.174
GCGCAT	GCGCAT	3	1.05	0.0003194888178913738	0.00011187496853516519	0.08982205270244344	287.16110248971165	-2.458
GCGCCA	GCGCCA	4	4.19	0.0004259850905218317	0.0004463811244553088	0.6030242970236792	1927.8686775847025	-3.285
GCGCCC	GCGCCC	1	1.40	0.00010649627263045793	0.0001487937081517697	0.7527049002232944	2406.397566013872	-3.381
GCGCCT	GCGCCT	2	1.40	0.00021299254526091586	0.0001487937081517697	0.40719088367907363	1301.7892551219984	-3.115
GCGCGA	GCGCGA	1	2.08	0.00010649627263045793	0.00022141920855918104	0.8749605971273186	2797.249029016037	-3.447
GCGCGC	GCGCGC	1	1.66	0.00010649627263045793	0.00017713536684734471	0.8104876518225969	2591.129022876842	-3.413
GCGCGG	GCGCGG	2	0.83	0.00021299254526091586	8.856768342367234e-05	0.20262727421815704	647.7993956754481	-2.811
GCGCGT	GCGCGT	1	0.42	0.00010649627263045793	4.428384171183617e-05	0.3402044559353368	1087.6336456252718	-3.036
GCGCTG	GCGCTG	1	0.19	0.00010649627263045793	2.024404192541083e-05	0.1731165737425239	553.4536862548489	-2.743
GCGCTT	GCGCTT	1	0.76	0.00010649627263045793	8.097616770164334e-05	0.5325048079626804	1702.4178710566894	-3.231
GCGGAA	GCGGAA	3	2.05	0.0003194888178913738	0.00021881427669377882	0.3381164423002074	1080.958266033763	-3.034
GCGGAG	GCGGAG	2	0.88	0.00021299254526091586	9.377754715447665e-05	0.2204166155020081	704.6719197599199	-2.848
GCGGGA	GCGGGA	1	1.23	0.00010649627263045793	0.00013080765551803927	0.7072053840797003	2260.935612902802	-3.354
GCGGGC	GCGGGC	1	1.23	0.00010649627263045793	0.00013080765551803927	0.7072053840797003	2260.935612902802	-3.354
GCGGGT	GCGGGT	2	1.54	0.00021299254526091586	0.00016350956939754918	0.4539371754072841	1451.2371497770873	-3.162
GCGGTC	GCGGTC	1	0.31	0.00010649627263045793	3.2701913879509805e-05	0.2644016073406101	845.2919386679304	-2.927
GCGTAA	GCGTAA	2	0.86	0.00021299254526091586	9.10981886643486e-05	0.2112494929575344	675.3646289852375	-2.83
GCGTAT	GCGTAT	1	1.28	0.00010649627263045793	0.00013664728299652307	0.7228282662147333	2310.8819670885023	-3.364
GCGTCA	GCGTCA	3	2.85	0.0003194888178913738	0.0003030982943832341	0.5414607449845318	1731.0500017155482	-3.238
GCGTCC	GCGTCC	1	1.29	0.00010649627263045793	0.00013777195199237915	0.7257399758097215	2320.1907026636795	-3.366
GCGTCG	GCGTCG	1	1.55	0.00010649627263045793	0.0001653263423908551	0.7882638500298657	2520.0795285454806	-3.401
GCGTCT	GCGTCT	2	1.29	0.00021299254526091586	0.00013777195199237915	0.37093564366856824	1185.8812528084127	-3.074
GCGTGA	GCGTGA	2	1.26	0.00021299254526091586	0.00013370863174928606	0.3573414424950833	1142.4205916567814	-3.058
GCGTGT	GCGTGT	1	0.58	0.00010649627263045793	6.171167619197819e-05	0.43980628724984144	1406.0607003377431	-3.148
GCGTTG	GCGTTG	1	0.21	0.00010649627263045793	2.2774547166087144e-05	0.19253292433718494	615.5277591059803	-2.789
GCGTTT	GCGTTT	1	1.07	0.00010649627263045793	0.00011387273583043582	0.6567392750252403	2099.5954622556933	-3.322
GCTAAA	GCTAAA	1	1.19	0.00010649627263045793	0.00012638847796675413	0.6947999476691786	2221.275432698364	-3.347
GCTAAT	GCTAAT	3	1.19	0.0003194888178913738	0.00012638847796675413	0.1176604046711816	376.1603137337676	-2.575
GCTACA	GCTACA	2	1.16	0.00021299254526091586	0.00012399475679314133	0.3244369639182586	1037.2249736466727	-3.016
GCTACG	GCTACG	1	1.00	0.00010649627263045793	0.00010628122010840689	0.6313769334224546	2018.5120561515873	-3.305
GCTACT	GCTACT	1	1.16	0.00010649627263045793	0.00012399475679314133	0.6878622762476378	2199.0956971636983	-3.342
GCTAGA	GCTAGA	1	1.96	0.00010649627263045793	0.00020831119141247764	0.8585829690191016	2744.889751954068	-3.439
GCTAGC	GCTAGC	2	1.40	0.00021299254526091586	0.0001487937081517697	0.40719088367907363	1301.7892551219984	-3.115
GCTAGG	GCTAGG	1	0.56	0.00010649627263045793	5.951748326070789e-05	0.428144629195683	1368.7783795385985	-3.136
GCTAGT	GCTAGT	3	3.07	0.0003194888178913738	0.0003273461579338933	0.5931349789142519	1896.2525275888634	-3.278
GCTATA	GCTATA	3	2.82	0.0003194888178913738	0.0003000881508943252	0.534785149380335	1709.7081225689308	-3.233
GCTATC	GCTATC	1	1.94	0.00010649627263045793	0.0002063106037398486	0.8559012670859778	2736.316350873871	-3.437
GCTATG	GCTATG	2	1.23	0.00021299254526091586	0.00013128856601626735	0.34919381186184556	1116.3726165223202	-3.048
GCTATT	GCTATT	3	2.99	0.0003194888178913738	0.00031884366032522047	0.5754512975307425	1839.717798205784	-3.265
GCTCAA	GCTCAA	4	2.92	0.0004259850905218317	0.0003108725688170901	0.33464833504100644	1069.8707271260976	-3.029
GCTCAC	GCTCAC	1	0.90	0.00010649627263045793	9.565309809756608e-05	0.5926907651043594	1894.832376038637	-3.278
GCTCAG	GCTCAG	2	2.25	0.00021299254526091586	0.00023913274524391538	0.6563736715237998	2098.426627861588	-3.322
GCTCAT	GCTCAT	2	2.92	0.00021299254526091586	0.0003108725688170901	0.7884371294195177	2520.633502754198	-3.402
GCTCCC	GCTCCC	2	1.39	0.00021299254526091586	0.0001478695236290879	0.40418879895868937	1292.19159027093	-3.111
GCTCCG	GCTCCG	1	0.52	0.00010649627263045793	5.5451071360907954e-05	0.40588689190538074	1297.6203934215023	-3.113
GCTCCT	GCTCCT	1	1.21	0.00010649627263045793	0.00012938583317545187	0.7032700976108649	2248.354502061935	-3.352
GCTCGA	GCTCGA	1	1.81	0.00010649627263045793	0.00019323858201528512	0.8370823279344756	2676.1522024065184	-3.428
GCTCGC	GCTCGC	2	0.68	0.00021299254526091586	7.246446825573192e-05	0.14903551586904498	476.46654423333683	-2.678
GCTCGT	GCTCGT	2	2.04	0.00021299254526091586	0.00021739340476719586	0.6050638215092778	1934.3890373651614	-3.287
GCTCTA	GCTCTA	2	2.06	0.00021299254526091586	0.0002192050164735891	0.6095535379888519	1948.7426609503596	-3.29
GCTCTC	GCTCTC	5	2.62	0.0005324813631522897	0.00027898820278456814	0.1253771324646652	400.8306924895346	-2.603
GCTCTT	GCTCTT	2	2.81	0.00021299254526091586	0.0002989159315548944	0.7700805492293961	2461.9475158863793	-3.391
GCTGAC	GCTGAC	4	0.80	0.0004259850905218317	8.502497608672537e-05	0.009018053594684345	28.83071734220585	-1.46
GCTGCA	GCTGCA	1	0.90	0.00010649627263045793	9.565309809756608e-05	0.5926907651043594	1894.832376038637	-3.278
GCTGCG	GCTGCG	1	0.50	0.00010649627263045793	5.314061005420344e-05	0.39285663424727624	1255.962659688542	-3.099
GCTGGA	GCTGGA	1	1.54	0.00010649627263045793	0.00016350956939754902	0.784620751149704	2508.4325414256036	-3.399
GCTGGC	GCTGGC	1	0.92	0.00010649627263045793	9.810574163852926e-05	0.6019640352098004	1924.4790205657316	-3.284
GCTGGT	GCTGGT	2	0.92	0.00021299254526091586	9.810574163852926e-05	0.2352881642142753	752.2162609930382	-2.876
GCTGTC	GCTGTC	3	1.08	0.0003194888178913738	0.00011489861633341277	0.09537104662035978	304.9012360452902	-2.484
GCTGTG	GCTGTG	1	1.75	0.00010649627263045793	0.00018671025154179575	0.8267828487350652	2643.2247674060036	-3.422
GCTGTT	GCTGTT	1	1.08	0.00010649627263045793	0.00011489861633341277	0.6600300363127838	2110.1160260919696	-3.324
GCTTAA	GCTTAA	1	1.00	0.00010649627263045793	0.00010628122010840689	0.6313769334224546	2018.5120561515873	-3.305
GCTTAC	GCTTAC	2	2.49	0.00021299254526091586	0.00026570305027101717	0.7116649487892026	2275.1928412790808	-3.357
GCTTAG	GCTTAG	1	1.25	0.00010649627263045793	0.00013285152513550856	0.7127711002564304	2278.729207519808	-3.358
GCTTAT	GCTTAT	4	3.24	0.0004259850905218317	0.0003454139653523221	0.4071360790292883	1301.6140446566346	-3.114
GCTTCA	GCTTCA	2	3.58	0.00021299254526091586	0.0003815223285942806	0.8725780334581876	2789.6319729658258	-3.446
GCTTCC	GCTTCC	4	1.79	0.0004259850905218317	0.00019076116429714047	0.10730621068688093	343.0579555659583	-2.535
GCTTCG	GCTTCG	1	1.79	0.00010649627263045793	0.00019076116429714047	0.8332479553929696	2663.8937133913237	-3.426
GCTTCT	GCTTCT	3	2.81	0.0003194888178913738	0.0002997675438955063	0.5340708833138871	1707.424613954497	-3.232
GCTTGA	GCTTGA	2	1.84	0.00021299254526091586	0.00019621148327705873	0.5496670025795545	1757.2854072468356	-3.245
GCTTGG	GCTTGG	2	0.77	0.00021299254526091586	8.17547846987745e-05	0.179639114109062	574.3062478066712	-2.759
GCTTGT	GCTTGT	2	2.15	0.00021299254526091586	0.00022891339715656848	0.6329488639975762	2023.5375182002513	-3.306
GCTTTA	GCTTTA	4	3.33	0.0004259850905218317	0.0003542707336946895	0.425531248037676	1360.4233999764501	-3.134
GCTTTC	GCTTTC	3	3.33	0.0003194888178913738	0.0003542707336946895	0.6458880101623308	2064.9039684889713	-3.315
GCTTTT	GCTTTT	9	7.76	0.0009584664536741214	0.0008266317119542754	0.37428080172135497	1196.5757231031719	-3.078
GGAAAA	GGAAAA	7	8.87	0.0007454739084132055	0.0009447219565191729	0.7812089396915132	2497.5249801937675	-3.398
GGAAAC	GGAAAC	2	1.55	0.00021299254526091586	0.00016532634239085526	0.4595616113331826	1469.2184714321847	-3.167
GGAAAG	GGAAAG	2	2.00	0.00021299254526091586	0.0002125624402168138	0.5928998930396212	1895.500958047669	-3.278
GGAAAT	GGAAAT	5	3.55	0.0005324813631522897	0.00037788878260766893	0.28371944030223306	907.0510506462391	-2.958
GGAACA	GGAACA	3	1.93	0.0003194888178913738	0.0002057055873065941	0.3048104256414215	974.4789307756246	-2.989
GGAACT	GGAACT	3	1.74	0.0003194888178913738	0.00018513502857593465	0.25295100615266225	808.6843666700612	-2.908
GGAAGA	GGAAGA	1	2.47	0.00010649627263045793	0.00026304601976830685	0.9154153207938844	2926.5827805780486	-3.466
GGAAGC	GGAAGC	3	2.02	0.0003194888178913738	0.00021521947071952377	0.3289833248715071	1051.7596896142081	-3.022
GGAAGG	GGAAGG	3	1.80	0.0003194888178913738	0.00019130619619513238	0.26840576515676756	858.0932312061859	-2.934
GGAAGT	GGAAGT	2	2.69	0.00021299254526091586	0.0002869592942926983	0.7503485703143314	2398.8643792949174	-3.38
GGAATA	GGAATA	3	1.84	0.0003194888178913738	0.00019621148327705895	0.2807646138389012	897.6044704429672	-2.953
GGAATC	GGAATC	2	1.07	0.00021299254526091586	0.00011445669857828433	0.29171484600882913	932.6123626902267	-2.97
GGAATT	GGAATT	1	2.00	0.00010649627263045793	0.0002125624402168138	0.8641170347869664	2762.5821602139317	-3.441
GGACAA	GGACAA	1	2.48	0.00010649627263045793	0.000263988837043462	0.9161608485762881	2928.966232898393	-3.467
GGACAC	GGACAC	1	0.68	0.00010649627263045793	7.199695555730787e-05	0.4913786315811509	1570.9374851649395	-3.196
GGACAG	GGACAG	1	0.90	0.00010649627263045793	9.599594074307715e-05	0.5939999042640073	1899.0176939320313	-3.279
GGACAT	GGACAT	4	2.93	0.0004259850905218317	0.0003119868074150008	0.33699013904756303	1077.357474535059	-3.032
GGACCA	GGACCA	1	0.92	0.00010649627263045793	9.810574163852926e-05	0.6019640352098004	1924.4790205657316	-3.284
GGACCG	GGACCG	1	0.31	0.00010649627263045793	3.2701913879509805e-05	0.2644016073406101	845.2919386679304	-2.927
GGACGG	GGACGG	1	0.29	0.00010649627263045793	3.036606288811625e-05	0.2480890130977217	793.1405748734162	-2.899
GGACTA	GGACTA	2	0.96	0.00021299254526091586	0.00010261635044949625	0.25084138079241247	801.9398943933427	-2.904
GGACTC	GGACTC	1	1.10	0.00010649627263045793	0.0001172758290851386	0.667534783074753	2134.1087014899854	-3.329
GGACTT	GGACTT	1	0.96	0.00010649627263045793	0.00010261635044949625	0.6184706624617118	1977.2507078900926	-3.296
GGAGAA	GGAGAA	4	3.78	0.0004259850905218317	0.000402982959577709	0.5232383066987369	1672.792866515862	-3.223
GGAGAG	GGAGAG	1	0.87	0.00010649627263045793	9.299606759485601e-05	0.5824007651686098	1861.9352462440456	-3.27
GGAGAT	GGAGAT	2	1.46	0.00021299254526091586	0.0001549934459914266	0.4271340179382713	1365.5474553486533	-3.135
GGAGCA	GGAGCA	1	0.46	0.00010649627263045793	4.9052870819264724e-05	0.3690990848079242	1180.0097741309337	-3.072
GGAGTC	GGAGTC	2	1.34	0.00021299254526091586	0.00014307087322285535	0.3884860336869949	1241.9898496973228	-3.094
GGAGTT	GGAGTT	3	0.77	0.0003194888178913738	8.17547846987745e-05	0.04288843989506803	137.11434234453247	-2.137
GGATAA	GGATAA	3	1.45	0.0003194888178913738	0.0001544085650631573	0.17868523877788667	571.2567083729036	-2.757
GGATAG	GGATAG	2	1.58	0.00021299254526091586	0.0001684457073416261	0.4691390116576776	1499.8374202695952	-3.176
GGATAT	GGATAT	2	3.30	0.00021299254526091586	0.00035092855696172075	0.8408195112712378	2688.099977534147	-3.429
GGATGA	GGATGA	2	2.00	0.00021299254526091586	0.0002125624402168136	0.5928998930396204	1895.5009580476665	-3.278
GGATGC	GGATGC	3	2.00	0.0003194888178913738	0.0002125624402168136	0.3222304317783205	1030.1706903952906	-3.013
GGATGG	GGATGG	1	1.11	0.00010649627263045793	0.00011809024456489645	0.6700675678228796	2142.206014329746	-3.331
GGATTA	GGATTA	1	0.96	0.00010649627263045793	0.00010219348087346819	0.6169526948938097	1972.3977655755095	-3.295
GGATTG	GGATTG	1	1.34	0.00010649627263045793	0.00014307087322285535	0.7390523586302501	2362.7503905409094	-3.373
GGATTT	GGATTT	3	2.30	0.0003194888178913738	0.0002452643540963236	0.40476513000510367	1294.0341206263165	-3.112
GGCAAA	GGCAAA	3	2.56	0.0003194888178913738	0.00027251594899591487	0.47121054740879936	1506.4601200659315	-3.178
GGCAAT	GGCAAT	2	1.02	0.00021299254526091586	0.00010900637959836588	0.27291120748399195	872.4971303263222	-2.941
GGCACA	GGCACA	2	1.47	0.00021299254526091586	0.00015629591192412766	0.43127885933886495	1378.7985133063512	-3.14
GGCACC	GGCACC	2	0.59	0.00021299254526091586	6.251836476965109e-05	0.11765496907118951	376.1429361205929	-2.575
GGCACG	GGCACG	1	1.32	0.00010649627263045793	0.00014066632073171488	0.7330934686366477	2343.6998192313627	-3.37
GGCAGC	GGCAGC	2	0.86	0.00021299254526091586	9.10981886643486e-05	0.2112494929575344	675.3646289852375	-2.83
GGCAGT	GGCAGT	2	2.28	0.00021299254526091586	0.00024292850310492987	0.6647639355622464	2125.250301992502	-3.327
GGCATC	GGCATC	1	0.27	0.00010649627263045793	2.8985787302292778e-05	0.23828022689884085	761.7818853955941	-2.882
GGCCAA	GGCCAA	2	0.91	0.00021299254526091586	9.717140124197187e-05	0.2320724049588456	741.9354786534294	-2.87
GGCCAC	GGCCAC	1	1.60	0.00010649627263045793	0.00017004995217345095	0.7974501096960406	2549.4480006982417	-3.406
GGCCAG	GGCCAG	1	0.46	0.00010649627263045793	4.858570062098593e-05	0.36632541477559877	1171.1423510375892	-3.069
GGCCCA	GGCCCA	1	0.50	0.00010649627263045793	5.314061005420344e-05	0.39285663424727624	1255.962659688542	-3.099
GGCCCG	GGCCCG	1	1.00	0.00010649627263045793	0.00010628122010840678	0.6313769334224543	2018.5120561515862	-3.305
GGCCGA	GGCCGA	1	0.91	0.00010649627263045793	9.661929100764256e-05	0.5963693866100783	1906.5929289924204	-3.28
GGCCGG	GGCCGG	2	1.36	0.00021299254526091586	0.0001449289365114637	0.39458864928145254	1261.4999117528039	-3.101
GGCCGT	GGCCGT	2	2.72	0.00021299254526091586	0.00028985787302292747	0.7552620651605328	2414.5728223182236	-3.383
GGCCTT	GGCCTT	4	2.33	0.0004259850905218317	0.0002479895135862827	0.20649690920962455	660.1706187431697	-2.82
GGCGAT	GGCGAT	1	0.33	0.00010649627263045793	3.542707336946895e-05	0.2829862195267972	904.7069438271707	-2.957
GGCGCC	GGCGCC	2	0.74	0.00021299254526091586	7.831247797461549e-05	0.16818285844224248	537.6805984398492	-2.731
GGCGGG	GGCGGG	1	0.40	0.00010649627263045793	4.2512488043362765e-05	0.3291382927479301	1052.2551219151326	-3.022
GGCGTC	GGCGTC	2	1.86	0.00021299254526091586	0.00019839161086902604	0.5556146101481313	1776.2999086435757	-3.25
GGCGTG	GGCGTG	2	0.80	0.00021299254526091586	8.502497608672537e-05	0.1906272786288187	609.4354097763334	-2.785
GGCTAG	GGCTAG	1	0.58	0.00010649627263045793	6.199737839657067e-05	0.44130712931668614	1410.8588924254457	-3.149
GGCTAT	GGCTAT	1	0.75	0.00010649627263045793	7.971091508130517e-05	0.5269175026108222	1684.5552558467984	-3.226
GGCTCA	GGCTCA	3	2.33	0.0003194888178913738	0.0002479895135862827	0.41153662663831286	1315.6825953626862	-3.119
GGCTCC	GGCTCC	2	1.03	0.00021299254526091586	0.00011021756159390348	0.27709332268901365	885.8673526367767	-2.947
GGCTCT	GGCTCT	2	2.33	0.00021299254526091586	0.0002479895135862827	0.6756925419217268	2160.1890565237604	-3.334
GGCTGA	GGCTGA	1	1.06	0.00010649627263045793	0.00011336663478230071	0.6551041186216814	2094.3678672335154	-3.321
GGCTGG	GGCTGG	1	1.06	0.00010649627263045793	0.00011336663478230071	0.6551041186216814	2094.3678672335154	-3.321
GGCTGT	GGCTGT	2	1.33	0.00021299254526091586	0.00014170829347787584	0.3839933943368561	1227.626881694929	-3.089
GGCTTC	GGCTTC	2	1.50	0.00021299254526091586	0.0001594218301626102	0.44116029151880626	1410.3894519856235	-3.149
GGCTTG	GGCTTG	2	0.90	0.00021299254526091586	9.565309809756608e-05	0.2268527011121119	725.2480854554217	-2.86
GGCTTT	GGCTTT	2	2.40	0.00021299254526091586	0.00025507492826017645	0.6905022882723297	2207.535815606638	-3.344
GGGAAA	GGGAAA	2	3.45	0.00021299254526091586	0.00036767557226692073	0.8590025975872315	2746.231304486379	-3.439
GGGAAC	GGGAAC	2	1.29	0.00021299254526091586	0.00013787833960009527	0.3712900457491238	1187.0142762599487	-3.074
GGGAAG	GGGAAG	3	1.94	0.0003194888178913738	0.00020681750940014295	0.3076335944642563	983.5046015022274	-2.993
GGGAAT	GGGAAT	1	1.29	0.00010649627263045793	0.00013787833960009527	0.7260138191842299	2321.0661799319832	-3.366
GGGACA	GGGACA	2	2.00	0.00021299254526091586	0.0002125624402168136	0.5928998930396204	1895.5009580476665	-3.278
GGGACT	GGGACT	2	1.14	0.00021299254526091586	0.00012146425155246492	0.31578756591049945	1009.5728482158668	-3.004
GGGAGT	GGGAGT	1	0.38	0.00010649627263045793	4.087739234938724e-05	0.3187587071069242	1019.0715866208367	-3.008
GGGATG	GGGATG	2	0.67	0.00021299254526091586	7.08541467389379e-05	0.14384417236730748	459.869819058282	-2.663
GGGCAG	GGGCAG	3	0.80	0.0003194888178913738	8.502497608672537e-05	0.04719059615201435	150.86833589798988	-2.179
GGGCCA	GGGCCA	1	1.33	0.00010649627263045793	0.00014170829347787584	0.7356921814636088	2352.0079041391573	-3.371
GGGCCC	GGGCCC	1	0.67	0.00010649627263045793	7.08541467389379e-05	0.4858912386115257	1553.3942898410478	-3.191
GGGCCG	GGGCCG	2	1.66	0.00021299254526091586	0.00017713536684734471	0.49527155564060527	1583.383163383015	-3.2
GGGCCT	GGGCCT	1	1.33	0.00010649627263045793	0.00014170829347787584	0.7356921814636088	2352.0079041391573	-3.371
GGGCGG	GGGCGG	1	0.12	0.00010649627263045793	1.3285152513550856e-05	0.1172803112860564	374.9451551815223	-2.574
GGGCTC	GGGCTC	1	0.74	0.00010649627263045793	7.831247797461565e-05	0.5206643365317404	1664.563883891974	-3.221
GGGCTG	GGGCTG	1	0.42	0.00010649627263045793	4.474998741406609e-05	0.3430861410600157	1096.8463929688703	-3.04
GGGGAA	GGGGAA	1	1.06	0.00010649627263045793	0.00011336663478230071	0.6551041186216814	2094.3678672335154	-3.321
GGGGAC	GGGGAC	1	0.53	0.00010649627263045793	5.668331739115035e-05	0.4127216321212583	1319.4710578916627	-3.12
GGGGCC	GGGGCC	1	0.91	0.00010649627263045793	9.661929100764256e-05	0.5963693866100783	1906.5929289924204	-3.28
GGGGCT	GGGGCT	1	0.36	0.00010649627263045793	3.864771640305703e-05	0.3043454353596047	972.9923568446561	-2.988
GGGGGA	GGGGGA	1	0.54	0.00010649627263045793	5.797157460458556e-05	0.41978298726671864	1342.0462102916995	-3.128
GGGGGG	GGGGGG	1	0.82	0.00010649627263045793	8.695736190687837e-05	0.5580372287113725	1784.045020190258	-3.251
GGGGGT	GGGGGT	1	1.09	0.00010649627263045793	0.00011594314920917114	0.6633482181348671	2120.72425337717	-3.326
GGGGTA	GGGGTA	1	1.47	0.00010649627263045793	0.00015662495594923132	0.7702373217274432	2462.448717562636	-3.391
GGGGTC	GGGGTC	1	1.05	0.00010649627263045793	0.00011187496853516519	0.6502392587008153	2078.814910066507	-3.318
GGGGTG	GGGGTG	2	0.63	0.00021299254526091586	6.712498112109915e-05	0.13197723205312703	421.93121087384714	-2.625
GGGTAA	GGGTAA	5	2.56	0.0005324813631522897	0.0002727884649449112	0.11718634950763687	374.6447593759151	-2.574
GGGTAC	GGGTAC	1	0.70	0.00010649627263045793	7.439685407588484e-05	0.5027122565589358	1607.1710842189177	-3.206
GGGTAG	GGGTAG	1	1.40	0.00010649627263045793	0.0001487937081517697	0.7527049002232944	2406.397566013872	-3.381
GGGTCC	GGGTCC	3	1.66	0.0003194888178913738	0.00017713536684734471	0.23312191671786262	745.2907677470067	-2.872
GGGTCG	GGGTCG	1	0.67	0.00010649627263045793	7.08541467389379e-05	0.4858912386115257	1553.3942898410478	-3.191
GGGTCT	GGGTCT	1	1.00	0.00010649627263045793	0.00010628122010840689	0.6313769334224546	2018.5120561515873	-3.305
GGGTGC	GGGTGC	1	0.43	0.00010649627263045793	4.554909433217439e-05	0.34799692172054225	1112.5461587405737	-3.046
GGGTGG	GGGTGG	1	0.71	0.00010649627263045793	7.591515722029061e-05	0.5097517219475693	1629.676255066379	-3.212
GGGTGT	GGGTGT	1	0.43	0.00010649627263045793	4.554909433217439e-05	0.34799692172054225	1112.5461587405737	-3.046
GGGTTA	GGGTTA	2	1.38	0.00021299254526091586	0.00014659478635642334	0.40003603789706643	1278.9152131569215	-3.107
GGGTTC	GGGTTC	1	0.55	0.00010649627263045793	5.8637914542569294e-05	0.4234020318061752	1353.616295684342	-3.131
GGGTTT	GGGTTT	1	1.51	0.00010649627263045793	0.00016125426499206562	0.7800109591690872	2493.695036463572	-3.397
GGTAAA	GGTAAA	4	4.64	0.0004259850905218317	0.0004936172222812675	0.6799769049260893	2173.8861650487074	-3.337
GGTAAC	GGTAAC	2	2.44	0.00021299254526091586	0.00025979853804277244	0.700062078830993	2238.0984660226845	-3.35
GGTAAG	GGTAAG	1	1.46	0.00010649627263045793	0.00015587912282566337	0.7686225601943335	2457.2863249412844	-3.39
GGTAAT	GGTAAT	4	2.44	0.0004259850905218317	0.00025979853804277244	0.22957467555228997	733.950237740671	-2.866
GGTACC	GGTACC	1	0.33	0.00010649627263045793	3.542707336946895e-05	0.2829862195267972	904.7069438271707	-2.957
GGTACG	GGTACG	1	0.78	0.00010649627263045793	8.266317119542754e-05	0.5398520346995607	1725.9069549344954	-3.237
GGTACT	GGTACT	1	0.55	0.00010649627263045793	5.904512228244822e-05	0.4256025485979936	1360.6513478677857	-3.134
GGTAGA	GGTAGA	1	1.84	0.00010649627263045793	0.00019621148327705873	0.8415673707335353	2690.4908842351124	-3.43
GGTAGC	GGTAGC	3	2.07	0.0003194888178913738	0.00022073791868669116	0.3430006791679084	1096.573171299803	-3.04
GGTAGT	GGTAGT	2	1.61	0.00021299254526091586	0.00017168504786742637	0.4789761454281527	1531.2867369338041	-3.185
GGTATA	GGTATA	6	4.88	0.0006389776357827476	0.0005195970760855443	0.36282117637589234	1159.939300873728	-3.064
GGTATC	GGTATC	1	1.33	0.00010649627263045793	0.0001417082934778757	0.7356921814636086	2352.007904139157	-3.371
GGTATG	GGTATG	1	1.55	0.00010649627263045793	0.0001653263423908551	0.7882638500298657	2520.0795285454806	-3.401
GGTATT	GGTATT	2	2.22	0.00021299254526091586	0.00023618048912979294	0.649732160480589	2077.193717056443	-3.317
GGTCAC	GGTCAC	4	1.00	0.0004259850905218317	0.00010628122010840678	0.018864594338153934	60.31010809907813	-1.78
GGTCAT	GGTCAT	1	1.33	0.00010649627263045793	0.0001417082934778757	0.7356921814636086	2352.007904139157	-3.371
GGTCCA	GGTCCA	1	1.11	0.00010649627263045793	0.00011809024456489645	0.6700675678228796	2142.206014329746	-3.331
GGTCCC	GGTCCC	3	1.66	0.0003194888178913738	0.00017713536684734455	0.23312191671786228	745.2907677470057	-2.872
GGTCCG	GGTCCG	1	1.11	0.00010649627263045793	0.00011809024456489645	0.6700675678228796	2142.206014329746	-3.331
GGTCGC	GGTCGC	1	0.61	0.00010649627263045793	6.469291658772592e-05	0.4552707990302565	1455.5007444997302	-3.163
GGTCGT	GGTCGT	1	0.78	0.00010649627263045793	8.317660704136178e-05	0.5420651436913989	1732.9822643814023	-3.239
GGTCTC	GGTCTC	1	0.95	0.00010649627263045793	0.00010068747168164854	0.6114973775836103	1954.9571161348022	-3.291
GGTCTG	GGTCTG	1	0.47	0.00010649627263045793	5.034373584082426e-05	0.3767002146507752	1204.3105862385282	-3.081
GGTCTT	GGTCTT	1	0.95	0.00010649627263045793	0.00010068747168164854	0.6114973775836103	1954.9571161348022	-3.291
GGTGAA	GGTGAA	4	3.10	0.0004259850905218317	0.00033065268478171025	0.37624003959183017	1202.839406575081	-3.08
GGTGAC	GGTGAC	1	1.77	0.00010649627263045793	0.00018894439130383444	0.830378845951534	2654.721170507054	-3.424
GGTGAG	GGTGAG	2	1.33	0.00021299254526091586	0.00014170829347787584	0.3839933943368561	1227.626881694929	-3.089
GGTGAT	GGTGAT	3	3.77	0.0003194888178913738	0.00040150683152064817	0.72624775529057	2321.814073663952	-3.366
GGTGCA	GGTGCA	2	1.83	0.00021299254526091586	0.00019484890353207914	0.5459213316065347	1745.3104971460914	-3.242
GGTGCC	GGTGCC	1	0.67	0.00010649627263045793	7.08541467389379e-05	0.4858912386115257	1553.3942898410478	-3.191
GGTGGA	GGTGGA	2	1.34	0.00021299254526091586	0.00014307087322285535	0.3884860336869949	1241.9898496973228	-3.094
GGTGGC	GGTGGC	1	1.34	0.00010649627263045793	0.00014307087322285535	0.7390523586302501	2362.7503905409094	-3.373
GGTGGG	GGTGGG	1	0.77	0.00010649627263045793	8.17547846987745e-05	0.5359103008573707	1713.3052318410141	-3.234
GGTGGT	GGTGGT	1	1.54	0.00010649627263045793	0.00016350956939754902	0.784620751149704	2508.4325414256036	-3.399
GGTGTC	GGTGTC	1	0.50	0.00010649627263045793	5.314061005420344e-05	0.39285663424727624	1255.962659688542	-3.099
GGTGTG	GGTGTG	2	0.87	0.00021299254526091586	9.299606759485601e-05	0.2177393013378725	696.1125463771784	-2.843
GGTTAA	GGTTAA	3	2.68	0.0003194888178913738	0.00028514473687621356	0.5008500753668508	1601.217690947822	-3.204
GGTTAC	GGTTAC	2	2.43	0.00021299254526091586	0.0002592224880692851	0.6989095388794608	2234.4137957976363	-3.349
GGTTAG	GGTTAG	2	2.43	0.00021299254526091586	0.0002592224880692851	0.6989095388794608	2234.4137957976363	-3.349
GGTTAT	GGTTAT	3	2.43	0.0003194888178913738	0.0002592224880692851	0.4391744027957269	1404.0405657379388	-3.147
GGTTCA	GGTTCA	1	1.16	0.00010649627263045793	0.0001234233523839564	0.6861830041951927	2193.7270644120313	-3.341
GGTTCG	GGTTCG	1	0.52	0.00010649627263045793	5.485482328175837e-05	0.40255126057595253	1286.9563800613203	-3.11
GGTTCT	GGTTCT	2	1.93	0.00021299254526091586	0.0002057055873065941	0.5751569553565411	1838.776786274862	-3.265
GGTTGA	GGTTGA	1	0.96	0.00010649627263045793	0.00010202997130407062	0.6163641296409503	1970.5161224621181	-3.295
GGTTGG	GGTTGG	2	1.28	0.00021299254526091586	0.0001360399617387608	0.36515481133715655	1167.3999318448896	-3.067
GGTTGT	GGTTGT	1	1.28	0.00010649627263045793	0.0001360399617387608	0.721243110474576	2305.8142241872197	-3.363
GGTTTA	GGTTTA	5	3.35	0.0005324813631522897	0.0003572229898088118	0.24736574309042156	790.8282806600777	-2.898
GGTTTC	GGTTTC	4	2.59	0.0004259850905218317	0.00027603594667044564	0.26225397725031707	838.4259652692637	-2.923
GGTTTT	GGTTTT	2	3.35	0.00021299254526091586	0.0003572229898088118	0.8478904857073893	2710.7058828065237	-3.433
GTAAAA	GTAAAA	4	7.08	0.0004259850905218317	0.0007542125137813454	0.9224130596002462	2948.9545515419873	-3.47
GTAAAC	GTAAAC	4	2.97	0.0004259850905218317	0.00031628266706959626	0.3460235045024195	1106.237143894235	-3.044
GTAAAG	GTAAAG	7	4.57	0.0007454739084132055	0.00048658871856861	0.17789897791396575	568.7430323909485	-2.755
GTAAAT	GTAAAT	4	4.34	0.0004259850905218317	0.00046225928264017935	0.6301035865047037	2014.4411660555377	-3.304
GTAACA	GTAACA	5	5.24	0.0005324813631522897	0.0005579764055691364	0.6004631398249012	1919.680658020209	-3.283
GTAACC	GTAACC	1	1.50	0.00010649627263045793	0.00015942183016261037	0.7761929506640187	2481.488863272868	-3.395
GTAACG	GTAACG	1	1.00	0.00010649627263045793	0.00010628122010840689	0.6313769334224546	2018.5120561515873	-3.305
GTAACT	GTAACT	3	2.25	0.0003194888178913738	0.00023913274524391562	0.38944825422862345	1245.0660687689092	-3.095
GTAAGA	GTAAGA	5	2.72	0.0005324813631522897	0.0002898578730229278	0.14034806496490643	448.69276369280584	-2.652
GTAAGT	GTAAGT	1	1.50	0.00010649627263045793	0.0001594218301626102	0.7761929506640183	2481.4888632728666	-3.395
GTAATA	GTAATA	6	3.52	0.0006389776357827476	0.0003751101886179067	0.14534579048310364	464.6704921744823	-2.667
GTAATC	GTAATC	1	1.76	0.00010649627263045793	0.00018755509430895334	0.8281515569324278	2647.600527512972	-3.423
GTAATT	GTAATT	3	3.38	0.0003194888178913738	0.0003594805974254938	0.6555147312716154	2095.6805958753544	-3.321
GTACAA	GTACAA	5	3.93	0.0005324813631522897	0.00041815562009864986	0.35680320932880705	1140.699860224196	-3.057
GTACAC	GTACAC	2	1.96	0.00021299254526091586	0.0002090778100493249	0.5839530470043665	1866.8978912729597	-3.271
GTACAG	GTACAG	1	1.77	0.00010649627263045793	0.00018817002904439236	0.8291409912359778	2650.763748981421	-3.423
GTACAT	GTACAT	4	4.32	0.0004259850905218317	0.00045997118210851473	0.6262755634236105	2002.2029762652826	-3.302
GTACCA	GTACCA	2	1.43	0.00021299254526091586	0.00015249044624249695	0.4191243044018089	1339.940401172583	-3.127
GTACCT	GTACCT	1	0.78	0.00010649627263045793	8.317660704136195e-05	0.5420651436913996	1732.9822643814045	-3.239
GTACGA	GTACGA	1	1.93	0.00010649627263045793	0.00020523270089899253	0.8544353645975951	2731.6298606185114	-3.436
GTACGC	GTACGC	2	0.72	0.00021299254526091586	7.69622628371222e-05	0.163724317579078	523.4266433003123	-2.719
GTACGG	GTACGG	1	1.20	0.00010649627263045793	0.0001282704380618704	0.7001459472100099	2238.3665932304016	-3.35
GTACGT	GTACGT	3	3.13	0.0003194888178913738	0.0003335031389608632	0.6056374110056372	1936.222802985022	-3.287
GTACTA	GTACTA	1	1.66	0.00010649627263045793	0.00017713536684734471	0.8104876518225969	2591.129022876842	-3.413
GTACTG	GTACTG	2	0.95	0.00021299254526091586	0.00010122020962705413	0.24602319221111407	786.5361454989317	-2.896
GTACTT	GTACTT	2	1.43	0.00021299254526091586	0.00015183031444058123	0.41700228532453526	1333.1563061825393	-3.125
GTAGAA	GTAGAA	3	3.04	0.0003194888178913738	0.0003239046708065731	0.5860352936779587	1873.554833888434	-3.273
GTAGAG	GTAGAG	2	1.52	0.00021299254526091586	0.00016195233540328654	0.4490895047248828	1435.7391466054503	-3.157
GTAGAT	GTAGAT	3	2.47	0.0003194888178913738	0.0002631725450303406	0.4487757184138954	1434.7359717692236	-3.157
GTAGCA	GTAGCA	5	2.69	0.0005324813631522897	0.0002869592942926983	0.13628182673486466	435.69300007136235	-2.639
GTAGCC	GTAGCC	2	1.50	0.00021299254526091586	0.00015942183016261037	0.4411602915188068	1410.3894519856253	-3.149
GTAGCG	GTAGCG	2	2.10	0.00021299254526091586	0.00022319056222765436	0.6192933494462078	1979.8808381795266	-3.297
GTAGGC	GTAGGC	1	0.29	0.00010649627263045793	3.036606288811625e-05	0.2480890130977217	793.1405748734162	-2.899
GTAGGT	GTAGGT	1	1.14	0.00010649627263045793	0.00012146425155246504	0.6803566135886119	2175.100093642792	-3.337
GTAGTA	GTAGTA	1	1.98	0.00010649627263045793	0.00021055713417703236	0.8615341411059227	2754.324649115635	-3.44
GTAGTC	GTAGTC	1	1.85	0.00010649627263045793	0.00019651999189856354	0.8420256694342146	2691.9560651811844	-3.43
GTAGTG	GTAGTG	1	0.66	0.00010649627263045793	7.018571139234415e-05	0.4826542314105575	1543.0455778195524	-3.188
GTAGTT	GTAGTT	4	2.50	0.0004259850905218317	0.0002667057032909075	0.24335768087666587	778.0145057627008	-2.891
GTATAA	GTATAA	12	5.31	0.0012779552715654952	0.0005654438769166221	0.00851961933412605	27.237223011200985	-1.435
GTATAC	GTATAC	3	3.44	0.0003194888178913738	0.00036677440664861967	0.6686729249080644	2137.747340931082	-3.33
GTATAT	GTATAT	7	12.05	0.0007454739084132055	0.0012837104232701689	0.9555362587775441	3054.8494193118086	-3.485
GTATCA	GTATCA	2	2.13	0.00021299254526091586	0.00022673326956460123	0.6277925126702678	2007.0526630068462	-3.303
GTATCC	GTATCC	2	0.93	0.00021299254526091586	9.919580543451311e-05	0.23904291449846662	764.2201976515978	-2.883
GTATCG	GTATCG	2	0.93	0.00021299254526091586	9.919580543451311e-05	0.23904291449846662	764.2201976515978	-2.883
GTATGA	GTATGA	2	1.75	0.00021299254526091586	0.00018599213518971205	0.5210461825318163	1665.784645554217	-3.222
GTATGC	GTATGC	2	1.92	0.00021299254526091586	0.0002045913487086834	0.5722208139591434	1829.3899422273814	-3.262
GTATGT	GTATGT	3	2.45	0.0003194888178913738	0.00026038898926559697	0.4420166015475513	1413.1270751475215	-3.15
GTATTA	GTATTA	3	2.69	0.0003194888178913738	0.0002866010429889623	0.5042133926072617	1611.9702161654156	-3.207
GTATTC	GTATTC	2	1.23	0.00021299254526091586	0.00013135881136994105	0.3494308130624805	1117.1303093607503	-3.048
GTATTG	GTATTG	1	1.35	0.00010649627263045793	0.00014330052149448113	0.7396144591380439	2364.547425864326	-3.374
GTATTT	GTATTT	4	4.71	0.0004259850905218317	0.0005015518252306841	0.6918202328424254	2211.749284397234	-3.345
GTCAAA	GTCAAA	6	7.64	0.0006389776357827476	0.0008137651629195929	0.7736507956523438	2473.3615937005434	-3.393
GTCAAC	GTCAAC	2	3.40	0.00021299254526091586	0.0003616734057420411	0.852715984030411	2726.133000945224	-3.436
GTCAAG	GTCAAG	8	2.83	0.0008519701810436634	0.0003013945047850344	0.008631833674136545	27.595972256214537	-1.441
GTCAAT	GTCAAT	3	5.09	0.0003194888178913738	0.0005425101086130619	0.8830585805379303	2823.138281979763	-3.451
GTCACA	GTCACA	3	1.84	0.0003194888178913738	0.00019621148327705873	0.2807646138389007	897.6044704429656	-2.953
GTCACC	GTCACC	2	1.84	0.00021299254526091586	0.00019621148327705873	0.5496670025795545	1757.2854072468356	-3.245
GTCACG	GTCACG	3	3.22	0.0003194888178913738	0.0003433700957348528	0.6251332631459454	1998.5510422775874	-3.301
GTCACT	GTCACT	1	2.07	0.00010649627263045793	0.00022073791868669116	0.8741581169458388	2794.683499875847	-3.446
GTCAGA	GTCAGA	2	1.20	0.00021299254526091586	0.0001282704380618704	0.33898391068067685	1083.731562446124	-3.035
GTCAGG	GTCAGG	2	1.03	0.00021299254526091586	0.00010994608976731741	0.2761560736457773	882.8709674455501	-2.946
GTCAGT	GTCAGT	1	1.38	0.00010649627263045793	0.0001465947863564232	0.7475457018026239	2389.9036086629885	-3.378
GTCATA	GTCATA	4	2.60	0.0004259850905218317	0.00027725535680453976	0.2647443452720385	846.387671834707	-2.928
GTCATC	GTCATC	4	3.12	0.0004259850905218317	0.00033270642816544754	0.3805513942606873	1216.6228074514172	-3.085
GTCATG	GTCATG	3	1.91	0.0003194888178913738	0.0002033205949899957	0.2987586677014838	955.1314606416437	-2.98
GTCATT	GTCATT	1	4.34	0.00010649627263045793	0.0004620922613408993	0.9869510333726315	3155.2824536923026	-3.499
GTCCAA	GTCCAA	3	1.55	0.0003194888178913738	0.00016456446984527517	0.20259719374436436	647.7032284007329	-2.811
GTCCAC	GTCCAC	1	0.90	0.00010649627263045793	9.599594074307715e-05	0.5939999042640073	1899.0176939320313	-3.279
GTCCCG	GTCCCG	3	1.44	0.0003194888178913738	0.0001530449569561058	0.17553566852777883	561.1875322833089	-2.749
GTCCCT	GTCCCT	3	1.68	0.0003194888178913738	0.0001785524497821234	0.2366148149084858	756.4575632624291	-2.879
GTCCGA	GTCCGA	1	0.86	0.00010649627263045793	9.109818866434879e-05	0.5748919859141115	1837.9296789674145	-3.264
GTCCGC	GTCCGC	1	0.86	0.00010649627263045793	9.109818866434879e-05	0.5748919859141115	1837.9296789674145	-3.264
GTCCGT	GTCCGT	2	1.71	0.00021299254526091586	0.0001821963773286976	0.5101085003239281	1630.816875535598	-3.212
GTCCTA	GTCCTA	2	0.59	0.00021299254526091586	6.251836476965109e-05	0.11765496907118951	376.1429361205929	-2.575
GTCCTG	GTCCTG	1	0.70	0.00010649627263045793	7.502203772358135e-05	0.5056230194132141	1616.4767930640455	-3.209
GTCCTT	GTCCTT	1	1.29	0.00010649627263045793	0.0001375404024932325	0.725143017274487	2318.282226226535	-3.365
GTCGAA	GTCGAA	1	1.52	0.00010649627263045793	0.00016173229146931476	0.7809962042002444	2496.8448648281815	-3.397
GTCGAG	GTCGAG	1	1.95	0.00010649627263045793	0.00020794151760340483	0.8580912239912168	2743.31764309992	-3.438
GTCGAT	GTCGAT	3	1.08	0.0003194888178913738	0.0001155230653352248	0.09653414680248441	308.6196673275427	-2.489
GTCGCA	GTCGCA	3	2.43	0.0003194888178913738	0.0002587716663509035	0.43807447384209103	1400.524092873165	-3.146
GTCGCC	GTCGCC	1	0.61	0.00010649627263045793	6.469291658772592e-05	0.4552707990302565	1455.5007444997302	-3.163
GTCGCG	GTCGCG	2	0.91	0.00021299254526091586	9.703937488158872e-05	0.23161821564442717	740.4834354152337	-2.87
GTCGCT	GTCGCT	1	3.04	0.00010649627263045793	0.00032346458293862926	0.9520373374252988	3043.6633677486802	-3.483
GTCGGA	GTCGGA	1	0.73	0.00010649627263045793	7.729543280611408e-05	0.5160647266949823	1649.8589312438583	-3.217
GTCGGT	GTCGGT	1	0.54	0.00010649627263045793	5.797157460458556e-05	0.41978298726671864	1342.0462102916995	-3.128
GTCGTA	GTCGTA	2	1.03	0.00021299254526091586	0.0001093178263972185	0.27398673369104254	875.935587610263	-2.942
GTCGTC	GTCGTC	1	2.57	0.00010649627263045793	0.0002732945659930462	0.9231758299904692	2951.39312847953	-3.47
GTCGTG	GTCGTG	1	1.28	0.00010649627263045793	0.00013664728299652307	0.7228282662147333	2310.8819670885023	-3.364
GTCGTT	GTCGTT	5	4.11	0.0005324813631522897	0.0004372713055888737	0.3918580043150611	1252.7700397952503	-3.098
GTCTAA	GTCTAA	2	1.02	0.00021299254526091586	0.00010821360592855974	0.270173198068169	863.7437142239362	-2.936
GTCTAT	GTCTAT	2	1.81	0.00021299254526091586	0.00019323858201528534	0.5414665363432	1731.0685166892104	-3.238
GTCTCA	GTCTCA	1	0.91	0.00010649627263045793	9.703937488158891e-05	0.5979584068379694	1911.6730266609882	-3.281
GTCTCC	GTCTCC	1	1.17	0.00010649627263045793	0.00012476491056204284	0.6901114338561039	2206.286254037964	-3.344
GTCTCG	GTCTCG	1	1.04	0.00010649627263045793	0.00011090214272181581	0.6470296147901506	2068.5536784841115	-3.316
GTCTCT	GTCTCT	3	2.86	0.0003194888178913738	0.0003049808924849936	0.5456074456271914	1744.307003670131	-3.242
GTCTGT	GTCTGT	3	1.04	0.0003194888178913738	0.00011036895934334557	0.08711041011075886	278.49198112409607	-2.445
GTCTTA	GTCTTA	3	0.60	0.0003194888178913738	6.376873206504403e-05	0.022995767126345296	73.51746750292591	-1.866
GTCTTC	GTCTTC	2	1.10	0.00021299254526091586	0.00011690934211924755	0.30015730370781046	959.6028999538701	-2.982
GTCTTT	GTCTTT	1	2.69	0.00010649627263045793	0.0002869592942926983	0.9324270668571297	2980.9693327422438	-3.474
GTGAAA	GTGAAA	5	4.57	0.0005324813631522897	0.0004869612266785187	0.48161225550519154	1539.7143808500973	-3.187
GTGAAC	GTGAAC	3	2.54	0.0003194888178913738	0.00027053401482139927	0.4664856950462293	1491.354767062795	-3.174
GTGAAG	GTGAAG	1	2.79	0.00010649627263045793	0.00029758741630353915	0.9388451336264291	3001.4878922036937	-3.477
GTGAAT	GTGAAT	5	4.06	0.0005324813631522897	0.00043285442371423865	0.38376265117185693	1226.8891957964265	-3.089
GTGACA	GTGACA	2	2.90	0.00021299254526091586	0.00030918173122445637	0.7859221426231422	2512.5930899661857	-3.4
GTGACC	GTGACC	3	1.21	0.0003194888178913738	0.00012882572134352338	0.12261743334013152	392.0079343884005	-2.593
GTGACT	GTGACT	3	3.15	0.0003194888178913738	0.000334946875493161	0.6085317831851864	1945.476110843041	-3.289
GTGAGC	GTGAGC	2	0.95	0.00021299254526091586	0.00010068747168164854	0.24418549119925193	780.6610153640084	-2.892
GTGAGG	GTGAGG	2	1.26	0.00021299254526091586	0.00013424996224219803	0.3591588827680994	1148.2309482096136	-3.06
GTGAGT	GTGAGT	2	2.84	0.00021299254526091586	0.00030206241504494575	0.7750417597231606	2477.8085058349443	-3.394
GTGATA	GTGATA	6	6.14	0.0006389776357827476	0.0006535164385389272	0.5759917471947954	1841.4456157817608	-3.265
GTGATC	GTGATC	3	3.25	0.0003194888178913738	0.0003459792909911969	0.6301763864700727	2014.6739075448224	-3.304
GTGATG	GTGATG	4	2.53	0.0004259850905218317	0.0002690950041042641	0.24816821656365984	793.3937883540206	-2.899
GTGATT	GTGATT	4	5.05	0.0004259850905218317	0.0005381900082085283	0.7424181918266947	2373.5109592699428	-3.375
GTGCAA	GTGCAA	5	3.48	0.0005324813631522897	0.0003706881579390774	0.27092769889873713	866.1558533792626	-2.938
GTGCAC	GTGCAC	4	4.02	0.0004259850905218317	0.00042771710531432045	0.5697007742260257	1821.3333752006042	-3.26
GTGCAT	GTGCAT	2	2.41	0.00021299254526091586	0.0002566302631885921	0.693677496817004	2217.686957323962	-3.346
GTGCCA	GTGCCA	3	2.22	0.0003194888178913738	0.00023618048912979318	0.38203778806604816	1221.374808447156	-3.087
GTGCCG	GTGCCG	1	0.44	0.00010649627263045793	4.7236097825958596e-05	0.3582439029320209	1145.3057576736708	-3.059
GTGCGC	GTGCGC	1	0.42	0.00010649627263045793	4.474998741406609e-05	0.3430861410600157	1096.8463929688703	-3.04
GTGCTC	GTGCTC	1	0.46	0.00010649627263045793	4.858570062098603e-05	0.3663254147755994	1171.1423510375912	-3.069
GTGCTT	GTGCTT	1	0.86	0.00010649627263045793	9.109818866434879e-05	0.5748919859141115	1837.9296789674145	-3.264
GTGGAA	GTGGAA	4	3.22	0.0004259850905218317	0.0003433700957348528	0.40287340292556306	1287.9862691530252	-3.11
GTGGAC	GTGGAC	1	1.61	0.00010649627263045793	0.00017168504786742637	0.8005362172983231	2559.314286702739	-3.408
GTGGAT	GTGGAT	2	1.61	0.00021299254526091586	0.00017168504786742637	0.4789761454281527	1531.2867369338041	-3.185
GTGGCA	GTGGCA	2	2.51	0.00021299254526091586	0.00026782867467318517	0.7157488150573258	2288.2489617382707	-3.36
GTGGCT	GTGGCT	5	2.51	0.0005324813631522897	0.00026782867467318517	0.1108230438448693	354.30127117204717	-2.549
GTGGGC	GTGGGC	1	1.00	0.00010649627263045793	0.00010628122010840678	0.6313769334224543	2018.5120561515862	-3.305
GTGGGG	GTGGGG	2	1.25	0.00021299254526091586	0.00013285152513550856	0.35445999272745277	1133.2085967496664	-3.054
GTGGGT	GTGGGT	1	1.00	0.00010649627263045793	0.00010628122010840678	0.6313769334224543	2018.5120561515862	-3.305
GTGGTA	GTGGTA	3	2.20	0.0003194888178913738	0.00023455165817027723	0.37794046649047924	1208.2756713700621	-3.082
GTGGTG	GTGGTG	2	2.20	0.00021299254526091586	0.00023455165817027723	0.646024305936066	2065.339706077603	-3.315
GTGGTT	GTGGTT	3	3.30	0.0003194888178913738	0.00035182748725541557	0.6413080584368712	2050.2618628226774	-3.312
GTGTAA	GTGTAA	3	1.77	0.0003194888178913738	0.0001884076174649031	0.26113206825375573	834.8392222072571	-2.922
GTGTAC	GTGTAC	1	1.36	0.00010649627263045793	0.00014492893651146387	0.74356568110359	2377.179482488177	-3.376
GTGTAG	GTGTAG	1	1.22	0.00010649627263045793	0.00013043604286031745	0.7061819093591271	2257.663564221129	-3.354
GTGTAT	GTGTAT	1	1.63	0.00010649627263045793	0.00017391472381375657	0.8046689087948761	2572.5265014172187	-3.41
GTGTCA	GTGTCA	2	1.07	0.00021299254526091586	0.00011445669857828433	0.29171484600882913	932.6123626902267	-2.97
GTGTCG	GTGTCG	1	1.54	0.00010649627263045793	0.00016350956939754918	0.7846207511497043	2508.4325414256045	-3.399
GTGTCT	GTGTCT	1	0.61	0.00010649627263045793	6.540382775901962e-05	0.4588950047169219	1467.0873300799994	-3.166
GTGTGA	GTGTGA	1	2.51	0.00010649627263045793	0.00026706563001599676	0.9185483972042986	2936.5992258621427	-3.468
GTGTGC	GTGTGC	1	0.90	0.00010649627263045793	9.538058214857022e-05	0.5916471567295871	1891.49596006449	-3.277
GTGTGG	GTGTGG	2	1.97	0.00021299254526091586	0.00020983728072685468	0.585915345379723	1873.1713591789744	-3.273
GTGTGT	GTGTGT	3	1.61	0.0003194888178913738	0.00017168504786742656	0.21977901595277827	702.6335140010322	-2.847
GTGTTA	GTGTTA	1	1.60	0.00010649627263045793	0.0001704927905905694	0.7982906146047037	2552.1350948912377	-3.407
GTGTTG	GTGTTG	2	1.02	0.00021299254526091586	0.00010849541219399875	0.27114651948281815	866.8554227865696	-2.938
GTGTTT	GTGTTT	4	3.06	0.0004259850905218317	0.00032548623658199607	0.3653829941675426	1168.1294323536338	-3.067
GTTAAA	GTTAAA	4	3.47	0.0004259850905218317	0.0003691873961660448	0.45615830575637506	1458.3381035031312	-3.164
GTTAAC	GTTAAC	1	2.12	0.00010649627263045793	0.00022561451987924955	0.8797906342263084	2812.690657621508	-3.449
GTTAAG	GTTAAG	1	1.93	0.00010649627263045793	0.00020510410898113603	0.8542594923273601	2731.0675969705703	-3.436
GTTAAT	GTTAAT	5	3.47	0.0005324813631522897	0.0003691873961660448	0.2682772067118348	857.6822298577358	-2.933
GTTACA	GTTACA	3	3.79	0.0003194888178913738	0.00040313566248016393	0.7287441479707667	2329.7950410625413	-3.367
GTTACC	GTTACC	1	1.55	0.00010649627263045793	0.00016491913465097616	0.7874526887820101	2517.4862460360864	-3.401
GTTACG	GTTACG	3	1.38	0.0003194888178913738	0.00014659478635642334	0.16085816021772123	514.2635382160548	-2.711
GTTACT	GTTACT	3	3.27	0.0003194888178913738	0.0003481626175965052	0.63436005856337	2028.0491072270938	-3.307
GTTAGA	GTTAGA	2	2.43	0.00021299254526091586	0.0002592224880692851	0.6989095388794608	2234.4137957976363	-3.349
GTTAGG	GTTAGG	1	1.22	0.00010649627263045793	0.00012961124403464255	0.7038974942759267	2250.3602892001377	-3.352
GTTAGT	GTTAGT	7	5.11	0.0007454739084132055	0.0005443672249454986	0.25431153748495194	813.0339853393914	-2.91
GTTATA	GTTATA	1	2.83	0.00010649627263045793	0.0003016088678752089	0.9411113713744573	3008.73305428414	-3.478
GTTATC	GTTATC	2	2.02	0.00021299254526091586	0.00021543490562514914	0.6001660563752429	1918.7308822316515	-3.283
GTTATG	GTTATG	1	0.94	0.00010649627263045793	0.00010053628929173625	0.6109454665802135	1953.1926566569427	-3.291
GTTATT	GTTATT	6	4.18	0.0006389776357827476	0.0004452321382919747	0.24371580225185274	779.1594197991732	-2.892
GTTCAA	GTTCAA	2	3.08	0.00021299254526091586	0.00032836138152895865	0.8129547312598652	2599.0162758377887	-3.415
GTTCAC	GTTCAC	2	1.74	0.00021299254526091586	0.00018559556347288967	0.5199111397763636	1662.1559138650346	-3.221
GTTCAG	GTTCAG	1	1.21	0.00010649627263045793	0.00012848923625046198	0.7007613694429633	2240.3340981091537	-3.35
GTTCAT	GTTCAT	4	2.95	0.0004259850905218317	0.00031408479972335157	0.34140103408101496	1091.4591059570048	-3.038
GTTCCA	GTTCCA	1	0.97	0.00010649627263045793	0.00010362418960569677	0.6220642760937526	1988.739490671727	-3.299
GTTCCG	GTTCCG	1	0.45	0.00010649627263045793	4.782654904878313e-05	0.3617921695124387	1156.6495659312666	-3.063
GTTCCT	GTTCCT	1	1.05	0.00010649627263045793	0.00011159528111382729	0.6493194870940351	2075.87440023963	-3.317
GTTCGA	GTTCGA	2	0.96	0.00021299254526091586	0.00010202997130407062	0.24881739887629745	795.469224207523	-2.901
GTTCGT	GTTCGT	2	1.60	0.00021299254526091586	0.0001700499521734511	0.4740247135937256	1515.4570093591408	-3.181
GTTCTA	GTTCTA	2	4.67	0.00021299254526091586	0.0004968992108964478	0.9466787709998777	3026.532030886609	-3.481
GTTCTC	GTTCTC	4	3.89	0.0004259850905218317	0.00041408267574704	0.5443958862082497	1740.4336482077745	-3.241
GTTCTG	GTTCTG	4	1.75	0.0004259850905218317	0.00018633720408616793	0.10076477378354191	322.1449817859835	-2.508
GTTCTT	GTTCTT	5	4.67	0.0005324813631522897	0.0004968992108964478	0.4990663972047423	1595.515271863561	-3.203
GTTGAA	GTTGAA	1	2.04	0.00010649627263045793	0.00021739340476719586	0.8701433424056267	2781.848265670789	-3.444
GTTGAC	GTTGAC	1	1.36	0.00010649627263045793	0.00014492893651146387	0.74356568110359	2377.179482488177	-3.376
GTTGAT	GTTGAT	4	2.04	0.0004259850905218317	0.00021739340476719586	0.15040931587505563	480.85858285255284	-2.682
GTTGCG	GTTGCG	2	0.45	0.00021299254526091586	4.8309645503821274e-05	0.07648234845270226	244.5140680032891	-2.388
GTTGCT	GTTGCT	1	1.45	0.00010649627263045793	0.00015459086561222816	0.7658066512511977	2448.283864050079	-3.389
GTTGGA	GTTGGA	2	2.16	0.00021299254526091586	0.00022979723266682557	0.6350232748601713	2030.1694097279676	-3.308
GTTGGC	GTTGGC	4	2.16	0.0004259850905218317	0.00022979723266682557	0.17241352361777545	551.2060350060282	-2.741
GTTGGG	GTTGGG	1	1.08	0.00010649627263045793	0.00011489861633341277	0.6600300363127838	2110.1160260919696	-3.324
GTTGGT	GTTGGT	1	2.59	0.00010649627263045793	0.0002757566792001906	0.9249315727219882	2957.0062379921965	-3.471
GTTGTA	GTTGTA	4	1.79	0.0004259850905218317	0.00019057322226335023	0.10702449092124457	342.15729747521885	-2.534
GTTGTG	GTTGTG	3	1.51	0.0003194888178913738	0.00016125426499206545	0.1947203546569407	622.5209738382395	-2.794
GTTGTT	GTTGTT	1	3.03	0.00010649627263045793	0.00032250852998413096	0.9516048219142949	3042.2806156600004	-3.483
GTTTAA	GTTTAA	7	6.03	0.0007454739084132055	0.0006418552116350837	0.39803723727052837	1272.5250475538792	-3.105
GTTTAC	GTTTAC	3	4.74	0.0003194888178913738	0.0005043148091418517	0.8512312159987547	2721.386197548019	-3.435
GTTTAG	GTTTAG	7	4.31	0.0007454739084132055	0.0004584680083107744	0.14480798353484522	462.95112336090017	-2.666
GTTTAT	GTTTAT	5	6.89	0.0005324813631522897	0.0007335488132972387	0.8165459281277053	2610.497332224274	-3.417
GTTTCA	GTTTCA	4	5.50	0.0004259850905218317	0.0005855307959676115	0.7980892710742064	2551.4913996242376	-3.407
GTTTCC	GTTTCC	2	3.46	0.00021299254526091586	0.0003680479288939275	0.8593843884364596	2747.4518898313613	-3.439
GTTTCG	GTTTCG	5	2.04	0.0005324813631522897	0.00021748286707368435	0.05653740137547394	180.75007219739018	-2.257
GTTTCT	GTTTCT	6	5.97	0.0006389776357827476	0.0006357191499076924	0.5493932978369042	1756.4103731845826	-3.245
GTTTGA	GTTTGA	1	1.77	0.00010649627263045793	0.00018856345503104422	0.8297710260728464	2652.77797035489	-3.424
GTTTGC	GTTTGC	4	2.48	0.0004259850905218317	0.000263988837043462	0.23791359210872626	760.6097539715978	-2.881
GTTTGG	GTTTGG	3	2.83	0.0003194888178913738	0.00030170152804967064	0.5383700303788305	1721.168987121121	-3.236
GTTTGT	GTTTGT	3	3.90	0.0003194888178913738	0.00041483960106829726	0.7461573182645027	2385.464946491615	-3.378
GTTTTA	GTTTTA	7	3.87	0.0007454739084132055	0.0004119085629071932	0.09736132737831668	311.26416362847846	-2.493
GTTTTC	GTTTTC	5	5.57	0.0005324813631522897	0.0005936329288956607	0.6539281968728132	2090.608445402384	-3.32
GTTTTG	GTTTTG	3	2.62	0.0003194888178913738	0.0002786440278489836	0.48569658278374167	1552.7719751596221	-3.191
GTTTTT	GTTTTT	7	9.90	0.0007454739084132055	0.0010540013227331117	0.8632336906664494	2759.7581090606386	-3.441
TAAAAA	TAAAAA	7	13.05	0.0007454739084132055	0.0013902566537880043	0.9749270571976273	3116.8418018608145	-3.494
TAAAAC	TAAAAC	2	2.32	0.00021299254526091586	0.0002475799520444392	0.6748190627483447	2157.396543606458	-3.334
TAAAAG	TAAAAG	14	8.94	0.001490947816826411	0.0009522305847863041	0.07093934183899904	226.79307585927992	-2.356
TAAAAT	TAAAAT	8	6.62	0.0008519701810436634	0.0007046506327418651	0.34437366822788856	1100.9626173245597	-3.042
TAAACA	TAAACA	1	3.89	0.00010649627263045793	0.00041449675842278636	0.9795980452488959	3131.77495066072	-3.496
TAAACC	TAAACC	1	1.62	0.00010649627263045793	0.00017270698267616118	0.8024411110781564	2565.404232116866	-3.409
TAAACT	TAAACT	10	5.84	0.0010649627263045794	0.0006217451376341797	0.07323532428659205	234.13333174423477	-2.369
TAAAGA	TAAAGA	8	6.22	0.0008519701810436634	0.0006628291146545805	0.28738730713117583	918.7772208983691	-2.963
TAAAGC	TAAAGC	3	3.86	0.0003194888178913738	0.0004114111746131878	0.7411513100228659	2369.4607381431024	-3.375
TAAAGG	TAAAGG	6	4.72	0.0006389776357827476	0.0005028358800827852	0.3353237925366112	1072.030164739546	-3.03
TAAAGT	TAAAGT	3	5.15	0.0003194888178913738	0.0005485482328175837	0.8874930356494708	2837.315234971358	-3.453
TAAATA	TAAATA	9	8.22	0.0009584664536741214	0.0008750487122258832	0.43767291843416506	1399.2403202340256	-3.146
TAAATC	TAAATC	5	2.32	0.0005324813631522897	0.0002468086111406337	0.08581360787493113	274.3461043761548	-2.438
TAAATG	TAAATG	2	4.00	0.00021299254526091586	0.0004263057828792764	0.9086421722195637	2904.929024585945	-3.463
TAAATT	TAAATT	3	4.42	0.0003194888178913738	0.000471180075813937	0.8177360443192581	2614.302133688668	-3.417
TAACAA	TAACAA	6	5.24	0.0006389776357827476	0.0005579764055691357	0.4259677107473722	1361.818771259349	-3.134
TAACAC	TAACAC	3	4.87	0.0003194888178913738	0.0005181209480284833	0.8635216943819762	2760.678856939178	-3.441
TAACAG	TAACAG	5	5.61	0.0005324813631522897	0.0005978318631097882	0.6599129692127321	2109.7417625731046	-3.324
TAACAT	TAACAT	7	5.24	0.0007454739084132055	0.0005579764055691357	0.2735925306901677	874.6753206164661	-2.942
TAACCA	TAACCA	2	2.53	0.00021299254526091586	0.0002697907895059559	0.7194752111125873	2300.1622499269415	-3.362
TAACCG	TAACCG	1	0.46	0.00010649627263045793	4.9052870819264724e-05	0.3690990848079242	1180.0097741309337	-3.072
TAACCT	TAACCT	3	2.30	0.0003194888178913738	0.0002452643540963236	0.40476513000510367	1294.0341206263165	-3.112
TAACGA	TAACGA	1	0.84	0.00010649627263045793	8.9499974828132e-05	0.5684641819325779	1817.3799896384514	-3.259
TAACGC	TAACGC	1	1.05	0.00010649627263045793	0.00011187496853516507	0.650239258700815	2078.8149100665055	-3.318
TAACGT	TAACGT	2	1.47	0.00021299254526091586	0.000156624955949231	0.4323234354068381	1382.1380229956615	-3.141
TAACTA	TAACTA	2	2.25	0.00021299254526091586	0.00023913274524391514	0.6563736715237993	2098.4266278615864	-3.322
TAACTC	TAACTC	3	2.07	0.0003194888178913738	0.00022073791868669094	0.34300067916790783	1096.5731712998013	-3.04
TAACTG	TAACTG	1	2.07	0.00010649627263045793	0.00022073791868669094	0.8741581169458386	2794.683499875846	-3.446
TAACTT	TAACTT	3	2.59	0.0003194888178913738	0.00027592239835836355	0.47928637420122183	1532.278538321306	-3.185
TAAGAA	TAAGAA	10	9.69	0.0010649627263045794	0.0010324461381959532	0.503336618356028	1609.1671688842216	-3.207
TAAGAG	TAAGAG	4	3.71	0.0004259850905218317	0.0003947588175455114	0.5072620728794841	1621.7168469957107	-3.21
TAAGAT	TAAGAT	6	3.99	0.0006389776357827476	0.0004251248804336277	0.2136084505844884	682.9062165186094	-2.834
TAAGCA	TAAGCA	3	2.33	0.0003194888178913738	0.0002479895135862827	0.41153662663831286	1315.6825953626862	-3.119
TAAGCC	TAAGCC	1	1.25	0.00010649627263045793	0.00013353281500799835	0.7146027281214807	2284.584921804374	-3.359
TAAGCG	TAAGCG	1	1.61	0.00010649627263045793	0.00017168504786742656	0.8005362172983236	2559.3142867027404	-3.408
TAAGCT	TAAGCT	2	1.79	0.00021299254526091586	0.00019076116429714066	0.5345538002599929	1708.9684994311972	-3.233
TAAGGC	TAAGGC	2	1.31	0.00021299254526091586	0.000139980143557414	0.37827488396148473	1209.3448040248668	-3.083
TAAGGG	TAAGGG	1	1.46	0.00010649627263045793	0.00015553349284157115	0.7678704128102403	2454.8817097543383	-3.39
TAAGGT	TAAGGT	3	1.61	0.0003194888178913738	0.0001710868421257282	0.2183240556040101	697.9820057660203	-2.844
TAAGTA	TAAGTA	3	3.47	0.0003194888178913738	0.0003691873961660448	0.6729440027085903	2151.4019766593633	-3.333
TAAGTC	TAAGTC	3	1.73	0.0003194888178913738	0.00018459369808302236	0.25160125457930266	804.3692108900306	-2.905
TAAGTG	TAAGTG	3	1.54	0.0003194888178913738	0.00016408328718490886	0.20144755627239144	644.0278374028354	-2.809
TAAGTT	TAAGTT	2	4.24	0.00021299254526091586	0.00045122903975849916	0.9243232349015462	2955.0613819802434	-3.471
TAATAA	TAATAA	10	8.69	0.0010649627263045794	0.0009249969925918483	0.371260785122351	1186.920730036156	-3.074
TAATAC	TAATAC	2	2.90	0.00021299254526091586	0.0003083323308639496	0.7846488099293604	2508.522245344165	-3.399
TAATAG	TAATAG	5	3.95	0.0005324813631522897	0.0004204531784508402	0.3610159514414094	1154.1679967581858	-3.062
TAATAT	TAATAT	7	8.42	0.0007454739084132055	0.0008969667806951261	0.7354699586888274	2351.2974579281813	-3.371
TAATCA	TAATCA	6	4.66	0.0006389776357827476	0.0004959790271725654	0.3241397363640918	1036.2747371560015	-3.015
TAATCC	TAATCC	2	3.33	0.00021299254526091586	0.0003542707336946895	0.84461038474676	2700.2194000353916	-3.431
TAATCG	TAATCG	1	1.33	0.00010649627263045793	0.00014170829347787584	0.7356921814636088	2352.0079041391573	-3.371
TAATCT	TAATCT	3	2.66	0.0003194888178913738	0.00028341658695575173	0.49684382491294304	1588.409708246679	-3.201
TAATGA	TAATGA	2	2.68	0.00021299254526091586	0.00028492412199275036	0.7468480381426285	2387.6731779419833	-3.378
TAATGC	TAATGC	5	2.29	0.0005324813631522897	0.0002442206759937861	0.08296152236624457	265.2279870048839	-2.424
TAATGT	TAATGT	2	2.68	0.00021299254526091586	0.00028492412199275036	0.7468480381426285	2387.6731779419833	-3.378
TAATTA	TAATTA	5	2.48	0.0005324813631522897	0.0002642668175668495	0.10635953416406682	340.03143072252163	-2.532
TAATTC	TAATTC	1	2.48	0.00010649627263045793	0.0002642668175668495	0.9163794032771051	2929.664952276905	-3.467
TAATTG	TAATTG	3	5.27	0.0003194888178913738	0.0005615669873295551	0.8965452787729622	2866.25525623716	-3.457
TAATTT	TAATTT	14	12.72	0.001490947816826411	0.0013543674400301028	0.3959306628960477	1265.7903292786646	-3.102
TACAAA	TACAAA	6	6.65	0.0006389776357827476	0.0007085414673893783	0.6528314454159085	2087.1021309946595	-3.32
TACAAC	TACAAC	7	5.54	0.0007454739084132055	0.0005904512228244821	0.32094373198163645	1026.0571111452916	-3.011
TACAAG	TACAAG	1	2.96	0.00010649627263045793	0.0003149073188397239	0.948024338804509	3030.833811158015	-3.482
TACAAT	TACAAT	6	4.81	0.0006389776357827476	0.0005117243931145513	0.34988348047710827	1118.5774870853152	-3.049
TACACA	TACACA	6	5.22	0.0006389776357827476	0.0005555609232939447	0.42200792429896944	1349.1593339838053	-3.13
TACACC	TACACC	2	1.59	0.00021299254526091586	0.00016908375926337447	0.4710854555977616	1506.0602015460438	-3.178
TACACT	TACACT	2	2.72	0.00021299254526091586	0.00028985787302292747	0.7552620651605328	2414.5728223182236	-3.383
TACAGA	TACAGA	2	2.45	0.00021299254526091586	0.0002608720857206347	0.7022001983448816	2244.9340341085863	-3.351
TACAGC	TACAGC	2	1.63	0.00021299254526091586	0.0001739147238137564	0.4856816621983865	1552.7242740482416	-3.191
TACAGG	TACAGG	2	1.84	0.00021299254526091586	0.000195654064290476	0.548137320427635	1752.395013407149	-3.244
TACAGT	TACAGT	3	3.06	0.0003194888178913738	0.0003260901071507935	0.5905529835805343	1887.9978885069681	-3.276
TACATA	TACATA	8	6.05	0.0008519701810436634	0.0006438485508016526	0.26234092887307314	838.7039496072148	-2.924
TACATG	TACATG	3	3.18	0.0003194888178913738	0.00033886765831665934	0.6163200787053352	1970.3752916209567	-3.295
TACATT	TACATT	11	8.91	0.0011714589989350373	0.0009488294432866456	0.28333675579890427	905.8276082890969	-2.957
TACCAA	TACCAA	6	2.82	0.0006389776357827476	0.0003006240225923507	0.06712187973402234	214.5886495096694	-2.332
TACCAC	TACCAC	4	3.76	0.0004259850905218317	0.00040083203012313424	0.5190837425397307	1659.510724899519	-3.22
TACCAT	TACCAT	1	2.20	0.00010649627263045793	0.00023381868423849513	0.8887034974695068	2841.1850814100135	-3.453
TACCCC	TACCCC	2	0.75	0.00021299254526091586	7.971091508130517e-05	0.17282211650567977	552.5123064686583	-2.742
TACCCG	TACCCG	1	0.50	0.00010649627263045793	5.314061005420344e-05	0.39285663424727624	1255.962659688542	-3.099
TACCCT	TACCCT	1	0.75	0.00010649627263045793	7.971091508130517e-05	0.5269175026108222	1684.5552558467984	-3.226
TACCGC	TACCGC	1	0.44	0.00010649627263045793	4.7236097825958596e-05	0.3582439029320209	1145.3057576736708	-3.059
TACCGG	TACCGG	1	0.67	0.00010649627263045793	7.08541467389379e-05	0.4858912386115257	1553.3942898410478	-3.191
TACCTA	TACCTA	1	1.55	0.00010649627263045793	0.0001653263423908551	0.7882638500298657	2520.0795285454806	-3.401
TACCTG	TACCTG	2	0.89	0.00021299254526091586	9.44721956519172e-05	0.22279869423965948	712.2874254841913	-2.853
TACCTT	TACCTT	3	2.22	0.0003194888178913738	0.00023618048912979294	0.3820377880660477	1221.3748084471545	-3.087
TACGAA	TACGAA	3	1.50	0.0003194888178913738	0.00015942183016261037	0.19039320659690695	608.6870814903115	-2.784
TACGAC	TACGAC	2	1.50	0.00021299254526091586	0.00015942183016261037	0.4411602915188068	1410.3894519856253	-3.149
TACGAG	TACGAG	1	2.99	0.00010649627263045793	0.0003188436603252208	0.9499104046675217	3036.863563722067	-3.482
TACGAT	TACGAT	2	2.00	0.00021299254526091586	0.0002125624402168138	0.5928998930396212	1895.500958047669	-3.278
TACGCC	TACGCC	1	0.94	0.00010649627263045793	9.963864385163143e-05	0.6076523091134807	1942.6644322357977	-3.288
TACGCG	TACGCG	1	0.75	0.00010649627263045793	7.971091508130517e-05	0.5269175026108222	1684.5552558467984	-3.226
TACGCT	TACGCT	1	0.75	0.00010649627263045793	7.971091508130517e-05	0.5269175026108222	1684.5552558467984	-3.226
TACGGA	TACGGA	2	2.49	0.00021299254526091586	0.00026570305027101717	0.7116649487892026	2275.1928412790808	-3.357
TACGGC	TACGGC	1	0.36	0.00010649627263045793	3.79575786101453e-05	0.29982268099257137	958.5331111332507	-2.982
TACGGG	TACGGG	1	1.07	0.00010649627263045793	0.00011387273583043594	0.6567392750252408	2099.5954622556947	-3.322
TACGGT	TACGGT	1	1.07	0.00010649627263045793	0.00011387273583043594	0.6567392750252408	2099.5954622556947	-3.322
TACGTA	TACGTA	5	3.33	0.0005324813631522897	0.00035427073369468986	0.24227142620481185	774.5417495767834	-2.889
TACGTC	TACGTC	3	1.66	0.0003194888178913738	0.0001771353668473449	0.2331219167178631	745.2907677470083	-2.872
TACGTG	TACGTG	1	6.32	0.00010649627263045793	0.0006731143940199106	0.9982010356843101	3191.248711082739	-3.504
TACGTT	TACGTT	4	1.66	0.0004259850905218317	0.0001771353668473449	0.08777732291969381	280.6241013742611	-2.448
TACTAA	TACTAA	1	5.32	0.00010649627263045793	0.0005668331739115029	0.9951197728010015	3181.397913644802	-3.503
TACTAC	TACTAC	4	2.99	0.0004259850905218317	0.00031884366032522047	0.35141086209747013	1123.460526125612	-3.051
TACTAG	TACTAG	6	2.33	0.0006389776357827476	0.0002479895135862827	0.03154076362536392	100.83582131028845	-2.004
TACTAT	TACTAT	3	3.33	0.0003194888178913738	0.0003542707336946895	0.6458880101623308	2064.9039684889713	-3.315
TACTCA	TACTCA	3	3.87	0.0003194888178913738	0.0004122423082992751	0.742372060883087	2373.3634786432294	-3.375
TACTCC	TACTCC	1	1.21	0.00010649627263045793	0.00012882572134352338	0.701705350247172	2243.352004740209	-3.351
TACTCG	TACTCG	1	0.97	0.00010649627263045793	0.00010306057707481875	0.6200588165866203	1982.3280366274253	-3.297
TACTCT	TACTCT	3	1.94	0.0003194888178913738	0.00020612115414963753	0.3058654359597123	977.8517987632001	-2.99
TACTGA	TACTGA	2	1.14	0.00021299254526091586	0.00012146425155246492	0.31578756591049945	1009.5728482158668	-3.004
TACTGC	TACTGC	1	1.82	0.00010649627263045793	0.00019434280248394398	0.8387628337021622	2681.5247793458125	-3.428
TACTGT	TACTGT	5	4.11	0.0005324813631522897	0.0004372713055888737	0.3918580043150611	1252.7700397952503	-3.098
TACTTA	TACTTA	4	2.63	0.0004259850905218317	0.00028058242108619405	0.2715608303111113	868.1799745046228	-2.939
TACTTC	TACTTC	4	3.11	0.0004259850905218317	0.0003315974067382292	0.3782236414457298	1209.1809817019982	-3.082
TACTTG	TACTTG	1	2.40	0.00010649627263045793	0.00025507492826017645	0.9088413219707105	2905.5657063403614	-3.463
TACTTT	TACTTT	3	3.83	0.0003194888178913738	0.00040811988521628214	0.7362718563869066	2353.8611248689404	-3.372
TAGAAA	TAGAAA	7	7.22	0.0007454739084132055	0.0007687189618799838	0.5822797146200342	1861.5482476402494	-3.27
TAGAAC	TAGAAC	2	2.19	0.00021299254526091586	0.00023294513996363142	0.6423367892968064	2053.55071538189	-3.313
TAGAAG	TAGAAG	3	3.50	0.0003194888178913738	0.0003727122239418101	0.6791098483481809	2171.114185169134	-3.337
TAGAAT	TAGAAT	4	3.06	0.0004259850905218317	0.0003261231959490838	0.36672222334324706	1172.4109480283607	-3.069
TAGACA	TAGACA	2	2.14	0.00021299254526091586	0.0002277454716608719	0.6301935240628759	2014.7286964290142	-3.304
TAGACC	TAGACC	1	1.19	0.00010649627263045793	0.00012652526203381774	0.6951916957108213	2222.527851187496	-3.347
TAGACG	TAGACG	1	0.48	0.00010649627263045793	5.061010481352706e-05	0.37825726690960376	1209.2884823100032	-3.083
TAGACT	TAGACT	1	1.19	0.00010649627263045793	0.00012652526203381774	0.6951916957108213	2222.527851187496	-3.347
TAGAGA	TAGAGA	2	2.40	0.00021299254526091586	0.00025507492826017624	0.6905022882723292	2207.5358156066363	-3.344
TAGAGC	TAGAGC	2	1.33	0.00021299254526091586	0.00014170829347787584	0.3839933943368561	1227.626881694929	-3.089
TAGAGG	TAGAGG	1	2.13	0.00010649627263045793	0.00022673326956460123	0.8810468310082724	2816.706718733447	-3.45
TAGAGT	TAGAGT	3	2.13	0.0003194888178913738	0.00022673326956460123	0.35820007431619677	1145.165637588881	-3.059
TAGATA	TAGATA	4	6.65	0.0004259850905218317	0.0007085414673893791	0.8982670853909799	2871.759871994963	-3.458
TAGATC	TAGATC	1	1.00	0.00010649627263045793	0.00010628122010840689	0.6313769334224546	2018.5120561515873	-3.305
TAGATG	TAGATG	6	3.66	0.0006389776357827476	0.00038969780706415833	0.16413360803583565	524.7351448905666	-2.72
TAGATT	TAGATT	2	1.66	0.00021299254526091586	0.00017713536684734471	0.49527155564060527	1583.383163383015	-3.2
TAGCAA	TAGCAA	4	3.96	0.0004259850905218317	0.00042199896219514434	0.5591833532511638	1787.7091803439705	-3.252
TAGCAC	TAGCAC	1	2.11	0.00010649627263045793	0.00022506611317074367	0.8791700148295089	2810.7065374099398	-3.449
TAGCAG	TAGCAG	1	0.53	0.00010649627263045793	5.62665282926859e-05	0.41041872690873965	1312.1086699272407	-3.118
TAGCAT	TAGCAT	3	2.38	0.0003194888178913738	0.0002531993773170867	0.4244129210464418	1356.8481085854744	-3.133
TAGCCA	TAGCCA	3	3.33	0.0003194888178913738	0.0003542707336946895	0.6458880101623308	2064.9039684889713	-3.315
TAGCCC	TAGCCC	1	0.55	0.00010649627263045793	5.904512228244822e-05	0.4256025485979936	1360.6513478677857	-3.134
TAGCCG	TAGCCG	1	1.11	0.00010649627263045793	0.00011809024456489645	0.6700675678228796	2142.206014329746	-3.331
TAGCGA	TAGCGA	1	1.75	0.00010649627263045793	0.00018599213518971186	0.8256108790682373	2639.4779803811543	-3.422
TAGCGC	TAGCGC	3	1.75	0.0003194888178913738	0.00018599213518971186	0.2550902161254635	815.5234209531069	-2.911
TAGCGG	TAGCGG	2	2.10	0.00021299254526091586	0.00022319056222765414	0.6192933494462074	1979.880838179525	-3.297
TAGCGT	TAGCGT	1	1.40	0.00010649627263045793	0.00014879370815176955	0.7527049002232941	2406.3975660138713	-3.381
TAGCTA	TAGCTA	2	1.74	0.00021299254526091586	0.00018513502857593427	0.5185907633501073	1657.9346704302932	-3.22
TAGCTC	TAGCTC	2	2.32	0.00021299254526091586	0.0002468467047679123	0.6732504654438205	2152.3817380238943	-3.333
TAGCTG	TAGCTG	2	1.74	0.00021299254526091586	0.00018513502857593427	0.5185907633501073	1657.9346704302932	-3.22
TAGCTT	TAGCTT	3	3.19	0.0003194888178913738	0.00033941421905587957	0.617397387813589	1973.819448840044	-3.295
TAGGAA	TAGGAA	1	1.25	0.00010649627263045793	0.00013285152513550856	0.7127711002564304	2278.729207519808	-3.358
TAGGAC	TAGGAC	1	0.37	0.00010649627263045793	3.9855457540652586e-05	0.31219007175733654	998.0716594082049	-2.999
TAGGAT	TAGGAT	1	0.50	0.00010649627263045793	5.314061005420344e-05	0.39285663424727624	1255.962659688542	-3.099
TAGGCC	TAGGCC	1	0.62	0.00010649627263045793	6.642576256775426e-05	0.4640625971780196	1483.6081231781288	-3.171
TAGGCT	TAGGCT	1	0.87	0.00010649627263045793	9.299606759485601e-05	0.5824007651686098	1861.9352462440456	-3.27
TAGGGT	TAGGGT	1	0.35	0.00010649627263045793	3.751101886179067e-05	0.2968805360489684	949.127073748552	-2.977
TAGGTA	TAGGTA	3	2.11	0.0003194888178913738	0.0002250661131707439	0.35397778672193764	1131.6669841500345	-3.054
TAGGTC	TAGGTC	1	1.17	0.00010649627263045793	0.00012503672953930218	0.6909013787467422	2208.8117078533346	-3.344
TAGGTG	TAGGTG	3	2.35	0.0003194888178913738	0.0002500734590786044	0.41669844354109914	1332.184924000894	-3.125
TAGGTT	TAGGTT	1	2.35	0.00010649627263045793	0.0002500734590786044	0.9044580423393351	2891.5523613588543	-3.461
TAGTAA	TAGTAA	5	4.68	0.0005324813631522897	0.0004981932192581571	0.5013226153076319	1602.728401138499	-3.205
TAGTAC	TAGTAC	4	3.74	0.0004259850905218317	0.0003985545754065254	0.5146662004222565	1645.3878427499542	-3.216
TAGTAG	TAGTAG	3	2.18	0.0003194888178913738	0.00023249016898713997	0.3727465798258652	1191.670815703291	-3.076
TAGTAT	TAGTAT	3	4.37	0.0003194888178913738	0.00046498033797428	0.8107993963968774	2592.125670280817	-3.414
TAGTCA	TAGTCA	9	8.31	0.0009584664536741214	0.0008847193457672783	0.45029472861201136	1439.5922473726002	-3.158
TAGTCG	TAGTCG	1	1.89	0.00010649627263045793	0.00020107257858347234	0.8486365700255122	2713.0911143715625	-3.433
TAGTCT	TAGTCT	4	2.64	0.0004259850905218317	0.0002815016100168614	0.2734493985677559	874.2177272211156	-2.942
TAGTGA	TAGTGA	1	1.81	0.00010649627263045793	0.00019323858201528512	0.8370823279344756	2676.1522024065184	-3.428
TAGTGC	TAGTGC	1	0.45	0.00010649627263045793	4.830964550382137e-05	0.3646806996557392	1165.884196799398	-3.067
TAGTGG	TAGTGG	3	1.36	0.0003194888178913738	0.00014492893651146387	0.15713024421402247	502.34539075222983	-2.701
TAGTTA	TAGTTA	7	4.74	0.0007454739084132055	0.000504835795514932	0.20092760817828262	642.3655633459696	-2.808
TAGTTC	TAGTTC	2	3.56	0.00021299254526091586	0.000378626846636199	0.8698429346485769	2780.8878620715004	-3.444
TAGTTG	TAGTTG	2	3.26	0.00021299254526091586	0.0003470746094165158	0.8363440647672463	2673.7919750608867	-3.427
TAGTTT	TAGTTT	8	7.41	0.0008519701810436634	0.0007888059304920813	0.461682083152444	1475.9976198383636	-3.169
TATAAA	TATAAA	14	13.70	0.001490947816826411	0.0014594493317979175	0.5039015589300256	1610.973283899292	-3.207
TATAAC	TATAAC	5	5.33	0.0005324813631522897	0.0005675636290325231	0.6152927838981299	1967.0910301223214	-3.294
TATAAG	TATAAG	8	7.23	0.0008519701810436634	0.0007702649251155674	0.43592819732676	1393.6624468536518	-3.144
TATAAT	TATAAT	10	10.66	0.0010649627263045794	0.0011351272580650464	0.6213497293564496	1986.4550847525693	-3.298
TATACA	TATACA	8	10.75	0.0008519701810436634	0.0011452343717803836	0.8401827273345409	2686.064179288527	-3.429
TATACC	TATACC	3	3.42	0.0003194888178913738	0.0003643927546573949	0.6644173382431486	2124.1422303633462	-3.327
TATACG	TATACG	6	3.91	0.0006389776357827476	0.00041644886246559426	0.2010355871928264	642.710772255466	-2.808
TATACT	TATACT	7	5.87	0.0007454739084132055	0.0006246732936983915	0.37213360479484436	1189.7111345291175	-3.075
TATAGA	TATAGA	3	2.89	0.0003194888178913738	0.0003075371475477308	0.5512026401829181	1762.1948406647891	-3.246
TATAGC	TATAGC	2	1.87	0.00021299254526091586	0.00019899462488382567	0.5572497911568693	1781.5275823285112	-3.251
TATAGT	TATAGT	3	2.38	0.0003194888178913738	0.0002532658862157783	0.4245766768959283	1357.3716360362828	-3.133
TATATA	TATATA	64	49.98	0.006815761448349307	0.005322236483890222	0.031589000491064015	100.99003456993165	-2.004
TATATC	TATATC	3	6.99	0.0003194888178913738	0.0007439685407588484	0.970046436347948	3101.2384570043896	-3.492
TATATG	TATATG	8	10.21	0.0008519701810436634	0.0010873386364937008	0.7981125237037482	2551.565738280883	-3.407
TATATT	TATATT	9	16.66	0.0009584664536741214	0.0017740788279634067	0.9847258073206926	3148.1684060042544	-3.498
TATCAA	TATCAA	5	3.68	0.0005324813631522897	0.0003924229665541175	0.3098578306623905	990.6154846276623	-2.996
TATCAC	TATCAC	1	3.99	0.00010649627263045793	0.00042512488043362724	0.9815358197649134	3137.970015788428	-3.497
TATCAG	TATCAG	1	1.54	0.00010649627263045793	0.00016350956939754902	0.784620751149704	2508.4325414256036	-3.399
TATCAT	TATCAT	9	6.76	0.0009584664536741214	0.0007194421053492156	0.2396407638261565	766.1315219522223	-2.884
TATCCA	TATCCA	3	2.73	0.0003194888178913738	0.0002911181246447669	0.5145699406120302	1645.0801001366606	-3.216
TATCCC	TATCCC	2	1.21	0.00021299254526091586	0.00012938583317545187	0.3427631549696774	1095.8138064380587	-3.04
TATCCG	TATCCG	1	0.30	0.00010649627263045793	3.234645829386296e-05	0.26194227802309156	837.4294628398237	-2.923
TATCCT	TATCCT	1	2.73	0.00010649627263045793	0.0002911181246447669	0.9350150250494886	2989.243035083215	-3.476
TATCGA	TATCGA	3	1.27	0.0003194888178913738	0.00013526700741069964	0.13607116082576362	435.0195011599663	-2.639
TATCGG	TATCGG	2	1.59	0.00021299254526091586	0.00016908375926337463	0.47108545559776194	1506.060201546045	-3.178
TATCGT	TATCGT	2	2.22	0.00021299254526091586	0.00023671726296872457	0.6509472698057085	2081.07842156885	-3.318
TATCTA	TATCTA	8	5.57	0.0008519701810436634	0.0005931975075818056	0.19925320598322532	637.0124995283713	-2.804
TATCTC	TATCTC	1	2.09	0.00010649627263045793	0.0002224490653431771	0.8761639447899935	2801.0961314936094	-3.447
TATCTG	TATCTG	2	2.09	0.00021299254526091586	0.0002224490653431771	0.617495598407197	1974.1334281078089	-3.295
TATCTT	TATCTT	4	5.22	0.0004259850905218317	0.0005561226633579426	0.7647643664271558	2444.9516794676174	-3.388
TATGAA	TATGAA	4	4.21	0.0004259850905218317	0.0004487429293466065	0.6071277062614844	1940.9872769179656	-3.288
TATGAC	TATGAC	3	2.44	0.0003194888178913738	0.00025979853804277217	0.44057865878654917	1408.5299721405977	-3.149
TATGAT	TATGAT	3	2.44	0.0003194888178913738	0.00025979853804277217	0.44057865878654917	1408.5299721405977	-3.149
TATGCA	TATGCA	4	4.02	0.0004259850905218317	0.00042771710531432	0.5697007742260249	1821.3333752006017	-3.26
TATGCC	TATGCC	1	1.61	0.00010649627263045793	0.00017108684212572786	0.7994126462490804	2555.72223005831	-3.408
TATGCG	TATGCG	2	2.14	0.00021299254526091586	0.0002281157895009707	0.6310689142493179	2017.5273188550693	-3.305
TATGCT	TATGCT	4	3.21	0.0004259850905218317	0.00034217368425145577	0.40037550758479856	1280.000497748601	-3.107
TATGGA	TATGGA	2	1.00	0.00021299254526091586	0.00010628122010840689	0.26349824332115196	842.4038838977228	-2.926
TATGGC	TATGGC	1	1.25	0.00010649627263045793	0.00013285152513550856	0.7127711002564304	2278.729207519808	-3.358
TATGGG	TATGGG	1	1.25	0.00010649627263045793	0.00013285152513550856	0.7127711002564304	2278.729207519808	-3.358
TATGGT	TATGGT	1	1.50	0.00010649627263045793	0.00015942183016261037	0.7761929506640187	2481.488863272868	-3.395
TATGTA	TATGTA	6	6.25	0.0006389776357827476	0.0006656560627842318	0.5936742714090901	1897.9766456948612	-3.278
TATGTG	TATGTG	4	2.94	0.0004259850905218317	0.00031324991189846205	0.3396455234889377	1085.8467385941337	-3.036
TATGTT	TATGTT	4	4.04	0.0004259850905218317	0.00043071862886038544	0.5751649323969166	1838.8022888729422	-3.265
TATTAA	TATTAA	5	6.21	0.0005324813631522897	0.0006613053695634205	0.7420272404808834	2372.261087817384	-3.375
TATTAC	TATTAC	5	6.65	0.0005324813631522897	0.0007085414673893791	0.7929588662963821	2535.0894955495337	-3.404
TATTAG	TATTAG	3	2.66	0.0003194888178913738	0.00028341658695575173	0.49684382491294304	1588.409708246679	-3.201
TATTAT	TATTAT	11	8.43	0.0011714589989350373	0.0008974858586932131	0.22867506899302123	731.0741955706889	-2.864
TATTCA	TATTCA	4	3.19	0.0004259850905218317	0.0003394142190558799	0.3946072871989523	1261.5594971750504	-3.101
TATTCC	TATTCC	4	2.83	0.0004259850905218317	0.00030170152804967124	0.3154076327076576	1008.3582017663813	-3.004
TATTCT	TATTCT	3	4.60	0.0003194888178913738	0.0004902649830807157	0.8377425093395203	2678.2628023584466	-3.428
TATTGA	TATTGA	3	4.17	0.0003194888178913738	0.00044360857088726336	0.7851555439704678	2510.1422740735857	-3.4
TATTGC	TATTGC	3	2.08	0.0003194888178913738	0.00022180428544363166	0.34570695969029086	1105.22515012986	-3.043
TATTGG	TATTGG	3	2.08	0.0003194888178913738	0.00022180428544363166	0.34570695969029086	1105.22515012986	-3.043
TATTGT	TATTGT	3	3.64	0.0003194888178913738	0.00038815749952635537	0.7051063051867292	2254.2248576819734	-3.353
TATTTA	TATTTA	9	10.39	0.0009584664536741214	0.0011070251886491661	0.7098566317107626	2269.411651579308	-3.356
TATTTC	TATTTC	10	9.05	0.0010649627263045794	0.0009641832288234675	0.41966409047813097	1341.6660972585846	-3.128
TATTTG	TATTTG	4	6.71	0.0004259850905218317	0.0007142097991284938	0.9015880763683436	2882.3770801495943	-3.46
TATTTT	TATTTT	19	15.76	0.0020234291799787005	0.001678393027951962	0.23804750877009417	761.0378855379911	-2.881
TCAAAA	TCAAAA	9	11.76	0.0009584664536741214	0.0012529208624047399	0.8289583564344487	2650.1798655209327	-3.423
TCAAAC	TCAAAC	3	3.04	0.0003194888178913738	0.0003233344161044492	0.5848512262415437	1869.7693702942154	-3.272
TCAAAG	TCAAAG	7	5.31	0.0007454739084132055	0.000565835228182786	0.2848951694311522	910.8098566713935	-2.959
TCAAAT	TCAAAT	8	6.83	0.0008519701810436634	0.0007275024362350102	0.37615887556143823	1202.579925169918	-3.08
TCAACA	TCAACA	3	3.62	0.0003194888178913738	0.00038557837992817375	0.700880523294152	2240.7150329714036	-3.35
TCAACC	TCAACC	2	2.79	0.00021299254526091586	0.00029659875379090277	0.7663661078132322	2450.0724466789034	-3.389
TCAACT	TCAACT	7	4.46	0.0007454739084132055	0.0004745580060654447	0.16336639058253183	522.2823506923543	-2.718
TCAAGA	TCAAGA	3	3.33	0.0003194888178913738	0.0003542707336946895	0.6458880101623308	2064.9039684889713	-3.315
TCAAGG	TCAAGG	4	1.66	0.0004259850905218317	0.00017713536684734471	0.08777732291969355	280.62410137426025	-2.448
TCAAGT	TCAAGT	3	3.33	0.0003194888178913738	0.0003542707336946895	0.6458880101623308	2064.9039684889713	-3.315
TCAATA	TCAATA	7	5.64	0.0007454739084132055	0.0006001763017886504	0.3353968864109897	1072.263845855934	-3.03
TCAATC	TCAATC	2	2.11	0.00021299254526091586	0.0002250661131707439	0.6238114520827476	1994.325212308544	-3.3
TCAATG	TCAATG	5	4.23	0.0005324813631522897	0.0004501322263414879	0.41536873036974653	1327.9338309920797	-3.123
TCAATT	TCAATT	3	5.99	0.0003194888178913738	0.000637687320650441	0.9374884184234628	2997.1504736998104	-3.477
TCACAA	TCACAA	2	1.14	0.00021299254526091586	0.00012146425155246492	0.31578756591049945	1009.5728482158668	-3.004
TCACAC	TCACAC	2	2.28	0.00021299254526091586	0.00024292850310492987	0.6647639355622464	2125.250301992502	-3.327
TCACAG	TCACAG	2	2.03	0.00021299254526091586	0.00021593644720438202	0.6014246566346872	1922.754627261095	-3.284
TCACAT	TCACAT	2	2.53	0.00021299254526091586	0.0002699205590054777	0.7197202060658994	2300.94549879268	-3.362
TCACCA	TCACCA	1	2.46	0.00010649627263045793	0.0002616153110360783	0.9142713128880839	2922.9253873032044	-3.466
TCACCC	TCACCC	2	2.15	0.00021299254526091586	0.00022891339715656848	0.6329488639975762	2023.5375182002513	-3.306
TCACCG	TCACCG	2	0.92	0.00021299254526091586	9.810574163852946e-05	0.23528816421427598	752.2162609930404	-2.876
TCACCT	TCACCT	3	2.46	0.0003194888178913738	0.0002616153110360783	0.44499844837086355	1422.6600394416507	-3.153
TCACGC	TCACGC	1	2.79	0.00010649627263045793	0.00029758741630353915	0.9388451336264291	3001.4878922036937	-3.477
TCACGG	TCACGG	2	1.86	0.00021299254526091586	0.00019839161086902604	0.5556146101481313	1776.2999086435757	-3.25
TCACGT	TCACGT	11	8.38	0.0011714589989350373	0.0008927622489106168	0.22386310266851017	715.690339231227	-2.855
TCACTA	TCACTA	1	1.94	0.00010649627263045793	0.00020681750940014317	0.8565855248249022	2738.5039228652126	-3.438
TCACTC	TCACTC	1	1.21	0.00010649627263045793	0.0001292609433750894	0.7029219138161857	2247.241358470346	-3.352
TCACTG	TCACTG	4	1.94	0.0004259850905218317	0.00020681750940014317	0.13256815195952396	423.8203818145981	-2.627
TCACTT	TCACTT	3	3.88	0.0003194888178913738	0.00041363501880028596	0.744407343723821	2379.8702778850557	-3.377
TCAGAA	TCAGAA	2	2.69	0.00021299254526091586	0.0002861417464457111	0.7489474171883576	2394.384892751179	-3.379
TCAGAC	TCAGAC	1	1.07	0.00010649627263045793	0.00011445669857828433	0.6586163632609021	2105.596513345104	-3.323
TCAGAG	TCAGAG	1	1.34	0.00010649627263045793	0.0001430708732228555	0.7390523586302506	2362.750390540911	-3.373
TCAGAT	TCAGAT	3	1.88	0.0003194888178913738	0.00020029922251199757	0.29110160745343916	930.651839028645	-2.969
TCAGCA	TCAGCA	4	2.28	0.0004259850905218317	0.00024292850310493011	0.19682130928553787	629.2377257858645	-2.799
TCAGCC	TCAGCC	1	1.52	0.00010649627263045793	0.0001619523354032867	0.7814482454219898	2498.290040614101	-3.398
TCAGCG	TCAGCG	1	0.76	0.00010649627263045793	8.097616770164334e-05	0.5325048079626804	1702.4178710566894	-3.231
TCAGCT	TCAGCT	2	3.42	0.00021299254526091586	0.0003643927546573953	0.8555952988471097	2735.33817041421	-3.437
TCAGGA	TCAGGA	2	2.40	0.00021299254526091586	0.0002550749282601767	0.6905022882723303	2207.53581560664	-3.344
TCAGGT	TCAGGT	4	2.69	0.0004259850905218317	0.00028695929429269865	0.28470615108982067	910.2055650341567	-2.959
TCAGTA	TCAGTA	1	1.37	0.00010649627263045793	0.00014575710186295814	0.7455521018872182	2383.5300697334364	-3.377
TCAGTC	TCAGTC	1	1.60	0.00010649627263045793	0.0001700499521734511	0.7974501096960409	2549.4480006982426	-3.406
TCAGTG	TCAGTG	1	0.68	0.00010649627263045793	7.287855093147906e-05	0.49557171162514896	1584.3427620656012	-3.2
TCAGTT	TCAGTT	5	4.33	0.0005324813631522897	0.0004615641558993671	0.4361423497085175	1394.3470920181305	-3.144
TCATAA	TCATAA	9	4.61	0.0009584664536741214	0.0004905287081926473	0.04537574479692406	145.0662561157662	-2.162
TCATAC	TCATAC	1	2.59	0.00010649627263045793	0.00027592239835836415	0.9250482960786873	2957.3794025635634	-3.471
TCATAG	TCATAG	2	3.45	0.00021299254526091586	0.0003678965311444855	0.8592292692056294	2746.955973650397	-3.439
TCATAT	TCATAT	3	4.32	0.0003194888178913738	0.00045987066393060665	0.804915454287489	2573.314707357102	-3.41
TCATCA	TCATCA	7	6.79	0.0007454739084132055	0.0007227122967371666	0.5179820026290465	1655.9884624050617	-3.219
TCATCG	TCATCG	5	3.19	0.0005324813631522897	0.0003400999043469019	0.2182376036638863	697.7056189134445	-2.844
TCATCT	TCATCT	6	6.39	0.0006389776357827476	0.0006801998086938039	0.6143321984828696	1964.020038549734	-3.293
TCATGA	TCATGA	8	4.39	0.0008519701810436634	0.0004676373684769903	0.07789015543845686	249.01482693674657	-2.396
TCATGG	TCATGG	1	1.10	0.00010649627263045793	0.00011690934211924755	0.6663886954395981	2130.444659320395	-3.328
TCATGT	TCATGT	2	2.20	0.00021299254526091586	0.00023381868423849513	0.6443456327362806	2059.972987857889	-3.314
TCATTA	TCATTA	5	6.43	0.0005324813631522897	0.0006843866446374686	0.7679801149239758	2455.2324274119505	-3.39
TCATTC	TCATTC	3	3.78	0.0003194888178913738	0.00040258037919851074	0.727895123330831	2327.0807092886666	-3.367
TCATTG	TCATTG	3	3.78	0.0003194888178913738	0.00040258037919851074	0.727895123330831	2327.0807092886666	-3.367
TCATTT	TCATTT	14	10.96	0.001490947816826411	0.001167483099675681	0.2152637240299511	688.1981257237536	-2.838
TCCAAA	TCCAAA	3	1.94	0.0003194888178913738	0.00020681750940014295	0.3076335944642563	983.5046015022274	-2.993
TCCAAC	TCCAAC	4	2.91	0.0004259850905218317	0.0003102262641002145	0.3332902967336465	1065.5290786574678	-3.028
TCCAAG	TCCAAG	2	2.59	0.00021299254526091586	0.0002757566792001909	0.7305527488659024	2335.57713812429	-3.368
TCCAAT	TCCAAT	3	4.53	0.0003194888178913738	0.00048257418860033396	0.8299199377965076	2653.254041135435	-3.424
TCCACA	TCCACA	2	4.04	0.00021299254526091586	0.0004307186288603859	0.9116244302043274	2914.4633033632344	-3.465
TCCACC	TCCACC	2	1.29	0.00021299254526091586	0.00013704683645557737	0.36851798275949255	1178.1519908820976	-3.071
TCCACT	TCCACT	3	0.92	0.0003194888178913738	9.789059746826952e-05	0.06605409540964974	211.17494302465022	-2.325
TCCAGG	TCCAGG	2	0.80	0.00021299254526091586	8.502497608672554e-05	0.1906272786288193	609.4354097763353	-2.785
TCCAGT	TCCAGT	1	0.80	0.00010649627263045793	8.502497608672554e-05	0.5499445697428379	1758.1727894678527	-3.245
TCCATA	TCCATA	4	3.09	0.0004259850905218317	0.00032880752471038373	0.37236414817128677	1190.4481817036037	-3.076
TCCATC	TCCATC	2	2.53	0.00021299254526091586	0.0002690243383994049	0.7180245205344308	2295.5243921485753	-3.361
TCCATG	TCCATG	2	1.40	0.00021299254526091586	0.0001494579657774472	0.40934406898361064	1308.6729885406032	-3.117
TCCATT	TCCATT	1	1.96	0.00010649627263045793	0.00020924115208842612	0.8598124931880946	2748.8205407223386	-3.439
TCCCAA	TCCCAA	5	3.27	0.0005324813631522897	0.0003478294476275132	0.23125722003352842	739.3293324471904	-2.869
TCCCAC	TCCCAC	1	1.81	0.00010649627263045793	0.00019323858201528512	0.8370823279344756	2676.1522024065184	-3.428
TCCCAT	TCCCAT	2	2.54	0.00021299254526091586	0.00027053401482139927	0.7208759193869485	2304.6403142800746	-3.363
TCCCCA	TCCCCA	1	2.00	0.00010649627263045793	0.0002125624402168138	0.8641170347869664	2762.5821602139317	-3.441
TCCCCG	TCCCCG	2	1.00	0.00021299254526091586	0.00010628122010840689	0.26349824332115196	842.4038838977228	-2.926
TCCCCT	TCCCCT	1	0.50	0.00010649627263045793	5.314061005420344e-05	0.39285663424727624	1255.962659688542	-3.099
TCCCGA	TCCCGA	1	0.86	0.00010649627263045793	9.109818866434879e-05	0.5748919859141115	1837.9296789674145	-3.264
TCCCGC	TCCCGC	2	1.71	0.00021299254526091586	0.00018219637732869742	0.5101085003239276	1630.8168755355966	-3.212
TCCCGG	TCCCGG	3	2.14	0.0003194888178913738	0.0002277454716608719	0.36076168178570406	1153.3550966688958	-3.062
TCCCTA	TCCCTA	3	1.61	0.0003194888178913738	0.00017168504786742656	0.21977901595277827	702.6335140010322	-2.847
TCCCTC	TCCCTC	1	3.22	0.00010649627263045793	0.00034337009573485316	0.9602141993903384	3069.8047954509116	-3.487
TCCCTG	TCCCTG	1	0.54	0.00010649627263045793	5.722834928914216e-05	0.415719556429365	1329.0554219046799	-3.124
TCCCTT	TCCCTT	2	1.61	0.00021299254526091586	0.00017168504786742656	0.47897614542815325	1531.286736933806	-3.185
TCCGAA	TCCGAA	1	0.75	0.00010649627263045793	7.971091508130517e-05	0.5269175026108222	1684.5552558467984	-3.226
TCCGAT	TCCGAT	2	0.75	0.00021299254526091586	7.971091508130517e-05	0.17282211650567977	552.5123064686583	-2.742
TCCGCA	TCCGCA	1	1.00	0.00010649627263045793	0.00010628122010840678	0.6313769334224543	2018.5120561515862	-3.305
TCCGCT	TCCGCT	2	1.66	0.00021299254526091586	0.00017713536684734471	0.49527155564060527	1583.383163383015	-3.2
TCCGGG	TCCGGG	1	0.61	0.00010649627263045793	6.540382775901962e-05	0.4588950047169219	1467.0873300799994	-3.166
TCCGGT	TCCGGT	1	0.92	0.00010649627263045793	9.810574163852926e-05	0.6019640352098004	1924.4790205657316	-3.284
TCCGTC	TCCGTC	3	1.66	0.0003194888178913738	0.00017713536684734471	0.23312191671786262	745.2907677470067	-2.872
TCCGTG	TCCGTG	1	1.33	0.00010649627263045793	0.00014170829347787584	0.7356921814636088	2352.0079041391573	-3.371
TCCGTT	TCCGTT	2	1.66	0.00021299254526091586	0.00017713536684734471	0.49527155564060527	1583.383163383015	-3.2
TCCTAC	TCCTAC	1	1.25	0.00010649627263045793	0.00013285152513550856	0.7127711002564304	2278.729207519808	-3.358
TCCTAG	TCCTAG	1	0.62	0.00010649627263045793	6.642576256775426e-05	0.4640625971780196	1483.6081231781288	-3.171
TCCTAT	TCCTAT	3	2.18	0.0003194888178913738	0.00023249016898713997	0.3727465798258652	1191.670815703291	-3.076
TCCTCA	TCCTCA	3	3.22	0.0003194888178913738	0.0003433700957348528	0.6251332631459454	1998.5510422775874	-3.301
TCCTCC	TCCTCC	1	2.30	0.00010649627263045793	0.0002452643540963236	0.9000447091995006	2877.4429353108035	-3.459
TCCTCG	TCCTCG	3	2.30	0.0003194888178913738	0.0002452643540963236	0.40476513000510367	1294.0341206263165	-3.112
TCCTCT	TCCTCT	5	4.15	0.0005324813631522897	0.0004414758373733824	0.39955616529729654	1277.3810604554571	-3.106
TCCTGA	TCCTGA	2	1.38	0.00021299254526091586	0.00014715861245779408	0.40187453164960973	1284.7928776838023	-3.109
TCCTGC	TCCTGC	2	1.84	0.00021299254526091586	0.00019621148327705873	0.5496670025795545	1757.2854072468356	-3.245
TCCTGG	TCCTGG	1	0.46	0.00010649627263045793	4.9052870819264724e-05	0.3690990848079242	1180.0097741309337	-3.072
TCCTGT	TCCTGT	1	2.30	0.00010649627263045793	0.0002452643540963236	0.9000447091995006	2877.4429353108035	-3.459
TCCTTC	TCCTTC	3	1.77	0.0003194888178913738	0.0001885634550310444	0.26152250097618934	836.0874356208773	-2.922
TCCTTG	TCCTTG	2	2.48	0.00021299254526091586	0.00026398883704346226	0.7083357337963887	2264.5493409470546	-3.355
TCCTTT	TCCTTT	6	4.60	0.0006389776357827476	0.0004902649830807157	0.3148596495955065	1006.6062997568342	-3.003
TCGAAA	TCGAAA	2	2.18	0.00021299254526091586	0.00023249016898713997	0.6412869670282602	2050.1944335893477	-3.312
TCGAAC	TCGAAC	3	2.18	0.0003194888178913738	0.00023249016898713997	0.3727465798258652	1191.670815703291	-3.076
TCGAAT	TCGAAT	2	1.31	0.00021299254526091586	0.0001394941013922839	0.37666251204638607	1204.1900510122962	-3.081
TCGACA	TCGACA	1	0.54	0.00010649627263045793	5.797157460458556e-05	0.41978298726671864	1342.0462102916995	-3.128
TCGACC	TCGACC	1	0.18	0.00010649627263045793	1.9323858201528554e-05	0.16594091058223287	530.5130911313985	-2.725
TCGAGA	TCGAGA	3	2.49	0.0003194888178913738	0.00026570305027101717	0.45489124923191754	1454.2873237944405	-3.163
TCGAGC	TCGAGC	2	2.00	0.00021299254526091586	0.0002125624402168138	0.5928998930396212	1895.500958047669	-3.278
TCGAGG	TCGAGG	3	2.49	0.0003194888178913738	0.00026570305027101717	0.45489124923191754	1454.2873237944405	-3.163
TCGAGT	TCGAGT	1	2.00	0.00010649627263045793	0.0002125624402168138	0.8641170347869664	2762.5821602139317	-3.441
TCGATA	TCGATA	3	2.81	0.0003194888178913738	0.0002989159315548944	0.5321705930809285	1701.3493860797284	-3.231
TCGATC	TCGATC	1	0.62	0.00010649627263045793	6.642576256775426e-05	0.4640625971780196	1483.6081231781288	-3.171
TCGATG	TCGATG	1	0.94	0.00010649627263045793	9.963864385163143e-05	0.6076523091134807	1942.6644322357977	-3.288
TCGCAA	TCGCAA	6	2.52	0.0006389776357827476	0.0002684999244843961	0.04345322541450355	138.91996165016783	-2.143
TCGCAC	TCGCAC	1	2.52	0.00010649627263045793	0.0002684999244843961	0.9196380353245042	2940.08279893244	-3.468
TCGCAG	TCGCAG	1	1.26	0.00010649627263045793	0.00013424996224219803	0.7165181404825065	2290.7084951225734	-3.36
TCGCCA	TCGCCA	1	1.20	0.00010649627263045793	0.00012753746413008823	0.6980750456996152	2231.74592110167	-3.349
TCGCCC	TCGCCC	1	0.40	0.00010649627263045793	4.2512488043362765e-05	0.3291382927479301	1052.2551219151326	-3.022
TCGCGA	TCGCGA	2	1.25	0.00021299254526091586	0.00013285152513550856	0.35445999272745277	1133.2085967496664	-3.054
TCGCGC	TCGCGC	1	1.00	0.00010649627263045793	0.00010628122010840678	0.6313769334224543	2018.5120561515862	-3.305
TCGCTA	TCGCTA	4	3.33	0.0004259850905218317	0.00035427073369468916	0.4255312480376752	1360.4233999764476	-3.134
TCGCTC	TCGCTC	2	1.90	0.00021299254526091586	0.0002024404192541081	0.5665111254275789	1811.1360679919696	-3.258
TCGCTG	TCGCTG	1	0.95	0.00010649627263045793	0.00010122020962705413	0.6134359738492842	1961.1548083961616	-3.293
TCGCTT	TCGCTT	3	3.80	0.0003194888178913738	0.00040488083850821624	0.7313989435074301	2338.282422393254	-3.369
TCGGAA	TCGGAA	2	1.64	0.00021299254526091586	0.00017505142135502313	0.4890793430776812	1563.5866598193468	-3.194
TCGGAT	TCGGAT	2	1.41	0.00021299254526091586	0.00015004407544716273	0.4112407364594741	1314.7366344609388	-3.119
TCGGCG	TCGGCG	1	0.40	0.00010649627263045793	4.2512488043362765e-05	0.3291382927479301	1052.2551219151326	-3.022
TCGGCT	TCGGCT	1	0.40	0.00010649627263045793	4.2512488043362765e-05	0.3291382927479301	1052.2551219151326	-3.022
TCGGGA	TCGGGA	1	0.61	0.00010649627263045793	6.540382775901962e-05	0.4588950047169219	1467.0873300799994	-3.166
TCGGGC	TCGGGC	1	0.61	0.00010649627263045793	6.540382775901962e-05	0.4588950047169219	1467.0873300799994	-3.166
TCGGTA	TCGGTA	2	1.38	0.00021299254526091586	0.00014715861245779408	0.40187453164960973	1284.7928776838023	-3.109
TCGGTT	TCGGTT	1	0.69	0.00010649627263045793	7.357930622889696e-05	0.4988799999346483	1594.9193597910707	-3.203
TCGTAA	TCGTAA	2	1.14	0.00021299254526091586	0.00012146425155246504	0.3157875659104999	1009.5728482158681	-3.004
TCGTAC	TCGTAC	2	0.38	0.00021299254526091586	4.048808385082167e-05	0.056318846015266634	180.05135071080744	-2.255
TCGTCA	TCGTCA	4	4.07	0.0004259850905218317	0.0004329975634046205	0.579287208004489	1851.981203990351	-3.268
TCGTCC	TCGTCC	2	1.85	0.00021299254526091586	0.00019681707427482754	0.551324735186124	1762.5851783900384	-3.246
TCGTCG	TCGTCG	3	2.22	0.0003194888178913738	0.00023618048912979294	0.3820377880660477	1221.3748084471545	-3.087
TCGTCT	TCGTCT	1	1.85	0.00010649627263045793	0.00019681707427482754	0.8424657410836517	2693.3629742444346	-3.43
TCGTGC	TCGTGC	1	1.29	0.00010649627263045793	0.0001371370582043959	0.7241000493255026	2314.947857693632	-3.365
TCGTGG	TCGTGG	2	0.64	0.00021299254526091586	6.856852910219794e-05	0.1365439438129537	436.530988370013	-2.64
TCGTGT	TCGTGT	2	0.97	0.00021299254526091586	0.00010285279365329693	0.25165762548081017	804.5494286621501	-2.906
TCGTTA	TCGTTA	2	2.28	0.00021299254526091586	0.00024292850310493011	0.664763935562247	2125.250301992504	-3.327
TCGTTC	TCGTTC	4	3.42	0.0004259850905218317	0.0003643927546573953	0.446369444880115	1427.0431152817275	-3.154
TCGTTG	TCGTTG	2	1.71	0.00021299254526091586	0.0001821963773286976	0.5101085003239281	1630.816875535598	-3.212
TCGTTT	TCGTTT	8	8.55	0.0008519701810436634	0.0009109818866434878	0.6213733880659218	1986.530721646752	-3.298
TCTAAA	TCTAAA	5	4.15	0.0005324813631522897	0.0004423596728836391	0.40117313523622455	1282.55051335021	-3.108
TCTAAC	TCTAAC	3	2.27	0.0003194888178913738	0.0002412870943001667	0.3948418675736902	1262.3094506330876	-3.101
TCTAAG	TCTAAG	3	3.40	0.0003194888178913738	0.0003619306414502502	0.6599762202230763	2109.943976053175	-3.324
TCTAAT	TCTAAT	3	4.15	0.0003194888178913738	0.0004423596728836391	0.7835714897251633	2505.078052651347	-3.399
TCTACA	TCTACA	2	2.04	0.00021299254526091586	0.00021699082438799731	0.6040607937915632	1931.1823577516275	-3.286
TCTACC	TCTACC	2	1.16	0.00021299254526091586	0.00012399475679314133	0.3244369639182586	1037.2249736466727	-3.016
TCTACG	TCTACG	1	1.75	0.00010649627263045793	0.00018599213518971186	0.8256108790682373	2639.4779803811543	-3.422
TCTACT	TCTACT	2	2.04	0.00021299254526091586	0.00021699082438799731	0.6040607937915632	1931.1823577516275	-3.286
TCTAGA	TCTAGA	5	2.51	0.0005324813631522897	0.00026782867467318517	0.1108230438448693	354.30127117204717	-2.549
TCTAGC	TCTAGC	2	1.80	0.00021299254526091586	0.00019130619619513238	0.5360807432879591	1713.8501362916052	-3.234
TCTAGG	TCTAGG	1	0.72	0.00010649627263045793	7.65224784780529e-05	0.5125395270252489	1638.5888678997205	-3.214
TCTAGT	TCTAGT	1	3.95	0.00010649627263045793	0.0004208736316292912	0.980783834498692	3135.565918892318	-3.496
TCTATA	TCTATA	11	7.83	0.0011714589989350373	0.000833578196928681	0.16734948764858146	535.016312012515	-2.728
TCTATC	TCTATC	5	5.38	0.0005324813631522897	0.0005730850103884684	0.6236845123188606	1993.9193858833974	-3.3
TCTATG	TCTATG	2	3.42	0.00021299254526091586	0.00036469046115629824	0.8559073722851062	2736.3358691954845	-3.437
TCTATT	TCTATT	7	8.32	0.0007454739084132055	0.0008856768342367235	0.7237374245534258	2313.788546297302	-3.364
TCTCAA	TCTCAA	1	2.27	0.00010649627263045793	0.00024178977574662575	0.8967297555556956	2866.8450285115587	-3.457
TCTCAC	TCTCAC	1	0.70	0.00010649627263045793	7.439685407588484e-05	0.5027122565589358	1607.1710842189177	-3.206
TCTCAG	TCTCAG	1	1.75	0.00010649627263045793	0.00018599213518971205	0.8256108790682376	2639.4779803811557	-3.422
TCTCAT	TCTCAT	4	2.27	0.0004259850905218317	0.00024178977574662575	0.19466375657124382	622.3400297582665	-2.794
TCTCCA	TCTCCA	1	1.95	0.00010649627263045793	0.00020794151760340483	0.8580912239912168	2743.31764309992	-3.438
TCTCCC	TCTCCC	4	3.12	0.0004259850905218317	0.00033270642816544754	0.3805513942606873	1216.6228074514172	-3.085
TCTCCT	TCTCCT	4	2.73	0.0004259850905218317	0.00029111812464476655	0.293328632817147	937.7716391164189	-2.972
TCTCGA	TCTCGA	5	2.90	0.0005324813631522897	0.00030918173122445637	0.16874480168365524	539.4771309826458	-2.732
TCTCGT	TCTCGT	3	3.27	0.0003194888178913738	0.0003478294476275132	0.6337237839097767	2026.014937159556	-3.307
TCTCTA	TCTCTA	3	5.03	0.0003194888178913738	0.0005358344847132179	0.8779749257721032	2806.885837693414	-3.448
TCTCTC	TCTCTC	6	6.40	0.0006389776357827476	0.0006819711623622778	0.6168075767740162	1971.9338229465297	-3.295
TCTCTG	TCTCTG	3	3.66	0.0003194888178913738	0.0003896978070641587	0.707608120865455	2262.2231624068595	-3.355
TCTCTT	TCTCTT	10	6.86	0.0010649627263045794	0.0007306833882452975	0.15570458909545315	497.78757133816373	-2.697
TCTGAA	TCTGAA	2	2.79	0.00021299254526091586	0.00029758741630353915	0.7679572872353221	2455.159447291325	-3.39
TCTGAG	TCTGAG	3	2.00	0.0003194888178913738	0.0002125624402168136	0.3222304317783205	1030.1706903952906	-3.013
TCTGAT	TCTGAT	3	1.60	0.0003194888178913738	0.00017004995217345095	0.21580688220669222	689.934602414795	-2.839
TCTGCA	TCTGCA	4	2.69	0.0004259850905218317	0.0002869592942926983	0.28470615108981995	910.2055650341543	-2.959
TCTGCG	TCTGCG	1	1.50	0.00010649627263045793	0.0001594218301626102	0.7761929506640183	2481.4888632728666	-3.395
TCTGCT	TCTGCT	1	1.50	0.00010649627263045793	0.0001594218301626102	0.7761929506640183	2481.4888632728666	-3.395
TCTGGA	TCTGGA	2	1.15	0.00021299254526091586	0.00012263217704816176	0.3197829675162643	1022.3461471494969	-3.01
TCTGGT	TCTGGT	1	0.69	0.00010649627263045793	7.357930622889696e-05	0.4988799999346483	1594.9193597910707	-3.203
TCTGTA	TCTGTA	3	1.94	0.0003194888178913738	0.00020681750940014317	0.3076335944642569	983.5046015022293	-2.993
TCTGTC	TCTGTC	2	1.94	0.00021299254526091586	0.00020681750940014317	0.5780722601347402	1848.0970156507644	-3.267
TCTGTG	TCTGTG	1	3.16	0.00010649627263045793	0.00033607845277523263	0.9573947021839259	3060.790862882011	-3.486
TCTGTT	TCTGTT	3	1.94	0.0003194888178913738	0.00020681750940014317	0.3076335944642569	983.5046015022293	-2.993
TCTTAA	TCTTAA	1	0.75	0.00010649627263045793	7.971091508130517e-05	0.5269175026108222	1684.5552558467984	-3.226
TCTTAC	TCTTAC	1	1.87	0.00010649627263045793	0.0001992772877032629	0.8460632894560164	2704.8643363908845	-3.432
TCTTAT	TCTTAT	4	2.43	0.0004259850905218317	0.00025906047401424157	0.2281134986040305	729.2788550370855	-2.863
TCTTCA	TCTTCA	1	3.94	0.00010649627263045793	0.00041967456145370897	0.9805662519113093	3134.8703073604556	-3.496
TCTTCC	TCTTCC	2	1.97	0.00021299254526091586	0.00020983728072685468	0.585915345379723	1873.1713591789744	-3.273
TCTTCG	TCTTCG	4	1.97	0.0004259850905218317	0.00020983728072685468	0.1375702557466765	439.81210762212476	-2.643
TCTTCT	TCTTCT	4	3.10	0.0004259850905218317	0.00032974429828505717	0.3743321691961349	1196.7399449200432	-3.078
TCTTGA	TCTTGA	5	4.91	0.0005324813631522897	0.0005232306220721567	0.5441348028364219	1739.598964668041	-3.24
TCTTGC	TCTTGC	4	3.28	0.0004259850905218317	0.00034882041471477105	0.4142266901342927	1324.2827283593338	-3.122
TCTTGG	TCTTGG	1	2.05	0.00010649627263045793	0.000218012759196732	0.8708963629084232	2784.255672218229	-3.445
TCTTGT	TCTTGT	6	5.73	0.0006389776357827476	0.0006104357257508493	0.5103716685888099	1631.6582244784252	-3.213
TCTTTA	TCTTTA	6	5.61	0.0006389776357827476	0.0005978318631097882	0.49045241893132974	1567.9763833234613	-3.195
TCTTTC	TCTTTC	7	5.61	0.0007454739084132055	0.0005978318631097882	0.3319039646114265	1061.0969748627306	-3.026
TCTTTG	TCTTTG	2	2.62	0.00021299254526091586	0.00027898820278456787	0.7363962601905809	2354.2588438292873	-3.372
TCTTTT	TCTTTT	12	13.10	0.0012779552715654952	0.001394941013922839	0.656754351216206	2099.6436608382105	-3.322
TGAAAA	TGAAAA	10	9.98	0.0010649627263045794	0.0010628122010840689	0.5395413474905963	1724.9136879274365	-3.237
TGAAAC	TGAAAC	2	1.75	0.00021299254526091586	0.00018599213518971205	0.5210461825318163	1665.784645554217	-3.222
TGAAAG	TGAAAG	1	2.25	0.00010649627263045793	0.00023913274524391562	0.8941208021668312	2858.5042045273594	-3.456
TGAAAT	TGAAAT	5	3.99	0.0005324813631522897	0.0004251248804336277	0.3695850185324058	1181.5633042481013	-3.072
TGAACA	TGAACA	2	3.22	0.00021299254526091586	0.00034284264551099	0.8312986007719134	2657.661626667807	-3.424
TGAACC	TGAACC	2	1.61	0.00021299254526091586	0.00017142132275549496	0.4781794667043544	1528.739755053821	-3.184
TGAACG	TGAACG	4	2.25	0.0004259850905218317	0.00023998985185769305	0.19126857222819563	611.4856254135415	-2.786
TGAACT	TGAACT	2	2.90	0.00021299254526091586	0.0003085583809598909	0.7849883305933306	2509.607692906878	-3.4
TGAAGA	TGAAGA	3	3.02	0.0003194888178913738	0.00032150069082793057	0.5810290478481862	1857.5498659706514	-3.269
TGAAGC	TGAAGC	4	2.47	0.0004259850905218317	0.00026304601976830685	0.2360310905670939	754.5913965429992	-2.878
TGAAGG	TGAAGG	2	2.20	0.00021299254526091586	0.00023381868423849513	0.6443456327362806	2059.972987857889	-3.314
TGAAGT	TGAAGT	2	3.29	0.00021299254526091586	0.0003507280263577424	0.8405894095479229	2687.3643423247095	-3.429
TGAATA	TGAATA	5	4.91	0.0005324813631522897	0.0005232306220721567	0.5441348028364219	1739.598964668041	-3.24
TGAATC	TGAATC	3	2.87	0.0003194888178913738	0.0003052178628754249	0.5461278495349132	1745.9707349631176	-3.242
TGAATG	TGAATG	3	2.87	0.0003194888178913738	0.0003052178628754249	0.5461278495349132	1745.9707349631176	-3.242
TGAATT	TGAATT	5	5.32	0.0005324813631522897	0.0005668331739115029	0.6141743744759334	1963.515475199559	-3.293
TGACAA	TGACAA	4	4.25	0.0004259850905218317	0.000452552292074506	0.613690978842079	1961.9700593581267	-3.293
TGACAC	TGACAC	2	1.16	0.00021299254526091586	0.00012342335238395614	0.3224862784732267	1030.9886322789057	-3.013
TGACAG	TGACAG	2	1.55	0.00021299254526091586	0.00016456446984527485	0.45720709372388413	1461.6910786352576	-3.165
TGACAT	TGACAT	4	5.02	0.0004259850905218317	0.0005348345269971433	0.7380621185480563	2359.584592998136	-3.373
TGACCA	TGACCA	2	2.30	0.00021299254526091586	0.0002452643540963233	0.6698444474329373	2141.4926984431004	-3.331
TGACCC	TGACCC	2	0.77	0.00021299254526091586	8.17547846987745e-05	0.179639114109062	574.3062478066712	-2.759
TGACCT	TGACCT	1	1.15	0.00010649627263045793	0.00012263217704816165	0.6838429333377165	2186.2458578806795	-3.34
TGACGA	TGACGA	1	0.86	0.00010649627263045793	9.10981886643486e-05	0.5748919859141107	1837.929678967412	-3.264
TGACGG	TGACGG	1	0.86	0.00010649627263045793	9.10981886643486e-05	0.5748919859141107	1837.929678967412	-3.264
TGACGT	TGACGT	1	0.43	0.00010649627263045793	4.554909433217439e-05	0.34799692172054225	1112.5461587405737	-3.046
TGACTA	TGACTA	5	3.13	0.0005324813631522897	0.00033350313896086286	0.20731223875871357	662.7772273116072	-2.821
TGACTC	TGACTC	3	3.58	0.0003194888178913738	0.0003811464445267005	0.6935113453898423	2217.155771211326	-3.346
TGACTG	TGACTG	2	3.13	0.00021299254526091586	0.00033350313896086286	0.8196635616933772	2620.4644067337267	-3.418
TGACTT	TGACTT	3	3.13	0.0003194888178913738	0.00033350313896086286	0.6056374110056366	1936.2228029850203	-3.287
TGAGAA	TGAGAA	2	1.62	0.00021299254526091586	0.00017270698267616102	0.4820561927726839	1541.1336482942704	-3.188
TGAGAC	TGAGAC	1	0.37	0.00010649627263045793	3.9855457540652586e-05	0.31219007175733654	998.0716594082049	-2.999
TGAGCC	TGAGCC	1	0.46	0.00010649627263045793	4.9052870819264724e-05	0.3690990848079242	1180.0097741309337	-3.072
TGAGCT	TGAGCT	2	0.69	0.00021299254526091586	7.357930622889696e-05	0.15265133829707705	488.02632853575534	-2.688
TGAGGC	TGAGGC	1	1.17	0.00010649627263045793	0.00012503672953930218	0.6909013787467422	2208.8117078533346	-3.344
TGAGGG	TGAGGG	1	0.70	0.00010649627263045793	7.502203772358135e-05	0.5056230194132141	1616.4767930640455	-3.209
TGAGGT	TGAGGT	2	1.41	0.00021299254526091586	0.00015004407544716273	0.4112407364594741	1314.7366344609388	-3.119
TGAGTA	TGAGTA	3	3.11	0.0003194888178913738	0.0003311068780300368	0.6008020849194866	1920.7642654875988	-3.283
TGAGTC	TGAGTC	3	2.42	0.0003194888178913738	0.0002575275718011396	0.4350348367700983	1390.8063731540042	-3.143
TGAGTG	TGAGTG	2	2.07	0.00021299254526091586	0.00022073791868669116	0.6133219894188273	1960.790400171991	-3.292
TGAGTT	TGAGTT	1	1.38	0.00010649627263045793	0.00014715861245779408	0.7488787455345025	2394.1653494738043	-3.379
TGATAA	TGATAA	4	3.52	0.0004259850905218317	0.0003749922294390956	0.46793003983806114	1495.9723373622815	-3.175
TGATAC	TGATAC	2	1.60	0.00021299254526091586	0.00017045101338140727	0.475241864349821	1519.348240326378	-3.182
TGATAG	TGATAG	4	3.84	0.0004259850905218317	0.00040908243211537735	0.5349242911729806	1710.1529588800188	-3.233
TGATAT	TGATAT	7	8.00	0.0007454739084132055	0.0008522550669070362	0.6869523424826705	2196.1866389170973	-3.342
TGATCA	TGATCA	3	3.21	0.0003194888178913738	0.00034161820749130725	0.6217207095857862	1987.6411085457585	-3.298
TGATCC	TGATCC	1	1.28	0.00010649627263045793	0.00013664728299652294	0.722828266214733	2310.8819670885014	-3.364
TGATCG	TGATCG	2	1.92	0.00021299254526091586	0.00020497092449478445	0.5732226969235148	1832.5929620644768	-3.263
TGATCT	TGATCT	3	2.57	0.0003194888178913738	0.00027329456599304593	0.4730615187937268	1512.3776755835447	-3.18
TGATGA	TGATGA	1	2.33	0.00010649627263045793	0.00024798951358628244	0.9025700414106937	2885.516422389988	-3.46
TGATGC	TGATGC	1	2.33	0.00010649627263045793	0.00024798951358628244	0.9025700414106937	2885.516422389988	-3.46
TGATGG	TGATGG	3	1.29	0.0003194888178913738	0.00013777195199237915	0.1414342526477768	452.1653057149424	-2.655
TGATGT	TGATGT	2	1.03	0.00021299254526091586	0.00011021756159390337	0.2770933226890133	885.8673526367755	-2.947
TGATTA	TGATTA	2	2.69	0.00021299254526091586	0.00028614174644571075	0.7489474171883571	2394.3848927511776	-3.379
TGATTC	TGATTC	1	1.07	0.00010649627263045793	0.00011445669857828433	0.6586163632609021	2105.596513345104	-3.323
TGATTG	TGATTG	6	3.76	0.0006389776357827476	0.0004005984450239948	0.17880914151323543	571.6528254178137	-2.757
TGATTT	TGATTT	5	6.45	0.0005324813631522897	0.0006867401914697057	0.770511076983956	2463.3239131177074	-3.392
TGCAAA	TGCAAA	8	6.65	0.0008519701810436634	0.0007085414673893791	0.3497639958015181	1118.1954945774535	-3.049
TGCAAC	TGCAAC	1	2.33	0.00010649627263045793	0.0002479895135862827	0.9025700414106941	2885.5164223899887	-3.46
TGCAAG	TGCAAG	1	1.33	0.00010649627263045793	0.00014170829347787584	0.7356921814636088	2352.0079041391573	-3.371
TGCAAT	TGCAAT	3	2.66	0.0003194888178913738	0.00028341658695575173	0.49684382491294304	1588.409708246679	-3.201
TGCACA	TGCACA	3	4.40	0.0003194888178913738	0.0004688877357723832	0.8151968511791896	2606.184333219869	-3.416
TGCACC	TGCACC	1	1.76	0.00010649627263045793	0.00018755509430895334	0.8281515569324278	2647.600527512972	-3.423
TGCACG	TGCACG	6	3.96	0.0006389776357827476	0.0004219989621951452	0.20904730020895826	668.3242187680396	-2.825
TGCACT	TGCACT	5	4.84	0.0005324813631522897	0.0005157765093496218	0.5315656457987578	1699.4153696186286	-3.23
TGCAGC	TGCAGC	1	0.86	0.00010649627263045793	9.109818866434879e-05	0.5748919859141115	1837.9296789674145	-3.264
TGCAGT	TGCAGT	3	2.28	0.0003194888178913738	0.00024292850310493011	0.39894275451239586	1275.4199861761297	-3.106
TGCATA	TGCATA	2	2.45	0.00021299254526091586	0.00026087208572063496	0.7022001983448821	2244.934034108588	-3.351
TGCATC	TGCATC	3	2.45	0.0003194888178913738	0.00026087208572063496	0.44319202194612045	1416.884894161747	-3.151
TGCATG	TGCATG	1	1.63	0.00010649627263045793	0.00017391472381375676	0.8046689087948764	2572.52650141722	-3.41
TGCATT	TGCATT	2	2.45	0.00021299254526091586	0.00026087208572063496	0.7022001983448821	2244.934034108588	-3.351
TGCCAA	TGCCAA	1	2.28	0.00010649627263045793	0.00024292850310493011	0.89782810552346	2870.3564533585018	-3.458
TGCCAC	TGCCAC	4	3.99	0.0004259850905218317	0.0004251248804336277	0.5649502378910258	1806.1459105376096	-3.257
TGCCAG	TGCCAG	2	1.14	0.00021299254526091586	0.00012146425155246504	0.3157875659104999	1009.5728482158681	-3.004
TGCCAT	TGCCAT	3	2.57	0.0003194888178913738	0.0002732945659930462	0.47306151879372765	1512.3776755835472	-3.18
TGCCCG	TGCCCG	1	0.50	0.00010649627263045793	5.314061005420344e-05	0.39285663424727624	1255.962659688542	-3.099
TGCCGT	TGCCGT	2	1.09	0.00021299254526091586	0.00011594314920917114	0.2968333457151995	948.9762062514927	-2.977
TGCCTA	TGCCTA	1	0.42	0.00010649627263045793	4.428384171183617e-05	0.3402044559353368	1087.6336456252718	-3.036
TGCCTC	TGCCTC	1	0.83	0.00010649627263045793	8.856768342367234e-05	0.564669840032415	1805.249478583631	-3.257
TGCCTG	TGCCTG	2	0.83	0.00021299254526091586	8.856768342367234e-05	0.20262727421815704	647.7993956754481	-2.811
TGCCTT	TGCCTT	1	2.91	0.00010649627263045793	0.00030998689198285324	0.9455665767451842	3022.976345854354	-3.48
TGCGAA	TGCGAA	2	1.06	0.00021299254526091586	0.00011336663478230071	0.28795807250782834	920.6019578075272	-2.964
TGCGAT	TGCGAT	2	1.33	0.00021299254526091586	0.00014170829347787584	0.3839933943368561	1227.626881694929	-3.089
TGCGCC	TGCGCC	3	2.94	0.0003194888178913738	0.00031324991189846205	0.5635575234434117	1801.6934024485872	-3.256
TGCGCG	TGCGCG	5	2.10	0.0005324813631522897	0.0002237499370703302	0.062226573931591124	198.93835685929682	-2.299
TGCGGA	TGCGGA	1	0.50	0.00010649627263045793	5.314061005420344e-05	0.39285663424727624	1255.962659688542	-3.099
TGCGTA	TGCGTA	2	1.20	0.00021299254526091586	0.00012753746413008823	0.33649672865670577	1075.7800415154884	-3.032
TGCGTC	TGCGTC	3	2.79	0.0003194888178913738	0.00029758741630353915	0.5291974159782816	1691.8441388825663	-3.228
TGCGTT	TGCGTT	1	0.80	0.00010649627263045793	8.502497608672537e-05	0.5499445697428371	1758.1727894678502	-3.245
TGCTAC	TGCTAC	1	1.50	0.00010649627263045793	0.00015942183016261037	0.7761929506640187	2481.488863272868	-3.395
TGCTAG	TGCTAG	2	2.62	0.00021299254526091586	0.00027898820278456814	0.7363962601905816	2354.258843829289	-3.372
TGCTAT	TGCTAT	6	3.37	0.0006389776357827476	0.0003586991178658731	0.12546766475023782	401.1201242065103	-2.603
TGCTCA	TGCTCA	3	2.66	0.0003194888178913738	0.00028341658695575173	0.49684382491294304	1588.409708246679	-3.201
TGCTCC	TGCTCC	1	1.18	0.00010649627263045793	0.00012596292753588973	0.693577953250808	2217.368716542833	-3.346
TGCTCG	TGCTCG	1	1.48	0.00010649627263045793	0.00015745365941986208	0.7720182875854054	2468.142465410541	-3.392
TGCTCT	TGCTCT	3	2.66	0.0003194888178913738	0.00028341658695575173	0.49684382491294304	1588.409708246679	-3.201
TGCTGA	TGCTGA	2	0.80	0.00021299254526091586	8.502497608672554e-05	0.1906272786288193	609.4354097763353	-2.785
TGCTGT	TGCTGT	1	1.00	0.00010649627263045793	0.00010628122010840689	0.6313769334224546	2018.5120561515873	-3.305
TGCTTA	TGCTTA	3	2.99	0.0003194888178913738	0.0003188436603252208	0.5754512975307434	1839.7177982057867	-3.265
TGCTTC	TGCTTC	3	3.74	0.0003194888178913738	0.00039855457540652583	0.7216771549357954	2307.201864329738	-3.363
TGCTTG	TGCTTG	1	2.25	0.00010649627263045793	0.00023913274524391562	0.8941208021668312	2858.5042045273594	-3.456
TGCTTT	TGCTTT	8	5.99	0.0008519701810436634	0.0006376873206504417	0.25435382817892394	813.1691886880199	-2.91
TGGAAA	TGGAAA	5	5.18	0.0005324813631522897	0.0005515133584003812	0.5902852574539983	1887.1419680804324	-3.276
TGGAAC	TGGAAC	1	1.94	0.00010649627263045793	0.00020681750940014295	0.8565855248249019	2738.5039228652113	-3.438
TGGAAG	TGGAAG	3	2.91	0.0003194888178913738	0.0003102262641002145	0.5570442396292922	1780.870434094847	-3.251
TGGAAT	TGGAAT	3	1.94	0.0003194888178913738	0.00020681750940014295	0.3076335944642563	983.5046015022274	-2.993
TGGACA	TGGACA	4	2.99	0.0004259850905218317	0.00031884366032522047	0.35141086209747013	1123.460526125612	-3.051
TGGACG	TGGACG	1	0.43	0.00010649627263045793	4.554909433217439e-05	0.34799692172054225	1112.5461587405737	-3.046
TGGACT	TGGACT	1	1.71	0.00010649627263045793	0.00018219637732869742	0.8192831763599516	2619.248314822765	-3.418
TGGAGA	TGGAGA	1	1.07	0.00010649627263045793	0.00011445669857828433	0.6586163632609021	2105.596513345104	-3.323
TGGAGT	TGGAGT	1	0.77	0.00010649627263045793	8.17547846987745e-05	0.5359103008573707	1713.3052318410141	-3.234
TGGATA	TGGATA	3	2.33	0.0003194888178913738	0.0002479895135862827	0.41153662663831286	1315.6825953626862	-3.119
TGGATG	TGGATG	1	2.00	0.00010649627263045793	0.0002125624402168136	0.8641170347869661	2762.582160213931	-3.441
TGGATT	TGGATT	2	1.66	0.00021299254526091586	0.00017713536684734471	0.49527155564060527	1583.383163383015	-3.2
TGGCAA	TGGCAA	4	2.99	0.0004259850905218317	0.00031884366032522047	0.35141086209747013	1123.460526125612	-3.051
TGGCAC	TGGCAC	3	2.99	0.0003194888178913738	0.00031884366032522047	0.5754512975307425	1839.717798205784	-3.265
TGGCAG	TGGCAG	1	2.40	0.00010649627263045793	0.00025507492826017645	0.9088413219707105	2905.5657063403614	-3.463
TGGCAT	TGGCAT	1	0.60	0.00010649627263045793	6.376873206504403e-05	0.4505230174971974	1440.3220869385402	-3.158
TGGCCA	TGGCCA	1	1.06	0.00010649627263045793	0.00011336663478230071	0.6551041186216814	2094.3678672335154	-3.321
TGGCCG	TGGCCG	2	1.33	0.00021299254526091586	0.00014170829347787584	0.3839933943368561	1227.626881694929	-3.089
TGGCCT	TGGCCT	1	1.06	0.00010649627263045793	0.00011336663478230071	0.6551041186216814	2094.3678672335154	-3.321
TGGCGA	TGGCGA	1	0.37	0.00010649627263045793	3.9855457540652586e-05	0.31219007175733654	998.0716594082049	-2.999
TGGCGT	TGGCGT	2	1.50	0.00021299254526091586	0.0001594218301626102	0.44116029151880626	1410.3894519856235	-3.149
TGGCTA	TGGCTA	2	0.95	0.00021299254526091586	0.00010068747168164854	0.24418549119925193	780.6610153640084	-2.892
TGGCTC	TGGCTC	3	3.31	0.0003194888178913738	0.0003524061508857699	0.6423965504273152	2053.741771716127	-3.313
TGGCTG	TGGCTG	1	1.89	0.00010649627263045793	0.0002013749433632971	0.8490657123755883	2714.4630824647556	-3.434
TGGCTT	TGGCTT	3	2.84	0.0003194888178913738	0.00030206241504494575	0.5391697358222433	1723.7256454237117	-3.236
TGGGAA	TGGGAA	2	1.60	0.00021299254526091586	0.00017004995217345095	0.4740247135937251	1515.4570093591392	-3.181
TGGGAG	TGGGAG	1	0.20	0.00010649627263045793	2.1256244021681338e-05	0.1809385204686583	578.4604499383006	-2.762
TGGGCC	TGGGCC	2	1.81	0.00021299254526091586	0.00019323858201528512	0.5414665363431993	1731.068516689208	-3.238
TGGGCG	TGGGCG	1	0.36	0.00010649627263045793	3.864771640305703e-05	0.3043454353596047	972.9923568446561	-2.988
TGGGCT	TGGGCT	1	0.73	0.00010649627263045793	7.729543280611408e-05	0.5160647266949823	1649.8589312438583	-3.217
TGGGGA	TGGGGA	1	0.91	0.00010649627263045793	9.661929100764256e-05	0.5963693866100783	1906.5929289924204	-3.28
TGGGGC	TGGGGC	2	0.91	0.00021299254526091586	9.661929100764256e-05	0.23017343691671277	735.8644778227307	-2.867
TGGGGG	TGGGGG	1	1.36	0.00010649627263045793	0.00014492893651146387	0.74356568110359	2377.179482488177	-3.376
TGGGGT	TGGGGT	1	1.81	0.00010649627263045793	0.00019323858201528512	0.8370823279344756	2676.1522024065184	-3.428
TGGGTA	TGGGTA	2	1.47	0.00021299254526091586	0.000156624955949231	0.4323234354068381	1382.1380229956615	-3.141
TGGGTC	TGGGTC	1	1.05	0.00010649627263045793	0.00011187496853516507	0.650239258700815	2078.8149100665055	-3.318
TGGGTT	TGGGTT	1	0.84	0.00010649627263045793	8.9499974828132e-05	0.5684641819325779	1817.3799896384514	-3.259
TGGTAA	TGGTAA	1	2.93	0.00010649627263045793	0.0003117582456513271	0.9464644803489753	3025.846943675674	-3.481
TGGTAC	TGGTAC	1	0.80	0.00010649627263045793	8.502497608672554e-05	0.5499445697428379	1758.1727894678527	-3.245
TGGTAG	TGGTAG	2	1.60	0.00021299254526091586	0.0001700499521734511	0.4740247135937256	1515.4570093591408	-3.181
TGGTAT	TGGTAT	4	2.66	0.0004259850905218317	0.00028341658695575173	0.277390917899418	886.8187645244393	-2.948
TGGTCA	TGGTCA	1	0.33	0.00010649627263045793	3.542707336946895e-05	0.2829862195267972	904.7069438271707	-2.957
TGGTGA	TGGTGA	4	3.80	0.0004259850905218317	0.0004048808385082166	0.5268897004881111	1684.4663724604914	-3.226
TGGTGC	TGGTGC	1	1.14	0.00010649627263045793	0.00012146425155246504	0.6803566135886119	2175.100093642792	-3.337
TGGTGG	TGGTGG	2	1.90	0.00021299254526091586	0.0002024404192541085	0.5665111254275798	1811.1360679919724	-3.258
TGGTGT	TGGTGT	1	1.14	0.00010649627263045793	0.00012146425155246504	0.6803566135886119	2175.100093642792	-3.337
TGGTTA	TGGTTA	4	4.13	0.0004259850905218317	0.00043978435906926974	0.591426180992525	1890.7895006331023	-3.277
TGGTTC	TGGTTC	1	1.65	0.00010649627263045793	0.00017591374362770795	0.8083012314257835	2584.1390368682296	-3.412
TGGTTG	TGGTTG	1	1.65	0.00010649627263045793	0.00017591374362770795	0.8083012314257835	2584.1390368682296	-3.412
TGGTTT	TGGTTT	6	4.54	0.0006389776357827476	0.0004837627949761966	0.3043519384263882	973.013147149163	-2.988
TGTAAA	TGTAAA	4	5.48	0.0004259850905218317	0.0005833658081505893	0.7957728859022829	2544.0859162295983	-3.406
TGTAAC	TGTAAC	4	2.88	0.0004259850905218317	0.00030703463586873096	0.3265878835165458	1044.1014636023967	-3.019
TGTAAT	TGTAAT	5	2.88	0.0005324813631522897	0.00030703463586873096	0.16548414093205335	529.0527985597746	-2.723
TGTACA	TGTACA	6	4.44	0.0006389776357827476	0.0004723609782595859	0.286087354741788	914.6212731094962	-2.961
TGTACG	TGTACG	1	2.59	0.00010649627263045793	0.00027554390398475863	0.9247814391311481	2956.5262609022802	-3.471
TGTACT	TGTACT	3	1.85	0.0003194888178913738	0.00019681707427482754	0.282294094174781	902.4942190767749	-2.955
TGTAGA	TGTAGA	3	2.76	0.0003194888178913738	0.0002943172249155882	0.5218339996567543	1668.3032969026433	-3.222
TGTAGC	TGTAGC	3	3.11	0.0003194888178913738	0.0003311068780300368	0.6008020849194866	1920.7642654875988	-3.283
TGTAGG	TGTAGG	2	0.69	0.00021299254526091586	7.35793062288971e-05	0.15265133829707753	488.0263285357569	-2.688
TGTAGT	TGTAGT	1	2.42	0.00010649627263045793	0.0002575275718011396	0.9109167451907049	2912.2008343746834	-3.464
TGTATA	TGTATA	5	5.85	0.0005324813631522897	0.0006235164913026537	0.6950408309545572	2222.045536561719	-3.347
TGTATC	TGTATC	2	1.60	0.00021299254526091586	0.00017004995217345095	0.4740247135937251	1515.4570093591392	-3.181
TGTATG	TGTATG	3	1.86	0.0003194888178913738	0.00019839161086902625	0.2862740179018922	915.2180352323494	-2.962
TGTATT	TGTATT	2	2.66	0.00021299254526091586	0.00028341658695575173	0.7442278986458011	2379.296591970626	-3.376
TGTCAA	TGTCAA	4	2.95	0.0004259850905218317	0.0003141200505426246	0.3414751611112391	1091.6960900726315	-3.038
TGTCAC	TGTCAC	1	1.40	0.00010649627263045793	0.00014879370815176955	0.7527049002232941	2406.3975660138713	-3.381
TGTCAT	TGTCAT	2	1.86	0.00021299254526091586	0.00019839161086902604	0.5556146101481313	1776.2999086435757	-3.25
TGTCCA	TGTCCA	1	1.11	0.00010649627263045793	0.00011809024456489645	0.6700675678228796	2142.206014329746	-3.331
TGTCCG	TGTCCG	2	1.11	0.00021299254526091586	0.00011809024456489645	0.30421625074547637	972.579353633288	-2.988
TGTCCT	TGTCCT	2	1.11	0.00021299254526091586	0.00011809024456489645	0.30421625074547637	972.579353633288	-2.988
TGTCGA	TGTCGA	3	2.17	0.0003194888178913738	0.00023104613067044964	0.36910327699861156	1180.0231765645613	-3.072
TGTCGC	TGTCGC	2	3.04	0.00021299254526091586	0.0003234645829386296	0.8063587867760549	2577.9290413230474	-3.411
TGTCGT	TGTCGT	5	3.91	0.0005324813631522897	0.0004158830352068097	0.3526379302677613	1127.3834630660328	-3.052
TGTCTC	TGTCTC	2	1.26	0.00021299254526091586	0.00013424996224219803	0.3591588827680994	1148.2309482096136	-3.06
TGTCTT	TGTCTT	2	1.26	0.00021299254526091586	0.00013424996224219803	0.3591588827680994	1148.2309482096136	-3.06
TGTGAA	TGTGAA	8	4.35	0.0008519701810436634	0.000462913758694394	0.07450378619383267	238.18860446168307	-2.377
TGTGAG	TGTGAG	1	1.86	0.00010649627263045793	0.00019839161086902604	0.8447777357123574	2700.7544210724063	-3.431
TGTGAT	TGTGAT	5	5.28	0.0005324813631522897	0.0005621095641289071	0.6068961235811585	1940.2469070889638	-3.288
TGTGCA	TGTGCA	2	3.05	0.00021299254526091586	0.0003247481725534654	0.8081075535229236	2583.519848612787	-3.412
TGTGCC	TGTGCC	2	1.11	0.00021299254526091586	0.00011809024456489645	0.30421625074547637	972.579353633288	-2.988
TGTGCT	TGTGCT	1	0.55	0.00010649627263045793	5.904512228244822e-05	0.4256025485979936	1360.6513478677857	-3.134
TGTGGA	TGTGGA	1	2.96	0.00010649627263045793	0.00031475592109028174	0.9479503963653091	3030.597417179893	-3.482
TGTGGC	TGTGGC	4	2.96	0.0004259850905218317	0.00031475592109028174	0.3428123679785774	1095.971140427512	-3.04
TGTGGG	TGTGGG	3	1.69	0.0003194888178913738	0.00017986052633730388	0.2398470057701333	766.7908774471161	-2.885
TGTGGT	TGTGGT	3	3.38	0.0003194888178913738	0.0003597210526746078	0.655954456294572	2097.086396773747	-3.322
TGTGTA	TGTGTA	1	2.25	0.00010649627263045793	0.00023913274524391538	0.8941208021668309	2858.5042045273585	-3.456
TGTGTC	TGTGTC	1	1.50	0.00010649627263045793	0.00015942183016261037	0.7761929506640187	2481.488863272868	-3.395
TGTGTG	TGTGTG	4	2.62	0.0004259850905218317	0.00027898820278456814	0.2682907349781933	857.7254797252839	-2.933
TGTGTT	TGTGTT	3	2.62	0.0003194888178913738	0.00027898820278456814	0.4865044920327759	1555.3548610287846	-3.192
TGTTAA	TGTTAA	4	2.95	0.0004259850905218317	0.0003136592105638348	0.3405061199210078	1088.598065387462	-3.037
TGTTAC	TGTTAC	2	2.68	0.00021299254526091586	0.00028514473687621356	0.7472295304212186	2388.892808756636	-3.378
TGTTAG	TGTTAG	3	2.68	0.0003194888178913738	0.00028514473687621356	0.5008500753668508	1601.217690947822	-3.204
TGTTAT	TGTTAT	2	2.68	0.00021299254526091586	0.00028514473687621356	0.7472295304212186	2388.892808756636	-3.378
TGTTCA	TGTTCA	3	2.61	0.0003194888178913738	0.00027770254286390173	0.48348342173313	1545.6964992808166	-3.189
TGTTCG	TGTTCG	2	1.16	0.00021299254526091586	0.0001234233523839564	0.32248627847322764	1030.9886322789087	-3.013
TGTTCT	TGTTCT	4	4.35	0.0004259850905218317	0.0004628375714398365	0.6310670679518378	2017.5214162420252	-3.305
TGTTGA	TGTTGA	1	1.68	0.00010649627263045793	0.00017855244978212358	0.8129926771846974	2599.1375889594774	-3.415
TGTTGC	TGTTGC	1	0.84	0.00010649627263045793	8.927622489106186e-05	0.5675565669185131	1814.4783444384864	-3.259
TGTTGG	TGTTGG	3	2.24	0.0003194888178913738	0.0002380699330428314	0.38678295423239395	1236.5451046809635	-3.092
TGTTGT	TGTTGT	2	2.24	0.00021299254526091586	0.0002380699330428314	0.653994430080882	2090.8201929685797	-3.32
TGTTTA	TGTTTA	6	6.40	0.0006389776357827476	0.000681971162362277	0.6168075767740149	1971.9338229465257	-3.295
TGTTTC	TGTTTC	3	4.95	0.0003194888178913738	0.0005269777163708507	0.8709273045309204	2784.3545925853523	-3.445
TGTTTG	TGTTTG	4	3.20	0.0004259850905218317	0.00034098558118113883	0.39789311682358736	1272.0642944850088	-3.105
TGTTTT	TGTTTT	8	6.40	0.0008519701810436634	0.000681971162362277	0.3132168494592684	1001.3542677212812	-3.001
TTAAAA	TTAAAA	9	6.71	0.0009584664536741214	0.0007145171183191686	0.23387226279718026	747.6896241625853	-2.874
TTAAAC	TTAAAC	2	2.81	0.00021299254526091586	0.00029963621090803826	0.7712246098240576	2465.605077607512	-3.392
TTAAAG	TTAAAG	5	4.33	0.0005324813631522897	0.0004609787860123669	0.43508237210886697	1390.9583436320477	-3.143
TTAAAT	TTAAAT	2	4.11	0.00021299254526091586	0.00043792984671174845	0.9163018997218256	2929.4171734106767	-3.467
TTAACA	TTAACA	4	5.76	0.0004259850905218317	0.0006137740461260491	0.8263956362767209	2641.9868491766765	-3.422
TTAACC	TTAACC	2	1.65	0.00021299254526091586	0.00017536401317887117	0.4900112241978587	1566.5658837605542	-3.195
TTAACT	TTAACT	4	2.47	0.0004259850905218317	0.00026304601976830685	0.2360310905670939	754.5913965429992	-2.878
TTAAGA	TTAAGA	1	4.54	0.00010649627263045793	0.0004830964550382127	0.9892867685014292	3162.749798899069	-3.5
TTAAGC	TTAAGC	1	1.59	0.00010649627263045793	0.00016908375926337447	0.7956041040717513	2543.546320717389	-3.405
TTAAGG	TTAAGG	3	1.36	0.0003194888178913738	0.00014492893651146387	0.15713024421402247	502.34539075222983	-2.701
TTAAGT	TTAAGT	5	2.49	0.0005324813631522897	0.0002657030502710169	0.10814853323359701	345.7508607478096	-2.539
TTAATA	TTAATA	4	6.34	0.0004259850905218317	0.0006751983395122313	0.8766640236377278	2802.694883569816	-3.448
TTAATC	TTAATC	3	3.17	0.0003194888178913738	0.0003375991697561156	0.6138118807076454	1962.3565826223423	-3.293
TTAATG	TTAATG	5	2.38	0.0005324813631522897	0.0002531993773170867	0.0930733274253441	297.5554277788251	-2.474
TTAATT	TTAATT	6	6.08	0.0006389776357827476	0.0006470650753658881	0.5664397784260545	1810.9079716280962	-3.258
TTACAA	TTACAA	6	7.20	0.0006389776357827476	0.0007666186368475241	0.7239278345060486	2314.3972869158374	-3.364
TTACAC	TTACAC	3	3.60	0.0003194888178913738	0.000383309318423762	0.6971246791965775	2228.707599391458	-3.348
TTACAG	TTACAG	2	3.24	0.00021299254526091586	0.00034497838658138606	0.8338622125854005	2665.8574936355253	-3.426
TTACAT	TTACAT	10	7.92	0.0010649627263045794	0.0008432805005322763	0.2733045801586491	873.7547427672013	-2.941
TTACCA	TTACCA	4	4.30	0.0004259850905218317	0.0004574713387274901	0.6220644883964789	1988.740169403543	-3.299
TTACCC	TTACCC	1	1.56	0.00010649627263045793	0.00016635321408272358	0.790295667377621	2526.5752486062543	-3.403
TTACCG	TTACCG	1	0.78	0.00010649627263045793	8.317660704136178e-05	0.5420651436913989	1732.9822643814023	-3.239
TTACCT	TTACCT	3	2.34	0.0003194888178913738	0.00024952982112408546	0.4153532970564195	1327.884490689373	-3.123
TTACGA	TTACGA	3	2.20	0.0003194888178913738	0.00023455165817027723	0.37794046649047924	1208.2756713700621	-3.082
TTACGG	TTACGG	1	1.38	0.00010649627263045793	0.0001465947863564232	0.7475457018026239	2389.9036086629885	-3.378
TTACGT	TTACGT	4	3.58	0.0004259850905218317	0.0003811464445267005	0.48030685611639257	1535.541019004107	-3.186
TTACTA	TTACTA	3	6.32	0.0003194888178913738	0.0006731143940199092	0.9508969390765423	3040.0175142277058	-3.483
TTACTC	TTACTC	6	3.61	0.0006389776357827476	0.0003846367965828053	0.15750144501356964	503.53211970838214	-2.702
TTACTG	TTACTG	2	3.61	0.00021299254526091586	0.0003846367965828053	0.8754607557478902	2798.848036126005	-3.447
TTACTT	TTACTT	7	5.42	0.0007454739084132055	0.000576955194874208	0.30107028128043506	962.5216892535509	-2.983
TTAGAA	TTAGAA	3	3.80	0.0003194888178913738	0.0004048808385082166	0.7313989435074307	2338.282422393256	-3.369
TTAGAC	TTAGAC	2	1.19	0.00021299254526091586	0.00012652526203381774	0.33305741985596765	1064.7845712795286	-3.027
TTAGAG	TTAGAG	2	1.90	0.00021299254526091586	0.00020244041925410828	0.5665111254275793	1811.136067991971	-3.258
TTAGAT	TTAGAT	3	3.09	0.0003194888178913738	0.000328965681287926	0.5964484715607362	1906.8457635796738	-3.28
TTAGCA	TTAGCA	2	1.50	0.00021299254526091586	0.00015942183016261037	0.4411602915188068	1410.3894519856253	-3.149
TTAGCT	TTAGCT	3	1.50	0.0003194888178913738	0.00015942183016261037	0.19039320659690695	608.6870814903115	-2.784
TTAGGA	TTAGGA	1	1.07	0.00010649627263045793	0.00011387273583043594	0.6567392750252408	2099.5954622556947	-3.322
TTAGGC	TTAGGC	1	0.71	0.00010649627263045793	7.591515722029061e-05	0.5097517219475693	1629.676255066379	-3.212
TTAGGT	TTAGGT	3	2.85	0.0003194888178913738	0.0003036606288811625	0.5427016675908501	1735.0172312879479	-3.239
TTAGTA	TTAGTA	6	5.93	0.0006389776357827476	0.0006316714025310973	0.5432386992107593	1736.7341213767975	-3.24
TTAGTC	TTAGTC	7	5.54	0.0007454739084132055	0.0005895599756956908	0.3196242494039142	1021.8387253443137	-3.009
TTAGTG	TTAGTG	2	1.98	0.00021299254526091586	0.00021055713417703257	0.5877689312073007	1879.0972730697401	-3.274
TTAGTT	TTAGTT	6	7.51	0.0006389776357827476	0.0008001171098727228	0.7599931920057701	2429.698234842447	-3.386
TTATAA	TTATAA	9	5.07	0.0009584664536741214	0.0005397418825113204	0.07263519644418549	232.21472303206102	-2.366
TTATAC	TTATAC	1	3.29	0.00010649627263045793	0.0003501028427100456	0.9626516181777495	3077.597223314265	-3.488
TTATAG	TTATAG	2	1.10	0.00021299254526091586	0.00011670094757001527	0.2994405909540532	957.311569280108	-2.981
TTATAT	TTATAT	9	11.51	0.0009584664536741214	0.0012253599494851596	0.8098805498082409	2589.188117736946	-3.413
TTATCA	TTATCA	7	5.32	0.0007454739084132055	0.0005668331739115029	0.28633843039205936	915.4239619634138	-2.962
TTATCC	TTATCC	1	2.33	0.00010649627263045793	0.0002479895135862827	0.9025700414106941	2885.5164223899887	-3.46
TTATCG	TTATCG	2	2.33	0.00021299254526091586	0.0002479895135862827	0.6756925419217268	2160.1890565237604	-3.334
TTATCT	TTATCT	5	4.99	0.0005324813631522897	0.0005314061005420338	0.5577332855956265	1783.073314049218	-3.251
TTATGA	TTATGA	2	1.75	0.00021299254526091586	0.00018599213518971186	0.5210461825318159	1665.7846455542153	-3.222
TTATGC	TTATGC	2	1.92	0.00021299254526091586	0.00020459134870868298	0.572220813959142	1829.389942227377	-3.262
TTATGT	TTATGT	3	2.45	0.0003194888178913738	0.0002603889892655967	0.4420166015475504	1413.1270751475186	-3.15
TTATTA	TTATTA	8	8.34	0.0008519701810436634	0.0008884632332657822	0.5937644277012493	1898.264875360894	-3.278
TTATTC	TTATTC	5	3.82	0.0005324813631522897	0.00040721231524681683	0.3367700569552543	1076.653872085948	-3.032
TTATTG	TTATTG	2	4.17	0.00021299254526091586	0.000444231616632891	0.9201977857695254	2941.8723211051724	-3.469
TTATTT	TTATTT	15	14.60	0.001597444089456869	0.0015548106582151187	0.49285660239140766	1575.6625578453302	-3.197
TTCAAA	TTCAAA	9	9.25	0.0009584664536741214	0.0009850841445868763	0.5767926699943395	1844.0061659719036	-3.266
TTCAAC	TTCAAC	7	4.11	0.0007454739084132055	0.0004378151753719448	0.12256679696462987	391.8460498959217	-2.593
TTCAAG	TTCAAG	1	3.43	0.00010649627263045793	0.00036484597947662083	0.9674801220467762	3093.0339501835438	-3.49
TTCAAT	TTCAAT	6	6.17	0.0006389776357827476	0.0006567227630579174	0.5806996439183999	1856.4967616071244	-3.269
TTCACA	TTCACA	2	2.66	0.00021299254526091586	0.00028341658695575173	0.7442278986458011	2379.296591970626	-3.376
TTCACC	TTCACC	2	2.66	0.00021299254526091586	0.00028341658695575173	0.7442278986458011	2379.296591970626	-3.376
TTCACG	TTCACG	6	4.66	0.0006389776357827476	0.0004959790271725654	0.3241397363640918	1036.2747371560015	-3.015
TTCACT	TTCACT	3	2.99	0.0003194888178913738	0.0003188436603252208	0.5754512975307434	1839.7177982057867	-3.265
TTCAGC	TTCAGC	3	2.48	0.0003194888178913738	0.00026387061544156195	0.4504655776010498	1440.1384515905563	-3.158
TTCAGG	TTCAGG	2	1.86	0.00021299254526091586	0.0001979029615811715	0.554286399580439	1772.0536194586634	-3.248
TTCAGT	TTCAGT	4	2.48	0.0004259850905218317	0.00026387061544156195	0.2376773481020088	759.8544818821222	-2.881
TTCATA	TTCATA	1	4.77	0.00010649627263045793	0.0005083014874749896	0.9915446082771896	3169.9681126621754	-3.501
TTCATC	TTCATC	4	5.73	0.0004259850905218317	0.0006099617849699873	0.822777730744902	2630.4204051914517	-3.42
TTCATG	TTCATG	7	3.50	0.0007454739084132055	0.00037275442414832555	0.06530074519547382	208.76648238992982	-2.32
TTCATT	TTCATT	10	7.95	0.0010649627263045794	0.000847169145791649	0.27779813737002823	888.1206451719803	-2.948
TTCCAA	TTCCAA	5	5.02	0.0005324813631522897	0.0005348345269971438	0.5633752738657902	1801.1107505489313	-3.256
TTCCAC	TTCCAC	3	2.93	0.0003194888178913738	0.0003119868074150008	0.5608437777861945	1793.017557582464	-3.254
TTCCAG	TTCCAG	1	1.26	0.00010649627263045793	0.00013370863174928606	0.7150735072413787	2286.090002650688	-3.359
TTCCAT	TTCCAT	4	3.77	0.0004259850905218317	0.00040112589524785795	0.5196523618428173	1661.3286008114867	-3.22
TTCCCA	TTCCCA	4	2.24	0.0004259850905218317	0.00023806993304283116	0.1876679473805584	599.9744277756452	-2.778
TTCCCC	TTCCCC	2	1.12	0.00021299254526091586	0.00011903496652141557	0.307460248185447	982.950413448874	-2.993
TTCCCT	TTCCCT	1	1.96	0.00010649627263045793	0.0002083111914124772	0.858582969019101	2744.889751954066	-3.439
TTCCGA	TTCCGA	1	1.28	0.00010649627263045793	0.00013664728299652307	0.7228282662147333	2310.8819670885023	-3.364
TTCCGC	TTCCGC	2	1.28	0.00021299254526091586	0.00013664728299652307	0.36718422901337755	1173.887980155768	-3.07
TTCCGT	TTCCGT	3	2.57	0.0003194888178913738	0.0002732945659930462	0.47306151879372765	1512.3776755835472	-3.18
TTCCTC	TTCCTC	6	4.93	0.0006389776357827476	0.0005251542640650691	0.3719688516916965	1189.1844188583539	-3.075
TTCCTG	TTCCTG	2	2.47	0.00021299254526091586	0.0002625771320325345	0.7055699138849363	2255.7070146901415	-3.353
TTCCTT	TTCCTT	6	4.52	0.0006389776357827476	0.00048139140872631333	0.300535269443655	960.811256411365	-2.983
TTCGAA	TTCGAA	2	1.82	0.00021299254526091586	0.00019407874976317766	0.5437945691542675	1738.5112375861931	-3.24
TTCGAG	TTCGAG	3	2.34	0.0003194888178913738	0.0002495298211240857	0.41535329705642016	1327.8844906893753	-3.123
TTCGAT	TTCGAT	1	1.30	0.00010649627263045793	0.00013862767840226985	0.7279348992136345	2327.2078727859894	-3.367
TTCGCA	TTCGCA	1	2.43	0.00010649627263045793	0.0002587716663509038	0.9119513650281345	2915.508513994946	-3.465
TTCGCC	TTCGCC	1	0.61	0.00010649627263045793	6.469291658772592e-05	0.4552707990302565	1455.5007444997302	-3.163
TTCGCT	TTCGCT	5	3.04	0.0005324813631522897	0.0003234645829386296	0.19104831894084223	610.7814756538726	-2.786
TTCGGA	TTCGGA	1	0.73	0.00010649627263045793	7.729543280611408e-05	0.5160647266949823	1649.8589312438583	-3.217
TTCGGC	TTCGGC	1	0.36	0.00010649627263045793	3.864771640305703e-05	0.3043454353596047	972.9923568446561	-2.988
TTCGTA	TTCGTA	1	1.14	0.00010649627263045793	0.00012146425155246504	0.6803566135886119	2175.100093642792	-3.337
TTCGTC	TTCGTC	3	2.85	0.0003194888178913738	0.0003036606288811625	0.5427016675908501	1735.0172312879479	-3.239
TTCGTG	TTCGTG	3	1.43	0.0003194888178913738	0.00015183031444058123	0.17274342544188223	552.2607311376975	-2.742
TTCGTT	TTCGTT	3	4.56	0.0003194888178913738	0.0004858570062098603	0.8332978737805774	2664.053302476506	-3.426
TTCTAA	TTCTAA	7	6.10	0.0007454739084132055	0.0006492816355713582	0.4092342305188984	1308.3218349689182	-3.117
TTCTAC	TTCTAC	4	3.05	0.0004259850905218317	0.00032464081778567903	0.36360524644495806	1162.4459728845309	-3.065
TTCTAG	TTCTAG	3	3.92	0.0003194888178913738	0.0004173953371530161	0.7498384239118893	2397.23344124631	-3.38
TTCTAT	TTCTAT	10	10.89	0.0010649627263045794	0.0011594314920917114	0.6471079435799756	2068.804095625182	-3.316
TTCTCA	TTCTCA	2	3.04	0.00021299254526091586	0.0003234645829386296	0.8063587867760549	2577.9290413230474	-3.411
TTCTCC	TTCTCC	4	3.91	0.0004259850905218317	0.0004158830352068097	0.5477815943969768	1751.2577572871348	-3.243
TTCTCG	TTCTCG	5	3.47	0.0005324813631522897	0.0003696738090727196	0.2691356386454124	860.4266367493834	-2.935
TTCTCT	TTCTCT	9	9.55	0.0009584664536741214	0.0010166029749499794	0.6138092017321246	1962.3480179376024	-3.293
TTCTGA	TTCTGA	4	2.76	0.0004259850905218317	0.0002943172249155882	0.29998396004717715	959.0487202708254	-2.982
TTCTGC	TTCTGC	2	2.07	0.00021299254526091586	0.00022073791868669116	0.6133219894188273	1960.790400171991	-3.292
TTCTGG	TTCTGG	2	1.04	0.00021299254526091586	0.00011036895934334557	0.27761598459916603	887.5383027635338	-2.948
TTCTGT	TTCTGT	1	3.11	0.00010649627263045793	0.0003311068780300368	0.9553585993441444	3054.2814421032294	-3.485
TTCTTA	TTCTTA	2	2.40	0.00021299254526091586	0.00025507492826017645	0.6905022882723297	2207.535815606638	-3.344
TTCTTC	TTCTTC	3	4.39	0.0003194888178913738	0.0004676373684769903	0.8137992049892616	2601.7160583506693	-3.415
TTCTTG	TTCTTG	9	6.39	0.0009584664536741214	0.0006801998086938039	0.19518854798789753	624.0177879173084	-2.795
TTCTTT	TTCTTT	10	10.78	0.0010649627263045794	0.0011478371771707937	0.6349407236787775	2029.9054936010518	-3.307
TTGAAA	TTGAAA	5	4.90	0.0005324813631522897	0.0005217441714412705	0.5416410508616984	1731.62643960485	-3.238
TTGAAC	TTGAAC	3	2.72	0.0003194888178913738	0.0002898578730229278	0.5116921276817559	1635.8797321985735	-3.214
TTGAAG	TTGAAG	2	2.99	0.00021299254526091586	0.0003188436603252208	0.7999450629185669	2557.4243661506584	-3.408
TTGAAT	TTGAAT	5	4.35	0.0005324813631522897	0.00046377259683668467	0.4401372586275157	1407.1188158321677	-3.148
TTGACA	TTGACA	5	3.63	0.0005324813631522897	0.0003864771640305703	0.2991196483013454	956.2855156194013	-2.981
TTGACC	TTGACC	1	1.51	0.00010649627263045793	0.00016103215167940433	0.7795516615455411	2492.226661961095	-3.397
TTGACG	TTGACG	2	0.91	0.00021299254526091586	9.661929100764275e-05	0.23017343691671338	735.8644778227326	-2.867
TTGACT	TTGACT	2	3.93	0.00021299254526091586	0.0004186835943664515	0.9032677212421858	2887.746904811268	-3.461
TTGAGA	TTGAGA	1	0.63	0.00010649627263045793	6.712498112109915e-05	0.4675698548001882	1494.8208257962017	-3.175
TTGAGG	TTGAGG	1	0.84	0.00010649627263045793	8.949997482813219e-05	0.5684641819325786	1817.379989638454	-3.259
TTGAGT	TTGAGT	2	1.89	0.00021299254526091586	0.00020137494336329732	0.5636624501655202	1802.028853179168	-3.256
TTGATA	TTGATA	5	5.41	0.0005324813631522897	0.0005766321516519951	0.6290172484805019	2010.9681433921646	-3.303
TTGATC	TTGATC	2	2.87	0.00021299254526091586	0.0003052758449922325	0.7800115175453266	2493.6968215924094	-3.397
TTGATG	TTGATG	1	2.23	0.00010649627263045793	0.00023743676832729206	0.8924211545914457	2853.0704312288517	-3.455
TTGATT	TTGATT	7	4.46	0.0007454739084132055	0.00047487353665458417	0.16374055904551812	523.4785672685215	-2.719
TTGCAA	TTGCAA	1	1.58	0.00010649627263045793	0.00016849461724503502	0.7944702436827306	2539.9213690536894	-3.405
TTGCAC	TTGCAC	1	1.83	0.00010649627263045793	0.00019441686605196367	0.8388749282196268	2681.883145518147	-3.428
TTGCAG	TTGCAG	2	0.49	0.00021299254526091586	5.1844497613856927e-05	0.086233612852777	275.6888602903281	-2.44
TTGCAT	TTGCAT	1	1.10	0.00010649627263045793	0.00011665011963117814	0.6655756633434611	2127.845395709045	-3.328
TTGCCA	TTGCCA	1	3.88	0.00010649627263045793	0.0004133158559771376	0.9793705556765507	3131.047666497933	-3.496
TTGCCC	TTGCCC	1	0.39	0.00010649627263045793	4.133158559771376e-05	0.32165792899125034	1028.3403989850274	-3.012
TTGCCT	TTGCCT	5	1.94	0.0005324813631522897	0.00020665792798856878	0.04744589999674115	151.68454228958146	-2.181
TTGCGA	TTGCGA	1	1.05	0.00010649627263045793	0.00011187496853516496	0.6502392587008146	2078.814910066504	-3.318
TTGCGC	TTGCGC	1	2.10	0.00010649627263045793	0.00022374993707032994	0.8776674238458444	2805.9027540351644	-3.448
TTGCGT	TTGCGT	3	1.58	0.0003194888178913738	0.00016781245280274748	0.21039637542197917	672.6372122240674	-2.828
TTGCTA	TTGCTA	4	4.11	0.0004259850905218317	0.0004372713055888737	0.5869554786944273	1876.4966653860843	-3.273
TTGCTC	TTGCTC	4	3.65	0.0004259850905218317	0.000388685604967888	0.4953111869129838	1583.5098645608093	-3.2
TTGCTG	TTGCTG	1	1.37	0.00010649627263045793	0.00014575710186295784	0.7455521018872175	2383.5300697334346	-3.377
TTGCTT	TTGCTT	7	6.84	0.0007454739084132055	0.0007287855093147899	0.5266883179900639	1683.8225526142342	-3.226
TTGGAA	TTGGAA	5	4.61	0.0005324813631522897	0.0004905287081926473	0.4879028231549555	1559.8253256263927	-3.193
TTGGAC	TTGGAC	2	2.30	0.00021299254526091586	0.0002452643540963236	0.6698444474329379	2141.4926984431027	-3.331
TTGGAG	TTGGAG	1	0.77	0.00010649627263045793	8.17547846987745e-05	0.5359103008573707	1713.3052318410141	-3.234
TTGGAT	TTGGAT	2	2.30	0.00021299254526091586	0.0002452643540963236	0.6698444474329379	2141.4926984431027	-3.331
TTGGCA	TTGGCA	3	3.59	0.0003194888178913738	0.0003826123923902648	0.6959639303586325	2224.996685356548	-3.347
TTGGCC	TTGGCC	3	1.60	0.0003194888178913738	0.0001700499521734511	0.21580688220669267	689.9346024147965	-2.839
TTGGCG	TTGGCG	1	1.20	0.00010649627263045793	0.00012753746413008823	0.6980750456996152	2231.74592110167	-3.349
TTGGCT	TTGGCT	3	3.59	0.0003194888178913738	0.0003826123923902648	0.6959639303586325	2224.996685356548	-3.347
TTGGGC	TTGGGC	3	1.25	0.0003194888178913738	0.00013285152513550856	0.1309677712043701	418.70396454037115	-2.622
TTGGGG	TTGGGG	1	1.56	0.00010649627263045793	0.0001660644064193858	0.7897261975430779	2524.75465354522	-3.402
TTGGGT	TTGGGT	1	1.25	0.00010649627263045793	0.00013285152513550856	0.7127711002564304	2278.729207519808	-3.358
TTGGTA	TTGGTA	1	3.30	0.00010649627263045793	0.00035182748725541595	0.963251582127129	3079.5153080604314	-3.488
TTGGTG	TTGGTG	4	3.30	0.0004259850905218317	0.00035182748725541595	0.42047022772857123	1344.2433180482421	-3.128
TTGGTT	TTGGTT	7	4.96	0.0007454739084132055	0.0005277412308831235	0.23133758033020949	739.5862443156798	-2.869
TTGTAA	TTGTAA	4	3.83	0.0004259850905218317	0.00040821650450729	0.5332739926568576	1704.8769545239738	-3.232
TTGTAC	TTGTAC	3	2.95	0.0003194888178913738	0.00031401269577483837	0.5651913675586647	1806.9168020850511	-3.257
TTGTAG	TTGTAG	4	2.65	0.0004259850905218317	0.0002826114261973544	0.2757325578035375	881.5169872979094	-2.945
TTGTAT	TTGTAT	2	3.54	0.00021299254526091586	0.0003768152349298059	0.8681042779144105	2775.32937649237	-3.443
TTGTCA	TTGTCA	3	3.22	0.0003194888178913738	0.00034337009573485246	0.6251332631459449	1998.5510422775858	-3.301
TTGTCC	TTGTCC	4	2.30	0.0004259850905218317	0.0002452643540963233	0.20126972130088677	643.459298998935	-2.809
TTGTCG	TTGTCG	3	4.61	0.0003194888178913738	0.0004905287081926467	0.8380051505917433	2679.1024664418032	-3.428
TTGTCT	TTGTCT	2	1.84	0.00021299254526091586	0.00019621148327705854	0.549667002579554	1757.2854072468342	-3.245
TTGTGA	TTGTGA	4	3.94	0.0004259850905218317	0.00041967456145370854	0.5548683704906593	1773.9141804586377	-3.249
TTGTGG	TTGTGG	4	3.10	0.0004259850905218317	0.00032974429828505684	0.3743321691961342	1196.7399449200411	-3.078
TTGTGT	TTGTGT	3	2.53	0.0003194888178913738	0.00026979078950595557	0.4647090209148046	1485.6747398646303	-3.172
TTGTTA	TTGTTA	4	5.03	0.0004259850905218317	0.0005358344847132174	0.7393660685507434	2363.7533211567265	-3.374
TTGTTC	TTGTTC	7	4.12	0.0007454739084132055	0.00043841003294717784	0.1231814355446159	393.811049436137	-2.595
TTGTTG	TTGTTG	2	3.20	0.00021299254526091586	0.00034098558118113845	0.8290405023362551	2650.4424859690075	-3.423
TTGTTT	TTGTTT	9	9.61	0.0009584664536741214	0.0010229567435434148	0.6210679346769661	1985.5541871622606	-3.298
TTTAAA	TTTAAA	7	8.82	0.0007454739084132055	0.0009397497356953865	0.7767382518850364	2483.2321912764614	-3.395
TTTAAC	TTTAAC	5	5.39	0.0005324813631522897	0.0005742915051471805	0.6255035038322706	1999.734701751769	-3.301
TTTAAG	TTTAAG	5	4.90	0.0005324813631522897	0.000522083186497437	0.5422103667084697	1733.4465423669776	-3.239
TTTAAT	TTTAAT	11	8.82	0.0011714589989350373	0.0009397497356953865	0.2733865731704064	874.0168744257892	-2.942
TTTACA	TTTACA	6	8.33	0.0006389776357827476	0.0008868984574563597	0.8369961207087298	2675.876597905809	-3.427
TTTACC	TTTACC	3	3.41	0.0003194888178913738	0.0003628220962321471	0.6615891144062793	2115.100398756875	-3.325
TTTACG	TTTACG	3	3.03	0.0003194888178913738	0.00032250852998413096	0.5831325313427437	1864.2747027027515	-3.271
TTTACT	TTTACT	10	7.19	0.0010649627263045794	0.0007659577587123106	0.18953178324491338	605.9331110339881	-2.782
TTTAGA	TTTAGA	7	4.87	0.0007454739084132055	0.0005184449761385698	0.21880921935031336	699.5330742629518	-2.845
TTTAGC	TTTAGC	2	2.43	0.00021299254526091586	0.00025922248806928484	0.6989095388794604	2234.413795797635	-3.349
TTTAGG	TTTAGG	4	2.43	0.0004259850905218317	0.00025922248806928484	0.22843404368390363	730.3036376574399	-2.864
TTTAGT	TTTAGT	7	10.22	0.0007454739084132055	0.001088734449890996	0.8833170477896797	2823.9646017836058	-3.451
TTTATA	TTTATA	11	9.06	0.0011714589989350373	0.0009651483772006672	0.30147717135250374	963.8225168139544	-2.984
TTTATC	TTTATC	9	6.47	0.0009584664536741214	0.000689391698000477	0.20527482017153886	656.2636000884097	-2.817
TTTATG	TTTATG	1	3.02	0.00010649627263045793	0.0003217161257335559	0.9512433860825008	3041.125105305755	-3.483
TTTATT	TTTATT	11	13.38	0.0011714589989350373	0.0014247428425343187	0.779385553717455	2491.695615234704	-3.396
TTTCAA	TTTCAA	12	11.99	0.0012779552715654952	0.001276960928168173	0.5373344125681242	1717.858116980293	-3.235
TTTCAC	TTTCAC	8	6.78	0.0008519701810436634	0.0007217605246167934	0.3681476723263269	1176.968108427267	-3.071
TTTCAG	TTTCAG	6	4.69	0.0006389776357827476	0.0004996803631962413	0.3301709940371452	1055.5566679367532	-3.023
TTTCAT	TTTCAT	9	11.47	0.0009584664536741214	0.0012214408878130343	0.8070416899260073	2580.1122826934456	-3.412
TTTCCA	TTTCCA	5	7.14	0.0005324813631522897	0.0007599107237751092	0.8390198533906852	2682.3464712900204	-3.429
TTTCCC	TTTCCC	5	3.84	0.0005324813631522897	0.00040918269741736644	0.3403717541015438	1088.1684978626356	-3.037
TTTCCG	TTTCCG	3	3.29	0.0003194888178913738	0.0003507280263577428	0.6392334875637442	2043.6294597412902	-3.31
TTTCCT	TTTCCT	9	7.68	0.0009584664536741214	0.000818365394834733	0.3634993134784443	1162.1073051905864	-3.065
TTTCGC	TTTCGC	7	3.63	0.0007454739084132055	0.0003868636411946014	0.07599987762607684	242.97160877056766	-2.386
TTTCGG	TTTCGG	1	1.04	0.00010649627263045793	0.00011053246891274325	0.6458022418866648	2064.6297673116674	-3.315
TTTCGT	TTTCGT	5	5.19	0.0005324813631522897	0.0005526623445637162	0.5921051088030471	1892.9600328433417	-3.277
TTTCTA	TTTCTA	10	11.82	0.0010649627263045794	0.0012588113342710007	0.7415503523490343	2370.736476459863	-3.375
TTTCTC	TTTCTC	13	9.85	0.0013844515441959531	0.0010490094452258343	0.1944621642047832	621.6955389626919	-2.794
TTTCTG	TTTCTG	3	4.43	0.0003194888178913738	0.00047205425035162524	0.8186965008419936	2617.3727131918536	-3.418
TTTCTT	TTTCTT	12	11.82	0.0012779552715654952	0.0012588113342710007	0.5176975662058559	1655.0791191601215	-3.219
TTTGAA	TTTGAA	2	3.40	0.00021299254526091586	0.00036232234127865995	0.8534078191315528	2728.344797763574	-3.436
TTTGAC	TTTGAC	3	2.27	0.0003194888178913738	0.00024154822751910657	0.3954947870696781	1264.396834261761	-3.102
TTTGAT	TTTGAT	5	3.40	0.0005324813631522897	0.00036232234127865995	0.25622850728600804	819.1625377933677	-2.913
TTTGCA	TTTGCA	3	2.12	0.0003194888178913738	0.00022544501235116616	0.3549377255021516	1134.7359084303787	-3.055
TTTGCC	TTTGCC	4	2.96	0.0004259850905218317	0.0003156230172916327	0.34463602219347667	1101.8013629525449	-3.042
TTTGCG	TTTGCG	2	2.12	0.00021299254526091586	0.00022544501235116616	0.624719131588399	1997.2270636881115	-3.3
TTTGCT	TTTGCT	5	6.77	0.0005324813631522897	0.0007214240395237322	0.8053926597722283	2574.8403332918137	-3.411
TTTGGA	TTTGGA	4	4.32	0.0004259850905218317	0.0004595944653336517	0.6256428917981773	2000.180325078773	-3.301
TTTGGC	TTTGGC	5	4.32	0.0005324813631522897	0.0004595944653336517	0.43257392030943453	1382.9388232292622	-3.141
TTTGGG	TTTGGG	1	2.16	0.00010649627263045793	0.0002297972326668258	0.8844204237905132	2827.492094858271	-3.451
TTTGGT	TTTGGT	6	5.18	0.0006389776357827476	0.0005515133584003817	0.41536442707682625	1327.9200733646135	-3.123
TTTGTA	TTTGTA	4	4.92	0.0004259850905218317	0.0005240763612242134	0.7237200565811912	2313.7330208900685	-3.364
TTTGTC	TTTGTC	6	4.54	0.0006389776357827476	0.00048376279497619706	0.3043519384263889	973.0131471491653	-2.988
TTTGTG	TTTGTG	2	4.16	0.00021299254526091586	0.0004434492287281802	0.9197235566132174	2940.356210492456	-3.468
TTTGTT	TTTGTT	10	8.33	0.0010649627263045794	0.0008868984574563606	0.3248122954294081	1038.4249084878177	-3.016
TTTTAA	TTTTAA	8	9.31	0.0008519701810436634	0.000991958054345131	0.7116280190421522	2275.0747768777605	-3.357
TTTTAC	TTTTAC	7	7.32	0.0007454739084132055	0.0007793956141283168	0.5965936857786833	1907.3100134344506	-3.28
TTTTAG	TTTTAG	6	6.65	0.0006389776357827476	0.0007085414673893791	0.6528314454159097	2087.102130994663	-3.32
TTTTAT	TTTTAT	13	10.65	0.0013844515441959531	0.001133666347823006	0.27316941213546736	873.3226105970891	-2.941
TTTTCA	TTTTCA	15	15.85	0.001597444089456869	0.0016877064119066466	0.6181606225503808	1976.2595102935675	-3.296
TTTTCC	TTTTCC	14	9.96	0.001490947816826411	0.0010608440303413204	0.13273228017263355	424.3450997119095	-2.628
TTTTCG	TTTTCG	4	5.89	0.0004259850905218317	0.000626862381565326	0.8383521878601915	2680.211944589032	-3.428
TTTTCT	TTTTCT	16	17.21	0.0017039403620873268	0.0018323669614986465	0.6469765940252116	2068.384171098601	-3.316
TTTTGA	TTTTGA	4	3.70	0.0004259850905218317	0.0003942690423376382	0.506302987807241	1618.6506520197495	-3.209
TTTTGC	TTTTGC	3	5.18	0.0003194888178913738	0.0005519766592726936	0.8899433561560264	2845.1489096308164	-3.454
TTTTGG	TTTTGG	7	5.92	0.0007454739084132055	0.0006308304677402214	0.3814112510423522	1219.3717695824	-3.086
TTTTGT	TTTTGT	9	8.14	0.0009584664536741214	0.000867391893142804	0.4276574187644695	1367.220767790009	-3.136
TTTTTA	TTTTTA	13	15.30	0.0013844515441959531	0.001628911135132992	0.7561444892124283	2417.393932012133	-3.383
TTTTTC	TTTTTC	24	22.04	0.0025559105431309905	0.0023475484006328412	0.36610301482889457	1170.431338407976	-3.068
TTTTTG	TTTTTG	10	10.35	0.0010649627263045794	0.0011019104737664356	0.5846566136177174	1869.1471937358424	-3.272
TTTTTT	TTTTTT	40	39.14	0.004259850905218318	0.004168096139899126	0.46637439482276755	1490.998940248388	-3.173
;
;
; Job started	2026-05-30 09:16:04.316121
; Job done	2026-05-30 09:16:04.671148
; Job duration	0.355 seconds
