; Command	kmer-analysis -i data/seq/yeast_MET_upstream.fasta -k 6 -s both --markov-order 2 --return occ,exp_occ,obs_freq,exp_freq,occ_P,occ_E,occ_sig --sort alpha -o results/kmer-analysis/yeast_MET_upstream-noorf/bg-from-input/yeast_MET_upstream_k6_str-both_mkv2_bginput_enriched.tsv
;
; Fasta URL	data/seq/yeast_MET_upstream.fasta
; Input file	data/seq/yeast_MET_upstream.fasta
; Input format	Fasta
; Output file	results/kmer-analysis/yeast_MET_upstream-noorf/bg-from-input/yeast_MET_upstream_k6_str-both_mkv2_bginput_enriched.tsv
; Strand mode	both
; Oligomer length	6
;
; Sequence type	DNA
; Nb of sequence	19
; Sum of sequence lengths	9485
; Sequences:
;	MET8	463
;	MET32	547
;	MET18	568
;	MET30	177
;	MET28	489
;	MET6	687
;	MET10	338
;	MET13	380
;	MET3	800
;	MET14	800
;	MET1	702
;	MET17	800
;	MET2	481
;	MET4	800
;	MET22	215
;	MET7	250
;	MET31	161
;	MET12	384
;	MET16	443
;
;
; column headers
; seq	 oligomer sequence
; id	 oligomer identifier
; exp_freq	 expected relative frequency
; obs_freq	 observed relative frequency
; occ	 observed occurrences
; exp_occ	 expected occurrences
; occ_P	 occurrence probability
; occ_E	 E-value for occurrence
; occ_sig	 occurrence significance
;
# seq	id	occ	exp_occ	obs_freq	exp_freq	occ_P	occ_E	occ_sig
AAAAAA	AAAAAA|TTTTTT	78	24.75	0.008306709265175719	0.0026359014751033377	1.1461615875919964e-17	2.1799993395999772e-14	13.662
AAAAAC	AAAAAC|GTTTTT	10	9.60	0.0010649627263045794	0.0010228871395923395	0.4917725207843934	935.3513345319162	-2.971
AAAAAG	AAAAAG|CTTTTT	33	12.81	0.003514376996805112	0.0013638495194564526	1.7614465080884558e-06	0.003350271258384243	2.475
AAAAAT	AAAAAT|ATTTTT	37	15.39	0.003940362087326944	0.001639242210885159	2.126255561841303e-06	0.004044138078622158	2.393
AAAACA	AAAACA|TGTTTT	12	9.44	0.0012779552715654952	0.0010048342235215296	0.24115498059546261	458.6767730925699	-2.662
AAAACC	AAAACC|GGTTTT	3	3.90	0.0003194888178913738	0.00041514277779293256	0.7465962488901529	1420.0260653890707	-3.152
AAAACG	AAAACG|CGTTTT	4	3.81	0.0004259850905218317	0.0004057077146612751	0.5284762826019319	1005.1618895088745	-3.002
AAAACT	AAAACT|AGTTTT	16	7.13	0.0017039403620873268	0.000759522582098433	0.0028775176358978934	5.473038543477793	-0.738
AAAAGA	AAAAGA|TCTTTT	25	10.02	0.0026624068157614484	0.0010666012500230538	4.808740028481358e-05	0.09146223534171542	1.039
AAAAGC	AAAAGC|GCTTTT	19	6.29	0.0020234291799787005	0.0006698776143437476	3.2940522934282905e-05	0.06265287462100609	1.203
AAAAGG	AAAAGG|CCTTTT	20	5.62	0.002129925452609159	0.0005983372865982983	1.989940929301303e-06	0.0037848676475310786	2.422
AAAAGT	AAAAGT|ACTTTT	21	10.44	0.0022364217252396168	0.0011121269131337944	0.0026206412934633946	4.9844597401673765	-0.698
AAAATA	AAAATA|TATTTT	35	15.25	0.003727369542066028	0.001624599083527596	1.0319798184825478e-05	0.01962825614753806	1.707
AAAATC	AAAATC|GATTTT	6	6.12	0.0006389776357827476	0.0006517016380912992	0.5733153535455466	1090.4458024436296	-3.038
AAAATG	AAAATG|CATTTT	19	6.29	0.0020234291799787005	0.0006703216848939076	3.322864992234478e-05	0.06320089215229976	1.199
AAAATT	AAAATT|AATTTT	23	11.23	0.0024494142705005326	0.001196338007067599	0.0013601058914302594	2.5869214055003535	-0.413
AAACAA	AAACAA|TTGTTT	13	7.26	0.0013844515441959531	0.0007735954499708345	0.03463486991748866	65.87552258306343	-1.819
AAACAC	AAACAC|GTGTTT	6	5.72	0.0006389776357827476	0.0006094994454315663	0.5089017657831395	967.9311585195313	-2.986
AAACAG	AAACAG|CTGTTT	9	3.74	0.0009584664536741214	0.0003985188681667933	0.014631770433344666	27.829627364221555	-1.445
AAACAT	AAACAT|ATGTTT	5	7.12	0.0005324813631522897	0.0007579672590623324	0.8374438788158066	1592.8182575076642	-3.202
AAACCA	AAACCA|TGGTTT	8	3.88	0.0008519701810436634	0.00041302493656688634	0.044216049277361294	84.09892572554118	-1.925
AAACCC	AAACCC|GGGTTT	2	1.78	0.00021299254526091586	0.00018985823697026226	0.5320165868362345	1011.8955481625181	-3.005
AAACCG	AAACCG|CGGTTT	3	1.50	0.0003194888178913738	0.00015988062060653661	0.19147430114644567	364.1841207805397	-2.561
AAACCT	AAACCT|AGGTTT	3	2.69	0.0003194888178913738	0.00028645277858671124	0.5038715150901552	958.3636217014752	-2.982
AAACGA	AAACGA|TCGTTT	8	2.10	0.0008519701810436634	0.00022384854216543203	0.0014945283479754277	2.8425929178492635	-0.454
AAACGC	AAACGC|GCGTTT	3	2.27	0.0003194888178913738	0.00024190084395296686	0.39637614431867646	753.9074264941227	-2.877
AAACGG	AAACGG|CCGTTT	4	1.63	0.0004259850905218317	0.00017330209716033445	0.08262188450128616	157.14682432144627	-2.196
AAACGT	AAACGT|ACGTTT	5	3.63	0.0005324813631522897	0.00038631925825324527	0.29883525882605266	568.3846622871522	-2.755
AAACTA	AAACTA|TAGTTT	16	4.56	0.0017039403620873268	0.000485209869689583	2.348176722015667e-05	0.04466232125273799	1.35
AAACTC	AAACTC|GAGTTT	4	4.42	0.0004259850905218317	0.00047104315816579967	0.6445630469216561	1225.9589152449898	-3.088
AAACTG	AAACTG|CAGTTT	13	2.99	0.0013844515441959531	0.0003187510092851272	1.5770314851136905e-05	0.029995138846862394	1.523
AAACTT	AAACTT|AAGTTT	10	6.05	0.0010649627263045794	0.0006445853743321467	0.08759653611286611	166.60861168667134	-2.222
AAAGAA	AAAGAA|TTCTTT	24	9.95	0.0025559105431309905	0.001059644382537974	0.00011163150962799366	0.21232313131244393	0.673
AAAGAC	AAAGAC|GTCTTT	6	4.37	0.0006389776357827476	0.00046577775056614223	0.27565113314922196	524.2884552498201	-2.72
AAAGAG	AAAGAG|CTCTTT	12	4.43	0.0012779552715654952	0.00047159997244821907	0.002114051137944627	4.020925264370681	-0.604
AAAGAT	AAAGAT|ATCTTT	13	6.56	0.0013844515441959531	0.0006986666258492135	0.01713429158723925	32.589422598929055	-1.513
AAAGCA	AAAGCA|TGCTTT	13	5.13	0.0013844515441959531	0.0005461367807520842	0.0025005510474168983	4.756048092186941	-0.677
AAAGCC	AAAGCC|GGCTTT	6	3.08	0.0006389776357827476	0.00032768206845125035	0.09187239779027452	174.74130059710214	-2.242
AAAGCG	AAAGCG|CGCTTT	8	2.75	0.0008519701810436634	0.0002929279096761177	0.007355764107633166	13.990663332718283	-1.146
AAAGCT	AAAGCT|AGCTTT	7	4.94	0.0007454739084132055	0.0005262772614520083	0.229348691977135	436.2212121405108	-2.64
AAAGGA	AAAGGA|TCCTTT	15	4.02	0.001597444089456869	0.00042837507602143973	2.1233461302202784e-05	0.040386043396789695	1.394
AAAGGC	AAAGGC|GCCTTT	5	2.81	0.0005324813631522897	0.00029934643866558425	0.15401966817765023	292.94540887389076	-2.467
AAAGGG	AAAGGG|CCCTTT	4	2.76	0.0004259850905218317	0.00029418529317135	0.29970913813543154	570.0467807335908	-2.756
AAAGGT	AAAGGT|ACCTTT	11	4.60	0.0011714589989350373	0.0004903088219522502	0.007823638846154746	14.880561085386327	-1.173
AAAGTA	AAAGTA|TACTTT	12	7.12	0.0012779552715654952	0.0007583717964675802	0.059010971084373025	112.23886700247749	-2.05
AAAGTC	AAAGTC|GACTTT	8	5.23	0.0008519701810436634	0.000556846423979692	0.1583339424456205	301.15115853157016	-2.479
AAAGTG	AAAGTG|CACTTT	8	5.63	0.0008519701810436634	0.0005992728181876685	0.20647947807940692	392.72396730703196	-2.594
AAAGTT	AAAGTT|AACTTT	12	8.42	0.0012779552715654952	0.0008962575776435036	0.14425004536453576	274.363586283347	-2.438
AAATAA	AAATAA|TTATTT	30	10.60	0.003194888178913738	0.0011288986117001332	8.139962782446285e-07	0.0015482209212212834	2.81
AAATAC	AAATAC|GTATTT	10	7.07	0.0010649627263045794	0.0007525990744667552	0.17635289587879335	335.423207961465	-2.526
AAATAG	AAATAG|CTATTT	12	6.22	0.0012779552715654952	0.000662096654119487	0.02543985065709888	48.386595949802064	-1.685
AAATAT	AAATAT|ATATTT	28	14.67	0.002981895633652822	0.0015623575723107328	0.001254463643400169	2.3859898497471215	-0.378
AAATCA	AAATCA|TGATTT	9	5.37	0.0009584664536741214	0.0005724117416213439	0.09533293727683968	181.32324670054908	-2.258
AAATCC	AAATCC|GGATTT	6	2.74	0.0006389776357827476	0.00029181775063048896	0.06001489632174037	114.14833280395018	-2.057
AAATCG	AAATCG|CGATTT	2	2.42	0.00021299254526091586	0.00025814647171158635	0.696746825664986	1325.2124624148034	-3.122
AAATCT	AAATCT|AGATTT	6	4.93	0.0006389776357827476	0.0005247107631528987	0.37123849314538687	706.0956139625258	-2.849
AAATGA	AAATGA|TCATTT	19	4.71	0.0020234291799787005	0.0005017279568754324	5.932012961057118e-07	0.0011282688651930637	2.948
AAATGC	AAATGC|GCATTT	5	3.46	0.0005324813631522897	0.0003681510332917132	0.26645022925400597	506.78833604111935	-2.705
AAATGG	AAATGG|CCATTT	6	2.94	0.0006389776357827476	0.00031276547961065914	0.07768741728423732	147.76146767461938	-2.17
AAATGT	AAATGT|ACATTT	18	4.80	0.0019169329073482429	0.0005115018781132653	3.156577198271526e-06	0.0060038098311124425	2.222
AAATTA	AAATTA|TAATTT	15	6.07	0.001597444089456869	0.0006463044107796437	0.0015608470366162246	2.968731063644059	-0.473
AAATTC	AAATTC|GAATTT	9	5.51	0.0009584664536741214	0.000587294008056285	0.10689430569998717	203.3129694413756	-2.308
AAATTG	AAATTG|CAATTT	12	4.54	0.0012779552715654952	0.00048332329849608144	0.0025726659586729904	4.893210653396028	-0.69
AAATTT	AAATTT|AAATTT	13	12.27	0.0013844515441959531	0.001306658917445801	0.45482929023693297	865.0853100306465	-2.937
AACAAA	AACAAA|TTTGTT	16	7.26	0.0017039403620873268	0.0007735954499708354	0.0034232115475276207	6.510948363397534	-0.814
AACAAC	AACAAC|GTTGTT	3	2.82	0.0003194888178913738	0.0003002012193916673	0.5350369009157182	1017.640185541696	-3.008
AACAAG	AACAAG|CTTGTT	10	3.76	0.0010649627263045794	0.00040026829252222303	0.005388626504020747	10.24916761064746	-1.011
AACAAT	AACAAT|ATTGTT	7	4.52	0.0007454739084132055	0.0004810916977430569	0.1711917331104064	325.60667637599295	-2.513
AACACA	AACACA|TGTGTT	5	5.62	0.0005324813631522897	0.0005987424010738027	0.6612018815354512	1257.6059786804283	-3.1
AACACC	AACACC|GGTGTT	3	2.32	0.0003194888178913738	0.00024736775255631297	0.4099937633535205	779.808137898396	-2.892
AACACG	AACACG|CGTGTT	5	2.27	0.0005324813631522897	0.00024174575818003318	0.08028180514169661	152.69599337950694	-2.184
AACACT	AACACT|AGTGTT	7	4.25	0.0007454739084132055	0.00045257054729052736	0.13827059929804622	262.99067986488393	-2.42
AACAGA	AACAGA|TCTGTT	9	2.93	0.0009584664536741214	0.0003116624795335765	0.0032430744732373836	6.168327648097503	-0.79
AACAGC	AACAGC|GCTGTT	3	1.84	0.0003194888178913738	0.00019573924019486823	0.2795724315460456	531.7467648005787	-2.726
AACAGG	AACAGG|CCTGTT	3	1.64	0.0003194888178913738	0.00017483504949444544	0.22747217039668352	432.65206809449205	-2.636
AACAGT	AACAGT|ACTGTT	8	3.05	0.0008519701810436634	0.00032496514634293655	0.013054015124097193	24.82873676603286	-1.395
AACATA	AACATA|TATGTT	7	7.05	0.0007454739084132055	0.0007511964407942265	0.5582644261885563	1061.8189386106342	-3.026
AACATC	AACATC|GATGTT	4	2.83	0.0004259850905218317	0.000301339546450406	0.3146498583837898	598.4640306459681	-2.777
AACATG	AACATG|CATGTT	7	2.91	0.0007454739084132055	0.00030994924777756047	0.029193188251966307	55.525444055239916	-1.744
AACATT	AACATT|AATGTT	7	5.19	0.0007454739084132055	0.0005531733102696738	0.2667432051491537	507.3455761936903	-2.705
AACCAA	AACCAA|TTGGTT	9	2.99	0.0009584664536741214	0.00031797703956864675	0.0036893394483820596	7.017123630822677	-0.846
AACCAC	AACCAC|GTGGTT	5	2.35	0.0005324813631522897	0.00025052736450863064	0.09000071749516936	171.18136467581212	-2.233
AACCAG	AACCAG|CTGGTT	5	1.54	0.0005324813631522897	0.00016380635371718156	0.02042861858299206	38.8552325448509	-1.589
AACCAT	AACCAT|ATGGTT	4	2.93	0.0004259850905218317	0.0003115532609915022	0.33607887616248544	639.2220224610473	-2.806
AACCCA	AACCCA|TGGGTT	3	1.77	0.0003194888178913738	0.00018888967958984067	0.26234005736203386	498.9707891025884	-2.698
AACCCT	AACCCT|AGGGTT	4	1.23	0.0004259850905218317	0.00013100413261876037	0.03644157368625159	69.31187315125052	-1.841
AACCGA	AACCGA|TCGGTT	2	0.83	0.00021299254526091586	8.82138607424756e-05	0.20142483341537754	383.1100331560481	-2.583
AACCGG	AACCGG|CCGGTT	2	0.64	0.00021299254526091586	6.82946018651424e-05	0.13567466923967914	258.0532208938697	-2.412
AACCGT	AACCGT|ACGGTT	1	1.43	0.00010649627263045793	0.00015224004999104648	0.760579550430352	1446.6223049185294	-3.16
AACCTA	AACCTA|TAGGTT	5	1.72	0.0005324813631522897	0.00018299615922711865	0.030794863963018244	58.5718312576607	-1.768
AACCTC	AACCTC|GAGGTT	3	1.67	0.0003194888178913738	0.00017765320567304205	0.23439724498835549	445.82355996785213	-2.649
AACCTG	AACCTG|CAGGTT	6	1.13	0.0006389776357827476	0.00012021645496672028	0.0011034010110345263	2.0986687229876693	-0.322
AACCTT	AACCTT|AAGGTT	6	2.28	0.0006389776357827476	0.00024310438671047878	0.029057456634434594	55.2672825186946	-1.742
AACGAA	AACGAA|TTCGTT	3	2.09	0.0003194888178913738	0.0002223884982694216	0.34718915674386874	660.3537761268384	-2.82
AACGAC	AACGAC|GTCGTT	6	0.92	0.0006389776357827476	9.775318605249299e-05	0.0003807995799354094	0.7242808010371486	0.14
AACGAG	AACGAG|CTCGTT	4	0.93	0.0004259850905218317	9.897510087814906e-05	0.014959941481228034	28.45380869729572	-1.454
AACGAT	AACGAT|ATCGTT	7	1.38	0.0007454739084132055	0.00014662977907873952	0.0005648530990800154	1.0743505944501892	-0.031
AACGCA	AACGCA|TGCGTT	2	1.85	0.00021299254526091586	0.00019721654425952038	0.5524158716968697	1050.6949879674462	-3.021
AACGCC	AACGCC|GGCGTT	2	1.11	0.00021299254526091586	0.00011832992655571216	0.30503954927548665	580.1852227219756	-2.764
AACGCG	AACGCG|CGCGTT	1	0.99	0.00010649627263045793	0.00010577978283010631	0.6296371805765132	1197.5699174565282	-3.078
AACGCT	AACGCT|AGCGTT	2	1.78	0.00021299254526091586	0.00019004503355917412	0.5325422597541566	1012.8953780524058	-3.006
AACGGA	AACGGA|TCCGTT	3	1.17	0.0003194888178913738	0.0001240743318334665	0.11302509149555275	214.97372402454133	-2.332
AACGGC	AACGGC|GCCGTT	2	0.81	0.00021299254526091586	8.67025451366392e-05	0.19629828674266353	373.35934138454604	-2.572
AACGGG	AACGGG|CCCGTT	2	0.80	0.00021299254526091586	8.520767366876602e-05	0.1912438313958392	363.74576731488617	-2.561
AACGGT	AACGGT|ACCGTT	1	1.33	0.00010649627263045793	0.00014201278944794358	0.7364468155681169	1400.7218432105583	-3.146
AACGTA	AACGTA|TACGTT	8	2.47	0.0008519701810436634	0.00026343542848539133	0.003990990111258402	7.590863191613479	-0.88
AACGTC	AACGTC|GACGTT	1	1.82	0.00010649627263045793	0.00019343160832843424	0.8373773515493661	1592.6917226468943	-3.202
AACGTG	AACGTG|CACGTT	1	1.95	0.00010649627263045793	0.00020816925467726736	0.8583943647313678	1632.6660817190616	-3.213
AACGTT	AACGTT|AACGTT	1	2.92	0.00010649627263045793	0.0003113327791190987	0.9462501711372535	1799.7678255030562	-3.255
AACTAA	AACTAA|TTAGTT	13	3.17	0.0013844515441959531	0.00033716179815047214	2.7949206016132684e-05	0.05315938984268437	1.274
AACTAC	AACTAC|GTAGTT	6	2.11	0.0006389776357827476	0.0002247745321003147	0.020895485914293802	39.743214208986814	-1.599
AACTAG	AACTAG|CTAGTT	5	1.86	0.0005324813631522897	0.00019774468330344133	0.04065822607567995	77.33194599594326	-1.888
AACTAT	AACTAT|ATAGTT	8	4.38	0.0008519701810436634	0.0004666205476512863	0.07715355410768437	146.74605991281567	-2.167
AACTCA	AACTCA|TGAGTT	6	3.88	0.0006389776357827476	0.00041373324660376264	0.19715727461079055	374.99313630972364	-2.574
AACTCC	AACTCC|GGAGTT	5	1.98	0.0005324813631522897	0.00021092283160191816	0.05091659662469476	96.84336678016943	-1.986
AACTCG	AACTCG|CGAGTT	2	1.75	0.00021299254526091586	0.00018658558180169682	0.5227413358482594	994.2540207833895	-2.997
AACTCT	AACTCT|AGAGTT	3	3.56	0.0003194888178913738	0.0003792554760534491	0.690325618032543	1312.9993254978967	-3.118
AACTGA	AACTGA|TCAGTT	6	2.24	0.0006389776357827476	0.0002385814098583441	0.026875940437985333	51.1180387130481	-1.709
AACTGC	AACTGC|GCAGTT	6	1.64	0.0006389776357827476	0.00017506298255839524	0.006850402732786351	13.02946599775964	-1.115
AACTGG	AACTGG|CCAGTT	2	1.40	0.00021299254526091586	0.0001487260736779288	0.40697143217248766	774.0596639920715	-2.889
AACTGT	AACTGT|ACAGTT	17	2.28	0.001810436634717785	0.00024322909966077925	4.1027621468073454e-10	7.803453603227571e-07	6.108
AACTTA	AACTTA|TAAGTT	4	3.27	0.0004259850905218317	0.000348227982471324	0.4129948396313176	785.5161849787661	-2.895
AACTTC	AACTTC|GAAGTT	11	2.97	0.0011714589989350373	0.0003164332536369858	0.0002698566908059313	0.5132674259128813	0.29
AACTTG	AACTTG|CAAGTT	10	2.45	0.0010649627263045794	0.00026041396950029453	0.00023337545979422282	0.4438801245286118	0.353
AAGAAA	AAGAAA|TTTCTT	31	9.95	0.003301384451544196	0.001059644382537975	7.170446797797297e-08	0.0001363818980941046	3.865
AAGAAC	AAGAAC|GTTCTT	9	3.86	0.0009584664536741214	0.00041120528277593043	0.017511811761139008	33.30746596968639	-1.523
AAGAAG	AAGAAG|CTTCTT	10	5.15	0.0010649627263045794	0.0005482737103679071	0.03753023867662118	71.38251396293349	-1.854
AAGAAT	AAGAAT|ATTCTT	8	6.19	0.0008519701810436634	0.0006589828249614274	0.28226201265944884	536.8623480782717	-2.73
AAGACA	AAGACA|TGTCTT	6	4.30	0.0006389776357827476	0.0004575572477235981	0.26274965823370416	499.74984996050534	-2.699
AAGACC	AAGACC|GGTCTT	4	1.78	0.0004259850905218317	0.00018903773614871664	0.10473546913178512	199.20686228865532	-2.299
AAGACG	AAGACG|CGTCTT	2	1.73	0.00021299254526091586	0.00018474142396351857	0.5174603552270446	984.2095956418389	-2.993
AAGACT	AAGACT|AGTCTT	3	3.25	0.0003194888178913738	0.0003458531309084477	0.6299336273495532	1198.1337592188502	-3.079
AAGAGA	AAGAGA|TCTCTT	15	3.46	0.001597444089456869	0.0003688157036009204	3.7643898191604297e-06	0.0071598694360431375	2.145
AAGAGC	AAGAGC|GCTCTT	3	2.18	0.0003194888178913738	0.00023163425287130987	0.3705875889305519	704.8575941459097	-2.848
AAGAGG	AAGAGG|CCTCTT	7	1.94	0.0007454739084132055	0.00020689661421515037	0.003883688647731653	7.386775807985605	-0.868
AAGAGT	AAGAGT|ACTCTT	3	3.61	0.0003194888178913738	0.00038455783729120376	0.6991956949071291	1329.8702117133596	-3.124
AAGATA	AAGATA|TATCTT	11	6.50	0.0011714589989350373	0.0006924255320591364	0.0669434668725743	127.32647399163632	-2.105
AAGATC	AAGATC|GATCTT	3	2.61	0.0003194888178913738	0.00027776382374865066	0.48362761481832006	919.8597233844448	-2.964
AAGATG	AAGATG|CATCTT	10	2.68	0.0010649627263045794	0.0002856999329986121	0.0004774501673509248	0.908110218301459	0.042
AAGATT	AAGATT|AATCTT	5	4.79	0.0005324813631522897	0.000509895019310023	0.5215390801089155	991.9673303671573	-2.996
AAGCAA	AAGCAA|TTGCTT	11	3.95	0.0011714589989350373	0.0004204563486809617	0.002575506687300678	4.89861371924589	-0.69
AAGCAC	AAGCAC|GTGCTT	6	3.11	0.0006389776357827476	0.00033126863835469686	0.09547813898039786	181.59942034071673	-2.259
AAGCAG	AAGCAG|CTGCTT	3	2.03	0.0003194888178913738	0.00021659872507807102	0.33248816987440044	632.3924991011096	-2.801
AAGCAT	AAGCAT|ATGCTT	8	3.87	0.0008519701810436634	0.00041196228103084094	0.043677719644688785	83.07502276419807	-1.919
AAGCCA	AAGCCA|TGGCTT	9	3.06	0.0009584664536741214	0.00032601040599986047	0.004325017037977385	8.226182406232986	-0.915
AAGCCG	AAGCCG|CGGCTT	1	1.18	0.00010649627263045793	0.000126197576516075	0.6942523662118292	1320.4680005348991	-3.121
AAGCCT	AAGCCT|AGGCTT	3	2.12	0.0003194888178913738	0.00022610399125796754	0.35660679211308066	678.2661185990794	-2.831
AAGCGA	AAGCGA|TCGCTT	4	1.52	0.0004259850905218317	0.00016162247640598074	0.06787532030044993	129.09885921145576	-2.111
AAGCGC	AAGCGC|GCGCTT	3	1.64	0.0003194888178913738	0.0001746565470838824	0.2270348431369491	431.8202716464772	-2.635
AAGCGG	AAGCGG|CCGCTT	5	1.17	0.0005324813631522897	0.00012512707850785603	0.007112611026804498	13.528186172982156	-1.131
AAGCGT	AAGCGT|ACGCTT	5	2.62	0.0005324813631522897	0.0002789291125070955	0.12529784734355512	238.31650564744183	-2.377
AAGCTA	AAGCTA|TAGCTT	5	3.16	0.0005324813631522897	0.0003362045151366229	0.21176445924866666	402.776001490964	-2.605
AAGCTC	AAGCTC|GAGCTT	6	3.06	0.0006389776357827476	0.00032638832491365554	0.09059014147146803	172.3024490787322	-2.236
AAGCTG	AAGCTG|CAGCTT	6	2.07	0.0006389776357827476	0.00022086428001675957	0.01938144285082655	36.8635043022721	-1.567
AAGCTT	AAGCTT|AAGCTT	2	4.19	0.00021299254526091586	0.00044663665514500263	0.9216390709040179	1752.957512859442	-3.244
AAGGAA	AAGGAA|TTCCTT	11	4.00	0.0011714589989350373	0.0004255810153190659	0.0028197421218121533	5.3631495156867155	-0.729
AAGGAC	AAGGAC|GTCCTT	2	1.76	0.00021299254526091586	0.0001870685781622267	0.5241180040439485	996.87244369159	-2.999
AAGGAG	AAGGAG|CTCCTT	4	1.78	0.0004259850905218317	0.00018940693538925456	0.10528379099220866	200.24977046718087	-2.302
AAGGAT	AAGGAT|ATCCTT	4	2.63	0.0004259850905218317	0.00028060286724334015	0.27160281469536046	516.5885535505756	-2.713
AAGGCA	AAGGCA|TGCCTT	2	2.29	0.00021299254526091586	0.00024405069947378737	0.6672125701935101	1269.0383085080562	-3.103
AAGGCC	AAGGCC|GGCCTT	7	1.37	0.0007454739084132055	0.0001464304196842725	0.0005603968290439769	1.0658747688416441	-0.028
AAGGCG	AAGGCG|CGCCTT	5	1.23	0.0005324813631522897	0.00013089992062684965	0.008530453750037165	16.224923032570686	-1.21
AAGGCT	AAGGCT|AGCCTT	2	2.21	0.00021299254526091586	0.00023517612858383138	0.6474495147292867	1231.4489770151033	-3.09
AAGGGA	AAGGGA|TCCCTT	7	1.98	0.0007454739084132055	0.0002106197460016779	0.004271690990212325	8.124756263383842	-0.91
AAGGGC	AAGGGC|GCCCTT	1	1.38	0.00010649627263045793	0.00014718006347105194	0.7489293225429139	1424.4635714766223	-3.154
AAGGGG	AAGGGG|CCCCTT	3	1.36	0.0003194888178913738	0.00014464247616982693	0.1564919178300346	297.6476277127258	-2.474
AAGGGT	AAGGGT|ACCCTT	2	2.26	0.00021299254526091586	0.0002410707936163783	0.6606784496433589	1256.6104112216685	-3.099
AAGGTA	AAGGTA|TACCTT	5	3.14	0.0005324813631522897	0.0003343470765220998	0.2086998504807811	396.94711561444564	-2.599
AAGGTC	AAGGTC|GACCTT	3	2.31	0.0003194888178913738	0.0002454996016421013	0.40535059817724955	770.9768377331286	-2.887
AAGGTG	AAGGTG|CACCTT	7	2.48	0.0007454739084132055	0.00026420433319578523	0.013662185821402726	25.985477432307984	-1.415
AAGTAA	AAGTAA|TTACTT	12	4.95	0.0012779552715654952	0.0005269760871253408	0.005040042859499236	9.586161518767547	-0.982
AAGTAC	AAGTAC|GTACTT	7	3.30	0.0007454739084132055	0.00035131739141689377	0.05089094275144895	96.79457311325591	-1.986
AAGTAG	AAGTAG|CTACTT	2	2.90	0.00021299254526091586	0.0003090703633351153	0.7857555702496102	1494.5070946147587	-3.174
AAGTAT	AAGTAT|ATACTT	9	6.85	0.0009584664536741214	0.0007293171163591215	0.25135399635518196	478.0753010675561	-2.679
AAGTCA	AAGTCA|TGACTT	7	4.59	0.0007454739084132055	0.000489097176891212	0.18099622599188744	344.25482183656993	-2.537
AAGTCC	AAGTCC|GGACTT	2	2.34	0.00021299254526091586	0.00024934365880728446	0.6785669318116175	1290.6343043056966	-3.111
AAGTCG	AAGTCG|CGACTT	4	2.07	0.0004259850905218317	0.00022057323663721317	0.15594435688356498	296.6061667925406	-2.472
AAGTCT	AAGTCT|AGACTT	3	4.21	0.0003194888178913738	0.00044833907881694436	0.7910685248941398	1504.612334348654	-3.177
AAGTGA	AAGTGA|TCACTT	6	4.21	0.0006389776357827476	0.00044854870945711486	0.2487982407007254	473.2142538127797	-2.675
AAGTGC	AAGTGC|GCACTT	6	3.09	0.0006389776357827476	0.000329129897199052	0.0933189578480606	177.49265782701127	-2.249
AAGTGG	AAGTGG|CCACTT	1	2.63	0.00010649627263045793	0.00027961477992131863	0.9276024473588744	1764.299854876579	-3.247
AAGTGT	AAGTGT|ACACTT	11	4.29	0.0011714589989350373	0.0004572866713296563	0.004776030133016919	9.08400931299818	-0.958
AAGTTA	AAGTTA|TAACTT	8	4.55	0.0008519701810436634	0.0004841902724845426	0.09046970501183121	172.07337893250298	-2.236
AAGTTC	AAGTTC|GAACTT	11	4.13	0.0011714589989350373	0.00043998159543160614	0.0036072150829099562	6.8609230876947365	-0.836
AAGTTG	AAGTTG|CAACTT	8	3.40	0.0008519701810436634	0.00036209011681452753	0.023074847184269328	43.888359344480264	-1.642
AATAAA	AATAAA|TTTATT	24	10.60	0.0025559105431309905	0.0011288986117001332	0.0002773295815234564	0.5274808640576141	0.278
AATAAC	AATAAC|GTTATT	11	4.11	0.0011714589989350373	0.0004380800582716932	0.003494172253809534	6.645915626745734	-0.823
AATAAG	AATAAG|CTTATT	13	5.48	0.0013844515441959531	0.0005841067443622575	0.004352163023905702	8.277814071468645	-0.918
AATAAT	AATAAT|ATTATT	16	6.59	0.0017039403620873268	0.0007020513754354056	0.0013358533234635308	2.5407930212276355	-0.405
AATACA	AATACA|TGTATT	7	6.94	0.0007454739084132055	0.0007393164674220214	0.5416387624824244	1030.1969262415712	-3.013
AATACC	AATACC|GGTATT	5	2.87	0.0005324813631522897	0.0003054453010945442	0.16308683227640153	310.1911549897157	-2.492
AATACG	AATACG|CGTATT	2	2.80	0.00021299254526091586	0.0002985033624333046	0.7694229947084825	1463.4425359355337	-3.165
AATACT	AATACT|AGTATT	7	5.25	0.0007454739084132055	0.0005588260622297913	0.27480892340040775	522.6865723075755	-2.718
AATAGA	AATAGA|TCTATT	12	4.86	0.0012779552715654952	0.0005177940152821059	0.004406877748032911	8.381881476758597	-0.923
AATAGC	AATAGC|GCTATT	7	3.05	0.0007454739084132055	0.0003251998998418105	0.036284750995854535	69.01359639411532	-1.839
AATAGG	AATAGG|CCTATT	7	2.73	0.0007454739084132055	0.00029046981345093727	0.021581142969182083	41.04733392738432	-1.613
AATAGT	AATAGT|ACTATT	6	5.07	0.0006389776357827476	0.0005398949793490252	0.3962523461392015	753.6719623567612	-2.877
AATATA	AATATA|TATATT	23	14.54	0.0024494142705005326	0.0015484012449556404	0.02433429229909756	46.28382395288356	-1.665
AATATC	AATATC|GATATT	13	5.83	0.0013844515441959531	0.0006211351698962453	0.007092478813682333	13.489894703623797	-1.13
AATATG	AATATG|CATATT	11	6.00	0.0011714589989350373	0.000638881889036138	0.042583800670573005	80.99438887542985	-1.908
AATATT	AATATT|AATATT	8	10.71	0.0008519701810436634	0.0011402267047381073	0.8368403539065821	1591.6703531303192	-3.202
AATCAA	AATCAA|TTGATT	10	4.14	0.0010649627263045794	0.00044068475024294925	0.010121914252734048	19.25188090870016	-1.284
AATCAC	AATCAC|GTGATT	9	3.26	0.0009584664536741214	0.00034720616685808103	0.006414912662919271	12.201163884872454	-1.086
AATCAG	AATCAG|CTGATT	2	2.13	0.00021299254526091586	0.00022701941679182218	0.6284725026399733	1195.3547000212293	-3.077
AATCAT	AATCAT|ATGATT	7	4.05	0.0007454739084132055	0.00043178202801581864	0.11642250747723461	221.43560922170022	-2.345
AATCCA	AATCCA|TGGATT	6	2.73	0.0006389776357827476	0.00029032904916237516	0.05885977412890466	111.95129039317666	-2.049
AATCCC	AATCCC|GGGATT	1	1.25	0.00010649627263045793	0.00013345770808270469	0.7144013795531645	1358.791423910119	-3.133
AATCCG	AATCCG|CGGATT	2	1.06	0.00021299254526091586	0.0001123854383854355	0.2845744944615514	541.2606884658708	-2.733
AATCCT	AATCCT|AGGATT	6	1.89	0.0006389776357827476	0.00020135724377390519	0.012935684342790256	24.603671619987065	-1.391
AATCGC	AATCGC|GCGATT	3	1.45	0.0003194888178913738	0.00015391831881395073	0.17755111319291525	337.7022172929248	-2.529
AATCGT	AATCGT|ACGATT	3	2.31	0.0003194888178913738	0.0002458098524342196	0.4061224673788111	772.4449329544987	-2.888
AATCTA	AATCTA|TAGATT	3	3.15	0.0003194888178913738	0.0003352037806574983	0.6090453286338593	1158.4042150616003	-3.064
AATCTC	AATCTC|GAGATT	3	3.06	0.0003194888178913738	0.0003254168089594692	0.5891645617796093	1120.590996504817	-3.049
AATCTG	AATCTG|CAGATT	2	2.07	0.00021299254526091586	0.00022020686320565555	0.6120196225356533	1164.0613220628127	-3.066
AATGAA	AATGAA|TTCATT	15	4.68	0.001597444089456869	0.0004984554547013848	0.00011259458888360478	0.21415490805661627	0.669
AATGAC	AATGAC|GTCATT	4	2.06	0.0004259850905218317	0.0002191012987698394	0.1533727717157017	291.71501180326464	-2.465
AATGAG	AATGAG|CTCATT	6	2.08	0.0006389776357827476	0.00022184006500446243	0.019752044111898227	37.56838790083043	-1.575
AATGAT	AATGAT|ATCATT	14	3.09	0.001490947816826411	0.0003286519481547592	4.669773884921188e-06	0.008881909929120099	2.051
AATGCA	AATGCA|TGCATT	4	2.82	0.0004259850905218317	0.00030014560249107757	0.31215156659251225	593.7122796589583	-2.774
AATGCC	AATGCC|GGCATT	3	1.69	0.0003194888178913738	0.00018008736149464663	0.2404082580073084	457.25650672990054	-2.66
AATGCG	AATGCG|CGCATT	5	1.51	0.0005324813631522897	0.00016098718679066895	0.019130541336967215	36.38628962291165	-1.561
AATGCT	AATGCT|AGCATT	6	2.72	0.0006389776357827476	0.0002892312169459474	0.05801651570992571	110.34741288027871	-2.043
AATGGA	AATGGA|TCCATT	2	2.10	0.00021299254526091586	0.00022392209061015457	0.6210605304760692	1181.2571289654836	-3.072
AATGGC	AATGGC|GCCATT	7	1.47	0.0007454739084132055	0.00015647567777577075	0.0008225260402029493	1.5644445284660096	-0.194
AATGGG	AATGGG|CCCATT	2	1.44	0.00021299254526091586	0.0001537778212623954	0.42325118953303037	805.0237624918237	-2.906
AATGGT	AATGGT|ACCATT	3	2.41	0.0003194888178913738	0.0002562963687706591	0.4320206449226563	821.7032666428922	-2.915
AATGTA	AATGTA|TACATT	16	3.28	0.0017039403620873268	0.0003487988588534691	3.912572524793425e-07	0.0007441712942157095	3.128
AATGTC	AATGTC|GACATT	8	2.40	0.0008519701810436634	0.00025611105020709277	0.003379115416815319	6.427077522782737	-0.808
AATGTG	AATGTG|CACATT	11	2.59	0.0011714589989350373	0.00027562427308001414	8.33367928833637e-05	0.15850658006415777	0.8
AATTAA	AATTAA|TTAATT	11	4.22	0.0011714589989350373	0.0004491028952697422	0.004190758886985183	7.970823403045819	-0.902
AATTAC	AATTAC|GTAATT	5	2.81	0.0005324813631522897	0.00029940193017982805	0.1541012033926268	293.1004888527762	-2.467
AATTAG	AATTAG|CTAATT	5	2.47	0.0005324813631522897	0.00026339790060124106	0.10528432760620046	200.2507911069933	-2.302
AATTAT	AATTAT|ATAATT	9	5.84	0.0009584664536741214	0.0006215432474619216	0.13632756266159432	259.2950241823524	-2.414
AATTCA	AATTCA|TGAATT	6	4.84	0.0006389776357827476	0.0005158403268401517	0.35664358564964954	678.3360999056334	-2.831
AATTCC	AATTCC|GGAATT	1	2.47	0.00010649627263045793	0.00026297742152635176	0.9153608190793482	1741.0162778889203	-3.241
AATTCG	AATTCG|CGAATT	2	2.18	0.00021299254526091586	0.00023263387288869578	0.6416188192739756	1220.3589942591016	-3.086
AATTCT	AATTCT|AGAATT	12	4.44	0.0012779552715654952	0.00047285363293680574	0.002159646387089766	4.107647428244735	-0.614
AATTGA	AATTGA|TCAATT	7	3.40	0.0007454739084132055	0.00036176184737797025	0.05763463516566043	109.62107608508614	-2.04
AATTGC	AATTGC|GCAATT	3	2.49	0.0003194888178913738	0.0002654486282708484	0.45427766586437696	864.036120474045	-2.937
AATTGG	AATTGG|CCAATT	8	2.12	0.0008519701810436634	0.00022551387888496868	0.0015645326492195587	2.975741098815601	-0.474
AATTGT	AATTGT|ACAATT	16	3.46	0.0017039403620873268	0.00036880915609312573	8.02203937373461e-07	0.0015257918888843228	2.817
AATTTA	AATTTA|TAAATT	11	6.63	0.0011714589989350373	0.0007059036967318033	0.07425123610166469	141.22585106536624	-2.15
AATTTC	AATTTC|GAAATT	13	6.02	0.0013844515441959531	0.0006414516200736822	0.00909222064931703	17.29340367500099	-1.238
AATTTG	AATTTG|CAAATT	15	4.96	0.001597444089456869	0.0005278931992950878	0.00020670132666593323	0.393145923318605	0.405
ACAAAA	ACAAAA|TTTTGT	17	10.10	0.001810436634717785	0.0010752320768144003	0.029195182883141175	55.52923784373451	-1.745
ACAAAC	ACAAAC|GTTTGT	5	3.92	0.0005324813631522897	0.0004172542387637969	0.35515089707485914	675.497006236382	-2.83
ACAAAG	ACAAAG|CTTTGT	7	5.22	0.0007454739084132055	0.0005563389850183958	0.27125233741675464	515.9219457666674	-2.713
ACAAAT	ACAAAT|ATTTGT	11	6.28	0.0011714589989350373	0.0006686766646855719	0.055233087057769144	105.05333158387691	-2.021
ACAACA	ACAACA|TGTTGT	6	3.85	0.0006389776357827476	0.00040989012647708406	0.19171719422982736	364.6461034251316	-2.562
ACAACC	ACAACC|GGTTGT	7	1.59	0.0007454739084132055	0.00016934427760555593	0.0012900122365715088	2.45360327395901	-0.39
ACAACG	ACAACG|CGTTGT	2	1.55	0.00021299254526091586	0.00016549554402361152	0.4600837068533391	875.079210435051	-2.942
ACAACT	ACAACT|AGTTGT	8	2.91	0.0008519701810436634	0.0003098230533465283	0.010059628836667788	19.133414047342132	-1.282
ACAAGA	ACAAGA|TCTTGT	8	4.09	0.0008519701810436634	0.00043508601820944876	0.05638558653801931	107.24538559531273	-2.03
ACAAGC	ACAAGC|GCTTGT	4	2.57	0.0004259850905218317	0.00027325524314373927	0.2565920168133369	488.0380159789667	-2.688
ACAAGG	ACAAGG|CCTTGT	2	2.29	0.00021299254526091586	0.00024407264436139797	0.6672603093216091	1269.1291083297006	-3.104
ACAAGT	ACAAGT|ACTTGT	8	4.26	0.0008519701810436634	0.0004536567628891205	0.0681296891400786	129.5826687444295	-2.113
ACAATA	ACAATA|TATTGT	5	6.22	0.0005324813631522897	0.0006627034671330674	0.7436581397397759	1414.4377817850539	-3.151
ACAATC	ACAATC|GATTGT	4	2.50	0.0004259850905218317	0.0002658409323742963	0.2416217784030648	459.5646225226293	-2.662
ACAATG	ACAATG|CATTGT	2	2.57	0.00021299254526091586	0.00027343638758499047	0.7262893187016277	1381.402284170496	-3.14
ACACAA	ACACAA|TTGTGT	7	6.02	0.0007454739084132055	0.0006406897976934114	0.39627956948922044	753.7237411684973	-2.877
ACACAC	ACACAC|GTGTGT	12	4.74	0.0012779552715654952	0.0005047859012129905	0.003620459807308621	6.886114553500997	-0.838
ACACAG	ACACAG|CTGTGT	5	3.10	0.0005324813631522897	0.0003300523200238784	0.20167036219645973	383.5770288976664	-2.584
ACACAT	ACACAT|ATGTGT	8	5.89	0.0008519701810436634	0.0006277465694571805	0.24163293021577312	459.5858332704005	-2.662
ACACCA	ACACCA|TGGTGT	5	3.21	0.0005324813631522897	0.00034206620923293824	0.22152809570600313	421.34643803281796	-2.625
ACACCC	ACACCC|GGGTGT	2	1.48	0.00021299254526091586	0.00015724011230868935	0.43427352537486086	825.9882452629854	-2.917
ACACCG	ACACCG|CGGTGT	1	1.24	0.00010649627263045793	0.00013241272615468574	0.711585183075495	1353.4350182095916	-3.131
ACACCT	ACACCT|AGGTGT	2	2.23	0.00021299254526091586	0.0002372394676938118	0.6521261698472016	1240.3439750493774	-3.094
ACACGA	ACACGA|TCGTGT	3	1.74	0.0003194888178913738	0.0001853907972175156	0.25358909942120966	482.32646709914076	-2.683
ACACGC	ACACGC|GCGTGT	2	1.88	0.00021299254526091586	0.00020034166796086363	0.5608870108351197	1066.8070946083976	-3.028
ACACGT	ACACGT|ACGTGT	3	3.00	0.0003194888178913738	0.0003199486339076476	0.577776561559126	1098.9310200854577	-3.041
ACACTA	ACACTA|TAGTGT	2	3.77	0.00021299254526091586	0.00040184958851811447	0.8903339650235802	1693.4152014748495	-3.229
ACACTC	ACACTC|GAGTGT	2	3.66	0.00021299254526091586	0.0003901167538168557	0.8803871737239515	1674.4964044229557	-3.224
ACACTG	ACACTG|CAGTGT	3	2.48	0.0003194888178913738	0.00026398878077832307	0.4507514165707176	857.3291943175049	-2.933
ACAGAA	ACAGAA|TTCTGT	6	4.04	0.0006389776357827476	0.00043035898901756656	0.2213212293420659	420.95297820860935	-2.624
ACAGAC	ACAGAC|GTCTGT	4	1.78	0.0004259850905218317	0.00018916878638134787	0.10492995054246403	199.57676593176657	-2.3
ACAGAG	ACAGAG|CTCTGT	7	1.80	0.0007454739084132055	0.00019153339621111472	0.002557746258273764	4.864833383236699	-0.687
ACAGAT	ACAGAT|ATCTGT	4	2.66	0.0004259850905218317	0.0002837531795720219	0.2780846608192703	528.9170248782522	-2.723
ACAGCA	ACAGCA|TGCTGT	2	2.08	0.00021299254526091586	0.00022180542520014023	0.615929800657465	1171.4984808504985	-3.069
ACAGCC	ACAGCC|GGCTGT	4	1.25	0.0004259850905218317	0.00013308325512008406	0.03823658472191827	72.72598414108856	-1.862
ACAGCG	ACAGCG|CGCTGT	1	1.12	0.00010649627263045793	0.00011896836442552967	0.6727768555736333	1279.6215793010506	-3.107
ACAGCT	ACAGCT|AGCTGT	6	2.01	0.0006389776357827476	0.0002137397733746805	0.016818163416027602	31.9881468172845	-1.505
ACAGGA	ACAGGA|TCCTGT	4	1.63	0.0004259850905218317	0.0001739782399406089	0.0835201212954605	158.85527070396589	-2.201
ACAGGC	ACAGGC|GCCTGT	1	1.14	0.00010649627263045793	0.00012157515562114833	0.6806893134955366	1294.6710742685107	-3.112
ACAGGG	ACAGGG|CCCTGT	3	1.12	0.0003194888178913738	0.00011947903224836991	0.1040349220243288	197.87442169027338	-2.296
ACAGGT	ACAGGT|ACCTGT	6	1.87	0.0006389776357827476	0.00019913172041394995	0.012311294557806428	23.416082248947827	-1.37
ACAGTA	ACAGTA|TACTGT	6	2.89	0.0006389776357827476	0.0003080015569426449	0.07343617662539807	139.67560794150714	-2.145
ACAGTC	ACAGTC|GACTGT	6	2.12	0.0006389776357827476	0.0002261549893634806	0.021448555672531688	40.79515288915527	-1.611
ACAGTG	ACAGTG|CACTGT	4	2.29	0.0004259850905218317	0.00024338584569593626	0.19768989521615166	376.00618070112046	-2.575
ACATAA	ACATAA|TTATGT	5	6.81	0.0005324813631522897	0.0007255219595498765	0.8092211769831203	1539.138678621895	-3.187
ACATAC	ACATAC|GTATGT	9	4.54	0.0009584664536741214	0.00048368130636658425	0.0422239114089844	80.30987949988832	-1.905
ACATAG	ACATAG|CTATGT	5	4.00	0.0005324813631522897	0.0004255170986389569	0.37030453702709176	704.3192294255285	-2.848
ACATAT	ACATAT|ATATGT	14	9.43	0.001490947816826411	0.0010040979018243019	0.09750896721936876	185.46205565123938	-2.268
ACATCA	ACATCA|TGATGT	10	3.45	0.0010649627263045794	0.0003678782878694775	0.00302626407261595	5.755954266115537	-0.76
ACATCG	ACATCG|CGATGT	3	1.56	0.0003194888178913738	0.00016590589452937214	0.20581013468307865	391.4508761672156	-2.593
ACATCT	ACATCT|AGATGT	3	3.17	0.0003194888178913738	0.0003372217638803544	0.6130634973104854	1166.0467718845432	-3.067
ACATGA	ACATGA|TCATGT	5	3.03	0.0005324813631522897	0.00032245114544432777	0.18943222614281213	360.3000941236287	-2.557
ACATGC	ACATGC|GCATGT	8	2.22	0.0008519701810436634	0.00023660376256629255	0.002099460958791684	3.993174743621783	-0.601
ACATGG	ACATGG|CCATGT	1	1.89	0.00010649627263045793	0.0002010085062510097	0.8485454764523324	1613.9334962123362	-3.208
ACATGT	ACATGT|ACATGT	1	3.09	0.00010649627263045793	0.00032873266126467196	0.9543521919386762	1815.177869067362	-3.259
ACATTA	ACATTA|TAATGT	10	3.90	0.0010649627263045794	0.0004153677201076499	0.006893148329760834	13.110768123205107	-1.118
ACATTC	ACATTC|GAATGT	5	3.54	0.0005324813631522897	0.00037744284131521234	0.28292384115579156	538.1211458783156	-2.731
ACATTG	ACATTG|CAATGT	9	2.92	0.0009584664536741214	0.00031062281677615564	0.003173860356273015	6.0366823976312745	-0.781
ACCAAA	ACCAAA|TTTGGT	7	4.15	0.0007454739084132055	0.000441961121471928	0.12688322886966166	241.33190131009647	-2.383
ACCAAC	ACCAAC|GTTGGT	3	1.61	0.0003194888178913738	0.0001715073008697033	0.21934649146449262	417.19702676546495	-2.62
ACCAAG	ACCAAG|CTTGGT	4	2.15	0.0004259850905218317	0.0002286764011596044	0.17038083873282384	324.0643552698309	-2.511
ACCAAT	ACCAAT|ATTGGT	6	2.58	0.0006389776357827476	0.00027485144370144755	0.04764167559138499	90.61446697481425	-1.957
ACCACA	ACCACA|TGTGGT	8	3.21	0.0008519701810436634	0.00034206620923293824	0.017165742697798744	32.64924261121321	-1.514
ACCACC	ACCACC|GGTGGT	5	1.33	0.0005324813631522897	0.0001413231286971764	0.011564295947955059	21.995290893010523	-1.342
ACCACG	ACCACG|CGTGGT	3	1.30	0.0003194888178913738	0.00013811123940860425	0.14216605796185697	270.39984224345193	-2.432
ACCACT	ACCACT|AGTGGT	4	2.43	0.0004259850905218317	0.00025855708773006125	0.22711827513665306	431.9789593099141	-2.635
ACCAGA	ACCAGA|TCTGGT	4	1.67	0.0004259850905218317	0.00017805520828822634	0.08903705953735327	169.34848724004593	-2.229
ACCAGC	ACCAGC|GCTGGT	3	1.05	0.0003194888178913738	0.0001118273564249227	0.0897357879550927	170.67746869058632	-2.232
ACCAGG	ACCAGG|CCTGGT	1	0.94	0.00010649627263045793	9.988462903973668e-05	0.6085575083519368	1157.4763808853838	-3.064
ACCAGT	ACCAGT|ACTGGT	2	1.74	0.00021299254526091586	0.0001856551257151629	0.5200817302068425	989.1954508534144	-2.995
ACCATA	ACCATA|TATGGT	3	4.03	0.0003194888178913738	0.0004291643926184591	0.7662384378952432	1457.3855088767525	-3.164
ACCATC	ACCATC|GATGGT	5	1.62	0.0005324813631522897	0.00017215763600740477	0.02460662980956907	46.80180989780037	-1.67
ACCATG	ACCATG|CATGGT	2	1.66	0.00021299254526091586	0.00017707642560761634	0.4950970774437296	941.6746412979737	-2.974
ACCCAA	ACCCAA|TTGGGT	4	1.90	0.0004259850905218317	0.00020212313406524753	0.12494513018689686	237.64563761547782	-2.376
ACCCAC	ACCCAC|GTGGGT	3	1.50	0.0003194888178913738	0.00015924852986958887	0.18998524760068344	361.3519409364999	-2.558
ACCCAG	ACCCAG|CTGGGT	1	0.98	0.00010649627263045793	0.00010412403876088503	0.6238339925919434	1186.5322539098763	-3.074
ACCCAT	ACCCAT|ATGGGT	4	1.86	0.0004259850905218317	0.00019803983842756563	0.1184708396762813	225.33153706428703	-2.353
ACCCCA	ACCCCA|TGGGGT	3	1.13	0.0003194888178913738	0.00012006833601278533	0.10517147104513008	200.03613792783742	-2.301
ACCCCC	ACCCCC|GGGGGT	2	0.52	0.00021299254526091586	5.5192702844586746e-05	0.09579111707078647	182.19470466863586	-2.261
ACCCCT	ACCCCT|AGGGGT	2	0.78	0.00021299254526091586	8.327320078306082e-05	0.18472948732392908	351.3554848901131	-2.546
ACCCGC	ACCCGC|GCGGGT	2	0.57	0.00021299254526091586	6.0595476495129756e-05	0.11180010339664297	212.64379666041492	-2.328
ACCCGG	ACCCGG|CCGGGT	4	0.41	0.0004259850905218317	4.341168465322728e-05	0.0008322147100254969	1.582872378468495	-0.199
ACCCGT	ACCCGT|ACGGGT	1	0.91	0.00010649627263045793	9.677188037281928e-05	0.5969473001396728	1135.3937648656577	-3.055
ACCCTA	ACCCTA|TAGGGT	1	1.09	0.00010649627263045793	0.00011632210072483285	0.6645440157980336	1263.9627180478599	-3.102
ACCCTC	ACCCTC|GAGGGT	3	1.06	0.0003194888178913738	0.00011292583501023921	0.09173488380242628	174.47974899221478	-2.242
ACCCTG	ACCCTG|CAGGGT	3	0.72	0.0003194888178913738	7.641597857835727e-05	0.03631100364944771	69.06352894124954	-1.839
ACCGAA	ACCGAA|TTCGGT	1	1.14	0.00010649627263045793	0.00012181006832546325	0.6813928824187709	1296.0092623605024	-3.113
ACCGAC	ACCGAC|GTCGGT	1	0.50	0.00010649627263045793	5.354288717602778e-05	0.3951457206751166	751.5671607240718	-2.876
ACCGAT	ACCGAT|ATCGGT	2	0.75	0.00021299254526091586	8.031433076404169e-05	0.1748303390043023	332.527304786183	-2.522
ACCGCA	ACCGCA|TGCGGT	1	1.01	0.00010649627263045793	0.0001080224962986185	0.6373551289485417	1212.2494552601263	-3.084
ACCGCT	ACCGCT|AGCGGT	2	0.98	0.00021299254526091586	0.00010409440552412324	0.25594484824006264	486.80710135259915	-2.687
ACCGGA	ACCGGA|TCCGGT	2	0.64	0.00021299254526091586	6.795991229618756e-05	0.13461427046948446	256.03634243295943	-2.408
ACCGGC	ACCGGC|GCCGGT	2	0.45	0.00021299254526091586	4.7490059194926224e-05	0.07427475266863474	141.27057957574328	-2.15
ACCGGG	ACCGGG|CCCGGT	5	0.44	0.0005324813631522897	4.6671265070875725e-05	9.367787231813845e-05	0.17817531314909932	0.749
ACCGTA	ACCGTA|TACGGT	3	1.35	0.0003194888178913738	0.00014429292788459576	0.15571410985584191	296.1682369458113	-2.472
ACCGTG	ACCGTG|CACGGT	2	1.07	0.00021299254526091586	0.00011402168427244284	0.29021592314668476	551.9906858249944	-2.742
ACCTAA	ACCTAA|TTAGGT	4	1.66	0.0004259850905218317	0.00017674169474523542	0.08724084343948595	165.93208422190227	-2.22
ACCTAC	ACCTAC|GTAGGT	4	1.11	0.0004259850905218317	0.00011782779649682357	0.026217243093807397	49.86519636442167	-1.698
ACCTAG	ACCTAG|CTAGGT	2	0.97	0.00021299254526091586	0.00010365863109530678	0.2544399784099563	483.94483893573687	-2.685
ACCTAT	ACCTAT|ATAGGT	5	2.30	0.0005324813631522897	0.00024460453956302625	0.08338134632263089	158.59132070564394	-2.2
ACCTCA	ACCTCA|TGAGGT	4	2.04	0.0004259850905218317	0.00021688078417639387	0.1495241625954134	284.3949572564763	-2.454
ACCTCC	ACCTCC|GGAGGT	2	1.04	0.00021299254526091586	0.00011056667428600469	0.27829850533726136	529.3237571514711	-2.724
ACCTCG	ACCTCG|CGAGGT	3	0.92	0.0003194888178913738	9.780898109915799e-05	0.06592502403797826	125.38939572023465	-2.098
ACCTCT	ACCTCT|AGAGGT	3	1.87	0.0003194888178913738	0.00019880738549502773	0.28732570644733463	546.4934936628305	-2.738
ACCTGA	ACCTGA|TCAGGT	5	1.17	0.0005324813631522897	0.00012506542243036824	0.007098422930104621	13.501200413058989	-1.13
ACCTGC	ACCTGC|GCAGGT	1	0.86	0.00010649627263045793	9.176878399111432e-05	0.5775604340875884	1098.5199456345931	-3.041
ACCTGG	ACCTGG|CCAGGT	1	0.73	0.00010649627263045793	7.796286073581397e-05	0.5190881368252986	987.305636241718	-2.994
ACCTTA	ACCTTA|TAAGGT	5	1.71	0.0005324813631522897	0.0001825426371472499	0.030518175526588042	58.045569851570455	-1.764
ACCTTC	ACCTTC|GAAGGT	1	1.56	0.00010649627263045793	0.00016587570071206623	0.7893532732921318	1501.3499258016348	-3.176
ACCTTG	ACCTTG|CAAGGT	4	1.28	0.0004259850905218317	0.0001365101460405521	0.041303804783081446	78.5598366974209	-1.895
ACGAAA	ACGAAA|TTTCGT	6	2.90	0.0006389776357827476	0.00030910115469639913	0.07440535365897698	141.51898265937422	-2.151
ACGAAC	ACGAAC|GTTCGT	2	1.13	0.00021299254526091586	0.00011994970182248317	0.3105983922417826	590.7581420438705	-2.771
ACGAAG	ACGAAG|CTTCGT	4	1.50	0.0004259850905218317	0.0001599329357633109	0.0658648384593943	125.27492274976795	-2.098
ACGAAT	ACGAAT|ATTCGT	1	1.81	0.00010649627263045793	0.00019222708625397957	0.8355275730127596	1589.1734438702688	-3.201
ACGACA	ACGACA|TGTCGT	6	1.25	0.0006389776357827476	0.00013347069634090373	0.0018621743914260444	3.5418556924923363	-0.549
ACGACC	ACGACC|GGTCGT	1	0.52	0.00010649627263045793	5.514282290140619e-05	0.40416476831607256	768.72138933717	-2.886
ACGACG	ACGACG|CGTCGT	3	0.51	0.0003194888178913738	5.3889576926374246e-05	0.014848457803460884	28.2417667421826	-1.451
ACGACT	ACGACT|AGTCGT	2	0.95	0.00021299254526091586	0.00010088630099007285	0.24487130162649512	465.7452156935937	-2.668
ACGAGA	ACGAGA|TCTCGT	4	1.01	0.0004259850905218317	0.00010758454603436153	0.01962112343412763	37.31937677171075	-1.572
ACGAGC	ACGAGC|GCTCGT	4	0.63	0.0004259850905218317	6.75683429362149e-05	0.004087001086501491	7.773476066525835	-0.891
ACGAGG	ACGAGG|CCTCGT	3	0.57	0.0003194888178913738	6.035230631195888e-05	0.01995428202109028	37.95304440411371	-1.579
ACGAGT	ACGAGT|ACTCGT	3	1.05	0.0003194888178913738	0.00011217656934070627	0.09036930941075223	171.88242649925076	-2.235
ACGATA	ACGATA|TATCGT	4	1.90	0.0004259850905218317	0.0002019824150703477	0.124719559854452	237.21660284316772	-2.375
ACGATC	ACGATC|GATCGT	1	0.76	0.00010649627263045793	8.102446449813366e-05	0.5327167721996323	1013.2273007237006	-3.006
ACGATG	ACGATG|CATCGT	3	0.78	0.0003194888178913738	8.333944919808041e-05	0.04494753011200984	85.49020227304271	-1.932
ACGCAA	ACGCAA|TTGCGT	3	1.98	0.0003194888178913738	0.0002110333719756902	0.3183442966996007	605.4908523226405	-2.782
ACGCAC	ACGCAC|GTGCGT	2	1.56	0.00021299254526091586	0.00016626871731418005	0.4624656744809817	879.6097128628272	-2.944
ACGCAG	ACGCAG|CTGCGT	3	1.02	0.0003194888178913738	0.00010871416132081003	0.08417173201508947	160.09463429270016	-2.204
ACGCAT	ACGCAT|ATGCGT	1	1.94	0.00010649627263045793	0.0002067700715317367	0.8565216278237292	1629.1041361207328	-3.212
ACGCCA	ACGCCA|TGGCGT	6	1.54	0.0006389776357827476	0.0001636295313250661	0.004993387377126149	9.497422791293936	-0.978
ACGCCG	ACGCCG|CGGCGT	1	0.59	0.00010649627263045793	6.334046373873525e-05	0.4483088799830343	852.6834897277313	-2.931
ACGCCT	ACGCCT|AGGCGT	2	1.07	0.00021299254526091586	0.00011348499753190059	0.2883661144333413	548.4723496522151	-2.739
ACGCGA	ACGCGA|TCGCGT	2	0.76	0.00021299254526091586	8.11207543660999e-05	0.17751996859500607	337.64298026770155	-2.528
ACGCGC	ACGCGC|GCGCGT	3	0.82	0.0003194888178913738	8.766275068594666e-05	0.05080923362354383	96.63916235198036	-1.985
ACGCTA	ACGCTA|TAGCGT	1	1.58	0.00010649627263045793	0.00016874610818772527	0.79495502955618	1512.0044662158543	-3.18
ACGCTC	ACGCTC|GAGCGT	1	1.54	0.00010649627263045793	0.00016381921451801053	0.7852460713718783	1493.5380277493125	-3.174
ACGCTG	ACGCTG|CAGCGT	1	1.04	0.00010649627263045793	0.00011085510756857865	0.6468736874275292	1230.3537534871605	-3.09
ACGGAA	ACGGAA|TTCCGT	5	1.61	0.0005324813631522897	0.00017132798305009977	0.024168949858659493	45.969342631170356	-1.662
ACGGAC	ACGGAC|GTCCGT	3	0.71	0.0003194888178913738	7.530900353850537e-05	0.035017438395517124	66.60316782827357	-1.823
ACGGAT	ACGGAT|ATCCGT	5	1.06	0.0005324813631522897	0.00011296350530775809	0.004678336111696798	8.89819528444731	-0.949
ACGGCA	ACGGCA|TGCCGT	3	0.92	0.0003194888178913738	9.824854163539761e-05	0.0666215357837592	126.71416106071001	-2.103
ACGGCC	ACGGCC|GGCCGT	2	0.55	0.00021299254526091586	5.8949124981238596e-05	0.10685028014954691	203.22923284443823	-2.308
ACGGCT	ACGGCT|AGCCGT	2	0.89	0.00021299254526091586	9.467586739411039e-05	0.22349750325666953	425.09225119418545	-2.628
ACGGGA	ACGGGA|TCCCGT	2	0.80	0.00021299254526091586	8.479009865122428e-05	0.18983502631304272	361.0662200474072	-2.558
ACGGGC	ACGGGC|GCCCGT	2	0.56	0.00021299254526091586	5.925091231049405e-05	0.10775311447249851	204.94642372669216	-2.312
ACGGGG	ACGGGG|CCCCGT	1	0.55	0.00010649627263045793	5.822934485686478e-05	0.42118568261521394	801.0951683341369	-2.904
ACGGTA	ACGGTA|TACCGT	1	1.26	0.00010649627263045793	0.00013459954320632137	0.7174471625624461	1364.5845031937724	-3.135
ACGGTC	ACGGTC|GACCGT	2	0.93	0.00021299254526091586	9.883183242422191e-05	0.2377888638243849	452.2744189939801	-2.655
ACGGTG	ACGGTG|CACCGT	2	1.00	0.00021299254526091586	0.00010636187679940083	0.26377686244073756	501.70359236228285	-2.7
ACGTAA	ACGTAA|TTACGT	6	2.39	0.0006389776357827476	0.00025443170109739374	0.03502105705634204	66.61005052116256	-1.824
ACGTAC	ACGTAC|GTACGT	3	1.59	0.0003194888178913738	0.00016962113406492912	0.21476767240841846	408.4881129208119	-2.611
ACGTAG	ACGTAG|CTACGT	3	1.40	0.0003194888178913738	0.00014922365591788064	0.16679478352405708	317.2436782627566	-2.501
ACGTAT	ACGTAT|ATACGT	11	3.31	0.0011714589989350373	0.00035212488590694155	0.0006479554654701702	1.2324112953242636	-0.091
ACGTCA	ACGTCA|TGACGT	3	2.22	0.0003194888178913738	0.00023614321362700768	0.3819440888834549	726.4576570563312	-2.861
ACGTCC	ACGTCC|GGACGT	2	1.13	0.00021299254526091586	0.00012038673635886663	0.3120966526671267	593.607833372875	-2.773
ACGTCT	ACGTCT|AGACGT	1	2.03	0.00010649627263045793	0.00021646461249142372	0.8690058628410682	1652.8491511237116	-3.218
ACGTGA	ACGTGA|TCACGT	22	2.03	0.0023429179978700747	0.00021656582520616335	7.721992675280036e-16	1.4687230068382629e-12	11.833
ACGTGC	ACGTGC|GCACGT	9	1.49	0.0009584664536741214	0.0001589086899240029	2.664157393333874e-05	0.05067227362121028	1.295
ACGTGG	ACGTGG|CCACGT	2	1.27	0.00021299254526091586	0.00013500207285579015	0.361680813101191	687.9169065184652	-2.838
ACGTTA	ACGTTA|TAACGT	2	2.20	0.00021299254526091586	0.00023377408898205153	0.6442432963463691	1225.3507496507941	-3.088
ACGTTC	ACGTTC|GAACGT	4	1.99	0.0004259850905218317	0.00021242949824890772	0.14192377712020332	269.9390240826267	-2.431
ACGTTG	ACGTTG|CAACGT	1	1.64	0.00010649627263045793	0.00017482236219527335	0.806326587847555	1533.6331700860496	-3.186
ACTAAA	ACTAAA|TTTAGT	10	4.40	0.0010649627263045794	0.00046862630908891346	0.014898329405098314	28.336622528496992	-1.452
ACTAAC	ACTAAC|GTTAGT	10	1.71	0.0010649627263045794	0.00018185498561659318	1.2435102635259336e-05	0.02365156521226326	1.626
ACTAAG	ACTAAG|CTTAGT	9	2.28	0.0009584664536741214	0.00024247331415545756	0.000597725727975555	1.1368743346095056	-0.056
ACTAAT	ACTAAT|ATTAGT	8	2.74	0.0008519701810436634	0.00029143427182146337	0.007146262352304229	13.592190994082642	-1.133
ACTACA	ACTACA|TGTAGT	4	2.88	0.0004259850905218317	0.000306903688060045	0.3263130525809939	620.6474260090504	-2.793
ACTACC	ACTACC|GGTAGT	3	1.19	0.0003194888178913738	0.00012679588990274163	0.11848372331173035	225.35604173891113	-2.353
ACTACG	ACTACG|CGTAGT	4	1.16	0.0004259850905218317	0.00012391416513222482	0.030693783988665724	58.37957714644221	-1.766
ACTACT	ACTACT|AGTAGT	5	2.18	0.0005324813631522897	0.00023197884402660672	0.07016830680780098	133.46011954843746	-2.125
ACTAGA	ACTAGA|TCTAGT	2	2.02	0.00021299254526091586	0.00021494569639389066	0.5989355126283602	1139.175345019141	-3.057
ACTAGC	ACTAGC|GCTAGT	4	1.27	0.0004259850905218317	0.00013499638249128503	0.039932245062209486	75.95113010832245	-1.881
ACTAGG	ACTAGG|CCTAGT	2	1.13	0.00021299254526091586	0.0001205792930990119	0.31275655995039026	594.8629770256423	-2.774
ACTAGT	ACTAGT|ACTAGT	5	2.10	0.0005324813631522897	0.0002241202078253373	0.0625724429939752	119.01278657454083	-2.076
ACTATA	ACTATA|TATAGT	5	6.04	0.0005324813631522897	0.000642769468304551	0.7196810825914812	1368.8334190889973	-3.136
ACTATC	ACTATC|GATAGT	9	2.42	0.0009584664536741214	0.0002578444858528284	0.0009156928755595334	1.7416478493142324	-0.241
ACTATG	ACTATG|CATAGT	4	2.49	0.0004259850905218317	0.0002652114711629092	0.24036001064936413	457.1647402550906	-2.66
ACTCAA	ACTCAA|TTGAGT	7	4.16	0.0007454739084132055	0.0004427190551232221	0.12768052835313817	242.8483649276688	-2.385
ACTCAC	ACTCAC|GTGAGT	3	3.28	0.0003194888178913738	0.00034880895252132634	0.6355922004122816	1208.8963651841595	-3.082
ACTCAG	ACTCAG|CTGAGT	8	2.14	0.0008519701810436634	0.00022806739203317487	0.0016768866545019583	3.189438416862725	-0.504
ACTCAT	ACTCAT|ATGAGT	7	4.07	0.0007454739084132055	0.0004337752358278032	0.11843433647543404	225.26210797627556	-2.353
ACTCCA	ACTCCA|TGGAGT	3	2.74	0.0003194888178913738	0.0002916692766181026	0.515825645316555	981.1003773920875	-2.992
ACTCCC	ACTCCC|GGGAGT	2	1.26	0.00021299254526091586	0.000134073780380902	0.3585675853720891	681.9955473777135	-2.834
ACTCCG	ACTCCG|CGGAGT	2	1.06	0.00021299254526091586	0.00011290423611023324	0.2863637471292141	544.6638470397652	-2.736
ACTCCT	ACTCCT|AGGAGT	3	1.90	0.0003194888178913738	0.00020228675636416778	0.2961372770517631	563.2531009524535	-2.751
ACTCGA	ACTCGA|TCGAGT	1	1.34	0.00010649627263045793	0.0001430893762932119	0.7390976927346857	1405.7638115813722	-3.148
ACTCGC	ACTCGC|GCGAGT	2	1.45	0.00021299254526091586	0.00015462884212330964	0.42597088098848274	810.1966156400941	-2.909
ACTCGG	ACTCGG|CCGAGT	2	1.04	0.00021299254526091586	0.00011077887196893823	0.27903096918079034	530.7169033818633	-2.725
ACTCTA	ACTCTA|TAGAGT	6	3.16	0.0006389776357827476	0.0003367511604715298	0.10113377130144985	192.35643301535762	-2.284
ACTCTC	ACTCTC|GAGAGT	3	3.07	0.0003194888178913738	0.0003269190098008283	0.5922581033669518	1126.4749126039424	-3.052
ACTCTG	ACTCTG|CAGAGT	4	2.08	0.0004259850905218317	0.00022122339009078578	0.15708532884227863	298.776295458014	-2.475
ACTGAA	ACTGAA|TTCAGT	7	3.09	0.0007454739084132055	0.00032944502815572616	0.03844374230501015	73.1199978641293	-1.864
ACTGAC	ACTGAC|GTCAGT	1	1.36	0.00010649627263045793	0.00014481100138713233	0.7432815456665821	1413.7214998578393	-3.15
ACTGAG	ACTGAG|CTCAGT	3	1.38	0.0003194888178913738	0.00014662113890447152	0.16091734820164086	306.0647962795209	-2.486
ACTGAT	ACTGAT|ATCAGT	2	2.04	0.00021299254526091586	0.00021721650208069855	0.6046233070511167	1149.9935300112238	-3.061
ACTGCA	ACTGCA|TGCAGT	6	1.86	0.0006389776357827476	0.00019837575360215159	0.01210410394763572	23.02200570840314	-1.362
ACTGCC	ACTGCC|GGCAGT	3	1.12	0.0003194888178913738	0.00011902545216129089	0.10316347718910716	196.21693361368182	-2.293
ACTGCG	ACTGCG|CGCAGT	4	1.00	0.0004259850905218317	0.00010640154056842669	0.018933665168700032	36.01183115086746	-1.556
ACTGCT	ACTGCT|AGCAGT	2	1.80	0.00021299254526091586	0.00019116208983480055	0.5356773560885947	1018.8583312805071	-3.008
ACTGGA	ACTGGA|TCCAGT	2	1.39	0.00021299254526091586	0.00014799721569893473	0.40460402563065573	769.5568567495072	-2.886
ACTGGC	ACTGGC|GCCAGT	2	0.97	0.00021299254526091586	0.0001034197410908218	0.2536150839154039	482.3758896070982	-2.683
ACTGGG	ACTGGG|CCCAGT	2	0.95	0.00021299254526091586	0.0001016366421064973	0.2474600291522898	470.66897544765516	-2.673
ACTGTA	ACTGTA|TACAGT	7	2.16	0.0007454739084132055	0.0002305322347099333	0.006863933042072709	13.055200646022293	-1.116
ACTGTC	ACTGTC|GACAGT	2	1.59	0.00021299254526091586	0.00016927192059120982	0.4716586388900458	897.094731168867	-2.953
ACTGTG	ACTGTG|CACAGT	16	1.71	0.0017039403620873268	0.00018216882882673058	5.15808712670634e-11	9.810681714995459e-08	7.008
ACTTAA	ACTTAA|TTAAGT	7	3.16	0.0007454739084132055	0.0003363262050943371	0.042118774188176444	80.10990850591159	-1.904
ACTTAC	ACTTAC|GTAAGT	4	2.11	0.0004259850905218317	0.00022421747006289133	0.16237937899105134	308.84557884097967	-2.49
ACTTAG	ACTTAG|CTAAGT	4	1.85	0.0004259850905218317	0.0001972546097388727	0.11724292385848628	222.9960411788409	-2.348
ACTTAT	ACTTAT|ATAAGT	7	4.37	0.0007454739084132055	0.00046546411506726823	0.15274981810125568	290.5301540285883	-2.463
ACTTCA	ACTTCA|TGAAGT	11	3.63	0.0011714589989350373	0.0003863048343444057	0.001348592907311162	2.56502370970583	-0.409
ACTTCC	ACTTCC|GGAAGT	2	1.85	0.00021299254526091586	0.000196939719469697	0.5516599357370042	1049.257197771782	-3.021
ACTTCG	ACTTCG|CGAAGT	3	1.64	0.0003194888178913738	0.00017421590568473193	0.22595597118073482	429.76825718575765	-2.633
ACTTCT	ACTTCT|AGAAGT	8	3.33	0.0008519701810436634	0.00035411276481570525	0.02057159451726968	39.12717277184693	-1.592
ACTTGA	ACTTGA|TCAAGT	7	2.54	0.0007454739084132055	0.00027091784657382696	0.015447701179963443	29.38152764429047	-1.468
ACTTGC	ACTTGC|GCAAGT	2	1.87	0.00021299254526091586	0.00019879036794053547	0.5566963928863041	1058.8365392697503	-3.025
ACTTGG	ACTTGG|CCAAGT	3	1.59	0.0003194888178913738	0.00016888385240965853	0.21298343023565913	405.0944843082237	-2.608
ACTTTA	ACTTTA|TAAAGT	6	4.96	0.0006389776357827476	0.0005286403494265488	0.3777110180804046	718.4063563889296	-2.856
ACTTTC	ACTTTC|GAAAGT	6	4.51	0.0006389776357827476	0.00048037318708760304	0.2988992137918366	568.5063046320732	-2.755
ACTTTG	ACTTTG|CAAAGT	7	3.71	0.0007454739084132055	0.00039533104391898435	0.08288443945343361	157.64620384043073	-2.198
AGAAAA	AGAAAA|TTTTCT	35	10.03	0.003727369542066028	0.0010683290058276277	6.565285821131088e-10	1.2487173631791328e-06	5.904
AGAAAC	AGAAAC|GTTTCT	9	3.89	0.0009584664536741214	0.0004145754350972881	0.01834172146089871	34.885954218629344	-1.543
AGAAAG	AGAAAG|CTTTCT	12	5.19	0.0012779552715654952	0.0005527672467963841	0.0072121673423589105	13.717542285166648	-1.137
AGAAAT	AGAAAT|ATTTCT	15	6.24	0.001597444089456869	0.0006643837100918083	0.0020237321984598877	3.8491386414707063	-0.585
AGAACA	AGAACA|TGTTCT	9	3.82	0.0009584664536741214	0.0004072586009665807	0.016575079290602243	31.525800810725467	-1.499
AGAACC	AGAACC|GGTTCT	4	1.58	0.0004259850905218317	0.00016825707457774234	0.07607217455556496	144.68927600468456	-2.16
AGAACG	AGAACG|CGTTCT	4	1.54	0.0004259850905218317	0.00016443305015552097	0.07128925307052278	135.59215934013432	-2.132
AGAACT	AGAACT|AGTTCT	8	2.89	0.0008519701810436634	0.00030783396598882423	0.009707933441113347	18.464489404997586	-1.266
AGAAGA	AGAAGA|TCTTCT	10	4.06	0.0010649627263045794	0.0004322927331746957	0.008945378689197913	17.01411026685443	-1.231
AGAAGC	AGAAGC|GCTTCT	5	2.55	0.0005324813631522897	0.00027150092388410777	0.11551809002277069	219.71540722330985	-2.342
AGAAGG	AGAAGG|CCTTCT	4	2.28	0.0004259850905218317	0.00024250567958580504	0.1960193269832036	372.8287599220532	-2.572
AGAATA	AGAATA|TATTCT	7	6.18	0.0007454739084132055	0.0006584488609178652	0.4230378783535041	804.6180446283648	-2.906
AGAATC	AGAATC|GATTCT	2	2.48	0.00021299254526091586	0.0002641342135487138	0.7086193173187706	1347.7939415403016	-3.13
AGAATG	AGAATG|CATTCT	6	2.55	0.0006389776357827476	0.0002716809053643913	0.04552092004178138	86.58078991946819	-1.937
AGACAA	AGACAA|TTGTCT	7	3.33	0.0007454739084132055	0.0003551483548529169	0.05330368727733465	101.3836132014905	-2.006
AGACAC	AGACAC|GTGTCT	1	2.63	0.00010649627263045793	0.0002798138553386616	0.9277376550069784	1764.5570198232729	-3.247
AGACAG	AGACAG|CTGTCT	2	1.72	0.00021299254526091586	0.00018295521310604797	0.5123082503928229	974.4102922471492	-2.989
AGACAT	AGACAT|ATGTCT	3	3.27	0.0003194888178913738	0.00034797364061346376	0.6339992526792343	1205.8665785959035	-3.081
AGACCA	AGACCA|TGGTCT	3	1.78	0.0003194888178913738	0.0001896147744153488	0.2641583664875711	502.42921305936017	-2.701
AGACCC	AGACCC|GGGTCT	1	0.82	0.00010649627263045793	8.716163017479742e-05	0.55888413576059	1062.9976262166422	-3.027
AGACCG	AGACCG|CGGTCT	2	0.69	0.00021299254526091586	7.33992675156188e-05	0.1520662386217095	289.2299858584915	-2.461
AGACCT	AGACCT|AGGTCT	2	1.23	0.00021299254526091586	0.00013150702096548374	0.3499307611213788	665.5683076528625	-2.823
AGACGA	AGACGA|TCGTCT	2	0.96	0.00021299254526091586	0.00010276616995262074	0.2513585771248369	478.0840136914398	-2.68
AGACGC	AGACGC|GCGTCT	3	1.04	0.0003194888178913738	0.00011105376430363855	0.08833907542051184	168.0209214498135	-2.225
AGACGG	AGACGG|CCGTCT	1	0.75	0.00010649627263045793	7.956090576977089e-05	0.5262506550028141	1000.9287458153524	-3.0
AGACTA	AGACTA|TAGTCT	4	2.09	0.0004259850905218317	0.00022275400790574775	0.15978364674757198	303.9084961138819	-2.483
AGACTC	AGACTC|GAGTCT	2	2.03	0.00021299254526091586	0.00021625024125156538	0.6022105853881788	1145.4045334083162	-3.059
AGACTG	AGACTG|CAGTCT	3	1.37	0.0003194888178913738	0.0001463347497191042	0.1602744725008972	304.8420466967065	-2.484
AGAGAA	AGAGAA|TTCTCT	13	3.47	0.0013844515441959531	0.0003694131372460622	6.955605356513537e-05	0.13229561388088748	0.878
AGAGAC	AGAGAC|GTCTCT	4	1.52	0.0004259850905218317	0.00016237940098728	0.06878622321529775	130.8313965554963	-2.117
AGAGAG	AGAGAG|CTCTCT	9	1.54	0.0009584664536741214	0.00016440914349962103	3.456893475575981e-05	0.06575011390545515	1.182
AGAGAT	AGAGAT|ATCTCT	5	2.29	0.0005324813631522897	0.0002435691014809201	0.08225148375528679	156.44232210255547	-2.194
AGAGCA	AGAGCA|TGCTCT	5	1.79	0.0005324813631522897	0.00019039415946308028	0.03553123292613071	67.58040502550061	-1.83
AGAGCC	AGAGCC|GGCTCT	3	1.07	0.0003194888178913738	0.00011423649567784811	0.09414412408459687	179.06212400890325	-2.253
AGAGCG	AGAGCG|CGCTCT	2	0.96	0.00021299254526091586	0.00010212050371201572	0.24912985587138453	473.8449858673734	-2.676
AGAGCT	AGAGCT|AGCTCT	4	1.72	0.0004259850905218317	0.00018347073548260456	0.09662813244817518	183.7867079164292	-2.264
AGAGGA	AGAGGA|TCCTCT	7	1.40	0.0007454739084132055	0.0001493400836722969	0.0006282774507388667	1.1949837113053245	-0.077
AGAGGC	AGAGGC|GCCTCT	4	0.98	0.0004259850905218317	0.00010435813075895441	0.01778179213882649	33.82096864804798	-1.529
AGAGGG	AGAGGG|CCCTCT	3	0.96	0.0003194888178913738	0.00010255885264242071	0.07362796229280948	140.04038428092363	-2.146
AGAGTA	AGAGTA|TACTCT	7	2.48	0.0007454739084132055	0.00026438351313770234	0.013707825427223761	26.072283962579593	-1.416
AGAGTC	AGAGTC|GACTCT	3	1.82	0.0003194888178913738	0.0001941277544018095	0.275507810494616	524.0158555607596	-2.719
AGAGTG	AGAGTG|CACTCT	3	1.96	0.0003194888178913738	0.0002089184404514712	0.31297012773777505	595.2691829572482	-2.775
AGATAA	AGATAA|TTATCT	8	4.56	0.0008519701810436634	0.00048509487708564667	0.09118902022952147	173.44151647654982	-2.239
AGATAC	AGATAC|GTATCT	2	3.04	0.00021299254526091586	0.00032339658472376435	0.8062657506289416	1533.5174576962468	-3.186
AGATAG	AGATAG|CTATCT	9	2.67	0.0009584664536741214	0.00028450712200381794	0.0017832628879801183	3.3917660129381852	-0.53
AGATAT	AGATAT|ATATCT	16	6.30	0.0017039403620873268	0.000671354935375916	0.0008500303152012333	1.6167576595127457	-0.209
AGATCA	AGATCA|TGATCT	4	2.31	0.0004259850905218317	0.00024596894757980683	0.20261741715787282	385.3783274342741	-2.586
AGATCG	AGATCG|CGATCT	1	1.04	0.00010649627263045793	0.00011092717243795206	0.6471125633309609	1230.8080954554875	-3.09
AGATCT	AGATCT|AGATCT	1	2.12	0.00010649627263045793	0.0002254715352814896	0.8796291296859668	1673.054604662709	-3.224
AGATGA	AGATGA|TCATCT	9	2.02	0.0009584664536741214	0.00021559567798952215	0.00025923574158617855	0.4930663804969116	0.307
AGATGC	AGATGC|GCATCT	10	1.49	0.0010649627263045794	0.00015819682865464928	3.766222754069705e-06	0.007163355678240579	2.145
AGATGG	AGATGG|CCATCT	5	1.26	0.0005324813631522897	0.0001343973057597021	0.009478373923620985	18.027867202727116	-1.256
AGATTA	AGATTA|TAATCT	5	2.61	0.0005324813631522897	0.00027772109510782345	0.12368206842731921	235.24329414876115	-2.372
AGATTC	AGATTC|GAATCT	1	2.37	0.00010649627263045793	0.000252363951641457	0.9064909920777209	1724.1458669318251	-3.237
AGATTG	AGATTG|CAATCT	1	1.95	0.00010649627263045793	0.00020768707981976367	0.8577517743488443	1631.443874811502	-3.213
AGCAAA	AGCAAA|TTTGCT	11	3.98	0.0011714589989350373	0.0004239023207997319	0.0027377675783270884	5.207233933978122	-0.717
AGCAAC	AGCAAC|GTTGCT	6	1.54	0.0006389776357827476	0.0001644994080715377	0.0051199446854563666	9.738134791738009	-0.988
AGCAAG	AGCAAG|CTTGCT	7	2.06	0.0007454739084132055	0.00021933254409538355	0.005293666478331515	10.068553641786542	-1.003
AGCAAT	AGCAAT|ATTGCT	7	2.48	0.0007454739084132055	0.0002636208462684898	0.013514316932740189	25.70423080607184	-1.41
AGCACA	AGCACA|TGTGCT	2	3.08	0.00021299254526091586	0.00032808917553219517	0.8125934129351358	1545.5526714026282	-3.189
AGCACC	AGCACC|GGTGCT	1	1.27	0.00010649627263045793	0.00013554857956259712	0.7199539323690972	1369.352379366023	-3.137
AGCACG	AGCACG|CGTGCT	3	1.24	0.0003194888178913738	0.00013246793002708357	0.13016363777450568	247.5712390471098	-2.394
AGCACT	AGCACT|AGTGCT	4	2.33	0.0004259850905218317	0.00024799228760884233	0.2065022501189682	392.7672797262775	-2.594
AGCAGA	AGCAGA|TCTGCT	2	1.60	0.00021299254526091586	0.00017077976400386373	0.4762382835176183	905.8052152505101	-2.957
AGCAGG	AGCAGG|CCTGCT	3	0.90	0.0003194888178913738	9.580328224606985e-05	0.06278990448210173	119.42639832495749	-2.077
AGCATA	AGCATA|TATGCT	7	3.87	0.0007454739084132055	0.00041162847408316073	0.09710585799028788	184.69534189752756	-2.266
AGCATC	AGCATC|GATGCT	4	1.55	0.0004259850905218317	0.00016512317011931947	0.0721407139456505	137.21163792462724	-2.137
AGCATG	AGCATG|CATGCT	4	1.59	0.0004259850905218317	0.00016984097497987143	0.07809934012224308	148.54494491250634	-2.172
AGCCAA	AGCCAA|TTGGCT	7	2.38	0.0007454739084132055	0.00025304387578125307	0.011028435611076888	20.976084532268242	-1.322
AGCCAC	AGCCAC|GTGGCT	10	1.87	0.0010649627263045794	0.0001993679021306841	2.691617108489502e-05	0.05119455740347033	1.291
AGCCAT	AGCCAT|ATGGCT	4	2.33	0.0004259850905218317	0.00024793187829072255	0.20638595131243725	392.54607939625566	-2.594
AGCCCA	AGCCCA|TGGGCT	2	1.41	0.00021299254526091586	0.00015031706906678573	0.4121231196589315	783.8581735912877	-2.894
AGCCCC	AGCCCC|GGGGCT	1	0.65	0.00010649627263045793	6.909736239360312e-05	0.47734005799050977	907.9007902979496	-2.958
AGCCCT	AGCCCT|AGGGCT	1	0.98	0.00010649627263045793	0.00010425216080438357	0.6242862730053248	1187.3924912561279	-3.075
AGCCGA	AGCCGA|TCGGCT	2	0.66	0.00021299254526091586	7.01999655389733e-05	0.14174633165424033	269.6015228063651	-2.431
AGCCGG	AGCCGG|CCGGCT	1	0.51	0.00010649627263045793	5.4348360417269646e-05	0.39970321495436245	760.2355148431974	-2.881
AGCCTA	AGCCTA|TAGGCT	1	1.37	0.00010649627263045793	0.00014562704730734685	0.7452411771762423	1417.448718989213	-3.152
AGCCTC	AGCCTC|GAGGCT	4	1.33	0.0004259850905218317	0.00014137516271443148	0.045890372311126214	87.28348813576206	-1.941
AGCGAA	AGCGAA|TTCGCT	5	1.52	0.0005324813631522897	0.00016188428387316133	0.01953756259045001	37.16044404703592	-1.57
AGCGAC	AGCGAC|GTCGCT	4	0.67	0.0004259850905218317	7.115792697721375e-05	0.004896467243683591	9.31308069748619	-0.969
AGCGAG	AGCGAG|CTCGCT	2	0.68	0.00021299254526091586	7.204740106442884e-05	0.14768733340744644	280.9013081409631	-2.449
AGCGAT	AGCGAT|ATCGCT	4	1.00	0.0004259850905218317	0.00010673689046582064	0.01912700121668296	36.379556314130994	-1.561
AGCGCA	AGCGCA|TGCGCT	2	1.35	0.00021299254526091586	0.00014356074744798048	0.39009765947323716	741.9657483180971	-2.87
AGCGCC	AGCGCC|GGCGCT	2	0.81	0.00021299254526091586	8.613644846878825e-05	0.19438221448464119	369.7149719497875	-2.568
AGCGCG	AGCGCG|CGCGCT	1	0.72	0.00010649627263045793	7.700076454028038e-05	0.5147238550448183	979.0047722952445	-2.991
AGCGCT	AGCGCT|AGCGCT	1	1.30	0.00010649627263045793	0.00013834035663169022	0.7271998897229623	1383.1341902530744	-3.141
AGCGGA	AGCGGA|TCCGCT	5	0.85	0.0005324813631522897	9.0317999861522e-05	0.0018169163770386278	3.45577494912747	-0.539
AGCGGG	AGCGGG|CCCGCT	4	0.58	0.0004259850905218317	6.202561436273189e-05	0.0030228208762690867	5.749405306663803	-0.76
AGCGTA	AGCGTA|TACGCT	2	1.80	0.00021299254526091586	0.00019176376484862843	0.5373599803677199	1022.0586826594033	-3.009
AGCGTC	AGCGTC|GACGCT	1	1.32	0.00010649627263045793	0.0001408055616021398	0.7334422133558928	1395.007089802908	-3.145
AGCGTG	AGCGTG|CACGCT	3	1.42	0.0003194888178913738	0.00015153360439087426	0.17206327664882548	327.26435218606605	-2.515
AGCTAA	AGCTAA|TTAGCT	4	2.21	0.0004259850905218317	0.00023553592465147706	0.18294963053754273	347.9701972824063	-2.542
AGCTAC	AGCTAC|GTAGCT	1	1.47	0.00010649627263045793	0.00015702394976765133	0.7710965290015243	1466.6255981608992	-3.166
AGCTAG	AGCTAG|CTAGCT	5	1.30	0.0005324813631522897	0.0001381413228968578	0.010570778686054917	20.10562106087645	-1.303
AGCTAT	AGCTAT|ATAGCT	5	3.06	0.0005324813631522897	0.0003259737691379092	0.1950705316330623	371.0241511660845	-2.569
AGCTCA	AGCTCA|TGAGCT	5	2.71	0.0005324813631522897	0.0002890275331678719	0.13917784355004817	264.71625843219164	-2.423
AGCTCG	AGCTCG|CGAGCT	2	1.22	0.00021299254526091586	0.00013034575025217747	0.3460100089630356	658.1110370476937	-2.818
AGCTGA	AGCTGA|TCAGCT	2	1.57	0.00021299254526091586	0.00016666921722418557	0.4636970830746059	881.9518520079004	-2.945
AGCTGC	AGCTGC|GCAGCT	4	1.15	0.0004259850905218317	0.00012229624380735685	0.029462741941293044	56.03813517233937	-1.748
AGCTGG	AGCTGG|CCAGCT	3	0.98	0.0003194888178913738	0.00010389769385403775	0.07586834817048889	144.30159822026988	-2.159
AGCTTA	AGCTTA|TAAGCT	4	2.28	0.0004259850905218317	0.00024326658681627037	0.19746328572084276	375.57516944104293	-2.575
AGCTTC	AGCTTC|GAAGCT	7	2.08	0.0007454739084132055	0.00022105528975913265	0.005515707828881898	10.49087629053337	-1.021
AGCTTG	AGCTTG|CAAGCT	3	1.71	0.0003194888178913738	0.00018192109970608048	0.24495330323836637	465.90118275937283	-2.668
AGGAAA	AGGAAA|TTTCCT	15	4.03	0.001597444089456869	0.0004290689881316264	2.1625208629850338e-05	0.041131146813975346	1.386
AGGAAC	AGGAAC|GTTCCT	2	1.56	0.00021299254526091586	0.00016650438345406387	0.4631904742110007	880.9882819493233	-2.945
AGGAAG	AGGAAG|CTTCCT	4	2.08	0.0004259850905218317	0.00022200584460541848	0.1584625857185962	301.39583803677	-2.479
AGGAAT	AGGAAT|ATTCCT	3	2.51	0.0003194888178913738	0.0002668339478430513	0.457615075581917	870.3838737568061	-2.94
AGGACA	AGGACA|TGTCCT	3	1.74	0.0003194888178913738	0.00018527312419930689	0.25329549952531666	481.76804009715227	-2.683
AGGACC	AGGACC|GGTCCT	2	0.72	0.00021299254526091586	7.654476492741328e-05	0.16235002088787562	308.78973972873945	-2.49
AGGACG	AGGACG|CGTCCT	2	0.70	0.00021299254526091586	7.480511117906285e-05	0.15664663166855428	297.9418934335902	-2.474
AGGAGA	AGGAGA|TCTCCT	8	1.40	0.0008519701810436634	0.00014934008367229707	0.00010774151207391343	0.20492435596458336	0.688
AGGAGC	AGGAGC|GCTCCT	2	0.88	0.00021299254526091586	9.379285742833295e-05	0.2204690950451514	419.33221877587795	-2.623
AGGAGG	AGGAGG|CCTCCT	1	0.79	0.00010649627263045793	8.377614449909343e-05	0.5446359166619437	1035.8975134910168	-3.015
AGGATA	AGGATA|TATCCT	3	2.63	0.0003194888178913738	0.0002803754988872122	0.4897547225964925	931.5134823785287	-2.969
AGGATC	AGGATC|GATCCT	1	1.06	0.00010649627263045793	0.00011247154683154642	0.6521930952967465	1240.471267254412	-3.094
AGGATG	AGGATG|CATCCT	3	1.09	0.0003194888178913738	0.00011568501959816203	0.09683674683389443	184.1834924780672	-2.265
AGGCAA	AGGCAA|TTGCCT	6	1.78	0.0006389776357827476	0.0001894281094880123	0.009834806296474184	18.705801575893897	-1.272
AGGCCA	AGGCCA|TGGCCT	3	1.38	0.0003194888178913738	0.000146877398987338	0.1614932551688354	307.1601713311249	-2.487
AGGCCC	AGGCCC|GGGCCT	1	0.63	0.00010649627263045793	6.751622372805046e-05	0.4695222910770977	893.0313976286399	-2.951
AGGCCG	AGGCCG|CGGCCT	1	0.53	0.00010649627263045793	5.685576734993727e-05	0.4136718454348521	786.8038500170886	-2.896
AGGCCT	AGGCCT|AGGCCT	2	0.96	0.00021299254526091586	0.00010186658316863756	0.24825352249501093	472.1781997855108	-2.674
AGGCGC	AGGCGC|GCGCCT	4	0.74	0.0004259850905218317	7.868797706966803e-05	0.006928970667389589	13.178902209374998	-1.12
AGGCTC	AGGCTC|GAGCCT	2	1.38	0.00021299254526091586	0.00014704766271531964	0.4015129643794293	763.6776582496746	-2.883
AGGCTG	AGGCTG|CAGCCT	2	0.93	0.00021299254526091586	9.950593717578028e-05	0.24011170737706217	456.69246743117225	-2.66
AGGGAA	AGGGAA|TTCCCT	4	1.98	0.0004259850905218317	0.000210960922696065	0.1394506844522412	265.23520182816276	-2.424
AGGGAC	AGGGAC|GTCCCT	4	0.87	0.0004259850905218317	9.27300759103582e-05	0.012062091920814559	22.94209883338929	-1.361
AGGGAG	AGGGAG|CTCCCT	1	0.88	0.00010649627263045793	9.38892018592376e-05	0.5858883292666826	1114.3596022652303	-3.047
AGGGAT	AGGGAT|ATCCCT	4	1.31	0.0004259850905218317	0.00013909511386553736	0.043706925646735784	83.13057258009147	-1.92
AGGGCA	AGGGCA|TGCCCT	1	1.14	0.00010649627263045793	0.00012097616879599499	0.6788882947629467	1291.2455366391246	-3.111
AGGGCG	AGGGCG|CGCCCT	1	0.61	0.00010649627263045793	6.488721780876097e-05	0.4562637450895014	867.8136431602317	-2.938
AGGGGA	AGGGGA|TCCCCT	1	0.98	0.00010649627263045793	0.00010440441268559154	0.6248230265434032	1188.4133964855528	-3.075
AGGGGG	AGGGGG|CCCCCT	1	0.67	0.00010649627263045793	7.169941594070734e-05	0.48995560890211415	931.8955681318212	-2.969
AGGGTA	AGGGTA|TACCCT	1	1.56	0.00010649627263045793	0.00016573617061126013	0.7890771056768155	1500.8246549973032	-3.176
AGGGTC	AGGGTC|GACCCT	3	1.14	0.0003194888178913738	0.00012169439100826796	0.10833272486634477	206.04884269578776	-2.314
AGGGTG	AGGGTG|CACCCT	1	1.23	0.00010649627263045793	0.00013096634460889792	0.7076413496790481	1345.9338470895495	-3.129
AGGTAA	AGGTAA|TTACCT	6	2.20	0.0006389776357827476	0.00023423465265226767	0.024884223524750514	47.32979314407548	-1.675
AGGTAC	AGGTAC|GTACCT	1	1.47	0.00010649627263045793	0.00015615643510151175	0.769224274557018	1463.0645702074482	-3.165
AGGTAG	AGGTAG|CTACCT	2	1.29	0.00021299254526091586	0.00013737812961462105	0.36962303095042603	703.0230048677104	-2.847
AGGTAT	AGGTAT|ATACCT	6	3.04	0.0006389776357827476	0.0003241728526157966	0.08841711050264738	168.1693441760353	-2.226
AGGTCA	AGGTCA|TGACCT	5	2.04	0.0005324813631522897	0.00021739792400687989	0.05646243298889916	107.3915475448862	-2.031
AGGTCG	AGGTCG|CGACCT	1	0.92	0.00010649627263045793	9.80422010227105e-05	0.6017264776294001	1144.483760451119	-3.059
AGGTGA	AGGTGA|TCACCT	9	1.87	0.0009584664536741214	0.00019937460868565097	0.00014665323359664545	0.27893445030081965	0.554
AGGTGC	AGGTGC|GCACCT	3	1.37	0.0003194888178913738	0.00014629435572388667	0.16018386081606556	304.6697032721567	-2.484
AGGTGG	AGGTGG|CCACCT	4	1.17	0.0004259850905218317	0.0001242854703494967	0.030980514215587632	58.92493803804768	-1.77
AGGTTA	AGGTTA|TAACCT	6	2.02	0.0006389776357827476	0.00021521686289732576	0.017329246469107728	32.9602267842429	-1.518
AGGTTC	AGGTTC|GAACCT	4	1.84	0.0004259850905218317	0.00019556662758930907	0.11462230304966936	218.01162040047112	-2.338
AGGTTG	AGGTTG|CAACCT	7	1.51	0.0007454739084132055	0.00016094478442756538	0.0009664583386272553	1.8382037600690395	-0.264
AGTAAA	AGTAAA|TTTACT	19	4.99	0.0020234291799787005	0.0005312950726970636	1.3576197795459909e-06	0.002582192820696475	2.588
AGTAAC	AGTAAC|GTTACT	5	1.94	0.0005324813631522897	0.00020617420731527833	0.0470613830619304	89.51075058379162	-1.952
AGTAAG	AGTAAG|CTTACT	6	2.58	0.0006389776357827476	0.00027489894308703775	0.04767390334822714	90.67576416832802	-1.957
AGTAAT	AGTAAT|ATTACT	4	3.10	0.0004259850905218317	0.00033040738351807413	0.3757248894116124	714.6287396608868	-2.854
AGTACA	AGTACA|TGTACT	8	3.27	0.0008519701810436634	0.00034794550390452255	0.018773052708100237	35.70634625080665	-1.553
AGTACC	AGTACC|GGTACT	3	1.35	0.0003194888178913738	0.0001437521330685352	0.1545131395606721	293.88399144439836	-2.468
AGTACG	AGTACG|CGTACT	4	1.32	0.0004259850905218317	0.00014048503913515942	0.045030852134459474	85.64868075974192	-1.933
AGTACT	AGTACT|AGTACT	1	2.47	0.00010649627263045793	0.00026300106163675176	0.9153796052534544	1741.0520091920703	-3.241
AGTAGA	AGTAGA|TCTACT	5	2.29	0.0005324813631522897	0.0002436900941680715	0.08238308754465568	156.6926325099351	-2.195
AGTAGC	AGTAGC|GCTACT	3	1.44	0.0003194888178913738	0.0001530492664592157	0.17554559772825876	333.88772687914815	-2.524
AGTAGG	AGTAGG|CCTACT	1	1.28	0.00010649627263045793	0.00013670419916745482	0.7229763590875915	1375.101034984599	-3.138
AGTATA	AGTATA|TATACT	13	6.84	0.0013844515441959531	0.0007287261614787525	0.023084107715840522	43.905972875528676	-1.643
AGTATC	AGTATC|GATACT	2	2.74	0.00021299254526091586	0.00029232568082242217	0.7593792035360536	1444.3392451255738	-3.16
AGTATG	AGTATG|CATACT	4	2.82	0.0004259850905218317	0.00030067784313163423	0.31326504817870077	595.8301216358889	-2.775
AGTCAA	AGTCAA|TTGACT	12	3.56	0.0012779552715654952	0.00037962912531777935	0.0003396640622715514	0.6460410464404908	0.19
AGTCAC	AGTCAC|GTGACT	7	2.81	0.0007454739084132055	0.00029910173509885627	0.024760932839529154	47.09529426078445	-1.673
AGTCAG	AGTCAG|CTGACT	1	1.84	0.00010649627263045793	0.0001955665191030983	0.8406049575421856	1598.8306292452369	-3.204
AGTCAT	AGTCAT|ATGACT	15	3.49	0.001597444089456869	0.0003719598500588341	4.160619277795413e-06	0.007913497866366876	2.102
AGTCCA	AGTCCA|TGGACT	2	2.35	0.00021299254526091586	0.0002501047810869159	0.6801733727468247	1293.6897549644605	-3.112
AGTCCC	AGTCCC|GGGACT	3	1.08	0.0003194888178913738	0.00011496752033834038	0.09549910302192832	181.63929394770767	-2.259
AGTCCG	AGTCCG|CGGACT	2	0.91	0.00021299254526091586	9.681475396912861e-05	0.2308456145391373	439.0683588534391	-2.643
AGTCGA	AGTCGA|TCGACT	2	1.15	0.00021299254526091586	0.00012269834364671614	0.32000915030404936	608.6574038783019	-2.784
AGTCGC	AGTCGC|GCGACT	5	1.25	0.0005324813631522897	0.000132593371360161	0.008980847422129928	17.081571796891122	-1.233
AGTCGG	AGTCGG|CCGACT	2	0.89	0.00021299254526091586	9.499226604907054e-05	0.22458341436614093	427.15765412440004	-2.631
AGTCTA	AGTCTA|TAGACT	4	2.71	0.0004259850905218317	0.00028876224553734677	0.28843983039643617	548.6125574140216	-2.739
AGTCTC	AGTCTC|GAGACT	3	2.63	0.0003194888178913738	0.0002803312310691028	0.48965116585883645	931.3165174635069	-2.969
AGTCTG	AGTCTG|CAGACT	2	1.78	0.00021299254526091586	0.00018969782553548325	0.5315648423621655	1011.0363301728388	-3.005
AGTGAA	AGTGAA|TTCACT	4	4.22	0.0004259850905218317	0.00044927530023917267	0.6080490472139429	1156.5092878009195	-3.063
AGTGAC	AGTGAC|GTCACT	2	1.85	0.00021299254526091586	0.0001974836484567791	0.5531444069431279	1052.0806620058293	-3.022
AGTGAG	AGTGAG|CTCACT	3	1.88	0.0003194888178913738	0.00019995219406248888	0.2902229495124797	552.0040499727363	-2.742
AGTGAT	AGTGAT|ATCACT	8	2.78	0.0008519701810436634	0.00029622547268516873	0.007834625221403371	14.901457171109211	-1.173
AGTGCA	AGTGCA|TGCACT	7	2.54	0.0007454739084132055	0.0002705317083056722	0.015340742684649035	29.178092586202464	-1.465
AGTGCG	AGTGCG|CGCACT	2	1.36	0.00021299254526091586	0.00014510337081849697	0.3951601278143044	751.5945631028069	-2.876
AGTGGA	AGTGGA|TCCACT	5	1.90	0.0005324813631522897	0.0002018287964153779	0.04369036874510419	83.09908135318817	-1.92
AGTGGC	AGTGGC|GCCACT	2	1.32	0.00021299254526091586	0.00014103699026616777	0.381774719156485	726.1355158356345	-2.861
AGTGTA	AGTGTA|TACACT	4	2.95	0.0004259850905218317	0.00031438458653913846	0.342031452656161	650.5438229520182	-2.813
AGTGTC	AGTGTC|GACACT	2	2.17	0.00021299254526091586	0.00023084182927698985	0.6374631176699448	1212.454849808235	-3.084
AGTGTG	AGTGTG|CACACT	5	2.33	0.0005324813631522897	0.00024842977817428433	0.08762613064717914	166.6649004909347	-2.222
AGTTAA	AGTTAA|TTAACT	7	3.19	0.0007454739084132055	0.0003392108029559133	0.04372460949279454	83.16420725529521	-1.92
AGTTAC	AGTTAC|GTAACT	8	2.12	0.0008519701810436634	0.00022614053530394215	0.0015915368197975848	3.0271030312550065	-0.481
AGTTAG	AGTTAG|CTAACT	6	1.87	0.0006389776357827476	0.00019894642029903765	0.012260280085030219	23.319052721727477	-1.368
AGTTAT	AGTTAT|ATAACT	4	4.41	0.0004259850905218317	0.00046945630113729776	0.641978739730489	1221.04356296739	-3.087
AGTTCA	AGTTCA|TGAACT	5	3.66	0.0005324813631522897	0.00038961808820981255	0.3047851935484118	579.7014381290793	-2.763
AGTTCC	AGTTCC|GGAACT	5	1.87	0.0005324813631522897	0.00019862882928343382	0.0413034773020169	78.55921382843614	-1.895
AGTTCG	AGTTCG|CGAACT	3	1.65	0.0003194888178913738	0.00017571011821226835	0.2296183697582139	436.73413928012286	-2.64
AGTTGA	AGTTGA|TCAACT	9	2.57	0.0009584664536741214	0.00027324145094676156	0.0013597596440910957	2.586262843061264	-0.413
AGTTGC	AGTTGC|GCAACT	5	1.88	0.0005324813631522897	0.00020049535037002642	0.042685908062325986	81.18859713454403	-1.909
AGTTGG	AGTTGG|CCAACT	5	1.60	0.0005324813631522897	0.00017033233305772166	0.023650349314601648	44.98296439637233	-1.653
AGTTTA	AGTTTA|TAAACT	16	5.01	0.0017039403620873268	0.0005331743845341343	7.003819543389697e-05	0.13321264771527203	0.875
AGTTTC	AGTTTC|GAAACT	5	4.55	0.0005324813631522897	0.0004844932450766699	0.4772448970441231	907.7197941779222	-2.958
AGTTTG	AGTTTG|CAAACT	6	3.74	0.0006389776357827476	0.0003987217136516135	0.17624558421208603	335.21910117138765	-2.525
ATAAAA	ATAAAA|TTTTAT	26	14.93	0.0027689030883919063	0.0015901470287168263	0.005851390425484641	11.129344589271787	-1.046
ATAAAC	ATAAAC|GTTTAT	11	5.79	0.0011714589989350373	0.0006170719812930964	0.034697149420835065	65.9939781984283	-1.82
ATAAAG	ATAAAG|CTTTAT	11	7.73	0.0011714589989350373	0.0008227626417241285	0.15785461789303168	300.23948323254626	-2.477
ATAAAT	ATAAAT|ATTTAT	19	9.29	0.0020234291799787005	0.0009888974059184244	0.003380288094470632	6.429307955683142	-0.808
ATAACA	ATAACA|TGTTAT	10	5.69	0.0010649627263045794	0.0006061812893909846	0.0643525094147794	122.39847290691041	-2.088
ATAACC	ATAACC|GGTTAT	5	2.35	0.0005324813631522897	0.00025044109608641623	0.08990240490701079	170.99437413313453	-2.233
ATAACG	ATAACG|CGTTAT	5	2.30	0.0005324813631522897	0.0002447492529935432	0.08353990822863647	158.89290545086655	-2.201
ATAAGA	ATAAGA|TCTTAT	12	6.04	0.0012779552715654952	0.0006434431728838878	0.021053246365555774	40.04327458728708	-1.603
ATAAGC	ATAAGC|GCTTAT	10	3.79	0.0010649627263045794	0.0004041137000429297	0.005744758988462955	10.92653159605654	-1.038
ATAAGG	ATAAGG|CCTTAT	2	3.39	0.00021299254526091586	0.0003609559262519372	0.8519476036006677	1620.40434204847	-3.21
ATAATA	ATAATA|TATTAT	24	9.20	0.0025559105431309905	0.000980063720107828	3.45859432249602e-05	0.0657824640138743	1.182
ATAATC	ATAATC|GATTAT	7	3.69	0.0007454739084132055	0.00039314877024382777	0.08107693782442058	154.20833574204792	-2.188
ATAATG	ATAATG|CATTAT	7	3.80	0.0007454739084132055	0.00040438159225079424	0.09062535443896273	172.36942414290712	-2.236
ATACAA	ATACAA|TTGTAT	8	7.53	0.0008519701810436634	0.0008017375254714374	0.47950523545490636	912.018957835232	-2.96
ATACAC	ATACAC|GTGTAT	5	5.93	0.0005324813631522897	0.0006316719897653745	0.7056562376189679	1342.158163951277	-3.128
ATACAG	ATACAG|CTGTAT	7	3.88	0.0007454739084132055	0.00041301630100043713	0.09837532690147856	187.10987176661223	-2.272
ATACAT	ATACAT|ATGTAT	13	7.38	0.0013844515441959531	0.0007855408077851451	0.03830521927118061	72.85652705378551	-1.862
ATACCA	ATACCA|TGGTAT	8	4.02	0.0008519701810436634	0.00042805007528627154	0.05229651941481486	99.46797992697788	-1.998
ATACCC	ATACCC|GGGTAT	2	1.85	0.00021299254526091586	0.00019676495396223772	0.5511822319431143	1048.3486051558034	-3.021
ATACCG	ATACCG|CGGTAT	1	1.56	0.00010649627263045793	0.0001656968033366212	0.7889991217792056	1500.676329624049	-3.176
ATACGA	ATACGA|TCGTAT	2	2.18	0.00021299254526091586	0.00023199176815591165	0.6401341396269634	1217.5351335704845	-3.085
ATACGC	ATACGC|GCGTAT	1	2.35	0.00010649627263045793	0.00025070078171687225	0.9050191835921276	1721.3464871922267	-3.236
ATACGG	ATACGG|CCGTAT	3	1.69	0.0003194888178913738	0.00017960653018522207	0.2392188111764568	454.99417885762085	-2.658
ATACTA	ATACTA|TAGTAT	9	4.72	0.0009584664536741214	0.0005028609724551914	0.05143934627384108	97.83763661284573	-1.991
ATACTC	ATACTC|GAGTAT	4	4.58	0.0004259850905218317	0.0004881789002667188	0.6716773572830423	1277.5303335523465	-3.106
ATACTG	ATACTG|CAGTAT	4	3.10	0.0004259850905218317	0.00033034662424063637	0.37559728449561686	714.3860351106632	-2.854
ATAGAA	ATAGAA|TTCTAT	16	6.80	0.0017039403620873268	0.0007245984846254469	0.0018262737272672891	3.473572629262384	-0.541
ATAGAC	ATAGAC|GTCTAT	5	2.99	0.0005324813631522897	0.0003185048284067897	0.18318660086956948	348.42091485392115	-2.542
ATAGAG	ATAGAG|CTCTAT	7	3.03	0.0007454739084132055	0.00032248613876187463	0.0349473273036689	66.46981653157825	-1.823
ATAGAT	ATAGAT|ATCTAT	14	4.49	0.001490947816826411	0.0004777572426101847	0.00024401522656998146	0.4641169609361047	0.333
ATAGCA	ATAGCA|TGCTAT	7	3.51	0.0007454739084132055	0.00037345536885059505	0.06580944895710267	125.16957191640927	-2.097
ATAGCC	ATAGCC|GGCTAT	3	2.10	0.0003194888178913738	0.00022407322131035693	0.3514614459157277	668.4796701317141	-2.825
ATAGCG	ATAGCG|CGCTAT	5	1.88	0.0005324813631522897	0.00020030787965622814	0.04254581642998276	80.92214284982721	-1.908
ATAGGA	ATAGGA|TCCTAT	4	2.75	0.0004259850905218317	0.0002929283975374844	0.29709243901658905	565.0698190095524	-2.752
ATAGGG	ATAGGG|CCCTAT	3	1.89	0.0003194888178913738	0.00020116769469441688	0.29330131758855904	557.8591060534393	-2.747
ATAGTA	ATAGTA|TACTAT	8	4.87	0.0008519701810436634	0.0005185844077113236	0.12010255147260906	228.43505290090243	-2.359
ATAGTC	ATAGTC|GACTAT	4	3.58	0.0004259850905218317	0.00038077876090691605	0.4795705518730911	912.1431896626193	-2.96
ATAGTG	ATAGTG|CACTAT	4	3.85	0.0004259850905218317	0.0004097904760236335	0.5362715112187418	1019.9884143380469	-3.009
ATATAA	ATATAA|TTATAT	23	14.23	0.0024494142705005326	0.0015155650793433554	0.01970712363027502	37.482949144783085	-1.574
ATATAC	ATATAC|GTATAT	22	9.49	0.0023429179978700747	0.0010103767195622367	0.0003543114225989668	0.6739003257832348	0.171
ATATAG	ATATAG|CTATAT	12	8.35	0.0012779552715654952	0.0008888757216401953	0.13854669874101158	263.515821005404	-2.421
ATATAT	ATATAT|ATATAT	60	19.70	0.006389776357827476	0.0020974909114962895	2.269567086183595e-13	4.3167165979211976e-10	9.365
ATATCA	ATATCA|TGATAT	12	7.22	0.0012779552715654952	0.0007684722415425024	0.06371360138169514	121.18326982798416	-2.083
ATATCC	ATATCC|GGATAT	4	3.68	0.0004259850905218317	0.00039177016235500113	0.5013966949239979	953.6565137454439	-2.979
ATATCG	ATATCG|CGATAT	6	3.25	0.0006389776357827476	0.00034656591285250096	0.11168575722431201	212.42631024064144	-2.327
ATATGA	ATATGA|TCATAT	8	6.32	0.0008519701810436634	0.0006735780900868696	0.301829778951674	574.080239566084	-2.759
ATATGC	ATATGC|GCATAT	8	4.64	0.0008519701810436634	0.0004942488583104949	0.09865244753373238	187.636955209159	-2.273
ATATGG	ATATGG|CCATAT	3	3.94	0.0003194888178913738	0.0004198928353788278	0.7533940974297726	1432.9555733114275	-3.156
ATATTA	ATATTA|TAATAT	14	8.15	0.001490947816826411	0.0008676743734568415	0.03875219099475757	73.7066672720289	-1.868
ATATTC	ATATTC|GAATAT	7	7.40	0.0007454739084132055	0.0007884519306629561	0.6085349510567026	1157.4334769098484	-3.063
ATATTG	ATATTG|CAATAT	14	6.09	0.001490947816826411	0.0006488695314546815	0.0041382672941407215	7.870984393455652	-0.896
ATCAAA	ATCAAA|TTTGAT	10	5.83	0.0010649627263045794	0.0006207409052831587	0.07264016095251097	138.16158613167588	-2.14
ATCAAC	ATCAAC|GTTGAT	6	2.26	0.0006389776357827476	0.0002408845304083898	0.02797275949572216	53.20418856086355	-1.726
ATCAAG	ATCAAG|CTTGAT	2	3.02	0.00021299254526091586	0.00032117937387785304	0.8032102213479545	1527.7058410038094	-3.184
ATCAAT	ATCAAT|ATTGAT	9	3.62	0.0009584664536741214	0.00038603290129549637	0.012153727743384043	23.11639016791645	-1.364
ATCACA	ATCACA|TGTGAT	7	4.51	0.0007454739084132055	0.0004804370295714332	0.17040037660558222	324.1015163038174	-2.511
ATCACC	ATCACC|GGTGAT	6	1.86	0.0006389776357827476	0.00019849041597317437	0.012135371116330125	23.081475863259897	-1.363
ATCACG	ATCACG|CGTGAT	9	1.82	0.0009584664536741214	0.00019397927015560226	0.00011980788761460302	0.22787460224297496	0.642
ATCAGA	ATCAGA|TCTGAT	3	2.35	0.0003194888178913738	0.0002500811628296931	0.41671749797420654	792.5966811469408	-2.899
ATCAGC	ATCAGC|GCTGAT	3	1.47	0.0003194888178913738	0.000157063169338161	0.18486028307506033	351.60425840876474	-2.546
ATCAGG	ATCAGG|CCTGAT	1	1.32	0.00010649627263045793	0.00014028943280690095	0.7321472190065902	1392.5440105505345	-3.144
ATCATA	ATCATA|TATGAT	8	5.66	0.0008519701810436634	0.0006027677111100827	0.21068260931532956	400.71832291775684	-2.603
ATCATC	ATCATC|GATGAT	9	2.27	0.0009584664536741214	0.00024179793568885835	0.0005861631451096526	1.1148823019985592	-0.047
ATCATG	ATCATG|CATGAT	2	2.34	0.00021299254526091586	0.0002487064481371114	0.6772169530998376	1288.0666447958913	-3.11
ATCCAA	ATCCAA|TTGGAT	4	2.96	0.0004259850905218317	0.00031484175411319214	0.3429928804843275	652.3724586811909	-2.814
ATCCAC	ATCCAC|GTGGAT	5	2.33	0.0005324813631522897	0.00024805713960433307	0.08720774897379943	165.86913854816652	-2.22
ATCCAG	ATCCAG|CTGGAT	1	1.52	0.00010649627263045793	0.0001621912066643716	0.781937907894968	1487.245900816229	-3.172
ATCCAT	ATCCAT|ATGGAT	5	2.90	0.0005324813631522897	0.0003084813146361578	0.16767836114179696	318.9242428916978	-2.504
ATCCCA	ATCCCA|TGGGAT	2	1.76	0.00021299254526091586	0.00018702720843183853	0.5240001944453753	996.6483698351037	-2.999
ATCCGA	ATCCGA|TCGGAT	2	0.82	0.00021299254526091586	8.734406324096238e-05	0.1984724467057711	377.49459363437666	-2.577
ATCCTA	ATCCTA|TAGGAT	3	1.70	0.0003194888178913738	0.0001811917987701273	0.24314402823943101	462.4599417113978	-2.665
ATCCTC	ATCCTC|GAGGAT	4	1.65	0.0004259850905218317	0.00017590152727318915	0.0861012520547332	163.76458140810254	-2.214
ATCCTG	ATCCTG|CAGGAT	2	1.12	0.00021299254526091586	0.00011903110868110553	0.307447007111149	584.7642075254054	-2.767
ATCGAA	ATCGAA|TTCGAT	4	1.87	0.0004259850905218317	0.00019931849204757955	0.12048225191091616	229.15724313456255	-2.36
ATCGAC	ATCGAC|GTCGAT	3	0.82	0.0003194888178913738	8.761252397695801e-05	0.05073910515912478	96.50577801265534	-1.985
ATCGAG	ATCGAG|CTCGAT	2	0.83	0.00021299254526091586	8.870768052667008e-05	0.20310326865833717	386.3024169881573	-2.587
ATCGCA	ATCGCA|TGCGAT	5	1.66	0.0005324813631522897	0.0001767578112831175	0.02712563331000961	51.59295455563828	-1.713
ATCGCC	ATCGCC|GGCGAT	1	1.00	0.00010649627263045793	0.00010605468676987045	0.6305919830287467	1199.3859517206763	-3.079
ATCGCG	ATCGCG|CGCGAT	1	0.89	0.00010649627263045793	9.480646241549023e-05	0.5894397883671814	1121.1144774743789	-3.05
ATCGGA	ATCGGA|TCCGAT	2	1.04	0.00021299254526091586	0.00011120318233768095	0.280495431600952	533.5023109050107	-2.727
ATCGGC	ATCGGC|GCCGAT	1	0.73	0.00010649627263045793	7.770824789862038e-05	0.5179369902090564	985.1161553776252	-2.993
ATCGGG	ATCGGG|CCCGAT	2	0.72	0.00021299254526091586	7.636845052105804e-05	0.16177026929789662	307.68705220459935	-2.488
ATCGTA	ATCGTA|TACGAT	3	2.22	0.0003194888178913738	0.0002361073201456838	0.381853860640246	726.2860429377479	-2.861
ATCGTC	ATCGTC|GACGAT	1	1.63	0.00010649627263045793	0.00017336551479228536	0.8036589702296937	1528.5593613768774	-3.184
ATCTAA	ATCTAA|TTAGAT	6	3.08	0.0006389776357827476	0.0003280952828495874	0.09228400362910093	175.52417490254996	-2.244
ATCTAC	ATCTAC|GTAGAT	4	2.05	0.0004259850905218317	0.00021873018856639155	0.15272696735215976	290.48669190380787	-2.463
ATCTAG	ATCTAG|CTAGAT	5	1.81	0.0005324813631522897	0.00019242719120714187	0.036907015123998486	70.19714276584511	-1.846
ATCTCC	ATCTCC|GGAGAT	4	1.93	0.0004259850905218317	0.00020525096993041528	0.1300033378813312	247.26634865029195	-2.393
ATCTCG	ATCTCG|CGAGAT	2	1.70	0.00021299254526091586	0.00018156816570767502	0.5082824744445992	966.7532663936277	-2.985
ATCTGA	ATCTGA|TCAGAT	4	2.18	0.0004259850905218317	0.00023216578977667033	0.17673640999468795	336.1526518098965	-2.527
ATCTGC	ATCTGC|GCAGAT	3	1.60	0.0003194888178913738	0.00017035541717379046	0.21654780014266442	411.8739158713477	-2.615
ATCTGG	ATCTGG|CCAGAT	2	1.36	0.00021299254526091586	0.00014472672609454774	0.39392586047934774	749.2469866317194	-2.875
ATCTTA	ATCTTA|TAAGAT	6	3.18	0.0006389776357827476	0.0003388638897757944	0.10335920158645788	196.5892014174429	-2.294
ATCTTC	ATCTTC|GAAGAT	3	2.89	0.0003194888178913738	0.0003079241433180045	0.5520461325133513	1049.9917440403942	-3.021
ATCTTG	ATCTTG|CAAGAT	7	2.38	0.0007454739084132055	0.00025341125670189844	0.011108758812966042	21.12885926226141	-1.325
ATGAAA	ATGAAA|TTTCAT	14	6.59	0.001490947816826411	0.0007021157188309504	0.007968474912575976	15.156039283719506	-1.181
ATGAAC	ATGAAC|GTTCAT	7	2.56	0.0007454739084132055	0.0002724628162627567	0.015880947765919428	30.205562650778752	-1.48
ATGAAG	ATGAAG|CTTCAT	12	3.41	0.0012779552715654952	0.0003632837550170089	0.00023001787979198948	0.437494007364364	0.359
ATGAAT	ATGAAT|ATTCAT	8	4.10	0.0008519701810436634	0.000436639128626213	0.05731473554488341	109.01262700636825	-2.037
ATGACA	ATGACA|TGTCAT	5	2.85	0.0005324813631522897	0.000303175424874441	0.15968746706404585	303.7255623558152	-2.482
ATGACC	ATGACC|GGTCAT	1	1.18	0.00010649627263045793	0.00012525557459601322	0.6915359103392311	1315.3013014652176	-3.119
ATGACG	ATGACG|CGTCAT	2	1.15	0.00021299254526091586	0.0001224088569915584	0.3190194378396412	606.7749707709976	-2.783
ATGAGA	ATGAGA|TCTCAT	5	2.29	0.0005324813631522897	0.00024437566707963254	0.08313089771494243	158.1149674538205	-2.199
ATGAGC	ATGAGC|GCTCAT	3	1.44	0.0003194888178913738	0.0001534798396902571	0.17653844010436007	335.77611307849287	-2.526
ATGAGG	ATGAGG|CCTCAT	2	1.29	0.00021299254526091586	0.0001370887888495499	0.3686579599980792	701.1874399163466	-2.846
ATGATA	ATGATA|TATCAT	13	4.31	0.0013844515441959531	0.00045879811962404375	0.0005434097436226128	1.0335653323702096	-0.014
ATGATC	ATGATC|GATCAT	5	1.73	0.0005324813631522897	0.00018404509096666509	0.03144081921605431	59.80043814893529	-1.777
ATGATG	ATGATG|CATCAT	8	1.78	0.0008519701810436634	0.0001893035221371412	0.0005179067988490831	0.985058731410956	0.007
ATGCAA	ATGCAA|TTGCAT	5	3.06	0.0005324813631522897	0.0003254871265906318	0.19428814192962926	369.53604595015486	-2.568
ATGCAC	ATGCAC|GTGCAT	8	2.41	0.0008519701810436634	0.0002564444027683764	0.0034052772061883355	6.476837246170214	-0.811
ATGCAG	ATGCAG|CTGCAT	2	1.57	0.00021299254526091586	0.00016767518642547689	0.4667827357504819	887.8207633974166	-2.948
ATGCAT	ATGCAT|ATGCAT	4	2.99	0.0004259850905218317	0.00031891162908375016	0.3515538507614615	668.6554241482997	-2.825
ATGCCA	ATGCCA|TGGCAT	7	2.37	0.0007454739084132055	0.0002523738566926882	0.010883028886954263	20.699520942987007	-1.316
ATGCGA	ATGCGA|TCGCAT	2	1.17	0.00021299254526091586	0.00012511652066350858	0.3282621588234772	624.3546260822536	-2.795
ATGCGC	ATGCGC|GCGCAT	8	1.27	0.0008519701810436634	0.00013520656265250122	5.461968226168803e-05	0.10388663566173063	0.983
ATGCGG	ATGCGG|CCGCAT	1	0.91	0.00010649627263045793	9.686440309432921e-05	0.5972973155650755	1136.0594942047735	-3.055
ATGCTA	ATGCTA|TAGCAT	7	2.44	0.0007454739084132055	0.0002602654042968218	0.01268613233326295	24.12902369786613	-1.383
ATGCTC	ATGCTC|GAGCAT	4	2.37	0.0004259850905218317	0.0002526664143903453	0.21555710018124855	409.98960454473473	-2.613
ATGCTG	ATGCTG|CAGCAT	2	1.61	0.00021299254526091586	0.00017097727289572216	0.47683636229193604	906.9427610792624	-2.958
ATGGAA	ATGGAA|TTCCAT	5	2.94	0.0005324813631522897	0.000313355509607195	0.17515419548506267	333.1432798125892	-2.523
ATGGAC	ATGGAC|GTCCAT	1	1.29	0.00010649627263045793	0.00013773868554162413	0.7256542912829371	1380.1944620201464	-3.14
ATGGAG	ATGGAG|CTCCAT	2	1.31	0.00021299254526091586	0.00013946041911089445	0.37655071140083957	716.1994530843969	-2.855
ATGGCA	ATGGCA|TGCCAT	7	1.69	0.0007454739084132055	0.00017969464931669144	0.0017987323364512984	3.4211889039303696	-0.534
ATGGCG	ATGGCG|CGCCAT	3	0.91	0.0003194888178913738	9.638167554258908e-05	0.06368671512950379	121.1321321763162	-2.083
ATGGGA	ATGGGA|TCCCAT	4	1.46	0.0004259850905218317	0.00015507942193383132	0.060265532253168	114.62504234552553	-2.059
ATGGGC	ATGGGC|GCCCAT	1	1.02	0.00010649627263045793	0.00010836875267665316	0.638532298672571	1214.48843207523	-3.084
ATGGGG	ATGGGG|CCCCAT	3	1.00	0.0003194888178913738	0.00010650032590636604	0.08030839799835128	152.74657299286415	-2.184
ATGGTA	ATGGTA|TACCAT	4	2.31	0.0004259850905218317	0.00024617991587503213	0.20302146242238175	386.1468215273701	-2.587
ATGGTC	ATGGTC|GACCAT	2	1.70	0.00021299254526091586	0.00018076147669145724	0.5059311296798218	962.281008651021	-2.983
ATGGTG	ATGGTG|CACCAT	3	1.83	0.0003194888178913738	0.00019453377967747302	0.276531379350093	525.9626835238769	-2.721
ATGTAA	ATGTAA|TTACAT	15	3.21	0.001597444089456869	0.00034140205706711	1.4990824371460201e-06	0.00285125479545173	2.545
ATGTAC	ATGTAC|GTACAT	7	2.14	0.0007454739084132055	0.00022760137137807328	0.006423397385032998	12.217301826332761	-1.087
ATGTAG	ATGTAG|CTACAT	4	1.88	0.0004259850905218317	0.00020023158621235556	0.121927565419983	231.90622942880765	-2.365
ATGTCA	ATGTCA|TGACAT	5	2.98	0.0005324813631522897	0.0003168621620143083	0.18060955605251897	343.51937561189106	-2.536
ATGTCC	ATGTCC|GGACAT	4	1.52	0.0004259850905218317	0.0001615375727916081	0.06777353785212879	128.90526899474895	-2.11
ATGTCG	ATGTCG|CGACAT	3	1.34	0.0003194888178913738	0.00014289862208488407	0.15262368445934993	290.29024784168354	-2.463
ATGTGA	ATGTGA|TCACAT	6	2.73	0.0006389776357827476	0.00029059279129497453	0.05906344242041577	112.3386674836308	-2.051
ATGTGC	ATGTGC|GCACAT	7	2.00	0.0007454739084132055	0.00021322717802813075	0.004560368055827745	8.67382004218437	-0.938
ATGTGG	ATGTGG|CCACAT	7	1.70	0.0007454739084132055	0.00018114875301504925	0.0018811281539651752	3.577905748841763	-0.554
ATGTTA	ATGTTA|TAACAT	10	2.95	0.0010649627263045794	0.0003136832184166832	0.0009630806597069762	1.8317794147626687	-0.263
ATGTTC	ATGTTC|GAACAT	2	2.68	0.00021299254526091586	0.00028504257673515995	0.7470529343186189	1420.894681074013	-3.153
ATGTTG	ATGTTG|CAACAT	8	2.20	0.0008519701810436634	0.00023458049377247616	0.0019924708004290647	3.789679462416081	-0.579
ATTAAA	ATTAAA|TTTAAT	17	5.94	0.001810436634717785	0.0006325985585417649	0.00015582959072950266	0.29638788156751406	0.528
ATTAAC	ATTAAC|GTTAAT	9	2.31	0.0009584664536741214	0.0002454860077923265	0.0006515981391361712	1.2393396606369975	-0.093
ATTAAG	ATTAAG|CTTAAT	2	3.07	0.00021299254526091586	0.0003273146770564354	0.8115619482281491	1543.5908255299396	-3.189
ATTAAT	ATTAAT|ATTAAT	2	3.69	0.00021299254526091586	0.000393407063769754	0.8832578429541909	1679.956417298871	-3.225
ATTACA	ATTACA|TGTAAT	13	3.89	0.0013844515441959531	0.0004142892255780288	0.00021055533795462231	0.4004762527896916	0.397
ATTACC	ATTACC|GGTAAT	7	1.61	0.0007454739084132055	0.00017116174577871618	0.0013700129364014094	2.6057646050354806	-0.416
ATTACG	ATTACG|CGTAAT	1	1.57	0.00010649627263045793	0.0001672717061019272	0.792096514772386	1506.5675710970781	-3.178
ATTAGA	ATTAGA|TCTAAT	4	2.72	0.0004259850905218317	0.00029015515148495934	0.29132899070811835	554.107740326841	-2.744
ATTAGC	ATTAGC|GCTAAT	4	1.71	0.0004259850905218317	0.00018223158904238308	0.09486512495577175	180.43346766587786	-2.256
ATTAGG	ATTAGG|CCTAAT	1	1.53	0.00010649627263045793	0.000162769963028148	0.7831197568866191	1489.4937775983494	-3.173
ATTATA	ATTATA|TATAAT	15	8.15	0.001597444089456869	0.0008676743734568424	0.01989370670355904	37.837830150169296	-1.578
ATTATC	ATTATC|GATAAT	7	3.27	0.0007454739084132055	0.00034806421857867597	0.04889708893644251	93.00226315711366	-1.968
ATTATG	ATTATG|CATAAT	9	3.36	0.0009584664536741214	0.0003580089105380667	0.00774118183007936	14.723727840810943	-1.168
ATTCAA	ATTCAA|TTGAAT	10	5.25	0.0010649627263045794	0.0005593931224355168	0.04194472469536871	79.77886637059129	-1.902
ATTCAC	ATTCAC|GTGAAT	6	4.14	0.0006389776357827476	0.0004407339752522252	0.23687229069315027	450.5310968983718	-2.654
ATTCAG	ATTCAG|CTGAAT	1	2.71	0.00010649627263045793	0.0002881722145879933	0.9331923106464598	1774.9317748495666	-3.249
ATTCCA	ATTCCA|TGGAAT	7	3.46	0.0007454739084132055	0.000368535723678072	0.062289434222211955	118.47450389064714	-2.074
ATTCCC	ATTCCC|GGGAAT	3	1.59	0.0003194888178913738	0.00016940755040040407	0.21425046599355277	407.50438631973736	-2.61
ATTCCG	ATTCCG|CGGAAT	1	1.34	0.00010649627263045793	0.00014265898981086653	0.738041167210411	1403.7543000342018	-3.147
ATTCGA	ATTCGA|TCGAAT	2	1.70	0.00021299254526091586	0.00018079911416898914	0.5060409989367892	962.4899799777731	-2.983
ATTCGC	ATTCGC|GCGAAT	1	1.83	0.00010649627263045793	0.0001953796878922947	0.8403250782046703	1598.2982987452829	-3.204
ATTCTA	ATTCTA|TAGAAT	12	4.00	0.0012779552715654952	0.00042549847574896465	0.0009064704223650404	1.7241067433383068	-0.237
ATTCTC	ATTCTC|GAGAAT	4	3.88	0.0004259850905218317	0.000413075162588411	0.5424954576824338	1031.8263605119892	-3.014
ATTCTG	ATTCTG|CAGAAT	3	2.62	0.0003194888178913738	0.0002795245461124582	0.487762261993886	927.7238223123712	-2.967
ATTGAA	ATTGAA|TTCAAT	12	4.75	0.0012779552715654952	0.000506247810265949	0.003702748010708011	7.0426267163666365	-0.848
ATTGAC	ATTGAC|GTCAAT	7	2.09	0.0007454739084132055	0.00022252651000701046	0.005710784459883765	10.86191204269892	-1.036
ATTGAG	ATTGAG|CTCAAT	6	2.12	0.0006389776357827476	0.00022530809138209811	0.02110809530461744	40.147597269382366	-1.604
ATTGCA	ATTGCA|TGCAAT	4	2.86	0.0004259850905218317	0.00030483777956265154	0.32197909200158153	612.4042329870081	-2.787
ATTGCC	ATTGCC|GGCAAT	4	1.72	0.0004259850905218317	0.000182902667737591	0.09581800591090893	182.2458472425488	-2.261
ATTGCG	ATTGCG|CGCAAT	1	1.54	0.00010649627263045793	0.0001635038999472404	0.7846092848849969	1492.326859851264	-3.174
ATTGGA	ATTGGA|TCCAAT	6	2.14	0.0006389776357827476	0.00022742266530010395	0.021965067312391867	41.77755802816933	-1.621
ATTGGC	ATTGGC|GCCAAT	2	1.49	0.00021299254526091586	0.0001589218624988679	0.43958619114501424	836.0929355578171	-2.922
ATTGGG	ATTGGG|CCCAAT	8	1.47	0.0008519701810436634	0.00015618183038681844	0.0001457651986387447	0.2772454078108924	0.557
ATTGTA	ATTGTA|TACAAT	9	3.33	0.0009584664536741214	0.0003542516324224307	0.007258196868868476	13.805090444587842	-1.14
ATTGTC	ATTGTC|GACAAT	4	2.44	0.0004259850905218317	0.00026011483499549114	0.23020157677652037	437.84339902894175	-2.641
ATTGTG	ATTGTG|CACAAT	7	2.63	0.0007454739084132055	0.0002799331081380048	0.018097709258209586	34.42184300911463	-1.537
ATTTAA	ATTTAA|TTAAAT	9	6.49	0.0009584664536741214	0.0006909339524438022	0.20698773765635717	393.69067702239136	-2.595
ATTTAC	ATTTAC|GTAAAT	12	4.33	0.0012779552715654952	0.0004606226349625347	0.0017474190274103935	3.3235909901345684	-0.522
ATTTAG	ATTTAG|CTAAAT	10	3.81	0.0010649627263045794	0.00040523130544172344	0.005851628166979548	11.1297967735951	-1.046
ATTTCA	ATTTCA|TGAAAT	16	7.45	0.0017039403620873268	0.0007936078783003597	0.0043433315655300895	8.26101663763823	-0.917
ATTTCC	ATTTCC|GGAAAT	9	3.80	0.0009584664536741214	0.00040458440854528136	0.015961531616601105	30.3588331347753	-1.482
ATTTCG	ATTTCG|CGAAAT	3	3.36	0.0003194888178913738	0.0003579015921746719	0.652617119606621	1241.2777614917932	-3.094
ATTTGA	ATTTGA|TCAAAT	11	5.23	0.0011714589989350373	0.0005565618607337291	0.018279780577795626	34.76814265896728	-1.541
ATTTGC	ATTTGC|GCAAAT	10	3.83	0.0010649627263045794	0.0004083863004085153	0.006161689424481415	11.719533285363651	-1.069
ATTTGG	ATTTGG|CCAAAT	6	3.26	0.0006389776357827476	0.00034694765344440255	0.1121070873755091	213.22768018821833	-2.329
ATTTTA	ATTTTA|TAAAAT	16	10.20	0.0017039403620873268	0.0010860157802693561	0.055947268039878865	106.4117038118496	-2.027
ATTTTC	ATTTTC|GAAAAT	14	9.27	0.001490947816826411	0.0009868578177230237	0.08808125560641787	167.5305481634068	-2.224
ATTTTG	ATTTTG|CAAAAT	17	7.63	0.001810436634717785	0.0008121509313318664	0.0023177477656222806	4.408356250213577	-0.644
CAAAAA	CAAAAA|TTTTTG	17	12.19	0.001810436634717785	0.001298279831021047	0.11198218064134052	212.99010757982967	-2.328
CAAAAC	CAAAAC|GTTTTG	7	4.73	0.0007454739084132055	0.000503810083679809	0.1996033813724226	379.64563137034776	-2.579
CAAAAG	CAAAAG|CTTTTG	11	6.31	0.0011714589989350373	0.0006717467782397453	0.056664267035742566	107.77543590198236	-2.033
CAAACA	CAAACA|TGTTTG	10	4.65	0.0010649627263045794	0.0004949183488986639	0.0207625213215718	39.490315553629564	-1.596
CAAACC	CAAACC|GGTTTG	1	1.92	0.00010649627263045793	0.00020447330846517576	0.8533936780257931	1623.1547756050586	-3.21
CAAACG	CAAACG|CGTTTG	2	1.88	0.00021299254526091586	0.00019982618781824	0.5594976725461626	1064.1645731828012	-3.027
CAAAGA	CAAAGA|TCTTTG	5	4.93	0.0005324813631522897	0.0005253409141904595	0.5476640338124257	1041.6569923112336	-3.018
CAAAGC	CAAAGC|GCTTTG	4	3.10	0.0004259850905218317	0.0003299397204976667	0.37474265572287013	712.760531184899	-2.853
CAAAGG	CAAAGG|CCTTTG	5	2.77	0.0005324813631522897	0.00029470343966781854	0.14726194205246718	280.09221378379254	-2.447
CAAATA	CAAATA|TATTTG	10	7.51	0.0010649627263045794	0.0008001756680061294	0.22515657139199835	428.24779878758085	-2.632
CAAATC	CAAATC|GATTTG	3	3.01	0.0003194888178913738	0.00032098737398526675	0.5799551050906439	1103.0746098824045	-3.043
CAAATG	CAAATG|CATTTG	10	3.10	0.0010649627263045794	0.0003301584418134172	0.0014015401555214527	2.665729375801803	-0.426
CAACAA	CAACAA|TTGTTG	4	3.58	0.0004259850905218317	0.00038102462461250065	0.48006295129396537	913.0797333611222	-2.961
CAACAC	CAACAC|GTGTTG	5	2.82	0.0005324813631522897	0.000300201219391667	0.15527761040204002	295.3380149846801	-2.47
CAACAG	CAACAG|CTGTTG	3	1.84	0.0003194888178913738	0.00019628541267916686	0.2809512906262786	534.3693547711819	-2.728
CAACCA	CAACCA|TGGTTG	6	1.91	0.0006389776357827476	0.00020343019263742163	0.013536896987764295	25.74717807072769	-1.411
CAACCC	CAACCC|GGGTTG	1	0.88	0.00010649627263045793	9.351226597042759e-05	0.5844200138603874	1111.566866362457	-3.046
CAACGA	CAACGA|TCGTTG	4	1.04	0.0004259850905218317	0.00011025375957401877	0.021228220239117353	40.37607489480121	-1.606
CAACGC	CAACGC|GCGTTG	2	1.12	0.00021299254526091586	0.00011914519179772996	0.307838547546068	585.5089174326213	-2.768
CAACTA	CAACTA|TAGTTG	4	2.24	0.0004259850905218317	0.00023898396566800358	0.1893794029430266	360.1996243976366	-2.557
CAACTC	CAACTC|GAGTTG	6	2.18	0.0006389776357827476	0.00023200633163390134	0.023902417076667615	45.46239727982181	-1.658
CAACTG	CAACTG|CAGTTG	9	1.47	0.0009584664536741214	0.00015699676576730147	2.4275034803896023e-05	0.04617111619701023	1.336
CAAGAA	CAAGAA|TTCTTG	15	4.90	0.001597444089456869	0.0005219143973694499	0.00018342603700189253	0.3488763223775996	0.457
CAAGAG	CAAGAG|CTCTTG	4	2.18	0.0004259850905218317	0.00023228058344464524	0.17694685265270105	336.55291374543737	-2.527
CAAGCA	CAAGCA|TGCTTG	4	2.53	0.0004259850905218317	0.0002689927427584893	0.24796190468003093	471.62354270141884	-2.674
CAAGCC	CAAGCC|GGCTTG	3	1.52	0.0003194888178913738	0.00016139564565509349	0.19505522188475224	370.9950320247988	-2.569
CAAGCG	CAAGCG|CGCTTG	1	1.35	0.00010649627263045793	0.00014427792566137142	0.74199329911112	1411.2712549093503	-3.15
CAAGGA	CAAGGA|TCCTTG	2	1.98	0.00021299254526091586	0.00021099070908518674	0.588882381509302	1120.0542896306924	-3.049
CAAGGC	CAAGGC|GCCTTG	4	1.38	0.0004259850905218317	0.00014743929068603402	0.05198771314784204	98.88063040719557	-1.995
CAAGGG	CAAGGG|CCCTTG	2	1.36	0.00021299254526091586	0.00014489723395006793	0.3944847592380709	750.3100120708109	-2.875
CAAGTA	CAAGTA|TACTTG	6	3.51	0.0006389776357827476	0.00037352640721537535	0.14336776226849082	272.6854838346695	-2.436
CAAGTC	CAAGTC|GACTTG	1	2.58	0.00010649627263045793	0.00027426764166163937	0.9238745890952269	1757.2094684591216	-3.245
CAAGTG	CAAGTG|CACTTG	3	2.77	0.0003194888178913738	0.00029516422388347854	0.5237472405173426	996.1672514639855	-2.998
CAATAA	CAATAA|TTATTG	6	5.22	0.0006389776357827476	0.0005560246893448417	0.42276849351584717	804.1056746671413	-2.905
CAATAC	CAATAC|GTATTG	1	3.48	0.00010649627263045793	0.0003706831262298944	0.969214594702948	1843.4461591250072	-3.266
CAATAG	CAATAG|CTATTG	7	3.06	0.0007454739084132055	0.0003261073072528817	0.03673936318636295	69.87826878046234	-1.844
CAATCA	CAATCA|TGATTG	7	2.65	0.0007454739084132055	0.0002819341413955873	0.01872656895825165	35.617934158594636	-1.552
CAATCC	CAATCC|GGATTG	4	1.35	0.0004259850905218317	0.00014373113090755427	0.048209231943177396	91.69395915592341	-1.962
CAATCG	CAATCG|CGATTG	1	1.19	0.00010649627263045793	0.0001271467696489903	0.6969653631603994	1325.6281207310797	-3.122
CAATGA	CAATGA|TCATTG	9	2.32	0.0009584664536741214	0.0002471197399535712	0.0006824297742820259	1.2979814306844133	-0.113
CAATGC	CAATGC|GCATTG	2	1.70	0.00021299254526091586	0.0001813281208750229	0.5075835568710486	965.4239251687345	-2.985
CAATGG	CAATGG|CCATTG	2	1.45	0.00021299254526091586	0.00015404866906196645	0.4241174936059693	806.6714728385535	-2.907
CAATTA	CAATTA|TAATTG	4	2.99	0.0004259850905218317	0.0003183290381451977	0.3503282376968294	666.3243080993695	-2.824
CAATTC	CAATTC|GAATTG	8	2.72	0.0008519701810436634	0.00028926421292324486	0.006849935869937361	13.02857802462086	-1.115
CAATTG	CAATTG|CAATTG	5	2.24	0.0005324813631522897	0.00023805475896075654	0.076372854511659	145.2611692811754	-2.162
CACAAA	CACAAA|TTTGTG	3	7.26	0.0003194888178913738	0.0007735954499708354	0.9757379021397874	1855.8534898698756	-3.269
CACAAC	CACAAC|GTTGTG	7	2.82	0.0007454739084132055	0.0003002012193916673	0.025187737308182166	47.90707636016248	-1.68
CACAAG	CACAAG|CTTGTG	3	3.76	0.0003194888178913738	0.00040026829252222303	0.7243374963147721	1377.6899179906964	-3.139
CACACA	CACACA|TGTGTG	16	5.62	0.0017039403620873268	0.0005987424010738027	0.00025429804331287626	0.48367487838109063	0.315
CACACC	CACACC|GGTGTG	4	2.32	0.0004259850905218317	0.00024736775255631297	0.2053008291510063	390.482177045214	-2.592
CACAGA	CACAGA|TCTGTG	3	2.93	0.0003194888178913738	0.0003116624795335765	0.5601453151745054	1065.3963894619092	-3.028
CACAGC	CACAGC|GCTGTG	5	1.84	0.0005324813631522897	0.00019573924019486823	0.039217446404096926	74.59158306059236	-1.873
CACAGG	CACAGG|CCTGTG	5	1.64	0.0005324813631522897	0.00017483504949444544	0.026053661340274197	49.55406386920152	-1.695
CACATA	CACATA|TATGTG	10	7.05	0.0010649627263045794	0.0007511964407942265	0.17499455761375787	332.8396485813675	-2.522
CACATC	CACATC|GATGTG	5	2.83	0.0005324813631522897	0.000301339546450406	0.15695940974707134	298.5367973389297	-2.475
CACATG	CACATG|CATGTG	2	2.91	0.00021299254526091586	0.00030994924777756047	0.787067011911078	1497.0014566548703	-3.175
CACCAA	CACCAA|TTGGTG	5	2.99	0.0005324813631522897	0.0003179770395686471	0.1823571199688249	346.8432421807049	-2.54
CACCAC	CACCAC|GTGGTG	5	2.35	0.0005324813631522897	0.00025052736450863086	0.09000071749516958	171.18136467581255	-2.233
CACCAG	CACCAG|CTGGTG	2	1.54	0.00021299254526091586	0.00016380635371718172	0.45485827786757776	865.1404445041329	-2.937
CACCCA	CACCCA|TGGGTG	4	1.77	0.0004259850905218317	0.00018888967958984086	0.10451594857275764	198.78933418538503	-2.298
CACCCC	CACCCC|GGGGTG	3	0.82	0.0003194888178913738	8.682832045662031e-05	0.04965031553320465	94.43490014415524	-1.975
CACCCG	CACCCG|CGGGTG	2	0.69	0.00021299254526091586	7.311858564768031e-05	0.15115495386419783	287.4967222497043	-2.459
CACCGC	CACCGC|GCGGTG	1	0.90	0.00010649627263045793	9.532788177009461e-05	0.5914450306412117	1124.9284482795847	-3.051
CACCTA	CACCTA|TAGGTG	4	1.72	0.0004259850905218317	0.00018299615922711884	0.09595111384413392	182.4990185315427	-2.261
CACCTC	CACCTC|GAGGTG	3	1.67	0.0003194888178913738	0.00017765320567304243	0.23439724498835646	445.82355996785395	-2.649
CACCTG	CACCTG|CAGGTG	4	1.13	0.0004259850905218317	0.00012021645496672028	0.02792402102563458	53.11148799075698	-1.725
CACGAA	CACGAA|TTCGTG	3	2.09	0.0003194888178913738	0.0002223884982694216	0.34718915674386874	660.3537761268384	-2.82
CACGAC	CACGAC|GTCGTG	1	0.92	0.00010649627263045793	9.775318605249299e-05	0.6006441548366723	1142.4251824993507	-3.058
CACGAG	CACGAG|CTCGTG	3	0.93	0.0003194888178913738	9.897510087814906e-05	0.06778018894425537	128.9179193719737	-2.11
CACGCA	CACGCA|TGCGTG	2	1.85	0.00021299254526091586	0.00019721654425952038	0.5524158716968697	1050.6949879674462	-3.021
CACGCC	CACGCC|GGCGTG	3	1.11	0.0003194888178913738	0.00011832992655571216	0.10183287967843653	193.68613714838628	-2.287
CACGCG	CACGCG|CGCGTG	1	0.99	0.00010649627263045793	0.00010577978283010631	0.6296371805765132	1197.5699174565282	-3.078
CACGGA	CACGGA|TCCGTG	4	1.17	0.0004259850905218317	0.0001240743318334665	0.030817275275144426	58.6144575733247	-1.768
CACGGC	CACGGC|GCCGTG	1	0.81	0.00010649627263045793	8.670254513663937e-05	0.5569784652005466	1059.3730408114398	-3.025
CACGGG	CACGGG|CCCGTG	1	0.80	0.00010649627263045793	8.52076736687662e-05	0.5507159915800761	1047.4618159853048	-3.02
CACGTA	CACGTA|TACGTG	1	2.47	0.00010649627263045793	0.0002634354284853919	0.9157240439466001	1741.7071315864334	-3.241
CACGTC	CACGTC|GACGTG	1	1.82	0.00010649627263045793	0.00019343160832843465	0.8373773515493668	1592.6917226468956	-3.202
CACGTG	CACGTG|CACGTG	17	1.95	0.001810436634717785	0.00020816925467726776	3.9628103192462575e-11	7.537265227206382e-08	7.123
CACTAA	CACTAA|TTAGTG	6	3.17	0.0006389776357827476	0.00033716179815047246	0.10156432082241851	193.17533820424	-2.286
CACTAC	CACTAC|GTAGTG	2	2.11	0.00021299254526091586	0.0002247745321003149	0.6231117897798926	1185.1586241613556	-3.074
CACTAG	CACTAG|CTAGTG	1	1.86	0.00010649627263045793	0.00019774468330344155	0.8438319450441545	1604.9683594739818	-3.205
CACTCA	CACTCA|TGAGTG	4	3.88	0.0004259850905218317	0.00041373324660376346	0.5437372365620197	1034.1882239409615	-3.015
CACTCC	CACTCC|GGAGTG	1	1.98	0.00010649627263045793	0.0002109228316019186	0.8620088034177479	1639.5407441005564	-3.215
CACTCG	CACTCG|CGAGTG	3	1.75	0.0003194888178913738	0.0001865855818016972	0.25657284067373537	488.00154296144467	-2.688
CACTGA	CACTGA|TCAGTG	2	2.24	0.00021299254526091586	0.0002385814098583441	0.6551410775486655	1246.0783294975618	-3.096
CACTGC	CACTGC|GCAGTG	3	1.64	0.0003194888178913738	0.00017506298255839524	0.22803083424292925	433.7146467300514	-2.637
CACTGG	CACTGG|CCAGTG	2	1.40	0.00021299254526091586	0.0001487260736779288	0.40697143217248766	774.0596639920715	-2.889
CACTTA	CACTTA|TAAGTG	5	3.27	0.0005324813631522897	0.0003482279824713244	0.23193450803551102	441.13943428354196	-2.645
CACTTC	CACTTC|GAAGTG	8	2.97	0.0008519701810436634	0.0003164332536369861	0.011296417773671928	21.48578660552401	-1.332
CAGAAA	CAGAAA|TTTCTG	6	4.88	0.0006389776357827476	0.0005196333029753532	0.3628807767132171	690.199237308539	-2.839
CAGAAC	CAGAAC|GTTCTG	5	1.89	0.0005324813631522897	0.00020164874443819665	0.04355391787411988	82.839551796576	-1.918
CAGAAG	CAGAAG|CTTCTG	5	2.52	0.0005324813631522897	0.0002688649925842622	0.11213848065472565	213.28739020528818	-2.329
CAGACA	CAGACA|TGTCTG	2	2.11	0.00021299254526091586	0.00022437903494137981	0.6221611638773921	1183.3505336947997	-3.073
CAGACC	CAGACC|GGTCTG	1	0.87	0.00010649627263045793	9.270119753446691e-05	0.5812429017110102	1105.5239990543414	-3.044
CAGACG	CAGACG|CGTCTG	2	0.85	0.00021299254526091586	9.059435213595613e-05	0.20952978771720487	398.52565623812364	-2.6
CAGAGA	CAGAGA|TCTCTG	5	1.70	0.0005324813631522897	0.00018086154695814367	0.029506214725010232	56.12082040696946	-1.749
CAGAGC	CAGAGC|GCTCTG	1	1.07	0.00010649627263045793	0.00011358987400420004	0.6558263377596119	1247.3816944187818	-3.096
CAGAGG	CAGAGG|CCTCTG	3	0.95	0.0003194888178913738	0.00010145891658627567	0.07180988017971926	136.58239210182603	-2.135
CAGATA	CAGATA|TATCTG	7	3.19	0.0007454739084132055	0.0003395548282213073	0.043918717943959684	83.53340152941132	-1.922
CAGATC	CAGATC|GATCTG	1	1.28	0.00010649627263045793	0.00013621110587674215	0.7216907251451565	1372.6557592260876	-3.138
CAGATG	CAGATG|CATCTG	3	1.32	0.0003194888178913738	0.00014010285175893478	0.14648703717897218	278.6183447144051	-2.445
CAGCAA	CAGCAA|TTGCTG	5	1.94	0.0005324813631522897	0.00020618532483393333	0.04707019968913864	89.5275198087417	-1.952
CAGCAC	CAGCAC|GTGCTG	1	1.53	0.00010649627263045793	0.00016244904380855344	0.7824652174267739	1488.248843545724	-3.173
CAGCAG	CAGCAG|CTGCTG	1	1.00	0.00010649627263045793	0.00010621668249020801	0.631153477107194	1200.4539134578831	-3.079
CAGCCA	CAGCCA|TGGCTG	4	1.50	0.0004259850905218317	0.0001598704875576242	0.06579113171793587	125.13473252751402	-2.097
CAGCCC	CAGCCC|GGGCTG	1	0.69	0.00010649627263045793	7.348885315148847e-05	0.4984541906533413	948.0598706226551	-2.977
CAGCCG	CAGCCG|CGGCTG	1	0.58	0.00010649627263045793	6.188535002230612e-05	0.44071910511272006	838.2477379243935	-2.923
CAGCGA	CAGCGA|TCGCTG	2	0.74	0.00021299254526091586	7.92571759298561e-05	0.17131454156027295	325.84025804763917	-2.513
CAGCGC	CAGCGC|GCGCTG	1	0.80	0.00010649627263045793	8.564888366613482e-05	0.5525735076321574	1050.9948115163634	-3.022
CAGCTA	CAGCTA|TAGCTG	3	1.55	0.0003194888178913738	0.0001648695218458441	0.20332681472788383	386.727601612435	-2.587
CAGCTC	CAGCTC|GAGCTG	2	1.50	0.00021299254526091586	0.00016005581317881217	0.4431527997910704	842.876625202616	-2.926
CAGCTG	CAGCTG|CAGCTG	2	1.02	0.00021299254526091586	0.00010830844500821862	0.27050076454492766	514.4924541644524	-2.711
CAGGAA	CAGGAA|TTCCTG	6	1.96	0.0006389776357827476	0.00020869838251223467	0.015152014042024065	28.819130707929773	-1.46
CAGGAC	CAGGAC|GTCCTG	2	0.86	0.00021299254526091586	9.17355527526306e-05	0.21342692175426287	405.938005176608	-2.608
CAGGAG	CAGGAG|CTCCTG	4	0.87	0.0004259850905218317	9.288224716203858e-05	0.012128025761416467	23.06750499821412	-1.363
CAGGCA	CAGGCA|TGCCTG	2	1.12	0.00021299254526091586	0.0001196787083957997	0.3096690133277679	588.9904633494145	-2.77
CAGGGA	CAGGGA|TCCCTG	1	0.97	0.00010649627263045793	0.0001032846831354382	0.6208575074014852	1180.8709790776247	-3.072
CAGGTA	CAGGTA|TACCTG	3	1.54	0.0003194888178913738	0.00016395866252526064	0.20115005566349217	382.5874058719621	-2.583
CAGTAA	CAGTAA|TTACTG	3	2.43	0.0003194888178913738	0.00025842096580185004	0.4372182534949614	831.5891181474166	-2.92
CAGTAC	CAGTAC|GTACTG	4	1.62	0.0004259850905218317	0.0001722806438679	0.08127401600926742	154.58317844962664	-2.189
CAGTAG	CAGTAG|CTACTG	3	1.42	0.0003194888178913738	0.00015156335125087402	0.1721314308383076	327.393981454461	-2.515
CAGTCA	CAGTCA|TGACTG	6	2.25	0.0006389776357827476	0.00023984573097549842	0.027474463799677027	52.25643014698571	-1.718
CAGTCC	CAGTCC|GGACTG	1	1.15	0.00010649627263045793	0.0001222742942228031	0.682778694080417	1298.6450761409533	-3.113
CAGTCG	CAGTCG|CGACTG	3	1.02	0.0003194888178913738	0.00010816572181247964	0.08320734185313074	158.26036420465465	-2.199
CAGTGA	CAGTGA|TCACTG	6	2.07	0.0006389776357827476	0.0002199613863683933	0.019042766170003934	36.21934125534748	-1.559
CAGTGG	CAGTGG|CCACTG	2	1.29	0.00021299254526091586	0.00013711878630756985	0.3687580411722338	701.3777943095887	-2.846
CAGTTA	CAGTTA|TAACTG	4	2.23	0.0004259850905218317	0.0002374394605453048	0.18649035596168256	354.70465703912026	-2.55
CAGTTC	CAGTTC|GAACTG	5	2.03	0.0005324813631522897	0.00021576020545203782	0.055028242407449954	104.66371705896981	-2.02
CATAAA	CATAAA|TTTATG	7	8.23	0.0007454739084132055	0.0008760253226793044	0.7134287645662846	1356.9415102050732	-3.133
CATAAC	CATAAC|GTTATG	4	3.19	0.0004259850905218317	0.0003399501252188344	0.39572823540352486	752.6751037375043	-2.877
CATAAG	CATAAG|CTTATG	3	4.26	0.0003194888178913738	0.00045326683362511243	0.7970831703244419	1516.0521899570883	-3.181
CATACA	CATACA|TGTATG	9	5.39	0.0009584664536741214	0.0005737095787194887	0.0963109372582032	183.18340266510248	-2.263
CATACC	CATACC|GGTATG	1	2.23	0.00010649627263045793	0.00023702555364936632	0.8920049567524896	1696.5934277432352	-3.23
CATACG	CATACG|CGTATG	2	2.18	0.00021299254526091586	0.00023163860924824443	0.6393154956411881	1215.9780727095397	-3.085
CATAGA	CATAGA|TCTATG	7	3.77	0.0007454739084132055	0.00040180815585891423	0.0883843026889342	168.10694371435284	-2.226
CATAGC	CATAGC|GCTATG	6	2.37	0.0006389776357827476	0.00025235512227724503	0.033873445593804986	64.42729351941708	-1.809
CATAGG	CATAGG|CCTATG	2	2.12	0.00021299254526091586	0.00022540457523792762	0.6246223428066549	1188.0316960182574	-3.075
CATATA	CATATA|TATATG	14	11.28	0.001490947816826411	0.0012015593660855783	0.24552573178261453	466.98994185053283	-2.669
CATATC	CATATC|GATATG	5	4.53	0.0005324813631522897	0.0004820008918394869	0.4728219908920116	899.307426676606	-2.954
CATATG	CATATG|CATATG	2	4.66	0.00021299254526091586	0.0004957723458920436	0.9462122083049654	1799.6956201960443	-3.255
CATCAA	CATCAA|TTGATG	3	3.21	0.0003194888178913738	0.00034197136618852866	0.6224103453835381	1183.8244769194896	-3.073
CATCAC	CATCAC|GTGATG	10	2.53	0.0010649627263045794	0.0002694319854818709	0.0003042382109748053	0.5786610772740797	0.238
CATCAG	CATCAG|CTGATG	3	1.65	0.0003194888178913738	0.00017616706743045404	0.23074058123542665	438.8685855097815	-2.642
CATCCA	CATCCA|TGGATG	2	2.12	0.00021299254526091586	0.00022529534215000316	0.6243607895858733	1187.534221792331	-3.075
CATCCC	CATCCC|GGGATG	3	0.97	0.0003194888178913738	0.00010356318147217886	0.07530577905796129	143.23159176824237	-2.156
CATCCG	CATCCG|CGGATG	2	0.82	0.00021299254526091586	8.721110018709788e-05	0.19802158364683603	376.6370520962821	-2.576
CATCGA	CATCGA|TCGATG	2	1.04	0.00021299254526091586	0.00011052713663845957	0.27816202328851536	529.0641682947562	-2.724
CATCGC	CATCGC|GCGATG	4	1.12	0.0004259850905218317	0.00011944061539962568	0.02736258483962451	52.04363636496582	-1.716
CATCGG	CATCGG|CCGATG	2	0.80	0.00021299254526091586	8.55693961071945e-05	0.19246531963132557	366.06903793878126	-2.564
CATCTA	CATCTA|TAGATG	12	2.44	0.0012779552715654952	0.0002601181337902187	1.0040541223603088e-05	0.019097109407293075	1.719
CATCTC	CATCTC|GAGATG	2	2.37	0.00021299254526091586	0.0002525234437525479	0.6852346427442135	1303.3162904994942	-3.115
CATGAA	CATGAA|TTCATG	14	3.63	0.001490947816826411	0.0003868014328482751	2.768308586026091e-05	0.05265322930621625	1.279
CATGAC	CATGAC|GTCATG	5	1.60	0.0005324813631522897	0.0001700226078453956	0.023490498950306027	44.67892900348206	-1.65
CATGAG	CATGAG|CTCATG	2	1.62	0.00021299254526091586	0.00017214789044346307	0.48037252085302634	913.6685346624561	-2.961
CATGCA	CATGCA|TGCATG	6	2.19	0.0006389776357827476	0.00023291298753307625	0.024298710850035665	46.216148036767834	-1.665
CATGCC	CATGCC|GGCATG	1	1.31	0.00010649627263045793	0.00013974779251984566	0.730781448936838	1389.946315877866	-3.143
CATGCG	CATGCG|CGCATG	2	1.17	0.00021299254526091586	0.000124926056949559	0.3276130950062435	623.1201067018752	-2.795
CATGGA	CATGGA|TCCATG	2	1.63	0.00021299254526091586	0.00017376354231348016	0.4852287051606167	922.904997215493	-2.965
CATGGC	CATGGC|GCCATG	2	1.14	0.00021299254526091586	0.00012142512595399812	0.31565362408824765	600.373193015847	-2.778
CATGGG	CATGGG|CCCATG	2	1.12	0.00021299254526091586	0.00011933158929961884	0.3084781795334564	586.7254974726341	-2.768
CATGTA	CATGTA|TACATG	6	2.54	0.0006389776357827476	0.00027066791447029207	0.04485594468297593	85.31600678702021	-1.931
CATGTC	CATGTC|GACATG	1	1.87	0.00010649627263045793	0.00019874217496070404	0.8452878558019857	1607.7375017353768	-3.206
CATTAA	CATTAA|TTAATG	9	3.27	0.0009584664536741214	0.00034850384672931997	0.0065642834241907266	12.485267072810762	-1.096
CATTAC	CATTAC|GTAATG	5	2.18	0.0005324813631522897	0.0002323358978195466	0.07052495222128506	134.13845912488418	-2.128
CATTAG	CATTAG|CTAATG	5	1.92	0.0005324813631522897	0.0002043967708665631	0.04566442035208793	86.85372750967124	-1.939
CATTCA	CATTCA|TGAATG	6	3.76	0.0006389776357827476	0.00040029209362795777	0.17838965106304808	339.29711632191743	-2.531
CATTCC	CATTCC|GGAATG	4	1.92	0.0004259850905218317	0.000204070479104449	0.12808438389301124	243.6164981645074	-2.387
CATTCG	CATTCG|CGAATG	1	1.70	0.00010649627263045793	0.00018052388536162796	0.8164226700331811	1552.8359184031106	-3.191
CATTGA	CATTGA|TCAATG	11	2.64	0.0011714589989350373	0.00028072719356530526	9.76729732038096e-05	0.18577399503364586	0.731
CATTGC	CATTGC|GCAATG	5	1.93	0.0005324813631522897	0.0002059881355381784	0.04691396649973846	89.23036428250255	-1.951
CATTGG	CATTGG|CCAATG	4	1.64	0.0004259850905218317	0.00017499877001473572	0.08488491862408105	161.45111522300218	-2.208
CATTTA	CATTTA|TAAATG	11	5.14	0.0011714589989350373	0.0005477812686638796	0.0164928262959278	31.36935561485468	-1.497
CATTTC	CATTTC|GAAATG	8	4.67	0.0008519701810436634	0.0004977664571771775	0.10160927570930384	193.2608423990959	-2.286
CCAAAA	CCAAAA|TTTTGG	10	5.88	0.0010649627263045794	0.0006259567019952374	0.0757645329819808	144.10414173172748	-2.159
CCAAAC	CCAAAC|GTTTGG	4	2.28	0.0004259850905218317	0.00024290857092352483	0.1967834807082248	374.2821803070436	-2.573
CCAAAG	CCAAAG|CTTTGG	2	3.04	0.00021299254526091586	0.00032387809456469976	0.8069237021255933	1534.7688814428784	-3.186
CCAACA	CCAACA|TGTTGG	7	2.24	0.0007454739084132055	0.00023862148208055584	0.008195970840666013	15.588736538946756	-1.193
CCAACC	CCAACC|GGTTGG	2	0.93	0.00021299254526091586	9.858540104736573e-05	0.23693998457645926	450.6598506644255	-2.654
CCAACG	CCAACG|CGTTGG	3	0.90	0.0003194888178913738	9.634482375083471e-05	0.06362939904651092	121.02311698646378	-2.083
CCAAGA	CCAAGA|TCTTGG	6	2.38	0.0006389776357827476	0.0002532895129482235	0.034386782551244374	65.4036604124668	-1.816
CCAAGC	CCAAGC|GCTTGG	3	1.49	0.0003194888178913738	0.00015907816971748193	0.18958442817923882	360.58958239691225	-2.557
CCAAGG	CCAAGG|CCTTGG	1	1.33	0.00010649627263045793	0.00014208923897095476	0.7366359422347478	1401.0815621304903	-3.146
CCAATA	CCAATA|TATTGG	8	3.62	0.0008519701810436634	0.000385799201523476	0.03176205752498496	60.4114334125214	-1.781
CCAATC	CCAATC|GATTGG	2	1.45	0.00021299254526091586	0.00015476185734466085	0.42639536197485833	811.0039784761806	-2.909
CCACAA	CCACAA|TTGTGG	7	3.50	0.0007454739084132055	0.0003729837319905304	0.06546690052696395	124.51804480228544	-2.095
CCACAC	CCACAC|GTGTGG	5	2.76	0.0005324813631522897	0.00029386597065920555	0.14605675230815104	277.7999428901033	-2.444
CCACAG	CCACAG|CTGTGG	14	1.80	0.001490947816826411	0.00019214313466178824	8.30346333086869e-09	1.579318725531225e-05	4.802
CCACCA	CCACCA|TGGTGG	5	1.87	0.0005324813631522897	0.00019913713589147567	0.041677229043908096	79.2700896415132	-1.899
CCACCC	CCACCC|GGGTGG	3	0.86	0.0003194888178913738	9.153884472430735e-05	0.056362752659448206	107.20195555827048	-2.03
CCACGA	CCACGA|TCGTGG	3	1.01	0.0003194888178913738	0.00010792703687780234	0.08278913005686815	157.46492536816322	-2.197
CCACGC	CCACGC|GCGTGG	1	1.10	0.00010649627263045793	0.00011663083017439929	0.6655150842463744	1265.8096902366042	-3.102
CCACGG	CCACGG|CCGTGG	2	0.78	0.00021299254526091586	8.355641564733083e-05	0.18568123646992896	353.1657117658049	-2.548
CCACTA	CCACTA|TAGTGG	6	2.20	0.0006389776357827476	0.00023394060552228268	0.024753152588444776	47.080496223221964	-1.673
CCACTC	CCACTC|GAGTGG	2	2.13	0.00021299254526091586	0.00022711022287929638	0.6286880883385633	1195.7647440199473	-3.078
CCAGAA	CCAGAA|TTCTGG	5	2.35	0.0005324813631522897	0.0002505376274092874	0.09001241694062284	171.20361702106464	-2.234
CCAGAC	CCAGAC|GTCTGG	1	1.03	0.00010649627263045793	0.00011012642963045596	0.6444492112389595	1225.7423997765009	-3.088
CCAGCA	CCAGCA|TGCTGG	1	1.21	0.00010649627263045793	0.0001291261630273116	0.7025456974968838	1336.241916639073	-3.126
CCAGCC	CCAGCC|GGCTGG	1	0.73	0.00010649627263045793	7.7475697816387e-05	0.5168831854476839	983.1118187214947	-2.993
CCAGCG	CCAGCG|CGCTGG	1	0.65	0.00010649627263045793	6.925857835101261e-05	0.47813067136171955	909.4045369299906	-2.959
CCAGGA	CCAGGA|TCCTGG	3	0.95	0.0003194888178913738	0.00010128310681988504	0.07152118219524677	136.03328853535936	-2.134
CCAGGG	CCAGGG|CCCTGG	1	0.65	0.00010649627263045793	6.955586853895723e-05	0.4795854667096131	912.1715576816841	-2.96
CCAGTA	CCAGTA|TACTGG	1	1.68	0.00010649627263045793	0.0001793060707083941	0.8143113632533923	1548.820212907952	-3.19
CCAGTC	CCAGTC|GACTGG	3	1.24	0.0003194888178913738	0.0001316583036670027	0.1284721968949122	244.35411849412301	-2.388
CCATAA	CCATAA|TTATGG	4	3.97	0.0004259850905218317	0.0004223695914750453	0.5598692817816172	1064.871373948636	-3.027
CCATAC	CCATAC|GTATGG	2	2.64	0.00021299254526091586	0.0002815797276500301	0.7410039403078903	1409.3894944656074	-3.149
CCATAG	CCATAG|CTATGG	7	2.33	0.0007454739084132055	0.0002477188743250264	0.00991091173666964	18.850554123145656	-1.275
CCATCA	CCATCA|TGATGG	5	2.01	0.0005324813631522897	0.00021416388589584593	0.053650833174727554	102.04388469833181	-2.009
CCATCC	CCATCC|GGATGG	4	1.03	0.0004259850905218317	0.00010918158888807829	0.02057332036283816	39.13045533011818	-1.593
CCATGA	CCATGA|TCATGG	1	1.76	0.00010649627263045793	0.0001877180377234585	0.8284142906467348	1575.6439808100895	-3.197
CCATGC	CCATGC|GCATGG	4	1.29	0.0004259850905218317	0.00013774115755032986	0.04243862584260867	80.71826635264169	-1.907
CCATGG	CCATGG|CCATGG	1	1.10	0.00010649627263045793	0.00011701903650293515	0.6667321482655484	1268.124546001073	-3.103
CCATTA	CCATTA|TAATGG	2	2.27	0.00021299254526091586	0.0002418103159312139	0.6623095929856916	1259.7128458587854	-3.1
CCATTC	CCATTC|GAATGG	4	2.06	0.0004259850905218317	0.00021973198273749438	0.15447265016220552	293.8069806085149	-2.468
CCCAAA	CCCAAA|TTTGGG	2	2.69	0.00021299254526091586	0.00028627027186249853	0.7491681381840611	1424.9177988260842	-3.154
CCCAAC	CCCAAC|GTTGGG	2	1.04	0.00021299254526091586	0.00011108995624514862	0.2801046669779061	532.7590765919774	-2.727
CCCAAG	CCCAAG|CTTGGG	2	1.39	0.00021299254526091586	0.00014811994166019816	0.4050029720574978	770.3156528533608	-2.887
CCCACA	CCCACA|TGTGGG	7	2.08	0.0007454739084132055	0.0002215656127986075	0.005582800437260754	10.618486431669954	-1.026
CCCACC	CCCACC|GGTGGG	1	0.86	0.00010649627263045793	9.153884472430735e-05	0.5766473468857684	1096.7832537767315	-3.04
CCCACG	CCCACG|CGTGGG	1	0.84	0.00010649627263045793	8.945841643511858e-05	0.5682957494198877	1080.8985153966264	-3.034
CCCAGG	CCCAGG|CCTGGG	1	0.61	0.00010649627263045793	6.469799835528392e-05	0.4552967916877285	865.9744977900597	-2.938
CCCATA	CCCATA|TATGGG	4	2.61	0.0004259850905218317	0.00027798148158241073	0.2662293640611917	506.3682504443866	-2.704
CCCATC	CCCATC|GATGGG	4	1.05	0.0004259850905218317	0.00011151119605025071	0.02201238324585439	41.867552933615045	-1.622
CCCCAA	CCCCAA|TTGGGG	1	1.23	0.00010649627263045793	0.00013092066638317157	0.707515924737103	1345.69528884997	-3.129
CCCCAC	CCCCAC|GTGGGG	4	0.97	0.0004259850905218317	0.00010314961593825633	0.017121603787885506	32.56529040455823	-1.513
CCCCAG	CCCCAG|CTGGGG	1	0.63	0.00010649627263045793	6.744397965193683e-05	0.469162307831756	892.3467094959999	-2.951
CCCCCA	CCCCCA|TGGGGG	2	0.73	0.00021299254526091586	7.777153582646315e-05	0.16639409727562537	316.4815730182395	-2.5
CCCCCC	CCCCCC|GGGGGG	1	0.34	0.00010649627263045793	3.574981888797093e-05	0.28515589809656444	542.3665181796656	-2.734
CCCCGC	CCCCGC|GCGGGG	1	0.37	0.00010649627263045793	3.924934272979991e-05	0.3082642968843384	586.3186926740116	-2.768
CCCCTC	CCCCTC|GAGGGG	1	0.69	0.00010649627263045793	7.314514313163215e-05	0.4968328681568797	944.9761152343852	-2.975
CCCGAC	CCCGAC|GTCGGG	2	0.33	0.00021299254526091586	3.468118828447251e-05	0.04280548831630337	81.416038777609	-1.911
CCCGCA	CCCGCA|TGCGGG	1	0.66	0.00010649627263045793	6.996911692069592e-05	0.4816009714502404	916.0050476983572	-2.962
CCCGCC	CCCGCC|GGCGGG	2	0.39	0.00021299254526091586	4.198147015241758e-05	0.060005188800238	114.12986909805268	-2.057
CCCGCG	CCCGCG|CGCGGG	1	0.35	0.00010649627263045793	3.752888998473692e-05	0.2969985165174356	564.8911784161625	-2.752
CCCGGA	CCCGGA|TCCGGG	1	0.41	0.00010649627263045793	4.4019488646394174e-05	0.3385646273525101	643.9499212244742	-2.809
CCCGGC	CCCGGC|GCCGGG	3	0.29	0.0003194888178913738	3.076060652398627e-05	0.003239206218743264	6.160970228049688	-0.79
CCCGTA	CCCGTA|TACGGG	1	0.88	0.00010649627263045793	9.346246465252206e-05	0.5842256289262551	1111.197146217737	-3.046
CCCGTC	CCCGTC|GACGGG	2	0.64	0.00021299254526091586	6.862628523436944e-05	0.13672738422679326	260.0554847993608	-2.415
CCCTAA	CCCTAA|TTAGGG	1	1.07	0.00010649627263045793	0.00011448041591452736	0.6586923829071792	1252.832912289455	-3.098
CCCTCA	CCCTCA|TGAGGG	2	1.32	0.00021299254526091586	0.0001404795988415277	0.3799299189478602	722.6267058388302	-2.859
CCCTCC	CCCTCC|GGAGGG	2	0.67	0.00021299254526091586	7.161705038979843e-05	0.1462988560892133	278.2604242816837	-2.444
CCCTCG	CCCTCG|CGAGGG	2	0.59	0.00021299254526091586	6.335354457559091e-05	0.12022153799819281	228.66136527256273	-2.359
CCCTTA	CCCTTA|TAAGGG	3	1.11	0.0003194888178913738	0.0001182378445158322	0.10165723774870959	193.35206619804563	-2.286
CCCTTC	CCCTTC|GAAGGG	4	1.01	0.0004259850905218317	0.00010744221523395187	0.019537610196480388	37.1605345937057	-1.57
CCGAAA	CCGAAA|TTTCGG	1	1.62	0.00010649627263045793	0.00017252157471426953	0.8020968652774421	1525.5882377576947	-3.183
CCGAAC	CCGAAC|GTTCGG	1	0.63	0.00010649627263045793	6.694867078464187e-05	0.466687657851119	887.6399252328283	-2.948
CCGAAG	CCGAAG|CTTCGG	2	0.84	0.00021299254526091586	8.926489437952249e-05	0.20499904529105265	389.9081841435821	-2.591
CCGACG	CCGACG|CGTCGG	2	0.28	0.00021299254526091586	3.007790340076707e-05	0.033112971867895524	62.98087249273729	-1.799
CCGAGG	CCGAGG|CCTCGG	2	0.32	0.00021299254526091586	3.368500817411664e-05	0.04062741419046121	77.27334179025722	-1.888
CCGATA	CCGATA|TATCGG	3	1.06	0.0003194888178913738	0.00011273437120205471	0.09138511635817896	173.81449131325638	-2.24
CCGATC	CCGATC|GATCGG	2	0.42	0.00021299254526091586	4.5222956929190945e-05	0.06827904399989859	129.86674168780712	-2.113
CCGCAC	CCGCAC|GTGCGG	1	0.87	0.00010649627263045793	9.280114454744947e-05	0.581635721914313	1106.2711430810234	-3.044
CCGCAG	CCGCAG|CTGCGG	2	0.57	0.00021299254526091586	6.0677671434870805e-05	0.11204877913624403	213.11677791713615	-2.329
CCGCCC	CCGCCC|GGGCGG	2	0.39	0.00021299254526091586	4.198147015241758e-05	0.060005188800238	114.12986909805268	-2.057
CCGCGC	CCGCGC|GCGCGG	2	0.46	0.00021299254526091586	4.892804689448193e-05	0.07816167575242422	148.66350728111087	-2.172
CCGCTA	CCGCTA|TAGCGG	5	0.88	0.0005324813631522897	9.418387433733509e-05	0.0021752032384352274	4.137236559503802	-0.617
CCGCTC	CCGCTC|GAGCGG	1	0.86	0.00010649627263045793	9.143398019609904e-05	0.5762302755691664	1095.9899841325546	-3.04
CCGGAG	CCGGAG|CTCCGG	3	0.40	0.0003194888178913738	4.255834386013222e-05	0.007906122163028753	15.037444354080689	-1.177
CCGGCA	CCGGCA|TGCCGG	1	0.51	0.00010649627263045793	5.483639533138469e-05	0.40244787002472027	765.455848787018	-2.884
CCGGCC	CCGGCC|GGCCGG	3	0.31	0.0003194888178913738	3.290183719883083e-05	0.003905401440837489	7.428073540472904	-0.871
CCGGGA	CCGGGA|TCCCGG	3	0.44	0.0003194888178913738	4.732470622393911e-05	0.010519947497077185	20.008940139440806	-1.301
CCGGGC	CCGGGC|GCCCGG	2	0.31	0.00021299254526091586	3.3070276638415334e-05	0.03930504042696826	74.75818689209363	-1.874
CCGGTA	CCGGTA|TACCGG	4	0.71	0.0004259850905218317	7.512532644073762e-05	0.005908891730963567	11.238712072292705	-1.051
CCGGTC	CCGGTC|GACCGG	3	0.52	0.0003194888178913738	5.516195298096115e-05	0.015786949577404296	30.02677809622297	-1.478
CCGTAA	CCGTAA|TTACGG	1	1.33	0.00010649627263045793	0.00014200839131017317	0.7364359309885715	1400.701140740263	-3.146
CCGTAC	CCGTAC|GTACGG	1	0.89	0.00010649627263045793	9.467226087344876e-05	0.5889220937798462	1120.1298223692675	-3.049
CCGTAG	CCGTAG|CTACGG	4	0.78	0.0004259850905218317	8.328762190765435e-05	0.008409242747869809	15.994379706448376	-1.204
CCGTCA	CCGTCA|TGACGG	3	1.24	0.0003194888178913738	0.00013180086341972515	0.12876945503957565	244.91950348527288	-2.389
CCGTCC	CCGTCC|GGACGG	1	0.63	0.00010649627263045793	6.719259703750692e-05	0.4679077945706538	889.9606252733835	-2.949
CCGTCG	CCGTCG|CGACGG	2	0.56	0.00021299254526091586	5.943960507164073e-05	0.10831865123948856	206.02207465750723	-2.314
CCGTGA	CCGTGA|TCACGG	2	1.14	0.00021299254526091586	0.00012087394895227717	0.31376609870566247	596.7831197381701	-2.776
CCGTGC	CCGTGC|GCACGG	4	0.83	0.0004259850905218317	8.869322228316437e-05	0.010396085063103416	19.773353790022696	-1.296
CCGTTA	CCGTTA|TAACGG	2	1.23	0.00021299254526091586	0.00013047856129230778	0.34645881569547765	658.9646674527985	-2.819
CCGTTC	CCGTTC|GAACGG	2	1.11	0.00021299254526091586	0.0001185653013482275	0.3058478724458946	581.7226533920916	-2.765
CCTAAA	CCTAAA|TTTAGG	6	2.35	0.0006389776357827476	0.00025032212783631394	0.03277372650929377	62.33562782067675	-1.795
CCTAAC	CCTAAC|GTTAGG	1	0.91	0.00010649627263045793	9.713993020513672e-05	0.5983378411731693	1138.038573911368	-3.056
CCTACA	CCTACA|TGTAGG	2	1.54	0.00021299254526091586	0.00016393613151033455	0.4552607754291944	865.9059948663278	-2.937
CCTACC	CCTACC|GGTAGG	1	0.64	0.00010649627263045793	6.77294815629552e-05	0.4705835050615372	895.0498266270437	-2.952
CCTACG	CCTACG|CGTAGG	2	0.62	0.00021299254526091586	6.619017516379702e-05	0.12903912346212912	245.4324128249696	-2.39
CCTAGA	CCTAGA|TCTAGG	1	1.08	0.00010649627263045793	0.00011481571360170555	0.6597652813967603	1254.873565216638	-3.099
CCTAGC	CCTAGC|GCTAGG	1	0.68	0.00010649627263045793	7.210986890838827e-05	0.4919176148445194	935.6273034342759	-2.971
CCTATC	CCTATC|GATAGG	3	1.29	0.0003194888178913738	0.00013773059492759777	0.1413451368766822	268.83845033944954	-2.429
CCTCAA	CCTCAA|TTGAGG	4	2.22	0.0004259850905218317	0.00023648347043849104	0.18470936314831166	351.31720870808874	-2.546
CCTCAC	CCTCAC|GTGAGG	3	1.75	0.0003194888178913738	0.00018632031004244735	0.2559099583818878	486.7407408423506	-2.687
CCTCAG	CCTCAG|CTGAGG	2	1.14	0.00021299254526091586	0.0001218248181046771	0.31702163533194644	602.9751504013622	-2.78
CCTCCA	CCTCCA|TGGAGG	2	1.46	0.00021299254526091586	0.0001557984955848248	0.42969782008976487	817.2852538107328	-2.912
CCTCCC	CCTCCC|GGGAGG	1	0.67	0.00010649627263045793	7.161705038979843e-05	0.4895609815975568	931.144986998553	-2.969
CCTCCG	CCTCCG|CGGAGG	1	0.57	0.00010649627263045793	6.030909506509345e-05	0.43237960517812013	822.3860090487844	-2.915
CCTCGA	CCTCGA|TCGAGG	5	0.72	0.0005324813631522897	7.643283454171558e-05	0.0008772244224597685	1.6684808515184797	-0.222
CCTCTA	CCTCTA|TAGAGG	4	1.69	0.0004259850905218317	0.00017987950186677966	0.0915610723727741	174.14915965301634	-2.241
CCTCTC	CCTCTC|GAGAGG	2	1.64	0.00021299254526091586	0.00017462754560789562	0.48781399681095994	927.8222219344458	-2.967
CCTGAA	CCTGAA|TTCAGG	4	1.65	0.0004259850905218317	0.00017597684733784146	0.08620311708221304	163.9583286903692	-2.215
CCTGAC	CCTGAC|GTCAGG	2	0.73	0.00021299254526091586	7.735246036828194e-05	0.16501061967939815	313.8501986302153	-2.497
CCTGAG	CCTGAG|CTCAGG	2	0.74	0.00021299254526091586	7.831936612288538e-05	0.168205657108138	319.9271598196785	-2.505
CCTGCA	CCTGCA|TGCAGG	1	1.00	0.00010649627263045793	0.00010596468825953447	0.6302796695335676	1198.7919314528456	-3.079
CCTGCG	CCTGCG|CGCAGG	1	0.53	0.00010649627263045793	5.6835605521023e-05	0.4135608315304747	786.5927015709628	-2.896
CCTGGA	CCTGGA|TCCAGG	2	0.74	0.00021299254526091586	7.905441335471055e-05	0.17064156140051315	324.560249783776	-2.511
CCTGGC	CCTGGC|GCCAGG	1	0.52	0.00010649627263045793	5.52428430671471e-05	0.40472410771986056	769.7852528831747	-2.886
CCTGTA	CCTGTA|TACAGG	3	1.16	0.0003194888178913738	0.00012314144214319427	0.1111766231064902	211.45793714854435	-2.325
CCTGTC	CCTGTC|GACAGG	3	0.85	0.0003194888178913738	9.041854143381402e-05	0.05472907453879799	104.09469977279377	-2.017
CCTTAA	CCTTAA|TTAAGG	3	1.69	0.0003194888178913738	0.00017965250706902474	0.2393325026833135	455.2104201036623	-2.658
CCTTAC	CCTTAC|GTAAGG	4	1.12	0.0004259850905218317	0.00011976833804601647	0.027598909956071768	52.4931267364485	-1.72
CCTTAG	CCTTAG|CTAAGG	3	0.99	0.0003194888178913738	0.00010536581638225496	0.07835927938797463	149.03934939592773	-2.173
CCTTCA	CCTTCA|TGAAGG	4	1.94	0.0004259850905218317	0.00020634916617154586	0.1317991826523234	250.6820454047191	-2.399
CCTTCC	CCTTCC|GGAAGG	4	0.99	0.0004259850905218317	0.00010519761412667042	0.018249577229749278	34.710695890983125	-1.54
CCTTCG	CCTTCG|CGAAGG	1	0.87	0.00010649627263045793	9.305942788128545e-05	0.5826491432296022	1108.1986704227033	-3.045
CCTTGA	CCTTGA|TCAAGG	5	1.36	0.0005324813631522897	0.00014471388077856608	0.012690921889789056	24.138133434378783	-1.383
CCTTGC	CCTTGC|GCAAGG	4	1.00	0.0004259850905218317	0.00010618615927258414	0.01881013455640941	35.7768759262907	-1.554
CCTTTA	CCTTTA|TAAAGG	8	2.65	0.0008519701810436634	0.0002823793170849887	0.005970928787624735	11.356706554062246	-1.055
CCTTTC	CCTTTC|GAAAGG	2	2.41	0.00021299254526091586	0.00025659685769896805	0.6936095839497594	1319.2454286724424	-3.12
CGAAAA	CGAAAA|TTTTCG	8	3.79	0.0008519701810436634	0.00040388047781288395	0.03972454751805659	75.55608937934363	-1.878
CGAAAC	CGAAAC|GTTTCG	5	1.47	0.0005324813631522897	0.000156729737658731	0.017274837875870093	32.85674163990492	-1.517
CGAAAG	CGAAAG|CTTTCG	2	1.96	0.00021299254526091586	0.00020897298354497466	0.583681659084724	1110.162515579145	-3.045
CGAACA	CGAACA|TGTTCG	2	1.45	0.00021299254526091586	0.00015396361743858555	0.42384552993057223	806.1541979279484	-2.906
CGAACC	CGAACC|GGTTCG	2	0.60	0.00021299254526091586	6.360938185256112e-05	0.12101051198657892	230.1619937984731	-2.362
CGAACG	CGAACG|CGTTCG	2	0.58	0.00021299254526091586	6.216371408318475e-05	0.1165693506233972	221.71490488570146	-2.346
CGAAGA	CGAAGA|TCTTCG	5	1.53	0.0005324813631522897	0.00016342774059043387	0.02025103927858061	38.51747670786032	-1.586
CGAAGC	CGAAGC|GCTTCG	1	0.96	0.00010649627263045793	0.00010264059317569938	0.6185575036099222	1176.4963718660722	-3.071
CGAATC	CGAATC|GATTCG	1	0.94	0.00010649627263045793	9.985561731719667e-05	0.6084508570328198	1157.2735300764232	-3.063
CGACAA	CGACAA|TTGTCG	4	1.26	0.0004259850905218317	0.00013426340244439554	0.039277603336877	74.70600154674005	-1.873
CGACAC	CGACAC|GTGTCG	1	0.99	0.00010649627263045793	0.00010578328677437218	0.6296493660671091	1197.5930942596415	-3.078
CGACAG	CGACAG|CTGTCG	5	0.65	0.0005324813631522897	6.916599519862795e-05	0.0005629161931105596	1.0706665992962843	-0.03
CGACCC	CGACCC|GGGTCG	1	0.31	0.00010649627263045793	3.295134799291125e-05	0.2661224997244557	506.1649944759147	-2.704
CGACCG	CGACCG|CGGTCG	1	0.26	0.00010649627263045793	2.774850357297786e-05	0.2293788866271632	436.27864236486437	-2.64
CGACGA	CGACGA|TCGTCG	3	0.36	0.0003194888178913738	3.88506252259908e-05	0.006170493397999873	11.736278442995758	-1.07
CGACGC	CGACGC|GCGTCG	2	0.39	0.00021299254526091586	4.198374016357071e-05	0.06001085409405977	114.14064448690168	-2.057
CGACTA	CGACTA|TAGTCG	1	0.79	0.00010649627263045793	8.421188103753886e-05	0.5464952624945539	1039.4339892646417	-3.017
CGACTC	CGACTC|GAGTCG	3	0.77	0.0003194888178913738	8.175313998534795e-05	0.04288632796310632	81.56979578582822	-1.912
CGAGAA	CGAGAA|TTCTCG	8	1.31	0.0008519701810436634	0.00013965618603204802	6.822959742668442e-05	0.12977269430555377	0.887
CGAGAC	CGAGAC|GTCTCG	2	0.58	0.00021299254526091586	6.138733451958159e-05	0.11420181118859488	217.21184488070745	-2.337
CGAGAG	CGAGAG|CTCTCG	1	0.58	0.00010649627263045793	6.215467620107631e-05	0.4421317243032224	840.934539624729	-2.925
CGAGCA	CGAGCA|TGCTCG	4	0.68	0.0004259850905218317	7.197827979701815e-05	0.0050954518787487395	9.691549473380103	-0.986
CGAGCG	CGAGCG|CGCTCG	3	0.36	0.0003194888178913738	3.8606531891127926e-05	0.0060651396027039785	11.535895524342967	-1.062
CGAGGA	CGAGGA|TCCTCG	4	0.53	0.0004259850905218317	5.6457836510258636e-05	0.0021619033753866633	4.111940219985434	-0.614
CGAGGC	CGAGGC|GCCTCG	1	0.37	0.00010649627263045793	3.945246406740963e-05	0.309582393457095	588.8257123553947	-2.77
CGAGTA	CGAGTA|TACTCG	3	0.94	0.0003194888178913738	9.994986472279001e-05	0.06934900770648164	131.90181265772807	-2.12
CGATAA	CGATAA|TTATCG	3	1.72	0.0003194888178913738	0.0001833895267031105	0.24860259468773716	472.84213509607605	-2.675
CGATAC	CGATAC|GTATCG	3	1.15	0.0003194888178913738	0.00012225968446874028	0.1094402943503792	208.15543985442125	-2.318
CGATAG	CGATAG|CTATCG	4	1.01	0.0004259850905218317	0.00010755757051363858	0.019605278523446474	37.2892397515952	-1.572
CGATCA	CGATCA|TGATCG	3	0.87	0.0003194888178913738	9.298826067041476e-05	0.058510404503856854	111.28678936633574	-2.046
CGATCC	CGATCC|GGATCG	1	0.45	0.00010649627263045793	4.7405779949623296e-05	0.35926560847284394	683.3231873153492	-2.835
CGATGA	CGATGA|TCATCG	8	0.77	0.0008519701810436634	8.150568314238039e-05	1.4830624209248142e-06	0.0028207847245989965	2.55
CGATTA	CGATTA|TAATCG	1	0.99	0.00010649627263045793	0.00010499212132125042	0.626887769750011	1192.340538064521	-3.076
CGATTC	CGATTC|GAATCG	2	0.90	0.00021299254526091586	9.540588415713616e-05	0.22600357965555906	429.8588085048733	-2.633
CGCAAA	CGCAAA|TTTGCG	5	2.59	0.0005324813631522897	0.00027574228634545683	0.12105642684095592	230.24932385149816	-2.362
CGCAAC	CGCAAC|GTTGCG	3	1.00	0.0003194888178913738	0.00010700446932808767	0.08118124231825184	154.406722889315	-2.189
CGCAAG	CGCAAG|CTTGCG	2	1.34	0.00021299254526091586	0.00014267262577078354	0.3871744505135673	736.4058048768051	-2.867
CGCACA	CGCACA|TGTGCG	4	2.00	0.0004259850905218317	0.00021341723068599112	0.14359684196503075	273.1211934174885	-2.436
CGCACG	CGCACG|CGTGCG	1	0.81	0.00010649627263045793	8.616845933800577e-05	0.5547511026030487	1055.1365971509986	-3.023
CGCAGA	CGCAGA|TCTGCG	2	1.04	0.00021299254526091586	0.0001110897494005716	0.2801039531023729	532.7577188007133	-2.727
CGCAGC	CGCAGC|GCTGCG	1	0.66	0.00010649627263045793	6.97697816357248e-05	0.48062974508546336	914.1577751525513	-2.961
CGCATA	CGCATA|TATGCG	3	2.51	0.0003194888178913738	0.0002677583278016678	0.4598371669431947	874.6102915259563	-2.942
CGCATC	CGCATC|GATGCG	2	1.01	0.00021299254526091586	0.0001074102174562564	0.2673981990650531	508.59137462173095	-2.706
CGCCAA	CGCCAA|TTGGCG	2	1.55	0.00021299254526091586	0.00016460135609071793	0.45732122564201644	869.8249711711153	-2.939
CGCCAC	CGCCAC|GTGGCG	4	1.22	0.0004259850905218317	0.0001296859169199595	0.0353292505595845	67.19623456432973	-1.827
CGCCAG	CGCCAG|CTGGCG	3	0.80	0.0003194888178913738	8.479463798612744e-05	0.046880865729502	89.16740661751281	-1.95
CGCCCA	CGCCCA|TGGGCG	1	0.92	0.00010649627263045793	9.777906434441387e-05	0.6007411853837794	1142.6097345999485	-3.058
CGCCCG	CGCCCG|CGGGCG	2	0.36	0.00021299254526091586	3.784996039138608e-05	0.050012359251929185	95.12350729716931	-1.978
CGCCGA	CGCCGA|TCGGCG	1	0.43	0.00010649627263045793	4.5664055253506884e-05	0.3487003682453382	663.2281004026332	-2.822
CGCCTC	CGCCTC|GAGGCG	1	0.86	0.00010649627263045793	9.196248448414471e-05	0.5783280889554301	1099.9800251932281	-3.041
CGCGAA	CGCGAA|TTCGCG	2	0.99	0.00021299254526091586	0.00010530336912137673	0.2601204528031426	494.74910123157724	-2.694
CGCGAC	CGCGAC|GTCGCG	3	0.43	0.0003194888178913738	4.6287195218187555e-05	0.009913644578766765	18.855751988814387	-1.275
CGCGAG	CGCGAG|CTCGCG	2	0.44	0.00021299254526091586	4.686578515841486e-05	0.07260731224074012	138.0991078818877	-2.14
CGCGCA	CGCGCA|TGCGCG	8	0.88	0.0008519701810436634	9.338417552441434e-05	3.9920946950472325e-06	0.007592964109979836	2.12
CGCGGA	CGCGGA|TCCGCG	1	0.55	0.00010649627263045793	5.8750543599242434e-05	0.42401151188468983	806.46989560468	-2.907
CGCGTA	CGCGTA|TACGCG	1	1.17	0.00010649627263045793	0.0001247395363578456	0.6900375898389297	1312.4514958736443	-3.118
CGCGTC	CGCGTC|GACGCG	2	0.86	0.00021299254526091586	9.15919672557608e-05	0.21293620344497022	405.00465895233333	-2.607
CGCTAA	CGCTAA|TTAGCG	3	1.44	0.0003194888178913738	0.00015321268885096087	0.1759222429270402	334.60410604723046	-2.525
CGCTAC	CGCTAC|GTAGCG	4	0.96	0.0004259850905218317	0.00010214179256730723	0.016582927185610333	31.540727507030855	-1.499
CGCTAG	CGCTAG|CTAGCG	2	0.84	0.00021299254526091586	8.985891877756781e-05	0.20702216840115906	393.7561642990045	-2.595
CGCTCC	CGCTCC|GGAGCG	1	0.90	0.00010649627263045793	9.584731825212877e-05	0.5934329091159368	1128.7093931385118	-3.053
CGCTGA	CGCTGA|TCAGCG	2	1.02	0.00021299254526091586	0.00010841589858272281	0.2708718945510264	515.1983434360523	-2.712
CGCTTA	CGCTTA|TAAGCG	4	1.49	0.0004259850905218317	0.00015824137200670023	0.06388357645817308	121.5065624234452	-2.085
CGCTTC	CGCTTC|GAAGCG	4	1.35	0.0004259850905218317	0.00014379324673652325	0.04827123050364216	91.81188041792738	-1.963
CGGAAA	CGGAAA|TTTCCG	6	2.10	0.0006389776357827476	0.00022386208076432686	0.020535263350373537	39.05807089241047	-1.592
CGGAAC	CGGAAC|GTTCCG	3	0.82	0.0003194888178913738	8.68718522369029e-05	0.04971045185713166	94.54927943226441	-1.976
CGGAAG	CGGAAG|CTTCCG	3	1.09	0.0003194888178913738	0.00011582913631587053	0.09710634438463539	184.6962670195765	-2.266
CGGACA	CGGACA|TGTCCG	2	0.91	0.00021299254526091586	9.666423871268198e-05	0.2303279965235148	438.08384938772514	-2.642
CGGACC	CGGACC|GGTCCG	1	0.38	0.00010649627263045793	3.993639909256346e-05	0.31271263701090674	594.7794355947447	-2.774
CGGAGA	CGGAGA|TCTCCG	2	0.73	0.00021299254526091586	7.791656539424205e-05	0.16687334836240322	317.3931085852909	-2.502
CGGAGC	CGGAGC|GCTCCG	1	0.46	0.00010649627263045793	4.893540387565198e-05	0.36840280795580993	700.7021407319505	-2.846
CGGATA	CGGATA|TATCCG	3	1.37	0.0003194888178913738	0.00014628286898463248	0.16015809665894445	304.62069984531234	-2.484
CGGCAC	CGGCAC|GTGCCG	3	0.73	0.0003194888178913738	7.78676813705663e-05	0.03804415166156392	72.35997646029458	-1.859
CGGCAG	CGGCAG|CTGCCG	1	0.48	0.00010649627263045793	5.091348397306257e-05	0.3800259238677274	722.8093071964174	-2.859
CGGCCA	CGGCCA|TGGCCG	2	0.72	0.00021299254526091586	7.663168642817636e-05	0.1626359719238648	309.33361859919086	-2.49
CGGCCC	CGGCCC|GGGCCG	3	0.33	0.0003194888178913738	3.522585585811329e-05	0.004716268862466782	8.970343376411819	-0.953
CGGCTA	CGGCTA|TAGCCG	1	0.74	0.00010649627263045793	7.902790372801094e-05	0.5238736486708933	996.4076797720389	-2.998
CGGCTC	CGGCTC|GAGCCG	2	0.72	0.00021299254526091586	7.672051967755809e-05	0.1629283061489378	309.8896382952797	-2.491
CGGGAA	CGGGAA|TTCCCG	2	1.03	0.00021299254526091586	0.00011006656836316437	0.2765720322881865	526.0400054121308	-2.721
CGGGAC	CGGGAC|GTCCCG	5	0.45	0.0005324813631522897	4.838090917062168e-05	0.00011066578817742732	0.21048632911346676	0.677
CGGGAG	CGGGAG|CTCCCG	3	0.46	0.0003194888178913738	4.898567053525441e-05	0.01153442799744637	21.938482051142994	-1.341
CGGGCA	CGGGCA|TGCCCG	3	0.59	0.0003194888178913738	6.311800111095391e-05	0.02239815832101001	42.60129712656104	-1.629
CGGGCC	CGGGCC|GGCCCG	3	0.36	0.0003194888178913738	3.787080066657237e-05	0.005754141429822771	10.94437699952291	-1.039
CGGGGA	CGGGGA|TCCCCG	2	0.51	0.00021299254526091586	5.447186748813473e-05	0.09370857502033843	178.2337096886837	-2.251
CGGGTA	CGGGTA|TACCCG	5	0.81	0.0005324813631522897	8.647104553630965e-05	0.0015052662347735382	2.8630163785392697	-0.457
CGGTAA	CGGTAA|TTACCG	3	1.15	0.0003194888178913738	0.00012220938399248751	0.10934156387929883	207.96765449842638	-2.318
CGGTAC	CGGTAC|GTACCG	1	0.77	0.00010649627263045793	8.147292266165832e-05	0.534680374935813	1016.9620731279164	-3.007
CGGTAG	CGGTAG|CTACCG	3	0.67	0.0003194888178913738	7.167554588588933e-05	0.03094312574235406	58.85382516195742	-1.77
CGGTCC	CGGTCC|GGACCG	3	0.54	0.0003194888178913738	5.782451175630565e-05	0.01785654008308292	33.963139238023714	-1.531
CGGTGA	CGGTGA|TCACCG	2	0.98	0.00021299254526091586	0.00010402153496642661	0.255693192062426	486.3284513027343	-2.687
CGGTTA	CGGTTA|TAACCG	2	1.05	0.00021299254526091586	0.0001122870589029526	0.28423514624574275	540.6152481594028	-2.733
CGTAAA	CGTAAA|TTTACG	5	3.12	0.0005324813631522897	0.0003324477940268182	0.20558131807862914	391.0156669855526	-2.592
CGTAAC	CGTAAC|GTTACG	5	1.21	0.0005324813631522897	0.00012900959171189953	0.008046417026529189	15.304285184458516	-1.185
CGTAAG	CGTAAG|CTTACG	3	1.62	0.0003194888178913738	0.00017201278894919935	0.2205769866268934	419.5374285643513	-2.623
CGTACA	CGTACA|TGTACG	2	2.04	0.00021299254526091586	0.00021772028606891215	0.6058768237170649	1152.3777187098574	-3.062
CGTACC	CGTACC|GGTACG	1	0.84	0.00010649627263045793	8.9950165136452e-05	0.5702845573487285	1084.6812280772817	-3.035
CGTACG	CGTACG|CGTACG	1	0.83	0.00010649627263045793	8.790584320153266e-05	0.5619559783747646	1068.8402708688022	-3.029
CGTAGA	CGTAGA|TCTACG	2	1.43	0.00021299254526091586	0.00015248444488879354	0.4191050306237355	797.1377682463449	-2.902
CGTAGC	CGTAGC|GCTACG	2	0.90	0.00021299254526091586	9.576766965576662e-05	0.2272463034602782	432.2224691814491	-2.636
CGTATA	CGTATA|TATACG	11	4.28	0.0011714589989350373	0.0004559865454867056	0.004678961511785732	8.899384795416463	-0.949
CGTATC	CGTATC|GATACG	2	1.72	0.00021299254526091586	0.00018291723887718845	0.5121983241647933	974.2012125614368	-2.989
CGTCAA	CGTCAA|TTGACG	7	2.23	0.0007454739084132055	0.0002375457099941662	0.008008680284311067	15.232509900759649	-1.183
CGTCAG	CGTCAG|CTGACG	5	1.15	0.0005324813631522897	0.00012237203242123704	0.006497713517597028	12.358651110469548	-1.092
CGTCCA	CGTCCA|TGGACG	2	1.47	0.00021299254526091586	0.00015649831331169604	0.43192152043903026	821.5147318750355	-2.915
CGTCCC	CGTCCC|GGGACG	2	0.68	0.00021299254526091586	7.193874079650536e-05	0.1473364982870649	280.2340197419975	-2.448
CGTCGC	CGTCGC|GCGACG	2	0.78	0.00021299254526091586	8.29677820791652e-05	0.18370391279416	349.40484213449236	-2.543
CGTCTA	CGTCTA|TAGACG	2	1.70	0.00021299254526091586	0.00018068748697366155	0.5057150964525047	961.8701134526639	-2.983
CGTCTC	CGTCTC|GAGACG	1	1.65	0.00010649627263045793	0.00017541193990873715	0.8073958274924653	1535.666863890669	-3.186
CGTGAA	CGTGAA|TTCACG	7	2.64	0.0007454739084132055	0.0002811254802666173	0.018470619228397846	35.1311177724127	-1.546
CGTGAC	CGTGAC|GTCACG	9	1.16	0.0009584664536741214	0.00012357163967763394	3.7194810205343896e-06	0.007074452901056409	2.15
CGTGAG	CGTGAG|CTCACG	2	1.17	0.00021299254526091586	0.00012511628517360436	0.3282613564253888	624.3530999210894	-2.795
CGTGCA	CGTGCA|TGCACG	11	1.59	0.0011714589989350373	0.00016928007478775992	9.626507193073791e-07	0.001830961668122635	2.737
CGTGCC	CGTGCC|GGCACG	2	0.95	0.00021299254526091586	0.0001015680448726559	0.24722332570159386	470.2187654844315	-2.672
CGTGGA	CGTGGA|TCCACG	2	1.19	0.00021299254526091586	0.00012629053342950568	0.3322591003167249	631.9568088024107	-2.801
CGTGGC	CGTGGC|GCCACG	2	0.83	0.00021299254526091586	8.825121613146176e-05	0.20155174425128133	383.3514175659371	-2.584
CGTGTA	CGTGTA|TACACG	3	1.85	0.0003194888178913738	0.00019672017988121542	0.28204932894974016	536.4578236624058	-2.73
CGTTAA	CGTTAA|TTAACG	1	1.99	0.00010649627263045793	0.00021225471296071783	0.8637238251231009	1642.8027153841379	-3.216
CGTTAC	CGTTAC|GTAACG	2	1.33	0.00021299254526091586	0.00014150314197381185	0.38331572948269965	729.0665174760948	-2.863
CGTTCA	CGTTCA|TGAACG	6	2.29	0.0006389776357827476	0.00024379611367514605	0.029401016348901247	55.920733095610174	-1.748
CGTTCC	CGTTCC|GGAACG	1	1.17	0.00010649627263045793	0.0001242882148147803	0.688721209882293	1309.9477411961213	-3.117
CGTTGA	CGTTGA|TCAACG	2	1.61	0.00021299254526091586	0.00017097564474446511	0.4768314337784846	906.9333870466777	-2.958
CGTTTA	CGTTTA|TAAACG	5	3.13	0.0005324813631522897	0.00033362373769094974	0.20751034269804433	394.68467181168035	-2.596
CGTTTC	CGTTTC|GAAACG	9	2.85	0.0009584664536741214	0.0003031624399017761	0.0027106258563345895	5.155610378748389	-0.712
CTAAAA	CTAAAA|TTTTAG	11	5.86	0.0011714589989350373	0.0006242124439375509	0.03715593753575694	70.6705931930097	-1.849
CTAAAC	CTAAAC|GTTTAG	8	2.27	0.0008519701810436634	0.00024223169466233306	0.0024209316783049706	4.604612052136054	-0.663
CTAAAG	CTAAAG|CTTTAG	2	3.03	0.00021299254526091586	0.0003229755928831107	0.8056888558495072	1532.4202038257627	-3.185
CTAACA	CTAACA|TGTTAG	7	2.23	0.0007454739084132055	0.000237956551995888	0.008079831508747923	15.36783952963855	-1.187
CTAACC	CTAACC|GGTTAG	3	0.92	0.0003194888178913738	9.831068814853582e-05	0.06672028273344596	126.90197775901422	-2.103
CTAAGA	CTAAGA|TCTTAG	6	2.37	0.0006389776357827476	0.00025258370969940587	0.03399856708344669	64.6652745927156	-1.811
CTAAGC	CTAAGC|GCTTAG	1	1.49	0.00010649627263045793	0.00015863489084779766	0.774533034462413	1473.1618315475093	-3.168
CTAATA	CTAATA|TATTAG	4	3.61	0.0004259850905218317	0.0003847241537386031	0.4874496544827192	927.129242826132	-2.967
CTAATC	CTAATC|GATTAG	3	1.45	0.0003194888178913738	0.00015433060608425336	0.17850475701093585	339.51604783479996	-2.531
CTACAA	CTACAA|TTGTAG	7	2.96	0.0007454739084132055	0.0003147221804859225	0.03130251242998256	59.537378641826834	-1.775
CTACAC	CTACAC|GTGTAG	2	2.33	0.00021299254526091586	0.0002479629300798176	0.6756359049256594	1285.0594911686042	-3.109
CTACAG	CTACAG|CTGTAG	3	1.52	0.0003194888178913738	0.00016212960812911147	0.1967959233443977	374.3058462010444	-2.573
CTACCA	CTACCA|TGGTAG	3	1.58	0.0003194888178913738	0.00016803111837885163	0.2109238140833319	401.1770943864973	-2.603
CTACCC	CTACCC|GGGTAG	2	0.73	0.00021299254526091586	7.724011086769793e-05	0.16464007146838497	313.1454159328682	-2.496
CTACGA	CTACGA|TCGTAG	2	0.86	0.00021299254526091586	9.106840182624615e-05	0.21114778513656077	401.60308732973857	-2.604
CTACGC	CTACGC|GCGTAG	1	0.92	0.00010649627263045793	9.841262777997567e-05	0.6031093888207433	1147.1140575370537	-3.06
CTACTA	CTACTA|TAGTAG	7	1.85	0.0007454739084132055	0.00019739814678040472	0.003014610159480832	5.733788523332542	-0.758
CTACTC	CTACTC|GAGTAG	2	1.80	0.00021299254526091586	0.00019163469723937105	0.5369993896642205	1021.3728391413473	-3.009
CTAGAA	CTAGAA|TTCTAG	7	2.67	0.0007454739084132055	0.0002844412389503904	0.01953586030618037	37.157206302355064	-1.57
CTAGAG	CTAGAG|CTCTAG	4	1.19	0.0004259850905218317	0.00012659197997242646	0.03279695382194494	62.379806169339275	-1.795
CTAGCA	CTAGCA|TGCTAG	3	1.38	0.0003194888178913738	0.00014659995854593566	0.16086977646386638	305.97431483427386	-2.486
CTAGCC	CTAGCC|GGCTAG	2	0.83	0.00021299254526091586	8.795997512756134e-05	0.20056253045274108	381.4699329211135	-2.581
CTAGGA	CTAGGA|TCCTAG	2	1.08	0.00021299254526091586	0.00011498908442015865	0.29354869908568737	558.3296256609774	-2.747
CTAGTA	CTAGTA|TACTAG	9	1.91	0.0009584664536741214	0.00020357038354284056	0.0001708428052698155	0.32494301562318906	0.488
CTAGTC	CTAGTC|GACTAG	3	1.40	0.0003194888178913738	0.00014947475714684102	0.1673651730592173	318.3285591586313	-2.503
CTATAA	CTATAA|TTATAG	4	5.59	0.0004259850905218317	0.0005949352890259025	0.8079055696688897	1536.6363935102281	-3.187
CTATAC	CTATAC|GTATAG	4	3.72	0.0004259850905218317	0.00039662352601726824	0.5109058481273656	971.7429231382494	-2.988
CTATAG	CTATAG|CTATAG	2	3.28	0.00021299254526091586	0.00034892829187595107	0.8385107260663114	1594.8474009781241	-3.203
CTATCA	CTATCA|TGATAG	6	2.83	0.0006389776357827476	0.0003016638885138194	0.06799201688302135	129.32081611150662	-2.112
CTATCC	CTATCC|GGATAG	4	1.44	0.0004259850905218317	0.0001537894333599863	0.058821618973776635	111.87871928812316	-2.049
CTATGA	CTATGA|TCATAG	3	2.48	0.0003194888178913738	0.00026441317576475975	0.4517775115030322	859.2808268787672	-2.934
CTATGC	CTATGC|GCATAG	4	1.82	0.0004259850905218317	0.00019401746013907706	0.11224023370383106	213.48092450468667	-2.329
CTATTA	CTATTA|TAATAG	11	3.20	0.0011714589989350373	0.0003406056996091331	0.0004950059330548743	0.941501284670371	0.026
CTATTC	CTATTC|GAATAG	2	2.91	0.00021299254526091586	0.00030950691834047314	0.7864078702135495	1495.747769146171	-3.175
CTCAAA	CTCAAA|TTTGAG	7	5.54	0.0007454739084132055	0.0005897038600190006	0.31983720655035563	608.3303668587764	-2.784
CTCAAC	CTCAAC|GTTGAG	1	2.15	0.00010649627263045793	0.00022884030388797025	0.8833771964588103	1680.1834276646573	-3.225
CTCAAG	CTCAAG|CTTGAG	3	2.87	0.0003194888178913738	0.0003051204051839603	0.5459138678046375	1038.3281765644203	-3.016
CTCACA	CTCACA|TGTGAG	2	4.29	0.00021299254526091586	0.00045641517809286137	0.9272499854852498	1763.6294723929452	-3.246
CTCACC	CTCACC|GGTGAG	3	1.77	0.0003194888178913738	0.00018856589517451556	0.26152861505909414	497.42742584239704	-2.697
CTCAGA	CTCAGA|TCTGAG	8	2.23	0.0008519701810436634	0.00023757710468820837	0.0021525129870453414	4.094079701360239	-0.612
CTCAGC	CTCAGC|GCTGAG	2	1.40	0.00021299254526091586	0.0001492100108712529	0.4085407745687473	777.0445532297574	-2.89
CTCATA	CTCATA|TATGAG	5	5.38	0.0005324813631522897	0.0005726293255545784	0.6229961125459829	1184.9386060624595	-3.074
CTCATC	CTCATC|GATGAG	4	2.16	0.0004259850905218317	0.00022970803890441535	0.1722514583061715	327.6222736983382	-2.515
CTCCAA	CTCCAA|TTGGAG	3	2.81	0.0003194888178913738	0.00029909966640753277	0.5325809502402433	1012.9689673569428	-3.006
CTCCAG	CTCCAG|CTGGAG	2	1.45	0.00021299254526091586	0.00015408164633115313	0.42422292469991985	806.8720027792475	-2.907
CTCCCA	CTCCCA|TGGGAG	3	1.67	0.0003194888178913738	0.00017767584801024674	0.234453036620524	445.92967565223665	-2.649
CTCCCC	CTCCCC|GGGGAG	2	0.77	0.00021299254526091586	8.167357529503268e-05	0.1793674686607818	341.15692539280695	-2.533
CTCCGA	CTCCGA|TCGGAG	1	0.78	0.00010649627263045793	8.297686007891423e-05	0.5412054240915183	1029.3727166220679	-3.013
CTCCGC	CTCCGC|GCGGAG	2	0.84	0.00021299254526091586	8.96685423433428e-05	0.20637355423031772	392.5225001460643	-2.594
CTCCTA	CTCCTA|TAGGAG	1	1.62	0.00010649627263045793	0.00017213220883162107	0.8013719782558928	1524.209502642708	-3.183
CTCCTC	CTCCTC|GAGGAG	5	1.57	0.0005324813631522897	0.00016710645090952997	0.022019569087682524	41.88122040477216	-1.622
CTCGAA	CTCGAA|TTCGAG	4	1.78	0.0004259850905218317	0.0001893525674452005	0.1052029634715288	200.09603652284778	-2.301
CTCGAC	CTCGAC|GTCGAG	3	0.78	0.0003194888178913738	8.323189777811008e-05	0.04480624954014514	85.22148662535606	-1.931
CTCGAG	CTCGAG|CTCGAG	4	0.79	0.0004259850905218317	8.427229650033655e-05	0.00875088552765718	16.644184273603955	-1.221
CTCGCA	CTCGCA|TGCGAG	1	1.58	0.00010649627263045793	0.00016791992071896157	0.7933581248071582	1508.9671533832147	-3.179
CTCGGA	CTCGGA|TCCGAG	2	0.99	0.00021299254526091586	0.00010564302322079687	0.26129369483644665	496.98060757892154	-2.696
CTCGGC	CTCGGC|GCCGAG	2	0.69	0.00021299254526091586	7.38228355036895e-05	0.15344347686001367	291.849492987746	-2.465
CTCGTA	CTCGTA|TACGAG	1	2.11	0.00010649627263045793	0.00022430195413839998	0.8782998868640884	1670.5263848154962	-3.223
CTCGTC	CTCGTC|GACGAG	7	1.55	0.0007454739084132055	0.00016469723905267137	0.0011019932118873674	2.0959910890097726	-0.321
CTCTAA	CTCTAA|TTAGAG	4	2.93	0.0004259850905218317	0.0003116905187071079	0.3363673655428463	639.7707292624937	-2.806
CTCTAC	CTCTAC|GTAGAG	4	1.95	0.0004259850905218317	0.00020779367913807188	0.13417683814251227	255.20434614705835	-2.407
CTCTCA	CTCTCA|TGAGAG	4	3.59	0.0004259850905218317	0.00038247728819725457	0.4829684846036283	918.606057716101	-2.963
CTCTCC	CTCTCC|GGAGAG	3	1.83	0.0003194888178913738	0.00019498842143389443	0.2776779469746469	528.1434551457785	-2.723
CTCTGA	CTCTGA|TCAGAG	4	2.07	0.0004259850905218317	0.00022055750028783673	0.15591677931637427	296.55371425974386	-2.472
CTCTGC	CTCTGC|GCAGAG	2	1.52	0.00021299254526091586	0.00016183764631510087	0.44873151147375817	853.4873348230881	-2.931
CTCTTA	CTCTTA|TAAGAG	5	3.02	0.0005324813631522897	0.0003219206952870046	0.18858829874611174	358.69494421510456	-2.555
CTCTTC	CTCTTC|GAAGAG	6	2.75	0.0006389776357827476	0.0002925279361521042	0.06057066638953138	115.2054074728887	-2.061
CTGAAA	CTGAAA|TTTCAG	9	4.12	0.0009584664536741214	0.0004388223242693446	0.025172542114252995	47.878175101309196	-1.68
CTGAAC	CTGAAC|GTTCAG	2	1.60	0.00021299254526091586	0.0001702892601642232	0.4747511781263185	902.9767407962578	-2.956
CTGAAG	CTGAAG|CTTCAG	4	2.13	0.0004259850905218317	0.00022705234688563092	0.16745060533958303	318.49105135588695	-2.503
CTGACA	CTGACA|TGTCAG	2	1.78	0.00021299254526091586	0.0001894846405465259	0.530964017044397	1009.893560418443	-3.004
CTGACC	CTGACC|GGTCAG	1	0.74	0.00010649627263045793	7.82847341225083e-05	0.5205394462438253	990.0660267557557	-2.996
CTGAGA	CTGAGA|TCTCAG	2	1.43	0.00021299254526091586	0.00015273479192477057	0.4199087596221871	798.6664608013998	-2.902
CTGAGC	CTGAGC|GCTCAG	2	0.90	0.00021299254526091586	9.592489980641082e-05	0.22778653344681432	433.24998661584084	-2.637
CTGATA	CTGATA|TATCAG	3	2.69	0.0003194888178913738	0.0002867488247650278	0.5045540356294927	959.6617757672952	-2.982
CTGATC	CTGATC|GATCAG	1	1.08	0.00010649627263045793	0.00011502818185416585	0.6604433991477714	1256.1633451790613	-3.099
CTGCAA	CTGCAA|TTGCAG	5	1.91	0.0005324813631522897	0.000203429454119145	0.04491469296651575	85.42774602231296	-1.932
CTGCAC	CTGCAC|GTGCAG	4	1.51	0.0004259850905218317	0.00016027775173023536	0.06627259626258922	126.05047809144469	-2.101
CTGCAG	CTGCAG|CTGCAG	1	0.98	0.00010649627263045793	0.0001047969915159231	0.6262035011341461	1191.0390591571459	-3.076
CTGCCA	CTGCCA|TGGCAG	1	1.48	0.00010649627263045793	0.00015773366043293004	0.7726169119730973	1469.5173665728312	-3.167
CTGCCC	CTGCCC|GGGCAG	3	0.68	0.0003194888178913738	7.250660197320163e-05	0.03185172063531361	60.58197264836648	-1.782
CTGCGA	CTGCGA|TCGCAG	2	0.73	0.00021299254526091586	7.819782541469282e-05	0.167803454916383	319.16217125096045	-2.504
CTGCGC	CTGCGC|GCGCAG	1	0.79	0.00010649627263045793	8.45041016578132e-05	0.5477379518362637	1041.7975843925735	-3.018
CTGCTA	CTGCTA|TAGCAG	2	1.53	0.00021299254526091586	0.00016266587768551372	0.45131380239447105	858.398852154284	-2.934
CTGCTC	CTGCTC|GAGCAG	1	1.48	0.00010649627263045793	0.00015791650899396573	0.7730069819478653	1470.2592796648398	-3.167
CTGGAA	CTGGAA|TTCCAG	3	1.84	0.0003194888178913738	0.00019584719350449717	0.27984492015133705	532.2650381278431	-2.726
CTGGAC	CTGGAC|GTCCAG	2	0.81	0.00021299254526091586	8.608667846351522e-05	0.1942138714253208	369.3947834509601	-2.567
CTGGCA	CTGGCA|TGCCAG	2	1.05	0.00021299254526091586	0.0001123091558229322	0.28431136833586407	540.7602225748135	-2.733
CTGGCC	CTGGCC|GGCCAG	2	0.63	0.00021299254526091586	6.738549349375929e-05	0.13279874963414603	252.58322180414575	-2.402
CTGGGA	CTGGGA|TCCCAG	1	0.91	0.00010649627263045793	9.692463870864452e-05	0.5975250248006668	1136.4925971708683	-3.056
CTGGTA	CTGGTA|TACCAG	1	1.44	0.00010649627263045793	0.00015386244742189516	0.7641993139183234	1453.507095072651	-3.162
CTGGTC	CTGGTC|GACCAG	2	1.06	0.00021299254526091586	0.00011297592293216081	0.28661094578516905	545.1340188833915	-2.737
CTGTAA	CTGTAA|TTACAG	3	2.00	0.0003194888178913738	0.00021337628566694386	0.3242988960812085	616.8165003464585	-2.79
CTGTAC	CTGTAC|GTACAG	4	1.34	0.0004259850905218317	0.00014225085711129588	0.04674483821705443	88.90868228883753	-1.949
CTGTCA	CTGTCA|TGACAG	3	1.86	0.0003194888178913738	0.00019803885125894275	0.28538196037234514	542.7964886282004	-2.735
CTGTCC	CTGTCC|GGACAG	2	0.95	0.00021299254526091586	0.0001009609829947551	0.24512891648146487	466.2351991477462	-2.669
CTGTGA	CTGTGA|TCACAG	7	1.71	0.0007454739084132055	0.00018162049455935935	0.0019084773174107331	3.629923857715214	-0.56
CTGTGC	CTGTGC|GCACAG	3	1.25	0.0003194888178913738	0.00013326698626758179	0.13184067847646355	250.76097046223367	-2.399
CTGTTA	CTGTTA|TAACAG	8	1.84	0.0008519701810436634	0.0001960520115104271	0.0006487104025561678	1.2338471856618312	-0.091
CTGTTC	CTGTTC|GAACAG	3	1.67	0.0003194888178913738	0.00017815161045947508	0.23562587712210195	448.1604182862379	-2.651
CTTAAA	CTTAAA|TTTAAG	6	4.21	0.0006389776357827476	0.00044798808425914845	0.24793699791848114	471.5761700409511	-2.674
CTTAAC	CTTAAC|GTTAAG	2	1.63	0.00021299254526091586	0.0001738461222498187	0.48547615495052554	923.3756467158996	-2.965
CTTAAG	CTTAAG|CTTAAG	2	2.18	0.00021299254526091586	0.00023179482966642493	0.639677805154194	1216.667185403277	-3.085
CTTACA	CTTACA|TGTAAG	4	2.75	0.0004259850905218317	0.00029338770060389574	0.2980483333657872	566.8879300617272	-2.753
CTTACC	CTTACC|GGTAAG	3	1.14	0.0003194888178913738	0.00012121181996780674	0.10739071358966738	204.25713724754738	-2.31
CTTAGA	CTTAGA|TCTAAG	3	1.93	0.0003194888178913738	0.00020547952361969874	0.3042365725914739	578.6579610689834	-2.762
CTTAGC	CTTAGC|GCTAAG	2	1.21	0.00021299254526091586	0.00012905116422456695	0.34162993324971375	649.7801330409555	-2.813
CTTATA	CTTATA|TATAAG	12	5.77	0.0012779552715654952	0.0006144620076620438	0.015385199102924794	29.26264869376296	-1.466
CTTATC	CTTATC|GATAAG	4	2.31	0.0004259850905218317	0.0002464890575148599	0.20361395916013358	387.2737503225741	-2.588
CTTCAA	CTTCAA|TTGAAG	6	3.72	0.0006389776357827476	0.00039614610226950986	0.17275201650011737	328.57433538322323	-2.517
CTTCAC	CTTCAC|GTGAAG	3	2.93	0.0003194888178913738	0.0003121151108790076	0.5611199020256608	1067.2500536528069	-3.028
CTTCCA	CTTCCA|TGGAAG	6	2.45	0.0006389776357827476	0.00026098638797435436	0.03880624966353768	73.80948686004866	-1.868
CTTCCC	CTTCCC|GGGAAG	3	1.13	0.0003194888178913738	0.00011996954931079192	0.10498060680192617	199.67311413726358	-2.3
CTTCGA	CTTCGA|TCGAAG	4	1.20	0.0004259850905218317	0.0001280367267655876	0.03396576517501377	64.6028853628762	-1.81
CTTCTA	CTTCTA|TAGAAG	7	2.83	0.0007454739084132055	0.0003013257688183328	0.025629445910536057	48.74720612183958	-1.688
CTTCTC	CTTCTC|GAGAAG	5	2.75	0.0005324813631522897	0.0002925279361521042	0.1441400425022591	274.15436083929677	-2.438
CTTGAA	CTTGAA|TTCAAG	7	3.37	0.0007454739084132055	0.00035851012244514656	0.05547889106387938	105.52085080349859	-2.023
CTTGAC	CTTGAC|GTCAAG	10	1.48	0.0010649627263045794	0.00015758686700885558	3.642183632350046e-06	0.006927433268729788	2.159
CTTGCA	CTTGCA|TGCAAG	2	2.03	0.00021299254526091586	0.00021587733805604107	0.6012764803682344	1143.627865660382	-3.058
CTTGCC	CTTGCC|GGCAAG	1	1.22	0.00010649627263045793	0.0001295264028336247	0.7036615075981146	1338.364187451614	-3.127
CTTGGA	CTTGGA|TCCAAG	3	1.51	0.0003194888178913738	0.00016105418320863386	0.1942466946857042	369.4572132922094	-2.568
CTTGGC	CTTGGC|GCCAAG	4	1.06	0.0004259850905218317	0.00011254388706145503	0.02266944474230423	43.11728389986264	-1.635
CTTGTA	CTTGTA|TACAAG	3	2.36	0.0003194888178913738	0.0002508708058400092	0.41866950803095504	796.3094042748764	-2.901
CTTGTC	CTTGTC|GACAAG	6	1.73	0.0006389776357827476	0.00018420583645595087	0.008659942631644645	16.471210885388114	-1.217
CTTTAA	CTTTAA|TTAAAG	11	4.59	0.0011714589989350373	0.0004892995305244045	0.00771237153054649	14.668930651099425	-1.166
CTTTAC	CTTTAC|GTAAAG	11	3.06	0.0011714589989350373	0.00032619968701626956	0.0003472913228705343	0.6605480960997562	0.18
CTTTCA	CTTTCA|TGAAAG	6	5.28	0.0006389776357827476	0.000562010248446169	0.4325712083092093	822.7504382041161	-2.915
CTTTCC	CTTTCC|GGAAAG	4	2.69	0.0004259850905218317	0.00028651502861961546	0.2837872170705841	539.7632868682509	-2.732
CTTTGA	CTTTGA|TCAAAG	8	3.70	0.0008519701810436634	0.0003941410842550142	0.03528661036346213	67.11513291130497	-1.827
CTTTGC	CTTTGC|GCAAAG	4	2.72	0.0004259850905218317	0.0002892074189663414	0.28936277992142984	550.3680074105596	-2.741
CTTTTA	CTTTTA|TAAAAG	20	7.22	0.002129925452609159	0.0007690851050934737	6.737171627366632e-05	0.12814100435251333	0.892
CTTTTC	CTTTTC|GAAAAG	21	6.56	0.0022364217252396168	0.0006988642911501566	5.631104259901003e-06	0.010710360302331707	1.97
GAAAAA	GAAAAA|TTTTTC	45	11.21	0.004792332268370607	0.0011933683295243958	2.516097906093589e-14	4.7856182173900064e-11	10.32
GAAAAC	GAAAAC|GTTTTC	9	4.35	0.0009584664536741214	0.00046309815772588466	0.03364572291437752	63.99416498314604	-1.806
GAAACA	GAAACA|TGTTTC	4	4.27	0.0004259850905218317	0.0004549249469674583	0.6177442411746523	1174.9495467141887	-3.07
GAAACC	GAAACC|GGTTTC	6	1.76	0.0006389776357827476	0.00018795021283162604	0.009491471350494149	18.05277850863987	-1.257
GAAAGA	GAAAGA|TCTTTC	12	4.53	0.0012779552715654952	0.0004828891231447653	0.0025543492879763667	4.858372345731049	-0.686
GAAAGC	GAAAGC|GCTTTC	4	2.85	0.0004259850905218317	0.0003032779249018954	0.318709399388668	606.1852776372465	-2.783
GAAATA	GAAATA|TATTTC	18	6.91	0.0019169329073482429	0.0007355150079652294	0.0003096031288208252	0.5888651510172095	0.23
GAAATC	GAAATC|GATTTC	4	2.77	0.0004259850905218317	0.0002950490003298914	0.3015088173176972	573.46977053826	-2.759
GAACAA	GAACAA|TTGTTC	9	3.29	0.0009584664536741214	0.0003502347559569451	0.006767655612224838	12.872080974451642	-1.11
GAACAC	GAACAC|GTGTTC	5	2.59	0.0005324813631522897	0.0002759425349963808	0.12132093444395313	230.75241731239885	-2.363
GAACCA	GAACCA|TGGTTC	3	1.76	0.0003194888178913738	0.00018699138919197345	0.2575873560198378	489.9311511497315	-2.69
GAACCC	GAACCC|GGGTTC	2	0.81	0.00021299254526091586	8.595571922534264e-05	0.19377100152987595	368.55244490982403	-2.566
GAACGA	GAACGA|TCGTTC	5	0.95	0.0005324813631522897	0.00010134436486096666	0.0029706777646347593	5.650229108335312	-0.752
GAACGC	GAACGC|GCGTTC	1	1.03	0.00010649627263045793	0.00010951729751104461	0.6424097222773	1221.8632917714247	-3.087
GAACTA	GAACTA|TAGTTC	3	2.06	0.0003194888178913738	0.0002196721300584682	0.3402949156925961	647.2409296473178	-2.811
GAACTC	GAACTC|GAGTTC	2	2.00	0.00021299254526091586	0.0002132583452392429	0.5946692850928692	1131.0609802466372	-3.053
GAAGAA	GAAGAA|TTCTTC	7	4.50	0.0007454739084132055	0.0004797394965719187	0.1695589702888538	322.5011614893999	-2.509
GAAGAC	GAAGAC|GTCTTC	6	1.98	0.0006389776357827476	0.00021087450398765649	0.01585650639715942	30.159075167397216	-1.479
GAAGCA	GAAGCA|TGCTTC	5	2.32	0.0005324813631522897	0.000247255955464874	0.0863117686847322	164.16498403836064	-2.215
GAAGCC	GAAGCC|GGCTTC	3	1.39	0.0003194888178913738	0.0001483535732789245	0.1648228060306458	313.4929770702883	-2.496
GAAGGA	GAAGGA|TCCTTC	5	1.82	0.0005324813631522897	0.0001939409548156769	0.03795234028325038	72.18535121874223	-1.858
GAAGGC	GAAGGC|GCCTTC	3	1.27	0.0003194888178913738	0.00013552500456999103	0.13662025267008684	259.8517205785052	-2.415
GAAGTA	GAAGTA|TACTTC	5	3.22	0.0005324813631522897	0.00034334245511716326	0.2236718336940604	425.42382768610287	-2.629
GAAGTC	GAAGTC|GACTTC	1	2.37	0.00010649627263045793	0.0002521045999112039	0.9062629908843397	1723.712208662014	-3.236
GAATAA	GAATAA|TTATTC	9	4.80	0.0009584664536741214	0.0005110934013169758	0.05576898137318907	106.07260257180562	-2.026
GAATAC	GAATAC|GTATTC	5	3.20	0.0005324813631522897	0.00034072893421131713	0.219288599493426	417.0869162364962	-2.62
GAATCA	GAATCA|TGATTC	4	2.43	0.0004259850905218317	0.00025915158451513584	0.228293746909567	434.2147066219964	-2.638
GAATCC	GAATCC|GGATTC	2	1.24	0.00021299254526091586	0.00013211649406653982	0.35198526916694634	669.4759819555319	-2.826
GAATGA	GAATGA|TCATTC	4	2.13	0.0004259850905218317	0.0002271504680381309	0.16762713105076876	318.82680325856217	-2.504
GAATGC	GAATGC|GCATTC	4	1.57	0.0004259850905218317	0.00016667534343057665	0.07407464882837363	140.88998207156664	-2.149
GAATTA	GAATTA|TAATTC	2	2.75	0.00021299254526091586	0.00029260547950720194	0.7598421914428942	1445.2198481243847	-3.16
GAATTC	GAATTC|GAATTC	1	2.50	0.00010649627263045793	0.00026588932703045746	0.9176437377408829	1745.3583891831593	-3.242
GACAAA	GACAAA|TTTGTC	11	3.73	0.0011714589989350373	0.0003967156153696589	0.0016563923826305763	3.150458311763356	-0.498
GACAAC	GACAAC|GTTGTC	2	1.45	0.00021299254526091586	0.000153949343277778	0.4237998798719933	806.0673715165312	-2.906
GACACA	GACACA|TGTGTC	4	2.88	0.0004259850905218317	0.0003070473851660525	0.32661464225004533	621.2210495595862	-2.793
GACACC	GACACC|GGTGTC	1	1.19	0.00010649627263045793	0.00012685525772118604	0.6961347310326809	1324.048258424159	-3.122
GACAGA	GACAGA|TCTGTC	4	1.50	0.0004259850905218317	0.00015982691258132118	0.06573972633732346	125.03695949358922	-2.097
GACAGC	GACAGC|GCTGTC	3	0.94	0.0003194888178913738	0.0001003790975358298	0.07004501472437062	133.22561800575292	-2.125
GACATA	GACATA|TATGTC	2	3.62	0.00021299254526091586	0.000385228943997039	0.8760019838396916	1666.1557732630936	-3.222
GACATC	GACATC|GATGTC	4	1.45	0.0004259850905218317	0.00015453310074379784	0.0596517409062344	113.45761120365783	-2.055
GACCAC	GACCAC|GTGGTC	3	1.21	0.0003194888178913738	0.00012847557154288755	0.12190062367942035	231.8549862382575	-2.365
GACCCA	GACCCA|TGGGTC	3	0.91	0.0003194888178913738	9.686650235376448e-05	0.06444300519978523	122.57059588999151	-2.088
GACCCC	GACCCC|GGGGTC	1	0.42	0.00010649627263045793	4.452734382390782e-05	0.341711345043247	649.9349782722559	-2.813
GACCGC	GACCGC|GCGGTC	1	0.46	0.00010649627263045793	4.88860932154331e-05	0.36811029362414827	700.14577847313	-2.845
GACCTA	GACCTA|TAGGTC	2	0.88	0.00021299254526091586	9.384418421903524e-05	0.22064503706763625	419.6668605026441	-2.623
GACCTC	GACCTC|GAGGTC	3	0.86	0.0003194888178913738	9.11042080374576e-05	0.0557262097028288	105.99125085478038	-2.025
GACGAA	GACGAA|TTCGTC	3	1.07	0.0003194888178913738	0.00011404538372790845	0.0937912109454298	178.39088321820748	-2.251
GACGAC	GACGAC|GTCGTC	1	0.47	0.00010649627263045793	5.0129839001278426e-05	0.37544706439062364	714.1003164709662	-2.854
GACGCA	GACGCA|TGCGTC	3	0.95	0.0003194888178913738	0.00010113668936385654	0.07128115023842188	135.57674775347843	-2.132
GACGCC	GACGCC|GGCGTC	3	0.57	0.0003194888178913738	6.0682013618313894e-05	0.02023746161460643	38.49165199098143	-1.585
GACGGA	GACGGA|TCCGTC	4	0.60	0.0004259850905218317	6.362786247870073e-05	0.003308250115712223	6.292291720084648	-0.799
GACGGC	GACGGC|GCCGTC	1	0.42	0.00010649627263045793	4.446284365981503e-05	0.3413125274525673	649.176427214783	-2.812
GACGTA	GACGTA|TACGTC	4	1.27	0.0004259850905218317	0.0001350950915309701	0.040020877106603965	76.11970825676075	-1.881
GACTAA	GACTAA|TTAGTC	11	1.62	0.0011714589989350373	0.0001729034862310114	1.17829672681776e-06	0.0022411203744073793	2.65
GACTAC	GACTAC|GTAGTC	3	1.08	0.0003194888178913738	0.00011526899082067424	0.09606020873160513	182.70651700751296	-2.262
GACTCA	GACTCA|TGAGTC	9	1.99	0.0009584664536741214	0.00021217089569423755	0.00023089406296463962	0.43916050775874454	0.357
GACTCC	GACTCC|GGAGTC	3	1.02	0.0003194888178913738	0.00010816555466765049	0.08320704867189956	158.25980657395294	-2.199
GACTGA	GACTGA|TCAGTC	2	1.15	0.00021299254526091586	0.00012234944095299688	0.3188162596668813	606.3885258864083	-2.783
GACTGC	GACTGC|GCAGTC	3	0.84	0.0003194888178913738	8.977588849148468e-05	0.053802358483117145	102.33208583488882	-2.01
GACTTA	GACTTA|TAAGTC	6	1.68	0.0006389776357827476	0.000178578452549397	0.007510223705958409	14.284445488732894	-1.155
GAGAAA	GAGAAA|TTTCTC	17	3.87	0.001810436634717785	0.00041264997589219205	7.413069994299194e-07	0.0014099659129157066	2.851
GAGAAC	GAGAAC|GTTCTC	7	1.50	0.0007454739084132055	0.00016013282646562668	0.0009389372486499301	1.7858586469321671	-0.252
GAGACA	GAGACA|TGTCTC	3	1.67	0.0003194888178913738	0.00017818335127697802	0.2357041606326553	448.3093135233104	-2.652
GAGACC	GAGACC|GGTCTC	2	0.69	0.00021299254526091586	7.361565686560597e-05	0.15276952640303185	290.56763921856657	-2.463
GAGAGA	GAGAGA|TCTCTC	6	1.35	0.0006389776357827476	0.0001436253461138199	0.0026700036921127137	5.078347022398382	-0.706
GAGAGC	GAGAGC|GCTCTC	6	0.85	0.0006389776357827476	9.020372347392342e-05	0.0002495744734093359	0.4746906484245569	0.324
GAGATA	GAGATA|TATCTC	5	2.53	0.0005324813631522897	0.00026964648123456745	0.11313541670374794	215.18356257052858	-2.333
GAGATC	GAGATC|GATCTC	1	1.02	0.00010649627263045793	0.00010816764290211873	0.6378490506261858	1213.1888942910055	-3.084
GAGCAA	GAGCAA|TTGCTC	7	1.54	0.0007454739084132055	0.00016373540501518228	0.0010659141669481645	2.027368745535409	-0.307
GAGCAC	GAGCAC|GTGCTC	2	1.21	0.00021299254526091586	0.00012900365243620414	0.34146900306371253	649.4740438271813	-2.813
GAGCCA	GAGCCA|TGGCTC	3	1.19	0.0003194888178913738	0.00012695597541340726	0.11880781956830137	225.9724728189092	-2.354
GAGCCC	GAGCCC|GGGCTC	2	0.55	0.00021299254526091586	5.8358795149711346e-05	0.10509021207879378	199.88158337386577	-2.301
GAGCGA	GAGCGA|TCGCTC	4	0.59	0.0004259850905218317	6.293952206194446e-05	0.0031834763459675165	6.054972010030217	-0.782
GAGCTA	GAGCTA|TAGCTC	3	1.23	0.0003194888178913738	0.00013092579675993496	0.1269486975098883	241.45642266380753	-2.383
GAGGAA	GAGGAA|TTCCTC	6	1.56	0.0006389776357827476	0.00016573106846559787	0.005303134746995658	10.086562288785743	-1.004
GAGGCA	GAGGCA|TGCCTC	1	0.89	0.00010649627263045793	9.503897431431129e-05	0.5903351812237301	1122.8175146875346	-3.05
GAGGCC	GAGGCC|GGCCTC	1	0.54	0.00010649627263045793	5.70233845885868e-05	0.4145939566284808	788.5577055073705	-2.897
GAGGGA	GAGGGA|TCCCTC	2	0.77	0.00021299254526091586	8.202018954873022e-05	0.18052732924311218	343.3629802203994	-2.536
GAGGGC	GAGGGC|GCCCTC	3	0.54	0.0003194888178913738	5.731531317863084e-05	0.017449653160071552	33.18924031045609	-1.521
GAGGTA	GAGGTA|TACCTC	3	1.22	0.0003194888178913738	0.0001302024672994715	0.12545071718169135	238.60726407957694	-2.378
GAGTAA	GAGTAA|TTACTC	10	1.93	0.0010649627263045794	0.0002052166493132338	3.4218183517172436e-05	0.06508298504966198	1.187
GAGTAC	GAGTAC|GTACTC	1	1.28	0.00010649627263045793	0.00013681109954215582	0.7232542943815188	1375.6296679136487	-3.139
GAGTCA	GAGTCA|TGACTC	8	1.79	0.0008519701810436634	0.00019046572753936633	0.0005387644365703019	1.0247299583567142	-0.011
GAGTCC	GAGTCC|GGACTC	2	0.91	0.00021299254526091586	9.710017482399075e-05	0.23182736926221192	440.9356563367271	-2.644
GAGTGA	GAGTGA|TCACTC	3	1.64	0.0003194888178913738	0.00017467521858666502	0.2270805804188891	431.90726395672704	-2.635
GAGTGC	GAGTGC|GCACTC	4	1.20	0.0004259850905218317	0.00012817077727463088	0.0340754268344639	64.81146183915034	-1.812
GAGTTA	GAGTTA|TAACTC	4	1.77	0.0004259850905218317	0.0001885548657271537	0.10402030468188238	197.8466195049403	-2.296
GATAAA	GATAAA|TTTATC	12	5.09	0.0012779552715654952	0.0005418713336160644	0.006219213919796253	11.828944875452473	-1.073
GATAAC	GATAAC|GTTATC	3	1.97	0.0003194888178913738	0.00021027842797041293	0.3164257682386853	601.8418111899795	-2.779
GATACA	GATACA|TGTATC	5	3.33	0.0005324813631522897	0.0003548719043625703	0.2433065158414068	462.76899313035574	-2.665
GATACC	GATACC|GGTATC	2	1.38	0.00021299254526091586	0.00014661374452538118	0.40009789909036525	760.9862040698747	-2.881
GATAGA	GATAGA|TCTATC	9	2.33	0.0009584664536741214	0.0002485411273354108	0.000710212509534518	1.3508241931346532	-0.131
GATAGC	GATAGC|GCTATC	2	1.47	0.00021299254526091586	0.00015609595192406903	0.4306435678106043	819.0840659757694	-2.913
GATATA	GATATA|TATATC	12	6.98	0.0012779552715654952	0.000743232597578708	0.05240466407916785	99.67367107857724	-1.999
GATATC	GATATC|GATATC	4	2.80	0.0004259850905218317	0.00029814488155019804	0.3079692230273247	585.7574621979716	-2.768
GATCAA	GATCAA|TTGATC	4	1.99	0.0004259850905218317	0.0002115286801166156	0.14040473228763975	267.0498008110908	-2.427
GATCAC	GATCAC|GTGATC	4	1.56	0.0004259850905218317	0.00016665896009187886	0.07405409982673707	140.8508978704539	-2.149
GATCCA	GATCCA|TGGATC	1	1.31	0.00010649627263045793	0.00013935794359794005	0.7297941195541247	1388.068415391945	-3.142
GATCGA	GATCGA|TCGATC	1	0.64	0.00010649627263045793	6.836730101348012e-05	0.47374477038097135	901.0625532646075	-2.955
GATCGC	GATCGC|GCGATC	1	0.69	0.00010649627263045793	7.388079303069626e-05	0.5002966449660893	951.5642187255019	-2.978
GATCTA	GATCTA|TAGATC	2	1.51	0.00021299254526091586	0.00016089781471559914	0.44579294311037015	847.8981777959241	-2.928
GATGAA	GATGAA|TTCATC	7	2.25	0.0007454739084132055	0.00023925861825666494	0.008308402887879377	15.802582292746575	-1.199
GATGAC	GATGAC|GTCATC	7	0.99	0.0007454739084132055	0.00010516862340952301	7.706681784032408e-05	0.1465810875322964	0.834
GATGCA	GATGCA|TGCATC	7	1.35	0.0007454739084132055	0.00014406988919571723	0.0005097238854829321	0.9694948301885369	0.013
GATGCC	GATGCC|GGCATC	2	0.81	0.00021299254526091586	8.644193351743029e-05	0.19541589856668304	371.68103907383113	-2.57
GATGGA	GATGGA|TCCATC	3	1.01	0.0003194888178913738	0.0001074826034928743	0.08201284638468623	155.9884338236732	-2.193
GATGGC	GATGGC|GCCATC	2	0.71	0.00021299254526091586	7.510832533236994e-05	0.15763795553683502	299.8273914310602	-2.477
GATGTA	GATGTA|TACATC	3	1.57	0.0003194888178913738	0.00016742345224966514	0.2094587968921416	398.3906316888534	-2.6
GATTAA	GATTAA|TTAATC	3	2.02	0.0003194888178913738	0.0002155693897294762	0.32987256540222054	627.4176193950235	-2.798
GATTAC	GATTAC|GTAATC	4	1.35	0.0004259850905218317	0.00014371292648631743	0.04819107026571765	91.65941564539497	-1.962
GATTCA	GATTCA|TGAATC	4	2.32	0.0004259850905218317	0.00024760335688327277	0.20575382224294647	391.34376990608416	-2.593
GATTCC	GATTCC|GGAATC	2	1.19	0.00021299254526091586	0.00012622916233264884	0.3320503296453094	631.5597269853785	-2.8
GATTGA	GATTGA|TCAATC	5	1.63	0.0005324813631522897	0.00017364568674142587	0.025404323215437962	48.319022755763	-1.684
GATTGC	GATTGC|GCAATC	2	1.20	0.00021299254526091586	0.00012741534157000722	0.3360820564888727	639.2280714418358	-2.806
GATTTA	GATTTA|TAAATC	10	3.18	0.0010649627263045794	0.00033883377443126556	0.0016905570837287952	3.215439573252169	-0.507
GCAAAA	GCAAAA|TTTTGC	14	5.21	0.001490947816826411	0.0005552841711248076	0.001033876847550457	1.9664337640409695	-0.294
GCAAAC	GCAAAC|GTTTGC	6	2.02	0.0006389776357827476	0.00021548340969022376	0.01742259518574048	33.13777604327839	-1.52
GCAACA	GCAACA|TGTTGC	3	1.99	0.0003194888178913738	0.00021168034700694483	0.31998854749532984	608.6182173361174	-2.784
GCAACC	GCAACC|GGTTGC	2	0.82	0.00021299254526091586	8.745479125169555e-05	0.19884800743639316	378.2089101440198	-2.578
GCAAGA	GCAAGA|TCTTGC	4	2.11	0.0004259850905218317	0.00022469230987342425	0.16322487698816493	310.4537160314897	-2.492
GCAAGC	GCAAGC|GCTTGC	2	1.33	0.00021299254526091586	0.0001411177312009921	0.38204175234951293	726.6434129687736	-2.861
GCAATA	GCAATA|TATTGC	5	3.21	0.0005324813631522897	0.0003422412271579221	0.2218217070355093	421.90488678153866	-2.625
GCACAC	GCACAC|GTGTGC	5	2.45	0.0005324813631522897	0.00026068755461703736	0.10196530737256752	193.93801462262343	-2.288
GCACCA	GCACCA|TGGTGC	1	1.66	0.00010649627263045793	0.00017665391087147043	0.8096289512523349	1539.914265281941	-3.187
GCACCC	GCACCC|GGGTGC	3	0.76	0.0003194888178913738	8.120381386833713e-05	0.04218388484617463	80.23374897742414	-1.904
GCACGA	GCACGA|TCGTGC	1	0.90	0.00010649627263045793	9.574172626256673e-05	0.5930295943628396	1127.942288478121	-3.052
GCACGC	GCACGC|GCGTGC	3	0.97	0.0003194888178913738	0.00010346283321922534	0.0751373807270881	142.91129814292157	-2.155
GCACTA	GCACTA|TAGTGC	3	1.95	0.0003194888178913738	0.0002075279565117023	0.3094378900089408	588.5508667970054	-2.77
GCAGAA	GCAGAA|TTCTGC	2	2.09	0.00021299254526091586	0.00022225112108888412	0.6170145795269135	1173.5617302601895	-3.07
GCAGAC	GCAGAC|GTCTGC	1	0.92	0.00010649627263045793	9.769280047863025e-05	0.6004176476592242	1141.9943658478444	-3.058
GCAGCC	GCAGCC|GGCTGC	1	0.65	0.00010649627263045793	6.872844161131102e-05	0.4755263374127512	904.4510937590528	-2.956
GCAGGA	GCAGGA|TCCTGC	3	0.84	0.0003194888178913738	8.984791734022056e-05	0.053905845493580774	102.52891812879064	-2.011
GCAGGC	GCAGGC|GCCTGC	1	0.59	0.00010649627263045793	6.278529163533481e-05	0.4454253682964375	847.1990504998241	-2.928
GCAGTA	GCAGTA|TACTGC	4	1.49	0.0004259850905218317	0.0001590618369187368	0.06484059191107953	123.32680581487327	-2.091
GCATAA	GCATAA|TTATGC	3	3.52	0.0003194888178913738	0.0003746827021149597	0.6825188811678848	1298.150911981317	-3.113
GCATAC	GCATAC|GTATGC	2	2.35	0.00021299254526091586	0.00024978846807663976	0.6795065553686732	1292.4214683112164	-3.111
GCATCA	GCATCA|TGATGC	1	1.78	0.00010649627263045793	0.0001899840923269602	0.8320267648661303	1582.5149067753798	-3.199
GCATCC	GCATCC|GGATGC	4	0.91	0.0004259850905218317	9.685463530394047e-05	0.013931451055297034	26.497619907174958	-1.423
GCATGA	GCATGA|TCATGC	1	1.56	0.00010649627263045793	0.00016652406572242276	0.790631825666738	1503.7817324181356	-3.177
GCATTA	GCATTA|TAATGC	7	2.01	0.0007454739084132055	0.00021450915122930278	0.004707575288338636	8.953808198420086	-0.952
GCCAAA	GCCAAA|TTTGGC	6	3.11	0.0006389776357827476	0.00033147084110394604	0.09568364731659638	181.99029719616632	-2.26
GCCAAC	GCCAAC|GTTGGC	6	1.21	0.0006389776357827476	0.0001286304756522775	0.0015498024930073217	2.9477243416999257	-0.469
GCCACA	GCCACA|TGTGGC	15	2.41	0.001597444089456869	0.0002565496569247037	4.314581576619135e-08	8.206334158729594e-05	4.086
GCCACC	GCCACC|GGTGGC	2	1.00	0.00021299254526091586	0.00010599234652288233	0.26250036789358067	499.27569973359044	-2.698
GCCAGA	GCCAGA|TCTGGC	2	1.25	0.00021299254526091586	0.00013354140621616977	0.3567796249026356	678.5948465648129	-2.832
GCCAGC	GCCAGC|GCTGGC	2	0.79	0.00021299254526091586	8.387051731869203e-05	0.18673759389690262	355.1749035919088	-2.55
GCCATA	GCCATA|TATGGC	3	3.02	0.0003194888178913738	0.0003218732944638444	0.5818075022700467	1106.597869317629	-3.044
GCCCAA	GCCCAA|TTGGGC	4	1.42	0.0004259850905218317	0.00015159235054893567	0.05640550404194797	107.28326868778504	-2.031
GCCCAC	GCCCAC|GTGGGC	1	1.12	0.00010649627263045793	0.00011943639740219167	0.6742117900952238	1282.3508247611157	-3.108
GCCCCA	GCCCCA|TGGGGC	2	0.85	0.00021299254526091586	9.005125200958901e-05	0.20767766742590218	395.00292344406597	-2.597
GCCCGA	GCCCGA|TCGGGC	2	0.39	0.00021299254526091586	4.2055069507813936e-05	0.06018896605639622	114.4794134392656	-2.059
GCCCGC	GCCCGC|GCGGGC	2	0.43	0.00021299254526091586	4.544660737134732e-05	0.06886310176226708	130.977619551832	-2.117
GCCGAA	GCCGAA|TTCGGC	1	0.86	0.00010649627263045793	9.135755124409745e-05	0.5759260405013934	1095.4113290336502	-3.04
GCCGTA	GCCGTA|TACGGC	3	1.02	0.0003194888178913738	0.00010821969591344682	0.08330203871583072	158.44047763751004	-2.2
GCCTAA	GCCTAA|TTAGGC	2	1.24	0.00021299254526091586	0.00013255627105892656	0.3534663257786655	672.2929516310218	-2.828
GCCTAC	GCCTAC|GTAGGC	1	0.83	0.00010649627263045793	8.83708473726177e-05	0.5638644793839823	1072.4702397883343	-3.03
GCCTCA	GCCTCA|TGAGGC	2	1.53	0.00021299254526091586	0.00016266058813229543	0.4512973323483792	858.3675261266172	-2.934
GCCTTA	GCCTTA|TAAGGC	4	1.29	0.0004259850905218317	0.00013690697786043743	0.041667722991085065	79.2520091290438	-1.899
GCGAAA	GCGAAA|TTTCGC	9	1.99	0.0009584664536741214	0.00021205776891962302	0.0002300036573673597	0.43746695631271815	0.359
GCGAAC	GCGAAC|GTTCGC	1	0.77	0.00010649627263045793	8.229107450612232e-05	0.5382414712646906	1023.7352783454414	-3.01
GCGACA	GCGACA|TGTCGC	3	0.86	0.0003194888178913738	9.156710562922489e-05	0.05640426167459886	107.28090570508704	-2.031
GCGACC	GCGACC|GGTCGC	1	0.36	0.00010649627263045793	3.783054129282532e-05	0.2989869548238702	568.6731880750011	-2.755
GCGAGA	GCGAGA|TCTCGC	1	0.69	0.00010649627263045793	7.380800251194591e-05	0.4999549794868885	950.914370984062	-2.978
GCGAGC	GCGAGC|GCTCGC	2	0.44	0.00021299254526091586	4.635502596786844e-05	0.07125227770945172	135.5218322033772	-2.132
GCGATA	GCGATA|TATCGC	3	1.30	0.0003194888178913738	0.0001385693312691923	0.14315611729821767	272.28293510121	-2.435
GCGCAA	GCGCAA|TTGCGC	1	1.36	0.00010649627263045793	0.000144778708680997	0.7432036895085214	1413.5734174452077	-3.15
GCGCAC	GCGCAC|GTGCGC	3	1.07	0.0003194888178913738	0.00011406807350624	0.09383308187893047	178.47052173372575	-2.252
GCGCCA	GCGCCA|TGGCGC	4	1.05	0.0004259850905218317	0.00011225746916487112	0.02248602530391468	42.768420128045726	-1.631
GCGCCC	GCGCCC|GGGCGC	1	0.48	0.00010649627263045793	5.160222372901329e-05	0.38402252385416064	730.4108403706135	-2.864
GCGCGA	GCGCGA|TCGCGC	2	0.52	0.00021299254526091586	5.565261055348724e-05	0.09712670739584726	184.7349974669015	-2.267
GCGCGC	GCGCGC|GCGCGC	1	0.56	0.00010649627263045793	6.0140724307800725e-05	0.4314814867568363	820.6777878115026	-2.914
GCGCTA	GCGCTA|TAGCGC	3	1.09	0.0003194888178913738	0.00011576767887297452	0.09699133914867945	184.47752706078833	-2.266
GCGGAA	GCGGAA|TTCCGC	5	1.10	0.0005324813631522897	0.00011753896511576633	0.005510607716378641	10.481175876552175	-1.02
GCGGAC	GCGGAC|GTCCGC	1	0.49	0.00010649627263045793	5.1665479171765405e-05	0.38438828650136436	731.106520925595	-2.864
GCGGGA	GCGGGA|TCCCGC	3	0.55	0.0003194888178913738	5.81699514002585e-05	0.0181355626890195	34.49384023451508	-1.538
GCGGTA	GCGGTA|TACCGC	1	0.87	0.00010649627263045793	9.234154708340667e-05	0.5798263190506522	1102.8296588343405	-3.043
GCGTAA	GCGTAA|TTACGC	2	1.64	0.00021299254526091586	0.00017455198098542123	0.48758821600247304	927.3927868367037	-2.967
GCGTAC	GCGTAC|GTACGC	2	1.09	0.00021299254526091586	0.00011636798732361412	0.2982952169418676	567.3575026234322	-2.754
GCGTCA	GCGTCA|TGACGC	3	1.52	0.0003194888178913738	0.0001620052279534122	0.1965006703286174	373.7442749650303	-2.573
GCGTCC	GCGTCC|GGACGC	1	0.78	0.00010649627263045793	8.259090052526894e-05	0.5395396623751156	1026.2044378374699	-3.011
GCGTGA	GCGTGA|TCACGC	3	1.40	0.0003194888178913738	0.00014857422892050736	0.16532224676436427	314.44291334582084	-2.498
GCGTTA	GCGTTA|TAACGC	1	1.51	0.00010649627263045793	0.00016037989825512834	0.7781973473780803	1480.1313547131087	-3.17
GCTAAA	GCTAAA|TTTAGC	3	2.90	0.0003194888178913738	0.0003085365761703405	0.5533790548049512	1052.5269622390172	-3.022
GCTACA	GCTACA|TGTAGC	5	1.90	0.0005324813631522897	0.00020206081325692396	0.043866578919351515	83.43423310460658	-1.921
GCTACC	GCTACC|GGTAGC	3	0.78	0.0003194888178913738	8.348052378689819e-05	0.04513318381822875	85.84331562227108	-1.934
GCTAGA	GCTAGA|TCTAGC	3	1.33	0.0003194888178913738	0.00014151704234628823	0.14958097849112728	284.5030210901241	-2.454
GCTAGC	GCTAGC|GCTAGC	2	0.83	0.00021299254526091586	8.88796058638273e-05	0.2036879916426753	387.4145601043684	-2.588
GCTATA	GCTATA|TATAGC	5	3.97	0.0005324813631522897	0.0004231898362750459	0.3660353342611828	696.1992057647697	-2.843
GCTCAA	GCTCAA|TTGAGC	4	2.74	0.0004259850905218317	0.0002914796263544195	0.2940797603236856	559.33970413565	-2.748
GCTCAC	GCTCAC|GTGAGC	3	2.16	0.0003194888178913738	0.00022965061470348188	0.36557872345834896	695.3307320177797	-2.842
GCTCCC	GCTCCC|GGGAGC	2	0.83	0.00021299254526091586	8.827217838742606e-05	0.20162296524904386	383.4868799036814	-2.584
GCTCGA	GCTCGA|TCGAGC	3	0.88	0.0003194888178913738	9.420791234211464e-05	0.06034710735293808	114.78019818528823	-2.06
GCTCTA	GCTCTA|TAGAGC	4	2.08	0.0004259850905218317	0.00022171194416137984	0.1579447456319743	300.41090619201515	-2.478
GCTGAA	GCTGAA|TTCAGC	3	2.04	0.0003194888178913738	0.0002169016955559439	0.3332579616396284	633.8566430385732	-2.802
GCTGAC	GCTGAC|GTCAGC	4	0.90	0.0004259850905218317	9.53414046399753e-05	0.0132256607206284	25.155206690635215	-1.401
GCTGCA	GCTGCA|TGCAGC	2	1.23	0.00021299254526091586	0.00013060763901756562	0.3468949079196289	659.7941148631342	-2.819
GCTGCC	GCTGCC|GGCAGC	2	0.74	0.00021299254526091586	7.836458341053933e-05	0.16835533224197355	320.2118419242337	-2.505
GCTGGA	GCTGGA|TCCAGC	1	0.91	0.00010649627263045793	9.743916064650359e-05	0.5994648369582471	1140.182119894586	-3.057
GCTGTA	GCTGTA|TACAGC	2	1.43	0.00021299254526091586	0.0001517789868276579	0.41683712560445774	792.8242128996786	-2.899
GCTTAA	GCTTAA|TTAAGC	2	2.08	0.00021299254526091586	0.00022143215987577468	0.6150194925582744	1169.767074845838	-3.068
GCTTAC	GCTTAC|GTAAGC	2	1.39	0.00021299254526091586	0.00014762143991718307	0.40338168695682963	767.23196859189	-2.885
GCTTCA	GCTTCA|TGAAGC	6	2.39	0.0006389776357827476	0.00025433734435097513	0.034968376275799545	66.50985167657073	-1.823
GCTTCC	GCTTCC|GGAAGC	7	1.22	0.0007454739084132055	0.0001296621755514775	0.00027378758020852803	0.5207439775566203	0.283
GCTTGA	GCTTGA|TCAAGC	2	1.67	0.00021299254526091586	0.0001783682716573022	0.4989123647518344	948.9313177579891	-2.977
GCTTTA	GCTTTA|TAAAGC	7	3.27	0.0007454739084132055	0.0003480489257094047	0.04888783490031423	92.98466198039766	-1.968
GGAAAA	GGAAAA|TTTTCC	21	5.08	0.0022364217252396168	0.0005406787041688605	1.0394267688879116e-07	0.0001976989714424808	3.704
GGAAAC	GGAAAC|GTTTCC	4	1.97	0.0004259850905218317	0.0002098156165431398	0.13753410172645278	261.5898614837132	-2.418
GGAACA	GGAACA|TGTTCC	3	1.94	0.0003194888178913738	0.00020611258463552572	0.30584367889667585	581.7146772614775	-2.765
GGAAGA	GGAAGA|TCTTCC	3	2.05	0.0003194888178913738	0.00021878229788719367	0.33803522436526695	642.9429967427377	-2.808
GGAATA	GGAATA|TATTCC	7	3.13	0.0007454739084132055	0.0003332393625376999	0.04044317352401734	76.92291604268098	-1.886
GGACAA	GGACAA|TTGTCC	5	1.69	0.0005324813631522897	0.0001797397161755617	0.02884283304460914	54.859068450846586	-1.739
GGACAC	GGACAC|GTGTCC	1	1.33	0.00010649627263045793	0.00014161310971407882	0.7354558439992376	1398.8370152865498	-3.146
GGACCA	GGACCA|TGGTCC	1	0.90	0.00010649627263045793	9.596357485654853e-05	0.5938764957191173	1129.5530948577612	-3.053
GGACCC	GGACCC|GGGTCC	3	0.41	0.0003194888178913738	4.4112288442123065e-05	0.008710344723672553	16.567075664425197	-1.219
GGACGA	GGACGA|TCGTCC	2	0.49	0.00021299254526091586	5.200970796382643e-05	0.0866981306522266	164.899844500535	-2.217
GGACTA	GGACTA|TAGTCC	2	1.06	0.00021299254526091586	0.00011273526009864057	0.28578102763019186	543.5555145526249	-2.735
GGAGAA	GGAGAA|TTCTCC	8	1.76	0.0008519701810436634	0.00018695908775258035	0.00047781894081302197	0.9088116254263677	0.042
GGAGAC	GGAGAC|GTCTCC	1	0.77	0.00010649627263045793	8.217981879234298e-05	0.5377588241504917	1022.8172835342352	-3.01
GGAGCA	GGAGCA|TGCTCC	2	0.90	0.00021299254526091586	9.635801972826628e-05	0.22927514847316902	436.0813323959675	-2.64
GGAGCC	GGAGCC|GGCTCC	2	0.54	0.00021299254526091586	5.78148118369598e-05	0.10347543144103372	196.81027060084614	-2.294
GGAGGA	GGAGGA|TCCTCC	1	0.71	0.00010649627263045793	7.558065210244307e-05	0.5082094297034009	966.6143352958685	-2.985
GGAGTA	GGAGTA|TACTCC	1	1.26	0.00010649627263045793	0.0001338038511611543	0.7153281490909584	1360.554139571003	-3.134
GGATAA	GGATAA|TTATCC	4	2.31	0.0004259850905218317	0.0002455053341348091	0.20173034870994788	383.6911232463209	-2.584
GGATAC	GGATAC|GTATCC	2	1.54	0.00021299254526091586	0.00016367022275653935	0.45443589191379874	864.3370664200452	-2.937
GGATCA	GGATCA|TGATCC	1	1.17	0.00010649627263045793	0.0001244842844458779	0.6892937761082514	1311.0367621578941	-3.118
GGATGA	GGATGA|TCATCC	2	1.02	0.00021299254526091586	0.00010911244678738005	0.27327750025668224	519.7738054882096	-2.716
GGATTA	GGATTA|TAATCC	3	1.32	0.0003194888178913738	0.00014055396886554486	0.1474716924489852	280.49115903796985	-2.448
GGCAAA	GGCAAA|TTTGCC	7	2.24	0.0007454739084132055	0.00023870227773188803	0.008210166116593148	15.615735953760167	-1.194
GGCACA	GGCACA|TGTGCC	4	1.73	0.0004259850905218317	0.0001847492444744401	0.09846315153070846	187.2769142114075	-2.272
GGCACC	GGCACC|GGTGCC	3	0.72	0.0003194888178913738	7.632832635563717e-05	0.03620769130741451	68.8670288667024	-1.838
GGCATA	GGCATA|TATGCC	1	2.18	0.00010649627263045793	0.00023179079123129452	0.8865638924525213	1686.2445234446955	-3.227
GGCCAA	GGCCAA|TTGGCC	5	1.34	0.0005324813631522897	0.0001424907261680842	0.011944247344468665	22.717958449179402	-1.356
GGCCAC	GGCCAC|GTGGCC	1	1.05	0.00010649627263045793	0.00011226542061727838	0.6515192543770029	1239.1896218250595	-3.093
GGCCCA	GGCCCA|TGGGCC	3	0.79	0.0003194888178913738	8.464456316382097e-05	0.04667960746560451	88.78461339957978	-1.948
GGCCCC	GGCCCC|GGGGCC	1	0.37	0.00010649627263045793	3.8909194357562904e-05	0.30605136557930035	582.1096973318292	-2.765
GGCCGA	GGCCGA|TCGGCC	1	0.37	0.00010649627263045793	3.953007768214029e-05	0.3100853808677144	589.7823944103928	-2.771
GGCCTA	GGCCTA|TAGGCC	1	0.77	0.00010649627263045793	8.200358003714664e-05	0.5369932362858912	1021.3611354157651	-3.009
GGCGAA	GGCGAA|TTCGCC	1	0.86	0.00010649627263045793	9.11581404334306e-05	0.575131231895057	1093.8996030643984	-3.039
GGCGAC	GGCGAC|GTCGCC	1	0.38	0.00010649627263045793	4.0069512278431025e-05	0.3135711633775308	596.4123527440636	-2.776
GGCGCA	GGCGCA|TGCGCC	3	0.76	0.0003194888178913738	8.084003254352287e-05	0.041721926663585575	79.35510451413977	-1.9
GGCGCC	GGCGCC|GGCGCC	2	0.46	0.00021299254526091586	4.8504019526113746e-05	0.07700893721280004	146.47099857874568	-2.166
GGCGTA	GGCGTA|TACGCC	1	1.01	0.00010649627263045793	0.00010798347923514994	0.6372222423238227	1211.9967048999108	-3.084
GGCTAC	GGCTAC|GTAGCC	2	0.83	0.00021299254526091586	8.842125326722119e-05	0.2021295427299217	384.4503902723111	-2.585
GGCTCA	GGCTCA|TGAGCC	4	1.53	0.0004259850905218317	0.0001627533681916171	0.06923858612443073	131.69179080866726	-2.12
GGCTGA	GGCTGA|TCAGCC	2	0.88	0.00021299254526091586	9.385256892235707e-05	0.22067377990291595	419.72152937534617	-2.623
GGCTTA	GGCTTA|TAAGCC	1	1.29	0.00010649627263045793	0.00013698506830430766	0.7237060078915909	1376.4888270098058	-3.139
GGGAAA	GGGAAA|TTTCCC	7	2.50	0.0007454739084132055	0.0002658362209076379	0.014081883456879418	26.78374233498465	-1.428
GGGAAC	GGGAAC|GTTCCC	2	0.97	0.00021299254526091586	0.00010316032453132213	0.25271937308407005	480.67224760590125	-2.682
GGGACA	GGGACA|TGTCCC	2	1.08	0.00021299254526091586	0.00011478878347130964	0.2928588209675858	557.0174774803482	-2.746
GGGACC	GGGACC|GGTCCC	3	0.45	0.0003194888178913738	4.742447392241907e-05	0.010579356590774481	20.121936235653063	-1.304
GGGAGA	GGGAGA|TCTCCC	4	0.87	0.0004259850905218317	9.252592140566235e-05	0.011973995603971476	22.774539638753748	-1.357
GGGATA	GGGATA|TATCCC	2	1.63	0.00021299254526091586	0.00017371090691925095	0.48507094506327014	922.6049375103398	-2.965
GGGCAA	GGGCAA|TTGCCC	1	1.10	0.00010649627263045793	0.00011736306783496408	0.667807017706475	1270.1689476777153	-3.104
GGGCCA	GGGCCA|TGGCCC	1	0.85	0.00010649627263045793	9.100012763345936e-05	0.5745003691251217	1092.6997020759816	-3.039
GGGCCC	GGGCCC|GGGCCC	1	0.39	0.00010649627263045793	4.1830703831509504e-05	0.32482969010416723	617.8260705781261	-2.791
GGGCGA	GGGCGA|TCGCCC	1	0.42	0.00010649627263045793	4.5114099767067914e-05	0.3453283042150483	656.8144346170218	-2.817
GGGCTA	GGGCTA|TAGCCC	1	0.88	0.00010649627263045793	9.384563567701292e-05	0.5857188871370707	1114.0373233347084	-3.047
GGGGAA	GGGGAA|TTCCCC	3	1.23	0.0003194888178913738	0.00013070404993125758	0.12648878824800658	240.58167524770852	-2.381
GGGGAC	GGGGAC|GTCCCC	1	0.54	0.00010649627263045793	5.7452329640113205e-05	0.416947109408688	793.0334020953246	-2.899
GGGGGA	GGGGGA|TCCCCC	1	0.61	0.00010649627263045793	6.468534264215995e-05	0.45523205686653345	865.8513721601466	-2.937
GGGGTA	GGGGTA|TACCCC	3	0.96	0.0003194888178913738	0.00010268436657436763	0.07383672014831559	140.43744172209625	-2.147
GGGTAA	GGGTAA|TTACCC	6	1.36	0.0006389776357827476	0.0001451236434910788	0.00280839729868218	5.341571662093506	-0.728
GGGTAC	GGGTAC|GTACCC	1	0.91	0.00010649627263045793	9.674909566071918e-05	0.5968610584153194	1135.2297331059376	-3.055
GGGTCA	GGGTCA|TGACCC	2	1.26	0.00021299254526091586	0.00013469219204774072	0.3606421911699874	685.9414476053161	-2.836
GGGTGA	GGGTGA|TCACCC	2	1.16	0.00021299254526091586	0.00012352557277263152	0.3228353495590033	614.0328348612243	-2.788
GGGTTA	GGGTTA|TAACCC	2	1.25	0.00021299254526091586	0.0001333408824472561	0.3561057016902327	677.3130446148226	-2.831
GGTAAA	GGTAAA|TTTACC	7	2.77	0.0007454739084132055	0.0002951639292761468	0.023273000079621596	44.26524615144027	-1.646
GGTAAC	GGTAAC|GTTACC	3	1.08	0.0003194888178913738	0.00011454122628626586	0.09470798180121076	180.13458138590286	-2.256
GGTACC	GGTACC|GGTACC	1	0.75	0.00010649627263045793	7.986229614918631e-05	0.5275894966275788	1003.4752225856549	-3.002
GGTAGA	GGTAGA|TCTACC	3	1.27	0.0003194888178913738	0.00013538338564892877	0.13631875265772736	259.27826755499746	-2.414
GGTATA	GGTATA|TATACC	9	3.80	0.0009584664536741214	0.0004048478674881963	0.01602122750223612	30.4723747092531	-1.484
GGTCAA	GGTCAA|TTGACC	1	1.98	0.00010649627263045793	0.00021090506962098877	0.8619857866365238	1639.4969661826683	-3.215
GGTCAC	GGTCAC|GTGACC	7	1.56	0.0007454739084132055	0.00016616763061047592	0.0011589920065840664	2.2044027965228943	-0.343
GGTCCA	GGTCCA|TGGACC	1	1.30	0.00010649627263045793	0.00013894710060384234	0.7287497017720195	1386.081932770381	-3.142
GGTCGA	GGTCGA|TCGACC	1	0.64	0.00010649627263045793	6.816574647039793e-05	0.4727478381302052	899.1663881236503	-2.954
GGTCTA	GGTCTA|TAGACC	1	1.51	0.00010649627263045793	0.0001604234697429706	0.7782880763267187	1480.303921173419	-3.17
GGTGAA	GGTGAA|TTCACC	6	2.34	0.0006389776357827476	0.0002495973890217629	0.032387357370336836	61.60075371838066	-1.79
GGTGAC	GGTGAC|GTCACC	3	1.03	0.0003194888178913738	0.00010971313803154408	0.08594061205550489	163.45904412957032	-2.213
GGTGCA	GGTGCA|TGCACC	3	1.41	0.0003194888178913738	0.0001502953935031514	0.1692332652679106	321.88167053956596	-2.508
GGTGGA	GGTGGA|TCCACC	4	1.05	0.0004259850905218317	0.00011212710911965452	0.022402844773052568	42.610210758345985	-1.63
GGTGTA	GGTGTA|TACACC	2	1.64	0.00021299254526091586	0.0001746581036328549	0.4879052839035046	927.9958499844658	-2.968
GGTTAA	GGTTAA|TTAACC	5	1.77	0.0005324813631522897	0.00018845044608661854	0.034245927770219925	65.1357546189583	-1.814
GGTTAC	GGTTAC|GTAACC	3	1.18	0.0003194888178913738	0.00012563363072441234	0.11614067610855451	220.89956595847067	-2.344
GGTTCA	GGTTCA|TGAACC	3	2.03	0.0003194888178913738	0.0002164544934498959	0.3321216910754527	631.695456425511	-2.801
GGTTGA	GGTTGA|TCAACC	3	1.43	0.0003194888178913738	0.00015180080608153437	0.1726757491220493	328.4292748301378	-2.516
GGTTTA	GGTTTA|TAAACC	6	2.78	0.0006389776357827476	0.0002962079914078524	0.06349939677914083	120.77585267392587	-2.082
GTAAAA	GTAAAA|TTTTAC	11	6.12	0.0011714589989350373	0.0006515502152048884	0.04769073940068287	90.70778634009882	-1.958
GTAAAC	GTAAAC|GTTTAC	7	2.37	0.0007454739084132055	0.00025284038201980733	0.010984125740906975	20.89180715920507	-1.32
GTAACA	GTAACA|TGTTAC	7	2.33	0.0007454739084132055	0.0002483780068278245	0.010044562533091684	19.10475793794038	-1.281
GTAAGA	GTAAGA|TCTTAC	6	2.48	0.0006389776357827476	0.0002636457699782118	0.04041314905635201	76.86580950518152	-1.886
GTAATA	GTAATA|TATTAC	11	3.77	0.0011714589989350373	0.00040157338674905255	0.0018184441187625423	3.4586807138863556	-0.539
GTACAA	GTACAA|TTGTAC	8	3.08	0.0008519701810436634	0.00032850563364588965	0.01383909403098121	26.321956846926263	-1.42
GTACAC	GTACAC|GTGTAC	3	2.43	0.0003194888178913738	0.00025882262044827655	0.43819883466309495	833.4541835292066	-2.921
GTACCA	GTACCA|TGGTAC	3	1.65	0.0003194888178913738	0.00017539014546113696	0.2288331628266607	435.24067569630864	-2.639
GTACGA	GTACGA|TCGTAC	3	0.89	0.0003194888178913738	9.505679898651964e-05	0.061641248186978574	117.24165405163325	-2.069
GTACTA	GTACTA|TAGTAC	5	1.93	0.0005324813631522897	0.00020604332109195515	0.04695765894070331	89.3134673052177	-1.951
GTAGAA	GTAGAA|TTCTAC	7	2.79	0.0007454739084132055	0.0002968985194883635	0.023920632521547944	45.49704305598419	-1.658
GTAGCA	GTAGCA|TGCTAC	6	1.44	0.0006389776357827476	0.00015302039468663344	0.0036282314608494294	6.900896238535615	-0.839
GTAGGA	GTAGGA|TCCTAC	1	1.13	0.00010649627263045793	0.00012002510271593194	0.676007760132412	1285.7667597718478	-3.109
GTAGTA	GTAGTA|TACTAC	5	2.00	0.0005324813631522897	0.00021248587479289182	0.05222478780136687	99.33154639819979	-1.997
GTATAA	GTATAA|TTATAC	13	5.83	0.0013844515441959531	0.0006209908491292262	0.007079638904370867	13.46547319611339	-1.129
GTATAC	GTATAC|GTATAC	3	3.89	0.0003194888178913738	0.00041399389941948407	0.7449297186758432	1416.8563249214537	-3.151
GTATCA	GTATCA|TGATAC	4	2.96	0.0004259850905218317	0.00031487544567500834	0.3430637366490691	652.5072271065294	-2.815
GTATGA	GTATGA|TCATAC	3	2.59	0.0003194888178913738	0.0002759933148493476	0.47945388254870486	911.9212846076366	-2.96
GTATTA	GTATTA|TAATAC	5	3.34	0.0005324813631522897	0.00035552273754821894	0.24442843431231073	464.902882062015	-2.667
GTCAAA	GTCAAA|TTTGAC	9	4.37	0.0009584664536741214	0.00046555567896236906	0.03460076777874165	65.81066031516663	-1.818
GTCAAC	GTCAAC|GTTGAC	3	1.70	0.0003194888178913738	0.00018066339780629237	0.2418345073776537	459.9692330322973	-2.663
GTCACA	GTCACA|TGTGAC	3	3.38	0.0003194888178913738	0.00036032777217857495	0.6570621763327984	1249.7322593849826	-3.097
GTCAGA	GTCAGA|TCTGAC	2	1.76	0.00021299254526091586	0.00018756087212226986	0.525518408202278	999.5360124007328	-3.0
GTCATA	GTCATA|TATGAC	7	4.24	0.0007454739084132055	0.0004520757833325621	0.13772880757875067	261.9601920147838	-2.418
GTCCAA	GTCCAA|TTGGAC	5	2.22	0.0005324813631522897	0.00023613131558489415	0.0743775971040153	141.4661896918371	-2.151
GTCCAC	GTCCAC|GTGGAC	2	1.75	0.00021299254526091586	0.00018604285470324983	0.5211912186026179	991.3056977821792	-2.996
GTCCGA	GTCCGA|TCGGAC	1	0.62	0.00010649627263045793	6.55080474307218e-05	0.45942428333346175	873.8249869002442	-2.941
GTCCTA	GTCCTA|TAGGAC	3	1.28	0.0003194888178913738	0.0001358938490775955	0.13740658019302823	261.3473155271397	-2.417
GTCGAA	GTCGAA|TTCGAC	1	1.40	0.00010649627263045793	0.00014948886903568467	0.7543138769382276	1434.7049939365088	-3.157
GTCGCA	GTCGCA|TGCGAC	3	1.24	0.0003194888178913738	0.00013256835846233814	0.13037399712619416	247.9713425340213	-2.394
GTCGGA	GTCGGA|TCCGAC	1	0.78	0.00010649627263045793	8.340238675326072e-05	0.5430349699129824	1032.8525127744924	-3.014
GTCGTA	GTCGTA|TACGAC	4	1.66	0.0004259850905218317	0.00017708049010926286	0.08770244343920083	166.81004742136	-2.222
GTCTAA	GTCTAA|TTAGAC	4	2.31	0.0004259850905218317	0.00024607146213719054	0.20281372262170094	385.75170042647517	-2.586
GTCTCA	GTCTCA|TGAGAC	2	2.84	0.00021299254526091586	0.000301955753839938	0.774875128251489	1473.812493934332	-3.168
GTCTGA	GTCTGA|TCAGAC	1	1.64	0.00010649627263045793	0.00017412434233250276	0.8050530043412933	1531.2108142571399	-3.185
GTCTTA	GTCTTA|TAAGAC	3	2.39	0.0003194888178913738	0.0002541479173318458	0.42674683667699714	811.6724833596486	-2.909
GTGAAA	GTGAAA|TTTCAC	13	5.17	0.0013844515441959531	0.000550965807138177	0.0026918996087126144	5.119993055771393	-0.709
GTGAAC	GTGAAC|GTTCAC	5	2.01	0.0005324813631522897	0.00021380762665063575	0.05334619591386332	101.46446462816803	-2.006
GTGACA	GTGACA|TGTCAC	3	2.23	0.0003194888178913738	0.00023790849313063802	0.3863778505239213	734.8906716964983	-2.866
GTGAGA	GTGAGA|TCTCAC	1	1.80	0.00010649627263045793	0.00019176701652776743	0.8348155061502671	1587.819092697808	-3.201
GTGATA	GTGATA|TATCAC	7	3.38	0.0007454739084132055	0.000360029079982757	0.05647954733820428	107.42409903726454	-2.031
GTGCAA	GTGCAA|TTGCAC	6	2.40	0.0006389776357827476	0.0002554169812829264	0.03557420485135584	67.66213762727881	-1.83
GTGCAC	GTGCAC|GTGCAC	4	1.89	0.0004259850905218317	0.000201237621616851	0.12352855885452109	234.95131894129912	-2.371
GTGCCA	GTGCCA|TGGCAC	6	1.86	0.0006389776357827476	0.00019804337365467877	0.012013787509043382	22.850223842200514	-1.359
GTGCGA	GTGCGA|TCGCAC	1	0.92	0.00010649627263045793	9.818171413178096e-05	0.6022478855288029	1145.4754782757832	-3.059
GTGCTA	GTGCTA|TAGCAC	1	1.92	0.00010649627263045793	0.00020423604642736716	0.8530666910783796	1622.532846431078	-3.21
GTGGAA	GTGGAA|TTCCAC	7	2.31	0.0007454739084132055	0.0002458970318445353	0.009548242447451857	18.160757135053434	-1.259
GTGGCA	GTGGCA|TGCCAC	6	1.32	0.0006389776357827476	0.00014101038453323707	0.002440784839014272	4.642372763805146	-0.667
GTGGGA	GTGGGA|TCCCAC	1	1.14	0.00010649627263045793	0.00012169426860085365	0.6810462535491454	1295.3499742504746	-3.112
GTGGTA	GTGGTA|TACCAC	7	1.81	0.0007454739084132055	0.00019318285065193498	0.002680463139479745	5.098240891290475	-0.707
GTGTAA	GTGTAA|TTACAC	6	2.52	0.0006389776357827476	0.00026790578089294057	0.04307366334692777	81.92610768585662	-1.913
GTGTCA	GTGTCA|TGACAC	4	2.33	0.0004259850905218317	0.00024864877991400585	0.20776733872525097	395.1734782554273	-2.597
GTGTGA	GTGTGA|TCACAC	3	2.14	0.0003194888178913738	0.00022803462094675114	0.3614931546381037	687.5599801216732	-2.837
GTGTTA	GTGTTA|TAACAC	4	2.31	0.0004259850905218317	0.0002461541922297584	0.202972183866847	386.053093714743	-2.587
GTTAAA	GTTAAA|TTTAAC	9	3.91	0.0009584664536741214	0.00041598893538349505	0.018698158440192895	35.56389735324689	-1.551
GTTAAC	GTTAAC|GTTAAC	1	1.52	0.00010649627263045793	0.00016142854208911738	0.780370668456359	1484.265011403995	-3.172
GTTACA	GTTACA|TGTAAC	7	2.56	0.0007454739084132055	0.00027243143627504605	0.01587206339737448	30.18866458180626	-1.48
GTTAGA	GTTAGA|TCTAAC	5	1.79	0.0005324813631522897	0.00019080241478972026	0.035804923607874545	68.10096470217738	-1.833
GTTATA	GTTATA|TATAAC	6	5.36	0.0006389776357827476	0.0005705718642576122	0.44654123070846846	849.321420807507	-2.929
GTTCAA	GTTCAA|TTGAAC	5	3.45	0.0005324813631522897	0.000367849952107402	0.26591998177351456	505.7798053332247	-2.704
GTTCCA	GTTCCA|TGGAAC	2	2.28	0.00021299254526091586	0.00024234450311904336	0.6634838987623494	1261.9463754459885	-3.101
GTTCGA	GTTCGA|TCGAAC	5	1.12	0.0005324813631522897	0.00011889124628233133	0.005775336854046026	10.98469069639554	-1.041
GTTCTA	GTTCTA|TAGAAC	4	2.63	0.0004259850905218317	0.0002798024996170233	0.2699601705885229	513.4642444593705	-2.711
GTTGAA	GTTGAA|TTCAAC	8	3.13	0.0008519701810436634	0.0003329022565562076	0.014861200552336012	28.266003450543096	-1.451
GTTGCA	GTTGCA|TGCAAC	1	1.88	0.00010649627263045793	0.0002004575281948953	0.8477598681229295	1612.439269169812	-3.207
GTTGGA	GTTGGA|TCCAAC	6	1.40	0.0006389776357827476	0.00014955031297944572	0.0032486846725894563	6.178998247265146	-0.791
GTTGTA	GTTGTA|TACAAC	11	2.19	0.0011714589989350373	0.00023295146256572283	1.879098328959994e-05	0.03574045021681909	1.447
GTTTAA	GTTTAA|TTAAAC	9	4.27	0.0009584664536741214	0.0004543495640583756	0.0303935896923984	57.80860759494176	-1.762
GTTTCA	GTTTCA|TGAAAC	6	4.90	0.0006389776357827476	0.0005218666592714426	0.3665559975232791	697.1895072892769	-2.843
GTTTGA	GTTTGA|TCAAAC	4	3.44	0.0004259850905218317	0.00036598814966537035	0.4496329233894276	855.2018202866914	-2.932
GTTTTA	GTTTTA|TAAAAC	9	6.71	0.0009584664536741214	0.0007141504547296542	0.23344482204511097	444.01205152980106	-2.647
TAAAAA	TAAAAA|TTTTTA	20	14.59	0.002129925452609159	0.0015540016159191316	0.10328347188875175	196.44516353240584	-2.293
TAAACA	TAAACA|TGTTTA	7	5.56	0.0007454739084132055	0.0005924022661059762	0.3238353772110207	615.9348874553614	-2.79
TAAAGA	TAAAGA|TCTTTA	14	5.90	0.001490947816826411	0.0006288171548643375	0.0031593341022847225	6.009053462545542	-0.779
TAAATA	TAAATA|TATTTA	18	8.99	0.0019169329073482429	0.0009577860268558214	0.0052827059705938114	10.047706756069429	-1.002
TAACAA	TAACAA|TTGTTA	10	4.28	0.0010649627263045794	0.00045607492946041727	0.012580832242255122	23.928742924769242	-1.379
TAACCA	TAACCA|TGGTTA	6	2.29	0.0006389776357827476	0.0002434997760357016	0.029253510074256542	55.64017616123594	-1.745
TAACGA	TAACGA|TCGTTA	3	1.24	0.0003194888178913738	0.00013197040918708303	0.12912330222260562	245.5925208273959	-2.39
TAACTA	TAACTA|TAGTTA	9	2.69	0.0009584664536741214	0.0002860565649662466	0.0018489473670751135	3.516697892176866	-0.546
TAAGAA	TAAGAA|TTCTTA	12	5.87	0.0012779552715654952	0.0006247157180634323	0.017239719598815536	32.789946676947146	-1.516
TAAGCA	TAAGCA|TGCTTA	6	3.02	0.0006389776357827476	0.0003219761617866764	0.08629099050713969	164.12546394457968	-2.215
TAAGTA	TAAGTA|TACTTA	7	4.20	0.0007454739084132055	0.00044709979045476735	0.13233796285737134	251.7068053547203	-2.401
TAATAA	TAATAA|TTATTA	18	6.25	0.0019169329073482429	0.0006655447039127649	9.402931672803206e-05	0.17884376041671698	0.748
TAATCA	TAATCA|TGATTA	8	3.17	0.0008519701810436634	0.00033746662379168776	0.015979086393719963	30.39222232085537	-1.483
TAATGA	TAATGA|TCATTA	7	2.78	0.0007454739084132055	0.0002957948402474563	0.023507145590709776	44.71059091353	-1.65
TAATTA	TAATTA|TAATTA	5	3.58	0.0005324813631522897	0.00038103021232531226	0.2893358097063311	550.3167100614418	-2.741
TACAAA	TACAAA|TTTGTA	10	7.36	0.0010649627263045794	0.0007835133403550768	0.2074891406605918	394.6443455364456	-2.596
TACACA	TACACA|TGTGTA	7	5.69	0.0007454739084132055	0.0006064185857029541	0.34472052653018764	655.658441460417	-2.817
TACAGA	TACAGA|TCTGTA	5	2.96	0.0005324813631522897	0.0003156581523481095	0.17872934341966676	339.9432111842062	-2.531
TACATA	TACATA|TATGTA	14	7.14	0.001490947816826411	0.0007608271643941525	0.014986603442587265	28.504519747800977	-1.455
TACCAA	TACCAA|TTGGTA	7	3.02	0.0007454739084132055	0.0003220536682810653	0.03473725106998818	66.07025153511752	-1.82
TACCCA	TACCCA|TGGGTA	2	1.80	0.00021299254526091586	0.00019131134214868476	0.5360951435350862	1019.652963003734	-3.008
TACCGA	TACCGA|TCGGTA	2	0.84	0.00021299254526091586	8.934480767507144e-05	0.20527108846306424	390.4256102567482	-2.592
TACCTA	TACCTA|TAGGTA	4	1.74	0.0004259850905218317	0.00018534226383259454	0.09931978661252693	188.90623413702622	-2.276
TACGAA	TACGAA|TTCGTA	4	2.12	0.0004259850905218317	0.00022523963286261934	0.1642014127862025	312.3110871193572	-2.495
TACGCA	TACGCA|TGCGTA	2	1.88	0.00021299254526091586	0.00019974496149361678	0.5592784619675457	1063.747634662272	-3.027
TACGGA	TACGGA|TCCGTA	2	1.18	0.00021299254526091586	0.00012566502839543402	0.330130397899597	627.9080168050334	-2.798
TACGTA	TACGTA|TACGTA	5	2.51	0.0005324813631522897	0.00026681280577366557	0.1095408791087485	208.34675206483965	-2.319
TACTAA	TACTAA|TTAGTA	7	3.21	0.0007454739084132055	0.0003414843853062474	0.04501769990780401	85.62366522464322	-1.933
TACTCA	TACTCA|TGAGTA	6	3.93	0.0006389776357827476	0.0004190375189961186	0.20475833585220235	389.45035479088887	-2.59
TACTGA	TACTGA|TCAGTA	3	2.27	0.0003194888178913738	0.00024164014588216903	0.3957245684530188	752.6681291976417	-2.877
TAGAAA	TAGAAA|TTTCTA	17	6.65	0.001810436634717785	0.000708127736407589	0.0005518117687784286	1.0495459842165713	-0.021
TAGACA	TAGACA|TGTCTA	2	2.87	0.00021299254526091586	0.0003057714299691352	0.7807693289967301	1485.0232637517806	-3.172
TAGAGA	TAGAGA|TCTCTA	5	2.31	0.0005324813631522897	0.0002464681865409997	0.08543552867778753	162.49837554515187	-2.211
TAGATA	TAGATA|TATCTA	12	4.35	0.0012779552715654952	0.00046272667767413437	0.0018133172962907795	3.4489294975450626	-0.538
TAGCAA	TAGCAA|TTGCTA	8	2.64	0.0008519701810436634	0.000280978040705066	0.005803045122575162	11.037391823137959	-1.043
TAGCCA	TAGCCA|TGGCTA	5	2.05	0.0005324813631522897	0.00021786272324029153	0.05687335348068724	108.17311832026714	-2.034
TAGCGA	TAGCGA|TCGCTA	5	1.01	0.0005324813631522897	0.00010800732798284299	0.003882002660105578	7.383569059520809	-0.868
TAGCTA	TAGCTA|TAGCTA	2	2.11	0.00021299254526091586	0.00022467513271149338	0.6228730457950389	1184.7045331021639	-3.074
TAGGAA	TAGGAA|TTCCTA	1	2.67	0.00010649627263045793	0.00028440269773726066	0.9307852529741637	1770.3535511568593	-3.248
TAGGCA	TAGGCA|TGCCTA	1	1.53	0.00010649627263045793	0.00016309157320604058	0.7837737298074071	1490.7376340936883	-3.173
TAGGGA	TAGGGA|TCCCTA	3	1.32	0.0003194888178913738	0.00014075069564535188	0.14790176362085308	281.30915440686255	-2.449
TAGTAA	TAGTAA|TTACTA	8	3.31	0.0008519701810436634	0.0003521619043770309	0.019989991659529305	38.02096413642474	-1.58
TAGTCA	TAGTCA|TGACTA	14	3.07	0.001490947816826411	0.0003268485941724929	4.391385130934742e-06	0.00835241451903788	2.078
TAGTGA	TAGTGA|TCACTA	2	2.81	0.00021299254526091586	0.0002997513010314376	0.7714069524716242	1467.216023601029	-3.166
TATAAA	TATAAA|TTTATA	25	13.91	0.0026624068157614484	0.001481114978550574	0.00463505974719458	8.815883639164092	-0.945
TATACA	TATACA|TGTATA	13	9.11	0.0013844515441959531	0.0009699832052576907	0.13223677802469935	251.51435180297818	-2.401
TATAGA	TATAGA|TCTATA	14	6.38	0.001490947816826411	0.0006793457480501226	0.0060840642865213545	11.571890272963616	-1.063
TATATA	TATATA|TATATA	64	19.08	0.006815761448349307	0.0020315024333817993	5.161112161114053e-16	9.816435330438929e-13	12.008
TATCAA	TATCAA|TTGATA	10	5.43	0.0010649627263045794	0.0005781783923187491	0.05018255232719524	95.44721452632535	-1.98
TATCCA	TATCCA|TGGATA	6	3.58	0.0006389776357827476	0.00038091171250103603	0.15269644103130842	290.4286308415486	-2.463
TATCGA	TATCGA|TCGATA	6	1.75	0.0006389776357827476	0.00018687062277017896	0.00924612549390549	17.586130689408243	-1.245
TATGAA	TATGAA|TTCATA	5	6.14	0.0005324813631522897	0.0006539735565682173	0.7333494149298283	1394.8305871965335	-3.145
TATGCA	TATGCA|TGCATA	6	3.70	0.0006389776357827476	0.00039379103046829363	0.16958292175780232	322.54671718334004	-2.509
TATGGA	TATGGA|TCCATA	6	2.76	0.0006389776357827476	0.00029378578288052296	0.061562501083211436	117.09187706026815	-2.069
TATTAA	TATTAA|TTAATA	9	5.53	0.0009584664536741214	0.0005892229985939015	0.10844816702743293	206.26841368617744	-2.314
TATTCA	TATTCA|TGAATA	9	6.35	0.0009584664536741214	0.0006767825088142787	0.19149367126045772	364.22096273739055	-2.561
TATTGA	TATTGA|TCAATA	10	4.46	0.0010649627263045794	0.00047463154375989723	0.016113247613097164	30.647396960110807	-1.486
TCAAAA	TCAAAA|TTTTGA	13	9.67	0.0013844515441959531	0.0010297997355405517	0.1782257226831766	338.9853245434019	-2.53
TCAACA	TCAACA|TGTTGA	4	3.69	0.0004259850905218317	0.0003925708253583338	0.5029710557804854	956.6509480944833	-2.981
TCAAGA	TCAAGA|TCTTGA	8	3.91	0.0008519701810436634	0.0004167021019470774	0.046112423152555856	87.70582883616125	-1.943
TCACAA	TCACAA|TTGTGA	6	5.76	0.0006389776357827476	0.0006136183977908731	0.515355844694751	980.2068166094165	-2.991
TCACCA	TCACCA|TGGTGA	5	3.08	0.0005324813631522897	0.0003276127074343635	0.19771354335261565	376.05115945667495	-2.575
TCAGAA	TCAGAA|TTCTGA	6	3.87	0.0006389776357827476	0.00041217480638302157	0.19494431699240533	370.78409091955496	-2.569
TCAGCA	TCAGCA|TGCTGA	6	1.99	0.0006389776357827476	0.00021243336498041605	0.016374859082868117	31.14498197561516	-1.493
TCAGGA	TCAGGA|TCCTGA	4	1.56	0.0004259850905218317	0.0001666270467036818	0.0740140803946635	140.77478091064998	-2.149
TCATAA	TCATAA|TTATGA	11	6.52	0.0011714589989350373	0.0006948661021041073	0.06823089456626483	129.7751614650357	-2.113
TCATCA	TCATCA|TGATGA	8	3.31	0.0008519701810436634	0.00035233413486090813	0.020040862378728614	38.117720244341825	-1.581
TCATGA	TCATGA|TCATGA	8	2.90	0.0008519701810436634	0.00030882644915794776	0.00988225591244345	18.796050745467443	-1.274
TCCAAA	TCCAAA|TTTGGA	7	4.90	0.0007454739084132055	0.0005223176890122783	0.22399888347998684	426.04587637893496	-2.629
TCCACA	TCCACA|TGTGGA	3	3.80	0.0003194888178913738	0.0004042600654571087	0.7304569682012326	1389.3291535187445	-3.143
TCCAGA	TCCAGA|TCTGGA	2	1.98	0.00021299254526091586	0.00021042888252244924	0.5874391422977956	1117.3092486504072	-3.048
TCCCAA	TCCCAA|TTGGGA	5	2.24	0.0005324813631522897	0.00023887279480438336	0.07723012376257364	146.89169539641506	-2.167
TCCCCA	TCCCCA|TGGGGA	2	1.33	0.00021299254526091586	0.00014189894256056443	0.38462286350297104	731.5526863826509	-2.864
TCCCGA	TCCCGA|TCGGGA	2	0.62	0.00021299254526091586	6.626859437594921e-05	0.12928500122852113	245.90007233664718	-2.391
TCCGAA	TCCGAA|TTCGGA	2	1.35	0.00021299254526091586	0.00014395735347554742	0.3914010439406084	744.4447855750371	-2.872
TCCGCA	TCCGCA|TGCGGA	2	1.20	0.00021299254526091586	0.00012766295017109454	0.33692273994458616	640.8270513746029	-2.807
TCCTAA	TCCTAA|TTAGGA	1	1.96	0.00010649627263045793	0.00020887654833527813	0.8593317206164883	1634.4489326125608	-3.213
TCCTCA	TCCTCA|TGAGGA	3	2.41	0.0003194888178913738	0.0002563136540266472	0.43206300322059027	821.7838321255626	-2.915
TCGAAA	TCGAAA|TTTCGA	2	3.10	0.00021299254526091586	0.0003306663515356832	0.8159893721768076	1552.011785880288	-3.191
TCGACA	TCGACA|TGTCGA	4	1.34	0.0004259850905218317	0.0001427826053879437	0.04726799021577298	89.9037173904002	-1.954
TCGAGA	TCGAGA|TCTCGA	8	1.08	0.0008519701810436634	0.00011509044459489853	1.776493922695872e-05	0.033788914409675484	1.471
TCGCAA	TCGCAA|TTGCGA	7	2.12	0.0007454739084132055	0.00022575663048562237	0.006157117806593141	11.710838068140156	-1.069
TCGCCA	TCGCCA|TGGCGA	2	1.64	0.00021299254526091586	0.00017504554513844304	0.4890618149629391	930.1955720595101	-2.969
TCGCGA	TCGCGA|TCGCGA	2	0.81	0.00021299254526091586	8.678034188001396e-05	0.1965617896685825	373.86052394964395	-2.573
TCGGAA	TCGGAA|TTCCGA	3	1.72	0.0003194888178913738	0.0001832810981466186	0.2483328476590212	472.3290762474583	-2.674
TCGTAA	TCGTAA|TTACGA	5	2.56	0.0005324813631522897	0.0002721827500111652	0.11640010806571785	221.39300554099535	-2.345
TCGTCA	TCGTCA|TGACGA	5	2.37	0.0005324813631522897	0.0002526183215544731	0.09240062677379302	175.74599212375432	-2.245
TCTAAA	TCTAAA|TTTAGA	12	5.11	0.0012779552715654952	0.0005443050919231476	0.006431032585084152	12.231823976830057	-1.087
TCTACA	TCTACA|TGTAGA	5	3.35	0.0005324813631522897	0.00035646577433061106	0.24605646774721696	467.99940165520667	-2.67
TCTAGA	TCTAGA|TCTAGA	5	2.34	0.0005324813631522897	0.000249657423761848	0.0890118799027149	169.30059557496375	-2.229
TCTCAA	TCTCAA|TTGAGA	2	4.83	0.00021299254526091586	0.0005142140578139286	0.9533795257212679	1813.3278579218515	-3.258
TCTCCA	TCTCCA|TGGAGA	2	3.18	0.00021299254526091586	0.00033877114737630536	0.8263122295056218	1571.6458605196926	-3.196
TCTGAA	TCTGAA|TTCAGA	2	3.59	0.00021299254526091586	0.0003826473308392598	0.8736263530533471	1661.6373235074661	-3.221
TCTGCA	TCTGCA|TGCAGA	4	2.16	0.0004259850905218317	0.00023041158958759234	0.17353124826161312	330.05643419358813	-2.519
TCTTAA	TCTTAA|TTAAGA	2	3.67	0.00021299254526091586	0.00039063975374311184	0.8808477974212067	1675.3725106951351	-3.224
TCTTCA	TCTTCA|TGAAGA	4	4.21	0.0004259850905218317	0.0004486894659776636	0.6070351071699686	1154.5807738372803	-3.062
TGAAAA	TGAAAA|TTTTCA	25	9.42	0.0026624068157614484	0.0010031869932771624	1.820536103769042e-05	0.03462659669368717	1.461
TGAACA	TGAACA|TGTTCA	5	3.59	0.0005324813631522897	0.0003824257594442282	0.2918371913677868	555.0743379815304	-2.744
TGACAA	TGACAA|TTGTCA	7	3.13	0.0007454739084132055	0.0003334929673618857	0.040579173139545344	77.18158731141524	-1.888
TGACCA	TGACCA|TGGTCA	3	1.67	0.0003194888178913738	0.00017805289792660817	0.23538244806291375	447.697416215662	-2.651
TGAGAA	TGAGAA|TTCTCA	4	3.26	0.0004259850905218317	0.0003468879459505706	0.4102064171996609	780.212605513755	-2.892
TGAGCA	TGAGCA|TGCTCA	3	1.68	0.0003194888178913738	0.00017878475949581926	0.2371882912613081	451.132129979008	-2.654
TGATAA	TGATAA|TTATCA	11	4.28	0.0011714589989350373	0.0004555159211657901	0.00464421215215803	8.833291513404573	-0.946
TGATCA	TGATCA|TGATCA	3	2.17	0.0003194888178913738	0.00023097084102006248	0.36891321315763886	701.6729314258291	-2.846
TGCAAA	TGCAAA|TTTGCA	11	4.37	0.0011714589989350373	0.0004650578859259195	0.005389963051480447	10.25170972391581	-1.011
TGCACA	TGCACA|TGTGCA	5	3.38	0.0005324813631522897	0.00035994249354502964	0.2520825784272685	479.4610641686647	-2.681
TGCCAA	TGCCAA|TTGGCA	4	2.61	0.0004259850905218317	0.00027761124236195693	0.26547198629565905	504.9277179343435	-2.703
TGCGAA	TGCGAA|TTCGCA	3	1.67	0.0003194888178913738	0.00017760120463754573	0.2342691212744836	445.5798686640678	-2.649
TGCTAA	TGCTAA|TTAGCA	2	2.43	0.00021299254526091586	0.00025840349015162045	0.6972645826272775	1326.1972361570818	-3.123
TGGAAA	TGGAAA|TTTCCA	10	4.20	0.0010649627263045794	0.00044772416152865377	0.011196555559392118	21.295848673963807	-1.328
TGGACA	TGGACA|TGTCCA	5	1.82	0.0005324813631522897	0.00019332847742536377	0.03752723885694895	71.3768083059169	-1.854
TGGCAA	TGGCAA|TTGCCA	5	1.86	0.0005324813631522897	0.00019766411424836076	0.04059973268418568	77.22069156532116	-1.888
TGGCCA	TGGCCA|TGGCCA	1	1.44	0.00010649627263045793	0.00015326337285635275	0.7628691240631718	1450.9770739681526	-3.162
TGGGAA	TGGGAA|TTCCCA	6	2.07	0.0006389776357827476	0.00022013313672632876	0.01910687702439625	36.34128010040167	-1.56
TGGTAA	TGGTAA|TTACCA	5	2.30	0.0005324813631522897	0.00024441876798497503	0.08317803126286787	158.20461546197467	-2.199
TGTAAA	TGTAAA|TTTACA	10	4.58	0.0010649627263045794	0.0004877972304879479	0.019031544806887315	36.197998222699674	-1.559
TGTACA	TGTACA|TGTACA	6	3.00	0.0006389776357827476	0.00031945873750298306	0.08388946794995346	159.55776804081148	-2.203
TGTCAA	TGTCAA|TTGACA	9	3.27	0.0009584664536741214	0.00034854837821573934	0.006569456172119616	12.49510563937151	-1.097
TGTGAA	TGTGAA|TTCACA	10	3.87	0.0010649627263045794	0.00041249252712017697	0.006584189445342721	12.523128325041855	-1.098
TGTTAA	TGTTAA|TTAACA	8	2.92	0.0008519701810436634	0.0003114391582694643	0.010352260704003894	19.689999859015405	-1.294
TTAAAA	TTAAAA|TTTTAA	17	9.84	0.001810436634717785	0.0010479478985812895	0.023738004557442686	45.149684668255986	-1.655
TTACAA	TTACAA|TTGTAA	10	4.96	0.0010649627263045794	0.0005283657044654171	0.03044810344004493	57.91229274296546	-1.763
TTAGAA	TTAGAA|TTCTAA	10	4.48	0.0010649627263045794	0.0004775290872889764	0.016725013262504654	31.81097522528385	-1.503
TTATAA	TTATAA|TTATAA	9	9.38	0.0009584664536741214	0.0009987964706274271	0.5930963632618353	1128.0692829240108	-3.052
TTCAAA	TTCAAA|TTTGAA	11	8.70	0.0011714589989350373	0.0009266774943155727	0.2592605307311115	493.11352945057405	-2.693
TTCCAA	TTCCAA|TTGGAA	10	4.41	0.0010649627263045794	0.00047001376149755124	0.015172762084721753	28.858593485140776	-1.46
TTCGAA	TTCGAA|TTCGAA	2	2.79	0.00021299254526091586	0.0002975540345567438	0.7679037162622853	1460.5528683308667	-3.165
TTGAAA	TTGAAA|TTTCAA	17	7.87	0.001810436634717785	0.0008386382197147465	0.0031873242472452577	6.06229071826048	-0.783
TTGCAA	TTGCAA|TTGCAA	1	3.65	0.00010649627263045793	0.00038877629009436587	0.9740247044544894	1852.5949878724389	-3.268
TTTAAA	TTTAAA|TTTAAA	7	10.75	0.0007454739084132055	0.0011445849405522204	0.9104033886455961	1731.5872452039239	-3.238
;
;
; Job started	2026-05-30 09:15:59.179821
; Job done	2026-05-30 09:15:59.361551
; Job duration	0.182 seconds
