; Command	kmer-analysis -i data/seq/yeast_MET_upstream.fasta -k 6 -s both --background data/bg-models/yeast_all-upstream-noorf_mkv1.tsv --return occ,exp_occ,obs_freq,exp_freq,occ_P,occ_E,occ_sig --sort alpha -o results/kmer-analysis/markov-series/bg-from-file/yeast_MET_upstream_k6_str-both_mkv1_enriched.tsv
;
; Fasta URL	data/seq/yeast_MET_upstream.fasta
; Input file	data/seq/yeast_MET_upstream.fasta
; Input format	Fasta
; Output file	results/kmer-analysis/markov-series/bg-from-file/yeast_MET_upstream_k6_str-both_mkv1_enriched.tsv
; Strand mode	both
; Oligomer length	6
;
; Sequence type	DNA
; Nb of sequence	19
; Sum of sequence lengths	9485
; Sequences:
;	MET8	463
;	MET32	547
;	MET18	568
;	MET30	177
;	MET28	489
;	MET6	687
;	MET10	338
;	MET13	380
;	MET3	800
;	MET14	800
;	MET1	702
;	MET17	800
;	MET2	481
;	MET4	800
;	MET22	215
;	MET7	250
;	MET31	161
;	MET12	384
;	MET16	443
;
;
; column headers
; seq	 oligomer sequence
; id	 oligomer identifier
; exp_freq	 expected relative frequency
; obs_freq	 observed relative frequency
; occ	 observed occurrences
; exp_occ	 expected occurrences
; occ_P	 occurrence probability
; occ_E	 E-value for occurrence
; occ_sig	 occurrence significance
;
# seq	id	occ	exp_occ	obs_freq	exp_freq	occ_P	occ_E	occ_sig
AAAAAA	AAAAAA|TTTTTT	78	20.65	0.008306709265175719	0.00219956971348841	4.756607785330756e-22	9.047068007699098e-19	18.043
AAAAAC	AAAAAC|GTTTTT	10	9.14	0.0010649627263045794	0.0009738675898031116	0.4316384990388908	820.9764251719703	-2.914
AAAAAG	AAAAAG|CTTTTT	33	9.84	0.003514376996805112	0.0010477295071085243	5.026122596431398e-09	9.55968517841252e-06	5.02
AAAAAT	AAAAAT|ATTTTT	37	16.39	0.003940362087326944	0.0017450623742051835	8.31270471306377e-06	0.01581076436424729	1.801
AAAACA	AAAACA|TGTTTT	12	8.16	0.0012779552715654952	0.0008686274433909924	0.12354492446560446	234.98244633357967	-2.371
AAAACC	AAAACC|GGTTTT	3	4.69	0.0003194888178913738	0.0004999435268563674	0.847143144281955	1611.2662604242785	-3.207
AAAACG	AAAACG|CGTTTT	4	4.10	0.0004259850905218317	0.00043612319710443977	0.5849035001887084	1112.4864573589234	-3.046
AAAACT	AAAACT|AGTTTT	16	7.86	0.0017039403620873268	0.0008368493570120321	0.007026799467597103	13.364972587369689	-1.126
AAAAGA	AAAAGA|TCTTTT	25	8.42	0.0026624068157614484	0.000896255335820152	2.8073034518482558e-06	0.005339491165415383	2.273
AAAAGC	AAAAGC|GCTTTT	19	5.62	0.0020234291799787005	0.0005983656053427182	7.212494120617639e-06	0.01371816381741475	1.863
AAAAGG	AAAAGG|CCTTTT	20	5.01	0.002129925452609159	0.0005338825106610452	3.593723982766345e-07	0.0006835263015221588	3.165
AAAAGT	AAAAGT|ACTTTT	21	7.64	0.0022364217252396168	0.0008134134579016516	4.9825038812686854e-05	0.0947672238217304	1.023
AAAATA	AAAATA|TATTTT	35	12.40	0.003727369542066028	0.0013201451058285879	1.115657946289039e-07	0.0002121981413841752	3.673
AAAATC	AAAATC|GATTTT	6	7.88	0.0006389776357827476	0.0008394210579693147	0.7977296935879701	1517.281877204319	-3.181
AAAATG	AAAATG|CATTTT	19	7.61	0.0020234291799787005	0.0008104999873468236	0.00036121419275952395	0.6870293946286146	0.163
AAAATT	AAAATT|AATTTT	23	16.56	0.0024494142705005326	0.0017633332960714375	0.07737328448632012	147.16398709298088	-2.168
AAACAA	AAACAA|TTGTTT	13	8.16	0.0013844515441959531	0.0008686274433909915	0.07162092838251546	136.2230057835444	-2.134
AAACAC	AAACAC|GTGTTT	6	3.61	0.0006389776357827476	0.00038458799898204784	0.15743807728669346	299.44722299929094	-2.476
AAACAG	AAACAG|CTGTTT	9	3.89	0.0009584664536741214	0.00041375665319633284	0.018137521793226908	34.49756645071758	-1.538
AAACAT	AAACAT|ATGTTT	5	6.47	0.0005324813631522897	0.0006891389072000193	0.7730688515005024	1470.3769555539557	-3.167
AAACCA	AAACCA|TGGTTT	8	4.19	0.0008519701810436634	0.0004459175683841352	0.0630667840647426	119.95302329114043	-2.079
AAACCC	AAACCC|GGGTTT	2	2.41	0.00021299254526091586	0.00025665042420819714	0.6937184778422972	1319.4525448560494	-3.12
AAACCG	AAACCG|CGGTTT	3	2.10	0.0003194888178913738	0.00022388769437162292	0.3509911231044429	667.5851161446504	-2.825
AAACCT	AAACCT|AGGTTT	3	4.03	0.0003194888178913738	0.00042960400712858954	0.766833676894755	1458.517653453824	-3.164
AAACGA	AAACGA|TCGTTT	8	3.50	0.0008519701810436634	0.0003730712362568885	0.026860114415072946	51.08793761746874	-1.708
AAACGC	AAACGC|GCGTTT	3	2.34	0.0003194888178913738	0.00024907298980209855	0.4142221616848893	787.8505515246594	-2.896
AAACGG	AAACGG|CCGTTT	4	2.09	0.0004259850905218317	0.0002222315453062087	0.15886068710781262	302.1530268790596	-2.48
AAACGT	AAACGT|ACGTTT	5	3.18	0.0005324813631522897	0.0003385878467877307	0.2157176588203634	410.29498707633115	-2.613
AAACTA	AAACTA|TAGTTT	16	5.94	0.0017039403620873268	0.0006330791376316371	0.0004617392732216996	0.8782280976676727	0.056
AAACTC	AAACTC|GAGTTT	4	3.78	0.0004259850905218317	0.0004025466269902993	0.5223969149496913	993.5989322343129	-2.997
AAACTG	AAACTG|CAGTTT	13	3.65	0.0013844515441959531	0.0003886774497549847	0.00011426232203299056	0.21732693650674806	0.663
AAACTT	AAACTT|AAGTTT	10	7.94	0.0010649627263045794	0.0008456112267547995	0.2759952343487523	524.9429357313269	-2.72
AAAGAA	AAAGAA|TTCTTT	24	8.42	0.0025559105431309905	0.000896255335820152	8.491627320458387e-06	0.016151075163511854	1.792
AAAGAC	AAAGAC|GTCTTT	6	3.73	0.0006389776357827476	0.00039682035008523455	0.17366379047206282	330.3085294778635	-2.519
AAAGAG	AAAGAG|CTCTTT	12	4.01	0.0012779552715654952	0.0004269167535285672	0.0009321949945017234	1.773034879542278	-0.249
AAAGAT	AAAGAT|ATCTTT	13	6.68	0.0013844515441959531	0.0007110579194782224	0.019426912745092045	36.94998804116507	-1.568
AAAGCA	AAAGCA|TGCTTT	13	5.01	0.0013844515441959531	0.0005337037513354654	0.0020585886155775218	3.9154355468284465	-0.593
AAAGCC	AAAGCC|GGCTTT	6	2.88	0.0006389776357827476	0.00030717626730453494	0.07271354547344218	138.30116349048703	-2.141
AAAGCG	AAAGCG|CGCTTT	8	2.52	0.0008519701810436634	0.00026796365704310853	0.004409878803968889	8.387589485148826	-0.924
AAAGCT	AAAGCT|AGCTTT	7	4.83	0.0007454739084132055	0.0005141785981299623	0.21314265303832072	405.397326078886	-2.608
AAAGGA	AAAGGA|TCCTTT	15	4.29	0.001597444089456869	0.00045669712042524177	4.343697994531805e-05	0.08261713585599494	1.083
AAAGGC	AAAGGC|GCCTTT	5	2.86	0.0005324813631522897	0.0003049040133986577	0.1622735737146034	308.6443372051757	-2.489
AAAGGG	AAAGGG|CCCTTT	4	2.55	0.0004259850905218317	0.0002720459176303578	0.2541373266578632	483.3691953032558	-2.684
AAAGGT	AAAGGT|ACCTTT	11	3.89	0.0011714589989350373	0.0004144840974351165	0.0023127236307647968	4.398800345714643	-0.643
AAAGTA	AAAGTA|TACTTT	12	5.78	0.0012779552715654952	0.0006153498071683906	0.015539525581130401	29.556177655310023	-1.471
AAAGTC	AAAGTC|GACTTT	8	3.67	0.0008519701810436634	0.00039127334099405675	0.03404652796315282	64.75649618591666	-1.811
AAAGTG	AAAGTG|CACTTT	8	3.55	0.0008519701810436634	0.00037779256895462	0.02861266592646829	54.42129059214269	-1.736
AAAGTT	AAAGTT|AACTTT	12	7.72	0.0012779552715654952	0.000821929952185158	0.09264432283574975	176.209502033596	-2.246
AAATAA	AAATAA|TTATTT	30	12.40	0.003194888178913738	0.0013201451058285879	1.6131977972483315e-05	0.030683022103663266	1.513
AAATAC	AAATAC|GTATTT	10	5.49	0.0010649627263045794	0.0005844991065842093	0.053180444498666456	101.1492054364636	-2.005
AAATAG	AAATAG|CTATTT	12	5.90	0.0012779552715654952	0.0006288297991009801	0.01802918334673737	34.29150672549448	-1.535
AAATAT	AAATAT|ATATTT	28	9.83	0.002981895633652822	0.0010473573711009946	1.6533500556675038e-06	0.003144671805879592	2.502
AAATCA	AAATCA|TGATTT	9	7.03	0.0009584664536741214	0.0007487097580276392	0.2748787125506532	522.8193112713424	-2.718
AAATCC	AAATCC|GGATTT	6	4.05	0.0006389776357827476	0.00043092421252413426	0.22215961725285796	422.54759201493584	-2.626
AAATCG	AAATCG|CGATTT	2	3.53	0.00021299254526091586	0.00037591454870408204	0.8672319317326298	1649.4751341554618	-3.217
AAATCT	AAATCT|AGATTT	6	6.77	0.0006389776357827476	0.0007213187706205523	0.6693912233523398	1273.1821068161503	-3.105
AAATGA	AAATGA|TCATTT	19	6.51	0.0020234291799787005	0.0006933229745017709	5.1595945973958275e-05	0.09813548924246863	1.008
AAATGC	AAATGC|GCATTT	5	4.35	0.0005324813631522897	0.0004628821773832257	0.4385273462684224	834.0790126025394	-2.921
AAATGG	AAATGG|CCATTT	6	3.88	0.0006389776357827476	0.0004129995053109133	0.19611420738572727	373.00922244765326	-2.572
AAATGT	AAATGT|ACATTT	18	5.91	0.0019169329073482429	0.0006292383605349172	4.6991617248967594e-05	0.08937805600753636	1.049
AAATTA	AAATTA|TAATTT	15	12.53	0.001597444089456869	0.0013339671149654806	0.27749438978969054	527.7943293799914	-2.722
AAATTC	AAATTC|GAATTT	9	7.96	0.0009584664536741214	0.0008482098535961937	0.402524059739347	765.600761624238	-2.884
AAATTG	AAATTG|CAATTT	12	7.69	0.0012779552715654952	0.0008189859773952644	0.09087202425596808	172.83859013485127	-2.238
AAATTT	AAATTT|AAATTT	13	16.73	0.0013844515441959531	0.0017817955157335623	0.8508904815552747	1618.3936959181324	-3.209
AACAAA	AACAAA|TTTGTT	16	8.16	0.0017039403620873268	0.0008686274433909915	0.009742469769663035	18.530177501899093	-1.268
AACAAC	AACAAC|GTTGTT	3	3.61	0.0003194888178913738	0.00038458799898204784	0.6992455927550529	1329.9651174201106	-3.124
AACAAG	AACAAG|CTTGTT	10	3.89	0.0010649627263045794	0.00041375665319633284	0.0067186773193675334	12.778924261437048	-1.106
AACAAT	AACAAT|ATTGTT	7	6.47	0.0007454739084132055	0.0006891389072000193	0.4689066287489819	891.8604078805636	-2.95
AACACA	AACACA|TGTGTT	5	3.22	0.0005324813631522897	0.00034302783439191356	0.22314277938677035	424.41756639363723	-2.628
AACACC	AACACC|GGTGTT	3	1.85	0.0003194888178913738	0.0001974316453395785	0.283846985379192	539.8769661912232	-2.732
AACACG	AACACG|CGTGTT	5	1.62	0.0005324813631522897	0.00017222849331905533	0.024644244402293285	46.873352853161826	-1.671
AACACT	AACACT|AGTGTT	7	3.10	0.0007454739084132055	0.0003304784172227542	0.03898173961004965	74.14326873831443	-1.87
AACAGA	AACAGA|TCTGTT	9	3.32	0.0009584664536741214	0.0003539383072084182	0.007218985211237099	13.730509871772963	-1.138
AACAGC	AACAGC|GCTGTT	3	2.22	0.0003194888178913738	0.00023629930108359193	0.38233642337170853	727.2038772529896	-2.862
AACAGG	AACAGG|CCTGTT	3	1.98	0.0003194888178913738	0.0002108344179604065	0.3178386834272879	604.5291758787016	-2.781
AACAGT	AACAGT|ACTGTT	8	3.02	0.0008519701810436634	0.0003212233956596805	0.012260219934792503	23.31893831597534	-1.368
AACATA	AACATA|TATGTT	7	4.90	0.0007454739084132055	0.0005213357235958595	0.2226789322169233	423.53532907658814	-2.627
AACATC	AACATC|GATGTT	4	3.11	0.0004259850905218317	0.00033149400223194574	0.378006556822287	718.9684710759899	-2.857
AACATG	AACATG|CATGTT	7	3.01	0.0007454739084132055	0.00032007284313846906	0.033785738820335906	64.2604752362789	-1.808
AACATT	AACATT|AATGTT	7	6.54	0.0007454739084132055	0.0006963542384767492	0.47957209857909133	912.1461314974317	-2.96
AACCAA	AACCAA|TTGGTT	9	4.19	0.0009584664536741214	0.0004459175683841352	0.027472701337660596	52.253077944230455	-1.718
AACCAC	AACCAC|GTGGTT	5	1.85	0.0005324813631522897	0.0001974316453395785	0.040431245887150545	76.90022967736034	-1.886
AACCAG	AACCAG|CTGGTT	5	1.99	0.0005324813631522897	0.00021240563155108358	0.05215715486097716	99.20290854557857	-1.997
AACCAT	AACCAT|ATGGTT	4	3.32	0.0004259850905218317	0.0003537755433766667	0.4245063920809511	807.411157737969	-2.907
AACCCA	AACCCA|TGGGTT	3	2.15	0.0003194888178913738	0.00022891572135617615	0.36372129308319723	691.7978994442411	-2.84
AACCCT	AACCCT|AGGGTT	4	2.07	0.0004259850905218317	0.00022054101063052837	0.15588788355658834	296.498754524631	-2.472
AACCGA	AACCGA|TCGGTT	2	1.80	0.00021299254526091586	0.00019151941349710783	0.5366771442951104	1020.7599284492999	-3.009
AACCGG	AACCGG|CCGGTT	2	1.07	0.00021299254526091586	0.00011408452617422919	0.29043248211664396	552.4025809858568	-2.742
AACCGT	AACCGT|ACGGTT	1	1.63	0.00010649627263045793	0.00017381706101132703	0.8044896975314499	1530.1394047048177	-3.185
AACCTA	AACCTA|TAGGTT	5	3.05	0.0005324813631522897	0.00032499676563909106	0.19350088982983793	368.0386924563517	-2.566
AACCTC	AACCTC|GAGGTT	3	1.94	0.0003194888178913738	0.00020665086560930934	0.30721042602081017	584.3142302915809	-2.767
AACCTG	AACCTG|CAGGTT	6	1.87	0.0006389776357827476	0.00019953100100531215	0.012421725481064653	23.62612186498497	-1.373
AACCTT	AACCTT|AAGGTT	6	4.08	0.0006389776357827476	0.0004341019903317694	0.2268925335982803	431.5495989039291	-2.635
AACGAA	AACGAA|TTCGTT	3	3.50	0.0003194888178913738	0.0003730712362568885	0.6797329799382028	1292.8521278424616	-3.112
AACGAC	AACGAC|GTCGTT	6	1.55	0.0006389776357827476	0.0001651786635587705	0.005220390114185813	9.929181997181416	-0.997
AACGAG	AACGAG|CTCGTT	4	1.67	0.0004259850905218317	0.00017770645780527895	0.0885584175450477	168.43811017068072	-2.226
AACGAT	AACGAT|ATCGTT	7	2.78	0.0007454739084132055	0.00029598178830058676	0.02357683624018091	44.84314252882409	-1.652
AACGCA	AACGCA|TGCGTT	2	2.09	0.00021299254526091586	0.00022215713574910912	0.6167860252289412	1173.1270199854462	-3.069
AACGCC	AACGCC|GGCGTT	2	1.20	0.00021299254526091586	0.00012786381872662594	0.3376044931779056	642.1237460243764	-2.808
AACGCG	AACGCG|CGCGTT	1	1.05	0.00010649627263045793	0.00011154135301577695	0.6491418628290511	1234.6678231008552	-3.092
AACGCT	AACGCT|AGCGTT	2	2.01	0.00021299254526091586	0.0002140296828310002	0.5966237179004759	1134.7783114467052	-3.055
AACGGA	AACGGA|TCCGTT	3	1.79	0.0003194888178913738	0.00019010270009281758	0.26538279288939287	504.75807207562525	-2.703
AACGGC	AACGGC|GCCGTT	2	1.19	0.00021299254526091586	0.00012691798048179205	0.33439244386886047	636.0144282385726	-2.803
AACGGG	AACGGG|CCCGTT	2	1.06	0.00021299254526091586	0.00011324061654385874	0.2875236089693042	546.8699042596165	-2.738
AACGGT	AACGGT|ACCGTT	1	1.62	0.00010649627263045793	0.00017253129600331752	0.8021149296258264	1525.622596148322	-3.183
AACGTA	AACGTA|TACGTT	8	2.41	0.0008519701810436634	0.00025614275766701425	0.003381597121447898	6.431797724993902	-0.808
AACGTC	AACGTC|GACGTT	1	1.53	0.00010649627263045793	0.00016286969037170414	0.7833227571049877	1489.8798840136865	-3.173
AACGTG	AACGTG|CACGTT	1	1.48	0.00010649627263045793	0.00015725824451532036	0.771599569419589	1467.5823810360582	-3.167
AACGTT	AACGTT|AACGTT	1	3.21	0.00010649627263045793	0.00034213288459552794	0.9597492960710309	1825.4431611271007	-3.261
AACTAA	AACTAA|TTAGTT	13	5.94	0.0013844515441959531	0.0006330791376316371	0.00822064482850998	15.635666463825983	-1.194
AACTAC	AACTAC|GTAGTT	6	2.63	0.0006389776357827476	0.00028029811928177543	0.05142516027156579	97.81065483651813	-1.99
AACTAG	AACTAG|CTAGTT	5	2.83	0.0005324813631522897	0.0003015570221593615	0.15728156485403771	299.14953635237976	-2.476
AACTAT	AACTAT|ATAGTT	8	4.72	0.0008519701810436634	0.0005022630454495282	0.10546034936950503	200.58558450079857	-2.302
AACTCA	AACTCA|TGAGTT	6	3.37	0.0006389776357827476	0.00035904577902519895	0.12587310527813322	239.4106462390094	-2.379
AACTCC	AACTCC|GGAGTT	5	1.94	0.0005324813631522897	0.00020665086560930934	0.04744027263906141	90.23139855949479	-1.955
AACTCG	AACTCG|CGAGTT	2	1.69	0.00021299254526091586	0.0001802708333091883	0.5044974117746966	959.554077195473	-2.982
AACTCT	AACTCT|AGAGTT	3	3.25	0.0003194888178913738	0.0003459103573128458	0.6300437569484278	1198.3432257159097	-3.079
AACTGA	AACTGA|TCAGTT	6	3.12	0.0006389776357827476	0.00033248489795543323	0.09671785061919776	183.95735187771413	-2.265
AACTGC	AACTGC|GCAGTT	6	2.08	0.0006389776357827476	0.0002219763936471969	0.0198042018962993	37.66759200676127	-1.576
AACTGG	AACTGG|CCAGTT	2	1.86	0.00021299254526091586	0.00019805502403496755	0.5547000266639309	1055.0394507147967	-3.023
AACTGT	AACTGT|ACAGTT	17	2.83	0.001810436634717785	0.0003017529488943276	9.58044536750745e-09	1.822200708899917e-05	4.739
AACTTA	AACTTA|TAAGTT	4	6.01	0.0004259850905218317	0.0006397075193042931	0.849406652228153	1615.5714525379472	-3.208
AACTTC	AACTTC|GAAGTT	11	3.82	0.0011714589989350373	0.00040676131758129536	0.0020055318358342916	3.8145215517568225	-0.581
AACTTG	AACTTG|CAAGTT	10	3.69	0.0010649627263045794	0.0003927469291160778	0.004742067938530655	9.019413219085306	-0.955
AAGAAA	AAGAAA|TTTCTT	31	8.42	0.003301384451544196	0.000896255335820151	1.733712830650122e-09	3.297521803896532e-06	5.482
AAGAAC	AAGAAC|GTTCTT	9	3.73	0.0009584664536741214	0.0003968203500852341	0.014274484526402663	27.150069569217866	-1.434
AAGAAG	AAGAAG|CTTCTT	10	4.01	0.0010649627263045794	0.00042691675352856675	0.008248627804373198	15.688890083917823	-1.196
AAGAAT	AAGAAT|ATTCTT	8	6.68	0.0008519701810436634	0.0007110579194782216	0.3532558083967287	671.892547570578	-2.827
AAGACA	AAGACA|TGTCTT	6	3.32	0.0006389776357827476	0.0003539383072084182	0.11996462850549687	228.17272341745505	-2.358
AAGACC	AAGACC|GGTCTT	4	1.91	0.0004259850905218317	0.00020371123079483398	0.12750278047655528	242.51028846640813	-2.385
AAGACG	AAGACG|CGTCTT	2	1.67	0.00021299254526091586	0.00017770645780527895	0.49696010680081376	945.2181231351477	-2.976
AAGACT	AAGACT|AGTCTT	3	3.20	0.0003194888178913738	0.0003409897385385364	0.6204913269769909	1180.1745039102368	-3.072
AAGAGA	AAGAGA|TCTCTT	15	3.43	0.001597444089456869	0.0003651958026427541	3.35019454422932e-06	0.006372070023124166	2.196
AAGAGC	AAGAGC|GCTCTT	3	2.29	0.0003194888178913738	0.0002438151258725684	0.40115467428583335	762.996190491655	-2.883
AAGAGG	AAGAGG|CCTCTT	7	2.04	0.0007454739084132055	0.00021754029706207888	0.0050698473036770745	9.642849571593796	-0.984
AAGAGT	AAGAGT|ACTCTT	3	3.11	0.0003194888178913738	0.00033144034826524104	0.6014773206176578	1144.0098638147851	-3.058
AAGATA	AAGATA|TATCTT	11	5.05	0.0011714589989350373	0.0005379175244594785	0.014644731647488014	27.854279593522204	-1.445
AAGATC	AAGATC|GATCTT	3	3.21	0.0003194888178913738	0.00034203762562798123	0.622539638445587	1184.0703923235064	-3.073
AAGATG	AAGATG|CATCTT	10	3.10	0.0010649627263045794	0.00033025320083612944	0.0014044642296190345	2.6712909647354035	-0.427
AAGATT	AAGATT|AATCTT	5	6.75	0.0005324813631522897	0.0007185027443058069	0.8026263165728263	1526.5952541215156	-3.184
AAGCAA	AAGCAA|TTGCTT	11	5.01	0.0011714589989350373	0.0005337037513354648	0.013904598063656818	26.44654551707527	-1.422
AAGCAC	AAGCAC|GTGCTT	6	2.22	0.0006389776357827476	0.00023629930108359218	0.025817569173910374	49.10501656877753	-1.691
AAGCAG	AAGCAG|CTGCTT	3	2.39	0.0003194888178913738	0.00025422116193891817	0.42692691844305	812.014998878681	-2.91
AAGCAT	AAGCAT|ATGCTT	8	3.98	0.0008519701810436634	0.00042342205828548593	0.04971358037578369	94.55522987474058	-1.976
AAGCCA	AAGCCA|TGGCTT	9	2.57	0.0009584664536741214	0.00027398153356050157	0.001384822639559487	2.6339326604421442	-0.421
AAGCCG	AAGCCG|CGGCTT	1	1.29	0.00010649627263045793	0.00013756150956676348	0.7251974872717133	1379.3256207907987	-3.14
AAGCCT	AAGCCT|AGGCTT	3	2.48	0.0003194888178913738	0.00026395812374773267	0.4506772638678347	857.1881558766215	-2.933
AAGCGA	AAGCGA|TCGCTT	4	2.15	0.0004259850905218317	0.00022922314948784845	0.17137134234260798	325.94829313564037	-2.513
AAGCGC	AAGCGC|GCGCTT	3	1.44	0.0003194888178913738	0.00015303590742514033	0.1755148186995393	333.82918516652376	-2.524
AAGCGG	AAGCGG|CCGCTT	5	1.28	0.0005324813631522897	0.00013654393525949592	0.010094709628570054	19.200137713540244	-1.283
AAGCGT	AAGCGT|ACGCTT	5	1.95	0.0005324813631522897	0.00020803579873295488	0.048551376508317166	92.34471811881924	-1.965
AAGCTA	AAGCTA|TAGCTT	5	3.65	0.0005324813631522897	0.00038897770639988687	0.30362876948765166	577.5019195655135	-2.762
AAGCTC	AAGCTC|GAGCTT	6	2.32	0.0006389776357827476	0.00024733347598765134	0.031199520471518697	59.341487936828564	-1.773
AAGCTG	AAGCTG|CAGCTT	6	2.24	0.0006389776357827476	0.00023881194932539484	0.026984427626463494	51.32438134553357	-1.71
AAGCTT	AAGCTT|AAGCTT	2	4.88	0.00021299254526091586	0.0005195620830589812	0.9552808903146383	1816.944253378442	-3.259
AAGGAA	AAGGAA|TTCCTT	11	4.29	0.0011714589989350373	0.0004566971204252413	0.0047318180479652815	8.999917927229966	-0.954
AAGGAC	AAGGAC|GTCCTT	2	1.90	0.00021299254526091586	0.0002022043316977572	0.5658810791506541	1076.305812544544	-3.032
AAGGAG	AAGGAG|CTCCTT	4	2.04	0.0004259850905218317	0.00021754029706207888	0.1506633277494143	286.561649379386	-2.457
AAGGAT	AAGGAT|ATCCTT	4	3.40	0.0004259850905218317	0.00036232766634979475	0.44213625150404495	840.9431503606935	-2.925
AAGGCA	AAGGCA|TGCCTT	2	2.55	0.00021299254526091586	0.00027195482877880056	0.7235371856177855	1376.167727045028	-3.139
AAGGCC	AAGGCC|GGCCTT	7	1.47	0.0007454739084132055	0.0001565251676996497	0.0008240213248910871	1.5672885599428477	-0.195
AAGGCG	AAGGCG|CGCCTT	5	1.28	0.0005324813631522897	0.00013654393525949578	0.010094709628570012	19.200137713540162	-1.283
AAGGCT	AAGGCT|AGCCTT	2	2.46	0.00021299254526091586	0.0002620055644470518	0.7044438782999178	1339.8522565264436	-3.127
AAGGGA	AAGGGA|TCCCTT	7	2.19	0.0007454739084132055	0.00023271522240238103	0.007206324326442995	13.706428868894577	-1.137
AAGGGC	AAGGGC|GCCCTT	1	1.46	0.00010649627263045793	0.00015536731482646205	0.7675079123671488	1459.800049322317	-3.164
AAGGGG	AAGGGG|CCCCTT	3	1.30	0.0003194888178913738	0.00013862409766468377	0.14327463573463015	272.5083571672665	-2.435
AAGGGT	AAGGGT|ACCCTT	2	1.98	0.00021299254526091586	0.00021120509546250277	0.589432111872792	1121.0998767820504	-3.05
AAGGTA	AAGGTA|TACCTT	5	2.94	0.0005324813631522897	0.00031355850699718975	0.17546827059079473	333.74065066369155	-2.523
AAGGTC	AAGGTC|GACCTT	3	1.87	0.0003194888178913738	0.00019937778999957548	0.28876900118799287	549.2386402595624	-2.74
AAGGTG	AAGGTG|CACCTT	7	1.81	0.0007454739084132055	0.00019250850897500467	0.002629759497879303	5.001802564966434	-0.699
AAGTAA	AAGTAA|TTACTT	12	5.78	0.0012779552715654952	0.0006153498071683906	0.015539525581130401	29.556177655310023	-1.471
AAGTAC	AAGTAC|GTACTT	7	2.56	0.0007454739084132055	0.0002724483929370342	0.015876863766044785	30.19779488301718	-1.48
AAGTAG	AAGTAG|CTACTT	2	2.75	0.00021299254526091586	0.0002931119419449401	0.7606782784707682	1446.810085651401	-3.16
AAGTAT	AAGTAT|ATACTT	9	4.58	0.0009584664536741214	0.0004881972091536674	0.044285508091817166	84.23103639063625	-1.925
AAGTCA	AAGTCA|TGACTT	7	3.28	0.0007454739084132055	0.000348990730786545	0.04945981402372492	94.0725662731248	-1.973
AAGTCC	AAGTCC|GGACTT	2	1.89	0.00021299254526091586	0.00020086362469562248	0.5622905989344077	1069.4767191732435	-3.029
AAGTCG	AAGTCG|CGACTT	4	1.65	0.0004259850905218317	0.00017522236308383852	0.08518538866802124	162.0226092465764	-2.21
AAGTCT	AAGTCT|AGACTT	3	3.16	0.0003194888178913738	0.000336223165505512	0.6110785955155165	1162.2714886705123	-3.065
AAGTGA	AAGTGA|TCACTT	6	3.03	0.0006389776357827476	0.0003231736850604024	0.08744651816405925	166.3232775480407	-2.221
AAGTGC	AAGTGC|GCACTT	6	2.03	0.0006389776357827476	0.00021575996255023542	0.017519812159746007	33.322682727836906	-1.523
AAGTGG	AAGTGG|CCACTT	1	1.81	0.00010649627263045793	0.00019250850897500467	0.8359616274027506	1589.9990153200317	-3.201
AAGTGT	AAGTGT|ACACTT	11	2.75	0.0011714589989350373	0.0002933023817674109	0.00014225565915365786	0.2705702637102572	0.568
AAGTTA	AAGTTA|TAACTT	8	5.84	0.0008519701810436634	0.000621792561544038	0.234118306267987	445.29301852171125	-2.649
AAGTTC	AAGTTC|GAACTT	11	3.71	0.0011714589989350373	0.00039536999951315753	0.0016136523851606429	3.0691668365755427	-0.487
AAGTTG	AAGTTG|CAACTT	8	3.58	0.0008519701810436634	0.0003817480828726627	0.030140375369158718	57.32699395213988	-1.758
AATAAA	AATAAA|TTTATT	24	12.40	0.0025559105431309905	0.0013201451058285879	0.0022215816726570965	4.225448341393798	-0.626
AATAAC	AATAAC|GTTATT	11	5.49	0.0011714589989350373	0.0005844991065842093	0.024923231244176204	47.40398582642314	-1.676
AATAAG	AATAAG|CTTATT	13	5.90	0.0013844515441959531	0.0006288297991009801	0.007804173083612652	14.843537205031264	-1.172
AATAAT	AATAAT|ATTATT	16	9.83	0.0017039403620873268	0.0010473573711009946	0.043235523127844254	82.23396498915977	-1.915
AATACA	AATACA|TGTATT	7	4.90	0.0007454739084132055	0.0005213357235958595	0.2226789322169233	423.53532907658814	-2.627
AATACC	AATACC|GGTATT	5	2.82	0.0005324813631522897	0.00030005777772025794	0.15506621714872074	294.93594501686687	-2.47
AATACG	AATACG|CGTATT	2	2.46	0.00021299254526091586	0.0002617538787996121	0.7039468977136664	1338.9069994513934	-3.127
AATACT	AATACT|AGTATT	7	4.72	0.0007454739084132055	0.0005022630454495282	0.19761257742789357	375.85912226785354	-2.575
AATAGA	AATAGA|TCTATT	12	5.05	0.0012779552715654952	0.000537917524459479	0.005886887570809295	11.196860159679279	-1.049
AATAGC	AATAGC|GCTATT	7	3.37	0.0007454739084132055	0.0003591290699018398	0.05588529887849714	106.29383846690156	-2.027
AATAGG	AATAGG|CCTATT	7	3.01	0.0007454739084132055	0.000320427390509426	0.03395476295588878	64.58195914210046	-1.81
AATAGT	AATAGT|ACTATT	6	4.58	0.0006389776357827476	0.0004881972091536674	0.31151163505239304	592.4951298696516	-2.773
AATATA	AATATA|TATATT	23	7.44	0.0024494142705005326	0.000792329104077	3.6342964004918536e-06	0.0069124317537355056	2.16
AATATC	AATATC|GATATT	13	4.73	0.0013844515441959531	0.0005038065375296346	0.0012526055493994048	2.382455754957668	-0.377
AATATG	AATATG|CATATT	11	4.57	0.0011714589989350373	0.00048644859265365613	0.007404710295292785	14.083758981646877	-1.149
AATATT	AATATT|AATATT	8	9.94	0.0008519701810436634	0.0010583232740832003	0.7741108247292711	1472.3587886350736	-3.168
AATCAA	AATCAA|TTGATT	10	7.03	0.0010649627263045794	0.0007487097580276392	0.17259853143747844	328.282406794084	-2.516
AATCAC	AATCAC|GTGATT	9	3.11	0.0009584664536741214	0.00033149400223194607	0.00480575246928235	9.140541196575029	-0.961
AATCAG	AATCAG|CTGATT	2	3.35	0.00021299254526091586	0.000356635800600086	0.8472431572119309	1611.4564850170925	-3.207
AATCAT	AATCAT|ATGATT	7	5.58	0.0007454739084132055	0.0005940003719464676	0.3262070466307382	620.445802691664	-2.793
AATCCA	AATCCA|TGGATT	6	3.61	0.0006389776357827476	0.00038435676568289	0.15713795354749316	298.87638764733197	-2.475
AATCCC	AATCCC|GGGATT	1	2.08	0.00010649627263045793	0.00022121874972826018	0.8747250127544994	1663.726974259058	-3.221
AATCCG	AATCCG|CGGATT	2	1.81	0.00021299254526091586	0.00019297905304943336	0.5407457334970136	1028.49838511132	-3.012
AATCCT	AATCCT|AGGATT	6	3.48	0.0006389776357827476	0.0003702953604243518	0.1393712208324189	265.08406202326074	-2.423
AATCGC	AATCGC|GCGATT	3	2.02	0.0003194888178913738	0.00021468741212912483	0.32763116116006563	623.1544685264448	-2.795
AATCGT	AATCGT|ACGATT	3	2.74	0.0003194888178913738	0.0002918443652320026	0.5162241881910883	981.8584059394499	-2.992
AATCTA	AATCTA|TAGATT	3	5.12	0.0003194888178913738	0.0005456798902163782	0.8854056026874317	1684.0414563114953	-3.226
AATCTC	AATCTC|GAGATT	3	3.26	0.0003194888178913738	0.0003469733658335334	0.632085332912808	1202.2263032001608	-3.08
AATCTG	AATCTG|CAGATT	2	3.15	0.00021299254526091586	0.0003350188870625688	0.8215996289629713	1562.6824942875714	-3.194
AATGAA	AATGAA|TTCATT	15	6.51	0.001597444089456869	0.0006933229745017709	0.002998710060149727	5.703546534404781	-0.756
AATGAC	AATGAC|GTCATT	4	2.88	0.0004259850905218317	0.0003069712998831586	0.3264549533538508	620.9173212790241	-2.793
AATGAG	AATGAG|CTCATT	6	3.10	0.0006389776357827476	0.00033025320083612976	0.09444968499462293	179.6433008597728	-2.254
AATGAT	AATGAT|ATCATT	14	5.17	0.001490947816826411	0.0005500584175876066	0.0009468753157301276	1.8009568505187028	-0.256
AATGCA	AATGCA|TGCATT	4	3.88	0.0004259850905218317	0.00041286122111624515	0.5420913834028529	1031.0578112322262	-3.013
AATGCC	AATGCC|GGCATT	3	2.23	0.0003194888178913738	0.00023762465318997837	0.3856654507683088	733.5356873613234	-2.865
AATGCG	AATGCG|CGCATT	5	1.95	0.0005324813631522897	0.0002072906596304842	0.04795167290987872	91.20408187458933	-1.96
AATGCT	AATGCT|AGCATT	6	3.73	0.0006389776357827476	0.00039775700164105014	0.17493368523203634	332.72386931133315	-2.522
AATGGA	AATGGA|TCCATT	2	3.32	0.00021299254526091586	0.00035329062302303624	0.8435072857073964	1604.350857415468	-3.205
AATGGC	AATGGC|GCCATT	7	2.21	0.0007454739084132055	0.00023586688866252434	0.007722721594547707	14.68861647282974	-1.167
AATGGG	AATGGG|CCCATT	2	1.98	0.00021299254526091586	0.0002104486046266532	0.5874898688841674	1117.4057306176865	-3.048
AATGGT	AATGGT|ACCATT	3	3.01	0.0003194888178913738	0.0003206355776442066	0.5792180828553837	1101.6727935909398	-3.042
AATGTA	AATGTA|TACATT	16	4.47	0.0017039403620873268	0.000476020774007075	1.87278308414796e-05	0.0356203342604942	1.448
AATGTC	AATGTC|GACATT	8	2.84	0.0008519701810436634	0.0003026802583808344	0.00883921238322308	16.8121819528903	-1.226
AATGTG	AATGTG|CACATT	11	2.74	0.0011714589989350373	0.00029225183626113824	0.00013796620503027645	0.26241172196758583	0.581
AATTAA	AATTAA|TTAATT	11	12.53	0.0011714589989350373	0.0013339671149654806	0.7054008801854035	1341.6724741126375	-3.128
AATTAC	AATTAC|GTAATT	5	5.55	0.0005324813631522897	0.0005906188520243454	0.6495908693407322	1235.5218334860726	-3.092
AATTAG	AATTAG|CTAATT	5	5.97	0.0005324813631522897	0.0006354136899099141	0.7104390777471554	1351.2551258750896	-3.131
AATTAT	AATTAT|ATAATT	9	9.94	0.0009584664536741214	0.0010583232740832003	0.6601168163448592	1255.5421846879221	-3.099
AATTCA	AATTCA|TGAATT	6	7.10	0.0006389776357827476	0.0007565488001682707	0.7123756470808448	1354.9384807477668	-3.132
AATTCC	AATTCC|GGAATT	1	4.09	0.00010649627263045793	0.00043543601836768843	0.9832397323162664	1870.1219708655387	-3.272
AATTCG	AATTCG|CGAATT	2	3.57	0.00021299254526091586	0.00037985039962224116	0.8710052471735711	1656.6519801241323	-3.219
AATTCT	AATTCT|AGAATT	12	6.84	0.0012779552715654952	0.0007288710272581829	0.046618015504558345	88.66746548966998	-1.948
AATTGA	AATTGA|TCAATT	7	6.58	0.0007454739084132055	0.000700582113248012	0.4857944411955173	923.9810271538739	-2.966
AATTGC	AATTGC|GCAATT	3	4.39	0.0003194888178913738	0.00046772858529463485	0.8139014687751629	1548.0405936103598	-3.19
AATTGG	AATTGG|CCAATT	8	3.92	0.0008519701810436634	0.00041732363824958495	0.04643812335328934	88.32531061795632	-1.946
AATTGT	AATTGT|ACAATT	16	5.97	0.0017039403620873268	0.0006358265290098805	0.0004833052203386988	0.9192465290842051	0.037
AATTTA	AATTTA|TAAATT	11	12.66	0.0011714589989350373	0.0013479338414790743	0.7177133232842765	1365.090740886694	-3.135
AATTTC	AATTTC|GAAATT	13	8.05	0.0013844515441959531	0.0008570906685116499	0.06613906943449824	125.79651006441564	-2.1
AATTTG	AATTTG|CAAATT	15	7.77	0.001597444089456869	0.0008275608163372602	0.013699719933479666	26.056867313478325	-1.416
ACAAAA	ACAAAA|TTTTGT	17	8.16	0.001810436634717785	0.0008686274433909924	0.0044813034264892925	8.523439117182635	-0.931
ACAAAC	ACAAAC|GTTTGT	5	3.61	0.0005324813631522897	0.0003845879989820482	0.29572012740803844	562.4596823300891	-2.75
ACAAAG	ACAAAG|CTTTGT	7	3.89	0.0007454739084132055	0.0004137566531963332	0.09905625626057157	188.40499940760714	-2.275
ACAAAT	ACAAAT|ATTTGT	11	6.47	0.0011714589989350373	0.00068913890720002	0.06523465680240842	124.07631723818082	-2.094
ACAACA	ACAACA|TGTTGT	6	3.22	0.0006389776357827476	0.0003430278343919139	0.10781939605584671	205.07249129822046	-2.312
ACAACC	ACAACC|GGTTGT	7	1.85	0.0007454739084132055	0.00019743164533957868	0.003017387117933351	5.739070298309233	-0.759
ACAACG	ACAACG|CGTTGT	2	1.62	0.00021299254526091586	0.0001722284933190555	0.48061545988721804	914.1306047054887	-2.961
ACAACT	ACAACT|AGTTGT	8	3.10	0.0008519701810436634	0.00033047841722275454	0.014291175369333971	27.181815552473214	-1.434
ACAAGA	ACAAGA|TCTTGT	8	3.32	0.0008519701810436634	0.0003539383072084185	0.020519101539094718	39.02733112735815	-1.591
ACAAGC	ACAAGC|GCTTGT	4	2.22	0.0004259850905218317	0.00023629930108359242	0.1843669003710944	350.66584450582155	-2.545
ACAAGG	ACAAGG|CCTTGT	2	1.98	0.00021299254526091586	0.00021083441796040695	0.5884812736189458	1119.2913824232348	-3.049
ACAAGT	ACAAGT|ACTTGT	8	3.02	0.0008519701810436634	0.00032122339565968084	0.01226021993479255	23.31893831597543	-1.368
ACAATA	ACAATA|TATTGT	5	4.90	0.0005324813631522897	0.0005213357235958595	0.5409546930696683	1028.895826218509	-3.012
ACAATC	ACAATC|GATTGT	4	3.11	0.0004259850905218317	0.00033149400223194607	0.3780065568222876	718.968471075991	-2.857
ACAATG	ACAATG|CATTGT	2	3.01	0.00021299254526091586	0.00032007284313846906	0.801669327000834	1524.7750599555864	-3.183
ACACAA	ACACAA|TTGTGT	7	3.22	0.0007454739084132055	0.00034302783439191356	0.04590935691919412	87.31959686030721	-1.941
ACACAC	ACACAC|GTGTGT	12	1.43	0.0012779552715654952	0.0001518768367585973	3.982909045586428e-08	7.575493004705386e-05	4.121
ACACAG	ACACAG|CTGTGT	5	1.53	0.0005324813631522897	0.00016339576856691334	0.020236089912860182	38.48904301426007	-1.585
ACACAT	ACACAT|ATGTGT	8	2.56	0.0008519701810436634	0.00027214639455689586	0.0048260630000511616	9.17917182609731	-0.963
ACACCA	ACACCA|TGGTGT	5	1.65	0.0005324813631522897	0.00017609636785475787	0.02675375849275679	50.88564865322341	-1.707
ACACCC	ACACCC|GGGTGT	2	0.95	0.00021299254526091586	0.00010135327853356292	0.2464822955581036	468.80932615151306	-2.671
ACACCG	ACACCG|CGGTGT	1	0.83	0.00010649627263045793	8.841501789015758e-05	0.5640453339499817	1072.8142251728652	-3.031
ACACCT	ACACCT|AGGTGT	2	1.59	0.00021299254526091586	0.00016965401373471802	0.47282142792434934	899.3063559121124	-2.954
ACACGA	ACACGA|TCGTGT	3	1.38	0.0003194888178913738	0.00014732877624442048	0.16250917551805114	309.09245183533324	-2.49
ACACGC	ACACGC|GCGTGT	2	0.92	0.00021299254526091586	9.836088986987573e-05	0.2361667506482424	449.1891597329571	-2.652
ACACGT	ACACGT|ACGTGT	3	1.26	0.0003194888178913738	0.00013371101352911826	0.13277585927756333	252.53968434592545	-2.402
ACACTA	ACACTA|TAGTGT	2	2.35	0.00021299254526091586	0.00025000794901517944	0.6799693624114038	1293.30172730649	-3.112
ACACTC	ACACTC|GAGTGT	2	1.49	0.00021299254526091586	0.00015896884072553568	0.4397342016317587	836.3744515036051	-2.922
ACACTG	ACACTG|CAGTGT	3	1.44	0.0003194888178913738	0.0001534917931511982	0.17656602541761493	335.8285803443036	-2.526
ACAGAA	ACAGAA|TTCTGT	6	3.32	0.0006389776357827476	0.0003539383072084185	0.11996462850549722	228.1727234174557	-2.358
ACAGAC	ACAGAC|GTCTGT	4	1.47	0.0004259850905218317	0.0001567074887721544	0.06211449558350979	118.14177059983561	-2.072
ACAGAG	ACAGAG|CTCTGT	7	1.58	0.0007454739084132055	0.0001685927960747291	0.0012580213042892954	2.39275652075824	-0.379
ACAGAT	ACAGAT|ATCTGT	4	2.64	0.0004259850905218317	0.00028080238553554763	0.2720125664855624	517.3679014555396	-2.714
ACAGCA	ACAGCA|TGCTGT	2	1.98	0.00021299254526091586	0.0002107638244915987	0.5883000059383161	1118.9466112946773	-3.049
ACAGCC	ACAGCC|GGCTGT	4	1.14	0.0004259850905218317	0.0001213063328263236	0.02872423476828053	54.63349452926957	-1.737
ACAGCG	ACAGCG|CGCTGT	1	0.99	0.00010649627263045793	0.00010582096348740372	0.6297803671455567	1197.8422583108488	-3.078
ACAGCT	ACAGCT|AGCTGT	6	1.91	0.0006389776357827476	0.00020305318735802238	0.013426132822156107	25.536504627740918	-1.407
ACAGGA	ACAGGA|TCCTGT	4	1.69	0.0004259850905218317	0.00018035329805021717	0.0922221357138592	175.4065021277602	-2.244
ACAGGC	ACAGGC|GCCTGT	1	1.13	0.00010649627263045793	0.00012040900182158491	0.6771735888821153	1287.9841660537834	-3.11
ACAGGG	ACAGGG|CCCTGT	3	1.01	0.0003194888178913738	0.00010743308041891686	0.08192654161171663	155.82428214548503	-2.193
ACAGGT	ACAGGT|ACCTGT	6	1.54	0.0006389776357827476	0.0001636830420392972	0.005001105684584079	9.512103012078919	-0.978
ACAGTA	ACAGTA|TACTGT	6	2.28	0.0006389776357827476	0.00024300649645885199	0.02900905140418067	55.175215770751635	-1.742
ACAGTC	ACAGTC|GACTGT	6	1.45	0.0006389776357827476	0.00015451693109362792	0.0038016834995541347	7.230802016151964	-0.859
ACAGTG	ACAGTG|CACTGT	4	1.40	0.0004259850905218317	0.00014919326779723636	0.053829599924248336	102.38389905592034	-2.01
ACATAA	ACATAA|TTATGT	5	4.90	0.0005324813631522897	0.0005213357235958595	0.5409546930696683	1028.895826218509	-3.012
ACATAC	ACATAC|GTATGT	9	2.17	0.0009584664536741214	0.00023082331126088955	0.00042246800117061954	0.8035341382265184	0.095
ACATAG	ACATAG|CTATGT	5	2.33	0.0005324813631522897	0.00024832985168489133	0.08751383487599118	166.45131393413521	-2.221
ACATAT	ACATAT|ATATGT	14	3.88	0.001490947816826411	0.00041360969374929597	5.617938602288904e-05	0.10685319221553495	0.971
ACATCA	ACATCA|TGATGT	10	2.78	0.0010649627263045794	0.00029567139380457	0.0006192533121335153	1.177819799677946	-0.071
ACATCG	ACATCG|CGATGT	3	1.39	0.0003194888178913738	0.00014845162277509513	0.16504467962060862	313.9149806383976	-2.497
ACATCT	ACATCT|AGATGT	3	2.67	0.0003194888178913738	0.0002848544766514242	0.5001783260601532	951.3391761664114	-2.978
ACATGA	ACATGA|TCATGT	5	2.57	0.0005324813631522897	0.0002737987157636342	0.11850328678243027	225.39325146018237	-2.353
ACATGC	ACATGC|GCATGT	8	1.72	0.0008519701810436634	0.0001827958258681333	0.00041284028625140825	0.7852222244501785	0.105
ACATGG	ACATGG|CCATGT	1	1.53	0.00010649627263045793	0.00016309676488999062	0.7837842705621815	1490.757682609269	-3.173
ACATGT	ACATGT|ACATGT	1	2.33	0.00010649627263045793	0.00024849119582036143	0.903027934719433	1717.5591318363615	-3.235
ACATTA	ACATTA|TAATGT	10	4.95	0.0010649627263045794	0.0005267941441157824	0.02993247689308237	56.931571050642674	-1.755
ACATTC	ACATTC|GAATGT	5	3.15	0.0005324813631522897	0.0003349647670042771	0.20971737810320495	398.8824531522958	-2.601
ACATTG	ACATTG|CAATGT	9	3.04	0.0009584664536741214	0.00032342402759750956	0.004111703525949267	7.820460106355506	-0.893
ACCAAA	ACCAAA|TTTGGT	7	4.19	0.0007454739084132055	0.0004459175683841352	0.13107284450089854	249.30055024070901	-2.397
ACCAAC	ACCAAC|GTTGGT	3	1.85	0.0003194888178913738	0.0001974316453395785	0.283846985379192	539.8769661912232	-2.732
ACCAAG	ACCAAG|CTTGGT	4	1.99	0.0004259850905218317	0.00021240563155108358	0.14188344690392118	269.8623160112581	-2.431
ACCAAT	ACCAAT|ATTGGT	6	3.32	0.0006389776357827476	0.0003537755433766667	0.11977864636188201	227.81898538029958	-2.358
ACCACA	ACCACA|TGTGGT	8	1.65	0.0008519701810436634	0.00017609636785475787	0.0003234640804692595	0.6152286810525316	0.211
ACCACC	ACCACC|GGTGGT	5	0.95	0.0005324813631522897	0.00010135327853356292	0.002971782212364012	5.652329767916351	-0.752
ACCACG	ACCACG|CGTGGT	3	0.83	0.0003194888178913738	8.841501789015758e-05	0.05186522983283041	98.64766714204343	-1.994
ACCACT	ACCACT|AGTGGT	4	1.59	0.0004259850905218317	0.00016965401373471802	0.07785866109471243	148.08717340214304	-2.171
ACCAGA	ACCAGA|TCTGGT	4	1.71	0.0004259850905218317	0.0001816973554188441	0.09410977843190153	178.9967985774767	-2.253
ACCAGC	ACCAGC|GCTGGT	3	1.14	0.0003194888178913738	0.00012130633282632335	0.10757495557733493	204.60756550809103	-2.311
ACCAGG	ACCAGG|CCTGGT	1	1.02	0.00010649627263045793	0.00010823371021017862	0.6380736492686049	1213.6160809088865	-3.084
ACCAGT	ACCAGT|ACTGGT	2	1.55	0.00021299254526091586	0.0001649028666898613	0.45825362390386226	871.598392665146	-2.94
ACCATA	ACCATA|TATGGT	3	2.51	0.0003194888178913738	0.0002676322973058627	0.45953443675866684	874.0344987149844	-2.942
ACCATC	ACCATC|GATGGT	5	1.60	0.0005324813631522897	0.0001701753732671985	0.023569254431047612	44.828721927852555	-1.652
ACCATG	ACCATG|CATGGT	2	1.54	0.00021299254526091586	0.00016431222039326953	0.45642622006933253	868.1226705718705	-2.939
ACCCAA	ACCCAA|TTGGGT	4	2.15	0.0004259850905218317	0.00022891572135617615	0.17081414997392905	324.88851325041304	-2.512
ACCCAC	ACCCAC|GTGGGT	3	0.95	0.0003194888178913738	0.00010135327853356292	0.07163634853996954	136.25233492302206	-2.134
ACCCAG	ACCCAG|CTGGGT	1	1.02	0.00010649627263045793	0.00010904030658138197	0.6408045029910088	1218.8101646888988	-3.086
ACCCAT	ACCCAT|ATGGGT	4	1.71	0.0004259850905218317	0.0001816137991685463	0.09399189839974167	178.77259075630866	-2.252
ACCCCA	ACCCCA|TGGGGT	3	1.10	0.0003194888178913738	0.0001175159069733635	0.10028440396835064	190.74093634780291	-2.28
ACCCCC	ACCCCC|GGGGGT	2	0.64	0.00021299254526091586	6.763695694972717e-05	0.13359283896344024	254.09357970846332	-2.405
ACCCCT	ACCCCT|AGGGGT	2	1.06	0.00021299254526091586	0.00011321667527038766	0.28744106497603145	546.7129055844118	-2.738
ACCCGC	ACCCGC|GCGGGT	2	0.62	0.00021299254526091586	6.564002043074087e-05	0.1273172690314499	242.15744569781774	-2.384
ACCCGG	ACCCGG|CCGGGT	4	0.55	0.0004259850905218317	5.856629892243639e-05	0.0024647986327679156	4.688046999524575	-0.671
ACCCGT	ACCCGT|ACGGGT	1	0.84	0.00010649627263045793	8.923052314265812e-05	0.5673709485703078	1079.1395441807254	-3.033
ACCCTA	ACCCTA|TAGGGT	1	1.57	0.00010649627263045793	0.00016683995948912143	0.791251942274377	1504.961194205865	-3.178
ACCCTC	ACCCTC|GAGGGT	3	1.00	0.0003194888178913738	0.0001060860466683427	0.07959422366663332	151.38821341393657	-2.18
ACCCTG	ACCCTG|CAGGGT	3	0.96	0.0003194888178913738	0.00010243100130269724	0.07341558900744177	139.63645029215425	-2.145
ACCGAA	ACCGAA|TTCGGT	1	1.80	0.00010649627263045793	0.00019151941349710783	0.8344310066418809	1587.0877746328574	-3.201
ACCGAC	ACCGAC|GTCGGT	1	0.80	0.00010649627263045793	8.479592552996704e-05	0.5489755556999467	1044.1515069412987	-3.019
ACCGAT	ACCGAT|ATCGGT	2	1.43	0.00021299254526091586	0.00015194486465882516	0.4173707942163645	793.8392505995254	-2.9
ACCGCA	ACCGCA|TGCGGT	1	1.07	0.00010649627263045793	0.00011404632737102669	0.6572983426687609	1250.181447755983	-3.097
ACCGCT	ACCGCT|AGCGGT	2	1.03	0.00021299254526091586	0.0001098740276469339	0.2759072683236903	524.775624351659	-2.72
ACCGGA	ACCGGA|TCCGGT	2	0.92	0.00021299254526091586	9.759089977369103e-05	0.23351589374097423	444.147229895333	-2.648
ACCGGC	ACCGGC|GCCGGT	2	0.61	0.00021299254526091586	6.51544660156345e-05	0.1258021872376643	239.27576012603748	-2.379
ACCGGG	ACCGGG|CCCGGT	5	0.55	0.0005324813631522897	5.813307046163429e-05	0.00025705718762403387	0.4889227708609124	0.311
ACCGTA	ACCGTA|TACGGT	3	1.23	0.0003194888178913738	0.0001314931464888902	0.12812812704501728	243.69969763962285	-2.387
ACCGTG	ACCGTG|CACGGT	2	0.76	0.00021299254526091586	8.072990847362016e-05	0.17621558512656024	335.16204291071756	-2.525
ACCTAA	ACCTAA|TTAGGT	4	3.05	0.0004259850905218317	0.00032499676563909106	0.3643537634273003	693.0008580387251	-2.841
ACCTAC	ACCTAC|GTAGGT	4	1.35	0.0004259850905218317	0.00014389351467509925	0.048371402405211414	92.0024073747121	-1.964
ACCTAG	ACCTAG|CTAGGT	2	1.45	0.00021299254526091586	0.00015480696019171827	0.42653925761506045	811.2776679838449	-2.909
ACCTAT	ACCTAT|ATAGGT	5	2.42	0.0005324813631522897	0.000257841169560251	0.09853690578034897	187.41719479422375	-2.273
ACCTCA	ACCTCA|TGAGGT	4	1.73	0.0004259850905218317	0.00018431932117695822	0.09784428400679958	186.0998281809328	-2.27
ACCTCC	ACCTCC|GGAGGT	2	1.00	0.00021299254526091586	0.0001060860466683427	0.262824041546953	499.8913270223046	-2.699
ACCTCG	ACCTCG|CGAGGT	3	0.87	0.0003194888178913738	9.254362414109364e-05	0.057847506225036954	110.02595684002029	-2.041
ACCTCT	ACCTCT|AGAGGT	3	1.67	0.0003194888178913738	0.00017757613645002097	0.23420736100869866	445.46240063854486	-2.649
ACCTGA	ACCTGA|TCAGGT	5	1.60	0.0005324813631522897	0.00017068405833684682	0.023832724084274174	45.32984120828948	-1.656
ACCTGC	ACCTGC|GCAGGT	1	1.07	0.00010649627263045793	0.00011395354181698674	0.6569996315647431	1249.6132992361413	-3.097
ACCTGG	ACCTGG|CCAGGT	1	0.95	0.00010649627263045793	0.00010167329549151808	0.6150771077662363	1169.8766589713814	-3.068
ACCTTA	ACCTTA|TAAGGT	5	3.08	0.0005324813631522897	0.00032839950390194637	0.19898672199519454	378.47274523486004	-2.578
ACCTTC	ACCTTC|GAAGGT	1	1.96	0.00010649627263045793	0.00020881451424156018	0.8592497574545932	1634.2930386786363	-3.213
ACCTTG	ACCTTG|CAAGGT	4	1.89	0.0004259850905218317	0.00020162010417042048	0.12413957932547318	236.11347987704997	-2.373
ACGAAA	ACGAAA|TTTCGT	6	3.50	0.0006389776357827476	0.0003730712362568885	0.14280159093408518	271.60862595663	-2.434
ACGAAC	ACGAAC|GTTCGT	2	1.55	0.00021299254526091586	0.0001651786635587705	0.45910568612957015	873.2190150184424	-2.941
ACGAAG	ACGAAG|CTTCGT	4	1.67	0.0004259850905218317	0.00017770645780527895	0.0885584175450477	168.43811017068072	-2.226
ACGAAT	ACGAAT|ATTCGT	1	2.78	0.00010649627263045793	0.00029598178830058676	0.9379161254064063	1783.9164705229848	-3.251
ACGACA	ACGACA|TGTCGT	6	1.38	0.0006389776357827476	0.00014732877624442048	0.0030217472530761386	5.747363275350816	-0.759
ACGACC	ACGACC|GGTCGT	1	0.80	0.00010649627263045793	8.479592552996704e-05	0.5489755556999467	1044.1515069412987	-3.019
ACGACG	ACGACG|CGTCGT	3	0.69	0.0003194888178913738	7.397129507026073e-05	0.03348674914321392	63.691796870392885	-1.804
ACGACT	ACGACT|AGTCGT	2	1.33	0.00021299254526091586	0.0001419388629815784	0.38475463384741687	731.8033135777869	-2.864
ACGAGA	ACGAGA|TCTCGT	4	1.43	0.0004259850905218317	0.00015201477092806803	0.0568658062303124	108.15876345005418	-2.034
ACGAGC	ACGAGC|GCTCGT	4	0.95	0.0004259850905218317	0.00010148939347085878	0.016239952807414353	30.888390239702098	-1.49
ACGAGG	ACGAGG|CCTCGT	3	0.85	0.0003194888178913738	9.055235078335566e-05	0.05492298835332727	104.46352384802847	-2.019
ACGAGT	ACGAGT|ACTCGT	3	1.30	0.0003194888178913738	0.00013796387651023126	0.14184805673019432	269.7950039008296	-2.431
ACGATA	ACGATA|TATCGT	4	2.10	0.0004259850905218317	0.00022391114209735974	0.1618347812423345	307.8097539229202	-2.488
ACGATC	ACGATC|GATCGT	1	1.34	0.00010649627263045793	0.00014237505177320113	0.7373418063920347	1402.42411575765	-3.147
ACGATG	ACGATG|CATCGT	3	1.29	0.0003194888178913738	0.0001374697198326673	0.14078344226498132	267.7701071879945	-2.428
ACGCAA	ACGCAA|TTGCGT	3	2.09	0.0003194888178913738	0.00022215713574910912	0.3466022105237008	659.237404416079	-2.819
ACGCAC	ACGCAC|GTGCGT	2	0.92	0.00021299254526091586	9.836088986987573e-05	0.2361667506482424	449.1891597329571	-2.652
ACGCAG	ACGCAG|CTGCGT	3	0.99	0.0003194888178913738	0.00010582096348740351	0.07913871311996912	150.52183235418127	-2.178
ACGCAT	ACGCAT|ATGCGT	1	1.66	0.00010649627263045793	0.0001762517715986029	0.8089087345179587	1538.5444130531575	-3.187
ACGCCA	ACGCCA|TGGCGT	6	1.07	0.0006389776357827476	0.00011404632737102669	0.0008443885973265327	1.606027112115065	-0.206
ACGCCG	ACGCCG|CGGCGT	1	0.54	0.00010649627263045793	5.726073852433324e-05	0.4158972294947577	791.0365304990291	-2.898
ACGCCT	ACGCCT|AGGCGT	2	1.03	0.00021299254526091586	0.0001098740276469339	0.2759072683236903	524.775624351659	-2.72
ACGCGA	ACGCGA|TCGCGT	2	0.90	0.00021299254526091586	9.541540266521701e-05	0.2260362692765335	429.9209841639667	-2.633
ACGCGC	ACGCGC|GCGCGT	3	0.60	0.0003194888178913738	6.370204214466007e-05	0.022934125552118642	43.62070680012966	-1.64
ACGCTA	ACGCTA|TAGCGT	1	1.52	0.00010649627263045793	0.00016191411978616648	0.7813698052221756	1486.1653695325779	-3.172
ACGCTC	ACGCTC|GAGCGT	1	0.97	0.00010649627263045793	0.00010295392614872266	0.6196781330677668	1178.6278090948924	-3.071
ACGCTG	ACGCTG|CAGCGT	1	0.93	0.00010649627263045793	9.940679358546177e-05	0.6067972086862395	1154.1282909212275	-3.062
ACGGAA	ACGGAA|TTCCGT	5	1.79	0.0005324813631522897	0.00019010270009281758	0.03533663365200772	67.21027720611868	-1.827
ACGGAC	ACGGAC|GTCCGT	3	0.79	0.0003194888178913738	8.416867045365943e-05	0.046044252836062595	87.57616889419106	-1.942
ACGGAT	ACGGAT|ATCCGT	5	1.42	0.0005324813631522897	0.00015082089334675513	0.01490273324016834	28.344998622800183	-1.452
ACGGCA	ACGGCA|TGCCGT	3	1.06	0.0003194888178913738	0.00011320270030603974	0.09224164925280733	175.44361687883952	-2.244
ACGGCC	ACGGCC|GGCCGT	2	0.61	0.00021299254526091586	6.51544660156345e-05	0.1258021872376643	239.27576012603748	-2.379
ACGGCT	ACGGCT|AGCCGT	2	1.02	0.00021299254526091586	0.00010906126404815074	0.27310074669062007	519.4376202055594	-2.716
ACGGGA	ACGGGA|TCCCGT	2	0.91	0.00021299254526091586	9.686899731314385e-05	0.2310321739744822	439.42319489946516	-2.643
ACGGGC	ACGGGC|GCCCGT	2	0.61	0.00021299254526091586	6.467250335885608e-05	0.12430264111935257	236.4236234090086	-2.374
ACGGGG	ACGGGG|CCCCGT	1	0.54	0.00010649627263045793	5.7703046691972005e-05	0.4183181373397404	795.6410972201862	-2.901
ACGGTA	ACGGTA|TACCGT	1	1.23	0.00010649627263045793	0.0001305204612670552	0.7064147233936188	1343.600803894663	-3.128
ACGGTC	ACGGTC|GACCGT	2	0.78	0.00021299254526091586	8.29921068522753e-05	0.18378556328833578	349.5601413744147	-2.544
ACGGTG	ACGGTG|CACCGT	2	0.75	0.00021299254526091586	8.013273066603752e-05	0.17422556186121174	331.37701866002476	-2.52
ACGTAA	ACGTAA|TTACGT	6	2.41	0.0006389776357827476	0.00025614275766701425	0.03598523194746706	68.44391116408235	-1.835
ACGTAC	ACGTAC|GTACGT	3	1.06	0.0003194888178913738	0.00011340814911434818	0.09261844793155699	176.1602879658214	-2.246
ACGTAG	ACGTAG|CTACGT	3	1.15	0.0003194888178913738	0.00012200946557600123	0.10894950383568937	207.2219562954812	-2.316
ACGTAT	ACGTAT|ATACGT	11	1.91	0.0011714589989350373	0.0002032147860960344	5.383226497795565e-06	0.010238896798807165	1.99
ACGTCA	ACGTCA|TGACGT	3	1.36	0.0003194888178913738	0.00014526932021842695	0.1578897779935359	300.3063577437053	-2.478
ACGTCC	ACGTCC|GGACGT	2	0.79	0.00021299254526091586	8.361059375525187e-05	0.185863382601205	353.5121537074919	-2.548
ACGTCT	ACGTCT|AGACGT	1	1.31	0.00010649627263045793	0.0001399547506164209	0.7313041231503847	1390.9404422320317	-3.143
ACGTGA	ACGTGA|TCACGT	22	1.26	0.0023429179978700747	0.0001345228322695001	4.542260938176596e-20	8.639380304411885e-17	16.064
ACGTGC	ACGTGC|GCACGT	9	0.84	0.0009584664536741214	8.981127670464297e-05	2.7918383302397524e-07	0.0005310076504116009	3.275
ACGTGG	ACGTGG|CCACGT	2	0.75	0.00021299254526091586	8.013273066603768e-05	0.17422556186121227	331.3770186600257	-2.52
ACGTTA	ACGTTA|TAACGT	2	2.43	0.00021299254526091586	0.0002588245897786443	0.6981112905464841	1327.8076746194129	-3.123
ACGTTC	ACGTTC|GAACGT	4	1.55	0.0004259850905218317	0.00016457494711848245	0.0714639004744356	135.9243387023765	-2.133
ACGTTG	ACGTTG|CAACGT	1	1.49	0.00010649627263045793	0.00015890474904194072	0.7751036373878017	1474.247118311599	-3.169
ACTAAA	ACTAAA|TTTAGT	10	5.94	0.0010649627263045794	0.0006330791376316371	0.0801640562546502	152.4720349963447	-2.183
ACTAAC	ACTAAC|GTTAGT	10	2.63	0.0010649627263045794	0.00028029811928177543	0.00041264260993043234	0.7848462440876823	0.105
ACTAAG	ACTAAG|CTTAGT	9	2.83	0.0009584664536741214	0.0003015570221593615	0.0026183201869456165	4.980044995570562	-0.697
ACTAAT	ACTAAT|ATTAGT	8	4.72	0.0008519701810436634	0.0005022630454495282	0.10546034936950503	200.58558450079857	-2.302
ACTACA	ACTACA|TGTAGT	4	2.35	0.0004259850905218317	0.00025000794901517944	0.21039355777113325	400.16854688069543	-2.602
ACTACC	ACTACC|GGTAGT	3	1.35	0.0003194888178913738	0.00014389351467509925	0.15482683065637917	294.48063190843317	-2.469
ACTACG	ACTACG|CGTAGT	4	1.18	0.0004259850905218317	0.00012552477688290652	0.031948936961821016	60.766878101383575	-1.784
ACTACT	ACTACT|AGTAGT	5	2.26	0.0005324813631522897	0.00024086159489100414	0.07933586807698864	150.8968210824324	-2.179
ACTAGA	ACTAGA|TCTAGT	2	2.42	0.00021299254526091586	0.0002579597962361946	0.6963703122811301	1324.4963339587096	-3.122
ACTAGC	ACTAGC|GCTAGT	4	1.62	0.0004259850905218317	0.00017222131178466795	0.0811960613682746	154.4349087224583	-2.189
ACTAGG	ACTAGG|CCTAGT	2	1.44	0.00021299254526091586	0.0001536618172969258	0.42287994455938854	804.317654551957	-2.905
ACTAGT	ACTAGT|ACTAGT	5	2.20	0.0005324813631522897	0.00023411628524819616	0.07231818693551259	137.54919155134496	-2.138
ACTATA	ACTATA|TATAGT	5	3.57	0.0005324813631522897	0.00037996355379030976	0.2874265274721319	546.6852552519948	-2.738
ACTATC	ACTATC|GATAGT	9	2.27	0.0009584664536741214	0.0002416017806711133	0.0005828394392646893	1.1085606134814392	-0.045
ACTATG	ACTATG|CATAGT	4	2.19	0.0004259850905218317	0.00023327773150059067	0.17877842044806108	340.0365556922122	-2.532
ACTCAA	ACTCAA|TTGAGT	7	3.37	0.0007454739084132055	0.00035904577902519895	0.05583050176286282	106.18961435296508	-2.026
ACTCAC	ACTCAC|GTGAGT	3	1.49	0.0003194888178913738	0.00015896884072553568	0.1893273158547586	360.10055475575086	-2.556
ACTCAG	ACTCAG|CTGAGT	8	1.61	0.0008519701810436634	0.00017102565778233974	0.0002668819582418835	0.5076094845760624	0.294
ACTCAT	ACTCAT|ATGAGT	7	2.67	0.0007454739084132055	0.0002848544766514239	0.019671558218152856	37.41530373092673	-1.573
ACTCCA	ACTCCA|TGGAGT	3	1.73	0.0003194888178913738	0.00018431932117695822	0.2509175256753942	477.2451338345998	-2.679
ACTCCC	ACTCCC|GGGAGT	2	1.00	0.00021299254526091586	0.0001060860466683427	0.262824041546953	499.8913270223046	-2.699
ACTCCG	ACTCCG|CGGAGT	2	0.87	0.00021299254526091586	9.254362414109364e-05	0.21619054128846418	411.1944095306589	-2.614
ACTCCT	ACTCCT|AGGAGT	3	1.67	0.0003194888178913738	0.00017757613645002097	0.23420736100869866	445.46240063854486	-2.649
ACTCGA	ACTCGA|TCGAGT	1	1.45	0.00010649627263045793	0.0001542084050796613	0.7649640795871212	1454.9616793747045	-3.163
ACTCGC	ACTCGC|GCGAGT	2	0.97	0.00021299254526091586	0.00010295392614872276	0.2520067729934529	479.31688223354746	-2.681
ACTCGG	ACTCGG|CCGAGT	2	0.86	0.00021299254526091586	9.185905754594662e-05	0.2138490973990161	406.74098325292863	-2.609
ACTCTA	ACTCTA|TAGAGT	6	2.46	0.0006389776357827476	0.00026168225962121315	0.039222731393753874	74.60163511091987	-1.873
ACTCTC	ACTCTC|GAGAGT	3	1.56	0.0003194888178913738	0.00016639201119120103	0.20697732751304423	393.6708769298101	-2.595
ACTCTG	ACTCTG|CAGAGT	4	1.51	0.0004259850905218317	0.00016065920873051392	0.06672521376504689	126.9113565811192	-2.104
ACTGAA	ACTGAA|TTCAGT	7	3.12	0.0007454739084132055	0.00033248489795543323	0.0400403341653286	76.156715582455	-1.882
ACTGAC	ACTGAC|GTCAGT	1	1.38	0.00010649627263045793	0.0001472089128306219	0.7489973272446956	1424.592916419411	-3.154
ACTGAG	ACTGAG|CTCAGT	3	1.49	0.0003194888178913738	0.00015837381107753173	0.18792954435084783	357.44199335531255	-2.553
ACTGAT	ACTGAT|ATCAGT	2	2.48	0.00021299254526091586	0.0002637819942034466	0.7079318506719372	1346.4863799780246	-3.129
ACTGCA	ACTGCA|TGCAGT	6	1.86	0.0006389776357827476	0.00019798870947733137	0.011998979297873844	22.82205862455605	-1.358
ACTGCC	ACTGCC|GGCAGT	3	1.07	0.0003194888178913738	0.00011395354181698674	0.09362180813609106	178.0686790748452	-2.251
ACTGCG	ACTGCG|CGCAGT	4	0.93	0.0004259850905218317	9.940679358546177e-05	0.015175021071791287	28.86289007854703	-1.46
ACTGCT	ACTGCT|AGCAGT	2	1.79	0.00021299254526091586	0.0001907454403868826	0.5345096973714123	1016.6374444004261	-3.007
ACTGGA	ACTGGA|TCCAGT	2	1.59	0.00021299254526091586	0.00016942146887435306	0.47211393007869107	897.9606950096704	-2.953
ACTGGC	ACTGGC|GCCAGT	2	1.06	0.00021299254526091586	0.00011311060110820638	0.2870753325104165	546.0172824348122	-2.737
ACTGGG	ACTGGG|CCCAGT	2	0.95	0.00021299254526091586	0.00010092119460549824	0.2449916655746847	465.97414792305034	-2.668
ACTGTA	ACTGTA|TACAGT	7	2.14	0.0007454739084132055	0.00022827704301035597	0.006523037936512155	12.40681815524612	-1.094
ACTGTC	ACTGTC|GACAGT	2	1.36	0.00021299254526091586	0.0001451511323322214	0.39531655983277764	751.892096801943	-2.876
ACTGTG	ACTGTG|CACAGT	16	1.32	0.0017039403620873268	0.0001401501544448306	1.1241308653276457e-12	2.1380969058531823e-09	8.67
ACTTAA	ACTTAA|TTAAGT	7	6.01	0.0007454739084132055	0.0006397075193042931	0.39479806391803296	750.9059175720987	-2.876
ACTTAC	ACTTAC|GTAAGT	4	2.66	0.0004259850905218317	0.00028323285967407104	0.277012359567749	526.8775078978585	-2.722
ACTTAG	ACTTAG|CTAAGT	4	2.86	0.0004259850905218317	0.0003047143447121461	0.3217202665333363	611.9119469464057	-2.787
ACTTAT	ACTTAT|ATAAGT	7	4.77	0.0007454739084132055	0.0005075217737307422	0.20441130755627918	388.79030697204297	-2.59
ACTTCA	ACTTCA|TGAAGT	11	3.41	0.0011714589989350373	0.00036280501277635106	0.0008230487620081464	1.5654387453394945	-0.195
ACTTCC	ACTTCC|GGAAGT	2	1.96	0.00021299254526091586	0.00020881451424156018	0.5832711452407496	1109.3817182479058	-3.045
ACTTCG	ACTTCG|CGAAGT	3	1.71	0.0003194888178913738	0.00018215828120723656	0.24554217031004597	467.02120792970743	-2.669
ACTTCT	ACTTCT|AGAAGT	8	3.28	0.0008519701810436634	0.00034953206230437634	0.019224585228282416	36.56516110419316	-1.563
ACTTGA	ACTTGA|TCAAGT	7	3.15	0.0007454739084132055	0.0003359660374734519	0.04192099179035844	79.73372638526176	-1.902
ACTTGC	ACTTGC|GCAAGT	2	2.11	0.00021299254526091586	0.0002243005016014057	0.6219721784596107	1182.9910834301795	-3.073
ACTTGG	ACTTGG|CCAAGT	3	1.88	0.0003194888178913738	0.00020012867362070806	0.2906697635505508	552.8538902731476	-2.743
ACTTTA	ACTTTA|TAAAGT	6	6.07	0.0006389776357827476	0.000646405300584339	0.5654570398211218	1075.4992897397738	-3.032
ACTTTC	ACTTTC|GAAAGT	6	3.86	0.0006389776357827476	0.0004110201362697261	0.19331078238498922	367.6771080962495	-2.565
ACTTTG	ACTTTG|CAAAGT	7	3.73	0.0007454739084132055	0.0003968590162031422	0.08416368160739154	160.0793224172587	-2.204
AGAAAA	AGAAAA|TTTTCT	35	8.42	0.003727369542066028	0.000896255335820151	6.665182325719572e-12	1.2677176783518625e-08	7.897
AGAAAC	AGAAAC|GTTTCT	9	3.73	0.0009584664536741214	0.0003968203500852341	0.014274484526402663	27.150069569217866	-1.434
AGAAAG	AGAAAG|CTTTCT	12	4.01	0.0012779552715654952	0.00042691675352856675	0.0009321949945017162	1.7730348795422644	-0.249
AGAAAT	AGAAAT|ATTTCT	15	6.68	0.001597444089456869	0.0007110579194782216	0.003767300894115173	7.165406300607059	-0.855
AGAACA	AGAACA|TGTTCT	9	3.32	0.0009584664536741214	0.0003539383072084182	0.007218985211237099	13.730509871772963	-1.138
AGAACC	AGAACC|GGTTCT	4	1.91	0.0004259850905218317	0.00020371123079483398	0.12750278047655528	242.51028846640813	-2.385
AGAACG	AGAACG|CGTTCT	4	1.67	0.0004259850905218317	0.00017770645780527895	0.0885584175450477	168.43811017068072	-2.226
AGAACT	AGAACT|AGTTCT	8	3.20	0.0008519701810436634	0.0003409897385385364	0.016882523926874258	32.11056050891484	-1.507
AGAAGA	AGAAGA|TCTTCT	10	3.43	0.0010649627263045794	0.0003651958026427541	0.0028756848617607486	5.469552607068944	-0.738
AGAAGC	AGAAGC|GCTTCT	5	2.29	0.0005324813631522897	0.0002438151258725684	0.08251920213560641	156.9515224619234	-2.196
AGAAGG	AGAAGG|CCTTCT	4	2.04	0.0004259850905218317	0.00021754029706207888	0.1506633277494143	286.561649379386	-2.457
AGAATA	AGAATA|TATTCT	7	5.05	0.0007454739084132055	0.0005379175244594785	0.24531801201606065	466.59485885454734	-2.669
AGAATC	AGAATC|GATTCT	2	3.21	0.00021299254526091586	0.00034203762562798123	0.830323064671242	1579.2744690047023	-3.198
AGAATG	AGAATG|CATTCT	6	3.10	0.0006389776357827476	0.00033025320083612944	0.09444968499462254	179.64330085977207	-2.254
AGACAA	AGACAA|TTGTCT	7	3.32	0.0007454739084132055	0.0003539383072084182	0.05253401002729644	99.91968707191783	-2.0
AGACAC	AGACAC|GTGTCT	1	1.47	0.00010649627263045793	0.00015670748877215425	0.7704153149649627	1465.329929063359	-3.166
AGACAG	AGACAG|CTGTCT	2	1.58	0.00021299254526091586	0.0001685927960747289	0.46958810265816037	893.1565712558211	-2.951
AGACAT	AGACAT|ATGTCT	3	2.64	0.0003194888178913738	0.0002808023855355473	0.4907528169911095	933.4118579170903	-2.97
AGACCA	AGACCA|TGGTCT	3	1.71	0.0003194888178913738	0.0001816973554188441	0.2443980029249259	464.84500156320905	-2.667
AGACCC	AGACCC|GGGTCT	1	0.98	0.00010649627263045793	0.00010457695917820896	0.625430400444996	1189.5686216463823	-3.075
AGACCG	AGACCG|CGGTCT	2	0.86	0.00021299254526091586	9.122717933172514e-05	0.21168998982124576	402.63436064000945	-2.605
AGACCT	AGACCT|AGGTCT	2	1.64	0.00021299254526091586	0.0001750500933512448	0.4890753818200203	930.2213762216786	-2.969
AGACGA	AGACGA|TCGTCT	2	1.43	0.00021299254526091586	0.00015201477092806803	0.4175956249624439	794.2668786785683	-2.9
AGACGC	AGACGC|GCGTCT	3	0.95	0.0003194888178913738	0.00010148939347085878	0.07185997975884502	136.67768150132324	-2.136
AGACGG	AGACGG|CCGTCT	1	0.85	0.00010649627263045793	9.055235078335566e-05	0.5727075364473513	1089.2897343228622	-3.037
AGACTA	AGACTA|TAGTCT	4	2.42	0.0004259850905218317	0.00025795979623619437	0.22593883381375154	429.73566191375545	-2.633
AGACTC	AGACTC|GAGTCT	2	1.54	0.00021299254526091586	0.00016402506369496853	0.4555364937339827	866.4304110820351	-2.938
AGACTG	AGACTG|CAGTCT	3	1.49	0.0003194888178913738	0.0001583738110775316	0.18792954435084744	357.4419933553118	-2.553
AGAGAA	AGAGAA|TTCTCT	13	3.43	0.0013844515441959531	0.0003651958026427541	6.210980951678997e-05	0.11813285770093453	0.928
AGAGAC	AGAGAC|GTCTCT	4	1.52	0.0004259850905218317	0.00016169178632754701	0.06795846781542883	129.25700578494565	-2.111
AGAGAG	AGAGAG|CTCTCT	9	1.63	0.0009584664536741214	0.00017395512220168182	5.306591930494841e-05	0.10093137851801187	0.996
AGAGAT	AGAGAT|ATCTCT	5	2.72	0.0005324813631522897	0.0002897336922314784	0.1401727799141026	266.60862739662315	-2.426
AGAGCA	AGAGCA|TGCTCT	5	2.04	0.0005324813631522897	0.00021746745827074798	0.056523797736817274	107.50826329542646	-2.031
AGAGCC	AGAGCC|GGCTCT	3	1.18	0.0003194888178913738	0.0001251646478494109	0.11520023480712333	219.11084660314856	-2.341
AGAGCG	AGAGCG|CGCTCT	2	1.03	0.00021299254526091586	0.00010918674500653989	0.27353407677742575	520.2618140306638	-2.716
AGAGCT	AGAGCT|AGCTCT	4	1.97	0.0004259850905218317	0.0002095115737012225	0.13702710927619333	260.6255618433197	-2.416
AGAGGA	AGAGGA|TCCTCT	7	1.75	0.0007454739084132055	0.0001860896831433744	0.0021831242059789577	4.152302239771977	-0.618
AGAGGC	AGAGGC|GCCTCT	4	1.17	0.0004259850905218317	0.00012423877599593332	0.030944369257244284	58.856190327278625	-1.77
AGAGGG	AGAGGG|CCCTCT	3	1.04	0.0003194888178913738	0.00011085013753785816	0.08797296961607838	167.32458820978107	-2.224
AGAGTA	AGAGTA|TACTCT	7	2.35	0.0007454739084132055	0.00025073565283634605	0.010533366672877464	20.034463411812936	-1.302
AGAGTC	AGAGTC|GACTCT	3	1.50	0.0003194888178913738	0.00015943155494441602	0.19041610592039504	362.17143346059135	-2.559
AGAGTG	AGAGTG|CACTCT	3	1.45	0.0003194888178913738	0.00015393856520318227	0.177597911274104	337.79122724334576	-2.529
AGATAA	AGATAA|TTATCT	8	5.05	0.0008519701810436634	0.0005379175244594785	0.1387572668224614	263.9163214963216	-2.421
AGATAC	AGATAC|GTATCT	2	2.24	0.00021299254526091586	0.00023816496465001408	0.6542077058553799	1244.3030565369327	-3.095
AGATAG	AGATAG|CTATCT	9	2.41	0.0009584664536741214	0.00025622832470862566	0.0008769022085071556	1.66786800058061	-0.222
AGATAT	AGATAT|ATATCT	16	4.01	0.0017039403620873268	0.00042676511983387005	5.003880281987025e-06	0.009517380296339322	2.021
AGATCA	AGATCA|TGATCT	4	2.86	0.0004259850905218317	0.00030507562979154544	0.3224778709275258	613.352910504154	-2.788
AGATCG	AGATCG|CGATCT	1	1.44	0.00010649627263045793	0.00015317333113944645	0.762668547089459	1450.5955765641509	-3.162
AGATCT	AGATCT|AGATCT	1	2.76	0.00010649627263045793	0.00029391466568732063	0.9366992885655255	1781.6020468516297	-3.251
AGATGA	AGATGA|TCATCT	9	2.65	0.0009584664536741214	0.0002825072610944481	0.0017012558319231057	3.235788592317747	-0.51
AGATGC	AGATGC|GCATCT	10	1.77	0.0010649627263045794	0.00018860989892328396	1.6918782583235055e-05	0.03217952447331308	1.492
AGATGG	AGATGG|CCATCT	5	1.58	0.0005324813631522897	0.00016828428217396406	0.022606274105140732	42.99713334797767	-1.633
AGATTA	AGATTA|TAATCT	5	5.10	0.0005324813631522897	0.0005435495575633751	0.577549757073935	1098.4996379546244	-3.041
AGATTC	AGATTC|GAATCT	1	3.25	0.00010649627263045793	0.0003456187828551057	0.9610454762535222	1827.9084958341994	-3.262
AGATTG	AGATTG|CAATCT	1	3.13	0.00010649627263045793	0.00033371097433336933	0.9564369536587412	1819.1430858589256	-3.26
AGCAAA	AGCAAA|TTTGCT	11	5.01	0.0011714589989350373	0.0005337037513354648	0.013904598063656818	26.44654551707527	-1.422
AGCAAC	AGCAAC|GTTGCT	6	2.22	0.0006389776357827476	0.00023629930108359218	0.025817569173910374	49.10501656877753	-1.691
AGCAAG	AGCAAG|CTTGCT	7	2.39	0.0007454739084132055	0.00025422116193891817	0.011287329179335477	21.46850009909608	-1.332
AGCAAT	AGCAAT|ATTGCT	7	3.98	0.0007454739084132055	0.00042342205828548593	0.10818143312627888	205.76108580618245	-2.313
AGCACA	AGCACA|TGTGCT	2	1.98	0.00021299254526091586	0.0002107638244915985	0.5883000059383157	1118.9466112946764	-3.049
AGCACC	AGCACC|GGTGCT	1	1.14	0.00010649627263045793	0.00012130633282632347	0.6798822766071987	1293.136090106892	-3.112
AGCACG	AGCACG|CGTGCT	3	0.99	0.0003194888178913738	0.00010582096348740362	0.0791387131199693	150.5218323541816	-2.178
AGCACT	AGCACT|AGTGCT	4	1.91	0.0004259850905218317	0.00020305318735802216	0.12644033550042594	240.48951812181014	-2.381
AGCAGA	AGCAGA|TCTGCT	2	2.04	0.00021299254526091586	0.00021746745827074798	0.605248115148906	1151.1819150132192	-3.061
AGCAGG	AGCAGG|CCTGCT	3	1.22	0.0003194888178913738	0.00012954129026458678	0.12408709724120814	236.0136589527779	-2.373
AGCATA	AGCATA|TATGCT	7	3.01	0.0007454739084132055	0.00032032010213964247	0.03390355604067768	64.48456358936895	-1.809
AGCATC	AGCATC|GATGCT	4	1.91	0.0004259850905218317	0.00020367718506075373	0.1274477200273354	242.40556349199193	-2.385
AGCATG	AGCATG|CATGCT	4	1.85	0.0004259850905218317	0.00019665977443302608	0.11631646375382491	221.23391405977497	-2.345
AGCCAA	AGCCAA|TTGGCT	7	2.57	0.0007454739084132055	0.0002739815335605013	0.016315153528884848	31.031422011938982	-1.492
AGCCAC	AGCCAC|GTGGCT	10	1.14	0.0010649627263045794	0.00012130633282632335	3.6144851888533654e-07	0.0006874750829199101	3.163
AGCCAT	AGCCAT|ATGGCT	4	2.04	0.0004259850905218317	0.00021736745260289968	0.15036445547318575	285.9931943099993	-2.456
AGCCCA	AGCCCA|TGGGCT	2	1.32	0.00021299254526091586	0.00014065083961716575	0.38049692502915783	723.7051514054582	-2.86
AGCCCC	AGCCCC|GGGGCT	1	0.76	0.00010649627263045793	8.095240065062434e-05	0.5324004641980444	1012.6256829046805	-3.005
AGCCCT	AGCCCT|AGGGCT	1	1.27	0.00010649627263045793	0.00013550523367915983	0.7198399254221588	1369.135538152946	-3.136
AGCCGA	AGCCGA|TCGGCT	2	1.10	0.00021299254526091586	0.00011767372791946774	0.3027851010606377	575.8972622173329	-2.76
AGCCGG	AGCCGG|CCGGCT	1	0.66	0.00010649627263045793	7.009603490170655e-05	0.4822184106017656	917.1794169645582	-2.962
AGCCTA	AGCCTA|TAGGCT	1	1.88	0.00010649627263045793	0.00019968514040535605	0.8466516991061972	1610.3315316999872	-3.207
AGCCTC	AGCCTC|GAGGCT	4	1.19	0.0004259850905218317	0.0001269708239493934	0.03310112667380474	62.958342933576624	-1.799
AGCGAA	AGCGAA|TTCGCT	5	2.15	0.0005324813631522897	0.0002292231494878482	0.0674494007332973	128.28876019473148	-2.108
AGCGAC	AGCGAC|GTCGCT	4	0.95	0.0004259850905218317	0.00010148939347085867	0.016239952807414294	30.888390239701987	-1.49
AGCGAG	AGCGAG|CTCGCT	2	1.03	0.00021299254526091586	0.00010918674500653978	0.2735340767774253	520.2618140306629	-2.716
AGCGAT	AGCGAT|ATCGCT	4	1.71	0.0004259850905218317	0.00018185770199284109	0.09433618969598569	179.42743280176478	-2.254
AGCGCA	AGCGCA|TGCGCT	2	1.28	0.00021299254526091586	0.00013649821639571646	0.3666863446883685	697.437427597277	-2.844
AGCGCC	AGCGCC|GGCGCT	2	0.74	0.00021299254526091586	7.85623344434915e-05	0.1690101814792257	321.4573651734873	-2.507
AGCGCG	AGCGCG|CGCGCT	1	0.64	0.00010649627263045793	6.853345353809803e-05	0.4745651790077861	902.6229704728091	-2.956
AGCGCT	AGCGCT|AGCGCT	1	1.23	0.00010649627263045793	0.0001315045310773439	0.7091150779264594	1348.736878216126	-3.13
AGCGGA	AGCGGA|TCCGCT	5	1.10	0.0005324813631522897	0.00011680326813352634	0.0053702377003248996	10.21419210601796	-1.009
AGCGGG	AGCGGG|CCCGCT	4	0.65	0.0004259850905218317	6.957751831678431e-05	0.004527946256437408	8.61215377974395	-0.935
AGCGTA	AGCGTA|TACGCT	2	1.48	0.00021299254526091586	0.0001573797278504383	0.43471561185530994	826.8290937487996	-2.917
AGCGTC	AGCGTC|GACGCT	1	0.94	0.00010649627263045793	0.00010007070970597603	0.6092408776232009	1158.776149239328	-3.064
AGCGTG	AGCGTG|CACGCT	3	0.91	0.0003194888178913738	9.662291430559538e-05	0.06406250950601555	121.84689308044157	-2.086
AGCTAA	AGCTAA|TTAGCT	4	3.65	0.0004259850905218317	0.00038897770639988687	0.4958888363276953	943.1805666952765	-2.975
AGCTAC	AGCTAC|GTAGCT	1	1.62	0.00010649627263045793	0.00017222131178466795	0.8015380961962372	1524.5254589652432	-3.183
AGCTAG	AGCTAG|CTAGCT	5	1.74	0.0005324813631522897	0.0001852832479477151	0.0322141383714971	61.27129118258748	-1.787
AGCTAT	AGCTAT|ATAGCT	5	2.90	0.0005324813631522897	0.00030860143039819596	0.16786105790517597	319.2717321356447	-2.504
AGCTCA	AGCTCA|TGAGCT	5	2.07	0.0005324813631522897	0.00022060560096839806	0.0593332282305735	112.8518000945508	-2.053
AGCTCG	AGCTCG|CGAGCT	2	1.04	0.00021299254526091586	0.00011076235355619176	0.27897395292327093	530.6084584600613	-2.725
AGCTGA	AGCTGA|TCAGCT	2	1.92	0.00021299254526091586	0.0002042860131248808	0.5714136429060331	1086.8287488072751	-3.036
AGCTGC	AGCTGC|GCAGCT	4	1.28	0.0004259850905218317	0.00013638716448439504	0.04119139144886518	78.34602653574157	-1.894
AGCTGG	AGCTGG|CCAGCT	3	1.14	0.0003194888178913738	0.00012168935036826624	0.10832286858518271	206.03009604901752	-2.314
AGCTTA	AGCTTA|TAAGCT	4	3.69	0.0004259850905218317	0.00039305032946849436	0.5039128618356014	958.4422632113137	-2.982
AGCTTC	AGCTTC|GAAGCT	7	2.35	0.0007454739084132055	0.00024992307432033974	0.010362988207294246	19.710403570273655	-1.295
AGCTTG	AGCTTG|CAAGCT	3	2.27	0.0003194888178913738	0.00024131232669376222	0.3949049651294982	751.1092436763056	-2.876
AGGAAA	AGGAAA|TTTCCT	15	4.29	0.001597444089456869	0.0004566971204252408	4.3436979945317094e-05	0.08261713585599312	1.083
AGGAAC	AGGAAC|GTTCCT	2	1.90	0.00021299254526091586	0.00020220433169775698	0.5658810791506537	1076.3058125445432	-3.032
AGGAAG	AGGAAG|CTTCCT	4	2.04	0.0004259850905218317	0.00021754029706207864	0.15066332774941388	286.5616493793852	-2.457
AGGAAT	AGGAAT|ATTCCT	3	3.40	0.0003194888178913738	0.00036232766634979437	0.6606952381107034	1256.6423428865578	-3.099
AGGACA	AGGACA|TGTCCT	3	1.69	0.0003194888178913738	0.0001803532980502168	0.24106653588745142	458.5085512579326	-2.661
AGGACC	AGGACC|GGTCCT	2	0.97	0.00021299254526091586	0.00010380337922021728	0.254939823039822	484.8955434217414	-2.686
AGGACG	AGGACG|CGTCCT	2	0.85	0.00021299254526091586	9.055235078335547e-05	0.2093864915788034	398.25310698288405	-2.6
AGGAGA	AGGAGA|TCTCCT	8	1.75	0.0008519701810436634	0.0001860896831433742	0.00046360801406965593	0.8817824427604856	0.055
AGGAGC	AGGAGC|GCTCCT	2	1.17	0.00021299254526091586	0.00012423877599593305	0.3252695598291684	618.6627027950783	-2.791
AGGAGG	AGGAGG|CCTCCT	1	1.04	0.00010649627263045793	0.00011085013753785794	0.6468572071364178	1230.3224079734666	-3.09
AGGATA	AGGATA|TATCCT	3	2.57	0.0003194888178913738	0.0002741020048958627	0.47497785559533273	903.4078813423229	-2.956
AGGATC	AGGATC|GATCCT	1	1.64	0.00010649627263045793	0.0001742891701263258	0.8053544968614619	1531.7842530305004	-3.185
AGGATG	AGGATG|CATCCT	3	1.58	0.0003194888178913738	0.00016828428217396406	0.21153482713286906	402.33924120671696	-2.605
AGGCAA	AGGCAA|TTGCCT	6	2.55	0.0006389776357827476	0.00027195482877880056	0.04570178372712743	86.92479264899637	-1.939
AGGCCA	AGGCCA|TGGCCT	3	1.31	0.0003194888178913738	0.00013961041282088539	0.14541466364226133	276.57869024758105	-2.442
AGGCCC	AGGCCC|GGGCCT	1	0.75	0.00010649627263045793	8.035357701694122e-05	0.5297637674902058	1007.6106857663715	-3.003
AGGCCG	AGGCCG|CGGCCT	1	0.66	0.00010649627263045793	7.009603490170655e-05	0.4822184106017656	917.1794169645582	-2.962
AGGCCT	AGGCCT|AGGCCT	2	1.26	0.00021299254526091586	0.0001345028701202947	0.3600073325209413	684.7339464548304	-2.836
AGGCGC	AGGCGC|GCGCCT	4	0.73	0.0004259850905218317	7.79811906824174e-05	0.006718004581338025	12.777644713704923	-1.106
AGGCTC	AGGCTC|GAGCCT	2	1.18	0.00021299254526091586	0.00012603159139349602	0.33137811023922986	630.2811656750152	-2.8
AGGCTG	AGGCTG|CAGCCT	2	1.14	0.00021299254526091586	0.00012168935036826624	0.3165580466548635	602.0934047375504	-2.78
AGGGAA	AGGGAA|TTCCCT	4	2.19	0.0004259850905218317	0.00023271522240238103	0.1777444146240994	338.06987661503706	-2.529
AGGGAC	AGGGAC|GTCCCT	4	0.97	0.0004259850905218317	0.00010303552161212103	0.017060079983457238	32.44827212853567	-1.511
AGGGAG	AGGGAG|CTCCCT	1	1.04	0.00010649627263045793	0.00011085013753785805	0.646857207136418	1230.322407973467	-3.09
AGGGAT	AGGGAT|ATCCCT	4	1.73	0.0004259850905218317	0.00018462819160895225	0.09828871315307595	186.94513241715046	-2.272
AGGGCA	AGGGCA|TGCCCT	1	1.30	0.00010649627263045793	0.0001385776823022907	0.7278071446264609	1384.2891890795286	-3.141
AGGGCG	AGGGCG|CGCCCT	1	0.65	0.00010649627263045793	6.957751831678431e-05	0.47969125176288485	912.372760853007	-2.96
AGGGGA	AGGGGA|TCCCCT	1	1.11	0.00010649627263045793	0.00011858269368408424	0.6715896855459573	1277.3635819084109	-3.106
AGGGGG	AGGGGG|CCCCCT	1	0.66	0.00010649627263045793	7.063748877664989e-05	0.4848442617233604	922.1737857978316	-2.965
AGGGTA	AGGGTA|TACCCT	1	1.50	0.00010649627263045793	0.00015977731066941166	0.7769387646390019	1477.7375303433816	-3.17
AGGGTC	AGGGTC|GACCCT	3	0.95	0.0003194888178913738	0.00010159522507749544	0.07203407388953642	137.00880853789826	-2.137
AGGGTG	AGGGTG|CACCCT	1	0.92	0.00010649627263045793	9.809490464655202e-05	0.601923529265995	1144.8585526639224	-3.059
AGGTAA	AGGTAA|TTACCT	6	2.94	0.0006389776357827476	0.00031355850699718915	0.07840829757687963	149.13258199122507	-2.174
AGGTAC	AGGTAC|GTACCT	1	1.30	0.00010649627263045793	0.00013882918354395852	0.7284491959328748	1385.5103706643279	-3.142
AGGTAG	AGGTAG|CTACCT	2	1.40	0.00021299254526091586	0.0001493585304304022	0.4090219947763914	777.9598340646965	-2.891
AGGTAT	AGGTAT|ATACCT	6	2.34	0.0006389776357827476	0.00024876645160063973	0.031948024661304954	60.76514290580202	-1.784
AGGTCA	AGGTCA|TGACCT	5	1.67	0.0005324813631522897	0.00017783220410003616	0.027736650322035712	52.75510891251192	-1.722
AGGTCG	AGGTCG|CGACCT	1	0.84	0.00010649627263045793	8.92865520083811e-05	0.567598499630631	1079.5723462974602	-3.033
AGGTGA	AGGTGA|TCACCT	9	1.55	0.0009584664536741214	0.00016467683422965556	3.500078120555082e-05	0.06657148585295766	1.177
AGGTGC	AGGTGC|GCACCT	3	1.03	0.0003194888178913738	0.00010994294779799598	0.08634975978254611	164.2372431064027	-2.215
AGGTGG	AGGTGG|CCACCT	4	0.92	0.0004259850905218317	9.809490464655202e-05	0.01452739191207869	27.631099416773665	-1.441
AGGTTA	AGGTTA|TAACCT	6	2.98	0.0006389776357827476	0.0003168414859133177	0.08143253757734392	154.88468647210814	-2.19
AGGTTC	AGGTTC|GAACCT	4	1.89	0.0004259850905218317	0.00020146528903502254	0.12389210535899683	235.642784392812	-2.372
AGGTTG	AGGTTG|CAACCT	7	1.83	0.0007454739084132055	0.000194524086170446	0.0027835358647746197	5.294285214801326	-0.724
AGTAAA	AGTAAA|TTTACT	19	5.78	0.0020234291799787005	0.0006153498071683906	1.057776492800132e-05	0.02011890889305851	1.696
AGTAAC	AGTAAC|GTTACT	5	2.56	0.0005324813631522897	0.0002724483929370342	0.11674461271387071	222.0482533817821	-2.346
AGTAAG	AGTAAG|CTTACT	6	2.75	0.0006389776357827476	0.0002931119419449401	0.06102997608241687	116.07901450875688	-2.065
AGTAAT	AGTAAT|ATTACT	4	4.58	0.0004259850905218317	0.0004881972091536674	0.6717055470396032	1277.5839504693251	-3.106
AGTACA	AGTACA|TGTACT	8	2.28	0.0008519701810436634	0.00024300649645885199	0.002468046300977237	4.694224064458704	-0.672
AGTACC	AGTACC|GGTACT	3	1.31	0.0003194888178913738	0.0001398637883398788	0.14596611013854283	277.6275414835085	-2.443
AGTACG	AGTACG|CGTACT	4	1.15	0.0004259850905218317	0.00012200946557600123	0.029247649183182192	55.62902874641253	-1.745
AGTACT	AGTACT|AGTACT	1	2.20	0.00010649627263045793	0.00023411628524819616	0.8890140784371152	1690.9047771873932	-3.228
AGTAGA	AGTAGA|TCTACT	5	2.35	0.0005324813631522897	0.0002507356528363463	0.09023831545408392	171.6332759936676	-2.235
AGTAGC	AGTAGC|GCTACT	3	1.57	0.0003194888178913738	0.00016739826776387317	0.20939812864882526	398.27524069006563	-2.6
AGTAGG	AGTAGG|CCTACT	1	1.40	0.00010649627263045793	0.00014935853043040236	0.7540130026485112	1434.1327310374684	-3.157
AGTATA	AGTATA|TATACT	13	3.47	0.0013844515441959531	0.00036932270494739993	6.938861411553363e-05	0.13197714404774497	0.88
AGTATC	AGTATC|GATACT	2	2.21	0.00021299254526091586	0.00023483574218491167	0.6466732280961489	1229.9724798388752	-3.09
AGTATG	AGTATG|CATACT	4	2.13	0.0004259850905218317	0.0002267448073436475	0.1668977529225252	317.43952605864297	-2.502
AGTCAA	AGTCAA|TTGACT	12	3.28	0.0012779552715654952	0.000348990730786545	0.00016038793933575163	0.3050578606165996	0.516
AGTCAC	AGTCAC|GTGACT	7	1.45	0.0007454739084132055	0.00015451693109362776	0.0007650417121093665	1.4551093364320151	-0.163
AGTCAG	AGTCAG|CTGACT	1	1.56	0.00010649627263045793	0.0001662360979559638	0.7900649243855826	1502.7034861813781	-3.177
AGTCAT	AGTCAT|ATGACT	15	2.60	0.001597444089456869	0.00027687714988406043	1.1344142400713471e-07	0.00021576558846157022	3.666
AGTCCA	AGTCCA|TGGACT	2	1.68	0.00021299254526091586	0.00017915747337364456	0.5012340152616817	953.3470970277185	-2.979
AGTCCC	AGTCCC|GGGACT	3	0.97	0.0003194888178913738	0.0001031151154417054	0.0745551617260546	141.80391760295586	-2.152
AGTCCG	AGTCCG|CGGACT	2	0.84	0.00021299254526091586	8.99519473709477e-05	0.20733919590190328	394.35915060542004	-2.596
AGTCGA	AGTCGA|TCGACT	2	1.41	0.00021299254526091586	0.00014988981106613006	0.41074182509409995	781.2309513289781	-2.893
AGTCGC	AGTCGC|GCGACT	5	0.94	0.0005324813631522897	0.00010007070970597614	0.0028158873615750173	5.355817761715683	-0.729
AGTCGG	AGTCGG|CCGACT	2	0.84	0.00021299254526091586	8.928655200838129e-05	0.2050727689395665	390.04840652305546	-2.591
AGTCTA	AGTCTA|TAGACT	4	2.39	0.0004259850905218317	0.0002543538689328865	0.21885248680881692	416.25742991036975	-2.619
AGTCTC	AGTCTC|GAGACT	3	1.52	0.0003194888178913738	0.000161732216265895	0.19585297751220754	372.51236322821876	-2.571
AGTCTG	AGTCTG|CAGACT	2	1.47	0.00021299254526091586	0.0001561599604782293	0.4308469702404184	819.4709373972757	-2.914
AGTGAA	AGTGAA|TTCACT	4	3.03	0.0004259850905218317	0.0003231736850604024	0.36051964738544234	685.7083693271113	-2.836
AGTGAC	AGTGAC|GTCACT	2	1.34	0.00021299254526091586	0.00014308633903602	0.38853694338080935	738.9972663102994	-2.869
AGTGAG	AGTGAG|CTCACT	3	1.45	0.0003194888178913738	0.0001539385652031824	0.17759791127410426	337.7912272433463	-2.529
AGTGAT	AGTGAT|ATCACT	8	2.41	0.0008519701810436634	0.00025639480061658693	0.0034013744835888083	6.469414267785913	-0.811
AGTGCA	AGTGCA|TGCACT	7	1.81	0.0007454739084132055	0.00019244405155123526	0.0026249517708629593	4.992658268181349	-0.698
AGTGCG	AGTGCG|CGCACT	2	0.91	0.00021299254526091586	9.662291430559538e-05	0.23018589593813332	437.81357407432955	-2.641
AGTGGA	AGTGGA|TCCACT	5	1.55	0.0005324813631522897	0.00016467683422965592	0.020840742727021543	39.63909266679497	-1.598
AGTGGC	AGTGGC|GCCACT	2	1.03	0.00021299254526091586	0.0001099429477979962	0.2761452256329289	525.2282191538308	-2.72
AGTGTA	AGTGTA|TACACT	4	2.08	0.0004259850905218317	0.0002218841627334225	0.1582481111548315	300.9879074164895	-2.479
AGTGTC	AGTGTC|GACACT	2	1.32	0.00021299254526091586	0.00014108618651540036	0.3819374310260944	726.4449938116315	-2.861
AGTGTG	AGTGTG|CACACT	5	1.28	0.0005324813631522897	0.0001362252606125634	0.010001524619027837	19.022899825390947	-1.279
AGTTAA	AGTTAA|TTAACT	7	5.84	0.0007454739084132055	0.000621792561544038	0.367796798876239	699.5495114626066	-2.845
AGTTAC	AGTTAC|GTAACT	8	2.59	0.0008519701810436634	0.0002753009461600709	0.005159333317761369	9.813051970382123	-0.992
AGTTAG	AGTTAG|CTAACT	6	2.78	0.0006389776357827476	0.000296180843932917	0.06347749205443919	120.73418988754334	-2.082
AGTTAT	AGTTAT|ATAACT	4	4.63	0.0004259850905218317	0.0004933086671712254	0.6795099734174027	1292.4279694399	-3.111
AGTTCA	AGTTCA|TGAACT	5	3.31	0.0005324813631522897	0.00035264468749806487	0.23947766913084076	455.4865266868591	-2.658
AGTTCC	AGTTCC|GGAACT	5	1.91	0.0005324813631522897	0.0002029666805214968	0.044558638216462644	84.75052988771195	-1.928
AGTTCG	AGTTCG|CGAACT	3	1.66	0.0003194888178913738	0.00017705695315491454	0.23292890913693398	443.0307851784484	-2.646
AGTTGA	AGTTGA|TCAACT	9	3.07	0.0009584664536741214	0.0003265573355454788	0.004371209703946106	8.314040856905494	-0.92
AGTTGC	AGTTGC|GCAACT	5	2.05	0.0005324813631522897	0.00021801898404762846	0.05701188643062527	108.43660799104926	-2.035
AGTTGG	AGTTGG|CCAACT	5	1.83	0.0005324813631522897	0.00019452408617044639	0.03835980115198738	72.96034179108	-1.863
AGTTTA	AGTTTA|TAAACT	16	5.90	0.0017039403620873268	0.0006283027719966377	0.00042620946827007466	0.810650408649682	0.091
AGTTTC	AGTTTC|GAAACT	5	3.75	0.0005324813631522897	0.00039950955032586467	0.32272263740772533	613.8184563494935	-2.788
AGTTTG	AGTTTG|CAAACT	6	3.62	0.0006389776357827476	0.0003857450112907288	0.1589435526026056	302.31063705015583	-2.48
ATAAAA	ATAAAA|TTTTAT	26	12.40	0.0027689030883919063	0.0013201451058285879	0.0004937928322457442	0.9391939669314054	0.027
ATAAAC	ATAAAC|GTTTAT	11	5.49	0.0011714589989350373	0.0005844991065842093	0.024923231244176204	47.40398582642314	-1.676
ATAAAG	ATAAAG|CTTTAT	11	5.90	0.0011714589989350373	0.0006288297991009801	0.03880921919467776	73.8151349082771	-1.868
ATAAAT	ATAAAT|ATTTAT	19	9.83	0.0020234291799787005	0.0010473573711009946	0.006089329657277022	11.581905008140895	-1.064
ATAACA	ATAACA|TGTTAT	10	4.90	0.0010649627263045794	0.0005213357235958595	0.028189503380799463	53.616435430280575	-1.729
ATAACC	ATAACC|GGTTAT	5	2.82	0.0005324813631522897	0.00030005777772025794	0.15506621714872074	294.93594501686687	-2.47
ATAACG	ATAACG|CGTTAT	5	2.46	0.0005324813631522897	0.0002617538787996121	0.10326479245651894	196.40963525229904	-2.293
ATAAGA	ATAAGA|TCTTAT	12	5.05	0.0012779552715654952	0.000537917524459479	0.005886887570809295	11.196860159679279	-1.049
ATAAGC	ATAAGC|GCTTAT	10	3.37	0.0010649627263045794	0.0003591290699018398	0.002557129934763918	4.863661135920973	-0.687
ATAAGG	ATAAGG|CCTTAT	2	3.01	0.00021299254526091586	0.000320427390509426	0.8021642148330397	1525.7163366124414	-3.183
ATAATA	ATAATA|TATTAT	24	7.44	0.0025559105431309905	0.000792329104077	1.1078786958736782e-06	0.002107185279551736	2.676
ATAATC	ATAATC|GATTAT	7	4.73	0.0007454739084132055	0.0005038065375296346	0.19959880909306937	379.63693489501793	-2.579
ATAATG	ATAATG|CATTAT	7	4.57	0.0007454739084132055	0.00048644859265365613	0.17772662970991543	338.03604970825916	-2.529
ATACAA	ATACAA|TTGTAT	8	4.90	0.0008519701810436634	0.0005213357235958595	0.12267184113211639	233.32184183328536	-2.368
ATACAC	ATACAC|GTGTAT	5	2.17	0.0005324813631522897	0.00023082331126088955	0.06902094398974112	131.2778354684876	-2.118
ATACAG	ATACAG|CTGTAT	7	2.33	0.0007454739084132055	0.00024832985168489133	0.010034754047349713	19.08610219805915	-1.281
ATACAT	ATACAT|ATGTAT	13	3.88	0.0013844515441959531	0.00041360969374929597	0.00020730596409752165	0.3942959437134862	0.404
ATACCA	ATACCA|TGGTAT	8	2.51	0.0008519701810436634	0.0002676322973058627	0.0043781277276089305	8.327198937912186	-0.92
ATACCC	ATACCC|GGGTAT	2	1.45	0.00021299254526091586	0.00015403730981999089	0.4240811748233253	806.6023945139647	-2.907
ATACCG	ATACCG|CGGTAT	1	1.26	0.00010649627263045793	0.00013437366507069903	0.7168472332121771	1363.443437569561	-3.135
ATACGA	ATACGA|TCGTAT	2	2.10	0.00021299254526091586	0.00022391114209735998	0.6210341285848879	1181.2069125684568	-3.072
ATACGC	ATACGC|GCGTAT	1	1.40	0.00010649627263045793	0.0001494894598997974	0.7543152400536383	1434.70758658202	-3.157
ATACGG	ATACGG|CCGTAT	3	1.25	0.0003194888178913738	0.00013337967198658726	0.13207778966523054	251.2119559432685	-2.4
ATACTA	ATACTA|TAGTAT	9	3.57	0.0009584664536741214	0.00037996355379030976	0.011068898784120113	21.053045487396457	-1.323
ATACTC	ATACTC|GAGTAT	4	2.27	0.0004259850905218317	0.0002416017806711133	0.19430826992792113	369.574329402906	-2.568
ATACTG	ATACTG|CAGTAT	4	2.19	0.0004259850905218317	0.00023327773150059067	0.17877842044806108	340.0365556922122	-2.532
ATAGAA	ATAGAA|TTCTAT	16	5.05	0.0017039403620873268	0.000537917524459479	7.74567087261448e-05	0.1473226599971274	0.832
ATAGAC	ATAGAC|GTCTAT	5	2.24	0.0005324813631522897	0.00023816496465001432	0.07648804384104914	145.48025938567545	-2.163
ATAGAG	ATAGAG|CTCTAT	7	2.41	0.0007454739084132055	0.00025622832470862593	0.01173881153503427	22.327219539635184	-1.349
ATAGAT	ATAGAT|ATCTAT	14	4.01	0.001490947816826411	0.0004267651198338705	7.778615010257081e-05	0.1479492574950897	0.83
ATAGCA	ATAGCA|TGCTAT	7	3.01	0.0007454739084132055	0.00032032010213964247	0.03390355604067768	64.48456358936895	-1.809
ATAGCC	ATAGCC|GGCTAT	3	1.73	0.0003194888178913738	0.00018436207928397276	0.2510240580718643	477.4477584526859	-2.679
ATAGCG	ATAGCG|CGCTAT	5	1.51	0.0005324813631522897	0.00016082732373340328	0.019058599165748123	36.24945561325293	-1.559
ATAGGA	ATAGGA|TCCTAT	4	2.57	0.0004259850905218317	0.0002741020048958627	0.25831359271793575	491.3124533495138	-2.691
ATAGGG	ATAGGG|CCCTAT	3	1.53	0.0003194888178913738	0.00016327742854341503	0.1995256802194421	379.4978437773789	-2.579
ATAGTA	ATAGTA|TACTAT	8	3.47	0.0008519701810436634	0.00036932270494739993	0.02552276285933205	48.54429495844956	-1.686
ATAGTC	ATAGTC|GACTAT	4	2.21	0.0004259850905218317	0.00023483574218491167	0.1816528643083437	345.5037479144697	-2.538
ATAGTG	ATAGTG|CACTAT	4	2.13	0.0004259850905218317	0.0002267448073436475	0.1668977529225252	317.43952605864297	-2.502
ATATAA	ATATAA|TTATAT	23	7.44	0.0024494142705005326	0.000792329104077	3.6342964004918536e-06	0.0069124317537355056	2.16
ATATAC	ATATAC|GTATAT	22	3.29	0.0023429179978700747	0.0003508066283084838	9.449507139866256e-12	1.797296258002562e-08	7.745
ATATAG	ATATAG|CTATAT	12	3.54	0.0012779552715654952	0.00037741317158152807	0.00032261138784375797	0.6136068596788277	0.212
ATATAT	ATATAT|ATATAT	60	5.90	0.006389776357827476	0.0006286064492675882	6.654826337523714e-39	1.2657479693970103e-35	34.898
ATATCA	ATATCA|TGATAT	12	4.22	0.0012779552715654952	0.00044936312619922895	0.0014273021925421921	2.7147287702152494	-0.434
ATATCC	ATATCC|GGATAT	4	2.43	0.0004259850905218317	0.0002586335348492112	0.22726934435598595	432.26629296508526	-2.636
ATATCG	ATATCG|CGATAT	6	2.12	0.0006389776357827476	0.00022561765086972826	0.021232114365598253	40.38348152336788	-1.606
ATATGA	ATATGA|TCATAT	8	3.91	0.0008519701810436634	0.0004161209012536512	0.04580921362745772	87.12912431942458	-1.94
ATATGC	ATATGC|GCATAT	8	2.61	0.0008519701810436634	0.00027781417306324725	0.005437198710200242	10.34155194680086	-1.015
ATATGG	ATATGG|CCATAT	3	2.33	0.0003194888178913738	0.0002478754241351776	0.4112536150475481	782.2043758204364	-2.893
ATATTA	ATATTA|TAATAT	14	7.52	0.001490947816826411	0.0008006248437404854	0.021944148580302192	41.737770599734766	-1.621
ATATTC	ATATTC|GAATAT	7	4.78	0.0007454739084132055	0.0005090814262780121	0.20644467505109934	392.65777194719095	-2.594
ATATTG	ATATTG|CAATAT	14	4.62	0.001490947816826411	0.0004915417425374087	0.00032297957694406315	0.6143071553476082	0.212
ATCAAA	ATCAAA|TTTGAT	10	7.03	0.0010649627263045794	0.0007487097580276385	0.1725985314374778	328.28240679408276	-2.516
ATCAAC	ATCAAC|GTTGAT	6	3.11	0.0006389776357827476	0.00033149400223194574	0.09570720219490629	182.03509857471175	-2.26
ATCAAG	ATCAAG|CTTGAT	2	3.35	0.00021299254526091586	0.00035663580060008563	0.8472431572119304	1611.4564850170916	-3.207
ATCAAT	ATCAAT|ATTGAT	9	5.58	0.0009584664536741214	0.0005940003719464669	0.1123506695957106	213.69097357104158	-2.33
ATCACA	ATCACA|TGTGAT	7	2.78	0.0007454739084132055	0.0002956713938045697	0.02346120485891747	44.62321164166103	-1.65
ATCACC	ATCACC|GGTGAT	6	1.60	0.0006389776357827476	0.0001701753732671985	0.006004146748330107	11.419887115323863	-1.058
ATCACG	ATCACG|CGTGAT	9	1.39	0.0009584664536741214	0.000148451622775095	1.5751415423785736e-05	0.02995919213604047	1.523
ATCAGA	ATCAGA|TCTGAT	3	2.86	0.0003194888178913738	0.00030507562979154544	0.5458155374617942	1038.1411522523326	-3.016
ATCAGC	ATCAGC|GCTGAT	3	1.91	0.0003194888178913738	0.00020367718506075373	0.2996631215422603	569.9592571733791	-2.756
ATCAGG	ATCAGG|CCTGAT	1	1.71	0.00010649627263045793	0.00018172783654957588	0.8184863434123215	1556.7610251702356	-3.192
ATCATA	ATCATA|TATGAT	8	4.22	0.0008519701810436634	0.00044936312619922846	0.06529096739614441	124.18341998746668	-2.094
ATCATC	ATCATC|GATGAT	9	2.68	0.0009584664536741214	0.00028572985586293014	0.001834939160373886	3.490054283031131	-0.543
ATCATG	ATCATG|CATGAT	2	2.59	0.00021299254526091586	0.0002758854359953169	0.7307876707896885	1389.9581498419875	-3.143
ATCCAA	ATCCAA|TTGGAT	4	3.61	0.0004259850905218317	0.0003843567656828896	0.4867180159803616	925.7376663946477	-2.966
ATCCAC	ATCCAC|GTGGAT	5	1.60	0.0005324813631522897	0.0001701753732671985	0.023569254431047612	44.828721927852555	-1.652
ATCCAG	ATCCAG|CTGGAT	1	1.72	0.00010649627263045793	0.00018308213747137613	0.8207800167266301	1561.1235918140505	-3.193
ATCCAT	ATCCAT|ATGGAT	5	2.86	0.0005324813631522897	0.0003049353361938546	0.16232059006435234	308.73376230239813	-2.49
ATCCCA	ATCCCA|TGGGAT	2	1.85	0.00021299254526091586	0.00019731293968357533	0.5526788903105796	1051.1952493707224	-3.022
ATCCGA	ATCCGA|TCGGAT	2	1.55	0.00021299254526091586	0.0001650793499883358	0.45879895143905297	872.6356056370787	-2.941
ATCCTA	ATCCTA|TAGGAT	3	2.63	0.0003194888178913738	0.00028012959020899875	0.489179331936001	930.4190893422739	-2.969
ATCCTC	ATCCTC|GAGGAT	4	1.67	0.0004259850905218317	0.00017812184126089588	0.08912865176550668	169.5226956579937	-2.229
ATCCTG	ATCCTG|CAGGAT	2	1.61	0.00021299254526091586	0.0001719849040211074	0.4798810615444474	912.7337790575389	-2.96
ATCGAA	ATCGAA|TTCGAT	4	3.02	0.0004259850905218317	0.00032156717721758287	0.3571403727855781	679.2809890381695	-2.832
ATCGAC	ATCGAC|GTCGAT	3	1.34	0.0003194888178913738	0.00014237505177320113	0.1514682955401561	288.09269811737687	-2.46
ATCGAG	ATCGAG|CTCGAT	2	1.44	0.00021299254526091586	0.00015317333113944645	0.4213152928528846	801.3416870061865	-2.904
ATCGCA	ATCGCA|TGCGAT	5	1.80	0.0005324813631522897	0.0001914874053500966	0.03626704779625904	68.97992490848469	-1.839
ATCGCC	ATCGCC|GGCGAT	1	1.03	0.00010649627263045793	0.00011021167879013259	0.6447337120657938	1226.2835203491397	-3.089
ATCGCG	ATCGCG|CGCGAT	1	0.90	0.00010649627263045793	9.614259837393466e-05	0.5945586283462705	1130.8505111146064	-3.053
ATCGGA	ATCGGA|TCCGAT	2	1.54	0.00021299254526091586	0.00016385821984998825	0.4550191579768518	865.4464384719721	-2.937
ATCGGC	ATCGGC|GCCGAT	1	1.03	0.00010649627263045793	0.00010939641750773706	0.6420036042600612	1221.0908553026363	-3.087
ATCGGG	ATCGGG|CCCGAT	2	0.92	0.00021299254526091586	9.76072713987342e-05	0.23357223897580168	444.2543985319748	-2.648
ATCGTA	ATCGTA|TACGAT	3	2.07	0.0003194888178913738	0.0002207811686961386	0.34311046062300116	652.5960961049482	-2.815
ATCGTC	ATCGTC|GACGAT	1	1.32	0.00010649627263045793	0.00014038484208165377	0.7323870790017013	1393.0002242612359	-3.144
ATCTAA	ATCTAA|TTAGAT	6	5.12	0.0006389776357827476	0.0005456798902163772	0.405774754882919	771.7835837873118	-2.887
ATCTAC	ATCTAC|GTAGAT	4	2.27	0.0004259850905218317	0.00024160178067111305	0.19430826992792075	369.5743294029053	-2.568
ATCTAG	ATCTAG|CTAGAT	5	2.44	0.0005324813631522897	0.0002599258022646214	0.10104202545396661	192.18193241344449	-2.284
ATCTCC	ATCTCC|GGAGAT	4	1.67	0.0004259850905218317	0.00017812184126089588	0.08912865176550668	169.5226956579937	-2.229
ATCTCG	ATCTCG|CGAGAT	2	1.46	0.00021299254526091586	0.00015538368377984737	0.4283775507720113	814.7741015683655	-2.911
ATCTGA	ATCTGA|TCAGAT	4	2.69	0.0004259850905218317	0.00028658395424884626	0.28392975640888135	540.0343966896924	-2.732
ATCTGC	ATCTGC|GCAGAT	3	1.80	0.0003194888178913738	0.00019133161545833337	0.26846965652652904	510.6292867134582	-2.708
ATCTGG	ATCTGG|CCAGAT	2	1.60	0.00021299254526091586	0.00017071269190217295	0.47603508674852507	905.4187349956946	-2.957
ATCTTA	ATCTTA|TAAGAT	6	5.18	0.0006389776357827476	0.0005513931958182302	0.4151670554081985	789.6477393863935	-2.897
ATCTTC	ATCTTC|GAAGAT	3	3.29	0.0003194888178913738	0.00035060620059664747	0.639003095948107	1215.3838884932995	-3.085
ATCTTG	ATCTTG|CAAGAT	7	3.18	0.0007454739084132055	0.00033852655761905896	0.043340183969461654	82.43302990991607	-1.916
ATGAAA	ATGAAA|TTTCAT	14	6.51	0.001490947816826411	0.0006933229745017701	0.007192625504213441	13.680373709013965	-1.136
ATGAAC	ATGAAC|GTTCAT	7	2.88	0.0007454739084132055	0.00030697129988315825	0.027926888437760415	53.11694180862031	-1.725
ATGAAG	ATGAAG|CTTCAT	12	3.10	0.0012779552715654952	0.00033025320083612944	9.696334743710945e-05	0.18442428682538217	0.734
ATGAAT	ATGAAT|ATTCAT	8	5.17	0.0008519701810436634	0.0005500584175876061	0.1511692860237242	287.52398201712344	-2.459
ATGACA	ATGACA|TGTCAT	5	2.57	0.0005324813631522897	0.0002737987157636339	0.11850328678242997	225.3932514601818	-2.353
ATGACC	ATGACC|GGTCAT	1	1.48	0.00010649627263045793	0.00015758642747141496	0.7723023334676946	1468.919038255555	-3.167
ATGACG	ATGACG|CGTCAT	2	1.29	0.00021299254526091586	0.0001374697198326673	0.3699283995599483	703.6038159630216	-2.847
ATGAGA	ATGAGA|TCTCAT	5	2.65	0.0005324813631522897	0.0002825072610944481	0.13014040907618102	247.5270580628963	-2.394
ATGAGC	ATGAGC|GCTCAT	3	1.77	0.0003194888178913738	0.00018860989892328396	0.2616388750360424	497.6371403185526	-2.697
ATGAGG	ATGAGG|CCTCAT	2	1.58	0.00021299254526091586	0.00016828428217396406	0.4686458860770484	891.364475318546	-2.95
ATGATA	ATGATA|TATCAT	13	3.91	0.0013844515441959531	0.0004161209012536504	0.00021953206845619916	0.4175499942036908	0.379
ATGATC	ATGATC|GATCAT	5	2.48	0.0005324813631522897	0.0002645926160929451	0.10676406886660943	203.06525898429112	-2.308
ATGATG	ATGATG|CATCAT	8	2.40	0.0008519701810436634	0.00025547645005974385	0.003329742123847675	6.333169519558278	-0.802
ATGCAA	ATGCAA|TTGCAT	5	3.88	0.0005324813631522897	0.0004128612211162447	0.3471028644122367	660.1896481120742	-2.82
ATGCAC	ATGCAC|GTGCAT	8	1.72	0.0008519701810436634	0.0001827958258681331	0.0004128402862514052	0.7852222244501728	0.105
ATGCAG	ATGCAG|CTGCAT	2	1.85	0.00021299254526091586	0.00019665977443302608	0.5508945609396795	1047.8014549072705	-3.02
ATGCAT	ATGCAT|ATGCAT	4	3.08	0.0004259850905218317	0.00032754978317815504	0.3697210585012398	703.2094532693582	-2.847
ATGCCA	ATGCCA|TGGCAT	7	1.99	0.0007454739084132055	0.00021194595358575556	0.004416739767234933	8.400639037280843	-0.924
ATGCGA	ATGCGA|TCGCAT	2	1.67	0.00021299254526091586	0.00017732187410873072	0.495823401765956	943.0561101588484	-2.975
ATGCGC	ATGCGC|GCGCAT	8	1.11	0.0008519701810436634	0.00011838513680309878	2.1669130006607122e-05	0.04121468527256675	1.385
ATGCGG	ATGCGG|CCGCAT	1	0.99	0.00010649627263045793	0.00010562731797592087	0.62910657277464	1196.5607014173652	-3.078
ATGCTA	ATGCTA|TAGCAT	7	2.83	0.0007454739084132055	0.0003009044070786577	0.025463325849149284	48.43124576508194	-1.685
ATGCTC	ATGCTC|GAGCAT	4	1.80	0.0004259850905218317	0.00019133161545833337	0.10816335481569006	205.7267008594425	-2.313
ATGCTG	ATGCTG|CAGCAT	2	1.73	0.00021299254526091586	0.00018473955404832754	0.5174549807177741	984.1993733252062	-2.993
ATGGAA	ATGGAA|TTCCAT	5	3.32	0.0005324813631522897	0.00035329062302303586	0.2405864209062948	457.59537256377274	-2.66
ATGGAC	ATGGAC|GTCCAT	1	1.47	0.00010649627263045793	0.00015642072421420282	0.7697962747991065	1464.1525146679005	-3.166
ATGGAG	ATGGAG|CTCCAT	2	1.58	0.00021299254526091586	0.00016828428217396406	0.4686458860770484	891.364475318546	-2.95
ATGGCA	ATGGCA|TGCCAT	7	1.98	0.0007454739084132055	0.00021037814033932165	0.004245658631047412	8.075242716252177	-0.907
ATGGCG	ATGGCG|CGCCAT	3	0.99	0.0003194888178913738	0.00010562731797592076	0.07880668354008778	149.89031209324696	-2.176
ATGGGA	ATGGGA|TCCCAT	4	1.69	0.0004259850905218317	0.00018002326319230616	0.09176141458500844	174.53021054068606	-2.242
ATGGGC	ATGGGC|GCCCAT	1	1.13	0.00010649627263045793	0.00012018866114449716	0.6765049699264998	1286.7124528002025	-3.109
ATGGGG	ATGGGG|CCCCAT	3	1.01	0.0003194888178913738	0.00010723648483783064	0.08158431995706793	155.1733765583432	-2.191
ATGGTA	ATGGTA|TACCAT	4	2.28	0.0004259850905218317	0.00024256181030452486	0.19612573381621726	373.0311457184452	-2.572
ATGGTC	ATGGTC|GACCAT	2	1.45	0.00021299254526091586	0.00015423417511439374	0.4247104407851851	807.799258373422	-2.907
ATGGTG	ATGGTG|CACCAT	3	1.40	0.0003194888178913738	0.000148920253777138	0.16610635634815096	315.9342897741831	-2.5
ATGTAA	ATGTAA|TTACAT	15	4.47	0.001597444089456869	0.000476020774007075	6.846123195803413e-05	0.13021326318418092	0.885
ATGTAC	ATGTAC|GTACAT	7	1.98	0.0007454739084132055	0.00021075995047379733	0.0042868528247225176	8.153594072622228	-0.911
ATGTAG	ATGTAG|CTACAT	4	2.13	0.0004259850905218317	0.00022674480734364728	0.16689775292252482	317.43952605864223	-2.502
ATGTCA	ATGTCA|TGACAT	5	2.54	0.0005324813631522897	0.00026997138189537983	0.11355114054959488	215.97426932532946	-2.334
ATGTCC	ATGTCC|GGACAT	4	1.46	0.0004259850905218317	0.00015538358342462552	0.0606087082556281	115.27776310220464	-2.062
ATGTCG	ATGTCG|CGACAT	3	1.27	0.0003194888178913738	0.0001355480800137677	0.13666940093759558	259.9452005833068	-2.415
ATGTGA	ATGTGA|TCACAT	6	2.35	0.0006389776357827476	0.00024999989584635363	0.03260157285756153	62.00819157508203	-1.792
ATGTGC	ATGTGC|GCACAT	7	1.57	0.0007454739084132055	0.000166907055428385	0.0011885144203413818	2.2605544274893083	-0.354
ATGTGG	ATGTGG|CCACAT	7	1.40	0.0007454739084132055	0.000148920253777138	0.0006181000082949051	1.1756262157769095	-0.07
ATGTTA	ATGTTA|TAACAT	10	4.52	0.0010649627263045794	0.0004810047439196452	0.017481279926162295	33.24939441956069	-1.522
ATGTTC	ATGTTC|GAACAT	2	2.87	0.00021299254526091586	0.00030584934129333037	0.7808882562939776	1485.2494634711454	-3.172
ATGTTG	ATGTTG|CAACAT	8	2.77	0.0008519701810436634	0.00029531173288404754	0.007699657072402528	14.644747751709609	-1.166
ATTAAA	ATTAAA|TTTAAT	17	12.53	0.001810436634717785	0.0013339671149654806	0.13234012971802273	251.71092672367922	-2.401
ATTAAC	ATTAAC|GTTAAT	9	5.55	0.0009584664536741214	0.0005906188520243454	0.10958043037553483	208.42197857426726	-2.319
ATTAAG	ATTAAG|CTTAAT	2	5.97	0.00021299254526091586	0.0006354136899099141	0.9821440169580756	1868.03792025426	-3.271
ATTAAT	ATTAAT|ATTAAT	2	9.94	0.00021299254526091586	0.0010583232740832003	0.9994714874840585	1900.994769194679	-3.279
ATTACA	ATTACA|TGTAAT	13	4.95	0.0013844515441959531	0.0005267941441157824	0.001842180823594011	3.503827926475809	-0.545
ATTACC	ATTACC|GGTAAT	7	2.85	0.0007454739084132055	0.00030319940308169273	0.02637707496632489	50.16919658594994	-1.7
ATTACG	ATTACG|CGTAAT	1	2.48	0.00010649627263045793	0.00026449445973152	0.9165579564116705	1743.2932330949973	-3.241
ATTAGA	ATTAGA|TCTAAT	4	5.10	0.0004259850905218317	0.0005435495575633756	0.7492610777753976	1425.0945699288063	-3.154
ATTAGC	ATTAGC|GCTAAT	4	3.41	0.0004259850905218317	0.000362889175714141	0.4432882592066246	843.134269011	-2.926
ATTAGG	ATTAGG|CCTAAT	1	3.04	0.00010649627263045793	0.0003237822871035789	0.9521802084445656	1811.0467564615637	-3.258
ATTATA	ATTATA|TATAAT	15	7.52	0.001597444089456869	0.0008006248437404854	0.010463972858405612	19.902476376687474	-1.299
ATTATC	ATTATC|GATAAT	7	4.78	0.0007454739084132055	0.0005090814262780121	0.20644467505109934	392.65777194719095	-2.594
ATTATG	ATTATG|CATAAT	9	4.62	0.0009584664536741214	0.0004915417425374087	0.045854971947182625	87.21615664354135	-1.941
ATTCAA	ATTCAA|TTGAAT	10	7.10	0.0010649627263045794	0.0007565488001682707	0.18020414726381195	342.74828809577036	-2.535
ATTCAC	ATTCAC|GTGAAT	6	3.15	0.0006389776357827476	0.0003349647670042771	0.09927198584677126	188.81531708055894	-2.276
ATTCAG	ATTCAG|CTGAAT	1	3.38	0.00010649627263045793	0.00036036980171304966	0.9660841369710209	1837.4920285188819	-3.264
ATTCCA	ATTCCA|TGGAAT	7	3.65	0.0007454739084132055	0.00038838100718758503	0.07720806964932626	146.84974847301856	-2.167
ATTCCC	ATTCCC|GGGAAT	3	2.10	0.0003194888178913738	0.00022353492509905536	0.35009672068219494	665.8839627375348	-2.823
ATTCCG	ATTCCG|CGGAAT	1	1.83	0.00010649627263045793	0.0001949995568733702	0.8397541112987594	1597.2123196902405	-3.203
ATTCGA	ATTCGA|TCGAAT	2	3.05	0.00021299254526091586	0.00032493400745617015	0.8083595644088246	1537.4998915055844	-3.187
ATTCGC	ATTCGC|GCGAAT	1	2.04	0.00010649627263045793	0.00021693520395058683	0.8695834297503559	1653.9476833851768	-3.219
ATTCTA	ATTCTA|TAGAAT	12	5.18	0.0012779552715654952	0.0005513931958182313	0.007080504320054328	13.467119216743333	-1.129
ATTCTC	ATTCTC|GAGAAT	4	3.29	0.0004259850905218317	0.00035060620059664785	0.41793636567584275	794.9149675154529	-2.9
ATTCTG	ATTCTG|CAGAAT	3	3.18	0.0003194888178913738	0.00033852655761905967	0.6156467036598341	1170.9600303610046	-3.069
ATTGAA	ATTGAA|TTCAAT	12	6.58	0.0012779552715654952	0.000700582113248012	0.03653655781041352	69.49253295540652	-1.842
ATTGAC	ATTGAC|GTCAAT	7	2.91	0.0007454739084132055	0.00031018531029232925	0.029295194593521066	55.719460116877066	-1.746
ATTGAG	ATTGAG|CTCAAT	6	3.13	0.0006389776357827476	0.00033371097433336966	0.09797621785723948	186.35076636446948	-2.27
ATTGCA	ATTGCA|TGCAAT	4	3.92	0.0004259850905218317	0.0004171839062099839	0.5502197459652659	1046.5179568259357	-3.02
ATTGCC	ATTGCC|GGCAAT	4	2.25	0.0004259850905218317	0.00024011259948697377	0.19149951323745065	364.23207417763115	-2.561
ATTGCG	ATTGCG|CGCAAT	1	1.97	0.00010649627263045793	0.00020946100694969552	0.8601016029575935	1635.9132488253429	-3.214
ATTGGA	ATTGGA|TCCAAT	6	3.35	0.0006389776357827476	0.0003569895998990199	0.12347764406161271	234.8544790051874	-2.371
ATTGGC	ATTGGC|GCCAAT	2	2.24	0.00021299254526091586	0.00023833643104524417	0.6545922551706618	1245.0344693345987	-3.095
ATTGGG	ATTGGG|CCCAAT	8	2.00	0.0008519701810436634	0.00021265201584497545	0.0010857724825495503	2.065139261809245	-0.315
ATTGTA	ATTGTA|TACAAT	9	4.52	0.0009584664536741214	0.0004810047439196452	0.041032969823127804	78.04470860358909	-1.892
ATTGTC	ATTGTC|GACAAT	4	2.87	0.0004259850905218317	0.0003058493412933307	0.32410072608528007	616.4395810142026	-2.79
ATTGTG	ATTGTG|CACAAT	7	2.77	0.0007454739084132055	0.00029531173288404754	0.023327708784172722	44.369302107496516	-1.647
ATTTAA	ATTTAA|TTAAAT	9	12.66	0.0009584664536741214	0.0013479338414790743	0.8834965676281542	1680.4104716287493	-3.225
ATTTAC	ATTTAC|GTAAAT	12	5.60	0.0012779552715654952	0.0005968026716158877	0.012549981449068647	23.870064716128567	-1.378
ATTTAG	ATTTAG|CTAAAT	10	6.03	0.0010649627263045794	0.0006420665145038659	0.08593512536750295	163.4486084489906	-2.213
ATTTCA	ATTTCA|TGAAAT	16	7.18	0.0017039403620873268	0.0007644699176138167	0.0030605000451549773	5.821071085884767	-0.765
ATTTCC	ATTTCC|GGAAAT	9	4.13	0.0009584664536741214	0.0004399950631255999	0.02554296811857894	48.58272536153714	-1.686
ATTTCG	ATTTCG|CGAAAT	3	3.60	0.0003194888178913738	0.0003838274591674762	0.6979854719668821	1327.5683676810097	-3.123
ATTTGA	ATTTGA|TCAAAT	11	6.65	0.0011714589989350373	0.0007079172556711473	0.0753845976458615	143.3815047224286	-2.156
ATTTGC	ATTTGC|GCAAAT	10	4.44	0.0010649627263045794	0.0004726257354268323	0.01569957363116301	29.860589046472043	-1.475
ATTTGG	ATTTGG|CCAAAT	6	3.96	0.0006389776357827476	0.0004216930451545226	0.20860278460738046	396.76249632323766	-2.599
ATTTTA	ATTTTA|TAAAAT	16	12.79	0.0017039403620873268	0.0013620468005701562	0.21808958218130395	414.8063853088401	-2.618
ATTTTC	ATTTTC|GAAAAT	14	8.13	0.001490947816826411	0.0008660644661638995	0.03826452546811896	72.77912744036226	-1.862
ATTTTG	ATTTTG|CAAAAT	17	7.85	0.001810436634717785	0.0008362254344267759	0.0030983334679346806	5.8930302560117624	-0.77
CAAAAA	CAAAAA|TTTTTG	17	10.31	0.001810436634717785	0.001097692712098136	0.034345902241829686	65.32590606396006	-1.815
CAAAAC	CAAAAC|GTTTTG	7	4.56	0.0007454739084132055	0.0004860074901559084	0.17718455902854366	337.00503127229	-2.528
CAAAAG	CAAAAG|CTTTTG	11	4.91	0.0011714589989350373	0.0005228681942429643	0.012131004133567918	23.07316986204618	-1.363
CAAACA	CAAACA|TGTTTG	10	4.07	0.0010649627263045794	0.0004334875172592491	0.00910616412766986	17.319924170828074	-1.239
CAAACC	CAAACC|GGTTTG	1	2.34	0.00010649627263045793	0.00024949623670737314	0.903938787709077	1719.2915742226644	-3.235
CAAACG	CAAACG|CGTTTG	2	2.04	0.00021299254526091586	0.00021764677523188901	0.6056941024050853	1152.0301827744722	-3.061
CAAAGA	CAAAGA|TCTTTG	5	4.20	0.0005324813631522897	0.00044727518490358237	0.4101562555467644	780.1171980499458	-2.892
CAAAGC	CAAAGC|GCTTTG	4	2.80	0.0004259850905218317	0.00029861366072057963	0.30894868382067875	587.620396626931	-2.769
CAAAGG	CAAAGG|CCTTTG	5	2.50	0.0005324813631522897	0.0002664334471762911	0.10906394099663934	207.43961577560802	-2.317
CAAATA	CAAATA|TATTTG	10	6.19	0.0010649627263045794	0.0006588168825446508	0.09734464558405762	185.1495159008776	-2.268
CAAATC	CAAATC|GATTTG	3	3.93	0.0003194888178913738	0.0004189121045194274	0.7520027200829162	1430.3091735977066	-3.155
CAAATG	CAAATG|CATTTG	10	3.80	0.0010649627263045794	0.00040447907779892633	0.0057795288663911515	10.99266390387597	-1.041
CAACAA	CAACAA|TTGTTG	4	4.07	0.0004259850905218317	0.0004334875172592491	0.5801704618657826	1103.4842184687184	-3.043
CAACAC	CAACAC|GTGTTG	5	1.80	0.0005324813631522897	0.00019192819443466307	0.03656635524670184	69.5492076792269	-1.842
CAACAG	CAACAG|CTGTTG	3	1.94	0.0003194888178913738	0.0002064847774592365	0.30678868876683313	583.5120860345166	-2.766
CAACCA	CAACCA|TGGTTG	6	2.09	0.0006389776357827476	0.0002225346448490127	0.020018758329092293	38.07567834193354	-1.581
CAACCC	CAACCC|GGGTTG	1	1.20	0.00010649627263045793	0.00012808109626288405	0.6996123566446779	1330.6627023381775	-3.124
CAACGA	CAACGA|TCGTTG	4	1.75	0.0004259850905218317	0.00018618076736615636	0.10053693236901753	191.22124536587134	-2.282
CAACGC	CAACGC|GCGTTG	2	1.17	0.00021299254526091586	0.00012429958641894977	0.3254770033099252	619.0572602954777	-2.792
CAACTA	CAACTA|TAGTTG	4	2.97	0.0004259850905218317	0.0003159374087114077	0.34529728916027347	656.7554439828401	-2.817
CAACTC	CAACTC|GAGTTG	6	1.89	0.0006389776357827476	0.00020089042689451776	0.01280291770409477	24.351149473188254	-1.387
CAACTG	CAACTG|CAGTTG	9	1.82	0.0009584664536741214	0.0001939690300955695	0.00011976114729221176	0.22778570214978677	0.642
CAAGAA	CAAGAA|TTCTTG	15	4.20	0.001597444089456869	0.00044727518490358237	3.446487138382723e-05	0.0655521853720394	1.183
CAAGAG	CAAGAG|CTCTTG	4	2.00	0.0004259850905218317	0.0002130523102528497	0.14297781937382767	271.94381244902024	-2.434
CAAGCA	CAAGCA|TGCTTG	4	2.50	0.0004259850905218317	0.00026634423754237716	0.242631748196866	461.48558507043913	-2.664
CAAGCC	CAAGCC|GGCTTG	3	1.44	0.0003194888178913738	0.00015329595960608924	0.1761142466969967	334.96929721768777	-2.525
CAAGCG	CAAGCG|CGCTTG	1	1.26	0.00010649627263045793	0.00013372695197593436	0.7151225180549879	1360.1630293405872	-3.134
CAAGGA	CAAGGA|TCCTTG	2	2.14	0.00021299254526091586	0.00022791416778144945	0.6305925040451581	1199.3869426938907	-3.079
CAAGGC	CAAGGC|GCCTTG	4	1.43	0.0004259850905218317	0.0001521619939321565	0.05702670571519867	108.46479427030786	-2.035
CAAGGG	CAAGGG|CCCTTG	2	1.27	0.00021299254526091586	0.0001357641993830203	0.3642324945901539	692.7702047104727	-2.841
CAAGTA	CAAGTA|TACTTG	6	2.88	0.0006389776357827476	0.0003070896069252026	0.07263790242818688	138.15729041841143	-2.14
CAAGTC	CAAGTC|GACTTG	1	1.83	0.00010649627263045793	0.00019526450660493154	0.840152288003637	1597.9696517829175	-3.204
CAAGTG	CAAGTG|CACTTG	3	1.77	0.0003194888178913738	0.0001885369429680977	0.2614560728758973	497.28945060995665	-2.697
CAATAA	CAATAA|TTATTG	6	6.19	0.0006389776357827476	0.0006588168825446508	0.5837600631626283	1110.311640135319	-3.045
CAATAC	CAATAC|GTATTG	1	2.74	0.00010649627263045793	0.0002916936006123725	0.9353652385352828	1779.0646836941078	-3.25
CAATAG	CAATAG|CTATTG	7	2.95	0.0007454739084132055	0.0003138167812506201	0.030894773988204807	58.76186012556554	-1.769
CAATCA	CAATCA|TGATTG	7	3.51	0.0007454739084132055	0.0003736427355877161	0.06594583267786541	125.42897375330001	-2.098
CAATCC	CAATCC|GGATTG	4	2.02	0.0004259850905218317	0.00021505222801244164	0.14638322640941687	278.4208966307109	-2.445
CAATCG	CAATCG|CGATTG	1	1.76	0.00010649627263045793	0.00018759971914220712	0.8282235510168519	1575.2811940340523	-3.197
CAATGA	CAATGA|TCATTG	9	3.25	0.0009584664536741214	0.00034600202556608195	0.006278655381017507	11.942002534695298	-1.077
CAATGC	CAATGC|GCATTG	2	2.17	0.00021299254526091586	0.00023100081327627416	0.6378333255639645	1213.1589852226605	-3.084
CAATGG	CAATGG|CCATTG	2	1.94	0.00021299254526091586	0.00020610692368596946	0.5762109013305879	1095.9531343307783	-3.04
CAATTA	CAATTA|TAATTG	4	6.25	0.0004259850905218317	0.0006657147401588377	0.8698329964325249	1654.4223592146623	-3.219
CAATTC	CAATTC|GAATTG	8	3.97	0.0008519701810436634	0.00042329814277435713	0.049645579234017835	94.42589170310193	-1.975
CAATTG	CAATTG|CAATTG	5	3.84	0.0005324813631522897	0.0004087140012814549	0.33951475539100745	645.7570647536961	-2.81
CACAAA	CACAAA|TTTGTG	3	4.07	0.0003194888178913738	0.0004334875172592491	0.772038352785292	1468.4169469976252	-3.167
CACAAC	CACAAC|GTTGTG	7	1.80	0.0007454739084132055	0.00019192819443466307	0.002586717757027647	4.919937173866584	-0.692
CACAAG	CACAAG|CTTGTG	3	1.94	0.0003194888178913738	0.0002064847774592365	0.30678868876683313	583.5120860345166	-2.766
CACACA	CACACA|TGTGTG	16	1.61	0.0017039403620873268	0.0001711876425419759	2.1006909132058037e-11	3.995514116917439e-08	7.398
CACACC	CACACC|GGTGTG	4	0.93	0.0004259850905218317	9.852803341390497e-05	0.014739239985922538	28.034034453224667	-1.448
CACAGA	CACAGA|TCTGTG	3	1.66	0.0003194888178913738	0.00017663250133539328	0.23188466519648596	441.0446332037163	-2.644
CACAGC	CACAGC|GCTGTG	5	1.11	0.0005324813631522897	0.00011792489189259292	0.005585267331340691	10.623178464209994	-1.026
CACAGG	CACAGG|CCTGTG	5	0.99	0.0005324813631522897	0.00010521667153142963	0.003478967495615954	6.616996176661544	-0.821
CACATA	CACATA|TATGTG	10	2.44	0.0010649627263045794	0.0002601719876566209	0.00023168362887123812	0.4406622621130949	0.356
CACATC	CACATC|GATGTG	5	1.55	0.0005324813631522897	0.0001654316969918434	0.021202483146593395	40.32712294482064	-1.606
CACATG	CACATG|CATGTG	2	1.50	0.00021299254526091586	0.00015973198080474434	0.4421355398532398	840.9417968008621	-2.925
CACCAA	CACCAA|TTGGTG	5	2.09	0.0005324813631522897	0.0002225346448490127	0.06109900031386571	116.21029859697258	-2.065
CACCAC	CACCAC|GTGGTG	5	0.93	0.0005324813631522897	9.852803341390497e-05	0.002636308251906823	5.014258295126777	-0.7
CACCAG	CACCAG|CTGGTG	2	1.00	0.00021299254526091586	0.00010600078384987962	0.26252951337244407	499.3311344343886	-2.698
CACCCA	CACCCA|TGGGTG	4	1.07	0.0004259850905218317	0.0001142401250010149	0.02377436966126493	45.218851095725896	-1.655
CACCCC	CACCCC|GGGGTG	3	0.62	0.0003194888178913738	6.575156177262442e-05	0.02486978305188312	47.302327364681695	-1.675
CACCCG	CACCCG|CGGGTG	2	0.54	0.00021299254526091586	5.735804104755512e-05	0.10212488401140521	194.24152938969272	-2.288
CACCGC	CACCGC|GCGGTG	1	0.60	0.00010649627263045793	6.381029030203283e-05	0.45073739908206184	857.3025330540817	-2.933
CACCTA	CACCTA|TAGGTG	4	1.52	0.0004259850905218317	0.00016218925861263744	0.0685568090730216	130.39505085688708	-2.115
CACCTC	CACCTC|GAGGTG	3	0.97	0.0003194888178913738	0.00010312887458718217	0.07457816166924192	141.84766349489811	-2.152
CACCTG	CACCTG|CAGGTG	4	0.94	0.0004259850905218317	9.957571442180677e-05	0.01525970895597503	29.02396643426451	-1.463
CACGAA	CACGAA|TTCGTG	3	1.75	0.0003194888178913738	0.00018618076736615636	0.25556135267132707	486.0776927808641	-2.687
CACGAC	CACGAC|GTCGTG	1	0.77	0.00010649627263045793	8.243222029776694e-05	0.5388530617010125	1024.8985233553258	-3.011
CACGAG	CACGAG|CTCGTG	3	0.83	0.0003194888178913738	8.868420147332497e-05	0.05224566530907442	99.37125541785956	-1.997
CACGCA	CACGCA|TGCGTG	2	1.04	0.00021299254526091586	0.00011086726069965892	0.2793360528614085	531.2971725423989	-2.725
CACGCC	CACGCC|GGCGTG	3	0.60	0.0003194888178913738	6.381029030203283e-05	0.023034225172066086	43.8110962772697	-1.642
CACGCG	CACGCG|CGCGTG	1	0.52	0.00010649627263045793	5.566458273732226e-05	0.4070768193118412	774.260110331122	-2.889
CACGGA	CACGGA|TCCGTG	4	0.89	0.0004259850905218317	9.487053179647414e-05	0.013010781618133951	24.746506637690775	-1.394
CACGGC	CACGGC|GCCGTG	1	0.59	0.00010649627263045793	6.333827082394532e-05	0.448297519734993	852.6618825359567	-2.931
CACGGG	CACGGG|CCCGTG	1	0.53	0.00010649627263045793	5.651259822838457e-05	0.4117794388168853	783.2044926297158	-2.894
CACGTA	CACGTA|TACGTG	1	1.20	0.00010649627263045793	0.00012782774586484247	0.6988968956961183	1329.301895614017	-3.124
CACGTC	CACGTC|GACGTG	1	0.76	0.00010649627263045793	8.127992990918312e-05	0.5338363572716379	1015.3567515306553	-3.007
CACGTG	CACGTG|CACGTG	17	0.74	0.001810436634717785	7.847954436872347e-05	7.819482981245676e-18	1.4872656630329277e-14	13.828
CACTAA	CACTAA|TTAGTG	6	2.97	0.0006389776357827476	0.0003159374087114077	0.0805933027280674	153.2884617887842	-2.186
CACTAC	CACTAC|GTAGTG	2	1.31	0.00021299254526091586	0.0001398824510374131	0.3779509443962549	718.8626962416768	-2.857
CACTAG	CACTAG|CTAGTG	1	1.41	0.00010649627263045793	0.0001504916818396135	0.7566165005112918	1439.084583972477	-3.158
CACTCA	CACTCA|TGAGTG	4	1.68	0.0004259850905218317	0.00017918137921643822	0.09059117198963706	172.3044091242897	-2.236
CACTCC	CACTCC|GGAGTG	1	0.97	0.00010649627263045793	0.00010312887458718217	0.6203023999353455	1179.8151646770273	-3.072
CACTCG	CACTCG|CGAGTG	3	0.84	0.0003194888178913738	8.996395009163996e-05	0.054072756663484545	102.8463831739476	-2.012
CACTGA	CACTGA|TCAGTG	2	1.56	0.00021299254526091586	0.00016592620235234703	0.4614112292055216	877.6041579489021	-2.943
CACTGC	CACTGC|GCAGTG	3	1.04	0.0003194888178913738	0.00011077706156351801	0.08784174150970842	167.0749923514654	-2.223
CACTGG	CACTGG|CCAGTG	2	0.93	0.00021299254526091586	9.88391298281762e-05	0.23781400345381137	452.32223456914926	-2.655
CACTTA	CACTTA|TAAGTG	5	3.00	0.0005324813631522897	0.00031924529489044584	0.1843526679196264	350.63877438312943	-2.545
CACTTC	CACTTC|GAAGTG	8	1.91	0.0008519701810436634	0.00020299376334123928	0.0008098028167033988	1.5402449573698644	-0.188
CAGAAA	CAGAAA|TTTCTG	6	4.20	0.0006389776357827476	0.00044727518490358237	0.24684306395852562	469.4955076491157	-2.672
CAGAAC	CAGAAC|GTTCTG	5	1.86	0.0005324813631522897	0.00019803273505251785	0.04086777053476304	77.7304995571193	-1.891
CAGAAG	CAGAAG|CTTCTG	5	2.00	0.0005324813631522897	0.0002130523102528497	0.05270366438492852	100.24236966013405	-2.001
CAGACA	CAGACA|TGTCTG	2	1.66	0.00021299254526091586	0.00017663250133539328	0.4937817342538955	939.1728585509093	-2.973
CAGACC	CAGACC|GGTCTG	1	0.95	0.00010649627263045793	0.00010166185324555712	0.615035748393575	1169.7979934445796	-3.068
CAGACG	CAGACG|CGTCTG	2	0.83	0.00021299254526091586	8.868420147332497e-05	0.20302343036764928	386.1505645592689	-2.587
CAGAGA	CAGAGA|TCTCTG	5	1.71	0.0005324813631522897	0.00018225054136339065	0.03034080108867441	57.708203670658726	-1.761
CAGAGC	CAGAGC|GCTCTG	1	1.14	0.00010649627263045793	0.00012167565552862325	0.6809905029786909	1295.24393666547	-3.112
CAGAGG	CAGAGG|CCTCTG	3	1.02	0.0003194888178913738	0.00010856323271245389	0.08390585789460826	159.5889417155449	-2.203
CAGATA	CAGATA|TATCTG	7	2.52	0.0007454739084132055	0.00026844711612826645	0.014772387373230791	28.097080783884966	-1.449
CAGATC	CAGATC|GATCTG	1	1.60	0.00010649627263045793	0.0001706934800078408	0.7986703726876068	1519.071048851828	-3.182
CAGATG	CAGATG|CATCTG	3	1.55	0.0003194888178913738	0.00016481247649567253	0.2031903275801592	386.4680030574628	-2.587
CAGCAA	CAGCAA|TTGCTG	5	2.50	0.0005324813631522897	0.00026634423754237716	0.10895193218560369	207.2265750170182	-2.316
CAGCAC	CAGCAC|GTGCTG	1	1.11	0.00010649627263045793	0.00011792489189259292	0.6695548965076397	1273.4934131575305	-3.105
CAGCAG	CAGCAG|CTGCTG	1	1.19	0.00010649627263045793	0.0001268687757474621	0.696173299499901	1324.1216156488117	-3.122
CAGCCA	CAGCCA|TGGCTG	4	1.28	0.0004259850905218317	0.0001367301662659569	0.04150535237617043	78.94318021947616	-1.897
CAGCCC	CAGCCC|GGGCTG	1	0.74	0.00010649627263045793	7.869583452694405e-05	0.5223867078747509	993.5795183777763	-2.997
CAGCCG	CAGCCG|CGGCTG	1	0.64	0.00010649627263045793	6.864991165802838e-05	0.47513944986761275	903.7152336481995	-2.956
CAGCGA	CAGCGA|TCGCTG	2	1.07	0.00021299254526091586	0.0001143935466532412	0.2914972701896768	554.4278079007653	-2.744
CAGCGC	CAGCGC|GCGCTG	1	0.72	0.00010649627263045793	7.637239194546063e-05	0.5118520585522383	973.5426153663572	-2.988
CAGCTA	CAGCTA|TAGCTG	3	1.82	0.0003194888178913738	0.0001941188728256485	0.27548542470306986	523.9732777852389	-2.719
CAGCTC	CAGCTC|GAGCTG	2	1.16	0.00021299254526091586	0.00012343148406920217	0.32251404894573354	613.4217210947852	-2.788
CAGCTG	CAGCTG|CAGCTG	2	1.12	0.00021299254526091586	0.0001191788260808024	0.30795397403910646	585.7284586223805	-2.768
CAGGAA	CAGGAA|TTCCTG	6	2.14	0.0006389776357827476	0.00022791416778144945	0.02216756249228742	42.16270386033067	-1.625
CAGGAC	CAGGAC|GTCCTG	2	0.95	0.00021299254526091586	0.00010090983700047738	0.2449524877900135	465.89963177660564	-2.668
CAGGAG	CAGGAG|CTCCTG	4	1.02	0.0004259850905218317	0.00010856323271245378	0.020201340492067836	38.422949615913026	-1.585
CAGGCA	CAGGCA|TGCCTG	2	1.27	0.00021299254526091586	0.0001357187415973934	0.3640804066166513	692.4809333848708	-2.84
CAGGGA	CAGGGA|TCCCTG	1	1.09	0.00010649627263045793	0.00011613626158739015	0.6639581241590318	1262.8483521504784	-3.101
CAGGTA	CAGGTA|TACCTG	3	1.47	0.0003194888178913738	0.00015648100891574714	0.18350126262354657	349.0194015099856	-2.543
CAGTAA	CAGTAA|TTACTG	3	2.88	0.0003194888178913738	0.0003070896069252026	0.5502260093419352	1046.5298697683609	-3.02
CAGTAC	CAGTAC|GTACTG	4	1.28	0.0004259850905218317	0.00013596505421759522	0.040806879190433694	77.61468422020488	-1.89
CAGTAG	CAGTAG|CTACTG	3	1.37	0.0003194888178913738	0.0001462771743622612	0.16014532438777362	304.59640698554546	-2.484
CAGTCA	CAGTCA|TGACTG	6	1.64	0.0006389776357827476	0.000174163419065559	0.006688536787446152	12.721596969722581	-1.105
CAGTCC	CAGTCC|GGACTG	1	0.94	0.00010649627263045793	0.00010024075872745099	0.6098643283980357	1159.9619526130639	-3.064
CAGTCG	CAGTCG|CGACTG	3	0.82	0.0003194888178913738	8.74445168863054e-05	0.05050487111567451	96.06026486201291	-1.983
CAGTGA	CAGTGA|TCACTG	6	1.51	0.0006389776357827476	0.00016127945236620551	0.004662951911597511	8.868934535858466	-0.948
CAGTGG	CAGTGG|CCACTG	2	0.90	0.00021299254526091586	9.607114792629415e-05	0.22828910901076546	434.2058853384759	-2.638
CAGTTA	CAGTTA|TAACTG	4	2.91	0.0004259850905218317	0.0003103048560171582	0.3334554240572273	634.2322165568463	-2.802
CAGTTC	CAGTTC|GAACTG	5	1.85	0.0005324813631522897	0.000197308939283194	0.040342483527902546	76.73140367007065	-1.885
CATAAA	CATAAA|TTTATG	7	6.19	0.0007454739084132055	0.0006588168825446508	0.4235914055075192	805.6708532753015	-2.906
CATAAC	CATAAC|GTTATG	4	2.74	0.0004259850905218317	0.0002916936006123725	0.2945244712618984	560.1855443401307	-2.748
CATAAG	CATAAG|CTTATG	3	2.95	0.0003194888178913738	0.0003138167812506201	0.5647720871106291	1074.1965096844165	-3.031
CATACA	CATACA|TGTATG	9	2.44	0.0009584664536741214	0.0002601719876566209	0.0009739917182261929	1.852532248066219	-0.268
CATACC	CATACC|GGTATG	1	1.41	0.00010649627263045793	0.0001497434856427093	0.7549005739590593	1435.8208916701308	-3.157
CATACG	CATACG|CGTATG	2	1.23	0.00021299254526091586	0.00013062796935227363	0.3469635855649102	659.9247397444592	-2.819
CATAGA	CATAGA|TCTATG	7	2.52	0.0007454739084132055	0.0002684471161282667	0.014772387373230871	28.09708078388512	-1.449
CATAGC	CATAGC|GCTATG	6	1.68	0.0006389776357827476	0.00017922294543173581	0.007635980216600981	14.523634371975065	-1.162
CATAGG	CATAGG|CCTATG	2	1.50	0.00021299254526091586	0.0001599089172586364	0.4426914812542829	841.9991973456462	-2.925
CATATA	CATATA|TATATG	14	3.71	0.001490947816826411	0.0003954109195971852	3.498696717474718e-05	0.06654521156636914	1.177
CATATC	CATATC|GATATG	5	2.36	0.0005324813631522897	0.0002514240676994076	0.09102591290198855	173.13128633958223	-2.238
CATATG	CATATG|CATATG	2	2.28	0.00021299254526091586	0.00024276160545939768	0.6643985238900292	1263.6859924388355	-3.102
CATCAA	CATCAA|TTGATG	3	3.51	0.0003194888178913738	0.0003736427355877161	0.680723063592943	1294.7352669537775	-3.112
CATCAC	CATCAC|GTGATG	10	1.55	0.0010649627263045794	0.0001654316969918434	5.541590068681008e-06	0.010540104310631277	1.977
CATCAG	CATCAG|CTGATG	3	1.67	0.0003194888178913738	0.00017797868228106118	0.2351994584571093	447.3493699854219	-2.651
CATCCA	CATCCA|TGGATG	2	1.80	0.00021299254526091586	0.00019181279772515034	0.5374969181159011	1022.3191382564438	-3.01
CATCCC	CATCCC|GGGATG	3	1.04	0.0003194888178913738	0.00011039896024529992	0.08716408417258696	165.7860880962604	-2.22
CATCCG	CATCCG|CGGATG	2	0.90	0.00021299254526091586	9.630597240039638e-05	0.22909622971711507	435.7410289219529	-2.639
CATCGA	CATCGA|TCGATG	2	1.51	0.00021299254526091586	0.00016047772649219595	0.4444766104722778	845.3945131182725	-2.927
CATCGC	CATCGC|GCGATG	4	1.01	0.0004259850905218317	0.00010713950379849658	0.01936072420830238	36.82409744419113	-1.566
CATCGG	CATCGG|CCGATG	2	0.90	0.00021299254526091586	9.559357484486141e-05	0.22664823216918936	431.0849375857982	-2.635
CATCTA	CATCTA|TAGATG	12	2.56	0.0012779552715654952	0.0002723209157481359	1.568475387481385e-05	0.02983240186989594	1.525
CATCTC	CATCTC|GAGATG	2	1.63	0.00021299254526091586	0.00017315665542766025	0.48340789888588503	919.4418236809533	-2.964
CATGAA	CATGAA|TTCATG	14	3.25	0.001490947816826411	0.00034600202556608195	8.262036571530534e-06	0.015714393559051076	1.804
CATGAC	CATGAC|GTCATG	5	1.44	0.0005324813631522897	0.00015319367085239255	0.01582733205457772	30.103585567806824	-1.479
CATGAG	CATGAG|CTCATG	2	1.55	0.00021299254526091586	0.0001648124764956727	0.4579741971888694	871.0669230532296	-2.94
CATGCA	CATGCA|TGCATG	6	1.93	0.0006389776357827476	0.00020603791311915053	0.014320554437556822	27.237694540233075	-1.435
CATGCC	CATGCC|GGCATG	1	1.11	0.00010649627263045793	0.0001185863073227213	0.6716008289976247	1277.3847767534824	-3.106
CATGCG	CATGCG|CGCATG	2	0.97	0.00021299254526091586	0.00010344816305073069	0.25371322301360666	482.5625501718799	-2.684
CATGGA	CATGGA|TCCATG	2	1.66	0.00021299254526091586	0.0001763092752945567	0.4928226476223594	937.3486757777275	-2.972
CATGGC	CATGGC|GCCATG	2	1.11	0.00021299254526091586	0.00011770909697583447	0.30290664991980865	576.1284481474761	-2.761
CATGGG	CATGGG|CCCATG	2	0.99	0.00021299254526091586	0.00010502413183509983	0.25915593530991576	492.91458895945976	-2.693
CATGTA	CATGTA|TACATG	6	2.23	0.0006389776357827476	0.00023755761466918103	0.026397649975717568	50.208330253814815	-1.701
CATGTC	CATGTC|GACATG	1	1.42	0.00010649627263045793	0.00015105223157200638	0.7578941990748156	1441.5147666402993	-3.159
CATTAA	CATTAA|TTAATG	9	6.25	0.0009584664536741214	0.0006657147401588377	0.17973919818736828	341.86395495237446	-2.534
CATTAC	CATTAC|GTAATG	5	2.77	0.0005324813631522897	0.00029474765247003307	0.14732568581354838	280.213454417369	-2.447
CATTAG	CATTAG|CTAATG	5	2.98	0.0005324813631522897	0.00031710246431576605	0.18098569896599032	344.2347994333136	-2.537
CATTCA	CATTCA|TGAATG	6	3.55	0.0006389776357827476	0.000377554800467876	0.1484231996939859	282.3009258179612	-2.451
CATTCC	CATTCC|GGAATG	4	2.04	0.0004259850905218317	0.0002173038394810396	0.15025451680437163	285.78409096191484	-2.456
CATTCG	CATTCG|CGAATG	1	1.78	0.00010649627263045793	0.00018956390097389644	0.8313627010035853	1581.2518573088194	-3.199
CATTGA	CATTGA|TCAATG	11	3.28	0.0011714589989350373	0.00034962469033046487	0.0006117969995795849	1.1636378932003704	-0.066
CATTGC	CATTGC|GCAATG	5	2.19	0.0005324813631522897	0.00023341940751840504	0.07161332976100193	136.2085532054257	-2.134
CATTGG	CATTGG|CCAATG	4	1.96	0.0004259850905218317	0.00020826487720924995	0.13495620008864553	256.6866925686038	-2.409
CATTTA	CATTTA|TAAATG	11	6.32	0.0011714589989350373	0.000672684818811869	0.05710640155843127	108.61637576413627	-2.036
CATTTC	CATTTC|GAAATG	8	4.02	0.0008519701810436634	0.00042773010314842874	0.05211522458629845	99.12315716313965	-1.996
CCAAAA	CCAAAA|TTTTGG	10	5.29	0.0010649627263045794	0.0005635102468106803	0.043665360815995855	83.05151627202412	-1.919
CCAAAC	CCAAAC|GTTTGG	4	2.34	0.0004259850905218317	0.0002494962367073734	0.20940370895028237	398.28585442343706	-2.6
CCAAAG	CCAAAG|CTTTGG	2	2.52	0.00021299254526091586	0.0002684190046448682	0.7168743158143704	1363.4949486789326	-3.135
CCAACA	CCAACA|TGTTGG	7	2.09	0.0007454739084132055	0.00022253464484901293	0.005711877229577178	10.863990490655793	-1.036
CCAACC	CCAACC|GGTTGG	2	1.20	0.00021299254526091586	0.0001280810962628842	0.3383416969824513	643.5259076606224	-2.809
CCAACG	CCAACG|CGTTGG	3	1.05	0.0003194888178913738	0.000111730893971268	0.08956112194646587	170.3452539421781	-2.231
CCAAGA	CCAAGA|TCTTGG	6	2.16	0.0006389776357827476	0.00022961266578471837	0.022876993834283054	43.51204227280637	-1.639
CCAAGC	CCAAGC|GCTTGG	3	1.44	0.0003194888178913738	0.00015329595960608957	0.17611424669699746	334.9692972176892	-2.525
CCAAGG	CCAAGG|CCTTGG	1	1.28	0.00010649627263045793	0.00013677596281928277	0.7231629715471253	1375.4559718826322	-3.138
CCAATA	CCAATA|TATTGG	8	3.18	0.0008519701810436634	0.0003382094642645202	0.016166602361140477	30.748877690889188	-1.488
CCAATC	CCAATC|GATTGG	2	2.02	0.00021299254526091586	0.00021505222801244185	0.5992037225819719	1139.6854803509104	-3.057
CCACAA	CCACAA|TTGTGG	7	2.09	0.0007454739084132055	0.0002225346448490127	0.005711877229577153	10.863990490655745	-1.036
CCACAC	CCACAC|GTGTGG	5	0.93	0.0005324813631522897	9.852803341390497e-05	0.002636308251906823	5.014258295126777	-0.7
CCACAG	CCACAG|CTGTGG	14	1.00	0.001490947816826411	0.00010600078384987962	4.252529010007063e-12	8.088310177033434e-09	8.092
CCACCA	CCACCA|TGGTGG	5	1.07	0.0005324813631522897	0.0001142401250010149	0.004900902101060773	9.32151579621759	-0.969
CCACCC	CCACCC|GGGTGG	3	0.62	0.0003194888178913738	6.575156177262442e-05	0.02486978305188312	47.302327364681695	-1.675
CCACGA	CCACGA|TCGTGG	3	0.90	0.0003194888178913738	9.557754097626259e-05	0.06244149769838645	118.76372862233103	-2.075
CCACGC	CCACGC|GCGTGG	1	0.60	0.00010649627263045793	6.381029030203283e-05	0.45073739908206184	857.3025330540817	-2.933
CCACGG	CCACGG|CCGTGG	2	0.53	0.00021299254526091586	5.693375034975013e-05	0.10087480761835145	191.86388409010445	-2.283
CCACTA	CCACTA|TAGTGG	6	1.52	0.0006389776357827476	0.00016218925861263744	0.004788908223195248	9.10850344051736	-0.959
CCACTC	CCACTC|GAGTGG	2	0.97	0.00021299254526091586	0.00010312887458718217	0.2526107877227818	480.4657182487309	-2.682
CCAGAA	CCAGAA|TTCTGG	5	2.16	0.0005324813631522897	0.00022961266578471837	0.06783009783836172	129.012846088564	-2.111
CCAGAC	CCAGAC|GTCTGG	1	0.95	0.00010649627263045793	0.00010166185324555723	0.6150357483935754	1169.7979934445805	-3.068
CCAGCA	CCAGCA|TGCTGG	1	1.28	0.00010649627263045793	0.00013673016626595717	0.7230438978198428	1375.229493653341	-3.138
CCAGCC	CCAGCC|GGCTGG	1	0.74	0.00010649627263045793	7.869583452694422e-05	0.5223867078747515	993.5795183777774	-2.997
CCAGCG	CCAGCG|CGCTGG	1	0.64	0.00010649627263045793	6.864991165802851e-05	0.4751394498676132	903.7152336482003	-2.956
CCAGGA	CCAGGA|TCCTGG	3	1.10	0.0003194888178913738	0.00011700175060166878	0.09931127985164927	188.8900542778369	-2.276
CCAGGG	CCAGGG|CCCTGG	1	0.65	0.00010649627263045793	6.969575060414594e-05	0.48026857861449684	913.470836524773	-2.961
CCAGTA	CCAGTA|TACTGG	1	1.48	0.00010649627263045793	0.0001576471614361458	0.7724321505887832	1469.1659504198658	-3.167
CCAGTC	CCAGTC|GACTGG	3	0.94	0.0003194888178913738	0.0001002407587274511	0.06982035138673419	132.79830833756841	-2.123
CCATAA	CCATAA|TTATGG	4	3.18	0.0004259850905218317	0.0003382094642645202	0.3920861201580754	745.7478005406595	-2.873
CCATAC	CCATAC|GTATGG	2	1.41	0.00021299254526091586	0.0001497434856427093	0.41026839596956305	780.3304891341089	-2.892
CCATAG	CCATAG|CTATGG	7	1.51	0.0007454739084132055	0.00016110061577967393	0.0009718119856097637	1.8483863966297704	-0.267
CCATCA	CCATCA|TGATGG	5	1.80	0.0005324813631522897	0.00019181279772515056	0.03648785152816504	69.3998936065699	-1.841
CCATCC	CCATCC|GGATGG	4	1.04	0.0004259850905218317	0.00011039896024530003	0.021317881318654155	40.5466102680802	-1.608
CCATGA	CCATGA|TCATGG	1	1.67	0.00010649627263045793	0.00017762319515728618	0.8113537672944131	1543.1948653939737	-3.188
CCATGC	CCATGC|GCATGG	4	1.11	0.0004259850905218317	0.0001185863073227213	0.026752241086301438	50.88276254614534	-1.707
CCATGG	CCATGG|CCATGG	1	0.99	0.00010649627263045793	0.00010580680927877667	0.6297311587175312	1197.7486638807443	-3.078
CCATTA	CCATTA|TAATGG	2	3.21	0.00021299254526091586	0.00034175054038153817	0.8299739396203373	1578.6104331578815	-3.198
CCATTC	CCATTC|GAATGG	4	2.04	0.0004259850905218317	0.00021730383948103982	0.150254516804372	285.7840909619155	-2.456
CCCAAA	CCCAAA|TTTGGG	2	2.72	0.00021299254526091586	0.00028928296121569235	0.7542942079500101	1434.6675835209192	-3.157
CCCAAC	CCCAAC|GTTGGG	2	1.20	0.00021299254526091586	0.00012808109626288405	0.33834169698245087	643.5259076606216	-2.809
CCCAAG	CCCAAG|CTTGGG	2	1.29	0.00021299254526091586	0.00013779526627902386	0.3710133159111101	705.6673268629314	-2.849
CCCACA	CCCACA|TGTGGG	7	1.07	0.0007454739084132055	0.0001142401250010149	0.00012779861417152422	0.24307296415423907	0.614
CCCACC	CCCACC|GGTGGG	1	0.62	0.00010649627263045793	6.575156177262442e-05	0.4606589514552337	876.1733256678546	-2.943
CCCACG	CCCACG|CGTGGG	1	0.54	0.00010649627263045793	5.735804104755512e-05	0.4164306633493512	792.051121690466	-2.899
CCCAGG	CCCAGG|CCTGGG	1	0.66	0.00010649627263045793	7.021514829841706e-05	0.48279721251086755	918.2802981956701	-2.963
CCCATA	CCCATA|TATGGG	4	1.63	0.0004259850905218317	0.00017362281500177154	0.08304735198924426	157.95606348354258	-2.199
CCCATC	CCCATC|GATGGG	4	1.04	0.0004259850905218317	0.00011039896024529992	0.021317881318654083	40.546610268080066	-1.608
CCCCAA	CCCCAA|TTGGGG	1	1.39	0.00010649627263045793	0.00014850596262153674	0.7520358225499136	1430.3721344899357	-3.155
CCCCAC	CCCCAC|GTGGGG	4	0.62	0.0004259850905218317	6.575156177262442e-05	0.0037140917974540742	7.0642025987576496	-0.849
CCCCAG	CCCCAG|CTGGGG	1	0.66	0.00010649627263045793	7.073841673032276e-05	0.48533225049010265	923.1019404321752	-2.965
CCCCCA	CCCCCA|TGGGGG	2	0.72	0.00021299254526091586	7.6236847277381e-05	0.16133778213642067	306.8644616234721	-2.487
CCCCCC	CCCCCC|GGGGGG	1	0.41	0.00010649627263045793	4.3878556444719575e-05	0.3376887351910194	642.2839743333188	-2.808
CCCCGC	CCCCGC|GCGGGG	1	0.40	0.00010649627263045793	4.258307102200918e-05	0.3295827752467665	626.8664385193499	-2.797
CCCCTC	CCCCTC|GAGGGG	1	0.65	0.00010649627263045793	6.882188076843708e-05	0.47598630547642623	905.3259530161627	-2.957
CCCGAC	CCCGAC|GTCGGG	2	0.52	0.00021299254526091586	5.5010204072522176e-05	0.0952626122917986	181.18948857900094	-2.258
CCCGCA	CCCGCA|TGCGGG	1	0.69	0.00010649627263045793	7.398600467170702e-05	0.5007900767740258	952.502726024197	-2.979
CCCGCC	CCCGCC|GGCGGG	2	0.40	0.00021299254526091586	4.258307102200918e-05	0.06151307110690169	116.99786124532702	-2.068
CCCGCG	CCCGCG|CGCGGG	1	0.35	0.00010649627263045793	3.7147125783227884e-05	0.29447389842662136	560.0893548074338	-2.748
CCCGGA	CCCGGA|TCCGGG	1	0.59	0.00010649627263045793	6.331076969346336e-05	0.4481550321086821	852.3908710707134	-2.931
CCCGGC	CCCGGC|GCCGGG	3	0.40	0.0003194888178913738	4.226807419525863e-05	0.007760974835762203	14.76137413761971	-1.169
CCCGTA	CCCGTA|TACGGG	1	0.80	0.00010649627263045793	8.530439142309493e-05	0.5511238369754748	1048.237537927353	-3.02
CCCGTC	CCCGTC|GACGGG	2	0.51	0.00021299254526091586	5.424123619566748e-05	0.09304508609021887	176.9717537435963	-2.248
CCCTAA	CCCTAA|TTAGGG	1	1.98	0.00010649627263045793	0.0002108372340885404	0.8618978469385504	1639.3297048771228	-3.215
CCCTCA	CCCTCA|TGAGGG	2	1.12	0.00021299254526091586	0.0001195746541957367	0.3093120872978226	588.3115900404586	-2.77
CCCTCC	CCCTCC|GGAGGG	2	0.65	0.00021299254526091586	6.882188076843708e-05	0.13734902630450305	261.2378480311648	-2.417
CCCTCG	CCCTCG|CGAGGG	2	0.56	0.00021299254526091586	6.003641823348278e-05	0.11011258236898035	209.4341316658006	-2.321
CCCTTA	CCCTTA|TAAGGG	3	2.00	0.0003194888178913738	0.0002130447142837875	0.3234561764264419	615.2136475630925	-2.789
CCCTTC	CCCTTC|GAAGGG	4	1.27	0.0004259850905218317	0.00013546557773785173	0.040354542032089734	76.75433894503468	-1.885
CCGAAA	CCGAAA|TTTCGG	1	2.27	0.00010649627263045793	0.00024202489343461253	0.8969574994696352	1706.013163991246	-3.232
CCGAAC	CCGAAC|GTTCGG	1	1.01	0.00010649627263045793	0.00010715741274129115	0.6343973187669938	1206.6237002948221	-3.082
CCGAAG	CCGAAG|CTTCGG	2	1.08	0.00021299254526091586	0.000115284648970766	0.2945665092296468	560.2655005547882	-2.748
CCGACG	CCGACG|CGTCGG	2	0.45	0.00021299254526091586	4.7987872198950765e-05	0.07561316014524501	143.81623059625602	-2.158
CCGAGG	CCGAGG|CCTCGG	2	0.55	0.00021299254526091586	5.8744606709653944e-05	0.10623960891947393	202.0677361648394	-2.305
CCGATA	CCGATA|TATCGG	3	1.36	0.0003194888178913738	0.00014525930985368282	0.15786742462239003	300.26384163178585	-2.478
CCGATC	CCGATC|GATCGG	2	0.87	0.00021299254526091586	9.23638795606028e-05	0.21557553050102113	410.0246590129422	-2.613
CCGCAC	CCGCAC|GTGCGG	1	0.60	0.00010649627263045793	6.381029030203283e-05	0.45073739908206184	857.3025330540817	-2.933
CCGCAG	CCGCAG|CTGCGG	2	0.64	0.00021299254526091586	6.864991165802851e-05	0.13680244041750492	260.19824167409433	-2.415
CCGCCC	CCGCCC|GGGCGG	2	0.40	0.00021299254526091586	4.258307102200918e-05	0.06151307110690169	116.99786124532702	-2.068
CCGCGC	CCGCGC|GCGCGG	2	0.39	0.00021299254526091586	4.1325833951488075e-05	0.05837671891686146	111.03251937987051	-2.045
CCGCTA	CCGCTA|TAGCGG	5	0.99	0.0005324813631522897	0.0001050395843431429	0.0034544506443355263	6.5703651255261715	-0.818
CCGCTC	CCGCTC|GAGCGG	1	0.63	0.00010649627263045793	6.678996015565784e-05	0.4658922737738045	886.1271047177761	-2.947
CCGGAG	CCGGAG|CTCCGG	3	0.55	0.0003194888178913738	5.8744606709653944e-05	0.018605090506071207	35.386882142547435	-1.549
CCGGCA	CCGGCA|TGCCGG	1	0.69	0.00010649627263045793	7.343871308056054e-05	0.49821799963288976	947.6106353017564	-2.977
CCGGCC	CCGGCC|GGCCGG	3	0.40	0.0003194888178913738	4.226807419525863e-05	0.007760974835762203	14.76137413761971	-1.169
CCGGGA	CCGGGA|TCCCGG	3	0.59	0.0003194888178913738	6.284244528486754e-05	0.02214769171669666	42.12490964515705	-1.625
CCGGGC	CCGGGC|GCCCGG	2	0.39	0.00021299254526091586	4.195540747290124e-05	0.059940157160071894	114.00617891845674	-2.057
CCGGTA	CCGGTA|TACCGG	4	0.80	0.0004259850905218317	8.467337510695649e-05	0.008892598709429832	16.91372274533554	-1.228
CCGGTC	CCGGTC|GACCGG	3	0.51	0.0003194888178913738	5.3840001224337295e-05	0.014812550431682933	28.17347092106094	-1.45
CCGTAA	CCGTAA|TTACGG	1	1.56	0.00010649627263045793	0.0001661691323362168	0.7899328741922196	1502.4523267136017	-3.177
CCGTAC	CCGTAC|GTACGG	1	0.69	0.00010649627263045793	7.357199520232368e-05	0.49884559659538785	948.8043247244277	-2.977
CCGTAG	CCGTAG|CTACGG	4	0.74	0.0004259850905218317	7.915198234074663e-05	0.007069821227399615	13.446799974514068	-1.129
CCGTCA	CCGTCA|TGACGG	3	0.88	0.0003194888178913738	9.424149687319734e-05	0.060398062131562735	114.87711417423232	-2.06
CCGTCC	CCGTCC|GGACGG	1	0.51	0.00010649627263045793	5.424123619566748e-05	0.3990990747545368	759.0864401831291	-2.88
CCGTCG	CCGTCG|CGACGG	2	0.44	0.00021299254526091586	4.7317066976142305e-05	0.07381145976382412	140.38939647079349	-2.147
CCGTGA	CCGTGA|TCACGG	2	0.82	0.00021299254526091586	8.726985889131746e-05	0.1982208126481304	377.015985656744	-2.576
CCGTGC	CCGTGC|GCACGG	4	0.55	0.0004259850905218317	5.826384497436946e-05	0.0024196620735110076	4.602197263817937	-0.663
CCGTTA	CCGTTA|TAACGG	2	1.58	0.00021299254526091586	0.00016790893446499804	0.46749820388653934	889.1815837921978	-2.949
CCGTTC	CCGTTC|GAACGG	2	1.00	0.00021299254526091586	0.00010676575990685814	0.26517203026585184	504.3572015656502	-2.703
CCTAAA	CCTAAA|TTTAGG	6	3.86	0.0006389776357827476	0.0004107014852130516	0.1928608984443996	366.82142884124806	-2.564
CCTAAC	CCTAAC|GTTAGG	1	1.71	0.00010649627263045793	0.0001818395948445125	0.8186767258172639	1557.123132504436	-3.192
CCTACA	CCTACA|TGTAGG	2	1.52	0.00021299254526091586	0.00016218925861263744	0.44982862435915655	855.5740435311158	-2.932
CCTACC	CCTACC|GGTAGG	1	0.88	0.00010649627263045793	9.3348961728029e-05	0.5837822635103017	1110.353865196594	-3.045
CCTACG	CCTACG|CGTAGG	2	0.76	0.00021299254526091586	8.143249276813682e-05	0.17856141943338438	339.6238197622971	-2.531
CCTAGA	CCTAGA|TCTAGG	1	1.57	0.00010649627263045793	0.00016734791140930952	0.7922452306049947	1506.8504286107	-3.178
CCTAGC	CCTAGC|GCTAGG	1	1.05	0.00010649627263045793	0.00011172623504845133	0.649750438982038	1235.8253349438362	-3.092
CCTATC	CCTATC|GATAGG	3	1.47	0.0003194888178913738	0.00015673587116288746	0.1840958961218746	350.1503944238055	-2.544
CCTCAA	CCTCAA|TTGAGG	4	2.19	0.0004259850905218317	0.00023292606870095232	0.17813175527356545	338.8065985303215	-2.53
CCTCAC	CCTCAC|GTGAGG	3	0.97	0.0003194888178913738	0.00010312887458718217	0.07457816166924192	141.84766349489811	-2.152
CCTCAG	CCTCAG|CTGAGG	2	1.04	0.00021299254526091586	0.00011095057076674054	0.27962359782580753	531.844083064686	-2.726
CCTCCA	CCTCCA|TGGAGG	2	1.12	0.00021299254526091586	0.0001195746541957367	0.3093120872978226	588.3115900404586	-2.77
CCTCCC	CCTCCC|GGGAGG	1	0.65	0.00010649627263045793	6.882188076843708e-05	0.47598630547642623	905.3259530161627	-2.957
CCTCCG	CCTCCG|CGGAGG	1	0.56	0.00010649627263045793	6.003641823348278e-05	0.43092438759741614	819.6181852102854	-2.914
CCTCGA	CCTCGA|TCGAGG	5	0.94	0.0005324813631522897	0.00010004060666962625	0.0028123009167805	5.348996343716511	-0.728
CCTCTA	CCTCTA|TAGAGG	4	1.59	0.0004259850905218317	0.00016976280893159668	0.07799867003288122	148.35347040254007	-2.171
CCTCTC	CCTCTC|GAGAGG	2	1.01	0.00021299254526091586	0.00010794455552502463	0.26924389547483224	512.1018891931309	-2.709
CCTGAA	CCTGAA|TTCAGG	4	2.03	0.0004259850905218317	0.00021569505814399522	0.14748447543377058	280.51547227503164	-2.448
CCTGAC	CCTGAC|GTCAGG	2	0.90	0.00021299254526091586	9.549978121584167e-05	0.2263260671819362	430.47217978004267	-2.634
CCTGAG	CCTGAG|CTCAGG	2	0.96	0.00021299254526091586	0.00010274285719116554	0.25127809668950163	477.9309399034321	-2.679
CCTGCA	CCTGCA|TGCAGG	1	1.21	0.00010649627263045793	0.00012844248405018333	0.7006299738989511	1332.598210355805	-3.125
CCTGCG	CCTGCG|CGCAGG	1	0.61	0.00010649627263045793	6.448880612074707e-05	0.4542257713939854	863.9374171913603	-2.936
CCTGGA	CCTGGA|TCCAGG	2	1.03	0.00021299254526091586	0.00010990987501812184	0.27603103742440255	525.0110331812136	-2.72
CCTGGC	CCTGGC|GCCAGG	1	0.69	0.00010649627263045793	7.337896497785319e-05	0.4979364035414641	947.0750395358648	-2.976
CCTGTA	CCTGTA|TACAGG	3	1.39	0.0003194888178913738	0.00014809162872612036	0.1642304955454155	312.3664025273803	-2.495
CCTGTC	CCTGTC|GACAGG	3	0.88	0.0003194888178913738	9.416482408852706e-05	0.06028176310097778	114.65591341805973	-2.059
CCTTAA	CCTTAA|TTAAGG	3	3.90	0.0003194888178913738	0.0004150015577248436	0.7463918701707315	1419.6373370647314	-3.152
CCTTAC	CCTTAC|GTAAGG	4	1.73	0.0004259850905218317	0.00018374346778264093	0.09701821962967631	184.52865373564435	-2.266
CCTTAG	CCTTAG|CTAAGG	3	1.86	0.0003194888178913738	0.00019767928920731218	0.2844729304710079	541.067513755857	-2.733
CCTTCA	CCTTCA|TGAAGG	4	2.21	0.0004259850905218317	0.0002353648204984559	0.18263245678269865	347.36693280069284	-2.541
CCTTCC	CCTTCC|GGAAGG	4	1.27	0.0004259850905218317	0.00013546557773785173	0.040354542032089734	76.75433894503468	-1.885
CCTTCG	CCTTCG|CGAAGG	1	1.11	0.00010649627263045793	0.00011817270888998903	0.6703229488179532	1274.9542486517469	-3.105
CCTTGA	CCTTGA|TCAAGG	5	2.05	0.0005324813631522897	0.00021795340008783608	0.05695371937075624	108.32597424317836	-2.035
CCTTGC	CCTTGC|GCAAGG	4	1.37	0.0004259850905218317	0.00014551190153944224	0.05000415904729766	95.10791050796014	-1.978
CCTTTA	CCTTTA|TAAAGG	8	3.94	0.0008519701810436634	0.000419346652288594	0.047508615131669533	90.36138598043546	-1.956
CCTTTC	CCTTTC|GAAAGG	2	2.50	0.00021299254526091586	0.000266643726485691	0.7134782689130046	1357.0356674725347	-3.133
CGAAAA	CGAAAA|TTTTCG	8	4.43	0.0008519701810436634	0.0004714536482222259	0.08069209966156868	153.47637355630363	-2.186
CGAAAC	CGAAAC|GTTTCG	5	1.96	0.0005324813631522897	0.00020873783871569137	0.049120429729615465	93.42705734572861	-1.97
CGAAAG	CGAAAG|CTTTCG	2	2.11	0.00021299254526091586	0.00022456933074105592	0.6226187948585782	1184.2209478210157	-3.073
CGAACA	CGAACA|TGTTCG	2	1.75	0.00021299254526091586	0.00018618076736615617	0.5215854403756918	992.0555075945657	-2.997
CGAACC	CGAACC|GGTTCG	2	1.01	0.00021299254526091586	0.00010715741274129105	0.26652493746636075	506.9304310610181	-2.705
CGAACG	CGAACG|CGTTCG	2	0.88	0.00021299254526091586	9.347822489478566e-05	0.21939082574516072	417.2813505672957	-2.62
CGAAGA	CGAAGA|TCTTCG	5	1.80	0.0005324813631522897	0.00019210250314863383	0.036685133294884945	69.77512352687117	-1.844
CGAAGC	CGAAGC|GCTTCG	1	1.20	0.00010649627263045793	0.00012825310599595655	0.7000971425616371	1331.5847651522338	-3.124
CGAATC	CGAATC|GATTCG	1	1.69	0.00010649627263045793	0.00017992069892004326	0.8153799524490959	1550.8526695581804	-3.191
CGACAA	CGACAA|TTGTCG	4	1.75	0.0004259850905218317	0.00018618076736615617	0.10053693236901727	191.22124536587086	-2.282
CGACAC	CGACAC|GTGTCG	1	0.77	0.00010649627263045793	8.243222029776676e-05	0.5388530617010117	1024.8985233553242	-3.011
CGACAG	CGACAG|CTGTCG	5	0.83	0.0005324813631522897	8.868420147332497e-05	0.0016792978135257194	3.1940244413259182	-0.504
CGACCC	CGACCC|GGGTCG	1	0.52	0.00010649627263045793	5.5010204072522176e-05	0.40342231799448897	767.309248825518	-2.885
CGACCG	CGACCG|CGGTCG	1	0.45	0.00010649627263045793	4.7987872198950663e-05	0.3627582104177263	689.9661162145155	-2.839
CGACGA	CGACGA|TCGTCG	3	0.75	0.0003194888178913738	7.996372849721585e-05	0.040619696858312966	77.25866342451125	-1.888
CGACGC	CGACGC|GCGTCG	2	0.50	0.00021299254526091586	5.338606409959349e-05	0.0905970360833641	172.3155626305585	-2.236
CGACTA	CGACTA|TAGTCG	1	1.27	0.00010649627263045793	0.00013569357098323632	0.7203349471031011	1370.0770693900984	-3.137
CGACTC	CGACTC|GAGTCG	3	0.81	0.0003194888178913738	8.628145528206217e-05	0.048897901640711505	93.00380892063329	-1.969
CGAGAA	CGAGAA|TTCTCG	8	1.80	0.0008519701810436634	0.00019210250314863383	0.0005692855840572797	1.082781180876946	-0.035
CGAGAC	CGAGAC|GTCTCG	2	0.80	0.00021299254526091586	8.505409062020634e-05	0.19072551414413383	362.7599279021425	-2.56
CGAGAG	CGAGAG|CTCTCG	1	0.86	0.00010649627263045793	9.150492466957329e-05	0.5765124836462062	1096.5267438950843	-3.04
CGAGCA	CGAGCA|TGCTCG	4	1.07	0.0004259850905218317	0.0001143935466532411	0.0238758872858419	45.41193761767129	-1.657
CGAGCG	CGAGCG|CGCTCG	3	0.54	0.0003194888178913738	5.743507147294984e-05	0.017544876458969922	33.370355024960794	-1.523
CGAGGA	CGAGGA|TCCTCG	4	0.92	0.0004259850905218317	9.788801975073193e-05	0.014426885660932389	27.439936527093405	-1.438
CGAGGC	CGAGGC|GCCTCG	1	0.61	0.00010649627263045793	6.535283178018396e-05	0.45863583332972246	872.3253549931321	-2.941
CGAGTA	CGAGTA|TACTCG	3	1.24	0.0003194888178913738	0.00013189348341330028	0.12896271285615138	245.28707985239993	-2.39
CGATAA	CGATAA|TTATCG	3	2.66	0.0003194888178913738	0.0002829586270937188	0.49577944562066373	942.9725055705024	-2.974
CGATAC	CGATAC|GTATCG	3	1.18	0.0003194888178913738	0.0001252809740432032	0.11543323130790605	219.5540059476373	-2.342
CGATAG	CGATAG|CTATCG	4	1.27	0.0004259850905218317	0.0001347827718662434	0.039740825615411125	75.58705032051196	-1.878
CGATCA	CGATCA|TGATCG	3	1.51	0.0003194888178913738	0.0001604777264921958	0.19288363889790375	366.86468118381293	-2.565
CGATCC	CGATCC|GGATCG	1	0.87	0.00010649627263045793	9.23638795606028e-05	0.5799144210575493	1102.9972288514589	-3.043
CGATGA	CGATGA|TCATCG	8	1.40	0.0008519701810436634	0.00014860617679934602	0.00010420328838028405	0.19819465449930027	0.703
CGATTA	CGATTA|TAATCG	1	2.68	0.00010649627263045793	0.00028592122318393966	0.9317651798948672	1772.2173721600375	-3.249
CGATTC	CGATTC|GAATCG	2	1.71	0.00021299254526091586	0.0001818044808871991	0.5089698967539747	968.06074362606	-2.986
CGCAAA	CGCAAA|TTTGCG	5	2.64	0.0005324813631522897	0.0002807420726892986	0.12774093242525092	242.96325347282726	-2.386
CGCAAC	CGCAAC|GTTGCG	3	1.17	0.0003194888178913738	0.00012429958641894977	0.11347317069429196	215.8259706605433	-2.334
CGCAAG	CGCAAG|CTTGCG	2	1.26	0.00021299254526091586	0.00013372695197593436	0.3574029809658528	679.7804697970521	-2.832
CGCACA	CGCACA|TGTGCG	4	1.04	0.0004259850905218317	0.00011086726069965892	0.02160863600936738	41.099625689816754	-1.614
CGCACG	CGCACG|CGTGCG	1	0.52	0.00010649627263045793	5.566458273732226e-05	0.4070768193118412	774.260110331122	-2.889
CGCAGA	CGCAGA|TCTGCG	2	1.07	0.00021299254526091586	0.0001143935466532412	0.2914972701896768	554.4278079007653	-2.744
CGCAGC	CGCAGC|GCTGCG	1	0.72	0.00010649627263045793	7.637239194546063e-05	0.5118520585522383	973.5426153663572	-2.988
CGCATA	CGCATA|TATGCG	3	1.58	0.0003194888178913738	0.00016849671596594497	0.21204783591763654	403.3149839153447	-2.606
CGCATC	CGCATC|GATGCG	2	1.01	0.00021299254526091586	0.00010713950379849647	0.2664630741855455	506.81276710090754	-2.705
CGCCAA	CGCCAA|TTGGCG	2	1.35	0.00021299254526091586	0.00014412142207713313	0.3919398613955713	745.4696163743766	-2.872
CGCCAC	CGCCAC|GTGGCG	4	0.60	0.0004259850905218317	6.381029030203283e-05	0.0033418674307033503	6.356231853197772	-0.803
CGCCAG	CGCCAG|CTGGCG	3	0.64	0.0003194888178913738	6.864991165802851e-05	0.027752587142411734	52.78542074486712	-1.723
CGCCCA	CGCCCA|TGGGCG	1	0.69	0.00010649627263045793	7.398600467170702e-05	0.5007900767740258	952.502726024197	-2.979
CGCCCG	CGCCCG|CGGGCG	2	0.35	0.00021299254526091586	3.7147125783227884e-05	0.04837827281313718	92.01547489058692	-1.964
CGCCGA	CGCCGA|TCGGCG	1	0.58	0.00010649627263045793	6.189944551546326e-05	0.4407931247769653	838.388523325788	-2.923
CGCCTC	CGCCTC|GAGGCG	1	0.63	0.00010649627263045793	6.678996015565784e-05	0.4658922737738045	886.1271047177761	-2.947
CGCGAA	CGCGAA|TTCGCG	2	1.13	0.00021299254526091586	0.00012057734639218987	0.31274988912553364	594.850289116765	-2.774
CGCGAC	CGCGAC|GTCGCG	3	0.50	0.0003194888178913738	5.338606409959361e-05	0.014486061663444424	27.552489283871296	-1.44
CGCGAG	CGCGAG|CTCGCG	2	0.54	0.00021299254526091586	5.7435071472949956e-05	0.10235229669809309	194.67406831977306	-2.289
CGCGCA	CGCGCA|TGCGCG	8	0.67	0.0008519701810436634	7.180161670859038e-05	5.82921719187643e-07	0.001108717109894897	2.955
CGCGGA	CGCGGA|TCCGCG	1	0.58	0.00010649627263045793	6.144156099828243e-05	0.4383836187333664	833.8056428308629	-2.921
CGCGTA	CGCGTA|TACGCG	1	0.78	0.00010649627263045793	8.278583556036896e-05	0.5403817364679617	1027.8060627620632	-3.012
CGCGTC	CGCGTC|GACGCG	2	0.49	0.00021299254526091586	5.263979949184595e-05	0.08847664924302102	168.282586860226	-2.226
CGCTAA	CGCTAA|TTAGCG	3	1.92	0.0003194888178913738	0.000204612403887702	0.30203585127518856	574.4721891254086	-2.759
CGCTAC	CGCTAC|GTAGCG	4	0.85	0.0004259850905218317	9.059289523581956e-05	0.011160249427438455	21.226794410987942	-1.327
CGCTAG	CGCTAG|CTAGCG	2	0.92	0.00021299254526091586	9.746381383546092e-05	0.23307853673247217	443.3153768651621	-2.647
CGCTCC	CGCTCC|GGAGCG	1	0.63	0.00010649627263045793	6.67899601556577e-05	0.4658922737738037	886.1271047177746	-2.947
CGCTGA	CGCTGA|TCAGCG	2	1.01	0.00021299254526091586	0.00010745976321621052	0.2675693427298821	508.91688987223574	-2.707
CGCTTA	CGCTTA|TAAGCG	4	1.94	0.0004259850905218317	0.0002067547096869439	0.1324649343252786	251.94830508667988	-2.401
CGCTTC	CGCTTC|GAAGCG	4	1.23	0.0004259850905218317	0.0001314660459515332	0.03683606873658492	70.06220273698452	-1.845
CGGAAA	CGGAAA|TTTCCG	6	2.26	0.0006389776357827476	0.00024023457931219636	0.027660296599265933	52.6098841318038	-1.721
CGGAAC	CGGAAC|GTTCCG	3	1.00	0.0003194888178913738	0.0001063647445713777	0.08007436294351396	152.30143831856356	-2.183
CGGAAG	CGGAAG|CTTCCG	3	1.07	0.0003194888178913738	0.00011443186175445466	0.09450545936562095	179.74938371341105	-2.255
CGGACA	CGGACA|TGTCCG	2	0.89	0.00021299254526091586	9.487053179647414e-05	0.22416556360856255	426.362901983486	-2.63
CGGACC	CGGACC|GGTCCG	1	0.51	0.00010649627263045793	5.4603280867927825e-05	0.4011384287655165	762.9652915120123	-2.883
CGGAGA	CGGAGA|TCTCCG	2	0.92	0.00021299254526091586	9.788801975073193e-05	0.23453859508572383	446.0924078530467	-2.649
CGGAGC	CGGAGC|GCTCCG	1	0.61	0.00010649627263045793	6.535283178018396e-05	0.45863583332972246	872.3253549931321	-2.941
CGGATA	CGGATA|TATCCG	3	1.35	0.0003194888178913738	0.00014418479313702242	0.15547373618512803	295.7110462241135	-2.471
CGGCAC	CGGCAC|GTGCCG	3	0.59	0.0003194888178913738	6.333827082394532e-05	0.02259948270936821	42.98421611321834	-1.633
CGGCAG	CGGCAG|CTGCCG	1	0.64	0.00010649627263045793	6.814209238125987e-05	0.4726307161457199	898.9436221091593	-2.954
CGGCCA	CGGCCA|TGGCCG	2	0.69	0.00021299254526091586	7.343871308056054e-05	0.15219439294929996	289.4737353895685	-2.462
CGGCCC	CGGCCC|GGGCCG	3	0.40	0.0003194888178913738	4.226807419525863e-05	0.007760974835762203	14.76137413761971	-1.169
CGGCTA	CGGCTA|TAGCCG	1	0.98	0.00010649627263045793	0.00010426258223979094	0.6243230375292668	1187.4624173806653	-3.075
CGGCTC	CGGCTC|GAGCCG	2	0.62	0.00021299254526091586	6.62958993703999e-05	0.12937063988086686	246.06295705340878	-2.391
CGGGAA	CGGGAA|TTCCCG	2	1.15	0.00021299254526091586	0.00012241426769085968	0.3190379394525315	606.810160838715	-2.783
CGGGAC	CGGGAC|GTCCCG	5	0.51	0.0005324813631522897	5.419936776840814e-05	0.0001866711616454986	0.35504854944973835	0.45
CGGGAG	CGGGAG|CTCCCG	3	0.55	0.0003194888178913738	5.8310059264903277e-05	0.01824942183200438	34.71040032447233	-1.54
CGGGCA	CGGGCA|TGCCCG	3	0.68	0.0003194888178913738	7.289546993191434e-05	0.03228162647816005	61.39965356146041	-1.788
CGGGCC	CGGGCC|GGCCCG	3	0.39	0.0003194888178913738	4.195540747290124e-05	0.007606405740323423	14.467383718095151	-1.16
CGGGGA	CGGGGA|TCCCCG	2	0.59	0.00021299254526091586	6.237758518025584e-05	0.11722372340100047	222.9595219087029	-2.348
CGGGTA	CGGGTA|TACCCG	5	0.79	0.0005324813631522897	8.404702656447667e-05	0.0013302746683804805	2.530182419259674	-0.403
CGGTAA	CGGTAA|TTACCG	3	1.55	0.0003194888178913738	0.000164939940825751	0.2034953291556136	387.0481160539771	-2.588
CGGTAC	CGGTAC|GTACCG	1	0.69	0.00010649627263045793	7.302776613499157e-05	0.4962779867092829	943.9207307210561	-2.975
CGGTAG	CGGTAG|CTACCG	3	0.74	0.0003194888178913738	7.856647681777787e-05	0.038893230939055674	73.9749252460839	-1.869
CGGTCC	CGGTCC|GGACCG	3	0.51	0.0003194888178913738	5.3840001224337295e-05	0.014812550431682933	28.17347092106094	-1.45
CGGTGA	CGGTGA|TCACCG	2	0.81	0.00021299254526091586	8.662430355766074e-05	0.19603332144715552	372.8553773924898	-2.572
CGGTTA	CGGTTA|TAACCG	2	1.57	0.00021299254526091586	0.00016666687323573117	0.46368988091886304	881.9381535076775	-2.945
CGTAAA	CGTAAA|TTTACG	5	3.04	0.0005324813631522897	0.00032369002440237185	0.19140848791718496	364.05894401848576	-2.561
CGTAAC	CGTAAC|GTTACG	5	1.35	0.0005324813631522897	0.00014331495018091834	0.012217500931970604	23.23768677260809	-1.366
CGTAAG	CGTAAG|CTTACG	3	1.45	0.0003194888178913738	0.00015418451510917764	0.17816667906371952	338.8730235791945	-2.53
CGTACA	CGTACA|TGTACG	2	1.20	0.00021299254526091586	0.0001278277458648422	0.3374820767040036	641.8909098910149	-2.807
CGTACC	CGTACC|GGTACG	1	0.69	0.00010649627263045793	7.357199520232354e-05	0.498845596595387	948.8043247244261	-2.977
CGTACG	CGTACG|CGTACG	1	0.60	0.00010649627263045793	6.418015644036565e-05	0.45264170295592926	860.9245190221775	-2.935
CGTAGA	CGTAGA|TCTACG	2	1.24	0.00021299254526091586	0.00013189348341330015	0.3512337718723792	668.0466341012652	-2.825
CGTAGC	CGTAGC|GCTACG	2	0.83	0.00021299254526091586	8.805584847217657e-05	0.20088810637365262	382.0891783226873	-2.582
CGTATA	CGTATA|TATACG	11	1.82	0.0011714589989350373	0.00019427336123965024	3.5404316221913292e-06	0.006733900945407908	2.172
CGTATC	CGTATC|GATACG	2	1.16	0.00021299254526091586	0.00012352971632212102	0.3228494983401698	614.0597458430029	-2.788
CGTCAA	CGTCAA|TTGACG	7	1.72	0.0007454739084132055	0.00018357821331629282	0.002025280136526958	3.8520828196742745	-0.586
CGTCAG	CGTCAG|CTGACG	5	0.82	0.0005324813631522897	8.74445168863054e-05	0.0015800955176456268	3.0053416745619823	-0.478
CGTCCA	CGTCCA|TGGACG	2	0.88	0.00021299254526091586	9.424149687319715e-05	0.22200735956765896	422.25799789768735	-2.626
CGTCCC	CGTCCC|GGGACG	2	0.51	0.00021299254526091586	5.424123619566737e-05	0.0930450860902186	176.97175374359577	-2.248
CGTCGC	CGTCGC|GCGACG	2	0.49	0.00021299254526091586	5.263979949184584e-05	0.08847664924302069	168.28258686022536	-2.226
CGTCTA	CGTCTA|TAGACG	2	1.26	0.00021299254526091586	0.00013379675931090977	0.3576374471994641	680.2264245733808	-2.833
CGTCTC	CGTCTC|GAGACG	1	0.80	0.00010649627263045793	8.507535782071262e-05	0.5501574336277243	1046.3994387599316	-3.02
CGTGAA	CGTGAA|TTCACG	7	1.60	0.0007454739084132055	0.00016999777489940784	0.001318345555298232	2.507493246177237	-0.399
CGTGAC	CGTGAC|GTCACG	9	0.71	0.0009584664536741214	7.5267140794831e-05	6.431984878227292e-08	0.0001223363523838831	3.912
CGTGAG	CGTGAG|CTCACG	2	0.76	0.00021299254526091586	8.097569438816568e-05	0.1770356785505085	336.72186060306717	-2.527
CGTGCA	CGTGCA|TGCACG	11	0.95	0.0011714589989350373	0.00010123058302294125	6.016913238867398e-09	1.1444168980325791e-05	4.941
CGTGCC	CGTGCC|GGCACG	2	0.55	0.00021299254526091586	5.8263844974369345e-05	0.10480786405080456	199.34455742463027	-2.3
CGTGGA	CGTGGA|TCCACG	2	0.81	0.00021299254526091586	8.662430355766074e-05	0.19603332144715552	372.8553773924898	-2.572
CGTGGC	CGTGGC|GCCACG	2	0.54	0.00021299254526091586	5.783285383538534e-05	0.10352887749581635	196.9119249970427	-2.294
CGTGTA	CGTGTA|TACACG	3	1.10	0.0003194888178913738	0.00011671684822682874	0.09877371097879588	187.86759828166976	-2.274
CGTTAA	CGTTAA|TTAACG	1	3.07	0.00010649627263045793	0.0003270790809955124	0.9536378817649375	1813.8192511169111	-3.259
CGTTAC	CGTTAC|GTAACG	2	1.36	0.00021299254526091586	0.00014481546746656222	0.39421677071589256	749.8002979016277	-2.875
CGTTCA	CGTTCA|TGAACG	6	1.74	0.0006389776357827476	0.00018550028970819036	0.008941263213334558	17.00628263176233	-1.231
CGTTCC	CGTTCC|GGAACG	1	1.00	0.00010649627263045793	0.00010676575990685803	0.633050295590704	1204.061662213519	-3.081
CGTTGA	CGTTGA|TCAACG	2	1.61	0.00021299254526091586	0.00017177766317648952	0.4792557464579541	911.5444297630287	-2.96
CGTTTA	CGTTTA|TAAACG	5	3.10	0.0005324813631522897	0.0003305036212419188	0.2024052476735577	384.9747810751067	-2.585
CGTTTC	CGTTTC|GAAACG	9	1.97	0.0009584664536741214	0.00021015242807831448	0.0002154295508282852	0.40974700567539846	0.387
CTAAAA	CTAAAA|TTTTAG	11	7.51	0.0011714589989350373	0.0008000280912686023	0.13881677081313756	264.02949808658764	-2.422
CTAAAC	CTAAAC|GTTTAG	8	3.33	0.0008519701810436634	0.00035421538323642817	0.020602516053212963	39.18598553321105	-1.593
CTAAAG	CTAAAG|CTTTAG	2	3.58	0.00021299254526091586	0.0003810804597815913	0.8721640944291704	1658.8561076042822	-3.22
CTAACA	CTAACA|TGTTAG	7	2.97	0.0007454739084132055	0.0003159374087114077	0.031855420044135205	60.58900892394516	-1.782
CTAACC	CTAACC|GGTTAG	3	1.71	0.0003194888178913738	0.0001818395948445125	0.24475099703448366	465.51639635958793	-2.668
CTAAGA	CTAAGA|TCTTAG	6	3.06	0.0006389776357827476	0.00032598623322027963	0.09019361468019715	171.548255121735	-2.234
CTAAGC	CTAAGC|GCTTAG	1	2.04	0.00010649627263045793	0.00021763769985899047	0.8704408832071096	1655.5785598599223	-3.219
CTAATA	CTAATA|TATTAG	4	4.51	0.0004259850905218317	0.0004801635350482373	0.6591757486116955	1253.7522738594448	-3.098
CTAATC	CTAATC|GATTAG	3	2.87	0.0003194888178913738	0.0003053144543042465	0.5463398708918484	1039.1384344362957	-3.017
CTACAA	CTACAA|TTGTAG	7	2.97	0.0007454739084132055	0.0003159374087114077	0.031855420044135205	60.58900892394516	-1.782
CTACAC	CTACAC|GTGTAG	2	1.31	0.00021299254526091586	0.0001398824510374131	0.3779509443962549	718.8626962416768	-2.857
CTACAG	CTACAG|CTGTAG	3	1.41	0.0003194888178913738	0.0001504916818396135	0.16968098985103294	322.73324269666466	-2.509
CTACCA	CTACCA|TGGTAG	3	1.52	0.0003194888178913738	0.00016218925861263744	0.196937559760224	374.57523866394604	-2.574
CTACCC	CTACCC|GGGTAG	2	0.88	0.00021299254526091586	9.3348961728029e-05	0.21894795903726783	416.4390180888834	-2.62
CTACGA	CTACGA|TCGTAG	2	1.27	0.00021299254526091586	0.00013569357098323646	0.3639961873562879	692.3207483516596	-2.84
CTACGC	CTACGC|GCGTAG	1	0.85	0.00010649627263045793	9.059289523581956e-05	0.572870181027973	1089.5990843152047	-3.037
CTACTA	CTACTA|TAGTAG	7	2.16	0.0007454739084132055	0.00023026371521462616	0.006822665758031275	12.976710271775486	-1.113
CTACTC	CTACTC|GAGTAG	2	1.37	0.00021299254526091586	0.00014641436807515877	0.3994471758829396	759.7485285293511	-2.881
CTAGAA	CTAGAA|TTCTAG	7	3.06	0.0007454739084132055	0.00032598623322027963	0.036678489424889126	69.76248688613911	-1.844
CTAGAG	CTAGAG|CTCTAG	4	1.46	0.0004259850905218317	0.00015527827709282908	0.06048977700591191	115.05155586524445	-2.061
CTAGCA	CTAGCA|TGCTAG	3	1.82	0.0003194888178913738	0.0001941188728256485	0.27548542470306986	523.9732777852389	-2.719
CTAGCC	CTAGCC|GGCTAG	2	1.05	0.00021299254526091586	0.00011172623504845133	0.2823003506986856	536.9352670289	-2.73
CTAGGA	CTAGGA|TCCTAG	2	1.56	0.00021299254526091586	0.0001661100001973627	0.4619772091324847	878.6806517699858	-2.944
CTAGTA	CTAGTA|TACTAG	9	2.10	0.0009584664536741214	0.00022381519834198456	0.00033917645344704375	0.6451136144562772	0.19
CTAGTC	CTAGTC|GACTAG	3	1.34	0.0003194888178913738	0.00014231404544269458	0.15133385238251462	287.8369872315428	-2.459
CTATAA	CTATAA|TTATAG	4	4.51	0.0004259850905218317	0.0004801635350482373	0.6591757486116955	1253.7522738594448	-3.098
CTATAC	CTATAC|GTATAG	4	2.00	0.0004259850905218317	0.00021259417317905926	0.14220217077674208	270.46852881736345	-2.432
CTATAG	CTATAG|CTATAG	2	2.15	0.00021299254526091586	0.00022871814465462594	0.6324893515563801	1202.994746660235	-3.08
CTATCA	CTATCA|TGATAG	6	2.56	0.0006389776357827476	0.00027232091574813617	0.04594419702380425	87.38586273927568	-1.941
CTATCC	CTATCC|GGATAG	4	1.47	0.0004259850905218317	0.00015673587116288746	0.06214699176788269	118.20357834251287	-2.073
CTATGA	CTATGA|TCATAG	3	2.37	0.0003194888178913738	0.00025217561985959073	0.42189022552602023	802.4352089504905	-2.904
CTATGC	CTATGC|GCATAG	4	1.58	0.0004259850905218317	0.000168359630787446	0.07620261863755963	144.93738064863842	-2.161
CTATTA	CTATTA|TAATAG	11	4.56	0.0011714589989350373	0.00048519087995095827	0.0072720598468870665	13.8314578287792	-1.141
CTATTC	CTATTC|GAATAG	2	2.90	0.00021299254526091586	0.0003085111174274037	0.7849173811536597	1492.9128589542609	-3.174
CTCAAA	CTCAAA|TTTGAG	7	4.26	0.0007454739084132055	0.00045372954532378764	0.13954382052178066	265.4123466324268	-2.424
CTCAAC	CTCAAC|GTTGAG	1	1.89	0.00010649627263045793	0.00020089042689451776	0.8483774558231866	1613.613920975701	-3.208
CTCAAG	CTCAAG|CTTGAG	3	2.03	0.0003194888178913738	0.000216126740592699	0.33128887334989665	630.1114371115034	-2.799
CTCACA	CTCACA|TGTGAG	2	1.68	0.00021299254526091586	0.00017918137921643822	0.5013042321716913	953.4806495905568	-2.979
CTCACC	CTCACC|GGTGAG	3	0.97	0.0003194888178913738	0.00010312887458718217	0.07457816166924192	141.84766349489811	-2.152
CTCAGA	CTCAGA|TCTGAG	8	1.74	0.0008519701810436634	0.00018488048981669112	0.0004444144358300661	0.8452762569487857	0.073
CTCAGC	CTCAGC|GCTGAG	2	1.16	0.00021299254526091586	0.00012343148406920228	0.3225140489457339	613.4217210947859	-2.788
CTCATA	CTCATA|TATGAG	5	2.56	0.0005324813631522897	0.0002723209157481359	0.11657923070772838	221.73369680609937	-2.346
CTCATC	CTCATC|GATGAG	4	1.63	0.0004259850905218317	0.00017315665542766025	0.08242929570885221	156.78052043823692	-2.195
CTCCAA	CTCCAA|TTGGAG	3	2.19	0.0003194888178913738	0.00023292606870095232	0.3738455521149251	711.0542401225875	-2.852
CTCCAG	CTCCAG|CTGGAG	2	1.04	0.00021299254526091586	0.00011095057076674054	0.27962359782580753	531.844083064686	-2.726
CTCCCA	CTCCCA|TGGGAG	3	1.12	0.0003194888178913738	0.0001195746541957367	0.10421900845337527	198.22455407831976	-2.297
CTCCCC	CTCCCC|GGGGAG	2	0.65	0.00021299254526091586	6.882188076843708e-05	0.13734902630450305	261.2378480311648	-2.417
CTCCGA	CTCCGA|TCGGAG	1	0.94	0.00010649627263045793	0.00010004060666962625	0.609130407102073	1158.566034308143	-3.064
CTCCGC	CTCCGC|GCGGAG	2	0.63	0.00021299254526091586	6.678996015565784e-05	0.13092248682865898	249.01456994810937	-2.396
CTCCTA	CTCCTA|TAGGAG	1	1.59	0.00010649627263045793	0.00016976280893159668	0.7969032425614573	1515.7099673518917	-3.181
CTCCTC	CTCCTC|GAGGAG	5	1.01	0.0005324813631522897	0.00010794455552502463	0.003872586685560512	7.365659875936093	-0.867
CTCGAA	CTCGAA|TTCGAG	4	1.83	0.0004259850905218317	0.0001948746193643194	0.11355549945678352	215.98255996680226	-2.334
CTCGAC	CTCGAC|GTCGAG	3	0.81	0.0003194888178913738	8.628145528206217e-05	0.048897901640711505	93.00380892063329	-1.969
CTCGAG	CTCGAG|CTCGAG	4	0.87	0.0004259850905218317	9.282537745563285e-05	0.012103357919984577	23.020586763810666	-1.362
CTCGCA	CTCGCA|TGCGAG	1	1.09	0.00010649627263045793	0.00011604429144026712	0.6636677931552528	1262.296142581291	-3.101
CTCGGA	CTCGGA|TCCGAG	2	0.93	0.00021299254526091586	9.930058316049875e-05	0.2394039800964532	455.34637014345395	-2.658
CTCGGC	CTCGGC|GCCGAG	2	0.62	0.00021299254526091586	6.62958993703999e-05	0.12937063988086686	246.06295705340878	-2.391
CTCGTA	CTCGTA|TACGAG	1	1.26	0.00010649627263045793	0.00013379675931090977	0.7153091914569755	1360.5180821511674	-3.134
CTCGTC	CTCGTC|GACGAG	7	0.80	0.0007454739084132055	8.507535782071262e-05	2.056064037433976e-05	0.03910633799199423	1.408
CTCTAA	CTCTAA|TTAGAG	4	3.11	0.0004259850905218317	0.0003306903453915868	0.3763191260371691	715.7589777226956	-2.855
CTCTAC	CTCTAC|GTAGAG	4	1.37	0.0004259850905218317	0.0001464143680751586	0.05092764478593561	96.86438038284953	-1.986
CTCTCA	CTCTCA|TGAGAG	4	1.76	0.0004259850905218317	0.00018754838948163285	0.10253687863985504	195.0251431730043	-2.29
CTCTCC	CTCTCC|GGAGAG	3	1.01	0.0003194888178913738	0.00010794455552502463	0.08281979438485992	157.52324892000357	-2.197
CTCTGA	CTCTGA|TCAGAG	4	1.63	0.0004259850905218317	0.0001736742520906507	0.08311568928129137	158.0860410130162	-2.199
CTCTGC	CTCTGC|GCAGAG	2	1.09	0.00021299254526091586	0.00011594988038712153	0.2968565115069479	564.6210848862149	-2.752
CTCTTA	CTCTTA|TAAGAG	5	3.14	0.0005324813631522897	0.0003341526958220843	0.20837997904501307	396.33872014361486	-2.598
CTCTTC	CTCTTC|GAAGAG	6	2.00	0.0006389776357827476	0.00021247271092537988	0.016388091469409165	31.17014997481623	-1.494
CTGAAA	CTGAAA|TTTCAG	9	3.95	0.0009584664536741214	0.00042016430881299107	0.019780341482938266	37.62220950054858	-1.575
CTGAAC	CTGAAC|GTTCAG	2	1.75	0.00021299254526091586	0.00018602929483696676	0.5211524460886816	991.2319524606725	-2.996
CTGAAG	CTGAAG|CTTCAG	4	1.88	0.0004259850905218317	0.00020013848230300636	0.12177985394407254	231.62528220162596	-2.365
CTGACA	CTGACA|TGTCAG	2	1.56	0.00021299254526091586	0.00016592620235234703	0.4614112292055216	877.6041579489021	-2.943
CTGACC	CTGACC|GGTCAG	1	0.90	0.00010649627263045793	9.549978121584167e-05	0.59210396189638	1126.1817355269147	-3.052
CTGAGA	CTGAGA|TCTCAG	2	1.61	0.00021299254526091586	0.00017120371379254927	0.47752153580909107	908.2459611088913	-2.958
CTGAGC	CTGAGC|GCTCAG	2	1.07	0.00021299254526091586	0.00011430047860931991	0.29117660886352814	553.8179100584305	-2.743
CTGATA	CTGATA|TATCAG	3	2.37	0.0003194888178913738	0.00025217561985959073	0.42189022552602023	802.4352089504905	-2.904
CTGATC	CTGATC|GATCAG	1	1.51	0.00010649627263045793	0.00016034716538508353	0.778129163270805	1480.001668541071	-3.17
CTGCAA	CTGCAA|TTGCAG	5	2.35	0.0005324813631522897	0.00025020020392465956	0.08962817667508641	170.47279203601434	-2.232
CTGCAC	CTGCAC|GTGCAG	4	1.04	0.0004259850905218317	0.00011077706156351801	0.021552446170341927	40.99275261599035	-1.613
CTGCAG	CTGCAG|CTGCAG	1	1.12	0.00010649627263045793	0.00011917882608080252	0.6734228868207919	1280.8503307331462	-3.107
CTGCCA	CTGCCA|TGGCAG	1	1.21	0.00010649627263045793	0.00012844248405018333	0.7006299738989511	1332.598210355805	-3.125
CTGCCC	CTGCCC|GGGCAG	3	0.69	0.0003194888178913738	7.392581130474017e-05	0.03343533075113302	63.59399908865501	-1.803
CTGCGA	CTGCGA|TCGCAG	2	1.01	0.00021299254526091586	0.00010745976321621062	0.26756934272988253	508.9168898722366	-2.707
CTGCGC	CTGCGC|GCGCAG	1	0.67	0.00010649627263045793	7.174320051106044e-05	0.49016526398046056	932.294332090836	-2.97
CTGCTA	CTGCTA|TAGCAG	2	1.71	0.00021299254526091586	0.00018235266516278476	0.5105620890258126	971.0890933270955	-2.987
CTGCTC	CTGCTC|GAGCAG	1	1.09	0.00010649627263045793	0.00011594988038712165	0.6633694957944745	1261.7287810010905	-3.101
CTGGAA	CTGGAA|TTCCAG	3	2.01	0.0003194888178913738	0.0002140995119038939	0.3261370212286477	620.312614376888	-2.793
CTGGAC	CTGGAC|GTCCAG	2	0.89	0.00021299254526091586	9.47933472429886e-05	0.2239006592133771	425.8590538238432	-2.629
CTGGCA	CTGGCA|TGCCAG	2	1.20	0.00021299254526091586	0.00012749236528409306	0.3363436027890368	639.725532504748	-2.806
CTGGCC	CTGGCC|GGCCAG	2	0.69	0.00021299254526091586	7.337896497785319e-05	0.15200028623692857	289.1045444226381	-2.461
CTGGGA	CTGGGA|TCCCAG	1	1.02	0.00010649627263045793	0.00010909684624804172	0.6409951519505817	1219.1727790100063	-3.086
CTGGTA	CTGGTA|TACCAG	1	1.38	0.00010649627263045793	0.0001469961606915829	0.748495387309783	1423.6382266632074	-3.153
CTGGTC	CTGGTC|GACCAG	2	0.88	0.00021299254526091586	9.346826510234968e-05	0.21935669996846124	417.2164433400133	-2.62
CTGTAA	CTGTAA|TTACAG	3	2.71	0.0003194888178913738	0.0002884758573521017	0.5085258687465312	967.2162023559023	-2.986
CTGTAC	CTGTAC|GTACAG	4	1.20	0.0004259850905218317	0.00012772374805539798	0.033710531829194805	64.11743153912852	-1.807
CTGTCA	CTGTCA|TGACAG	3	1.54	0.0003194888178913738	0.0001636067795890856	0.20031061318531784	380.99078627847456	-2.581
CTGTCC	CTGTCC|GGACAG	2	0.88	0.00021299254526091586	9.416482408852706e-05	0.22174440844955076	421.75786487104557	-2.625
CTGTGA	CTGTGA|TCACAG	7	1.42	0.0007454739084132055	0.00015150375410116263	0.0006828553051852411	1.2987907904623286	-0.114
CTGTGC	CTGTGC|GCACAG	3	0.95	0.0003194888178913738	0.00010114822407331008	0.07130004663310545	135.61268869616657	-2.132
CTGTTA	CTGTTA|TAACAG	8	2.74	0.0008519701810436634	0.00029149621921875505	0.007154860840511198	13.608545318652299	-1.134
CTGTTC	CTGTTC|GAACAG	3	1.74	0.0003194888178913738	0.00018534937080048062	0.25348573297753824	482.12986412327774	-2.683
CTTAAA	CTTAAA|TTTAAG	6	7.59	0.0006389776357827476	0.0008084044398521506	0.7683572799332367	1461.415546433016	-3.165
CTTAAC	CTTAAC|GTTAAG	2	3.36	0.00021299254526091586	0.00035792404241480607	0.8486600654908711	1614.151444563637	-3.208
CTTAAG	CTTAAG|CTTAAG	2	3.62	0.00021299254526091586	0.0003850703981404404	0.8758572848256623	1665.8805557384096	-3.222
CTTACA	CTTACA|TGTAAG	4	3.00	0.0004259850905218317	0.00031924529489044584	0.3522557992266473	669.9905301290831	-2.826
CTTACC	CTTACC|GGTAAG	3	1.73	0.0003194888178913738	0.00018374346778264093	0.24948343192452116	474.51748752043926	-2.676
CTTAGA	CTTAGA|TCTAAG	3	3.09	0.0003194888178913738	0.00032939933127607544	0.5973327011391465	1136.1267975666567	-3.055
CTTAGC	CTTAGC|GCTAAG	2	2.07	0.00021299254526091586	0.00021991638139384732	0.6113058207898128	1162.7036711422238	-3.065
CTTATA	CTTATA|TATAAG	12	4.56	0.0012779552715654952	0.00048519087995095827	0.002652675621778143	5.045389032622028	-0.703
CTTATC	CTTATC|GATAAG	4	2.90	0.0004259850905218317	0.0003085111174274037	0.32968761011779135	627.0658344440392	-2.797
CTTCAA	CTTCAA|TTGAAG	6	4.31	0.0006389776357827476	0.00045848012455440026	0.26419031314746577	502.4899756064799	-2.701
CTTCAC	CTTCAC|GTGAAG	3	1.91	0.0003194888178913738	0.0002029937633412395	0.2979298194081268	566.6625165142572	-2.753
CTTCCA	CTTCCA|TGGAAG	6	2.21	0.0006389776357827476	0.00023536482049845616	0.025392295478259858	48.29614599965025	-1.684
CTTCCC	CTTCCC|GGGAAG	3	1.27	0.0003194888178913738	0.00013546557773785187	0.13649370779798106	259.61103223175996	-2.414
CTTCGA	CTTCGA|TCGAAG	4	1.85	0.0004259850905218317	0.00019691496989662834	0.11671353810691576	221.98914947935378	-2.346
CTTCTA	CTTCTA|TAGAAG	7	3.14	0.0007454739084132055	0.00033415269582208495	0.0409343546342729	77.85714251438705	-1.891
CTTCTC	CTTCTC|GAGAAG	5	2.00	0.0005324813631522897	0.0002124727109253801	0.05221368913582693	99.31043673634281	-1.997
CTTGAA	CTTGAA|TTCAAG	7	3.99	0.0007454739084132055	0.0004245634577321277	0.10928770416094216	207.865213314112	-2.318
CTTGAC	CTTGAC|GTCAAG	10	1.77	0.0010649627263045794	0.0001879770342192617	1.6446866936363224e-05	0.03128194091296285	1.505
CTTGCA	CTTGCA|TGCAAG	2	2.37	0.00021299254526091586	0.00025281981709402286	0.6858502809354279	1304.487234339184	-3.115
CTTGCC	CTTGCC|GGCAAG	1	1.37	0.00010649627263045793	0.00014551190153944224	0.7449655781930238	1416.9245297231312	-3.151
CTTGGA	CTTGGA|TCCAAG	3	2.03	0.0003194888178913738	0.000216341148369972	0.3318336864604627	631.1476716478	-2.8
CTTGGC	CTTGGC|GCCAAG	4	1.36	0.0004259850905218317	0.00014443551634365226	0.04891487828393699	93.03609849604815	-1.969
CTTGTA	CTTGTA|TACAAG	3	2.74	0.0003194888178913738	0.00029149621921875505	0.5154315522408474	980.3508123620917	-2.991
CTTGTC	CTTGTC|GACAAG	6	1.74	0.0006389776357827476	0.00018534937080048062	0.008908132685808435	16.943268368407644	-1.229
CTTTAA	CTTTAA|TTAAAG	11	7.67	0.0011714589989350373	0.0008168684893756519	0.15279743666725318	290.6207245411155	-2.463
CTTTAC	CTTTAC|GTAAAG	11	3.40	0.0011714589989350373	0.00036167153150727665	0.0008027856888723589	1.5268983802352265	-0.184
CTTTCA	CTTTCA|TGAAAG	6	4.35	0.0006389776357827476	0.00046328044267298854	0.27171576605280956	516.8033870324438	-2.713
CTTTCC	CTTTCC|GGAAAG	4	2.50	0.0004259850905218317	0.00026664372648569127	0.24323317793400354	462.62950443047475	-2.665
CTTTGA	CTTTGA|TCAAAG	8	4.03	0.0008519701810436634	0.00042900866603995304	0.052842073975666884	100.50562470171842	-2.002
CTTTGC	CTTTGC|GCAAAG	4	2.69	0.0004259850905218317	0.0002864184121340398	0.283587430461196	539.3832927371948	-2.732
CTTTTA	CTTTTA|TAAAAG	20	7.75	0.002129925452609159	0.0008254211580739184	0.0001692975607342652	0.32200396051657243	0.492
CTTTTC	CTTTTC|GAAAAG	21	4.93	0.0022364217252396168	0.0005248482903292533	6.406978092525979e-08	0.00012186072331984411	3.914
GAAAAA	GAAAAA|TTTTTC	45	9.55	0.004792332268370607	0.0010166978201296484	9.333819231239486e-17	1.7752924177817501e-13	12.751
GAAAAC	GAAAAC|GTTTTC	9	4.23	0.0009584664536741214	0.0004501467035011325	0.028911893072986743	54.990420624820786	-1.74
GAAACA	GAAACA|TGTTTC	4	3.77	0.0004259850905218317	0.0004015019950423886	0.5203796366680511	989.7620689426332	-2.996
GAAACC	GAAACC|GGTTTC	6	2.17	0.0006389776357827476	0.00023108678521340054	0.023504927474806453	44.70637205708187	-1.65
GAAAGA	GAAAGA|TCTTTC	12	3.89	0.0012779552715654952	0.0004142723190904292	0.0007229436523328595	1.3750388267370988	-0.138
GAAAGC	GAAAGC|GCTTTC	4	2.60	0.0004259850905218317	0.0002765800069267521	0.26336455073883613	500.9193755052663	-2.7
GAAATA	GAAATA|TATTTC	18	5.73	0.0019169329073482429	0.0006102050974424926	3.191271797530008e-05	0.06069798958902075	1.217
GAAATC	GAAATC|GATTTC	4	3.64	0.0004259850905218317	0.00038800205084421504	0.49395831340563595	939.5087120975196	-2.973
GAACAA	GAACAA|TTGTTC	9	3.77	0.0009584664536741214	0.0004015019950423886	0.015275153355975016	29.05334168306448	-1.463
GAACAC	GAACAC|GTGTTC	5	1.67	0.0005324813631522897	0.0001777664866975048	0.02769902783205343	52.683550936565624	-1.722
GAACCA	GAACCA|TGGTTC	3	1.94	0.0003194888178913738	0.00020611459457434156	0.3058487819071865	581.7243831874688	-2.765
GAACCC	GAACCC|GGGTTC	2	1.11	0.00021299254526091586	0.0001186304417758109	0.30607154545063076	582.1480794470997	-2.765
GAACGA	GAACGA|TCGTTC	5	1.62	0.0005324813631522897	0.00017244314209705118	0.024758415868585956	47.090506982050485	-1.673
GAACGC	GAACGC|GCGTTC	1	1.08	0.00010649627263045793	0.00011512795626893521	0.6607613745558547	1256.7681344052357	-3.099
GAACTA	GAACTA|TAGTTC	3	2.75	0.0003194888178913738	0.0002926254963653078	0.5180000672488102	985.236127907237	-2.994
GAACTC	GAACTC|GAGTTC	2	1.75	0.00021299254526091586	0.00018606742748448785	0.5212614756060457	991.439326602699	-2.996
GAAGAA	GAAGAA|TTCTTC	7	3.89	0.0007454739084132055	0.0004142723190904292	0.09953205877831035	189.3099757963463	-2.277
GAAGAC	GAAGAC|GTCTTC	6	1.72	0.0006389776357827476	0.00018342059469208442	0.008492407332159517	16.1525587457674	-1.208
GAAGCA	GAAGCA|TGCTTC	5	2.32	0.0005324813631522897	0.0002466916312087338	0.08568358960916098	162.97018743662417	-2.212
GAAGCC	GAAGCC|GGCTTC	3	1.33	0.0003194888178913738	0.00014198478886526467	0.15060891189952066	286.4581504328883	-2.457
GAAGGA	GAAGGA|TCCTTC	5	1.98	0.0005324813631522897	0.00021109718139346304	0.051061555975593934	97.11907946557966	-1.987
GAAGGC	GAAGGC|GCCTTC	3	1.32	0.0003194888178913738	0.00014093449453782432	0.14830394134384656	282.0740964359961	-2.45
GAAGTA	GAAGTA|TACTTC	5	2.67	0.0005324813631522897	0.0002844305428142546	0.13277787069003938	252.5435100524549	-2.402
GAAGTC	GAAGTC|GACTTC	1	1.70	0.00010649627263045793	0.00018085662410426633	0.8169953470191444	1553.9251500304126	-3.191
GAATAA	GAATAA|TTATTC	9	5.73	0.0009584664536741214	0.0006102050974424926	0.1261562118419778	239.94911492344178	-2.38
GAATAC	GAATAC|GTATTC	5	2.54	0.0005324813631522897	0.0002701705537622754	0.11380635196142067	216.4596814306221	-2.335
GAATCA	GAATCA|TGATTC	4	3.25	0.0004259850905218317	0.0003460729497358159	0.4085091640621216	776.9844300461554	-2.89
GAATCC	GAATCC|GGATTC	2	1.87	0.00021299254526091586	0.00019918427901043255	0.5577631841407786	1060.865576235761	-3.026
GAATGA	GAATGA|TCATTC	4	3.01	0.0004259850905218317	0.00032047175067882624	0.3548359488279534	674.8979746707673	-2.829
GAATGC	GAATGC|GCATTC	4	2.01	0.0004259850905218317	0.00021395607415235083	0.14451282228875353	274.86338799320924	-2.439
GAATTA	GAATTA|TAATTC	2	5.79	0.00021299254526091586	0.0006165939863570449	0.9792330700495947	1862.501299234329	-3.27
GAATTC	GAATTC|GAATTC	1	3.68	0.00010649627263045793	0.00039206445873272956	0.9748144602221382	1854.097103342507	-3.268
GACAAA	GACAAA|TTTGTC	11	3.77	0.0011714589989350373	0.0004015019950423886	0.001815972459393833	3.4539796177670703	-0.538
GACAAC	GACAAC|GTTGTC	2	1.67	0.00021299254526091586	0.0001777664866975048	0.4971373845618808	945.5553054366973	-2.976
GACACA	GACACA|TGTGTC	4	1.49	0.0004259850905218317	0.00015855630732291887	0.06425004268971482	122.20358119583759	-2.087
GACACC	GACACC|GGTGTC	1	0.86	0.00010649627263045793	9.125799569362783e-05	0.5755294195186255	1094.6569559244256	-3.039
GACAGA	GACAGA|TCTGTC	4	1.54	0.0004259850905218317	0.00016359940909918932	0.0702676364136828	133.6490444588247	-2.126
GACAGC	GACAGC|GCTGTC	3	1.03	0.0003194888178913738	0.0001092236280744341	0.08507187066637441	161.8066980074441	-2.209
GACATA	GACATA|TATGTC	2	2.26	0.00021299254526091586	0.00024097480997544967	0.6604662769541644	1256.2068587668207	-3.099
GACATC	GACATC|GATGTC	4	1.44	0.0004259850905218317	0.000153225072789696	0.05819580119111004	110.6884138654913	-2.044
GACCAC	GACCAC|GTGGTC	3	0.86	0.0003194888178913738	9.125799569362783e-05	0.05595104219056002	106.41888224644515	-2.027
GACCCA	GACCCA|TGGGTC	3	0.99	0.0003194888178913738	0.00010581074719705943	0.07912118070349693	150.48848569805116	-2.178
GACCCC	GACCCC|GGGGTC	1	0.57	0.00010649627263045793	6.08999848387175e-05	0.435520300321226	828.3596112109719	-2.918
GACCGC	GACCGC|GCGGTC	1	0.55	0.00010649627263045793	5.9101952975448746e-05	0.4259089884014457	810.0788959395497	-2.909
GACCTA	GACCTA|TAGGTC	2	1.41	0.00021299254526091586	0.0001502218825564819	0.4118155279335523	783.2731341296164	-2.894
GACCTC	GACCTC|GAGGTC	3	0.90	0.0003194888178913738	9.551935694717287e-05	0.062351843863824585	118.59320702899436	-2.074
GACGAA	GACGAA|TTCGTC	3	1.62	0.0003194888178913738	0.00017244314209705118	0.22162568095132637	421.53204516942276	-2.625
GACGAC	GACGAC|GTCGTC	1	0.72	0.00010649627263045793	7.634983612580817e-05	0.5117486582851986	973.3459480584477	-2.988
GACGCA	GACGCA|TGCGTC	3	0.96	0.0003194888178913738	0.0001026867547126535	0.07384069472341204	140.4450013639297	-2.148
GACGCC	GACGCC|GGCGTC	3	0.55	0.0003194888178913738	5.9101952975448746e-05	0.018900442085663067	35.948640846931156	-1.556
GACGGA	GACGGA|TCCGTC	4	0.83	0.0004259850905218317	8.787036828153099e-05	0.010075875216786469	19.164314662327865	-1.282
GACGGC	GACGGC|GCCGTC	1	0.55	0.00010649627263045793	5.8664762157707944e-05	0.4235473733175637	805.5871040500061	-2.906
GACGTA	GACGTA|TACGTC	4	1.11	0.0004259850905218317	0.00011839578521429878	0.026617250446428247	50.62601034910653	-1.704
GACTAA	GACTAA|TTAGTC	11	2.75	0.0011714589989350373	0.0002926254963653078	0.00013947911181842672	0.2652892706786476	0.576
GACTAC	GACTAC|GTAGTC	3	1.22	0.0003194888178913738	0.00012956101600810808	0.12412770133883765	236.0908879464692	-2.373
GACTCA	GACTCA|TGAGTC	9	1.56	0.0009584664536741214	0.00016596021422877948	3.713510711701091e-05	0.07063097373655475	1.151
GACTCC	GACTCC|GGAGTC	3	0.90	0.0003194888178913738	9.551935694717267e-05	0.06235184386382428	118.59320702899377	-2.074
GACTGA	GACTGA|TCAGTC	2	1.44	0.00021299254526091586	0.00015368309033552218	0.42294803350382065	804.4471597242668	-2.905
GACTGC	GACTGC|GCAGTC	3	0.96	0.0003194888178913738	0.00010260321105414022	0.07370171005739966	140.18065252917415	-2.147
GACTTA	GACTTA|TAAGTC	6	2.78	0.0006389776357827476	0.00029568930523494753	0.06308165035882522	119.98129898248557	-2.079
GAGAAA	GAGAAA|TTTCTC	17	3.89	0.001810436634717785	0.0004142723190904292	7.812761551801129e-07	0.0014859872471525747	2.828
GAGAAC	GAGAAC|GTTCTC	7	1.72	0.0007454739084132055	0.00018342059469208442	0.002015676690428823	3.8338170651956216	-0.584
GAGACA	GAGACA|TGTCTC	3	1.54	0.0003194888178913738	0.00016359940909918932	0.20029303926616093	380.9573606842381	-2.581
GAGACC	GAGACC|GGTCTC	2	0.88	0.00021299254526091586	9.41605819606257e-05	0.22172986069431908	421.7301950405949	-2.625
GAGAGA	GAGAGA|TCTCTC	6	1.59	0.0006389776357827476	0.0001688029136746623	0.005780867605646812	10.995210185940236	-1.041
GAGAGC	GAGAGC|GCTCTC	6	1.06	0.0006389776357827476	0.00011269763602815791	0.0007946210054002429	1.511369152271262	-0.179
GAGATA	GAGATA|TATCTC	5	2.33	0.0005324813631522897	0.00024863934576555577	0.08786188395166707	167.11330327607075	-2.223
GAGATC	GAGATC|GATCTC	1	1.48	0.00010649627263045793	0.00015809860730750693	0.7733947863791734	1470.9968836931878	-3.168
GAGCAA	GAGCAA|TTGCTC	7	2.32	0.0007454739084132055	0.0002466916312087338	0.009705209428792104	18.459308333562582	-1.266
GAGCAC	GAGCAC|GTGCTC	2	1.03	0.00021299254526091586	0.0001092236280744341	0.2736614446762898	520.5040677743032	-2.716
GAGCCA	GAGCCA|TGGCTC	3	1.19	0.0003194888178913738	0.00012664132726439628	0.11817112229854944	224.76147461184104	-2.352
GAGCCC	GAGCCC|GGGCTC	2	0.68	0.00021299254526091586	7.28891451450891e-05	0.15041084691097595	286.08143082467626	-2.456
GAGCGA	GAGCGA|TCGCTC	4	0.99	0.0004259850905218317	0.00010595284840412769	0.018676885641244017	35.52343648964612	-1.551
GAGCTA	GAGCTA|TAGCTC	3	1.69	0.0003194888178913738	0.00017979552262001067	0.23968620930274045	455.88317009381234	-2.659
GAGGAA	GAGGAA|TTCCTC	6	1.98	0.0006389776357827476	0.00021109718139346304	0.015929847854826103	30.298570619879246	-1.481
GAGGCA	GAGGCA|TGCCTC	1	1.18	0.00010649627263045793	0.00012570453207169763	0.692833568503997	1317.7694472946023	-3.12
GAGGCC	GAGGCC|GGCCTC	1	0.68	0.00010649627263045793	7.234996727758874e-05	0.4930618083263912	937.803559436796	-2.972
GAGGGA	GAGGGA|TCCCTC	2	1.01	0.00021299254526091586	0.00010756697452078009	0.26793967537029895	509.6212625543086	-2.707
GAGGGC	GAGGGC|GCCCTC	3	0.67	0.0003194888178913738	7.181477783349797e-05	0.03109438164280576	59.14151388461656	-1.772
GAGGTA	GAGGTA|TACCTC	3	1.36	0.0003194888178913738	0.0001449348245669184	0.15714337318439986	298.88669579672853	-2.476
GAGTAA	GAGTAA|TTACTC	10	2.67	0.0010649627263045794	0.0002844305428142546	0.00046150994884669997	0.8777919227064234	0.057
GAGTAC	GAGTAC|GTACTC	1	1.18	0.00010649627263045793	0.00012593267014829193	0.6934908812093944	1319.019656060268	-3.12
GAGTCA	GAGTCA|TGACTC	8	1.51	0.0008519701810436634	0.00016131251174276697	0.00018100857119317528	0.34427830240941937	0.463
GAGTCC	GAGTCC|GGACTC	2	0.87	0.00021299254526091586	9.284434501850841e-05	0.21721983122063235	413.15211898164273	-2.616
GAGTGA	GAGTGA|TCACTC	3	1.40	0.0003194888178913738	0.00014937920771925938	0.16714806001665228	317.91561015167264	-2.502
GAGTGC	GAGTGC|GCACTC	4	0.94	0.0004259850905218317	9.972981635948273e-05	0.015337226651036312	29.171405090271065	-1.465
GAGTTA	GAGTTA|TAACTC	4	2.70	0.0004259850905218317	0.0002874085499622813	0.28563584857601954	543.2793839915892	-2.735
GATAAA	GATAAA|TTTATC	12	5.73	0.0012779552715654952	0.0006102050974424926	0.014661267818695561	27.88573139115896	-1.445
GATAAC	GATAAC|GTTATC	3	2.54	0.0003194888178913738	0.0002701705537622754	0.46561717214254345	885.6038614151176	-2.947
GATACA	GATACA|TGTATC	5	2.26	0.0005324813631522897	0.00024097480997544967	0.07945665751756328	151.12656259840537	-2.179
GATACC	GATACC|GGTATC	2	1.30	0.00021299254526091586	0.00013869443948530738	0.3740059720818875	711.3593588997501	-2.852
GATAGA	GATAGA|TCTATC	9	2.33	0.0009584664536741214	0.00024863934576555604	0.0007121658509527981	1.354539448512222	-0.132
GATAGC	GATAGC|GCTATC	2	1.56	0.00021299254526091586	0.0001659987134189612	0.4616345587862948	878.0289308115326	-2.944
GATATA	GATATA|TATATC	12	3.44	0.0012779552715654952	0.00036623493586060814	0.00024721497339558576	0.4702028793984041	0.328
GATATC	GATATC|GATATC	4	2.19	0.0004259850905218317	0.00023287236832384445	0.17803307651729305	338.6189115358914	-2.53
GATCAA	GATCAA|TTGATC	4	3.25	0.0004259850905218317	0.0003460729497358159	0.4085091640621216	776.9844300461554	-2.89
GATCAC	GATCAC|GTGATC	4	1.44	0.0004259850905218317	0.000153225072789696	0.05819580119111004	110.6884138654913	-2.044
GATCCA	GATCCA|TGGATC	1	1.67	0.00010649627263045793	0.00017765960470610717	0.8114182517130578	1543.317514758236	-3.188
GATCGA	GATCGA|TCGATC	1	1.40	0.00010649627263045793	0.00014863663838317527	0.7523398992575459	1430.9504883878521	-3.156
GATCGC	GATCGC|GCGATC	1	0.93	0.00010649627263045793	9.923405590759286e-05	0.6061589135672724	1152.9142536049521	-3.062
GATCTA	GATCTA|TAGATC	2	2.37	0.00021299254526091586	0.0002522273113097674	0.6846185146227234	1302.1444148124199	-3.115
GATGAA	GATGAA|TTCATC	7	3.01	0.0007454739084132055	0.00032047175067882624	0.033975950303442075	64.62225747714683	-1.81
GATGAC	GATGAC|GTCATC	7	1.33	0.0007454739084132055	0.00014189004763963658	0.0004662335418066707	0.8867761965162877	0.052
GATGCA	GATGCA|TGCATC	7	1.79	0.0007454739084132055	0.00019083509876995016	0.002507113873927782	4.768530588210642	-0.678
GATGCC	GATGCC|GGCATC	2	1.03	0.00021299254526091586	0.00010983623998175587	0.27577679864404897	524.5274710209811	-2.72
GATGGA	GATGGA|TCCATC	3	1.53	0.0003194888178913738	0.00016330003277327786	0.1995795286891088	379.60026356668493	-2.579
GATGGC	GATGGC|GCCATC	2	1.02	0.00021299254526091586	0.00010902375590707316	0.2729712154691323	519.1912518222896	-2.715
GATGTA	GATGTA|TACATC	3	2.07	0.0003194888178913738	0.0002200290721869734	0.3412011980413637	648.9646786746737	-2.812
GATTAA	GATTAA|TTAATC	3	5.79	0.0003194888178913738	0.0006165939863570449	0.927968897363799	1764.9968427859455	-3.247
GATTAC	GATTAC|GTAATC	4	2.56	0.0004259850905218317	0.0002729992578540712	0.25607201917019934	487.04898046171917	-2.688
GATTCA	GATTCA|TGAATC	4	3.28	0.0004259850905218317	0.00034969635708108457	0.4160469875487615	791.3213703177444	-2.898
GATTCC	GATTCC|GGAATC	2	1.89	0.00021299254526091586	0.00020126975197264877	0.5633804783100309	1071.5496697456788	-3.03
GATTGA	GATTGA|TCAATC	5	3.04	0.0005324813631522897	0.00032382711172697294	0.19162761875453124	364.4757308711184	-2.562
GATTGC	GATTGC|GCAATC	2	2.03	0.00021299254526091586	0.00021619620881540465	0.6020753394231703	1145.14729558287	-3.059
GATTTA	GATTTA|TAAATC	10	5.85	0.0010649627263045794	0.0006230497673735043	0.07401307068974221	140.77286045188967	-2.149
GCAAAA	GCAAAA|TTTTGC	14	5.68	0.001490947816826411	0.0006054250601266915	0.0022654166478403848	4.308822464192412	-0.634
GCAAAC	GCAAAC|GTTTGC	6	2.52	0.0006389776357827476	0.0002680541746398673	0.04316826757582896	82.10604492922667	-1.914
GCAACA	GCAACA|TGTTGC	3	2.25	0.0003194888178913738	0.00023908713550554032	0.38933393395259747	740.5131423778404	-2.87
GCAACC	GCAACC|GGTTGC	2	1.29	0.00021299254526091586	0.00013760797757436544	0.37038924906179005	704.4803517155246	-2.848
GCAAGA	GCAAGA|TCTTGC	4	2.32	0.0004259850905218317	0.00024669163120873404	0.20400248571018875	388.012727820779	-2.589
GCAAGC	GCAAGC|GCTTGC	2	1.55	0.00021299254526091586	0.00016469836367123987	0.4576213159320028	870.3957429026693	-2.94
GCAATA	GCAATA|TATTGC	5	3.41	0.0005324813631522897	0.000363366037080344	0.25805191193497157	490.8147365003159	-2.691
GCACAC	GCACAC|GTGTGC	5	0.99	0.0005324813631522897	0.00010585670960091505	0.0035686191882380184	6.787513696028711	-0.832
GCACCA	GCACCA|TGGTGC	1	1.15	0.00010649627263045793	0.00012273749224449664	0.6841554295848835	1301.2636270704484	-3.114
GCACCC	GCACCC|GGGTGC	3	0.66	0.0003194888178913738	7.064227041995392e-05	0.02983279397002128	56.74197413098047	-1.754
GCACGA	GCACGA|TCGTGC	1	0.96	0.00010649627263045793	0.0001026867547126536	0.6187228066375464	1176.8107782246134	-3.071
GCACGC	GCACGC|GCGTGC	3	0.64	0.0003194888178913738	6.855660400402447e-05	0.027657130157493548	52.603861559552726	-1.721
GCACTA	GCACTA|TAGTGC	3	1.64	0.0003194888178913738	0.00017425316079558212	0.22604714881033464	429.94167703725645	-2.633
GCAGAA	GCAGAA|TTCTGC	2	2.32	0.00021299254526091586	0.00024669163120873404	0.6729179368779025	1279.8899159417706	-3.107
GCAGAC	GCAGAC|GTCTGC	1	1.03	0.00010649627263045793	0.00010922362807443421	0.6414222862285393	1219.9851884066816	-3.086
GCAGCC	GCAGCC|GGCTGC	1	0.79	0.00010649627263045793	8.454935934146763e-05	0.5479301086470625	1042.1630666467129	-3.018
GCAGGA	GCAGGA|TCCTGC	3	1.18	0.0003194888178913738	0.00012570453207169763	0.11628310446522849	221.17046469286458	-2.345
GCAGGC	GCAGGC|GCCTGC	1	0.79	0.00010649627263045793	8.392392817229269e-05	0.5452673820108399	1037.0985605846174	-3.016
GCAGTA	GCAGTA|TACTGC	4	1.59	0.0004259850905218317	0.00016937321500623326	0.07749788382426116	147.40097503374474	-2.169
GCATAA	GCATAA|TTATGC	3	3.41	0.0003194888178913738	0.000363366037080344	0.6625705233481602	1260.2091354082008	-3.1
GCATAC	GCATAC|GTATGC	2	1.51	0.00021299254526091586	0.00016088165088730996	0.4457423266978822	847.801905379372	-2.928
GCATCA	GCATCA|TGATGC	1	1.94	0.00010649627263045793	0.00020608014717225402	0.8555891016375857	1627.330471314688	-3.211
GCATCC	GCATCC|GGATGC	4	1.11	0.0004259850905218317	0.00011861061537518114	0.02676949354259395	50.915576718013696	-1.707
GCATGA	GCATGA|TCATGC	1	1.79	0.00010649627263045793	0.00019083509876995016	0.8333636819401802	1585.0577230502226	-3.2
GCATTA	GCATTA|TAATGC	7	3.45	0.0007454739084132055	0.0003671705042274677	0.06133342607328248	116.65617639138328	-2.067
GCCAAA	GCCAAA|TTTGGC	6	2.92	0.0006389776357827476	0.00031080030075562854	0.07591723986089649	144.39459021542513	-2.16
GCCAAC	GCCAAC|GTTGGC	6	1.29	0.0006389776357827476	0.00013760797757436527	0.002165054818315398	4.117934264435887	-0.615
GCCACA	GCCACA|TGTGGC	15	1.15	0.001597444089456869	0.00012273749224449653	2.187418830018317e-12	4.160470614694839e-09	8.381
GCCACC	GCCACC|GGTGGC	2	0.66	0.00021299254526091586	7.064227041995377e-05	0.14316400478220617	272.29793709575614	-2.435
GCCAGA	GCCAGA|TCTGGC	2	1.19	0.00021299254526091586	0.00012664132726439628	0.3334520587086834	634.2258156639158	-2.802
GCCAGC	GCCAGC|GCTGGC	2	0.79	0.00021299254526091586	8.454935934146763e-05	0.18902346574427445	359.52263184561	-2.556
GCCATA	GCCATA|TATGGC	3	1.75	0.0003194888178913738	0.00018653716379913145	0.25645183238239067	487.77138519130705	-2.688
GCCCAA	GCCCAA|TTGGGC	4	1.50	0.0004259850905218317	0.00015955207888086983	0.06541598934544493	124.42121173503625	-2.095
GCCCAC	GCCCAC|GTGGGC	1	0.66	0.00010649627263045793	7.064227041995377e-05	0.48486739150645947	922.2177786452859	-2.965
GCCCCA	GCCCCA|TGGGGC	2	0.77	0.00021299254526091586	8.190746860062784e-05	0.18015001129428335	342.6453214817269	-2.535
GCCCGA	GCCCGA|TCGGGC	2	0.64	0.00021299254526091586	6.852683710184055e-05	0.13641155919887285	259.45478559625616	-2.414
GCCCGC	GCCCGC|GCGGGC	2	0.43	0.00021299254526091586	4.57504694542681e-05	0.0696592722743098	132.49193586573725	-2.122
GCCGAA	GCCGAA|TTCGGC	1	1.25	0.00010649627263045793	0.0001334872082549696	0.7144804813046364	1358.9418754414185	-3.133
GCCGTA	GCCGTA|TACGGC	3	0.86	0.0003194888178913738	9.164947150242162e-05	0.05652532224316475	107.51116290649935	-2.031
GCCTAA	GCCTAA|TTAGGC	2	2.13	0.00021299254526091586	0.00022651965221119467	0.6272842480024914	1193.0946397007385	-3.077
GCCTAC	GCCTAC|GTAGGC	1	0.94	0.00010649627263045793	0.00010029241009692492	0.6100535008011583	1160.321758523803	-3.065
GCCTCA	GCCTCA|TGAGGC	2	1.21	0.00021299254526091586	0.00012846881244096332	0.3396565533789618	646.0267645267853	-2.81
GCCTTA	GCCTTA|TAAGGC	4	2.15	0.0004259850905218317	0.00022889132839188522	0.17076996660776464	324.8044764879684	-2.512
GCGAAA	GCGAAA|TTTCGC	9	2.44	0.0009584664536741214	0.00026002710064123224	0.0009702770191443652	1.8454668904125826	-0.266
GCGAAC	GCGAAC|GTTCGC	1	1.08	0.00010649627263045793	0.00011512795626893521	0.6607613745558547	1256.7681344052357	-3.099
GCGACA	GCGACA|TGTCGC	3	0.96	0.0003194888178913738	0.0001026867547126535	0.07384069472341204	140.4450013639297	-2.148
GCGACC	GCGACC|GGTCGC	1	0.55	0.00010649627263045793	5.9101952975448746e-05	0.4259089884014457	810.0788959395497	-2.909
GCGAGA	GCGAGA|TCTCGC	1	0.99	0.00010649627263045793	0.00010595284840412769	0.6302385631315504	1198.7137470762088	-3.079
GCGAGC	GCGAGC|GCTCGC	2	0.66	0.00021299254526091586	7.073714123565675e-05	0.14346847552306086	272.87704044486173	-2.436
GCGATA	GCGATA|TATCGC	3	1.47	0.0003194888178913738	0.00015606393477290875	0.1825292728106468	347.1706768858502	-2.541
GCGCAA	GCGCAA|TTGCGC	1	1.45	0.00010649627263045793	0.00015484140904345833	0.7663569675920051	1457.6109523599937	-3.164
GCGCAC	GCGCAC|GTGCGC	3	0.64	0.0003194888178913738	6.855660400402447e-05	0.027657130157493548	52.603861559552726	-1.721
GCGCCA	GCGCCA|TGGCGC	4	0.75	0.0004259850905218317	7.948920464253921e-05	0.007173362756996493	13.64373596380733	-1.135
GCGCCC	GCGCCC|GGGCGC	1	0.43	0.00010649627263045793	4.57504694542681e-05	0.34922863752344563	664.2328685695936	-2.822
GCGCGA	GCGCGA|TCGCGC	2	0.62	0.00021299254526091586	6.650362745861246e-05	0.13002258776649814	247.30296193187945	-2.393
GCGCGC	GCGCGC|GCGCGC	1	0.42	0.00010649627263045793	4.43997170352629e-05	0.3409219687798848	648.4335846193409	-2.812
GCGCTA	GCGCTA|TAGCGC	3	1.06	0.0003194888178913738	0.00011285260033256371	0.09160103225354986	174.22516334625183	-2.241
GCGGAA	GCGGAA|TTCCGC	5	1.24	0.0005324813631522897	0.00013249977249698086	0.008955535037130076	17.033427640621404	-1.231
GCGGAC	GCGGAC|GTCCGC	1	0.55	0.00010649627263045793	5.8664762157707944e-05	0.4235473733175637	805.5871040500061	-2.906
GCGGGA	GCGGGA|TCCCGC	3	0.63	0.0003194888178913738	6.751676909236673e-05	0.02660526143493352	50.60320724924356	-1.704
GCGGTA	GCGGTA|TACCGC	1	0.85	0.00010649627263045793	9.097151916118004e-05	0.5743860502925052	1092.482267656345	-3.038
GCGTAA	GCGTAA|TTACGC	2	1.68	0.00021299254526091586	0.000178529064032536	0.4993859430316733	949.8320636462425	-2.978
GCGTAC	GCGTAC|GTACGC	2	0.74	0.00021299254526091586	7.90444004720505e-05	0.17060833957792831	324.49706187721966	-2.511
GCGTCA	GCGTCA|TGACGC	3	0.95	0.0003194888178913738	0.00010125133346519912	0.07146906304179076	135.93415790548605	-2.133
GCGTCC	GCGTCC|GGACGC	1	0.55	0.00010649627263045793	5.8275788010898017e-05	0.42143804921038985	801.5751695981616	-2.904
GCGTGA	GCGTGA|TCACGC	3	0.88	0.0003194888178913738	9.376113365383848e-05	0.059671179482487076	113.49458337569042	-2.055
GCGTTA	GCGTTA|TAACGC	1	1.69	0.00010649627263045793	0.0001803982754876736	0.8162060171033941	1552.4238445306557	-3.191
GCTAAA	GCTAAA|TTTAGC	3	4.14	0.0003194888178913738	0.00044125013304819347	0.782156088653528	1487.6608806190104	-3.173
GCTACA	GCTACA|TGTAGC	5	1.64	0.0005324813631522897	0.00017425316079558177	0.02573466739029861	48.94733737634795	-1.69
GCTACC	GCTACC|GGTAGC	3	0.94	0.0003194888178913738	0.00010029241009692492	0.06990419527356452	132.95777941031972	-2.124
GCTAGA	GCTAGA|TCTAGC	3	1.69	0.0003194888178913738	0.00017979552262001048	0.23968620930274	455.8831700938115	-2.659
GCTAGC	GCTAGC|GCTAGC	2	1.13	0.00021299254526091586	0.00012003661504785865	0.3108964074345936	591.324966940597	-2.772
GCTATA	GCTATA|TATAGC	5	2.49	0.0005324813631522897	0.00026483098035840266	0.1070605176389032	203.6291045491939	-2.309
GCTCAA	GCTCAA|TTGAGC	4	2.35	0.0004259850905218317	0.0002502514904502268	0.2108651259897521	401.0654696325085	-2.603
GCTCAC	GCTCAC|GTGAGC	3	1.04	0.0003194888178913738	0.00011079976886155784	0.08788250984640571	167.15253372786364	-2.223
GCTCCC	GCTCCC|GGGAGC	2	0.69	0.00021299254526091586	7.394096476166022e-05	0.15382801057652462	292.5808761165498	-2.466
GCTCGA	GCTCGA|TCGAGC	3	1.01	0.0003194888178913738	0.00010748179052796813	0.08201142929758966	155.98573852401552	-2.193
GCTCTA	GCTCTA|TAGAGC	4	1.71	0.0004259850905218317	0.00018239004416758741	0.0950897129821752	180.86063409209723	-2.257
GCTGAA	GCTGAA|TTCAGC	3	2.18	0.0003194888178913738	0.00023173880916087605	0.3708514012074689	705.3593650966059	-2.848
GCTGAC	GCTGAC|GTCAGC	4	0.96	0.0004259850905218317	0.00010260321105414002	0.0168282166214203	32.00726801394141	-1.505
GCTGCA	GCTGCA|TGCAGC	2	1.30	0.00021299254526091586	0.0001379962459760367	0.3716827254101139	706.9405437300366	-2.849
GCTGCC	GCTGCC|GGCAGC	2	0.75	0.00021299254526091586	7.942453399454039e-05	0.1718703442262829	326.89739471839005	-2.514
GCTGGA	GCTGGA|TCCAGC	1	1.11	0.00010649627263045793	0.00011808515118930808	0.6700517878341463	1274.4385004605463	-3.105
GCTGTA	GCTGTA|TACAGC	2	1.49	0.00021299254526091586	0.00015910692615300938	0.4401691313827	837.2016878898953	-2.923
GCTTAA	GCTTAA|TTAAGC	2	4.19	0.00021299254526091586	0.00044587005198264975	0.9211823495062021	1752.0888287607966	-3.244
GCTTAC	GCTTAC|GTAAGC	2	1.85	0.00021299254526091586	0.00019741060727785804	0.5529452683572765	1051.70190041554	-3.022
GCTTCA	GCTTCA|TGAAGC	6	2.37	0.0006389776357827476	0.00025287164059300453	0.03415659536027829	64.9658443752493	-1.813
GCTTCC	GCTTCC|GGAAGC	7	1.37	0.0007454739084132055	0.00014554172885269611	0.0005408704647068932	1.028735623872511	-0.012
GCTTGA	GCTTGA|TCAAGC	2	2.20	0.00021299254526091586	0.00023416513027016338	0.6451398562475934	1227.0560065829227	-3.089
GCTTTA	GCTTTA|TAAAGC	7	4.23	0.0007454739084132055	0.0004505383417828857	0.13605187397545446	258.77066430131435	-2.413
GGAAAA	GGAAAA|TTTTCC	21	4.86	0.0022364217252396168	0.0005180699609123491	5.178143205830954e-08	9.848828377490475e-05	4.007
GGAAAC	GGAAAC|GTTTCC	4	2.15	0.0004259850905218317	0.00022937738280772165	0.17165111851416667	326.480427413945	-2.514
GGAACA	GGAACA|TGTTCC	3	1.92	0.0003194888178913738	0.00020458991723943664	0.30197879032393277	574.3636591961201	-2.759
GGAAGA	GGAAGA|TCTTCC	3	1.98	0.0003194888178913738	0.00021109718139346304	0.31850646114031106	605.7992890888717	-2.782
GGAATA	GGAATA|TATTCC	7	2.92	0.0007454739084132055	0.00031093696152533845	0.02962159440640455	56.340272560981454	-1.751
GGACAA	GGACAA|TTGTCC	5	1.92	0.0005324813631522897	0.00020458991723943664	0.04581500856601688	87.1401462925641	-1.94
GGACAC	GGACAC|GTGTCC	1	0.85	0.00010649627263045793	9.058293918950067e-05	0.5728302479585662	1089.5231316171928	-3.037
GGACCA	GGACCA|TGGTCC	1	0.99	0.00010649627263045793	0.00010502804062369001	0.6270135926623874	1192.579853243861	-3.076
GGACCC	GGACCC|GGGTCC	3	0.57	0.0003194888178913738	6.0449493563359796e-05	0.020037524788722536	38.11137214815027	-1.581
GGACGA	GGACGA|TCGTCC	2	0.83	0.00021299254526091586	8.787036828153099e-05	0.2002582907402828	380.8912689880179	-2.581
GGACTA	GGACTA|TAGTCC	2	1.40	0.00021299254526091586	0.0001491106565415864	0.40821874798544916	776.4320586683243	-2.89
GGAGAA	GGAGAA|TTCTCC	8	1.98	0.0008519701810436634	0.00021109718139346304	0.0010368939340921885	1.9721722626433424	-0.295
GGAGAC	GGAGAC|GTCTCC	1	0.88	0.00010649627263045793	9.34640543544497e-05	0.5842318352691598	1111.2089506819418	-3.046
GGAGCA	GGAGCA|TGCTCC	2	1.18	0.00021299254526091586	0.00012570453207169763	0.3302648927596114	628.1638260287809	-2.798
GGAGCC	GGAGCC|GGCTCC	2	0.68	0.00021299254526091586	7.234996727758874e-05	0.14866513909633616	282.7610945612314	-2.451
GGAGGA	GGAGGA|TCCTCC	1	1.01	0.00010649627263045793	0.00010756697452078009	0.6358006479336205	1209.292832369746	-3.083
GGAGTA	GGAGTA|TACTCC	1	1.36	0.00010649627263045793	0.0001449348245669184	0.7435798586678679	1414.2888911862847	-3.151
GGATAA	GGATAA|TTATCC	4	2.92	0.0004259850905218317	0.00031093696152533845	0.3347836520782261	636.758506252786	-2.804
GGATAC	GGATAC|GTATCC	2	1.29	0.00021299254526091586	0.00013766848463336046	0.37059089251911503	704.8638775713567	-2.848
GGATCA	GGATCA|TGATCC	1	1.66	0.00010649627263045793	0.00017634541551352252	0.8090766903401864	1538.8638650270345	-3.187
GGATGA	GGATGA|TCATCC	2	1.53	0.00021299254526091586	0.0001633000327732775	0.45328631624233057	862.1505734929127	-2.936
GGATTA	GGATTA|TAATCC	3	2.95	0.0003194888178913738	0.0003141924926818952	0.5655759360936891	1075.7254304501967	-3.032
GGCAAA	GGCAAA|TTTGCC	7	2.90	0.0007454739084132055	0.0003085012390359946	0.028572718568516783	54.345310717318924	-1.735
GGCACA	GGCACA|TGTGCC	4	1.14	0.0004259850905218317	0.00012182957462248284	0.02911320273919532	55.3733116099495	-1.743
GGCACC	GGCACC|GGTGCC	3	0.66	0.0003194888178913738	7.011971320454677e-05	0.029279449299022736	55.68951256674124	-1.746
GGCATA	GGCATA|TATGCC	1	1.74	0.00010649627263045793	0.00018515730524836126	0.8242384612806083	1567.701553355717	-3.195
GGCCAA	GGCCAA|TTGGCC	5	1.49	0.0005324813631522897	0.0001583718352454834	0.017975819341615535	34.19000838775275	-1.534
GGCCAC	GGCCAC|GTGGCC	1	0.66	0.00010649627263045793	7.011971320454677e-05	0.48233352098184124	917.398356907462	-2.963
GGCCCA	GGCCCA|TGGGCC	3	0.76	0.0003194888178913738	8.130158010839016e-05	0.04230847413529202	80.47071780532542	-1.906
GGCCCC	GGCCCC|GGGGCC	1	0.44	0.00010649627263045793	4.6793592589830393e-05	0.3555717790047936	676.2975236671174	-2.83
GGCCGA	GGCCGA|TCGGCC	1	0.64	0.00010649627263045793	6.801992823603373e-05	0.47202541248276686	897.7923345422225	-2.953
GGCCTA	GGCCTA|TAGGCC	1	1.08	0.00010649627263045793	0.00011542567028615038	0.6617084035353813	1258.5693835242953	-3.1
GGCGAA	GGCGAA|TTCGCC	1	1.24	0.00010649627263045793	0.00013249977249698072	0.7118208269801123	1353.8832129161735	-3.132
GGCGAC	GGCGAC|GTCGCC	1	0.55	0.00010649627263045793	5.866476215770782e-05	0.4235473733175631	805.587104050005	-2.906
GGCGCA	GGCGCA|TGCGCC	3	0.74	0.0003194888178913738	7.890120460819715e-05	0.03930334315590626	74.7549586825337	-1.874
GGCGCC	GGCGCC|GGCGCC	2	0.43	0.00021299254526091586	4.541204264862513e-05	0.06877272878138069	130.80573014218606	-2.117
GGCGTA	GGCGTA|TACGCC	1	0.85	0.00010649627263045793	9.097151916118004e-05	0.5743860502925052	1092.482267656345	-3.038
GGCTAC	GGCTAC|GTAGCC	2	0.93	0.00021299254526091586	9.955052393959803e-05	0.2402653829301572	456.984758333159	-2.66
GGCTCA	GGCTCA|TGAGCC	4	1.20	0.0004259850905218317	0.00012751849891767597	0.03354376179941415	63.800234942485716	-1.805
GGCTGA	GGCTGA|TCAGCC	2	1.11	0.00021299254526091586	0.00011808515118930808	0.3041987532078096	578.5860286012538	-2.762
GGCTTA	GGCTTA|TAAGCC	1	2.13	0.00010649627263045793	0.00022719816628817275	0.8815649750502849	1676.7365825456418	-3.224
GGGAAA	GGGAAA|TTTCCC	7	2.48	0.0007454739084132055	0.0002639884527002302	0.013607342568131025	25.88116556458521	-1.413
GGGAAC	GGGAAC|GTTCCC	2	1.10	0.00021299254526091586	0.00011688185947936795	0.30006279222129895	570.7194308049106	-2.756
GGGACA	GGGACA|TGTCCC	2	0.98	0.00021299254526091586	0.00010425112391190105	0.2564860835613319	487.83653093365325	-2.688
GGGACC	GGGACC|GGTCCC	3	0.56	0.0003194888178913738	6.000233467617432e-05	0.019656114229764363	37.38592926501182	-1.573
GGGAGA	GGGAGA|TCTCCC	4	1.01	0.0004259850905218317	0.00010756697452077998	0.019610801361649645	37.29974418985763	-1.572
GGGATA	GGGATA|TATCCC	2	1.49	0.00021299254526091586	0.00015844147229812603	0.4380714301358057	833.2118601183024	-2.921
GGGCAA	GGGCAA|TTGCCC	1	1.48	0.00010649627263045793	0.00015720032214528438	0.7714753106799755	1467.3460409133136	-3.167
GGGCCA	GGGCCA|TGGCCC	1	0.76	0.00010649627263045793	8.070017351348506e-05	0.5312916829563281	1010.5167809829361	-3.005
GGGCCC	GGGCCC|GGGCCC	1	0.44	0.00010649627263045793	4.6447449561056436e-05	0.35347379721714567	672.307162307011	-2.828
GGGCGA	GGGCGA|TCGCCC	1	0.63	0.00010649627263045793	6.75167690923666e-05	0.46952500763106775	893.0365645142908	-2.951
GGGCTA	GGGCTA|TAGCCC	1	1.08	0.00010649627263045793	0.00011457183990254793	0.6589852599517629	1253.389964428253	-3.098
GGGGAA	GGGGAA|TTCCCC	3	1.26	0.0003194888178913738	0.00013451832458367995	0.13448208425467437	255.78492425239065	-2.408
GGGGAC	GGGGAC|GTCCCC	1	0.56	0.00010649627263045793	5.955848352671517e-05	0.42836474684873294	814.7497485062901	-2.911
GGGGGA	GGGGGA|TCCCCC	1	0.64	0.00010649627263045793	6.85453453123122e-05	0.47462384775981764	902.7345584391732	-2.956
GGGGTA	GGGGTA|TACCCC	3	0.87	0.0003194888178913738	9.23574139923366e-05	0.057570956495535446	109.49995925450841	-2.039
GGGTAA	GGGTAA|TTACCC	6	1.70	0.0006389776357827476	0.00018124884390798842	0.008041156000757959	15.294278713441637	-1.185
GGGTAC	GGGTAC|GTACCC	1	0.75	0.00010649627263045793	8.02485930265575e-05	0.5292999802043978	1006.7285623487646	-3.003
GGGTCA	GGGTCA|TGACCC	2	0.97	0.00021299254526091586	0.0001027938349095084	0.2514540830610457	478.26566598210894	-2.68
GGGTGA	GGGTGA|TCACCC	2	0.89	0.00021299254526091586	9.518952653649449e-05	0.22526063016370462	428.44571857136617	-2.632
GGGTTA	GGGTTA|TAACCC	2	1.72	0.00021299254526091586	0.0001831465316435916	0.5128618221984922	975.4631858215322	-2.989
GGTAAA	GGTAAA|TTTACC	7	3.34	0.0007454739084132055	0.00035569579092706365	0.053654202042294964	102.05029228444502	-2.009
GGTAAC	GGTAAC|GTTACC	3	1.48	0.0003194888178913738	0.00015748562115991158	0.18584813271538025	353.4831484246532	-2.548
GGTACC	GGTACC|GGTACC	1	0.76	0.00010649627263045793	8.084663428194559e-05	0.531935838812777	1011.7419654219018	-3.005
GGTAGA	GGTAGA|TCTACC	3	1.36	0.0003194888178913738	0.00014493482456691853	0.15714337318440014	298.88669579672904	-2.476
GGTATA	GGTATA|TATACC	9	2.00	0.0009584664536741214	0.00021348268921719105	0.00024142948479501512	0.4591988800801188	0.338
GGTCAA	GGTCAA|TTGACC	1	1.89	0.00010649627263045793	0.00020173002829813942	0.8495681266003756	1615.8785767939144	-3.208
GGTCAC	GGTCAC|GTGACC	7	0.84	0.0007454739084132055	8.931671283018779e-05	2.7924673397178736e-05	0.05311272880143396	1.275
GGTCCA	GGTCCA|TGGACC	1	0.97	0.00010649627263045793	0.00010355989138173945	0.6218360246013656	1182.7321187917973	-3.073
GGTCGA	GGTCGA|TCGACC	1	0.81	0.00010649627263045793	8.664205997627876e-05	0.5567267771471611	1058.8943301339004	-3.025
GGTCTA	GGTCTA|TAGACC	1	1.38	0.00010649627263045793	0.00014702629225117137	0.7485665367882011	1423.7735529711583	-3.153
GGTGAA	GGTGAA|TTCACC	6	1.75	0.0006389776357827476	0.00018680678562871004	0.00923176110870518	17.558809628757253	-1.244
GGTGAC	GGTGAC|GTCACC	3	0.78	0.0003194888178913738	8.270939218860863e-05	0.04412304631364717	83.92203408855691	-1.924
GGTGCA	GGTGCA|TGCACC	3	1.04	0.0003194888178913738	0.00011124004318895229	0.08867455432918109	168.65900233410244	-2.227
GGTGGA	GGTGGA|TCCACC	4	0.89	0.0004259850905218317	9.518952653649469e-05	0.013156107400638056	25.022916276013582	-1.398
GGTGTA	GGTGTA|TACACC	2	1.20	0.00021299254526091586	0.0001282575566584303	0.33894022538034657	644.6643086734192	-2.809
GGTTAA	GGTTAA|TTAACC	5	3.37	0.0005324813631522897	0.0003594199500747524	0.25117450496291094	477.7339084394566	-2.679
GGTTAC	GGTTAC|GTAACC	3	1.49	0.0003194888178913738	0.00015913450633548118	0.1897169516665956	360.84164206986486	-2.557
GGTTCA	GGTTCA|TGAACC	3	1.91	0.0003194888178913738	0.00020384215542871905	0.300081599022339	570.7552013404887	-2.756
GGTTGA	GGTTGA|TCAACC	3	1.77	0.0003194888178913738	0.00018876266539252808	0.2620217068693889	498.3652864655777	-2.698
GGTTTA	GGTTTA|TAAACC	6	3.41	0.0006389776357827476	0.0003631831014222679	0.13076093919216927	248.70730634350596	-2.396
GTAAAA	GTAAAA|TTTTAC	11	6.55	0.0011714589989350373	0.0006980430492977773	0.06993045996912171	133.0077348612695	-2.124
GTAAAC	GTAAAC|GTTTAC	7	2.90	0.0007454739084132055	0.0003090611303791364	0.028811564662839798	54.79959598872129	-1.739
GTAACA	GTAACA|TGTTAC	7	2.59	0.0007454739084132055	0.0002756627105611289	0.016805522002784363	31.96410284929586	-1.505
GTAAGA	GTAAGA|TCTTAC	6	2.67	0.0006389776357827476	0.00028443054281425433	0.05441452876771145	103.49643371618717	-2.015
GTAATA	GTAATA|TATTAC	11	3.93	0.0011714589989350373	0.0004189538115282751	0.0025072312848691647	4.7687539038211515	-0.678
GTACAA	GTACAA|TTGTAC	8	2.59	0.0008519701810436634	0.0002756627105611289	0.005198647503252902	9.88782755118702	-0.995
GTACAC	GTACAC|GTGTAC	3	1.15	0.0003194888178913738	0.00012205068013370516	0.10903028487803794	207.37560183802816	-2.317
GTACCA	GTACCA|TGGTAC	3	1.33	0.0003194888178913738	0.00014151388667588705	0.1495740512135285	284.48984540813126	-2.454
GTACGA	GTACGA|TCGTAC	3	1.11	0.0003194888178913738	0.00011839578521429866	0.101958576361803	193.9252122401493	-2.288
GTACTA	GTACTA|TAGTAC	5	1.89	0.0005324813631522897	0.0002009104276028323	0.042997071620336925	81.78043022188083	-1.913
GTAGAA	GTAGAA|TTCTAC	7	2.67	0.0007454739084132055	0.00028443054281425433	0.019532356635970576	37.15054232161604	-1.57
GTAGCA	GTAGCA|TGCTAC	6	1.59	0.0006389776357827476	0.0001693732150062329	0.005872899304397667	11.170254476964363	-1.048
GTAGGA	GTAGGA|TCCTAC	1	1.36	0.00010649627263045793	0.0001449348245669184	0.7435798586678679	1414.2888911862847	-3.151
GTAGTA	GTAGTA|TACTAC	5	1.83	0.0005324813631522897	0.00019528394719501416	0.038894748146781774	73.97781097517894	-1.869
GTATAA	GTATAA|TTATAC	13	3.93	0.0013844515441959531	0.0004189538115282751	0.0002340601785705516	0.44518245964118913	0.351
GTATAC	GTATAC|GTATAC	3	1.74	0.0003194888178913738	0.00018549334270692044	0.2538449947944587	482.81318009906045	-2.684
GTATCA	GTATCA|TGATAC	4	2.23	0.0004259850905218317	0.00023760630969215613	0.18680176209325225	355.29695150136575	-2.551
GTATGA	GTATGA|TCATAC	3	2.07	0.0003194888178913738	0.0002200290721869734	0.3412011980413637	648.9646786746737	-2.812
GTATTA	GTATTA|TAATAC	5	3.98	0.0005324813631522897	0.000423340286458427	0.36631131167163	696.7241147994403	-2.843
GTCAAA	GTCAAA|TTTGAC	9	3.72	0.0009584664536741214	0.00039588954291853014	0.01408143916972545	26.782897300817805	-1.428
GTCAAC	GTCAAC|GTTGAC	3	1.65	0.0003194888178913738	0.0001752815528537491	0.22856679334697053	434.7340409459379	-2.638
GTCACA	GTCACA|TGTGAC	3	1.47	0.0003194888178913738	0.0001563399056741756	0.18317226744433324	348.39365267912183	-2.542
GTCAGA	GTCAGA|TCTGAC	2	1.51	0.00021299254526091586	0.00016131251174276697	0.44709066181504586	850.3664387722172	-2.93
GTCATA	GTCATA|TATGAC	7	2.23	0.0007454739084132055	0.00023760630969215637	0.008019146065994824	15.252415817522154	-1.183
GTCCAA	GTCCAA|TTGGAC	5	1.91	0.0005324813631522897	0.00020323339271641588	0.04476363759635328	85.14043870826394	-1.93
GTCCAC	GTCCAC|GTGGAC	2	0.84	0.00021299254526091586	8.998233296200007e-05	0.207442756493614	394.5561228508538	-2.596
GTCCGA	GTCCGA|TCGGAC	1	0.82	0.00010649627263045793	8.728774763712611e-05	0.5594062149270229	1063.9906207911977	-3.027
GTCCTA	GTCCTA|TAGGAC	3	1.39	0.0003194888178913738	0.00014812198483688246	0.16429910431923342	312.49689641518194	-2.495
GTCGAA	GTCGAA|TTCGAC	1	1.60	0.00010649627263045793	0.00017003262137471893	0.7974171448143461	1516.6874094368864	-3.181
GTCGCA	GTCGCA|TGCGAC	3	0.95	0.0003194888178913738	0.00010125133346519912	0.07146906304179076	135.93415790548605	-2.133
GTCGGA	GTCGGA|TCCGAC	1	0.81	0.00010649627263045793	8.664205997627876e-05	0.5567267771471611	1058.8943301339004	-3.025
GTCGTA	GTCGTA|TACGAC	4	1.10	0.0004259850905218317	0.00011674077307391894	0.025461834074689937	48.428408410060264	-1.685
GTCTAA	GTCTAA|TTAGAC	4	2.71	0.0004259850905218317	0.00028853498969572773	0.28796883327260736	547.7167208844992	-2.739
GTCTCA	GTCTCA|TGAGAC	2	1.54	0.00021299254526091586	0.00016364031602571832	0.4543430722889035	864.1605234934945	-2.937
GTCTGA	GTCTGA|TCAGAC	1	1.42	0.00010649627263045793	0.00015153480963603607	0.7589887973344412	1443.5966925301072	-3.159
GTCTTA	GTCTTA|TAAGAC	3	2.74	0.0003194888178913738	0.0002915559706820447	0.5155676401176997	980.6096515038649	-2.991
GTGAAA	GTGAAA|TTTCAC	13	3.44	0.0013844515441959531	0.00036660309622983325	6.451367835124328e-05	0.12270501622406473	0.911
GTGAAC	GTGAAC|GTTCAC	5	1.52	0.0005324813631522897	0.00016231487074509912	0.0197349225957813	37.53582277717604	-1.574
GTGACA	GTGACA|TGTCAC	3	1.36	0.0003194888178913738	0.00014477445668785346	0.15678591266280617	298.20680588465734	-2.475
GTGAGA	GTGAGA|TCTCAC	1	1.40	0.00010649627263045793	0.0001493792077192592	0.7540607587842327	1434.2235632076106	-3.157
GTGATA	GTGATA|TATCAC	7	2.07	0.0007454739084132055	0.0002200290721869734	0.005382618505818988	10.237740398067714	-1.01
GTGCAA	GTGCAA|TTGCAC	6	2.05	0.0006389776357827476	0.00021830547600591404	0.01843215540848207	35.057959586932895	-1.545
GTGCAC	GTGCAC|GTGCAC	4	0.91	0.0004259850905218317	9.66555533361688e-05	0.013837263188876243	26.318474585242615	-1.42
GTGCCA	GTGCCA|TGGCAC	6	1.05	0.0006389776357827476	0.00011206904383019857	0.0007722134305530305	1.468749944911864	-0.167
GTGCGA	GTGCGA|TCGCAC	1	0.88	0.00010649627263045793	9.376113365383848e-05	0.5853900353959149	1113.4118473230303	-3.047
GTGCTA	GTGCTA|TAGCAC	1	1.49	0.00010649627263045793	0.0001591069261530097	0.7755301853129453	1475.0584124652219	-3.169
GTGGAA	GTGGAA|TTCCAC	7	1.75	0.0007454739084132055	0.00018680678562871004	0.0022298891220408723	4.241249110121739	-0.627
GTGGCA	GTGGCA|TGCCAC	6	1.04	0.0006389776357827476	0.00011124004318895229	0.0007434109611608976	1.4139676481280272	-0.15
GTGGGA	GTGGGA|TCCCAC	1	0.89	0.00010649627263045793	9.518952653649469e-05	0.5909139092170926	1123.9182553309101	-3.051
GTGGTA	GTGGTA|TACCAC	7	1.20	0.0007454739084132055	0.0001282575566584303	0.0002565789077492095	0.48801308253899645	0.312
GTGTAA	GTGTAA|TTACAC	6	2.36	0.0006389776357827476	0.0002517018706124958	0.033517517101719366	63.75031752747023	-1.804
GTGTCA	GTGTCA|TGACAC	4	1.34	0.0004259850905218317	0.00014275070657714128	0.047236515635013625	89.84385273779591	-1.953
GTGTGA	GTGTGA|TCACAC	3	1.24	0.0003194888178913738	0.00013219053636621554	0.12958323050134732	246.4673044135626	-2.392
GTGTTA	GTGTTA|TAACAC	4	2.39	0.0004259850905218317	0.000254337206334318	0.21881988071982938	416.1954131291155	-2.619
GTTAAA	GTTAAA|TTTAAC	9	6.62	0.0009584664536741214	0.0007053516075484875	0.22327428302031016	424.6676863046299	-2.628
GTTAAC	GTTAAC|GTTAAC	1	2.93	0.00010649627263045793	0.00031229702145588097	0.946734638199015	1800.6892818545266	-3.255
GTTACA	GTTACA|TGTAAC	7	2.62	0.0007454739084132055	0.00027854891790852885	0.017671475169808933	33.61114577297659	-1.526
GTTAGA	GTTAGA|TCTAAC	5	2.70	0.0005324813631522897	0.00028740854996228097	0.13690859558883625	260.40014880996654	-2.416
GTTATA	GTTATA|TATAAC	6	3.98	0.0006389776357827476	0.000423340286458427	0.21100025948371556	401.322493538027	-2.603
GTTCAA	GTTCAA|TTGAAC	5	3.76	0.0005324813631522897	0.0004000345333860634	0.32367813831833414	615.6358190814715	-2.789
GTTCCA	GTTCCA|TGGAAC	2	1.93	0.00021299254526091586	0.0002053612601748078	0.5742511927216124	1092.2257685565069	-3.038
GTTCGA	GTTCGA|TCGAAC	5	1.61	0.0005324813631522897	0.00017181287449676954	0.024424139303225928	46.45471295473571	-1.667
GTTCTA	GTTCTA|TAGAAC	4	2.74	0.0004259850905218317	0.0002915559706820447	0.29423841986418076	559.6414745816718	-2.748
GTTGAA	GTTGAA|TTCAAC	8	3.48	0.0008519701810436634	0.0003704414556066394	0.025916932351544363	49.294005332637376	-1.693
GTTGCA	GTTGCA|TGCAAC	1	2.07	0.00010649627263045793	0.0002205911492024931	0.8739845664464353	1662.31864538112	-3.221
GTTGGA	GTTGGA|TCCAAC	6	1.77	0.0006389776357827476	0.00018876266539252808	0.009679140206432069	18.409724672633793	-1.265
GTTGTA	GTTGTA|TACAAC	11	2.39	0.0011714589989350373	0.000254337206334318	4.120465019673627e-05	0.07837124467419239	1.106
GTTTAA	GTTTAA|TTAAAC	9	6.69	0.0009584664536741214	0.0007127366869016682	0.23179937605085618	440.8824132487285	-2.644
GTTTCA	GTTTCA|TGAAAC	6	3.80	0.0006389776357827476	0.00040422292218599335	0.18380211355265252	349.5916199771451	-2.544
GTTTGA	GTTTGA|TCAAAC	4	3.51	0.0004259850905218317	0.00037432000286744606	0.46657151357855003	887.4190188264022	-2.948
GTTTTA	GTTTTA|TAAAAC	9	6.76	0.0009584664536741214	0.0007201990885384717	0.24053181684263938	457.49151563470014	-2.66
TAAAAA	TAAAAA|TTTTTA	20	15.57	0.002129925452609159	0.0016581592397897265	0.15894732615504953	302.3178143469042	-2.48
TAAACA	TAAACA|TGTTTA	7	6.15	0.0007454739084132055	0.0006548201734008333	0.41757724431389426	794.2319186850269	-2.9
TAAAGA	TAAAGA|TCTTTA	14	6.34	0.001490947816826411	0.0006756476310742128	0.005814923130349804	11.059983793925328	-1.044
TAAATA	TAAATA|TATTTA	18	9.34	0.0019169329073482429	0.00099519955729032	0.007644966306304272	14.540725914590725	-1.163
TAACAA	TAACAA|TTGTTA	10	6.15	0.0010649627263045794	0.0006548201734008333	0.09454514323346346	179.8248624300475	-2.255
TAACCA	TAACCA|TGGTTA	6	3.16	0.0006389776357827476	0.0003361577183330397	0.10051325637126209	191.17621361814048	-2.281
TAACGA	TAACGA|TCGTTA	3	2.64	0.0003194888178913738	0.000281242060074581	0.49177980093690726	935.3651813819976	-2.971
TAACTA	TAACTA|TAGTTA	9	4.48	0.0009584664536741214	0.0004772506254949139	0.03940105357882407	74.94080390692338	-1.875
TAAGAA	TAAGAA|TTCTTA	12	6.34	0.0012779552715654952	0.0006756476310742128	0.02902067030735452	55.1973149245883	-1.742
TAAGCA	TAAGCA|TGCTTA	6	3.78	0.0006389776357827476	0.00040233587558533305	0.18119571890552963	344.63425735831737	-2.537
TAAGTA	TAAGTA|TACTTA	7	4.36	0.0007454739084132055	0.0004638852600133653	0.15094011541081062	287.0880995113618	-2.458
TAATAA	TAATAA|TTATTA	18	9.34	0.0019169329073482429	0.00099519955729032	0.007644966306304272	14.540725914590725	-1.163
TAATCA	TAATCA|TGATTA	8	5.30	0.0008519701810436634	0.000564419484220545	0.16651157317539636	316.7050121796039	-2.501
TAATGA	TAATGA|TCATTA	7	4.91	0.0007454739084132055	0.0005226658147176144	0.22446748620974888	426.93715877094235	-2.63
TAATTA	TAATTA|TAATTA	5	9.44	0.0005324813631522897	0.00100561936441089	0.9582590757364984	1822.60876205082	-3.261
TACAAA	TACAAA|TTTGTA	10	6.15	0.0010649627263045794	0.0006548201734008333	0.09454514323346346	179.8248624300475	-2.255
TACACA	TACACA|TGTGTA	7	2.43	0.0007454739084132055	0.0002585936556654672	0.01228742065399922	23.370674083906515	-1.369
TACAGA	TACAGA|TCTGTA	5	2.51	0.0005324813631522897	0.000266818583113877	0.10954815035792476	208.36058198077288	-2.319
TACATA	TACATA|TATGTA	14	3.69	0.001490947816826411	0.0003930121613385696	3.2799455259180305e-05	0.06238456390296094	1.205
TACCAA	TACCAA|TTGGTA	7	3.16	0.0007454739084132055	0.0003361577183330397	0.04202617637770727	79.93378747039922	-1.903
TACCCA	TACCCA|TGGGTA	2	1.62	0.00021299254526091586	0.00017256953311012865	0.4816425852474814	916.0841971407095	-2.962
TACCGA	TACCGA|TCGGTA	2	1.36	0.00021299254526091586	0.00014437809501645165	0.3927823657710666	747.0720596965687	-2.873
TACCTA	TACCTA|TAGGTA	4	2.30	0.0004259850905218317	0.0002450008229071187	0.20076634893265138	381.85759566990293	-2.582
TACGAA	TACGAA|TTCGTA	4	2.64	0.0004259850905218317	0.000281242060074581	0.2729159009920119	519.0860436868066	-2.715
TACGCA	TACGCA|TGCGTA	2	1.57	0.00021299254526091586	0.00016747453152707146	0.46616810356200866	886.6517329749405	-2.948
TACGGA	TACGGA|TCCGTA	2	1.35	0.00021299254526091586	0.00014331009684978647	0.38927328785119	740.3977934929634	-2.869
TACGTA	TACGTA|TACGTA	5	1.81	0.0005324813631522897	0.00019309480291815218	0.03736582556679642	71.06980022804679	-1.852
TACTAA	TACTAA|TTAGTA	7	4.48	0.0007454739084132055	0.0004772506254949139	0.16657168244824	316.8193400165525	-2.501
TACTCA	TACTCA|TGAGTA	6	2.54	0.0006389776357827476	0.00027066888234878025	0.044856577136133634	85.31720971292617	-1.931
TACTGA	TACTGA|TCAGTA	3	2.35	0.0003194888178913738	0.00025064579779151045	0.4181135054894208	795.2518874408784	-2.901
TAGAAA	TAGAAA|TTTCTA	17	6.34	0.001810436634717785	0.0006756476310742128	0.00032881328716326166	0.6254028721845237	0.204
TAGACA	TAGACA|TGTCTA	2	2.51	0.00021299254526091586	0.000266818583113877	0.7138142777289036	1357.6747562403746	-3.133
TAGAGA	TAGAGA|TCTCTA	5	2.59	0.0005324813631522897	0.00027530511571016844	0.12047991149314993	229.15279165997117	-2.36
TAGATA	TAGATA|TATCTA	12	3.81	0.0012779552715654952	0.0004055124545303489	0.0006023075521371244	1.1455889641648105	-0.059
TAGCAA	TAGCAA|TTGCTA	8	3.78	0.0008519701810436634	0.00040233587558533305	0.03899714014233432	74.17256055071987	-1.87
TAGCCA	TAGCCA|TGGCTA	5	1.94	0.0005324813631522897	0.00020654267451455276	0.04735411465780855	90.06752607915188	-1.955
TAGCGA	TAGCGA|TCGCTA	5	1.62	0.0005324813631522897	0.0001728012897096023	0.02494966871801839	47.454269901670976	-1.676
TAGCTA	TAGCTA|TAGCTA	2	2.75	0.00021299254526091586	0.0002932332510235698	0.7608781645900777	1447.1902690503277	-3.161
TAGGAA	TAGGAA|TTCCTA	1	3.23	0.00010649627263045793	0.00034428395034475707	0.9605541444800372	1826.9739828010306	-3.262
TAGGCA	TAGGCA|TGCCTA	1	1.93	0.00010649627263045793	0.000205014830573306	0.8541372632990194	1624.569074794735	-3.211
TAGGGA	TAGGGA|TCCCTA	3	1.65	0.0003194888178913738	0.0001754338104857084	0.2289402862678912	435.44442448152904	-2.639
TAGTAA	TAGTAA|TTACTA	8	4.36	0.0008519701810436634	0.0004638852600133653	0.07519286947809277	143.01683774733246	-2.155
TAGTCA	TAGTCA|TGACTA	14	2.47	0.001490947816826411	0.0002630888220118823	3.6526697399494075e-07	0.0006947377845383773	3.158
TAGTGA	TAGTGA|TCACTA	2	2.29	0.00021299254526091586	0.00024362648233137055	0.6662886340424201	1267.2809819486831	-3.103
TATAAA	TATAAA|TTTATA	25	9.34	0.0026624068157614484	0.00099519955729032	1.6000335938994e-05	0.030432638955966585	1.517
TATACA	TATACA|TGTATA	13	3.69	0.0013844515441959531	0.0003930121613385696	0.00012719179532668767	0.24191879471135994	0.616
TATAGA	TATAGA|TCTATA	14	3.81	0.001490947816826411	0.00040551245453034936	4.566417789458601e-05	0.0868532663555026	1.061
TATATA	TATATA|TATATA	64	5.61	0.006815761448349307	0.0005973021981630943	2.6725312118255404e-44	5.083154364892178e-41	40.294
TATCAA	TATCAA|TTGATA	10	5.30	0.0010649627263045794	0.000564419484220545	0.04405170637205052	83.78634551964008	-1.923
TATCCA	TATCCA|TGGATA	6	2.72	0.0006389776357827476	0.0002897497262689679	0.05841388181907878	111.10320321988783	-2.046
TATCGA	TATCGA|TCGATA	6	2.28	0.0006389776357827476	0.00024241540645274286	0.02871789142942331	54.621429498763135	-1.737
TATGAA	TATGAA|TTCATA	5	4.91	0.0005324813631522897	0.0005226658147176144	0.5431880083028912	1033.143591792099	-3.014
TATGCA	TATGCA|TGCATA	6	2.92	0.0006389776357827476	0.0003112379863873677	0.07630949286512939	145.1406554294761	-2.162
TATGGA	TATGGA|TCCATA	6	2.50	0.0006389776357827476	0.00026633032238275727	0.04207729002990768	80.0310056368844	-1.903
TATTAA	TATTAA|TTAATA	9	9.44	0.0009584664536741214	0.00100561936441089	0.6010959376947485	1143.2844734954115	-3.058
TATTCA	TATTCA|TGAATA	9	5.36	0.0009584664536741214	0.0005703289946474613	0.09377559159557387	178.3611752147815	-2.251
TATTGA	TATTGA|TCAATA	10	4.96	0.0010649627263045794	0.0005281381613821381	0.03037306190314229	57.769563739776636	-1.762
TCAAAA	TCAAAA|TTTTGA	13	8.83	0.0013844515441959531	0.0009404117757305533	0.112241018791352	213.4824177411515	-2.329
TCAACA	TCAACA|TGTTGA	4	3.49	0.0004259850905218317	0.00037137603390260455	0.4606073004649594	876.0750854843528	-2.943
TCAAGA	TCAAGA|TCTTGA	8	3.60	0.0008519701810436634	0.000383188160256078	0.030710189590695172	58.41078060150222	-1.766
TCACAA	TCACAA|TTGTGA	6	3.49	0.0006389776357827476	0.00037137603390260417	0.14070209421804739	267.61538320272615	-2.428
TCACCA	TCACCA|TGGTGA	5	1.79	0.0005324813631522897	0.00019064916639923753	0.03570203536045433	67.90527125558414	-1.832
TCAGAA	TCAGAA|TTCTGA	6	3.60	0.0006389776357827476	0.000383188160256078	0.1556250370035041	295.9988203806648	-2.471
TCAGCA	TCAGCA|TGCTGA	6	2.14	0.0006389776357827476	0.00022818157998341038	0.02227826023666261	42.37325097013228	-1.627
TCAGGA	TCAGGA|TCCTGA	4	1.83	0.0004259850905218317	0.00019525789401282143	0.1141458125837145	217.105335534225	-2.337
TCATAA	TCATAA|TTATGA	11	5.30	0.0011714589989350373	0.0005644194842205456	0.01999722522802102	38.03472238369598	-1.58
TCATCA	TCATCA|TGATGA	8	3.01	0.0008519701810436634	0.0003201060047043947	0.012030191954516328	22.881425097490055	-1.359
TCATGA	TCATGA|TCATGA	8	2.78	0.0008519701810436634	0.000296425744366131	0.007864442968977113	14.958170526994468	-1.175
TCCAAA	TCCAAA|TTTGGA	7	4.53	0.0007454739084132055	0.0004827686892743223	0.1732261410004215	329.4761201828017	-2.518
TCCACA	TCCACA|TGTGGA	3	1.79	0.0003194888178913738	0.00019064916639923753	0.26675492560600456	507.36786850262064	-2.705
TCCAGA	TCCAGA|TCTGGA	2	1.85	0.00021299254526091586	0.00019671302576847936	0.5510402221540177	1048.0785025369416	-3.02
TCCCAA	TCCCAA|TTGGGA	5	2.33	0.0005324813631522897	0.000247833569674935	0.0869572380924695	165.39266685187698	-2.219
TCCCCA	TCCCCA|TGGGGA	2	1.19	0.00021299254526091586	0.00012722755145978305	0.33544425524470906	638.0149734754366	-2.805
TCCCGA	TCCCGA|TCGGGA	2	1.00	0.00021299254526091586	0.00010644330538721798	0.2640581482577302	502.2385979862029	-2.701
TCCGAA	TCCGAA|TTCGGA	2	1.95	0.00021299254526091586	0.00020734678958631318	0.5794547859560393	1102.1230028883867	-3.042
TCCGCA	TCCGCA|TGCGGA	2	1.16	0.00021299254526091586	0.00012347124196288937	0.3226498217138936	613.6799608998257	-2.788
TCCTAA	TCCTAA|TTAGGA	1	3.30	0.00010649627263045793	0.00035185485769158634	0.9632610255654753	1832.122470625534	-3.263
TCCTCA	TCCTCA|TGAGGA	3	1.87	0.0003194888178913738	0.00019955167367588023	0.2892090852113674	550.0756800720208	-2.74
TCGAAA	TCGAAA|TTTCGA	2	3.79	0.00021299254526091586	0.0004039022557158726	0.8919931165500841	1696.5709076782598	-3.23
TCGACA	TCGACA|TGTCGA	4	1.50	0.0004259850905218317	0.00015950418921067855	0.06535966384339238	124.31408063013231	-2.095
TCGAGA	TCGAGA|TCTCGA	8	1.55	0.0008519701810436634	0.00016457743967615953	0.00020687445906080314	0.3934752211336476	0.405
TCGCAA	TCGCAA|TTGCGA	7	2.26	0.0007454739084132055	0.0002405164470805157	0.008533687152862209	16.23107296474392	-1.21
TCGCCA	TCGCCA|TGGCGA	2	1.16	0.00021299254526091586	0.00012347124196288937	0.3226498217138936	613.6799608998257	-2.788
TCGCGA	TCGCGA|TCGCGA	2	0.97	0.00021299254526091586	0.00010330063703968517	0.25320383427139587	481.59369278419496	-2.683
TCGGAA	TCGGAA|TTCCGA	3	1.93	0.0003194888178913738	0.00020581299741987094	0.30508309685110674	580.268050210805	-2.764
TCGTAA	TCGTAA|TTACGA	5	2.60	0.0005324813631522897	0.000277310678370694	0.12313533412093877	234.20340549802555	-2.37
TCGTCA	TCGTCA|TGACGA	5	1.48	0.0005324813631522897	0.00015727453746161243	0.017505362737474654	33.295199926676794	-1.522
TCTAAA	TCTAAA|TTTAGA	12	6.44	0.0012779552715654952	0.0006853974975438924	0.03181287852662239	60.508094957635784	-1.782
TCTACA	TCTACA|TGTAGA	5	2.54	0.0005324813631522897	0.0002706688823487805	0.11444609770910738	217.67647784272225	-2.338
TCTAGA	TCTAGA|TCTAGA	5	2.62	0.0005324813631522897	0.00027927787901628145	0.12576614442815154	239.20720670234422	-2.379
TCTCAA	TCTCAA|TTGAGA	2	3.65	0.00021299254526091586	0.0003887177191909898	0.8791468846005238	1672.1373745101962	-3.223
TCTCCA	TCTCCA|TGGAGA	2	1.87	0.00021299254526091586	0.00019955167367588023	0.5587565101059478	1062.7548822215128	-3.026
TCTGAA	TCTGAA|TTCAGA	2	3.38	0.00021299254526091586	0.00035996181754197515	0.8508769201992896	1618.3679022190488	-3.209
TCTGCA	TCTGCA|TGCAGA	4	2.01	0.0004259850905218317	0.0002143507153392669	0.14518512576279816	276.14210920084207	-2.441
TCTTAA	TCTTAA|TTAAGA	2	6.50	0.00021299254526091586	0.0006925736560067979	0.9887560846399542	1880.614072985193	-3.274
TCTTCA	TCTTCA|TGAAGA	4	3.69	0.0004259850905218317	0.00039278762017581957	0.5033969659490296	957.4610292350543	-2.981
TGAAAA	TGAAAA|TTTTCA	25	8.18	0.0026624068157614484	0.0008708435847338446	1.7141114967714836e-06	0.0032602400668593615	2.487
TGAACA	TGAACA|TGTTCA	5	3.23	0.0005324813631522897	0.0003439030061025581	0.22461536663098566	427.21842733213475	-2.631
TGACAA	TGACAA|TTGTCA	7	3.23	0.0007454739084132055	0.0003439030061025581	0.046419929633369536	88.29070616266885	-1.946
TGACCA	TGACCA|TGGTCA	3	1.66	0.0003194888178913738	0.00017654564498052505	0.23167108482447152	440.63840333614485	-2.644
TGAGAA	TGAGAA|TTCTCA	4	3.33	0.0004259850905218317	0.000354841314960927	0.4267115542739301	811.6053762290151	-2.909
TGAGCA	TGAGCA|TGCTCA	3	1.98	0.0003194888178913738	0.0002113015491842585	0.3190258445631943	606.7871563591956	-2.783
TGATAA	TGATAA|TTATCA	11	4.91	0.0011714589989350373	0.0005226658147176144	0.012099602678562721	23.013444294626296	-1.362
TGATCA	TGATCA|TGATCA	3	2.78	0.0003194888178913738	0.0002964257443661307	0.5265889707247398	1001.572222318455	-3.001
TGCAAA	TGCAAA|TTTGCA	11	4.87	0.0011714589989350373	0.0005185715157540119	0.011477506696852824	21.83021773741407	-1.339
TGCACA	TGCACA|TGTGCA	5	1.92	0.0005324813631522897	0.0002047879852057131	0.0459697411835369	87.43444773108719	-1.942
TGCCAA	TGCCAA|TTGGCA	4	2.50	0.0004259850905218317	0.00026621326680121606	0.24236884039534906	460.9855344319539	-2.664
TGCGAA	TGCGAA|TTCGCA	3	2.09	0.0003194888178913738	0.00022272392835610003	0.34804001715545585	661.972112629677	-2.821
TGCTAA	TGCTAA|TTAGCA	2	3.55	0.00021299254526091586	0.00037794892446899807	0.8691947984927262	1653.2085067331652	-3.218
TGGAAA	TGGAAA|TTTCCA	10	4.17	0.0010649627263045794	0.00044374827305747696	0.01057949855580265	20.12220625313664	-1.304
TGGACA	TGGACA|TGTCCA	5	1.65	0.0005324813631522897	0.0001752396960057139	0.02627697176632124	49.978800299542996	-1.699
TGGCAA	TGGCAA|TTGCCA	5	2.48	0.0005324813631522897	0.0002642440256857044	0.10633126244273221	202.24206116607667	-2.306
TGGCCA	TGGCCA|TGGCCA	1	1.27	0.00010649627263045793	0.00013565200396364348	0.7202257685242414	1369.869411733107	-3.137
TGGGAA	TGGGAA|TTCCCA	6	2.12	0.0006389776357827476	0.0002261169896562717	0.02143320056974835	40.76594748366136	-1.61
TGGTAA	TGGTAA|TTACCA	5	2.86	0.0005324813631522897	0.0003046681044385091	0.16191964459540958	307.971164020469	-2.489
TGTAAA	TGTAAA|TTTACA	10	5.61	0.0010649627263045794	0.0005979026406012192	0.059922971073016605	113.97349098087759	-2.057
TGTACA	TGTACA|TGTACA	6	2.22	0.0006389776357827476	0.0002361164726525032	0.025733996108877343	48.94606059908471	-1.69
TGTCAA	TGTCAA|TTGACA	9	3.18	0.0009584664536741214	0.0003390957095490308	0.00553958962755906	10.536299471617333	-1.023
TGTGAA	TGTGAA|TTCACA	10	2.95	0.0010649627263045794	0.00031401066095981556	0.0009705385140748145	1.8459642537702972	-0.266
TGTTAA	TGTTAA|TTAACA	8	5.67	0.0008519701810436634	0.0006041627219550605	0.21236951432343415	403.92681624317174	-2.606
TTAAAA	TTAAAA|TTTTAA	17	15.73	0.001810436634717785	0.0016755202799220638	0.40757972722742103	775.2166411865549	-2.889
TTACAA	TTACAA|TTGTAA	10	6.21	0.0010649627263045794	0.0006616761851981782	0.09937702973731719	189.01511056037728	-2.276
TTAGAA	TTAGAA|TTCTAA	10	6.41	0.0010649627263045794	0.0006827217077713855	0.11508996615620297	218.90111562909806	-2.34
TTATAA	TTATAA|TTATAA	9	9.44	0.0009584664536741214	0.00100561936441089	0.6010959376947485	1143.2844734954115	-3.058
TTCAAA	TTCAAA|TTTGAA	11	8.92	0.0011714589989350373	0.0009502579510480987	0.2849119248399408	541.9024810455675	-2.734
TTCCAA	TTCCAA|TTGGAA	10	4.58	0.0010649627263045794	0.00048782331031915603	0.01903768459743784	36.209676104326775	-1.559
TTCGAA	TTCGAA|TTCGAA	2	3.83	0.00021299254526091586	0.00040813113983192013	0.8953379007986884	1702.9326873191053	-3.231
TTGAAA	TTGAAA|TTTCAA	17	8.26	0.001810436634717785	0.0008799613763552746	0.005070609063782392	9.64429843931411	-0.984
TTGCAA	TTGCAA|TTGCAA	1	4.92	0.00010649627263045793	0.0005240009948296363	0.9927035645269969	1888.122179730348	-3.276
TTTAAA	TTTAAA|TTTAAA	7	15.90	0.0007454739084132055	0.0016930630913265692	0.995717402119671	1893.8544988316141	-3.277
;
;
; Job started	2026-05-30 09:14:27.824462
; Job done	2026-05-30 09:14:28.006285
; Job duration	0.182 seconds
