; Command	kmer-analysis -i data/seq/yeast_MET_upstream.fasta -k 6 -s both --background data/bg-models/yeast_all-upstream-noorf_mkv5.tsv --return occ,exp_occ,obs_freq,exp_freq,occ_P,occ_E,occ_sig --sort alpha -o results/kmer-analysis/markov-series/bg-from-file/yeast_MET_upstream_k6_str-both_mkv5_enriched.tsv
;
; Fasta URL	data/seq/yeast_MET_upstream.fasta
; Input file	data/seq/yeast_MET_upstream.fasta
; Input format	Fasta
; Output file	results/kmer-analysis/markov-series/bg-from-file/yeast_MET_upstream_k6_str-both_mkv5_enriched.tsv
; Strand mode	both
; Oligomer length	6
;
; Sequence type	DNA
; Nb of sequence	19
; Sum of sequence lengths	9485
; Sequences:
;	MET8	463
;	MET32	547
;	MET18	568
;	MET30	177
;	MET28	489
;	MET6	687
;	MET10	338
;	MET13	380
;	MET3	800
;	MET14	800
;	MET1	702
;	MET17	800
;	MET2	481
;	MET4	800
;	MET22	215
;	MET7	250
;	MET31	161
;	MET12	384
;	MET16	443
;
;
; column headers
; seq	 oligomer sequence
; id	 oligomer identifier
; exp_freq	 expected relative frequency
; obs_freq	 observed relative frequency
; occ	 observed occurrences
; exp_occ	 expected occurrences
; occ_P	 occurrence probability
; occ_E	 E-value for occurrence
; occ_sig	 occurrence significance
;
# seq	id	occ	exp_occ	obs_freq	exp_freq	occ_P	occ_E	occ_sig
AAAAAA	AAAAAA|TTTTTT	78	52.70	0.008306709265175719	0.0056125991699999996	0.0006604696084801205	1.256213195329189	-0.099
AAAAAC	AAAAAC|GTTTTT	10	9.31	0.0010649627263045794	0.0009917870999999999	0.45374223156608673	863.017724438697	-2.936
AAAAAG	AAAAAG|CTTTTT	33	16.31	0.003514376996805112	0.0017366160899999997	0.0001828201774935009	0.3477239775926387	0.459
AAAAAT	AAAAAT|ATTTTT	37	19.40	0.003940362087326944	0.00206589357	0.00024203663138008268	0.46035367288491724	0.337
AAAACA	AAAACA|TGTTTT	12	9.71	0.0012779552715654952	0.0010341969000000003	0.2708863431729988	515.2258247150437	-2.712
AAAACC	AAAACC|GGTTTT	3	4.05	0.0003194888178913738	0.00043161492000000015	0.7695406989649635	1463.6664094313605	-3.165
AAAACG	AAAACG|CGTTTT	4	4.16	0.0004259850905218317	0.00044326821000000005	0.5975762949348526	1136.5901129660897	-3.056
AAAACT	AAAACT|AGTTTT	16	6.55	0.0017039403620873268	0.0006979199699999998	0.0012592828992331673	2.395156074341484	-0.379
AAAAGA	AAAAGA|TCTTTT	25	14.45	0.0026624068157614484	0.0015387738159999998	0.007290759721108621	13.867024989548597	-1.142
AAAAGC	AAAAGC|GCTTTT	19	6.28	0.0020234291799787005	0.0006689115599999994	3.2321391532778276e-05	0.06147528669534428	1.211
AAAAGG	AAAAGG|CCTTTT	20	7.90	0.002129925452609159	0.0008411889599999998	0.00021539866478921272	0.4096882604290826	0.388
AAAAGT	AAAAGT|ACTTTT	21	8.56	0.0022364217252396168	0.0009115256639999995	0.00023057719468206272	0.4385578242852833	0.358
AAAATA	AAAATA|TATTTT	35	15.78	0.003727369542066028	0.0016807508429999985	2.0496609570803066e-05	0.03898455140366743	1.409
AAAATC	AAAATC|GATTTT	6	6.23	0.0006389776357827476	0.0006632247769999998	0.5901641435794007	1122.4922010880202	-3.05
AAAATG	AAAATG|CATTTT	19	7.84	0.0020234291799787005	0.0008345691149999994	0.0005110374743605475	0.9719932762337613	0.012
AAAATT	AAAATT|AATTTT	23	13.95	0.0024494142705005326	0.001485108627999999	0.016057353511498312	30.54108637886979	-1.485
AAACAA	AAACAA|TTGTTT	13	10.56	0.0013844515441959531	0.0011245182569999993	0.2641760768802498	502.4628982262351	-2.701
AAACAC	AAACAC|GTGTTT	6	3.55	0.0006389776357827476	0.0003779487179999998	0.1489218187258572	283.24929921658037	-2.452
AAACAG	AAACAG|CTGTTT	9	4.45	0.0009584664536741214	0.00047392991999999973	0.03799468638673326	72.26589350756667	-1.859
AAACAT	AAACAT|ATGTTT	5	5.84	0.0005324813631522897	0.0006219031049999997	0.692909889240364	1317.9146093351724	-3.12
AAACCA	AAACCA|TGGTTT	8	3.60	0.0008519701810436634	0.00038292821599999983	0.03060679286702445	58.214120033080505	-1.765
AAACCC	AAACCC|GGGTTT	2	1.93	0.00021299254526091586	0.00020562937400000003	0.5749565956205023	1093.5674448701952	-3.039
AAACCG	AAACCG|CGGTTT	3	1.65	0.0003194888178913738	0.0001759657680000001	0.23024608948207884	437.92806219491393	-2.641
AAACCT	AAACCT|AGGTTT	3	3.00	0.0003194888178913738	0.0003192766420000001	0.5763634051103809	1096.2431965199444	-3.04
AAACGA	AAACGA|TCGTTT	8	3.67	0.0008519701810436634	0.000391289736	0.03405353243370631	64.76981868890941	-1.811
AAACGC	AAACGC|GCGTTT	3	2.60	0.0003194888178913738	0.00027730591200000003	0.4825496876641584	917.8095059372292	-2.963
AAACGG	AAACGG|CCGTTT	4	2.31	0.0004259850905218317	0.00024564105599999994	0.20198991610105263	384.1848204242021	-2.585
AAACGT	AAACGT|ACGTTT	5	2.75	0.0005324813631522897	0.00029296329599999994	0.14476248982068893	275.33825563895033	-2.44
AAACTA	AAACTA|TAGTTT	16	5.14	0.0017039403620873268	0.0005475916880000002	9.475194615711822e-05	0.18021820159083884	0.744
AAACTC	AAACTC|GAGTTT	4	2.65	0.0004259850905218317	0.00028262154400000004	0.2757533870064573	524.4829420862818	-2.72
AAACTG	AAACTG|CAGTTT	13	3.66	0.0013844515441959531	0.0003896161840000002	0.00011696177482063572	0.22246129570884915	0.653
AAACTT	AAACTT|AAGTTT	10	5.55	0.0010649627263045794	0.0005905886880000001	0.05617843659684969	106.85138640720811	-2.029
AAAGAA	AAAGAA|TTCTTT	24	14.99	0.0025559105431309905	0.0015964387680000001	0.019339529932265856	36.78378593116966	-1.566
AAAGAC	AAAGAC|GTCTTT	6	3.66	0.0006389776357827476	0.0003899381329999999	0.16445146717739012	312.78669057139604	-2.495
AAAGAG	AAAGAG|CTCTTT	12	6.13	0.0012779552715654952	0.0006529105560000003	0.023203349441471382	44.13277063767857	-1.645
AAAGAT	AAAGAT|ATCTTT	13	5.86	0.0013844515441959531	0.0006245799039999997	0.0074044551887318556	14.08327376896799	-1.149
AAAGCA	AAAGCA|TGCTTT	13	5.54	0.0013844515441959531	0.0005902386080000003	0.004734681713363901	9.00536461881814	-0.955
AAAGCC	AAAGCC|GGCTTT	6	2.38	0.0006389776357827476	0.00025296379600000016	0.03420727395741362	65.0622350670007	-1.813
AAAGCG	AAAGCG|CGCTTT	8	2.58	0.0008519701810436634	0.00027528684399999995	0.005157805398277958	9.810145867524676	-0.992
AAAGCT	AAAGCT|AGCTTT	7	3.93	0.0007454739084132055	0.00041892612599999995	0.10388256622245058	197.584640955101	-2.296
AAAGGA	AAAGGA|TCCTTT	15	6.31	0.001597444089456869	0.0006715512030000001	0.002236362030304306	4.25356058163879	-0.629
AAAGGC	AAAGGC|GCCTTT	5	3.29	0.0005324813631522897	0.0003502721760000001	0.23541733585764377	447.7637728012384	-2.651
AAAGGG	AAAGGG|CCCTTT	4	4.17	0.0004259850905218317	0.00044393504700000004	0.5987471186831772	1138.817019735403	-3.056
AAAGGT	AAAGGT|ACCTTT	11	4.07	0.0011714589989350373	0.0004329225870000001	0.0032017785619318046	6.089782824794292	-0.785
AAAGTA	AAAGTA|TACTTT	12	6.61	0.0012779552715654952	0.0007042139999999996	0.03773602148600129	71.77391286637446	-1.856
AAAGTC	AAAGTC|GACTTT	8	2.62	0.0008519701810436634	0.0002789640000000001	0.0055680621082587175	10.59045412990808	-1.025
AAAGTG	AAAGTG|CACTTT	8	4.27	0.0008519701810436634	0.00045458699999999995	0.06875453720544476	130.77112976475593	-2.117
AAAGTT	AAAGTT|AACTTT	12	6.22	0.0012779552715654952	0.0006622349999999995	0.02547469266018504	48.452865439671946	-1.685
AAATAA	AAATAA|TTATTT	30	14.43	0.003194888178913738	0.0015371064869999986	0.00022502287786925945	0.42799351370733146	0.369
AAATAC	AAATAC|GTATTT	10	6.23	0.0010649627263045794	0.0006632185349999996	0.10048355413020278	191.11971995564568	-2.281
AAATAG	AAATAG|CTATTT	12	6.98	0.0012779552715654952	0.0007432055469999996	0.052393328932086675	99.65211162882885	-1.998
AAATAT	AAATAT|ATATTT	28	12.40	0.002981895633652822	0.001320126794	9.533859187983715e-05	0.18133400175545025	0.742
AAATCA	AAATCA|TGATTT	9	5.69	0.0009584664536741214	0.0006055717950000001	0.1221200898118329	232.27241082210617	-2.366
AAATCC	AAATCC|GGATTT	6	2.82	0.0006389776357827476	0.00030062866499999994	0.06712574989432961	127.67317629901491	-2.106
AAATCG	AAATCG|CGATTT	2	2.46	0.00021299254526091586	0.0002616356699999999	0.7037132410529834	1338.4625844827744	-3.127
AAATCT	AAATCT|AGATTT	6	4.32	0.0006389776357827476	0.0004602638699999999	0.26698051718708493	507.79694368983553	-2.706
AAATGA	AAATGA|TCATTT	19	6.47	0.0020234291799787005	0.0006892316100000002	4.7785805554449715e-05	0.09088860216456336	1.041
AAATGC	AAATGC|GCATTT	5	3.75	0.0005324813631522897	0.00039894627599999983	0.3216977913277254	611.8691991053338	-2.787
AAATGG	AAATGG|CCATTT	6	3.46	0.0006389776357827476	0.0003682917	0.13691930705490146	260.42052201842256	-2.416
AAATGT	AAATGT|ACATTT	18	4.97	0.0019169329073482429	0.0005289304139999999	4.953270843939217e-06	0.00942112114517239	2.026
AAATTA	AAATTA|TAATTT	15	8.88	0.001597444089456869	0.0009455505920000003	0.037669727956383584	71.64782257304158	-1.855
AAATTC	AAATTC|GAATTT	9	5.07	0.0009584664536741214	0.000539940162	0.07276178352369929	138.39291226207604	-2.141
AAATTG	AAATTG|CAATTT	12	5.39	0.0012779552715654952	0.000573573658	0.009450772103560616	17.97536854097229	-1.255
AAATTT	AAATTT|AAATTT	13	12.63	0.0013844515441959531	0.0013451355880000002	0.49579396533533315	943.0001220678037	-2.975
AACAAA	AACAAA|TTTGTT	16	10.04	0.0017039403620873268	0.0010688605200000008	0.050022749572091275	95.1432696861176	-1.978
AACAAC	AACAAC|GTTGTT	3	4.23	0.0003194888178913738	0.0004509237840000002	0.7942416308619062	1510.6475818993456	-3.179
AACAAG	AACAAG|CTTGTT	10	4.84	0.0010649627263045794	0.00051527355	0.026339605519534053	50.09792969815377	-1.7
AACAAT	AACAAT|ATTGTT	7	7.15	0.0007454739084132055	0.0007615701120000005	0.5725581142434595	1089.00553329106	-3.037
AACACA	AACACA|TGTGTT	5	3.55	0.0005324813631522897	0.00037827166499999996	0.2844028753002376	540.9342688210519	-2.733
AACACC	AACACC|GGTGTT	3	2.02	0.0003194888178913738	0.00021462736499999995	0.3274785548564097	622.8642113368912	-2.794
AACACG	AACACG|CGTGTT	5	1.36	0.0005324813631522897	0.00014497128000000005	0.012779359590012385	24.306341940203556	-1.386
AACACT	AACACT|AGTGTT	7	2.66	0.0007454739084132055	0.00028361947500000014	0.019267955738995972	36.64765181557034	-1.564
AACAGA	AACAGA|TCTGTT	9	3.72	0.0009584664536741214	0.0003962637569999999	0.014158816450969077	26.930068889743186	-1.43
AACAGC	AACAGC|GCTGTT	3	2.61	0.0003194888178913738	0.00027795203299999985	0.48407034761203643	920.7018011580933	-2.964
AACAGG	AACAGG|CCTGTT	3	2.02	0.0003194888178913738	0.00021529865299999994	0.32918455165834376	626.1090172541699	-2.797
AACAGT	AACAGT|ACTGTT	8	3.46	0.0008519701810436634	0.00036859813800000003	0.02526971557237967	48.06299901866613	-1.682
AACATA	AACATA|TATGTT	7	5.49	0.0007454739084132055	0.0005845656960000003	0.31224788331755127	593.8954740699825	-2.774
AACATC	AACATC|GATGTT	4	2.86	0.0004259850905218317	0.0003046246720000001	0.321532244620684	611.554329268541	-2.786
AACATG	AACATG|CATGTT	7	2.30	0.0007454739084132055	0.00024529788800000004	0.009431117563788106	17.937985606324975	-1.254
AACATT	AACATT|AATGTT	7	4.88	0.0007454739084132055	0.0005199117440000001	0.22076970838227553	419.90398534308804	-2.623
AACCAA	AACCAA|TTGGTT	9	3.62	0.0009584664536741214	0.0003852670500000002	0.012012645873037901	22.84805245051809	-1.359
AACCAC	AACCAC|GTGGTT	5	1.76	0.0005324813631522897	0.00018697423500000005	0.0332893022663424	63.316252910583245	-1.802
AACCAG	AACCAG|CTGGTT	5	1.67	0.0005324813631522897	0.00017796705	0.02781394960609852	52.90213215079938	-1.723
AACCAT	AACCAT|ATGGTT	4	2.69	0.0004259850905218317	0.00028629166500000015	0.2833253704925562	538.8848546768419	-2.731
AACCCA	AACCCA|TGGGTT	3	1.53	0.0003194888178913738	0.00016330646999999994	0.19959486427871517	379.6294318581163	-2.579
AACCCT	AACCCT|AGGGTT	4	1.68	0.0004259850905218317	0.0001793060174999999	0.09076396809094825	172.63306730898358	-2.237
AACCGA	AACCGA|TCGGTT	2	1.20	0.00021299254526091586	0.00012764967200000002	0.33687766594633844	640.7413206299357	-2.807
AACCGG	AACCGG|CCGGTT	2	0.77	0.00021299254526091586	8.198870400000003e-05	0.1804219236509494	343.16249878410576	-2.535
AACCGT	AACCGT|ACGGTT	1	1.44	0.00010649627263045793	0.00015297856800000005	0.7622341120544471	1449.7692811275585	-3.161
AACCTA	AACCTA|TAGGTT	5	1.93	0.0005324813631522897	0.00020597426099999998	0.046902985318413214	89.20947807562193	-1.95
AACCTC	AACCTC|GAGGTT	3	1.70	0.0003194888178913738	0.00018130772499999994	0.24343147821408198	463.00667156318394	-2.666
AACCTG	AACCTG|CAGGTT	6	1.45	0.0006389776357827476	0.000154643547	0.003816635125820809	7.259240009311179	-0.861
AACCTT	AACCTT|AAGGTT	6	3.07	0.0006389776357827476	0.00032662315240000007	0.09082215680832689	172.74374224943776	-2.237
AACGAA	AACGAA|TTCGTT	3	3.84	0.0003194888178913738	0.0004089341750000001	0.7374858151706771	1402.6980204546278	-3.147
AACGAC	AACGAC|GTCGTT	6	1.59	0.0006389776357827476	0.00016964285000000003	0.005916780884261487	11.253717241865347	-1.051
AACGAG	AACGAG|CTCGTT	4	1.67	0.0004259850905218317	0.00017830734999999998	0.08938388761112322	170.00815423635635	-2.23
AACGAT	AACGAT|ATCGTT	7	2.35	0.0007454739084132055	0.00025062570000000006	0.010510193999123682	19.990388986333244	-1.301
AACGCA	AACGCA|TGCGTT	2	2.28	0.00021299254526091586	0.00024296440319999994	0.6648424944980986	1264.5304245353836	-3.102
AACGCC	AACGCC|GGCGTT	2	1.13	0.00021299254526091586	0.00011998316160000004	0.3107131251081074	590.9763639556203	-2.772
AACGCG	AACGCG|CGCGTT	1	1.32	0.00010649627263045793	0.00014064992639999994	0.7330523771418083	1394.2656213237194	-3.144
AACGCT	AACGCT|AGCGTT	2	1.53	0.00021299254526091586	0.0001626425088	0.45124103672110505	858.2604518435418	-2.934
AACGGA	AACGGA|TCCGTT	3	1.84	0.0003194888178913738	0.00019630629720000006	0.2810040274675742	534.4696602433261	-2.728
AACGGC	AACGGC|GCCGTT	2	1.25	0.00021299254526091586	0.000132645962	0.35376823490801873	672.8671827950516	-2.828
AACGGG	AACGGG|CCCGTT	2	0.97	0.00021299254526091586	0.00010298603309999996	0.2521176206990867	479.5277145696629	-2.681
AACGGT	AACGGT|ACCGTT	1	1.65	0.00010649627263045793	0.0001759717077	0.8084055413477872	1537.5873396434913	-3.187
AACGTA	AACGTA|TACGTT	8	2.51	0.0008519701810436634	0.000267295848	0.0043460689348995395	8.266223114178924	-0.917
AACGTC	AACGTC|GACGTT	1	1.29	0.00010649627263045793	0.00013731649700000003	0.7245645300908595	1378.1217362328148	-3.139
AACGTG	AACGTG|CACGTT	1	1.35	0.00010649627263045793	0.0001433128865000001	0.7396446900716142	1406.8042005162101	-3.148
AACGTT	AACGTT|AACGTT	1	2.58	0.00010649627263045793	0.0002746247685	0.9241294420941893	1757.6941988631481	-3.245
AACTAA	AACTAA|TTAGTT	13	4.70	0.0013844515441959531	0.0005009057360000002	0.001190892347621708	2.2650772451764887	-0.355
AACTAC	AACTAC|GTAGTT	6	2.84	0.0006389776357827476	0.00030260646000000014	0.06878637829724665	130.83169152136313	-2.117
AACTAG	AACTAG|CTAGTT	5	2.42	0.0005324813631522897	0.00025728395400000006	0.09787266710510235	186.15381283390468	-2.27
AACTAT	AACTAT|ATAGTT	8	4.32	0.0008519701810436634	0.00046058863600000017	0.07287012000235019	138.59896824447006	-2.142
AACTCA	AACTCA|TGAGTT	6	2.44	0.0006389776357827476	0.00025963302820000006	0.03800433417663759	72.2842436039647	-1.859
AACTCC	AACTCC|GGAGTT	5	1.47	0.0005324813631522897	0.00015664103560000011	0.01723749588617718	32.78571717550899	-1.516
AACTCG	AACTCG|CGAGTT	2	1.04	0.00021299254526091586	0.00011098227560000009	0.2797330247962434	532.0522131624549	-2.726
AACTCT	AACTCT|AGAGTT	3	2.44	0.0003194888178913738	0.00025996366060000015	0.44098093179741404	838.7457322786815	-2.924
AACTGA	AACTGA|TCAGTT	6	2.68	0.0006389776357827476	0.000284967054	0.054810178080714915	104.24895870951977	-2.018
AACTGC	AACTGC|GCAGTT	6	2.19	0.0006389776357827476	0.00023330635999999996	0.024472007744012026	46.54575872911087	-1.668
AACTGG	AACTGG|CCAGTT	2	1.67	0.00021299254526091586	0.00017765014399999992	0.4967937640554507	944.9017392334673	-2.975
AACTGT	AACTGT|ACAGTT	17	2.89	0.001810436634717785	0.0003079664030000001	1.2828168223597906e-08	2.4399175961283218e-05	4.613
AACTTA	AACTTA|TAAGTT	4	3.56	0.0004259850905218317	0.00037861831600000025	0.4752359489640415	903.8987749296069	-2.956
AACTTC	AACTTC|GAAGTT	11	3.89	0.0011714589989350373	0.0004139509299999999	0.0022903612499072658	4.356267097323619	-0.639
AACTTG	AACTTG|CAAGTT	10	2.82	0.0010649627263045794	0.00030029247700000017	0.0006958652550563562	1.3235357151171894	-0.122
AAGAAA	AAGAAA|TTTCTT	31	16.54	0.003301384451544196	0.0017617150680000002	0.000956339393918769	1.8189575272334986	-0.26
AAGAAC	AAGAAC|GTTCTT	9	4.86	0.0009584664536741214	0.0005172387809999997	0.059150167216269756	112.50361804534508	-2.051
AAGAAG	AAGAAG|CTTCTT	10	6.72	0.0010649627263045794	0.000715572948	0.14221060749922237	270.48457546352097	-2.432
AAGAAT	AAGAAT|ATTCTT	8	6.32	0.0008519701810436634	0.0006735732029999996	0.30182317520436996	574.0676792387117	-2.759
AAGACA	AAGACA|TGTCTT	6	3.68	0.0006389776357827476	0.00039227754830000003	0.16755926333435123	318.69771886193604	-2.503
AAGACC	AAGACC|GGTCTT	4	1.56	0.0004259850905218317	0.00016564199589999993	0.0727842419914164	138.43562826767402	-2.141
AAGACG	AAGACG|CGTCTT	2	1.82	0.00021299254526091586	0.00019397641089999995	0.5435114391602414	1033.758757282779	-3.014
AAGACT	AAGACT|AGTCTT	3	2.28	0.0003194888178913738	0.00024229404489999992	0.3973585303508395	755.7759247272968	-2.878
AAGAGA	AAGAGA|TCTCTT	15	5.67	0.001597444089456869	0.0006035612280000001	0.0008057393845631481	1.5325163094391077	-0.185
AAGAGC	AAGAGC|GCTCTT	3	2.93	0.0003194888178913738	0.0003122733280000002	0.5614602585490315	1067.897411760258	-3.029
AAGAGG	AAGAGG|CCTCTT	7	3.09	0.0007454739084132055	0.00032894102799999985	0.0381831247068889	72.6243031925027	-1.861
AAGAGT	AAGAGT|ACTCTT	3	3.22	0.0003194888178913738	0.000342608542	0.6236524188427222	1186.1869006388577	-3.074
AAGATA	AAGATA|TATCTT	11	5.52	0.0011714589989350373	0.0005882556959999997	0.02593450845020835	49.32743507229628	-1.693
AAGATC	AAGATC|GATCTT	3	2.80	0.0003194888178913738	0.000298303312	0.5308008864123287	1009.5832859562491	-3.004
AAGATG	AAGATG|CATCTT	10	3.31	0.0010649627263045794	0.00035295001600000003	0.002262358023868369	4.3030049613976376	-0.634
AAGATT	AAGATT|AATCTT	5	4.33	0.0005324813631522897	0.00046127396800000004	0.43561693822237463	828.5434164989565	-2.918
AAGCAA	AAGCAA|TTGCTT	11	5.27	0.0011714589989350373	0.0005615767080000004	0.01936269014465861	36.82783665514068	-1.566
AAGCAC	AAGCAC|GTGCTT	6	2.40	0.0006389776357827476	0.0002552915820000001	0.035503494678643735	67.52764687878039	-1.829
AAGCAG	AAGCAG|CTGCTT	3	2.77	0.0003194888178913738	0.00029462609400000026	0.522532176367166	993.8561994503497	-2.997
AAGCAT	AAGCAT|ATGCTT	8	3.39	0.0008519701810436634	0.0003606056160000002	0.022593598848222155	42.97302500931854	-1.633
AAGCCA	AAGCCA|TGGCTT	9	2.33	0.0009584664536741214	0.000248295951	0.000705355558211178	1.3415862717176605	-0.128
AAGCCG	AAGCCG|CGGCTT	1	1.10	0.00010649627263045793	0.00011731864410000002	0.6676684181951712	1269.9053314072157	-3.104
AAGCCT	AAGCCT|AGGCTT	3	1.79	0.0003194888178913738	0.00019030797540000005	0.26589812439410704	505.7382325975916	-2.704
AAGCGA	AAGCGA|TCGCTT	4	2.02	0.0004259850905218317	0.00021530387799999993	0.14681395170997447	279.24013615237146	-2.446
AAGCGC	AAGCGC|GCGCTT	3	1.58	0.0003194888178913738	0.00016864095119999994	0.2123963053879484	403.9777728478779	-2.606
AAGCGG	AAGCGG|CCGCTT	5	1.43	0.0005324813631522897	0.0001526465387999999	0.015610833110247654	29.691804575691037	-1.473
AAGCGT	AAGCGT|ACGCTT	5	1.70	0.0005324813631522897	0.00018097580760000005	0.029574316131517155	56.25034928214563	-1.75
AAGCTA	AAGCTA|TAGCTT	5	2.64	0.0005324813631522897	0.0002812871400000002	0.12847968268035387	244.36835645803305	-2.388
AAGCTC	AAGCTC|GAGCTT	6	1.82	0.0006389776357827476	0.00019329360000000019	0.010774414674221425	20.49293671036915	-1.312
AAGCTG	AAGCTG|CAGCTT	6	2.66	0.0006389776357827476	0.0002836134060000001	0.053815264894443916	102.35663382923232	-2.01
AAGCTT	AAGCTT|AAGCTT	2	3.43	0.00021299254526091586	0.0003656058540000001	0.8568630797656118	1629.7535777141936	-3.212
AAGGAA	AAGGAA|TTCCTT	11	7.12	0.0011714589989350373	0.0007578785639999999	0.10699482694604923	203.50416085138562	-2.309
AAGGAC	AAGGAC|GTCCTT	2	1.92	0.00021299254526091586	0.00020496318599999997	0.573202288430975	1090.2307525957144	-3.038
AAGGAG	AAGGAG|CTCCTT	4	2.73	0.0004259850905218317	0.0002906220719999999	0.2922983406912792	555.9514439948131	-2.745
AAGGAT	AAGGAT|ATCCTT	4	3.27	0.0004259850905218317	0.00034793617799999986	0.4123878789880153	784.3617458352052	-2.895
AAGGCA	AAGGCA|TGCCTT	2	2.83	0.00021299254526091586	0.0003009549498	0.7733063513549784	1470.8286802771688	-3.168
AAGGCC	AAGGCC|GGCCTT	7	1.40	0.0007454739084132055	0.00014897841479999993	0.0006195020824686641	1.1782929608553991	-0.071
AAGGCG	AAGGCG|CGCCTT	5	1.46	0.0005324813631522897	0.00015597678929999998	0.01695955660120445	32.25707665549087	-1.509
AAGGCT	AAGGCT|AGCCTT	2	2.09	0.00021299254526091586	0.00022229984609999993	0.6171330280568936	1173.7870193642116	-3.07
AAGGGA	AAGGGA|TCCCTT	7	3.40	0.0007454739084132055	0.00036260871149999997	0.05820443791044923	110.70484090567443	-2.044
AAGGGC	AAGGGC|GCCCTT	1	1.92	0.00010649627263045793	0.00020496836850000003	0.8540736125855971	1624.4480111378057	-3.211
AAGGGG	AAGGGG|CCCCTT	3	1.91	0.0003194888178913738	0.00020297266849999984	0.29787632694043503	566.5607738407074	-2.753
AAGGGT	AAGGGT|ACCCTT	2	2.13	0.00021299254526091586	0.0002273002514999999	0.6291389256618721	1196.6222366088807	-3.078
AAGGTA	AAGGTA|TACCTT	5	2.96	0.0005324813631522897	0.00031527705000000005	0.17813574532533666	338.81418760879035	-2.53
AAGGTC	AAGGTC|GACCTT	3	1.52	0.0003194888178913738	0.00016196668200000003	0.19640919215428213	373.5702834774446	-2.572
AAGGTG	AAGGTG|CACCTT	7	2.17	0.0007454739084132055	0.0002316273960000001	0.007034161052134046	13.378974321158955	-1.126
AAGTAA	AAGTAA|TTACTT	12	6.20	0.0012779552715654952	0.0006598970720000003	0.024890555845041896	47.341837217269685	-1.675
AAGTAC	AAGTAC|GTACTT	7	2.84	0.0007454739084132055	0.00030262750399999997	0.026147317842424057	49.732198536290554	-1.697
AAGTAG	AAGTAG|CTACTT	2	2.95	0.00021299254526091586	0.00031396093600000006	0.7929635602218299	1508.2166915419205	-3.178
AAGTAT	AAGTAT|ATACTT	9	4.69	0.0009584664536741214	0.0004999322520000003	0.04995377795774324	95.01208567562763	-1.978
AAGTCA	AAGTCA|TGACTT	7	2.44	0.0007454739084132055	0.00025962813539999994	0.012533063358372927	23.837886507625306	-1.377
AAGTCC	AAGTCC|GGACTT	2	1.17	0.00021299254526091586	0.00012464899649999997	0.32666862073228703	621.3237166328099	-2.793
AAGTCG	AAGTCG|CGACTT	4	1.13	0.0004259850905218317	0.00012031700129999996	0.027997280382961714	53.25082728839318	-1.726
AAGTCT	AAGTCT|AGACTT	3	1.78	0.0003194888178913738	0.0001896358668	0.2642112826433656	502.5298595876813	-2.701
AAGTGA	AAGTGA|TCACTT	6	3.72	0.0006389776357827476	0.0003959577599999999	0.17249767863617352	328.09058476600205	-2.516
AAGTGC	AAGTGC|GCACTT	6	2.24	0.0006389776357827476	0.00023830118399999995	0.02674446084709633	50.86796453117722	-1.706
AAGTGG	AAGTGG|CCACTT	1	1.97	0.00010649627263045793	0.00020997794399999989	0.8607790297610763	1637.2017146055673	-3.214
AAGTGT	AAGTGT|ACACTT	11	2.73	0.0011714589989350373	0.0002909631119999999	0.00013285483318052423	0.2526898927093571	0.597
AAGTTA	AAGTTA|TAACTT	8	4.33	0.0008519701810436634	0.00046060684700000005	0.07288283017455877	138.62314299201077	-2.142
AAGTTC	AAGTTC|GAACTT	11	2.95	0.0011714589989350373	0.000314295236	0.0002550088314059193	0.4850267973340585	0.314
AAGTTG	AAGTTG|CAACTT	8	3.00	0.0008519701810436634	0.0003192964699999998	0.011865530768982153	22.568239522604056	-1.353
AATAAA	AATAAA|TTTATT	24	14.57	0.0025559105431309905	0.0015514138200000004	0.014353873504805006	27.301067406139122	-1.436
AATAAC	AATAAC|GTTATT	11	5.19	0.0011714589989350373	0.0005532430379999999	0.017588250350719873	33.452852167069196	-1.524
AATAAG	AATAAG|CTTATT	13	5.75	0.0013844515441959531	0.0006122550959999999	0.0063360293815396965	12.051127883688503	-1.081
AATAAT	AATAAT|ATTATT	16	12.01	0.0017039403620873268	0.0012784880460000004	0.1559467287748796	296.610678129821	-2.472
AATACA	AATACA|TGTATT	7	5.69	0.0007454739084132055	0.000606253984	0.3444742700454005	655.1900616263517	-2.816
AATACC	AATACC|GGTATT	5	2.83	0.0005324813631522897	0.00030161746299999995	0.157371146432197	299.3199205140387	-2.476
AATACG	AATACG|CGTATT	2	2.50	0.00021299254526091586	0.00026662691999999996	0.7134459556947108	1356.97420773134	-3.133
AATACT	AATACT|AGTATT	7	4.90	0.0007454739084132055	0.0005216016329999996	0.22303609589600026	424.2146543941925	-2.628
AATAGA	AATAGA|TCTATT	12	5.59	0.0012779552715654952	0.0005949246159999995	0.012273788915106713	23.344746516532968	-1.368
AATAGC	AATAGC|GCTATT	7	3.51	0.0007454739084132055	0.00037360746799999995	0.06592014847402636	125.38012239759813	-2.098
AATAGG	AATAGG|CCTATT	7	3.27	0.0007454739084132055	0.0003486265120000001	0.04923811593854208	93.65089651510704	-1.972
AATAGT	AATAGT|ACTATT	6	5.55	0.0006389776357827476	0.0005912414039999997	0.47993097493408415	912.8287143246281	-2.96
AATATA	AATATA|TATATT	23	13.01	0.0024494142705005326	0.0013857669540000004	0.007702571378677344	14.650290762244309	-1.166
AATATC	AATATC|GATATT	13	5.34	0.0013844515441959531	0.0005682513199999999	0.0034772986083049994	6.613821952996109	-0.82
AATATG	AATATG|CATATT	11	4.72	0.0011714589989350373	0.0005022461599999998	0.009236415259951903	17.56766182442852	-1.245
AATATT	AATATT|AATATT	8	12.56	0.0008519701810436634	0.0013371355659999998	0.9321145988017749	1772.8819669209759	-3.249
AATCAA	AATCAA|TTGATT	10	5.64	0.0010649627263045794	0.0006009263519999998	0.06151720512225249	117.00572414252424	-2.068
AATCAC	AATCAC|GTGATT	9	2.75	0.0009584664536741214	0.0002929563779999999	0.0021652939083805687	4.118389013739842	-0.615
AATCAG	AATCAG|CTGATT	2	2.28	0.00021299254526091586	0.0002429748099999999	0.6648652645577535	1264.5737331888472	-3.102
AATCAT	AATCAT|ATGATT	7	4.29	0.0007454739084132055	0.00045694245999999995	0.14310294659608527	272.1818044257542	-2.435
AATCCA	AATCCA|TGGATT	6	2.31	0.0006389776357827476	0.00024562988100000014	0.030324646905357956	57.67747841399083	-1.761
AATCCC	AATCCC|GGGATT	1	1.43	0.00010649627263045793	0.00015231158350000013	0.7607403150634909	1446.9280792507598	-3.16
AATCCG	AATCCG|CGGATT	2	1.11	0.00021299254526091586	0.00011798657200000001	0.3038600828609836	577.9418776015908	-2.762
AATCCT	AATCCT|AGGATT	6	2.88	0.0006389776357827476	0.0003066219635000002	0.07223049112276093	137.3823941154913	-2.138
AATCGC	AATCGC|GCGATT	3	1.37	0.0003194888178913738	0.00014598131869999995	0.15948218917483134	303.3351238105292	-2.482
AATCGT	AATCGT|ACGATT	3	2.29	0.0003194888178913738	0.00024363172129999994	0.4006973111034229	762.1262857187103	-2.882
AATCTA	AATCTA|TAGATT	3	3.08	0.0003194888178913738	0.000327622306	0.5937012190100188	1129.2197185570558	-3.053
AATCTC	AATCTC|GAGATT	3	2.46	0.0003194888178913738	0.0002616301320000001	0.44503444734310094	846.455518846578	-2.928
AATCTG	AATCTG|CAGATT	2	2.37	0.00021299254526091586	0.0002526306020000001	0.6854573504115367	1303.7398804827428	-3.115
AATGAA	AATGAA|TTCATT	15	7.02	0.001597444089456869	0.0007478791540000003	0.0058792456953074375	11.182325312474745	-1.049
AATGAC	AATGAC|GTCATT	4	2.42	0.0004259850905218317	0.000257628387	0.22528509581798942	428.49225224581585	-2.632
AATGAG	AATGAG|CTCATT	6	2.85	0.0006389776357827476	0.0003032899670000002	0.0693657626685111	131.93368059550812	-2.12
AATGAT	AATGAT|ATCATT	14	4.59	0.001490947816826411	0.0004889204690000003	0.00030647453969090524	0.5829145744921018	0.234
AATGCA	AATGCA|TGCATT	4	3.22	0.0004259850905218317	0.00034328516160000007	0.4026961387692334	765.9280559390819	-2.884
AATGCC	AATGCC|GGCATT	3	1.89	0.0003194888178913738	0.00020130409919999996	0.29364690771972546	558.5164184829179	-2.747
AATGCG	AATGCG|CGCATT	5	1.58	0.0005324813631522897	0.00016797408959999988	0.02245079013669159	42.7014028399874	-1.63
AATGCT	AATGCT|AGCATT	6	2.66	0.0006389776357827476	0.00028295664959999994	0.05333653417291348	101.44608799688145	-2.006
AATGGA	AATGGA|TCCATT	2	3.42	0.00021299254526091586	0.0003639454	0.8551251929738838	1626.448117036327	-3.211
AATGGC	AATGGC|GCCATT	7	2.09	0.0007454739084132055	0.00022229665050000006	0.005679971483630078	10.803305761864408	-1.034
AATGGG	AATGGG|CCCATT	2	1.58	0.00021299254526091586	0.00016864469950000004	0.46974651957705327	893.4578802355553	-2.951
AATGGT	AATGGT|ACCATT	3	2.30	0.0003194888178913738	0.0002449632500000001	0.4040155143153767	768.4375082278465	-2.886
AATGTA	AATGTA|TACATT	16	4.71	0.0017039403620873268	0.0005019370700000002	3.493592825836251e-05	0.0664481355474055	1.178
AATGTC	AATGTC|GACATT	8	2.07	0.0008519701810436634	0.00022064151600000004	0.0013667183450680848	2.5994982923194976	-0.415
AATGTG	AATGTG|CACATT	11	2.73	0.0011714589989350373	0.00029095457600000004	0.0001328215219235201	0.2526265346985352	0.598
AATTAA	AATTAA|TTAATT	11	7.31	0.0011714589989350373	0.0007788856079999995	0.12227695698697949	232.570772189235	-2.367
AATTAC	AATTAC|GTAATT	5	4.28	0.0005324813631522897	0.00045625586399999994	0.42651458190472924	811.230734782795	-2.909
AATTAG	AATTAG|CTAATT	5	3.93	0.0005324813631522897	0.0004186022039999997	0.35762193631486633	680.1969228708757	-2.833
AATTAT	AATTAT|ATAATT	9	8.28	0.0009584664536741214	0.0008818563239999999	0.4465618754273073	849.3606870627385	-2.929
AATTCA	AATTCA|TGAATT	6	4.70	0.0006389776357827476	0.0005006041199999999	0.3316784501548116	630.8524121944517	-2.8
AATTCC	AATTCC|GGAATT	1	2.33	0.00010649627263045793	0.0002476352849999999	0.9022454296929195	1716.070807275933	-3.235
AATTCG	AATTCG|CGAATT	2	1.97	0.00021299254526091586	0.0002099688899999999	0.5862546942662401	1115.0564284943887	-3.047
AATTCT	AATTCT|AGAATT	12	4.54	0.0012779552715654952	0.0004832772899999998	0.002570719943085108	4.889509331747875	-0.689
AATTGA	AATTGA|TCAATT	7	5.23	0.0007454739084132055	0.000556591118	0.27161233961915326	516.6066699556295	-2.713
AATTGC	AATTGC|GCAATT	3	3.32	0.0003194888178913738	0.0003539449889999998	0.6452797988568532	1227.3221774257347	-3.089
AATTGG	AATTGG|CCAATT	8	2.72	0.0008519701810436634	0.00028996618699999975	0.006944757596657992	13.208928948843502	-1.121
AATTGT	AATTGT|ACAATT	16	5.13	0.0017039403620873268	0.0005465977059999998	9.283148766949319e-05	0.17656548954737605	0.753
AATTTA	AATTTA|TAAATT	11	7.04	0.0011714589989350373	0.0007492168260000002	0.10103434963112258	192.16733299839515	-2.284
AATTTC	AATTTC|GAAATT	13	6.28	0.0013844515441959531	0.0006692425020000003	0.012512592988196155	23.798951863549085	-1.377
AATTTG	AATTTG|CAAATT	15	5.08	0.001597444089456869	0.0005412560300000004	0.00026812488015549776	0.5099735220557567	0.292
ACAAAA	ACAAAA|TTTTGT	17	9.96	0.001810436634717785	0.0010611835200000001	0.026279755452195897	49.984094870076596	-1.699
ACAAAC	ACAAAC|GTTTGT	5	3.56	0.0005324813631522897	0.00037928700000000007	0.28621671549751526	544.384192876274	-2.736
ACAAAG	ACAAAG|CTTTGT	7	3.75	0.0007454739084132055	0.0003992824800000002	0.08621570188191095	163.98226497939464	-2.215
ACAAAT	ACAAAT|ATTTGT	11	5.37	0.0011714589989350373	0.0005722470000000001	0.02182354182464594	41.50837655047658	-1.618
ACAACA	ACAACA|TGTTGT	6	4.15	0.0006389776357827476	0.00044159604999999974	0.23817930462704962	453.01703740064835	-2.656
ACAACC	ACAACC|GGTTGT	7	1.69	0.0007454739084132055	0.00018030834499999996	0.0018331584841894404	3.4866674369283155	-0.542
ACAACG	ACAACG|CGTTGT	2	1.51	0.00021299254526091586	0.00016131237500000004	0.44709023418598576	850.3656254217449	-2.93
ACAACT	ACAACT|AGTTGT	8	2.93	0.0008519701810436634	0.00031228322999999984	0.010507580347524128	19.985417820990893	-1.301
ACAAGA	ACAAGA|TCTTGT	8	4.63	0.0008519701810436634	0.000492615924	0.09729655113679976	185.05804026219315	-2.267
ACAAGC	ACAAGC|GCTTGT	4	2.20	0.0004259850905218317	0.00023431330799999993	0.1806872933178392	343.66723189053016	-2.536
ACAAGG	ACAAGG|CCTTGT	2	2.17	0.00021299254526091586	0.00023130691199999988	0.6385452642564369	1214.5130926157428	-3.084
ACAAGT	ACAAGT|ACTTGT	8	2.62	0.0008519701810436634	0.00027896385600000007	0.005568045570710764	10.590422675491872	-1.025
ACAATA	ACAATA|TATTGT	5	6.62	0.0005324813631522897	0.0007049048880000002	0.7893383239882753	1501.3214922256996	-3.176
ACAATC	ACAATC|GATTGT	4	2.53	0.0004259850905218317	0.000268959728	0.24789530546458766	471.4968709936457	-2.673
ACAATG	ACAATG|CATTGT	2	2.81	0.00021299254526091586	0.00029928236	0.7706631911778478	1465.8013896202665	-3.166
ACACAA	ACACAA|TTGTGT	7	3.59	0.0007454739084132055	0.00038195695800000016	0.07216943437050154	137.26626417269392	-2.138
ACACAC	ACACAC|GTGTGT	12	2.74	0.0012779552715654952	0.00029196397200000014	3.060366759252628e-05	0.05820817576098499	1.235
ACACAG	ACACAG|CTGTGT	5	1.88	0.0005324813631522897	0.00019998026599999996	0.04230166621924343	80.45776914900101	-1.906
ACACAT	ACACAT|ATGTGT	8	3.48	0.0008519701810436634	0.00037029880400000006	0.025866437878689582	49.197964845267585	-1.692
ACACCA	ACACCA|TGGTGT	5	1.96	0.0005324813631522897	0.00020896990400000006	0.04930939660082424	93.78647233476771	-1.972
ACACCC	ACACCC|GGGTGT	2	1.22	0.00021299254526091586	0.0001296500777	0.34365746809682846	653.6365043201678	-2.815
ACACCG	ACACCG|CGGTGT	1	1.14	0.00010649627263045793	0.00012165122970000002	0.6809173270377094	1295.1047560257232	-3.112
ACACCT	ACACCT|AGGTGT	2	1.55	0.00021299254526091586	0.00016464503770000007	0.4574563654513245	870.0820070884192	-2.94
ACACGA	ACACGA|TCGTGT	3	1.32	0.0003194888178913738	0.00014097904839999997	0.1484014849392026	282.2596243543634	-2.451
ACACGC	ACACGC|GCGTGT	2	0.98	0.00021299254526091586	0.00010464869009999999	0.2578591737708383	490.4481485121344	-2.691
ACACGT	ACACGT|ACGTGT	3	1.41	0.0003194888178913738	0.00014997929040000004	0.1685129726035539	320.51167389195956	-2.506
ACACTA	ACACTA|TAGTGT	2	2.27	0.00021299254526091586	0.00024130118249999992	0.6611872908274941	1257.5782271538937	-3.1
ACACTC	ACACTC|GAGTGT	2	1.29	0.00021299254526091586	0.00013698449159999993	0.36830994187311217	700.5255094426593	-2.845
ACACTG	ACACTG|CAGTGT	3	1.57	0.0003194888178913738	0.0001673108253	0.20918751421372914	397.8746520345128	-2.6
ACAGAA	ACAGAA|TTCTGT	6	4.31	0.0006389776357827476	0.00045924278399999996	0.2653823839582468	504.75729428858546	-2.703
ACAGAC	ACAGAC|GTCTGT	4	1.46	0.0004259850905218317	0.0001559694499999999	0.0612726442878505	116.54056943549165	-2.066
ACAGAG	ACAGAG|CTCTGT	7	1.84	0.0007454739084132055	0.000196301378	0.002924764082004308	5.562901283972194	-0.745
ACAGAT	ACAGAT|ATCTGT	4	2.46	0.0004259850905218317	0.00026228638800000005	0.23451694710812626	446.05123339965616	-2.649
ACAGCA	ACAGCA|TGCTGT	2	2.70	0.00021299254526091586	0.0002872944645999999	0.7509210498592537	1428.2518368323006	-3.155
ACAGCC	ACAGCC|GGCTGT	4	1.11	0.0004259850905218317	0.00011831619799999998	0.026560981801345307	50.51898738615878	-1.703
ACAGCG	ACAGCG|CGCTGT	1	1.26	0.00010649627263045793	0.00013397701460000002	0.7157906507390392	1361.4338177056527	-3.134
ACAGCT	ACAGCT|AGCTGT	6	1.96	0.0006389776357827476	0.00020830232280000005	0.015026168587663888	28.579772653736715	-1.456
ACAGGA	ACAGGA|TCCTGT	4	1.92	0.0004259850905218317	0.00020463529519999986	0.1290010349491442	245.35996847327226	-2.39
ACAGGC	ACAGGC|GCCTGT	1	1.13	0.00010649627263045793	0.00012065140199999993	0.6779075506231866	1289.380161285301	-3.11
ACAGGG	ACAGGG|CCCTGT	3	1.10	0.0003194888178913738	0.00011664761599999996	0.0986432587660106	187.61947817295217	-2.273
ACAGGT	ACAGGT|ACCTGT	6	1.46	0.0006389776357827476	0.00015564568679999995	0.003936514984735883	7.487251500967648	-0.874
ACAGTA	ACAGTA|TACTGT	6	3.22	0.0006389776357827476	0.00034294850699999996	0.10773351116002546	204.9091382263684	-2.312
ACAGTC	ACAGTC|GACTGT	6	1.40	0.0006389776357827476	0.00014897850000000003	0.0031890984697365045	6.065665289438831	-0.783
ACAGTG	ACAGTG|CACTGT	4	1.78	0.0004259850905218317	0.00018930201399999994	0.10512783231478366	199.95313706271853	-2.301
ACATAA	ACATAA|TTATGT	5	5.41	0.0005324813631522897	0.0005759038999999997	0.6279261581393081	1194.315552780964	-3.077
ACATAC	ACATAC|GTATGT	9	3.37	0.0009584664536741214	0.00035860565	0.00782008858608273	14.873808490729353	-1.172
ACATAG	ACATAG|CTATGT	5	2.52	0.0005324813631522897	0.00026828464999999993	0.11140090376276772	211.8845189567842	-2.326
ACATAT	ACATAT|ATATGT	14	7.06	0.001490947816826411	0.0007522057999999996	0.013732853327540819	26.11988702898264	-1.417
ACATCA	ACATCA|TGATGT	10	3.20	0.0010649627263045794	0.00034061931199999996	0.0017556338820624	3.3392156436826848	-0.524
ACATCG	ACATCG|CGATGT	3	1.36	0.0003194888178913738	0.0001453115179999999	0.15798401736118045	300.4856010209652	-2.478
ACATCT	ACATCT|AGATGT	3	2.68	0.0003194888178913738	0.000285621556	0.5019525722083948	954.713792340367	-2.98
ACATGA	ACATGA|TCATGT	5	2.34	0.0005324813631522897	0.0002496257223000001	0.08897595306201005	169.2322627239431	-2.228
ACATGC	ACATGC|GCATGT	8	1.38	0.0008519701810436634	0.00014697814980000002	9.66962390197385e-05	0.18391624661554262	0.735
ACATGG	ACATGG|CCATGT	1	1.13	0.00010649627263045793	0.00012031539710000006	0.6768897164090056	1287.4442406099288	-3.11
ACATGT	ACATGT|ACATGT	1	2.02	0.00010649627263045793	0.00021497073079999998	0.8671553876803801	1649.329547368083	-3.217
ACATTA	ACATTA|TAATGT	10	4.42	0.0010649627263045794	0.0004709369760000001	0.01535744127551077	29.209853306021483	-1.466
ACATTC	ACATTC|GAATGT	5	2.75	0.0005324813631522897	0.0002926316280000001	0.14428818881840832	274.43613513261266	-2.438
ACATTG	ACATTG|CAATGT	9	2.68	0.0009584664536741214	0.00028563103200000025	0.0018307186620891455	3.4820268952935547	-0.542
ACCAAA	ACCAAA|TTTGGT	7	3.93	0.0007454739084132055	0.00041826153599999993	0.10325508442758409	196.39117058126493	-2.293
ACCAAC	ACCAAC|GTTGGT	3	1.83	0.0003194888178913738	0.00019496030400000002	0.2776070239709156	528.0085595926814	-2.723
ACCAAG	ACCAAG|CTTGGT	4	2.00	0.0004259850905218317	0.00021295612800000012	0.14281483945239723	271.63382463845954	-2.434
ACCAAT	ACCAAT|ATTGGT	6	2.65	0.0006389776357827476	0.000282610944	0.05308558145907722	100.96877593516487	-2.004
ACCACA	ACCACA|TGTGGT	8	1.92	0.0008519701810436634	0.000204636255	0.0008522559693921048	1.6209908537837834	-0.21
ACCACC	ACCACC|GGTGGT	5	1.20	0.0005324813631522897	0.00012798221340000002	0.007791499848193897	14.819432711264794	-1.171
ACCACG	ACCACG|CGTGGT	3	0.94	0.0003194888178913738	9.965273640000006e-05	0.06886906336304081	130.98895851650363	-2.117
ACCACT	ACCACT|AGTGGT	4	1.77	0.0004259850905218317	0.00018830879520000015	0.10365672155270862	197.1550843932518	-2.295
ACCAGA	ACCAGA|TCTGGT	4	1.46	0.0004259850905218317	0.00015564137440000003	0.06090037755882548	115.83251811688606	-2.064
ACCAGC	ACCAGC|GCTGGT	3	1.11	0.0003194888178913738	0.00011865002000000008	0.10244438678496474	194.84922366500294	-2.29
ACCAGG	ACCAGG|CCTGGT	1	0.88	0.00010649627263045793	9.332041839999994e-05	0.5836706931115002	1110.1416582980735	-3.045
ACCAGT	ACCAGT|ACTGGT	2	1.51	0.00021299254526091586	0.0001603081872	0.44394486927223387	844.3831413557888	-2.927
ACCATA	ACCATA|TATGGT	3	2.44	0.0003194888178913738	0.00025996456760000005	0.4409831411278036	838.7499344250825	-2.924
ACCATC	ACCATC|GATGGT	5	1.72	0.0005324813631522897	0.00018297163800000003	0.03077986374821535	58.54330084910559	-1.767
ACCATG	ACCATG|CATGGT	2	1.13	0.00021299254526091586	0.00012064610579999992	0.3129854999193873	595.2984208466746	-2.775
ACCCAA	ACCCAA|TTGGGT	4	1.69	0.0004259850905218317	0.00017964011520000002	0.09122793466024974	173.515531723795	-2.239
ACCCAC	ACCCAC|GTGGGT	3	1.09	0.0003194888178913738	0.0001156500072	0.0967712958162117	184.05900464243467	-2.265
ACCCAG	ACCCAG|CTGGGT	1	0.88	0.00010649627263045793	9.331751519999997e-05	0.5836593433835793	1110.1200711155677	-3.045
ACCCAT	ACCCAT|ATGGGT	4	1.58	0.0004259850905218317	0.00016830679319999997	0.07613539895618393	144.80952881466183	-2.161
ACCCCA	ACCCCA|TGGGGT	3	1.09	0.0003194888178913738	0.00011598308900000003	0.09739468023451704	185.2446818060514	-2.268
ACCCCC	ACCCCC|GGGGGT	2	0.61	0.00021299254526091586	6.499257200000004e-05	0.12529799665634248	238.3167896403634	-2.377
ACCCCT	ACCCCT|AGGGGT	2	1.04	0.00021299254526091586	0.00011098338349999998	0.2797368486103052	532.0594860568004	-2.726
ACCCGC	ACCCGC|GCGGGT	2	0.94	0.00021299254526091586	9.998628179999985e-05	0.2417675250744406	459.84183269158603	-2.663
ACCCGG	ACCCGG|CCGGGT	4	1.03	0.0004259850905218317	0.00010998569919999997	0.021063302182961832	40.06240075199341	-1.603
ACCCGT	ACCCGT|ACGGGT	1	0.89	0.00010649627263045793	9.465115460000001e-05	0.5888406150359332	1119.974849798345	-3.049
ACCCTA	ACCCTA|TAGGGT	1	1.43	0.00010649627263045793	0.00015197496449999997	0.759982854031127	1445.4873883672035	-3.16
ACCCTC	ACCCTC|GAGGGT	3	1.10	0.0003194888178913738	0.00011765006399999997	0.10053894791117558	191.22507892705596	-2.282
ACCCTG	ACCCTG|CAGGGT	3	1.10	0.0003194888178913738	0.00011698272119999992	0.09927533731605548	188.82169157513752	-2.276
ACCGAA	ACCGAA|TTCGGT	1	1.46	0.00010649627263045793	0.00015530865099999992	0.7673798080462595	1459.5563949039856	-3.164
ACCGAC	ACCGAC|GTCGGT	1	0.65	0.00010649627263045793	6.932222900000005e-05	0.4784424888174296	909.9976137307511	-2.959
ACCGAT	ACCGAT|ATCGGT	2	1.02	0.00021299254526091586	0.00010898260139999997	0.27282909061201255	518.9209303440479	-2.715
ACCGCA	ACCGCA|TGCGGT	1	1.09	0.00010649627263045793	0.00011631438810000008	0.6645197206769125	1263.9165087274876	-3.102
ACCGCT	ACCGCT|AGCGGT	2	1.11	0.00021299254526091586	0.00011865057300000003	0.3061406673061056	582.2795492162129	-2.765
ACCGGA	ACCGGA|TCCGGT	2	0.94	0.00021299254526091586	9.965444390000006e-05	0.24062357739357793	457.6660442025852	-2.661
ACCGGC	ACCGGC|GCCGGT	2	0.51	0.00021299254526091586	5.399164519999999e-05	0.0923286114501351	175.60901897815697	-2.245
ACCGGG	ACCGGG|CCCGGT	5	0.52	0.0005324813631522897	5.499219730000005e-05	0.00019950395162430962	0.3794565159894369	0.421
ACCGTA	ACCGTA|TACGGT	3	1.49	0.0003194888178913738	0.00015864411970000001	0.1885641891108436	358.6490876888245	-2.555
ACCGTG	ACCGTG|CACGGT	2	0.80	0.00021299254526091586	8.498737169999998e-05	0.19050040748871708	362.3317750435399	-2.559
ACCTAA	ACCTAA|TTAGGT	4	2.30	0.0004259850905218317	0.00024529969999999995	0.2013372644186139	382.94347692420365	-2.583
ACCTAC	ACCTAC|GTAGGT	4	1.38	0.0004259850905218317	0.00014664474700000008	0.05116487955434385	97.315600912362	-1.988
ACCTAG	ACCTAG|CTAGGT	2	0.87	0.00021299254526091586	9.298456900000003e-05	0.2176999284898249	414.0652639876469	-2.617
ACCTAT	ACCTAT|ATAGGT	5	1.97	0.0005324813631522897	0.00020997098400000002	0.05012946641543762	95.34624512216236	-1.979
ACCTCA	ACCTCA|TGAGGT	4	1.77	0.0004259850905218317	0.0001879760176	0.10316595412366832	196.22164474321713	-2.293
ACCTCC	ACCTCC|GGAGGT	2	0.96	0.00021299254526091586	0.000101985584	0.24866420798281935	472.95932358332243	-2.675
ACCTCG	ACCTCG|CGAGGT	3	0.81	0.0003194888178913738	8.66561808e-05	0.04941286564969128	93.98327046571282	-1.973
ACCTCT	ACCTCT|AGAGGT	3	1.85	0.0003194888178913738	0.0001973079568	0.2835343928344081	539.2824151710442	-2.732
ACCTGA	ACCTGA|TCAGGT	5	1.22	0.0005324813631522897	0.00012964672000000008	0.008207375602561458	15.610428396071894	-1.193
ACCTGC	ACCTGC|GCAGGT	1	1.06	0.00010649627263045793	0.00011298336000000004	0.653860619214386	1243.6428977457622	-3.095
ACCTGG	ACCTGG|CCAGGT	1	0.78	0.00010649627263045793	8.26570080000001e-05	0.5398254040595414	1026.7479185212478	-3.011
ACCTTA	ACCTTA|TAAGGT	5	2.15	0.0005324813631522897	0.00022896084999999994	0.06719371240921049	127.80244100231835	-2.107
ACCTTC	ACCTTC|GAAGGT	1	1.99	0.00010649627263045793	0.00021229977499999988	0.8637814758105239	1642.9123669916164	-3.216
ACCTTG	ACCTTG|CAAGGT	4	1.61	0.0004259850905218317	0.00017164169999999993	0.08043648141657846	152.99018765433223	-2.185
ACGAAA	ACGAAA|TTTCGT	6	4.06	0.0006389776357827476	0.0004322788159999999	0.22417314081211323	426.3773138246394	-2.63
ACGAAC	ACGAAC|GTTCGT	2	1.52	0.00021299254526091586	0.00016197774399999998	0.4491687978683424	854.3190535455873	-2.932
ACGAAG	ACGAAG|CTTCGT	4	1.96	0.0004259850905218317	0.00020830294400000008	0.13501924318257252	256.80660053325295	-2.41
ACGAAT	ACGAAT|ATTCGT	1	2.18	0.00010649627263045793	0.000232640496	0.8874653671817975	1687.9591283797788	-3.227
ACGACA	ACGACA|TGTCGT	6	1.64	0.0006389776357827476	0.0001743057960000001	0.006713969402110633	12.769969802814424	-1.106
ACGACC	ACGACC|GGTCGT	1	0.62	0.00010649627263045793	6.598835600000003e-05	0.4618568428395057	878.4517150807397	-2.944
ACGACG	ACGACG|CGTCGT	3	0.83	0.0003194888178913738	8.79859400000001e-05	0.05126161380716443	97.49958946122675	-1.989
ACGACT	ACGACT|AGTCGT	2	1.05	0.00021299254526091586	0.00011131551200000007	0.2808830850987343	534.2396278577926	-2.728
ACGAGA	ACGAGA|TCTCGT	4	1.50	0.0004259850905218317	0.00015997802399999992	0.06591808228626897	125.37619250848358	-2.098
ACGAGC	ACGAGC|GCTCGT	4	0.90	0.0004259850905218317	9.598498000000009e-05	0.013522984324476163	25.720716185153663	-1.41
ACGAGG	ACGAGG|CCTCGT	3	0.97	0.0003194888178913738	0.000103317994	0.07489461646276131	142.449560512172	-2.154
ACGAGT	ACGAGT|ACTCGT	3	0.93	0.0003194888178913738	9.931900199999991e-05	0.06833180337669054	129.9670900224654	-2.114
ACGATA	ACGATA|TATCGT	4	2.39	0.0004259850905218317	0.0002546269273	0.2193870050161976	417.27408354080785	-2.62
ACGATC	ACGATC|GATCGT	1	1.00	0.00010649627263045793	0.00010665380929999994	0.6326643492964745	1203.3275923618946	-3.08
ACGATG	ACGATG|CATCGT	3	1.29	0.0003194888178913738	0.0001373156155999999	0.14045199253649013	267.1396898044042	-2.427
ACGCAA	ACGCAA|TTGCGT	3	2.41	0.0003194888178913738	0.00025662894719999987	0.4328354390740867	823.2530051189129	-2.916
ACGCAC	ACGCAC|GTGCGT	2	1.12	0.00021299254526091586	0.00011965205999999992	0.30957760782479504	588.8166100827601	-2.77
ACGCAG	ACGCAG|CTGCGT	3	1.07	0.0003194888178913738	0.00011398259600000001	0.09367538498552595	178.17058224247037	-2.251
ACGCAT	ACGCAT|ATGCGT	1	1.59	0.00010649627263045793	0.00016897639680000002	0.7953979418133676	1512.8468853290253	-3.18
ACGCCA	ACGCCA|TGGCGT	6	1.20	0.0006389776357827476	0.0001279818972000001	0.0015111852472199196	2.874274340212287	-0.459
ACGCCG	ACGCCG|CGGCGT	1	0.62	0.00010649627263045793	6.599077499999996e-05	0.4618690663049908	878.4749641120925	-2.944
ACGCCT	ACGCCT|AGGCGT	2	0.94	0.00021299254526091586	0.0001003199628	0.24291806051423367	462.03015109807245	-2.665
ACGCGA	ACGCGA|TCGCGT	2	1.02	0.00021299254526091586	0.00010831742850000002	0.27053179254662735	514.5514694236853	-2.711
ACGCGC	ACGCGC|GCGCGT	3	0.84	0.0003194888178913738	8.898757259999996e-05	0.05267603610374352	100.18982066932018	-2.001
ACGCTA	ACGCTA|TAGCGT	1	1.30	0.00010649627263045793	0.0001383133994	0.7271308275255752	1383.002833953644	-3.141
ACGCTC	ACGCTC|GAGCGT	1	0.86	0.00010649627263045793	9.132062720000008e-05	0.5757789814537408	1095.1316227250152	-3.039
ACGCTG	ACGCTG|CAGCGT	1	1.01	0.00010649627263045793	0.0001073153763	0.6349392071287936	1207.6543719589654	-3.082
ACGGAA	ACGGAA|TTCCGT	5	2.32	0.0005324813631522897	0.0002469632896000002	0.0859856857085758	163.54477421771116	-2.214
ACGGAC	ACGGAC|GTCCGT	3	0.67	0.0003194888178913738	7.1324448e-05	0.030563436623498825	58.13165645789476	-1.764
ACGGAT	ACGGAT|ATCCGT	5	1.25	0.0005324813631522897	0.00013331366400000006	0.009177291585246914	17.45520859513963	-1.242
ACGGCA	ACGGCA|TGCCGT	3	1.30	0.0003194888178913738	0.00013797964440000015	0.1418820715718387	269.85970012963725	-2.431
ACGGCC	ACGGCC|GGCCGT	2	0.55	0.00021299254526091586	5.899063300000005e-05	0.10697433471923183	203.46518463597894	-2.308
ACGGCT	ACGGCT|AGCCGT	2	1.05	0.00021299254526091586	0.00011131641300000007	0.28088619440944396	534.2455417667624	-2.728
ACGGGA	ACGGGA|TCCCGT	2	0.94	0.00021299254526091586	0.00010031790990000005	0.24291098140279366	462.0166866281135	-2.665
ACGGGC	ACGGGC|GCCCGT	2	0.63	0.00021299254526091586	6.698996820000004e-05	0.13155193577851876	250.21178185074268	-2.398
ACGGGG	ACGGGG|CCCCGT	1	0.47	0.00010649627263045793	5.032748879999999e-05	0.37660511696034377	716.3029324585739	-2.855
ACGGTA	ACGGTA|TACCGT	1	1.39	0.00010649627263045793	0.00014798168600000002	0.7508120957426505	1428.0446061025214	-3.155
ACGGTC	ACGGTC|GACCGT	2	0.62	0.00021299254526091586	6.565858679999995e-05	0.12737528783612878	242.26779746431694	-2.384
ACGGTG	ACGGTG|CACCGT	2	1.40	0.00021299254526091586	0.00014898114879999995	0.40779885946648636	775.6334307052571	-2.89
ACGTAA	ACGTAA|TTACGT	6	2.56	0.0006389776357827476	0.0002729568588000001	0.04636719801238411	88.19041061955458	-1.945
ACGTAC	ACGTAC|GTACGT	3	1.56	0.0003194888178913738	0.00016597862030000003	0.20598465757035997	391.78281869882466	-2.593
ACGTAG	ACGTAG|CTACGT	3	1.30	0.0003194888178913738	0.0001386431044000001	0.14331577532845055	272.58660467471293	-2.436
ACGTAT	ACGTAT|ATACGT	11	2.71	0.0011714589989350373	0.0002882914165000002	0.00012276930150486462	0.2335072114622525	0.632
ACGTCA	ACGTCA|TGACGT	3	1.41	0.0003194888178913738	0.0001503127866	0.16927292423772164	321.95710190014654	-2.508
ACGTCC	ACGTCC|GGACGT	2	0.58	0.00021299254526091586	6.199285060000009e-05	0.11604723917056642	220.72184890241732	-2.344
ACGTCT	ACGTCT|AGACGT	1	1.15	0.00010649627263045793	0.00012231734420000011	0.6829069014796083	1298.888926614215	-3.114
ACGTGA	ACGTGA|TCACGT	22	1.66	0.0023429179978700747	0.00017663793929999992	1.2467744113959284e-17	2.3713649304750558e-14	13.625
ACGTGC	ACGTGC|GCACGT	9	1.01	0.0009584664536741214	0.0001073171105999999	1.1974532651066878e-06	0.00227755611023292	2.643
ACGTGG	ACGTGG|CCACGT	2	0.90	0.00021299254526091586	9.531937439999998e-05	0.22570649291065992	429.29374951607514	-2.633
ACGTTA	ACGTTA|TAACGT	2	2.11	0.00021299254526091586	0.00022430330399999987	0.621978923510647	1183.0039125172505	-3.073
ACGTTC	ACGTTC|GAACGT	4	1.37	0.0004259850905218317	0.00014598280120000007	0.050484865637543334	96.02221444260742	-1.982
ACGTTG	ACGTTG|CAACGT	1	1.41	0.00010649627263045793	0.00014998279240000006	0.7554507161976749	1436.8672622079775	-3.157
ACTAAA	ACTAAA|TTTAGT	10	4.78	0.0010649627263045794	0.0005092736699999998	0.024595752588371638	46.78112142308286	-1.67
ACTAAC	ACTAAC|GTTAGT	10	2.21	0.0010649627263045794	0.00023530999499999988	0.00010446519275018917	0.19869279661085978	0.702
ACTAAG	ACTAAG|CTTAGT	9	2.18	0.0009584664536741214	0.00023263683000000009	0.0004465603236585173	0.8493577355984999	0.071
ACTAAT	ACTAAT|ATTAGT	8	4.25	0.0008519701810436634	0.0004522795049999998	0.0672110019554363	127.83532571923985	-2.107
ACTACA	ACTACA|TGTAGT	4	2.78	0.0004259850905218317	0.000295956156	0.303400330194159	577.0674280292905	-2.761
ACTACC	ACTACC|GGTAGT	3	1.76	0.0003194888178913738	0.00018763571399999998	0.2591992639592759	492.99700005054274	-2.693
ACTACG	ACTACG|CGTAGT	4	1.20	0.0004259850905218317	0.00012798002399999996	0.03391944084578079	64.51477648867505	-1.81
ACTACT	ACTACT|AGTAGT	5	3.09	0.0005324813631522897	0.000328618704	0.19934192667367492	379.1483445333297	-2.579
ACTAGA	ACTAGA|TCTAGT	2	2.08	0.00021299254526091586	0.00022130328639999994	0.6147048149248133	1169.168557986995	-3.068
ACTAGC	ACTAGC|GCTAGT	4	1.37	0.0004259850905218317	0.00014598207680000016	0.050484124205513715	96.02080423888708	-1.982
ACTAGG	ACTAGG|CCTAGT	2	1.04	0.00021299254526091586	0.00011098227560000009	0.2797330247962434	532.0522131624549	-2.726
ACTAGT	ACTAGT|ACTAGT	5	2.90	0.0005324813631522897	0.0003089523612000002	0.1683952744976175	320.28781209446845	-2.506
ACTATA	ACTATA|TATAGT	5	4.05	0.0005324813631522897	0.00043159492800000024	0.381453098267782	725.5237929053213	-2.861
ACTATC	ACTATC|GATAGT	9	2.86	0.0009584664536741214	0.00030495006300000025	0.0028164146737258383	5.356820709426544	-0.729
ACTATG	ACTATG|CATAGT	4	1.72	0.0004259850905218317	0.00018330217200000009	0.09638740712780701	183.32884835708893	-2.263
ACTCAA	ACTCAA|TTGAGT	7	2.63	0.0007454739084132055	0.0002802936710000002	0.01820991150614023	34.635251684678714	-1.54
ACTCAC	ACTCAC|GTGAGT	3	1.41	0.0003194888178913738	0.00015030758260000003	0.1692610580239774	321.934532361605	-2.508
ACTCAG	ACTCAG|CTGAGT	8	1.17	0.0008519701810436634	0.00012498287480000003	3.16724463928206e-05	0.060240993039144784	1.22
ACTCAT	ACTCAT|ATGAGT	7	2.41	0.0007454739084132055	0.0002566258716	0.011829757336258814	22.500198453564263	-1.352
ACTCCA	ACTCCA|TGGAGT	3	1.48	0.0003194888178913738	0.00015797699190000006	0.18699887833356774	355.67186659044586	-2.551
ACTCCC	ACTCCC|GGGAGT	2	0.84	0.00021299254526091586	8.931800809999993e-05	0.2051798521895685	390.2520788645593	-2.591
ACTCCG	ACTCCG|CGGAGT	2	0.84	0.00021299254526091586	8.998570460000009e-05	0.20745424809134455	394.57797986973736	-2.596
ACTCCT	ACTCCT|AGGAGT	3	1.48	0.0003194888178913738	0.00015730929540000004	0.1854356486870802	352.69860380282654	-2.547
ACTCGA	ACTCGA|TCGAGT	1	1.02	0.00010649627263045793	0.00010865140740000001	0.6394904081314026	1216.3107562659277	-3.085
ACTCGC	ACTCGC|GCGAGT	2	0.79	0.00021299254526091586	8.398921259999994e-05	0.18713699846277945	355.9345710762065	-2.551
ACTCGG	ACTCGG|CCGAGT	2	0.49	0.00021299254526091586	5.199199020000007e-05	0.08664827782944728	164.80502443160873	-2.217
ACTCTA	ACTCTA|TAGAGT	6	1.91	0.0006389776357827476	0.00020364007509999984	0.013598835972153287	25.864986019035552	-1.413
ACTCTC	ACTCTC|GAGAGT	3	1.56	0.0003194888178913738	0.00016631225240000002	0.2067857193994144	393.30643829768616	-2.595
ACTCTG	ACTCTG|CAGAGT	4	1.28	0.0004259850905218317	0.00013598177669999997	0.04082207314674262	77.64358312510446	-1.89
ACTGAA	ACTGAA|TTCAGT	7	3.45	0.0007454739084132055	0.0003669500717999998	0.06117991297273007	116.3641944741326	-2.066
ACTGAC	ACTGAC|GTCAGT	1	1.34	0.00010649627263045793	0.00014264472559999996	0.7380060778481976	1403.6875600672718	-3.147
ACTGAG	ACTGAG|CTCAGT	3	1.34	0.0003194888178913738	0.00014264472559999996	0.15206304843489865	289.2239181231772	-2.461
ACTGAT	ACTGAT|ATCAGT	2	2.27	0.00021299254526091586	0.00024130047699999997	0.6611857335853202	1257.575265279279	-3.1
ACTGCA	ACTGCA|TGCAGT	6	2.16	0.0006389776357827476	0.00023029659419999986	0.023166910689683243	44.06346413177753	-1.644
ACTGCC	ACTGCC|GGCAGT	3	1.26	0.0003194888178913738	0.0001339779837999999	0.13333924961374918	253.61125276535094	-2.404
ACTGCG	ACTGCG|CGCAGT	4	1.07	0.0004259850905218317	0.00011431747029999995	0.023825515489944483	45.31613046187441	-1.656
ACTGCT	ACTGCT|AGCAGT	2	2.23	0.00021299254526091586	0.00023763078939999992	0.6530075102654977	1242.0202845249767	-3.094
ACTGGA	ACTGGA|TCCAGT	2	1.57	0.00021299254526091586	0.00016764292709999992	0.46668394969852706	887.6328723265984	-2.948
ACTGGC	ACTGGC|GCCAGT	2	1.04	0.00021299254526091586	0.00011065180109999998	0.2785923526311769	529.8826547044985	-2.724
ACTGGG	ACTGGG|CCCAGT	2	0.77	0.00021299254526091586	8.231994689999989e-05	0.18153130410478732	345.2725404073055	-2.538
ACTGTA	ACTGTA|TACAGT	7	2.71	0.0007454739084132055	0.00028862756159999997	0.020941081172581536	39.82993639025008	-1.6
ACTGTC	ACTGTC|GACAGT	2	1.45	0.00021299254526091586	0.0001543083528	0.4249474511823864	808.2500521488989	-2.908
ACTGTG	ACTGTG|CACAGT	16	1.73	0.0017039403620873268	0.00018464481839999993	6.26401074408316e-11	1.1914148435246172e-07	6.924
ACTTAA	ACTTAA|TTAAGT	7	3.39	0.0007454739084132055	0.0003609432250000001	0.057087124938799506	108.57971163359666	-2.036
ACTTAC	ACTTAC|GTAAGT	4	2.32	0.0004259850905218317	0.00024662852500000005	0.20388142762822994	387.78247534889334	-2.589
ACTTAG	ACTTAG|CTAAGT	4	1.54	0.0004259850905218317	0.00016430712500000008	0.07113444749151486	135.29771912886127	-2.131
ACTTAT	ACTTAT|ATAAGT	7	3.62	0.0007454739084132055	0.0003856095500000001	0.07500974435047916	142.66853375461136	-2.154
ACTTCA	ACTTCA|TGAAGT	11	3.32	0.0011714589989350373	0.000353286255	0.0006653461448528175	1.2654883675100588	-0.102
ACTTCC	ACTTCC|GGAAGT	2	2.19	0.00021299254526091586	0.00023363515499999992	0.6439243235558119	1224.744063403154	-3.088
ACTTCG	ACTTCG|CGAAGT	3	1.58	0.0003194888178913738	0.000168640095	0.2123942364589562	403.97383774493466	-2.606
ACTTCT	ACTTCT|AGAAGT	8	4.30	0.0008519701810436634	0.00045793849500000016	0.07103481232103435	135.10821303460733	-2.131
ACTTGA	ACTTGA|TCAAGT	7	2.76	0.0007454739084132055	0.0002936264850999997	0.02270915271682749	43.19280846740588	-1.635
ACTTGC	ACTTGC|GCAAGT	2	1.93	0.00021299254526091586	0.00020530064029999985	0.5740915842826261	1091.9221933055549	-3.038
ACTTGG	ACTTGG|CCAAGT	3	1.41	0.0003194888178913738	0.00015030824919999992	0.1692625779985755	321.93742335329057	-2.508
ACTTTA	ACTTTA|TAAAGT	6	4.31	0.0006389776357827476	0.0004589315699999999	0.26489577719849905	503.8317682315452	-2.702
ACTTTC	ACTTTC|GAAAGT	6	3.95	0.0006389776357827476	0.00042059543	0.20701065129916316	393.73425877100834	-2.595
ACTTTG	ACTTTG|CAAAGT	7	3.04	0.0007454739084132055	0.0003232856000000002	0.03533788203267347	67.21265162614493	-1.827
AGAAAA	AGAAAA|TTTTCT	35	15.88	0.003727369542066028	0.0016907450939999985	2.3064029997040494e-05	0.04386778505437102	1.358
AGAAAC	AGAAAC|GTTTCT	9	4.76	0.0009584664536741214	0.0005069314019999998	0.05355162143987643	101.85518397864496	-2.008
AGAAAG	AGAAAG|CTTTCT	12	6.57	0.0012779552715654952	0.0006992170019999995	0.036092760247616734	68.64842999096703	-1.837
AGAAAT	AGAAAT|ATTTCT	15	7.52	0.001597444089456869	0.0008008695239999999	0.010490375246386165	19.952693718626485	-1.3
AGAACA	AGAACA|TGTTCT	9	4.45	0.0009584664536741214	0.0004742873440000002	0.03814439594302478	72.55064108363314	-1.861
AGAACC	AGAACC|GGTTCT	4	1.82	0.0004259850905218317	0.00019365202400000014	0.11168156491248374	212.41833646354408	-2.327
AGAACG	AGAACG|CGTTCT	4	2.02	0.0004259850905218317	0.00021464071600000003	0.14567994545462518	277.08325625469706	-2.443
AGAACT	AGAACT|AGTTCT	8	3.37	0.0008519701810436634	0.000358632328	0.02196488799605097	41.77721696848894	-1.621
AGAAGA	AGAAGA|TCTTCT	10	6.22	0.0010649627263045794	0.0006622496159999996	0.09978758853472382	189.7959933930447	-2.278
AGAAGC	AGAAGC|GCTTCT	5	3.05	0.0005324813631522897	0.0003242869630000001	0.19236332944959994	365.8750526131391	-2.563
AGAAGG	AGAAGG|CCTTCT	4	3.20	0.0004259850905218317	0.000340957456	0.39783433130987605	756.6808981513842	-2.879
AGAATA	AGAATA|TATTCT	7	6.38	0.0007454739084132055	0.0006798881879999999	0.45515634300134417	865.7073643885566	-2.937
AGAATC	AGAATC|GATTCT	2	2.37	0.00021299254526091586	0.00025228413899999996	0.6847368261392536	1302.3694433168603	-3.115
AGAATG	AGAATG|CATTCT	6	2.71	0.0006389776357827476	0.0002882826989999999	0.0572938090636358	108.97282483903528	-2.037
AGACAA	AGACAA|TTGTCT	7	3.45	0.0007454739084132055	0.0003672780699000002	0.06140842219997173	116.79881902434623	-2.067
AGACAC	AGACAC|GTGTCT	1	1.42	0.00010649627263045793	0.0001516480904999999	0.7592450264126084	1444.0840402367812	-3.16
AGACAG	AGACAG|CTGTCT	2	1.74	0.00021299254526091586	0.0001853096166	0.5190916017927039	987.3122266097228	-2.994
AGACAT	AGACAT|ATGTCT	3	2.08	0.0003194888178913738	0.0002213034783000001	0.34443611192573464	655.1174848827472	-2.816
AGACCA	AGACCA|TGGTCT	3	1.30	0.0003194888178913738	0.00013797942480000004	0.1418815978270437	269.8587990670371	-2.431
AGACCC	AGACCC|GGGTCT	1	0.79	0.00010649627263045793	8.432075959999993e-05	0.5469586750678188	1040.3153999789913	-3.017
AGACCG	AGACCG|CGGTCT	2	0.58	0.00021299254526091586	6.165924899999994e-05	0.11502958038450051	218.78626189131995	-2.34
AGACCT	AGACCT|AGGTCT	2	1.17	0.00021299254526091586	0.00012465056659999999	0.3266739740752988	621.3338986912183	-2.793
AGACGA	AGACGA|TCGTCT	2	1.51	0.00021299254526091586	0.00016064540280000004	0.4450022286297035	846.394238853696	-2.928
AGACGC	AGACGC|GCGTCT	3	0.98	0.0003194888178913738	0.00010398687840000003	0.07601864909175964	144.58747057252683	-2.16
AGACGG	AGACGG|CCGTCT	1	0.92	0.00010649627263045793	9.79861464000001e-05	0.6015167900230197	1144.0849346237835	-3.058
AGACTA	AGACTA|TAGTCT	4	1.74	0.0004259850905218317	0.00018497138579999994	0.09878363563030179	187.886474968834	-2.274
AGACTC	AGACTC|GAGTCT	2	0.95	0.00021299254526091586	0.00010065318839999999	0.24406724725169787	464.21590427272935	-2.667
AGACTG	AGACTG|CAGTCT	3	1.27	0.0003194888178913738	0.00013531177799999997	0.13616639077065165	258.98847524577945	-2.413
AGAGAA	AGAGAA|TTCTCT	13	5.61	0.0013844515441959531	0.0005969329900000003	0.005182640271182494	9.857381795789102	-0.994
AGAGAC	AGAGAC|GTCTCT	4	1.71	0.0004259850905218317	0.0001816429399999999	0.0940330019225427	178.85076965667622	-2.252
AGAGAG	AGAGAG|CTCTCT	9	2.70	0.0009584664536741214	0.0002876334400000001	0.0019177642926780265	3.6475876846736064	-0.562
AGAGAT	AGAGAT|ATCTCT	5	2.91	0.0005324813631522897	0.0003102906299999999	0.1704386081314827	324.1742326660801	-2.511
AGAGCA	AGAGCA|TGCTCT	5	2.47	0.0005324813631522897	0.00026296382540000004	0.10474922058154842	199.23301754610512	-2.299
AGAGCC	AGAGCC|GGCTCT	3	1.09	0.0003194888178913738	0.00011631755960000001	0.09802230700580351	186.43842792503827	-2.271
AGAGCG	AGAGCG|CGCTCT	2	1.09	0.00021299254526091586	0.00011631755960000001	0.2981217202503885	567.027511916239	-2.754
AGAGCT	AGAGCT|AGCTCT	4	1.83	0.0004259850905218317	0.00019463795769999995	0.11319167456505476	215.29056502273414	-2.333
AGAGGA	AGAGGA|TCCTCT	7	2.79	0.0007454739084132055	0.0002966254470000003	0.023817866058237137	45.301581242767035	-1.656
AGAGGC	AGAGGC|GCCTCT	4	1.47	0.0004259850905218317	0.00015663982950000008	0.06203706593819751	117.99449941445167	-2.072
AGAGGG	AGAGGG|CCCTCT	3	1.40	0.0003194888178913738	0.0001493100765	0.16699102768744908	317.61693466152815	-2.502
AGAGTA	AGAGTA|TACTCT	7	2.69	0.0007454739084132055	0.00028696118000000006	0.020373582113745545	38.75055318034403	-1.588
AGAGTC	AGAGTC|GACTCT	3	1.15	0.0003194888178913738	0.00012265196350000001	0.11021145097493075	209.6221797543183	-2.321
AGAGTG	AGAGTG|CACTCT	3	1.64	0.0003194888178913738	0.00017464510250000012	0.227006809618596	431.7669518945696	-2.635
AGATAA	AGATAA|TTATCT	8	5.00	0.0008519701810436634	0.0005322438960000002	0.13313888506980331	253.2301594027659	-2.404
AGATAC	AGATAC|GTATCT	2	2.35	0.00021299254526091586	0.0002499563919999999	0.6798606962317094	1293.0950442327114	-3.112
AGATAG	AGATAG|CTATCT	9	2.57	0.0009584664536741214	0.000273954582	0.001383903451160295	2.632184364106881	-0.42
AGATAT	AGATAT|ATATCT	16	4.76	0.0017039403620873268	0.0005072451300000002	3.948188264838489e-05	0.07509454079722806	1.124
AGATCA	AGATCA|TGATCT	4	2.55	0.0004259850905218317	0.0002712898888	0.2526051969810234	480.4550846579065	-2.682
AGATCG	AGATCG|CGATCT	1	1.09	0.00010649627263045793	0.0001156506918	0.6624224428147816	1259.9274862337145	-3.1
AGATCT	AGATCT|AGATCT	1	2.21	0.00010649627263045793	0.00023563111179999996	0.8905815919898441	1693.8861879646836	-3.229
AGATGA	AGATGA|TCATCT	9	3.90	0.0009584664536741214	0.0004156023260999998	0.01860017412999824	35.37753119525665	-1.549
AGATGC	AGATGC|GCATCT	10	1.49	0.0010649627263045794	0.00015897968709999985	3.930777109935392e-06	0.007476338063097115	2.126
AGATGG	AGATGG|CCATCT	5	1.52	0.0005324813631522897	0.0001623107083	0.019733008513684838	37.53218219302856	-1.574
AGATTA	AGATTA|TAATCT	5	3.31	0.0005324813631522897	0.00035293989500000003	0.2399842217480964	456.4499897648793	-2.659
AGATTC	AGATTC|GAATCT	1	2.42	0.00010649627263045793	0.00025762814000000007	0.9110008299522805	1732.7235785692376	-3.239
AGATTG	AGATTG|CAATCT	1	2.23	0.00010649627263045793	0.00023728697299999995	0.8922697300707235	1697.0970265945161	-3.23
AGCAAA	AGCAAA|TTTGCT	11	5.14	0.0011714589989350373	0.0005472726350000001	0.016393471207001332	31.180382235716536	-1.494
AGCAAC	AGCAAC|GTTGCT	6	2.59	0.0006389776357827476	0.00027563290999999993	0.048173603862905555	91.62619454724637	-1.962
AGCAAG	AGCAAG|CTTGCT	7	2.78	0.0007454739084132055	0.0002963061150000001	0.023698075745680034	45.07374006828343	-1.654
AGCAAT	AGCAAT|ATTGCT	7	3.33	0.0007454739084132055	0.00035428833999999985	0.052755934887234165	100.34178815551938	-2.001
AGCACA	AGCACA|TGTGCT	2	2.34	0.00021299254526091586	0.000249633286	0.6791790013259693	1291.7984605219935	-3.111
AGCACC	AGCACC|GGTGCT	1	1.19	0.00010649627263045793	0.00012698068599999998	0.6964924042278766	1324.7285528414213	-3.122
AGCACG	AGCACG|CGTGCT	3	1.12	0.0003194888178913738	0.000118980071	0.10307644894849738	196.05140590004203	-2.292
AGCACT	AGCACT|AGTGCT	4	1.97	0.0004259850905218317	0.00020930595700000015	0.1366846729555975	259.97424796154644	-2.415
AGCAGA	AGCAGA|TCTGCT	2	2.46	0.00021299254526091586	0.0002616255207999999	0.7036931725319633	1338.4244141557942	-3.127
AGCAGG	AGCAGG|CCTGCT	3	1.37	0.0003194888178913738	0.00014631549640000001	0.1602312815616471	304.7598975302528	-2.484
AGCATA	AGCATA|TATGCT	7	3.20	0.0007454739084132055	0.0003412825649999998	0.044901935225974	85.40348079980255	-1.931
AGCATC	AGCATC|GATGCT	4	2.03	0.0004259850905218317	0.00021596893499999993	0.14795463530579053	281.4097163516136	-2.449
AGCATG	AGCATG|CATGCT	4	1.39	0.0004259850905218317	0.00014831462999999995	0.05290254836251685	100.62064698550705	-2.003
AGCCAA	AGCCAA|TTGGCT	7	2.18	0.0007454739084132055	0.0002319637151999998	0.007087059283688501	13.479586757575529	-1.13
AGCCAC	AGCCAC|GTGGCT	10	1.24	0.0010649627263045794	0.00013197935519999987	7.675179182015593e-07	0.0014598190804193658	2.836
AGCCAT	AGCCAT|ATGGCT	4	1.82	0.0004259850905218317	0.00019396965839999994	0.11216708508551645	213.3417958326523	-2.329
AGCCCA	AGCCCA|TGGGCT	2	1.24	0.00021299254526091586	0.00013197934220000003	0.3515231332624197	668.5969994651223	-2.825
AGCCCC	AGCCCC|GGGGCT	1	0.51	0.00010649627263045793	5.465993090000001e-05	0.40145690475291296	763.5710328400404	-2.883
AGCCCT	AGCCCT|AGGGCT	1	1.18	0.00010649627263045793	0.00012531457290000002	0.6917067502905497	1315.6262390526256	-3.119
AGCCGA	AGCCGA|TCGGCT	2	0.82	0.00021299254526091586	8.732185439999998e-05	0.19839713035902964	377.3513419428744	-2.577
AGCCGG	AGCCGG|CCGGCT	1	0.64	0.00010649627263045793	6.865673109999997e-05	0.4751730580060087	903.7791563274285	-2.956
AGCCTA	AGCCTA|TAGGCT	1	1.11	0.00010649627263045793	0.00011831792279999996	0.6707721764575483	1275.808679622257	-3.106
AGCCTC	AGCCTC|GAGGCT	4	1.13	0.0004259850905218317	0.00012064664059999999	0.028238263621631607	53.709177408343315	-1.73
AGCGAA	AGCGAA|TTCGCT	5	1.95	0.0005324813631522897	0.0002073037595999999	0.047962177946913064	91.22406245502864	-1.96
AGCGAC	AGCGAC|GTCGCT	4	0.91	0.0004259850905218317	9.732087839999994e-05	0.01415362400677267	26.920192860881617	-1.43
AGCGAG	AGCGAG|CTCGCT	2	0.98	0.00021299254526091586	0.00010431830099999995	0.256718088546018	488.27780441452626	-2.689
AGCGAT	AGCGAT|ATCGCT	4	1.65	0.0004259850905218317	0.00017564290679999994	0.08575193391532168	163.10017830694184	-2.212
AGCGCA	AGCGCA|TGCGCT	2	1.44	0.00021299254526091586	0.00015364624740000002	0.42283010710282765	804.2228637095782	-2.905
AGCGCC	AGCGCC|GGCGCT	2	0.95	0.00021299254526091586	0.00010165067639999998	0.24750845716282935	470.7610855237014	-2.673
AGCGCG	AGCGCG|CGCGCT	1	0.80	0.00010649627263045793	8.49881571e-05	0.5497889450499759	1045.698573485054	-3.019
AGCGCT	AGCGCT|AGCGCT	1	0.97	0.00010649627263045793	0.00010298491909999998	0.6197887996833651	1178.8382969977604	-3.071
AGCGGA	AGCGGA|TCCGCT	5	1.17	0.0005324813631522897	0.00012464598400000002	0.007002426608291455	13.318615408970349	-1.124
AGCGGG	AGCGGG|CCCGCT	4	0.82	0.0004259850905218317	8.698612799999996e-05	0.009738971826876509	18.52352441471912	-1.268
AGCGTA	AGCGTA|TACGCT	2	1.51	0.00021299254526091586	0.00016131270360000003	0.4470912618006035	850.3675799447478	-2.93
AGCGTC	AGCGTC|GACGCT	1	0.81	0.00010649627263045793	8.598930240000003e-05	0.5540014372656558	1053.7107336792772	-3.023
AGCGTG	AGCGTG|CACGCT	3	0.97	0.0003194888178913738	0.00010365373140000006	0.07545787841879649	143.52088475255093	-2.157
AGCTAA	AGCTAA|TTAGCT	4	2.33	0.0004259850905218317	0.00024829383919999987	0.20708307529286363	393.8720092070266	-2.595
AGCTAC	AGCTAC|GTAGCT	1	1.49	0.00010649627263045793	0.00015831216480000006	0.7738487436006718	1471.8603103284777	-3.168
AGCTAG	AGCTAG|CTAGCT	5	1.43	0.0005324813631522897	0.00015264084719999996	0.015608591388399604	29.687540820736046	-1.473
AGCTAT	AGCTAT|ATAGCT	5	2.33	0.0005324813631522897	0.0002486331488000001	0.08785490791599657	167.10003485622548	-2.223
AGCTCA	AGCTCA|TGAGCT	5	1.81	0.0005324813631522897	0.00019297343	0.03728215420855642	70.91065730467432	-1.851
AGCTCG	AGCTCG|CGAGCT	2	0.77	0.00021299254526091586	8.232238200000005e-05	0.1815394633823706	345.28805935326886	-2.538
AGCTGA	AGCTGA|TCAGCT	2	2.18	0.00021299254526091586	0.0002322985059999999	0.6408439861063686	1218.885261574313	-3.086
AGCTGC	AGCTGC|GCAGCT	4	1.44	0.0004259850905218317	0.00015297909000000005	0.05792415416432814	110.17174122055212	-2.042
AGCTGG	AGCTGG|CCAGCT	3	1.04	0.0003194888178913738	0.00011031653599999995	0.08701665421743021	165.50567632155227	-2.219
AGCTTA	AGCTTA|TAAGCT	4	2.35	0.0004259850905218317	0.0002499725760000001	0.2103250900474308	400.0383212702134	-2.602
AGCTTC	AGCTTC|GAAGCT	7	2.64	0.0007454739084132055	0.0002806280960000001	0.018314415469812242	34.83401822358288	-1.542
AGCTTG	AGCTTG|CAAGCT	3	1.63	0.0003194888178913738	0.00017331115200000006	0.2237438880913697	425.56087514978515	-2.629
AGGAAA	AGGAAA|TTTCCT	15	7.14	0.001597444089456869	0.0007605582500000002	0.006795627002274829	12.925282558326725	-1.111
AGGAAC	AGGAAC|GTTCCT	2	2.19	0.00021299254526091586	0.0002336330340000001	0.6439194522841312	1224.7347982444176	-3.088
AGGAAG	AGGAAG|CTTCCT	4	3.66	0.0004259850905218317	0.00039027752400000004	0.4984558665300985	948.0630581402473	-2.977
AGGAAT	AGGAAT|ATTCCT	3	3.37	0.0003194888178913738	0.000358948626	0.6545404668652333	1244.9359679776737	-3.095
AGGACA	AGGACA|TGTCCT	3	1.87	0.0003194888178913738	0.00019897131329999997	0.28774043759995976	547.2823123151235	-2.738
AGGACC	AGGACC|GGTCCT	2	0.80	0.00021299254526091586	8.498837200000002e-05	0.19050378219302502	362.3381937311336	-2.559
AGGACG	AGGACG|CGTCCT	2	0.80	0.00021299254526091586	8.565514260000004e-05	0.192755023671131	366.62005502249116	-2.564
AGGAGA	AGGAGA|TCTCCT	8	2.82	0.0008519701810436634	0.0003006210172	0.008508842083878532	16.18381764353697	-1.209
AGGAGC	AGGAGC|GCTCCT	2	1.12	0.00021299254526091586	0.00011964839600000001	0.30956503990105433	588.7927058918053	-2.77
AGGAGG	AGGAGG|CCTCCT	1	1.34	0.00010649627263045793	0.00014231154280000004	0.7371851236589025	1402.1261051992326	-3.147
AGGATA	AGGATA|TATCCT	3	2.99	0.0003194888178913738	0.00031828596799999984	0.57427466278457	1092.270408616252	-3.038
AGGATC	AGGATC|GATCCT	1	1.44	0.00010649627263045793	0.00015330733600000003	0.7629669947867587	1451.1632240844149	-3.162
AGGATG	AGGATG|CATCCT	3	1.40	0.0003194888178913738	0.00014931403200000004	0.1670000114774882	317.6340218301825	-2.502
AGGCAA	AGGCAA|TTGCCT	6	2.66	0.0006389776357827476	0.0002836244309999999	0.05382332353520622	102.37196136396223	-2.01
AGGCCA	AGGCCA|TGGCCT	3	1.22	0.0003194888178913738	0.00012998018209999998	0.12499166904601354	237.73415452551777	-2.376
AGGCCC	AGGCCC|GGGCCT	1	0.63	0.00010649627263045793	6.699163549999995e-05	0.4669027732811166	888.0490747806838	-2.948
AGGCCG	AGGCCG|CGGCCT	1	0.70	0.00010649627263045793	7.432236360000001e-05	0.5023642992268327	955.4968971294358	-2.98
AGGCCT	AGGCCT|AGGCCT	2	1.04	0.00021299254526091586	0.00011031581879999992	0.2774325334180712	527.6766785611715	-2.722
AGGCGC	AGGCGC|GCGCCT	4	0.91	0.0004259850905218317	9.665379920000001e-05	0.013836435088790306	26.316899538879163	-1.42
AGGCTC	AGGCTC|GAGCCT	2	0.95	0.00021299254526091586	0.00010065057089999998	0.24405821951540765	464.19873351830535	-2.667
AGGCTG	AGGCTG|CAGCCT	2	1.12	0.00021299254526091586	0.00011898413009999996	0.3072857608044517	584.4575170500672	-2.767
AGGGAA	AGGGAA|TTCCCT	4	3.39	0.0004259850905218317	0.0003609451124999999	0.43929672130139175	835.542363915247	-2.922
AGGGAC	AGGGAC|GTCCCT	4	1.03	0.0004259850905218317	0.00010965152519999998	0.02085881376749576	39.67346378577693	-1.599
AGGGAG	AGGGAG|CTCCCT	1	1.19	0.00010649627263045793	0.00012698446949999998	0.6965031867704223	1324.7490612373433	-3.122
AGGGAT	AGGGAT|ATCCCT	4	1.51	0.0004259850905218317	0.0001603088928000001	0.0663094864389266	126.1206432068384	-2.101
AGGGCA	AGGGCA|TGCCCT	1	1.54	0.00010649627263045793	0.00016364236199999997	0.7848891450211418	1492.8591538302117	-3.174
AGGGCG	AGGGCG|CGCCCT	1	0.68	0.00010649627263045793	7.232231400000004e-05	0.4929301574958217	937.5531595570528	-2.972
AGGGGA	AGGGGA|TCCCCT	1	1.53	0.00010649627263045793	0.00016297512060000003	0.7835371592293405	1490.2876768542058	-3.173
AGGGGG	AGGGGG|CCCCCT	1	0.80	0.00010649627263045793	8.498677709999995e-05	0.5497831110872846	1045.6874772880153	-3.019
AGGGTA	AGGGTA|TACCCT	1	1.69	0.00010649627263045793	0.00017997569250000008	0.8154752637319795	1551.033951618225	-3.191
AGGGTC	AGGGTC|GACCCT	3	1.02	0.0003194888178913738	0.00010831503500000007	0.08346942345044005	158.75884340273697	-2.201
AGGGTG	AGGGTG|CACCCT	1	1.06	0.00010649627263045793	0.00011298368750000006	0.6538616836692266	1243.644922338869	-3.095
AGGTAA	AGGTAA|TTACCT	6	2.76	0.0006389776357827476	0.00029395254960000016	0.06169471766841104	117.3433530053178	-2.069
AGGTAC	AGGTAC|GTACCT	1	1.40	0.00010649627263045793	0.00014897410920000013	0.7531234550665372	1432.4408115365538	-3.156
AGGTAG	AGGTAG|CTACCT	2	1.35	0.00021299254526091586	0.00014331075660000008	0.3892754583771464	740.4019218333324	-2.869
AGGTAT	AGGTAT|ATACCT	6	2.44	0.0006389776357827476	0.0002602941192	0.038394723764034584	73.02676459919378	-1.863
AGGTCA	AGGTCA|TGACCT	5	1.42	0.0005324813631522897	0.00015131167869999996	0.015090936400339264	28.70296103344528	-1.458
AGGTCG	AGGTCG|CGACCT	1	0.62	0.00010649627263045793	6.565550810000006e-05	0.46017227659638826	875.2476700863305	-2.942
AGGTGA	AGGTGA|TCACCT	9	1.83	0.0009584664536741214	0.00019497150200000016	0.00012440980450104485	0.2366274481609873	0.626
AGGTGC	AGGTGC|GCACCT	3	1.15	0.0003194888178913738	0.00012264658269999998	0.11020085900440213	209.60203382637286	-2.321
AGGTGG	AGGTGG|CCACCT	4	1.06	0.0004259850905218317	0.000112980175	0.02295058743496542	43.65201730130423	-1.64
AGGTTA	AGGTTA|TAACCT	6	2.35	0.0006389776357827476	0.00025062698339999994	0.0329371381591219	62.64643677864986	-1.797
AGGTTC	AGGTTC|GAACCT	4	1.43	0.0004259850905218317	0.00015197910839999997	0.05682686762175942	108.08470221658641	-2.034
AGGTTG	AGGTTG|CAACCT	7	1.55	0.0007454739084132055	0.00016497432179999995	0.0011125623922490508	2.116093670057695	-0.326
AGTAAA	AGTAAA|TTTACT	19	6.21	0.0020234291799787005	0.000660916311	2.758231488975695e-05	0.05246156292031772	1.28
AGTAAC	AGTAAC|GTTACT	5	2.87	0.0005324813631522897	0.00030595164200000014	0.1638490632657458	311.6409183314485	-2.494
AGTAAG	AGTAAG|CTTACT	6	2.67	0.0006389776357827476	0.00028463176100000003	0.05456271349570655	103.77828106883386	-2.016
AGTAAT	AGTAAT|ATTACT	4	4.64	0.0004259850905218317	0.0004946002860000001	0.6814613784838266	1296.1395418762381	-3.113
AGTACA	AGTACA|TGTACT	8	2.62	0.0008519701810436634	0.00027929413999999996	0.0056060751620081554	10.662754958139512	-1.028
AGTACC	AGTACC|GGTACT	3	1.25	0.0003194888178913738	0.00013298247629999992	0.1312426861241723	249.62358900817574	-2.397
AGTACG	AGTACG|CGTACT	4	1.30	0.0004259850905218317	0.00013864361799999992	0.043281649074606805	82.32169653990215	-1.916
AGTACT	AGTACT|AGTACT	1	2.68	0.00010649627263045793	0.0002852897656999999	0.9313593874621827	1771.4455549530715	-3.248
AGTAGA	AGTAGA|TCTACT	5	2.52	0.0005324813631522897	0.000267962548	0.11099255103067125	211.10783206033673	-2.325
AGTAGC	AGTAGC|GCTACT	3	1.90	0.0003194888178913738	0.000201974668	0.29534620735302747	561.7484863854582	-2.75
AGTAGG	AGTAGG|CCTACT	1	1.43	0.00010649627263045793	0.00015230816000000007	0.7607326235389233	1446.9134499710322	-3.16
AGTATA	AGTATA|TATACT	13	5.52	0.0013844515441959531	0.0005875986720000003	0.004566817332901183	8.68608656717805	-0.939
AGTATC	AGTATC|GATACT	2	2.15	0.00021299254526091586	0.0002293002360000001	0.6338579310552337	1205.5977848670545	-3.081
AGTATG	AGTATG|CATACT	4	2.27	0.0004259850905218317	0.00024129786000000016	0.19373400340576963	368.48207447777384	-2.566
AGTCAA	AGTCAA|TTGACT	12	2.32	0.0012779552715654952	0.0002466321674999998	5.947140106372367e-06	0.011311460482320243	1.946
AGTCAC	AGTCAC|GTGACT	7	1.50	0.0007454739084132055	0.000159310725	0.0009117043255659282	1.7340616272263956	-0.239
AGTCAG	AGTCAG|CTGACT	1	1.12	0.00010649627263045793	0.00011931934099999997	0.6738534999783974	1281.6693569589117	-3.108
AGTCAT	AGTCAT|ATGACT	15	2.57	0.001597444089456869	0.000273295752	9.627245591596144e-08	0.00018311021115215866	3.737
AGTCCA	AGTCCA|TGGACT	2	1.00	0.00021299254526091586	0.00010598411250000007	0.26247192470883046	499.22160079619556	-2.698
AGTCCC	AGTCCC|GGGACT	3	0.61	0.0003194888178913738	6.532394400000005e-05	0.024458878501688448	46.52078691021143	-1.668
AGTCCG	AGTCCG|CGGACT	2	0.55	0.00021299254526091586	5.8991593500000046e-05	0.10697720581646218	203.47064546291108	-2.309
AGTCGA	AGTCGA|TCGACT	2	0.98	0.00021299254526091586	0.0001039852604000001	0.2555679205084141	486.0901848070036	-2.687
AGTCGC	AGTCGC|GCGACT	5	0.84	0.0005324813631522897	8.898724530000005e-05	0.0017042265165839621	3.241438834542696	-0.511
AGTCGG	AGTCGG|CCGACT	2	0.60	0.00021299254526091586	6.432172449999999e-05	0.12321400291800765	234.35303355005055	-2.37
AGTCTA	AGTCTA|TAGACT	4	1.25	0.0004259850905218317	0.0001336481490000001	0.03873288187122758	73.66994131907485	-1.867
AGTCTC	AGTCTC|GAGACT	3	1.15	0.0003194888178913738	0.00012264709770000006	0.11020187275199178	209.60396197428835	-2.321
AGTCTG	AGTCTG|CAGACT	2	0.97	0.00021299254526091586	0.00010298488230000007	0.2521136475976694	479.5201577307672	-2.681
AGTGAA	AGTGAA|TTCACT	4	3.81	0.0004259850905218317	0.0004055902300000001	0.5282510160565084	1004.7334325394789	-3.002
AGTGAC	AGTGAC|GTCACT	2	1.64	0.00021299254526091586	0.000174298294	0.4868297636198946	925.9502104050396	-2.967
AGTGAG	AGTGAG|CTCACT	3	1.74	0.0003194888178913738	0.00018496426200000004	0.2525251047977199	480.3027493252632	-2.682
AGTGAT	AGTGAT|ATCACT	8	2.68	0.0008519701810436634	0.00028494721400000025	0.00628812284215232	11.960009645773713	-1.078
AGTGCA	AGTGCA|TGCACT	7	1.89	0.0007454739084132055	0.00020130433880000004	0.0033518285382723068	6.375177879793927	-0.804
AGTGCG	AGTGCG|CGCACT	2	0.85	0.00021299254526091586	9.065511419999995e-05	0.2097371073788133	398.9199782345029	-2.601
AGTGGA	AGTGGA|TCCACT	5	1.94	0.0005324813631522897	0.000206970192	0.0476951102807309	90.71609975395017	-1.958
AGTGGC	AGTGGC|GCCACT	2	1.34	0.00021299254526091586	0.00014231075430000005	0.3859815883495256	734.1369810407978	-2.866
AGTGTA	AGTGTA|TACACT	4	2.30	0.0004259850905218317	0.0002449630755000001	0.20069427836521808	381.72051745064476	-2.582
AGTGTC	AGTGTC|GACACT	2	1.45	0.00021299254526091586	0.00015398222850000005	0.42390504695675996	806.2673993117575	-2.906
AGTGTG	AGTGTG|CACACT	5	1.50	0.0005324813631522897	0.00015997369050000005	0.018677450141890404	35.52451016987555	-1.551
AGTTAA	AGTTAA|TTAACT	7	3.50	0.0007454739084132055	0.0003722891999999998	0.06496443052227484	123.56234685336675	-2.092
AGTTAC	AGTTAC|GTAACT	8	2.21	0.0008519701810436634	0.00023497248000000002	0.0020128564046564008	3.8284528816564745	-0.583
AGTTAG	AGTTAG|CTAACT	6	2.12	0.0006389776357827476	0.00022530668000000003	0.021107530985373286	40.14652393417999	-1.604
AGTTAT	AGTTAT|ATAACT	4	3.89	0.0004259850905218317	0.0004146191680000001	0.5454061759428752	1037.3625466433487	-3.016
AGTTCA	AGTTCA|TGAACT	5	2.55	0.0005324813631522897	0.0002719612544999999	0.11611322787596703	220.8473594200893	-2.344
AGTTCC	AGTTCC|GGAACT	5	1.64	0.0005324813631522897	0.00017464200000000003	0.025947552399965206	49.352244664733824	-1.693
AGTTCG	AGTTCG|CGAACT	3	1.19	0.0003194888178913738	0.0001266503784	0.11818941959063217	224.7962760613824	-2.352
AGTTGA	AGTTGA|TCAACT	9	3.16	0.0009584664536741214	0.0003362811154000002	0.005258443398660732	10.001559344252712	-1.0
AGTTGC	AGTTGC|GCAACT	5	1.81	0.0005324813631522897	0.00019297441059999996	0.03728282974779547	70.91194218030698	-1.851
AGTTGG	AGTTGG|CCAACT	5	1.49	0.0005324813631522897	0.00015864171740000006	0.018092792904247354	34.41249210387847	-1.537
AGTTTA	AGTTTA|TAAACT	16	4.18	0.0017039403620873268	0.00044492615999999974	8.323969263903081e-06	0.01583218953994366	1.8
AGTTTC	AGTTTC|GAAACT	5	3.47	0.0005324813631522897	0.0003699464939999999	0.26961714056058345	512.8118013462297	-2.71
AGTTTG	AGTTTG|CAAACT	6	2.74	0.0006389776357827476	0.00029228766299999986	0.06038229456396729	114.8471242606658	-2.06
ATAAAA	ATAAAA|TTTTAT	26	15.27	0.0027689030883919063	0.0016260779479999991	0.0076493271091524605	14.54902016160798	-1.163
ATAAAC	ATAAAC|GTTTAT	11	5.72	0.0011714589989350373	0.000609248992	0.03213731148614691	61.12516644665142	-1.786
ATAAAG	ATAAAG|CTTTAT	11	6.52	0.0011714589989350373	0.0006942457280000001	0.06790214302176743	129.14987602740166	-2.111
ATAAAT	ATAAAT|ATTTAT	19	9.72	0.0020234291799787005	0.0010348273319999994	0.0053949555462693265	10.26120544900426	-1.011
ATAACA	ATAACA|TGTTAT	10	5.42	0.0010649627263045794	0.0005768929459999997	0.04958695673194362	94.31439170415676	-1.975
ATAACC	ATAACC|GGTTAT	5	2.34	0.0005324813631522897	0.0002489543	0.08821681479946945	167.7883817485909	-2.225
ATAACG	ATAACG|CGTTAT	5	2.41	0.0005324813631522897	0.00025629429000000004	0.09669853198581793	183.9206078370257	-2.265
ATAAGA	ATAAGA|TCTTAT	12	5.24	0.0012779552715654952	0.0005575788680000003	0.007688440244520736	14.62341334507844	-1.165
ATAAGC	ATAAGC|GCTTAT	10	3.02	0.0010649627263045794	0.00032194192800000026	0.0011661429068956493	2.2180038089155247	-0.346
ATAAGG	ATAAGG|CCTTAT	2	3.17	0.00021299254526091586	0.00033793944800000015	0.8252774459356724	1569.677702169649	-3.196
ATAATA	ATAATA|TATTAT	24	13.70	0.0025559105431309905	0.00145879722	0.0073046725161439	13.893487125705699	-1.143
ATAATC	ATAATC|GATTAT	7	4.19	0.0007454739084132055	0.0004459212750000002	0.13107680155443788	249.30807655654084	-2.397
ATAATG	ATAATG|CATTAT	7	5.01	0.0007454739084132055	0.00053390619	0.23977547584515516	456.0529550574851	-2.659
ATACAA	ATACAA|TTGTAT	8	5.65	0.0008519701810436634	0.0006015898760000004	0.20926238725857627	398.0170605658121	-2.6
ATACAC	ATACAC|GTGTAT	5	3.23	0.0005324813631522897	0.00034395977600000006	0.22471098937846223	427.40030179783514	-2.631
ATACAG	ATACAG|CTGTAT	7	2.97	0.0007454739084132055	0.00031663022400000006	0.0321735414129903	61.194075767507556	-1.787
ATACAT	ATACAT|ATGTAT	13	5.87	0.0013844515441959531	0.0006252389979999998	0.007465362894912832	14.199120226124206	-1.152
ATACCA	ATACCA|TGGTAT	8	2.85	0.0008519701810436634	0.0003036214519999998	0.00899335748385443	17.105365934291125	-1.233
ATACCC	ATACCC|GGGTAT	2	1.36	0.00021299254526091586	0.000145310512	0.39583843655779266	752.8847063329216	-2.877
ATACCG	ATACCG|CGGTAT	1	1.36	0.00010649627263045793	0.00014497854800000004	0.7436851136913585	1414.4890862409638	-3.151
ATACGA	ATACGA|TCGTAT	2	2.41	0.00021299254526091586	0.00025629699149999993	0.6929994022173782	1318.0848630174535	-3.12
ATACGC	ATACGC|GCGTAT	1	1.60	0.00010649627263045793	0.0001703079815999999	0.7979402730316625	1517.6823993062221	-3.181
ATACGG	ATACGG|CCGTAT	3	1.69	0.0003194888178913738	0.00017963685089999987	0.23929378712976626	455.13678312081544	-2.658
ATACTA	ATACTA|TAGTAT	9	5.09	0.0009584664536741214	0.0005422353300000003	0.0742370028394908	141.19877940071152	-2.15
ATACTC	ATACTC|GAGTAT	4	2.15	0.0004259850905218317	0.00022862712600000014	0.17029166947083757	323.89475533353306	-2.51
ATACTG	ATACTG|CAGTAT	4	2.84	0.0004259850905218317	0.00030195438000000016	0.3159370446943208	600.9122590085982	-2.779
ATAGAA	ATAGAA|TTCTAT	16	6.55	0.0017039403620873268	0.0006975587899999999	0.00125276851166764	2.382765709191851	-0.377
ATAGAC	ATAGAC|GTCTAT	5	2.06	0.0005324813631522897	0.0002189701139999999	0.05785929462878524	110.04837838394953	-2.042
ATAGAG	ATAGAG|CTCTAT	7	2.91	0.0007454739084132055	0.0003102786959999999	0.029335614260383357	55.796338323249145	-1.747
ATAGAT	ATAGAT|ATCTAT	14	4.17	0.001490947816826411	0.00044459240000000014	0.00011839159680941258	0.22518081713150273	0.647
ATAGCA	ATAGCA|TGCTAT	7	3.40	0.0007454739084132055	0.00036260871149999997	0.05820443791044923	110.70484090567443	-2.044
ATAGCC	ATAGCC|GGCTAT	3	1.99	0.0003194888178913738	0.00021230256600000003	0.32156994100431713	611.6260277902112	-2.786
ATAGCG	ATAGCG|CGCTAT	5	1.63	0.0005324813631522897	0.00017397514749999994	0.025583145017431995	48.65914182315566	-1.687
ATAGGA	ATAGGA|TCCTAT	4	3.00	0.0004259850905218317	0.00031929049650000004	0.35235089216061755	670.1713968894945	-2.826
ATAGGG	ATAGGG|CCCTAT	3	1.35	0.0003194888178913738	0.0001439829210000001	0.15502530463623593	294.8581294181207	-2.47
ATAGTA	ATAGTA|TACTAT	8	4.83	0.0008519701810436634	0.0005142690060000001	0.11613089049878972	220.88095372869805	-2.344
ATAGTC	ATAGTC|GACTAT	4	2.11	0.0004259850905218317	0.00022430576599999995	0.16253647753506617	309.14438027169587	-2.49
ATAGTG	ATAGTG|CACTAT	4	2.73	0.0004259850905218317	0.00029029583600000006	0.2916210138084066	554.6631682635893	-2.744
ATATAA	ATATAA|TTATAT	23	13.75	0.0024494142705005326	0.0014637943129999996	0.013837102702446123	26.318169340052524	-1.42
ATATAC	ATATAC|GTATAT	22	8.00	0.0023429179978700747	0.0008521925499999996	3.3534000784421974e-05	0.06378166949197059	1.195
ATATAG	ATATAG|CTATAT	12	5.48	0.0012779552715654952	0.0005836049669999997	0.01070642734277333	20.363624805954874	-1.309
ATATAT	ATATAT|ATATAT	60	22.94	0.006389776357827476	0.002443308169999999	9.058415281951537e-11	1.7229105866271822e-07	6.764
ATATCA	ATATCA|TGATAT	12	5.57	0.0012779552715654952	0.0005936039680000003	0.012082375951291838	22.980679059357076	-1.361
ATATCC	ATATCC|GGATAT	4	2.85	0.0004259850905218317	0.0003036349440000001	0.31945754918550034	607.6082585508217	-2.784
ATATCG	ATATCG|CGATAT	6	2.22	0.0006389776357827476	0.00023631142400000008	0.02582311706701935	49.1155686614708	-1.691
ATATGA	ATATGA|TCATAT	8	4.51	0.0008519701810436634	0.0004805953559999998	0.08764366784631096	166.69825624368346	-2.222
ATATGC	ATATGC|GCATAT	8	2.89	0.0008519701810436634	0.0003079523879999999	0.009728612510236802	18.5038209944704	-1.267
ATATGG	ATATGG|CCATAT	3	2.44	0.0003194888178913738	0.0002596228919999998	0.44015062501578045	837.1664887800144	-2.923
ATATTA	ATATTA|TAATAT	14	11.54	0.001490947816826411	0.0012288208019999997	0.2708356290126537	515.1293663820672	-2.712
ATATTC	ATATTC|GAATAT	7	6.15	0.0007454739084132055	0.0006548970300000006	0.41769295225332437	794.451995185823	-2.9
ATATTG	ATATTG|CAATAT	14	5.28	0.001490947816826411	0.0005625691650000004	0.0011662828522621155	2.218269985002544	-0.346
ATCAAA	ATCAAA|TTTGAT	10	5.88	0.0010649627263045794	0.0006265787360000001	0.07614263738784106	144.82329631167372	-2.161
ATCAAC	ATCAAC|GTTGAT	6	3.62	0.0006389776357827476	0.0003852721040000001	0.15832746177767354	301.1388323011351	-2.479
ATCAAG	ATCAAG|CTTGAT	2	3.24	0.00021299254526091586	0.000344958712	0.833838758108267	1585.9613179219239	-3.2
ATCAAT	ATCAAT|ATTGAT	9	5.22	0.0009584664536741214	0.0005555904480000003	0.08318375547266282	158.2155029090047	-2.199
ATCACA	ATCACA|TGTGAT	7	3.01	0.0007454739084132055	0.0003206192216	0.03404644857705909	64.75634519356639	-1.811
ATCACC	ATCACC|GGTGAT	6	1.78	0.0006389776357827476	0.0001893085368	0.009806704620926157	18.65235218900155	-1.271
ATCACG	ATCACG|CGTGAT	9	1.55	0.0009584664536741214	0.00016531112480000005	3.6042288285920524e-05	0.06855243231982083	1.164
ATCAGA	ATCAGA|TCTGAT	3	2.17	0.0003194888178913738	0.00023063048960000006	0.36805388813649725	700.0384952356178	-2.845
ATCAGC	ATCAGC|GCTGAT	3	1.91	0.0003194888178913738	0.0002036362944	0.2995593994739552	569.7619777994628	-2.756
ATCAGG	ATCAGG|CCTGAT	1	1.31	0.00010649627263045793	0.00013930918400000008	0.7296703767567443	1387.8330565913277	-3.142
ATCATA	ATCATA|TATGAT	8	4.64	0.0008519701810436634	0.0004939334399999999	0.09838971463207416	187.13723723020505	-2.272
ATCATC	ATCATC|GATGAT	9	3.72	0.0009584664536741214	0.000396281664	0.014162526980319279	26.93712631656727	-1.43
ATCATG	ATCATG|CATGAT	2	1.99	0.00021299254526091586	0.00021231078400000002	0.5922586150114483	1126.4758857517745	-3.052
ATCCAA	ATCCAA|TTGGAT	4	2.39	0.0004259850905218317	0.0002549602805000002	0.22004002503784525	418.5161276219817	-2.622
ATCCAC	ATCCAC|GTGGAT	5	1.51	0.0005324813631522897	0.00016131172750000008	0.019277139964234375	36.66512021197378	-1.564
ATCCAG	ATCCAG|CTGGAT	1	1.22	0.00010649627263045793	0.00012965020000000008	0.7040057877326246	1339.019008267452	-3.127
ATCCAT	ATCCAT|ATGGAT	5	2.30	0.0005324813631522897	0.000244627792	0.08340681315495489	158.6397586207242	-2.2
ATCCCA	ATCCCA|TGGGAT	2	1.60	0.00021299254526091586	0.00017030716819999996	0.4748055167738935	903.0800929039455	-2.956
ATCCGA	ATCCGA|TCGGAT	2	1.06	0.00021299254526091586	0.00011298082800000004	0.2866278596504798	545.1661890552126	-2.737
ATCCTA	ATCCTA|TAGGAT	3	2.06	0.0003194888178913738	0.00021896775559999978	0.33850623011366654	643.8388496761937	-2.809
ATCCTC	ATCCTC|GAGGAT	4	2.08	0.0004259850905218317	0.00022129841919999992	0.1572171992697595	299.0271130110826	-2.476
ATCCTG	ATCCTG|CAGGAT	2	1.31	0.00021299254526091586	0.0001396487779999999	0.37717581825279534	717.3884063168167	-2.856
ATCGAA	ATCGAA|TTCGAT	4	2.49	0.0004259850905218317	0.0002649628008000002	0.23986196512064814	456.21745765947276	-2.659
ATCGAC	ATCGAC|GTCGAT	3	1.06	0.0003194888178913738	0.00011331747000000005	0.09245206114007488	175.84382028842242	-2.245
ATCGAG	ATCGAG|CTCGAT	2	1.29	0.00021299254526091586	0.0001373123988000001	0.369403843119945	702.6061096141354	-2.847
ATCGCA	ATCGCA|TGCGAT	5	1.92	0.0005324813631522897	0.00020430178440000003	0.04559047185021714	86.713077459113	-1.938
ATCGCC	ATCGCC|GGCGAT	1	1.05	0.00010649627263045793	0.00011231711680000003	0.6516883753429109	1239.5112899022165	-3.093
ATCGCG	ATCGCG|CGCGAT	1	0.96	0.00010649627263045793	0.00010198403739999996	0.6161986243729246	1172.0097835573026	-3.069
ATCGGA	ATCGGA|TCCGAT	2	1.13	0.00021299254526091586	0.00012031578019999997	0.3118534454554597	593.1452532562843	-2.773
ATCGGC	ATCGGC|GCCGAT	1	0.92	0.00010649627263045793	9.831710279999989e-05	0.6027532263428247	1146.4366365040526	-3.059
ATCGGG	ATCGGG|CCCGAT	2	0.64	0.00021299254526091586	6.798994439999992e-05	0.1347093445703051	256.21717337272025	-2.409
ATCGTA	ATCGTA|TACGAT	3	2.05	0.0003194888178913738	0.00021863521350000005	0.33766165963521044	642.2324766261703	-2.808
ATCGTC	ATCGTC|GACGAT	1	1.41	0.00010649627263045793	0.00015031316219999997	0.7562081747507405	1438.3079483759086	-3.158
ATCTAA	ATCTAA|TTAGAT	6	3.38	0.0006389776357827476	0.0003596228249999998	0.12654940882406354	240.69697558336887	-2.381
ATCTAC	ATCTAC|GTAGAT	4	2.54	0.0004259850905218317	0.00027096712499999993	0.2519516865338861	479.2121077874514	-2.681
ATCTAG	ATCTAG|CTAGAT	5	1.60	0.0005324813631522897	0.0001699764	0.023466710793189946	44.63368392864728	-1.65
ATCTCC	ATCTCC|GGAGAT	4	1.54	0.0004259850905218317	0.00016364715000000002	0.07032593756767909	133.75993325372562	-2.126
ATCTCG	ATCTCG|CGAGAT	2	1.33	0.00021299254526091586	0.00014131707100000006	0.38270081282107055	727.8969459856762	-2.862
ATCTGA	ATCTGA|TCAGAT	4	2.06	0.0004259850905218317	0.00021929957600000006	0.1537182360963001	292.37208505516276	-2.466
ATCTGC	ATCTGC|GCAGAT	3	1.93	0.0003194888178913738	0.00020596968480000006	0.305480880447367	581.024634610892	-2.764
ATCTGG	ATCTGG|CCAGAT	2	1.43	0.00021299254526091586	0.00015231136800000013	0.41854904092436945	796.0802758381507	-2.901
ATCTTA	ATCTTA|TAAGAT	6	3.53	0.0006389776357827476	0.0003759419300000002	0.14638953940070648	278.4329039401437	-2.445
ATCTTC	ATCTTC|GAAGAT	3	3.72	0.0003194888178913738	0.0003959439120000003	0.7175859411241267	1364.8484600180889	-3.135
ATCTTG	ATCTTG|CAAGAT	7	3.06	0.0007454739084132055	0.00032594580200000006	0.03665817615540766	69.72385104758537	-1.843
ATGAAA	ATGAAA|TTTCAT	14	7.35	0.001490947816826411	0.0007828785769999998	0.018593089808839707	35.364056816413125	-1.549
ATGAAC	ATGAAC|GTTCAT	7	2.40	0.0007454739084132055	0.0002552932840000001	0.011526895518318744	21.924155275842253	-1.341
ATGAAG	ATGAAG|CTTCAT	12	3.06	0.0012779552715654952	0.00032595284899999987	8.593281987601184e-05	0.16344422340417453	0.787
ATGAAT	ATGAAT|ATTCAT	8	4.45	0.0008519701810436634	0.0004735936670000001	0.08228912993428612	156.51392513501222	-2.195
ATGACA	ATGACA|TGTCAT	5	2.87	0.0005324813631522897	0.00030562512800000005	0.16335737518967358	310.70572761075914	-2.492
ATGACC	ATGACC|GGTCAT	1	1.20	0.00010649627263045793	0.00012798300200000013	0.6993355405770731	1330.136198177593	-3.124
ATGACG	ATGACG|CGTCAT	2	1.49	0.00021299254526091586	0.00015830912149999998	0.43765370872886183	832.4173540022952	-2.92
ATGAGA	ATGAGA|TCTCAT	5	3.50	0.0005324813631522897	0.0003722815824	0.2737479437857684	520.6685890805314	-2.717
ATGAGC	ATGAGC|GCTCAT	3	1.77	0.0003194888178913738	0.00018830207759999989	0.2608676928210407	496.1703517456194	-2.696
ATGAGG	ATGAGG|CCTCAT	2	1.77	0.00021299254526091586	0.0001886397785999999	0.5285777388821831	1005.3548593539122	-3.002
ATGATA	ATGATA|TATCAT	13	4.82	0.0013844515441959531	0.0005132543519999998	0.001472341766552394	2.8003940399826535	-0.447
ATGATC	ATGATC|GATCAT	5	1.81	0.0005324813631522897	0.00019230977099999997	0.03682667884354041	70.04434316041386	-1.845
ATGATG	ATGATG|CATCAT	8	3.36	0.0008519701810436634	0.0003582793380000001	0.02185373674346117	41.56580728606315	-1.619
ATGCAA	ATGCAA|TTGCAT	5	3.03	0.0005324813631522897	0.0003226201683999998	0.18970141978534008	360.81210043171683	-2.557
ATGCAC	ATGCAC|GTGCAT	8	1.58	0.0008519701810436634	0.00016864103140000003	0.00024322440211900685	0.46261281283035105	0.335
ATGCAG	ATGCAG|CTGCAT	2	1.77	0.00021299254526091586	0.0001883039575999999	0.5276269315501335	1003.5464238083539	-3.002
ATGCAT	ATGCAT|ATGCAT	4	2.77	0.0004259850905218317	0.0002952948425999998	0.3020212941498605	574.4445014730347	-2.759
ATGCCA	ATGCCA|TGGCAT	7	1.83	0.0007454739084132055	0.00019463898179999996	0.0027925046076091166	5.311343763672539	-0.725
ATGCGA	ATGCGA|TCGCAT	2	1.34	0.00021299254526091586	0.00014231296100000005	0.38598886554813083	734.1508222725448	-2.866
ATGCGC	ATGCGC|GCGCAT	8	0.94	0.0008519701810436634	0.00010031986560000003	6.687133635896071e-06	0.012718928175474327	1.896
ATGCGG	ATGCGG|CCGCAT	1	1.05	0.00010649627263045793	0.00011165141440000009	0.6495042791262109	1235.357138898053	-3.092
ATGCTA	ATGCTA|TAGCAT	7	2.19	0.0007454739084132055	0.00023330028239999996	0.007300196909706429	13.88497452226163	-1.143
ATGCTC	ATGCTC|GAGCAT	4	1.32	0.0004259850905218317	0.0001409753688	0.04550319774365037	86.54708210842301	-1.937
ATGCTG	ATGCTG|CAGCAT	2	1.60	0.00021299254526091586	0.0001703102148000001	0.4748147607816527	903.0976750067034	-2.956
ATGGAA	ATGGAA|TTCCAT	5	3.95	0.0005324813631522897	0.00042060494379999984	0.3612942720001213	687.1817053442307	-2.837
ATGGAC	ATGGAC|GTCCAT	1	1.10	0.00010649627263045793	0.00011698344329999994	0.6666207448100283	1267.9126566286739	-3.103
ATGGAG	ATGGAG|CTCCAT	2	1.39	0.00021299254526091586	0.00014764357609999996	0.40345372581639405	767.3689865027815	-2.885
ATGGCA	ATGGCA|TGCCAT	7	2.00	0.0007454739084132055	0.000213301392	0.004568794105351845	8.689846388379209	-0.939
ATGGCG	ATGGCG|CGCCAT	3	0.95	0.0003194888178913738	0.00010131816119999996	0.0715787032526529	136.14269358654582	-2.134
ATGGGA	ATGGGA|TCCCAT	4	1.22	0.0004259850905218317	0.00013031400000000005	0.03585674127371982	68.1995219026151	-1.834
ATGGGC	ATGGGC|GCCCAT	1	0.97	0.00010649627263045793	0.00010331669599999998	0.6209714608093044	1181.087718459297	-3.072
ATGGGG	ATGGGG|CCCCAT	3	0.80	0.0003194888178913738	8.532162400000011e-05	0.04759097953247298	90.51804307076361	-1.957
ATGGTA	ATGGTA|TACCAT	4	2.24	0.0004259850905218317	0.00023862970350000003	0.18871548291728846	358.93684850868266	-2.555
ATGGTC	ATGGTC|GACCAT	2	0.90	0.00021299254526091586	9.564985350000004e-05	0.2268415552267896	431.4526380413538	-2.635
ATGGTG	ATGGTG|CACCAT	3	1.60	0.0003194888178913738	0.00017030733209999995	0.2164311324168151	411.65201385678233	-2.615
ATGTAA	ATGTAA|TTACAT	15	4.80	0.001597444089456869	0.0005109214320000001	0.00014650151767301434	0.2786458866140733	0.555
ATGTAC	ATGTAC|GTACAT	7	2.68	0.0007454739084132055	0.0002852934300000002	0.019816419292451735	37.6908294942432	-1.576
ATGTAG	ATGTAG|CTACAT	4	2.38	0.0004259850905218317	0.00025330452199999996	0.21680164447416178	412.3567277898557	-2.615
ATGTCA	ATGTCA|TGACAT	5	2.30	0.0005324813631522897	0.0002452971896000001	0.0841417260553308	160.03756295723917	-2.204
ATGTCC	ATGTCC|GGACAT	4	1.13	0.0004259850905218317	0.00012031379120000007	0.02799493969198268	53.24637529415106	-1.726
ATGTCG	ATGTCG|CGACAT	3	0.92	0.0003194888178913738	9.798868480000007e-05	0.06620936856558969	125.93021901175159	-2.1
ATGTGA	ATGTGA|TCACAT	6	2.43	0.0006389776357827476	0.0002582931159	0.037220867161355	70.7940893408972	-1.85
ATGTGC	ATGTGC|GCACAT	7	1.66	0.0007454739084132055	0.00017730688049999996	0.0016695301370033143	3.1754463205803036	-0.502
ATGTGG	ATGTGG|CCACAT	7	1.50	0.0007454739084132055	0.00015964263270000002	0.0009226232102609084	1.7548293459162478	-0.244
ATGTTA	ATGTTA|TAACAT	10	3.33	0.0010649627263045794	0.0003549536049999997	0.002354782678931654	4.478796655328006	-0.651
ATGTTC	ATGTTC|GAACAT	2	2.39	0.00021299254526091586	0.0002549628049999999	0.690272342274328	1312.897995005772	-3.118
ATGTTG	ATGTTG|CAACAT	8	2.58	0.0008519701810436634	0.00027430168500000004	0.005051919247265241	9.608750408298487	-0.983
ATTAAA	ATTAAA|TTTAAT	17	7.56	0.001810436634717785	0.0008052051280000001	0.0021258403005676883	4.043348251679743	-0.607
ATTAAC	ATTAAC|GTTAAT	9	3.53	0.0009584664536741214	0.0003756102129999999	0.010336628410204893	19.660267236209705	-1.294
ATTAAG	ATTAAG|CTTAAT	2	3.66	0.00021299254526091586	0.0003899418100000001	0.880232727326306	1674.202647374634	-3.224
ATTAAT	ATTAAT|ATTAAT	2	7.35	0.00021299254526091586	0.0007825428490000003	0.9946252654755751	1891.7772549345439	-3.277
ATTACA	ATTACA|TGTAAT	13	4.57	0.0013844515441959531	0.00048625001599999964	0.0009164560017300035	1.7430993152904666	-0.241
ATTACC	ATTACC|GGTAAT	7	3.14	0.0007454739084132055	0.0003346100320000001	0.041181754265003485	78.32769661203663	-1.894
ATTACG	ATTACG|CGTAAT	1	2.08	0.00010649627263045793	0.00022128984	0.8748086106198285	1663.8859773989138	-3.221
ATTAGA	ATTAGA|TCTAAT	4	3.14	0.0004259850905218317	0.0003339543599999998	0.38316955454712115	728.7884927486244	-2.863
ATTAGC	ATTAGC|GCTAAT	4	2.26	0.0004259850905218317	0.00024096543	0.19310647563604466	367.28851665975697	-2.565
ATTAGG	ATTAGG|CCTAAT	1	2.08	0.00010649627263045793	0.00022196474999999994	0.8755994904345303	1665.3902308064767	-3.222
ATTATA	ATTATA|TATAAT	15	8.95	0.001597444089456869	0.000952864773	0.039787692008485066	75.67619020013859	-1.879
ATTATC	ATTATC|GATAAT	7	6.00	0.0007454739084132055	0.000638585227	0.39310536675616087	747.686407570218	-2.874
ATTATG	ATTATG|CATAAT	9	3.86	0.0009584664536741214	0.00041094421900000016	0.017448685550514605	33.18739991707878	-1.521
ATTCAA	ATTCAA|TTGAAT	10	5.31	0.0010649627263045794	0.0005659216470000002	0.044695055176798906	85.00999494627152	-1.929
ATTCAC	ATTCAC|GTGAAT	6	2.76	0.0006389776357827476	0.0002942983860000002	0.0619694407180608	117.86587624575164	-2.071
ATTCAG	ATTCAG|CTGAAT	1	2.29	0.00010649627263045793	0.0002442976740000001	0.8991332720632712	1710.151483464342	-3.233
ATTCCA	ATTCCA|TGGAAT	7	3.20	0.0007454739084132055	0.000340603904	0.04451405553742603	84.66573363218431	-1.928
ATTCCC	ATTCCC|GGGAAT	3	1.83	0.0003194888178913738	0.00019462768000000003	0.2767681502888412	526.413021849376	-2.721
ATTCCG	ATTCCG|CGGAAT	1	1.55	0.00010649627263045793	0.00016496908800000003	0.787552363259131	1497.9245949188671	-3.175
ATTCGA	ATTCGA|TCGAAT	2	1.93	0.00021299254526091586	0.0002053070875000002	0.5741085614457977	1091.954483869907	-3.038
ATTCGC	ATTCGC|GCGAAT	1	1.37	0.00010649627263045793	0.00014597782190000006	0.7460789146006337	1419.0420955704053	-3.152
ATTCTA	ATTCTA|TAGAAT	12	3.98	0.0012779552715654952	0.000424266759	0.0008846117075394024	1.6825314677399434	-0.226
ATTCTC	ATTCTC|GAGAAT	4	3.20	0.0004259850905218317	0.00034061438399999976	0.39711718510682387	755.316886073179	-2.878
ATTCTG	ATTCTG|CAGAAT	3	3.17	0.0003194888178913738	0.0003372863760000001	0.6131916903890023	1166.2905951198825	-3.067
ATTGAA	ATTGAA|TTCAAT	12	6.16	0.0012779552715654952	0.0006559101379999999	0.023917100495810088	45.49032514303079	-1.658
ATTGAC	ATTGAC|GTCAAT	7	2.21	0.0007454739084132055	0.00023563637200000012	0.007684053189470073	14.615069166372079	-1.165
ATTGAG	ATTGAG|CTCAAT	6	2.73	0.0006389776357827476	0.000290956144	0.059344720866226046	112.87365908756193	-2.053
ATTGCA	ATTGCA|TGCAAT	4	3.55	0.0004259850905218317	0.000377954532	0.4739013878979538	901.3604397819081	-2.955
ATTGCC	ATTGCC|GGCAAT	4	2.10	0.0004259850905218317	0.00022363805999999997	0.16134985218847786	306.8874188624849	-2.487
ATTGCG	ATTGCG|CGCAAT	1	1.59	0.00010649627263045793	0.0001693122479999999	0.7960421672521112	1514.0722021135155	-3.18
ATTGGA	ATTGGA|TCCAAT	6	2.31	0.0006389776357827476	0.00024595990860000027	0.03049286362593211	57.99742661652287	-1.763
ATTGGC	ATTGGC|GCCAAT	2	1.90	0.00021299254526091586	0.00020263286400000008	0.5670242127912567	1078.4800527289703	-3.033
ATTGGG	ATTGGG|CCCAAT	8	1.51	0.0008519701810436634	0.00016097361630000004	0.00017848336046006276	0.3394753515950394	0.469
ATTGTA	ATTGTA|TACAAT	9	4.39	0.0009584664536741214	0.0004676057669999997	0.03541159905673734	67.35286140591442	-1.828
ATTGTC	ATTGTC|GACAAT	4	2.60	0.0004259850905218317	0.0002773037549999999	0.26484327819111203	503.73191511949506	-2.702
ATTGTG	ATTGTG|CACAAT	7	2.96	0.0007454739084132055	0.00031528671299999993	0.03155855951653328	60.0243802004463	-1.778
ATTTAA	ATTTAA|TTAAAT	9	7.15	0.0009584664536741214	0.0007612306019999997	0.29039253084983757	552.3265936763911	-2.742
ATTTAC	ATTTAC|GTAAAT	12	4.86	0.0012779552715654952	0.0005172495900000003	0.004371435731531226	8.314470761372393	-0.92
ATTTAG	ATTTAG|CTAAAT	10	3.83	0.0010649627263045794	0.0004076194760000002	0.0060851803349799395	11.574012997131845	-1.063
ATTTCA	ATTTCA|TGAAAT	16	6.76	0.0017039403620873268	0.0007198859110000001	0.0017129373048042455	3.258006753737675	-0.513
ATTTCC	ATTTCC|GGAAAT	9	4.16	0.0009584664536741214	0.0004432707670000002	0.0265980412880676	50.58947452990458	-1.704
ATTTCG	ATTTCG|CGAAAT	3	2.74	0.0003194888178913738	0.00029227818100000007	0.5172108919377844	983.7351164656659	-2.993
ATTTGA	ATTTGA|TCAAAT	11	4.92	0.0011714589989350373	0.0005239080289999999	0.012293324338148053	23.381902891157598	-1.369
ATTTGC	ATTTGC|GCAAAT	10	3.53	0.0010649627263045794	0.000375598207	0.003494915058883185	6.6473284419958185	-0.823
ATTTGG	ATTTGG|CCAAAT	6	3.00	0.0006389776357827476	0.00031926983600000014	0.08371077646601727	159.21789683836485	-2.202
ATTTTA	ATTTTA|TAAAAT	16	9.43	0.0017039403620873268	0.00100453374	0.03171954875663547	60.33058173512066	-1.781
ATTTTC	ATTTTC|GAAAAT	14	9.10	0.001490947816826411	0.0009692100179999997	0.07904701370068049	150.34742005869427	-2.177
ATTTTG	ATTTTG|CAAAAT	17	7.19	0.001810436634717785	0.0007651995120000003	0.001260508239899401	2.3974866722886605	-0.38
CAAAAA	CAAAAA|TTTTTG	17	11.53	0.001810436634717785	0.00122749578	0.07759123882839614	147.57853625160945	-2.169
CAAAAC	CAAAAC|GTTTTG	7	4.60	0.0007454739084132055	0.0004896082379999998	0.18163000625489917	345.4602718968182	-2.538
CAAAAG	CAAAAG|CTTTTG	11	5.40	0.0011714589989350373	0.0005745840659999996	0.022391772145356478	42.58915062046802	-1.629
CAAACA	CAAACA|TGTTTG	10	4.28	0.0010649627263045794	0.0004559208720000004	0.012554183892615306	23.878057763754313	-1.378
CAAACC	CAAACC|GGTTTG	1	1.83	0.00010649627263045793	0.00019496153600000017	0.8396968907386875	1597.1034861849835	-3.203
CAAACG	CAAACG|CGTTTG	2	1.89	0.00021299254526091586	0.00020163624800000009	0.564362325214714	1073.4171425583859	-3.031
CAAAGA	CAAAGA|TCTTTG	5	4.21	0.0005324813631522897	0.0004482798850000001	0.41199006388399795	783.6051015073641	-2.894
CAAAGC	CAAAGC|GCTTTG	4	2.15	0.0004259850905218317	0.00022863255500000002	0.17030149308853404	323.91343985439175	-2.51
CAAAGG	CAAAGG|CCTTTG	5	2.63	0.0005324813631522897	0.00028030078500000015	0.12714426936182516	241.82840032619146	-2.384
CAAATA	CAAATA|TATTTG	10	6.18	0.0010649627263045794	0.0006582425670000001	0.09693939738804505	184.3787338320617	-2.266
CAAATC	CAAATC|GATTTG	3	2.57	0.0003194888178913738	0.00027329118200000003	0.47305348061542296	899.7477201305345	-2.954
CAAATG	CAAATG|CATTTG	10	3.00	0.0010649627263045794	0.00031895971899999995	0.0010891378744720469	2.071540237245833	-0.316
CAACAA	CAACAA|TTGTTG	4	5.42	0.0004259850905218317	0.0005772318940000004	0.7890934978568704	1500.8558329237676	-3.176
CAACAC	CAACAC|GTGTTG	5	2.10	0.0005324813631522897	0.00022328904500000017	0.061797571837878554	117.53898163564502	-2.07
CAACAG	CAACAG|CTGTTG	3	2.48	0.0003194888178913738	0.0002642857060000001	0.4514694005957638	858.6947999331427	-2.934
CAACCA	CAACCA|TGGTTG	6	2.04	0.0006389776357827476	0.00021697013	0.017949599218194938	34.14013771300677	-1.533
CAACCC	CAACCC|GGGTTG	1	0.95	0.00010649627263045793	0.0001009848775	0.6125808122675211	1165.1287049328253	-3.066
CAACGA	CAACGA|TCGTTG	4	1.77	0.0004259850905218317	0.00018830726719999994	0.10365446567211886	197.1507937083701	-2.295
CAACGC	CAACGC|GCGTTG	2	1.16	0.00021299254526091586	0.00012331359039999994	0.32211140253204507	612.6558876159497	-2.787
CAACTA	CAACTA|TAGTTG	4	3.20	0.0004259850905218317	0.0003412863280000001	0.39852165779157217	757.9881931195703	-2.88
CAACTC	CAACTC|GAGTTG	6	1.50	0.0006389776357827476	0.0001593135940000001	0.004399129661654394	8.367144616466659	-0.923
CAACTG	CAACTG|CAGTTG	9	1.88	0.0009584664536741214	0.00020030888599999988	0.00015177579702838943	0.2886775659479967	0.54
CAAGAA	CAAGAA|TTCTTG	15	6.27	0.001597444089456869	0.0006675654700000005	0.0021159485673959114	4.024534175187023	-0.605
CAAGAG	CAAGAG|CTCTTG	4	2.78	0.0004259850905218317	0.00029628157000000007	0.3040791669133429	578.3585754691783	-2.762
CAAGCA	CAAGCA|TGCTTG	4	2.54	0.0004259850905218317	0.00027028989939999984	0.2505816412230106	476.60628160616614	-2.678
CAAGCC	CAAGCC|GGCTTG	3	1.27	0.0003194888178913738	0.00013531052439999996	0.13616372396933982	258.98340298968435	-2.413
CAAGCG	CAAGCG|CGCTTG	1	1.26	0.00010649627263045793	0.00013464822559999993	0.7175762957671228	1364.8301145490675	-3.135
CAAGGA	CAAGGA|TCCTTG	2	2.79	0.00021299254526091586	0.0002976208375000001	0.768010910716318	1460.756752182437	-3.165
CAAGGC	CAAGGC|GCCTTG	4	1.40	0.0004259850905218317	0.00014897694700000003	0.053600545153535364	101.94823688202426	-2.008
CAAGGG	CAAGGG|CCCTTG	2	1.43	0.00021299254526091586	0.00015197445549999995	0.41746596890998133	794.0202728667845	-2.9
CAAGTA	CAAGTA|TACTTG	6	2.84	0.0006389776357827476	0.0003019527999999997	0.06823493018399171	129.78283720995222	-2.113
CAAGTC	CAAGTC|GACTTG	1	1.29	0.00010649627263045793	0.0001369823199999999	0.7236988775972808	1376.475265190028	-3.139
CAAGTG	CAAGTG|CACTTG	3	1.86	0.0003194888178913738	0.0001983026879999999	0.28604912927318943	544.0654438776063	-2.736
CAATAA	CAATAA|TTATTG	6	6.16	0.0006389776357827476	0.0006562490939999995	0.5800058216303117	1103.1710727408529	-3.043
CAATAC	CAATAC|GTATTG	1	2.90	0.00010649627263045793	0.0003086310599999999	0.9448691403522803	1797.141104950037	-3.255
CAATAG	CAATAG|CTATTG	7	3.34	0.0007454739084132055	0.000355628016	0.053610728843207014	101.96760625977974	-2.008
CAATCA	CAATCA|TGATTG	7	2.92	0.0007454739084132055	0.00031062258000000005	0.029484779804588558	56.08005118832744	-1.749
CAATCC	CAATCC|GGATTG	4	1.61	0.0004259850905218317	0.000171973476	0.08087083895625749	153.81633569480175	-2.187
CAATCG	CAATCG|CGATTG	1	1.30	0.00010649627263045793	0.00013897477800000005	0.7288201880556789	1386.2159976819014	-3.142
CAATGA	CAATGA|TCATTG	9	3.08	0.0009584664536741214	0.0003282839989	0.0045195655444120976	8.59621366547181	-0.934
CAATGC	CAATGC|GCATTG	2	1.74	0.00021299254526091586	0.00018530443360000008	0.51907673841336	987.2839564622107	-2.994
CAATGG	CAATGG|CCATTG	2	1.98	0.00021299254526091586	0.0002106360255999999	0.587971696739169	1118.3221671978995	-3.049
CAATTA	CAATTA|TAATTG	4	4.45	0.0004259850905218317	0.00047358460899999966	0.6486762159888941	1233.7821628108766	-3.091
CAATTC	CAATTC|GAATTG	8	2.97	0.0008519701810436634	0.0003166161739999999	0.011332162660876065	21.553773380986275	-1.334
CAATTG	CAATTG|CAATTG	5	3.49	0.0005324813631522897	0.0003712775009999999	0.27197007066295453	517.2870744009396	-2.714
CACAAA	CACAAA|TTTGTG	3	3.70	0.0003194888178913738	0.00039395640000000013	0.7144400415237476	1358.864958978168	-3.133
CACAAC	CACAAC|GTTGTG	7	1.87	0.0007454739084132055	0.00019897334400000006	0.00314731975827447	5.986202180238042	-0.777
CACAAG	CACAAG|CTTGTG	3	2.02	0.0003194888178913738	0.000215306472	0.3292044220816654	626.1468107993276	-2.797
CACACA	CACACA|TGTGTG	16	3.24	0.0017039403620873268	0.0003446153717999998	3.345585568303619e-07	0.0006363303750913483	3.196
CACACC	CACACC|GGTGTG	4	1.28	0.0004259850905218317	0.00013664773079999994	0.041429772800549276	78.79942786664472	-1.897
CACAGA	CACAGA|TCTGTG	3	1.92	0.0003194888178913738	0.00020397425350000015	0.30041671092245986	571.3925841745187	-2.757
CACAGC	CACAGC|GCTGTG	5	1.25	0.0005324813631522897	0.00013264663100000004	0.008995272672519308	17.109008623131725	-1.233
CACAGG	CACAGG|CCTGTG	5	1.15	0.0005324813631522897	0.00012198160789999999	0.006413696029694866	12.198849848479636	-1.086
CACATA	CACATA|TATGTG	10	3.60	0.0010649627263045794	0.00038293710000000017	0.003992093230810941	7.59296132500241	-0.88
CACATC	CACATC|GATGTG	5	1.96	0.0005324813631522897	0.00020896765500000005	0.0493075632235061	93.7829852511086	-1.972
CACATG	CACATG|CATGTG	2	1.46	0.00021299254526091586	0.00015564646499999996	0.4292141232466096	816.3652624150515	-2.912
CACCAA	CACCAA|TTGGTG	5	2.40	0.0005324813631522897	0.00025529546459999997	0.0955208302428131	181.68061912183052	-2.259
CACCAC	CACCAC|GTGGTG	5	1.50	0.0005324813631522897	0.00015964487990000005	0.018531983153588547	35.24783195812542	-1.547
CACCAG	CACCAG|CTGGTG	2	1.05	0.00021299254526091586	0.00011198276430000001	0.2831854173486066	538.6186637970497	-2.731
CACCCA	CACCCA|TGGGTG	4	1.57	0.0004259850905218317	0.00016764458200000003	0.07529547964991487	143.21200229413807	-2.156
CACCCC	CACCCC|GGGGTG	3	0.86	0.0003194888178913738	9.131855600000001e-05	0.05603969835952811	106.58750627982246	-2.028
CACCCG	CACCCG|CGGGTG	2	0.71	0.00021299254526091586	7.598978800000003e-05	0.16052644603214455	305.32130035313895	-2.485
CACCGC	CACCGC|GCGGTG	1	0.97	0.00010649627263045793	0.0001029842296	0.6197863380340999	1178.833614940858	-3.071
CACCTA	CACCTA|TAGGTG	4	1.24	0.0004259850905218317	0.0001323124704000001	0.037565324642295235	71.44924746964554	-1.854
CACCTC	CACCTC|GAGGTG	3	1.27	0.0003194888178913738	0.00013497831600000013	0.13545764850551	257.64044745748004	-2.411
CACCTG	CACCTG|CAGGTG	4	1.10	0.0004259850905218317	0.00011764713839999999	0.026090776364613544	49.62465664549496	-1.696
CACGAA	CACGAA|TTCGTG	3	1.82	0.0003194888178913738	0.0001943015892000001	0.27594599318539276	524.849279038617	-2.72
CACGAC	CACGAC|GTCGTG	1	0.77	0.00010649627263045793	8.232249020000003e-05	0.5383776668777472	1023.9943224014753	-3.01
CACGAG	CACGAG|CTCGTG	3	0.71	0.0003194888178913738	7.565598359999994e-05	0.03542028911266285	67.36938989228474	-1.828
CACGCA	CACGCA|TGCGTG	2	1.10	0.00021299254526091586	0.00011731700879999997	0.301558992053854	573.5652028864303	-2.759
CACGCC	CACGCC|GGCGTG	3	0.65	0.0003194888178913738	6.965619679999993e-05	0.028793230708120916	54.76472480684598	-1.739
CACGCG	CACGCG|CGCGTG	1	0.57	0.00010649627263045793	6.0656954399999925e-05	0.4342306551761296	825.9067061449985	-2.917
CACGGA	CACGGA|TCCGTG	4	0.99	0.0004259850905218317	0.00010498661190000004	0.01813128932946085	34.48571230463453	-1.538
CACGGC	CACGGC|GCCGTG	1	0.74	0.00010649627263045793	7.932189509999997e-05	0.5251862205069319	998.9041914041844	-3.0
CACGGG	CACGGG|CCCGTG	1	0.51	0.00010649627263045793	5.39923986e-05	0.3976933770255293	756.4128031025567	-2.879
CACGTA	CACGTA|TACGTG	1	1.43	0.00010649627263045793	0.0001523120058000001	0.7607412638212466	1446.929883788011	-3.16
CACGTC	CACGTC|GACGTG	1	0.85	0.00010649627263045793	9.065086559999994e-05	0.5731026223386565	1090.0411876881246	-3.037
CACGTG	CACGTG|CACGTG	17	1.44	0.001810436634717785	0.00015330829500000007	3.5456730918129987e-13	6.743870220628324e-10	9.171
CACTAA	CACTAA|TTAGTG	6	2.58	0.0006389776357827476	0.0002749604203999999	0.04771563496071143	90.75513769527313	-1.958
CACTAC	CACTAC|GTAGTG	2	1.67	0.00021299254526091586	0.00017830500609999995	0.49872595106589657	948.5767589273353	-2.977
CACTAG	CACTAG|CTAGTG	1	1.28	0.00010649627263045793	0.0001363155792	0.7219636139232358	1373.1747936819945	-3.138
CACTCA	CACTCA|TGAGTG	4	1.64	0.0004259850905218317	0.00017497539250000007	0.08485353336665498	161.39142046337778	-2.208
CACTCC	CACTCC|GGAGTG	1	1.06	0.00010649627263045793	0.00011298513499999992	0.653866388357902	1243.6538706567296	-3.095
CACTCG	CACTCG|CGAGTG	3	0.69	0.0003194888178913738	7.365383500000003e-05	0.03312872947360137	63.01084345878981	-1.799
CACTGA	CACTGA|TCAGTG	2	1.77	0.00021299254526091586	0.00018864200319999999	0.5285840330258581	1005.3668308151821	-3.002
CACTGC	CACTGC|GCAGTG	3	1.36	0.0003194888178913738	0.0001446447744	0.1564970358096638	297.6573621099805	-2.474
CACTGG	CACTGG|CCAGTG	2	0.93	0.00021299254526091586	9.898583680000004e-05	0.23831943856193968	453.2835721448093	-2.656
CACTTA	CACTTA|TAAGTG	5	2.28	0.0005324813631522897	0.00024263486	0.08123908040272715	154.51673092598705	-2.189
CACTTC	CACTTC|GAAGTG	8	2.51	0.0008519701810436634	0.00026729658000000016	0.004346138487639343	8.266355403490032	-0.917
CAGAAA	CAGAAA|TTTCTG	6	5.03	0.0006389776357827476	0.0005352343919999996	0.38857524098906376	739.0701083611992	-2.869
CAGAAC	CAGAAC|GTTCTG	5	1.94	0.0005324813631522897	0.0002062915679999998	0.04715450417041533	89.68786693212995	-1.953
CAGAAG	CAGAAG|CTTCTG	5	2.59	0.0005324813631522897	0.00027595207499999974	0.12133354254925247	230.7763979286782	-2.363
CAGACA	CAGACA|TGTCTG	2	1.54	0.00021299254526091586	0.00016431188159999994	0.45642517084901185	868.1206749548205	-2.939
CAGACC	CAGACC|GGTCTG	1	0.80	0.00010649627263045793	8.532188999999999e-05	0.5511975864935762	1048.3778095107818	-3.021
CAGACG	CAGACG|CGTCTG	2	0.79	0.00021299254526091586	8.432095619999996e-05	0.18825393185555114	358.0589783892583	-2.554
CAGAGA	CAGAGA|TCTCTG	5	2.10	0.0005324813631522897	0.00022363677239999998	0.06212108357101257	118.15430095206591	-2.072
CAGAGC	CAGAGC|GCTCTG	1	0.95	0.00010649627263045793	0.00010065019920000002	0.6113613822966415	1162.809349128212	-3.066
CAGAGG	CAGAGG|CCTCTG	3	1.14	0.0003194888178913738	0.00012165045720000011	0.10824683009259754	205.88547083612053	-2.314
CAGATA	CAGATA|TATCTG	7	2.52	0.0007454739084132055	0.0002679606961000001	0.014641954587390553	27.848997625216832	-1.445
CAGATC	CAGATC|GATCTG	1	1.43	0.00010649627263045793	0.00015197468419999997	0.7599822223010871	1445.4861868166677	-3.16
CAGATG	CAGATG|CATCTG	3	1.36	0.0003194888178913738	0.00014531386730000002	0.15798926451191322	300.49558110165896	-2.478
CAGCAA	CAGCAA|TTGCTG	5	2.92	0.0005324813631522897	0.00031095469080000016	0.17145609740126944	326.10949725721446	-2.513
CAGCAC	CAGCAC|GTGCTG	1	1.48	0.00010649627263045793	0.00015730996479999996	0.7717104659511448	1467.7933062390773	-3.167
CAGCAG	CAGCAG|CTGCTG	1	1.68	0.00010649627263045793	0.00017897135239999988	0.8137268248329167	1547.7084208322076	-3.19
CAGCCA	CAGCCA|TGGCTG	4	1.33	0.0004259850905218317	0.000141977748	0.046477405244381716	88.40002477481403	-1.946
CAGCCC	CAGCCC|GGGCTG	1	0.76	0.00010649627263045793	8.065277000000003e-05	0.5310830055431853	1010.1198765431385	-3.004
CAGCCG	CAGCCG|CGGCTG	1	0.84	0.00010649627263045793	8.965429000000004e-05	0.569089032912355	1082.4073405992992	-3.034
CAGCGA	CAGCGA|TCGCTG	2	1.12	0.00021299254526091586	0.0001196485236000001	0.3095654775839139	588.7935383646043	-2.77
CAGCGC	CAGCGC|GCGCTG	1	0.95	0.00010649627263045793	0.00010098534420000001	0.6125825100559438	1165.131934126405	-3.066
CAGCTA	CAGCTA|TAGCTG	3	1.66	0.0003194888178913738	0.0001763084049999999	0.23108789361420592	439.5291736542197	-2.643
CAGCTC	CAGCTC|GAGCTG	2	1.17	0.00021299254526091586	0.00012431318899999992	0.32552340367238675	619.1455137848795	-2.792
CAGCTG	CAGCTG|CAGCTG	2	1.24	0.00021299254526091586	0.00013165099999999994	0.3504163117475251	666.4918249437927	-2.824
CAGGAA	CAGGAA|TTCCTG	6	2.58	0.0006389776357827476	0.00027529204349999994	0.04794113436690039	91.18403756584453	-1.96
CAGGAC	CAGGAC|GTCCTG	2	0.88	0.00021299254526091586	9.398896510000007e-05	0.22114138983182302	420.61092346012737	-2.624
CAGGAG	CAGGAG|CTCCTG	4	0.92	0.0004259850905218317	9.798293379999998e-05	0.014472940835001202	27.527533468172287	-1.44
CAGGCA	CAGGCA|TGCCTG	2	1.39	0.00021299254526091586	0.00014764575839999993	0.4034608275557836	767.3824940111004	-2.885
CAGGGA	CAGGGA|TCCCTG	1	1.04	0.00010649627263045793	0.00011065230150000004	0.6462005709720795	1229.0734859888953	-3.09
CAGGTA	CAGGTA|TACCTG	3	1.37	0.0003194888178913738	0.00014631489600000006	0.16022993474251332	304.7573358802603	-2.484
CAGTAA	CAGTAA|TTACTG	3	3.25	0.0003194888178913738	0.0003459546480000001	0.6301289767421547	1198.5053137635782	-3.079
CAGTAC	CAGTAC|GTACTG	4	1.69	0.0004259850905218317	0.00017997571200000013	0.09169512521514182	174.40412815919976	-2.242
CAGTAG	CAGTAG|CTACTG	3	1.62	0.0003194888178913738	0.00017230652000000012	0.2212926485322919	420.8986175084192	-2.624
CAGTCA	CAGTCA|TGACTG	6	1.57	0.0006389776357827476	0.00016730964630000007	0.00554487659629629	10.546355286155544	-1.023
CAGTCC	CAGTCC|GGACTG	1	0.69	0.00010649627263045793	7.298951189999996e-05	0.496097013600295	943.5765198677611	-2.975
CAGTCG	CAGTCG|CGACTG	3	0.79	0.0003194888178913738	8.465633580000007e-05	0.04669537966924722	88.81461213090822	-1.948
CAGTGA	CAGTGA|TCACTG	6	1.83	0.0006389776357827476	0.0001949728704	0.011201740435751166	21.30571030879872	-1.328
CAGTGG	CAGTGG|CCACTG	2	1.13	0.00021299254526091586	0.0001206523583999999	0.3130069241771964	595.3391697850275	-2.775
CAGTTA	CAGTTA|TAACTG	4	2.32	0.0004259850905218317	0.00024728907000000003	0.20514961232835077	390.1945626485232	-2.591
CAGTTC	CAGTTC|GAACTG	5	1.61	0.0005324813631522897	0.00017130977500000012	0.02415940084856311	45.95118041396704	-1.662
CATAAA	CATAAA|TTTATG	7	5.54	0.0007454739084132055	0.0005902542939999998	0.3206521020538799	609.8802981064796	-2.785
CATAAC	CATAAC|GTTATG	4	2.58	0.0004259850905218317	0.0002749597759999999	0.26005986436614026	494.63386202439875	-2.694
CATAAG	CATAAG|CTTATG	3	2.42	0.0003194888178913738	0.00025762970100000007	0.43528459753411286	827.9113045098827	-2.918
CATACA	CATACA|TGTATG	9	3.50	0.0009584664536741214	0.00037228173429999984	0.00980176511231561	18.64295724362429	-1.271
CATACC	CATACC|GGTATG	1	1.62	0.00010649627263045793	0.0001726396265	0.8023161205973409	1526.0052613761425	-3.184
CATACG	CATACG|CGTATG	2	1.42	0.00021299254526091586	0.00015131093390000004	0.4153299517823547	789.9575682900387	-2.898
CATAGA	CATAGA|TCTATG	7	2.49	0.0007454739084132055	0.0002652963029999999	0.0139420193258683	26.517720757801506	-1.424
CATAGC	CATAGC|GCTATG	6	1.69	0.0006389776357827476	0.0001799737287999999	0.0077843802013039705	14.805891142880151	-1.17
CATAGG	CATAGG|CCTATG	2	1.07	0.00021299254526091586	0.0001139870446	0.29009654804132706	551.7636343746041	-2.742
CATATA	CATATA|TATATG	14	7.90	0.001490947816826411	0.0008408952720000001	0.03119981994284941	59.34205753129958	-1.773
CATATC	CATATC|GATATG	5	2.77	0.0005324813631522897	0.00029529922799999985	0.14812190864298047	281.72787023894887	-2.45
CATATG	CATATG|CATATG	2	2.69	0.00021299254526091586	0.00028695870000000005	0.7503475542401703	1427.161048164804	-3.154
CATCAA	CATCAA|TTGATG	3	3.62	0.0003194888178913738	0.00038560000800000007	0.7009161513274145	1333.1425198247423	-3.125
CATCAC	CATCAC|GTGATG	10	2.28	0.0010649627263045794	0.00024228821400000005	0.00013198651073444514	0.25103834341691467	0.6
CATCAG	CATCAG|CTGATG	3	1.55	0.0003194888178913738	0.00016497235800000003	0.20357291520242773	387.19568471501753	-2.588
CATCCA	CATCCA|TGGATG	2	1.73	0.00021299254526091586	0.0001839754641999999	0.5152554920134118	980.0159458095093	-2.991
CATCCC	CATCCC|GGGATG	3	1.04	0.0003194888178913738	0.00011098632380000002	0.08821775110948209	167.79016261023492	-2.225
CATCCG	CATCCG|CGGATG	2	1.04	0.00021299254526091586	0.00011031783840000004	0.2774395055164963	527.689939492376	-2.722
CATCGA	CATCGA|TCGATG	2	1.87	0.00021299254526091586	0.00019930440530000013	0.5580881455566767	1061.4836528487992	-3.026
CATCGC	CATCGC|GCGATG	4	1.97	0.0004259850905218317	0.00020997370310000003	0.13779801090709945	262.09181674530316	-2.418
CATCGG	CATCGG|CCGATG	2	0.95	0.00021299254526091586	0.0001013171349	0.24635759286708148	468.57214163318895	-2.671
CATCTA	CATCTA|TAGATG	12	2.94	0.0012779552715654952	0.0003132740280000002	5.945388407729432e-05	0.1130812875150138	0.947
CATCTC	CATCTC|GAGATG	2	2.53	0.00021299254526091586	0.000269948648	0.7197732121630337	1369.0086495340902	-3.136
CATGAA	CATGAA|TTCATG	14	2.69	0.001490947816826411	0.0002866258984	9.88810609414727e-07	0.0018807177791068108	2.726
CATGAC	CATGAC|GTCATG	5	1.14	0.0005324813631522897	0.0001213127352	0.0062715318110558955	11.928453504628314	-1.077
CATGAG	CATGAG|CTCATG	2	1.18	0.00021299254526091586	0.00012598419680000003	0.33121682509289796	629.9744013266919	-2.799
CATGCA	CATGCA|TGCATG	6	1.70	0.0006389776357827476	0.0001809708845999999	0.007984670924707766	15.186844098794172	-1.181
CATGCC	CATGCC|GGCATG	1	0.95	0.00010649627263045793	0.00010065285719999999	0.6113710820591709	1162.827798076543	-3.066
CATGCG	CATGCG|CGCATG	2	0.81	0.00021299254526091586	8.665307009999993e-05	0.19613073423237523	373.0406565099777	-2.572
CATGGA	CATGGA|TCCATG	2	1.26	0.00021299254526091586	0.00013464603540000003	0.36048743448916504	685.6471003983919	-2.836
CATGGC	CATGGC|GCCATG	2	0.87	0.00021299254526091586	9.298704419999995e-05	0.217708403879644	414.0813841790829	-2.617
CATGGG	CATGGG|CCCATG	2	0.64	0.00021299254526091586	6.798999239999999e-05	0.13470949653841366	256.2174624160628	-2.409
CATGTA	CATGTA|TACATG	6	2.23	0.0006389776357827476	0.0002372976762000002	0.026277117678714546	49.979077824915066	-1.699
CATGTC	CATGTC|GACATG	1	1.12	0.00010649627263045793	0.00011898491100000007	0.6728276930479415	1279.7182721771849	-3.107
CATTAA	CATTAA|TTAATG	9	4.19	0.0009584664536741214	0.00044658969200000017	0.027697990231647495	52.681577420593534	-1.722
CATTAC	CATTAC|GTAATG	5	2.95	0.0005324813631522897	0.0003142725440000002	0.17657472348647768	335.84512407128057	-2.526
CATTAG	CATTAG|CTAATG	5	2.02	0.0005324813631522897	0.00021528967400000017	0.05462013040535772	103.88748803099038	-2.017
CATTCA	CATTCA|TGAATG	6	3.25	0.0006389776357827476	0.0003466281439999997	0.11175438704738105	212.55684416411876	-2.327
CATTCC	CATTCC|GGAATG	4	2.03	0.0004259850905218317	0.00021664258999999994	0.14911355199108028	283.6139758870347	-2.453
CATTCG	CATTCG|CGAATG	1	1.49	0.00010649627263045793	0.00015865037199999988	0.7745658077664305	1473.2241663717507	-3.168
CATTGA	CATTGA|TCAATG	11	3.07	0.0011714589989350373	0.0003269406319999998	0.00035385809035805055	0.6730380878610122	0.172
CATTGC	CATTGC|GCAATG	5	2.16	0.0005324813631522897	0.00022995423599999994	0.0681649159776805	129.64967018954832	-2.113
CATTGG	CATTGG|CCAATG	4	1.66	0.0004259850905218317	0.0001763014960000001	0.08664285360102715	164.79470754915363	-2.217
CATTTA	CATTTA|TAAATG	11	4.74	0.0011714589989350373	0.0005049362419999999	0.009580334851826605	18.221796888174204	-1.261
CATTTC	CATTTC|GAAATG	8	4.38	0.0008519701810436634	0.0004662834029999999	0.07691024625413281	146.2832883753606	-2.165
CCAAAA	CCAAAA|TTTTGG	10	4.80	0.0010649627263045794	0.0005109371399999999	0.02507067884505218	47.68443116328925	-1.678
CCAAAC	CCAAAC|GTTTGG	4	1.93	0.0004259850905218317	0.00020530275000000005	0.13008778202364757	247.4269614089777	-2.393
CCAAAG	CCAAAG|CTTTGG	2	1.97	0.00021299254526091586	0.00020964449999999997	0.5854178955677559	1113.4648373698717	-3.047
CCAACA	CCAACA|TGTTGG	7	2.58	0.0007454739084132055	0.00027462932639999994	0.016502888572040346	31.388494064020737	-1.497
CCAACC	CCAACC|GGTTGG	2	1.04	0.00021299254526091586	0.00011065214159999999	0.27859352797770964	529.8848902136037	-2.724
CCAACG	CCAACG|CGTTGG	3	1.05	0.0003194888178913738	0.00011198392919999992	0.09001960137965236	171.2172818240988	-2.234
CCAAGA	CCAAGA|TCTTGG	6	2.53	0.0006389776357827476	0.0002692951570999999	0.04396451845109605	83.62051409398468	-1.922
CCAAGC	CCAAGC|GCTTGG	3	1.18	0.0003194888178913738	0.0001253142954	0.11550000544614503	219.68101035856785	-2.342
CCAAGG	CCAAGG|CCTTGG	1	1.20	0.00010649627263045793	0.00012797998119999998	0.6993270120149169	1330.1199768523718	-3.124
CCAATA	CCAATA|TATTGG	8	2.58	0.0008519701810436634	0.0002746287827999998	0.005086890194608531	9.675265150145426	-0.986
CCAATC	CCAATC|GATTGG	2	1.44	0.00021299254526091586	0.00015364770479999988	0.42283477216814597	804.2317366638136	-2.905
CCACAA	CCACAA|TTGTGG	7	1.88	0.0007454739084132055	0.00020063906799999993	0.0032924582593876197	6.262255609355253	-0.797
CCACAC	CCACAC|GTGTGG	5	1.40	0.0005324813631522897	0.00014931496720000005	0.014335063024389836	27.265289872389467	-1.436
CCACAG	CCACAG|CTGTGG	14	1.14	0.001490947816826411	0.00012131757679999999	2.4616615241499117e-11	4.682080218933132e-08	7.33
CCACCA	CCACCA|TGGTGG	5	1.43	0.0005324813631522897	0.0001526430411	0.01560945546334124	29.689184291275037	-1.473
CCACCC	CCACCC|GGGTGG	3	0.84	0.0003194888178913738	8.931980610000001e-05	0.053149315598708995	101.08999826874451	-2.005
CCACGA	CCACGA|TCGTGG	3	0.94	0.0003194888178913738	9.998417989999996e-05	0.06940453397677214	132.0074236238206	-2.121
CCACGC	CCACGC|GCGTGG	1	0.73	0.00010649627263045793	7.732243420000005e-05	0.5161874095854965	981.7884530316143	-2.992
CCACGG	CCACGG|CCGTGG	2	0.71	0.00021299254526091586	7.565597160000009e-05	0.15943140298034864	303.2385284686231	-2.482
CCACTA	CCACTA|TAGTGG	6	1.86	0.0006389776357827476	0.0001979745592	0.011995148160773584	22.81477180179136	-1.358
CCACTC	CCACTC|GAGTGG	2	1.11	0.00021299254526091586	0.00011831343110000001	0.30498289391083133	580.0774642184012	-2.763
CCAGAA	CCAGAA|TTCTGG	5	2.14	0.0005324813631522897	0.0002276305199999999	0.06590525216467755	125.3517896172167	-2.098
CCAGAC	CCAGAC|GTCTGG	1	0.71	0.00010649627263045793	7.599106320000005e-05	0.5101010254137082	970.2121503368729	-2.987
CCAGCA	CCAGCA|TGCTGG	1	1.32	0.00010649627263045793	0.00014031035119999998	0.7321998264770417	1392.6440699593334	-3.144
CCAGCC	CCAGCC|GGCTGG	1	0.73	0.00010649627263045793	7.731994259999995e-05	0.5161760901137226	981.7669233963003	-2.992
CCAGCG	CCAGCG|CGCTGG	1	0.69	0.00010649627263045793	7.332275679999999e-05	0.49767134704941934	946.5709020879956	-2.976
CCAGGA	CCAGGA|TCCTGG	3	0.98	0.0003194888178913738	0.0001043191368	0.0765797585862311	145.65470083101155	-2.163
CCAGGG	CCAGGG|CCCTGG	1	0.56	0.00010649627263045793	5.932538039999998e-05	0.427112159323074	812.3673270324867	-2.91
CCAGTA	CCAGTA|TACTGG	1	1.62	0.00010649627263045793	0.00017297405820000002	0.8029359362676123	1527.1841507809986	-3.184
CCAGTC	CCAGTC|GACTGG	3	0.78	0.0003194888178913738	8.265414960000002e-05	0.04405112096202691	83.78523206977518	-1.923
CCATAA	CCATAA|TTATGG	4	2.49	0.0004259850905218317	0.0002656260432000001	0.2411908584232676	458.745012721055	-2.662
CCATAC	CCATAC|GTATGG	2	1.65	0.00021299254526091586	0.00017564268780000003	0.49084108816137445	933.5797496829342	-2.97
CCATAG	CCATAG|CTATGG	7	1.36	0.0007454739084132055	0.00014430880799999997	0.0005146803162057224	0.978921961423284	0.009
CCATCA	CCATCA|TGATGG	5	1.92	0.0005324813631522897	0.00020463892120000003	0.04585326197008671	87.21290426710493	-1.941
CCATCC	CCATCC|GGATGG	4	1.15	0.0004259850905218317	0.00012231653000000005	0.029477992668340898	56.06714205518439	-1.749
CCATGA	CCATGA|TCATGG	1	1.10	0.00010649627263045793	0.00011731376000000002	0.6676531765546969	1269.8763418070334	-3.104
CCATGC	CCATGC|GCATGG	4	0.91	0.0004259850905218317	9.698669999999995e-05	0.013994156054796451	26.61688481622285	-1.425
CCATGG	CCATGG|CCATGG	1	0.78	0.00010649627263045793	8.298596199999994e-05	0.5412446342298172	1029.4472943051123	-3.013
CCATTA	CCATTA|TAATGG	2	2.56	0.00021299254526091586	0.00027229029999999995	0.724162399161143	1377.356883204494	-3.139
CCATTC	CCATTC|GAATGG	4	1.99	0.0004259850905218317	0.00021197297499999995	0.14115312993605494	268.4732531383765	-2.429
CCCAAA	CCCAAA|TTTGGG	2	2.12	0.00021299254526091586	0.00022563313359999992	0.6251691567660578	1189.071736169042	-3.075
CCCAAC	CCCAAC|GTTGGG	2	1.26	0.00021299254526091586	0.00013431387759999997	0.3593733440491603	683.5281003815029	-2.835
CCCAAG	CCCAAG|CTTGGG	2	0.92	0.00021299254526091586	9.798788440000002e-05	0.23488239085680132	446.74630740963613	-2.65
CCCACA	CCCACA|TGTGGG	7	1.36	0.0007454739084132055	0.00014464392800000008	0.0005216969875754276	0.9922676703684632	0.003
CCCACC	CCCACC|GGTGGG	1	0.88	0.00010649627263045793	9.365338599999995e-05	0.5849703412924974	1112.61358913833	-3.046
CCCACG	CCCACG|CGTGGG	1	0.67	0.00010649627263045793	7.165763399999998e-05	0.489755462690837	931.5148900379719	-2.969
CCCAGG	CCCAGG|CCTGGG	1	0.54	0.00010649627263045793	5.765960900000003e-05	0.41808083259107065	795.1897435882164	-2.9
CCCATA	CCCATA|TATGGG	4	1.49	0.0004259850905218317	0.0001586425775	0.06435062098078545	122.39488110545392	-2.088
CCCATC	CCCATC|GATGGG	4	1.10	0.0004259850905218317	0.00011698315000000001	0.02562911866343827	48.746583697859585	-1.688
CCCCAA	CCCCAA|TTGGGG	1	0.89	0.00010649627263045793	9.498703949999998e-05	0.5901353521180781	1122.4374397285846	-3.05
CCCCAC	CCCCAC|GTGGGG	4	0.95	0.0004259850905218317	0.000101654568	0.016326362591962965	31.05274164991356	-1.492
CCCCAG	CCCCAG|CTGGGG	1	0.64	0.00010649627263045793	6.865721999999999e-05	0.4751754673607835	903.7837389202102	-2.956
CCCCCA	CCCCCA|TGGGGG	2	0.72	0.00021299254526091586	7.665458580000006e-05	0.16271132055722756	309.47693169984683	-2.491
CCCCCC	CCCCCC|GGGGGG	1	0.76	0.00010649627263045793	8.098677200000007e-05	0.5325513561804217	1012.9126794551621	-3.006
CCCCGC	CCCCGC|GCGGGG	1	0.66	0.00010649627263045793	6.999195759999991e-05	0.48171214263034046	916.2164952829075	-2.962
CCCCTC	CCCCTC|GAGGGG	1	1.14	0.00010649627263045793	0.00012131744800000003	0.6799156860245015	1293.199634818602	-3.112
CCCGAC	CCCGAC|GTCGGG	2	0.39	0.00021299254526091586	4.1993689999999976e-05	0.060035688208166814	114.18787897193327	-2.058
CCCGCA	CCCGCA|TGCGGG	1	0.82	0.00010649627263045793	8.765548099999996e-05	0.5609249687886432	1066.8792906359993	-3.028
CCCGCC	CCCGCC|GGCGGG	2	0.75	0.00021299254526091586	7.965680050000007e-05	0.17264220329575206	328.3654706685204	-2.516
CCCGCG	CCCGCG|CGCGGG	1	0.55	0.00010649627263045793	5.8992232999999984e-05	0.4253172145367488	808.9533420488963	-2.908
CCCGGA	CCCGGA|TCCGGG	1	0.84	0.00010649627263045793	8.932048199999996e-05	0.5677362419384078	1079.8343321668515	-3.033
CCCGGC	CCCGGC|GCCGGG	3	0.71	0.0003194888178913738	7.565554710000001e-05	0.035419780825699805	67.36842313048103	-1.828
CCCGTA	CCCGTA|TACGGG	1	0.79	0.00010649627263045793	8.365431179999996e-05	0.5441146779380108	1034.9061174380965	-3.015
CCCGTC	CCCGTC|GACGGG	2	0.64	0.00021299254526091586	6.76558848e-05	0.13365265442943416	254.20734872478377	-2.405
CCCTAA	CCCTAA|TTAGGG	1	1.40	0.00010649627263045793	0.00014897493659999996	0.7531253731135701	1432.4444596620103	-3.156
CCCTCA	CCCTCA|TGAGGG	2	1.26	0.00021299254526091586	0.00013398389200000002	0.35826582652499794	681.4216020505461	-2.833
CCCTCC	CCCTCC|GGAGGG	2	1.10	0.00021299254526091586	0.000116648364	0.29925972551272717	569.191997925207	-2.755
CCCTCG	CCCTCG|CGAGGG	2	0.64	0.00021299254526091586	6.8658072e-05	0.1368283662451476	260.2475525982707	-2.415
CCCTTA	CCCTTA|TAAGGG	3	1.81	0.0003194888178913738	0.00019230638000000008	0.27092101101592786	515.2917629522948	-2.712
CCCTTC	CCCTTC|GAAGGG	4	2.00	0.0004259850905218317	0.00021329500500000002	0.14338939013530722	272.72662003735434	-2.436
CCGAAA	CCGAAA|TTTCGG	1	2.08	0.00010649627263045793	0.0002213042994000001	0.8748256071723665	1663.918304841841	-3.221
CCGAAC	CCGAAC|GTTCGG	1	0.77	0.00010649627263045793	8.165454509999997e-05	0.5354732708608513	1018.4701611773392	-3.008
CCGAAG	CCGAAG|CTTCGG	2	1.09	0.00021299254526091586	0.00011631834830000001	0.29812443382791576	567.0326731406958	-2.754
CCGACG	CCGACG|CGTCGG	2	0.44	0.00021299254526091586	4.6658027699999934e-05	0.07205512859490705	137.0488545875132	-2.137
CCGAGG	CCGAGG|CCTCGG	2	0.48	0.00021299254526091586	5.0658517799999996e-05	0.08292151540508405	157.71672230046985	-2.198
CCGATA	CCGATA|TATCGG	3	1.05	0.0003194888178913738	0.00011131487940000006	0.08880948189692232	168.91563456794626	-2.228
CCGATC	CCGATC|GATCGG	2	0.59	0.00021299254526091586	6.265552840000005e-05	0.11807552397697545	224.5796466042073	-2.351
CCGCAC	CCGCAC|GTGCGG	1	1.00	0.00010649627263045793	0.00010598410640000005	0.630347076839481	1198.9201401486928	-3.079
CCGCAG	CCGCAG|CTGCGG	2	0.76	0.00021299254526091586	8.132103000000007e-05	0.1781889377714551	338.91535964130765	-2.53
CCGCCC	CCGCCC|GGGCGG	2	0.85	0.00021299254526091586	9.065055889999998e-05	0.209721564014888	398.890414756317	-2.601
CCGCGC	CCGCGC|GCGCGG	2	0.70	0.00021299254526091586	7.465526670000003e-05	0.1561571726306704	297.0109423435351	-2.473
CCGCTA	CCGCTA|TAGCGG	5	1.03	0.0005324813631522897	0.00010964943200000002	0.004134177193429251	7.863205021902435	-0.896
CCGCTC	CCGCTC|GAGCGG	1	0.82	0.00010649627263045793	8.698612799999996e-05	0.5581565927513088	1061.6138394129894	-3.026
CCGGAG	CCGGAG|CTCCGG	3	0.69	0.0003194888178913738	7.365429520000003e-05	0.03312924701334417	63.011827819380606	-1.799
CCGGCA	CCGGCA|TGCCGG	1	0.68	0.00010649627263045793	7.265460600000003e-05	0.49450986211699144	940.5577577465177	-2.973
CCGGCC	CCGGCC|GGCCGG	3	0.62	0.0003194888178913738	6.599034360000001e-05	0.025100847173671875	47.741811324323905	-1.679
CCGGGA	CCGGGA|TCCCGG	3	0.48	0.0003194888178913738	5.099269500000002e-05	0.012832875434507335	24.408129076432953	-1.388
CCGGGC	CCGGGC|GCCCGG	2	0.44	0.00021299254526091586	4.6660340999999956e-05	0.07206126936667034	137.060534335407	-2.137
CCGGTA	CCGGTA|TACCGG	4	0.74	0.0004259850905218317	7.898902199999994e-05	0.0070201408146219795	13.352307829411005	-1.126
CCGGTC	CCGGTC|GACCGG	3	0.48	0.0003194888178913738	5.066062199999997e-05	0.0126125263161683	23.98902505335211	-1.38
CCGTAA	CCGTAA|TTACGG	1	1.31	0.00010649627263045793	0.00013931169010000005	0.729676738154011	1387.845155968929	-3.142
CCGTAC	CCGTAC|GTACGG	1	1.08	0.00010649627263045793	0.00011464861979999997	0.6592310304362505	1253.8574198897486	-3.098
CCGTAG	CCGTAG|CTACGG	4	0.77	0.0004259850905218317	8.198738019999994e-05	0.007971642411453045	15.16206386658369	-1.181
CCGTCA	CCGTCA|TGACGG	3	0.79	0.0003194888178913738	8.365392480000004e-05	0.04536190220546058	86.27833799478603	-1.936
CCGTCC	CCGTCC|GGACGG	1	0.62	0.00010649627263045793	6.565632440000005e-05	0.46017641439080015	875.2555401713018	-2.942
CCGTCG	CCGTCG|CGACGG	2	0.52	0.00021299254526091586	5.5659018800000026e-05	0.0971453546600651	184.77046456344382	-2.267
CCGTGA	CCGTGA|TCACGG	2	0.76	0.00021299254526091586	8.098758649999991e-05	0.17707537316327404	336.7973597565472	-2.527
CCGTGC	CCGTGC|GCACGG	4	0.77	0.0004259850905218317	8.198968609999996e-05	0.007972404946193588	15.163514207660203	-1.181
CCGTTA	CCGTTA|TAACGG	2	1.36	0.00021299254526091586	0.00014430990160000002	0.3925585792625662	746.646417757401	-2.873
CCGTTC	CCGTTC|GAACGG	2	1.13	0.00021299254526091586	0.00011998348320000009	0.3107142278480301	590.9784613669533	-2.772
CCTAAA	CCTAAA|TTTAGG	6	2.79	0.0006389776357827476	0.0002969527200000001	0.06410203971954775	121.92207954657982	-2.086
CCTAAC	CCTAAC|GTTAGG	1	1.13	0.00010649627263045793	0.00011998474050000007	0.6758849434098761	1285.5331623655845	-3.109
CCTACA	CCTACA|TGTAGG	2	1.56	0.00021299254526091586	0.00016664166690000005	0.4636124281343132	881.7908383114637	-2.945
CCTACC	CCTACC|GGTAGG	1	0.92	0.00010649627263045793	9.832123310000003e-05	0.602768632671067	1146.4659393403692	-3.059
CCTACG	CCTACG|CGTAGG	2	0.67	0.00021299254526091586	7.132501309999997e-05	0.1453581832411316	276.47126452463226	-2.442
CCTAGA	CCTAGA|TCTAGG	1	1.00	0.00010649627263045793	0.00010698378239999997	0.6338007580311182	1205.489041775187	-3.081
CCTAGC	CCTAGC|GCTAGG	1	0.83	0.00010649627263045793	8.798791679999997e-05	0.5622934361870143	1069.4821156277012	-3.029
CCTATC	CCTATC|GATAGG	3	1.30	0.0003194888178913738	0.0001383152595	0.14260671620882817	271.2379742291912	-2.433
CCTCAA	CCTCAA|TTGAGG	4	2.12	0.0004259850905218317	0.00022596767070000003	0.16550363665813858	314.78791692377956	-2.498
CCTCAC	CCTCAC|GTGAGG	3	1.11	0.0003194888178913738	0.00011865116390000007	0.10244657472067899	194.85338511873144	-2.29
CCTCAG	CCTCAG|CTGAGG	2	0.94	0.00021299254526091586	9.998858110000009e-05	0.24177545229555733	459.85691026615007	-2.663
CCTCCA	CCTCCA|TGGAGG	2	1.18	0.00021299254526091586	0.0001253149716	0.328938257790796	625.640566318094	-2.796
CCTCCC	CCTCCC|GGGAGG	1	0.96	0.00010649627263045793	0.00010231704209999999	0.6173968639461851	1174.288835225644	-3.07
CCTCCG	CCTCCG|CGGAGG	1	0.66	0.00010649627263045793	7.03234623e-05	0.4833229757472058	919.2802998711854	-2.963
CCTCGA	CCTCGA|TCGAGG	5	1.78	0.0005324813631522897	0.0001893081488000001	0.03480948336214028	66.2076373547908	-1.821
CCTCTA	CCTCTA|TAGAGG	4	1.80	0.0004259850905218317	0.00019130874960000005	0.10812893785913628	205.66123980807723	-2.313
CCTCTC	CCTCTC|GAGAGG	2	1.59	0.00021299254526091586	0.00016897744319999993	0.4707614262440638	895.3882327162094	-2.952
CCTGAA	CCTGAA|TTCAGG	4	1.82	0.0004259850905218317	0.00019430605130000007	0.1126823012378607	214.32173695441105	-2.331
CCTGAC	CCTGAC|GTCAGG	2	0.68	0.00021299254526091586	7.265551619999997e-05	0.14965391545842358	284.64174720192165	-2.454
CCTGAG	CCTGAG|CTCAGG	2	0.74	0.00021299254526091586	7.932299760000004e-05	0.17153310222003623	326.2559604225089	-2.514
CCTGCA	CCTGCA|TGCAGG	1	1.32	0.00010649627263045793	0.00014098044800000002	0.7338795908698712	1395.838981834495	-3.145
CCTGCG	CCTGCG|CGCAGG	1	0.78	0.00010649627263045793	8.298630199999987e-05	0.5412460988498594	1029.4500800124326	-3.013
CCTGGA	CCTGGA|TCCAGG	2	0.94	0.00021299254526091586	9.965303269999992e-05	0.2406187130651167	457.65679224985195	-2.661
CCTGGC	CCTGGC|GCCAGG	1	0.70	0.00010649627263045793	7.432404589999999e-05	0.5023721602148881	955.511848728717	-2.98
CCTGTA	CCTGTA|TACAGG	3	1.57	0.0003194888178913738	0.00016764494580000016	0.2099925323709826	399.40579656960887	-2.601
CCTGTC	CCTGTC|GACAGG	3	0.93	0.0003194888178913738	9.93186384e-05	0.06833121908580816	129.96597870120712	-2.114
CCTTAA	CCTTAA|TTAAGG	3	2.37	0.0003194888178913738	0.0002522929499999999	0.4221795377828825	802.9854808630424	-2.905
CCTTAC	CCTTAC|GTAAGG	4	1.58	0.0004259850905218317	0.00016830743019999997	0.0761362091656486	144.81106983306364	-2.161
CCTTAG	CCTTAG|CTAAGG	3	1.17	0.0003194888178913738	0.00012498204600000002	0.11483485109262997	218.4158867781822	-2.339
CCTTCA	CCTTCA|TGAAGG	4	2.32	0.0004259850905218317	0.0002472963657999999	0.20516363245995783	390.22122893883983	-2.591
CCTTCC	CCTTCC|GGAAGG	4	2.16	0.0004259850905218317	0.0002299664828999999	0.1727211973791414	328.51571741512697	-2.517
CCTTCG	CCTTCG|CGAAGG	1	1.21	0.00010649627263045793	0.00012864514299999998	0.7011991236322165	1333.6807331484758	-3.125
CCTTGA	CCTTGA|TCAAGG	5	1.82	0.0005324813631522897	0.00019330259839999995	0.03750934161732629	71.3427677561546	-1.853
CCTTGC	CCTTGC|GCAAGG	4	1.70	0.0004259850905218317	0.0001809765356	0.0930951670765963	177.06700777968618	-2.248
CCTTTA	CCTTTA|TAAAGG	8	4.09	0.0008519701810436634	0.0004352588760000001	0.05648852287179363	107.44117050215148	-2.031
CCTTTC	CCTTTC|GAAAGG	2	3.68	0.00021299254526091586	0.00039194874000000006	0.8819934770373988	1677.5515933251327	-3.225
CGAAAA	CGAAAA|TTTTCG	8	5.40	0.0008519701810436634	0.0005755913	0.178917939055798	340.3019200841278	-2.532
CGAAAC	CGAAAC|GTTTCG	5	1.81	0.0005324813631522897	0.00019264662500000006	0.037057435219950176	70.48324178834524	-1.848
CGAAAG	CGAAAG|CTTTCG	2	2.06	0.00021299254526091586	0.00021930612499999997	0.6098029629211257	1159.845235475981	-3.064
CGAACA	CGAACA|TGTTCG	2	1.74	0.00021299254526091586	0.00018530595299999993	0.5190810956550694	987.2922439359421	-2.994
CGAACC	CGAACC|GGTTCG	2	0.71	0.00021299254526091586	7.532154419999993e-05	0.1583357577927271	301.15461132176694	-2.479
CGAACG	CGAACG|CGTTCG	2	0.80	0.00021299254526091586	8.565315639999997e-05	0.19274831243081414	366.6072902434085	-2.564
CGAAGA	CGAAGA|TCTTCG	5	2.33	0.0005324813631522897	0.00024763032700000014	0.0867298317591362	164.96014000587707	-2.217
CGAAGC	CGAAGC|GCTTCG	1	1.22	0.00010649627263045793	0.00012997833800000003	0.704916406155703	1340.751004508147	-3.127
CGAATC	CGAATC|GATTCG	1	0.95	0.00010649627263045793	0.00010132077839999999	0.6138008497117776	1167.449216151801	-3.067
CGACAA	CGACAA|TTGTCG	4	1.56	0.0004259850905218317	0.00016564388750000002	0.07278659358972973	138.44010100766596	-2.141
CGACAC	CGACAC|GTGTCG	1	0.72	0.00010649627263045793	7.66552423e-05	0.5131468421052114	976.0052936841122	-2.989
CGACAG	CGACAG|CTGTCG	5	0.90	0.0005324813631522897	9.598526209999996e-05	0.0023586219088941166	4.48609887071661	-0.652
CGACCC	CGACCC|GGGTCG	1	0.31	0.00010649627263045793	3.266196949999999e-05	0.2641256490203356	502.3669844366783	-2.701
CGACCG	CGACCG|CGGTCG	1	0.39	0.00010649627263045793	4.166015250000001e-05	0.3237475541031679	615.7678479042254	-2.789
CGACGA	CGACGA|TCGTCG	3	0.71	0.0003194888178913738	7.598708449999995e-05	0.03580693200708424	68.10478467747423	-1.833
CGACGC	CGACGC|GCGTCG	2	0.67	0.00021299254526091586	7.165689210000008e-05	0.14642728683212497	278.5046995547017	-2.445
CGACTA	CGACTA|TAGTCG	1	1.07	0.00010649627263045793	0.0001139813989999999	0.6570893415068235	1249.7839275459783	-3.097
CGACTC	CGACTC|GAGTCG	3	0.71	0.0003194888178913738	7.565473439999996e-05	0.03541883447881097	67.36662317869848	-1.828
CGAGAA	CGAGAA|TTCTCG	8	2.41	0.0008519701810436634	0.0002566268274999998	0.0034196603233382526	6.504193934989356	-0.813
CGAGAC	CGAGAC|GTCTCG	2	0.72	0.00021299254526091586	7.69874749999999e-05	0.16380737621431696	311.56162955963083	-2.494
CGAGAG	CGAGAG|CTCTCG	1	1.01	0.00010649627263045793	0.00010765061749999993	0.6360865805619731	1209.8366762288729	-3.083
CGAGCA	CGAGCA|TGCTCG	4	1.05	0.0004259850905218317	0.00011131725359999996	0.021890300031392237	41.63535065970804	-1.619
CGAGCG	CGAGCG|CGCTCG	3	0.55	0.0003194888178913738	5.8324257599999965e-05	0.018260982370679215	34.73238846903187	-1.541
CGAGGA	CGAGGA|TCCTCG	4	1.66	0.0004259850905218317	0.0001769724407	0.08755510036822561	166.5298009003651	-2.221
CGAGGC	CGAGGC|GCCTCG	1	0.68	0.00010649627263045793	7.232210169999997e-05	0.4929291466526042	937.5512369332531	-2.972
CGAGTA	CGAGTA|TACTCG	3	1.07	0.0003194888178913738	0.00011364931050000011	0.09306155940768018	177.00308599340772	-2.248
CGATAA	CGATAA|TTATCG	3	2.23	0.0003194888178913738	0.0002376351254	0.3856917381046951	733.58568587513	-2.865
CGATAC	CGATAC|GTATCG	3	1.02	0.0003194888178913738	0.00010831709990000002	0.08347305035328738	158.7657417719526	-2.201
CGATAG	CGATAG|CTATCG	4	1.30	0.0004259850905218317	0.00013864852030000003	0.04328625409465138	82.33045528802693	-1.916
CGATCA	CGATCA|TGATCG	3	1.00	0.0003194888178913738	0.00010664953770000006	0.08056630597088159	153.23711395661678	-2.185
CGATCC	CGATCC|GGATCG	1	0.64	0.00010649627263045793	6.832230390000008e-05	0.47352236851590856	900.639544917258	-2.955
CGATGA	CGATGA|TCATCG	8	2.39	0.0008519701810436634	0.0002542954715999998	0.003239349760634112	6.161243244726081	-0.79
CGATTA	CGATTA|TAATCG	1	1.83	0.00010649627263045793	0.00019463654339999987	0.839206949672243	1596.171618276606	-3.203
CGATTC	CGATTC|GAATCG	2	1.11	0.00021299254526091586	0.00011797913640000002	0.30383453649965053	577.8932884223353	-2.762
CGCAAA	CGCAAA|TTTGCG	5	2.37	0.0005324813631522897	0.0002519645743999998	0.09164677561490983	174.3121672195585	-2.241
CGCAAC	CGCAAC|GTTGCG	3	1.01	0.0003194888178913738	0.00010765335950000003	0.08231072808648494	156.55500482049436	-2.195
CGCAAG	CGCAAG|CTTGCG	2	1.50	0.00021299254526091586	0.00015964291509999991	0.4418555753086093	840.4093042369749	-2.924
CGCACA	CGCACA|TGTGCG	4	1.37	0.0004259850905218317	0.00014597827789999995	0.05048023608425007	96.01340903224363	-1.982
CGCACG	CGCACG|CGTGCG	1	0.69	0.00010649627263045793	7.332364829999996e-05	0.49767555211790304	946.5789001282516	-2.976
CGCAGA	CGCAGA|TCTGCG	2	1.17	0.00021299254526091586	0.0001249837818	0.3278098283835792	623.4942935855677	-2.795
CGCAGC	CGCAGC|GCTGCG	1	0.79	0.00010649627263045793	8.432278180000005e-05	0.5469672775423159	1040.3317618854849	-3.017
CGCATA	CGCATA|TATGCG	3	1.82	0.0003194888178913738	0.0001943068124999999	0.2759591605453165	524.874323357192	-2.72
CGCATC	CGCATC|GATGCG	2	1.11	0.00021299254526091586	0.00011798633250000003	0.30385926001771435	577.9403125536927	-2.762
CGCCAA	CGCCAA|TTGGCG	2	1.49	0.00021299254526091586	0.0001589776488	0.4397619501185515	836.4272291254849	-2.922
CGCCAC	CGCCAC|GTGGCG	4	0.79	0.0004259850905218317	8.431934040000001e-05	0.008767430729463418	16.67565324743942	-1.222
CGCCAG	CGCCAG|CTGGCG	3	0.74	0.0003194888178913738	7.832144969999992e-05	0.03859441520681011	73.40657772335283	-1.866
CGCCCA	CGCCCA|TGGGCG	1	0.78	0.00010649627263045793	8.298823059999999e-05	0.5412544066031805	1029.4658813592494	-3.013
CGCCCG	CGCCCG|CGGGCG	2	0.51	0.00021299254526091586	5.432469789999994e-05	0.09328503272974932	177.42813225198321	-2.249
CGCCGA	CGCCGA|TCGGCG	1	0.82	0.00010649627263045793	8.765229279999999e-05	0.5609118239157376	1066.854289087733	-3.028
CGCCTC	CGCCTC|GAGGCG	1	0.91	0.00010649627263045793	9.731806879999999e-05	0.5990091484525705	1139.315400356789	-3.057
CGCGAA	CGCGAA|TTCGCG	2	1.25	0.00021299254526091586	0.0001333169844	0.3560253677153596	677.160249394614	-2.831
CGCGAC	CGCGAC|GTCGCG	3	0.50	0.0003194888178913738	5.2991265600000036e-05	0.01420546920889003	27.01880243530884	-1.432
CGCGAG	CGCGAG|CTCGCG	2	0.55	0.00021299254526091586	5.899125780000006e-05	0.10697620234991659	203.46873686954135	-2.308
CGCGCA	CGCGCA|TGCGCG	8	0.85	0.0008519701810436634	9.065339320000003e-05	3.220214259131816e-06	0.006124847520868714	2.213
CGCGGA	CGCGGA|TCCGCG	1	0.79	0.00010649627263045793	8.46535437e-05	0.5483721483533689	1043.0038261681077	-3.018
CGCGTA	CGCGTA|TACGCG	1	0.88	0.00010649627263045793	9.331999999999994e-05	0.583669057443698	1110.1385472579136	-3.045
CGCGTC	CGCGTC|GACGCG	2	0.80	0.00021299254526091586	8.532060959999996e-05	0.19162509065413633	364.47092242416727	-2.562
CGCTAA	CGCTAA|TTAGCG	3	1.42	0.0003194888178913738	0.00015097799999999985	0.17079173333117484	324.8458767958945	-2.512
CGCTAC	CGCTAC|GTAGCG	4	0.94	0.0004259850905218317	0.00010031984839999999	0.015636320313444946	29.740281236172287	-1.473
CGCTAG	CGCTAG|CTAGCG	2	0.76	0.00021299254526091586	8.065244759999996e-05	0.17595725267865775	334.67069459480706	-2.525
CGCTCC	CGCTCC|GGAGCG	1	0.65	0.00010649627263045793	6.965767540000003e-05	0.48008272781029254	913.1173482951764	-2.961
CGCTGA	CGCTGA|TCAGCG	2	1.04	0.00021299254526091586	0.00011065204980000003	0.27859321110015617	529.884287512497	-2.724
CGCTTA	CGCTTA|TAAGCG	4	1.40	0.0004259850905218317	0.00014864751570000013	0.0532527433743112	101.2867178979399	-2.006
CGCTTC	CGCTTC|GAAGCG	4	1.50	0.0004259850905218317	0.00015997391879999997	0.06591323360466564	125.36697031607405	-2.098
CGGAAA	CGGAAA|TTTCCG	6	2.90	0.0006389776357827476	0.0003089531535999998	0.07427448371015562	141.27006801671598	-2.15
CGGAAC	CGGAAC|GTTCCG	3	1.00	0.0003194888178913738	0.0001059836232	0.07941808664659272	151.05320080181937	-2.179
CGGAAG	CGGAAG|CTTCCG	3	1.32	0.0003194888178913738	0.00014097635999999996	0.1483955985237938	282.2484283922558	-2.451
CGGACA	CGGACA|TGTCCG	2	0.68	0.00021299254526091586	7.198793920000007e-05	0.14749532559903814	280.53610928937053	-2.448
CGGACC	CGGACC|GGTCCG	1	0.53	0.00010649627263045793	5.598954400000003e-05	0.40888329942061974	777.6960354980188	-2.891
CGGAGA	CGGAGA|TCTCCG	2	1.04	0.00021299254526091586	0.00011064891150000003	0.27858237823095783	529.8636833952818	-2.724
CGGAGC	CGGAGC|GCTCCG	1	0.60	0.00010649627263045793	6.399064350000006e-05	0.4516667971777851	859.0702482321473	-2.934
CGGATA	CGGATA|TATCCG	3	1.17	0.0003194888178913738	0.00012464964569999993	0.11417085533434268	217.15296684591976	-2.337
CGGCAC	CGGCAC|GTGCCG	3	0.70	0.0003194888178913738	7.432075560000003e-05	0.033883183406719634	64.44581483958075	-1.809
CGGCAG	CGGCAG|CTGCCG	1	0.79	0.00010649627263045793	8.431933860000002e-05	0.5469526300110126	1040.303902280946	-3.017
CGGCCA	CGGCCA|TGGCCG	2	0.66	0.00021299254526091586	6.998861520000003e-05	0.14106998343670038	268.3151084966041	-2.429
CGGCCC	CGGCCC|GGGCCG	3	0.51	0.0003194888178913738	5.399208359999997e-05	0.01492285937798219	28.383278536922127	-1.453
CGGCTA	CGGCTA|TAGCCG	1	1.10	0.00010649627263045793	0.00011698408799999995	0.6666227629929182	1267.9164952125304	-3.103
CGGCTC	CGGCTC|GAGCCG	2	0.76	0.00021299254526091586	8.098898399999991e-05	0.1770800379623025	336.80623220429936	-2.527
CGGGAA	CGGGAA|TTCCCG	2	1.24	0.00021299254526091586	0.00013164659580000007	0.3504014610107119	666.4635788423741	-2.824
CGGGAC	CGGGAC|GTCCCG	5	0.38	0.0005324813631522897	4.06607904e-05	4.925922742207845e-05	0.0936910505567932	1.028
CGGGAG	CGGGAG|CTCCCG	3	0.54	0.0003194888178913738	5.7657438000000066e-05	0.01772245696173596	33.708113141221794	-1.528
CGGGCA	CGGGCA|TGCCCG	3	0.64	0.0003194888178913738	6.765588690000003e-05	0.02674472104648591	50.8684594304162	-1.706
CGGGCC	CGGGCC|GGCCCG	3	0.53	0.0003194888178913738	5.599068290000004e-05	0.016415758158564792	31.222772017590234	-1.494
CGGGGA	CGGGGA|TCCCCG	2	0.58	0.00021299254526091586	6.165937919999995e-05	0.1150299771122899	218.7870164675754	-2.34
CGGGTA	CGGGTA|TACCCG	5	1.67	0.0005324813631522897	0.000178308334	0.02801019796435375	53.27539652820083	-1.727
CGGTAA	CGGTAA|TTACCG	3	1.41	0.0003194888178913738	0.0001506466143000001	0.17003462577437709	323.4058582228652	-2.51
CGGTAC	CGGTAC|GTACCG	1	0.65	0.00010649627263045793	6.932394560000006e-05	0.4784508956694816	910.0136035633541	-2.959
CGGTAG	CGGTAG|CTACCG	3	0.93	0.0003194888178913738	9.865365509999991e-05	0.06726644453975299	127.94077751461018	-2.107
CGGTCC	CGGTCC|GGACCG	3	0.42	0.0003194888178913738	4.432720190000002e-05	0.008825195476998135	16.785521797250453	-1.225
CGGTGA	CGGTGA|TCACCG	2	0.89	0.00021299254526091586	9.432084839999998e-05	0.2222795234167318	422.7756535386239	-2.626
CGGTTA	CGGTTA|TAACCG	2	1.06	0.00021299254526091586	0.00011331750860000011	0.287788707564837	547.3741217883199	-2.738
CGTAAA	CGTAAA|TTTACG	5	2.72	0.0005324813631522897	0.00028928964900000004	0.13954678574009785	265.4179864776661	-2.424
CGTAAC	CGTAAC|GTTACG	5	1.22	0.0005324813631522897	0.00013031596500000004	0.008378834697357881	15.93654359437469	-1.202
CGTAAG	CGTAAG|CTTACG	3	1.17	0.0003194888178913738	0.00012498539339999998	0.11484154522857476	218.4286190247492	-2.339
CGTACA	CGTACA|TGTACG	2	1.66	0.00021299254526091586	0.00017663797829999993	0.493797975730644	939.2037498396849	-2.973
CGTACC	CGTACC|GGTACG	1	0.82	0.00010649627263045793	8.69867595e-05	0.5581592127799495	1061.618822707464	-3.026
CGTACG	CGTACG|CGTACG	1	0.87	0.00010649627263045793	9.265442340000005e-05	0.5810589393772596	1105.1741026955478	-3.043
CGTAGA	CGTAGA|TCTACG	2	1.16	0.00021299254526091586	0.00012398100000000003	0.32439001755778146	616.9898133949004	-2.79
CGTAGC	CGTAGC|GCTACG	2	0.79	0.00021299254526091586	8.398886209999992e-05	0.1871358188691978	355.93232748921423	-2.551
CGTATA	CGTATA|TATACG	11	3.17	0.0011714589989350373	0.0003372869380000002	0.0004570153983726427	0.8692432877047664	0.061
CGTATC	CGTATC|GATACG	2	1.17	0.00021299254526091586	0.0001246517498	0.3266780082537122	621.3415716985605	-2.793
CGTCAA	CGTCAA|TTGACG	7	1.59	0.0007454739084132055	0.00016897429640000007	0.0012741834828871202	2.423496984451303	-0.384
CGTCAG	CGTCAG|CTGACG	5	0.79	0.0005324813631522897	8.465405700000004e-05	0.0013726098038211911	2.6107038468679056	-0.417
CGTCCA	CGTCCA|TGGACG	2	0.72	0.00021299254526091586	7.69888953e-05	0.16381205545727773	311.5705294797422	-2.494
CGTCCC	CGTCCC|GGGACG	2	0.52	0.00021299254526091586	5.499404400000004e-05	0.09521585450968663	181.10055527742398	-2.258
CGTCGC	CGTCGC|GCGACG	2	0.63	0.00021299254526091586	6.665812029999998e-05	0.13050795501966964	248.22613044741163	-2.395
CGTCTA	CGTCTA|TAGACG	2	1.17	0.00021299254526091586	0.00012498408840000004	0.32781087327194675	623.4962809632427	-2.795
CGTCTC	CGTCTC|GAGACG	1	0.84	0.00010649627263045793	8.898647789999993e-05	0.5663784055857848	1077.2517274241627	-3.032
CGTGAA	CGTGAA|TTCACG	7	1.56	0.0007454739084132055	0.00016597488800000002	0.0011513917401704617	2.189947089804218	-0.34
CGTGAC	CGTGAC|GTCACG	9	0.76	0.0009584664536741214	8.065700400000008e-05	1.1455956481340319e-07	0.00021789229227509287	3.662
CGTGAG	CGTGAG|CTCACG	2	0.71	0.00021299254526091586	7.599136799999994e-05	0.16053163231893214	305.3311646706089	-2.485
CGTGCA	CGTGCA|TGCACG	11	1.13	0.0011714589989350373	0.0001199817311	3.323630729372104e-08	6.321545647265741e-05	4.199
CGTGCC	CGTGCC|GGCACG	2	0.57	0.00021299254526091586	6.032523089999999e-05	0.11098351848152789	211.09065215186604	-2.324
CGTGGA	CGTGGA|TCCACG	2	0.94	0.00021299254526091586	9.965414249999998e-05	0.24062253848405207	457.664068196667	-2.661
CGTGGC	CGTGGC|GCCACG	2	0.61	0.00021299254526091586	6.465799999999998e-05	0.12425758391685314	236.33792460985467	-2.374
CGTGTA	CGTGTA|TACACG	3	1.26	0.0003194888178913738	0.00013397999000000005	0.1333434864795018	253.61931128401244	-2.404
CGTTAA	CGTTAA|TTAACG	1	2.07	0.00010649627263045793	0.0002203027772000001	0.8736428777985069	1661.6687535727601	-3.221
CGTTAC	CGTTAC|GTAACG	2	1.55	0.00021299254526091586	0.0001646448874000001	0.4574559004948401	870.0811227411858	-2.94
CGTTCA	CGTTCA|TGAACG	6	1.62	0.0006389776357827476	0.0001729756350000001	0.006479076503500614	12.323203509658168	-1.091
CGTTCC	CGTTCC|GGAACG	1	1.12	0.00010649627263045793	0.00011931391500000006	0.6738368823452292	1281.637750220626	-3.108
CGTTGA	CGTTGA|TCAACG	2	1.45	0.00021299254526091586	0.00015464115999999997	0.42601019699600556	810.2713946864026	-2.909
CGTTTA	CGTTTA|TAAACG	5	2.90	0.0005324813631522897	0.0003089551749999998	0.168399560601403	320.2959642638685	-2.506
CGTTTC	CGTTTC|GAAACG	9	2.53	0.0009584664536741214	0.0002699600999999999	0.0012529936274784806	2.3831938794640704	-0.377
CTAAAA	CTAAAA|TTTTAG	11	5.41	0.0011714589989350373	0.0005762538960000003	0.022804345500636848	43.37386514221129	-1.637
CTAAAC	CTAAAC|GTTTAG	8	2.44	0.0008519701810436634	0.00025996508800000005	0.0036912682028525778	7.020792121825603	-0.846
CTAAAG	CTAAAG|CTTTAG	2	2.42	0.00021299254526091586	0.000257306424	0.6950494445109797	1321.9840434598834	-3.121
CTAACA	CTAACA|TGTTAG	7	2.32	0.0007454739084132055	0.00024696156870000004	0.009758959209215424	18.561540415927738	-1.269
CTAACC	CTAACC|GGTTAG	3	1.10	0.0003194888178913738	0.00011664800909999998	0.09864399927495009	187.62088662095508	-2.273
CTAAGA	CTAAGA|TCTTAG	6	2.22	0.0006389776357827476	0.0002359646923	0.025664752158962707	48.81435860634707	-1.689
CTAAGC	CTAAGC|GCTTAG	1	1.29	0.00010649627263045793	0.00013698019910000006	0.7236933749362837	1376.4647991288116	-3.139
CTAATA	CTAATA|TATTAG	4	4.65	0.0004259850905218317	0.000494931905	0.6819610466916086	1297.0899108074395	-3.113
CTAATC	CTAATC|GATTAG	3	1.74	0.0003194888178913738	0.00018497049999999997	0.25254066090064753	480.3323370330316	-2.682
CTACAA	CTACAA|TTGTAG	7	2.83	0.0007454739084132055	0.00030129177999999995	0.025616018612785705	48.72166740151841	-1.688
CTACAC	CTACAC|GTGTAG	2	1.41	0.00021299254526091586	0.0001506458900000001	0.4131850752592471	785.878013143088	-2.895
CTACAG	CTACAG|CTGTAG	3	1.59	0.0003194888178913738	0.00016898013200000004	0.21321624788108992	405.53730346983303	-2.608
CTACCA	CTACCA|TGGTAG	3	1.66	0.0003194888178913738	0.000177304905	0.23353931643415685	444.19177985776633	-2.648
CTACCC	CTACCC|GGGTAG	2	0.96	0.00021299254526091586	0.00010265334750000003	0.2509690968879917	477.34322228096016	-2.679
CTACGA	CTACGA|TCGTAG	2	1.00	0.00021299254526091586	0.00010631699700000002	0.26362183037180564	501.40872136717434	-2.7
CTACGC	CTACGC|GCGTAG	1	0.84	0.00010649627263045793	8.998576680000004e-05	0.5704281870492077	1084.954411767593	-3.035
CTACTA	CTACTA|TAGTAG	7	2.95	0.0007454739084132055	0.00031395362599999995	0.030956171121864773	58.878637473786796	-1.77
CTACTC	CTACTC|GAGTAG	2	1.44	0.00021299254526091586	0.00015297578519999998	0.42068191863864307	800.1370092506991	-2.903
CTAGAA	CTAGAA|TTCTAG	7	2.71	0.0007454739084132055	0.00028862507520000007	0.0209402263266889	39.828310473362286	-1.6
CTAGAG	CTAGAG|CTCTAG	4	1.05	0.0004259850905218317	0.00011198637120000004	0.022313253437088225	42.439808037341805	-1.628
CTAGCA	CTAGCA|TGCTAG	3	1.53	0.0003194888178913738	0.000162642704	0.19801504809722026	376.62462148091294	-2.576
CTAGCC	CTAGCC|GGCTAG	2	0.94	0.00021299254526091586	9.998292860000008e-05	0.24175596437687535	459.8198442448169	-2.663
CTAGGA	CTAGGA|TCCTAG	2	1.19	0.00021299254526091586	0.0001266494652	0.3334797263237664	634.2784394678037	-2.802
CTAGTA	CTAGTA|TACTAG	9	3.06	0.0009584664536741214	0.0003256229509000001	0.004292524062442061	8.1643807667648	-0.912
CTAGTC	CTAGTC|GACTAG	3	0.93	0.0003194888178913738	9.932125580000003e-05	0.06833542519548208	129.97397872180693	-2.114
CTATAA	CTATAA|TTATAG	4	3.84	0.0004259850905218317	0.0004092850099999998	0.5353099441274551	1018.1595137304197	-3.008
CTATAC	CTATAC|GTATAG	4	2.03	0.0004259850905218317	0.00021664163500000007	0.14911190659239895	283.6108463387428	-2.453
CTATAG	CTATAG|CTATAG	2	1.97	0.00021299254526091586	0.00021030643000000013	0.5871240822837223	1116.7100045036398	-3.048
CTATCA	CTATCA|TGATAG	6	2.97	0.0006389776357827476	0.0003159511079999997	0.08060598315910068	153.3125799686095	-2.186
CTATCC	CTATCC|GGATAG	4	1.40	0.0004259850905218317	0.00014931235	0.05395591895918297	102.62415786036601	-2.011
CTATGA	CTATGA|TCATAG	3	1.65	0.0003194888178913738	0.00017564226959999993	0.22945182858121413	436.4173779614693	-2.64
CTATGC	CTATGC|GCATAG	4	1.10	0.0004259850905218317	0.00011764894259999993	0.02609203754793684	49.62705541617587	-1.696
CTATTA	CTATTA|TAATAG	11	4.46	0.0011714589989350373	0.00047460615299999985	0.006227648484667495	11.844987417837576	-1.074
CTATTC	CTATTC|GAATAG	2	2.89	0.00021299254526091586	0.0003083006639999999	0.7846012095336216	1492.3115005329482	-3.174
CTCAAA	CTCAAA|TTTGAG	7	3.82	0.0007454739084132055	0.0004069211999999999	0.09286796406744355	176.63486765627763	-2.247
CTCAAC	CTCAAC|GTTGAG	1	1.75	0.00010649627263045793	0.0001866325439999999	0.8266564105913601	1572.3004929447668	-3.197
CTCAAG	CTCAAG|CTTGAG	3	1.78	0.0003194888178913738	0.00018996140800000007	0.26502815687092635	504.0835543685019	-2.703
CTCACA	CTCACA|TGTGAG	2	1.66	0.00021299254526091586	0.0001773063625000001	0.495777520023516	942.9688430847274	-2.974
CTCACC	CTCACC|GGTGAG	3	1.17	0.0003194888178913738	0.00012498286249999999	0.1148364839169907	218.4189924101163	-2.339
CTCAGA	CTCAGA|TCTGAG	8	1.40	0.0008519701810436634	0.00014931426910000007	0.00010761539579897235	0.2046844828096454	0.689
CTCAGC	CTCAGC|GCTGAG	2	1.10	0.00021299254526091586	0.00011698367420000003	0.3004129172865344	571.3853686789885	-2.757
CTCATA	CTCATA|TATGAG	5	2.37	0.0005324813631522897	0.0002526159160000001	0.09239784703458492	175.74070505978054	-2.245
CTCATC	CTCATC|GATGAG	4	3.12	0.0004259850905218317	0.00033193275199999993	0.3789276029379441	720.7203007879697	-2.858
CTCCAA	CTCCAA|TTGGAG	3	1.74	0.0003194888178913738	0.0001856378040000001	0.2542055501841313	483.4989564502178	-2.684
CTCCAG	CTCCAG|CTGGAG	2	0.95	0.00021299254526091586	0.00010065142120000004	0.24406115219180502	464.20431146881316	-2.667
CTCCCA	CTCCCA|TGGGAG	3	1.02	0.0003194888178913738	0.00010865328599999999	0.08406445119247201	159.89058616808177	-2.204
CTCCCC	CTCCCC|GGGGAG	2	1.09	0.00021299254526091586	0.00011598283619999992	0.2969699293805703	564.8368056818448	-2.752
CTCCGA	CTCCGA|TCGGAG	1	0.79	0.00010649627263045793	8.465343599999997e-05	0.5483716916205366	1043.0029574622606	-3.018
CTCCGC	CTCCGC|GCGGAG	2	0.83	0.00021299254526091586	8.798764719999991e-05	0.20065649561279056	381.64865465552765	-2.582
CTCCTA	CTCCTA|TAGGAG	1	1.20	0.00010649627263045793	0.00012798139800000003	0.6993310120671743	1330.1275849517656	-3.124
CTCCTC	CTCCTC|GAGGAG	5	1.78	0.0005324813631522897	0.00018997037699999998	0.035248502991370764	67.0426526895872	-1.826
CTCGAA	CTCGAA|TTCGAG	4	1.92	0.0004259850905218317	0.00020430219100000003	0.12846010224735455	244.33111447446834	-2.388
CTCGAC	CTCGAC|GTCGAG	3	0.60	0.0003194888178913738	6.365489350000007e-05	0.022890600549221225	43.53792224461877	-1.639
CTCGAG	CTCGAG|CTCGAG	4	2.10	0.0004259850905218317	0.00022363693940000018	0.16134786336487678	306.88363611999563	-2.487
CTCGCA	CTCGCA|TGCGAG	1	0.87	0.00010649627263045793	9.231850249999996e-05	0.579735388402204	1102.656708740992	-3.042
CTCGGA	CTCGGA|TCCGAG	2	0.81	0.00021299254526091586	8.631981440000003e-05	0.19500259512593782	370.89493592953374	-2.569
CTCGGC	CTCGGC|GCCGAG	2	0.67	0.00021299254526091586	7.132142230000003e-05	0.1453466249015236	276.44928056269794	-2.442
CTCGTA	CTCGTA|TACGAG	1	1.16	0.00010649627263045793	0.00012331858770000005	0.6858741378465105	1304.532610184063	-3.115
CTCGTC	CTCGTC|GACGAG	7	0.73	0.0007454739084132055	7.765796429999996e-05	1.1531393777353844e-05	0.02193271096452701	1.659
CTCTAA	CTCTAA|TTAGAG	4	2.22	0.0004259850905218317	0.0002362989023999999	0.18436615924516875	350.66443488431094	-2.545
CTCTAC	CTCTAC|GTAGAG	4	1.52	0.0004259850905218317	0.0001623077983999999	0.06869978534511602	130.66699172641066	-2.116
CTCTCA	CTCTCA|TGAGAG	4	1.76	0.0004259850905218317	0.0001873047185999998	0.10217921247141644	194.34486212063408	-2.289
CTCTCC	CTCTCC|GGAGAG	3	1.60	0.0003194888178913738	0.00016997176079999995	0.21561731187418284	410.10412718469576	-2.613
CTCTGA	CTCTGA|TCAGAG	4	1.38	0.0004259850905218317	0.00014731226249999993	0.05185567865516176	98.62950080211766	-1.994
CTCTGC	CTCTGC|GCAGAG	2	1.41	0.00021299254526091586	0.00015064318750000004	0.41317635121105145	785.8614200034199	-2.895
CTCTTA	CTCTTA|TAAGAG	5	2.46	0.0005324813631522897	0.000261961632	0.10351892697944587	196.89299911490605	-2.294
CTCTTC	CTCTTC|GAAGAG	6	3.61	0.0006389776357827476	0.00038393690399999967	0.1565936460552637	297.8411147971116	-2.474
CTGAAA	CTGAAA|TTTCAG	9	4.94	0.0009584664536741214	0.0005255880200000001	0.06395020672037918	121.63329318216121	-2.085
CTGAAC	CTGAAC|GTTCAG	2	1.60	0.00021299254526091586	0.0001699801200000001	0.47381260978130524	901.1915838040426	-2.955
CTGAAG	CTGAAG|CTTCAG	4	1.87	0.0004259850905218317	0.00019930237500000004	0.12045680742151176	229.10884771571537	-2.36
CTGACA	CTGACA|TGTCAG	2	1.56	0.00021299254526091586	0.000165975348	0.4615626006972657	877.8920665261993	-2.943
CTGACC	CTGACC|GGTCAG	1	0.71	0.00010649627263045793	7.532384399999997e-05	0.5070220810842205	964.3559982221875	-2.984
CTGAGA	CTGAGA|TCTCAG	2	1.48	0.00021299254526091586	0.0001579765680000001	0.43660336441324415	830.4195991139903	-2.919
CTGAGC	CTGAGC|GCTCAG	2	0.99	0.00021299254526091586	0.00010565254800000002	0.26132659606912106	497.04318572346824	-2.696
CTGATA	CTGATA|TATCAG	3	2.47	0.0003194888178913738	0.0002632963795000001	0.4490756464387901	854.1418795265788	-2.932
CTGATC	CTGATC|GATCAG	1	1.24	0.00010649627263045793	0.00013164428199999997	0.7094965445661445	1349.462427764807	-3.13
CTGCAA	CTGCAA|TTGCAG	5	2.55	0.0005324813631522897	0.0002719621734999999	0.11611441746401008	220.84962201654716	-2.344
CTGCAC	CTGCAC|GTGCAG	4	1.26	0.0004259850905218317	0.00013464351550000002	0.03961631897985018	75.35023869967503	-1.877
CTGCAG	CTGCAG|CTGCAG	1	1.56	0.00010649627263045793	0.0001666414139999999	0.7908624014672788	1504.2202875907642	-3.177
CTGCCA	CTGCCA|TGGCAG	1	1.45	0.00010649627263045793	0.00015464393490000015	0.7659233255510957	1456.7861651981839	-3.163
CTGCCC	CTGCCC|GGGCAG	3	0.92	0.0003194888178913738	9.798446840000013e-05	0.06620269051002653	125.91751735007045	-2.1
CTGCGA	CTGCGA|TCGCAG	2	0.99	0.00021299254526091586	0.00010498307680000003	0.25901412935348755	492.6448740303333	-2.693
CTGCGC	CTGCGC|GCGCAG	1	1.00	0.00010649627263045793	0.00010665155199999998	0.6326565631502402	1203.312783111757	-3.08
CTGCTA	CTGCTA|TAGCAG	2	1.85	0.00021299254526091586	0.00019697254640000007	0.5517496246779129	1049.4277861373903	-3.021
CTGCTC	CTGCTC|GAGCAG	1	1.45	0.00010649627263045793	0.00015431374000000005	0.7651964374868339	1455.403624099958	-3.163
CTGGAA	CTGGAA|TTCCAG	3	2.21	0.0003194888178913738	0.00023496453359999998	0.3789796145703021	720.8192269127146	-2.858
CTGGAC	CTGGAC|GTCCAG	2	0.67	0.00021299254526091586	7.165697759999995e-05	0.1464275624686339	278.50522381534165	-2.445
CTGGCA	CTGGCA|TGCCAG	2	1.14	0.00021299254526091586	0.0001209818402	0.3141356688486231	597.4860421500812	-2.776
CTGGCC	CTGGCC|GGCCAG	2	0.76	0.00021299254526091586	8.065590769999993e-05	0.17596879084869194	334.69264019421206	-2.525
CTGGGA	CTGGGA|TCCCAG	1	0.85	0.00010649627263045793	9.032030819999997e-05	0.5717755024788824	1087.5170057148343	-3.036
CTGGTA	CTGGTA|TACCAG	1	1.47	0.00010649627263045793	0.00015697787839999994	0.7709974816154677	1466.4372100326195	-3.166
CTGGTC	CTGGTC|GACCAG	2	0.73	0.00021299254526091586	7.732244799999993e-05	0.16491161921430114	313.66189974560075	-2.496
CTGTAA	CTGTAA|TTACAG	3	2.59	0.0003194888178913738	0.0002759633301	0.47938306015603344	911.7865804167756	-2.96
CTGTAC	CTGTAC|GTACAG	4	1.56	0.0004259850905218317	0.00016664342789999998	0.07403462106308639	140.81384926199033	-2.149
CTGTCA	CTGTCA|TGACAG	3	1.98	0.0003194888178913738	0.0002113018125	0.3190265137631927	606.7884291775925	-2.783
CTGTCC	CTGTCC|GGACAG	2	1.01	0.00021299254526091586	0.00010765331250000005	0.2682379040374984	510.188493479322	-2.708
CTGTGA	CTGTGA|TCACAG	7	1.58	0.0007454739084132055	0.0001679746991999999	0.0012321764438948453	2.3435995962879956	-0.37
CTGTGC	CTGTGC|GCACAG	3	1.40	0.0003194888178913738	0.00014864325039999998	0.1654785649688284	314.7402305707116	-2.498
CTGTTA	CTGTTA|TAACAG	8	2.50	0.0008519701810436634	0.0002666302200000001	0.004283175806552989	8.146600384063785	-0.911
CTGTTC	CTGTTC|GAACAG	3	2.08	0.0003194888178913738	0.00022163363999999993	0.3452739559788897	656.7110642718483	-2.817
CTTAAA	CTTAAA|TTTAAG	6	4.26	0.0006389776357827476	0.000453922476	0.2570957241866794	488.9960674030643	-2.689
CTTAAC	CTTAAC|GTTAAG	2	1.94	0.00021299254526091586	0.0002066321639999999	0.5775873329152171	1098.571107204743	-3.041
CTTAAG	CTTAAG|CTTAAG	2	1.87	0.00021299254526091586	0.0001996376160000001	0.5589886421920158	1063.1963974492141	-3.027
CTTACA	CTTACA|TGTAAG	4	2.43	0.0004259850905218317	0.0002589591490000001	0.2279130846771128	433.49068705586853	-2.637
CTTACC	CTTACC|GGTAAG	3	1.61	0.0003194888178913738	0.00017197364569999994	0.22048165135242118	419.3561008723051	-2.623
CTTAGA	CTTAGA|TCTAAG	3	1.67	0.0003194888178913738	0.00017797449599999993	0.2351891373113828	447.3297391662501	-2.651
CTTAGC	CTTAGC|GCTAAG	2	1.41	0.00021299254526091586	0.00014964333439999983	0.40994425292578174	779.7139690648369	-2.892
CTTATA	CTTATA|TATAAG	12	4.14	0.0012779552715654952	0.0004406059260000002	0.001213219515944378	2.307543519326207	-0.363
CTTATC	CTTATC|GATAAG	4	2.73	0.0004259850905218317	0.00029062870499999986	0.2923121141849751	555.9776411798226	-2.745
CTTCAA	CTTCAA|TTGAAG	6	4.29	0.0006389776357827476	0.0004569308280000001	0.2617729493619079	497.8921496863489	-2.697
CTTCAC	CTTCAC|GTGAAG	3	2.15	0.0003194888178913738	0.00022862776399999992	0.36299324052104837	690.413143471034	-2.839
CTTCCA	CTTCCA|TGGAAG	6	2.93	0.0006389776357827476	0.0003119404879999999	0.07694147245434123	146.34268060815702	-2.165
CTTCCC	CTTCCC|GGGAAG	3	2.18	0.0003194888178913738	0.00023195359199999988	0.37139326689458635	706.3899936335032	-2.849
CTTCGA	CTTCGA|TCGAAG	4	2.00	0.0004259850905218317	0.00021330686519999988	0.1434095150859544	272.76489769348524	-2.436
CTTCTA	CTTCTA|TAGAAG	7	3.85	0.0007454739084132055	0.00040995051300000003	0.09558315860535736	181.7991676673897	-2.26
CTTCTC	CTTCTC|GAGAAG	5	3.41	0.0005324813631522897	0.0003629579940000001	0.25733866407215644	489.45813906524154	-2.69
CTTGAA	CTTGAA|TTCAAG	7	4.03	0.0007454739084132055	0.0004292553599999999	0.11389809982007093	216.63418585777492	-2.336
CTTGAC	CTTGAC|GTCAAG	10	1.59	0.0010649627263045794	0.00016963017599999988	6.8725622756074875e-06	0.01307161344820544	1.884
CTTGCA	CTTGCA|TGCAAG	2	2.61	0.00021299254526091586	0.0002782946321999999	0.7351512841781626	1398.2577425068653	-3.146
CTTGCC	CTTGCC|GGCAAG	1	1.52	0.00010649627263045793	0.00016164158399999996	0.7808095897577209	1485.099839719185	-3.172
CTTGGA	CTTGGA|TCCAAG	3	1.66	0.0003194888178913738	0.00017663944770000007	0.23190174790462836	441.07712451460316	-2.645
CTTGGC	CTTGGC|GCCAAG	4	1.76	0.0004259850905218317	0.00018764147790000004	0.10267366828265746	195.2853170736145	-2.291
CTTGTA	CTTGTA|TACAAG	3	2.92	0.0003194888178913738	0.00031129096500000014	0.5593444049583928	1063.873058230863	-3.027
CTTGTC	CTTGTC|GACAAG	6	1.89	0.0006389776357827476	0.00020097613500000012	0.012827221976081389	24.3973761985068	-1.387
CTTTAA	CTTTAA|TTAAAG	11	4.90	0.0011714589989350373	0.0005219286479999999	0.01198574541286757	22.79688777527412	-1.358
CTTTAC	CTTTAC|GTAAAG	11	3.55	0.0011714589989350373	0.00037761413100000015	0.0011290913904632666	2.147531824661133	-0.332
CTTTCA	CTTTCA|TGAAAG	6	4.45	0.0006389776357827476	0.000473586215	0.2880390769189804	547.8503242999008	-2.739
CTTTCC	CTTTCC|GGAAAG	4	3.93	0.0004259850905218317	0.000418591489	0.5528500553149273	1051.5208052089915	-3.022
CTTTGA	CTTTGA|TCAAAG	8	3.55	0.0008519701810436634	0.0003779341700000001	0.02866641461687233	54.52352060129117	-1.737
CTTTGC	CTTTGC|GCAAAG	4	2.69	0.0004259850905218317	0.00028628161899999996	0.2833046011184168	538.8453513272287	-2.731
CTTTTA	CTTTTA|TAAAAG	20	7.23	0.002129925452609159	0.0007695582510000005	6.792373191798193e-05	0.12919093810800164	0.889
CTTTTC	CTTTTC|GAAAAG	21	8.67	0.0022364217252396168	0.0009228593729999999	0.00027070114857305407	0.5148735845859488	0.288
GAAAAA	GAAAAA|TTTTTC	45	19.23	0.004792332268370607	0.0020483523100000003	3.8272092145420705e-07	0.0007279351926059018	3.138
GAAAAC	GAAAAC|GTTTTC	9	5.17	0.0009584664536741214	0.0005502713410000003	0.07954620457612108	151.29688110378228	-2.18
GAAACA	GAAACA|TGTTTC	4	4.84	0.0004259850905218317	0.0005149240319999996	0.7110648868114493	1352.4454147153765	-3.131
GAAACC	GAAACC|GGTTTC	6	1.97	0.0006389776357827476	0.00020929867199999993	0.015344141106738415	29.184556385016467	-1.465
GAAAGA	GAAAGA|TCTTTC	12	6.22	0.0012779552715654952	0.0006618990040000002	0.02539013343124341	48.29203378622497	-1.684
GAAAGC	GAAAGC|GCTTTC	4	2.97	0.0004259850905218317	0.00031595772	0.3453400111534098	656.8367012137854	-2.817
GAAATA	GAAATA|TATTTC	18	7.46	0.0019169329073482429	0.0007948665600000002	0.0007486659484846061	1.4239626340177207	-0.153
GAAATC	GAAATC|GATTTC	4	2.93	0.0004259850905218317	0.0003119519999999999	0.3369169746480624	640.8160857806147	-2.807
GAACAA	GAACAA|TTGTTC	9	4.57	0.0009584664536741214	0.00048659083200000005	0.043544616713285175	82.8218609886684	-1.918
GAACAC	GAACAC|GTGTTC	5	1.66	0.0005324813631522897	0.000176641752	0.027060146398854158	51.46839845062061	-1.712
GAACCA	GAACCA|TGGTTC	3	1.74	0.0003194888178913738	0.00018530829320000005	0.25338324281567	481.9349278354043	-2.683
GAACCC	GAACCC|GGGTTC	2	0.99	0.00021299254526091586	0.00010498470519999998	0.25901975390620435	492.6555719296007	-2.693
GAACGA	GAACGA|TCGTTC	5	1.74	0.0005324813631522897	0.0001849720903999999	0.03201869220690531	60.899552577533896	-1.785
GAACGC	GAACGC|GCGTTC	1	1.05	0.00010649627263045793	0.00011198594119999989	0.6506035312232405	1237.4479163866035	-3.093
GAACTA	GAACTA|TAGTTC	3	2.29	0.0003194888178913738	0.0002436284513000001	0.40068915567568236	762.1107740951478	-2.882
GAACTC	GAACTC|GAGTTC	2	1.44	0.00021299254526091586	0.00015297493120000003	0.42067917975759705	800.1317998989496	-2.903
GAAGAA	GAAGAA|TTCTTC	7	7.16	0.0007454739084132055	0.0007625385610000006	0.5738813649187369	1091.5223560754375	-3.038
GAAGAC	GAAGAC|GTCTTC	6	1.98	0.0006389776357827476	0.00021062437400000005	0.015774401551209096	30.0029117503997	-1.477
GAAGCA	GAAGCA|TGCTTC	5	2.62	0.0005324813631522897	0.00027929776920000005	0.12579287576899287	239.25804971262443	-2.379
GAAGCC	GAAGCC|GGCTTC	3	1.41	0.0003194888178913738	0.00015031446920000003	0.16927676097109012	321.9643993670134	-2.508
GAAGGA	GAAGGA|TCCTTC	5	3.09	0.0005324813631522897	0.0003292849640000001	0.20042290157227316	381.2043587904636	-2.581
GAAGGC	GAAGGC|GCCTTC	3	1.62	0.0003194888178913738	0.0001729753	0.22292383273971061	424.0011298709296	-2.627
GAAGTA	GAAGTA|TACTTC	5	3.41	0.0005324813631522897	0.0003632912240000002	0.25792110540184676	490.5659424743125	-2.691
GAAGTC	GAAGTC|GACTTC	1	1.30	0.00010649627263045793	0.00013832244400000004	0.7271540009912519	1383.0469098853612	-3.141
GAATAA	GAATAA|TTATTC	9	6.33	0.0009584664536741214	0.0006745772080000001	0.18912543549377003	359.7165783091506	-2.556
GAATAC	GAATAC|GTATTC	5	2.62	0.0005324813631522897	0.0002792871200000002	0.12577856348881575	239.23082775572755	-2.379
GAATCA	GAATCA|TGATTC	4	2.27	0.0004259850905218317	0.00024196872810000012	0.1950023314078342	370.89443433770066	-2.569
GAATCC	GAATCC|GGATTC	2	1.62	0.00021299254526091586	0.00017297888520000003	0.48287378769938055	918.4259442042218	-2.963
GAATGA	GAATGA|TCATTC	4	2.98	0.0004259850905218317	0.0003176199179999999	0.348836475725814	663.4869768304982	-2.822
GAATGC	GAATGC|GCATTC	4	1.51	0.0004259850905218317	0.00016064481510000002	0.06670810585238754	126.8788173312411	-2.103
GAATTA	GAATTA|TAATTC	2	3.23	0.00021299254526091586	0.00034394721899999993	0.8326288935663525	1583.6601555632024	-3.2
GAATTC	GAATTC|GAATTC	1	2.01	0.00010649627263045793	0.00021363365099999983	0.8654769854779398	1646.1372263790415	-3.216
GACAAA	GACAAA|TTTGTC	11	3.56	0.0011714589989350373	0.00037928721600000013	0.0011688882767537255	2.223225502385586	-0.347
GACAAC	GACAAC|GTTGTC	2	1.59	0.00021299254526091586	0.0001696494000000001	0.4728073966180786	899.2796683675855	-2.954
GACACA	GACACA|TGTGTC	4	1.58	0.0004259850905218317	0.0001686441061	0.07656504096951212	145.62670792401207	-2.163
GACACC	GACACC|GGTGTC	1	0.90	0.00010649627263045793	9.565244250000003e-05	0.5926882576760863	1127.2930660999161	-3.052
GACAGA	GACAGA|TCTGTC	4	1.71	0.0004259850905218317	0.00018197717749999996	0.09450505837102625	179.74862102169195	-2.255
GACAGC	GACAGC|GCTGTC	3	1.40	0.0003194888178913738	0.000148978475	0.1662383965406793	316.185430220372	-2.5
GACATA	GACATA|TATGTC	2	2.40	0.00021299254526091586	0.0002552959278	0.690955108517447	1314.1966164001842	-3.119
GACATC	GACATC|GATGTC	4	1.32	0.0004259850905218317	0.00014064694560000002	0.0451865147905402	85.94475113160746	-1.934
GACCAC	GACCAC|GTGGTC	3	0.78	0.0003194888178913738	8.298701879999995e-05	0.044485403529285435	84.6112375127009	-1.927
GACCCA	GACCCA|TGGGTC	3	0.68	0.0003194888178913738	7.232250279999996e-05	0.03164925005773308	60.196873609808314	-1.78
GACCCC	GACCCC|GGGGTC	1	0.48	0.00010649627263045793	5.06600608e-05	0.3785488497704194	719.9999122633377	-2.857
GACCGC	GACCGC|GCGGTC	1	0.44	0.00010649627263045793	4.665953899999997e-05	0.35476008571203044	674.7536830242819	-2.829
GACCTA	GACCTA|TAGGTC	2	0.93	0.00021299254526091586	9.86521535999999e-05	0.23716991096101186	451.09717064784456	-2.654
GACCTC	GACCTC|GAGGTC	3	0.76	0.0003194888178913738	8.098689059999994e-05	0.041908109206779676	79.70922371129494	-1.902
GACGAA	GACGAA|TTCGTC	3	1.56	0.0003194888178913738	0.00016564098330000004	0.20517470324080037	390.2422855640023	-2.591
GACGAC	GACGAC|GTCGTC	1	0.76	0.00010649627263045793	8.132291310000012e-05	0.5340244686226506	1015.7145393202815	-3.007
GACGCA	GACGCA|TGCGTC	3	1.17	0.0003194888178913738	0.00012498300399999994	0.11483676688744839	218.41953061992683	-2.339
GACGCC	GACGCC|GGCGTC	3	0.64	0.0003194888178913738	6.79925144999999e-05	0.027083797013324144	51.51338191934252	-1.712
GACGGA	GACGGA|TCCGTC	4	0.94	0.0004259850905218317	9.998571579999997e-05	0.015466498409840952	29.41727997551749	-1.469
GACGGC	GACGGC|GCCGTC	1	0.64	0.00010649627263045793	6.765570300000007e-05	0.47021660845355534	894.3519892786622	-2.952
GACGTA	GACGTA|TACGTC	4	1.14	0.0004259850905218317	0.00012131380020000003	0.028729763990178146	54.64401110931883	-1.738
GACTAA	GACTAA|TTAGTC	11	1.77	0.0011714589989350373	0.00018897281580000007	2.731883701672716e-06	0.005196042800581505	2.284
GACTAC	GACTAC|GTAGTC	3	1.30	0.0003194888178913738	0.00013797975720000004	0.1418823149163658	269.8601629709278	-2.431
GACTCA	GACTCA|TGAGTC	9	1.15	0.0009584664536741214	0.00012197992890000004	3.35416290597212e-06	0.006379617847158972	2.195
GACTCC	GACTCC|GGAGTC	3	0.69	0.0003194888178913738	7.332096250000003e-05	0.03275549059131933	62.30094310468937	-1.794
GACTGA	GACTGA|TCAGTC	2	1.22	0.00021299254526091586	0.00012998119259999996	0.3447775386241035	655.7668784630448	-2.817
GACTGC	GACTGC|GCAGTC	3	1.02	0.0003194888178913738	0.00010831692059999996	0.08347273541830535	158.7651427656168	-2.201
GACTTA	GACTTA|TAAGTC	6	1.33	0.0006389776357827476	0.00014164662419999992	0.0024951403744293554	4.745756992164634	-0.676
GAGAAA	GAGAAA|TTTCTC	17	6.52	0.001810436634717785	0.0006942322000000003	0.0004441827628056817	0.8448356148564066	0.073
GAGAAC	GAGAAC|GTTCTC	7	2.52	0.0007454739084132055	0.000267953888	0.014640134846846028	27.845536478701145	-1.445
GAGACA	GAGACA|TGTCTC	3	1.67	0.0003194888178913738	0.0001779742799999999	0.23518860477226775	447.3287262768533	-2.651
GAGACC	GAGACC|GGTCTC	2	0.69	0.00021299254526091586	7.398725399999992e-05	0.15397874232752648	292.86756790695534	-2.467
GAGAGA	GAGAGA|TCTCTC	6	2.58	0.0006389776357827476	0.0002746279575000001	0.047490223694686466	90.32640546729365	-1.956
GAGAGC	GAGAGC|GCTCTC	6	1.27	0.0006389776357827476	0.0001356492386	0.0020173634970496695	3.8370253713884717	-0.584
GAGATA	GAGATA|TATCTC	5	2.88	0.0005324813631522897	0.0003066265902	0.16486732272079466	313.57764781495143	-2.496
GAGATC	GAGATC|GATCTC	1	1.18	0.00010649627263045793	0.00012597871439999996	0.6936233734759729	1319.2716563513004	-3.12
GAGCAA	GAGCAA|TTGCTC	7	2.37	0.0007454739084132055	0.0002519590928	0.01079371668617321	20.529649137101448	-1.312
GAGCAC	GAGCAC|GTGCTC	2	1.09	0.00021299254526091586	0.0001156484015999999	0.29581883652389657	562.6474270684513	-2.75
GAGCCA	GAGCCA|TGGCTC	3	1.10	0.0003194888178913738	0.00011731745199999997	0.09990834139007992	190.025665323932	-2.279
GAGCCC	GAGCCC|GGGCTC	2	0.64	0.00021299254526091586	6.765914139999997e-05	0.13366294649610722	254.22692423559593	-2.405
GAGCGA	GAGCGA|TCGCTC	4	0.94	0.0004259850905218317	9.965182769999995e-05	0.015297965191849488	29.096729794897726	-1.464
GAGCTA	GAGCTA|TAGCTC	3	1.33	0.0003194888178913738	0.0001419794124999999	0.1505970837675856	286.4356533259478	-2.457
GAGGAA	GAGGAA|TTCCTC	6	3.50	0.0006389776357827476	0.00037261742639999973	0.14223814103198404	270.53694424283367	-2.432
GAGGCA	GAGGCA|TGCCTC	1	1.35	0.00010649627263045793	0.00014364780240000004	0.7404621850224917	1408.3590759127792	-3.149
GAGGCC	GAGGCC|GGCCTC	1	0.67	0.00010649627263045793	7.165555109999998e-05	0.48974548301066756	931.4959086862897	-2.969
GAGGGA	GAGGGA|TCCCTC	2	1.34	0.00021299254526091586	0.00014298123420000003	0.3881909266274467	738.3391424454036	-2.868
GAGGGC	GAGGGC|GCCCTC	3	0.73	0.0003194888178913738	7.765507499999995e-05	0.03778772803273957	71.87225871827066	-1.857
GAGGTA	GAGGTA|TACCTC	3	1.55	0.0003194888178913738	0.0001653077724999999	0.20437608623880424	388.7233160262057	-2.59
GAGTAA	GAGTAA|TTACTC	10	2.49	0.0010649627263045794	0.0002649576956	0.00026711800097493763	0.5080584378543314	0.294
GAGTAC	GAGTAC|GTACTC	1	1.17	0.00010649627263045793	0.00012464842679999998	0.6897722977207994	1311.9469102649605	-3.118
GAGTCA	GAGTCA|TGACTC	8	1.17	0.0008519701810436634	0.0001246460799999999	3.10820804600038e-05	0.059118117034927226	1.228
GAGTCC	GAGTCC|GGACTC	2	0.55	0.00021299254526091586	5.832469760000002e-05	0.10498879416686106	199.68868650536973	-2.3
GAGTGA	GAGTGA|TCACTC	3	1.64	0.0003194888178913738	0.00017430640599999986	0.22617747267606636	430.1895530298782	-2.634
GAGTGC	GAGTGC|GCACTC	4	0.91	0.0004259850905218317	9.665021190000005e-05	0.013834741678814304	26.313678673104807	-1.42
GAGTTA	GAGTTA|TAACTC	4	1.62	0.0004259850905218317	0.0001723073175	0.08130907378816932	154.64985834509804	-2.189
GATAAA	GATAAA|TTTATC	12	5.34	0.0012779552715654952	0.0005682575550000001	0.008833409595843425	16.801145051294196	-1.225
GATAAC	GATAAC|GTTATC	3	2.10	0.0003194888178913738	0.0002236433129999999	0.35037153974198215	666.4066685892501	-2.824
GATACA	GATACA|TGTATC	5	2.38	0.0005324813631522897	0.0002539608210000002	0.09395866505017034	178.70938092542397	-2.252
GATACC	GATACC|GGTATC	2	1.10	0.00021299254526091586	0.00011731403130000002	0.30154875623056937	573.545734350543	-2.759
GATAGA	GATAGA|TCTATC	9	2.69	0.0009584664536741214	0.0002869545418000001	0.0018878900637537862	3.5907669012597014	-0.555
GATAGC	GATAGC|GCTATC	2	1.34	0.00021299254526091586	0.00014230831270000007	0.3859735364595083	734.1216663459849	-2.866
GATATA	GATATA|TATATC	12	5.13	0.0012779552715654952	0.00054656953	0.006633187993302013	12.61632356326043	-1.101
GATATC	GATATC|GATATC	4	2.34	0.0004259850905218317	0.00024962007199999997	0.20964313224265807	398.74123752553567	-2.601
GATCAA	GATCAA|TTGATC	4	2.69	0.0004259850905218317	0.00028629145419999986	0.28332493467655795	538.8840257548133	-2.731
GATCAC	GATCAC|GTGATC	4	1.36	0.0004259850905218317	0.00014430963759999994	0.04878835727841291	92.79545554354135	-1.968
GATCCA	GATCCA|TGGATC	1	1.00	0.00010649627263045793	0.00010698494639999997	0.6338047605523113	1205.496654570496	-3.081
GATCGA	GATCGA|TCGATC	1	1.07	0.00010649627263045793	0.00011398587079999998	0.6571037400923398	1249.8113136556303	-3.097
GATCGC	GATCGC|GCGATC	1	0.71	0.00010649627263045793	7.532459619999997e-05	0.5070255630528554	964.362620926531	-2.984
GATCTA	GATCTA|TAGATC	2	1.66	0.00021299254526091586	0.0001773076714	0.49578139171813423	942.9762070478913	-2.975
GATGAA	GATGAA|TTCATC	7	3.27	0.0007454739084132055	0.0003479477099999999	0.04882661515218617	92.8682220194581	-1.968
GATGAC	GATGAC|GTCATC	7	2.31	0.0007454739084132055	0.00024596587799999997	0.009561768658546245	18.186483988554958	-1.26
GATGCA	GATGCA|TGCATC	7	1.57	0.0007454739084132055	0.00016730526999999995	0.0012046556589423874	2.2912550633084208	-0.36
GATGCC	GATGCC|GGCATC	2	1.06	0.00021299254526091586	0.000113313585	0.28777518055656914	547.3483934185945	-2.738
GATGGA	GATGGA|TCCATC	3	1.62	0.0003194888178913738	0.00017231001480000002	0.22130116626259988	420.91481823146495	-2.624
GATGGC	GATGGC|GCCATC	2	1.10	0.00021299254526091586	0.00011731563359999994	0.3015542644990544	573.5562110772015	-2.759
GATGTA	GATGTA|TACATC	3	2.12	0.0003194888178913738	0.00022630266370000002	0.35710987494320423	679.2229821419744	-2.832
GATTAA	GATTAA|TTAATC	3	3.10	0.0003194888178913738	0.00032994517499999995	0.5984438905755854	1138.2402798747635	-3.056
GATTAC	GATTAC|GTAATC	4	1.88	0.0004259850905218317	0.00020063294999999998	0.12256521820949896	233.11904503446704	-2.368
GATTCA	GATTCA|TGAATC	4	2.07	0.0004259850905218317	0.00022030543379999995	0.15547528829343626	295.7139983341158	-2.471
GATTCC	GATTCC|GGAATC	2	2.28	0.00021299254526091586	0.00024296894340000003	0.6648524286012089	1264.5493191994992	-3.102
GATTGA	GATTGA|TCAATC	5	2.76	0.0005324813631522897	0.00029362004160000005	0.14570364614308015	277.12833496413845	-2.443
GATTGC	GATTGC|GCAATC	2	1.57	0.00021299254526091586	0.0001676453424	0.46669134632395076	887.6469407081544	-2.948
GATTTA	GATTTA|TAAATC	10	3.26	0.0010649627263045794	0.000347285952	0.0020167329169099644	3.835826007962752	-0.584
GCAAAA	GCAAAA|TTTTGC	14	5.84	0.001490947816826411	0.0006215933559999999	0.0028569309768670145	5.433882718001062	-0.735
GCAAAC	GCAAAC|GTTTGC	6	2.38	0.0006389776357827476	0.000253968134	0.034762730900068296	66.1187141719299	-1.82
GCAACA	GCAACA|TGTTGC	3	2.34	0.0003194888178913738	0.0002489652736000001	0.41395534870977263	787.3430732459875	-2.896
GCAACC	GCAACC|GGTTGC	2	1.24	0.00021299254526091586	0.00013231518720000003	0.35265456476318063	670.7489821795696	-2.827
GCAAGA	GCAAGA|TCTTGC	4	2.86	0.0004259850905218317	0.00030495817239999996	0.32223155268832426	612.8844132131927	-2.787
GCAAGC	GCAAGC|GCTTGC	2	1.49	0.00021299254526091586	0.00015898189649999993	0.43977533157471727	836.4526806551122	-2.922
GCAATA	GCAATA|TATTGC	5	3.40	0.0005324813631522897	0.0003619499719999998	0.25557871032088564	486.1107070303245	-2.687
GCACAC	GCACAC|GTGTGC	5	1.38	0.0005324813631522897	0.00014697719200000009	0.013482847735107592	25.64437639217464	-1.409
GCACCA	GCACCA|TGGTGC	1	1.29	0.00010649627263045793	0.00013697722800000002	0.7236856662527302	1376.4501372126929	-3.139
GCACCC	GCACCC|GGGTGC	3	0.85	0.0003194888178913738	9.065321399999993e-05	0.055069375255913766	104.74195173674798	-2.02
GCACGA	GCACGA|TCGTGC	1	0.90	0.00010649627263045793	9.598545180000002e-05	0.5939599148680583	1129.7117580790468	-3.053
GCACGC	GCACGC|GCGTGC	3	0.71	0.0003194888178913738	7.598991119999997e-05	0.03581024224501542	68.11108075001933	-1.833
GCACTA	GCACTA|TAGTGC	3	1.65	0.0003194888178913738	0.00017530711440000006	0.22862948864193802	434.8532873969661	-2.638
GCAGAA	GCAGAA|TTCTGC	2	2.89	0.00021299254526091586	0.0003079553939999999	0.7840816115806349	1491.3232252263676	-3.174
GCAGAC	GCAGAC|GTCTGC	1	0.91	0.00010649627263045793	9.731601400000003e-05	0.5990014114310734	1139.3006845419018	-3.057
GCAGCC	GCAGCC|GGCTGC	1	0.96	0.00010649627263045793	0.0001023185254	0.6174021928770995	1174.2989708522432	-3.07
GCAGGA	GCAGGA|TCCTGC	3	1.40	0.0003194888178913738	0.0001486445651999999	0.16548154312251376	314.7458950190212	-2.498
GCAGGC	GCAGGC|GCCTGC	1	1.06	0.00010649627263045793	0.00011265133260000001	0.6527797635242334	1241.587110223092	-3.094
GCAGTA	GCAGTA|TACTGC	4	2.12	0.0004259850905218317	0.00022596949299999997	0.16550690080436659	314.7941253299052	-2.498
GCATAA	GCATAA|TTATGC	3	2.86	0.0003194888178913738	0.0003046128199999999	0.5447984394984731	1036.2066319260957	-3.015
GCATAC	GCATAC|GTATGC	2	1.81	0.00021299254526091586	0.00019263136500000002	0.5397788476732249	1026.6593682744738	-3.011
GCATCA	GCATCA|TGATGC	1	1.85	0.00010649627263045793	0.0001966390784	0.8422022211149377	1601.8686245606116	-3.205
GCATCC	GCATCC|GGATGC	4	1.05	0.0004259850905218317	0.00011131458560000005	0.02188862346924882	41.63216183851126	-1.619
GCATGA	GCATGA|TCATGC	1	1.54	0.00010649627263045793	0.0001643094417999999	0.786232362190565	1495.4139528864546	-3.175
GCATTA	GCATTA|TAATGC	7	2.70	0.0007454739084132055	0.00028730114400000014	0.02048848040384584	38.96908972811479	-1.591
GCCAAA	GCCAAA|TTTGGC	6	2.61	0.0006389776357827476	0.0002782962719999999	0.05001393698618895	95.12650814773139	-1.978
GCCAAC	GCCAAC|GTTGGC	6	1.11	0.0006389776357827476	0.00011798328319999996	0.0010034786624060024	1.9086164158962164	-0.281
GCCACA	GCCACA|TGTGGC	15	1.40	0.001597444089456869	0.00014897678400000008	3.178607456105647e-11	6.045711381512941e-08	7.219
GCCACC	GCCACC|GGTGGC	2	0.97	0.00021299254526091586	0.000103319928	0.25327044231022494	481.72038127404784	-2.683
GCCAGA	GCCAGA|TCTGGC	2	1.20	0.00021299254526091586	0.0001276481051999999	0.33687234723521803	640.7312044413846	-2.807
GCCAGC	GCCAGC|GCTGGC	2	0.91	0.00021299254526091586	9.665049239999987e-05	0.23028072700424262	437.9939427620695	-2.641
GCCATA	GCCATA|TATGGC	3	1.70	0.0003194888178913738	0.00018130533630000004	0.24342555465550145	462.9954049547637	-2.666
GCCCAA	GCCCAA|TTGGGC	4	1.23	0.0004259850905218317	0.0001306477296	0.036138866610739465	68.73612429362646	-1.837
GCCCAC	GCCCAC|GTGGGC	1	0.74	0.00010649627263045793	7.898780519999992e-05	0.5236943413569567	996.0666372609317	-2.998
GCCCCA	GCCCCA|TGGGGC	2	0.63	0.00021299254526091586	6.665689799999993e-05	0.13050411328757172	248.21882347296142	-2.395
GCCCGA	GCCCGA|TCGGGC	2	0.49	0.00021299254526091586	5.19921332e-05	0.08664868015658182	164.80578965781862	-2.217
GCCCGC	GCCCGC|GCGGGC	2	0.60	0.00021299254526091586	6.365658879999997e-05	0.12115623309846378	230.43915535327812	-2.363
GCCGAA	GCCGAA|TTCGGC	1	1.09	0.00010649627263045793	0.00011631514000000001	0.6645220892737214	1263.921013798618	-3.102
GCCGTA	GCCGTA|TACGGC	3	0.90	0.0003194888178913738	9.598786649999993e-05	0.06307546222506759	119.96952915207855	-2.079
GCCTAA	GCCTAA|TTAGGC	2	1.13	0.00021299254526091586	0.00012031510799999995	0.3118511413536772	593.1408708546941	-2.773
GCCTAC	GCCTAC|GTAGGC	1	0.83	0.00010649627263045793	8.832060000000001e-05	0.5636586521356914	1072.0787563620852	-3.03
GCCTCA	GCCTCA|TGAGGC	2	1.11	0.00021299254526091586	0.00011798072199999997	0.3038399841325029	577.9036498200205	-2.762
GCCTTA	GCCTTA|TAAGGC	4	1.45	0.0004259850905218317	0.0001543104919999999	0.05940260108923364	112.98374727172238	-2.053
GCGAAA	GCGAAA|TTTCGC	9	2.64	0.0009584664536741214	0.0002812902131	0.0016528453539268089	3.1437118631687904	-0.497
GCGAAC	GCGAAC|GTTCGC	1	0.79	0.00010649627263045793	8.465432750000001e-05	0.5483754722688333	1043.010148255321	-3.018
GCGACA	GCGACA|TGTCGC	3	0.91	0.0003194888178913738	9.665000280000002e-05	0.06410477128236784	121.92727497906364	-2.086
GCGACC	GCGACC|GGTCGC	1	0.39	0.00010649627263045793	4.199282099999999e-05	0.3258567066049595	619.779455962633	-2.792
GCGAGA	GCGAGA|TCTCGC	1	0.98	0.00010649627263045793	0.000104649545	0.6256856129334152	1190.0540357993557	-3.076
GCGAGC	GCGAGC|GCTCGC	2	0.57	0.00021299254526091586	6.099216199999998e-05	0.11300158628319738	214.9290171106414	-2.332
GCGATA	GCGATA|TATCGC	3	1.55	0.0003194888178913738	0.00016531033679999995	0.2043822294353432	388.73500038602276	-2.59
GCGCAA	GCGCAA|TTGCGC	1	1.34	0.00010649627263045793	0.0001429787357999999	0.7388264967644154	1405.2479968459181	-3.148
GCGCAC	GCGCAC|GTGCGC	3	0.74	0.0003194888178913738	7.832446650000004e-05	0.03859808708671063	73.41356163892361	-1.866
GCGCCA	GCGCCA|TGGCGC	4	1.02	0.0004259850905218317	0.00010831831449999995	0.020055161184322212	38.14491657258085	-1.581
GCGCCC	GCGCCC|GGGCGC	1	0.58	0.00010649627263045793	6.199085749999992e-05	0.44127291882391534	839.301091603087	-2.924
GCGCGA	GCGCGA|TCGCGC	2	0.79	0.00021299254526091586	8.432128650000006e-05	0.18825504438745816	358.0610944249454	-2.554
GCGCGC	GCGCGC|GCGCGC	1	0.84	0.00010649627263045793	8.898957029999993e-05	0.5663909967489952	1077.2756758165888	-3.032
GCGCTA	GCGCTA|TAGCGC	3	0.97	0.0003194888178913738	0.00010365062399999994	0.07545265656614088	143.51095278879995	-2.157
GCGGAA	GCGGAA|TTCCGC	5	1.69	0.0005324813631522897	0.0001799761194	0.02898183575995818	55.12345161544046	-1.741
GCGGAC	GCGGAC|GTCCGC	1	0.52	0.00010649627263045793	5.5659145500000066e-05	0.40704654645564387	774.2025313586346	-2.889
GCGGGA	GCGGGA|TCCCGC	3	0.71	0.0003194888178913738	7.565397480000004e-05	0.035417949975963973	67.36494085428347	-1.828
GCGGTA	GCGGTA|TACCGC	1	0.99	0.00010649627263045793	0.00010565322850000004	0.6291968001025411	1196.7323137950332	-3.078
GCGTAA	GCGTAA|TTACGC	2	1.51	0.00021299254526091586	0.00016031142269999987	0.4439550197212079	844.4024475097374	-2.927
GCGTAC	GCGTAC|GTACGC	2	0.86	0.00021299254526091586	9.198871109999989e-05	0.21429237524572117	407.58409771736166	-2.61
GCGTCA	GCGTCA|TGACGC	3	1.15	0.0003194888178913738	0.00012265148700000005	0.11021051298066269	209.62039568922043	-2.321
GCGTCC	GCGTCC|GGACGC	1	0.59	0.00010649627263045793	6.332400780000002e-05	0.448223625386778	852.5213354856518	-2.931
GCGTGA	GCGTGA|TCACGC	3	0.85	0.0003194888178913738	9.031917619999997e-05	0.0545852899502362	103.82122148534924	-2.016
GCGTTA	GCGTTA|TAACGC	1	1.34	0.00010649627263045793	0.00014298172279999998	0.7388338220378223	1405.2619295159382	-3.148
GCTAAA	GCTAAA|TTTAGC	3	3.01	0.0003194888178913738	0.00032062410449999995	0.5791940325527327	1101.6270499152977	-3.042
GCTACA	GCTACA|TGTAGC	5	1.50	0.0005324813631522897	0.00015964354560000005	0.018531394377988487	35.246712106934105	-1.547
GCTACC	GCTACC|GGTAGC	3	0.96	0.0003194888178913738	0.00010264959040000006	0.07377885306119548	140.32737852239381	-2.147
GCTAGA	GCTAGA|TCTAGC	3	1.44	0.0003194888178913738	0.0001533093707999999	0.1761451753854341	335.02812358309563	-2.525
GCTAGC	GCTAGC|GCTAGC	2	1.01	0.00021299254526091586	0.0001073184606	0.2670812457685502	507.9885294517825	-2.706
GCTATA	GCTATA|TATAGC	5	2.42	0.0005324813631522897	0.00025729563419999986	0.09788656736678628	186.1802511316275	-2.27
GCTCAA	GCTCAA|TTGAGC	4	1.82	0.0004259850905218317	0.0001933074375	0.11115591028255707	211.41854135742355	-2.325
GCTCAC	GCTCAC|GTGAGC	3	1.01	0.0003194888178913738	0.0001073176225	0.08172548410420775	155.44187076620315	-2.192
GCTCCC	GCTCCC|GGGAGC	2	0.73	0.00021299254526091586	7.765424800000005e-05	0.1660066951274092	315.7447341323323	-2.499
GCTCGA	GCTCGA|TCGAGC	3	1.01	0.0003194888178913738	0.00010731664799999999	0.08172378803024856	155.43864483353275	-2.192
GCTCTA	GCTCTA|TAGAGC	4	1.29	0.0004259850905218317	0.00013731345339999996	0.04204236463744008	79.96457754041103	-1.903
GCTGAA	GCTGAA|TTCAGC	3	2.63	0.0003194888178913738	0.0002799576248999998	0.488776768749261	929.6534141610945	-2.968
GCTGAC	GCTGAC|GTCAGC	4	1.04	0.0004259850905218317	0.00011031512489999997	0.021266084910267605	40.448093499328984	-1.607
GCTGCA	GCTGCA|TGCAGC	2	1.70	0.00021299254526091586	0.00018064285000000008	0.5055847367833882	961.6221693620043	-2.983
GCTGCC	GCTGCC|GGCAGC	2	1.06	0.00021299254526091586	0.00011265111249999999	0.2854908226188147	543.0035446209855	-2.735
GCTGGA	GCTGGA|TCCAGC	1	1.15	0.00010649627263045793	0.00012198116840000001	0.6819043550928616	1296.982083386623	-3.113
GCTGTA	GCTGTA|TACAGC	2	1.61	0.00021299254526091586	0.0001719725406	0.4798437699456174	912.6628504365643	-2.96
GCTTAA	GCTTAA|TTAAGC	2	2.18	0.00021299254526091586	0.0002319632054000001	0.640067983952914	1217.4093054784423	-3.085
GCTTAC	GCTTAC|GTAAGC	2	1.57	0.00021299254526091586	0.00016697801770000002	0.4646454048526081	883.7555600296606	-2.946
GCTTCA	GCTTCA|TGAAGC	6	2.17	0.0006389776357827476	0.00023130119249999994	0.023597210043802084	44.88189350331157	-1.652
GCTTCC	GCTTCC|GGAAGC	7	1.95	0.0007454739084132055	0.00020730288389999993	0.003924677073381466	7.464735793571549	-0.873
GCTTGA	GCTTGA|TCAAGC	2	1.77	0.00021299254526091586	0.00018897322979999996	0.5295205457088084	1007.1480779381535	-3.003
GCTTTA	GCTTTA|TAAAGC	7	2.93	0.0007454739084132055	0.0003122969399999999	0.030218361051077523	57.475322719149446	-1.759
GGAAAA	GGAAAA|TTTTCC	21	8.53	0.0022364217252396168	0.0009085290720000001	0.000220883779834764	0.42012094924572113	0.377
GGAAAC	GGAAAC|GTTTCC	4	2.62	0.0004259850905218317	0.00027929833799999993	0.2689263444164434	511.4979070800754	-2.709
GGAACA	GGAACA|TGTTCC	3	2.07	0.0003194888178913738	0.00022096344599999997	0.34357311753707337	653.4760695555135	-2.815
GGAAGA	GGAAGA|TCTTCC	3	3.53	0.0003194888178913738	0.00037595299	0.68470217308118	1302.3035332004042	-3.115
GGAATA	GGAATA|TATTCC	7	3.63	0.0007454739084132055	0.00038627261999999997	0.07553230250067113	143.66243935627648	-2.157
GGACAA	GGACAA|TTGTCC	5	1.76	0.0005324813631522897	0.0001876379032	0.03371729509499856	64.13029527068726	-1.807
GGACAC	GGACAC|GTGTCC	1	0.77	0.00010649627263045793	8.23232036000001e-05	0.5383807591950773	1024.0002039890371	-3.01
GGACCA	GGACCA|TGGTCC	1	0.73	0.00010649627263045793	7.799108599999992e-05	0.5192155785228888	987.5480303505345	-2.995
GGACCC	GGACCC|GGGTCC	3	0.65	0.0003194888178913738	6.96588829999999e-05	0.028796035987947544	54.770060449076226	-1.739
GGACGA	GGACGA|TCGTCC	2	0.76	0.00021299254526091586	8.132068719999998e-05	0.17818779240240423	338.91318114937286	-2.53
GGACTA	GGACTA|TAGTCC	2	0.97	0.00021299254526091586	0.00010331963599999998	0.2532694340866595	481.71846363282634	-2.683
GGAGAA	GGAGAA|TTCTCC	8	3.30	0.0008519701810436634	0.0003512805192000002	0.019731097252955396	37.52854697512116	-1.574
GGAGAC	GGAGAC|GTCTCC	1	0.78	0.00010649627263045793	8.265809160000013e-05	0.5398300863140749	1026.7568241693705	-3.011
GGAGCA	GGAGCA|TGCTCC	2	1.14	0.00021299254526091586	0.0001216488439999999	0.31641941413020924	601.829725675658	-2.779
GGAGCC	GGAGCC|GGCTCC	2	0.66	0.00021299254526091586	6.999007120000002e-05	0.1410746404360066	268.3239661092845	-2.429
GGAGGA	GGAGGA|TCCTCC	1	1.40	0.00010649627263045793	0.0001486441014000001	0.7523572541066172	1430.983497310786	-3.156
GGAGTA	GGAGTA|TACTCC	1	1.13	0.00010649627263045793	0.00012065087970000012	0.6779059709500712	1289.3771567470355	-3.11
GGATAA	GGATAA|TTATCC	4	2.55	0.0004259850905218317	0.0002716257850000002	0.2532856707500991	481.7493457666885	-2.683
GGATAC	GGATAC|GTATCC	2	1.20	0.00021299254526091586	0.0001279814350000001	0.33800358631496186	642.8828211710575	-2.808
GGATCA	GGATCA|TGATCC	1	1.35	0.00010649627263045793	0.00014364489490000006	0.7404550991735752	1408.3455986281401	-3.149
GGATGA	GGATGA|TCATCC	2	1.66	0.00021299254526091586	0.00017664067799999996	0.49380598134132875	939.2189765112073	-2.973
GGATTA	GGATTA|TAATCC	3	1.61	0.0003194888178913738	0.00017164362129999992	0.21967819416416967	417.82792530025074	-2.621
GGCAAA	GGCAAA|TTTGCC	7	3.04	0.0007454739084132055	0.00032361618560000004	0.03550021991357658	67.52141827562266	-1.829
GGCACA	GGCACA|TGTGCC	4	1.27	0.0004259850905218317	0.00013564362479999995	0.04051545596287579	77.06039724138975	-1.887
GGCACC	GGCACC|GGTGCC	3	0.77	0.0003194888178913738	8.165400000000003e-05	0.04275912170752557	81.32784948771364	-1.91
GGCATA	GGCATA|TATGCC	1	1.64	0.00010649627263045793	0.00017497639979999996	0.8066065171141537	1534.1655955511203	-3.186
GGCCAA	GGCCAA|TTGGCC	5	1.25	0.0005324813631522897	0.000132648033	0.008995652616570869	17.109731276717792	-1.233
GGCCAC	GGCCAC|GTGGCC	1	0.71	0.00010649627263045793	7.565645639999998e-05	0.508559362832655	967.2799081077098	-2.986
GGCCCA	GGCCCA|TGGGCC	3	0.72	0.0003194888178913738	7.632251639999993e-05	0.036200848709384635	68.85401424524957	-1.838
GGCCCC	GGCCCC|GGGGCC	1	0.51	0.00010649627263045793	5.399203679999995e-05	0.3976913308045585	756.4089111902703	-2.879
GGCCGA	GGCCGA|TCGGCC	1	0.65	0.00010649627263045793	6.932266880000005e-05	0.4784446427005104	910.0017104163708	-2.959
GGCCTA	GGCCTA|TAGGCC	1	0.74	0.00010649627263045793	7.832132e-05	0.5207041324988516	990.3792600128157	-2.996
GGCGAA	GGCGAA|TTCGCC	1	1.17	0.00010649627263045793	0.00012464550800000008	0.6897637950286037	1311.9307381444044	-3.118
GGCGAC	GGCGAC|GTCGCC	1	0.59	0.00010649627263045793	6.299179640000002e-05	0.4464996907940876	849.2424118903546	-2.929
GGCGCA	GGCGCA|TGCGCC	3	0.83	0.0003194888178913738	8.831991119999998e-05	0.05173113937349099	98.39262708837987	-1.993
GGCGCC	GGCGCC|GGCGCC	2	0.60	0.00021299254526091586	6.399217259999996e-05	0.1221933815651295	232.4118117368763	-2.366
GGCGTA	GGCGTA|TACGCC	1	0.84	0.00010649627263045793	8.898821249999999e-05	0.5663854683108323	1077.265160727203	-3.032
GGCTAC	GGCTAC|GTAGCC	2	0.90	0.00021299254526091586	9.631736790000002e-05	0.22913540228593507	435.8155351478485	-2.639
GGCTCA	GGCTCA|TGAGCC	4	1.05	0.0004259850905218317	0.00011231521070000003	0.022522929326196265	42.838611578425294	-1.632
GGCTGA	GGCTGA|TCAGCC	2	1.20	0.00021299254526091586	0.00012731365660000003	0.335736721410512	638.5712441227938	-2.805
GGCTTA	GGCTTA|TAAGCC	1	1.35	0.00010649627263045793	0.0001436445280000001	0.7404542049902785	1408.3438978915096	-3.149
GGGAAA	GGGAAA|TTTCCC	7	3.79	0.0007454739084132055	0.0004039401140000002	0.09023864633462608	171.6339053284588	-2.235
GGGAAC	GGGAAC|GTTCCC	2	1.03	0.00021299254526091586	0.00010931557060000005	0.27397894397729583	521.1079514448166	-2.717
GGGACA	GGGACA|TGTCCC	2	0.96	0.00021299254526091586	0.00010265045690000003	0.25095911829883744	477.3242430043888	-2.679
GGGACC	GGGACC|GGTCCC	3	0.45	0.0003194888178913738	4.799245689999998e-05	0.010921286995812853	20.772287866036045	-1.317
GGGAGA	GGGAGA|TCTCCC	4	1.18	0.0004259850905218317	0.00012531641099999995	0.031784887064177376	60.45485519606537	-1.781
GGGATA	GGGATA|TATCCC	2	1.40	0.00021299254526091586	0.000148979448	0.40779334418271557	775.622940635525	-2.89
GGGCAA	GGGCAA|TTGCCC	1	1.35	0.00010649627263045793	0.00014397995369999997	0.7412703966760101	1409.8962944777713	-3.149
GGGCCA	GGGCCA|TGGCCC	1	0.73	0.00010649627263045793	7.732137920000001e-05	0.5161826166965198	981.7793369567806	-2.992
GGGCCC	GGGCCC|GGGCCC	1	0.69	0.00010649627263045793	7.398853760000005e-05	0.5008019499398226	952.5253087855426	-2.979
GGGCGA	GGGCGA|TCGCCC	1	0.58	0.00010649627263045793	6.132338159999997e-05	0.43776004455223044	832.6196047383423	-2.92
GGGCTA	GGGCTA|TAGCCC	1	0.87	0.00010649627263045793	9.23209505e-05	0.579745048796126	1102.6750828102315	-3.042
GGGGAA	GGGGAA|TTCCCC	3	1.76	0.0003194888178913738	0.00018763680930000007	0.2592020052052804	493.00221390044334	-2.693
GGGGAC	GGGGAC|GTCCCC	1	0.48	0.00010649627263045793	5.1323621700000023e-05	0.3824089721135357	727.3418649599449	-2.862
GGGGGA	GGGGGA|TCCCCC	1	0.78	0.00010649627263045793	8.29863216e-05	0.5412461832807552	1029.4502405999965	-3.013
GGGGTA	GGGGTA|TACCCC	3	0.82	0.0003194888178913738	8.731869020000006e-05	0.050329791671908646	95.72726375997024	-1.981
GGGTAA	GGGTAA|TTACCC	6	2.64	0.0006389776357827476	0.0002806222707	0.05165593734826827	98.24959283640625	-1.992
GGGTAC	GGGTAC|GTACCC	1	0.74	0.00010649627263045793	7.865284769999998e-05	0.5221938821200796	993.2127637923913	-2.997
GGGTCA	GGGTCA|TGACCC	2	0.73	0.00021299254526091586	7.765442639999992e-05	0.16600728426320152	315.7458546686093	-2.499
GGGTGA	GGGTGA|TCACCC	2	1.25	0.00021299254526091586	0.0001326461958	0.35376902183793774	672.8686795357576	-2.828
GGGTTA	GGGTTA|TAACCC	2	1.16	0.00021299254526091586	0.00012398410499999996	0.3244006137393292	617.0099673322042	-2.79
GGTAAA	GGTAAA|TTTACC	7	3.44	0.0007454739084132055	0.00036629768099999996	0.06072695534554602	115.50266906722854	-2.063
GGTAAC	GGTAAC|GTTACC	3	1.80	0.0003194888178913738	0.0001919776680000001	0.27009408444794214	513.7189486199859	-2.711
GGTACC	GGTACC|GGTACC	1	0.83	0.00010649627263045793	8.831981400000003e-05	0.5636554316890354	1072.0726310725454	-3.03
GGTAGA	GGTAGA|TCTACC	3	1.32	0.0003194888178913738	0.00014064457679999992	0.14766972280725937	280.8678127794073	-2.449
GGTATA	GGTATA|TATACC	9	2.60	0.0009584664536741214	0.00027662945940000005	0.0014775542118498227	2.810308110938363	-0.449
GGTCAA	GGTCAA|TTGACC	1	1.23	0.00010649627263045793	0.0001309817719999999	0.707683698621921	1346.0143947788938	-3.129
GGTCAC	GGTCAC|GTGACC	7	0.90	0.0007454739084132055	9.63188679999999e-05	4.4748259663884584e-05	0.08511118988070848	1.07
GGTCCA	GGTCCA|TGGACC	1	0.77	0.00010649627263045793	8.232123349999998e-05	0.5383722195114254	1023.9839615107312	-3.01
GGTCGA	GGTCGA|TCGACC	1	0.51	0.00010649627263045793	5.4324695999999974e-05	0.3995698088577326	759.9817764474074	-2.881
GGTCTA	GGTCTA|TAGACC	1	0.73	0.00010649627263045793	7.765720019999998e-05	0.5177058637536656	984.6765528594719	-2.993
GGTGAA	GGTGAA|TTCACC	6	2.28	0.0006389776357827476	0.00024330220859999989	0.029155438297284553	55.45364364143522	-1.744
GGTGAC	GGTGAC|GTCACC	3	1.02	0.0003194888178913738	0.00010898307659999993	0.08464634605516104	160.9973501969163	-2.207
GGTGCA	GGTGCA|TGCACC	3	1.31	0.0003194888178913738	0.00013964601419999998	0.14549210493476836	276.72598358592944	-2.442
GGTGGA	GGTGGA|TCCACC	4	1.08	0.0004259850905218317	0.00011531470019999998	0.024490930625582025	46.581750049857014	-1.668
GGTGTA	GGTGTA|TACACC	2	1.50	0.00021299254526091586	0.000159979335	0.44291265083460346	842.4198618874158	-2.926
GGTTAA	GGTTAA|TTAACC	5	1.85	0.0005324813631522897	0.00019664087040000008	0.03986129743372323	75.81618771894158	-1.88
GGTTAC	GGTTAC|GTAACC	3	1.45	0.0003194888178913738	0.00015430846079999994	0.1784534979200965	339.4185530440235	-2.531
GGTTCA	GGTTCA|TGAACC	3	1.33	0.0003194888178913738	0.000141646634	0.14986554552083947	285.0442675806367	-2.455
GGTTGA	GGTTGA|TCAACC	3	1.47	0.0003194888178913738	0.00015697627320000003	0.18465726005966457	351.218108633482	-2.546
GGTTTA	GGTTTA|TAAACC	6	2.19	0.0006389776357827476	0.00023362469000000002	0.024612847569350362	46.81363607690439	-1.67
GTAAAA	GTAAAA|TTTTAC	11	6.34	0.0011714589989350373	0.0006755740320000005	0.05848251834145201	111.23374988544172	-2.046
GTAAAC	GTAAAC|GTTTAC	7	2.87	0.0007454739084132055	0.00030529737700000007	0.027231683465514692	51.79466195140895	-1.714
GTAACA	GTAACA|TGTTAC	7	2.94	0.0007454739084132055	0.00031361811399999997	0.03080578478040957	58.592602652339004	-1.768
GTAAGA	GTAAGA|TCTTAC	6	2.62	0.0006389776357827476	0.0002789611727	0.05047999892603074	96.01295795731048	-1.982
GTAATA	GTAATA|TATTAC	11	5.59	0.0011714589989350373	0.0005955620319999999	0.027985737381593313	53.228872499790484	-1.726
GTACAA	GTACAA|TTGTAC	8	2.62	0.0008519701810436634	0.00027929776920000005	0.005606494130809349	10.663551836799382	-1.028
GTACAC	GTACAC|GTGTAC	3	1.50	0.0003194888178913738	0.00015997487359999994	0.1916965912768772	364.6069166086204	-2.562
GTACCA	GTACCA|TGGTAC	3	1.34	0.0003194888178913738	0.00014264428599999993	0.1520620783121799	289.2220729497662	-2.461
GTACGA	GTACGA|TCGTAC	3	1.29	0.0003194888178913738	0.00013764655659999995	0.14116411022951178	268.4941376565314	-2.429
GTACTA	GTACTA|TAGTAC	5	2.22	0.0005324813631522897	0.00023630141920000008	0.07455289387085574	141.79960414236763	-2.152
GTAGAA	GTAGAA|TTCTAC	7	3.37	0.0007454739084132055	0.0003589487269999999	0.055766693317075	106.06825068907665	-2.026
GTAGCA	GTAGCA|TGCTAC	6	1.88	0.0006389776357827476	0.00019997043749999998	0.012544063696559632	23.85880915085642	-1.378
GTAGGA	GTAGGA|TCCTAC	1	1.42	0.00010649627263045793	0.00015164641099999992	0.7592412295551545	1444.076818613904	-3.16
GTAGTA	GTAGTA|TACTAC	5	2.64	0.0005324813631522897	0.0002809578397999999	0.12803313644776926	243.51902552365712	-2.387
GTATAA	GTATAA|TTATAC	13	4.55	0.0013844515441959531	0.0004842662239999998	0.0008837517740377175	1.6808958742197386	-0.226
GTATAC	GTATAC|GTATAC	3	3.30	0.0003194888178913738	0.00035195232799999977	0.6415430871093268	1220.2149516819397	-3.086
GTATCA	GTATCA|TGATAC	4	2.25	0.0004259850905218317	0.0002396359139999999	0.1906031572167383	362.52720502623623	-2.559
GTATGA	GTATGA|TCATAC	3	1.94	0.0003194888178913738	0.0002066378892000001	0.30717747510211724	584.251557644227	-2.767
GTATTA	GTATTA|TAATAC	5	3.94	0.0005324813631522897	0.0004199534780000002	0.36009959475121384	684.9094292168087	-2.836
GTCAAA	GTCAAA|TTTGAC	9	2.83	0.0009584664536741214	0.00030128530329999974	0.0026029465472487915	4.950804332867201	-0.695
GTCAAC	GTCAAC|GTTGAC	3	1.22	0.0003194888178913738	0.00012998373229999993	0.12499899587491416	237.74809015408673	-2.376
GTCACA	GTCACA|TGTGAC	3	1.65	0.0003194888178913738	0.0001759755816000001	0.2302701920263095	437.97390523404067	-2.641
GTCAGA	GTCAGA|TCTGAC	2	1.11	0.00021299254526091586	0.00011864861580000003	0.306133947192494	582.2667675601235	-2.765
GTCATA	GTCATA|TATGAC	7	2.19	0.0007454739084132055	0.00023362951410000007	0.007353417835298711	13.986200722738149	-1.146
GTCCAA	GTCCAA|TTGGAC	5	1.26	0.0005324813631522897	0.00013464623940000003	0.009548485167918775	18.16121878938151	-1.259
GTCCAC	GTCCAC|GTGGAC	2	0.72	0.00021299254526091586	7.698744120000006e-05	0.16380726485897135	311.5614177617635	-2.494
GTCCGA	GTCCGA|TCGGAC	1	0.59	0.00010649627263045793	6.2324406e-05	0.4430201258762177	842.6242794165661	-2.926
GTCCTA	GTCCTA|TAGGAC	3	0.99	0.0003194888178913738	0.00010498521480000006	0.0777101099921188	147.80462920500997	-2.17
GTCGAA	GTCGAA|TTCGAC	1	1.17	0.00010649627263045793	0.00012464671999999998	0.6897673257074859	1311.9374534956382	-3.118
GTCGCA	GTCGCA|TGCGAC	3	0.86	0.0003194888178913738	9.165302560000004e-05	0.05653054881350852	107.5211038432932	-2.031
GTCGGA	GTCGGA|TCCGAC	1	0.56	0.00010649627263045793	5.9658063700000045e-05	0.42889900904451295	815.7659152026637	-2.912
GTCGTA	GTCGTA|TACGAC	4	0.97	0.0004259850905218317	0.00010298305990000005	0.017031837148195495	32.39455425586783	-1.51
GTCTAA	GTCTAA|TTAGAC	4	1.40	0.0004259850905218317	0.0001486436378	0.05324865657520251	101.27894480603517	-2.006
GTCTCA	GTCTCA|TGAGAC	2	1.27	0.00021299254526091586	0.00013564822769999987	0.36384446083324584	692.0321645048336	-2.84
GTCTGA	GTCTGA|TCAGAC	1	1.00	0.00010649627263045793	0.00010598713070000004	0.6303575741595683	1198.9401060514988	-3.079
GTCTTA	GTCTTA|TAAGAC	3	1.73	0.0003194888178913738	0.0001839768788	0.2500645668671045	475.62280618123276	-2.677
GTGAAA	GTGAAA|TTTCAC	13	4.66	0.0013844515441959531	0.00049592709	0.0010908795924386738	2.0748529848183574	-0.317
GTGAAC	GTGAAC|GTTCAC	5	1.36	0.0005324813631522897	0.00014530892499999996	0.012895998120735589	24.52818842563909	-1.39
GTGACA	GTGACA|TGTCAC	3	1.82	0.0003194888178913738	0.00019363934519999994	0.2742770591500173	521.6749665033329	-2.717
GTGAGA	GTGAGA|TCTCAC	1	1.69	0.00010649627263045793	0.00018030416249999987	0.8160435227201717	1552.1147802137666	-3.191
GTGATA	GTGATA|TATCAC	7	2.61	0.0007454739084132055	0.0002776275116999998	0.017391690680602805	33.07899567450654	-1.52
GTGCAA	GTGCAA|TTGCAC	6	2.17	0.0006389776357827476	0.00023096527630000002	0.023452736540573074	44.607104900169986	-1.649
GTGCAC	GTGCAC|GTGCAC	4	1.08	0.0004259850905218317	0.00011531368280000002	0.024490246088546136	46.58044806041475	-1.668
GTGCCA	GTGCCA|TGGCAC	6	1.26	0.0006389776357827476	0.0001343163952	0.0019213048867500234	3.6543218945985445	-0.563
GTGCGA	GTGCGA|TCGCAC	1	0.81	0.00010649627263045793	8.631916619999993e-05	0.5553807453646593	1056.334177683582	-3.024
GTGCTA	GTGCTA|TAGCAC	1	1.39	0.00010649627263045793	0.00014830983800000002	0.7515787484454378	1429.5027795432227	-3.155
GTGGAA	GTGGAA|TTCCAC	7	2.46	0.0007454739084132055	0.00026196093280000027	0.013099925527810074	24.91605835389476	-1.396
GTGGCA	GTGGCA|TGCCAC	6	1.55	0.0006389776357827476	0.00016463982599999996	0.005140592030251519	9.77740604153839	-0.99
GTGGGA	GTGGGA|TCCCAC	1	1.05	0.00010649627263045793	0.00011231879800000004	0.6516938739098261	1239.5217481764894	-3.093
GTGGTA	GTGGTA|TACCAC	7	1.54	0.0007454739084132055	0.00016397612389999996	0.001074855448447403	2.04437506294696	-0.311
GTGTAA	GTGTAA|TTACAC	6	2.48	0.0006389776357827476	0.00026462705860000004	0.041016535915131096	78.01345131057934	-1.892
GTGTCA	GTGTCA|TGACAC	4	1.59	0.0004259850905218317	0.00016930785149999993	0.07741402393855051	147.24147353112306	-2.168
GTGTGA	GTGTGA|TCACAC	3	1.56	0.0003194888178913738	0.0001666402155	0.207573856637122	394.80547532380604	-2.596
GTGTTA	GTGTTA|TAACAC	4	2.39	0.0004259850905218317	0.00025496360039999993	0.2200465311414369	418.528502231013	-2.622
GTTAAA	GTTAAA|TTTAAC	9	4.15	0.0009584664536741214	0.0004416123319999998	0.026060106733266756	49.56632300667337	-1.695
GTTAAC	GTTAAC|GTTAAC	1	1.90	0.00010649627263045793	0.0002026394559999999	0.8508472740826375	1618.3115153051765	-3.209
GTTACA	GTTACA|TGTAAC	7	2.18	0.0007454739084132055	0.00023229464299999995	0.007139396424398226	13.579131999205426	-1.133
GTTAGA	GTTAGA|TCTAAC	5	2.28	0.0005324813631522897	0.00024329729769999994	0.08195625089111205	155.88078919489513	-2.193
GTTATA	GTTATA|TATAAC	6	4.05	0.0006389776357827476	0.0004315910690000001	0.22315010474712235	424.4314992290267	-2.628
GTTCAA	GTTCAA|TTGAAC	5	2.88	0.0005324813631522897	0.00030629276440000017	0.1643633817865955	312.61915215810467	-2.495
GTTCCA	GTTCCA|TGGAAC	2	1.53	0.00021299254526091586	0.0001633075002	0.45330951910037887	862.1947053289206	-2.936
GTTCGA	GTTCGA|TCGAAC	5	1.26	0.0005324813631522897	0.00013398034229999988	0.009361731827963488	17.806013936786552	-1.251
GTTCTA	GTTCTA|TAGAAC	4	2.04	0.0004259850905218317	0.0002169566520000002	0.14965503854089238	284.6438833047773	-2.454
GTTGAA	GTTGAA|TTCAAC	8	3.54	0.0008519701810436634	0.00037727657799999976	0.028417394786199077	54.04988488335064	-1.733
GTTGCA	GTTGCA|TGCAAC	1	2.02	0.00010649627263045793	0.0002149713224	0.8671561256466247	1649.33095097988	-3.217
GTTGGA	GTTGGA|TCCAAC	6	2.02	0.0006389776357827476	0.0002156339639999998	0.017475473722172497	33.23835101957209	-1.522
GTTGTA	GTTGTA|TACAAC	11	2.55	0.0011714589989350373	0.000271303954	7.264406632772165e-05	0.1381690141553266	0.86
GTTTAA	GTTTAA|TTAAAC	9	3.75	0.0009584664536741214	0.00039960127199999997	0.01486286495550042	28.2691691453618	-1.451
GTTTCA	GTTTCA|TGAAAC	6	3.54	0.0006389776357827476	0.0003766019900000001	0.14722026637578098	280.01294664673543	-2.447
GTTTGA	GTTTGA|TCAAAC	4	2.72	0.0004259850905218317	0.000289293732	0.2895417741625896	550.7084544572454	-2.741
GTTTTA	GTTTTA|TAAAAC	9	5.41	0.0009584664536741214	0.0005765736060000004	0.0984896637035723	187.32734036419453	-2.273
TAAAAA	TAAAAA|TTTTTA	20	14.57	0.002129925452609159	0.0015518000379999995	0.10226038310157388	194.49924865919354	-2.289
TAAACA	TAAACA|TGTTTA	7	5.69	0.0007454739084132055	0.0006055961039999996	0.34349023846614773	653.318433562613	-2.815
TAAAGA	TAAAGA|TCTTTA	14	5.83	0.001490947816826411	0.0006212499599999997	0.0028431689228851247	5.407707291327507	-0.733
TAAATA	TAAATA|TATTTA	18	10.75	0.0019169329073482429	0.001144811598	0.02664724475963932	50.68305953283399	-1.705
TAACAA	TAACAA|TTGTTA	10	5.72	0.0010649627263045794	0.0006089153200000005	0.06586025121561759	125.26619781210465	-2.098
TAACCA	TAACCA|TGGTTA	6	2.36	0.0006389776357827476	0.0002509626320999999	0.03311766530011789	62.98979940082423	-1.799
TAACGA	TAACGA|TCGTTA	3	2.26	0.0003194888178913738	0.00024062926560000015	0.3931962490783086	747.8592657469429	-2.874
TAACTA	TAACTA|TAGTTA	9	3.66	0.0009584664536741214	0.0003902560739999998	0.012953960881436305	24.63843359649185	-1.392
TAAGAA	TAAGAA|TTCTTA	12	6.12	0.0012779552715654952	0.0006515486880000001	0.022884515684455486	43.52634883183433	-1.639
TAAGCA	TAAGCA|TGCTTA	6	3.15	0.0006389776357827476	0.00033595111770000016	0.10029770359991412	190.76623224703667	-2.281
TAAGTA	TAAGTA|TACTTA	7	3.87	0.0007454739084132055	0.0004119371449999998	0.09738741798803262	185.23086901323805	-2.268
TAATAA	TAATAA|TTATTA	18	10.58	0.0019169329073482429	0.0011265081899999995	0.023278065318398433	44.27488023559382	-1.646
TAATCA	TAATCA|TGATTA	8	4.07	0.0008519701810436634	0.00043392898999999993	0.05569964552703462	105.94072579241985	-2.025
TAATGA	TAATGA|TCATTA	7	4.33	0.0007454739084132055	0.00046126714000000005	0.14796148497015651	281.4227444132377	-2.449
TAATTA	TAATTA|TAATTA	5	7.21	0.0005324813631522897	0.0007678991199999999	0.8453661745704799	1607.8864640330528	-3.206
TACAAA	TACAAA|TTTGTA	10	5.45	0.0010649627263045794	0.000580597952	0.051316511595522474	97.60400505468374	-1.989
TACACA	TACACA|TGTGTA	7	3.36	0.0007454739084132055	0.00035795086530000027	0.05511326212045746	104.82542455311008	-2.02
TACAGA	TACAGA|TCTGTA	5	2.74	0.0005324813631522897	0.0002919545572000001	0.14332203519947934	272.5985109494097	-2.436
TACATA	TACATA|TATGTA	14	6.92	0.001490947816826411	0.0007368724590000003	0.011704514156521415	22.26198592570373	-1.348
TACCAA	TACCAA|TTGGTA	7	2.98	0.0007454739084132055	0.0003169516679999998	0.0323218571180074	61.47617223845007	-1.789
TACCCA	TACCCA|TGGGTA	2	1.44	0.00021299254526091586	0.00015364630239999988	0.42283028315546267	804.22319856169	-2.905
TACCGA	TACCGA|TCGGTA	2	1.20	0.00021299254526091586	0.00012798286000000001	0.33800842114288127	642.8920170137602	-2.808
TACCTA	TACCTA|TAGGTA	4	2.41	0.0004259850905218317	0.0002569596587999999	0.223967452032406	425.9860937656362	-2.629
TACGAA	TACGAA|TTCGTA	4	2.52	0.0004259850905218317	0.00026829630959999994	0.24655784662201888	468.9530242750799	-2.671
TACGCA	TACGCA|TGCGTA	2	1.66	0.00021299254526091586	0.00017697684420000007	0.49480220853632567	941.1138006360915	-2.974
TACGGA	TACGGA|TCCGTA	2	1.36	0.00021299254526091586	0.0001449798252	0.3947553955679384	750.8247623702189	-2.876
TACGTA	TACGTA|TACGTA	5	3.06	0.0005324813631522897	0.0003262896603999999	0.19557898727290896	371.9912337930728	-2.571
TACTAA	TACTAA|TTAGTA	7	4.35	0.0007454739084132055	0.00046327407300000004	0.1502422729663842	285.7608031820628	-2.456
TACTCA	TACTCA|TGAGTA	6	2.42	0.0006389776357827476	0.0002576308163000001	0.03683745137193115	70.06483250941305	-1.846
TACTGA	TACTGA|TCAGTA	3	2.71	0.0003194888178913738	0.000288971639	0.5096629708045924	969.3789704703348	-2.986
TAGAAA	TAGAAA|TTTCTA	17	6.78	0.001810436634717785	0.0007222208240000002	0.0006831182479071124	1.2992909075193277	-0.114
TAGACA	TAGACA|TGTCTA	2	1.82	0.00021299254526091586	0.00019430221680000003	0.5444123848083107	1035.4723559054069	-3.015
TAGAGA	TAGAGA|TCTCTA	5	2.61	0.0005324813631522897	0.0002782942496000001	0.12444747660490527	236.6991005025298	-2.374
TAGATA	TAGATA|TATCTA	12	3.81	0.0012779552715654952	0.00040529151600000006	0.0005994981872814309	1.1402455522092816	-0.057
TAGCAA	TAGCAA|TTGCTA	8	3.28	0.0008519701810436634	0.000349613095	0.019247852755036786	36.60941594007997	-1.564
TAGCCA	TAGCCA|TGGCTA	5	1.57	0.0005324813631522897	0.00016697700500000005	0.021955697958562993	41.759737517186814	-1.621
TAGCGA	TAGCGA|TCGCTA	5	1.39	0.0005324813631522897	0.00014831217160000002	0.013965204128116363	26.561818251677323	-1.424
TAGCTA	TAGCTA|TAGCTA	2	1.95	0.00021299254526091586	0.00020797280699999985	0.5810856889234571	1105.2249803324155	-3.043
TAGGAA	TAGGAA|TTCCTA	1	3.19	0.00010649627263045793	0.0003392822580000001	0.9586573408385135	1823.3662622748527	-3.261
TAGGCA	TAGGCA|TGCCTA	1	1.54	0.00010649627263045793	0.00016363933370000002	0.7848830280984748	1492.847519443299	-3.174
TAGGGA	TAGGGA|TCCCTA	3	1.33	0.0003194888178913738	0.00014164431720000003	0.1498604565856171	285.03458842584376	-2.455
TAGTAA	TAGTAA|TTACTA	8	4.47	0.0008519701810436634	0.0004759425439999998	0.08406335494628633	159.88850110783662	-2.204
TAGTCA	TAGTCA|TGACTA	14	2.31	0.001490947816826411	0.00024596169069999996	1.651097079895794e-07	0.00031403866459618	3.503
TAGTGA	TAGTGA|TCACTA	2	2.67	0.00021299254526091586	0.0002839608921999999	0.7451765925149747	1417.325878963482	-3.151
TATAAA	TATAAA|TTTATA	25	11.90	0.0026624068157614484	0.0012671285049999997	0.0006095543604996246	1.159372393670286	-0.064
TATACA	TATACA|TGTATA	13	6.30	0.0013844515441959531	0.0006708996439999998	0.01274409856870226	24.239275477671697	-1.385
TATAGA	TATAGA|TCTATA	14	4.94	0.001490947816826411	0.0005262326579999997	0.0006240363912939937	1.186917216241176	-0.074
TATATA	TATATA|TATATA	64	24.15	0.006815761448349307	0.002572265629999999	1.3097559458452637e-11	2.4911558089976915e-08	7.604
TATCAA	TATCAA|TTGATA	10	6.01	0.0010649627263045794	0.0006398860780000001	0.08451248032425798	160.74273757673868	-2.206
TATCCA	TATCCA|TGGATA	6	2.38	0.0006389776357827476	0.0002539620864000001	0.03475936896333435	66.11231976826193	-1.82
TATCGA	TATCGA|TCGATA	6	1.94	0.0006389776357827476	0.00020630477120000003	0.014402488099193164	27.393532364665397	-1.438
TATGAA	TATGAA|TTCATA	5	4.25	0.0005324813631522897	0.00045259672400000024	0.4198590453242021	798.5719042066324	-2.902
TATGCA	TATGCA|TGCATA	6	2.65	0.0006389776357827476	0.0002819559600000001	0.052612091121047456	100.06819731223226	-2.0
TATGGA	TATGGA|TCCATA	6	2.30	0.0006389776357827476	0.00024463086240000023	0.029819143184770098	56.71601033743273	-1.754
TATTAA	TATTAA|TTAATA	9	7.50	0.0009584664536741214	0.0007985279400000001	0.33778259503156516	642.462495750037	-2.808
TATTCA	TATTCA|TGAATA	9	5.45	0.0009584664536741214	0.0005802645090000001	0.10133894068391537	192.74666518080704	-2.285
TATTGA	TATTGA|TCAATA	10	4.92	0.0010649627263045794	0.0005235834479999997	0.028898280219338164	54.96452897718119	-1.74
TCAAAA	TCAAAA|TTTTGA	13	8.01	0.0013844515441959531	0.0008532205559999997	0.06436391394471128	122.42016432284085	-2.088
TCAACA	TCAACA|TGTTGA	4	4.04	0.0004259850905218317	0.0004299518720000003	0.5737728291174149	1091.3159209813232	-3.038
TCAAGA	TCAAGA|TCTTGA	8	4.02	0.0008519701810436634	0.0004279284199999999	0.05222754242028354	99.33678568337929	-1.997
TCACAA	TCACAA|TTGTGA	6	2.94	0.0006389776357827476	0.00031263287599999983	0.0775672444707541	147.53289898337428	-2.169
TCACCA	TCACCA|TGGTGA	5	2.14	0.0005324813631522897	0.00022796430509999986	0.0662272220156909	125.96417627384409	-2.1
TCAGAA	TCAGAA|TTCTGA	6	3.15	0.0006389776357827476	0.00033495061460000005	0.09925730921480469	188.78740212655853	-2.276
TCAGCA	TCAGCA|TGCTGA	6	2.20	0.0006389776357827476	0.00023429943300000013	0.02491316126826025	47.384832732231	-1.676
TCAGGA	TCAGGA|TCCTGA	4	1.42	0.0004259850905218317	0.00015097883499999993	0.05574056352213649	106.01855181910359	-2.025
TCATAA	TCATAA|TTATGA	11	4.38	0.0011714589989350373	0.00046693924200000037	0.005547552728649457	10.551445289891266	-1.023
TCATCA	TCATCA|TGATGA	8	4.00	0.0008519701810436634	0.00042560108499999983	0.050919214690721235	96.84834634175179	-1.986
TCATGA	TCATGA|TCATGA	8	2.19	0.0008519701810436634	0.00023330136250000004	0.0019270758106256323	3.6652981918099528	-0.564
TCCAAA	TCCAAA|TTTGGA	7	3.04	0.0007454739084132055	0.00032395355310000013	0.03566639518437592	67.837483640683	-1.831
TCCACA	TCCACA|TGTGGA	3	1.60	0.0003194888178913738	0.00017030469959999995	0.21642474562268502	411.6398661743469	-2.615
TCCAGA	TCCAGA|TCTGGA	2	1.42	0.00021299254526091586	0.00015131125159999992	0.4153309754729654	789.9595153495801	-2.898
TCCCAA	TCCCAA|TTGGGA	5	1.93	0.0005324813631522897	0.0002053010165999999	0.046371973132231584	88.19949289750447	-1.945
TCCCCA	TCCCCA|TGGGGA	2	1.08	0.00021299254526091586	0.00011465064410000003	0.29238298550413844	556.1124384288713	-2.745
TCCCGA	TCCCGA|TCGGGA	2	0.61	0.00021299254526091586	6.498944199999997e-05	0.12528825363116403	238.298258406474	-2.377
TCCGAA	TCCGAA|TTCGGA	2	1.50	0.00021299254526091586	0.00015930914229999988	0.4408057181407842	838.4124759037715	-2.923
TCCGCA	TCCGCA|TGCGGA	2	1.21	0.00021299254526091586	0.00012864576600000007	0.34025638215513065	647.1676388590585	-2.811
TCCTAA	TCCTAA|TTAGGA	1	2.45	0.00010649627263045793	0.00026063271649999986	0.9134766715148406	1737.4326292212268	-3.24
TCCTCA	TCCTCA|TGAGGA	3	2.12	0.0003194888178913738	0.00022562909600000003	0.3554040325629384	675.9784699347089	-2.83
TCGAAA	TCGAAA|TTTCGA	2	3.19	0.00021299254526091586	0.0003396139127999999	0.8273551445075759	1573.6294848534092	-3.197
TCGACA	TCGACA|TGTCGA	4	1.05	0.0004259850905218317	0.00011131499520000004	0.021888880855394602	41.63265138696053	-1.619
TCGAGA	TCGAGA|TCTCGA	8	1.93	0.0008519701810436634	0.0002053019808	0.0008699628871676939	1.6546694113929536	-0.219
TCGCAA	TCGCAA|TTGCGA	7	1.73	0.0007454739084132055	0.00018463942499999993	0.0020908619145412477	3.976819361457453	-0.6
TCGCCA	TCGCCA|TGGCGA	2	1.08	0.00021299254526091586	0.00011498292960000002	0.29352750202161854	558.2893088451185	-2.747
TCGCGA	TCGCGA|TCGCGA	2	0.89	0.00021299254526091586	9.465427999999997e-05	0.22342342775070773	424.9513595818461	-2.628
TCGGAA	TCGGAA|TTCCGA	3	1.57	0.0003194888178913738	0.0001669743162000001	0.20837743777041753	396.33388663933414	-2.598
TCGTAA	TCGTAA|TTACGA	5	1.99	0.0005324813631522897	0.00021197257200000012	0.05179303519157937	98.51035293438396	-1.993
TCGTCA	TCGTCA|TGACGA	5	1.55	0.0005324813631522897	0.00016497225119999987	0.020981827829632635	39.907436531961274	-1.601
TCTAAA	TCTAAA|TTTAGA	12	3.90	0.0012779552715654952	0.00041493373800000007	0.0007328179313540362	1.393819705435377	-0.144
TCTACA	TCTACA|TGTAGA	5	2.89	0.0005324813631522897	0.0003079582519	0.1668836956388518	317.4127891050961	-2.502
TCTAGA	TCTAGA|TCTAGA	5	1.66	0.0005324813631522897	0.00017630750149999987	0.02687210650491876	51.11074657235548	-1.709
TCTCAA	TCTCAA|TTGAGA	2	3.58	0.00021299254526091586	0.0003809437750000001	0.8720357984226927	1658.6120885999617	-3.22
TCTCCA	TCTCCA|TGGAGA	2	2.00	0.00021299254526091586	0.0002133047267999999	0.5947870083657597	1131.284889911675	-3.054
TCTGAA	TCTGAA|TTCAGA	2	2.82	0.00021299254526091586	0.00029995447679999994	0.7717285433481749	1467.8276894482285	-3.167
TCTGCA	TCTGCA|TGCAGA	4	2.32	0.0004259850905218317	0.00024729614740000007	0.20516321276281085	390.22043067486624	-2.591
TCTTAA	TCTTAA|TTAAGA	2	3.76	0.00021299254526091586	0.00039993993600000014	0.8887691618915928	1690.4389459178096	-3.228
TCTTCA	TCTTCA|TGAAGA	4	4.38	0.0004259850905218317	0.00046658952199999976	0.6372787516194425	1212.1041855801795	-3.084
TGAAAA	TGAAAA|TTTTCA	25	11.82	0.0026624068157614484	0.001258472235	0.0005541337922547751	1.0539624728685821	-0.023
TGAACA	TGAACA|TGTTCA	5	2.99	0.0005324813631522897	0.0003182816999999999	0.18283575909983188	347.75361380788024	-2.541
TGACAA	TGACAA|TTGTCA	7	3.00	0.0007454739084132055	0.0003196249551000002	0.03357301627797159	63.85587696070196	-1.805
TGACCA	TGACCA|TGGTCA	3	1.38	0.0003194888178913738	0.00014664681570000006	0.16097502481870993	306.1744972051863	-2.486
TGAGAA	TGAGAA|TTCTCA	4	4.14	0.0004259850905218317	0.00044059219500000005	0.5928572175123281	1127.6144277084481	-3.052
TGAGCA	TGAGCA|TGCTCA	3	1.96	0.0003194888178913738	0.00020863467459999988	0.3122491958251176	593.8979704593737	-2.774
TGATAA	TGATAA|TTATCA	11	5.89	0.0011714589989350373	0.00062759314	0.03836150034802929	72.96357366195171	-1.863
TGATCA	TGATCA|TGATCA	3	2.26	0.0003194888178913738	0.00024062759369999985	0.3931920651700191	747.8513079533764	-2.874
TGCAAA	TGCAAA|TTTGCA	11	4.12	0.0011714589989350373	0.0004392757599999997	0.003564918390816671	6.780474779333308	-0.831
TGCACA	TGCACA|TGTGCA	5	2.02	0.0005324813631522897	0.0002146353601	0.05405554291635558	102.81364262690832	-2.012
TGCCAA	TGCCAA|TTGGCA	4	2.23	0.0004259850905218317	0.00023796718649999978	0.18747587491286963	356.57911408427805	-2.552
TGCGAA	TGCGAA|TTCGCA	3	1.51	0.0003194888178913738	0.00016130914300000005	0.19485031907644224	370.60530688339315	-2.569
TGCTAA	TGCTAA|TTAGCA	2	2.40	0.00021299254526091586	0.0002559641931	0.6923210318142135	1316.794602510634	-3.12
TGGAAA	TGGAAA|TTTCCA	10	4.94	0.0010649627263045794	0.0005259242240000004	0.02964972438339533	56.39377577721792	-1.751
TGGACA	TGGACA|TGTCCA	5	1.42	0.0005324813631522897	0.00015164243959999997	0.015218665929200334	28.945902597339035	-1.462
TGGCAA	TGGCAA|TTGCCA	5	2.46	0.0005324813631522897	0.000261629275	0.10311251972649878	196.12001251980067	-2.293
TGGCCA	TGGCCA|TGGCCA	1	1.11	0.00010649627263045793	0.0001186515948	0.6718020922177403	1277.767579398142	-3.106
TGGGAA	TGGGAA|TTCCCA	6	1.97	0.0006389776357827476	0.00020996912160000015	0.015560709186096235	29.59646887195504	-1.471
TGGTAA	TGGTAA|TTACCA	5	2.68	0.0005324813631522897	0.00028528684760000005	0.13395982778891596	254.79159245451817	-2.406
TGTAAA	TGTAAA|TTTACA	10	5.30	0.0010649627263045794	0.0005649089850000001	0.04426065710448045	84.1837698127218	-1.925
TGTACA	TGTACA|TGTACA	6	2.81	0.0006389776357827476	0.00029895091199999975	0.06573556016849273	125.02903544047318	-2.097
TGTCAA	TGTCAA|TTGACA	9	2.70	0.0009584664536741214	0.0002879628136000001	0.001932393296825461	3.6754120505620267	-0.565
TGTGAA	TGTGAA|TTCACA	10	2.78	0.0010649627263045794	0.00029595874909999967	0.0006238048060223519	1.1864767410545132	-0.074
TGTTAA	TGTTAA|TTAACA	8	4.01	0.0008519701810436634	0.00042727817199999976	0.05185985090765068	98.6374364263516	-1.994
TTAAAA	TTAAAA|TTTTAA	17	9.50	0.001810436634717785	0.0010121758240000003	0.017795652299630597	33.847330673897396	-1.53
TTACAA	TTACAA|TTGTAA	10	4.37	0.0010649627263045794	0.0004649259689999999	0.014184488365696038	26.978896871553864	-1.431
TTAGAA	TTAGAA|TTCTAA	10	4.25	0.0010649627263045794	0.00045261297799999996	0.011992172086152967	22.809111307862945	-1.358
TTATAA	TTATAA|TTATAA	9	7.76	0.0009584664536741214	0.0008265466879999996	0.3741697622610867	711.6708878205869	-2.852
TTCAAA	TTCAAA|TTTGAA	11	7.14	0.0011714589989350373	0.0007598849549999993	0.10840403802132803	206.18448031656592	-2.314
TTCCAA	TTCCAA|TTGGAA	10	3.86	0.0010649627263045794	0.00041094801000000024	0.006422714688725418	12.216003337955746	-1.087
TTCGAA	TTCGAA|TTCGAA	2	3.02	0.00021299254526091586	0.0003216225367000001	0.8038243517293185	1528.873916989164	-3.184
TTGAAA	TTGAAA|TTTCAA	17	9.00	0.001810436634717785	0.0009588684989999996	0.011147232048544077	21.202035356330835	-1.326
TTGCAA	TTGCAA|TTGCAA	1	3.79	0.00010649627263045793	0.00040394628	0.9774733351993499	1859.1542835491634	-3.269
TTTAAA	TTTAAA|TTTAAA	7	8.86	0.0007454739084132055	0.0009432068919999993	0.7798538097334766	1483.2819461130725	-3.171
;
;
; Job started	2026-05-30 09:14:36.471961
; Job done	2026-05-30 09:14:36.651317
; Job duration	0.179 seconds
