; oligo-analysis  -v 1 -sort -i $RSAT/public_html/tmp/www-data/2026/05/14/tmp_sequence_2026-05-14.063725_yCyI4f.fasta -format fasta -return freq,occ,proba,rank -2str -quick_if_possible -seqtype dna -markov 3 -pseudo 0.01 -l 6 -o $RSAT/public_html/tmp/www-data/2026/05/14/oligo-analysis_2026-05-14.063725_bvg91I_6nt.tab
; Citation: van Helden et al. (1998). J Mol Biol 281(5), 827-42. 
; Program version              	1.169
; Quick counting mode          
; Detection of over-represented words (right-tail test)
; Oligomer length              	6
; Input file                   	$RSAT/public_html/tmp/www-data/2026/05/14/tmp_sequence_2026-05-14.063725_yCyI4f.fasta
; Input format                 	fasta
; Output file                  	$RSAT/public_html/tmp/www-data/2026/05/14/oligo-analysis_2026-05-14.063725_bvg91I_6nt.tab
; Count overlapping matches
; Counted on both strands
; 	grouped by pairs of reverse complements
; Background model             	Markov
; Background estimation method 	Markov model estimated from input sequences
; Markov chain order           	3
; Pseudo-frequency             	0.01
; Pseudo-frequency per oligo   	4.80769230769231e-06
; Sequence type                	DNA
; Nb of sequences              	19
; Sum of sequence lengths      	9485
; discarded residues           	NA (quick mode)	 (other letters than ACGT)
; discarded occurrences        	NA (quick mode)	 (contain discarded residues)
; nb possible positions        	NA (quick mode)
; total oligo occurrences      	9390
; alphabet size                	4
; nb possible oligomers        	2080
; oligomers tested for significance	1902
; Sequences:
;	MET8	463
;	MET32	547
;	MET18	568
;	MET30	177
;	MET28	489
;	MET6	687
;	MET10	338
;	MET13	380
;	MET3	800
;	MET14	800
;	MET1	702
;	MET17	800
;	MET2	481
;	MET4	800
;	MET22	215
;	MET7	250
;	MET31	161
;	MET12	384
;	MET16	443
;
; column headers
;	1	seq            	oligomer sequence
;	2	id             	oligomer identifier
;	3	obs_freq       	observed relative frequency
;	4	exp_freq       	expected relative frequency
;	5	occ            	observed occurrences
;	6	exp_occ        	expected occurrences
;	7	occ_P          	occurrence probability (binomial)
;	8	occ_E          	E-value for occurrences (binomial)
;	9	occ_sig        	occurrence significance (binomial)
;	10	rank           	rank
#seq	id	obs_freq	exp_freq	occ	exp_occ	occ_P	occ_E	occ_sig	rank
tatata	tatata|tatata	0.0068157614483	0.0032907958923	64	30.90	1.2e-07	2.3e-04	3.64	1
cacgtg	cacgtg|cacgtg	0.0018104366347	0.0004221025923	17	3.96	9.9e-07	1.9e-03	2.72	2
atatat	atatat|atatat	0.0063897763578	0.0033551062923	60	31.50	3.9e-06	7.4e-03	2.13	3
acgtga	acgtga|tcacgt	0.0023429179979	0.0008418767046	22	7.91	2.8e-05	5.3e-02	1.28	4
ccacag	ccacag|ctgtgg	0.0014909478168	0.0005678664846	14	5.33	0.00127	2.4e+00	-0.38	5
ctcaga	ctcaga|tctgag	0.0008519701810	0.0002390056116	8	2.24	0.00223	4.2e+00	-0.63	6
cgcgca	cgcgca|tgcgcg	0.0008519701810	0.0002423148846	8	2.28	0.00242	4.6e+00	-0.66	7
actcag	actcag|ctgagt	0.0008519701810	0.0002443609176	8	2.29	0.00255	4.8e+00	-0.69	8
cacaca	cacaca|tgtgtg	0.0017039403621	0.0007796205546	16	7.32	0.00367	7.0e+00	-0.84	9
gccaca	gccaca|tgtggc	0.0015974440895	0.0007140756246	15	6.71	0.00390	7.4e+00	-0.87	10
cgtgca	cgtgca|tgcacg	0.0011714589989	0.0004548500646	11	4.27	0.00459	8.7e+00	-0.94	11
acacac	acacac|gtgtgt	0.0012779552716	0.0005314414146	12	4.99	0.00536	1.0e+01	-1.01	12
gactca	gactca|tgagtc	0.0009584664537	0.0003411594546	9	3.20	0.00574	1.1e+01	-1.04	13
ccatag	ccatag|ctatgg	0.0007454739084	0.0002248465326	7	2.11	0.00602	1.1e+01	-1.06	14
actgtg	actgtg|cacagt	0.0017039403621	0.0008546843346	16	8.03	0.00844	1.6e+01	-1.21	15
aaataa	aaataa|ttattt	0.0031948881789	0.0019934387646	30	18.72	0.00977	1.9e+01	-1.27	16
agatgc	agatgc|gcatct	0.0010649627263	0.0004454896146	10	4.18	0.01083	2.1e+01	-1.31	17
catgaa	catgaa|ttcatg	0.0014909478168	0.0007299987846	14	6.85	0.01085	2.1e+01	-1.31	18
aagtgt	aagtgt|acactt	0.0011714589989	0.0005159677146	11	4.84	0.01107	2.1e+01	-1.32	19
gaaaaa	gaaaaa|tttttc	0.0047923322684	0.0033698535846	45	31.64	0.01447	2.8e+01	-1.44	20
cttgac	cttgac|gtcaag	0.0010649627263	0.0004716206646	10	4.43	0.01547	2.9e+01	-1.47	21
cgtttc	cgtttc|gaaacg	0.0009584664537	0.0004032383946	9	3.79	0.01564	3.0e+01	-1.47	22
ctcgtc	ctcgtc|gacgag	0.0007454739084	0.0002755857156	7	2.59	0.01677	3.2e+01	-1.50	23
aattgt	aattgt|acaatt	0.0017039403621	0.0009310519446	16	8.74	0.01740	3.3e+01	-1.52	24
agttta	agttta|taaact	0.0017039403621	0.0009405381246	16	8.83	0.01889	3.6e+01	-1.56	25
tcatga	tcatga|tcatga	0.0008519701810	0.0003562873923	8	3.35	0.02121	4.0e+01	-1.61	26
atgcgc	atgcgc|gcgcat	0.0008519701810	0.0003630067746	8	3.41	0.02335	4.4e+01	-1.65	27
gactaa	gactaa|ttagtc	0.0011714589989	0.0005810463546	11	5.46	0.02398	4.6e+01	-1.66	28
actaac	actaac|gttagt	0.0010649627263	0.0005086783446	10	4.78	0.02440	4.6e+01	-1.67	29
acatac	acatac|gtatgt	0.0009584664537	0.0004374706146	9	4.11	0.02472	4.7e+01	-1.67	30
ggtcac	ggtcac|gtgacc	0.0007454739084	0.0003055788546	7	2.87	0.02733	5.2e+01	-1.72	31
catcta	catcta|tagatg	0.0012779552716	0.0006718709346	12	6.31	0.02794	5.3e+01	-1.73	32
attggg	attggg|cccaat	0.0008519701810	0.0003777399546	8	3.55	0.02857	5.4e+01	-1.74	33
aaggcc	aaggcc|ggcctt	0.0007454739084	0.0003122524446	7	2.93	0.03018	5.7e+01	-1.76	34
ccgcta	ccgcta|tagcgg	0.0005324813632	0.0001829258736	5	1.72	0.03074	5.8e+01	-1.77	35
aatagg	aatagg|cctatt	0.0007454739084	0.0003140225646	7	2.95	0.03096	5.9e+01	-1.77	36
aactgt	aactgt|acagtt	0.0018104366347	0.0010871323746	17	10.21	0.03177	6.0e+01	-1.78	37
cgggac	cgggac|gtcccg	0.0005324813632	0.0001850518986	5	1.74	0.03205	6.1e+01	-1.79	38
cggtcc	cggtcc|ggaccg	0.0003194888179	0.0000729273696	3	0.68	0.03231	6.1e+01	-1.79	39
actaag	actaag|cttagt	0.0009584664537	0.0004601158746	9	4.32	0.03248	6.2e+01	-1.79	40
cgtgac	cgtgac|gtcacg	0.0009584664537	0.0004622414046	9	4.34	0.03328	6.3e+01	-1.80	41
taataa	taataa|ttatta	0.0019169329073	0.0011786697546	18	11.07	0.03374	6.4e+01	-1.81	42
tagtca	tagtca|tgacta	0.0014909478168	0.0008518430346	14	8.00	0.03408	6.5e+01	-1.81	43
agtcat	agtcat|atgact	0.0015974440895	0.0009349703646	15	8.78	0.03468	6.6e+01	-1.82	44
accggg	accggg|cccggt	0.0005324813632	0.0001896944046	5	1.78	0.03505	6.7e+01	-1.82	45
cgatga	cgatga|tcatcg	0.0008519701810	0.0003950223846	8	3.71	0.03564	6.8e+01	-1.83	46
atagat	atagat|atctat	0.0014909478168	0.0008582859546	14	8.06	0.03590	6.8e+01	-1.83	47
ataata	ataata|tattat	0.0025559105431	0.0017069723646	24	16.03	0.03717	7.1e+01	-1.85	48
gttgta	gttgta|tacaac	0.0011714589989	0.0006265517046	11	5.88	0.03794	7.2e+01	-1.86	49
agatag	agatag|ctatct	0.0009584664537	0.0004806148146	9	4.51	0.04082	7.8e+01	-1.89	50
agccac	agccac|gtggct	0.0010649627263	0.0005569358946	10	5.23	0.04089	7.8e+01	-1.89	51
aaaagg	aaaagg|cctttt	0.0021299254526	0.0013803604746	20	12.96	0.04152	7.9e+01	-1.90	52
aataag	aataag|cttatt	0.0013844515442	0.0007967237946	13	7.48	0.04192	8.0e+01	-1.90	53
aggaga	aggaga|tctcct	0.0008519701810	0.0004087526946	8	3.84	0.04204	8.0e+01	-1.90	54
agtaaa	agtaaa|tttact	0.0020234291800	0.0012979934646	19	12.19	0.04235	8.1e+01	-1.91	55
aggcaa	aggcaa|ttgcct	0.0006389776358	0.0002689290546	6	2.53	0.04371	8.3e+01	-1.92	56
cggccc	cggccc|gggccg	0.0003194888179	0.0000836244186	3	0.79	0.04532	8.6e+01	-1.94	57
aacgat	aacgat|atcgtt	0.0007454739084	0.0003434027946	7	3.22	0.04610	8.8e+01	-1.94	58
gcttcc	gcttcc|ggaagc	0.0007454739084	0.0003441967746	7	3.23	0.04656	8.9e+01	-1.95	59
aagaga	aagaga|tctctt	0.0015974440895	0.0009750435846	15	9.16	0.04664	8.9e+01	-1.95	60
cataca	cataca|tgtatg	0.0009584664537	0.0004940887146	9	4.64	0.04703	8.9e+01	-1.95	61
cacttc	cacttc|gaagtg	0.0008519701810	0.0004189675146	8	3.93	0.04727	9.0e+01	-1.95	62
tacata	tacata|tatgta	0.0014909478168	0.0008997966546	14	8.45	0.04935	9.4e+01	-1.97	63
caaaca	caaaca|tgtttg	0.0010649627263	0.0005766586746	10	5.41	0.04943	9.4e+01	-1.97	64
cttttc	cttttc|gaaaag	0.0022364217252	0.0014978813946	21	14.07	0.04967	9.4e+01	-1.98	65
acatgc	acatgc|gcatgt	0.0008519701810	0.0004302574746	8	4.04	0.05352	1.0e+02	-2.01	66
ctagta	ctagta|tactag	0.0009584664537	0.0005072200746	9	4.76	0.05366	1.0e+02	-2.01	67
caattc	caattc|gaattg	0.0008519701810	0.0004318830546	8	4.06	0.05446	1.0e+02	-2.02	68
gttcga	gttcga|tcgaac	0.0005324813632	0.0002155157826	5	2.02	0.05480	1.0e+02	-2.02	69
tcgaga	tcgaga|tctcga	0.0008519701810	0.0004325819946	8	4.06	0.05487	1.0e+02	-2.02	70
catagc	catagc|gctatg	0.0006389776358	0.0002852422746	6	2.68	0.05499	1.0e+02	-2.02	71
gattta	gattta|taaatc	0.0010649627263	0.0005913829446	10	5.55	0.05652	1.1e+02	-2.03	72
gcgaaa	gcgaaa|tttcgc	0.0009584664537	0.0005128977246	9	4.82	0.05670	1.1e+02	-2.03	73
ctatta	ctatta|taatag	0.0011714589989	0.0006720273546	11	6.31	0.05673	1.1e+02	-2.03	74
gagtaa	gagtaa|ttactc	0.0010649627263	0.0005925293646	10	5.56	0.05710	1.1e+02	-2.04	75
acgtgc	acgtgc|gcacgt	0.0009584664537	0.0005149371246	9	4.84	0.05782	1.1e+02	-2.04	76
gacaaa	gacaaa|tttgtc	0.0011714589989	0.0006754705746	11	6.34	0.05837	1.1e+02	-2.05	77
aaggcg	aaggcg|cgcctt	0.0005324813632	0.0002206200246	5	2.07	0.05933	1.1e+02	-2.05	78
aaaaaa	aaaaaa|tttttt	0.0083067092652	0.0069033516846	78	64.82	0.06026	1.1e+02	-2.06	79
aatttg	aatttg|caaatt	0.0015974440895	0.0010132833246	15	9.51	0.06052	1.2e+02	-2.06	80
ctgccc	ctgccc|gggcag	0.0003194888179	0.0000944884806	3	0.89	0.06076	1.2e+02	-2.06	81
ccgtag	ccgtag|ctacgg	0.0004259850905	0.0001559184756	4	1.46	0.06120	1.2e+02	-2.07	82
actatc	actatc|gatagt	0.0009584664537	0.0005223126246	9	4.90	0.06199	1.2e+02	-2.07	83
ataagc	ataagc|gcttat	0.0010649627263	0.0006023709546	10	5.66	0.06223	1.2e+02	-2.07	84
cgtcag	cgtcag|ctgacg	0.0005324813632	0.0002240501766	5	2.10	0.06249	1.2e+02	-2.07	85
agcgga	agcgga|tccgct	0.0005324813632	0.0002244290496	5	2.11	0.06284	1.2e+02	-2.08	86
cattga	cattga|tcaatg	0.0011714589989	0.0006854883846	11	6.44	0.06330	1.2e+02	-2.08	87
aatgta	aatgta|tacatt	0.0017039403621	0.0011065264746	16	10.39	0.06354	1.2e+02	-2.08	88
gacgcc	gacgcc|ggcgtc	0.0003194888179	0.0000967335036	3	0.91	0.06423	1.2e+02	-2.09	89
ctaaac	ctaaac|gtttag	0.0008519701810	0.0004483497246	8	4.21	0.06459	1.2e+02	-2.09	90
acaacc	acaacc|ggttgt	0.0007454739084	0.0003723206946	7	3.50	0.06495	1.2e+02	-2.09	91
gataga	gataga|tctatc	0.0009584664537	0.0005324888346	9	5.00	0.06805	1.3e+02	-2.11	92
aggtga	aggtga|tcacct	0.0009584664537	0.0005341401546	9	5.02	0.06906	1.3e+02	-2.12	93
acgtat	acgtat|atacgt	0.0011714589989	0.0006971644446	11	6.55	0.06939	1.3e+02	-2.12	94
aaagga	aaagga|tccttt	0.0015974440895	0.0010373571546	15	9.74	0.07055	1.3e+02	-2.13	95
acgcca	acgcca|tggcgt	0.0006389776358	0.0003052291866	6	2.87	0.07100	1.4e+02	-2.13	96
attcta	attcta|tagaat	0.0012779552716	0.0007845180846	12	7.37	0.07160	1.4e+02	-2.13	97
caagaa	caagaa|ttcttg	0.0015974440895	0.0010418299746	15	9.78	0.07253	1.4e+02	-2.14	98
ggaaaa	ggaaaa|ttttcc	0.0022364217252	0.0015752568246	21	14.79	0.07440	1.4e+02	-2.15	99
caactg	caactg|cagttg	0.0009584664537	0.0005469359046	9	5.14	0.07726	1.5e+02	-2.17	100
cgttca	cgttca|tgaacg	0.0006389776358	0.0003124237146	6	2.93	0.07735	1.5e+02	-2.17	101
cggcac	cggcac|gtgccg	0.0003194888179	0.0001048704126	3	0.98	0.07751	1.5e+02	-2.17	102
aggcgc	aggcgc|gcgcct	0.0004259850905	0.0001694179176	4	1.59	0.07754	1.5e+02	-2.17	103
acttca	acttca|tgaagt	0.0011714589989	0.0007158992046	11	6.72	0.07991	1.5e+02	-2.18	104
ccggtc	ccggtc|gaccgg	0.0003194888179	0.0001083123456	3	1.02	0.08345	1.6e+02	-2.20	105
ggaccc	ggaccc|gggtcc	0.0003194888179	0.0001092950196	3	1.03	0.08519	1.6e+02	-2.21	106
attaac	attaac|gttaat	0.0009584664537	0.0005587010646	9	5.25	0.08530	1.6e+02	-2.21	107
cgacag	cgacag|ctgtcg	0.0005324813632	0.0002466747456	5	2.32	0.08564	1.6e+02	-2.21	108
aataaa	aataaa|tttatt	0.0025559105431	0.0018779087346	24	17.63	0.08568	1.6e+02	-2.21	109
aacgac	aacgac|gtcgtt	0.0006389776358	0.0003217016976	6	3.02	0.08599	1.6e+02	-2.21	110
acggat	acggat|atccgt	0.0005324813632	0.0002484172446	5	2.33	0.08759	1.7e+02	-2.22	111
tcgcaa	tcgcaa|ttgcga	0.0007454739084	0.0004019553546	7	3.77	0.08847	1.7e+02	-2.23	112
aatcca	aatcca|tggatt	0.0006389776358	0.0003268054446	6	3.07	0.09097	1.7e+02	-2.24	113
atgaag	atgaag|cttcat	0.0012779552716	0.0008210629446	12	7.71	0.09203	1.8e+02	-2.24	114
aggttg	aggttg|caacct	0.0007454739084	0.0004064331246	7	3.82	0.09239	1.8e+02	-2.24	115
attaaa	attaaa|tttaat	0.0018104366347	0.0012616040346	17	11.85	0.09303	1.8e+02	-2.25	116
aaactg	aaactg|cagttt	0.0013844515442	0.0009124250946	13	8.57	0.09497	1.8e+02	-2.26	117
ctcgag	ctcgag|ctcgag	0.0004259850905	0.0001825621923	4	1.71	0.09532	1.8e+02	-2.26	118
aacaag	aacaag|cttgtt	0.0010649627263	0.0006596295846	10	6.19	0.09785	1.9e+02	-2.27	119
gaagac	gaagac|gtcttc	0.0006389776358	0.0003336463446	6	3.13	0.09788	1.9e+02	-2.27	120
agacaa	agacaa|ttgtct	0.0007454739084	0.0004127087346	7	3.88	0.09805	1.9e+02	-2.27	121
tcagca	tcagca|tgctga	0.0006389776358	0.0003342334146	6	3.14	0.09848	1.9e+02	-2.27	122
ggcaaa	ggcaaa|tttgcc	0.0007454739084	0.0004138234746	7	3.89	0.09907	1.9e+02	-2.28	123
cgtata	cgtata|tatacg	0.0011714589989	0.0007477564146	11	7.02	0.09997	1.9e+02	-2.28	124
aagcgg	aagcgg|ccgctt	0.0005324813632	0.0002593329846	5	2.44	0.10030	1.9e+02	-2.28	125
atggca	atggca|tgccat	0.0007454739084	0.0004161509646	7	3.91	0.10123	1.9e+02	-2.28	126
gagagc	gagagc|gctctc	0.0006389776358	0.0003380780796	6	3.17	0.10249	1.9e+02	-2.29	127
aatcct	aatcct|aggatt	0.0006389776358	0.0003397368246	6	3.19	0.10425	2.0e+02	-2.30	128
catcac	catcac|gtgatg	0.0010649627263	0.0006685574046	10	6.28	0.10430	2.0e+02	-2.30	129
agacgc	agacgc|gcgtct	0.0003194888179	0.0001203004536	3	1.13	0.10561	2.0e+02	-2.30	130
gggacc	gggacc|ggtccc	0.0003194888179	0.0001204041066	3	1.13	0.10581	2.0e+02	-2.30	131
ccggcc	ccggcc|ggccgg	0.0003194888179	0.0001207887216	3	1.13	0.10656	2.0e+02	-2.31	132
cgggta	cgggta|tacccg	0.0005324813632	0.0002644780146	5	2.48	0.10660	2.0e+02	-2.31	133
aattct	aattct|agaatt	0.0012779552716	0.0008443823946	12	7.93	0.10676	2.0e+02	-2.31	134
aagttc	aagttc|gaactt	0.0011714589989	0.0007619460846	11	7.15	0.10978	2.1e+02	-2.32	135
aatcac	aatcac|gtgatt	0.0009584664537	0.0005909889246	9	5.55	0.10982	2.1e+02	-2.32	136
gaacga	gaacga|tcgttc	0.0005324813632	0.0002678434206	5	2.52	0.11081	2.1e+02	-2.32	137
atttgc	atttgc|gcaaat	0.0010649627263	0.0006786682746	10	6.37	0.11189	2.1e+02	-2.33	138
gacgga	gacgga|tccgtc	0.0004259850905	0.0001941574236	4	1.82	0.11244	2.1e+02	-2.33	139
agcggg	agcggg|cccgct	0.0004259850905	0.0001949928846	4	1.83	0.11372	2.2e+02	-2.34	140
agggac	agggac|gtccct	0.0004259850905	0.0001955832216	4	1.84	0.11463	2.2e+02	-2.34	141
ccggta	ccggta|taccgg	0.0004259850905	0.0001966012386	4	1.85	0.11621	2.2e+02	-2.34	142
gtagca	gtagca|tgctac	0.0006389776358	0.0003514564446	6	3.30	0.11711	2.2e+02	-2.35	143
aacaaa	aacaaa|tttgtt	0.0017039403621	0.0012177698046	16	11.43	0.11751	2.2e+02	-2.35	144
tgtaca	tgtaca|tgtaca	0.0006389776358	0.0003518838723	6	3.30	0.11759	2.2e+02	-2.35	145
aaaagc	aaaagc|gctttt	0.0020234291800	0.0014921839446	19	14.01	0.11784	2.2e+02	-2.35	146
ctttta	ctttta|taaaag	0.0021299254526	0.0015847934946	20	14.88	0.11809	2.2e+02	-2.35	147
aaccag	aaccag|ctggtt	0.0005324813632	0.0002744730546	5	2.58	0.11936	2.3e+02	-2.36	148
aaggga	aaggga|tccctt	0.0007454739084	0.0004358965146	7	4.09	0.12055	2.3e+02	-2.36	149
acgaca	acgaca|tgtcgt	0.0006389776358	0.0003544828746	6	3.33	0.12055	2.3e+02	-2.36	150
ccatcc	ccatcc|ggatgg	0.0004259850905	0.0001994614476	4	1.87	0.12069	2.3e+02	-2.36	151
cggtag	cggtag|ctaccg	0.0003194888179	0.0001282133256	3	1.20	0.12135	2.3e+02	-2.36	152
atcacg	atcacg|cgtgat	0.0009584664537	0.0006054142146	9	5.68	0.12192	2.3e+02	-2.37	153
ccccac	ccccac|gtgggg	0.0004259850905	0.0002004678816	4	1.88	0.12228	2.3e+02	-2.37	154
ccgatc	ccgatc|gatcgg	0.0002129925453	0.0000643211016	2	0.60	0.12321	2.3e+02	-2.37	155
gagtca	gagtca|tgactc	0.0008519701810	0.0005228036646	8	4.91	0.12400	2.4e+02	-2.37	156
gcaaac	gcaaac|gtttgc	0.0006389776358	0.0003576805746	6	3.36	0.12424	2.4e+02	-2.37	157
tacgta	tacgta|tacgta	0.0005324813632	0.0002793297423	5	2.62	0.12581	2.4e+02	-2.38	158
aagaaa	aagaaa|tttctt	0.0033013844515	0.0026377485846	31	24.77	0.12612	2.4e+02	-2.38	159
aacttg	aacttg|caagtt	0.0010649627263	0.0006970218846	10	6.55	0.12644	2.4e+02	-2.38	160
aaacga	aaacga|tcgttt	0.0008519701810	0.0005259350346	8	4.94	0.12698	2.4e+02	-2.38	161
gagcaa	gagcaa|ttgctc	0.0007454739084	0.0004439620446	7	4.17	0.12895	2.5e+02	-2.39	162
cctcga	cctcga|tcgagg	0.0005324813632	0.0002819158746	5	2.65	0.12931	2.5e+02	-2.39	163
atgtaa	atgtaa|ttacat	0.0015974440895	0.0011467194846	15	10.77	0.12947	2.5e+02	-2.39	164
agctgc	agctgc|gcagct	0.0004259850905	0.0002054873796	4	1.93	0.13037	2.5e+02	-2.39	165
agaaaa	agaaaa|ttttct	0.0037273695421	0.0030332238846	35	28.48	0.13072	2.5e+02	-2.40	166
ggcgcc	ggcgcc|ggcgcc	0.0002129925453	0.0000667467453	2	0.63	0.13078	2.5e+02	-2.40	167
ccgccc	ccgccc|gggcgg	0.0002129925453	0.0000670808256	2	0.63	0.13183	2.5e+02	-2.40	168
acctac	acctac|gtaggt	0.0004259850905	0.0002063996646	4	1.94	0.13186	2.5e+02	-2.40	169
agcaag	agcaag|cttgct	0.0007454739084	0.0004469736246	7	4.20	0.13216	2.5e+02	-2.40	170
attcaa	attcaa|ttgaat	0.0010649627263	0.0007054735146	10	6.62	0.13347	2.5e+02	-2.40	171
cctaaa	cctaaa|tttagg	0.0006389776358	0.0003664133646	6	3.44	0.13460	2.6e+02	-2.41	172
cttgtc	cttgtc|gacaag	0.0006389776358	0.0003670915146	6	3.45	0.13542	2.6e+02	-2.41	173
cgggcc	cgggcc|ggcccg	0.0003194888179	0.0001349810646	3	1.27	0.13545	2.6e+02	-2.41	174
gcggaa	gcggaa|ttccgc	0.0005324813632	0.0002867718246	5	2.69	0.13599	2.6e+02	-2.41	175
aacact	aacact|agtgtt	0.0007454739084	0.0004513553646	7	4.24	0.13690	2.6e+02	-2.42	176
ggagaa	ggagaa|ttctcc	0.0008519701810	0.0005378338446	8	5.05	0.13862	2.6e+02	-2.42	177
agtgat	agtgat|atcact	0.0008519701810	0.0005388782946	8	5.06	0.13966	2.7e+02	-2.42	178
aacttc	aacttc|gaagtt	0.0011714589989	0.0008027915046	11	7.54	0.14098	2.7e+02	-2.43	179
gggtaa	gggtaa|ttaccc	0.0006389776358	0.0003720464646	6	3.49	0.14149	2.7e+02	-2.43	180
cgaaac	cgaaac|gtttcg	0.0005324813632	0.0002909121036	5	2.73	0.14181	2.7e+02	-2.43	181
ccatgc	ccatgc|gcatgg	0.0004259850905	0.0002124490596	4	1.99	0.14194	2.7e+02	-2.43	182
ccgtgc	ccgtgc|gcacgg	0.0004259850905	0.0002129138646	4	2.00	0.14272	2.7e+02	-2.43	183
cccggc	cccggc|gccggg	0.0003194888179	0.0001383762696	3	1.30	0.14273	2.7e+02	-2.43	184
agagag	agagag|ctctct	0.0009584664537	0.0006296147646	9	5.91	0.14375	2.7e+02	-2.44	185
cccaca	cccaca|tgtggg	0.0007454739084	0.0004575893946	7	4.30	0.14378	2.7e+02	-2.44	186
cgctac	cgctac|gtagcg	0.0004259850905	0.0002138111016	4	2.01	0.14425	2.7e+02	-2.44	187
gagggc	gagggc|gccctc	0.0003194888179	0.0001393601316	3	1.31	0.14486	2.8e+02	-2.44	188
aacctg	aacctg|caggtt	0.0006389776358	0.0003748164846	6	3.52	0.14494	2.8e+02	-2.44	189
aataat	aataat|attatt	0.0017039403621	0.0012622168446	16	11.85	0.14495	2.8e+02	-2.44	190
agtgca	agtgca|tgcact	0.0007454739084	0.0004597099746	7	4.32	0.14616	2.8e+02	-2.44	191
tagata	tagata|tatcta	0.0012779552716	0.0008998976346	12	8.45	0.14701	2.8e+02	-2.45	192
attaca	attaca|tgtaat	0.0013844515442	0.0009912954246	13	9.31	0.14769	2.8e+02	-2.45	193
attcca	attcca|tggaat	0.0007454739084	0.0004612127946	7	4.33	0.14785	2.8e+02	-2.45	194
caaggc	caaggc|gccttg	0.0004259850905	0.0002175538956	4	2.04	0.15067	2.9e+02	-2.46	195
gtgcac	gtgcac|gtgcac	0.0004259850905	0.0002175626523	4	2.04	0.15068	2.9e+02	-2.46	196
aaacta	aaacta|tagttt	0.0017039403621	0.0012713575146	16	11.94	0.15100	2.9e+02	-2.46	197
ctttac	ctttac|gtaaag	0.0011714589989	0.0008148506946	11	7.65	0.15100	2.9e+02	-2.46	198
cccatc	cccatc|gatggg	0.0004259850905	0.0002182232346	4	2.05	0.15183	2.9e+02	-2.46	199
caatcc	caatcc|ggattg	0.0004259850905	0.0002182403616	4	2.05	0.15186	2.9e+02	-2.46	200
gtttaa	gtttaa|ttaaac	0.0009584664537	0.0006386861346	9	6.00	0.15241	2.9e+02	-2.46	201
aggaaa	aggaaa|tttcct	0.0015974440895	0.0011825931246	15	11.10	0.15354	2.9e+02	-2.47	202
agcctc	agcctc|gaggct	0.0004259850905	0.0002193528246	4	2.06	0.15379	2.9e+02	-2.47	203
cgaaga	cgaaga|tcttcg	0.0005324813632	0.0003000051546	5	2.82	0.15496	2.9e+02	-2.47	204
cgggca	cgggca|tgcccg	0.0003194888179	0.0001442316246	3	1.35	0.15557	3.0e+02	-2.47	205
agtcaa	agtcaa|ttgact	0.0012779552716	0.0009107807046	12	8.55	0.15573	3.0e+02	-2.47	206
gttgga	gttgga|tccaac	0.0006389776358	0.0003835175946	6	3.60	0.15601	3.0e+02	-2.47	207
gtgcca	gtgcca|tggcac	0.0006389776358	0.0003848045946	6	3.61	0.15768	3.0e+02	-2.48	208
caggag	caggag|ctcctg	0.0004259850905	0.0002217090246	4	2.08	0.15792	3.0e+02	-2.48	209
ggctca	ggctca|tgagcc	0.0004259850905	0.0002219679096	4	2.08	0.15838	3.0e+02	-2.48	210
aactaa	aactaa|ttagtt	0.0013844515442	0.0010055732046	13	9.44	0.15863	3.0e+02	-2.48	211
caattg	caattg|caattg	0.0005324813632	0.0003029174823	5	2.84	0.15928	3.0e+02	-2.48	212
ctaaca	ctaaca|tgttag	0.0007454739084	0.0004727363946	7	4.44	0.16117	3.1e+02	-2.49	213
ctacta	ctacta|tagtag	0.0007454739084	0.0004743045546	7	4.45	0.16302	3.1e+02	-2.49	214
aatgat	aatgat|atcatt	0.0014909478168	0.0011046128046	14	10.37	0.16405	3.1e+02	-2.49	215
atcgca	atcgca|tgcgat	0.0005324813632	0.0003061253346	5	2.87	0.16408	3.1e+02	-2.49	216
gctgac	gctgac|gtcagc	0.0004259850905	0.0002253346026	4	2.12	0.16435	3.1e+02	-2.49	217
gcatcc	gcatcc|ggatgc	0.0004259850905	0.0002253812316	4	2.12	0.16444	3.1e+02	-2.50	218
gaacaa	gaacaa|ttgttc	0.0009584664537	0.0006531668646	9	6.13	0.16676	3.2e+02	-2.50	219
ggcacc	ggcacc|ggtgcc	0.0003194888179	0.0001492329066	3	1.40	0.16680	3.2e+02	-2.50	220
aacgta	aacgta|tacgtt	0.0008519701810	0.0005649152946	8	5.30	0.16700	3.2e+02	-2.50	221
gccgta	gccgta|tacggc	0.0003194888179	0.0001494600126	3	1.40	0.16732	3.2e+02	-2.50	222
cgatag	cgatag|ctatcg	0.0004259850905	0.0002281113546	4	2.14	0.16934	3.2e+02	-2.51	223
actagt	actagt|actagt	0.0005324813632	0.0003113562423	5	2.92	0.17205	3.3e+02	-2.51	224
tatgga	tatgga|tccata	0.0006389776358	0.0003980399046	6	3.74	0.17528	3.3e+02	-2.52	225
aagtgc	aagtgc|gcactt	0.0006389776358	0.0003982893846	6	3.74	0.17562	3.3e+02	-2.52	226
atacat	atacat|atgtat	0.0013844515442	0.0010284679446	13	9.66	0.17702	3.4e+02	-2.53	227
tcataa	tcataa|ttatga	0.0011714589989	0.0008452417146	11	7.94	0.17781	3.4e+02	-2.53	228
aataac	aataac|gttatt	0.0011714589989	0.0008458337346	11	7.94	0.17835	3.4e+02	-2.53	229
ccaaca	ccaaca|tgttgg	0.0007454739084	0.0004871864346	7	4.57	0.17859	3.4e+02	-2.53	230
aacaga	aacaga|tctgtt	0.0009584664537	0.0006648122346	9	6.24	0.17873	3.4e+02	-2.53	231
agctag	agctag|ctagct	0.0005324813632	0.0003163639146	5	2.97	0.17980	3.4e+02	-2.53	232
attatg	attatg|cataat	0.0009584664537	0.0006664952346	9	6.26	0.18049	3.4e+02	-2.54	233
agcaaa	agcaaa|tttgct	0.0011714589989	0.0008519558946	11	8.00	0.18402	3.5e+02	-2.54	234
actgcg	actgcg|cgcagt	0.0004259850905	0.0002365467486	4	2.22	0.18481	3.5e+02	-2.55	235
gccaac	gccaac|gttggc	0.0006389776358	0.0004071310746	6	3.82	0.18781	3.6e+02	-2.55	236
cataga	cataga|tctatg	0.0007454739084	0.0004957479546	7	4.66	0.18927	3.6e+02	-2.56	237
cgtcaa	cgtcaa|ttgacg	0.0007454739084	0.0004957682496	7	4.66	0.18930	3.6e+02	-2.56	238
tctaga	tctaga|tctaga	0.0005324813632	0.0003227224323	5	3.03	0.18984	3.6e+02	-2.56	239
atccat	atccat|atggat	0.0005324813632	0.0003235651746	5	3.04	0.19118	3.6e+02	-2.56	240
gagaac	gagaac|gttctc	0.0007454739084	0.0004979992146	7	4.68	0.19212	3.7e+02	-2.56	241
agtcgc	agtcgc|gcgact	0.0005324813632	0.0003256154646	5	3.06	0.19447	3.7e+02	-2.57	242
aggcct	aggcct|aggcct	0.0002129925453	0.0000862962753	2	0.81	0.19492	3.7e+02	-2.57	243
cagtga	cagtga|tcactg	0.0006389776358	0.0004122602646	6	3.87	0.19503	3.7e+02	-2.57	244
gagtgc	gagtgc|gcactc	0.0004259850905	0.0002421332196	4	2.27	0.19530	3.7e+02	-2.57	245
aatgtc	aatgtc|gacatt	0.0008519701810	0.0005900306046	8	5.54	0.19547	3.7e+02	-2.57	246
ctcctc	ctcctc|gaggag	0.0005324813632	0.0003267379266	5	3.07	0.19628	3.7e+02	-2.57	247
cagata	cagata|tatctg	0.0007454739084	0.0005017869546	7	4.71	0.19696	3.7e+02	-2.57	248
acgcag	acgcag|ctgcgt	0.0003194888179	0.0001623025896	3	1.52	0.19720	3.8e+02	-2.57	249
agggtc	agggtc|gaccct	0.0003194888179	0.0001624422786	3	1.53	0.19753	3.8e+02	-2.57	250
acctga	acctga|tcaggt	0.0005324813632	0.0003276767436	5	3.08	0.19779	3.8e+02	-2.58	251
caatca	caatca|tgattg	0.0007454739084	0.0005026462746	7	4.72	0.19806	3.8e+02	-2.58	252
aatcaa	aatcaa|ttgatt	0.0010649627263	0.0007745200746	10	7.27	0.19813	3.8e+02	-2.58	253
attacc	attacc|ggtaat	0.0007454739084	0.0005031848346	7	4.72	0.19875	3.8e+02	-2.58	254
agaccg	agaccg|cggtct	0.0002129925453	0.0000874713606	2	0.82	0.19890	3.8e+02	-2.58	255
gaataa	gaataa|ttattc	0.0009584664537	0.0006846072846	9	6.43	0.19994	3.8e+02	-2.58	256
ctatcc	ctatcc|ggatag	0.0004259850905	0.0002455888146	4	2.31	0.20187	3.8e+02	-2.58	257
atgggg	atgggg|ccccat	0.0003194888179	0.0001642827876	3	1.54	0.20191	3.8e+02	-2.58	258
cgccag	cgccag|ctggcg	0.0003194888179	0.0001643053596	3	1.54	0.20197	3.8e+02	-2.58	259
caaatg	caaatg|catttg	0.0010649627263	0.0007785384846	10	7.31	0.20226	3.8e+02	-2.59	260
cgtaac	cgtaac|gttacg	0.0005324813632	0.0003305100246	5	3.10	0.20239	3.8e+02	-2.59	261
ggacaa	ggacaa|ttgtcc	0.0005324813632	0.0003305694246	5	3.10	0.20249	3.9e+02	-2.59	262
tggaca	tggaca|tgtcca	0.0005324813632	0.0003318089046	5	3.12	0.20451	3.9e+02	-2.59	263
agggat	agggat|atccct	0.0004259850905	0.0002471639046	4	2.32	0.20489	3.9e+02	-2.59	264
acccgg	acccgg|ccgggt	0.0004259850905	0.0002477638446	4	2.33	0.20605	3.9e+02	-2.59	265
aaccta	aaccta|taggtt	0.0005324813632	0.0003339463146	5	3.14	0.20802	4.0e+02	-2.60	266
agcttc	agcttc|gaagct	0.0007454739084	0.0005103603546	7	4.79	0.20807	4.0e+02	-2.60	267
gcccaa	gcccaa|ttgggc	0.0004259850905	0.0002488280946	4	2.34	0.20810	4.0e+02	-2.60	268
cacccc	cacccc|ggggtg	0.0003194888179	0.0001670160786	3	1.57	0.20847	4.0e+02	-2.60	269
accaga	accaga|tctggt	0.0004259850905	0.0002491646946	4	2.34	0.20875	4.0e+02	-2.60	270
gcctta	gcctta|taaggc	0.0004259850905	0.0002503111146	4	2.35	0.21096	4.0e+02	-2.60	271
gatgca	gatgca|tgcatc	0.0007454739084	0.0005126621046	7	4.81	0.21110	4.0e+02	-2.60	272
cgagcg	cgagcg|cgctcg	0.0003194888179	0.0001681401246	3	1.58	0.21118	4.0e+02	-2.60	273
ccacta	ccacta|tagtgg	0.0006389776358	0.0004240481946	6	3.98	0.21200	4.0e+02	-2.61	274
cattaa	cattaa|ttaatg	0.0009584664537	0.0006957131046	9	6.53	0.21227	4.0e+02	-2.61	275
acagag	acagag|ctctgt	0.0007454739084	0.0005155687446	7	4.84	0.21494	4.1e+02	-2.61	276
tagcga	tagcga|tcgcta	0.0005324813632	0.0003381449046	5	3.18	0.21496	4.1e+02	-2.61	277
acggca	acggca|tgccgt	0.0003194888179	0.0001703323806	3	1.60	0.21648	4.1e+02	-2.61	278
cgagaa	cgagaa|ttctcg	0.0008519701810	0.0006079100046	8	5.71	0.21688	4.1e+02	-2.62	279
aatggc	aatggc|gccatt	0.0007454739084	0.0005175576546	7	4.86	0.21758	4.1e+02	-2.62	280
gcaaaa	gcaaaa|ttttgc	0.0014909478168	0.0011713863246	14	11.00	0.21854	4.2e+02	-2.62	281
atgcca	atgcca|tggcat	0.0007454739084	0.0005184427146	7	4.87	0.21876	4.2e+02	-2.62	282
aataga	aataga|tctatt	0.0012779552716	0.0009836090646	12	9.24	0.22039	4.2e+02	-2.62	283
aagcaa	aagcaa|ttgctt	0.0011714589989	0.0008900332746	11	8.36	0.22102	4.2e+02	-2.62	284
attttg	attttg|caaaat	0.0018104366347	0.0014639026146	17	13.75	0.22238	4.2e+02	-2.63	285
cctatc	cctatc|gatagg	0.0003194888179	0.0001738598496	3	1.63	0.22508	4.3e+02	-2.63	286
ccagga	ccagga|tcctgg	0.0003194888179	0.0001739340996	3	1.63	0.22526	4.3e+02	-2.63	287
atcatc	atcatc|gatgat	0.0009584664537	0.0007085237046	9	6.65	0.22686	4.3e+02	-2.63	288
ccattc	ccattc|gaatgg	0.0004259850905	0.0002590637046	4	2.43	0.22810	4.3e+02	-2.64	289
cggctc	cggctc|gagccg	0.0002129925453	0.0000963151296	2	0.90	0.22913	4.4e+02	-2.64	290
aagacc	aagacc|ggtctt	0.0004259850905	0.0002597685846	4	2.44	0.22950	4.4e+02	-2.64	291
aagctg	aagctg|cagctt	0.0006389776358	0.0004359648246	6	4.09	0.22965	4.4e+02	-2.64	292
cgatca	cgatca|tgatcg	0.0003194888179	0.0001758466806	3	1.65	0.22995	4.4e+02	-2.64	293
aaccaa	aaccaa|ttggtt	0.0009584664537	0.0007112491746	9	6.68	0.23001	4.4e+02	-2.64	294
accagc	accagc|gctggt	0.0003194888179	0.0001759138026	3	1.65	0.23011	4.4e+02	-2.64	295
gagaaa	gagaaa|tttctc	0.0018104366347	0.0014739134946	17	13.84	0.23026	4.4e+02	-2.64	296
agctgg	agctgg|ccagct	0.0003194888179	0.0001761921906	3	1.65	0.23079	4.4e+02	-2.64	297
taatca	taatca|tgatta	0.0008519701810	0.0006199781046	8	5.82	0.23180	4.4e+02	-2.64	298
atacca	atacca|tggtat	0.0008519701810	0.0006200820546	8	5.82	0.23193	4.4e+02	-2.64	299
cgcgac	cgcgac|gtcgcg	0.0003194888179	0.0001767490656	3	1.66	0.23216	4.4e+02	-2.65	300
tagcaa	tagcaa|ttgcta	0.0008519701810	0.0006202978746	8	5.82	0.23220	4.4e+02	-2.65	301
aaatcc	aaatcc|ggattt	0.0006389776358	0.0004377705846	6	4.11	0.23237	4.4e+02	-2.65	302
gtacaa	gtacaa|ttgtac	0.0008519701810	0.0006204780546	8	5.83	0.23242	4.4e+02	-2.65	303
atgcta	atgcta|tagcat	0.0007454739084	0.0005287684146	7	4.97	0.23270	4.4e+02	-2.65	304
ccggag	ccggag|ctccgg	0.0003194888179	0.0001772379276	3	1.66	0.23337	4.4e+02	-2.65	305
ctgtta	ctgtta|taacag	0.0008519701810	0.0006243539046	8	5.86	0.23729	4.5e+02	-2.65	306
ccgacg	ccgacg|cgtcgg	0.0002129925453	0.0000987438966	2	0.93	0.23748	4.5e+02	-2.65	307
gacgca	gacgca|tgcgtc	0.0003194888179	0.0001789756746	3	1.68	0.23765	4.5e+02	-2.66	308
acaagt	acaagt|acttgt	0.0008519701810	0.0006247598046	8	5.87	0.23781	4.5e+02	-2.66	309
ggccca	ggccca|tgggcc	0.0003194888179	0.0001791378366	3	1.68	0.23805	4.5e+02	-2.66	310
agtaca	agtaca|tgtact	0.0008519701810	0.0006255329946	8	5.87	0.23878	4.5e+02	-2.66	311
aagcca	aagcca|tggctt	0.0009584664537	0.0007188068346	9	6.75	0.23884	4.5e+02	-2.66	312
cgcccg	cgcccg|cgggcg	0.0002129925453	0.0000991758336	2	0.93	0.23897	4.5e+02	-2.66	313
caacga	caacga|tcgttg	0.0004259850905	0.0002648165946	4	2.49	0.23955	4.6e+02	-2.66	314
ctcggc	ctcggc|gccgag	0.0002129925453	0.0000995012466	2	0.93	0.24009	4.6e+02	-2.66	315
agcaac	agcaac|gttgct	0.0006389776358	0.0004430561946	6	4.16	0.24037	4.6e+02	-2.66	316
atgtta	atgtta|taacat	0.0010649627263	0.0008145269646	10	7.65	0.24076	4.6e+02	-2.66	317
cagctg	cagctg|cagctg	0.0002129925453	0.0000999075873	2	0.94	0.24150	4.6e+02	-2.66	318
gaaacc	gaaacc|ggtttc	0.0006389776358	0.0004439640246	6	4.17	0.24175	4.6e+02	-2.66	319
agaggc	agaggc|gcctct	0.0004259850905	0.0002660907246	4	2.50	0.24211	4.6e+02	-2.66	320
ctttaa	ctttaa|ttaaag	0.0011714589989	0.0009105609246	11	8.55	0.24213	4.6e+02	-2.66	321
ccagaa	ccagaa|ttctgg	0.0005324813632	0.0003546937446	5	3.33	0.24298	4.6e+02	-2.66	322
ataaga	ataaga|tcttat	0.0012779552716	0.0010067968446	12	9.45	0.24302	4.6e+02	-2.66	323
ggaata	ggaata|tattcc	0.0007454739084	0.0005363141946	7	5.04	0.24306	4.6e+02	-2.66	324
aattgg	aattgg|ccaatt	0.0008519701810	0.0006295217046	8	5.91	0.24384	4.6e+02	-2.67	325
agcgaa	agcgaa|ttcgct	0.0005324813632	0.0003552402246	5	3.34	0.24392	4.6e+02	-2.67	326
ataaac	ataaac|gtttat	0.0011714589989	0.0009124904346	11	8.57	0.24415	4.6e+02	-2.67	327
actcaa	actcaa|ttgagt	0.0007454739084	0.0005373744846	7	5.05	0.24453	4.7e+02	-2.67	328
ccttgc	ccttgc|gcaagg	0.0004259850905	0.0002687221446	4	2.52	0.24740	4.7e+02	-2.67	329
agctca	agctca|tgagct	0.0005324813632	0.0003580640016	5	3.36	0.24880	4.7e+02	-2.68	330
atgcac	atgcac|gtgcat	0.0008519701810	0.0006340242246	8	5.95	0.24960	4.7e+02	-2.68	331
ggttta	ggttta|taaacc	0.0006389776358	0.0004493773446	6	4.22	0.25004	4.8e+02	-2.68	332
cccttc	cccttc|gaaggg	0.0004259850905	0.0002705387946	4	2.54	0.25107	4.8e+02	-2.68	333
accacc	accacc|ggtggt	0.0005324813632	0.0003595952346	5	3.38	0.25146	4.8e+02	-2.68	334
accatc	accatc|gatggt	0.0005324813632	0.0003597496746	5	3.38	0.25173	4.8e+02	-2.68	335
acttaa	acttaa|ttaagt	0.0007454739084	0.0005429660046	7	5.10	0.25231	4.8e+02	-2.68	336
cttcga	cttcga|tcgaag	0.0004259850905	0.0002713367346	4	2.55	0.25269	4.8e+02	-2.68	337
gagcga	gagcga|tcgctc	0.0004259850905	0.0002716705626	4	2.55	0.25336	4.8e+02	-2.68	338
acattg	acattg|caatgt	0.0009584664537	0.0007311471846	9	6.87	0.25349	4.8e+02	-2.68	339
gactta	gactta|taagtc	0.0006389776358	0.0004522424046	6	4.25	0.25447	4.8e+02	-2.68	340
cccata	cccata|tatggg	0.0004259850905	0.0002723323776	4	2.56	0.25471	4.8e+02	-2.69	341
atcacc	atcacc|ggtgat	0.0006389776358	0.0004528680846	6	4.25	0.25543	4.9e+02	-2.69	342
aattaa	aattaa|ttaatt	0.0011714589989	0.0009234457746	11	8.67	0.25574	4.9e+02	-2.69	343
aatagc	aatagc|gctatt	0.0007454739084	0.0005457617646	7	5.12	0.25623	4.9e+02	-2.69	344
agccga	agccga|tcggct	0.0002129925453	0.0001043577906	2	0.98	0.25685	4.9e+02	-2.69	345
ctaaga	ctaaga|tcttag	0.0006389776358	0.0004542659646	6	4.27	0.25760	4.9e+02	-2.69	346
acgagc	acgagc|gctcgt	0.0004259850905	0.0002738454936	4	2.57	0.25778	4.9e+02	-2.69	347
cgagca	cgagca|tgctcg	0.0004259850905	0.0002740127046	4	2.57	0.25812	4.9e+02	-2.69	348
atttag	atttag|ctaaat	0.0010649627263	0.0008309876946	10	7.80	0.25919	4.9e+02	-2.69	349
gctagc	gctagc|gctagc	0.0002129925453	0.0001050808323	2	0.99	0.25935	4.9e+02	-2.69	350
gtccaa	gtccaa|ttggac	0.0005324813632	0.0003649392546	5	3.43	0.26079	5.0e+02	-2.70	351
caatag	caatag|ctattg	0.0007454739084	0.0005493752646	7	5.16	0.26133	5.0e+02	-2.70	352
atgatc	atgatc|gatcat	0.0005324813632	0.0003653035746	5	3.43	0.26143	5.0e+02	-2.70	353
ccgcag	ccgcag|ctgcgg	0.0002129925453	0.0001057299306	2	0.99	0.26159	5.0e+02	-2.70	354
cctacg	cctacg|cgtagg	0.0002129925453	0.0001060427706	2	1.00	0.26267	5.0e+02	-2.70	355
gataaa	gataaa|tttatc	0.0012779552716	0.0010275700146	12	9.65	0.26400	5.0e+02	-2.70	356
actcat	actcat|atgagt	0.0007454739084	0.0005517027546	7	5.18	0.26462	5.0e+02	-2.70	357
gtataa	gtataa|ttatac	0.0013844515442	0.0011252384646	13	10.57	0.26480	5.0e+02	-2.70	358
acagac	acagac|gtctgt	0.0004259850905	0.0002779855746	4	2.61	0.26623	5.1e+02	-2.70	359
gcaccc	gcaccc|gggtgc	0.0003194888179	0.0001905991656	3	1.79	0.26662	5.1e+02	-2.71	360
caacca	caacca|tggttg	0.0006389776358	0.0004601287446	6	4.32	0.26674	5.1e+02	-2.71	361
gctaca	gctaca|tgtagc	0.0005324813632	0.0003685794846	5	3.46	0.26719	5.1e+02	-2.71	362
ggttaa	ggttaa|ttaacc	0.0005324813632	0.0003692675346	5	3.47	0.26840	5.1e+02	-2.71	363
gctgcc	gctgcc|ggcagc	0.0002129925453	0.0001088098206	2	1.02	0.27223	5.2e+02	-2.71	364
aactcc	aactcc|ggagtt	0.0005324813632	0.0003724464246	5	3.50	0.27402	5.2e+02	-2.72	365
aactgc	aactgc|gcagtt	0.0006389776358	0.0004650648846	6	4.37	0.27450	5.2e+02	-2.72	366
taggga	taggga|tcccta	0.0003194888179	0.0001948147836	3	1.83	0.27724	5.3e+02	-2.72	367
gcccgc	gcccgc|gcgggc	0.0002129925453	0.0001104579726	2	1.04	0.27792	5.3e+02	-2.72	368
agcagg	agcagg|cctgct	0.0003194888179	0.0001951687086	3	1.83	0.27813	5.3e+02	-2.72	369
gtccta	gtccta|taggac	0.0003194888179	0.0001952170206	3	1.83	0.27825	5.3e+02	-2.72	370
ggggta	ggggta|tacccc	0.0003194888179	0.0001956755886	3	1.84	0.27941	5.3e+02	-2.73	371
aacatg	aacatg|catgtt	0.0007454739084	0.0005630610246	7	5.29	0.28086	5.3e+02	-2.73	372
gatcac	gatcac|gtgatc	0.0004259850905	0.0002851610946	4	2.68	0.28098	5.3e+02	-2.73	373
gaccca	gaccca|tgggtc	0.0003194888179	0.0001963976946	3	1.84	0.28123	5.3e+02	-2.73	374
ataaat	ataaat|atttat	0.0020234291800	0.0017340449046	19	16.28	0.28138	5.4e+02	-2.73	375
acggac	acggac|gtccgt	0.0003194888179	0.0001965146136	3	1.85	0.28153	5.4e+02	-2.73	376
ctatgc	ctatgc|gcatag	0.0004259850905	0.0002856030306	4	2.68	0.28189	5.4e+02	-2.73	377
agagaa	agagaa|ttctct	0.0013844515442	0.0011427099846	13	10.73	0.28208	5.4e+02	-2.73	378
gcccga	gcccga|tcgggc	0.0002129925453	0.0001120311816	2	1.05	0.28335	5.4e+02	-2.73	379
cccgcc	cccgcc|ggcggg	0.0002129925453	0.0001122332406	2	1.05	0.28405	5.4e+02	-2.73	380
ccgata	ccgata|tatcgg	0.0003194888179	0.0001978983366	3	1.86	0.28502	5.4e+02	-2.73	381
gggaga	gggaga|tctccc	0.0004259850905	0.0002873655276	4	2.70	0.28554	5.4e+02	-2.73	382
aaaaag	aaaaag|cttttt	0.0035143769968	0.0031465590846	33	29.55	0.28579	5.4e+02	-2.74	383
tatcga	tatcga|tcgata	0.0006389776358	0.0004724888946	6	4.44	0.28627	5.4e+02	-2.74	384
tactca	tactca|tgagta	0.0006389776358	0.0004725760146	6	4.44	0.28641	5.4e+02	-2.74	385
agatgg	agatgg|ccatct	0.0005324813632	0.0003794358246	5	3.56	0.28647	5.4e+02	-2.74	386
aagtaa	aagtaa|ttactt	0.0012779552716	0.0010492688346	12	9.85	0.28653	5.4e+02	-2.74	387
gaatac	gaatac|gtattc	0.0005324813632	0.0003797724246	5	3.57	0.28707	5.5e+02	-2.74	388
caccta	caccta|taggtg	0.0004259850905	0.0002881122846	4	2.71	0.28708	5.5e+02	-2.74	389
aagtac	aagtac|gtactt	0.0007454739084	0.0005676090846	7	5.33	0.28743	5.5e+02	-2.74	390
accctg	accctg|cagggt	0.0003194888179	0.0001990071366	3	1.87	0.28783	5.5e+02	-2.74	391
cgaacg	cgaacg|cgttcg	0.0002129925453	0.0001134756906	2	1.07	0.28834	5.5e+02	-2.74	392
catcgc	catcgc|gcgatg	0.0004259850905	0.0002889260646	4	2.71	0.28877	5.5e+02	-2.74	393
gcatta	gcatta|taatgc	0.0007454739084	0.0005687109546	7	5.34	0.28903	5.5e+02	-2.74	394
ataggg	ataggg|ccctat	0.0003194888179	0.0001995605466	3	1.87	0.28923	5.5e+02	-2.74	395
gctacc	gctacc|ggtagc	0.0003194888179	0.0001996426176	3	1.87	0.28944	5.5e+02	-2.74	396
taaaga	taaaga|tcttta	0.0014909478168	0.0012484390146	14	11.72	0.28949	5.5e+02	-2.74	397
cagacg	cagacg|cgtctg	0.0002129925453	0.0001138327836	2	1.07	0.28957	5.5e+02	-2.74	398
acgcgc	acgcgc|gcgcgt	0.0003194888179	0.0002000685156	3	1.88	0.29051	5.5e+02	-2.74	399
taacaa	taacaa|ttgtta	0.0010649627263	0.0008584275246	10	8.06	0.29088	5.5e+02	-2.74	400
catgca	catgca|tgcatg	0.0006389776358	0.0004758826146	6	4.47	0.29168	5.5e+02	-2.74	401
caggaa	caggaa|ttcctg	0.0006389776358	0.0004760697246	6	4.47	0.29198	5.6e+02	-2.74	402
caactc	caactc|gagttg	0.0006389776358	0.0004762013946	6	4.47	0.29219	5.6e+02	-2.74	403
gatgac	gatgac|gtcatc	0.0007454739084	0.0005719403346	7	5.37	0.29372	5.6e+02	-2.75	404
atatac	atatac|gtatat	0.0023429179979	0.0020495044446	22	19.24	0.29377	5.6e+02	-2.75	405
aaagca	aaagca|tgcttt	0.0013844515442	0.0011565937446	13	10.86	0.29606	5.6e+02	-2.75	406
tcgcga	tcgcga|tcgcga	0.0002129925453	0.0001158619323	2	1.09	0.29656	5.6e+02	-2.75	407
aagctc	aagctc|gagctt	0.0006389776358	0.0004794931446	6	4.50	0.29747	5.7e+02	-2.75	408
cacata	cacata|tatgtg	0.0010649627263	0.0008647189746	10	8.12	0.29829	5.7e+02	-2.75	409
gtcgta	gtcgta|tacgac	0.0004259850905	0.0002935483746	4	2.76	0.29837	5.7e+02	-2.75	410
acgaag	acgaag|cttcgt	0.0004259850905	0.0002937224166	4	2.76	0.29874	5.7e+02	-2.75	411
gtggta	gtggta|taccac	0.0007454739084	0.0005755251246	7	5.40	0.29895	5.7e+02	-2.75	412
tcagga	tcagga|tcctga	0.0004259850905	0.0002940463446	4	2.76	0.29941	5.7e+02	-2.76	413
cagaac	cagaac|gttctg	0.0005324813632	0.0003867420246	5	3.63	0.29958	5.7e+02	-2.76	414
acagcc	acagcc|ggctgt	0.0004259850905	0.0002948007246	4	2.77	0.30098	5.7e+02	-2.76	415
ctacaa	ctacaa|ttgtag	0.0007454739084	0.0005769695346	7	5.42	0.30107	5.7e+02	-2.76	416
atcttg	atcttg|caagat	0.0007454739084	0.0005771813946	7	5.42	0.30138	5.7e+02	-2.76	417
cactta	cactta|taagtg	0.0005324813632	0.0003877904346	5	3.64	0.30147	5.7e+02	-2.76	418
ttccaa	ttccaa|ttggaa	0.0010649627263	0.0008674929546	10	8.15	0.30157	5.7e+02	-2.76	419
cgcgtc	cgcgtc|gacgcg	0.0002129925453	0.0001173633216	2	1.10	0.30172	5.7e+02	-2.76	420
agcgac	agcgac|gtcgct	0.0004259850905	0.0002952933486	4	2.77	0.30201	5.7e+02	-2.76	421
cgacgc	cgacgc|gcgtcg	0.0002129925453	0.0001178714886	2	1.11	0.30347	5.8e+02	-2.76	422
aaatga	aaatga|tcattt	0.0020234291800	0.0017612629746	19	16.54	0.30360	5.8e+02	-2.76	423
aatgaa	aatgaa|ttcatt	0.0015974440895	0.0013624840446	15	12.79	0.30391	5.8e+02	-2.76	424
attgaa	attgaa|ttcaat	0.0012779552716	0.0010658790546	12	10.01	0.30414	5.8e+02	-2.76	425
ccgaag	ccgaag|cttcgg	0.0002129925453	0.0001183821306	2	1.11	0.30522	5.8e+02	-2.76	426
acccat	acccat|atgggt	0.0004259850905	0.0002973539346	4	2.79	0.30631	5.8e+02	-2.77	427
agagga	agagga|tcctct	0.0007454739084	0.0005805493746	7	5.45	0.30631	5.8e+02	-2.77	428
aatgcg	aatgcg|cgcatt	0.0005324813632	0.0003906267846	5	3.67	0.30660	5.8e+02	-2.77	429
gattca	gattca|tgaatc	0.0004259850905	0.0002975242146	4	2.79	0.30667	5.8e+02	-2.77	430
cacgcc	cacgcc|ggcgtg	0.0003194888179	0.0002065382646	3	1.94	0.30692	5.8e+02	-2.77	431
aagatg	aagatg|catctt	0.0010649627263	0.0008723687046	10	8.19	0.30736	5.8e+02	-2.77	432
tgtcaa	tgtcaa|ttgaca	0.0009584664537	0.0007753843446	9	7.28	0.30815	5.9e+02	-2.77	433
accccc	accccc|gggggt	0.0002129925453	0.0001193201556	2	1.12	0.30844	5.9e+02	-2.77	434
acagct	acagct|agctgt	0.0006389776358	0.0004863132546	6	4.57	0.30845	5.9e+02	-2.77	435
agcata	agcata|tatgct	0.0007454739084	0.0005824382946	7	5.47	0.30909	5.9e+02	-2.77	436
gcggga	gcggga|tcccgc	0.0003194888179	0.0002077135926	3	1.95	0.30991	5.9e+02	-2.77	437
agtacg	agtacg|cgtact	0.0004259850905	0.0002993794746	4	2.81	0.31054	5.9e+02	-2.77	438
ccccca	ccccca|tggggg	0.0002129925453	0.0001199959296	2	1.13	0.31076	5.9e+02	-2.77	439
acctat	acctat|ataggt	0.0005324813632	0.0003932918646	5	3.69	0.31142	5.9e+02	-2.77	440
agtgga	agtgga|tccact	0.0005324813632	0.0003935472846	5	3.70	0.31188	5.9e+02	-2.77	441
agttga	agttga|tcaact	0.0009584664537	0.0007796888646	9	7.32	0.31362	6.0e+02	-2.78	442
ccgagg	ccgagg|cctcgg	0.0002129925453	0.0001208869296	2	1.14	0.31381	6.0e+02	-2.78	443
aaaata	aaaata|tatttt	0.0037273695421	0.0033975141846	35	31.90	0.31431	6.0e+02	-2.78	444
atctcc	atctcc|ggagat	0.0004259850905	0.0003015356946	4	2.83	0.31505	6.0e+02	-2.78	445
atccac	atccac|gtggat	0.0005324813632	0.0003955599546	5	3.71	0.31553	6.0e+02	-2.78	446
aaatgt	aaatgt|acattt	0.0019169329073	0.0016752666246	18	15.73	0.31565	6.0e+02	-2.78	447
gcagga	gcagga|tcctgc	0.0003194888179	0.0002102060166	3	1.97	0.31624	6.0e+02	-2.78	448
caatga	caatga|tcattg	0.0009584664537	0.0007818975546	9	7.34	0.31643	6.0e+02	-2.78	449
actgcc	actgcc|ggcagt	0.0003194888179	0.0002110239546	3	1.98	0.31832	6.1e+02	-2.78	450
acccca	acccca|tggggt	0.0003194888179	0.0002112228456	3	1.98	0.31883	6.1e+02	-2.78	451
cgggag	cgggag|ctcccg	0.0003194888179	0.0002114732166	3	1.99	0.31946	6.1e+02	-2.78	452
atgtac	atgtac|gtacat	0.0007454739084	0.0005898910146	7	5.54	0.32009	6.1e+02	-2.78	453
tgttaa	tgttaa|ttaaca	0.0008519701810	0.0006877317246	8	6.46	0.32105	6.1e+02	-2.79	454
acttga	acttga|tcaagt	0.0007454739084	0.0005907354846	7	5.55	0.32134	6.1e+02	-2.79	455
accggc	accggc|gccggt	0.0002129925453	0.0001232697606	2	1.16	0.32197	6.1e+02	-2.79	456
gaacac	gaacac|gtgttc	0.0005324813632	0.0003991229646	5	3.75	0.32201	6.1e+02	-2.79	457
actgca	actgca|tgcagt	0.0006389776358	0.0004948836846	6	4.65	0.32234	6.1e+02	-2.79	458
acatta	acatta|taatgt	0.0010649627263	0.0008852545446	10	8.31	0.32279	6.1e+02	-2.79	459
cgagga	cgagga|tcctcg	0.0004259850905	0.0003057719046	4	2.87	0.32393	6.2e+02	-2.79	460
actacg	actacg|cgtagt	0.0004259850905	0.0003062768046	4	2.88	0.32499	6.2e+02	-2.79	461
aaccct	aaccct|agggtt	0.0004259850905	0.0003064490646	4	2.88	0.32535	6.2e+02	-2.79	462
ccttga	ccttga|tcaagg	0.0005324813632	0.0004010485146	5	3.77	0.32552	6.2e+02	-2.79	463
gcacgc	gcacgc|gcgtgc	0.0003194888179	0.0002139435636	3	2.01	0.32574	6.2e+02	-2.79	464
cactaa	cactaa|ttagtg	0.0006389776358	0.0004972586946	6	4.67	0.32621	6.2e+02	-2.79	465
aggtta	aggtta|taacct	0.0006389776358	0.0004981655346	6	4.68	0.32769	6.2e+02	-2.79	466
atttca	atttca|tgaaat	0.0017039403621	0.0014888694246	16	13.98	0.32864	6.3e+02	-2.80	467
gaaata	gaaata|tatttc	0.0019169329073	0.0016910996946	18	15.88	0.32935	6.3e+02	-2.80	468
gcccca	gcccca|tggggc	0.0002129925453	0.0001256703126	2	1.18	0.33015	6.3e+02	-2.80	469
agttac	agttac|gtaact	0.0008519701810	0.0006949626846	8	6.53	0.33098	6.3e+02	-2.80	470
cgttta	cgttta|taaacg	0.0005324813632	0.0004042323546	5	3.80	0.33132	6.3e+02	-2.80	471
cagaga	cagaga|tctctg	0.0005324813632	0.0004043759046	5	3.80	0.33158	6.3e+02	-2.80	472
aaagcg	aaagcg|cgcttt	0.0008519701810	0.0006954933246	8	6.53	0.33171	6.3e+02	-2.80	473
cacctg	cacctg|caggtg	0.0004259850905	0.0003098645646	4	2.91	0.33253	6.3e+02	-2.80	474
gactcc	gactcc|ggagtc	0.0003194888179	0.0002167661526	3	2.04	0.33291	6.3e+02	-2.80	475
cacaac	cacaac|gttgtg	0.0007454739084	0.0005985723246	7	5.62	0.33299	6.3e+02	-2.80	476
ccttta	ccttta|taaagg	0.0008519701810	0.0006964892646	8	6.54	0.33308	6.3e+02	-2.80	477
atagcg	atagcg|cgctat	0.0005324813632	0.0004052233446	5	3.81	0.33313	6.3e+02	-2.80	478
attgcc	attgcc|ggcaat	0.0004259850905	0.0003104645046	4	2.92	0.33379	6.3e+02	-2.80	479
ctctga	ctctga|tcagag	0.0004259850905	0.0003105050946	4	2.92	0.33387	6.4e+02	-2.80	480
agagac	agagac|gtctct	0.0004259850905	0.0003106288446	4	2.92	0.33413	6.4e+02	-2.80	481
accgta	accgta|tacggt	0.0003194888179	0.0002174459856	3	2.04	0.33464	6.4e+02	-2.80	482
gtaaac	gtaaac|gtttac	0.0007454739084	0.0005998514046	7	5.63	0.33490	6.4e+02	-2.80	483
cgaacc	cgaacc|ggttcg	0.0002129925453	0.0001270846266	2	1.19	0.33496	6.4e+02	-2.80	484
acggtc	acggtc|gaccgt	0.0002129925453	0.0001272578766	2	1.19	0.33555	6.4e+02	-2.80	485
atgtcc	atgtcc|ggacat	0.0004259850905	0.0003114911346	4	2.92	0.33595	6.4e+02	-2.81	486
accgat	accgat|atcggt	0.0002129925453	0.0001273743006	2	1.20	0.33595	6.4e+02	-2.81	487
ccgcgc	ccgcgc|gcgcgg	0.0002129925453	0.0001274025156	2	1.20	0.33604	6.4e+02	-2.81	488
agatat	agatat|atatct	0.0017039403621	0.0014982298746	16	14.07	0.33735	6.4e+02	-2.81	489
ccaacg	ccaacg|cgttgg	0.0003194888179	0.0002186212146	3	2.05	0.33763	6.4e+02	-2.81	490
cgatac	cgatac|gtatcg	0.0003194888179	0.0002186994246	3	2.05	0.33783	6.4e+02	-2.81	491
aaacaa	aaacaa|ttgttt	0.0013844515442	0.0011975015346	13	11.24	0.33829	6.4e+02	-2.81	492
ggcaca	ggcaca|tgtgcc	0.0004259850905	0.0003131424546	4	2.94	0.33942	6.5e+02	-2.81	493
ggtata	ggtata|tatacc	0.0009584664537	0.0008004263946	9	7.52	0.34021	6.5e+02	-2.81	494
tgatca	tgatca|tgatca	0.0003194888179	0.0002199238023	3	2.07	0.34094	6.5e+02	-2.81	495
ccttcc	ccttcc|ggaagg	0.0004259850905	0.0003138770346	4	2.95	0.34096	6.5e+02	-2.81	496
gtggca	gtggca|tgccac	0.0006389776358	0.0005074061946	6	4.76	0.34279	6.5e+02	-2.81	497
tatcca	tatcca|tggata	0.0006389776358	0.0005075804346	6	4.77	0.34308	6.5e+02	-2.81	498
gcacac	gcacac|gtgtgc	0.0005324813632	0.0004109495046	5	3.86	0.34360	6.5e+02	-2.82	499
ccaaga	ccaaga|tcttgg	0.0006389776358	0.0005079398046	6	4.77	0.34367	6.5e+02	-2.82	500
acctaa	acctaa|ttaggt	0.0004259850905	0.0003153194646	4	2.96	0.34400	6.5e+02	-2.82	501
gattga	gattga|tcaatc	0.0005324813632	0.0004111752246	5	3.86	0.34401	6.5e+02	-2.82	502
aaacca	aaacca|tggttt	0.0008519701810	0.0007047032946	8	6.62	0.34443	6.6e+02	-2.82	503
aagcgt	aagcgt|acgctt	0.0005324813632	0.0004121602746	5	3.87	0.34581	6.6e+02	-2.82	504
gtaata	gtaata|tattac	0.0011714589989	0.0010043782746	11	9.43	0.34614	6.6e+02	-2.82	505
cctgaa	cctgaa|ttcagg	0.0004259850905	0.0003163649046	4	2.97	0.34620	6.6e+02	-2.82	506
ggtgga	ggtgga|tccacc	0.0004259850905	0.0003165371646	4	2.97	0.34656	6.6e+02	-2.82	507
aaacgg	aaacgg|ccgttt	0.0004259850905	0.0003171632406	4	2.98	0.34788	6.6e+02	-2.82	508
atttac	atttac|gtaaat	0.0012779552716	0.0011064126246	12	10.39	0.34820	6.6e+02	-2.82	509
tgataa	tgataa|ttatca	0.0011714589989	0.0010064691546	11	9.45	0.34856	6.6e+02	-2.82	510
ctccgc	ctccgc|gcggag	0.0002129925453	0.0001319387946	2	1.24	0.35139	6.7e+02	-2.83	511
gggccc	gggccc|gggccc	0.0001064962726	0.0000461289063	1	0.43	0.35154	6.7e+02	-2.83	512
aaaagt	aaaagt|actttt	0.0022364217252	0.0020238773046	21	19.00	0.35310	6.7e+02	-2.83	513
tgcaaa	tgcaaa|tttgca	0.0011714589989	0.0010104053946	11	9.49	0.35312	6.7e+02	-2.83	514
taagta	taagta|tactta	0.0007454739084	0.0006124739046	7	5.75	0.35378	6.7e+02	-2.83	515
cattca	cattca|tgaatg	0.0006389776358	0.0005144173746	6	4.83	0.35430	6.7e+02	-2.83	516
cttcca	cttcca|tggaag	0.0006389776358	0.0005146678446	6	4.83	0.35471	6.7e+02	-2.83	517
ccagtc	ccagtc|gactgg	0.0003194888179	0.0002254576596	3	2.12	0.35497	6.8e+02	-2.83	518
agatga	agatga|tcatct	0.0009584664537	0.0008126499246	9	7.63	0.35604	6.8e+02	-2.83	519
ccgtcg	ccgtcg|cgacgg	0.0002129925453	0.0001333841946	2	1.25	0.35626	6.8e+02	-2.83	520
gtaaca	gtaaca|tgttac	0.0007454739084	0.0006144113346	7	5.77	0.35669	6.8e+02	-2.83	521
cccgac	cccgac|gtcggg	0.0002129925453	0.0001336154586	2	1.25	0.35703	6.8e+02	-2.83	522
taccta	taccta|taggta	0.0004259850905	0.0003218801946	4	3.02	0.35780	6.8e+02	-2.83	523
gagacc	gagacc|ggtctc	0.0002129925453	0.0001347104976	2	1.26	0.36071	6.9e+02	-2.84	524
aagagg	aagagg|cctctt	0.0007454739084	0.0006172971846	7	5.80	0.36103	6.9e+02	-2.84	525
cgactc	cgactc|gagtcg	0.0003194888179	0.0002280084936	3	2.14	0.36143	6.9e+02	-2.84	526
cactcg	cactcg|cgagtg	0.0003194888179	0.0002281381836	3	2.14	0.36176	6.9e+02	-2.84	527
cacagg	cacagg|cctgtg	0.0005324813632	0.0004209791946	5	3.95	0.36198	6.9e+02	-2.84	528
cagcaa	cagcaa|ttgctg	0.0005324813632	0.0004209930546	5	3.95	0.36200	6.9e+02	-2.84	529
ataatc	ataatc|gattat	0.0007454739084	0.0006193880646	7	5.82	0.36417	6.9e+02	-2.84	530
tcaaga	tcaaga|tcttga	0.0008519701810	0.0007191662046	8	6.75	0.36452	6.9e+02	-2.84	531
atagac	atagac|gtctat	0.0005324813632	0.0004228493046	5	3.97	0.36541	7.0e+02	-2.84	532
acaggt	acaggt|acctgt	0.0006389776358	0.0005214156846	6	4.90	0.36581	7.0e+02	-2.84	533
cgctta	cgctta|taagcg	0.0004259850905	0.0003267034746	4	3.07	0.36794	7.0e+02	-2.84	534
ccctcc	ccctcc|ggaggg	0.0002129925453	0.0001370105646	2	1.29	0.36840	7.0e+02	-2.85	535
taaata	taaata|tattta	0.0019169329073	0.0017354714946	18	16.30	0.36848	7.0e+02	-2.85	536
caccca	caccca|tgggtg	0.0004259850905	0.0003270301746	4	3.07	0.36863	7.0e+02	-2.85	537
tcgaca	tcgaca|tgtcga	0.0004259850905	0.0003271341246	4	3.07	0.36885	7.0e+02	-2.85	538
agaaca	agaaca|tgttct	0.0009584664537	0.0008225043846	9	7.72	0.36888	7.0e+02	-2.85	539
ctgaaa	ctgaaa|tttcag	0.0009584664537	0.0008230399746	9	7.73	0.36958	7.0e+02	-2.85	540
atttga	atttga|tcaaat	0.0011714589989	0.0010248831546	11	9.62	0.36996	7.0e+02	-2.85	541
atgaat	atgaat|attcat	0.0008519701810	0.0007236162546	8	6.79	0.37072	7.1e+02	-2.85	542
acatca	acatca|tgatgt	0.0010649627263	0.0009246773346	10	8.68	0.37085	7.1e+02	-2.85	543
aggtca	aggtca|tgacct	0.0005324813632	0.0004258638546	5	4.00	0.37094	7.1e+02	-2.85	544
atgttg	atgttg|caacat	0.0008519701810	0.0007243597446	8	6.80	0.37176	7.1e+02	-2.85	545
ccttac	ccttac|gtaagg	0.0004259850905	0.0003288101946	4	3.09	0.37237	7.1e+02	-2.85	546
aaggaa	aaggaa|ttcctt	0.0011714589989	0.0010269473046	11	9.64	0.37237	7.1e+02	-2.85	547
ggcgca	ggcgca|tgcgcc	0.0003194888179	0.0002327133696	3	2.19	0.37332	7.1e+02	-2.85	548
ggagcc	ggagcc|ggctcc	0.0002129925453	0.0001387293036	2	1.30	0.37413	7.1e+02	-2.85	549
cgacga	cgacga|tcgtcg	0.0003194888179	0.0002333381586	3	2.19	0.37489	7.1e+02	-2.85	550
agcgat	agcgat|atcgct	0.0004259850905	0.0003301427346	4	3.10	0.37517	7.1e+02	-2.85	551
atcgaa	atcgaa|ttcgat	0.0004259850905	0.0003302209446	4	3.10	0.37534	7.1e+02	-2.85	552
agttag	agttag|ctaact	0.0006389776358	0.0005275111146	6	4.95	0.37585	7.1e+02	-2.85	553
atgata	atgata|tatcat	0.0013844515442	0.0012332543946	13	11.58	0.37612	7.2e+02	-2.85	554
cattcc	cattcc|ggaatg	0.0004259850905	0.0003307169346	4	3.11	0.37638	7.2e+02	-2.85	555
atgcat	atgcat|atgcat	0.0004259850905	0.0003307236123	4	3.11	0.37639	7.2e+02	-2.85	556
cggaac	cggaac|gttccg	0.0003194888179	0.0002343082596	3	2.20	0.37733	7.2e+02	-2.86	557
tattca	tattca|tgaata	0.0009584664537	0.0008290670946	9	7.78	0.37745	7.2e+02	-2.86	558
ccaccc	ccaccc|gggtgg	0.0003194888179	0.0002346493146	3	2.20	0.37819	7.2e+02	-2.86	559
aagggg	aagggg|cccctt	0.0003194888179	0.0002346550566	3	2.20	0.37821	7.2e+02	-2.86	560
tctaaa	tctaaa|tttaga	0.0012779552716	0.0011334930846	12	10.64	0.37823	7.2e+02	-2.86	561
acgcct	acgcct|aggcgt	0.0002129925453	0.0001401098586	2	1.32	0.37871	7.2e+02	-2.86	562
gaatgc	gaatgc|gcattc	0.0004259850905	0.0003323187546	4	3.12	0.37974	7.2e+02	-2.86	563
agagta	agagta|tactct	0.0007454739084	0.0006320511546	7	5.93	0.38325	7.3e+02	-2.86	564
ctcccc	ctcccc|ggggag	0.0002129925453	0.0001415788206	2	1.33	0.38357	7.3e+02	-2.86	565
ctgcac	ctgcac|gtgcag	0.0004259850905	0.0003343651836	4	3.14	0.38404	7.3e+02	-2.86	566
aaaaga	aaaaga|tctttt	0.0026624068158	0.0024755172846	25	23.25	0.38491	7.3e+02	-2.86	567
attgag	attgag|ctcaat	0.0006389776358	0.0005333006346	6	5.01	0.38539	7.3e+02	-2.87	568
taacca	taacca|tggtta	0.0006389776358	0.0005334224046	6	5.01	0.38559	7.3e+02	-2.87	569
accctc	accctc|gagggt	0.0003194888179	0.0002377757346	3	2.23	0.38605	7.3e+02	-2.87	570
cactca	cactca|tgagtg	0.0004259850905	0.0003355556586	4	3.15	0.38653	7.4e+02	-2.87	571
actaat	actaat|attagt	0.0008519701810	0.0007349428446	8	6.90	0.38655	7.4e+02	-2.87	572
atagaa	atagaa|ttctat	0.0017039403621	0.0015508067946	16	14.56	0.38711	7.4e+02	-2.87	573
cctgtc	cctgtc|gacagg	0.0003194888179	0.0002383142946	3	2.24	0.38740	7.4e+02	-2.87	574
agtaag	agtaag|cttact	0.0006389776358	0.0005346995046	6	5.02	0.38769	7.4e+02	-2.87	575
cctgga	cctgga|tccagg	0.0002129925453	0.0001431765816	2	1.34	0.38884	7.4e+02	-2.87	576
atctga	atctga|tcagat	0.0004259850905	0.0003368836446	4	3.16	0.38932	7.4e+02	-2.87	577
agcaat	agcaat|attgct	0.0007454739084	0.0006368081046	7	5.98	0.39042	7.4e+02	-2.87	578
gcttca	gcttca|tgaagc	0.0006389776358	0.0005364369546	6	5.04	0.39056	7.4e+02	-2.87	579
ctggac	ctggac|gtccag	0.0002129925453	0.0001437653346	2	1.35	0.39078	7.4e+02	-2.87	580
cggtaa	cggtaa|ttaccg	0.0003194888179	0.0002396984136	3	2.25	0.39087	7.4e+02	-2.87	581
gtctaa	gtctaa|ttagac	0.0004259850905	0.0003379330446	4	3.17	0.39151	7.4e+02	-2.87	582
atgtgc	atgtgc|gcacat	0.0007454739084	0.0006376525746	7	5.99	0.39170	7.5e+02	-2.87	583
gcgtca	gcgtca|tgacgc	0.0003194888179	0.0002401343106	3	2.25	0.39197	7.5e+02	-2.87	584
ccacca	ccacca|tggtgg	0.0005324813632	0.0004377725646	5	4.11	0.39278	7.5e+02	-2.87	585
atctgc	atctgc|gcagat	0.0003194888179	0.0002410789686	3	2.26	0.39433	7.5e+02	-2.88	586
aaacag	aaacag|ctgttt	0.0009584664537	0.0008425667346	9	7.91	0.39512	7.5e+02	-2.88	587
ctggtc	ctggtc|gaccag	0.0002129925453	0.0001453895286	2	1.37	0.39611	7.5e+02	-2.88	588
cagcca	cagcca|tggctg	0.0004259850905	0.0003401961846	4	3.19	0.39625	7.5e+02	-2.88	589
tgaaaa	tgaaaa|ttttca	0.0026624068158	0.0024908325846	25	23.39	0.39648	7.5e+02	-2.88	590
taagca	taagca|tgctta	0.0006389776358	0.0005400593646	6	5.07	0.39653	7.5e+02	-2.88	591
gttaaa	gttaaa|tttaac	0.0009584664537	0.0008450961846	9	7.94	0.39844	7.6e+02	-2.88	592
aagaca	aagaca|tgtctt	0.0006389776358	0.0005413681446	6	5.08	0.39868	7.6e+02	-2.88	593
ccgggc	ccgggc|gcccgg	0.0002129925453	0.0001462222176	2	1.37	0.39883	7.6e+02	-2.88	594
gacctc	gacctc|gaggtc	0.0003194888179	0.0002430306546	3	2.28	0.39921	7.6e+02	-2.88	595
ctgcaa	ctgcaa|ttgcag	0.0005324813632	0.0004415058546	5	4.15	0.39962	7.6e+02	-2.88	596
actgaa	actgaa|ttcagt	0.0007454739084	0.0006440469846	7	6.05	0.40135	7.6e+02	-2.88	597
atctag	atctag|ctagat	0.0005324813632	0.0004425503046	5	4.16	0.40153	7.6e+02	-2.88	598
cgcttc	cgcttc|gaagcg	0.0004259850905	0.0003431820246	4	3.22	0.40249	7.7e+02	-2.88	599
gagccc	gagccc|gggctc	0.0002129925453	0.0001479650136	2	1.39	0.40451	7.7e+02	-2.89	600
agacca	agacca|tggtct	0.0003194888179	0.0002458250286	3	2.31	0.40617	7.7e+02	-2.89	601
gtacga	gtacga|tcgtac	0.0003194888179	0.0002459534316	3	2.31	0.40649	7.7e+02	-2.89	602
acaaat	acaaat|atttgt	0.0011714589989	0.0010565443446	11	9.92	0.40707	7.7e+02	-2.89	603
atccta	atccta|taggat	0.0003194888179	0.0002466105936	3	2.32	0.40812	7.8e+02	-2.89	604
atgaac	atgaac|gttcat	0.0007454739084	0.0006491177646	7	6.10	0.40899	7.8e+02	-2.89	605
acatag	acatag|ctatgt	0.0005324813632	0.0004467686946	5	4.20	0.40924	7.8e+02	-2.89	606
cgattc	cgattc|gaatcg	0.0002129925453	0.0001494585276	2	1.40	0.40936	7.8e+02	-2.89	607
gttgaa	gttgaa|ttcaac	0.0008519701810	0.0007513115046	8	7.05	0.40946	7.8e+02	-2.89	608
ggtgaa	ggtgaa|ttcacc	0.0006389776358	0.0005480803446	6	5.15	0.40973	7.8e+02	-2.89	609
gatatc	gatatc|gatatc	0.0004259850905	0.0003466814223	4	3.26	0.40979	7.8e+02	-2.89	610
catcgg	catcgg|ccgatg	0.0002129925453	0.0001498233426	2	1.41	0.41054	7.8e+02	-2.89	611
cgacaa	cgacaa|ttgtcg	0.0004259850905	0.0003472519146	4	3.26	0.41097	7.8e+02	-2.89	612
atcggg	atcggg|cccgat	0.0002129925453	0.0001502110266	2	1.41	0.41179	7.8e+02	-2.89	613
acttcg	acttcg|cgaagt	0.0003194888179	0.0002481063846	3	2.33	0.41184	7.8e+02	-2.89	614
tcgtaa	tcgtaa|ttacga	0.0005324813632	0.0004484289246	5	4.21	0.41227	7.8e+02	-2.89	615
taagaa	taagaa|ttctta	0.0012779552716	0.0011649305346	12	10.94	0.41341	7.9e+02	-2.90	616
aatcgc	aatcgc|gcgatt	0.0003194888179	0.0002489524386	3	2.34	0.41393	7.9e+02	-2.90	617
actctg	actctg|cagagt	0.0004259850905	0.0003487864146	4	3.28	0.41417	7.9e+02	-2.90	618
gcctaa	gcctaa|ttaggc	0.0002129925453	0.0001510200546	2	1.42	0.41440	7.9e+02	-2.90	619
acggcc	acggcc|ggccgt	0.0002129925453	0.0001510877706	2	1.42	0.41462	7.9e+02	-2.90	620
gctcga	gctcga|tcgagc	0.0003194888179	0.0002493171546	3	2.34	0.41484	7.9e+02	-2.90	621
aatatc	aatatc|gatatt	0.0013844515442	0.0012711397146	13	11.94	0.41671	7.9e+02	-2.90	622
cgtccc	cgtccc|gggacg	0.0002129925453	0.0001519109556	2	1.43	0.41727	7.9e+02	-2.90	623
aatgtg	aatgtg|cacatt	0.0011714589989	0.0010655523546	11	10.01	0.41765	7.9e+02	-2.90	624
taccga	taccga|tcggta	0.0002129925453	0.0001520386656	2	1.43	0.41768	7.9e+02	-2.90	625
acaaga	acaaga|tcttgt	0.0008519701810	0.0007573772346	8	7.11	0.41794	7.9e+02	-2.90	626
taatta	taatta|taatta	0.0005324813632	0.0004520590023	5	4.24	0.41889	8.0e+02	-2.90	627
agccaa	agccaa|ttggct	0.0007454739084	0.0006560517246	7	6.16	0.41944	8.0e+02	-2.90	628
cgcaac	cgcaac|gttgcg	0.0003194888179	0.0002512811166	3	2.36	0.41969	8.0e+02	-2.90	629
caagta	caagta|tacttg	0.0006389776358	0.0005542084446	6	5.20	0.41980	8.0e+02	-2.90	630
acaact	acaact|agttgt	0.0008519701810	0.0007607927346	8	7.14	0.42272	8.0e+02	-2.91	631
gattac	gattac|gtaatc	0.0004259850905	0.0003532780446	4	3.32	0.42349	8.1e+02	-2.91	632
aaccga	aaccga|tcggtt	0.0002129925453	0.0001541356836	2	1.45	0.42441	8.1e+02	-2.91	633
gaaggc	gaaggc|gccttc	0.0003194888179	0.0002533057656	3	2.38	0.42469	8.1e+02	-2.91	634
atcaat	atcaat|attgat	0.0009584664537	0.0008654911746	9	8.13	0.42518	8.1e+02	-2.91	635
ccatca	ccatca|tgatgg	0.0005324813632	0.0004556212746	5	4.28	0.42537	8.1e+02	-2.91	636
cacagc	cacagc|gctgtg	0.0005324813632	0.0004556549346	5	4.28	0.42543	8.1e+02	-2.91	637
atacta	atacta|tagtat	0.0009584664537	0.0008661079446	9	8.13	0.42598	8.1e+02	-2.91	638
ctcacc	ctcacc|ggtgag	0.0003194888179	0.0002542394346	3	2.39	0.42698	8.1e+02	-2.91	639
accaca	accaca|tgtggt	0.0008519701810	0.0007641310146	8	7.18	0.42738	8.1e+02	-2.91	640
cacgga	cacgga|tccgtg	0.0004259850905	0.0003552323046	4	3.34	0.42753	8.1e+02	-2.91	641
tacgaa	tacgaa|ttcgta	0.0004259850905	0.0003558362046	4	3.34	0.42878	8.2e+02	-2.91	642
aaggtg	aaggtg|cacctt	0.0007454739084	0.0006623629746	7	6.22	0.42893	8.2e+02	-2.91	643
aacacg	aacacg|cgtgtt	0.0005324813632	0.0004576319646	5	4.30	0.42903	8.2e+02	-2.91	644
gatcaa	gatcaa|ttgatc	0.0004259850905	0.0003561985446	4	3.34	0.42953	8.2e+02	-2.91	645
atcctc	atcctc|gaggat	0.0004259850905	0.0003563440746	4	3.35	0.42983	8.2e+02	-2.91	646
cattgc	cattgc|gcaatg	0.0005324813632	0.0004583992146	5	4.30	0.43042	8.2e+02	-2.91	647
atccga	atccga|tcggat	0.0002129925453	0.0001560373746	2	1.47	0.43047	8.2e+02	-2.91	648
cagagg	cagagg|cctctg	0.0003194888179	0.0002558283846	3	2.40	0.43089	8.2e+02	-2.91	649
ccttag	ccttag|ctaagg	0.0003194888179	0.0002559580746	3	2.40	0.43120	8.2e+02	-2.91	650
acggaa	acggaa|ttccgt	0.0005324813632	0.0004588952046	5	4.31	0.43132	8.2e+02	-2.91	651
ccaata	ccaata|tattgg	0.0008519701810	0.0007669940946	8	7.20	0.43138	8.2e+02	-2.91	652
gaaaga	gaaaga|tctttc	0.0012779552716	0.0011813229546	12	11.09	0.43180	8.2e+02	-2.91	653
aacgcc	aacgcc|ggcgtt	0.0002129925453	0.0001564788156	2	1.47	0.43187	8.2e+02	-2.91	654
agtgtg	agtgtg|cacact	0.0005324813632	0.0004592902146	5	4.31	0.43204	8.2e+02	-2.91	655
attgga	attgga|tccaat	0.0006389776358	0.0005617126446	6	5.27	0.43210	8.2e+02	-2.91	656
cacacc	cacacc|ggtgtg	0.0004259850905	0.0003574825746	4	3.36	0.43218	8.2e+02	-2.91	657
agttcg	agttcg|cgaact	0.0003194888179	0.0002566482036	3	2.41	0.43290	8.2e+02	-2.92	658
ctaacc	ctaacc|ggttag	0.0003194888179	0.0002568975846	3	2.41	0.43351	8.2e+02	-2.92	659
actagc	actagc|gctagt	0.0004259850905	0.0003602694246	4	3.38	0.43792	8.3e+02	-2.92	660
ctccag	ctccag|ctggag	0.0002129925453	0.0001583908026	2	1.49	0.43792	8.3e+02	-2.92	661
gacagc	gacagc|gctgtc	0.0003194888179	0.0002592320046	3	2.43	0.43921	8.4e+02	-2.92	662
aaatag	aaatag|ctattt	0.0012779552716	0.0011882212746	12	11.16	0.43953	8.4e+02	-2.92	663
ccctcg	ccctcg|cgaggg	0.0002129925453	0.0001589568846	2	1.49	0.43971	8.4e+02	-2.92	664
gagaca	gagaca|tgtctc	0.0003194888179	0.0002595705846	3	2.44	0.44004	8.4e+02	-2.92	665
gaatcc	gaatcc|ggattc	0.0002129925453	0.0001591391436	2	1.49	0.44028	8.4e+02	-2.92	666
ctcgaa	ctcgaa|ttcgag	0.0004259850905	0.0003618732246	4	3.40	0.44122	8.4e+02	-2.92	667
gaatca	gaatca|tgattc	0.0004259850905	0.0003620058846	4	3.40	0.44149	8.4e+02	-2.92	668
tcgtca	tcgtca|tgacga	0.0005324813632	0.0004647870906	5	4.36	0.44199	8.4e+02	-2.92	669
caggca	caggca|tgcctg	0.0002129925453	0.0001597414596	2	1.50	0.44218	8.4e+02	-2.92	670
atagca	atagca|tgctat	0.0007454739084	0.0006713036646	7	6.30	0.44235	8.4e+02	-2.92	671
aacgag	aacgag|ctcgtt	0.0004259850905	0.0003625137546	4	3.40	0.44253	8.4e+02	-2.93	672
acatat	acatat|atatgt	0.0014909478168	0.0014000862246	14	13.15	0.44310	8.4e+02	-2.93	673
ctgaag	ctgaag|cttcag	0.0004259850905	0.0003630315246	4	3.41	0.44360	8.4e+02	-2.93	674
cttaag	cttaag|cttaag	0.0002129925453	0.0001603178823	2	1.51	0.44399	8.4e+02	-2.93	675
caacac	caacac|gtgttg	0.0005324813632	0.0004663538646	5	4.38	0.44481	8.5e+02	-2.93	676
aggctg	aggctg|cagcct	0.0002129925453	0.0001612003236	2	1.51	0.44675	8.5e+02	-2.93	677
aacggc	aacggc|gccgtt	0.0002129925453	0.0001615468236	2	1.52	0.44784	8.5e+02	-2.93	678
attcac	attcac|gtgaat	0.0006389776358	0.0005714502846	6	5.37	0.44799	8.5e+02	-2.93	679
acacca	acacca|tggtgt	0.0005324813632	0.0004685803746	5	4.40	0.44883	8.5e+02	-2.93	680
agatca	agatca|tgatct	0.0004259850905	0.0003665618646	4	3.44	0.45082	8.6e+02	-2.93	681
atggga	atggga|tcccat	0.0004259850905	0.0003666718536	4	3.44	0.45105	8.6e+02	-2.93	682
ataacg	ataacg|cgttat	0.0005324813632	0.0004698426246	5	4.41	0.45110	8.6e+02	-2.93	683
acaggg	acaggg|ccctgt	0.0003194888179	0.0002643790146	3	2.48	0.45171	8.6e+02	-2.93	684
catagg	catagg|cctatg	0.0002129925453	0.0001628207556	2	1.53	0.45181	8.6e+02	-2.93	685
catgac	catgac|gtcatg	0.0005324813632	0.0004705306746	5	4.42	0.45234	8.6e+02	-2.93	686
agttcc	agttcc|ggaact	0.0005324813632	0.0004707049146	5	4.42	0.45265	8.6e+02	-2.93	687
cactgc	cactgc|gcagtg	0.0003194888179	0.0002651716086	3	2.49	0.45363	8.6e+02	-2.94	688
gcgcca	gcgcca|tggcgc	0.0004259850905	0.0003684042546	4	3.46	0.45458	8.6e+02	-2.94	689
accgct	accgct|agcggt	0.0002129925453	0.0001638944106	2	1.54	0.45515	8.7e+02	-2.94	690
aaaccg	aaaccg|cggttt	0.0003194888179	0.0002659827156	3	2.50	0.45558	8.7e+02	-2.94	691
gccagc	gccagc|gctggc	0.0002129925453	0.0001640604336	2	1.54	0.45566	8.7e+02	-2.94	692
gagaga	gagaga|tctctc	0.0006389776358	0.0005767081746	6	5.42	0.45653	8.7e+02	-2.94	693
ctatca	ctatca|tgatag	0.0006389776358	0.0005772794046	6	5.42	0.45746	8.7e+02	-2.94	694
ccctta	ccctta|taaggg	0.0003194888179	0.0002669660826	3	2.51	0.45795	8.7e+02	-2.94	695
actcgg	actcgg|ccgagt	0.0002129925453	0.0001648121406	2	1.55	0.45799	8.7e+02	-2.94	696
cgccac	cgccac|gtggcg	0.0004259850905	0.0003701070546	4	3.48	0.45805	8.7e+02	-2.94	697
cgcaca	cgcaca|tgtgcg	0.0004259850905	0.0003706911546	4	3.48	0.45924	8.7e+02	-2.94	698
gacaga	gacaga|tctgtc	0.0004259850905	0.0003709713246	4	3.48	0.45980	8.7e+02	-2.94	699
ccgtca	ccgtca|tgacgg	0.0003194888179	0.0002678615376	3	2.52	0.46010	8.8e+02	-2.94	700
catgta	catgta|tacatg	0.0006389776358	0.0005791099146	6	5.44	0.46042	8.8e+02	-2.94	701
taacta	taacta|tagtta	0.0009584664537	0.0008926617246	9	8.38	0.46065	8.8e+02	-2.94	702
tctgca	tctgca|tgcaga	0.0004259850905	0.0003715999746	4	3.49	0.46108	8.8e+02	-2.94	703
taccaa	taccaa|ttggta	0.0007454739084	0.0006843479046	7	6.43	0.46182	8.8e+02	-2.94	704
ggatta	ggatta|taatcc	0.0003194888179	0.0002686396776	3	2.52	0.46197	8.8e+02	-2.94	705
cctgag	cctgag|ctcagg	0.0002129925453	0.0001662103176	2	1.56	0.46230	8.8e+02	-2.94	706
gcagta	gcagta|tactgc	0.0004259850905	0.0003722711946	4	3.50	0.46244	8.8e+02	-2.94	707
gactgc	gactgc|gcagtc	0.0003194888179	0.0002692725846	3	2.53	0.46349	8.8e+02	-2.95	708
gctcac	gctcac|gtgagc	0.0003194888179	0.0002696158176	3	2.53	0.46431	8.8e+02	-2.95	709
acttag	acttag|ctaagt	0.0004259850905	0.0003732493146	4	3.50	0.46443	8.8e+02	-2.95	710
agtccc	agtccc|gggact	0.0003194888179	0.0002696745246	3	2.53	0.46445	8.8e+02	-2.95	711
atcgac	atcgac|gtcgat	0.0003194888179	0.0002697784746	3	2.53	0.46470	8.8e+02	-2.95	712
gcgaca	gcgaca|tgtcgc	0.0003194888179	0.0002699546946	3	2.53	0.46512	8.8e+02	-2.95	713
cgcaaa	cgcaaa|tttgcg	0.0005324813632	0.0004778348946	5	4.49	0.46542	8.9e+02	-2.95	714
aagcat	aagcat|atgctt	0.0008519701810	0.0007922935446	8	7.44	0.46653	8.9e+02	-2.95	715
aatacc	aatacc|ggtatt	0.0005324813632	0.0004785496746	5	4.49	0.46670	8.9e+02	-2.95	716
cagtac	cagtac|gtactg	0.0004259850905	0.0003746422446	4	3.52	0.46724	8.9e+02	-2.95	717
agtcgg	agtcgg|ccgact	0.0002129925453	0.0001681187406	2	1.58	0.46816	8.9e+02	-2.95	718
gcgtac	gcgtac|gtacgc	0.0002129925453	0.0001681817046	2	1.58	0.46835	8.9e+02	-2.95	719
attgac	attgac|gtcaat	0.0007454739084	0.0006908561646	7	6.49	0.47148	9.0e+02	-2.95	720
gtcgca	gtcgca|tgcgac	0.0003194888179	0.0002726292786	3	2.56	0.47150	9.0e+02	-2.95	721
ccaaac	ccaaac|gtttgg	0.0004259850905	0.0003769756746	4	3.54	0.47195	9.0e+02	-2.95	722
acgacg	acgacg|cgtcgt	0.0003194888179	0.0002732279316	3	2.57	0.47292	9.0e+02	-2.95	723
cattag	cattag|ctaatg	0.0005324813632	0.0004820889246	5	4.53	0.47300	9.0e+02	-2.95	724
gttaca	gttaca|tgtaac	0.0007454739084	0.0006921342546	7	6.50	0.47337	9.0e+02	-2.95	725
gctccc	gctccc|gggagc	0.0002129925453	0.0001701477456	2	1.60	0.47434	9.0e+02	-2.96	726
gtaaga	gtaaga|tcttac	0.0006389776358	0.0005880644646	6	5.52	0.47486	9.0e+02	-2.96	727
cgagac	cgagac|gtctcg	0.0002129925453	0.0001704984036	2	1.60	0.47540	9.0e+02	-2.96	728
agtcac	agtcac|gtgact	0.0007454739084	0.0006939142746	7	6.52	0.47600	9.1e+02	-2.96	729
aggttc	aggttc|gaacct	0.0004259850905	0.0003800288346	4	3.57	0.47809	9.1e+02	-2.96	730
agaacg	agaacg|cgttct	0.0004259850905	0.0003800634846	4	3.57	0.47816	9.1e+02	-2.96	731
ctaatc	ctaatc|gattag	0.0003194888179	0.0002760521046	3	2.59	0.47961	9.1e+02	-2.96	732
aactca	aactca|tgagtt	0.0006389776358	0.0005911275246	6	5.55	0.47978	9.1e+02	-2.96	733
catccc	catccc|gggatg	0.0003194888179	0.0002761500156	3	2.59	0.47984	9.1e+02	-2.96	734
cgggga	cgggga|tccccg	0.0002129925453	0.0001721289336	2	1.62	0.48033	9.1e+02	-2.96	735
aaaggt	aaaggt|accttt	0.0011714589989	0.0011201736246	11	10.52	0.48157	9.2e+02	-2.96	736
aaagaa	aaagaa|ttcttt	0.0025559105431	0.0024976437846	24	23.45	0.48238	9.2e+02	-2.96	737
caagcc	caagcc|ggcttg	0.0003194888179	0.0002772272346	3	2.60	0.48239	9.2e+02	-2.96	738
ccgttc	ccgttc|gaacgg	0.0002129925453	0.0001730376546	2	1.62	0.48307	9.2e+02	-2.96	739
aggacc	aggacc|ggtcct	0.0002129925453	0.0001730393376	2	1.62	0.48307	9.2e+02	-2.96	740
cattta	cattta|taaatg	0.0011714589989	0.0011217130746	11	10.53	0.48336	9.2e+02	-2.96	741
cagtcg	cagtcg|cgactg	0.0003194888179	0.0002777016426	3	2.61	0.48350	9.2e+02	-2.96	742
atcgga	atcgga|tccgat	0.0002129925453	0.0001731882336	2	1.63	0.48352	9.2e+02	-2.96	743
acgggc	acgggc|gcccgt	0.0002129925453	0.0001734905796	2	1.63	0.48443	9.2e+02	-2.96	744
gctcaa	gctcaa|ttgagc	0.0004259850905	0.0003834874986	4	3.60	0.48501	9.2e+02	-2.96	745
gacatc	gacatc|gatgtc	0.0004259850905	0.0003834948246	4	3.60	0.48502	9.2e+02	-2.96	746
atcagc	atcagc|gctgat	0.0003194888179	0.0002785429446	3	2.62	0.48548	9.2e+02	-2.97	747
cagaag	cagaag|cttctg	0.0005324813632	0.0004893822546	5	4.60	0.48591	9.2e+02	-2.97	748
cccccc	cccccc|gggggg	0.0001064962726	0.0000709097496	1	0.67	0.48617	9.2e+02	-2.97	749
aggtat	aggtat|atacct	0.0006389776358	0.0005953954146	6	5.59	0.48660	9.3e+02	-2.97	750
aacgga	aacgga|tccgtt	0.0003194888179	0.0002790290346	3	2.62	0.48662	9.3e+02	-2.97	751
ccacac	ccacac|gtgtgg	0.0005324813632	0.0004899267546	5	4.60	0.48687	9.3e+02	-2.97	752
attatc	attatc|gataat	0.0007454739084	0.0007026777546	7	6.60	0.48890	9.3e+02	-2.97	753
ctgagc	ctgagc|gctcag	0.0002129925453	0.0001750883406	2	1.64	0.48921	9.3e+02	-2.97	754
ttcgaa	ttcgaa|ttcgaa	0.0002129925453	0.0001754599323	2	1.65	0.49031	9.3e+02	-2.97	755
cgccga	cgccga|tcggcg	0.0001064962726	0.0000719388546	1	0.68	0.49111	9.3e+02	-2.97	756
agcact	agcact|agtgct	0.0004259850905	0.0003868014246	4	3.63	0.49160	9.4e+02	-2.97	757
tgggaa	tgggaa|ttccca	0.0006389776358	0.0005987049846	6	5.62	0.49187	9.4e+02	-2.97	758
gaccta	gaccta|taggtc	0.0002129925453	0.0001760724996	2	1.65	0.49214	9.4e+02	-2.97	759
attgta	attgta|tacaat	0.0009584664537	0.0009173255946	9	8.61	0.49251	9.4e+02	-2.97	760
tcccaa	tcccaa|ttggga	0.0005324813632	0.0004935689646	5	4.63	0.49327	9.4e+02	-2.97	761
aagttg	aagttg|caactt	0.0008519701810	0.0008146675446	8	7.65	0.49721	9.5e+02	-2.98	762
ctcagc	ctcagc|gctgag	0.0002129925453	0.0001778569746	2	1.67	0.49742	9.5e+02	-2.98	763
ccggga	ccggga|tcccgg	0.0003194888179	0.0002840384346	3	2.67	0.49831	9.5e+02	-2.98	764
gtgaac	gtgaac|gttcac	0.0005324813632	0.0004974814446	5	4.67	0.50011	9.5e+02	-2.98	765
catggg	catggg|cccatg	0.0002129925453	0.0001788663786	2	1.68	0.50040	9.5e+02	-2.98	766
cgcaga	cgcaga|tctgcg	0.0002129925453	0.0001788939006	2	1.68	0.50048	9.5e+02	-2.98	767
agaggg	agaggg|ccctct	0.0003194888179	0.0002850155646	3	2.68	0.50057	9.5e+02	-2.98	768
gtcaaa	gtcaaa|tttgac	0.0009584664537	0.0009238704846	9	8.68	0.50088	9.5e+02	-2.98	769
agagcc	agagcc|ggctct	0.0003194888179	0.0002854219596	3	2.68	0.50152	9.5e+02	-2.98	770
cgtagc	cgtagc|gctacg	0.0002129925453	0.0001792534686	2	1.68	0.50154	9.5e+02	-2.98	771
ctcaaa	ctcaaa|tttgag	0.0007454739084	0.0007117085346	7	6.68	0.50210	9.5e+02	-2.98	772
atacgg	atacgg|ccgtat	0.0003194888179	0.0002856788646	3	2.68	0.50211	9.6e+02	-2.98	773
atcaac	atcaac|gttgat	0.0006389776358	0.0006052983846	6	5.68	0.50232	9.6e+02	-2.98	774
acccct	acccct|aggggt	0.0002129925453	0.0001804193916	2	1.69	0.50495	9.6e+02	-2.98	775
tagcca	tagcca|tggcta	0.0005324813632	0.0005007147846	5	4.70	0.50574	9.6e+02	-2.98	776
agtata	agtata|tatact	0.0013844515442	0.0013546274046	13	12.72	0.50586	9.6e+02	-2.98	777
tcagaa	tcagaa|ttctga	0.0006389776358	0.0006078783246	6	5.71	0.50639	9.6e+02	-2.98	778
ccataa	ccataa|ttatgg	0.0004259850905	0.0003944867946	4	3.70	0.50676	9.6e+02	-2.98	779
atagga	atagga|tcctat	0.0004259850905	0.0003947065746	4	3.71	0.50719	9.6e+02	-2.98	780
acggct	acggct|agccgt	0.0002129925453	0.0001812406956	2	1.70	0.50735	9.6e+02	-2.98	781
aatccg	aatccg|cggatt	0.0002129925453	0.0001812950466	2	1.70	0.50751	9.7e+02	-2.98	782
agttgc	agttgc|gcaact	0.0005324813632	0.0005029610946	5	4.72	0.50963	9.7e+02	-2.99	783
cagttc	cagttc|gaactg	0.0005324813632	0.0005032600746	5	4.73	0.51015	9.7e+02	-2.99	784
ataaca	ataaca|tgttat	0.0010649627263	0.0010385659446	10	9.75	0.51075	9.7e+02	-2.99	785
aggtgg	aggtgg|ccacct	0.0004259850905	0.0003967994346	4	3.73	0.51128	9.7e+02	-2.99	786
gcgcac	gcgcac|gtgcgc	0.0003194888179	0.0002896764846	3	2.72	0.51130	9.7e+02	-2.99	787
acacat	acacat|atgtgt	0.0008519701810	0.0008262465846	8	7.76	0.51289	9.8e+02	-2.99	788
aaagag	aaagag|ctcttt	0.0012779552716	0.0012549947946	12	11.78	0.51359	9.8e+02	-2.99	789
acaatc	acaatc|gattgt	0.0004259850905	0.0003980567346	4	3.74	0.51373	9.8e+02	-2.99	790
caacgc	caacgc|gcgttg	0.0002129925453	0.0001835367036	2	1.72	0.51401	9.8e+02	-2.99	791
cctcag	cctcag|ctgagg	0.0002129925453	0.0001838083596	2	1.73	0.51479	9.8e+02	-2.99	792
cggata	cggata|tatccg	0.0003194888179	0.0002914545246	3	2.74	0.51536	9.8e+02	-2.99	793
gtgaaa	gtgaaa|tttcac	0.0013844515442	0.0013637304546	13	12.81	0.51541	9.8e+02	-2.99	794
tcggaa	tcggaa|ttccga	0.0003194888179	0.0002914813536	3	2.74	0.51542	9.8e+02	-2.99	795
ggggaa	ggggaa|ttcccc	0.0003194888179	0.0002915505546	3	2.74	0.51558	9.8e+02	-2.99	796
gtcata	gtcata|tatgac	0.0007454739084	0.0007212947046	7	6.77	0.51598	9.8e+02	-2.99	797
cccgtc	cccgtc|gacggg	0.0002129925453	0.0001842967266	2	1.73	0.51620	9.8e+02	-2.99	798
acccgc	acccgc|gcgggt	0.0002129925453	0.0001844342376	2	1.73	0.51660	9.8e+02	-2.99	799
ggctga	ggctga|tcagcc	0.0002129925453	0.0001845570966	2	1.73	0.51695	9.8e+02	-2.99	800
gtacta	gtacta|tagtac	0.0005324813632	0.0005073665946	5	4.76	0.51724	9.8e+02	-2.99	801
aaattt	aaattt|aaattt	0.0013844515442	0.0013656319923	13	12.82	0.51740	9.8e+02	-2.99	802
atttcc	atttcc|ggaaat	0.0009584664537	0.0009369681846	9	8.80	0.51752	9.8e+02	-2.99	803
ctcgga	ctcgga|tccgag	0.0002129925453	0.0001851117936	2	1.74	0.51854	9.9e+02	-2.99	804
cctcac	cctcac|gtgagg	0.0003194888179	0.0002929454646	3	2.75	0.51875	9.9e+02	-2.99	805
actccg	actccg|cggagt	0.0002129925453	0.0001853718666	2	1.74	0.51929	9.9e+02	-2.99	806
acgagg	acgagg|cctcgt	0.0003194888179	0.0002931998946	3	2.75	0.51933	9.9e+02	-2.99	807
cgaccg	cgaccg|cggtcg	0.0001064962726	0.0000780470556	1	0.73	0.51948	9.9e+02	-2.99	808
cgatcc	cgatcc|ggatcg	0.0001064962726	0.0000783807846	1	0.74	0.52099	9.9e+02	-3.00	809
aaagtg	aaagtg|cacttt	0.0008519701810	0.0008325023946	8	7.82	0.52129	9.9e+02	-3.00	810
gtagta	gtagta|tactac	0.0005324813632	0.0005097930846	5	4.79	0.52140	9.9e+02	-3.00	811
cctcaa	cctcaa|ttgagg	0.0004259850905	0.0004020276246	4	3.78	0.52143	9.9e+02	-3.00	812
ccatgg	ccatgg|ccatgg	0.0001064962726	0.0000784927983	1	0.74	0.52149	9.9e+02	-3.00	813
aaagat	aaagat|atcttt	0.0013844515442	0.0013699634946	13	12.86	0.52193	9.9e+02	-3.00	814
aaacgc	aaacgc|gcgttt	0.0003194888179	0.0002944136346	3	2.76	0.52208	9.9e+02	-3.00	815
acgttc	acgttc|gaacgt	0.0004259850905	0.0004027681446	4	3.78	0.52286	9.9e+02	-3.00	816
gaagga	gaagga|tccttc	0.0005324813632	0.0005107830846	5	4.80	0.52310	9.9e+02	-3.00	817
tccgaa	tccgaa|ttcgga	0.0002129925453	0.0001868868636	2	1.75	0.52362	1.0e+03	-3.00	818
ctcttc	ctcttc|gaagag	0.0006389776358	0.0006192534246	6	5.81	0.52417	1.0e+03	-3.00	819
gttaga	gttaga|tctaac	0.0005324813632	0.0005116661646	5	4.80	0.52461	1.0e+03	-3.00	820
aagtga	aagtga|tcactt	0.0006389776358	0.0006200206746	6	5.82	0.52536	1.0e+03	-3.00	821
cgtaag	cgtaag|cttacg	0.0003194888179	0.0002959035846	3	2.78	0.52544	1.0e+03	-3.00	822
cggaag	cggaag|cttccg	0.0003194888179	0.0002959303146	3	2.78	0.52550	1.0e+03	-3.00	823
cagcta	cagcta|tagctg	0.0003194888179	0.0002960362446	3	2.78	0.52574	1.0e+03	-3.00	824
acaaaa	acaaaa|ttttgt	0.0018104366347	0.0018033696546	17	16.93	0.52594	1.0e+03	-3.00	825
gtggaa	gtggaa|ttccac	0.0007454739084	0.0007282841046	7	6.84	0.52602	1.0e+03	-3.00	826
agcatg	agcatg|catgct	0.0004259850905	0.0004047649746	4	3.80	0.52670	1.0e+03	-3.00	827
agataa	agataa|ttatct	0.0008519701810	0.0008369851146	8	7.86	0.52728	1.0e+03	-3.00	828
aaattc	aaattc|gaattt	0.0009584664537	0.0009450109446	9	8.87	0.52764	1.0e+03	-3.00	829
cgtgaa	cgtgaa|ttcacg	0.0007454739084	0.0007294681446	7	6.85	0.52771	1.0e+03	-3.00	830
cggtta	cggtta|taaccg	0.0002129925453	0.0001883912676	2	1.77	0.52790	1.0e+03	-3.00	831
cgtgcc	cgtgcc|ggcacg	0.0002129925453	0.0001885190766	2	1.77	0.52826	1.0e+03	-3.00	832
ctgcga	ctgcga|tcgcag	0.0002129925453	0.0001889341836	2	1.77	0.52943	1.0e+03	-3.00	833
acattc	acattc|gaatgt	0.0005324813632	0.0005157113046	5	4.84	0.53149	1.0e+03	-3.00	834
agatta	agatta|taatct	0.0005324813632	0.0005157588246	5	4.84	0.53157	1.0e+03	-3.00	835
ctcgac	ctcgac|gtcgag	0.0003194888179	0.0002988349746	3	2.81	0.53202	1.0e+03	-3.01	836
cagtca	cagtca|tgactg	0.0006389776358	0.0006247726746	6	5.87	0.53271	1.0e+03	-3.01	837
agagca	agagca|tgctct	0.0005324813632	0.0005166607146	5	4.85	0.53310	1.0e+03	-3.01	838
cggaaa	cggaaa|tttccg	0.0006389776358	0.0006250568046	6	5.87	0.53315	1.0e+03	-3.01	839
gacgaa	gacgaa|ttcgtc	0.0003194888179	0.0002995088676	3	2.81	0.53352	1.0e+03	-3.01	840
cttgaa	cttgaa|ttcaag	0.0007454739084	0.0007339389846	7	6.89	0.53408	1.0e+03	-3.01	841
cgtcgc	cgtcgc|gcgacg	0.0002129925453	0.0001910432796	2	1.79	0.53537	1.0e+03	-3.01	842
acagtc	acagtc|gactgt	0.0006389776358	0.0006265140846	6	5.88	0.53539	1.0e+03	-3.01	843
agttgg	agttgg|ccaact	0.0005324813632	0.0005180576046	5	4.86	0.53547	1.0e+03	-3.01	844
ctctcc	ctctcc|ggagag	0.0003194888179	0.0003011442486	3	2.83	0.53716	1.0e+03	-3.01	845
cgtacg	cgtacg|cgtacg	0.0001064962726	0.0000822537093	1	0.77	0.53809	1.0e+03	-3.01	846
ctgtga	ctgtga|tcacag	0.0007454739084	0.0007378257246	7	6.93	0.53959	1.0e+03	-3.01	847
gaccgc	gaccgc|gcggtc	0.0001064962726	0.0000826521396	1	0.78	0.53982	1.0e+03	-3.01	848
agtctc	agtctc|gagact	0.0003194888179	0.0003025058946	3	2.84	0.54018	1.0e+03	-3.01	849
aatttc	aatttc|gaaatt	0.0013844515442	0.0013879785246	13	13.03	0.54061	1.0e+03	-3.01	850
aaagcc	aaagcc|ggcttt	0.0006389776358	0.0006299295846	6	5.92	0.54063	1.0e+03	-3.01	851
agaatg	agaatg|cattct	0.0006389776358	0.0006306503046	6	5.92	0.54173	1.0e+03	-3.01	852
atgtcg	atgtcg|cgacat	0.0003194888179	0.0003033741246	3	2.85	0.54210	1.0e+03	-3.01	853
gataca	gataca|tgtatc	0.0005324813632	0.0005221492746	5	4.90	0.54236	1.0e+03	-3.01	854
ctagcc	ctagcc|ggctag	0.0002129925453	0.0001935816396	2	1.82	0.54244	1.0e+03	-3.01	855
ctaccc	ctaccc|gggtag	0.0002129925453	0.0001936547016	2	1.82	0.54264	1.0e+03	-3.01	856
agtatg	agtatg|catact	0.0004259850905	0.0004136393346	4	3.88	0.54360	1.0e+03	-3.01	857
cggaca	cggaca|tgtccg	0.0002129925453	0.0001940548596	2	1.82	0.54375	1.0e+03	-3.01	858
ggctac	ggctac|gtagcc	0.0002129925453	0.0001942304856	2	1.82	0.54424	1.0e+03	-3.01	859
cttggc	cttggc|gccaag	0.0004259850905	0.0004141511646	4	3.89	0.54456	1.0e+03	-3.02	860
aagaac	aagaac|gttctt	0.0009584664537	0.0009589046046	9	9.00	0.54495	1.0e+03	-3.02	861
ggacga	ggacga|tcgtcc	0.0002129925453	0.0001947768666	2	1.83	0.54575	1.0e+03	-3.02	862
caaagg	caaagg|cctttg	0.0005324813632	0.0005246658546	5	4.93	0.54658	1.0e+03	-3.02	863
ctccca	ctccca|tgggag	0.0003194888179	0.0003054236226	3	2.87	0.54661	1.0e+03	-3.02	864
cggcag	cggcag|ctgccg	0.0001064962726	0.0000847647996	1	0.80	0.54886	1.0e+03	-3.02	865
atggcg	atggcg|cgccat	0.0003194888179	0.0003065003466	3	2.88	0.54897	1.0e+03	-3.02	866
aaaggc	aaaggc|gccttt	0.0005324813632	0.0005262270846	5	4.94	0.54919	1.0e+03	-3.02	867
acctta	acctta|taaggt	0.0005324813632	0.0005266597146	5	4.95	0.54991	1.0e+03	-3.02	868
gattcc	gattcc|ggaatc	0.0002129925453	0.0001963567086	2	1.84	0.55009	1.0e+03	-3.02	869
aggtaa	aggtaa|ttacct	0.0006389776358	0.0006363645846	6	5.98	0.55042	1.0e+03	-3.02	870
ctttga	ctttga|tcaaag	0.0008519701810	0.0008548199646	8	8.03	0.55083	1.0e+03	-3.02	871
agaaac	agaaac|gtttct	0.0009584664537	0.0009646941246	9	9.06	0.55209	1.1e+03	-3.02	872
accaat	accaat|attggt	0.0006389776358	0.0006376238646	6	5.99	0.55233	1.1e+03	-3.02	873
cgtcca	cgtcca|tggacg	0.0002129925453	0.0001973794776	2	1.85	0.55288	1.1e+03	-3.02	874
caaaag	caaaag|cttttg	0.0011714589989	0.0011828544846	11	11.11	0.55290	1.1e+03	-3.02	875
ggataa	ggataa|ttatcc	0.0004259850905	0.0004190288946	4	3.93	0.55370	1.1e+03	-3.02	876
aggctc	aggctc|gagcct	0.0002129925453	0.0001976940006	2	1.86	0.55374	1.1e+03	-3.02	877
actggg	actggg|cccagt	0.0002129925453	0.0001978569546	2	1.86	0.55419	1.1e+03	-3.02	878
agaaga	agaaga|tcttct	0.0010649627263	0.0010753266246	10	10.10	0.55426	1.1e+03	-3.02	879
acgcga	acgcga|tcgcgt	0.0002129925453	0.0001982799816	2	1.86	0.55534	1.1e+03	-3.02	880
actcta	actcta|tagagt	0.0006389776358	0.0006400850046	6	6.01	0.55604	1.1e+03	-3.02	881
atctgg	atctgg|ccagat	0.0002129925453	0.0001988534886	2	1.87	0.55689	1.1e+03	-3.02	882
gtgcaa	gtgcaa|ttgcac	0.0006389776358	0.0006406859346	6	6.02	0.55695	1.1e+03	-3.03	883
atctta	atctta|taagat	0.0006389776358	0.0006408898746	6	6.02	0.55725	1.1e+03	-3.03	884
ttgaaa	ttgaaa|tttcaa	0.0018104366347	0.0018382978446	17	17.26	0.55735	1.1e+03	-3.03	885
acctcg	acctcg|cgaggt	0.0003194888179	0.0003108812946	3	2.92	0.55849	1.1e+03	-3.03	886
ggccga	ggccga|tcggcc	0.0001064962726	0.0000871198116	1	0.82	0.55873	1.1e+03	-3.03	887
tccaaa	tccaaa|tttgga	0.0007454739084	0.0007515114846	7	7.06	0.55876	1.1e+03	-3.03	888
gaagcc	gaagcc|ggcttc	0.0003194888179	0.0003114208446	3	2.92	0.55966	1.1e+03	-3.03	889
ctctac	ctctac|gtagag	0.0004259850905	0.0004222374846	4	3.96	0.55967	1.1e+03	-3.03	890
gaggaa	gaggaa|ttcctc	0.0006389776358	0.0006430540146	6	6.04	0.56050	1.1e+03	-3.03	891
aagtat	aagtat|atactt	0.0009584664537	0.0009718854846	9	9.13	0.56090	1.1e+03	-3.03	892
agtacc	agtacc|ggtact	0.0003194888179	0.0003120673146	3	2.93	0.56105	1.1e+03	-3.03	893
gcctca	gcctca|tgaggc	0.0002129925453	0.0002005512396	2	1.88	0.56148	1.1e+03	-3.03	894
ggtaaa	ggtaaa|tttacc	0.0007454739084	0.0007542122046	7	7.08	0.56250	1.1e+03	-3.03	895
agtcta	agtcta|tagact	0.0004259850905	0.0004239323646	4	3.98	0.56280	1.1e+03	-3.03	896
cggcca	cggcca|tggccg	0.0002129925453	0.0002012378046	2	1.89	0.56332	1.1e+03	-3.03	897
attagc	attagc|gctaat	0.0004259850905	0.0004243234146	4	3.98	0.56352	1.1e+03	-3.03	898
aaccgg	aaccgg|ccggtt	0.0002129925453	0.0002014146186	2	1.89	0.56379	1.1e+03	-3.03	899
tcccga	tcccga|tcggga	0.0002129925453	0.0002017445856	2	1.89	0.56468	1.1e+03	-3.03	900
ggccaa	ggccaa|ttggcc	0.0005324813632	0.0005358112746	5	5.03	0.56502	1.1e+03	-3.03	901
aatatg	aatatg|catatt	0.0011714589989	0.0011939692146	11	11.21	0.56517	1.1e+03	-3.03	902
aaatta	aaatta|taattt	0.0015974440895	0.0016298097846	15	15.30	0.56524	1.1e+03	-3.03	903
cgaaaa	cgaaaa|ttttcg	0.0008519701810	0.0008661653646	8	8.13	0.56555	1.1e+03	-3.03	904
aagtcg	aagtcg|cgactt	0.0004259850905	0.0004255747746	4	4.00	0.56582	1.1e+03	-3.03	905
acctca	acctca|tgaggt	0.0004259850905	0.0004257638646	4	4.00	0.56617	1.1e+03	-3.03	906
gtatac	gtatac|gtatac	0.0003194888179	0.0003146994723	3	2.96	0.56669	1.1e+03	-3.03	907
gaccac	gaccac|gtggtc	0.0003194888179	0.0003147838746	3	2.96	0.56687	1.1e+03	-3.03	908
aagcac	aagcac|gtgctt	0.0006389776358	0.0006474822846	6	6.08	0.56712	1.1e+03	-3.03	909
caccac	caccac|gtggtg	0.0005324813632	0.0005371408446	5	5.04	0.56720	1.1e+03	-3.03	910
caggac	caggac|gtcctg	0.0002129925453	0.0002027343876	2	1.90	0.56732	1.1e+03	-3.03	911
attccc	attccc|gggaat	0.0003194888179	0.0003150482046	3	2.96	0.56744	1.1e+03	-3.03	912
gcttta	gcttta|taaagc	0.0007454739084	0.0007579039146	7	7.12	0.56759	1.1e+03	-3.03	913
cggtga	cggtga|tcaccg	0.0002129925453	0.0002030677206	2	1.91	0.56821	1.1e+03	-3.03	914
gatgga	gatgga|tccatc	0.0003194888179	0.0003154244046	3	2.96	0.56824	1.1e+03	-3.03	915
cgctga	cgctga|tcagcg	0.0002129925453	0.0002032087956	2	1.91	0.56858	1.1e+03	-3.03	916
ctagag	ctagag|ctctag	0.0004259850905	0.0004270973946	4	4.01	0.56861	1.1e+03	-3.03	917
atatgc	atatgc|gcatat	0.0008519701810	0.0008687611446	8	8.16	0.56889	1.1e+03	-3.03	918
agtgag	agtgag|ctcact	0.0003194888179	0.0003157976346	3	2.97	0.56903	1.1e+03	-3.03	919
acccaa	acccaa|ttgggt	0.0004259850905	0.0004273844946	4	4.01	0.56914	1.1e+03	-3.03	920
aactac	aactac|gtagtt	0.0006389776358	0.0006494513946	6	6.10	0.57004	1.1e+03	-3.04	921
atcggc	atcggc|gccgat	0.0001064962726	0.0000900791196	1	0.85	0.57082	1.1e+03	-3.04	922
actttg	actttg|caaagt	0.0007454739084	0.0007606521546	7	7.14	0.57137	1.1e+03	-3.04	923
cactgg	cactgg|ccagtg	0.0002129925453	0.0002043243276	2	1.92	0.57154	1.1e+03	-3.04	924
aaagta	aaagta|tacttt	0.0012779552716	0.0013093596546	12	12.29	0.57178	1.1e+03	-3.04	925
agttaa	agttaa|ttaact	0.0007454739084	0.0007609748946	7	7.15	0.57181	1.1e+03	-3.04	926
actgag	actgag|ctcagt	0.0003194888179	0.0003173588646	3	2.98	0.57235	1.1e+03	-3.04	927
atgtgg	atgtgg|ccacat	0.0007454739084	0.0007615807746	7	7.15	0.57264	1.1e+03	-3.04	928
gacgta	gacgta|tacgtc	0.0004259850905	0.0004294380516	4	4.03	0.57288	1.1e+03	-3.04	929
gacaca	gacaca|tgtgtc	0.0004259850905	0.0004295238846	4	4.03	0.57304	1.1e+03	-3.04	930
agtttg	agtttg|caaact	0.0006389776358	0.0006515610846	6	6.12	0.57317	1.1e+03	-3.04	931
ctagga	ctagga|tcctag	0.0002129925453	0.0002050912806	2	1.93	0.57357	1.1e+03	-3.04	932
aaaaat	aaaaat|attttt	0.0039403620873	0.0040253721846	37	37.80	0.57363	1.1e+03	-3.04	933
acggtg	acggtg|caccgt	0.0002129925453	0.0002051165256	2	1.93	0.57363	1.1e+03	-3.04	934
catccg	catccg|cggatg	0.0002129925453	0.0002053388796	2	1.93	0.57422	1.1e+03	-3.04	935
ccaagc	ccaagc|gcttgg	0.0003194888179	0.0003190240446	3	3.00	0.57587	1.1e+03	-3.04	936
cttacc	cttacc|ggtaag	0.0003194888179	0.0003190537446	3	3.00	0.57593	1.1e+03	-3.04	937
acctag	acctag|ctaggt	0.0002129925453	0.0002063127426	2	1.94	0.57678	1.1e+03	-3.04	938
caaaac	caaaac|gttttg	0.0007454739084	0.0007651873446	7	7.19	0.57756	1.1e+03	-3.04	939
aggtgc	aggtgc|gcacct	0.0003194888179	0.0003199704846	3	3.00	0.57786	1.1e+03	-3.04	940
aaattg	aaattg|caattt	0.0012779552716	0.0013178083146	12	12.37	0.58057	1.1e+03	-3.04	941
ccacaa	ccacaa|ttgtgg	0.0007454739084	0.0007674069246	7	7.21	0.58057	1.1e+03	-3.04	942
gcgagc	gcgagc|gctcgc	0.0002129925453	0.0002077758636	2	1.95	0.58060	1.1e+03	-3.04	943
ggtacc	ggtacc|ggtacc	0.0001064962726	0.0000925934673	1	0.87	0.58084	1.1e+03	-3.04	944
ataacc	ataacc|ggttat	0.0005324813632	0.0005459419446	5	5.13	0.58145	1.1e+03	-3.04	945
ctggcc	ctggcc|ggccag	0.0002129925453	0.0002083227396	2	1.96	0.58202	1.1e+03	-3.04	946
acgccg	acgccg|cggcgt	0.0001064962726	0.0000929015106	1	0.87	0.58205	1.1e+03	-3.04	947
agcatc	agcatc|gatgct	0.0004259850905	0.0004345491246	4	4.08	0.58213	1.1e+03	-3.04	948
cctgac	cctgac|gtcagg	0.0002129925453	0.0002087591316	2	1.96	0.58316	1.1e+03	-3.04	949
tggcaa	tggcaa|ttgcca	0.0005324813632	0.0005482021146	5	5.15	0.58507	1.1e+03	-3.05	950
acttct	acttct|agaagt	0.0008519701810	0.0008817390546	8	8.28	0.58541	1.1e+03	-3.05	951
aggacg	aggacg|cgtcct	0.0002129925453	0.0002097880386	2	1.97	0.58582	1.1e+03	-3.05	952
tccgca	tccgca|tgcgga	0.0002129925453	0.0002098791186	2	1.97	0.58605	1.1e+03	-3.05	953
cggaga	cggaga|tctccg	0.0002129925453	0.0002100638526	2	1.97	0.58653	1.1e+03	-3.05	954
actagg	actagg|cctagt	0.0002129925453	0.0002102420526	2	1.97	0.58699	1.1e+03	-3.05	955
gccgaa	gccgaa|ttcggc	0.0001064962726	0.0000941764326	1	0.88	0.58702	1.1e+03	-3.05	956
agaacc	agaacc|ggttct	0.0004259850905	0.0004375864446	4	4.11	0.58756	1.1e+03	-3.05	957
accgga	accgga|tccggt	0.0002129925453	0.0002108928786	2	1.98	0.58866	1.1e+03	-3.05	958
agacta	agacta|tagtct	0.0004259850905	0.0004389090846	4	4.12	0.58992	1.1e+03	-3.05	959
cgcata	cgcata|tatgcg	0.0003194888179	0.0003261738246	3	3.06	0.59076	1.1e+03	-3.05	960
ccccag	ccccag|ctgggg	0.0001064962726	0.0000952401876	1	0.89	0.59113	1.1e+03	-3.05	961
ccgaac	ccgaac|gttcgg	0.0001064962726	0.0000953467116	1	0.90	0.59153	1.1e+03	-3.05	962
cgtcta	cgtcta|tagacg	0.0002129925453	0.0002124699486	2	2.00	0.59269	1.1e+03	-3.05	963
cgctaa	cgctaa|ttagcg	0.0003194888179	0.0003271440246	3	3.07	0.59276	1.1e+03	-3.05	964
atctac	atctac|gtagat	0.0004259850905	0.0004405178346	4	4.14	0.59277	1.1e+03	-3.05	965
cgcgaa	cgcgaa|ttcgcg	0.0002129925453	0.0002125140036	2	2.00	0.59281	1.1e+03	-3.05	966
aacagt	aacagt|actgtt	0.0008519701810	0.0008881592046	8	8.34	0.59346	1.1e+03	-3.05	967
aactga	aactga|tcagtt	0.0006389776358	0.0006655369146	6	6.25	0.59357	1.1e+03	-3.05	968
gtctta	gtctta|taagac	0.0003194888179	0.0003277607946	3	3.08	0.59402	1.1e+03	-3.05	969
cgctag	cgctag|ctagcg	0.0002129925453	0.0002130650376	2	2.00	0.59421	1.1e+03	-3.05	970
agtccg	agtccg|cggact	0.0002129925453	0.0002130792936	2	2.00	0.59424	1.1e+03	-3.05	971
aaacac	aaacac|gtgttt	0.0006389776358	0.0006661685346	6	6.26	0.59448	1.1e+03	-3.05	972
ttataa	ttataa|ttataa	0.0009584664537	0.0010007179923	9	9.40	0.59544	1.1e+03	-3.05	973
cgcgag	cgcgag|ctcgcg	0.0002129925453	0.0002136514146	2	2.01	0.59570	1.1e+03	-3.05	974
ctcata	ctcata|tatgag	0.0005324813632	0.0005549618346	5	5.21	0.59579	1.1e+03	-3.05	975
acgcaa	acgcaa|ttgcgt	0.0003194888179	0.0003286923846	3	3.09	0.59593	1.1e+03	-3.05	976
cataac	cataac|gttatg	0.0004259850905	0.0004423978446	4	4.15	0.59609	1.1e+03	-3.05	977
tgcgaa	tgcgaa|ttcgca	0.0003194888179	0.0003288517746	3	3.09	0.59625	1.1e+03	-3.05	978
agtagc	agtagc|gctact	0.0003194888179	0.0003291289746	3	3.09	0.59682	1.1e+03	-3.06	979
cctaca	cctaca|tgtagg	0.0002129925453	0.0002143170906	2	2.01	0.59738	1.1e+03	-3.06	980
atacag	atacag|ctgtat	0.0007454739084	0.0007799393346	7	7.32	0.59739	1.1e+03	-3.06	981
cttata	cttata|tataag	0.0012779552716	0.0013342373646	12	12.53	0.59744	1.1e+03	-3.06	982
gctcta	gctcta|tagagc	0.0004259850905	0.0004432363746	4	4.16	0.59757	1.1e+03	-3.06	983
atgctc	atgctc|gagcat	0.0004259850905	0.0004437015756	4	4.17	0.59839	1.1e+03	-3.06	984
ccctca	ccctca|tgaggg	0.0002129925453	0.0002149218816	2	2.02	0.59890	1.1e+03	-3.06	985
agactg	agactg|cagtct	0.0003194888179	0.0003305733846	3	3.10	0.59976	1.1e+03	-3.06	986
tcacca	tcacca|tggtga	0.0005324813632	0.0005576081046	5	5.24	0.59994	1.1e+03	-3.06	987
actcca	actcca|tggagt	0.0003194888179	0.0003307822746	3	3.11	0.60018	1.1e+03	-3.06	988
cggacc	cggacc|ggtccg	0.0001064962726	0.0000977707266	1	0.92	0.60073	1.1e+03	-3.06	989
agacga	agacga|tcgtct	0.0002129925453	0.0002159143566	2	2.03	0.60140	1.1e+03	-3.06	990
tgacaa	tgacaa|ttgtca	0.0007454739084	0.0007832944446	7	7.36	0.60183	1.1e+03	-3.06	991
atcgta	atcgta|tacgat	0.0003194888179	0.0003318910746	3	3.12	0.60243	1.1e+03	-3.06	992
ctggaa	ctggaa|ttccag	0.0003194888179	0.0003318940446	3	3.12	0.60243	1.1e+03	-3.06	993
aatcgt	aatcgt|acgatt	0.0003194888179	0.0003319295856	3	3.12	0.60251	1.1e+03	-3.06	994
ggtaga	ggtaga|tctacc	0.0003194888179	0.0003320504646	3	3.12	0.60275	1.1e+03	-3.06	995
cttatc	cttatc|gataag	0.0004259850905	0.0004464499146	4	4.19	0.60319	1.1e+03	-3.06	996
ccaggg	ccaggg|ccctgg	0.0001064962726	0.0000984891696	1	0.92	0.60341	1.1e+03	-3.06	997
cagaca	cagaca|tgtctg	0.0002129925453	0.0002171028516	2	2.04	0.60437	1.1e+03	-3.06	998
gatgcc	gatgcc|ggcatc	0.0002129925453	0.0002173896546	2	2.04	0.60508	1.2e+03	-3.06	999
acaaac	acaaac|gtttgt	0.0005324813632	0.0005614433646	5	5.27	0.60592	1.2e+03	-3.06	1000
agtaga	agtaga|tctact	0.0005324813632	0.0005616888846	5	5.27	0.60630	1.2e+03	-3.06	1001
accact	accact|agtggt	0.0004259850905	0.0004487338446	4	4.21	0.60716	1.2e+03	-3.06	1002
tactaa	tactaa|ttagta	0.0007454739084	0.0007877494446	7	7.40	0.60769	1.2e+03	-3.06	1003
agccca	agccca|tgggct	0.0002129925453	0.0002184841986	2	2.05	0.60780	1.2e+03	-3.06	1004
cccagg	cccagg|cctggg	0.0001064962726	0.0001000006026	1	0.94	0.60900	1.2e+03	-3.06	1005
ccatac	ccatac|gtatgg	0.0002129925453	0.0002192089776	2	2.06	0.60959	1.2e+03	-3.06	1006
agaact	agaact|agttct	0.0008519701810	0.0009012371046	8	8.46	0.60963	1.2e+03	-3.06	1007
aaatac	aaatac|gtattt	0.0010649627263	0.0011245078446	10	10.56	0.60990	1.2e+03	-3.06	1008
ggttac	ggttac|gtaacc	0.0003194888179	0.0003356906946	3	3.15	0.61006	1.2e+03	-3.06	1009
ctcatc	ctcatc|gatgag	0.0004259850905	0.0004506178146	4	4.23	0.61042	1.2e+03	-3.06	1010
tagcta	tagcta|tagcta	0.0002129925453	0.0002198030223	2	2.06	0.61106	1.2e+03	-3.07	1011
gcctac	gcctac|gtaggc	0.0001064962726	0.0001006095516	1	0.94	0.61123	1.2e+03	-3.07	1012
atctaa	atctaa|ttagat	0.0006389776358	0.0006779762646	6	6.37	0.61128	1.2e+03	-3.07	1013
cagccg	cagccg|cggctg	0.0001064962726	0.0001006330146	1	0.94	0.61132	1.2e+03	-3.07	1014
ctacca	ctacca|tggtag	0.0003194888179	0.0003367044546	3	3.16	0.61208	1.2e+03	-3.07	1015
tccaga	tccaga|tctgga	0.0002129925453	0.0002202388746	2	2.07	0.61213	1.2e+03	-3.07	1016
agtgcg	agtgcg|cgcact	0.0002129925453	0.0002202846126	2	2.07	0.61224	1.2e+03	-3.07	1017
ctgtac	ctgtac|gtacag	0.0004259850905	0.0004523077446	4	4.25	0.61332	1.2e+03	-3.07	1018
tgtgaa	tgtgaa|ttcaca	0.0010649627263	0.0011278124646	10	10.59	0.61352	1.2e+03	-3.07	1019
gaagca	gaagca|tgcttc	0.0005324813632	0.0005666824446	5	5.32	0.61400	1.2e+03	-3.07	1020
aattca	aattca|tgaatt	0.0006389776358	0.0006800998146	6	6.39	0.61426	1.2e+03	-3.07	1021
atcata	atcata|tatgat	0.0008519701810	0.0009052376946	8	8.50	0.61451	1.2e+03	-3.07	1022
agggaa	agggaa|ttccct	0.0004259850905	0.0004531631046	4	4.26	0.61479	1.2e+03	-3.07	1023
gtagaa	gtagaa|ttctac	0.0007454739084	0.0007934676846	7	7.45	0.61515	1.2e+03	-3.07	1024
aggaca	aggaca|tgtcct	0.0003194888179	0.0003384201246	3	3.18	0.61548	1.2e+03	-3.07	1025
agaaag	agaaag|ctttct	0.0012779552716	0.0013523098146	12	12.70	0.61564	1.2e+03	-3.07	1026
agccat	agccat|atggct	0.0004259850905	0.0004544124846	4	4.27	0.61692	1.2e+03	-3.07	1027
tattga	tattga|tcaata	0.0010649627263	0.0011310943146	10	10.62	0.61709	1.2e+03	-3.07	1028
aatcat	aatcat|atgatt	0.0007454739084	0.0007950427746	7	7.47	0.61719	1.2e+03	-3.07	1029
actact	actact|agtagt	0.0005324813632	0.0005690020146	5	5.34	0.61755	1.2e+03	-3.07	1030
accaag	accaag|cttggt	0.0004259850905	0.0004547975946	4	4.27	0.61758	1.2e+03	-3.07	1031
ggcccc	ggcccc|ggggcc	0.0001064962726	0.0001026144996	1	0.96	0.61848	1.2e+03	-3.07	1032
ctagaa	ctagaa|ttctag	0.0007454739084	0.0007964832246	7	7.48	0.61905	1.2e+03	-3.07	1033
gagtcc	gagtcc|ggactc	0.0002129925453	0.0002233187646	2	2.10	0.61964	1.2e+03	-3.07	1034
aatgag	aatgag|ctcatt	0.0006389776358	0.0006842558346	6	6.43	0.62006	1.2e+03	-3.07	1035
ctgcag	ctgcag|ctgcag	0.0001064962726	0.0001031636973	1	0.97	0.62045	1.2e+03	-3.07	1036
ggtaac	ggtaac|gttacc	0.0003194888179	0.0003411109446	3	3.20	0.62077	1.2e+03	-3.07	1037
gaaccc	gaaccc|gggttc	0.0002129925453	0.0002240830446	2	2.10	0.62148	1.2e+03	-3.07	1038
ccagac	ccagac|gtctgg	0.0001064962726	0.0001034737206	1	0.97	0.62155	1.2e+03	-3.07	1039
agacct	agacct|aggtct	0.0002129925453	0.0002241533346	2	2.10	0.62165	1.2e+03	-3.07	1040
cgaatc	cgaatc|gattcg	0.0001064962726	0.0001036076676	1	0.97	0.62202	1.2e+03	-3.07	1041
gcgtga	gcgtga|tcacgc	0.0003194888179	0.0003423128046	3	3.21	0.62312	1.2e+03	-3.07	1042
tatgca	tatgca|tgcata	0.0006389776358	0.0006866001546	6	6.45	0.62331	1.2e+03	-3.07	1043
actacc	actacc|ggtagt	0.0003194888179	0.0003424296246	3	3.22	0.62335	1.2e+03	-3.07	1044
actcct	actcct|aggagt	0.0003194888179	0.0003426266346	3	3.22	0.62373	1.2e+03	-3.07	1045
gcaggc	gcaggc|gcctgc	0.0001064962726	0.0001041094986	1	0.98	0.62380	1.2e+03	-3.07	1046
gcgtcc	gcgtcc|ggacgc	0.0001064962726	0.0001041258336	1	0.98	0.62386	1.2e+03	-3.07	1047
gctgaa	gctgaa|ttcagc	0.0003194888179	0.0003426969246	3	3.22	0.62387	1.2e+03	-3.07	1048
ccgtta	ccgtta|taacgg	0.0002129925453	0.0002251515516	2	2.11	0.62405	1.2e+03	-3.07	1049
accttg	accttg|caaggt	0.0004259850905	0.0004596129546	4	4.32	0.62573	1.2e+03	-3.08	1050
tggaaa	tggaaa|tttcca	0.0010649627263	0.0011391786546	10	10.70	0.62582	1.2e+03	-3.08	1051
aggggg	aggggg|ccccct	0.0001064962726	0.0001049008056	1	0.99	0.62659	1.2e+03	-3.08	1052
ccccgc	ccccgc|gcgggg	0.0001064962726	0.0001054520376	1	0.99	0.62852	1.2e+03	-3.08	1053
cgaaca	cgaaca|tgttcg	0.0002129925453	0.0002271688746	2	2.13	0.62886	1.2e+03	-3.08	1054
gagcta	gagcta|tagctc	0.0003194888179	0.0003454380366	3	3.24	0.62918	1.2e+03	-3.08	1055
catgcg	catgcg|cgcatg	0.0002129925453	0.0002276069496	2	2.14	0.62990	1.2e+03	-3.08	1056
aagata	aagata|tatctt	0.0011714589989	0.0012550334046	11	11.78	0.62993	1.2e+03	-3.08	1057
acacaa	acacaa|ttgtgt	0.0007454739084	0.0008053377846	7	7.56	0.63037	1.2e+03	-3.08	1058
cagcga	cagcga|tcgctg	0.0002129925453	0.0002278608846	2	2.14	0.63050	1.2e+03	-3.08	1059
ctggca	ctggca|tgccag	0.0002129925453	0.0002283048996	2	2.14	0.63155	1.2e+03	-3.08	1060
agtaac	agtaac|gttact	0.0005324813632	0.0005788921146	5	5.44	0.63246	1.2e+03	-3.08	1061
aaagac	aaagac|gtcttt	0.0006389776358	0.0006932757246	6	6.51	0.63247	1.2e+03	-3.08	1062
atccaa	atccaa|ttggat	0.0004259850905	0.0004636808646	4	4.35	0.63252	1.2e+03	-3.08	1063
tacaca	tacaca|tgtgta	0.0007454739084	0.0008070544446	7	7.58	0.63254	1.2e+03	-3.08	1064
agagct	agagct|agctct	0.0004259850905	0.0004637006646	4	4.35	0.63256	1.2e+03	-3.08	1065
aatact	aatact|agtatt	0.0007454739084	0.0008074870746	7	7.58	0.63309	1.2e+03	-3.08	1066
gggaca	gggaca|tgtccc	0.0002129925453	0.0002291072946	2	2.15	0.63344	1.2e+03	-3.08	1067
gcacta	gcacta|tagtgc	0.0003194888179	0.0003476934546	3	3.26	0.63351	1.2e+03	-3.08	1068
cgagta	cgagta|tactcg	0.0003194888179	0.0003480953946	3	3.27	0.63428	1.2e+03	-3.08	1069
aatgcc	aatgcc|ggcatt	0.0003194888179	0.0003485181246	3	3.27	0.63508	1.2e+03	-3.08	1070
atgatg	atgatg|catcat	0.0008519701810	0.0009224765646	8	8.66	0.63517	1.2e+03	-3.08	1071
gccaga	gccaga|tctggc	0.0002129925453	0.0002298537546	2	2.16	0.63519	1.2e+03	-3.08	1072
taaaca	taaaca|tgttta	0.0007454739084	0.0008092383846	7	7.60	0.63530	1.2e+03	-3.08	1073
gacccc	gacccc|ggggtc	0.0001064962726	0.0001074860916	1	1.01	0.63554	1.2e+03	-3.08	1074
ctacga	ctacga|tcgtag	0.0002129925453	0.0002300654166	2	2.16	0.63568	1.2e+03	-3.08	1075
cagtag	cagtag|ctactg	0.0003194888179	0.0003488864046	3	3.28	0.63578	1.2e+03	-3.08	1076
agggcg	agggcg|cgccct	0.0001064962726	0.0001080102966	1	1.01	0.63733	1.2e+03	-3.08	1077
aaaact	aaaact|agtttt	0.0017039403621	0.0018210451146	16	17.10	0.63769	1.2e+03	-3.08	1078
aaatca	aaatca|tgattt	0.0009584664537	0.0010376996946	9	9.74	0.63774	1.2e+03	-3.08	1079
ctagca	ctagca|tgctag	0.0003194888179	0.0003500526246	3	3.29	0.63800	1.2e+03	-3.08	1080
atatcg	atatcg|cgatat	0.0006389776358	0.0006973584846	6	6.55	0.63800	1.2e+03	-3.08	1081
taacga	taacga|tcgtta	0.0003194888179	0.0003501407346	3	3.29	0.63817	1.2e+03	-3.08	1082
gcgcta	gcgcta|tagcgc	0.0003194888179	0.0003503961546	3	3.29	0.63865	1.2e+03	-3.08	1083
cagacc	cagacc|ggtctg	0.0001064962726	0.0001084204536	1	1.02	0.63873	1.2e+03	-3.08	1084
ggtgac	ggtgac|gtcacc	0.0003194888179	0.0003504397146	3	3.29	0.63873	1.2e+03	-3.08	1085
ctcaag	ctcaag|cttgag	0.0003194888179	0.0003509218446	3	3.30	0.63965	1.2e+03	-3.09	1086
aatgct	aatgct|agcatt	0.0006389776358	0.0006986672646	6	6.56	0.63977	1.2e+03	-3.09	1087
gggaaa	gggaaa|tttccc	0.0007454739084	0.0008131449246	7	7.64	0.64020	1.2e+03	-3.09	1088
acgaaa	acgaaa|tttcgt	0.0006389776358	0.0006990256446	6	6.56	0.64025	1.2e+03	-3.09	1089
acactg	acactg|cagtgt	0.0003194888179	0.0003512792346	3	3.30	0.64032	1.2e+03	-3.09	1090
atggta	atggta|taccat	0.0004259850905	0.0004684437546	4	4.40	0.64038	1.2e+03	-3.09	1091
ctctta	ctctta|taagag	0.0005324813632	0.0005843895846	5	5.49	0.64059	1.2e+03	-3.09	1092
agcgtg	agcgtg|cacgct	0.0003194888179	0.0003517237446	3	3.30	0.64116	1.2e+03	-3.09	1093
acgaga	acgaga|tctcgt	0.0004259850905	0.0004690476546	4	4.40	0.64137	1.2e+03	-3.09	1094
caaggg	caaggg|cccttg	0.0002129925453	0.0002325831846	2	2.18	0.64154	1.2e+03	-3.09	1095
actaaa	actaaa|tttagt	0.0010649627263	0.0011541345846	10	10.84	0.64170	1.2e+03	-3.09	1096
ccagcc	ccagcc|ggctgg	0.0001064962726	0.0001093096716	1	1.03	0.64173	1.2e+03	-3.09	1097
gagtga	gagtga|tcactc	0.0003194888179	0.0003520682646	3	3.31	0.64181	1.2e+03	-3.09	1098
gtgtca	gtgtca|tgacac	0.0004259850905	0.0004694179146	4	4.41	0.64197	1.2e+03	-3.09	1099
aattcg	aattcg|cgaatt	0.0002129925453	0.0002328296946	2	2.19	0.64210	1.2e+03	-3.09	1100
aagcct	aagcct|aggctt	0.0003194888179	0.0003531236046	3	3.32	0.64379	1.2e+03	-3.09	1101
acgaac	acgaac|gttcgt	0.0002129925453	0.0002341602546	2	2.20	0.64516	1.2e+03	-3.09	1102
tagtaa	tagtaa|ttacta	0.0008519701810	0.0009312093546	8	8.74	0.64539	1.2e+03	-3.09	1103
aggccg	aggccg|cggcct	0.0001064962726	0.0001104906426	1	1.04	0.64568	1.2e+03	-3.09	1104
atcaaa	atcaaa|tttgat	0.0010649627263	0.0011588568846	10	10.88	0.64663	1.2e+03	-3.09	1105
cacccg	cacccg|cgggtg	0.0002129925453	0.0002350245246	2	2.21	0.64714	1.2e+03	-3.09	1106
ttacaa	ttacaa|ttgtaa	0.0010649627263	0.0011596597746	10	10.89	0.64747	1.2e+03	-3.09	1107
cctcta	cctcta|tagagg	0.0004259850905	0.0004728611346	4	4.44	0.64757	1.2e+03	-3.09	1108
ggatac	ggatac|gtatcc	0.0002129925453	0.0002360768946	2	2.22	0.64953	1.2e+03	-3.09	1109
ggttca	ggttca|tgaacc	0.0003194888179	0.0003566836446	3	3.35	0.65042	1.2e+03	-3.09	1110
cttccc	cttccc|gggaag	0.0003194888179	0.0003567371046	3	3.35	0.65052	1.2e+03	-3.09	1111
ctctgc	ctctgc|gcagag	0.0002129925453	0.0002365775376	2	2.22	0.65067	1.2e+03	-3.09	1112
gtctca	gtctca|tgagac	0.0002129925453	0.0002366219886	2	2.22	0.65077	1.2e+03	-3.09	1113
agtgta	agtgta|tacact	0.0004259850905	0.0004748985546	4	4.46	0.65085	1.2e+03	-3.09	1114
acttat	acttat|ataagt	0.0007454739084	0.0008224063746	7	7.72	0.65165	1.2e+03	-3.09	1115
atggaa	atggaa|ttccat	0.0005324813632	0.0005921264346	5	5.56	0.65184	1.2e+03	-3.09	1116
cctacc	cctacc|ggtagg	0.0001064962726	0.0001123740186	1	1.06	0.65190	1.2e+03	-3.09	1117
actccc	actccc|gggagt	0.0002129925453	0.0002372419266	2	2.23	0.65217	1.2e+03	-3.09	1118
agtctg	agtctg|cagact	0.0002129925453	0.0002373876546	2	2.23	0.65250	1.2e+03	-3.09	1119
catacg	catacg|cgtatg	0.0002129925453	0.0002373937926	2	2.23	0.65251	1.2e+03	-3.09	1120
acaagc	acaagc|gcttgt	0.0004259850905	0.0004759538946	4	4.47	0.65254	1.2e+03	-3.09	1121
cctgcg	cctgcg|cgcagg	0.0001064962726	0.0001125888486	1	1.06	0.65260	1.2e+03	-3.09	1122
acaaag	acaaag|ctttgt	0.0007454739084	0.0008233973646	7	7.73	0.65286	1.2e+03	-3.09	1123
aaaatg	aaaatg|catttt	0.0020234291800	0.0021752700846	19	20.43	0.65392	1.2e+03	-3.09	1124
acaaca	acaaca|tgttgt	0.0006389776358	0.0007093592646	6	6.66	0.65399	1.2e+03	-3.09	1125
aacacc	aacacc|ggtgtt	0.0003194888179	0.0003588438246	3	3.37	0.65440	1.2e+03	-3.10	1126
atttgg	atttgg|ccaaat	0.0006389776358	0.0007103007546	6	6.67	0.65522	1.2e+03	-3.10	1127
cagctc	cagctc|gagctg	0.0002129925453	0.0002387571216	2	2.24	0.65557	1.2e+03	-3.10	1128
cagatg	cagatg|catctg	0.0003194888179	0.0003601347846	3	3.38	0.65676	1.2e+03	-3.10	1129
acagga	acagga|tcctgt	0.0004259850905	0.0004788644946	4	4.50	0.65718	1.2e+03	-3.10	1130
tcccca	tcccca|tgggga	0.0002129925453	0.0002395004136	2	2.25	0.65723	1.3e+03	-3.10	1131
aggagc	aggagc|gctcct	0.0002129925453	0.0002395773366	2	2.25	0.65740	1.3e+03	-3.10	1132
caccag	caccag|ctggtg	0.0002129925453	0.0002396918796	2	2.25	0.65766	1.3e+03	-3.10	1133
ggtgca	ggtgca|tgcacc	0.0003194888179	0.0003607139346	3	3.39	0.65781	1.3e+03	-3.10	1134
acgcac	acgcac|gtgcgt	0.0002129925453	0.0002398750296	2	2.25	0.65806	1.3e+03	-3.10	1135
gagcca	gagcca|tggctc	0.0003194888179	0.0003611376546	3	3.39	0.65859	1.3e+03	-3.10	1136
aaggag	aaggag|ctcctt	0.0004259850905	0.0004806029346	4	4.51	0.65993	1.3e+03	-3.10	1137
gtacca	gtacca|tggtac	0.0003194888179	0.0003620365746	3	3.40	0.66022	1.3e+03	-3.10	1138
cgaccc	cgaccc|gggtcg	0.0001064962726	0.0001151010726	1	1.08	0.66070	1.3e+03	-3.10	1139
ccgtcc	ccgtcc|ggacgg	0.0001064962726	0.0001151304756	1	1.08	0.66079	1.3e+03	-3.10	1140
ctgtcc	ctgtcc|ggacag	0.0002129925453	0.0002413605246	2	2.27	0.66135	1.3e+03	-3.10	1141
cattgg	cattgg|ccaatg	0.0004259850905	0.0004815929346	4	4.52	0.66149	1.3e+03	-3.10	1142
gcaaga	gcaaga|tcttgc	0.0004259850905	0.0004824977946	4	4.53	0.66291	1.3e+03	-3.10	1143
acccac	acccac|gtgggt	0.0003194888179	0.0003636086946	3	3.41	0.66306	1.3e+03	-3.10	1144
gcgcga	gcgcga|tcgcgc	0.0002129925453	0.0002423436936	2	2.28	0.66352	1.3e+03	-3.10	1145
acttac	acttac|gtaagt	0.0004259850905	0.0004833185046	4	4.54	0.66420	1.3e+03	-3.10	1146
atagag	atagag|ctctat	0.0007454739084	0.0008334597246	7	7.83	0.66504	1.3e+03	-3.10	1147
attcga	attcga|tcgaat	0.0002129925453	0.0002431870746	2	2.28	0.66537	1.3e+03	-3.10	1148
ccttca	ccttca|tgaagg	0.0004259850905	0.0004843669146	4	4.55	0.66583	1.3e+03	-3.10	1149
aagatc	aagatc|gatctt	0.0003194888179	0.0003652916946	3	3.43	0.66608	1.3e+03	-3.10	1150
gatcgc	gatcgc|gcgatc	0.0001064962726	0.0001171666086	1	1.10	0.66722	1.3e+03	-3.10	1151
acacag	acacag|ctgtgt	0.0005324813632	0.0006034510446	5	5.67	0.66789	1.3e+03	-3.10	1152
cctcca	cctcca|tggagg	0.0002129925453	0.0002446012896	2	2.30	0.66845	1.3e+03	-3.10	1153
acgata	acgata|tatcgt	0.0004259850905	0.0004861885146	4	4.57	0.66867	1.3e+03	-3.10	1154
cgcatc	cgcatc|gatgcg	0.0002129925453	0.0002448802716	2	2.30	0.66905	1.3e+03	-3.10	1155
accgac	accgac|gtcggt	0.0001064962726	0.0001178460456	1	1.11	0.66933	1.3e+03	-3.10	1156
atagcc	atagcc|ggctat	0.0003194888179	0.0003673875246	3	3.45	0.66981	1.3e+03	-3.11	1157
cagccc	cagccc|gggctg	0.0001064962726	0.0001181421546	1	1.11	0.67025	1.3e+03	-3.11	1158
agctta	agctta|taagct	0.0004259850905	0.0004874062146	4	4.58	0.67055	1.3e+03	-3.11	1159
agctat	agctat|atagct	0.0005324813632	0.0006055043046	5	5.69	0.67075	1.3e+03	-3.11	1160
acaccc	acaccc|gggtgt	0.0002129925453	0.0002459134356	2	2.31	0.67128	1.3e+03	-3.11	1161
aaccac	aaccac|gtggtt	0.0005324813632	0.0006060240546	5	5.69	0.67147	1.3e+03	-3.11	1162
caggta	caggta|tacctg	0.0003194888179	0.0003684329646	3	3.46	0.67166	1.3e+03	-3.11	1163
agctaa	agctaa|ttagct	0.0004259850905	0.0004889872446	4	4.59	0.67298	1.3e+03	-3.11	1164
ggagca	ggagca|tgctcc	0.0002129925453	0.0002468271066	2	2.32	0.67325	1.3e+03	-3.11	1165
cccgcg	cccgcg|cgcggg	0.0001064962726	0.0001191428466	1	1.12	0.67333	1.3e+03	-3.11	1166
agctcg	agctcg|cgagct	0.0002129925453	0.0002469035346	2	2.32	0.67341	1.3e+03	-3.11	1167
acgtag	acgtag|ctacgt	0.0003194888179	0.0003702020946	3	3.48	0.67478	1.3e+03	-3.11	1168
ataaaa	ataaaa|ttttat	0.0027689030884	0.0029845752846	26	28.03	0.67478	1.3e+03	-3.11	1169
ccagcg	ccagcg|cgctgg	0.0001064962726	0.0001198961376	1	1.13	0.67564	1.3e+03	-3.11	1170
agcgcc	agcgcc|ggcgct	0.0002129925453	0.0002483919006	2	2.33	0.67659	1.3e+03	-3.11	1171
acgtcc	acgtcc|ggacgt	0.0002129925453	0.0002486489046	2	2.33	0.67713	1.3e+03	-3.11	1172
gaaaac	gaaaac|gttttc	0.0009584664537	0.0010743841446	9	10.09	0.67718	1.3e+03	-3.11	1173
actatg	actatg|catagt	0.0004259850905	0.0004919552646	4	4.62	0.67752	1.3e+03	-3.11	1174
aggcca	aggcca|tggcct	0.0003194888179	0.0003717880746	3	3.49	0.67755	1.3e+03	-3.11	1175
gcaacc	gcaacc|ggttgc	0.0002129925453	0.0002491522206	2	2.34	0.67820	1.3e+03	-3.11	1176
ccttaa	ccttaa|ttaagg	0.0003194888179	0.0003722553546	3	3.50	0.67837	1.3e+03	-3.11	1177
ctctca	ctctca|tgagag	0.0004259850905	0.0004926482646	4	4.63	0.67857	1.3e+03	-3.11	1178
gggtca	gggtca|tgaccc	0.0002129925453	0.0002500903446	2	2.35	0.68018	1.3e+03	-3.11	1179
aaagtc	aaagtc|gacttt	0.0008519701810	0.0009621270546	8	9.03	0.68023	1.3e+03	-3.11	1180
gcgcgc	gcgcgc|gcgcgc	0.0001064962726	0.0001215425523	1	1.14	0.68061	1.3e+03	-3.11	1181
gcagac	gcagac|gtctgc	0.0001064962726	0.0001216770486	1	1.14	0.68102	1.3e+03	-3.11	1182
ctagtc	ctagtc|gactag	0.0003194888179	0.0003738621246	3	3.51	0.68115	1.3e+03	-3.11	1183
aacggg	aacggg|cccgtt	0.0002129925453	0.0002505584166	2	2.35	0.68117	1.3e+03	-3.11	1184
aaccca	aaccca|tgggtt	0.0003194888179	0.0003740710146	3	3.51	0.68152	1.3e+03	-3.11	1185
cgtatc	cgtatc|gatacg	0.0002129925453	0.0002507877006	2	2.35	0.68165	1.3e+03	-3.11	1186
aaccat	aaccat|atggtt	0.0004259850905	0.0004947767646	4	4.65	0.68179	1.3e+03	-3.11	1187
caccaa	caccaa|ttggtg	0.0005324813632	0.0006135757746	5	5.76	0.68183	1.3e+03	-3.11	1188
ggggga	ggggga|tccccc	0.0001064962726	0.0001222898586	1	1.15	0.68285	1.3e+03	-3.11	1189
gggcga	gggcga|tcgccc	0.0001064962726	0.0001224380616	1	1.15	0.68329	1.3e+03	-3.11	1190
aacgaa	aacgaa|ttcgtt	0.0003194888179	0.0003752283246	3	3.52	0.68351	1.3e+03	-3.11	1191
gctgca	gctgca|tgcagc	0.0002129925453	0.0002519812446	2	2.37	0.68414	1.3e+03	-3.11	1192
cgcaag	cgcaag|cttgcg	0.0002129925453	0.0002519970846	2	2.37	0.68418	1.3e+03	-3.11	1193
tataga	tataga|tctata	0.0014909478168	0.0016525025646	14	15.52	0.68461	1.3e+03	-3.11	1194
cgcagc	cgcagc|gctgcg	0.0001064962726	0.0001229818686	1	1.15	0.68490	1.3e+03	-3.11	1195
gcggac	gcggac|gtccgc	0.0001064962726	0.0001231691766	1	1.16	0.68546	1.3e+03	-3.12	1196
acatcg	acatcg|cgatgt	0.0003194888179	0.0003765687846	3	3.54	0.68581	1.3e+03	-3.12	1197
gactac	gactac|gtagtc	0.0003194888179	0.0003766529346	3	3.54	0.68595	1.3e+03	-3.12	1198
gcgccc	gcgccc|gggcgc	0.0001064962726	0.0001233773736	1	1.16	0.68607	1.3e+03	-3.12	1199
aagcga	aagcga|tcgctt	0.0004259850905	0.0004982358246	4	4.68	0.68698	1.3e+03	-3.12	1200
gctaga	gctaga|tctagc	0.0003194888179	0.0003773687046	3	3.54	0.68718	1.3e+03	-3.12	1201
gtgtaa	gtgtaa|ttacac	0.0006389776358	0.0007359001746	6	6.91	0.68776	1.3e+03	-3.12	1202
cggagc	cggagc|gctccg	0.0001064962726	0.0001240521576	1	1.16	0.68805	1.3e+03	-3.12	1203
gtccga	gtccga|tcggac	0.0001064962726	0.0001241206656	1	1.17	0.68825	1.3e+03	-3.12	1204
accaaa	accaaa|tttggt	0.0007454739084	0.0008534250546	7	8.01	0.68840	1.3e+03	-3.12	1205
gcgata	gcgata|tatcgc	0.0003194888179	0.0003781834746	3	3.55	0.68856	1.3e+03	-3.12	1206
cctagc	cctagc|gctagg	0.0001064962726	0.0001242526326	1	1.17	0.68864	1.3e+03	-3.12	1207
agtgtc	agtgtc|gacact	0.0002129925453	0.0002542730946	2	2.39	0.68889	1.3e+03	-3.12	1208
tatcaa	tatcaa|ttgata	0.0010649627263	0.0012022555146	10	11.29	0.69017	1.3e+03	-3.12	1209
tagaaa	tagaaa|tttcta	0.0018104366347	0.0019994540046	17	18.77	0.69049	1.3e+03	-3.12	1210
agcccc	agcccc|ggggct	0.0001064962726	0.0001251816486	1	1.18	0.69134	1.3e+03	-3.12	1211
accgtg	accgtg|cacggt	0.0002129925453	0.0002554700046	2	2.40	0.69135	1.3e+03	-3.12	1212
gtacac	gtacac|gtgtac	0.0003194888179	0.0003800624946	3	3.57	0.69174	1.3e+03	-3.12	1213
ccaacc	ccaacc|ggttgg	0.0002129925453	0.0002556834486	2	2.40	0.69179	1.3e+03	-3.12	1214
atcctg	atcctg|caggat	0.0002129925453	0.0002564045646	2	2.41	0.69326	1.3e+03	-3.12	1215
caagca	caagca|tgcttg	0.0004259850905	0.0005025274746	4	4.72	0.69332	1.3e+03	-3.12	1216
aggccc	aggccc|gggcct	0.0001064962726	0.0001258733616	1	1.18	0.69334	1.3e+03	-3.12	1217
aacgca	aacgca|tgcgtt	0.0002129925453	0.0002566481046	2	2.41	0.69375	1.3e+03	-3.12	1218
gtttta	gtttta|taaaac	0.0009584664537	0.0010912517646	9	10.25	0.69441	1.3e+03	-3.12	1219
atagta	atagta|tactat	0.0008519701810	0.0009757999446	8	9.16	0.69494	1.3e+03	-3.12	1220
caagtg	caagtg|cacttg	0.0003194888179	0.0003821434746	3	3.59	0.69524	1.3e+03	-3.12	1221
atggtc	atggtc|gaccat	0.0002129925453	0.0002576915646	2	2.42	0.69587	1.3e+03	-3.12	1222
attgtc	attgtc|gacaat	0.0004259850905	0.0005049361446	4	4.74	0.69684	1.3e+03	-3.12	1223
tcatca	tcatca|tgatga	0.0008519701810	0.0009780482346	8	9.18	0.69731	1.3e+03	-3.12	1224
caccgc	caccgc|gcggtg	0.0001064962726	0.0001272835176	1	1.20	0.69738	1.3e+03	-3.12	1225
ggaaac	ggaaac|gtttcc	0.0004259850905	0.0005053153146	4	4.74	0.69740	1.3e+03	-3.12	1226
ggggac	ggggac|gtcccc	0.0001064962726	0.0001275568566	1	1.20	0.69815	1.3e+03	-3.12	1227
agcacg	agcacg|cgtgct	0.0003194888179	0.0003840521946	3	3.61	0.69841	1.3e+03	-3.12	1228
gcagcc	gcagcc|ggctgc	0.0001064962726	0.0001276874376	1	1.20	0.69852	1.3e+03	-3.12	1229
aacata	aacata|tatgtt	0.0007454739084	0.0008640338946	7	8.11	0.70037	1.3e+03	-3.12	1230
ggttga	ggttga|tcaacc	0.0003194888179	0.0003855926346	3	3.62	0.70096	1.3e+03	-3.12	1231
cttctc	cttctc|gagaag	0.0005324813632	0.0006285010146	5	5.90	0.70164	1.3e+03	-3.13	1232
cgataa	cgataa|ttatcg	0.0003194888179	0.0003864262146	3	3.63	0.70233	1.3e+03	-3.13	1233
aagacg	aagacg|cgtctt	0.0002129925453	0.0002610215286	2	2.45	0.70254	1.3e+03	-3.13	1234
attgtg	attgtg|cacaat	0.0007454739084	0.0008661396246	7	8.13	0.70271	1.3e+03	-3.13	1235
ccaaaa	ccaaaa|ttttgg	0.0010649627263	0.0012167530746	10	11.43	0.70396	1.3e+03	-3.13	1236
catgga	catgga|tccatg	0.0002129925453	0.0002621356746	2	2.46	0.70474	1.3e+03	-3.13	1237
gatacc	gatacc|ggtatc	0.0002129925453	0.0002621386446	2	2.46	0.70475	1.3e+03	-3.13	1238
cccaac	cccaac|gttggg	0.0002129925453	0.0002625105876	2	2.46	0.70548	1.3e+03	-3.13	1239
aagaag	aagaag|cttctt	0.0010649627263	0.0012184865646	10	11.44	0.70558	1.3e+03	-3.13	1240
agacgg	agacgg|ccgtct	0.0001064962726	0.0001305506166	1	1.23	0.70652	1.3e+03	-3.13	1241
ttaaaa	ttaaaa|ttttaa	0.0018104366347	0.0020215260546	17	18.98	0.70682	1.3e+03	-3.13	1242
gttcaa	gttcaa|ttgaac	0.0005324813632	0.0006326322846	5	5.94	0.70697	1.3e+03	-3.13	1243
ctccga	ctccga|tcggag	0.0001064962726	0.0001309856226	1	1.23	0.70772	1.3e+03	-3.13	1244
aattag	aattag|ctaatt	0.0005324813632	0.0006335153646	5	5.95	0.70810	1.3e+03	-3.13	1245
gaagta	gaagta|tacttc	0.0005324813632	0.0006337133646	5	5.95	0.70836	1.3e+03	-3.13	1246
cattac	cattac|gtaatg	0.0005324813632	0.0006340291746	5	5.95	0.70876	1.3e+03	-3.13	1247
gagata	gagata|tatctc	0.0005324813632	0.0006340400646	5	5.95	0.70877	1.3e+03	-3.13	1248
acgatg	acgatg|catcgt	0.0003194888179	0.0003910042716	3	3.67	0.70977	1.3e+03	-3.13	1249
agaaat	agaaat|atttct	0.0015974440895	0.0017983949046	15	16.89	0.71025	1.4e+03	-3.13	1250
agagat	agagat|atctct	0.0005324813632	0.0006352043046	5	5.96	0.71026	1.4e+03	-3.13	1251
ccacgg	ccacgg|ccgtgg	0.0002129925453	0.0002651581446	2	2.49	0.71065	1.4e+03	-3.13	1252
gattgc	gattgc|gcaatc	0.0002129925453	0.0002657994666	2	2.50	0.71189	1.4e+03	-3.13	1253
ccgctc	ccgctc|gagcgg	0.0001064962726	0.0001326088266	1	1.25	0.71214	1.4e+03	-3.13	1254
ttagaa	ttagaa|ttctaa	0.0010649627263	0.0012257511846	10	11.51	0.71232	1.4e+03	-3.13	1255
ggccta	ggccta|taggcc	0.0001064962726	0.0001326857496	1	1.25	0.71235	1.4e+03	-3.13	1256
gatgaa	gatgaa|ttcatc	0.0007454739084	0.0008764653246	7	8.23	0.71402	1.4e+03	-3.13	1257
atgagc	atgagc|gctcat	0.0003194888179	0.0003939040806	3	3.70	0.71441	1.4e+03	-3.13	1258
cttagc	cttagc|gctaag	0.0002129925453	0.0002672510046	2	2.51	0.71468	1.4e+03	-3.13	1259
cccctc	cccctc|gagggg	0.0001064962726	0.0001335929856	1	1.25	0.71479	1.4e+03	-3.13	1260
gacggc	gacggc|gccgtc	0.0001064962726	0.0001336367436	1	1.25	0.71491	1.4e+03	-3.13	1261
gcatac	gcatac|gtatgc	0.0002129925453	0.0002674180176	2	2.51	0.71500	1.4e+03	-3.13	1262
acctcc	acctcc|ggaggt	0.0002129925453	0.0002674915746	2	2.51	0.71515	1.4e+03	-3.13	1263
aggatg	aggatg|catcct	0.0003194888179	0.0003943679946	3	3.70	0.71515	1.4e+03	-3.13	1264
atcaga	atcaga|tctgat	0.0003194888179	0.0003945313446	3	3.70	0.71541	1.4e+03	-3.13	1265
tacaaa	tacaaa|tttgta	0.0010649627263	0.0012292567746	10	11.54	0.71553	1.4e+03	-3.13	1266
tataca	tataca|tgtata	0.0013844515442	0.0015760597146	13	14.80	0.71561	1.4e+03	-3.13	1267
cccaag	cccaag|cttggg	0.0002129925453	0.0002678925246	2	2.52	0.71591	1.4e+03	-3.13	1268
agaccc	agaccc|gggtct	0.0001064962726	0.0001342384656	1	1.26	0.71651	1.4e+03	-3.13	1269
gatcta	gatcta|tagatc	0.0002129925453	0.0002682202146	2	2.52	0.71654	1.4e+03	-3.13	1270
ccggca	ccggca|tgccgg	0.0001064962726	0.0001347229716	1	1.27	0.71780	1.4e+03	-3.14	1271
acgagt	acgagt|actcgt	0.0003194888179	0.0003967430046	3	3.73	0.71890	1.4e+03	-3.14	1272
cgccca	cgccca|tgggcg	0.0001064962726	0.0001354462656	1	1.27	0.71971	1.4e+03	-3.14	1273
cggtac	cggtac|gtaccg	0.0001064962726	0.0001360026456	1	1.28	0.72117	1.4e+03	-3.14	1274
cctccg	cctccg|cggagg	0.0001064962726	0.0001360131396	1	1.28	0.72120	1.4e+03	-3.14	1275
caaata	caaata|tatttg	0.0010649627263	0.0012356274246	10	11.60	0.72132	1.4e+03	-3.14	1276
cttcta	cttcta|tagaag	0.0007454739084	0.0008834626446	7	8.30	0.72151	1.4e+03	-3.14	1277
aagtta	aagtta|taactt	0.0008519701810	0.0010018834746	8	9.41	0.72177	1.4e+03	-3.14	1278
aactag	aactag|ctagtt	0.0005324813632	0.0006449775846	5	6.06	0.72250	1.4e+03	-3.14	1279
tgagca	tgagca|tgctca	0.0003194888179	0.0003993338346	3	3.75	0.72295	1.4e+03	-3.14	1280
gtgtta	gtgtta|taacac	0.0004259850905	0.0005234580546	4	4.92	0.72295	1.4e+03	-3.14	1281
aagcta	aagcta|tagctt	0.0005324813632	0.0006453587346	5	6.06	0.72297	1.4e+03	-3.14	1282
cgcgga	cgcgga|tccgcg	0.0001064962726	0.0001369676976	1	1.29	0.72369	1.4e+03	-3.14	1283
ctccaa	ctccaa|ttggag	0.0003194888179	0.0004001525646	3	3.76	0.72422	1.4e+03	-3.14	1284
actcac	actcac|gtgagt	0.0003194888179	0.0004002357246	3	3.76	0.72435	1.4e+03	-3.14	1285
ccacga	ccacga|tcgtgg	0.0003194888179	0.0004004753046	3	3.76	0.72472	1.4e+03	-3.14	1286
ccaatc	ccaatc|gattgg	0.0002129925453	0.0002729939946	2	2.56	0.72551	1.4e+03	-3.14	1287
accgaa	accgaa|ttcggt	0.0001064962726	0.0001378721616	1	1.29	0.72602	1.4e+03	-3.14	1288
tacgca	tacgca|tgcgta	0.0002129925453	0.0002735840346	2	2.57	0.72660	1.4e+03	-3.14	1289
acgtac	acgtac|gtacgt	0.0003194888179	0.0004020791046	3	3.78	0.72719	1.4e+03	-3.14	1290
aggaag	aggaag|cttcct	0.0004259850905	0.0005268507846	4	4.95	0.72755	1.4e+03	-3.14	1291
catatc	catatc|gatatg	0.0005324813632	0.0006492731946	5	6.10	0.72776	1.4e+03	-3.14	1292
cttgga	cttgga|tccaag	0.0003194888179	0.0004025810346	3	3.78	0.72795	1.4e+03	-3.14	1293
tattaa	tattaa|ttaata	0.0009584664537	0.0011265739746	9	10.58	0.72858	1.4e+03	-3.14	1294
gattaa	gattaa|ttaatc	0.0003194888179	0.0004030453446	3	3.78	0.72866	1.4e+03	-3.14	1295
gtatta	gtatta|taatac	0.0005324813632	0.0006505740546	5	6.11	0.72934	1.4e+03	-3.14	1296
catggc	catggc|gccatg	0.0002129925453	0.0002753581146	2	2.59	0.72987	1.4e+03	-3.14	1297
aacgct	aacgct|agcgtt	0.0002129925453	0.0002754076146	2	2.59	0.72996	1.4e+03	-3.14	1298
acacga	acacga|tcgtgt	0.0003194888179	0.0004045620246	3	3.80	0.73097	1.4e+03	-3.14	1299
acacgc	acacgc|gcgtgt	0.0002129925453	0.0002761374426	2	2.59	0.73129	1.4e+03	-3.14	1300
catcag	catcag|ctgatg	0.0003194888179	0.0004049857446	3	3.80	0.73162	1.4e+03	-3.14	1301
acgtaa	acgtaa|ttacgt	0.0006389776358	0.0007739320146	6	7.27	0.73222	1.4e+03	-3.14	1302
gtttga	gtttga|tcaaac	0.0004259850905	0.0005303969646	4	4.98	0.73229	1.4e+03	-3.14	1303
atattg	atattg|caatat	0.0014909478168	0.0017144478546	14	16.10	0.73366	1.4e+03	-3.14	1304
gaacca	gaacca|tggttc	0.0003194888179	0.0004067083446	3	3.82	0.73422	1.4e+03	-3.15	1305
agaagc	agaagc|gcttct	0.0005324813632	0.0006565358346	5	6.16	0.73650	1.4e+03	-3.15	1306
cgcctc	cgcctc|gaggcg	0.0001064962726	0.0001420668906	1	1.33	0.73661	1.4e+03	-3.15	1307
caaacg	caaacg|cgtttg	0.0002129925453	0.0002792389146	2	2.62	0.73689	1.4e+03	-3.15	1308
gaggga	gaggga|tccctc	0.0002129925453	0.0002792648526	2	2.62	0.73693	1.4e+03	-3.15	1309
gatcga	gatcga|tcgatc	0.0001064962726	0.0001424719986	1	1.34	0.73761	1.4e+03	-3.15	1310
acatga	acatga|tcatgt	0.0005324813632	0.0006583435746	5	6.18	0.73864	1.4e+03	-3.15	1311
cacctc	cacctc|gaggtg	0.0003194888179	0.0004101109746	3	3.85	0.73929	1.4e+03	-3.15	1312
taggca	taggca|tgccta	0.0001064962726	0.0001431588606	1	1.34	0.73929	1.4e+03	-3.15	1313
agacat	agacat|atgtct	0.0003194888179	0.0004103475846	3	3.85	0.73964	1.4e+03	-3.15	1314
ataaag	ataaag|ctttat	0.0011714589989	0.0013736631246	11	12.90	0.73969	1.4e+03	-3.15	1315
cggcta	cggcta|tagccg	0.0001064962726	0.0001433776506	1	1.35	0.73983	1.4e+03	-3.15	1316
gcgacc	gcgacc|ggtcgc	0.0001064962726	0.0001434954606	1	1.35	0.74012	1.4e+03	-3.15	1317
atacac	atacac|gtgtat	0.0005324813632	0.0006601651746	5	6.20	0.74078	1.4e+03	-3.15	1318
actgta	actgta|tacagt	0.0007454739084	0.0009021459246	7	8.47	0.74085	1.4e+03	-3.15	1319
agccgg	agccgg|ccggct	0.0001064962726	0.0001449291786	1	1.36	0.74359	1.4e+03	-3.15	1320
tgaaca	tgaaca|tgttca	0.0005324813632	0.0006627342246	5	6.22	0.74379	1.4e+03	-3.15	1321
gggaac	gggaac|gttccc	0.0002129925453	0.0002831830746	2	2.66	0.74386	1.4e+03	-3.15	1322
aaggtc	aaggtc|gacctt	0.0003194888179	0.0004137373446	3	3.88	0.74462	1.4e+03	-3.15	1323
gccaaa	gccaaa|tttggc	0.0006389776358	0.0007854744246	6	7.38	0.74478	1.4e+03	-3.15	1324
agactc	agactc|gagtct	0.0002129925453	0.0002838335046	2	2.67	0.74500	1.4e+03	-3.15	1325
atactc	atactc|gagtat	0.0004259850905	0.0005412453846	4	5.08	0.74641	1.4e+03	-3.15	1326
atgtag	atgtag|ctacat	0.0004259850905	0.0005416740546	4	5.09	0.74696	1.4e+03	-3.15	1327
aacaat	aacaat|attgtt	0.0007454739084	0.0009082908546	7	8.53	0.74701	1.4e+03	-3.15	1328
tctaca	tctaca|tgtaga	0.0005324813632	0.0006656913546	5	6.25	0.74721	1.4e+03	-3.15	1329
agatcg	agatcg|cgatct	0.0001064962726	0.0001475578266	1	1.39	0.74984	1.4e+03	-3.15	1330
ccactc	ccactc|gagtgg	0.0002129925453	0.0002874916536	2	2.70	0.75130	1.4e+03	-3.16	1331
gcggta	gcggta|taccgc	0.0001064962726	0.0001483843776	1	1.39	0.75178	1.4e+03	-3.16	1332
ctacag	ctacag|ctgtag	0.0003194888179	0.0004188299046	3	3.93	0.75195	1.4e+03	-3.16	1333
ctgaac	ctgaac|gttcag	0.0002129925453	0.0002880499146	2	2.70	0.75225	1.4e+03	-3.16	1334
acttgg	acttgg|ccaagt	0.0003194888179	0.0004192070946	3	3.94	0.75248	1.4e+03	-3.16	1335
cgaggc	cgaggc|gcctcg	0.0001064962726	0.0001489300656	1	1.40	0.75305	1.4e+03	-3.16	1336
ccgcac	ccgcac|gtgcgg	0.0001064962726	0.0001490460936	1	1.40	0.75332	1.4e+03	-3.16	1337
atggag	atggag|ctccat	0.0002129925453	0.0002889354696	2	2.71	0.75375	1.4e+03	-3.16	1338
ggagac	ggagac|gtctcc	0.0001064962726	0.0001494502116	1	1.40	0.75425	1.4e+03	-3.16	1339
aacctt	aacctt|aaggtt	0.0006389776358	0.0007945269846	6	7.46	0.75434	1.4e+03	-3.16	1340
ctttgc	ctttgc|gcaaag	0.0004259850905	0.0005475764346	4	5.14	0.75439	1.4e+03	-3.16	1341
attctc	attctc|gagaat	0.0004259850905	0.0005484070446	4	5.15	0.75542	1.4e+03	-3.16	1342
cttaaa	cttaaa|tttaag	0.0006389776358	0.0007964555046	6	7.48	0.75634	1.4e+03	-3.16	1343
atgaga	atgaga|tctcat	0.0005324813632	0.0006739944846	5	6.33	0.75664	1.4e+03	-3.16	1344
acgatc	acgatc|gatcgt	0.0001064962726	0.0001506168276	1	1.41	0.75693	1.4e+03	-3.16	1345
gccata	gccata|tatggc	0.0003194888179	0.0004225681446	3	3.97	0.75722	1.4e+03	-3.16	1346
tggtaa	tggtaa|ttacca	0.0005324813632	0.0006745964046	5	6.33	0.75732	1.4e+03	-3.16	1347
acagat	acagat|atctgt	0.0004259850905	0.0005499672846	4	5.16	0.75735	1.4e+03	-3.16	1348
aaaatt	aaaatt|aatttt	0.0024494142705	0.0027846942846	23	26.15	0.75761	1.4e+03	-3.16	1349
tacaga	tacaga|tctgta	0.0005324813632	0.0006751527846	5	6.34	0.75794	1.4e+03	-3.16	1350
cagatc	cagatc|gatctg	0.0001064962726	0.0001510884636	1	1.42	0.75800	1.4e+03	-3.16	1351
ctgcta	ctgcta|tagcag	0.0002129925453	0.0002914753146	2	2.74	0.75801	1.4e+03	-3.16	1352
aacagg	aacagg|cctgtt	0.0003194888179	0.0004232680746	3	3.97	0.75820	1.4e+03	-3.16	1353
ctaaaa	ctaaaa|ttttag	0.0011714589989	0.0013973874846	11	13.12	0.75878	1.4e+03	-3.16	1354
aaggat	aaggat|atcctt	0.0004259850905	0.0005512107246	4	5.18	0.75888	1.4e+03	-3.16	1355
actgga	actgga|tccagt	0.0002129925453	0.0002920455546	2	2.74	0.75896	1.4e+03	-3.16	1356
cctggc	cctggc|gccagg	0.0001064962726	0.0001516971156	1	1.42	0.75938	1.4e+03	-3.16	1357
gggtta	gggtta|taaccc	0.0002129925453	0.0002924870946	2	2.75	0.75969	1.4e+03	-3.16	1358
ctactc	ctactc|gagtag	0.0002129925453	0.0002925296646	2	2.75	0.75976	1.4e+03	-3.16	1359
cataag	cataag|cttatg	0.0003194888179	0.0004244253846	3	3.99	0.75981	1.4e+03	-3.16	1360
cttcaa	cttcaa|ttgaag	0.0006389776358	0.0008001759246	6	7.51	0.76016	1.4e+03	-3.16	1361
cgctcc	cgctcc|ggagcg	0.0001064962726	0.0001521611286	1	1.43	0.76043	1.4e+03	-3.16	1362
gaatga	gaatga|tcattc	0.0004259850905	0.0005531669646	4	5.19	0.76127	1.4e+03	-3.16	1363
agatct	agatct|agatct	0.0001064962726	0.0001528790223	1	1.44	0.76204	1.4e+03	-3.16	1364
caagag	caagag|ctcttg	0.0004259850905	0.0005541341946	4	5.20	0.76244	1.5e+03	-3.16	1365
atcaca	atcaca|tgtgat	0.0007454739084	0.0009244169646	7	8.68	0.76265	1.5e+03	-3.16	1366
accgca	accgca|tgcggt	0.0001064962726	0.0001537214676	1	1.44	0.76391	1.5e+03	-3.16	1367
aatctc	aatctc|gagatt	0.0003194888179	0.0004274211246	3	4.01	0.76393	1.5e+03	-3.16	1368
gatcca	gatcca|tggatc	0.0001064962726	0.0001539960936	1	1.45	0.76452	1.5e+03	-3.16	1369
gaattc	gaattc|gaattc	0.0001064962726	0.0001540769223	1	1.45	0.76470	1.5e+03	-3.16	1370
aattga	aattga|tcaatt	0.0007454739084	0.0009266375346	7	8.70	0.76475	1.5e+03	-3.16	1371
gtttca	gtttca|tgaaac	0.0006389776358	0.0008051328546	6	7.56	0.76519	1.5e+03	-3.16	1372
agcgta	agcgta|tacgct	0.0002129925453	0.0002958481446	2	2.78	0.76520	1.5e+03	-3.16	1373
ctgaga	ctgaga|tctcag	0.0002129925453	0.0002959349676	2	2.78	0.76534	1.5e+03	-3.16	1374
aagcag	aagcag|ctgctt	0.0003194888179	0.0004290011646	3	4.03	0.76608	1.5e+03	-3.16	1375
ggaaca	ggaaca|tgttcc	0.0003194888179	0.0004291645146	3	4.03	0.76630	1.5e+03	-3.16	1376
gtatca	gtatca|tgatac	0.0004259850905	0.0005575714746	4	5.24	0.76658	1.5e+03	-3.16	1377
caaagc	caaagc|gctttg	0.0004259850905	0.0005577209646	4	5.24	0.76676	1.5e+03	-3.16	1378
ctacgc	ctacgc|gcgtag	0.0001064962726	0.0001551361776	1	1.46	0.76703	1.5e+03	-3.16	1379
gagtta	gagtta|taactc	0.0004259850905	0.0005581506246	4	5.24	0.76727	1.5e+03	-3.16	1380
gctgga	gctgga|tccagc	0.0001064962726	0.0001553313066	1	1.46	0.76746	1.5e+03	-3.16	1381
accatg	accatg|catggt	0.0002129925453	0.0002972806746	2	2.79	0.76751	1.5e+03	-3.16	1382
acaccg	acaccg|cggtgt	0.0001064962726	0.0001553908056	1	1.46	0.76759	1.5e+03	-3.16	1383
cgttac	cgttac|gtaacg	0.0002129925453	0.0002975598546	2	2.79	0.76796	1.5e+03	-3.16	1384
tacgga	tacgga|tccgta	0.0002129925453	0.0002976816246	2	2.80	0.76815	1.5e+03	-3.16	1385
agagtg	agagtg|cactct	0.0003194888179	0.0004315365546	3	4.05	0.76950	1.5e+03	-3.17	1386
aaaggg	aaaggg|cccttt	0.0004259850905	0.0005621304246	4	5.28	0.77198	1.5e+03	-3.17	1387
caaatc	caaatc|gatttg	0.0003194888179	0.0004334937846	3	4.07	0.77211	1.5e+03	-3.17	1388
gagcac	gagcac|gtgctc	0.0002129925453	0.0003003179946	2	2.82	0.77235	1.5e+03	-3.17	1389
gtcgga	gtcgga|tccgac	0.0001064962726	0.0001576872096	1	1.48	0.77254	1.5e+03	-3.17	1390
acagtg	acagtg|cactgt	0.0004259850905	0.0005632600146	4	5.29	0.77331	1.5e+03	-3.17	1391
aggatc	aggatc|gatcct	0.0001064962726	0.0001583315016	1	1.49	0.77392	1.5e+03	-3.17	1392
gcaagc	gcaagc|gcttgc	0.0002129925453	0.0003013277946	2	2.83	0.77394	1.5e+03	-3.17	1393
tttaaa	tttaaa|tttaaa	0.0007454739084	0.0009378025023	7	8.81	0.77510	1.5e+03	-3.17	1394
gatagc	gatagc|gctatc	0.0002129925453	0.0003026623146	2	2.84	0.77602	1.5e+03	-3.17	1395
accaac	accaac|gttggt	0.0003194888179	0.0004366647546	3	4.10	0.77629	1.5e+03	-3.17	1396
agctga	agctga|tcagct	0.0002129925453	0.0003028434846	2	2.84	0.77630	1.5e+03	-3.17	1397
aataca	aataca|tgtatt	0.0007454739084	0.0009399391746	7	8.83	0.77704	1.5e+03	-3.17	1398
catatg	catatg|catatg	0.0002129925453	0.0003033322923	2	2.85	0.77706	1.5e+03	-3.17	1399
aaatgg	aaatgg|ccattt	0.0006389776358	0.0008175642846	6	7.68	0.77746	1.5e+03	-3.17	1400
gaaatc	gaaatc|gatttc	0.0004259850905	0.0005673566346	4	5.33	0.77805	1.5e+03	-3.17	1401
aattta	aattta|taaatt	0.0011714589989	0.0014236373346	11	13.37	0.77876	1.5e+03	-3.17	1402
cctgta	cctgta|tacagg	0.0003194888179	0.0004388348346	3	4.12	0.77911	1.5e+03	-3.17	1403
actggc	actggc|gccagt	0.0002129925453	0.0003049709946	2	2.86	0.77959	1.5e+03	-3.17	1404
ccctaa	ccctaa|ttaggg	0.0001064962726	0.0001611815136	1	1.51	0.77989	1.5e+03	-3.17	1405
agccta	agccta|taggct	0.0001064962726	0.0001612662576	1	1.51	0.78006	1.5e+03	-3.17	1406
attctg	attctg|cagaat	0.0003194888179	0.0004406128746	3	4.14	0.78140	1.5e+03	-3.17	1407
atacaa	atacaa|ttgtat	0.0008519701810	0.0010669175646	8	10.02	0.78157	1.5e+03	-3.17	1408
ttcaaa	ttcaaa|tttgaa	0.0011714589989	0.0014275795146	11	13.40	0.78166	1.5e+03	-3.17	1409
cacatc	cacatc|gatgtg	0.0005324813632	0.0006973921446	5	6.55	0.78180	1.5e+03	-3.17	1410
accagg	accagg|cctggt	0.0001064962726	0.0001621849776	1	1.52	0.78195	1.5e+03	-3.17	1411
agacag	agacag|ctgtct	0.0002129925453	0.0003067757646	2	2.88	0.78234	1.5e+03	-3.17	1412
atggtg	atggtg|caccat	0.0003194888179	0.0004415632746	3	4.15	0.78262	1.5e+03	-3.17	1413
agggca	agggca|tgccct	0.0001064962726	0.0001629167856	1	1.53	0.78345	1.5e+03	-3.17	1414
gaggta	gaggta|tacctc	0.0003194888179	0.0004436254446	3	4.17	0.78524	1.5e+03	-3.17	1415
atttaa	atttaa|ttaaat	0.0009584664537	0.0011936524146	9	11.21	0.78616	1.5e+03	-3.17	1416
taatga	taatga|tcatta	0.0007454739084	0.0009502480446	7	8.92	0.78623	1.5e+03	-3.17	1417
ctgatc	ctgatc|gatcag	0.0001064962726	0.0001647120516	1	1.55	0.78707	1.5e+03	-3.18	1418
aagtca	aagtca|tgactt	0.0007454739084	0.0009521191446	7	8.94	0.78787	1.5e+03	-3.18	1419
cacgag	cacgag|ctcgtg	0.0003194888179	0.0004470102546	3	4.20	0.78949	1.5e+03	-3.18	1420
gtccac	gtccac|gtggac	0.0002129925453	0.0003117841746	2	2.93	0.78983	1.5e+03	-3.18	1421
acactc	acactc|gagtgt	0.0002129925453	0.0003118965396	2	2.93	0.78999	1.5e+03	-3.18	1422
cgtctc	cgtctc|gagacg	0.0001064962726	0.0001661890326	1	1.56	0.79000	1.5e+03	-3.18	1423
tgacca	tgacca|tggtca	0.0003194888179	0.0004477458246	3	4.20	0.79040	1.5e+03	-3.18	1424
actcgc	actcgc|gcgagt	0.0002129925453	0.0003123732246	2	2.93	0.79069	1.5e+03	-3.18	1425
gggtga	gggtga|tcaccc	0.0002129925453	0.0003123752046	2	2.93	0.79070	1.5e+03	-3.18	1426
acgggg	acgggg|ccccgt	0.0001064962726	0.0001665482046	1	1.56	0.79071	1.5e+03	-3.18	1427
aacgcg	aacgcg|cgcgtt	0.0001064962726	0.0001666811616	1	1.57	0.79097	1.5e+03	-3.18	1428
acccag	acccag|ctgggt	0.0001064962726	0.0001671519066	1	1.57	0.79189	1.5e+03	-3.18	1429
gtcaga	gtcaga|tctgac	0.0002129925453	0.0003132295746	2	2.94	0.79195	1.5e+03	-3.18	1430
gaacgc	gaacgc|gcgttc	0.0001064962726	0.0001673835666	1	1.57	0.79234	1.5e+03	-3.18	1431
ggtcga	ggtcga|tcgacc	0.0001064962726	0.0001676888826	1	1.57	0.79294	1.5e+03	-3.18	1432
agagcg	agagcg|cgctct	0.0002129925453	0.0003141601746	2	2.95	0.79330	1.5e+03	-3.18	1433
tcctca	tcctca|tgagga	0.0003194888179	0.0004501634046	3	4.23	0.79338	1.5e+03	-3.18	1434
cctaac	cctaac|gttagg	0.0001064962726	0.0001679198496	1	1.58	0.79339	1.5e+03	-3.18	1435
ccgtac	ccgtac|gtacgg	0.0001064962726	0.0001680654786	1	1.58	0.79367	1.5e+03	-3.18	1436
ggtcca	ggtcca|tggacc	0.0001064962726	0.0001681141866	1	1.58	0.79376	1.5e+03	-3.18	1437
aatctg	aatctg|cagatt	0.0002129925453	0.0003149591046	2	2.96	0.79446	1.5e+03	-3.18	1438
ccttcg	ccttcg|cgaagg	0.0001064962726	0.0001685087016	1	1.58	0.79452	1.5e+03	-3.18	1439
agcttg	agcttg|caagct	0.0003194888179	0.0004518236346	3	4.24	0.79540	1.5e+03	-3.18	1440
agcaga	agcaga|tctgct	0.0002129925453	0.0003156392346	2	2.96	0.79543	1.5e+03	-3.18	1441
accata	accata|tatggt	0.0003194888179	0.0004532502246	3	4.26	0.79713	1.5e+03	-3.18	1442
cacgaa	cacgaa|ttcgtg	0.0003194888179	0.0004537056246	3	4.26	0.79768	1.5e+03	-3.18	1443
atgggc	atgggc|gcccat	0.0001064962726	0.0001703836626	1	1.60	0.79811	1.5e+03	-3.18	1444
tgccaa	tgccaa|ttggca	0.0004259850905	0.0005858122146	4	5.50	0.79847	1.5e+03	-3.18	1445
cataaa	cataaa|tttatg	0.0007454739084	0.0009651386346	7	9.06	0.79900	1.5e+03	-3.18	1446
cgtaga	cgtaga|tctacg	0.0002129925453	0.0003182864946	2	2.99	0.79921	1.5e+03	-3.18	1447
acaacg	acaacg|cgttgt	0.0002129925453	0.0003193329246	2	3.00	0.80068	1.5e+03	-3.18	1448
gcgtaa	gcgtaa|ttacgc	0.0002129925453	0.0003194944926	2	3.00	0.80091	1.5e+03	-3.18	1449
aaaaca	aaaaca|tgtttt	0.0012779552716	0.0015784733346	12	14.82	0.80337	1.5e+03	-3.18	1450
atttta	atttta|taaaat	0.0017039403621	0.0020546682846	16	19.29	0.80397	1.5e+03	-3.18	1451
agagtc	agagtc|gactct	0.0003194888179	0.0004592050746	3	4.31	0.80420	1.5e+03	-3.18	1452
gtctga	gtctga|tcagac	0.0001064962726	0.0001737263976	1	1.63	0.80435	1.5e+03	-3.18	1453
acccta	acccta|tagggt	0.0001064962726	0.0001740115176	1	1.63	0.80487	1.5e+03	-3.18	1454
gggcta	gggcta|tagccc	0.0001064962726	0.0001741387326	1	1.64	0.80511	1.5e+03	-3.19	1455
cgttga	cgttga|tcaacg	0.0002129925453	0.0003225246846	2	3.03	0.80512	1.5e+03	-3.19	1456
aacagc	aacagc|gctgtt	0.0003194888179	0.0004613385246	3	4.33	0.80669	1.5e+03	-3.19	1457
accacg	accacg|cgtggt	0.0003194888179	0.0004616870046	3	4.34	0.80709	1.5e+03	-3.19	1458
gcataa	gcataa|ttatgc	0.0003194888179	0.0004618513446	3	4.34	0.80728	1.5e+03	-3.19	1459
cactac	cactac|gtagtg	0.0002129925453	0.0003242274846	2	3.04	0.80745	1.5e+03	-3.19	1460
aaacgt	aaacgt|acgttt	0.0005324813632	0.0007251141246	5	6.81	0.80894	1.5e+03	-3.19	1461
gtgata	gtgata|tatcac	0.0007454739084	0.0009785679846	7	9.19	0.81001	1.5e+03	-3.19	1462
cgtgag	cgtgag|ctcacg	0.0002129925453	0.0003262411446	2	3.06	0.81017	1.5e+03	-3.19	1463
cacgca	cacgca|tgcgtg	0.0002129925453	0.0003264282546	2	3.07	0.81042	1.5e+03	-3.19	1464
cgcgta	cgcgta|tacgcg	0.0001064962726	0.0001773725676	1	1.67	0.81094	1.5e+03	-3.19	1465
ctgtgc	ctgtgc|gcacag	0.0003194888179	0.0004651678446	3	4.37	0.81108	1.5e+03	-3.19	1466
aagaat	aagaat|attctt	0.0008519701810	0.0011042890746	8	10.37	0.81137	1.5e+03	-3.19	1467
gtatga	gtatga|tcatac	0.0003194888179	0.0004654410846	3	4.37	0.81139	1.5e+03	-3.19	1468
cagtgg	cagtgg|ccactg	0.0002129925453	0.0003271658046	2	3.07	0.81141	1.5e+03	-3.19	1469
aacctc	aacctc|gaggtt	0.0003194888179	0.0004654727646	3	4.37	0.81143	1.5e+03	-3.19	1470
agaagg	agaagg|ccttct	0.0004259850905	0.0005988831846	4	5.62	0.81199	1.5e+03	-3.19	1471
cctccc	cctccc|gggagg	0.0001064962726	0.0001785588846	1	1.68	0.81303	1.5e+03	-3.19	1472
acagta	acagta|tactgt	0.0006389776358	0.0008569286646	6	8.05	0.81311	1.5e+03	-3.19	1473
atgtca	atgtca|tgacat	0.0005324813632	0.0007300433346	5	6.86	0.81348	1.5e+03	-3.19	1474
gcgaac	gcgaac|gttcgc	0.0001064962726	0.0001788173736	1	1.68	0.81349	1.5e+03	-3.19	1475
aggtag	aggtag|ctacct	0.0002129925453	0.0003292349046	2	3.09	0.81416	1.5e+03	-3.19	1476
gataac	gataac|gttatc	0.0003194888179	0.0004685585946	3	4.40	0.81490	1.5e+03	-3.19	1477
actctc	actctc|gagagt	0.0003194888179	0.0004687150146	3	4.40	0.81507	1.6e+03	-3.19	1478
aggaat	aggaat|attcct	0.0003194888179	0.0004691615046	3	4.41	0.81557	1.6e+03	-3.19	1479
cgtgta	cgtgta|tacacg	0.0003194888179	0.0004694139546	3	4.41	0.81585	1.6e+03	-3.19	1480
accagt	accagt|actggt	0.0002129925453	0.0003308416746	2	3.11	0.81627	1.6e+03	-3.19	1481
catttc	catttc|gaaatg	0.0008519701810	0.0011111497746	8	10.43	0.81649	1.6e+03	-3.19	1482
gaggcc	gaggcc|ggcctc	0.0001064962726	0.0001805511606	1	1.70	0.81650	1.6e+03	-3.19	1483
atccag	atccag|ctggat	0.0001064962726	0.0001810157676	1	1.70	0.81730	1.6e+03	-3.19	1484
cattcg	cattcg|cgaatg	0.0001064962726	0.0001811420916	1	1.70	0.81751	1.6e+03	-3.19	1485
ctgacc	ctgacc|ggtcag	0.0001064962726	0.0001812044616	1	1.70	0.81762	1.6e+03	-3.19	1486
aaatct	aaatct|agattt	0.0006389776358	0.0008625894846	6	8.10	0.81785	1.6e+03	-3.19	1487
agttca	agttca|tgaact	0.0005324813632	0.0007352071746	5	6.90	0.81813	1.6e+03	-3.19	1488
cgtacc	cgtacc|ggtacg	0.0001064962726	0.0001815514566	1	1.70	0.81821	1.6e+03	-3.19	1489
aaggca	aaggca|tgcctt	0.0002129925453	0.0003324118146	2	3.12	0.81831	1.6e+03	-3.19	1490
atccca	atccca|tgggat	0.0002129925453	0.0003324222096	2	3.12	0.81832	1.6e+03	-3.19	1491
aatggg	aatggg|cccatt	0.0002129925453	0.0003326543646	2	3.12	0.81862	1.6e+03	-3.19	1492
cccgca	cccgca|tgcggg	0.0001064962726	0.0001818818196	1	1.71	0.81878	1.6e+03	-3.19	1493
ggcgta	ggcgta|tacgcc	0.0001064962726	0.0001819196376	1	1.71	0.81884	1.6e+03	-3.19	1494
gccacc	gccacc|ggtggc	0.0002129925453	0.0003338532546	2	3.13	0.82016	1.6e+03	-3.19	1495
gcaata	gcaata|tattgc	0.0005324813632	0.0007384702146	5	6.93	0.82103	1.6e+03	-3.19	1496
cactga	cactga|tcagtg	0.0002129925453	0.0003349660146	2	3.15	0.82158	1.6e+03	-3.19	1497
ctgttc	ctgttc|gaacag	0.0003194888179	0.0004756638246	3	4.47	0.82268	1.6e+03	-3.19	1498
agtagg	agtagg|cctact	0.0001064962726	0.0001846318416	1	1.73	0.82340	1.6e+03	-3.19	1499
ggcgac	ggcgac|gtcgcc	0.0001064962726	0.0001846320396	1	1.73	0.82340	1.6e+03	-3.19	1500
catcga	catcga|tcgatg	0.0002129925453	0.0003372311346	2	3.17	0.82444	1.6e+03	-3.20	1501
atcgag	atcgag|ctcgat	0.0002129925453	0.0003373301346	2	3.17	0.82456	1.6e+03	-3.20	1502
cgtaca	cgtaca|tgtacg	0.0002129925453	0.0003375716946	2	3.17	0.82487	1.6e+03	-3.20	1503
gatggc	gatggc|gccatc	0.0002129925453	0.0003378558246	2	3.17	0.82522	1.6e+03	-3.20	1504
gcaaca	gcaaca|tgttgc	0.0003194888179	0.0004783853346	3	4.49	0.82559	1.6e+03	-3.20	1505
ctatga	ctatga|tcatag	0.0003194888179	0.0004784447346	3	4.49	0.82565	1.6e+03	-3.20	1506
atgcga	atgcga|tcgcat	0.0002129925453	0.0003385151646	2	3.18	0.82604	1.6e+03	-3.20	1507
atctcg	atctcg|cgagat	0.0002129925453	0.0003387992946	2	3.18	0.82640	1.6e+03	-3.20	1508
agggga	agggga|tcccct	0.0001064962726	0.0001865192766	1	1.75	0.82650	1.6e+03	-3.20	1509
tataaa	tataaa|tttata	0.0026624068158	0.0031577856846	25	29.65	0.82780	1.6e+03	-3.20	1510
cttaga	cttaga|tctaag	0.0003194888179	0.0004807524246	3	4.51	0.82809	1.6e+03	-3.20	1511
gacaac	gacaac|gttgtc	0.0002129925453	0.0003403466646	2	3.20	0.82831	1.6e+03	-3.20	1512
ggtcta	ggtcta|tagacc	0.0001064962726	0.0001881890106	1	1.77	0.82920	1.6e+03	-3.20	1513
acctgg	acctgg|ccaggt	0.0001064962726	0.0001881926736	1	1.77	0.82921	1.6e+03	-3.20	1514
cttaca	cttaca|tgtaag	0.0004259850905	0.0006168209946	4	5.79	0.82933	1.6e+03	-3.20	1515
ctatag	ctatag|ctatag	0.0002129925453	0.0003416740023	2	3.21	0.82993	1.6e+03	-3.20	1516
ggatca	ggatca|tgatcc	0.0001064962726	0.0001889166606	1	1.77	0.83036	1.6e+03	-3.20	1517
cgaagc	cgaagc|gcttcg	0.0001064962726	0.0001891840596	1	1.78	0.83079	1.6e+03	-3.20	1518
agccct	agccct|agggct	0.0001064962726	0.0001893186006	1	1.78	0.83100	1.6e+03	-3.20	1519
cgtaaa	cgtaaa|tttacg	0.0005324813632	0.0007507155246	5	7.05	0.83155	1.6e+03	-3.20	1520
agcgtc	agcgtc|gacgct	0.0001064962726	0.0001898788416	1	1.78	0.83189	1.6e+03	-3.20	1521
gttaac	gttaac|gttaac	0.0001064962726	0.0001900426323	1	1.78	0.83215	1.6e+03	-3.20	1522
atgcgg	atgcgg|ccgcat	0.0001064962726	0.0001908002346	1	1.79	0.83334	1.6e+03	-3.20	1523
acgacc	acgacc|ggtcgt	0.0001064962726	0.0001915166976	1	1.80	0.83446	1.6e+03	-3.20	1524
cacggc	cacggc|gccgtg	0.0001064962726	0.0001919112126	1	1.80	0.83507	1.6e+03	-3.20	1525
ggacca	ggacca|tggtcc	0.0001064962726	0.0001923119646	1	1.81	0.83569	1.6e+03	-3.20	1526
aggtcg	aggtcg|cgacct	0.0001064962726	0.0001931627706	1	1.81	0.83699	1.6e+03	-3.20	1527
ataccc	ataccc|gggtat	0.0002129925453	0.0003476330646	2	3.26	0.83705	1.6e+03	-3.20	1528
gagatc	gagatc|gatctc	0.0001064962726	0.0001936830156	1	1.82	0.83779	1.6e+03	-3.20	1529
ccagca	ccagca|tgctgg	0.0001064962726	0.0001943025576	1	1.82	0.83873	1.6e+03	-3.20	1530
ctacac	ctacac|gtgtag	0.0002129925453	0.0003492239946	2	3.28	0.83890	1.6e+03	-3.20	1531
acgctg	acgctg|cagcgt	0.0001064962726	0.0001952246436	1	1.83	0.84012	1.6e+03	-3.20	1532
gtcaac	gtcaac|gttgac	0.0003194888179	0.0004929116046	3	4.63	0.84043	1.6e+03	-3.20	1533
aatcag	aatcag|ctgatt	0.0002129925453	0.0003505931646	2	3.29	0.84048	1.6e+03	-3.20	1534
ctggga	ctggga|tcccag	0.0001064962726	0.0001955714406	1	1.84	0.84064	1.6e+03	-3.20	1535
tagaga	tagaga|tctcta	0.0005324813632	0.0007626984846	5	7.16	0.84136	1.6e+03	-3.20	1536
atcgcc	atcgcc|ggcgat	0.0001064962726	0.0001962975066	1	1.84	0.84172	1.6e+03	-3.20	1537
aagtct	aagtct|agactt	0.0003194888179	0.0004949519946	3	4.65	0.84242	1.6e+03	-3.20	1538
atgctg	atgctg|cagcat	0.0002129925453	0.0003523385346	2	3.31	0.84248	1.6e+03	-3.20	1539
cctctc	cctctc|gagagg	0.0002129925453	0.0003523494246	2	3.31	0.84249	1.6e+03	-3.20	1540
cagcag	cagcag|ctgctg	0.0001064962726	0.0001968221076	1	1.85	0.84250	1.6e+03	-3.20	1541
gggata	gggata|tatccc	0.0002129925453	0.0003523652646	2	3.31	0.84251	1.6e+03	-3.20	1542
cgacac	cgacac|gtgtcg	0.0001064962726	0.0001969321956	1	1.85	0.84266	1.6e+03	-3.20	1543
gggcaa	gggcaa|ttgccc	0.0001064962726	0.0001969677366	1	1.85	0.84272	1.6e+03	-3.20	1544
ctgaca	ctgaca|tgtcag	0.0002129925453	0.0003526434546	2	3.31	0.84282	1.6e+03	-3.20	1545
atagtg	atagtg|cactat	0.0004259850905	0.0006320541246	4	5.93	0.84299	1.6e+03	-3.21	1546
attcgc	attcgc|gcgaat	0.0001064962726	0.0001971568266	1	1.85	0.84300	1.6e+03	-3.21	1547
atgaaa	atgaaa|tttcat	0.0014909478168	0.0018879354546	14	17.73	0.84325	1.6e+03	-3.21	1548
gaggca	gaggca|tgcctc	0.0001064962726	0.0001974823386	1	1.85	0.84348	1.6e+03	-3.21	1549
cttaac	cttaac|gttaag	0.0002129925453	0.0003532582446	2	3.32	0.84352	1.6e+03	-3.21	1550
aagccg	aagccg|cggctt	0.0001064962726	0.0001980066426	1	1.86	0.84424	1.6e+03	-3.21	1551
ctgcgc	ctgcgc|gcgcag	0.0001064962726	0.0001980377286	1	1.86	0.84429	1.6e+03	-3.21	1552
catgag	catgag|ctcatg	0.0002129925453	0.0003539839146	2	3.32	0.84434	1.6e+03	-3.21	1553
atcgcg	atcgcg|cgcgat	0.0001064962726	0.0001980867336	1	1.86	0.84436	1.6e+03	-3.21	1554
aagatt	aagatt|aatctt	0.0005324813632	0.0007668990546	5	7.20	0.84469	1.6e+03	-3.21	1555
aacaca	aacaca|tgtgtt	0.0005324813632	0.0007679227146	5	7.21	0.84549	1.6e+03	-3.21	1556
aacggt	aacggt|accgtt	0.0001064962726	0.0001988944746	1	1.87	0.84554	1.6e+03	-3.21	1557
agcgag	agcgag|ctcgct	0.0002129925453	0.0003558560046	2	3.34	0.84643	1.6e+03	-3.21	1558
ataatg	ataatg|cattat	0.0007454739084	0.0010285511046	7	9.66	0.84692	1.6e+03	-3.21	1559
actaca	actaca|tgtagt	0.0004259850905	0.0006373070646	4	5.98	0.84748	1.6e+03	-3.21	1560
agaata	agaata|tattct	0.0007454739084	0.0010302152946	7	9.67	0.84804	1.6e+03	-3.21	1561
acggga	acggga|tcccgt	0.0002129925453	0.0003576993846	2	3.36	0.84846	1.6e+03	-3.21	1562
ggacta	ggacta|tagtcc	0.0002129925453	0.0003578765946	2	3.36	0.84866	1.6e+03	-3.21	1563
taccca	taccca|tgggta	0.0002129925453	0.0003581052846	2	3.36	0.84891	1.6e+03	-3.21	1564
cgttcc	cgttcc|ggaacg	0.0001064962726	0.0002013196776	1	1.89	0.84902	1.6e+03	-3.21	1565
aaactt	aaactt|aagttt	0.0010649627263	0.0014090912646	10	13.23	0.84912	1.6e+03	-3.21	1566
ggacac	ggacac|gtgtcc	0.0001064962726	0.0002023077966	1	1.90	0.85041	1.6e+03	-3.21	1567
atactg	atactg|cagtat	0.0004259850905	0.0006409047246	4	6.02	0.85049	1.6e+03	-3.21	1568
aagcgc	aagcgc|gcgctt	0.0003194888179	0.0005036451846	3	4.73	0.85068	1.6e+03	-3.21	1569
gacacc	gacacc|ggtgtc	0.0001064962726	0.0002027198346	1	1.90	0.85099	1.6e+03	-3.21	1570
aatatt	aatatt|aatatt	0.0008519701810	0.0011621671923	8	10.91	0.85124	1.6e+03	-3.21	1571
gtagga	gtagga|tcctac	0.0001064962726	0.0002031627606	1	1.91	0.85161	1.6e+03	-3.21	1572
ccgtga	ccgtga|tcacgg	0.0002129925453	0.0003611435946	2	3.39	0.85220	1.6e+03	-3.21	1573
aaggta	aaggta|tacctt	0.0005324813632	0.0007767921246	5	7.29	0.85229	1.6e+03	-3.21	1574
gcttac	gcttac|gtaagc	0.0002129925453	0.0003620296446	2	3.40	0.85315	1.6e+03	-3.21	1575
caggga	caggga|tccctg	0.0001064962726	0.0002043852126	1	1.92	0.85330	1.6e+03	-3.21	1576
caatcg	caatcg|cgattg	0.0001064962726	0.0002044756986	1	1.92	0.85343	1.6e+03	-3.21	1577
tgcaca	tgcaca|tgtgca	0.0005324813632	0.0007810718946	5	7.33	0.85548	1.6e+03	-3.21	1578
caatgg	caatgg|ccattg	0.0002129925453	0.0003643244646	2	3.42	0.85557	1.6e+03	-3.21	1579
catgcc	catgcc|ggcatg	0.0001064962726	0.0002060544516	1	1.93	0.85558	1.6e+03	-3.21	1580
aaagct	aaagct|agcttt	0.0007454739084	0.0010423081446	7	9.79	0.85600	1.6e+03	-3.21	1581
gggtac	gggtac|gtaccc	0.0001064962726	0.0002064250086	1	1.94	0.85608	1.6e+03	-3.21	1582
ctctaa	ctctaa|ttagag	0.0004259850905	0.0006482534946	4	6.09	0.85649	1.6e+03	-3.21	1583
aaagtt	aaagtt|aacttt	0.0012779552716	0.0016706146146	12	15.69	0.85693	1.6e+03	-3.21	1584
cactcc	cactcc|ggagtg	0.0001064962726	0.0002073769926	1	1.95	0.85737	1.6e+03	-3.21	1585
gcccac	gcccac|gtgggc	0.0001064962726	0.0002083712496	1	1.96	0.85869	1.6e+03	-3.21	1586
tcaaaa	tcaaaa|ttttga	0.0013844515442	0.0017974771746	13	16.88	0.85897	1.6e+03	-3.21	1587
atgcag	atgcag|ctgcat	0.0002129925453	0.0003698753946	2	3.47	0.86129	1.6e+03	-3.21	1588
cacgcg	cacgcg|cgcgtg	0.0001064962726	0.0002110046496	1	1.98	0.86214	1.6e+03	-3.21	1589
cctaga	cctaga|tctagg	0.0001064962726	0.0002111466156	1	1.98	0.86233	1.6e+03	-3.21	1590
agtgaa	agtgaa|ttcact	0.0004259850905	0.0006571070646	4	6.17	0.86344	1.6e+03	-3.22	1591
agaatc	agaatc|gattct	0.0002129925453	0.0003720583446	2	3.49	0.86349	1.6e+03	-3.22	1592
ggtgta	ggtgta|tacacc	0.0002129925453	0.0003723672246	2	3.50	0.86379	1.6e+03	-3.22	1593
ctatac	ctatac|gtatag	0.0004259850905	0.0006580198446	4	6.18	0.86414	1.6e+03	-3.22	1594
aggata	aggata|tatcct	0.0003194888179	0.0005198891046	3	4.88	0.86510	1.6e+03	-3.22	1595
acgctc	acgctc|gagcgt	0.0001064962726	0.0002133833226	1	2.00	0.86519	1.6e+03	-3.22	1596
atgaca	atgaca|tgtcat	0.0005324813632	0.0007953902646	5	7.47	0.86574	1.6e+03	-3.22	1597
acctgc	acctgc|gcaggt	0.0001064962726	0.0002139306936	1	2.01	0.86588	1.6e+03	-3.22	1598
aacatt	aacatt|aatgtt	0.0007454739084	0.0010584590046	7	9.94	0.86610	1.6e+03	-3.22	1599
cagtta	cagtta|taactg	0.0004259850905	0.0006607225446	4	6.20	0.86619	1.6e+03	-3.22	1600
ggcgaa	ggcgaa|ttcgcc	0.0001064962726	0.0002142808566	1	2.01	0.86632	1.6e+03	-3.22	1601
tactga	tactga|tcagta	0.0003194888179	0.0005229610746	3	4.91	0.86768	1.7e+03	-3.22	1602
tagaca	tagaca|tgtcta	0.0002129925453	0.0003771132846	2	3.54	0.86844	1.7e+03	-3.22	1603
cccacc	cccacc|ggtggg	0.0001064962726	0.0002160347406	1	2.03	0.86850	1.7e+03	-3.22	1604
acataa	acataa|ttatgt	0.0005324813632	0.0007994334246	5	7.51	0.86853	1.7e+03	-3.22	1605
catcca	catcca|tggatg	0.0002129925453	0.0003772607946	2	3.54	0.86858	1.7e+03	-3.22	1606
cgaaag	cgaaag|ctttcg	0.0002129925453	0.0003774647346	2	3.54	0.86878	1.7e+03	-3.22	1607
agtcca	agtcca|tggact	0.0002129925453	0.0003787695546	2	3.56	0.87003	1.7e+03	-3.22	1608
agcgct	agcgct|agcgct	0.0001064962726	0.0002174012823	1	2.04	0.87018	1.7e+03	-3.22	1609
agtcga	agtcga|tcgact	0.0002129925453	0.0003791299146	2	3.56	0.87037	1.7e+03	-3.22	1610
gcgtta	gcgtta|taacgc	0.0001064962726	0.0002177143746	1	2.04	0.87056	1.7e+03	-3.22	1611
atttcg	atttcg|cgaaat	0.0003194888179	0.0005267171346	3	4.95	0.87078	1.7e+03	-3.22	1612
cgcacg	cgcacg|cgtgcg	0.0001064962726	0.0002179352436	1	2.05	0.87083	1.7e+03	-3.22	1613
agggag	agggag|ctccct	0.0001064962726	0.0002185228086	1	2.05	0.87154	1.7e+03	-3.22	1614
caacag	caacag|ctgttg	0.0003194888179	0.0005282823246	3	4.96	0.87206	1.7e+03	-3.22	1615
atgtga	atgtga|tcacat	0.0006389776358	0.0009404420946	6	8.83	0.87376	1.7e+03	-3.22	1616
aaggct	aaggct|agcctt	0.0002129925453	0.0003846293646	2	3.61	0.87550	1.7e+03	-3.22	1617
ctccta	ctccta|taggag	0.0001064962726	0.0002221124496	1	2.09	0.87580	1.7e+03	-3.22	1618
cttgcc	cttgcc|ggcaag	0.0001064962726	0.0002224815216	1	2.09	0.87623	1.7e+03	-3.22	1619
gactga	gactga|tcagtc	0.0002129925453	0.0003857371746	2	3.62	0.87651	1.7e+03	-3.22	1620
aactgg	aactgg|ccagtt	0.0002129925453	0.0003867053946	2	3.63	0.87739	1.7e+03	-3.22	1621
aatagt	aatagt|actatt	0.0006389776358	0.0009472572546	6	8.89	0.87788	1.7e+03	-3.22	1622
ataccg	ataccg|cggtat	0.0001064962726	0.0002258191086	1	2.12	0.88005	1.7e+03	-3.22	1623
tctcca	tctcca|tggaga	0.0002129925453	0.0003897971646	2	3.66	0.88015	1.7e+03	-3.22	1624
tcgcca	tcgcca|tggcga	0.0002129925453	0.0003917413266	2	3.68	0.88186	1.7e+03	-3.22	1625
ctattc	ctattc|gaatag	0.0002129925453	0.0003922365246	2	3.68	0.88229	1.7e+03	-3.22	1626
caataa	caataa|ttattg	0.0006389776358	0.0009550346946	6	8.97	0.88246	1.7e+03	-3.22	1627
aacatc	aacatc|gatgtt	0.0004259850905	0.0006846241146	4	6.43	0.88323	1.7e+03	-3.23	1628
atgcaa	atgcaa|ttgcat	0.0005324813632	0.0008225509146	5	7.72	0.88352	1.7e+03	-3.23	1629
cctgca	cctgca|tgcagg	0.0001064962726	0.0002297478246	1	2.16	0.88440	1.7e+03	-3.23	1630
aattac	aattac|gtaatt	0.0005324813632	0.0008239933446	5	7.74	0.88441	1.7e+03	-3.23	1631
ctgata	ctgata|tatcag	0.0003194888179	0.0005443480446	3	5.11	0.88449	1.7e+03	-3.23	1632
acggta	acggta|taccgt	0.0001064962726	0.0002308201926	1	2.17	0.88555	1.7e+03	-3.23	1633
acttgc	acttgc|gcaagt	0.0002129925453	0.0003978032946	2	3.74	0.88704	1.7e+03	-3.23	1634
aagtcc	aagtcc|ggactt	0.0002129925453	0.0003999248646	2	3.76	0.88881	1.7e+03	-3.23	1635
ctgctc	ctgctc|gagcag	0.0001064962726	0.0002347771236	1	2.20	0.88973	1.7e+03	-3.23	1636
actttc	actttc|gaaagt	0.0006389776358	0.0009694213746	6	9.10	0.89053	1.7e+03	-3.23	1637
cagagc	cagagc|gctctg	0.0001064962726	0.0002358446406	1	2.21	0.89083	1.7e+03	-3.23	1638
gcttaa	gcttaa|ttaagc	0.0002129925453	0.0004025533146	2	3.78	0.89095	1.7e+03	-3.23	1639
attata	attata|tataat	0.0015974440895	0.0021180688746	15	19.89	0.89100	1.7e+03	-3.23	1640
aatggt	aatggt|accatt	0.0003194888179	0.0005540233146	3	5.20	0.89145	1.7e+03	-3.23	1641
aatccc	aatccc|gggatt	0.0001064962726	0.0002364969516	1	2.22	0.89150	1.7e+03	-3.23	1642
gttcta	gttcta|tagaac	0.0004259850905	0.0006976337046	4	6.55	0.89168	1.7e+03	-3.23	1643
agcgca	agcgca|tgcgct	0.0002129925453	0.0004042343346	2	3.80	0.89231	1.7e+03	-3.23	1644
ccccaa	ccccaa|ttgggg	0.0001064962726	0.0002375925846	1	2.23	0.89261	1.7e+03	-3.23	1645
aaaccc	aaaccc|gggttt	0.0002129925453	0.0004053253146	2	3.81	0.89318	1.7e+03	-3.23	1646
attttc	attttc|gaaaat	0.0014909478168	0.0020007796146	14	18.79	0.89351	1.7e+03	-3.23	1647
cagcgc	cagcgc|gcgctg	0.0001064962726	0.0002386204026	1	2.24	0.89364	1.7e+03	-3.23	1648
aaccgt	aaccgt|acggtt	0.0001064962726	0.0002386924746	1	2.24	0.89371	1.7e+03	-3.23	1649
aaatat	aaatat|atattt	0.0029818956337	0.0036997710846	28	34.74	0.89402	1.7e+03	-3.23	1650
aaatcg	aaatcg|cgattt	0.0002129925453	0.0004064222346	2	3.82	0.89405	1.7e+03	-3.23	1651
attaat	attaat|attaat	0.0002129925453	0.0004065536523	2	3.82	0.89415	1.7e+03	-3.23	1652
aactat	aactat|atagtt	0.0008519701810	0.0012410357946	8	11.65	0.89437	1.7e+03	-3.23	1653
gttcca	gttcca|tggaac	0.0002129925453	0.0004068528846	2	3.82	0.89439	1.7e+03	-3.23	1654
cgtgga	cgtgga|tccacg	0.0002129925453	0.0004070706846	2	3.82	0.89456	1.7e+03	-3.23	1655
ctttcc	ctttcc|ggaaag	0.0004259850905	0.0007035232146	4	6.61	0.89533	1.7e+03	-3.23	1656
caacaa	caacaa|ttgttg	0.0004259850905	0.0007036925046	4	6.61	0.89543	1.7e+03	-3.23	1657
catata	catata|tatatg	0.0014909478168	0.0020065146846	14	18.84	0.89567	1.7e+03	-3.23	1658
ggaaga	ggaaga|tcttcc	0.0003194888179	0.0005602088346	3	5.26	0.89570	1.7e+03	-3.23	1659
caaccc	caaccc|gggttg	0.0001064962726	0.0002410142226	1	2.26	0.89600	1.7e+03	-3.23	1660
aagagc	aagagc|gctctt	0.0003194888179	0.0005611265646	3	5.27	0.89632	1.7e+03	-3.23	1661
cgccaa	cgccaa|ttggcg	0.0002129925453	0.0004122711546	2	3.87	0.89857	1.7e+03	-3.23	1662
atgagg	atgagg|cctcat	0.0002129925453	0.0004127948646	2	3.88	0.89896	1.7e+03	-3.23	1663
attagg	attagg|cctaat	0.0001064962726	0.0002443998246	1	2.29	0.89926	1.7e+03	-3.23	1664
ctgtca	ctgtca|tgacag	0.0003194888179	0.0005661983346	3	5.32	0.89967	1.7e+03	-3.23	1665
catacc	catacc|ggtatg	0.0001064962726	0.0002448690846	1	2.30	0.89970	1.7e+03	-3.23	1666
acctct	acctct|agaggt	0.0003194888179	0.0005666517546	3	5.32	0.89996	1.7e+03	-3.23	1667
aagggt	aagggt|accctt	0.0002129925453	0.0004142828346	2	3.89	0.90008	1.7e+03	-3.23	1668
acacct	acacct|aggtgt	0.0002129925453	0.0004149748446	2	3.90	0.90059	1.7e+03	-3.23	1669
atacga	atacga|tcgtat	0.0002129925453	0.0004166865546	2	3.91	0.90186	1.7e+03	-3.23	1670
aggaac	aggaac|gttcct	0.0002129925453	0.0004167598146	2	3.91	0.90191	1.7e+03	-3.23	1671
acaagg	acaagg|ccttgt	0.0002129925453	0.0004167697146	2	3.91	0.90192	1.7e+03	-3.23	1672
atagtc	atagtc|gactat	0.0004259850905	0.0007151507646	4	6.72	0.90221	1.7e+03	-3.23	1673
acaggc	acaggc|gcctgt	0.0001064962726	0.0002479057116	1	2.33	0.90252	1.7e+03	-3.23	1674
caacta	caacta|tagttg	0.0004259850905	0.0007165169646	4	6.73	0.90299	1.7e+03	-3.23	1675
aagggc	aagggc|gccctt	0.0001064962726	0.0002484685266	1	2.33	0.90304	1.7e+03	-3.23	1676
acagaa	acagaa|ttctgt	0.0006389776358	0.0009952564146	6	9.35	0.90385	1.7e+03	-3.24	1677
actgct	actgct|agcagt	0.0002129925453	0.0004198555446	2	3.94	0.90416	1.7e+03	-3.24	1678
agtggc	agtggc|gccact	0.0002129925453	0.0004200208746	2	3.94	0.90428	1.7e+03	-3.24	1679
ggatga	ggatga|tcatcc	0.0002129925453	0.0004213227246	2	3.96	0.90521	1.7e+03	-3.24	1680
aattat	aattat|ataatt	0.0009584664537	0.0013973746146	9	13.12	0.90582	1.7e+03	-3.24	1681
cgggaa	cgggaa|ttcccg	0.0002129925453	0.0004222741146	2	3.97	0.90588	1.7e+03	-3.24	1682
cgatta	cgatta|taatcg	0.0001064962726	0.0002518880856	1	2.37	0.90610	1.7e+03	-3.24	1683
agtgac	agtgac|gtcact	0.0002129925453	0.0004229265246	2	3.97	0.90634	1.7e+03	-3.24	1684
gaaagc	gaaagc|gctttc	0.0004259850905	0.0007245191346	4	6.80	0.90746	1.7e+03	-3.24	1685
acgaat	acgaat|attcgt	0.0001064962726	0.0002538215556	1	2.38	0.90779	1.7e+03	-3.24	1686
cgtggc	cgtggc|gccacg	0.0002129925453	0.0004253342046	2	3.99	0.90802	1.7e+03	-3.24	1687
gaactc	gaactc|gagttc	0.0002129925453	0.0004254638946	2	4.00	0.90811	1.7e+03	-3.24	1688
aatcta	aatcta|tagatt	0.0003194888179	0.0005798534046	3	5.44	0.90822	1.7e+03	-3.24	1689
aggagg	aggagg|cctcct	0.0001064962726	0.0002546928546	1	2.39	0.90854	1.7e+03	-3.24	1690
atggac	atggac|gtccat	0.0001064962726	0.0002554479276	1	2.40	0.90919	1.7e+03	-3.24	1691
cccgta	cccgta|tacggg	0.0001064962726	0.0002563174446	1	2.41	0.90993	1.7e+03	-3.24	1692
agggtg	agggtg|caccct	0.0001064962726	0.0002565005946	1	2.41	0.91008	1.7e+03	-3.24	1693
atcagg	atcagg|cctgat	0.0001064962726	0.0002567677956	1	2.41	0.91031	1.7e+03	-3.24	1694
aagact	aagact|agtctt	0.0003194888179	0.0005840034846	3	5.48	0.91068	1.7e+03	-3.24	1695
gcagaa	gcagaa|ttctgc	0.0002129925453	0.0004294229046	2	4.03	0.91080	1.7e+03	-3.24	1696
aacgtt	aacgtt|aacgtt	0.0001064962726	0.0002579130723	1	2.42	0.91127	1.7e+03	-3.24	1697
atatca	atatca|tgatat	0.0012779552716	0.0018036141846	12	16.94	0.91322	1.7e+03	-3.24	1698
agcgcg	agcgcg|cgcgct	0.0001064962726	0.0002604972246	1	2.45	0.91339	1.7e+03	-3.24	1699
aaggac	aaggac|gtcctt	0.0002129925453	0.0004335195246	2	4.07	0.91352	1.7e+03	-3.24	1700
cccgga	cccgga|tccggg	0.0001064962726	0.0002613961446	1	2.45	0.91412	1.7e+03	-3.24	1701
ccacgc	ccacgc|gcgtgg	0.0001064962726	0.0002614743546	1	2.46	0.91419	1.7e+03	-3.24	1702
ccgaaa	ccgaaa|tttcgg	0.0001064962726	0.0002619832146	1	2.46	0.91459	1.7e+03	-3.24	1703
ctggta	ctggta|taccag	0.0001064962726	0.0002631910146	1	2.47	0.91556	1.7e+03	-3.24	1704
acgtca	acgtca|tgacgt	0.0003194888179	0.0005930481246	3	5.57	0.91584	1.7e+03	-3.24	1705
caatta	caatta|taattg	0.0004259850905	0.0007406274246	4	6.95	0.91591	1.7e+03	-3.24	1706
agtact	agtact|agtact	0.0001064962726	0.0002637897123	1	2.48	0.91603	1.7e+03	-3.24	1707
acttta	acttta|taaagt	0.0006389776358	0.0010224428046	6	9.60	0.91633	1.7e+03	-3.24	1708
cagtcc	cagtcc|ggactg	0.0001064962726	0.0002648621346	1	2.49	0.91687	1.7e+03	-3.24	1709
agacac	agacac|gtgtct	0.0001064962726	0.0002655859236	1	2.49	0.91744	1.7e+03	-3.24	1710
aactcg	aactcg|cgagtt	0.0002129925453	0.0004408722546	2	4.14	0.91819	1.7e+03	-3.24	1711
ccatta	ccatta|taatgg	0.0002129925453	0.0004412741946	2	4.14	0.91844	1.7e+03	-3.24	1712
agtatc	agtatc|gatact	0.0002129925453	0.0004417127646	2	4.15	0.91871	1.7e+03	-3.24	1713
gacgac	gacgac|gtcgtc	0.0001064962726	0.0002673064446	1	2.51	0.91876	1.7e+03	-3.24	1714
aaactc	aaactc|gagttt	0.0004259850905	0.0007464011046	4	7.01	0.91876	1.7e+03	-3.24	1715
acgact	acgact|agtcgt	0.0002129925453	0.0004420958946	2	4.15	0.91894	1.7e+03	-3.24	1716
gcttga	gcttga|tcaagc	0.0002129925453	0.0004421117346	2	4.15	0.91895	1.7e+03	-3.24	1717
tcacaa	tcacaa|ttgtga	0.0006389776358	0.0010291520346	6	9.66	0.91918	1.7e+03	-3.24	1718
atcgtc	atcgtc|gacgat	0.0001064962726	0.0002688079776	1	2.52	0.91990	1.7e+03	-3.24	1719
attccg	attccg|cggaat	0.0001064962726	0.0002701610106	1	2.54	0.92091	1.8e+03	-3.24	1720
gtgtga	gtgtga|tcacac	0.0003194888179	0.0006035490546	3	5.67	0.92149	1.8e+03	-3.24	1721
atatcc	atatcc|ggatat	0.0004259850905	0.0007533617946	4	7.07	0.92209	1.8e+03	-3.24	1722
aatacg	aatacg|cgtatt	0.0002129925453	0.0004479626346	2	4.21	0.92247	1.8e+03	-3.24	1723
gggcca	gggcca|tggccc	0.0001064962726	0.0002725516626	1	2.56	0.92267	1.8e+03	-3.24	1724
aattgc	aattgc|gcaatt	0.0003194888179	0.0006059636646	3	5.69	0.92274	1.8e+03	-3.24	1725
attgca	attgca|tgcaat	0.0004259850905	0.0007548438246	4	7.09	0.92278	1.8e+03	-3.24	1726
tcaaca	tcaaca|tgttga	0.0004259850905	0.0007557625446	4	7.10	0.92321	1.8e+03	-3.24	1727
acacta	acacta|tagtgt	0.0002129925453	0.0004503336846	2	4.23	0.92385	1.8e+03	-3.24	1728
aacaac	aacaac|gttgtt	0.0003194888179	0.0006082951146	3	5.71	0.92393	1.8e+03	-3.24	1729
cccacg	cccacg|cgtggg	0.0001064962726	0.0002745641346	1	2.58	0.92411	1.8e+03	-3.24	1730
cacaag	cacaag|cttgtg	0.0003194888179	0.0006099929646	3	5.73	0.92479	1.8e+03	-3.25	1731
attaga	attaga|tctaat	0.0004259850905	0.0007600046946	4	7.14	0.92515	1.8e+03	-3.25	1732
ggagga	ggagga|tcctcc	0.0001064962726	0.0002771067516	1	2.60	0.92590	1.8e+03	-3.25	1733
ctgcca	ctgcca|tggcag	0.0001064962726	0.0002776061076	1	2.61	0.92625	1.8e+03	-3.25	1734
caagga	caagga|tccttg	0.0002129925453	0.0004552074546	2	4.27	0.92662	1.8e+03	-3.25	1735
ctaagc	ctaagc|gcttag	0.0001064962726	0.0002785845246	1	2.62	0.92693	1.8e+03	-3.25	1736
tgtaaa	tgtaaa|tttaca	0.0010649627263	0.0015885020346	10	14.92	0.92754	1.8e+03	-3.25	1737
atatta	atatta|taatat	0.0014909478168	0.0021053919246	14	19.77	0.92758	1.8e+03	-3.25	1738
caatgc	caatgc|gcattg	0.0002129925453	0.0004589179746	2	4.31	0.92867	1.8e+03	-3.25	1739
gctata	gctata|tatagc	0.0005324813632	0.0009128527746	5	8.57	0.92884	1.8e+03	-3.25	1740
ccaagg	ccaagg|ccttgg	0.0001064962726	0.0002816475846	1	2.64	0.92900	1.8e+03	-3.25	1741
acttcc	acttcc|ggaagt	0.0002129925453	0.0004602841746	2	4.32	0.92941	1.8e+03	-3.25	1742
ctaata	ctaata|tattag	0.0004259850905	0.0007719975546	4	7.25	0.93040	1.8e+03	-3.25	1743
gtcgaa	gtcgaa|ttcgac	0.0001064962726	0.0002840720946	1	2.67	0.93060	1.8e+03	-3.25	1744
gaagaa	gaagaa|ttcttc	0.0007454739084	0.0011990251446	7	11.26	0.93153	1.8e+03	-3.25	1745
agatac	agatac|gtatct	0.0002129925453	0.0004643332746	2	4.36	0.93156	1.8e+03	-3.25	1746
aaatgc	aaatgc|gcattt	0.0005324813632	0.0009202629246	5	8.64	0.93175	1.8e+03	-3.25	1747
aaaacg	aaaacg|cgtttt	0.0004259850905	0.0007754140446	4	7.28	0.93184	1.8e+03	-3.25	1748
acgcta	acgcta|tagcgt	0.0001064962726	0.0002862698946	1	2.69	0.93201	1.8e+03	-3.25	1749
gtgaca	gtgaca|tgtcac	0.0003194888179	0.0006254132046	3	5.87	0.93216	1.8e+03	-3.25	1750
atacgc	atacgc|gcgtat	0.0001064962726	0.0002877521226	1	2.70	0.93295	1.8e+03	-3.25	1751
acgtct	acgtct|agacgt	0.0001064962726	0.0002883396876	1	2.71	0.93332	1.8e+03	-3.25	1752
aagctt	aagctt|aagctt	0.0002129925453	0.0004677544623	2	4.39	0.93332	1.8e+03	-3.25	1753
aactta	aactta|taagtt	0.0004259850905	0.0007811164446	4	7.33	0.93417	1.8e+03	-3.25	1754
cttcac	cttcac|gtgaag	0.0003194888179	0.0006307938546	3	5.92	0.93457	1.8e+03	-3.25	1755
cagaaa	cagaaa|tttctg	0.0006389776358	0.0010715834346	6	10.06	0.93533	1.8e+03	-3.25	1756
ggcata	ggcata|tatgcc	0.0001064962726	0.0002921146566	1	2.74	0.93565	1.8e+03	-3.25	1757
caaaga	caaaga|tctttg	0.0005324813632	0.0009308816646	5	8.74	0.93573	1.8e+03	-3.25	1758
agtttc	agtttc|gaaact	0.0005324813632	0.0009331566846	5	8.76	0.93655	1.8e+03	-3.25	1759
acgcat	acgcat|atgcgt	0.0001064962726	0.0002950967346	1	2.77	0.93742	1.8e+03	-3.25	1760
gaaaca	gaaaca|tgtttc	0.0004259850905	0.0007895245146	4	7.41	0.93748	1.8e+03	-3.25	1761
gctgta	gctgta|tacagc	0.0002129925453	0.0004762142646	2	4.47	0.93751	1.8e+03	-3.25	1762
ggctta	ggctta|taagcc	0.0001064962726	0.0002963619546	1	2.78	0.93816	1.8e+03	-3.25	1763
cacaga	cacaga|tctgtg	0.0003194888179	0.0006397107846	3	6.01	0.93839	1.8e+03	-3.25	1764
atattc	atattc|gaatat	0.0007454739084	0.0012200636346	7	11.46	0.93841	1.8e+03	-3.25	1765
ggagta	ggagta|tactcc	0.0001064962726	0.0002973034446	1	2.79	0.93871	1.8e+03	-3.25	1766
acccgt	acccgt|acgggt	0.0001064962726	0.0002994388746	1	2.81	0.93992	1.8e+03	-3.25	1767
agggta	agggta|taccct	0.0001064962726	0.0002997249846	1	2.81	0.94009	1.8e+03	-3.25	1768
caaaaa	caaaaa|tttttg	0.0018104366347	0.0025382733846	17	23.83	0.94025	1.8e+03	-3.25	1769
gacata	gacata|tatgtc	0.0002129925453	0.0004822285146	2	4.53	0.94033	1.8e+03	-3.25	1770
tctgaa	tctgaa|ttcaga	0.0002129925453	0.0004826779746	2	4.53	0.94054	1.8e+03	-3.25	1771
agattc	agattc|gaatct	0.0001064962726	0.0003018366546	1	2.83	0.94126	1.8e+03	-3.25	1772
acatgt	acatgt|acatgt	0.0001064962726	0.0003020551923	1	2.84	0.94138	1.8e+03	-3.25	1773
aatgga	aatgga|tccatt	0.0002129925453	0.0004858865646	2	4.56	0.94199	1.8e+03	-3.25	1774
gtgcga	gtgcga|tcgcac	0.0001064962726	0.0003038112096	1	2.85	0.94234	1.8e+03	-3.25	1775
agcacc	agcacc|ggtgct	0.0001064962726	0.0003043977846	1	2.86	0.94266	1.8e+03	-3.25	1776
caagcg	caagcg|cgcttg	0.0001064962726	0.0003052432446	1	2.87	0.94311	1.8e+03	-3.25	1777
acatgg	acatgg|ccatgt	0.0001064962726	0.0003062134446	1	2.88	0.94363	1.8e+03	-3.25	1778
ccagta	ccagta|tactgg	0.0001064962726	0.0003063421446	1	2.88	0.94370	1.8e+03	-3.25	1779
ctttca	ctttca|tgaaag	0.0006389776358	0.0010977293346	6	10.31	0.94379	1.8e+03	-3.25	1780
cttgta	cttgta|tacaag	0.0003194888179	0.0006533985246	3	6.14	0.94386	1.8e+03	-3.25	1781
tcctaa	tcctaa|ttagga	0.0001064962726	0.0003093448146	1	2.90	0.94526	1.8e+03	-3.25	1782
actgtc	actgtc|gacagt	0.0002129925453	0.0004941599946	2	4.64	0.94558	1.8e+03	-3.25	1783
gcacga	gcacga|tcgtgc	0.0001064962726	0.0003106387446	1	2.92	0.94592	1.8e+03	-3.26	1784
atcttc	atcttc|gaagat	0.0003194888179	0.0006615729546	3	6.21	0.94691	1.8e+03	-3.26	1785
cacggg	cacggg|cccgtg	0.0001064962726	0.0003126167646	1	2.94	0.94692	1.8e+03	-3.26	1786
ccgtaa	ccgtaa|ttacgg	0.0001064962726	0.0003135057846	1	2.94	0.94736	1.8e+03	-3.26	1787
gctaaa	gctaaa|tttagc	0.0003194888179	0.0006632816946	3	6.23	0.94753	1.8e+03	-3.26	1788
caaacc	caaacc|ggtttg	0.0001064962726	0.0003151194846	1	2.96	0.94815	1.8e+03	-3.26	1789
catgtc	catgtc|gacatg	0.0001064962726	0.0003153065946	1	2.96	0.94824	1.8e+03	-3.26	1790
gagtac	gagtac|gtactc	0.0001064962726	0.0003154204446	1	2.96	0.94830	1.8e+03	-3.26	1791
catctc	catctc|gagatg	0.0002129925453	0.0005022334446	2	4.72	0.94887	1.8e+03	-3.26	1792
agctac	agctac|gtagct	0.0001064962726	0.0003177974346	1	2.98	0.94944	1.8e+03	-3.26	1793
acacgt	acacgt|acgtgt	0.0003194888179	0.0006690137946	3	6.28	0.94955	1.8e+03	-3.26	1794
cccaaa	cccaaa|tttggg	0.0002129925453	0.0005040995946	2	4.73	0.94961	1.8e+03	-3.26	1795
aatgca	aatgca|tgcatt	0.0004259850905	0.0008243952846	4	7.74	0.94964	1.8e+03	-3.26	1796
tccaca	tccaca|tgtgga	0.0003194888179	0.0006695414646	3	6.29	0.94973	1.8e+03	-3.26	1797
cagcac	cagcac|gtgctg	0.0001064962726	0.0003191551206	1	3.00	0.95008	1.8e+03	-3.26	1798
attcag	attcag|ctgaat	0.0001064962726	0.0003214376646	1	3.02	0.95114	1.8e+03	-3.26	1799
atgacg	atgacg|cgtcat	0.0002129925453	0.0005095509306	2	4.78	0.95170	1.8e+03	-3.26	1800
cgttaa	cgttaa|ttaacg	0.0001064962726	0.0003228880146	1	3.03	0.95180	1.8e+03	-3.26	1801
attaag	attaag|cttaat	0.0002129925453	0.0005100009846	2	4.79	0.95187	1.8e+03	-3.26	1802
acagcg	acagcg|cgctgt	0.0001064962726	0.0003250986846	1	3.05	0.95279	1.8e+03	-3.26	1803
gaacta	gaacta|tagttc	0.0003194888179	0.0006791543646	3	6.38	0.95295	1.8e+03	-3.26	1804
cactag	cactag|ctagtg	0.0001064962726	0.0003264431046	1	3.07	0.95338	1.8e+03	-3.26	1805
cgagag	cgagag|ctctcg	0.0001064962726	0.0003270578946	1	3.07	0.95365	1.8e+03	-3.26	1806
ctcgca	ctcgca|tgcgag	0.0001064962726	0.0003305723946	1	3.10	0.95516	1.8e+03	-3.26	1807
ccatga	ccatga|tcatgg	0.0001064962726	0.0003315406146	1	3.11	0.95556	1.8e+03	-3.26	1808
atatgg	atatgg|ccatat	0.0003194888179	0.0006925995546	3	6.50	0.95712	1.8e+03	-3.26	1809
agtaat	agtaat|attact	0.0004259850905	0.0008499273846	4	7.98	0.95713	1.8e+03	-3.26	1810
actgat	actgat|atcagt	0.0002129925453	0.0005257994046	2	4.94	0.95744	1.8e+03	-3.26	1811
gaatta	gaatta|taattc	0.0002129925453	0.0005263795446	2	4.94	0.95763	1.8e+03	-3.26	1812
cagtaa	cagtaa|ttactg	0.0003194888179	0.0006952577046	3	6.53	0.95791	1.8e+03	-3.26	1813
cttgca	cttgca|tgcaag	0.0002129925453	0.0005278348446	2	4.96	0.95811	1.8e+03	-3.26	1814
acgtta	acgtta|taacgt	0.0002129925453	0.0005281813446	2	4.96	0.95823	1.8e+03	-3.26	1815
gtaaaa	gtaaaa|ttttac	0.0011714589989	0.0018479810346	11	17.35	0.95855	1.8e+03	-3.26	1816
aagtag	aagtag|ctactt	0.0002129925453	0.0005295416046	2	4.97	0.95867	1.8e+03	-3.26	1817
aaacct	aaacct|aggttt	0.0003194888179	0.0006978950646	3	6.55	0.95867	1.8e+03	-3.26	1818
aaaatc	aaaatc|gatttt	0.0006389776358	0.0011603973246	6	10.90	0.96017	1.8e+03	-3.26	1819
aacgtc	aacgtc|gacgtt	0.0001064962726	0.0003439635306	1	3.23	0.96046	1.8e+03	-3.26	1820
ctcaca	ctcaca|tgtgag	0.0002129925453	0.0005358647346	2	5.03	0.96066	1.8e+03	-3.26	1821
acagca	acagca|tgctgt	0.0002129925453	0.0005380407546	2	5.05	0.96133	1.8e+03	-3.26	1822
tgctaa	tgctaa|ttagca	0.0002129925453	0.0005412562746	2	5.08	0.96229	1.8e+03	-3.26	1823
tcttca	tcttca|tgaaga	0.0004259850905	0.0008715341346	4	8.18	0.96264	1.8e+03	-3.26	1824
tgagaa	tgagaa|ttctca	0.0004259850905	0.0008722489146	4	8.19	0.96282	1.8e+03	-3.26	1825
aggtac	aggtac|gtacct	0.0001064962726	0.0003510723246	1	3.30	0.96301	1.8e+03	-3.26	1826
gcgaga	gcgaga|tctcgc	0.0001064962726	0.0003564272346	1	3.35	0.96483	1.8e+03	-3.26	1827
gatgta	gatgta|tacatc	0.0003194888179	0.0007210274046	3	6.77	0.96484	1.8e+03	-3.26	1828
tagtga	tagtga|tcacta	0.0002129925453	0.0005506117746	2	5.17	0.96497	1.8e+03	-3.26	1829
gtcaca	gtcaca|tgtgac	0.0003194888179	0.0007226618946	3	6.79	0.96524	1.8e+03	-3.26	1830
aatgac	aatgac|gtcatt	0.0004259850905	0.0008832814746	4	8.29	0.96536	1.8e+03	-3.26	1831
attgcg	attgcg|cgcaat	0.0001064962726	0.0003582725946	1	3.36	0.96543	1.8e+03	-3.26	1832
cacatg	cacatg|catgtg	0.0002129925453	0.0005528303646	2	5.19	0.96557	1.8e+03	-3.26	1833
ctcgta	ctcgta|tacgag	0.0001064962726	0.0003594794046	1	3.38	0.96582	1.8e+03	-3.26	1834
aaacat	aaacat|atgttt	0.0005324813632	0.0010393044846	5	9.76	0.96591	1.8e+03	-3.26	1835
gcacca	gcacca|tggtgc	0.0001064962726	0.0003620326146	1	3.40	0.96663	1.8e+03	-3.26	1836
ccaaag	ccaaag|ctttgg	0.0002129925453	0.0005619314346	2	5.28	0.96796	1.8e+03	-3.27	1837
tggcca	tggcca|tggcca	0.0001064962726	0.0003708394023	1	3.48	0.96928	1.8e+03	-3.27	1838
ataagg	ataagg|ccttat	0.0002129925453	0.0005673695046	2	5.33	0.96931	1.8e+03	-3.27	1839
atatga	atatga|tcatat	0.0008519701810	0.0014962340346	8	14.05	0.96932	1.8e+03	-3.27	1840
cacgac	cacgac|gtcgtg	0.0001064962726	0.0003822206946	1	3.59	0.97239	1.8e+03	-3.27	1841
cgacta	cgacta|tagtcg	0.0001064962726	0.0003849016146	1	3.61	0.97308	1.9e+03	-3.27	1842
attggc	attggc|gccaat	0.0002129925453	0.0005872407846	2	5.51	0.97378	1.9e+03	-3.27	1843
acatct	acatct|agatgt	0.0003194888179	0.0007682880246	3	7.21	0.97484	1.9e+03	-3.27	1844
ggtcaa	ggtcaa|ttgacc	0.0001064962726	0.0003941244546	1	3.70	0.97531	1.9e+03	-3.27	1845
ctcaac	ctcaac|gttgag	0.0001064962726	0.0003944110596	1	3.70	0.97538	1.9e+03	-3.27	1846
actcga	actcga|tcgagt	0.0001064962726	0.0003948214146	1	3.71	0.97548	1.9e+03	-3.27	1847
atcatg	atcatg|catgat	0.0002129925453	0.0005973051246	2	5.61	0.97580	1.9e+03	-3.27	1848
tcgaaa	tcgaaa|tttcga	0.0002129925453	0.0005974239246	2	5.61	0.97582	1.9e+03	-3.27	1849
atcaag	atcaag|cttgat	0.0002129925453	0.0006020561346	2	5.65	0.97670	1.9e+03	-3.27	1850
gcgcaa	gcgcaa|ttgcgc	0.0001064962726	0.0004003416546	1	3.76	0.97672	1.9e+03	-3.27	1851
caagtc	caagtc|gacttg	0.0001064962726	0.0004021840446	1	3.78	0.97711	1.9e+03	-3.27	1852
atgacc	atgacc|ggtcat	0.0001064962726	0.0004043818446	1	3.80	0.97758	1.9e+03	-3.27	1853
tatgaa	tatgaa|ttcata	0.0005324813632	0.0011140752246	5	10.46	0.97841	1.9e+03	-3.27	1854
agtcag	agtcag|ctgact	0.0001064962726	0.0004113049146	1	3.86	0.97899	1.9e+03	-3.27	1855
atatag	atatag|ctatat	0.0012779552716	0.0021358779846	12	20.06	0.97930	1.9e+03	-3.27	1856
gatata	gatata|tatatc	0.0012779552716	0.0021361116246	12	20.06	0.97932	1.9e+03	-3.27	1857
aactct	aactct|agagtt	0.0003194888179	0.0007964663946	3	7.48	0.97945	1.9e+03	-3.27	1858
atgttc	atgttc|gaacat	0.0002129925453	0.0006197632746	2	5.82	0.97978	1.9e+03	-3.27	1859
actgac	actgac|gtcagt	0.0001064962726	0.0004168271346	1	3.91	0.98006	1.9e+03	-3.27	1860
agattg	agattg|caatct	0.0001064962726	0.0004184942946	1	3.93	0.98037	1.9e+03	-3.27	1861
ctaaag	ctaaag|ctttag	0.0002129925453	0.0006254488446	2	5.87	0.98068	1.9e+03	-3.27	1862
acaata	acaata|tattgt	0.0005324813632	0.0011351137146	5	10.66	0.98106	1.9e+03	-3.27	1863
acgtgg	acgtgg|ccacgt	0.0002129925453	0.0006347726646	2	5.96	0.98208	1.9e+03	-3.27	1864
acgttg	acgttg|caacgt	0.0001064962726	0.0004396208946	1	4.13	0.98390	1.9e+03	-3.27	1865
aattcc	aattcc|ggaatt	0.0001064962726	0.0004404356646	1	4.14	0.98402	1.9e+03	-3.27	1866
gtggga	gtggga|tcccac	0.0001064962726	0.0004431185646	1	4.16	0.98442	1.9e+03	-3.27	1867
actaga	actaga|tctagt	0.0002129925453	0.0006534480246	2	6.14	0.98458	1.9e+03	-3.27	1868
cctttc	cctttc|gaaagg	0.0002129925453	0.0006556418646	2	6.16	0.98485	1.9e+03	-3.27	1869
tctcaa	tctcaa|ttgaga	0.0002129925453	0.0006560507346	2	6.16	0.98490	1.9e+03	-3.27	1870
agcaca	agcaca|tgtgct	0.0002129925453	0.0006562467546	2	6.16	0.98493	1.9e+03	-3.27	1871
taggaa	taggaa|ttccta	0.0001064962726	0.0004474607046	1	4.20	0.98504	1.9e+03	-3.27	1872
gcatga	gcatga|tcatgc	0.0001064962726	0.0004485279246	1	4.21	0.98519	1.9e+03	-3.27	1873
ttgcaa	ttgcaa|ttgcaa	0.0001064962726	0.0004485821223	1	4.21	0.98520	1.9e+03	-3.27	1874
tcttaa	tcttaa|ttaaga	0.0002129925453	0.0006624075246	2	6.22	0.98566	1.9e+03	-3.27	1875
atataa	atataa|ttatat	0.0024494142705	0.0036961476846	23	34.71	0.98570	1.9e+03	-3.27	1876
ggccac	ggccac|gtggcc	0.0001064962726	0.0004574052546	1	4.30	0.98638	1.9e+03	-3.27	1877
aagagt	aagagt|actctt	0.0003194888179	0.0008533171446	3	8.01	0.98641	1.9e+03	-3.27	1878
ctgtaa	ctgtaa|ttacag	0.0003194888179	0.0008556743346	3	8.03	0.98664	1.9e+03	-3.27	1879
gtgaga	gtgaga|tctcac	0.0001064962726	0.0004634551446	1	4.35	0.98713	1.9e+03	-3.27	1880
gaagtc	gaagtc|gacttc	0.0001064962726	0.0004636313646	1	4.35	0.98715	1.9e+03	-3.27	1881
gtgcta	gtgcta|tagcac	0.0001064962726	0.0004639263846	1	4.36	0.98719	1.9e+03	-3.27	1882
aaaacc	aaaacc|ggtttt	0.0003194888179	0.0008671830846	3	8.14	0.98773	1.9e+03	-3.27	1883
attacg	attacg|cgtaat	0.0001064962726	0.0004720909146	1	4.43	0.98813	1.9e+03	-3.27	1884
cacgtc	cacgtc|gacgtg	0.0001064962726	0.0004732987146	1	4.44	0.98827	1.9e+03	-3.27	1885
aagtgg	aagtgg|ccactt	0.0001064962726	0.0004832798946	1	4.54	0.98932	1.9e+03	-3.27	1886
catcaa	catcaa|ttgatg	0.0003194888179	0.0008983670946	3	8.44	0.99025	1.9e+03	-3.27	1887
acaatg	acaatg|cattgt	0.0002129925453	0.0007168614846	2	6.73	0.99079	1.9e+03	-3.28	1888
gttata	gttata|tataac	0.0006389776358	0.0014179814646	6	13.31	0.99130	1.9e+03	-3.28	1889
gttgca	gttgca|tgcaac	0.0001064962726	0.0005260181946	1	4.94	0.99285	1.9e+03	-3.28	1890
agttat	agttat|ataact	0.0004259850905	0.0011227466346	4	10.54	0.99310	1.9e+03	-3.28	1891
caatac	caatac|gtattg	0.0001064962726	0.0005299910646	1	4.98	0.99311	1.9e+03	-3.28	1892
gcatca	gcatca|tgatgc	0.0001064962726	0.0005347806846	1	5.02	0.99341	1.9e+03	-3.28	1893
accttc	accttc|gaaggt	0.0001064962726	0.0005350113546	1	5.02	0.99343	1.9e+03	-3.28	1894
taaaaa	taaaaa|ttttta	0.0021299254526	0.0035010384846	20	32.87	0.99376	1.9e+03	-3.28	1895
aatata	aatata|tatatt	0.0024494142705	0.0039099579846	23	36.71	0.99385	1.9e+03	-3.28	1896
aaaaac	aaaaac|gttttt	0.0010649627263	0.0021223189446	10	19.93	0.99483	1.9e+03	-3.28	1897
ctataa	ctataa|ttatag	0.0004259850905	0.0011854304646	4	11.13	0.99556	1.9e+03	-3.28	1898
aacgtg	aacgtg|cacgtt	0.0001064962726	0.0006668397546	1	6.26	0.99810	1.9e+03	-3.28	1899
cacgta	cacgta|tacgtg	0.0001064962726	0.0006970486146	1	6.55	0.99857	1.9e+03	-3.28	1900
cacaaa	cacaaa|tttgtg	0.0003194888179	0.0011601141846	3	10.89	0.99868	1.9e+03	-3.28	1901
actata	actata|tatagt	0.0005324813632	0.0015892039446	5	14.92	0.99910	1.9e+03	-3.28	1902
; Host name	rsat
; Job started	2026-05-14.063726
; Job done	2026-05-14.063726
; Seconds	0.36
;	user	0.36
;	system	0.02
;	cuser	0.11
;	csystem	0.01
