; oligo-analysis  -v 1 -sort -i $RSAT/public_html/tmp/www-data/2026/05/14/tmp_sequence_2026-05-14.063611_n6HfI7.fasta -format fasta -return freq,occ,proba,rank -2str -quick_if_possible -seqtype dna -markov 2 -pseudo 0.01 -l 6 -o $RSAT/public_html/tmp/www-data/2026/05/14/oligo-analysis_2026-05-14.063611_xv1F4h_6nt.tab
; Citation: van Helden et al. (1998). J Mol Biol 281(5), 827-42. 
; Program version              	1.169
; Quick counting mode          
; Detection of over-represented words (right-tail test)
; Oligomer length              	6
; Input file                   	$RSAT/public_html/tmp/www-data/2026/05/14/tmp_sequence_2026-05-14.063611_n6HfI7.fasta
; Input format                 	fasta
; Output file                  	$RSAT/public_html/tmp/www-data/2026/05/14/oligo-analysis_2026-05-14.063611_xv1F4h_6nt.tab
; Count overlapping matches
; Counted on both strands
; 	grouped by pairs of reverse complements
; Background model             	Markov
; Background estimation method 	Markov model estimated from input sequences
; Markov chain order           	2
; Pseudo-frequency             	0.01
; Pseudo-frequency per oligo   	4.80769230769231e-06
; Sequence type                	DNA
; Nb of sequences              	19
; Sum of sequence lengths      	9485
; discarded residues           	NA (quick mode)	 (other letters than ACGT)
; discarded occurrences        	NA (quick mode)	 (contain discarded residues)
; nb possible positions        	NA (quick mode)
; total oligo occurrences      	9390
; alphabet size                	4
; nb possible oligomers        	2080
; oligomers tested for significance	1902
; Sequences:
;	MET8	463
;	MET32	547
;	MET18	568
;	MET30	177
;	MET28	489
;	MET6	687
;	MET10	338
;	MET13	380
;	MET3	800
;	MET14	800
;	MET1	702
;	MET17	800
;	MET2	481
;	MET4	800
;	MET22	215
;	MET7	250
;	MET31	161
;	MET12	384
;	MET16	443
;
; column headers
;	1	seq            	oligomer sequence
;	2	id             	oligomer identifier
;	3	obs_freq       	observed relative frequency
;	4	exp_freq       	expected relative frequency
;	5	occ            	observed occurrences
;	6	exp_occ        	expected occurrences
;	7	occ_P          	occurrence probability (binomial)
;	8	occ_E          	E-value for occurrences (binomial)
;	9	occ_sig        	occurrence significance (binomial)
;	10	rank           	rank
#seq	id	obs_freq	exp_freq	occ	exp_occ	occ_P	occ_E	occ_sig	rank
tatata	tatata|tatata	0.0068157614483	0.0019815208923	64	18.61	1.5e-16	2.8e-13	12.55	1
atatat	atatat|atatat	0.0063897763578	0.0020452867923	60	19.21	7.4e-14	1.4e-10	9.85	2
cacgtg	cacgtg|cacgtg	0.0018104366347	0.0002116731423	17	1.99	5e-11	9.6e-08	7.02	3
acgtga	acgtga|tcacgt	0.0023429179979	0.0005281912446	22	4.96	1.6e-08	3.0e-05	4.53	4
ccacag	ccacag|ctgtgg	0.0014909478168	0.0003144809346	14	2.95	2.8e-06	5.4e-03	2.27	5
gccaca	gccaca|tgtggc	0.0015974440895	0.0003936235146	15	3.70	8e-06	1.5e-02	1.82	6
actgtg	actgtg|cacagt	0.0017039403621	0.0005123264946	16	4.81	4.4e-05	8.4e-02	1.08	7
aactgt	aactgt|acagtt	0.0018104366347	0.0006112443246	17	5.74	0.00010	2.0e-01	0.70	8
cgtgca	cgtgca|tgcacg	0.0011714589989	0.0003234820146	11	3.04	0.00032	6.1e-01	0.21	9
cgcgca	cgcgca|tgcgcg	0.0008519701810	0.0001880492226	8	1.77	0.00050	9.4e-01	0.03	10
tagtca	tagtca|tgacta	0.0014909478168	0.0005407880046	14	5.08	0.00080	1.5e+00	-0.18	11
agtcat	agtcat|atgact	0.0015974440895	0.0006044351046	15	5.68	0.00081	1.5e+00	-0.19	12
gaaaaa	gaaaaa|tttttc	0.0047923322684	0.0029195619846	45	27.41	0.00124	2.4e+00	-0.37	13
cgtgac	cgtgac|gtcacg	0.0009584664537	0.0002785082946	9	2.62	0.00154	2.9e+00	-0.47	14
catcta	catcta|tagatg	0.0012779552716	0.0004574636646	12	4.30	0.00165	3.1e+00	-0.50	15
agatgc	agatgc|gcatct	0.0010649627263	0.0003407852346	10	3.20	0.00176	3.3e+00	-0.52	16
agccac	agccac|gtggct	0.0010649627263	0.0003431929146	10	3.22	0.00185	3.5e+00	-0.55	17
cgatga	cgatga|tcatcg	0.0008519701810	0.0002500635156	8	2.35	0.00293	5.6e+00	-0.75	18
gactaa	gactaa|ttagtc	0.0011714589989	0.0004307811846	11	4.05	0.00308	5.9e+00	-0.77	19
accggg	accggg|cccggt	0.0005324813632	0.0001077276516	5	1.01	0.00384	7.3e+00	-0.86	20
actaac	actaac|gttagt	0.0010649627263	0.0003881963346	10	3.65	0.00437	8.3e+00	-0.92	21
cgggac	cgggac|gtcccg	0.0005324813632	0.0001132948176	5	1.06	0.00473	9.0e+00	-0.95	22
acgtgc	acgtgc|gcacgt	0.0009584664537	0.0003328602846	9	3.13	0.00492	9.4e+00	-0.97	23
cttgac	cttgac|gtcaag	0.0010649627263	0.0004054995546	10	3.81	0.00587	1.1e+01	-1.05	24
caactg	caactg|cagttg	0.0009584664537	0.0003430325346	9	3.22	0.00594	1.1e+01	-1.05	25
ctcgtc	ctcgtc|gacgag	0.0007454739084	0.0002248952406	7	2.11	0.00603	1.1e+01	-1.06	26
cacaca	cacaca|tgtgtg	0.0017039403621	0.0008242160946	16	7.74	0.00611	1.2e+01	-1.07	27
agaaaa	agaaaa|ttttct	0.0037273695421	0.0023420553846	35	21.99	0.00627	1.2e+01	-1.08	28
atgcgc	atgcgc|gcgcat	0.0008519701810	0.0002862530646	8	2.69	0.00645	1.2e+01	-1.09	29
tcgaga	tcgaga|tctcga	0.0008519701810	0.0002901160446	8	2.72	0.00696	1.3e+01	-1.12	30
catcac	catcac|gtgatg	0.0010649627263	0.0004246105146	10	3.99	0.00795	1.5e+01	-1.18	31
aagaaa	aagaaa|tttctt	0.0033013844515	0.0020487777846	31	19.24	0.00816	1.6e+01	-1.19	32
aattgt	aattgt|acaatt	0.0017039403621	0.0008545407846	16	8.02	0.00842	1.6e+01	-1.20	33
aaaagg	aaaagg|cctttt	0.0021299254526	0.0011624456346	20	10.92	0.00856	1.6e+01	-1.21	34
agtaaa	agtaaa|tttact	0.0020234291800	0.0010903954146	19	10.24	0.00901	1.7e+01	-1.23	35
tcatga	tcatga|tcatga	0.0008519701810	0.0003103929723	8	2.91	0.01015	1.9e+01	-1.29	36
ggaaaa	ggaaaa|ttttcc	0.0022364217252	0.0012641384346	21	11.87	0.01035	2.0e+01	-1.29	37
ctcgag	ctcgag|ctcgag	0.0004259850905	0.0000893074593	4	0.84	0.01064	2.0e+01	-1.31	38
atcacg	atcacg|cgtgat	0.0009584664537	0.0003876399546	9	3.64	0.01244	2.4e+01	-1.37	39
aaggcc	aaggcc|ggcctt	0.0007454739084	0.0002649146046	7	2.49	0.01383	2.6e+01	-1.42	40
aatgta	aatgta|tacatt	0.0017039403621	0.0009058703046	16	8.51	0.01388	2.6e+01	-1.42	41
cttttc	cttttc|gaaaag	0.0022364217252	0.0013040888946	21	12.25	0.01412	2.7e+01	-1.43	42
catgaa	catgaa|ttcatg	0.0014909478168	0.0007589939046	14	7.13	0.01468	2.8e+01	-1.45	43
cctcga	cctcga|tcgagg	0.0005324813632	0.0001514166486	5	1.42	0.01512	2.9e+01	-1.46	44
gactca	gactca|tgagtc	0.0009584664537	0.0004015850946	9	3.77	0.01527	2.9e+01	-1.46	45
gttgta	gttgta|tacaac	0.0011714589989	0.0005421551946	11	5.09	0.01539	2.9e+01	-1.47	46
aaaaaa	aaaaaa|tttttt	0.0083067092652	0.0064197564846	78	60.28	0.01574	3.0e+01	-1.48	47
ggtcac	ggtcac|gtgacc	0.0007454739084	0.0002738626206	7	2.57	0.01627	3.1e+01	-1.49	48
cattga	cattga|tcaatg	0.0011714589989	0.0005471210346	11	5.14	0.01634	3.1e+01	-1.49	49
atcatc	atcatc|gatgat	0.0009584664537	0.0004070439546	9	3.82	0.01650	3.1e+01	-1.50	50
aatgat	aatgat|atcatt	0.0014909478168	0.0007728103446	14	7.26	0.01683	3.2e+01	-1.51	51
gcttcc	gcttcc|ggaagc	0.0007454739084	0.0002766837246	7	2.60	0.01709	3.3e+01	-1.51	52
attggg	attggg|cccaat	0.0008519701810	0.0003428939346	8	3.22	0.01737	3.3e+01	-1.52	53
ctagta	ctagta|tactag	0.0009584664537	0.0004109574246	9	3.86	0.01743	3.3e+01	-1.52	54
atgtaa	atgtaa|ttacat	0.0015974440895	0.0008574315846	15	8.05	0.01810	3.4e+01	-1.54	55
aaagga	aaagga|tccttt	0.0015974440895	0.0008629646946	15	8.10	0.01903	3.6e+01	-1.56	56
acccgg	acccgg|ccgggt	0.0004259850905	0.0001082500746	4	1.02	0.02001	3.8e+01	-1.58	57
attaca	attaca|tgtaat	0.0013844515442	0.0007183167846	13	6.74	0.02083	4.0e+01	-1.60	58
cgacag	cgacag|ctgtcg	0.0005324813632	0.0001689561816	5	1.59	0.02293	4.4e+01	-1.64	59
aagaga	aagaga|tctctt	0.0015974440895	0.0008851941546	15	8.31	0.02313	4.4e+01	-1.64	60
gatgac	gatgac|gtcatc	0.0007454739084	0.0002953254246	7	2.77	0.02331	4.4e+01	-1.65	61
aggtga	aggtga|tcacct	0.0009584664537	0.0004331472846	9	4.07	0.02341	4.5e+01	-1.65	62
agtcaa	agtcaa|ttgact	0.0012779552716	0.0006559467846	12	6.16	0.02389	4.5e+01	-1.66	63
cgggta	cgggta|tacccg	0.0005324813632	0.0001710590406	5	1.61	0.02402	4.6e+01	-1.66	64
aggaaa	aggaaa|tttcct	0.0015974440895	0.0008897689446	15	8.35	0.02405	4.6e+01	-1.66	65
agttta	agttta|taaact	0.0017039403621	0.0009763840446	16	9.17	0.02543	4.8e+01	-1.68	66
caagaa	caagaa|ttcttg	0.0015974440895	0.0008974275846	15	8.43	0.02565	4.9e+01	-1.69	67
aactaa	aactaa|ttagtt	0.0013844515442	0.0007424153646	13	6.97	0.02620	5.0e+01	-1.70	68
gccaac	gccaac|gttggc	0.0006389776358	0.0002429494746	6	2.28	0.02896	5.5e+01	-1.74	69
aggttg	aggttg|caacct	0.0007454739084	0.0003108585246	7	2.92	0.02957	5.6e+01	-1.75	70
gagtaa	gagtaa|ttactc	0.0010649627263	0.0005317641546	10	4.99	0.03155	6.0e+01	-1.78	71
actaag	actaag|cttagt	0.0009584664537	0.0004625780046	9	4.34	0.03341	6.4e+01	-1.80	72
ccggcc	ccggcc|ggccgg	0.0003194888179	0.0000741475446	3	0.70	0.03368	6.4e+01	-1.81	73
ccgcta	ccgcta|tagcgg	0.0005324813632	0.0001881202056	5	1.77	0.03402	6.5e+01	-1.81	74
aggaga	aggaga|tctcct	0.0008519701810	0.0003913772046	8	3.68	0.03406	6.5e+01	-1.81	75
actcag	actcag|ctgagt	0.0008519701810	0.0003946580646	8	3.71	0.03548	6.7e+01	-1.83	76
cccggc	cccggc|gccggg	0.0003194888179	0.0000763828656	3	0.72	0.03627	6.9e+01	-1.84	77
gagtca	gagtca|tgactc	0.0008519701810	0.0004006693446	8	3.76	0.03819	7.3e+01	-1.86	78
aaataa	aaataa|ttattt	0.0031948881789	0.0022446492846	30	21.08	0.03873	7.4e+01	-1.87	79
acaacc	acaacc|ggttgt	0.0007454739084	0.0003331612446	7	3.13	0.04037	7.7e+01	-1.89	80
gatgca	gatgca|tgcatc	0.0007454739084	0.0003334740846	7	3.13	0.04054	7.7e+01	-1.89	81
aaatga	aaatga|tcattt	0.0020234291800	0.0012927791346	19	12.14	0.04099	7.8e+01	-1.89	82
cggccc	cggccc|gggccg	0.0003194888179	0.0000811186296	3	0.76	0.04207	8.0e+01	-1.90	83
cgggcc	cgggcc|ggcccg	0.0003194888179	0.0000813010866	3	0.76	0.04230	8.0e+01	-1.91	84
aaactg	aaactg|cagttt	0.0013844515442	0.0007992997746	13	7.51	0.04280	8.1e+01	-1.91	85
agcggg	agcggg|cccgct	0.0004259850905	0.0001399468056	4	1.31	0.04450	8.5e+01	-1.93	86
acatgc	acatgc|gcatgt	0.0008519701810	0.0004137145746	8	3.88	0.04453	8.5e+01	-1.93	87
ctcaga	ctcaga|tctgag	0.0008519701810	0.0004149035646	8	3.90	0.04514	8.6e+01	-1.93	88
taataa	taataa|ttatta	0.0019169329073	0.0012257294046	18	11.51	0.04594	8.7e+01	-1.94	89
cgagaa	cgagaa|ttctcg	0.0008519701810	0.0004183547046	8	3.93	0.04695	8.9e+01	-1.95	90
cgtttc	cgtttc|gaaacg	0.0009584664537	0.0004941293046	9	4.64	0.04705	8.9e+01	-1.95	91
agttac	agttac|gtaact	0.0008519701810	0.0004206128946	8	3.95	0.04815	9.2e+01	-1.96	92
gagaaa	gagaaa|tttctc	0.0018104366347	0.0011513655546	17	10.81	0.04920	9.4e+01	-1.97	93
cgtcag	cgtcag|ctgacg	0.0005324813632	0.0002092243326	5	1.96	0.04950	9.4e+01	-1.97	94
acacac	acacac|gtgtgt	0.0012779552716	0.0007370069946	12	6.92	0.04977	9.5e+01	-1.98	95
acatca	acatca|tgatgt	0.0010649627263	0.0005782951446	10	5.43	0.05019	9.5e+01	-1.98	96
ataata	ataata|tattat	0.0025559105431	0.0017684335446	24	16.61	0.05139	9.8e+01	-1.99	97
agtcgc	agtcgc|gcgact	0.0005324813632	0.0002115775626	5	1.99	0.05144	9.8e+01	-1.99	98
ctttac	ctttac|gtaaag	0.0011714589989	0.0006654596946	11	6.25	0.05370	1.0e+02	-2.01	99
gggtaa	gggtaa|ttaccc	0.0006389776358	0.0002842770246	6	2.67	0.05428	1.0e+02	-2.01	100
cccaca	cccaca|tgtggg	0.0007454739084	0.0003571826046	7	3.35	0.05458	1.0e+02	-2.02	101
attaac	attaac|gttaat	0.0009584664537	0.0005093079846	9	4.78	0.05476	1.0e+02	-2.02	102
atgaag	atgaag|cttcat	0.0012779552716	0.0007519520346	12	7.06	0.05608	1.1e+02	-2.03	103
ctgtta	ctgtta|taacag	0.0008519701810	0.0004380923346	8	4.11	0.05815	1.1e+02	-2.04	104
attacc	attacc|ggtaat	0.0007454739084	0.0003629909346	7	3.41	0.05843	1.1e+02	-2.05	105
ccggta	ccggta|taccgg	0.0004259850905	0.0001549191696	4	1.45	0.06007	1.1e+02	-2.06	106
agagag	agagag|ctctct	0.0009584664537	0.0005193812346	9	4.88	0.06031	1.1e+02	-2.06	107
atagat	atagat|atctat	0.0014909478168	0.0009289026546	14	8.72	0.06063	1.2e+02	-2.06	108
aaaagc	aaaagc|gctttt	0.0020234291800	0.0013611782346	19	12.78	0.06139	1.2e+02	-2.07	109
agcgga	agcgga|tccgct	0.0005324813632	0.0002230280016	5	2.09	0.06153	1.2e+02	-2.07	110
actatc	actatc|gatagt	0.0009584664537	0.0005223650946	9	4.91	0.06202	1.2e+02	-2.07	111
actagt	actagt|actagt	0.0005324813632	0.0002272210923	5	2.13	0.06549	1.2e+02	-2.10	112
acgcca	acgcca|tggcgt	0.0006389776358	0.0003036087546	6	2.85	0.06961	1.3e+02	-2.12	113
ccggtc	ccggtc|gaccgg	0.0003194888179	0.0001008520026	3	0.95	0.07081	1.3e+02	-2.13	114
ccgtag	ccgtag|ctacgg	0.0004259850905	0.0001643019936	4	1.54	0.07111	1.4e+02	-2.13	115
tcgcaa	tcgcaa|ttgcga	0.0007454739084	0.0003828958746	7	3.60	0.07286	1.4e+02	-2.14	116
aagcca	aagcca|tggctt	0.0009584664537	0.0005409028446	9	5.08	0.07332	1.4e+02	-2.14	117
aaacta	aaacta|tagttt	0.0017039403621	0.0011319863046	16	10.63	0.07404	1.4e+02	-2.15	118
aggcgc	aggcgc|gcgcct	0.0004259850905	0.0001667460066	4	1.57	0.07415	1.4e+02	-2.15	119
agatga	agatga|tcatct	0.0009584664537	0.0005431739046	9	5.10	0.07479	1.4e+02	-2.15	120
gagagc	gagagc|gctctc	0.0006389776358	0.0003138614916	6	2.95	0.07865	1.5e+02	-2.17	121
caatga	caatga|tcattg	0.0009584664537	0.0005490832146	9	5.16	0.07869	1.5e+02	-2.18	122
cggtcc	cggtcc|ggaccg	0.0003194888179	0.0001057333956	3	0.99	0.07898	1.5e+02	-2.18	123
caattg	caattg|caattg	0.0005324813632	0.0002408900223	5	2.26	0.07934	1.5e+02	-2.18	124
agagga	agagga|tcctct	0.0007454739084	0.0003913772046	7	3.68	0.07959	1.5e+02	-2.18	125
cgtcaa	cgtcaa|ttgacg	0.0007454739084	0.0003922424646	7	3.68	0.08029	1.5e+02	-2.18	126
aacgac	aacgac|gtcgtt	0.0006389776358	0.0003157918926	6	2.97	0.08043	1.5e+02	-2.18	127
aagatg	aagatg|catctt	0.0010649627263	0.0006344212146	10	5.96	0.08095	1.5e+02	-2.19	128
gataga	gataga|tctatc	0.0009584664537	0.0005528036346	9	5.19	0.08121	1.5e+02	-2.19	129
ccgtgc	ccgtgc|gcacgg	0.0004259850905	0.0001733200026	4	1.63	0.08263	1.6e+02	-2.20	130
aacttc	aacttc|gaagtt	0.0011714589989	0.0007236251646	11	6.79	0.08452	1.6e+02	-2.21	131
tgtaca	tgtaca|tgtaca	0.0006389776358	0.0003207414423	6	3.01	0.08508	1.6e+02	-2.21	132
ccggga	ccggga|tcccgg	0.0003194888179	0.0001092600726	3	1.03	0.08513	1.6e+02	-2.21	133
aaatgt	aaatgt|acattt	0.0019169329073	0.0013370766846	18	12.56	0.08661	1.6e+02	-2.22	134
aacctg	aacctg|caggtt	0.0006389776358	0.0003228256446	6	3.03	0.08708	1.7e+02	-2.22	135
aaggga	aaggga|tccctt	0.0007454739084	0.0004006089546	7	3.76	0.08731	1.7e+02	-2.22	136
aatggc	aatggc|gccatt	0.0007454739084	0.0004011960246	7	3.77	0.08781	1.7e+02	-2.22	137
cgtaac	cgtaac|gttacg	0.0005324813632	0.0002488884846	5	2.34	0.08812	1.7e+02	-2.22	138
ctcctc	ctcctc|gaggag	0.0005324813632	0.0002498921466	5	2.35	0.08925	1.7e+02	-2.23	139
ccaaca	ccaaca|tgttgg	0.0007454739084	0.0004031116746	7	3.79	0.08947	1.7e+02	-2.23	140
ctatta	ctatta|taatag	0.0011714589989	0.0007316877246	11	6.87	0.08951	1.7e+02	-2.23	141
agatag	agatag|ctatct	0.0009584664537	0.0005655330546	9	5.31	0.09019	1.7e+02	-2.23	142
aagttc	aagttc|gaactt	0.0011714589989	0.0007329479946	11	6.88	0.09031	1.7e+02	-2.23	143
acattg	acattg|caatgt	0.0009584664537	0.0005667923346	9	5.32	0.09111	1.7e+02	-2.24	144
ggcgcc	ggcgcc|ggcgcc	0.0002129925453	0.0000538298193	2	0.51	0.09186	1.7e+02	-2.24	145
tctaga	tctaga|tctaga	0.0005324813632	0.0002523047223	5	2.37	0.09201	1.8e+02	-2.24	146
gcgaaa	gcgaaa|tttcgc	0.0009584664537	0.0005709830046	9	5.36	0.09420	1.8e+02	-2.25	147
cgagga	cgagga|tcctcg	0.0004259850905	0.0001821416946	4	1.71	0.09472	1.8e+02	-2.26	148
ctacta	ctacta|tagtag	0.0007454739084	0.0004110584046	7	3.86	0.09654	1.8e+02	-2.26	149
agttga	agttga|tcaact	0.0009584664537	0.0005741688246	9	5.39	0.09660	1.8e+02	-2.26	150
gttcga	gttcga|tcgaac	0.0005324813632	0.0002567273046	5	2.41	0.09719	1.8e+02	-2.27	151
agagaa	agagaa|ttctct	0.0013844515442	0.0009168751446	13	8.61	0.09758	1.9e+02	-2.27	152
gtagca	gtagca|tgctac	0.0006389776358	0.0003333948846	6	3.13	0.09762	1.9e+02	-2.27	153
acaggt	acaggt|acctgt	0.0006389776358	0.0003351293646	6	3.15	0.09941	1.9e+02	-2.28	154
ccggag	ccggag|ctccgg	0.0003194888179	0.0001173736176	3	1.10	0.10000	1.9e+02	-2.28	155
acgaca	acgaca|tgtcgt	0.0006389776358	0.0003363500346	6	3.16	0.10068	1.9e+02	-2.28	156
aagcgg	aagcgg|ccgctt	0.0005324813632	0.0002600081646	5	2.44	0.10112	1.9e+02	-2.28	157
catcgc	catcgc|gcgatg	0.0004259850905	0.0001866802506	4	1.75	0.10125	1.9e+02	-2.28	158
gcatcc	gcatcc|ggatgc	0.0004259850905	0.0001872952386	4	1.76	0.10215	1.9e+02	-2.29	159
ccatcc	ccatcc|ggatgg	0.0004259850905	0.0001876935156	4	1.76	0.10273	2.0e+02	-2.29	160
ctttta	ctttta|taaaag	0.0021299254526	0.0015533332746	20	14.59	0.10280	2.0e+02	-2.29	161
ggagaa	ggagaa|ttctcc	0.0008519701810	0.0004996148946	8	4.69	0.10313	2.0e+02	-2.29	162
acgtat	acgtat|atacgt	0.0011714589989	0.0007539627246	11	7.08	0.10419	2.0e+02	-2.30	163
ccatag	ccatag|ctatgg	0.0007454739084	0.0004203713346	7	3.95	0.10521	2.0e+02	-2.30	164
aatttg	aatttg|caaatt	0.0015974440895	0.0011090955246	15	10.41	0.10671	2.0e+02	-2.31	165
acagag	acagag|ctctgt	0.0007454739084	0.0004233799446	7	3.98	0.10810	2.1e+02	-2.31	166
gggacc	gggacc|ggtccc	0.0003194888179	0.0001220017686	3	1.15	0.10892	2.1e+02	-2.32	167
aaggcg	aaggcg|cgcctt	0.0005324813632	0.0002663817846	5	2.50	0.10897	2.1e+02	-2.32	168
gcggaa	gcggaa|ttccgc	0.0005324813632	0.0002681677446	5	2.52	0.11123	2.1e+02	-2.33	169
ggaccc	ggaccc|gggtcc	0.0003194888179	0.0001234625136	3	1.16	0.11180	2.1e+02	-2.33	170
ctaaca	ctaaca|tgttag	0.0007454739084	0.0004274716146	7	4.01	0.11209	2.1e+02	-2.33	171
cgctac	cgctac|gtagcg	0.0004259850905	0.0001943806686	4	1.83	0.11278	2.1e+02	-2.33	172
tacgta	tacgta|tacgta	0.0005324813632	0.0002695564623	5	2.53	0.11299	2.1e+02	-2.33	173
atgcac	atgcac|gtgcat	0.0008519701810	0.0005118116946	8	4.81	0.11385	2.2e+02	-2.34	174
cccatc	cccatc|gatggg	0.0004259850905	0.0001955898546	4	1.84	0.11464	2.2e+02	-2.34	175
caattc	caattc|gaattg	0.0008519701810	0.0005130907746	8	4.82	0.11500	2.2e+02	-2.34	176
ctaaac	ctaaac|gtttag	0.0008519701810	0.0005143352046	8	4.83	0.11614	2.2e+02	-2.34	177
ccccac	ccccac|gtgggg	0.0004259850905	0.0001968224046	4	1.85	0.11655	2.2e+02	-2.35	178
aattgg	aattgg|ccaatt	0.0008519701810	0.0005155608246	8	4.84	0.11726	2.2e+02	-2.35	179
acggat	acggat|atccgt	0.0005324813632	0.0002732405046	5	2.57	0.11775	2.2e+02	-2.35	180
aacgat	aacgat|atcgtt	0.0007454739084	0.0004331512446	7	4.07	0.11776	2.2e+02	-2.35	181
agcaag	agcaag|cttgct	0.0007454739084	0.0004338937446	7	4.07	0.11851	2.3e+02	-2.35	182
gacgga	gacgga|tccgtc	0.0004259850905	0.0001988499246	4	1.87	0.11972	2.3e+02	-2.36	183
atttac	atttac|gtaaat	0.0012779552716	0.0008635151346	12	8.11	0.11981	2.3e+02	-2.36	184
attcta	attcta|tagaat	0.0012779552716	0.0008637646146	12	8.11	0.11999	2.3e+02	-2.36	185
cgcgac	cgcgac|gtcgcg	0.0003194888179	0.0001278819726	3	1.20	0.12068	2.3e+02	-2.36	186
agggac	agggac|gtccct	0.0004259850905	0.0001998545766	4	1.88	0.12131	2.3e+02	-2.36	187
cgggag	cgggag|ctcccg	0.0003194888179	0.0001283085636	3	1.20	0.12155	2.3e+02	-2.36	188
gagaac	gagaac|gttctc	0.0007454739084	0.0004382596446	7	4.12	0.12298	2.3e+02	-2.37	189
gcatta	gcatta|taatgc	0.0007454739084	0.0004383071646	7	4.12	0.12303	2.3e+02	-2.37	190
accacc	accacc|ggtggt	0.0005324813632	0.0002791706046	5	2.62	0.12559	2.4e+02	-2.38	191
acagtc	acagtc|gactgt	0.0006389776358	0.0003588943146	6	3.37	0.12566	2.4e+02	-2.38	192
aaggaa	aaggaa|ttcctt	0.0011714589989	0.0007853308746	11	7.37	0.12711	2.4e+02	-2.38	193
gttgga	gttgga|tccaac	0.0006389776358	0.0003603684246	6	3.38	0.12739	2.4e+02	-2.38	194
ggccaa	ggccaa|ttggcc	0.0005324813632	0.0002809229046	5	2.64	0.12796	2.4e+02	-2.39	195
aacaag	aacaag|cttgtt	0.0010649627263	0.0006989880246	10	6.56	0.12806	2.4e+02	-2.39	196
gcgcca	gcgcca|tggcgc	0.0004259850905	0.0002043594726	4	1.92	0.12853	2.4e+02	-2.39	197
cacagg	cacagg|cctgtg	0.0005324813632	0.0002813701866	5	2.64	0.12856	2.4e+02	-2.39	198
gtgcca	gtgcca|tggcac	0.0006389776358	0.0003614455446	6	3.39	0.12866	2.4e+02	-2.39	199
taacta	taacta|tagtta	0.0009584664537	0.0006131906646	9	5.76	0.12873	2.4e+02	-2.39	200
gtgcac	gtgcac|gtgcac	0.0004259850905	0.0002045382123	4	1.92	0.12882	2.5e+02	-2.39	201
attaaa	attaaa|tttaat	0.0018104366347	0.0013303496346	17	12.49	0.13004	2.5e+02	-2.39	202
atgatg	atgatg|catcat	0.0008519701810	0.0005294228046	8	4.97	0.13033	2.5e+02	-2.39	203
aatcac	aatcac|gtgatt	0.0009584664537	0.0006155250846	9	5.78	0.13081	2.5e+02	-2.40	204
aacttg	aacttg|caagtt	0.0010649627263	0.0007032460146	10	6.60	0.13160	2.5e+02	-2.40	205
cattaa	cattaa|ttaatg	0.0009584664537	0.0006178911846	9	5.80	0.13294	2.5e+02	-2.40	206
aatgaa	aatgaa|ttcatt	0.0015974440895	0.0011523624846	15	10.82	0.13311	2.5e+02	-2.40	207
cgagcg	cgagcg|cgctcg	0.0003194888179	0.0001340055186	3	1.26	0.13339	2.5e+02	-2.40	208
gtaata	gtaata|tattac	0.0011714589989	0.0007934706546	11	7.45	0.13348	2.5e+02	-2.40	209
agcaac	agcaac|gttgct	0.0006389776358	0.0003655164246	6	3.43	0.13352	2.5e+02	-2.40	210
agcgac	agcgac|gtcgct	0.0004259850905	0.0002086076616	4	1.96	0.13551	2.6e+02	-2.41	211
gtggca	gtggca|tgccac	0.0006389776358	0.0003672499146	6	3.45	0.13562	2.6e+02	-2.41	212
agctag	agctag|ctagct	0.0005324813632	0.0002882568246	5	2.71	0.13807	2.6e+02	-2.42	213
atgcca	atgcca|tggcat	0.0007454739084	0.0004526057346	7	4.25	0.13826	2.6e+02	-2.42	214
aagagg	aagagg|cctctt	0.0007454739084	0.0004527859146	7	4.25	0.13846	2.6e+02	-2.42	215
aaaaag	aaaaag|cttttt	0.0035143769968	0.0028597461846	33	26.85	0.13846	2.6e+02	-2.42	216
gtggta	gtggta|taccac	0.0007454739084	0.0004534155546	7	4.26	0.13915	2.6e+02	-2.42	217
ataagc	ataagc|gcttat	0.0010649627263	0.0007122550146	10	6.69	0.13926	2.6e+02	-2.42	218
atcacc	atcacc|ggtgat	0.0006389776358	0.0003714069246	6	3.49	0.14070	2.7e+02	-2.43	219
aactgc	aactgc|gcagtt	0.0006389776358	0.0003714881046	6	3.49	0.14080	2.7e+02	-2.43	220
cgggca	cgggca|tgcccg	0.0003194888179	0.0001374988326	3	1.29	0.14083	2.7e+02	-2.43	221
acatta	acatta|taatgt	0.0010649627263	0.0007176435846	10	6.74	0.14395	2.7e+02	-2.44	222
atggca	atggca|tgccat	0.0007454739084	0.0004579933146	7	4.30	0.14423	2.7e+02	-2.44	223
acttca	acttca|tgaagt	0.0011714589989	0.0008082246246	11	7.59	0.14545	2.8e+02	-2.44	224
aatgtc	aatgtc|gacatt	0.0008519701810	0.0005447757246	8	5.12	0.14565	2.8e+02	-2.44	225
aacaga	aacaga|tctgtt	0.0009584664537	0.0006319155246	9	5.93	0.14593	2.8e+02	-2.44	226
gcggga	gcggga|tcccgc	0.0003194888179	0.0001402247976	3	1.32	0.14674	2.8e+02	-2.45	227
cgccac	cgccac|gtggcg	0.0004259850905	0.0002153166936	4	2.02	0.14682	2.8e+02	-2.45	228
tagata	tagata|tatcta	0.0012779552716	0.0009001738446	12	8.45	0.14723	2.8e+02	-2.45	229
caggag	caggag|ctcctg	0.0004259850905	0.0002157295236	4	2.03	0.14752	2.8e+02	-2.45	230
gtaaca	gtaaca|tgttac	0.0007454739084	0.0004621730946	7	4.34	0.14894	2.8e+02	-2.45	231
gattta	gattta|taaatc	0.0010649627263	0.0007242835146	10	6.80	0.14984	2.8e+02	-2.45	232
caacca	caacca|tggttg	0.0006389776358	0.0003793843446	6	3.56	0.15071	2.9e+02	-2.46	233
tagcga	tagcga|tcgcta	0.0005324813632	0.0002972579046	5	2.79	0.15094	2.9e+02	-2.46	234
caactc	caactc|gagttg	0.0006389776358	0.0003805693746	6	3.57	0.15222	2.9e+02	-2.46	235
agcttc	agcttc|gaagct	0.0007454739084	0.0004653787146	7	4.37	0.15261	2.9e+02	-2.46	236
agccaa	agccaa|ttggct	0.0007454739084	0.0004663459446	7	4.38	0.15372	2.9e+02	-2.47	237
ctgccc	ctgccc|gggcag	0.0003194888179	0.0001434381396	3	1.35	0.15381	2.9e+02	-2.47	238
gttaca	gttaca|tgtaac	0.0007454739084	0.0004677190746	7	4.39	0.15531	3.0e+02	-2.47	239
atatac	atatac|gtatat	0.0023429179979	0.0018417905646	22	17.29	0.15538	3.0e+02	-2.47	240
cagtca	cagtca|tgactg	0.0006389776358	0.0003847719246	6	3.61	0.15764	3.0e+02	-2.48	241
atcgca	atcgca|tgcgat	0.0005324813632	0.0003027029046	5	2.84	0.15896	3.0e+02	-2.48	242
agttag	agttag|ctaact	0.0006389776358	0.0003862381146	6	3.63	0.15955	3.0e+02	-2.48	243
gagcaa	gagcaa|ttgctc	0.0007454739084	0.0004716899646	7	4.43	0.15994	3.0e+02	-2.48	244
accaca	accaca|tgtggt	0.0008519701810	0.0005586179046	8	5.25	0.16017	3.0e+02	-2.48	245
gctgac	gctgac|gtcagc	0.0004259850905	0.0002230228536	4	2.09	0.16024	3.0e+02	-2.48	246
tcatca	tcatca|tgatga	0.0008519701810	0.0005590594446	8	5.25	0.16065	3.1e+02	-2.49	247
accatc	accatc|gatggt	0.0005324813632	0.0003041374146	5	2.86	0.16110	3.1e+02	-2.49	248
aatgtg	aatgtg|cacatt	0.0011714589989	0.0008266643646	11	7.76	0.16116	3.1e+02	-2.49	249
ccgggc	ccgggc|gcccgg	0.0002129925453	0.0000762502056	2	0.72	0.16138	3.1e+02	-2.49	250
cggtag	cggtag|ctaccg	0.0003194888179	0.0001473167616	3	1.38	0.16247	3.1e+02	-2.49	251
cgagca	cgagca|tgctcg	0.0004259850905	0.0002246687286	4	2.11	0.16316	3.1e+02	-2.49	252
aaagaa	aaagaa|ttcttt	0.0025559105431	0.0020487777846	24	19.24	0.16439	3.1e+02	-2.50	253
caaatg	caaatg|catttg	0.0010649627263	0.0007407511746	10	6.96	0.16496	3.1e+02	-2.50	254
acagct	acagct|agctgt	0.0006389776358	0.0003911900946	6	3.67	0.16607	3.2e+02	-2.50	255
aagcaa	aagcaa|ttgctt	0.0011714589989	0.0008326192146	11	7.82	0.16641	3.2e+02	-2.50	256
aggtta	aggtta|taacct	0.0006389776358	0.0003916207446	6	3.68	0.16665	3.2e+02	-2.50	257
gacgcc	gacgcc|ggcgtc	0.0003194888179	0.0001504924836	3	1.41	0.16967	3.2e+02	-2.51	258
caggaa	caggaa|ttcctg	0.0006389776358	0.0003942650346	6	3.70	0.17018	3.2e+02	-2.51	259
atgata	atgata|tatcat	0.0013844515442	0.0010201994646	13	9.58	0.17026	3.2e+02	-2.51	260
caatca	caatca|tgattg	0.0007454739084	0.0004826660946	7	4.53	0.17306	3.3e+02	-2.52	261
cttgtc	cttgtc|gacaag	0.0006389776358	0.0003969033846	6	3.73	0.17374	3.3e+02	-2.52	262
gagggc	gagggc|gccctc	0.0003194888179	0.0001522990356	3	1.43	0.17381	3.3e+02	-2.52	263
agtcac	agtcac|gtgact	0.0007454739084	0.0004842530646	7	4.55	0.17499	3.3e+02	-2.52	264
actgcg	actgcg|cgcagt	0.0004259850905	0.0002321832246	4	2.18	0.17675	3.4e+02	-2.53	265
aataag	aataag|cttatt	0.0013844515442	0.0010300460046	13	9.67	0.17832	3.4e+02	-2.53	266
atttgc	atttgc|gcaaat	0.0010649627263	0.0007549606446	10	7.09	0.17858	3.4e+02	-2.53	267
actgca	actgca|tgcagt	0.0006389776358	0.0004009406046	6	3.76	0.17924	3.4e+02	-2.53	268
cgtata	cgtata|tatacg	0.0011714589989	0.0008483008146	11	7.97	0.18062	3.4e+02	-2.54	269
cgccag	cgccag|ctggcg	0.0003194888179	0.0001555892016	3	1.46	0.18141	3.5e+02	-2.54	270
tcagca	tcagca|tgctga	0.0006389776358	0.0004025354946	6	3.78	0.18143	3.5e+02	-2.54	271
cgcccg	cgcccg|cgggcg	0.0002129925453	0.0000823924626	2	0.77	0.18177	3.5e+02	-2.54	272
cacaac	cacaac|gttgtg	0.0007454739084	0.0004900118946	7	4.60	0.18209	3.5e+02	-2.54	273
aaccaa	aaccaa|ttggtt	0.0009584664537	0.0006691949646	9	6.28	0.18334	3.5e+02	-2.54	274
atgtta	atgtta|taacat	0.0010649627263	0.0007611907146	10	7.15	0.18470	3.5e+02	-2.55	275
aggcaa	aggcaa|ttgcct	0.0006389776358	0.0004058678346	6	3.81	0.18605	3.5e+02	-2.55	276
cgttca	cgttca|tgaacg	0.0006389776358	0.0004063856046	6	3.82	0.18677	3.6e+02	-2.55	277
ccttcc	ccttcc|ggaagg	0.0004259850905	0.0002380034346	4	2.23	0.18753	3.6e+02	-2.55	278
aacgta	aacgta|tacgtt	0.0008519701810	0.0005838678546	8	5.48	0.18831	3.6e+02	-2.55	279
aataac	aataac|gttatt	0.0011714589989	0.0008565692946	11	8.04	0.18834	3.6e+02	-2.55	280
acagcc	acagcc|ggctgt	0.0004259850905	0.0002386116906	4	2.24	0.18866	3.6e+02	-2.55	281
aaaggt	aaaggt|accttt	0.0011714589989	0.0008581770546	11	8.06	0.18986	3.6e+02	-2.56	282
aataat	aataat|attatt	0.0017039403621	0.0013264638846	16	12.46	0.19025	3.6e+02	-2.56	283
acgagc	acgagc|gctcgt	0.0004259850905	0.0002398028586	4	2.25	0.19090	3.6e+02	-2.56	284
ctcgac	ctcgac|gtcgag	0.0003194888179	0.0001599757926	3	1.50	0.19169	3.6e+02	-2.56	285
aattct	aattct|agaatt	0.0012779552716	0.0009528992646	12	8.95	0.19186	3.6e+02	-2.56	286
cacagc	cacagc|gctgtg	0.0005324813632	0.0003242858946	5	3.05	0.19234	3.7e+02	-2.56	287
acctga	acctga|tcaggt	0.0005324813632	0.0003243522246	5	3.05	0.19244	3.7e+02	-2.56	288
tatcga	tatcga|tcgata	0.0006389776358	0.0004105089546	6	3.85	0.19255	3.7e+02	-2.56	289
ccttgc	ccttgc|gcaagg	0.0004259850905	0.0002420753046	4	2.27	0.19519	3.7e+02	-2.57	290
agcctc	agcctc|gaggct	0.0004259850905	0.0002422245966	4	2.27	0.19547	3.7e+02	-2.57	291
agctgc	agctgc|gcagct	0.0004259850905	0.0002423138946	4	2.28	0.19564	3.7e+02	-2.57	292
cacttc	cacttc|gaagtg	0.0008519701810	0.0005911671246	8	5.55	0.19681	3.7e+02	-2.57	293
gacaaa	gacaaa|tttgtc	0.0011714589989	0.0008665296846	11	8.14	0.19783	3.8e+02	-2.58	294
acaact	acaact|agttgt	0.0008519701810	0.0005923452246	8	5.56	0.19819	3.8e+02	-2.58	295
agtaca	agtaca|tgtact	0.0008519701810	0.0005927679546	8	5.57	0.19869	3.8e+02	-2.58	296
ctgtga	ctgtga|tcacag	0.0007454739084	0.0005031561246	7	4.72	0.19872	3.8e+02	-2.58	297
aatcct	aatcct|aggatt	0.0006389776358	0.0004149223746	6	3.90	0.19882	3.8e+02	-2.58	298
cgacga	cgacga|tcgtcg	0.0003194888179	0.0001630658796	3	1.53	0.19901	3.8e+02	-2.58	299
cccgcc	cccgcc|ggcggg	0.0002129925453	0.0000875647176	2	0.82	0.19922	3.8e+02	-2.58	300
ccgccc	ccgccc|gggcgg	0.0002129925453	0.0000875647176	2	0.82	0.19922	3.8e+02	-2.58	301
aagtaa	aagtaa|ttactt	0.0012779552716	0.0009626972946	12	9.04	0.20077	3.8e+02	-2.58	302
tagcaa	tagcaa|ttgcta	0.0008519701810	0.0005960309946	8	5.60	0.20256	3.9e+02	-2.59	303
cggcac	cggcac|gtgccg	0.0003194888179	0.0001649110416	3	1.55	0.20342	3.9e+02	-2.59	304
actaat	actaat|attagt	0.0008519701810	0.0005972605746	8	5.61	0.20402	3.9e+02	-2.59	305
gagcga	gagcga|tcgctc	0.0004259850905	0.0002472505296	4	2.32	0.20506	3.9e+02	-2.59	306
taatca	taatca|tgatta	0.0008519701810	0.0006015522246	8	5.65	0.20916	4.0e+02	-2.60	307
aacagt	aacagt|actgtt	0.0008519701810	0.0006018660546	8	5.65	0.20954	4.0e+02	-2.60	308
gaacaa	gaacaa|ttgttc	0.0009584664537	0.0006934370946	9	6.51	0.20972	4.0e+02	-2.60	309
cccttc	cccttc|gaaggg	0.0004259850905	0.0002502536946	4	2.35	0.21085	4.0e+02	-2.60	310
aaggtg	aaggtg|cacctt	0.0007454739084	0.0005127294246	7	4.81	0.21119	4.0e+02	-2.60	311
gtacaa	gtacaa|ttgtac	0.0008519701810	0.0006041559246	8	5.67	0.21231	4.0e+02	-2.61	312
gaacga	gaacga|tcgttc	0.0005324813632	0.0003369578946	5	3.16	0.21299	4.1e+02	-2.61	313
ccatgc	ccatgc|gcatgg	0.0004259850905	0.0002514496146	4	2.36	0.21317	4.1e+02	-2.61	314
tcgcga	tcgcga|tcgcga	0.0002129925453	0.0000917989923	2	0.86	0.21364	4.1e+02	-2.61	315
ccacca	ccacca|tggtgg	0.0005324813632	0.0003376231746	5	3.17	0.21409	4.1e+02	-2.61	316
catgca	catgca|tgcatg	0.0006389776358	0.0004259777046	6	4.00	0.21483	4.1e+02	-2.61	317
attgac	attgac|gtcaat	0.0007454739084	0.0005171883846	7	4.86	0.21709	4.1e+02	-2.62	318
cgatag	cgatag|ctatcg	0.0004259850905	0.0002534880246	4	2.38	0.21714	4.1e+02	-2.62	319
agatgg	agatgg|ccatct	0.0005324813632	0.0003394625946	5	3.19	0.21715	4.1e+02	-2.62	320
atttag	atttag|ctaaat	0.0010649627263	0.0007929994146	10	7.45	0.21741	4.1e+02	-2.62	321
ggccca	ggccca|tgggcc	0.0003194888179	0.0001707334296	3	1.60	0.21746	4.1e+02	-2.62	322
agatat	agatat|atatct	0.0017039403621	0.0013615465146	16	12.78	0.21756	4.1e+02	-2.62	323
ccacta	ccacta|tagtgg	0.0006389776358	0.0004280933346	6	4.02	0.21794	4.1e+02	-2.62	324
gaaata	gaaata|tatttc	0.0019169329073	0.0015573942546	18	14.62	0.21997	4.2e+02	-2.62	325
aaagca	aaagca|tgcttt	0.0013844515442	0.0010785975846	13	10.13	0.22063	4.2e+02	-2.62	326
tagaaa	tagaaa|tttcta	0.0018104366347	0.0014618137146	17	13.73	0.22075	4.2e+02	-2.62	327
gctagc	gctagc|gctagc	0.0002129925453	0.0000940004553	2	0.88	0.22118	4.2e+02	-2.62	328
atgttg	atgttg|caacat	0.0008519701810	0.0006117205146	8	5.74	0.22155	4.2e+02	-2.62	329
acctcg	acctcg|cgaggt	0.0003194888179	0.0001727494656	3	1.62	0.22236	4.2e+02	-2.63	330
cagtcg	cagtcg|cgactg	0.0003194888179	0.0001738010436	3	1.63	0.22493	4.3e+02	-2.63	331
gggaga	gggaga|tctccc	0.0004259850905	0.0002576159286	4	2.42	0.22524	4.3e+02	-2.63	332
caatcc	caatcc|ggattg	0.0004259850905	0.0002583746646	4	2.43	0.22674	4.3e+02	-2.63	333
catagc	catagc|gctatg	0.0006389776358	0.0004341095646	6	4.08	0.22687	4.3e+02	-2.63	334
cacctg	cacctg|caggtg	0.0004259850905	0.0002591389446	4	2.43	0.22825	4.3e+02	-2.64	335
caaggc	caaggc|gccttg	0.0004259850905	0.0002591597346	4	2.43	0.22829	4.3e+02	-2.64	336
gaggaa	gaggaa|ttcctc	0.0006389776358	0.0004352114346	6	4.09	0.22852	4.3e+02	-2.64	337
aaagcg	aaagcg|cgcttt	0.0008519701810	0.0006176298246	8	5.80	0.22886	4.4e+02	-2.64	338
gcccgc	gcccgc|gcgggc	0.0002129925453	0.0000966987546	2	0.91	0.23045	4.4e+02	-2.64	339
aggtaa	aggtaa|ttacct	0.0006389776358	0.0004366400046	6	4.10	0.23066	4.4e+02	-2.64	340
tgtcaa	tgtcaa|ttgaca	0.0009584664537	0.0007125233046	9	6.69	0.23149	4.4e+02	-2.64	341
gctcga	gctcga|tcgagc	0.0003194888179	0.0001767030306	3	1.66	0.23205	4.4e+02	-2.64	342
ggcacc	ggcacc|ggtgcc	0.0003194888179	0.0001769626086	3	1.66	0.23269	4.4e+02	-2.65	343
aggtca	aggtca|tgacct	0.0005324813632	0.0003488497746	5	3.28	0.23297	4.4e+02	-2.65	344
ccatca	ccatca|tgatgg	0.0005324813632	0.0003490131246	5	3.28	0.23325	4.4e+02	-2.65	345
cgactc	cgactc|gagtcg	0.0003194888179	0.0001779799326	3	1.67	0.23519	4.5e+02	-2.65	346
agaggc	agaggc|gcctct	0.0004259850905	0.0002627316546	4	2.47	0.23539	4.5e+02	-2.65	347
cacccc	cacccc|ggggtg	0.0003194888179	0.0001782346596	3	1.67	0.23582	4.5e+02	-2.65	348
gctaca	gctaca|tgtagc	0.0005324813632	0.0003508396746	5	3.29	0.23636	4.5e+02	-2.65	349
aaaaga	aaaaga|tctttt	0.0026624068158	0.0022666569846	25	21.28	0.23678	4.5e+02	-2.65	350
gctacc	gctacc|ggtagc	0.0003194888179	0.0001789454796	3	1.68	0.23758	4.5e+02	-2.66	351
ccaccc	ccaccc|gggtgg	0.0003194888179	0.0001790484396	3	1.68	0.23783	4.5e+02	-2.66	352
acctac	acctac|gtaggt	0.0004259850905	0.0002644166346	4	2.48	0.23875	4.5e+02	-2.66	353
atagaa	atagaa|ttctat	0.0017039403621	0.0013880735646	16	13.03	0.23929	4.6e+02	-2.66	354
tcgaca	tcgaca|tgtcga	0.0004259850905	0.0002647581846	4	2.49	0.23944	4.6e+02	-2.66	355
atcaat	atcaat|attgat	0.0009584664537	0.0007211660046	9	6.77	0.24162	4.6e+02	-2.66	356
aaccag	aaccag|ctggtt	0.0005324813632	0.0003543175446	5	3.33	0.24233	4.6e+02	-2.66	357
ccgtcg	ccgtcg|cgacgg	0.0002129925453	0.0001002679026	2	0.94	0.24274	4.6e+02	-2.66	358
ccgacg	ccgacg|cgtcgg	0.0002129925453	0.0001002802776	2	0.94	0.24278	4.6e+02	-2.66	359
cattgc	cattgc|gcaatg	0.0005324813632	0.0003552461646	5	3.34	0.24393	4.6e+02	-2.67	360
gcaccc	gcaccc|gggtgc	0.0003194888179	0.0001821938676	3	1.71	0.24562	4.7e+02	-2.67	361
aagctg	aagctg|cagctt	0.0006389776358	0.0004466964246	6	4.19	0.24593	4.7e+02	-2.67	362
cacgga	cacgga|tccgtg	0.0004259850905	0.0002681598246	4	2.52	0.24627	4.7e+02	-2.67	363
tcgtca	tcgtca|tgacga	0.0005324813632	0.0003569661906	5	3.35	0.24690	4.7e+02	-2.67	364
gaagac	gaagac|gtcttc	0.0006389776358	0.0004482556746	6	4.21	0.24832	4.7e+02	-2.67	365
atgcta	atgcta|tagcat	0.0007454739084	0.0005405721846	7	5.08	0.24897	4.7e+02	-2.68	366
cccgac	cccgac|gtcggg	0.0002129925453	0.0001025062926	2	0.96	0.25046	4.8e+02	-2.68	367
atttca	atttca|tgaaat	0.0017039403621	0.0014014316346	16	13.16	0.25055	4.8e+02	-2.68	368
agttgg	agttgg|ccaact	0.0005324813632	0.0003592408146	5	3.37	0.25084	4.8e+02	-2.68	369
ccgcgc	ccgcgc|gcgcgg	0.0002129925453	0.0001026525156	2	0.96	0.25097	4.8e+02	-2.68	370
tacata	tacata|tatgta	0.0014909478168	0.0012079836546	14	11.34	0.25131	4.8e+02	-2.68	371
atgtgc	atgtgc|gcacat	0.0007454739084	0.0005424927846	7	5.09	0.25165	4.8e+02	-2.68	372
aattaa	aattaa|ttaatt	0.0011714589989	0.0009207470346	11	8.65	0.25286	4.8e+02	-2.68	373
aggtgg	aggtgg|ccacct	0.0004259850905	0.0002718366846	4	2.55	0.25370	4.8e+02	-2.68	374
catccc	catccc|gggatg	0.0003194888179	0.0001854658176	3	1.74	0.25377	4.8e+02	-2.68	375
ggcgca	ggcgca|tgcgcc	0.0003194888179	0.0001854685896	3	1.74	0.25378	4.8e+02	-2.68	376
ccgagg	ccgagg|cctcgg	0.0002129925453	0.0001035067866	2	0.97	0.25392	4.8e+02	-2.68	377
ccttta	ccttta|taaagg	0.0008519701810	0.0006387702846	8	6.00	0.25571	4.9e+02	-2.69	378
ggttaa	ggttaa|ttaacc	0.0005324813632	0.0003621078546	5	3.40	0.25583	4.9e+02	-2.69	379
cagcca	cagcca|tggctg	0.0004259850905	0.0002729068746	4	2.56	0.25587	4.9e+02	-2.69	380
agttcc	agttcc|ggaact	0.0005324813632	0.0003627790746	5	3.41	0.25701	4.9e+02	-2.69	381
agtgca	agtgca|tgcact	0.0007454739084	0.0005466260346	7	5.13	0.25745	4.9e+02	-2.69	382
taacaa	taacaa|ttgtta	0.0010649627263	0.0008302283646	10	7.80	0.25833	4.9e+02	-2.69	383
agaaca	agaaca|tgttct	0.0009584664537	0.0007361407446	9	6.91	0.25950	4.9e+02	-2.69	384
catgac	catgac|gtcatg	0.0005324813632	0.0003644610846	5	3.42	0.25995	4.9e+02	-2.69	385
aatagg	aatagg|cctatt	0.0007454739084	0.0005488683846	7	5.15	0.26061	5.0e+02	-2.70	386
ccaaga	ccaaga|tcttgg	0.0006389776358	0.0004563340746	6	4.28	0.26082	5.0e+02	-2.70	387
aatgcg	aatgcg|cgcatt	0.0005324813632	0.0003665658246	5	3.44	0.26364	5.0e+02	-2.70	388
ccttac	ccttac|gtaagg	0.0004259850905	0.0002767688646	4	2.60	0.26374	5.0e+02	-2.70	389
atgtgg	atgtgg|ccacat	0.0007454739084	0.0005518512546	7	5.18	0.26483	5.0e+02	-2.70	390
aggcct	aggcct|aggcct	0.0002129925453	0.0001066925523	2	1.00	0.26492	5.0e+02	-2.70	391
cctgtc	cctgtc|gacagg	0.0003194888179	0.0001903819596	3	1.79	0.26608	5.1e+02	-2.70	392
agggat	agggat|atccct	0.0004259850905	0.0002779162746	4	2.61	0.26608	5.1e+02	-2.70	393
cagttc	cagttc|gaactg	0.0005324813632	0.0003681013146	5	3.46	0.26634	5.1e+02	-2.70	394
agttgc	agttgc|gcaact	0.0005324813632	0.0003685487946	5	3.46	0.26713	5.1e+02	-2.71	395
atttcc	atttcc|ggaaat	0.0009584664537	0.0007428291846	9	6.98	0.26763	5.1e+02	-2.71	396
atgtac	atgtac|gtacat	0.0007454739084	0.0005539520346	7	5.20	0.26782	5.1e+02	-2.71	397
cggaac	cggaac|gttccg	0.0003194888179	0.0001911139656	3	1.79	0.26792	5.1e+02	-2.71	398
ggctca	ggctca|tgagcc	0.0004259850905	0.0002793072246	4	2.62	0.26893	5.1e+02	-2.71	399
cattag	cattag|ctaatg	0.0005324813632	0.0003706515546	5	3.48	0.27084	5.2e+02	-2.71	400
agaaga	agaaga|tcttct	0.0010649627263	0.0008413985346	10	7.90	0.27108	5.2e+02	-2.71	401
gaaaga	gaaaga|tctttc	0.0012779552716	0.0010346831646	12	9.72	0.27132	5.2e+02	-2.71	402
ccgatc	ccgatc|gatcgg	0.0002129925453	0.0001087893276	2	1.02	0.27216	5.2e+02	-2.71	403
cattta	cattta|taaatg	0.0011714589989	0.0009388472046	11	8.82	0.27234	5.2e+02	-2.71	404
taaaga	taaaga|tcttta	0.0014909478168	0.0012310348146	14	11.56	0.27284	5.2e+02	-2.72	405
aatcaa	aatcaa|ttgatt	0.0010649627263	0.0008433399246	10	7.92	0.27332	5.2e+02	-2.72	406
gaaacc	gaaacc|ggtttc	0.0006389776358	0.0004646530446	6	4.36	0.27385	5.2e+02	-2.72	407
ttccaa	ttccaa|ttggaa	0.0010649627263	0.0008440071846	10	7.93	0.27409	5.2e+02	-2.72	408
ctacaa	ctacaa|ttgtag	0.0007454739084	0.0005586485946	7	5.25	0.27452	5.2e+02	-2.72	409
acgcgc	acgcgc|gcgcgt	0.0003194888179	0.0001938445836	3	1.82	0.27479	5.2e+02	-2.72	410
cgaaga	cgaaga|tcttcg	0.0005324813632	0.0003740017146	5	3.51	0.27678	5.3e+02	-2.72	411
gtaaac	gtaaac|gtttac	0.0007454739084	0.0005603414946	7	5.26	0.27695	5.3e+02	-2.72	412
atcaac	atcaac|gttgat	0.0006389776358	0.0004669716246	6	4.38	0.27751	5.3e+02	-2.72	413
agcaat	agcaat|attgct	0.0007454739084	0.0005615770146	7	5.27	0.27873	5.3e+02	-2.72	414
atcgac	atcgac|gtcgat	0.0003194888179	0.0001962416706	3	1.84	0.28084	5.3e+02	-2.73	415
gtcgta	gtcgta|tacgac	0.0004259850905	0.0002851363446	4	2.68	0.28093	5.3e+02	-2.73	416
gacctc	gacctc|gaggtc	0.0003194888179	0.0001966724196	3	1.85	0.28192	5.4e+02	-2.73	417
acgacg	acgacg|cgtcgt	0.0003194888179	0.0001967939916	3	1.85	0.28223	5.4e+02	-2.73	418
cgcttc	cgcttc|gaagcg	0.0004259850905	0.0002857838046	4	2.68	0.28227	5.4e+02	-2.73	419
actgta	actgta|tacagt	0.0007454739084	0.0005642935746	7	5.30	0.28264	5.4e+02	-2.73	420
aactcc	aactcc|ggagtt	0.0005324813632	0.0003773795946	5	3.54	0.28279	5.4e+02	-2.73	421
agcgat	agcgat|atcgct	0.0004259850905	0.0002861223846	4	2.69	0.28297	5.4e+02	-2.73	422
gacatc	gacatc|gatgtc	0.0004259850905	0.0002865847146	4	2.69	0.28392	5.4e+02	-2.73	423
agtgat	agtgat|atcact	0.0008519701810	0.0006615155346	8	6.21	0.28560	5.4e+02	-2.73	424
ccctcg	ccctcg|cgaggg	0.0002129925453	0.0001127665536	2	1.06	0.28589	5.4e+02	-2.74	425
acggac	acggac|gtccgt	0.0003194888179	0.0001984263036	3	1.86	0.28636	5.4e+02	-2.74	426
agcaaa	agcaaa|tttgct	0.0011714589989	0.0009520171746	11	8.94	0.28680	5.5e+02	-2.74	427
agggtc	agggtc|gaccct	0.0003194888179	0.0001987097406	3	1.87	0.28708	5.5e+02	-2.74	428
cagctg	cagctg|cagctg	0.0002129925453	0.0001132126923	2	1.06	0.28743	5.5e+02	-2.74	429
ggtgga	ggtgga|tccacc	0.0004259850905	0.0002883716646	4	2.71	0.28762	5.5e+02	-2.74	430
taatta	taatta|taatta	0.0005324813632	0.0003806899023	5	3.57	0.28871	5.5e+02	-2.74	431
taacca	taacca|tggtta	0.0006389776358	0.0004744718646	6	4.46	0.28943	5.5e+02	-2.74	432
ggacaa	ggacaa|ttgtcc	0.0005324813632	0.0003811762446	5	3.58	0.28958	5.5e+02	-2.74	433
aataaa	aataaa|tttatt	0.0025559105431	0.0022446492846	24	21.08	0.28967	5.5e+02	-2.74	434
gcccaa	gcccaa|ttgggc	0.0004259850905	0.0002904298746	4	2.73	0.29189	5.6e+02	-2.74	435
caaaca	caaaca|tgtttg	0.0010649627263	0.0008597768946	10	8.07	0.29246	5.6e+02	-2.75	436
ggggta	ggggta|tacccc	0.0003194888179	0.0002008377456	3	1.89	0.29246	5.6e+02	-2.75	437
agaact	agaact|agttct	0.0008519701810	0.0006671476446	8	6.26	0.29313	5.6e+02	-2.75	438
tgataa	tgataa|ttatca	0.0011714589989	0.0009580591446	11	9.00	0.29350	5.6e+02	-2.75	439
tagcca	tagcca|tggcta	0.0005324813632	0.0003835908546	5	3.60	0.29391	5.6e+02	-2.75	440
actagc	actagc|gctagt	0.0004259850905	0.0002915931246	4	2.74	0.29431	5.6e+02	-2.75	441
acatac	acatac|gtatgt	0.0009584664537	0.0007650932946	9	7.18	0.29518	5.6e+02	-2.75	442
actacg	actacg|cgtagt	0.0004259850905	0.0002923277046	4	2.74	0.29583	5.6e+02	-2.75	443
cagtga	cagtga|tcactg	0.0006389776358	0.0004786219446	6	4.49	0.29607	5.6e+02	-2.75	444
aaaatg	aaaatg|catttt	0.0020234291800	0.0017522401146	19	16.45	0.29617	5.6e+02	-2.75	445
acgagg	acgagg|cctcgt	0.0003194888179	0.0002023599696	3	1.90	0.29632	5.6e+02	-2.75	446
gcccga	gcccga|tcgggc	0.0002129925453	0.0001159480176	2	1.09	0.29685	5.6e+02	-2.75	447
cttggc	cttggc|gccaag	0.0004259850905	0.0002931454446	4	2.75	0.29754	5.7e+02	-2.75	448
ggcaaa	ggcaaa|tttgcc	0.0007454739084	0.0005751608046	7	5.40	0.29842	5.7e+02	-2.75	449
ccttga	ccttga|tcaagg	0.0005324813632	0.0003861292146	5	3.63	0.29848	5.7e+02	-2.75	450
aataga	aataga|tctatt	0.0012779552716	0.0010606132446	12	9.96	0.29853	5.7e+02	-2.75	451
accggc	accggc|gccggt	0.0002129925453	0.0001164540066	2	1.09	0.29859	5.7e+02	-2.75	452
agaaag	agaaag|ctttct	0.0012779552716	0.0010610221146	12	9.96	0.29896	5.7e+02	-2.75	453
atcctc	atcctc|gaggat	0.0004259850905	0.0002940532746	4	2.76	0.29943	5.7e+02	-2.76	454
aatatc	aatatc|gatatt	0.0013844515442	0.0011599181646	13	10.89	0.29944	5.7e+02	-2.76	455
ccagga	ccagga|tcctgg	0.0003194888179	0.0002036261796	3	1.91	0.29953	5.7e+02	-2.76	456
cgtgaa	cgtgaa|ttcacg	0.0007454739084	0.0005762329746	7	5.41	0.29999	5.7e+02	-2.76	457
ctagaa	ctagaa|ttctag	0.0007454739084	0.0005762498046	7	5.41	0.30001	5.7e+02	-2.76	458
tctaaa	tctaaa|tttaga	0.0012779552716	0.0010627546146	12	9.98	0.30081	5.7e+02	-2.76	459
atctag	atctag|ctagat	0.0005324813632	0.0003876251046	5	3.64	0.30117	5.7e+02	-2.76	460
aactac	aactac|gtagtt	0.0006389776358	0.0004820315046	6	4.53	0.30155	5.7e+02	-2.76	461
accctg	accctg|cagggt	0.0003194888179	0.0002045645016	3	1.92	0.30191	5.7e+02	-2.76	462
gggaaa	gggaaa|tttccc	0.0007454739084	0.0005780308146	7	5.43	0.30262	5.8e+02	-2.76	463
gccgta	gccgta|tacggc	0.0003194888179	0.0002062422546	3	1.94	0.30617	5.8e+02	-2.77	464
cgatca	cgatca|tgatcg	0.0003194888179	0.0002073437286	3	1.95	0.30897	5.9e+02	-2.77	465
ctaaga	ctaaga|tcttag	0.0006389776358	0.0004871062446	6	4.57	0.30973	5.9e+02	-2.77	466
agcagg	agcagg|cctgct	0.0003194888179	0.0002079678246	3	1.95	0.31055	5.9e+02	-2.77	467
cgggga	cgggga|tccccg	0.0002129925453	0.0001200096906	2	1.13	0.31081	5.9e+02	-2.77	468
cagaac	cagaac|gttctg	0.0005324813632	0.0003932235546	5	3.69	0.31130	5.9e+02	-2.77	469
gcagga	gcagga|tcctgc	0.0003194888179	0.0002082675966	3	1.96	0.31132	5.9e+02	-2.77	470
gatatc	gatatc|gatatc	0.0004259850905	0.0003003266523	4	2.82	0.31252	5.9e+02	-2.77	471
caatag	caatag|ctattg	0.0007454739084	0.0005848152846	7	5.49	0.31259	5.9e+02	-2.77	472
ctgcac	ctgcac|gtgcag	0.0004259850905	0.0003004942146	4	2.82	0.31287	6.0e+02	-2.77	473
aagttg	aagttg|caactt	0.0008519701810	0.0006819560646	8	6.40	0.31317	6.0e+02	-2.77	474
aatttc	aatttc|gaaatt	0.0013844515442	0.0011735128446	13	11.02	0.31335	6.0e+02	-2.78	475
cggaaa	cggaaa|tttccg	0.0006389776358	0.0004895139246	6	4.60	0.31363	6.0e+02	-2.78	476
attgaa	attgaa|ttcaat	0.0012779552716	0.0010757107446	12	10.10	0.31470	6.0e+02	-2.78	477
gcaaac	gcaaac|gtttgc	0.0006389776358	0.0004905524346	6	4.61	0.31531	6.0e+02	-2.78	478
ccaata	ccaata|tattgg	0.0008519701810	0.0006847488546	8	6.43	0.31698	6.0e+02	-2.78	479
agaaat	agaaat|atttct	0.0015974440895	0.0013764400746	15	12.92	0.31714	6.0e+02	-2.78	480
aagaac	aagaac|gttctt	0.0009584664537	0.0007831192146	9	7.35	0.31799	6.0e+02	-2.78	481
tagtaa	tagtaa|ttacta	0.0008519701810	0.0006855339246	8	6.44	0.31805	6.0e+02	-2.78	482
gaagga	gaagga|tccttc	0.0005324813632	0.0003972677046	5	3.73	0.31864	6.1e+02	-2.78	483
agtccc	agtccc|gggact	0.0003194888179	0.0002116827996	3	1.99	0.31999	6.1e+02	-2.78	484
cccgtc	cccgtc|gacggg	0.0002129925453	0.0001229656326	2	1.15	0.32093	6.1e+02	-2.79	485
acaggg	acaggg|ccctgt	0.0003194888179	0.0002121257256	3	1.99	0.32112	6.1e+02	-2.79	486
atgatc	atgatc|gatcat	0.0005324813632	0.0003988932846	5	3.75	0.32159	6.1e+02	-2.79	487
cgaaac	cgaaac|gtttcg	0.0005324813632	0.0004003396746	5	3.76	0.32422	6.2e+02	-2.79	488
aagtgt	aagtgt|acactt	0.0011714589989	0.0009855296646	11	9.25	0.32449	6.2e+02	-2.79	489
ccaacg	ccaacg|cgttgg	0.0003194888179	0.0002135227146	3	2.00	0.32467	6.2e+02	-2.79	490
gcaaaa	gcaaaa|ttttgc	0.0014909478168	0.0012843354246	14	12.06	0.32474	6.2e+02	-2.79	491
cacgcc	cacgcc|ggcgtg	0.0003194888179	0.0002136090426	3	2.01	0.32489	6.2e+02	-2.79	492
caacga	caacga|tcgttg	0.0004259850905	0.0003062431446	4	2.88	0.32492	6.2e+02	-2.79	493
tgaaaa	tgaaaa|ttttca	0.0026624068158	0.0023949857346	25	22.49	0.32521	6.2e+02	-2.79	494
ccacaa	ccacaa|ttgtgg	0.0007454739084	0.0005941094046	7	5.58	0.32635	6.2e+02	-2.79	495
aaaata	aaaata|tatttt	0.0037273695421	0.0034175319846	35	32.09	0.32639	6.2e+02	-2.79	496
ctatcc	ctatcc|ggatag	0.0004259850905	0.0003070292046	4	2.88	0.32657	6.2e+02	-2.79	497
ctcggc	ctcggc|gccgag	0.0002129925453	0.0001249225656	2	1.17	0.32761	6.2e+02	-2.79	498
cttcca	cttcca|tggaag	0.0006389776358	0.0004982823546	6	4.68	0.32788	6.2e+02	-2.79	499
cttcga	cttcga|tcgaag	0.0004259850905	0.0003078657546	4	2.89	0.32833	6.2e+02	-2.80	500
cgacgc	cgacgc|gcgtcg	0.0002129925453	0.0001257166446	2	1.18	0.33031	6.3e+02	-2.80	501
gttgaa	gttgaa|ttcaac	0.0008519701810	0.0006950003046	8	6.53	0.33103	6.3e+02	-2.80	502
acggaa	acggaa|ttccgt	0.0005324813632	0.0004043620446	5	3.80	0.33156	6.3e+02	-2.80	503
gactcc	gactcc|ggagtc	0.0003194888179	0.0002163695586	3	2.03	0.33191	6.3e+02	-2.80	504
gactgc	gactgc|gcagtc	0.0003194888179	0.0002165308296	3	2.03	0.33232	6.3e+02	-2.80	505
accctc	accctc|gagggt	0.0003194888179	0.0002165359776	3	2.03	0.33233	6.3e+02	-2.80	506
cattac	cattac|gtaatg	0.0005324813632	0.0004048322946	5	3.80	0.33242	6.3e+02	-2.80	507
ccgtca	ccgtca|tgacgg	0.0003194888179	0.0002166873486	3	2.03	0.33271	6.3e+02	-2.80	508
agtaag	agtaag|cttact	0.0006389776358	0.0005016384546	6	4.71	0.33335	6.3e+02	-2.80	509
aaacag	aaacag|ctgttt	0.0009584664537	0.0007959822846	9	7.47	0.33447	6.4e+02	-2.80	510
ccagtc	ccagtc|gactgg	0.0003194888179	0.0002180359266	3	2.05	0.33614	6.4e+02	-2.81	511
atcttg	atcttg|caagat	0.0007454739084	0.0006010829646	7	5.64	0.33673	6.4e+02	-2.81	512
attttg	attttg|caaaat	0.0018104366347	0.0015990237546	17	15.01	0.33723	6.4e+02	-2.81	513
agcatc	agcatc|gatgct	0.0004259850905	0.0003125306346	4	2.93	0.33813	6.4e+02	-2.81	514
ctaacc	ctaacc|ggttag	0.0003194888179	0.0002189209866	3	2.06	0.33839	6.4e+02	-2.81	515
gtccaa	gtccaa|ttggac	0.0005324813632	0.0004081190946	5	3.83	0.33842	6.4e+02	-2.81	516
tgggaa	tgggaa|ttccca	0.0006389776358	0.0005053143246	6	4.74	0.33937	6.5e+02	-2.81	517
gattac	gattac|gtaatc	0.0004259850905	0.0003131642346	4	2.94	0.33946	6.5e+02	-2.81	518
aagctc	aagctc|gagctt	0.0006389776358	0.0005055677646	6	4.75	0.33978	6.5e+02	-2.81	519
aaatta	aaatta|taattt	0.0015974440895	0.0014002079946	15	13.15	0.33999	6.5e+02	-2.81	520
gttaga	gttaga|tctaac	0.0005324813632	0.0004090823646	5	3.84	0.34018	6.5e+02	-2.81	521
agtacg	agtacg|cgtact	0.0004259850905	0.0003141265146	4	2.95	0.34149	6.5e+02	-2.81	522
cgtccc	cgtccc|gggacg	0.0002129925453	0.0001290307686	2	1.21	0.34157	6.5e+02	-2.81	523
gatgaa	gatgaa|ttcatc	0.0007454739084	0.0006043865946	7	5.68	0.34167	6.5e+02	-2.81	524
gtcgca	gtcgca|tgcgac	0.0003194888179	0.0002202301626	3	2.07	0.34171	6.5e+02	-2.81	525
cgacaa	cgacaa|ttgtcg	0.0004259850905	0.0003143651046	4	2.95	0.34199	6.5e+02	-2.81	526
caccac	caccac|gtggtg	0.0005324813632	0.0004101000846	5	3.85	0.34204	6.5e+02	-2.81	527
ctgcaa	ctgcaa|ttgcag	0.0005324813632	0.0004112168046	5	3.86	0.34409	6.5e+02	-2.82	528
gacagc	gacagc|gctgtc	0.0003194888179	0.0002218129746	3	2.08	0.34573	6.6e+02	-2.82	529
cagtac	cagtac|gtactg	0.0004259850905	0.0003161619546	4	2.97	0.34577	6.6e+02	-2.82	530
cgtcgc	cgtcgc|gcgacg	0.0002129925453	0.0001305938796	2	1.23	0.34685	6.6e+02	-2.82	531
gcacgc	gcacgc|gcgtgc	0.0003194888179	0.0002224624146	3	2.09	0.34738	6.6e+02	-2.82	532
ggtata	ggtata|tatacc	0.0009584664537	0.0008067435846	9	7.58	0.34838	6.6e+02	-2.82	533
ctcttc	ctcttc|gaagag	0.0006389776358	0.0005111483946	6	4.80	0.34893	6.6e+02	-2.82	534
gcgaca	gcgaca|tgtcgc	0.0003194888179	0.0002231335356	3	2.10	0.34908	6.6e+02	-2.82	535
ctagag	ctagag|ctctag	0.0004259850905	0.0003177865446	4	2.98	0.34919	6.6e+02	-2.82	536
aatcca	aatcca|tggatt	0.0006389776358	0.0005114166846	6	4.80	0.34937	6.6e+02	-2.82	537
ggtaaa	ggtaaa|tttacc	0.0007454739084	0.0006097999146	7	5.73	0.34977	6.7e+02	-2.82	538
gactta	gactta|taagtc	0.0006389776358	0.0005117909046	6	4.81	0.34998	6.7e+02	-2.82	539
ccgcag	ccgcag|ctgcgg	0.0002129925453	0.0001318015806	2	1.24	0.35093	6.7e+02	-2.82	540
cgcaac	cgcaac|gttgcg	0.0003194888179	0.0002245661646	3	2.11	0.35271	6.7e+02	-2.83	541
gatcac	gatcac|gtgatc	0.0004259850905	0.0003195388446	4	3.00	0.35287	6.7e+02	-2.83	542
aacaaa	aacaaa|tttgtt	0.0017039403621	0.0015148272246	16	14.22	0.35293	6.7e+02	-2.83	543
ctgtac	ctgtac|gtacag	0.0004259850905	0.0003200585946	4	3.01	0.35397	6.7e+02	-2.83	544
tgcaaa	tgcaaa|tttgca	0.0011714589989	0.0010117112046	11	9.50	0.35464	6.7e+02	-2.83	545
atgcat	atgcat|atgcat	0.0004259850905	0.0003204325623	4	3.01	0.35475	6.7e+02	-2.83	546
gcttca	gcttca|tgaagc	0.0006389776358	0.0005148252546	6	4.83	0.35497	6.8e+02	-2.83	547
tgttaa	tgttaa|ttaaca	0.0008519701810	0.0007124837046	8	6.69	0.35522	6.8e+02	-2.83	548
atccac	atccac|gtggat	0.0005324813632	0.0004173122346	5	3.92	0.35525	6.8e+02	-2.83	549
cagcaa	cagcaa|ttgctg	0.0005324813632	0.0004178517846	5	3.92	0.35624	6.8e+02	-2.83	550
aaagag	aaagag|ctcttt	0.0012779552716	0.0011142425346	12	10.46	0.35685	6.8e+02	-2.83	551
gggccc	gggccc|gggccc	0.0001064962726	0.0000471536553	1	0.44	0.35775	6.8e+02	-2.83	552
gcctta	gcctta|taaggc	0.0004259850905	0.0003219296946	4	3.02	0.35790	6.8e+02	-2.83	553
agtaac	agtaac|gttact	0.0005324813632	0.0004188813846	5	3.93	0.35813	6.8e+02	-2.83	554
ccctcc	ccctcc|ggaggg	0.0002129925453	0.0001341041226	2	1.26	0.35868	6.8e+02	-2.83	555
cggaag	cggaag|cttccg	0.0003194888179	0.0002269679046	3	2.13	0.35880	6.8e+02	-2.83	556
tcagga	tcagga|tcctga	0.0004259850905	0.0003229563246	4	3.03	0.36006	6.8e+02	-2.84	557
atagcg	atagcg|cgctat	0.0005324813632	0.0004202178846	5	3.95	0.36058	6.9e+02	-2.84	558
aaattg	aaattg|caattt	0.0012779552716	0.0011184500346	12	10.50	0.36151	6.9e+02	-2.84	559
actgcc	actgcc|ggcagt	0.0003194888179	0.0002291666946	3	2.15	0.36436	6.9e+02	-2.84	560
gtggaa	gtggaa|ttccac	0.0007454739084	0.0006197573346	7	5.82	0.36473	6.9e+02	-2.84	561
cagagg	cagagg|cctctg	0.0003194888179	0.0002295211146	3	2.16	0.36526	6.9e+02	-2.84	562
taccaa	taccaa|ttggta	0.0007454739084	0.0006202097646	7	5.82	0.36541	7.0e+02	-2.84	563
taagaa	taagaa|ttctta	0.0012779552716	0.0011219912646	12	10.54	0.36544	7.0e+02	-2.84	564
gcgcac	gcgcac|gtgcgc	0.0003194888179	0.0002297646546	3	2.16	0.36587	7.0e+02	-2.84	565
agcgaa	agcgaa|ttcgct	0.0005324813632	0.0004233551946	5	3.98	0.36634	7.0e+02	-2.84	566
cggctc	cggctc|gagccg	0.0002129925453	0.0001364173566	2	1.28	0.36642	7.0e+02	-2.84	567
cctcta	cctcta|tagagg	0.0004259850905	0.0003268579146	4	3.07	0.36827	7.0e+02	-2.85	568
acgtaa	acgtaa|ttacgt	0.0006389776358	0.0005240183946	6	4.92	0.37009	7.0e+02	-2.85	569
acccgc	acccgc|gcgggt	0.0002129925453	0.0001376892096	2	1.29	0.37067	7.1e+02	-2.85	570
ctttaa	ctttaa|ttaaag	0.0011714589989	0.0010255632846	11	9.63	0.37076	7.1e+02	-2.85	571
acggcc	acggcc|ggccgt	0.0002129925453	0.0001377866256	2	1.29	0.37099	7.1e+02	-2.85	572
accagc	accagc|gctggt	0.0003194888179	0.0002333009346	3	2.19	0.37480	7.1e+02	-2.85	573
atcggg	atcggg|cccgat	0.0002129925453	0.0001389863076	2	1.31	0.37498	7.1e+02	-2.85	574
gaccca	gaccca|tgggtc	0.0003194888179	0.0002334924006	3	2.19	0.37528	7.1e+02	-2.85	575
gtagaa	gtagaa|ttctac	0.0007454739084	0.0006268150446	7	5.89	0.37535	7.1e+02	-2.85	576
gagaga	gagaga|tctctc	0.0006389776358	0.0005273329146	6	4.95	0.37555	7.1e+02	-2.85	577
ctcgaa	ctcgaa|ttcgag	0.0004259850905	0.0003304021146	4	3.10	0.37572	7.1e+02	-2.85	578
tgatca	tgatca|tgatca	0.0003194888179	0.0002340421923	3	2.20	0.37666	7.2e+02	-2.86	579
aagtac	aagtac|gtactt	0.0007454739084	0.0006279327546	7	5.90	0.37704	7.2e+02	-2.86	580
accccc	accccc|gggggt	0.0002129925453	0.0001397400936	2	1.31	0.37749	7.2e+02	-2.86	581
gtaaga	gtaaga|tcttac	0.0006389776358	0.0005285644746	6	4.96	0.37758	7.2e+02	-2.86	582
tggaca	tggaca|tgtcca	0.0005324813632	0.0004298377146	5	4.04	0.37823	7.2e+02	-2.86	583
acaagt	acaagt|acttgt	0.0008519701810	0.0007302621246	8	6.86	0.38001	7.2e+02	-2.86	584
tcccaa	tcccaa|ttggga	0.0005324813632	0.0004312375746	5	4.05	0.38080	7.2e+02	-2.86	585
ttacaa	ttacaa|ttgtaa	0.0010649627263	0.0009331101546	10	8.76	0.38124	7.3e+02	-2.86	586
aaacga	aaacga|tcgttt	0.0008519701810	0.0007311689646	8	6.87	0.38127	7.3e+02	-2.86	587
acagga	acagga|tcctgt	0.0004259850905	0.0003331186746	4	3.13	0.38142	7.3e+02	-2.86	588
tcaaga	tcaaga|tcttga	0.0008519701810	0.0007317352446	8	6.87	0.38206	7.3e+02	-2.86	589
tcgtaa	tcgtaa|ttacga	0.0005324813632	0.0004319414646	5	4.06	0.38209	7.3e+02	-2.86	590
aggttc	aggttc|gaacct	0.0004259850905	0.0003336829746	4	3.13	0.38261	7.3e+02	-2.86	591
caccca	caccca|tgggtg	0.0004259850905	0.0003338591946	4	3.13	0.38297	7.3e+02	-2.86	592
cagata	cagata|tatctg	0.0007454739084	0.0006321135246	7	5.94	0.38334	7.3e+02	-2.86	593
ggtaac	ggtaac|gttacc	0.0003194888179	0.0002369619546	3	2.23	0.38401	7.3e+02	-2.86	594
aacatg	aacatg|catgtt	0.0007454739084	0.0006335411046	7	5.95	0.38550	7.3e+02	-2.87	595
aaccct	aaccct|agggtt	0.0004259850905	0.0003353630046	4	3.15	0.38613	7.3e+02	-2.87	596
acgggc	acgggc|gcccgt	0.0002129925453	0.0001423628016	2	1.34	0.38616	7.3e+02	-2.87	597
catcgg	catcgg|ccgatg	0.0002129925453	0.0001425840666	2	1.34	0.38689	7.4e+02	-2.87	598
ggttac	ggttac|gtaacc	0.0003194888179	0.0002381113446	3	2.24	0.38689	7.4e+02	-2.87	599
gcacac	gcacac|gtgtgc	0.0005324813632	0.0004346649546	5	4.08	0.38709	7.4e+02	-2.87	600
agctgg	agctgg|ccagct	0.0003194888179	0.0002382291546	3	2.24	0.38719	7.4e+02	-2.87	601
gattga	gattga|tcaatc	0.0005324813632	0.0004348441446	5	4.08	0.38741	7.4e+02	-2.87	602
atgaac	atgaac|gttcat	0.0007454739084	0.0006360883746	7	5.97	0.38934	7.4e+02	-2.87	603
atctcc	atctcc|ggagat	0.0004259850905	0.0003371360946	4	3.17	0.38984	7.4e+02	-2.87	604
atacat	atacat|atgtat	0.0013844515442	0.0012466421646	13	11.71	0.39043	7.4e+02	-2.87	605
gagtgc	gagtgc|gcactc	0.0004259850905	0.0003378073146	4	3.17	0.39125	7.4e+02	-2.87	606
attgta	attgta|tacaat	0.0009584664537	0.0008398917546	9	7.89	0.39162	7.4e+02	-2.87	607
acggca	acggca|tgccgt	0.0003194888179	0.0002407861266	3	2.26	0.39360	7.5e+02	-2.87	608
agaggg	agaggg|ccctct	0.0003194888179	0.0002409734346	3	2.26	0.39407	7.5e+02	-2.87	609
cgctta	cgctta|taagcg	0.0004259850905	0.0003395150646	4	3.19	0.39483	7.5e+02	-2.88	610
gacgta	gacgta|tacgtc	0.0004259850905	0.0003396200046	4	3.19	0.39504	7.5e+02	-2.88	611
aagaag	aagaag|cttctt	0.0010649627263	0.0009444199146	10	8.87	0.39521	7.5e+02	-2.88	612
cggtaa	cggtaa|ttaccg	0.0003194888179	0.0002415050646	3	2.27	0.39540	7.5e+02	-2.88	613
attgcc	attgcc|ggcaat	0.0004259850905	0.0003399229446	4	3.19	0.39568	7.5e+02	-2.88	614
aatagc	aatagc|gctatt	0.0007454739084	0.0006404344746	7	6.01	0.39590	7.5e+02	-2.88	615
accaat	accaat|attggt	0.0006389776358	0.0005402553846	6	5.07	0.39685	7.5e+02	-2.88	616
cacatc	cacatc|gatgtg	0.0005324813632	0.0004400010546	5	4.13	0.39686	7.5e+02	-2.88	617
gcgcta	gcgcta|tagcgc	0.0003194888179	0.0002421455946	3	2.27	0.39700	7.6e+02	-2.88	618
aagtcg	aagtcg|cgactt	0.0004259850905	0.0003410822346	4	3.20	0.39810	7.6e+02	-2.88	619
cggcca	cggcca|tggccg	0.0002129925453	0.0001465422846	2	1.38	0.39987	7.6e+02	-2.88	620
aaaaat	aaaaat|attttt	0.0039403620873	0.0037443606846	37	35.16	0.40016	7.6e+02	-2.88	621
ggcaca	ggcaca|tgtgcc	0.0004259850905	0.0003422534046	4	3.21	0.40055	7.6e+02	-2.88	622
agttaa	agttaa|ttaact	0.0007454739084	0.0006438499746	7	6.05	0.40105	7.6e+02	-2.88	623
cattgg	cattgg|ccaatg	0.0004259850905	0.0003427731546	4	3.22	0.40164	7.6e+02	-2.88	624
cataca	cataca|tgtatg	0.0009584664537	0.0008476711746	9	7.96	0.40182	7.6e+02	-2.88	625
ccacac	ccacac|gtgtgg	0.0005324813632	0.0004428482946	5	4.16	0.40207	7.6e+02	-2.88	626
cgcgag	cgcgag|ctcgcg	0.0002129925453	0.0001472673606	2	1.38	0.40224	7.7e+02	-2.88	627
atgggg	atgggg|ccccat	0.0003194888179	0.0002446512846	3	2.30	0.40325	7.7e+02	-2.88	628
ctcatc	ctcatc|gatgag	0.0004259850905	0.0003441373746	4	3.23	0.40448	7.7e+02	-2.89	629
cagaga	cagaga|tctctg	0.0005324813632	0.0004442729046	5	4.17	0.40468	7.7e+02	-2.89	630
gcagta	gcagta|tactgc	0.0004259850905	0.0003448531446	4	3.24	0.40598	7.7e+02	-2.89	631
aactag	aactag|ctagtt	0.0005324813632	0.0004451708346	5	4.18	0.40632	7.7e+02	-2.89	632
ggttta	ggttta|taaacc	0.0006389776358	0.0005470646046	6	5.14	0.40806	7.8e+02	-2.89	633
gtagta	gtagta|tactac	0.0005324813632	0.0004465340646	5	4.19	0.40881	7.8e+02	-2.89	634
gctgcc	gctgcc|ggcagc	0.0002129925453	0.0001493078496	2	1.40	0.40887	7.8e+02	-2.89	635
atgtcc	atgtcc|ggacat	0.0004259850905	0.0003464510046	4	3.25	0.40931	7.8e+02	-2.89	636
attcca	attcca|tggaat	0.0007454739084	0.0006496682046	7	6.10	0.40982	7.8e+02	-2.89	637
gtacta	gtacta|tagtac	0.0005324813632	0.0004472161746	5	4.20	0.41006	7.8e+02	-2.89	638
agagta	agagta|tactct	0.0007454739084	0.0006506324646	7	6.11	0.41128	7.8e+02	-2.89	639
ctcccc	ctcccc|ggggag	0.0002129925453	0.0001502014236	2	1.41	0.41176	7.8e+02	-2.89	640
gataaa	gataaa|tttatc	0.0012779552716	0.0011635475046	12	10.93	0.41186	7.8e+02	-2.89	641
ctctac	ctctac|gtagag	0.0004259850905	0.0003477340446	4	3.27	0.41198	7.8e+02	-2.89	642
cctaaa	cctaaa|tttagg	0.0006389776358	0.0005506048446	6	5.17	0.41388	7.9e+02	-2.90	643
ctggcc	ctggcc|ggccag	0.0002129925453	0.0001513184406	2	1.42	0.41537	7.9e+02	-2.90	644
ggagcc	ggagcc|ggctcc	0.0002129925453	0.0001513374486	2	1.42	0.41543	7.9e+02	-2.90	645
ggtgaa	ggtgaa|ttcacc	0.0006389776358	0.0005515829646	6	5.18	0.41549	7.9e+02	-2.90	646
acaaga	acaaga|tcttgt	0.0008519701810	0.0007558506546	8	7.10	0.41581	7.9e+02	-2.90	647
gttaaa	gttaaa|tttaac	0.0009584664537	0.0008588116446	9	8.06	0.41642	7.9e+02	-2.90	648
cattcc	cattcc|ggaatg	0.0004259850905	0.0003498793746	4	3.29	0.41644	7.9e+02	-2.90	649
gtttaa	gtttaa|ttaaac	0.0009584664537	0.0008595521646	9	8.07	0.41739	7.9e+02	-2.90	650
cacccg	cacccg|cgggtg	0.0002129925453	0.0001519761966	2	1.43	0.41748	7.9e+02	-2.90	651
ctccgc	ctccgc|gcggag	0.0002129925453	0.0001522877496	2	1.43	0.41848	8.0e+02	-2.90	652
ttagaa	ttagaa|ttctaa	0.0010649627263	0.0009635615646	10	9.05	0.41890	8.0e+02	-2.90	653
aagcat	aagcat|atgctt	0.0008519701810	0.0007582058646	8	7.12	0.41910	8.0e+02	-2.90	654
gtataa	gtataa|ttatac	0.0013844515442	0.0012748502346	13	11.97	0.42070	8.0e+02	-2.90	655
aaccta	aaccta|taggtt	0.0005324813632	0.0004540055946	5	4.26	0.42243	8.0e+02	-2.90	656
ataaga	ataaga|tcttat	0.0012779552716	0.0011735989746	12	11.02	0.42313	8.0e+02	-2.91	657
attgga	attgga|tccaat	0.0006389776358	0.0005567141346	6	5.23	0.42391	8.1e+02	-2.91	658
acgcag	acgcag|ctgcgt	0.0003194888179	0.0002531732046	3	2.38	0.42436	8.1e+02	-2.91	659
acccca	acccca|tggggt	0.0003194888179	0.0002541879546	3	2.39	0.42686	8.1e+02	-2.91	660
gtcaaa	gtcaaa|tttgac	0.0009584664537	0.0008669395446	9	8.14	0.42707	8.1e+02	-2.91	661
cgcaca	cgcaca|tgtgcg	0.0004259850905	0.0003550105446	4	3.33	0.42707	8.1e+02	-2.91	662
aagggg	aagggg|cccctt	0.0003194888179	0.0002543572446	3	2.39	0.42727	8.1e+02	-2.91	663
aaattt	aaattt|aaattt	0.0013844515442	0.0012813136923	13	12.03	0.42764	8.1e+02	-2.91	664
acagta	acagta|tactgt	0.0006389776358	0.0005590218246	6	5.25	0.42769	8.1e+02	-2.91	665
cgcgtc	cgcgtc|gacgcg	0.0002129925453	0.0001563506106	2	1.47	0.43146	8.2e+02	-2.91	666
atacca	atacca|tggtat	0.0008519701810	0.0007671198246	8	7.20	0.43155	8.2e+02	-2.91	667
ccttag	ccttag|ctaagg	0.0003194888179	0.0002564263446	3	2.41	0.43235	8.2e+02	-2.92	668
gctccc	gctccc|gggagc	0.0002129925453	0.0001568142276	2	1.47	0.43294	8.2e+02	-2.92	669
ataaat	ataaat|atttat	0.0020234291800	0.0019140991746	19	17.97	0.43526	8.3e+02	-2.92	670
catccg	catccg|cggatg	0.0002129925453	0.0001580816256	2	1.48	0.43695	8.3e+02	-2.92	671
acatcg	acatcg|cgatgt	0.0003194888179	0.0002586301836	3	2.43	0.43774	8.3e+02	-2.92	672
gcgagc	gcgagc|gctcgc	0.0002129925453	0.0001584574296	2	1.49	0.43813	8.3e+02	-2.92	673
gtgcaa	gtgcaa|ttgcac	0.0006389776358	0.0005660379546	6	5.32	0.43917	8.4e+02	-2.92	674
cttcta	cttcta|tagaag	0.0007454739084	0.0006699691446	7	6.29	0.44035	8.4e+02	-2.92	675
ctagtc	ctagtc|gactag	0.0003194888179	0.0002600942946	3	2.44	0.44131	8.4e+02	-2.92	676
gcgcga	gcgcga|tcgcgc	0.0002129925453	0.0001596507756	2	1.50	0.44189	8.4e+02	-2.92	677
gagccc	gagccc|gggctc	0.0002129925453	0.0001598063046	2	1.50	0.44238	8.4e+02	-2.93	678
atattg	atattg|caatat	0.0014909478168	0.0014025839946	14	13.17	0.44568	8.5e+02	-2.93	679
ccacga	ccacga|tcgtgg	0.0003194888179	0.0002619515346	3	2.46	0.44583	8.5e+02	-2.93	680
agctca	agctca|tgagct	0.0005324813632	0.0004669973646	5	4.39	0.44598	8.5e+02	-2.93	681
gacaga	gacaga|tctgtc	0.0004259850905	0.0003644452446	4	3.42	0.44649	8.5e+02	-2.93	682
aggcca	aggcca|tggcct	0.0003194888179	0.0002623514946	3	2.46	0.44680	8.5e+02	-2.93	683
agtcgg	agtcgg|ccgact	0.0002129925453	0.0001616573076	2	1.52	0.44818	8.5e+02	-2.93	684
cctacg	cctacg|cgtagg	0.0002129925453	0.0001623812946	2	1.52	0.45044	8.6e+02	-2.93	685
gccagc	gccagc|gctggc	0.0002129925453	0.0001624617816	2	1.53	0.45069	8.6e+02	-2.93	686
ctatca	ctatca|tgatag	0.0006389776358	0.0005732174346	6	5.38	0.45086	8.6e+02	-2.93	687
ccccca	ccccca|tggggg	0.0002129925453	0.0001629582666	2	1.53	0.45224	8.6e+02	-2.93	688
aaaagt	aaaagt|actttt	0.0022364217252	0.0021436593846	21	20.13	0.45237	8.6e+02	-2.93	689
caccta	caccta|taggtg	0.0004259850905	0.0003673994046	4	3.45	0.45253	8.6e+02	-2.93	690
gacgca	gacgca|tgcgtc	0.0003194888179	0.0002648304546	3	2.49	0.45280	8.6e+02	-2.94	691
tataga	tataga|tctata	0.0014909478168	0.0014099891946	14	13.24	0.45332	8.6e+02	-2.94	692
aatcgc	aatcgc|gcgatt	0.0003194888179	0.0002654620746	3	2.49	0.45433	8.6e+02	-2.94	693
cagaag	cagaag|cttctg	0.0005324813632	0.0004730017146	5	4.44	0.45678	8.7e+02	-2.94	694
ccattc	ccattc|gaatgg	0.0004259850905	0.0003695724546	4	3.47	0.45696	8.7e+02	-2.94	695
gaatgc	gaatgc|gcattc	0.0004259850905	0.0003695793846	4	3.47	0.45697	8.7e+02	-2.94	696
ggaata	ggaata|tattcc	0.0007454739084	0.0006813650346	7	6.40	0.45738	8.7e+02	-2.94	697
agaaac	agaaac|gtttct	0.0009584664537	0.0008907361746	9	8.36	0.45815	8.7e+02	-2.94	698
cttccc	cttccc|gggaag	0.0003194888179	0.0002670589446	3	2.51	0.45817	8.7e+02	-2.94	699
ccagaa	ccagaa|ttctgg	0.0005324813632	0.0004739075646	5	4.45	0.45840	8.7e+02	-2.94	700
ccgata	ccgata|tatcgg	0.0003194888179	0.0002672995146	3	2.51	0.45875	8.7e+02	-2.94	701
gcgcgc	gcgcgc|gcgcgc	0.0001064962726	0.0000653896533	1	0.61	0.45883	8.7e+02	-2.94	702
atggcg	atggcg|cgccat	0.0003194888179	0.0002673502026	3	2.51	0.45887	8.7e+02	-2.94	703
ggtgac	ggtgac|gtcacc	0.0003194888179	0.0002679925146	3	2.52	0.46042	8.8e+02	-2.94	704
aacgag	aacgag|ctcgtt	0.0004259850905	0.0003717752046	4	3.49	0.46144	8.8e+02	-2.94	705
ggggaa	ggggaa|ttcccc	0.0003194888179	0.0002687855046	3	2.52	0.46232	8.8e+02	-2.94	706
agacgc	agacgc|gcgtct	0.0003194888179	0.0002690062746	3	2.53	0.46285	8.8e+02	-2.94	707
tactaa	tactaa|ttagta	0.0007454739084	0.0006852299946	7	6.43	0.46313	8.8e+02	-2.94	708
gaaggc	gaaggc|gccttc	0.0003194888179	0.0002692666446	3	2.53	0.46347	8.8e+02	-2.95	709
aaatcc	aaatcc|ggattt	0.0006389776358	0.0005813344446	6	5.46	0.46402	8.8e+02	-2.95	710
acctta	acctta|taaggt	0.0005324813632	0.0004774121646	5	4.48	0.46467	8.8e+02	-2.95	711
tcccga	tcccga|tcggga	0.0002129925453	0.0001671894276	2	1.57	0.46531	8.9e+02	-2.95	712
gtccta	gtccta|taggac	0.0003194888179	0.0002700893346	3	2.54	0.46544	8.9e+02	-2.95	713
attatc	attatc|gataat	0.0007454739084	0.0006869525946	7	6.45	0.46569	8.9e+02	-2.95	714
acagac	acagac|gtctgt	0.0004259850905	0.0003745620546	4	3.52	0.46708	8.9e+02	-2.95	715
aaccgg	aaccgg|ccggtt	0.0002129925453	0.0001677714486	2	1.58	0.46709	8.9e+02	-2.95	716
agaacc	agaacc|ggttct	0.0004259850905	0.0003751095246	4	3.52	0.46819	8.9e+02	-2.95	717
attatg	attatg|cataat	0.0009584664537	0.0008993075946	9	8.44	0.46928	8.9e+02	-2.95	718
actcat	actcat|atgagt	0.0007454739084	0.0006898235946	7	6.48	0.46995	8.9e+02	-2.95	719
agagcc	agagcc|ggctct	0.0003194888179	0.0002727662946	3	2.56	0.47183	9.0e+02	-2.95	720
aacacg	aacacg|cgtgtt	0.0005324813632	0.0004814632446	5	4.52	0.47189	9.0e+02	-2.95	721
ccacgg	ccacgg|ccgtgg	0.0002129925453	0.0001695579036	2	1.59	0.47255	9.0e+02	-2.95	722
caagcc	caagcc|ggcttg	0.0003194888179	0.0002730702246	3	2.56	0.47255	9.0e+02	-2.95	723
accgga	accgga|tccggt	0.0002129925453	0.0001702054626	2	1.60	0.47451	9.0e+02	-2.96	724
cgatac	cgatac|gtatcg	0.0003194888179	0.0002739156846	3	2.57	0.47456	9.0e+02	-2.96	725
ataatc	ataatc|gattat	0.0007454739084	0.0006932569146	7	6.51	0.47503	9.0e+02	-2.96	726
taaata	taaata|tattta	0.0019169329073	0.0018545813646	18	17.41	0.47586	9.1e+02	-2.96	727
catgta	catgta|tacatg	0.0006389776358	0.0005887000446	6	5.53	0.47588	9.1e+02	-2.96	728
cactcg	cactcg|cgagtg	0.0003194888179	0.0002745472056	3	2.58	0.47605	9.1e+02	-2.96	729
taatga	taatga|tcatta	0.0007454739084	0.0006947013246	7	6.52	0.47716	9.1e+02	-2.96	730
actaaa	actaaa|tttagt	0.0010649627263	0.0010109043546	10	9.49	0.47722	9.1e+02	-2.96	731
catttc	catttc|gaaatg	0.0008519701810	0.0008005758846	8	7.52	0.47794	9.1e+02	-2.96	732
aaccac	aaccac|gtggtt	0.0005324813632	0.0004851905946	5	4.56	0.47851	9.1e+02	-2.96	733
gcgtca	gcgtca|tgacgc	0.0003194888179	0.0002756719446	3	2.59	0.47872	9.1e+02	-2.96	734
cgaacc	cgaacc|ggttcg	0.0002129925453	0.0001719302406	2	1.61	0.47973	9.1e+02	-2.96	735
aactga	aactga|tcagtt	0.0006389776358	0.0005914740246	6	5.55	0.48033	9.1e+02	-2.96	736
agagca	agagca|tgctct	0.0005324813632	0.0004863310746	5	4.57	0.48052	9.1e+02	-2.96	737
taagca	taagca|tgctta	0.0006389776358	0.0005921996946	6	5.56	0.48149	9.2e+02	-2.96	738
attagc	attagc|gctaat	0.0004259850905	0.0003817969746	4	3.59	0.48163	9.2e+02	-2.96	739
acttct	acttct|agaagt	0.0008519701810	0.0008035340046	8	7.55	0.48200	9.2e+02	-2.96	740
ctaccc	ctaccc|gggtag	0.0002129925453	0.0001727160036	2	1.62	0.48210	9.2e+02	-2.96	741
actacc	actacc|ggtagt	0.0003194888179	0.0002773955346	3	2.60	0.48278	9.2e+02	-2.96	742
accaga	accaga|tctggt	0.0004259850905	0.0003826681746	4	3.59	0.48337	9.2e+02	-2.96	743
aggtgc	aggtgc|gcacct	0.0003194888179	0.0002779182546	3	2.61	0.48401	9.2e+02	-2.96	744
gtgaaa	gtgaaa|tttcac	0.0013844515442	0.0013347491946	13	12.53	0.48483	9.2e+02	-2.96	745
acccat	acccat|atgggt	0.0004259850905	0.0003834393846	4	3.60	0.48491	9.2e+02	-2.96	746
attgag	attgag|ctcaat	0.0006389776358	0.0005953261146	6	5.59	0.48649	9.3e+02	-2.97	747
gctcta	gctcta|tagagc	0.0004259850905	0.0003842323746	4	3.61	0.48649	9.3e+02	-2.97	748
agcgcc	agcgcc|ggcgct	0.0002129925453	0.0001742652546	2	1.64	0.48675	9.3e+02	-2.97	749
caacac	caacac|gtgttg	0.0005324813632	0.0004900118946	5	4.60	0.48702	9.3e+02	-2.97	750
aatgct	aatgct|agcatt	0.0006389776358	0.0005959458546	6	5.60	0.48748	9.3e+02	-2.97	751
gaccac	gaccac|gtggtc	0.0003194888179	0.0002793992946	3	2.62	0.48749	9.3e+02	-2.97	752
acctca	acctca|tgaggt	0.0004259850905	0.0003848303346	4	3.61	0.48769	9.3e+02	-2.97	753
ccaagc	ccaagc|gcttgg	0.0003194888179	0.0002798190546	3	2.63	0.48847	9.3e+02	-2.97	754
accttg	accttg|caaggt	0.0004259850905	0.0003853837446	4	3.62	0.48879	9.3e+02	-2.97	755
actcta	actcta|tagagt	0.0006389776358	0.0005971081146	6	5.61	0.48933	9.3e+02	-2.97	756
gactac	gactac|gtagtc	0.0003194888179	0.0002802209946	3	2.63	0.48942	9.3e+02	-2.97	757
actact	actact|agtagt	0.0005324813632	0.0004914761046	5	4.61	0.48960	9.3e+02	-2.97	758
agacaa	agacaa|ttgtct	0.0007454739084	0.0007040281146	7	6.61	0.49088	9.3e+02	-2.97	759
aggatg	aggatg|catcct	0.0003194888179	0.0002809436946	3	2.64	0.49111	9.3e+02	-2.97	760
ctagcc	ctagcc|ggctag	0.0002129925453	0.0001760148816	2	1.65	0.49197	9.4e+02	-2.97	761
tcataa	tcataa|ttatga	0.0011714589989	0.0011298449346	11	10.61	0.49277	9.4e+02	-2.97	762
gcccca	gcccca|tggggc	0.0002129925453	0.0001764078126	2	1.66	0.49313	9.4e+02	-2.97	763
gaagcc	gaagcc|ggcttc	0.0003194888179	0.0002821346646	3	2.65	0.49388	9.4e+02	-2.97	764
acttga	acttga|tcaagt	0.0007454739084	0.0007062080946	7	6.63	0.49408	9.4e+02	-2.97	765
acgaag	acgaag|cttcgt	0.0004259850905	0.0003885953046	4	3.65	0.49516	9.4e+02	-2.97	766
gaagca	gaagca|tgcttc	0.0005324813632	0.0004952509746	5	4.65	0.49622	9.4e+02	-2.97	767
acgatg	acgatg|catcgt	0.0003194888179	0.0002831776296	3	2.66	0.49631	9.4e+02	-2.97	768
cttacc	cttacc|ggtaag	0.0003194888179	0.0002831919846	3	2.66	0.49635	9.4e+02	-2.97	769
atgtcg	atgtcg|cgacat	0.0003194888179	0.0002840829846	3	2.67	0.49841	9.5e+02	-2.98	770
ctccca	ctccca|tgggag	0.0003194888179	0.0002845040316	3	2.67	0.49939	9.5e+02	-2.98	771
cgctag	cgctag|ctagcg	0.0002129925453	0.0001788056916	2	1.68	0.50022	9.5e+02	-2.98	772
atacag	atacag|ctgtat	0.0007454739084	0.0007104462846	7	6.67	0.50026	9.5e+02	-2.98	773
cacgag	cacgag|ctcgtg	0.0003194888179	0.0002851165446	3	2.68	0.50081	9.5e+02	-2.98	774
cataga	cataga|tctatg	0.0007454739084	0.0007112679846	7	6.68	0.50146	9.5e+02	-2.98	775
gtacga	gtacga|tcgtac	0.0003194888179	0.0002854360176	3	2.68	0.50155	9.5e+02	-2.98	776
ataaca	ataaca|tgttat	0.0010649627263	0.0010315013046	10	9.69	0.50224	9.6e+02	-2.98	777
atatcg	atatcg|cgatat	0.0006389776358	0.0006056518146	6	5.69	0.50288	9.6e+02	-2.98	778
ctcgga	ctcgga|tccgag	0.0002129925453	0.0001797878706	2	1.69	0.50310	9.6e+02	-2.98	779
aagcac	aagcac|gtgctt	0.0006389776358	0.0006058220946	6	5.69	0.50315	9.6e+02	-2.98	780
cacacc	cacacc|ggtgtg	0.0004259850905	0.0003929196246	4	3.69	0.50368	9.6e+02	-2.98	781
cctatc	cctatc|gatagg	0.0003194888179	0.0002865956046	3	2.69	0.50423	9.6e+02	-2.98	782
agtccg	agtccg|cggact	0.0002129925453	0.0001802154516	2	1.69	0.50435	9.6e+02	-2.98	783
ctctcc	ctctcc|ggagag	0.0003194888179	0.0002869432926	3	2.69	0.50503	9.6e+02	-2.98	784
tgacaa	tgacaa|ttgtca	0.0007454739084	0.0007137895146	7	6.70	0.50513	9.6e+02	-2.98	785
cctgaa	cctgaa|ttcagg	0.0004259850905	0.0003937314246	4	3.70	0.50528	9.6e+02	-2.98	786
taggga	taggga|tcccta	0.0003194888179	0.0002871896046	3	2.70	0.50559	9.6e+02	-2.98	787
aagtgc	aagtgc|gcactt	0.0006389776358	0.0006084436146	6	5.71	0.50728	9.6e+02	-2.98	788
agccga	agccga|tcggct	0.0002129925453	0.0001815674946	2	1.70	0.50830	9.7e+02	-2.99	789
acgttc	acgttc|gaacgt	0.0004259850905	0.0003952936446	4	3.71	0.50834	9.7e+02	-2.99	790
aaagcc	aaagcc|ggcttt	0.0006389776358	0.0006093247146	6	5.72	0.50866	9.7e+02	-2.99	791
agaacg	agaacg|cgttct	0.0004259850905	0.0003962272146	4	3.72	0.51016	9.7e+02	-2.99	792
cactaa	cactaa|ttagtg	0.0006389776358	0.0006103345146	6	5.73	0.51025	9.7e+02	-2.99	793
cacctc	cacctc|gaggtg	0.0003194888179	0.0002892369246	3	2.72	0.51030	9.7e+02	-2.99	794
gagcca	gagcca|tggctc	0.0003194888179	0.0002892379146	3	2.72	0.51030	9.7e+02	-2.99	795
atggga	atggga|tcccat	0.0004259850905	0.0003965945046	4	3.72	0.51088	9.7e+02	-2.99	796
ctaatc	ctaatc|gattag	0.0003194888179	0.0002895101646	3	2.72	0.51092	9.7e+02	-2.99	797
cgaacg	cgaacg|cgttcg	0.0002129925453	0.0001828273686	2	1.72	0.51196	9.7e+02	-2.99	798
cagtag	cagtag|ctactg	0.0003194888179	0.0002902001946	3	2.72	0.51250	9.7e+02	-2.99	799
aggacc	aggacc|ggtcct	0.0002129925453	0.0001832085186	2	1.72	0.51306	9.8e+02	-2.99	800
tggcaa	tggcaa|ttgcca	0.0005324813632	0.0005049707946	5	4.74	0.51311	9.8e+02	-2.99	801
gaacac	gaacac|gtgttc	0.0005324813632	0.0005052539346	5	4.74	0.51360	9.8e+02	-2.99	802
actcgg	actcgg|ccgagt	0.0002129925453	0.0001835551176	2	1.72	0.51406	9.8e+02	-2.99	803
actgaa	actgaa|ttcagt	0.0007454739084	0.0007205462646	7	6.77	0.51491	9.8e+02	-2.99	804
ggtaga	ggtaga|tctacc	0.0003194888179	0.0002918990346	3	2.74	0.51637	9.8e+02	-2.99	805
accacg	accacg|cgtggt	0.0003194888179	0.0002921712846	3	2.74	0.51699	9.8e+02	-2.99	806
aagcgt	aagcgt|acgctt	0.0005324813632	0.0005088387246	5	4.78	0.51976	9.9e+02	-3.00	807
gtgaac	gtgaac|gttcac	0.0005324813632	0.0005088812946	5	4.78	0.51984	9.9e+02	-3.00	808
acgaga	acgaga|tctcgt	0.0004259850905	0.0004013900646	4	3.77	0.52020	9.9e+02	-3.00	809
agcatg	agcatg|catgct	0.0004259850905	0.0004014365946	4	3.77	0.52029	9.9e+02	-3.00	810
aaagat	aaagat|atcttt	0.0013844515442	0.0013697100546	13	12.86	0.52166	9.9e+02	-3.00	811
agaagc	agaagc|gcttct	0.0005324813632	0.0005101900746	5	4.79	0.52208	9.9e+02	-3.00	812
cgctaa	cgctaa|ttagcg	0.0003194888179	0.0002945641146	3	2.77	0.52242	9.9e+02	-3.00	813
caggta	caggta|tacctg	0.0003194888179	0.0002947502346	3	2.77	0.52284	9.9e+02	-3.00	814
cgtgcc	cgtgcc|ggcacg	0.0002129925453	0.0001866339186	2	1.75	0.52290	9.9e+02	-3.00	815
cttctc	cttctc|gagaag	0.0005324813632	0.0005111483946	5	4.80	0.52372	1.0e+03	-3.00	816
atcgaa	atcgaa|ttcgat	0.0004259850905	0.0004034502546	4	3.79	0.52417	1.0e+03	-3.00	817
acggtc	acggtc|gaccgt	0.0002129925453	0.0001871394126	2	1.76	0.52434	1.0e+03	-3.00	818
caaagg	caaagg|cctttg	0.0005324813632	0.0005118958446	5	4.81	0.52500	1.0e+03	-3.00	819
agtgga	agtgga|tccact	0.0005324813632	0.0005123591646	5	4.81	0.52579	1.0e+03	-3.00	820
agaccg	agaccg|cggtct	0.0002129925453	0.0001877751906	2	1.76	0.52615	1.0e+03	-3.00	821
ctacag	ctacag|ctgtag	0.0003194888179	0.0002962213746	3	2.78	0.52616	1.0e+03	-3.00	822
cgtagc	cgtagc|gctacg	0.0002129925453	0.0001878246906	2	1.76	0.52629	1.0e+03	-3.00	823
acctaa	acctaa|ttaggt	0.0004259850905	0.0004051649346	4	3.80	0.52747	1.0e+03	-3.00	824
accgta	accgta|tacggt	0.0003194888179	0.0002973648246	3	2.79	0.52873	1.0e+03	-3.00	825
cgagta	cgagta|tactcg	0.0003194888179	0.0002979538746	3	2.80	0.53005	1.0e+03	-3.00	826
gccaaa	gccaaa|tttggc	0.0006389776358	0.0006236539746	6	5.86	0.53098	1.0e+03	-3.00	827
atagca	atagca|tgctat	0.0007454739084	0.0007321104546	7	6.87	0.53148	1.0e+03	-3.00	828
gatgcc	gatgcc|ggcatc	0.0002129925453	0.0001896650016	2	1.78	0.53149	1.0e+03	-3.00	829
agtacc	agtacc|ggtact	0.0003194888179	0.0002989676346	3	2.81	0.53231	1.0e+03	-3.01	830
aggtat	aggtat|atacct	0.0006389776358	0.0006245459646	6	5.86	0.53236	1.0e+03	-3.01	831
cctcaa	cctcaa|ttgagg	0.0004259850905	0.0004079874246	4	3.83	0.53287	1.0e+03	-3.01	832
ggctac	ggctac|gtagcc	0.0002129925453	0.0001903729506	2	1.79	0.53349	1.0e+03	-3.01	833
cgtaag	cgtaag|cttacg	0.0003194888179	0.0002996645946	3	2.81	0.53387	1.0e+03	-3.01	834
aagcga	aagcga|tcgctt	0.0004259850905	0.0004086150846	4	3.84	0.53407	1.0e+03	-3.01	835
ggacga	ggacga|tcgtcc	0.0002129925453	0.0001908784446	2	1.79	0.53491	1.0e+03	-3.01	836
ataacc	ataacc|ggttat	0.0005324813632	0.0005177328846	5	4.86	0.53492	1.0e+03	-3.01	837
caggac	caggac|gtcctg	0.0002129925453	0.0001910444676	2	1.79	0.53537	1.0e+03	-3.01	838
agtaga	agtaga|tctact	0.0005324813632	0.0005180130546	5	4.86	0.53539	1.0e+03	-3.01	839
ccctta	ccctta|taaggg	0.0003194888179	0.0003005734146	3	2.82	0.53589	1.0e+03	-3.01	840
aggaag	aggaag|cttcct	0.0004259850905	0.0004100416746	4	3.85	0.53678	1.0e+03	-3.01	841
aagacc	aagacc|ggtctt	0.0004259850905	0.0004101030546	4	3.85	0.53690	1.0e+03	-3.01	842
agttcg	agttcg|cgaact	0.0003194888179	0.0003012872046	3	2.83	0.53748	1.0e+03	-3.01	843
ctctga	ctctga|tcagag	0.0004259850905	0.0004111059246	4	3.86	0.53880	1.0e+03	-3.01	844
acacag	acacag|ctgtgt	0.0005324813632	0.0005204345946	5	4.89	0.53948	1.0e+03	-3.01	845
atccat	atccat|atggat	0.0005324813632	0.0005207929746	5	4.89	0.54008	1.0e+03	-3.01	846
cctgac	cctgac|gtcagg	0.0002129925453	0.0001927581576	2	1.81	0.54015	1.0e+03	-3.01	847
agggaa	agggaa|ttccct	0.0004259850905	0.0004119573246	4	3.87	0.54042	1.0e+03	-3.01	848
cctcac	cctcac|gtgagg	0.0003194888179	0.0003026870646	3	2.84	0.54058	1.0e+03	-3.01	849
cggata	cggata|tatccg	0.0003194888179	0.0003033513546	3	2.85	0.54205	1.0e+03	-3.01	850
catcag	catcag|ctgatg	0.0003194888179	0.0003033919446	3	2.85	0.54214	1.0e+03	-3.01	851
aggacg	aggacg|cgtcct	0.0002129925453	0.0001936563846	2	1.82	0.54265	1.0e+03	-3.01	852
gtcata	gtcata|tatgac	0.0007454739084	0.0007403284446	7	6.95	0.54312	1.0e+03	-3.01	853
ctgaaa	ctgaaa|tttcag	0.0009584664537	0.0009575215746	9	8.99	0.54324	1.0e+03	-3.01	854
agcacg	agcacg|cgtgct	0.0003194888179	0.0003047145846	3	2.86	0.54505	1.0e+03	-3.02	855
gccacc	gccacc|ggtggc	0.0002129925453	0.0001946663826	2	1.83	0.54544	1.0e+03	-3.02	856
ttgaaa	ttgaaa|tttcaa	0.0018104366347	0.0018249754146	17	17.14	0.54545	1.0e+03	-3.02	857
cgcatc	cgcatc|gatgcg	0.0002129925453	0.0001949400186	2	1.83	0.54620	1.0e+03	-3.02	858
taccta	taccta|taggta	0.0004259850905	0.0004160579046	4	3.91	0.54815	1.0e+03	-3.02	859
gcttta	gcttta|taaagc	0.0007454739084	0.0007441983546	7	6.99	0.54856	1.0e+03	-3.02	860
cggaca	cggaca|tgtccg	0.0002129925453	0.0001959082386	2	1.84	0.54886	1.0e+03	-3.02	861
ctagca	ctagca|tgctag	0.0003194888179	0.0003067331946	3	2.88	0.54948	1.0e+03	-3.02	862
actctg	actctg|cagagt	0.0004259850905	0.0004167944646	4	3.91	0.54953	1.0e+03	-3.02	863
gctaga	gctaga|tctagc	0.0003194888179	0.0003071390946	3	2.88	0.55037	1.0e+03	-3.02	864
acccac	acccac|gtgggt	0.0003194888179	0.0003072212646	3	2.88	0.55055	1.0e+03	-3.02	865
ggtacc	ggtacc|ggtacc	0.0001064962726	0.0000851673783	1	0.80	0.55056	1.0e+03	-3.02	866
ggtgca	ggtgca|tgcacc	0.0003194888179	0.0003079122846	3	2.89	0.55205	1.1e+03	-3.02	867
attcaa	attcaa|ttgaat	0.0010649627263	0.0010741445646	10	10.09	0.55288	1.1e+03	-3.02	868
actcaa	actcaa|ttgagt	0.0007454739084	0.0007474445646	7	7.02	0.55310	1.1e+03	-3.02	869
ctcacc	ctcacc|ggtgag	0.0003194888179	0.0003084181746	3	2.90	0.55315	1.1e+03	-3.02	870
atcagc	atcagc|gctgat	0.0003194888179	0.0003092151246	3	2.90	0.55489	1.1e+03	-3.02	871
cctgta	cctgta|tacagg	0.0003194888179	0.0003093804546	3	2.91	0.55524	1.1e+03	-3.02	872
cactgc	cactgc|gcagtg	0.0003194888179	0.0003094576746	3	2.91	0.55541	1.1e+03	-3.02	873
atgctc	atgctc|gagcat	0.0004259850905	0.0004199862246	4	3.94	0.55549	1.1e+03	-3.02	874
caagta	caagta|tacttg	0.0006389776358	0.0006397691946	6	6.01	0.55557	1.1e+03	-3.02	875
accaag	accaag|cttggt	0.0004259850905	0.0004201525446	4	3.95	0.55580	1.1e+03	-3.02	876
ccgaag	ccgaag|cttcgg	0.0002129925453	0.0001986425196	2	1.87	0.55632	1.1e+03	-3.02	877
atttga	atttga|tcaaat	0.0011714589989	0.0011868511146	11	11.14	0.55733	1.1e+03	-3.03	878
agaatg	agaatg|cattct	0.0006389776358	0.0006410076846	6	6.02	0.55743	1.1e+03	-3.03	879
ctatgc	ctatgc|gcatag	0.0004259850905	0.0004212197646	4	3.96	0.55778	1.1e+03	-3.03	880
atctac	atctac|gtagat	0.0004259850905	0.0004215009246	4	3.96	0.55830	1.1e+03	-3.03	881
aacctt	aacctt|aaggtt	0.0006389776358	0.0006416907846	6	6.03	0.55846	1.1e+03	-3.03	882
tggtaa	tggtaa|ttacca	0.0005324813632	0.0005318512746	5	4.99	0.55851	1.1e+03	-3.03	883
acccaa	acccaa|ttgggt	0.0004259850905	0.0004216434846	4	3.96	0.55856	1.1e+03	-3.03	884
atcaca	atcaca|tgtgat	0.0007454739084	0.0007527074046	7	7.07	0.56042	1.1e+03	-3.03	885
aagtta	aagtta|taactt	0.0008519701810	0.0008622320946	8	8.10	0.56047	1.1e+03	-3.03	886
ctgtgc	ctgtgc|gcacag	0.0003194888179	0.0003126009246	3	2.94	0.56220	1.1e+03	-3.03	887
atagag	atagag|ctctat	0.0007454739084	0.0007542329946	7	7.08	0.56253	1.1e+03	-3.03	888
tctgca	tctgca|tgcaga	0.0004259850905	0.0004245649746	4	3.99	0.56396	1.1e+03	-3.03	889
aatgag	aatgag|ctcatt	0.0006389776358	0.0006456488046	6	6.06	0.56438	1.1e+03	-3.03	890
cccgcg	cccgcg|cgcggg	0.0001064962726	0.0000885577866	1	0.83	0.56465	1.1e+03	-3.03	891
aaggag	aaggag|ctcctt	0.0004259850905	0.0004249530546	4	3.99	0.56468	1.1e+03	-3.03	892
atctaa	atctaa|ttagat	0.0006389776358	0.0006460378746	6	6.07	0.56496	1.1e+03	-3.03	893
aaacca	aaacca|tggttt	0.0008519701810	0.0008664118746	8	8.14	0.56587	1.1e+03	-3.03	894
cgtggc	cgtggc|gccacg	0.0002129925453	0.0002022031536	2	1.90	0.56590	1.1e+03	-3.03	895
agtagc	agtagc|gctact	0.0003194888179	0.0003144433146	3	2.95	0.56615	1.1e+03	-3.03	896
acgtag	acgtag|ctacgt	0.0003194888179	0.0003152254146	3	2.96	0.56782	1.1e+03	-3.03	897
cgaccg	cgaccg|cggtcg	0.0001064962726	0.0000896382726	1	0.84	0.56904	1.1e+03	-3.03	898
ccccgc	ccccgc|gcgggg	0.0001064962726	0.0000898248876	1	0.84	0.56980	1.1e+03	-3.03	899
ccaacc	ccaacc|ggttgg	0.0002129925453	0.0002037766596	2	1.91	0.57009	1.1e+03	-3.04	900
ctgtcc	ctgtcc|ggacag	0.0002129925453	0.0002037855696	2	1.91	0.57011	1.1e+03	-3.04	901
agccat	agccat|atggct	0.0004259850905	0.0004279755246	4	4.02	0.57022	1.1e+03	-3.04	902
attgtg	attgtg|cacaat	0.0007454739084	0.0007605709746	7	7.14	0.57125	1.1e+03	-3.04	903
actccg	actccg|cggagt	0.0002129925453	0.0002042659176	2	1.92	0.57139	1.1e+03	-3.04	904
ctgcga	ctgcga|tcgcag	0.0002129925453	0.0002043920436	2	1.92	0.57172	1.1e+03	-3.04	905
tcacca	tcacca|tggtga	0.0005324813632	0.0005403415146	5	5.07	0.57241	1.1e+03	-3.04	906
cccccc	cccccc|gggggg	0.0001064962726	0.0000907986516	1	0.85	0.57371	1.1e+03	-3.04	907
ttataa	ttataa|ttataa	0.0009584664537	0.0009829910523	9	9.23	0.57436	1.1e+03	-3.04	908
gaggta	gaggta|tacctc	0.0003194888179	0.0003186933846	3	2.99	0.57517	1.1e+03	-3.04	909
aacggg	aacggg|cccgtt	0.0002129925453	0.0002061201876	2	1.94	0.57627	1.1e+03	-3.04	910
gatgga	gatgga|tccatc	0.0003194888179	0.0003194982546	3	3.00	0.57687	1.1e+03	-3.04	911
cagatg	cagatg|catctg	0.0003194888179	0.0003196804146	3	3.00	0.57725	1.1e+03	-3.04	912
atacta	atacta|tagtat	0.0009584664537	0.0009855148146	9	9.25	0.57739	1.1e+03	-3.04	913
ctacca	ctacca|tggtag	0.0003194888179	0.0003199843446	3	3.00	0.57789	1.1e+03	-3.04	914
cagtta	cagtta|taactg	0.0004259850905	0.0004323295446	4	4.06	0.57813	1.1e+03	-3.04	915
ctggtc	ctggtc|gaccag	0.0002129925453	0.0002069841606	2	1.94	0.57854	1.1e+03	-3.04	916
acctcc	acctcc|ggaggt	0.0002129925453	0.0002071157316	2	1.94	0.57888	1.1e+03	-3.04	917
cctgga	cctgga|tccagg	0.0002129925453	0.0002072188896	2	1.95	0.57915	1.1e+03	-3.04	918
ataacg	ataacg|cgttat	0.0005324813632	0.0005447757246	5	5.12	0.57958	1.1e+03	-3.04	919
ccgttc	ccgttc|gaacgg	0.0002129925453	0.0002073958026	2	1.95	0.57961	1.1e+03	-3.04	920
cgagac	cgagac|gtctcg	0.0002129925453	0.0002074142166	2	1.95	0.57966	1.1e+03	-3.04	921
aagtca	aagtca|tgactt	0.0007454739084	0.0007668327246	7	7.20	0.57979	1.1e+03	-3.04	922
cagcta	cagcta|tagctg	0.0003194888179	0.0003211188846	3	3.02	0.58027	1.1e+03	-3.04	923
cagcga	cagcga|tcgctg	0.0002129925453	0.0002077106226	2	1.95	0.58043	1.1e+03	-3.04	924
ggatta	ggatta|taatcc	0.0003194888179	0.0003213703446	3	3.02	0.58079	1.1e+03	-3.04	925
cattca	cattca|tgaatg	0.0006389776358	0.0006573941646	6	6.17	0.58174	1.1e+03	-3.04	926
tcggaa	tcggaa|ttccga	0.0003194888179	0.0003225692346	3	3.03	0.58330	1.1e+03	-3.05	927
cgtacg	cgtacg|cgtacg	0.0001064962726	0.0000932534013	1	0.88	0.58343	1.1e+03	-3.05	928
tattga	tattga|tcaata	0.0010649627263	0.0011010230646	10	10.34	0.58374	1.1e+03	-3.05	929
aatcat	aatcat|atgatt	0.0007454739084	0.0007700482446	7	7.23	0.58414	1.1e+03	-3.05	930
acggga	acggga|tcccgt	0.0002129925453	0.0002091414696	2	1.96	0.58415	1.1e+03	-3.05	931
gcaacc	gcaacc|ggttgc	0.0002129925453	0.0002091988896	2	1.96	0.58429	1.1e+03	-3.05	932
ggttga	ggttga|tcaacc	0.0003194888179	0.0003231028446	3	3.03	0.58441	1.1e+03	-3.05	933
agctcg	agctcg|cgagct	0.0002129925453	0.0002095852866	2	1.97	0.58529	1.1e+03	-3.05	934
catcga	catcga|tcgatg	0.0002129925453	0.0002095909296	2	1.97	0.58531	1.1e+03	-3.05	935
cacata	cacata|tatgtg	0.0010649627263	0.0011039841546	10	10.37	0.58708	1.1e+03	-3.05	936
ctgaag	ctgaag|cttcag	0.0004259850905	0.0004379656146	4	4.11	0.58824	1.1e+03	-3.05	937
ggcccc	ggcccc|ggggcc	0.0001064962726	0.0000945236256	1	0.89	0.58837	1.1e+03	-3.05	938
gatcaa	gatcaa|ttgatc	0.0004259850905	0.0004385348646	4	4.12	0.58925	1.1e+03	-3.05	939
agaagg	agaagg|ccttct	0.0004259850905	0.0004386101046	4	4.12	0.58939	1.1e+03	-3.05	940
aattag	aattag|ctaatt	0.0005324813632	0.0005509572846	5	5.17	0.58946	1.1e+03	-3.05	941
atctgc	atctgc|gcagat	0.0003194888179	0.0003257718846	3	3.06	0.58994	1.1e+03	-3.05	942
tggaaa	tggaaa|tttcca	0.0010649627263	0.0011078204046	10	10.40	0.59140	1.1e+03	-3.05	943
acccct	acccct|aggggt	0.0002129925453	0.0002125082616	2	2.00	0.59279	1.1e+03	-3.05	944
ccttca	ccttca|tgaagg	0.0004259850905	0.0004410613446	4	4.14	0.59373	1.1e+03	-3.05	945
acttaa	acttaa|ttaagt	0.0007454739084	0.0007778217246	7	7.30	0.59457	1.1e+03	-3.05	946
caccaa	caccaa|ttggtg	0.0005324813632	0.0005552618046	5	5.21	0.59626	1.1e+03	-3.05	947
gatggc	gatggc|gccatc	0.0002129925453	0.0002142351186	2	2.01	0.59717	1.1e+03	-3.06	948
acaaca	acaaca|tgttgt	0.0006389776358	0.0006681812046	6	6.27	0.59737	1.1e+03	-3.06	949
agtata	agtata|tatact	0.0013844515442	0.0014446560246	13	13.57	0.59761	1.1e+03	-3.06	950
aacagg	aacagg|cctgtt	0.0003194888179	0.0003296130846	3	3.10	0.59781	1.1e+03	-3.06	951
tactca	tactca|tgagta	0.0006389776358	0.0006690029046	6	6.28	0.59855	1.1e+03	-3.06	952
acaaat	acaaat|atttgt	0.0011714589989	0.0012251581746	11	11.50	0.59885	1.1e+03	-3.06	953
aaatag	aaatag|ctattt	0.0012779552716	0.0013374053646	12	12.56	0.60066	1.1e+03	-3.06	954
agagac	agagac|gtctct	0.0004259850905	0.0004452678546	4	4.18	0.60113	1.1e+03	-3.06	955
aaacgg	aaacgg|ccgttt	0.0004259850905	0.0004453005246	4	4.18	0.60119	1.1e+03	-3.06	956
acacca	acacca|tggtgt	0.0005324813632	0.0005586179046	5	5.25	0.60152	1.1e+03	-3.06	957
atcgga	atcgga|tccgat	0.0002129925453	0.0002161080996	2	2.03	0.60188	1.1e+03	-3.06	958
gagtcc	gagtcc|ggactc	0.0002129925453	0.0002165220186	2	2.03	0.60292	1.1e+03	-3.06	959
cggtta	cggtta|taaccg	0.0002129925453	0.0002168502036	2	2.04	0.60374	1.1e+03	-3.06	960
tatcaa	tatcaa|ttgata	0.0010649627263	0.0011190974946	10	10.51	0.60395	1.1e+03	-3.06	961
gaaccc	gaaccc|gggttc	0.0002129925453	0.0002172993666	2	2.04	0.60486	1.2e+03	-3.06	962
accgct	accgct|agcggt	0.0002129925453	0.0002173124346	2	2.04	0.60489	1.2e+03	-3.06	963
cctcag	cctcag|ctgagg	0.0002129925453	0.0002175123156	2	2.04	0.60539	1.2e+03	-3.06	964
ctggac	ctggac|gtccag	0.0002129925453	0.0002175863676	2	2.04	0.60557	1.2e+03	-3.06	965
accgat	accgat|atcggt	0.0002129925453	0.0002176243836	2	2.04	0.60567	1.2e+03	-3.06	966
tgtgaa	tgtgaa|ttcaca	0.0010649627263	0.0011210725446	10	10.53	0.60613	1.2e+03	-3.06	967
atccga	atccga|tcggat	0.0002129925453	0.0002180912676	2	2.05	0.60683	1.2e+03	-3.06	968
aacgga	aacgga|tccgtt	0.0003194888179	0.0003344007246	3	3.14	0.60748	1.2e+03	-3.06	969
acaatc	acaatc|gattgt	0.0004259850905	0.0004493050746	4	4.22	0.60815	1.2e+03	-3.06	970
tatcca	tatcca|tggata	0.0006389776358	0.0006761774346	6	6.35	0.60875	1.2e+03	-3.06	971
cggaga	cggaga|tctccg	0.0002129925453	0.0002189957316	2	2.06	0.60907	1.2e+03	-3.06	972
gtcaac	gtcaac|gttgac	0.0003194888179	0.0003354006246	3	3.15	0.60948	1.2e+03	-3.06	973
ataaac	ataaac|gtttat	0.0011714589989	0.0012354472446	11	11.60	0.60969	1.2e+03	-3.06	974
cagacg	cagacg|cgtctg	0.0002129925453	0.0002195525076	2	2.06	0.61044	1.2e+03	-3.06	975
caaaag	caaaag|cttttg	0.0011714589989	0.0012362659746	11	11.61	0.61055	1.2e+03	-3.06	976
agcata	agcata|tatgct	0.0007454739084	0.0007907729046	7	7.43	0.61164	1.2e+03	-3.07	977
aggctg	aggctg|cagcct	0.0002129925453	0.0002201042346	2	2.07	0.61180	1.2e+03	-3.07	978
acgtcc	acgtcc|ggacgt	0.0002129925453	0.0002202880776	2	2.07	0.61225	1.2e+03	-3.07	979
aagcgc	aagcgc|gcgctt	0.0003194888179	0.0003369984846	3	3.16	0.61266	1.2e+03	-3.07	980
cctgag	cctgag|ctcagg	0.0002129925453	0.0002214515256	2	2.08	0.61510	1.2e+03	-3.07	981
agagct	agagct|agctct	0.0004259850905	0.0004543639746	4	4.27	0.61684	1.2e+03	-3.07	982
cgattc	cgattc|gaatcg	0.0002129925453	0.0002223280716	2	2.09	0.61723	1.2e+03	-3.07	983
aacctc	aacctc|gaggtt	0.0003194888179	0.0003401229246	3	3.19	0.61883	1.2e+03	-3.07	984
atcgag	atcgag|ctcgat	0.0002129925453	0.0002232954996	2	2.10	0.61958	1.2e+03	-3.07	985
aaaatt	aaaatt|aatttt	0.0024494142705	0.0025724481846	23	24.16	0.62051	1.2e+03	-3.07	986
cccaac	cccaac|gttggg	0.0002129925453	0.0002238682146	2	2.10	0.62096	1.2e+03	-3.07	987
taagta	taagta|tactta	0.0007454739084	0.0007986166746	7	7.50	0.62179	1.2e+03	-3.07	988
gtgtaa	gtgtaa|ttacac	0.0006389776358	0.0006858655746	6	6.44	0.62229	1.2e+03	-3.07	989
acgtac	acgtac|gtacgt	0.0003194888179	0.0003420692646	3	3.21	0.62264	1.2e+03	-3.07	990
gggaac	gggaac|gttccc	0.0002129925453	0.0002245909146	2	2.11	0.62270	1.2e+03	-3.07	991
aacggc	aacggc|gccgtt	0.0002129925453	0.0002248064376	2	2.11	0.62322	1.2e+03	-3.07	992
gaataa	gaataa|ttattc	0.0009584664537	0.0010249158246	9	9.62	0.62339	1.2e+03	-3.07	993
gaggga	gaggga|tccctc	0.0002129925453	0.0002249782026	2	2.11	0.62363	1.2e+03	-3.07	994
cgaccc	cgaccc|gggtcg	0.0001064962726	0.0001043986776	1	0.98	0.62482	1.2e+03	-3.07	995
cggacc	cggacc|ggtccg	0.0001064962726	0.0001045002516	1	0.98	0.62518	1.2e+03	-3.08	996
acggct	acggct|agccgt	0.0002129925453	0.0002256250686	2	2.12	0.62518	1.2e+03	-3.08	997
attccc	attccc|gggaat	0.0003194888179	0.0003433780446	3	3.22	0.62519	1.2e+03	-3.08	998
aaagtc	aaagtc|gacttt	0.0008519701810	0.0009150188946	8	8.59	0.62631	1.2e+03	-3.08	999
gggtca	gggtca|tgaccc	0.0002129925453	0.0002265024066	2	2.13	0.62728	1.2e+03	-3.08	1000
cttata	cttata|tataag	0.0012779552716	0.0013656134346	12	12.82	0.62877	1.2e+03	-3.08	1001
acaagc	acaagc|gcttgt	0.0004259850905	0.0004614959346	4	4.33	0.62888	1.2e+03	-3.08	1002
aaaact	aaaact|agtttt	0.0017039403621	0.0018111708546	16	17.01	0.62934	1.2e+03	-3.08	1003
gcaaga	gcaaga|tcttgc	0.0004259850905	0.0004619968746	4	4.34	0.62972	1.2e+03	-3.08	1004
cgcaaa	cgcaaa|tttgcg	0.0005324813632	0.0005772853446	5	5.42	0.63006	1.2e+03	-3.08	1005
gtctaa	gtctaa|ttagac	0.0004259850905	0.0004622542746	4	4.34	0.63015	1.2e+03	-3.08	1006
tagcta	tagcta|tagcta	0.0002129925453	0.0002279319123	2	2.14	0.63067	1.2e+03	-3.08	1007
gtacca	gtacca|tggtac	0.0003194888179	0.0003464906046	3	3.25	0.63120	1.2e+03	-3.08	1008
cgggaa	cgggaa|ttcccg	0.0002129925453	0.0002284261746	2	2.14	0.63183	1.2e+03	-3.08	1009
acacat	acacat|atgtgt	0.0008519701810	0.0009197817846	8	8.64	0.63198	1.2e+03	-3.08	1010
cgttta	cgttta|taaacg	0.0005324813632	0.0005786297646	5	5.43	0.63207	1.2e+03	-3.08	1011
agatca	agatca|tgatct	0.0004259850905	0.0004638650046	4	4.36	0.63283	1.2e+03	-3.08	1012
gcgtac	gcgtac|gtacgc	0.0002129925453	0.0002288974146	2	2.15	0.63294	1.2e+03	-3.08	1013
gcgtga	gcgtga|tcacgc	0.0003194888179	0.0003487151346	3	3.27	0.63546	1.2e+03	-3.08	1014
aaaggc	aaaggc|gccttt	0.0005324813632	0.0005810948646	5	5.46	0.63573	1.2e+03	-3.08	1015
aatccg	aatccg|cggatt	0.0002129925453	0.0002302566846	2	2.16	0.63613	1.2e+03	-3.08	1016
gggaca	gggaca|tgtccc	0.0002129925453	0.0002302705446	2	2.16	0.63616	1.2e+03	-3.08	1017
gcgata	gcgata|tatcgc	0.0003194888179	0.0003491527146	3	3.28	0.63629	1.2e+03	-3.08	1018
ctttga	ctttga|tcaaag	0.0008519701810	0.0009234378546	8	8.67	0.63630	1.2e+03	-3.08	1019
acttag	acttag|ctaagt	0.0004259850905	0.0004663489146	4	4.38	0.63694	1.2e+03	-3.08	1020
agcgtg	agcgtg|cacgct	0.0003194888179	0.0003495635646	3	3.28	0.63707	1.2e+03	-3.08	1021
ggctga	ggctga|tcagcc	0.0002129925453	0.0002311808496	2	2.17	0.63829	1.2e+03	-3.08	1022
tctaca	tctaca|tgtaga	0.0005324813632	0.0005838074646	5	5.48	0.63973	1.2e+03	-3.09	1023
actggg	actggg|cccagt	0.0002129925453	0.0002318703846	2	2.18	0.63989	1.2e+03	-3.09	1024
accaac	accaac|gttggt	0.0003194888179	0.0003510772746	3	3.30	0.63994	1.2e+03	-3.09	1025
aagata	aagata|tatctt	0.0011714589989	0.0012649937946	11	11.88	0.64001	1.2e+03	-3.09	1026
caacag	caacag|ctgttg	0.0003194888179	0.0003513515046	3	3.30	0.64046	1.2e+03	-3.09	1027
acctat	acctat|ataggt	0.0005324813632	0.0005843648346	5	5.49	0.64055	1.2e+03	-3.09	1028
cgctga	cgctga|tcagcg	0.0002129925453	0.0002323238046	2	2.18	0.64094	1.2e+03	-3.09	1029
aaggta	aaggta|tacctt	0.0005324813632	0.0005848133046	5	5.49	0.64121	1.2e+03	-3.09	1030
gtgata	gtgata|tatcac	0.0007454739084	0.0008146685346	7	7.65	0.64209	1.2e+03	-3.09	1031
aggaca	aggaca|tgtcct	0.0003194888179	0.0003525365346	3	3.31	0.64269	1.2e+03	-3.09	1032
ctgcag	ctgcag|ctgcag	0.0001064962726	0.0001097150223	1	1.03	0.64309	1.2e+03	-3.09	1033
cccgga	cccgga|tccggg	0.0001064962726	0.0001097933856	1	1.03	0.64336	1.2e+03	-3.09	1034
acttcg	acttcg|cgaagt	0.0003194888179	0.0003531820146	3	3.32	0.64390	1.2e+03	-3.09	1035
caggca	caggca|tgcctg	0.0002129925453	0.0002342067846	2	2.20	0.64527	1.2e+03	-3.09	1036
tacaga	tacaga|tctgta	0.0005324813632	0.0005876110446	5	5.52	0.64530	1.2e+03	-3.09	1037
cttaag	cttaag|cttaag	0.0002129925453	0.0002345906523	2	2.20	0.64615	1.2e+03	-3.09	1038
gagtta	gagtta|taactc	0.0004259850905	0.0004722641646	4	4.43	0.64660	1.2e+03	-3.09	1039
atatca	atatca|tgatat	0.0012779552716	0.0013841868246	12	13.00	0.64672	1.2e+03	-3.09	1040
gcgccc	gcgccc|gggcgc	0.0001064962726	0.0001109536656	1	1.04	0.64722	1.2e+03	-3.09	1041
agatta	agatta|taatct	0.0005324813632	0.0005905384746	5	5.55	0.64954	1.2e+03	-3.09	1042
caagca	caagca|tgcttg	0.0004259850905	0.0004743184146	4	4.45	0.64992	1.2e+03	-3.09	1043
tccgca	tccgca|tgcgga	0.0002129925453	0.0002363016246	2	2.22	0.65004	1.2e+03	-3.09	1044
aggagc	aggagc|gctcct	0.0002129925453	0.0002365565496	2	2.22	0.65062	1.2e+03	-3.09	1045
gagcta	gagcta|tagctc	0.0003194888179	0.0003569242146	3	3.35	0.65086	1.2e+03	-3.09	1046
aacact	aacact|agtgtt	0.0007454739084	0.0008231310546	7	7.73	0.65254	1.2e+03	-3.09	1047
gctcac	gctcac|gtgagc	0.0003194888179	0.0003579260946	3	3.36	0.65271	1.2e+03	-3.09	1048
cgccga	cgccga|tcggcg	0.0001064962726	0.0001126461696	1	1.06	0.65278	1.2e+03	-3.09	1049
aactca	aactca|tgagtt	0.0006389776358	0.0007087405146	6	6.66	0.65318	1.2e+03	-3.09	1050
ggccga	ggccga|tcggcc	0.0001064962726	0.0001131376056	1	1.06	0.65438	1.2e+03	-3.10	1051
aatgcc	aatgcc|ggcatt	0.0003194888179	0.0003591962646	3	3.37	0.65504	1.2e+03	-3.10	1052
ccaaac	ccaaac|gtttgg	0.0004259850905	0.0004782536646	4	4.49	0.65621	1.2e+03	-3.10	1053
gagacc	gagacc|ggtctc	0.0002129925453	0.0002390964936	2	2.25	0.65633	1.2e+03	-3.10	1054
agctaa	agctaa|ttagct	0.0004259850905	0.0004786674846	4	4.49	0.65687	1.2e+03	-3.10	1055
caagag	caagag|ctcttg	0.0004259850905	0.0004788090546	4	4.50	0.65709	1.2e+03	-3.10	1056
aattga	aattga|tcaatt	0.0007454739084	0.0008273593446	7	7.77	0.65769	1.3e+03	-3.10	1057
cgatcc	cgatcc|ggatcg	0.0001064962726	0.0001143046176	1	1.07	0.65815	1.3e+03	-3.10	1058
agtcga	agtcga|tcgact	0.0002129925453	0.0002401339146	2	2.25	0.65864	1.3e+03	-3.10	1059
actccc	actccc|gggagt	0.0002129925453	0.0002401692576	2	2.26	0.65872	1.3e+03	-3.10	1060
acgcga	acgcga|tcgcgt	0.0002129925453	0.0002403977496	2	2.26	0.65922	1.3e+03	-3.10	1061
cctccg	cctccg|cggagg	0.0001064962726	0.0001147180416	1	1.08	0.65947	1.3e+03	-3.10	1062
cggtga	cggtga|tcaccg	0.0002129925453	0.0002407457346	2	2.26	0.66000	1.3e+03	-3.10	1063
actcgc	actcgc|gcgagt	0.0002129925453	0.0002409748206	2	2.26	0.66050	1.3e+03	-3.10	1064
aattac	aattac|gtaatt	0.0005324813632	0.0005982713646	5	5.62	0.66061	1.3e+03	-3.10	1065
gctcaa	gctcaa|ttgagc	0.0004259850905	0.0004811504046	4	4.52	0.66079	1.3e+03	-3.10	1066
agataa	agataa|ttatct	0.0008519701810	0.0009455702946	8	8.88	0.66184	1.3e+03	-3.10	1067
ggaaac	ggaaac|gtttcc	0.0004259850905	0.0004828136046	4	4.53	0.66341	1.3e+03	-3.10	1068
aaacaa	aaacaa|ttgttt	0.0013844515442	0.0015148272246	13	14.22	0.66341	1.3e+03	-3.10	1069
ccgtta	ccgtta|taacgg	0.0002129925453	0.0002427118746	2	2.28	0.66433	1.3e+03	-3.10	1070
caaggg	caaggg|cccttg	0.0002129925453	0.0002428702746	2	2.28	0.66467	1.3e+03	-3.10	1071
taccga	taccga|tcggta	0.0002129925453	0.0002429606616	2	2.28	0.66487	1.3e+03	-3.10	1072
agcgag	agcgag|ctcgct	0.0002129925453	0.0002430639186	2	2.28	0.66510	1.3e+03	-3.10	1073
actcct	actcct|aggagt	0.0003194888179	0.0003655718646	3	3.43	0.66658	1.3e+03	-3.10	1074
catggg	catggg|cccatg	0.0002129925453	0.0002438533446	2	2.29	0.66682	1.3e+03	-3.10	1075
ctctta	ctctta|taagag	0.0005324813632	0.0006030916746	5	5.66	0.66739	1.3e+03	-3.10	1076
aggctc	aggctc|gagcct	0.0002129925453	0.0002443437906	2	2.29	0.66789	1.3e+03	-3.10	1077
cgcaga	cgcaga|tctgcg	0.0002129925453	0.0002444819946	2	2.30	0.66819	1.3e+03	-3.10	1078
cgtcca	cgtcca|tggacg	0.0002129925453	0.0002445450576	2	2.30	0.66832	1.3e+03	-3.10	1079
acgagt	acgagt|actcgt	0.0003194888179	0.0003667776846	3	3.44	0.66873	1.3e+03	-3.10	1080
acctag	acctag|ctaggt	0.0002129925453	0.0002447522646	2	2.30	0.66877	1.3e+03	-3.10	1081
ctgttc	ctgttc|gaacag	0.0003194888179	0.0003668558946	3	3.44	0.66887	1.3e+03	-3.10	1082
cttgaa	cttgaa|ttcaag	0.0007454739084	0.0008368583946	7	7.86	0.66909	1.3e+03	-3.10	1083
agccgg	agccgg|ccggct	0.0001064962726	0.0001178012976	1	1.11	0.66919	1.3e+03	-3.10	1084
cccata	cccata|tatggg	0.0004259850905	0.0004865963946	4	4.57	0.66930	1.3e+03	-3.10	1085
catgcg	catgcg|cgcatg	0.0002129925453	0.0002451829146	2	2.30	0.66971	1.3e+03	-3.11	1086
caacta	caacta|tagttg	0.0004259850905	0.0004870745646	4	4.57	0.67004	1.3e+03	-3.11	1087
ccgtcc	ccgtcc|ggacgg	0.0001064962726	0.0001182083856	1	1.11	0.67045	1.3e+03	-3.11	1088
ataggg	ataggg|ccctat	0.0003194888179	0.0003680478546	3	3.46	0.67098	1.3e+03	-3.11	1089
ccctca	ccctca|tgaggg	0.0002129925453	0.0002463819036	2	2.31	0.67229	1.3e+03	-3.11	1090
ctagga	ctagga|tcctag	0.0002129925453	0.0002468797746	2	2.32	0.67336	1.3e+03	-3.11	1091
aatacc	aatacc|ggtatt	0.0005324813632	0.0006082881846	5	5.71	0.67460	1.3e+03	-3.11	1092
acgcct	acgcct|aggcgt	0.0002129925453	0.0002485835646	2	2.33	0.67699	1.3e+03	-3.11	1093
caacgc	caacgc|gcgttg	0.0002129925453	0.0002489102646	2	2.34	0.67769	1.3e+03	-3.11	1094
aggccg	aggccg|cggcct	0.0001064962726	0.0001205841876	1	1.13	0.67773	1.3e+03	-3.11	1095
acagtg	acagtg|cactgt	0.0004259850905	0.0004923077046	4	4.62	0.67806	1.3e+03	-3.11	1096
tgcaca	tgcaca|tgtgca	0.0005324813632	0.0006110987946	5	5.74	0.67845	1.3e+03	-3.11	1097
actagg	actagg|cctagt	0.0002129925453	0.0002499032346	2	2.35	0.67979	1.3e+03	-3.11	1098
acattc	acattc|gaatgt	0.0005324813632	0.0006121442346	5	5.75	0.67988	1.3e+03	-3.11	1099
agactg	agactg|cagtct	0.0003194888179	0.0003738957846	3	3.51	0.68121	1.3e+03	-3.11	1100
ctccag	ctccag|ctggag	0.0002129925453	0.0002506792956	2	2.35	0.68142	1.3e+03	-3.11	1101
attata	attata|tataat	0.0015974440895	0.0017619233046	15	16.54	0.68150	1.3e+03	-3.11	1102
ccatgg	ccatgg|ccatgg	0.0001064962726	0.0001221019023	1	1.15	0.68229	1.3e+03	-3.11	1103
accact	accact|agtggt	0.0004259850905	0.0004951183146	4	4.65	0.68231	1.3e+03	-3.11	1104
gcgacc	gcgacc|ggtcgc	0.0001064962726	0.0001221195786	1	1.15	0.68234	1.3e+03	-3.11	1105
cgttac	cgttac|gtaacg	0.0002129925453	0.0002516337546	2	2.36	0.68342	1.3e+03	-3.11	1106
cggcag	cggcag|ctgccg	0.0001064962726	0.0001225985406	1	1.15	0.68377	1.3e+03	-3.11	1107
agagat	agagat|atctct	0.0005324813632	0.0006158201046	5	5.78	0.68486	1.3e+03	-3.11	1108
actggc	actggc|gccagt	0.0002129925453	0.0002523435846	2	2.37	0.68490	1.3e+03	-3.11	1109
cctcca	cctcca|tggagg	0.0002129925453	0.0002527952226	2	2.37	0.68584	1.3e+03	-3.12	1110
atccta	atccta|taggat	0.0003194888179	0.0003766222446	3	3.54	0.68590	1.3e+03	-3.12	1111
cgaggc	cgaggc|gcctcg	0.0001064962726	0.0001233573756	1	1.16	0.68601	1.3e+03	-3.12	1112
tgccaa	tgccaa|ttggca	0.0004259850905	0.0004980942546	4	4.68	0.68676	1.3e+03	-3.12	1113
acctct	acctct|agaggt	0.0003194888179	0.0003773003946	3	3.54	0.68706	1.3e+03	-3.12	1114
ctgtca	ctgtca|tgacag	0.0003194888179	0.0003776706546	3	3.55	0.68769	1.3e+03	-3.12	1115
aaggtc	aaggtc|gacctt	0.0003194888179	0.0003779062746	3	3.55	0.68809	1.3e+03	-3.12	1116
cagccg	cagccg|cggctg	0.0001064962726	0.0001244414256	1	1.17	0.68919	1.3e+03	-3.12	1117
gggtta	gggtta|taaccc	0.0002129925453	0.0002550749946	2	2.40	0.69054	1.3e+03	-3.12	1118
ctcagc	ctcagc|gctgag	0.0002129925453	0.0002552050806	2	2.40	0.69081	1.3e+03	-3.12	1119
atttgg	atttgg|ccaaat	0.0006389776358	0.0007384474446	6	6.93	0.69088	1.3e+03	-3.12	1120
ccggca	ccggca|tgccgg	0.0001064962726	0.0001250505726	1	1.17	0.69096	1.3e+03	-3.12	1121
cagctc	cagctc|gagctg	0.0002129925453	0.0002552994276	2	2.40	0.69100	1.3e+03	-3.12	1122
gattca	gattca|tgaatc	0.0004259850905	0.0005010989046	4	4.71	0.69122	1.3e+03	-3.12	1123
ctgagc	ctgagc|gctcag	0.0002129925453	0.0002556225636	2	2.40	0.69166	1.3e+03	-3.12	1124
gaatca	gaatca|tgattc	0.0004259850905	0.0005016047946	4	4.71	0.69197	1.3e+03	-3.12	1125
aacgcc	aacgcc|ggcgtt	0.0002129925453	0.0002559343146	2	2.40	0.69230	1.3e+03	-3.12	1126
gacgaa	gacgaa|ttcgtc	0.0003194888179	0.0003808861746	3	3.58	0.69313	1.3e+03	-3.12	1127
cgcgaa	cgcgaa|ttcgcg	0.0002129925453	0.0002567183946	2	2.41	0.69390	1.3e+03	-3.12	1128
acttac	acttac|gtaagt	0.0004259850905	0.0005040481146	4	4.73	0.69555	1.3e+03	-3.12	1129
aaatca	aaatca|tgattt	0.0009584664537	0.0010924496646	9	10.26	0.69561	1.3e+03	-3.12	1130
gctgca	gctgca|tgcagc	0.0002129925453	0.0002577588846	2	2.42	0.69600	1.3e+03	-3.12	1131
aaatat	aaatat|atattt	0.0029818956337	0.0032427375846	28	30.45	0.69624	1.3e+03	-3.12	1132
ggttca	ggttca|tgaacc	0.0003194888179	0.0003827988546	3	3.59	0.69633	1.3e+03	-3.12	1133
acatat	acatat|atatgt	0.0014909478168	0.0016675901646	14	15.66	0.69702	1.3e+03	-3.12	1134
gaccgc	gaccgc|gcggtc	0.0001064962726	0.0001272421356	1	1.19	0.69726	1.3e+03	-3.12	1135
aacatc	aacatc|gatgtt	0.0004259850905	0.0005054212446	4	4.75	0.69755	1.3e+03	-3.12	1136
aacagc	aacagc|gctgtt	0.0003194888179	0.0003835472946	3	3.60	0.69757	1.3e+03	-3.12	1137
gataca	gataca|tgtatc	0.0005324813632	0.0006265893246	5	5.88	0.69915	1.3e+03	-3.12	1138
atgaat	atgaat|attcat	0.0008519701810	0.0009798134046	8	9.20	0.69917	1.3e+03	-3.12	1139
atacgg	atacgg|ccgtat	0.0003194888179	0.0003847778646	3	3.61	0.69961	1.3e+03	-3.12	1140
atgaaa	atgaaa|tttcat	0.0014909478168	0.0016716709446	14	15.70	0.70033	1.3e+03	-3.12	1141
ctacga	ctacga|tcgtag	0.0002129925453	0.0002600492496	2	2.44	0.70060	1.3e+03	-3.12	1142
tcccca	tcccca|tgggga	0.0002129925453	0.0002601140946	2	2.44	0.70073	1.3e+03	-3.12	1143
tcgcca	tcgcca|tggcga	0.0002129925453	0.0002601635946	2	2.44	0.70083	1.3e+03	-3.12	1144
atcaaa	atcaaa|tttgat	0.0010649627263	0.0012154967646	10	11.41	0.70278	1.3e+03	-3.13	1145
atctga	atctga|tcagat	0.0004259850905	0.0005096257746	4	4.79	0.70362	1.3e+03	-3.13	1146
cccagg	cccagg|cctggg	0.0001064962726	0.0001297000086	1	1.22	0.70417	1.3e+03	-3.13	1147
ggataa	ggataa|ttatcc	0.0004259850905	0.0005102029446	4	4.79	0.70444	1.3e+03	-3.13	1148
cctgcg	cctgcg|cgcagg	0.0001064962726	0.0001298561316	1	1.22	0.70460	1.3e+03	-3.13	1149
ggcgac	ggcgac|gtcgcc	0.0001064962726	0.0001300020576	1	1.22	0.70501	1.3e+03	-3.13	1150
atctta	atctta|taagat	0.0006389776358	0.0007510194546	6	7.05	0.70599	1.3e+03	-3.13	1151
atagta	atagta|tactat	0.0008519701810	0.0009864563046	8	9.26	0.70610	1.3e+03	-3.13	1152
gacccc	gacccc|ggggtc	0.0001064962726	0.0001304614176	1	1.23	0.70628	1.3e+03	-3.13	1153
aggtag	aggtag|ctacct	0.0002129925453	0.0002631415146	2	2.47	0.70672	1.3e+03	-3.13	1154
gccaga	gccaga|tctggc	0.0002129925453	0.0002632296246	2	2.47	0.70689	1.3e+03	-3.13	1155
ccaggg	ccaggg|ccctgg	0.0001064962726	0.0001307570316	1	1.23	0.70709	1.3e+03	-3.13	1156
attgtc	attgtc|gacaat	0.0004259850905	0.0005123284746	4	4.81	0.70747	1.3e+03	-3.13	1157
taacga	taacga|tcgtta	0.0003194888179	0.0003896377746	3	3.66	0.70757	1.3e+03	-3.13	1158
catggc	catggc|gccatg	0.0002129925453	0.0002637681846	2	2.48	0.70795	1.3e+03	-3.13	1159
gaaaac	gaaaac|gttttc	0.0009584664537	0.0011053879746	9	10.38	0.70840	1.3e+03	-3.13	1160
agcact	agcact|agtgct	0.0004259850905	0.0005134194546	4	4.82	0.70901	1.3e+03	-3.13	1161
acgggg	acgggg|ccccgt	0.0001064962726	0.0001315269546	1	1.24	0.70920	1.3e+03	-3.13	1162
cctctc	cctctc|gagagg	0.0002129925453	0.0002644228716	2	2.48	0.70922	1.3e+03	-3.13	1163
ctggca	ctggca|tgccag	0.0002129925453	0.0002646235446	2	2.48	0.70961	1.3e+03	-3.13	1164
atgtag	atgtag|ctacat	0.0004259850905	0.0005138996046	4	4.83	0.70969	1.3e+03	-3.13	1165
aaagta	aaagta|tacttt	0.0012779552716	0.0014543649546	12	13.66	0.71010	1.4e+03	-3.13	1166
accgtg	accgtg|cacggt	0.0002129925453	0.0002654610846	2	2.49	0.71124	1.4e+03	-3.13	1167
ggggac	ggggac|gtcccc	0.0001064962726	0.0001324185486	1	1.24	0.71162	1.4e+03	-3.13	1168
atcgta	atcgta|tacgat	0.0003194888179	0.0003925067946	3	3.69	0.71218	1.4e+03	-3.13	1169
atcctg	atcctg|caggat	0.0002129925453	0.0002660382546	2	2.50	0.71235	1.4e+03	-3.13	1170
gcggac	gcggac|gtccgc	0.0001064962726	0.0001329174096	1	1.25	0.71297	1.4e+03	-3.13	1171
tgtaaa	tgtaaa|tttaca	0.0010649627263	0.0012267124746	10	11.52	0.71320	1.4e+03	-3.13	1172
gtgtca	gtgtca|tgacac	0.0004259850905	0.0005164211346	4	4.85	0.71323	1.4e+03	-3.13	1173
aagcta	aagcta|tagctt	0.0005324813632	0.0006377476146	5	5.99	0.71348	1.4e+03	-3.13	1174
gaccta	gaccta|taggtc	0.0002129925453	0.0002671923966	2	2.51	0.71457	1.4e+03	-3.13	1175
ggagca	ggagca|tgctcc	0.0002129925453	0.0002672057616	2	2.51	0.71460	1.4e+03	-3.13	1176
ctaaaa	ctaaaa|ttttag	0.0011714589989	0.0013446472146	11	12.63	0.71501	1.4e+03	-3.13	1177
cggagc	cggagc|gctccg	0.0001064962726	0.0001338915696	1	1.26	0.71559	1.4e+03	-3.13	1178
aaccga	aaccga|tcggtt	0.0002129925453	0.0002678437176	2	2.52	0.71582	1.4e+03	-3.13	1179
ccgtga	ccgtga|tcacgg	0.0002129925453	0.0002679420246	2	2.52	0.71601	1.4e+03	-3.13	1180
cgtaaa	cgtaaa|tttacg	0.0005324813632	0.0006397810746	5	6.01	0.71604	1.4e+03	-3.13	1181
cgcaag	cgcaag|cttgcg	0.0002129925453	0.0002679796446	2	2.52	0.71608	1.4e+03	-3.13	1182
tcagaa	tcagaa|ttctga	0.0006389776358	0.0007596997746	6	7.13	0.71613	1.4e+03	-3.13	1183
acggtg	acggtg|caccgt	0.0002129925453	0.0002680053846	2	2.52	0.71613	1.4e+03	-3.13	1184
cctccc	cctccc|gggagg	0.0001064962726	0.0001341041226	1	1.26	0.71615	1.4e+03	-3.13	1185
tagaga	tagaga|tctcta	0.0005324813632	0.0006399058146	5	6.01	0.71619	1.4e+03	-3.13	1186
acatga	acatga|tcatgt	0.0005324813632	0.0006401543046	5	6.01	0.71651	1.4e+03	-3.13	1187
cccaag	cccaag|cttggg	0.0002129925453	0.0002682558546	2	2.52	0.71660	1.4e+03	-3.13	1188
gacggc	gacggc|gccgtc	0.0001064962726	0.0001344692346	1	1.26	0.71713	1.4e+03	-3.13	1189
agagtc	agagtc|gactct	0.0003194888179	0.0003958124046	3	3.72	0.71744	1.4e+03	-3.13	1190
aaaccg	aaaccg|cggttt	0.0003194888179	0.0003958242846	3	3.72	0.71745	1.4e+03	-3.14	1191
gaatcc	gaatcc|ggattc	0.0002129925453	0.0002693517846	2	2.53	0.71869	1.4e+03	-3.14	1192
ggaaca	ggaaca|tgttcc	0.0003194888179	0.0003966449946	3	3.72	0.71875	1.4e+03	-3.14	1193
gattcc	gattcc|ggaatc	0.0002129925453	0.0002694359346	2	2.53	0.71885	1.4e+03	-3.14	1194
gcctca	gcctca|tgaggc	0.0002129925453	0.0002698349046	2	2.53	0.71960	1.4e+03	-3.14	1195
ctctgc	ctctgc|gcagag	0.0002129925453	0.0002699507346	2	2.53	0.71982	1.4e+03	-3.14	1196
gggcga	gggcga|tcgccc	0.0001064962726	0.0001359744306	1	1.28	0.72110	1.4e+03	-3.14	1197
aggggg	aggggg|ccccct	0.0001064962726	0.0001360427406	1	1.28	0.72127	1.4e+03	-3.14	1198
ataatg	ataatg|cattat	0.0007454739084	0.0008838428046	7	8.30	0.72191	1.4e+03	-3.14	1199
gaacca	gaacca|tggttc	0.0003194888179	0.0003987824046	3	3.74	0.72209	1.4e+03	-3.14	1200
gacaca	gacaca|tgtgtc	0.0004259850905	0.0005240322546	4	4.92	0.72373	1.4e+03	-3.14	1201
atgtca	atgtca|tgacat	0.0005324813632	0.0006465378246	5	6.07	0.72442	1.4e+03	-3.14	1202
ccaatc	ccaatc|gattgg	0.0002129925453	0.0002725237446	2	2.56	0.72464	1.4e+03	-3.14	1203
agtcta	agtcta|tagact	0.0004259850905	0.0005248579146	4	4.93	0.72485	1.4e+03	-3.14	1204
atgaca	atgaca|tgtcat	0.0005324813632	0.0006475298046	5	6.08	0.72564	1.4e+03	-3.14	1205
aaccca	aaccca|tgggtt	0.0003194888179	0.0004010821746	3	3.77	0.72565	1.4e+03	-3.14	1206
ggtcga	ggtcga|tcgacc	0.0001064962726	0.0001377403926	1	1.29	0.72568	1.4e+03	-3.14	1207
cgcgga	cgcgga|tccgcg	0.0001064962726	0.0001377697956	1	1.29	0.72576	1.4e+03	-3.14	1208
actgag	actgag|ctcagt	0.0003194888179	0.0004015108446	3	3.77	0.72631	1.4e+03	-3.14	1209
acagat	acagat|atctgt	0.0004259850905	0.0005259498846	4	4.94	0.72633	1.4e+03	-3.14	1210
attttc	attttc|gaaaat	0.0014909478168	0.0017053814346	14	16.01	0.72680	1.4e+03	-3.14	1211
gattgc	gattgc|gcaatc	0.0002129925453	0.0002739750846	2	2.57	0.72733	1.4e+03	-3.14	1212
aaggat	aaggat|atcctt	0.0004259850905	0.0005267201046	4	4.95	0.72737	1.4e+03	-3.14	1213
aatcgt	aatcgt|acgatt	0.0003194888179	0.0004022424546	3	3.78	0.72744	1.4e+03	-3.14	1214
agacta	agacta|tagtct	0.0004259850905	0.0005273754846	4	4.95	0.72825	1.4e+03	-3.14	1215
atatgc	atatgc|gcatat	0.0008519701810	0.0010087025946	8	9.47	0.72852	1.4e+03	-3.14	1216
tcctca	tcctca|tgagga	0.0003194888179	0.0004033898646	3	3.79	0.72919	1.4e+03	-3.14	1217
gcaaca	gcaaca|tgttgc	0.0003194888179	0.0004035047046	3	3.79	0.72937	1.4e+03	-3.14	1218
tacaca	tacaca|tgtgta	0.0007454739084	0.0008916707346	7	8.37	0.73013	1.4e+03	-3.14	1219
acgccg	acgccg|cggcgt	0.0001064962726	0.0001395388266	1	1.31	0.73028	1.4e+03	-3.14	1220
ctctaa	ctctaa|ttagag	0.0004259850905	0.0005290050246	4	4.97	0.73044	1.4e+03	-3.14	1221
ccaaaa	ccaaaa|ttttgg	0.0010649627263	0.0012458679846	10	11.70	0.73045	1.4e+03	-3.14	1222
cccctc	cccctc|gagggg	0.0001064962726	0.0001398990876	1	1.31	0.73119	1.4e+03	-3.14	1223
gatcgc	gatcgc|gcgatc	0.0001064962726	0.0001399174026	1	1.31	0.73123	1.4e+03	-3.14	1224
agacca	agacca|tggtct	0.0003194888179	0.0004048798146	3	3.80	0.73146	1.4e+03	-3.14	1225
agtttg	agtttg|caaact	0.0006389776358	0.0007733588046	6	7.26	0.73158	1.4e+03	-3.14	1226
acgata	acgata|tatcgt	0.0004259850905	0.0005302781646	4	4.98	0.73213	1.4e+03	-3.14	1227
ggggga	ggggga|tccccc	0.0001064962726	0.0001403720106	1	1.32	0.73238	1.4e+03	-3.14	1228
gcctaa	gcctaa|ttaggc	0.0002129925453	0.0002767955946	2	2.60	0.73249	1.4e+03	-3.14	1229
cctggc	cctggc|gccagg	0.0001064962726	0.0001407832566	1	1.32	0.73341	1.4e+03	-3.14	1230
aggccc	aggccc|gggcct	0.0001064962726	0.0001410523386	1	1.32	0.73408	1.4e+03	-3.14	1231
cttatc	cttatc|gataag	0.0004259850905	0.0005318275146	4	4.99	0.73419	1.4e+03	-3.15	1232
aacaat	aacaat|attgtt	0.0007454739084	0.0008976453846	7	8.43	0.73628	1.4e+03	-3.15	1233
gcaggc	gcaggc|gcctgc	0.0001064962726	0.0001421303496	1	1.33	0.73676	1.4e+03	-3.15	1234
agcgct	agcgct|agcgct	0.0001064962726	0.0001427374623	1	1.34	0.73826	1.4e+03	-3.15	1235
agggcg	agggcg|cgccct	0.0001064962726	0.0001431550986	1	1.34	0.73928	1.4e+03	-3.15	1236
acgtca	acgtca|tgacgt	0.0003194888179	0.0004101278046	3	3.85	0.73932	1.4e+03	-3.15	1237
acaaaa	acaaaa|ttttgt	0.0018104366347	0.0020686173846	17	19.42	0.73988	1.4e+03	-3.15	1238
agccca	agccca|tgggct	0.0002129925453	0.0002809298346	2	2.64	0.73990	1.4e+03	-3.15	1239
gcaagc	gcaagc|gcttgc	0.0002129925453	0.0002813476146	2	2.64	0.74064	1.4e+03	-3.15	1240
attcac	attcac|gtgaat	0.0006389776358	0.0007825687746	6	7.35	0.74166	1.4e+03	-3.15	1241
tgacca	tgacca|tggtca	0.0003194888179	0.0004120969146	3	3.87	0.74222	1.4e+03	-3.15	1242
atagac	atagac|gtctat	0.0005324813632	0.0006617511546	5	6.21	0.74264	1.4e+03	-3.15	1243
ccccag	ccccag|ctgggg	0.0001064962726	0.0001445411976	1	1.36	0.74266	1.4e+03	-3.15	1244
tataaa	tataaa|tttata	0.0026624068158	0.0029867829846	25	28.05	0.74321	1.4e+03	-3.15	1245
acagaa	acagaa|ttctgt	0.0006389776358	0.0007842626646	6	7.36	0.74348	1.4e+03	-3.15	1246
atctcg	atctcg|cgagat	0.0002129925453	0.0002829976476	2	2.66	0.74354	1.4e+03	-3.15	1247
aaaggg	aaaggg|cccttt	0.0004259850905	0.0005391297546	4	5.06	0.74370	1.4e+03	-3.15	1248
gtatac	gtatac|gtatac	0.0003194888179	0.0004134222723	3	3.88	0.74416	1.4e+03	-3.15	1249
gggtga	gggtga|tcaccc	0.0002129925453	0.0002833771146	2	2.66	0.74420	1.4e+03	-3.15	1250
agagcg	agagcg|cgctct	0.0002129925453	0.0002836968846	2	2.66	0.74476	1.4e+03	-3.15	1251
cagccc	cagccc|gggctg	0.0001064962726	0.0001456209906	1	1.37	0.74525	1.4e+03	-3.15	1252
ctctca	ctctca|tgagag	0.0004259850905	0.0005406979146	4	5.08	0.74571	1.4e+03	-3.15	1253
atagcc	atagcc|ggctat	0.0003194888179	0.0004154332146	3	3.90	0.74708	1.4e+03	-3.15	1254
gaagta	gaagta|tacttc	0.0005324813632	0.0006660160746	5	6.25	0.74758	1.4e+03	-3.15	1255
atcata	atcata|tatgat	0.0008519701810	0.0010286164446	8	9.66	0.74759	1.4e+03	-3.15	1256
gaatac	gaatac|gtattc	0.0005324813632	0.0006660378546	5	6.25	0.74761	1.4e+03	-3.15	1257
tataca	tataca|tgtata	0.0013844515442	0.0016171724346	13	15.19	0.74766	1.4e+03	-3.15	1258
ccagcc	ccagcc|ggctgg	0.0001064962726	0.0001466626686	1	1.38	0.74773	1.4e+03	-3.15	1259
gaggcc	gaggcc|ggcctc	0.0001064962726	0.0001470371856	1	1.38	0.74862	1.4e+03	-3.15	1260
ccagcg	ccagcg|cgctgg	0.0001064962726	0.0001475649546	1	1.39	0.74986	1.4e+03	-3.15	1261
accaaa	accaaa|tttggt	0.0007454739084	0.0009113192646	7	8.56	0.75000	1.4e+03	-3.15	1262
actaca	actaca|tgtagt	0.0004259850905	0.0005446658346	4	5.11	0.75075	1.4e+03	-3.15	1263
gcagcc	gcagcc|ggctgc	0.0001064962726	0.0001481717256	1	1.39	0.75128	1.4e+03	-3.16	1264
cccgca	cccgca|tgcggg	0.0001064962726	0.0001484696166	1	1.39	0.75198	1.4e+03	-3.16	1265
atcggc	atcggc|gccgat	0.0001064962726	0.0001484723886	1	1.39	0.75198	1.4e+03	-3.16	1266
ggacta	ggacta|tagtcc	0.0002129925453	0.0002886330246	2	2.71	0.75324	1.4e+03	-3.16	1267
cgataa	cgataa|ttatcg	0.0003194888179	0.0004198684146	3	3.94	0.75342	1.4e+03	-3.16	1268
gcgtcc	gcgtcc|ggacgc	0.0001064962726	0.0001493822976	1	1.40	0.75409	1.4e+03	-3.16	1269
cgccaa	cgccaa|ttggcg	0.0002129925453	0.0002893230546	2	2.72	0.75441	1.4e+03	-3.16	1270
agtctc	agtctc|gagact	0.0003194888179	0.0004214316246	3	3.96	0.75563	1.4e+03	-3.16	1271
cgcagc	cgcagc|gctgcg	0.0001064962726	0.0001504248666	1	1.41	0.75649	1.4e+03	-3.16	1272
ccgctc	ccgctc|gagcgg	0.0001064962726	0.0001505744556	1	1.41	0.75683	1.4e+03	-3.16	1273
aattta	aattta|taaatt	0.0011714589989	0.0013949936646	11	13.10	0.75690	1.4e+03	-3.16	1274
cttaca	cttaca|tgtaag	0.0004259850905	0.0005500128246	4	5.16	0.75740	1.4e+03	-3.16	1275
agcccc	agcccc|ggggct	0.0001064962726	0.0001517144406	1	1.42	0.75942	1.4e+03	-3.16	1276
acaccc	acaccc|gggtgt	0.0002129925453	0.0002923811646	2	2.75	0.75952	1.4e+03	-3.16	1277
ccttaa	ccttaa|ttaagg	0.0003194888179	0.0004247342646	3	3.99	0.76023	1.4e+03	-3.16	1278
tatgga	tatgga|tccata	0.0006389776358	0.0008005560846	6	7.52	0.76055	1.4e+03	-3.16	1279
aaatgg	aaatgg|ccattt	0.0006389776358	0.0008025915246	6	7.54	0.76262	1.5e+03	-3.16	1280
caccag	caccag|ctggtg	0.0002129925453	0.0002944175946	2	2.76	0.76287	1.5e+03	-3.16	1281
cgcctc	cgcctc|gaggcg	0.0001064962726	0.0001533109146	1	1.44	0.76300	1.5e+03	-3.16	1282
agttca	agttca|tgaact	0.0005324813632	0.0006805334346	5	6.39	0.76389	1.5e+03	-3.16	1283
aatgac	aatgac|gtcatt	0.0004259850905	0.0005563686246	4	5.22	0.76514	1.5e+03	-3.16	1284
cctacc	cctacc|ggtagg	0.0001064962726	0.0001542859656	1	1.45	0.76516	1.5e+03	-3.16	1285
acacga	acacga|tcgtgt	0.0003194888179	0.0004285091346	3	4.02	0.76541	1.5e+03	-3.16	1286
cgaaaa	cgaaaa|ttttcg	0.0008519701810	0.0010483421946	8	9.84	0.76553	1.5e+03	-3.16	1287
aaattc	aaattc|gaattt	0.0009584664537	0.0011694172146	9	10.98	0.76646	1.5e+03	-3.16	1288
agctta	agctta|taagct	0.0004259850905	0.0005576051346	4	5.24	0.76662	1.5e+03	-3.16	1289
atatta	atatta|taatat	0.0014909478168	0.0017619233046	14	16.54	0.76774	1.5e+03	-3.16	1290
cttagc	cttagc|gctaag	0.0002129925453	0.0002975291646	2	2.79	0.76791	1.5e+03	-3.16	1291
ggatga	ggatga|tcatcc	0.0002129925453	0.0002978132946	2	2.80	0.76837	1.5e+03	-3.16	1292
gttcta	gttcta|tagaac	0.0004259850905	0.0005593762446	4	5.25	0.76873	1.5e+03	-3.16	1293
tccaaa	tccaaa|tttgga	0.0007454739084	0.0009312014346	7	8.74	0.76902	1.5e+03	-3.17	1294
aagaca	aagaca|tgtctt	0.0006389776358	0.0008090522646	6	7.60	0.76911	1.5e+03	-3.17	1295
cctaca	cctaca|tgtagg	0.0002129925453	0.0002985379746	2	2.80	0.76952	1.5e+03	-3.17	1296
gtccga	gtccga|tcggac	0.0001064962726	0.0001563806076	1	1.47	0.76974	1.5e+03	-3.17	1297
cgtgga	cgtgga|tccacg	0.0002129925453	0.0002987805246	2	2.81	0.76991	1.5e+03	-3.17	1298
gtcgga	gtcgga|tccgac	0.0001064962726	0.0001569733206	1	1.47	0.77101	1.5e+03	-3.17	1299
cactgg	cactgg|ccagtg	0.0002129925453	0.0002995715346	2	2.81	0.77117	1.5e+03	-3.17	1300
cagtgg	cagtgg|ccactg	0.0002129925453	0.0002999794146	2	2.82	0.77181	1.5e+03	-3.17	1301
ttcgaa	ttcgaa|ttcgaa	0.0002129925453	0.0002999999523	2	2.82	0.77185	1.5e+03	-3.17	1302
agctat	agctat|atagct	0.0005324813632	0.0006879020046	5	6.46	0.77185	1.5e+03	-3.17	1303
tggcca	tggcca|tggcca	0.0001064962726	0.0001575696423	1	1.48	0.77229	1.5e+03	-3.17	1304
aagcct	aagcct|aggctt	0.0003194888179	0.0004340551146	3	4.08	0.77285	1.5e+03	-3.17	1305
gcacta	gcacta|tagtgc	0.0003194888179	0.0004343303346	3	4.08	0.77322	1.5e+03	-3.17	1306
cgctcc	cgctcc|ggagcg	0.0001064962726	0.0001580352936	1	1.48	0.77329	1.5e+03	-3.17	1307
aggtcg	aggtcg|cgacct	0.0001064962726	0.0001581093456	1	1.48	0.77344	1.5e+03	-3.17	1308
gaagaa	gaagaa|ttcttc	0.0007454739084	0.0009360385746	7	8.79	0.77348	1.5e+03	-3.17	1309
accgac	accgac|gtcggt	0.0001064962726	0.0001592829906	1	1.50	0.77593	1.5e+03	-3.17	1310
gtccac	gtccac|gtggac	0.0002129925453	0.0003026969646	2	2.84	0.77608	1.5e+03	-3.17	1311
actttg	actttg|caaagt	0.0007454739084	0.0009390620346	7	8.82	0.77624	1.5e+03	-3.17	1312
gatata	gatata|tatatc	0.0012779552716	0.0015398564046	12	14.46	0.77699	1.5e+03	-3.17	1313
gcaata	gcaata|tattgc	0.0005324813632	0.0006928648746	5	6.51	0.77710	1.5e+03	-3.17	1314
atggta	atggta|taccat	0.0004259850905	0.0005665874046	4	5.32	0.77717	1.5e+03	-3.17	1315
cggtac	cggtac|gtaccg	0.0001064962726	0.0001598807526	1	1.50	0.77718	1.5e+03	-3.17	1316
atccaa	atccaa|ttggat	0.0004259850905	0.0005667438246	4	5.32	0.77735	1.5e+03	-3.17	1317
cttgga	cttgga|tccaag	0.0003194888179	0.0004378676046	3	4.11	0.77786	1.5e+03	-3.17	1318
agcgca	agcgca|tgcgct	0.0002129925453	0.0003038562546	2	2.85	0.77787	1.5e+03	-3.17	1319
tacgga	tacgga|tccgta	0.0002129925453	0.0003051868146	2	2.87	0.77992	1.5e+03	-3.17	1320
gttcaa	gttcaa|ttgaac	0.0005324813632	0.0006956655846	5	6.53	0.78001	1.5e+03	-3.17	1321
aagcag	aagcag|ctgctt	0.0003194888179	0.0004395842646	3	4.13	0.78008	1.5e+03	-3.17	1322
cgtaga	cgtaga|tctacg	0.0002129925453	0.0003056570646	2	2.87	0.78064	1.5e+03	-3.17	1323
acttgg	acttgg|ccaagt	0.0003194888179	0.0004400970846	3	4.13	0.78074	1.5e+03	-3.17	1324
acatag	acatag|ctatgt	0.0005324813632	0.0006969496146	5	6.54	0.78134	1.5e+03	-3.17	1325
cctagc	cctagc|gctagg	0.0001064962726	0.0001619525256	1	1.52	0.78148	1.5e+03	-3.17	1326
atttta	atttta|taaaat	0.0017039403621	0.0020185322946	16	18.95	0.78246	1.5e+03	-3.17	1327
gagata	gagata|tatctc	0.0005324813632	0.0006984098646	5	6.56	0.78285	1.5e+03	-3.17	1328
ctttcc	ctttcc|ggaaag	0.0004259850905	0.0005715829446	4	5.37	0.78287	1.5e+03	-3.17	1329
gagaca	gagaca|tgtctc	0.0003194888179	0.0004419553146	3	4.15	0.78312	1.5e+03	-3.17	1330
gtacac	gtacac|gtgtac	0.0003194888179	0.0004436086146	3	4.17	0.78522	1.5e+03	-3.17	1331
agtgtg	agtgtg|cacact	0.0005324813632	0.0007014551046	5	6.59	0.78596	1.5e+03	-3.17	1332
atataa	atataa|ttatat	0.0024494142705	0.0028380750846	23	26.65	0.78641	1.5e+03	-3.17	1333
cactta	cactta|taagtg	0.0005324813632	0.0007023144246	5	6.59	0.78683	1.5e+03	-3.18	1334
aactat	aactat|atagtt	0.0008519701810	0.0010733555346	8	10.08	0.78694	1.5e+03	-3.18	1335
ctggaa	ctggaa|ttccag	0.0003194888179	0.0004452450846	3	4.18	0.78728	1.5e+03	-3.18	1336
atgagc	atgagc|gctcat	0.0003194888179	0.0004457678046	3	4.19	0.78794	1.5e+03	-3.18	1337
gataac	gataac|gttatc	0.0003194888179	0.0004459499646	3	4.19	0.78816	1.5e+03	-3.18	1338
gatcga	gatcga|tcgatc	0.0001064962726	0.0001652970426	1	1.55	0.78823	1.5e+03	-3.18	1339
cttcaa	cttcaa|ttgaag	0.0006389776358	0.0008292363846	6	7.79	0.78853	1.5e+03	-3.18	1340
gttaac	gttaac|gttaac	0.0001064962726	0.0001655876523	1	1.55	0.78881	1.5e+03	-3.18	1341
acaaag	acaaag|ctttgt	0.0007454739084	0.0009540674646	7	8.96	0.78956	1.5e+03	-3.18	1342
agcttg	agcttg|caagct	0.0003194888179	0.0004473597246	3	4.20	0.78992	1.5e+03	-3.18	1343
tgcgaa	tgcgaa|ttcgca	0.0003194888179	0.0004482606246	3	4.21	0.79104	1.5e+03	-3.18	1344
cataac	cataac|gttatg	0.0004259850905	0.0005795821446	4	5.44	0.79176	1.5e+03	-3.18	1345
cgtgta	cgtgta|tacacg	0.0003194888179	0.0004488457146	3	4.21	0.79176	1.5e+03	-3.18	1346
cgtcta	cgtcta|tagacg	0.0002129925453	0.0003134285646	2	2.94	0.79224	1.5e+03	-3.18	1347
atgcaa	atgcaa|ttgcat	0.0005324813632	0.0007083257046	5	6.65	0.79284	1.5e+03	-3.18	1348
aactcg	aactcg|cgagtt	0.0002129925453	0.0003139344546	2	2.95	0.79297	1.5e+03	-3.18	1349
ctttgc	ctttgc|gcaaag	0.0004259850905	0.0005812255446	4	5.46	0.79354	1.5e+03	-3.18	1350
agtgcg	agtgcg|cgcact	0.0002129925453	0.0003151967046	2	2.96	0.79480	1.5e+03	-3.18	1351
tacgaa	tacgaa|ttcgta	0.0004259850905	0.0005825491746	4	5.47	0.79498	1.5e+03	-3.18	1352
ctgcta	ctgcta|tagcag	0.0002129925453	0.0003160956246	2	2.97	0.79609	1.5e+03	-3.18	1353
ctgcgc	ctgcgc|gcgcag	0.0001064962726	0.0001693515876	1	1.59	0.79614	1.5e+03	-3.18	1354
aacatt	aacatt|aatgtt	0.0007454739084	0.0009618924246	7	9.03	0.79627	1.5e+03	-3.18	1355
ccgaac	ccgaac|gttcgg	0.0001064962726	0.0001694524686	1	1.59	0.79634	1.5e+03	-3.18	1356
cacggg	cacggg|cccgtg	0.0001064962726	0.0001694670216	1	1.59	0.79637	1.5e+03	-3.18	1357
ggaaga	ggaaga|tcttcc	0.0003194888179	0.0004543996146	3	4.27	0.79851	1.5e+03	-3.18	1358
atagga	atagga|tcctat	0.0004259850905	0.0005862309846	4	5.50	0.79892	1.5e+03	-3.18	1359
cgtgag	cgtgag|ctcacg	0.0002129925453	0.0003182300646	2	2.99	0.79913	1.5e+03	-3.18	1360
gatacc	gatacc|ggtatc	0.0002129925453	0.0003182379846	2	2.99	0.79914	1.5e+03	-3.18	1361
tccgaa	tccgaa|ttcgga	0.0002129925453	0.0003189785046	2	3.00	0.80018	1.5e+03	-3.18	1362
atctgg	atctgg|ccagat	0.0002129925453	0.0003191448246	2	3.00	0.80042	1.5e+03	-3.18	1363
gggcca	gggcca|tggccc	0.0001064962726	0.0001717986696	1	1.61	0.80078	1.5e+03	-3.18	1364
cagcgc	cagcgc|gcgctg	0.0001064962726	0.0001719683556	1	1.61	0.80109	1.5e+03	-3.18	1365
tatgca	tatgca|tgcata	0.0006389776358	0.0008437289946	6	7.92	0.80169	1.5e+03	-3.18	1366
ctactc	ctactc|gagtag	0.0002129925453	0.0003202219446	2	3.01	0.80193	1.5e+03	-3.18	1367
acgact	acgact|agtcgt	0.0002129925453	0.0003210980946	2	3.02	0.80315	1.5e+03	-3.18	1368
gctgaa	gctgaa|ttcagc	0.0003194888179	0.0004585902846	3	4.31	0.80348	1.5e+03	-3.18	1369
gcttac	gcttac|gtaagc	0.0002129925453	0.0003216257646	2	3.02	0.80388	1.5e+03	-3.18	1370
cggcta	cggcta|tagccg	0.0001064962726	0.0001738297536	1	1.63	0.80454	1.5e+03	-3.18	1371
aaagtt	aaagtt|aacttt	0.0012779552716	0.0015806711346	12	14.84	0.80480	1.5e+03	-3.18	1372
gaatga	gaatga|tcattc	0.0004259850905	0.0005920620846	4	5.56	0.80503	1.5e+03	-3.19	1373
actcca	actcca|tggagt	0.0003194888179	0.0004601297346	3	4.32	0.80528	1.5e+03	-3.19	1374
atcgcg	atcgcg|cgcgat	0.0001064962726	0.0001746525426	1	1.64	0.80605	1.5e+03	-3.19	1375
ctccga	ctccga|tcggag	0.0001064962726	0.0001747220406	1	1.64	0.80617	1.5e+03	-3.19	1376
aacacc	aacacc|ggtgtt	0.0003194888179	0.0004611108246	3	4.33	0.80642	1.5e+03	-3.19	1377
caaagc	caaagc|gctttg	0.0004259850905	0.0005945756946	4	5.58	0.80762	1.5e+03	-3.19	1378
cgaaca	cgaaca|tgttcg	0.0002129925453	0.0003244749846	2	3.05	0.80778	1.5e+03	-3.19	1379
cgccca	cgccca|tgggcg	0.0001064962726	0.0001758509376	1	1.65	0.80822	1.5e+03	-3.19	1380
tattaa	tattaa|ttaata	0.0009584664537	0.0012236276346	9	11.49	0.80879	1.5e+03	-3.19	1381
atcgcc	atcgcc|ggcgat	0.0001064962726	0.0001764709746	1	1.66	0.80933	1.5e+03	-3.19	1382
gtaaaa	gtaaaa|ttttac	0.0011714589989	0.0014683932546	11	13.79	0.81005	1.5e+03	-3.19	1383
attgca	attgca|tgcaat	0.0004259850905	0.0005974803546	4	5.61	0.81058	1.5e+03	-3.19	1384
agcgcg	agcgcg|cgcgct	0.0001064962726	0.0001772614896	1	1.66	0.81074	1.5e+03	-3.19	1385
caccgc	caccgc|gcggtg	0.0001064962726	0.0001785328476	1	1.68	0.81299	1.5e+03	-3.19	1386
cgtacc	cgtacc|ggtacg	0.0001064962726	0.0001786468956	1	1.68	0.81319	1.5e+03	-3.19	1387
ccgtac	ccgtac|gtacgg	0.0001064962726	0.0001786588746	1	1.68	0.81321	1.5e+03	-3.19	1388
cccacc	cccacc|ggtggg	0.0001064962726	0.0001790484396	1	1.68	0.81389	1.5e+03	-3.19	1389
ccgcac	ccgcac|gtgcgg	0.0001064962726	0.0001790509146	1	1.68	0.81389	1.5e+03	-3.19	1390
acgtgg	acgtgg|ccacgt	0.0002129925453	0.0003303001446	2	3.10	0.81556	1.6e+03	-3.19	1391
ataaaa	ataaaa|ttttat	0.0027689030884	0.0032477964846	26	30.50	0.81641	1.6e+03	-3.19	1392
ctcaag	ctcaag|cttgag	0.0003194888179	0.0004703079246	3	4.42	0.81684	1.6e+03	-3.19	1393
acacaa	acacaa|ttgtgt	0.0007454739084	0.0009891035646	7	9.29	0.81832	1.6e+03	-3.19	1394
ctccaa	ctccaa|ttggag	0.0003194888179	0.0004718384646	3	4.43	0.81853	1.6e+03	-3.19	1395
ataaag	ataaag|ctttat	0.0011714589989	0.0014818443846	11	13.91	0.81878	1.6e+03	-3.19	1396
ggatac	ggatac|gtatcc	0.0002129925453	0.0003330711546	2	3.13	0.81916	1.6e+03	-3.19	1397
caatta	caatta|taattg	0.0004259850905	0.0006062695746	4	5.69	0.81930	1.6e+03	-3.19	1398
gcctac	gcctac|gtaggc	0.0001064962726	0.0001823500896	1	1.71	0.81957	1.6e+03	-3.19	1399
gacaac	gacaac|gttgtc	0.0002129925453	0.0003335364546	2	3.13	0.81975	1.6e+03	-3.19	1400
cacggc	cacggc|gccgtg	0.0001064962726	0.0001824937386	1	1.71	0.81982	1.6e+03	-3.19	1401
gaaatc	gaaatc|gatttc	0.0004259850905	0.0006068625846	4	5.70	0.81988	1.6e+03	-3.19	1402
acgaac	acgaac|gttcgt	0.0002129925453	0.0003336780246	2	3.13	0.81994	1.6e+03	-3.19	1403
aaccat	aaccat|atggtt	0.0004259850905	0.0006071358246	4	5.70	0.82014	1.6e+03	-3.19	1404
acgacc	acgacc|ggtcgt	0.0001064962726	0.0001831937676	1	1.72	0.82100	1.6e+03	-3.19	1405
ctcaaa	ctcaaa|tttgag	0.0007454739084	0.0009926467746	7	9.32	0.82105	1.6e+03	-3.19	1406
gatagc	gatagc|gctatc	0.0002129925453	0.0003346086246	2	3.14	0.82113	1.6e+03	-3.19	1407
gtgtta	gtgtta|taacac	0.0004259850905	0.0006088703046	4	5.72	0.82182	1.6e+03	-3.19	1408
gagcac	gagcac|gtgctc	0.0002129925453	0.0003351620346	2	3.15	0.82183	1.6e+03	-3.19	1409
cgtatc	cgtatc|gatacg	0.0002129925453	0.0003353847846	2	3.15	0.82211	1.6e+03	-3.19	1410
acgcaa	acgcaa|ttgcgt	0.0003194888179	0.0004754895846	3	4.46	0.82250	1.6e+03	-3.19	1411
aatatt	aatatt|aatatt	0.0008519701810	0.0011196664923	8	10.51	0.82269	1.6e+03	-3.19	1412
tgaaca	tgaaca|tgttca	0.0005324813632	0.0007410442146	5	6.96	0.82328	1.6e+03	-3.19	1413
cactca	cactca|tgagtg	0.0004259850905	0.0006122333346	4	5.75	0.82503	1.6e+03	-3.20	1414
gatgta	gatgta|tacatc	0.0003194888179	0.0004787575746	3	4.50	0.82599	1.6e+03	-3.20	1415
cgttga	cgttga|tcaacg	0.0002129925453	0.0003385765446	2	3.18	0.82612	1.6e+03	-3.20	1416
acgaaa	acgaaa|tttcgt	0.0006389776358	0.0008729320146	6	8.20	0.82626	1.6e+03	-3.20	1417
agacct	agacct|aggtct	0.0002129925453	0.0003389230446	2	3.18	0.82655	1.6e+03	-3.20	1418
cccacg	cccacg|cgtggg	0.0001064962726	0.0001867354926	1	1.75	0.82685	1.6e+03	-3.20	1419
gattaa	gattaa|ttaatc	0.0003194888179	0.0004805168046	3	4.51	0.82784	1.6e+03	-3.20	1420
cgcacg	cgcacg|cgtgcg	0.0001064962726	0.0001874953176	1	1.76	0.82808	1.6e+03	-3.20	1421
gggtac	gggtac|gtaccc	0.0001064962726	0.0001875972876	1	1.76	0.82825	1.6e+03	-3.20	1422
atccca	atccca|tgggat	0.0002129925453	0.0003406139646	2	3.20	0.82863	1.6e+03	-3.20	1423
atgaga	atgaga|tctcat	0.0005324813632	0.0007478752146	5	7.02	0.82916	1.6e+03	-3.20	1424
actctc	actctc|gagagt	0.0003194888179	0.0004817780646	3	4.52	0.82916	1.6e+03	-3.20	1425
cagtaa	cagtaa|ttactg	0.0003194888179	0.0004822047546	3	4.53	0.82960	1.6e+03	-3.20	1426
agacga	agacga|tcgtct	0.0002129925453	0.0003424424946	2	3.22	0.83086	1.6e+03	-3.20	1427
aggaac	aggaac|gttcct	0.0002129925453	0.0003428563146	2	3.22	0.83136	1.6e+03	-3.20	1428
agtggc	agtggc|gccact	0.0002129925453	0.0003432216246	2	3.22	0.83181	1.6e+03	-3.20	1429
caatgg	caatgg|ccattg	0.0002129925453	0.0003435146646	2	3.23	0.83216	1.6e+03	-3.20	1430
ggccta	ggccta|taggcc	0.0001064962726	0.0001900716936	1	1.78	0.83219	1.6e+03	-3.20	1431
gacgac	gacgac|gtcgtc	0.0001064962726	0.0001900764456	1	1.78	0.83220	1.6e+03	-3.20	1432
cccgta	cccgta|tacggg	0.0001064962726	0.0001901655456	1	1.79	0.83234	1.6e+03	-3.20	1433
acgcac	acgcac|gtgcgt	0.0002129925453	0.0003437829546	2	3.23	0.83248	1.6e+03	-3.20	1434
actgtc	actgtc|gacagt	0.0002129925453	0.0003442621146	2	3.23	0.83306	1.6e+03	-3.20	1435
aatatg	aatatg|catatt	0.0011714589989	0.0015049598946	11	14.13	0.83308	1.6e+03	-3.20	1436
ccactc	ccactc|gagtgg	0.0002129925453	0.0003442799346	2	3.23	0.83308	1.6e+03	-3.20	1437
cgcata	cgcata|tatgcg	0.0003194888179	0.0004858172646	3	4.56	0.83332	1.6e+03	-3.20	1438
gtatca	gtatca|tgatac	0.0004259850905	0.0006218254446	4	5.84	0.83392	1.6e+03	-3.20	1439
gaaagc	gaaagc|gctttc	0.0004259850905	0.0006235559646	4	5.86	0.83548	1.6e+03	-3.20	1440
atagtc	atagtc|gactat	0.0004259850905	0.0006235668546	4	5.86	0.83549	1.6e+03	-3.20	1441
aaagct	aaagct|agcttt	0.0007454739084	0.0010127477346	7	9.51	0.83593	1.6e+03	-3.20	1442
gactga	gactga|tcagtc	0.0002129925453	0.0003470509446	2	3.26	0.83637	1.6e+03	-3.20	1443
gcgtaa	gcgtaa|ttacgc	0.0002129925453	0.0003483527946	2	3.27	0.83789	1.6e+03	-3.20	1444
atgtga	atgtga|tcacat	0.0006389776358	0.0008881908846	6	8.34	0.83809	1.6e+03	-3.20	1445
acaacg	acaacg|cgttgt	0.0002129925453	0.0003488438346	2	3.28	0.83846	1.6e+03	-3.20	1446
atggtc	atggtc|gaccat	0.0002129925453	0.0003489923346	2	3.28	0.83863	1.6e+03	-3.20	1447
ctgtaa	ctgtaa|ttacag	0.0003194888179	0.0004917166746	3	4.62	0.83925	1.6e+03	-3.20	1448
caatgc	caatgc|gcattg	0.0002129925453	0.0003499575846	2	3.29	0.83975	1.6e+03	-3.20	1449
ctatag	ctatag|ctatag	0.0002129925453	0.0003499721823	2	3.29	0.83977	1.6e+03	-3.20	1450
cttaga	cttaga|tctaag	0.0003194888179	0.0004923354246	3	4.62	0.83986	1.6e+03	-3.20	1451
ccttcg	ccttcg|cgaagg	0.0001064962726	0.0001951993986	1	1.83	0.84008	1.6e+03	-3.20	1452
acactg	acactg|cagtgt	0.0003194888179	0.0004938837846	3	4.64	0.84138	1.6e+03	-3.20	1453
attaga	attaga|tctaat	0.0004259850905	0.0006311502546	4	5.93	0.84220	1.6e+03	-3.20	1454
ctgacc	ctgacc|ggtcag	0.0001064962726	0.0001972671126	1	1.85	0.84316	1.6e+03	-3.21	1455
catcca	catcca|tggatg	0.0002129925453	0.0003540660846	2	3.32	0.84443	1.6e+03	-3.21	1456
atgcga	atgcga|tcgcat	0.0002129925453	0.0003542363646	2	3.33	0.84462	1.6e+03	-3.21	1457
aagatc	aagatc|gatctt	0.0003194888179	0.0004974091746	3	4.67	0.84480	1.6e+03	-3.21	1458
gatcta	gatcta|tagatc	0.0002129925453	0.0003547214646	2	3.33	0.84516	1.6e+03	-3.21	1459
gcggta	gcggta|taccgc	0.0001064962726	0.0001991106906	1	1.87	0.84585	1.6e+03	-3.21	1460
aatgca	aatgca|tgcatt	0.0004259850905	0.0006353983446	4	5.97	0.84586	1.6e+03	-3.21	1461
cgtaca	cgtaca|tgtacg	0.0002129925453	0.0003553808046	2	3.34	0.84590	1.6e+03	-3.21	1462
tattca	tattca|tgaata	0.0009584664537	0.0012820227846	9	12.04	0.84763	1.6e+03	-3.21	1463
ttaaaa	ttaaaa|ttttaa	0.0018104366347	0.0022582617846	17	21.21	0.84775	1.6e+03	-3.21	1464
tgagca	tgagca|tgctca	0.0003194888179	0.0005008197246	3	4.70	0.84804	1.6e+03	-3.21	1465
accagg	accagg|cctggt	0.0001064962726	0.0002006480616	1	1.88	0.84806	1.6e+03	-3.21	1466
gggata	gggata|tatccc	0.0002129925453	0.0003575310846	2	3.36	0.84828	1.6e+03	-3.21	1467
gctgta	gctgta|tacagc	0.0002129925453	0.0003584537646	2	3.37	0.84929	1.6e+03	-3.21	1468
tacaaa	tacaaa|tttgta	0.0010649627263	0.0014096872446	10	13.24	0.84946	1.6e+03	-3.21	1469
aggagg	aggagg|cctcct	0.0001064962726	0.0002018317056	1	1.90	0.84974	1.6e+03	-3.21	1470
caaaac	caaaac|gttttg	0.0007454739084	0.0010331724246	7	9.70	0.85002	1.6e+03	-3.21	1471
atggaa	atggaa|ttccat	0.0005324813632	0.0007747012446	5	7.27	0.85071	1.6e+03	-3.21	1472
acacgc	acacgc|gcgtgt	0.0002129925453	0.0003599862846	2	3.38	0.85095	1.6e+03	-3.21	1473
aatata	aatata|tatatt	0.0024494142705	0.0029790708846	23	27.97	0.85096	1.6e+03	-3.21	1474
caggga	caggga|tccctg	0.0001064962726	0.0002035053996	1	1.91	0.85208	1.6e+03	-3.21	1475
caaccc	caaccc|gggttg	0.0001064962726	0.0002035173786	1	1.91	0.85210	1.6e+03	-3.21	1476
acccgt	acccgt|acgggt	0.0001064962726	0.0002039281296	1	1.91	0.85267	1.6e+03	-3.21	1477
gtttca	gtttca|tgaaac	0.0006389776358	0.0009084997446	6	8.53	0.85283	1.6e+03	-3.21	1478
gggcta	gggcta|tagccc	0.0001064962726	0.0002041191996	1	1.92	0.85293	1.6e+03	-3.21	1479
acctgg	acctgg|ccaggt	0.0001064962726	0.0002041681056	1	1.92	0.85300	1.6e+03	-3.21	1480
cacgaa	cacgaa|ttcgtg	0.0003194888179	0.0005069597046	3	4.76	0.85373	1.6e+03	-3.21	1481
acctgc	acctgc|gcaggt	0.0001064962726	0.0002047131006	1	1.92	0.85375	1.6e+03	-3.21	1482
agtaat	agtaat|attact	0.0004259850905	0.0006456151446	4	6.06	0.85436	1.6e+03	-3.21	1483
accagt	accagt|actggt	0.0002129925453	0.0003632176446	2	3.41	0.85441	1.6e+03	-3.21	1484
atcaga	atcaga|tctgat	0.0003194888179	0.0005081397846	3	4.77	0.85480	1.6e+03	-3.21	1485
tcaaca	tcaaca|tgttga	0.0004259850905	0.0006462824046	4	6.07	0.85490	1.6e+03	-3.21	1486
gtcaga	gtcaga|tctgac	0.0002129925453	0.0003637106646	2	3.42	0.85493	1.6e+03	-3.21	1487
atgacg	atgacg|cgtcat	0.0002129925453	0.0003638255046	2	3.42	0.85505	1.6e+03	-3.21	1488
agatcg	agatcg|cgatct	0.0001064962726	0.0002063204646	1	1.94	0.85594	1.6e+03	-3.21	1489
cagtcc	cagtcc|ggactg	0.0001064962726	0.0002063892696	1	1.94	0.85604	1.6e+03	-3.21	1490
ggccac	ggccac|gtggcc	0.0001064962726	0.0002069108016	1	1.94	0.85674	1.6e+03	-3.21	1491
atggtg	atggtg|caccat	0.0003194888179	0.0005115424146	3	4.80	0.85785	1.6e+03	-3.21	1492
aatggg	aatggg|cccatt	0.0002129925453	0.0003668974746	2	3.45	0.85825	1.6e+03	-3.21	1493
agtctg	agtctg|cagact	0.0002129925453	0.0003671647746	2	3.45	0.85853	1.6e+03	-3.21	1494
cagacc	cagacc|ggtctg	0.0001064962726	0.0002083304616	1	1.96	0.85864	1.6e+03	-3.21	1495
ctgaac	ctgaac|gttcag	0.0002129925453	0.0003679181646	2	3.45	0.85930	1.6e+03	-3.21	1496
acgatc	acgatc|gatcgt	0.0001064962726	0.0002090139576	1	1.96	0.85954	1.6e+03	-3.21	1497
aactgg	aactgg|ccagtt	0.0002129925453	0.0003693734646	2	3.47	0.86079	1.6e+03	-3.21	1498
gtttta	gtttta|taaaac	0.0009584664537	0.0013050798846	9	12.25	0.86113	1.6e+03	-3.21	1499
catatc	catatc|gatatg	0.0005324813632	0.0007888473546	5	7.41	0.86113	1.6e+03	-3.21	1500
agacgg	agacgg|ccgtct	0.0001064962726	0.0002105956806	1	1.98	0.86161	1.6e+03	-3.21	1501
ctacgc	ctacgc|gcgtag	0.0001064962726	0.0002108019966	1	1.98	0.86188	1.6e+03	-3.21	1502
acaaac	acaaac|gtttgt	0.0005324813632	0.0007907540946	5	7.43	0.86249	1.6e+03	-3.21	1503
cacgca	cacgca|tgcgtg	0.0002129925453	0.0003711109146	2	3.48	0.86254	1.6e+03	-3.21	1504
catctc	catctc|gagatg	0.0002129925453	0.0003712297146	2	3.49	0.86266	1.6e+03	-3.22	1505
gtgaca	gtgaca|tgtcac	0.0003194888179	0.0005174893446	3	4.86	0.86305	1.6e+03	-3.22	1506
taccca	taccca|tgggta	0.0002129925453	0.0003722088246	2	3.50	0.86364	1.6e+03	-3.22	1507
agacag	agacag|ctgtct	0.0002129925453	0.0003723959346	2	3.50	0.86382	1.6e+03	-3.22	1508
agggga	agggga|tcccct	0.0001064962726	0.0002125206366	1	2.00	0.86409	1.6e+03	-3.22	1509
gaacta	gaacta|tagttc	0.0003194888179	0.0005192248146	3	4.88	0.86453	1.6e+03	-3.22	1510
attggc	attggc|gccaat	0.0002129925453	0.0003731453646	2	3.50	0.86457	1.6e+03	-3.22	1511
cctaac	cctaac|gttagg	0.0001064962726	0.0002141420586	1	2.01	0.86615	1.6e+03	-3.22	1512
atgcag	atgcag|ctgcat	0.0002129925453	0.0003748491546	2	3.52	0.86624	1.6e+03	-3.22	1513
atatag	atatag|ctatat	0.0012779552716	0.0016893365046	12	15.86	0.86627	1.6e+03	-3.22	1514
gcccac	gcccac|gtgggc	0.0001064962726	0.0002143325346	1	2.01	0.86639	1.6e+03	-3.22	1515
cacgcg	cacgcg|cgcgtg	0.0001064962726	0.0002144100516	1	2.01	0.86648	1.6e+03	-3.22	1516
catagg	catagg|cctatg	0.0002129925453	0.0003752184246	2	3.52	0.86660	1.6e+03	-3.22	1517
actgga	actgga|tccagt	0.0002129925453	0.0003752382246	2	3.52	0.86662	1.6e+03	-3.22	1518
aaggac	aaggac|gtcctt	0.0002129925453	0.0003753936546	2	3.52	0.86677	1.6e+03	-3.22	1519
aattgc	aattgc|gcaatt	0.0003194888179	0.0005228858346	3	4.91	0.86762	1.7e+03	-3.22	1520
gtatta	gtatta|taatac	0.0005324813632	0.0007981899846	5	7.50	0.86768	1.7e+03	-3.22	1521
caatcg	caatcg|cgattg	0.0001064962726	0.0002156540856	1	2.02	0.86803	1.7e+03	-3.22	1522
atgagg	atgagg|cctcat	0.0002129925453	0.0003768044046	2	3.54	0.86814	1.7e+03	-3.22	1523
actgct	actgct|agcagt	0.0002129925453	0.0003768440046	2	3.54	0.86818	1.7e+03	-3.22	1524
ctgaca	ctgaca|tgtcag	0.0002129925453	0.0003769083546	2	3.54	0.86824	1.7e+03	-3.22	1525
ggagga	ggagga|tcctcc	0.0001064962726	0.0002160305826	1	2.03	0.86850	1.7e+03	-3.22	1526
caacaa	caacaa|ttgttg	0.0004259850905	0.0006643261446	4	6.24	0.86889	1.7e+03	-3.22	1527
agctga	agctga|tcagct	0.0002129925453	0.0003790180446	2	3.56	0.87026	1.7e+03	-3.22	1528
gccgaa	gccgaa|ttcggc	0.0001064962726	0.0002175675576	1	2.04	0.87038	1.7e+03	-3.22	1529
aaatgc	aaatgc|gcattt	0.0005324813632	0.0008022182946	5	7.53	0.87042	1.7e+03	-3.22	1530
cgttcc	cgttcc|ggaacg	0.0001064962726	0.0002180048406	1	2.05	0.87092	1.7e+03	-3.22	1531
caagga	caagga|tccttg	0.0002129925453	0.0003798031146	2	3.57	0.87101	1.7e+03	-3.22	1532
aggaat	aggaat|attcct	0.0003194888179	0.0005274091446	3	4.95	0.87135	1.7e+03	-3.22	1533
aggatc	aggatc|gatcct	0.0001064962726	0.0002188619826	1	2.06	0.87195	1.7e+03	-3.22	1534
atgctg	atgctg|cagcat	0.0002129925453	0.0003808099446	2	3.58	0.87196	1.7e+03	-3.22	1535
cacaga	cacaga|tctgtg	0.0003194888179	0.0005282249046	3	4.96	0.87201	1.7e+03	-3.22	1536
ccacgc	ccacgc|gcgtgg	0.0001064962726	0.0002194196496	1	2.06	0.87262	1.7e+03	-3.22	1537
aatctc	aatctc|gagatt	0.0003194888179	0.0005289872046	3	4.97	0.87262	1.7e+03	-3.22	1538
aaatac	aaatac|gtattt	0.0010649627263	0.0014544500946	10	13.66	0.87354	1.7e+03	-3.22	1539
aattat	aattat|ataatt	0.0009584664537	0.0013286003046	9	12.48	0.87390	1.7e+03	-3.22	1540
atttaa	atttaa|ttaaat	0.0009584664537	0.0013286082246	9	12.48	0.87390	1.7e+03	-3.22	1541
agaccc	agaccc|gggtct	0.0001064962726	0.0002206372506	1	2.07	0.87407	1.7e+03	-3.22	1542
gcgaac	gcgaac|gttcgc	0.0001064962726	0.0002206448736	1	2.07	0.87408	1.7e+03	-3.22	1543
attctc	attctc|gagaat	0.0004259850905	0.0006714709746	4	6.31	0.87410	1.7e+03	-3.22	1544
cctgca	cctgca|tgcagg	0.0001064962726	0.0002209991946	1	2.08	0.87450	1.7e+03	-3.22	1545
aagagc	aagagc|gctctt	0.0003194888179	0.0005315018046	3	4.99	0.87464	1.7e+03	-3.22	1546
accatg	accatg|catggt	0.0002129925453	0.0003837749946	2	3.60	0.87472	1.7e+03	-3.22	1547
cgaatc	cgaatc|gattcg	0.0001064962726	0.0002215654746	1	2.08	0.87516	1.7e+03	-3.22	1548
ggacca	ggacca|tggtcc	0.0001064962726	0.0002216458626	1	2.08	0.87526	1.7e+03	-3.22	1549
gccata	gccata|tatggc	0.0003194888179	0.0005329442346	3	5.00	0.87578	1.7e+03	-3.22	1550
taaaca	taaaca|tgttta	0.0007454739084	0.0010753127646	7	10.10	0.87600	1.7e+03	-3.22	1551
atgcgg	atgcgg|ccgcat	0.0001064962726	0.0002223554946	1	2.09	0.87608	1.7e+03	-3.22	1552
gtctta	gtctta|taagac	0.0003194888179	0.0005334471546	3	5.01	0.87618	1.7e+03	-3.22	1553
cagcag	cagcag|ctgctg	0.0001064962726	0.0002228990046	1	2.09	0.87671	1.7e+03	-3.22	1554
acccag	acccag|ctgggt	0.0001064962726	0.0002249195946	1	2.11	0.87903	1.7e+03	-3.22	1555
tccaga	tccaga|tctgga	0.0002129925453	0.0003899624946	2	3.66	0.88030	1.7e+03	-3.22	1556
aagaat	aagaat|attctt	0.0008519701810	0.0012131484846	8	11.39	0.88049	1.7e+03	-3.22	1557
catgga	catgga|tccatg	0.0002129925453	0.0003906228246	2	3.67	0.88088	1.7e+03	-3.22	1558
agggag	agggag|ctccct	0.0001064962726	0.0002266319976	1	2.13	0.88096	1.7e+03	-3.22	1559
acaggc	acaggc|gcctgt	0.0001064962726	0.0002270782896	1	2.13	0.88146	1.7e+03	-3.22	1560
agcgta	agcgta|tacgct	0.0002129925453	0.0003918038946	2	3.68	0.88192	1.7e+03	-3.22	1561
cgaagc	cgaagc|gcttcg	0.0001064962726	0.0002274975546	1	2.14	0.88193	1.7e+03	-3.22	1562
gaactc	gaactc|gagttc	0.0002129925453	0.0003921583146	2	3.68	0.88222	1.7e+03	-3.22	1563
cgacac	cgacac|gtgtcg	0.0001064962726	0.0002278579146	1	2.14	0.88233	1.7e+03	-3.22	1564
aagtga	aagtga|tcactt	0.0006389776358	0.0009548238246	6	8.97	0.88233	1.7e+03	-3.22	1565
tactga	tactga|tcagta	0.0003194888179	0.0005415186246	3	5.08	0.88238	1.7e+03	-3.22	1566
attaat	attaat|attaat	0.0002129925453	0.0003928154223	2	3.69	0.88280	1.7e+03	-3.23	1567
aatact	aatact|agtatt	0.0007454739084	0.0010875541146	7	10.21	0.88281	1.7e+03	-3.23	1568
tcacaa	tcacaa|ttgtga	0.0006389776358	0.0009559049046	6	8.98	0.88296	1.7e+03	-3.23	1569
agatct	agatct|agatct	0.0001064962726	0.0002286021423	1	2.15	0.88314	1.7e+03	-3.23	1570
ccagac	ccagac|gtctgg	0.0001064962726	0.0002286815946	1	2.15	0.88323	1.7e+03	-3.23	1571
ggtcca	ggtcca|tggacc	0.0001064962726	0.0002288435586	1	2.15	0.88341	1.7e+03	-3.23	1572
caaata	caaata|tatttg	0.0010649627263	0.0014752123746	10	13.85	0.88360	1.7e+03	-3.23	1573
attcga	attcga|tcgaat	0.0002129925453	0.0003939888246	2	3.70	0.88381	1.7e+03	-3.23	1574
actatg	actatg|catagt	0.0004259850905	0.0006860348646	4	6.44	0.88417	1.7e+03	-3.23	1575
ctggga	ctggga|tcccag	0.0001064962726	0.0002297237676	1	2.16	0.88437	1.7e+03	-3.23	1576
agccct	agccct|agggct	0.0001064962726	0.0002303091546	1	2.16	0.88500	1.7e+03	-3.23	1577
acacgt	acacgt|acgtgt	0.0003194888179	0.0005457182046	3	5.12	0.88550	1.7e+03	-3.23	1578
gtcaca	gtcaca|tgtgac	0.0003194888179	0.0005458191846	3	5.13	0.88557	1.7e+03	-3.23	1579
cttaac	cttaac|gttaag	0.0002129925453	0.0003961589046	2	3.72	0.88566	1.7e+03	-3.23	1580
accgca	accgca|tgcggt	0.0001064962726	0.0002311298646	1	2.17	0.88589	1.7e+03	-3.23	1581
agtttc	agtttc|gaaact	0.0005324813632	0.0008275335846	5	7.77	0.88656	1.7e+03	-3.23	1582
atactg	atactg|cagtat	0.0004259850905	0.0006902819646	4	6.48	0.88697	1.7e+03	-3.23	1583
agactc	agactc|gagtct	0.0002129925453	0.0003979666446	2	3.74	0.88718	1.7e+03	-3.23	1584
agtgag	agtgag|ctcact	0.0003194888179	0.0005488119546	3	5.15	0.88775	1.7e+03	-3.23	1585
acaagg	acaagg|ccttgt	0.0002129925453	0.0003991417746	2	3.75	0.88816	1.7e+03	-3.23	1586
aggata	aggata|tatcct	0.0003194888179	0.0005494950546	3	5.16	0.88824	1.7e+03	-3.23	1587
cactac	cactac|gtagtg	0.0002129925453	0.0003996060846	2	3.75	0.88854	1.7e+03	-3.23	1588
ctgatc	ctgatc|gatcag	0.0001064962726	0.0002337395046	1	2.19	0.88865	1.7e+03	-3.23	1589
aattca	aattca|tgaatt	0.0006389776358	0.0009660771546	6	9.07	0.88870	1.7e+03	-3.23	1590
agcaga	agcaga|tctgct	0.0002129925453	0.0004000218846	2	3.76	0.88889	1.7e+03	-3.23	1591
gagtga	gagtga|tcactc	0.0003194888179	0.0005519532246	3	5.18	0.88999	1.7e+03	-3.23	1592
gcagac	gcagac|gtctgc	0.0001064962726	0.0002351682726	1	2.21	0.89013	1.7e+03	-3.23	1593
actcac	actcac|gtgagt	0.0003194888179	0.0005525412846	3	5.19	0.89041	1.7e+03	-3.23	1594
aagggt	aagggt|accctt	0.0002129925453	0.0004030007946	2	3.78	0.89132	1.7e+03	-3.23	1595
agtcca	agtcca|tggact	0.0002129925453	0.0004033403646	2	3.79	0.89159	1.7e+03	-3.23	1596
ggcgta	ggcgta|tacgcc	0.0001064962726	0.0002377529646	1	2.23	0.89277	1.7e+03	-3.23	1597
ataccc	ataccc|gggtat	0.0002129925453	0.0004057143846	2	3.81	0.89349	1.7e+03	-3.23	1598
cagaca	cagaca|tgtctg	0.0002129925453	0.0004059450546	2	3.81	0.89367	1.7e+03	-3.23	1599
aaagac	aaagac|gtcttt	0.0006389776358	0.0009753425646	6	9.16	0.89371	1.7e+03	-3.23	1600
aagtcc	aagtcc|ggactt	0.0002129925453	0.0004067350746	2	3.82	0.89429	1.7e+03	-3.23	1601
ccataa	ccataa|ttatgg	0.0004259850905	0.0007019906946	4	6.59	0.89439	1.7e+03	-3.23	1602
gctgga	gctgga|tccagc	0.0001064962726	0.0002393742876	1	2.25	0.89439	1.7e+03	-3.23	1603
acagcg	acagcg|cgctgt	0.0001064962726	0.0002394478446	1	2.25	0.89446	1.7e+03	-3.23	1604
caagtg	caagtg|cacttg	0.0003194888179	0.0005596138446	3	5.25	0.89530	1.7e+03	-3.23	1605
caataa	caataa|ttattg	0.0006389776358	0.0009786966846	6	9.19	0.89548	1.7e+03	-3.23	1606
catata	catata|tatatg	0.0014909478168	0.0020065542846	14	18.84	0.89569	1.7e+03	-3.23	1607
actttc	actttc|gaaagt	0.0006389776358	0.0009791491146	6	9.19	0.89572	1.7e+03	-3.23	1608
aagccg	aagccg|cggctt	0.0001064962726	0.0002411902446	1	2.26	0.89618	1.7e+03	-3.23	1609
cgacta	cgacta|tagtcg	0.0001064962726	0.0002414417046	1	2.27	0.89642	1.7e+03	-3.23	1610
acatct	acatct|agatgt	0.0003194888179	0.0005613889146	3	5.27	0.89649	1.7e+03	-3.23	1611
cgcgta	cgcgta|tacgcg	0.0001064962726	0.0002418396846	1	2.27	0.89681	1.7e+03	-3.23	1612
ccaagg	ccaagg|ccttgg	0.0001064962726	0.0002422876596	1	2.28	0.89724	1.7e+03	-3.23	1613
ctacac	ctacac|gtgtag	0.0002129925453	0.0004118820846	2	3.87	0.89827	1.7e+03	-3.23	1614
cgagag	cgagag|ctctcg	0.0001064962726	0.0002439469986	1	2.29	0.89883	1.7e+03	-3.23	1615
gctata	gctata|tatagc	0.0005324813632	0.0008494056546	5	7.98	0.89908	1.7e+03	-3.23	1616
aagtat	aagtat|atactt	0.0009584664537	0.0013820553546	9	12.98	0.89937	1.7e+03	-3.23	1617
agggca	agggca|tgccct	0.0001064962726	0.0002446582146	1	2.30	0.89950	1.7e+03	-3.23	1618
catgcc	catgcc|ggcatg	0.0001064962726	0.0002450251086	1	2.30	0.89985	1.7e+03	-3.23	1619
ggagac	ggagac|gtctcc	0.0001064962726	0.0002455637676	1	2.31	0.90035	1.7e+03	-3.23	1620
acagca	acagca|tgctgt	0.0002129925453	0.0004153500546	2	3.90	0.90087	1.7e+03	-3.23	1621
catgag	catgag|ctcatg	0.0002129925453	0.0004153975746	2	3.90	0.90091	1.7e+03	-3.23	1622
tttaaa	tttaaa|tttaaa	0.0007454739084	0.0011248243923	7	10.56	0.90164	1.7e+03	-3.23	1623
cacgac	cacgac|gtcgtg	0.0001064962726	0.0002471433126	1	2.32	0.90182	1.7e+03	-3.23	1624
tacgca	tacgca|tgcgta	0.0002129925453	0.0004172449146	2	3.92	0.90227	1.7e+03	-3.23	1625
agcgtc	agcgtc|gacgct	0.0001064962726	0.0002477139486	1	2.33	0.90235	1.7e+03	-3.23	1626
acttat	acttat|ataagt	0.0007454739084	0.0011270541246	7	10.58	0.90268	1.7e+03	-3.23	1627
acaccg	acaccg|cggtgt	0.0001064962726	0.0002483479446	1	2.33	0.90293	1.7e+03	-3.23	1628
aaacgc	aaacgc|gcgttt	0.0003194888179	0.0005719076646	3	5.37	0.90333	1.7e+03	-3.24	1629
catcaa	catcaa|ttgatg	0.0003194888179	0.0005726254146	3	5.38	0.90378	1.7e+03	-3.24	1630
aaacgt	aaacgt|acgttt	0.0005324813632	0.0008588938146	5	8.07	0.90413	1.7e+03	-3.24	1631
ctcata	ctcata|tatgag	0.0005324813632	0.0008611678446	5	8.09	0.90530	1.7e+03	-3.24	1632
cagatc	cagatc|gatctg	0.0001064962726	0.0002514446646	1	2.36	0.90571	1.7e+03	-3.24	1633
ctgctc	ctgctc|gagcag	0.0001064962726	0.0002514855516	1	2.36	0.90574	1.7e+03	-3.24	1634
ggatca	ggatca|tgatcc	0.0001064962726	0.0002519723346	1	2.37	0.90617	1.7e+03	-3.24	1635
aatggt	aatggt|accatt	0.0003194888179	0.0005767992546	3	5.42	0.90636	1.7e+03	-3.24	1636
gttcca	gttcca|tggaac	0.0002129925453	0.0004231849146	2	3.97	0.90652	1.7e+03	-3.24	1637
aattcg	aattcg|cgaatt	0.0002129925453	0.0004235244846	2	3.98	0.90676	1.7e+03	-3.24	1638
ccagca	ccagca|tgctgg	0.0001064962726	0.0002528573946	1	2.37	0.90695	1.7e+03	-3.24	1639
aacgct	aacgct|agcgtt	0.0002129925453	0.0004240254246	2	3.98	0.90711	1.7e+03	-3.24	1640
ctgaga	ctgaga|tctcag	0.0002129925453	0.0004244075646	2	3.99	0.90738	1.7e+03	-3.24	1641
caaatc	caaatc|gatttg	0.0003194888179	0.0005787485646	3	5.43	0.90755	1.7e+03	-3.24	1642
aacaac	aacaac|gttgtt	0.0003194888179	0.0005804444346	3	5.45	0.90857	1.7e+03	-3.24	1643
catacg	catacg|cgtatg	0.0002129925453	0.0004275884346	2	4.02	0.90957	1.7e+03	-3.24	1644
ctcgca	ctcgca|tgcgag	0.0001064962726	0.0002560271766	1	2.40	0.90968	1.7e+03	-3.24	1645
aatagt	aatagt|actatt	0.0006389776358	0.0010077224946	6	9.46	0.90976	1.7e+03	-3.24	1646
ccctaa	ccctaa|ttaggg	0.0001064962726	0.0002567203746	1	2.41	0.91027	1.7e+03	-3.24	1647
cgtctc	cgtctc|gagacg	0.0001064962726	0.0002570043066	1	2.41	0.91051	1.7e+03	-3.24	1648
acgctg	acgctg|cagcgt	0.0001064962726	0.0002571341946	1	2.41	0.91061	1.7e+03	-3.24	1649
ctaata	ctaata|tattag	0.0004259850905	0.0007309907646	4	6.86	0.91094	1.7e+03	-3.24	1650
atcgtc	atcgtc|gacgat	0.0001064962726	0.0002580800406	1	2.42	0.91141	1.7e+03	-3.24	1651
gaggca	gaggca|tgcctc	0.0001064962726	0.0002591573586	1	2.43	0.91230	1.7e+03	-3.24	1652
ggcgaa	ggcgaa|ttcgcc	0.0001064962726	0.0002591894346	1	2.43	0.91232	1.7e+03	-3.24	1653
atatcc	atatcc|ggatat	0.0004259850905	0.0007341686646	4	6.89	0.91261	1.7e+03	-3.24	1654
acttcc	acttcc|ggaagt	0.0002129925453	0.0004323315246	2	4.06	0.91274	1.7e+03	-3.24	1655
ggtgta	ggtgta|tacacc	0.0002129925453	0.0004325018046	2	4.06	0.91285	1.7e+03	-3.24	1656
aagacg	aagacg|cgtctt	0.0002129925453	0.0004325859546	2	4.06	0.91290	1.7e+03	-3.24	1657
agtatg	agtatg|catact	0.0004259850905	0.0007349171046	4	6.90	0.91300	1.7e+03	-3.24	1658
ccatta	ccatta|taatgg	0.0002129925453	0.0004333888446	2	4.07	0.91343	1.7e+03	-3.24	1659
ctgata	ctgata|tatcag	0.0003194888179	0.0005891841546	3	5.53	0.91367	1.7e+03	-3.24	1660
aaggct	aaggct|agcctt	0.0002129925453	0.0004353549846	2	4.09	0.91471	1.7e+03	-3.24	1661
agagtg	agagtg|cactct	0.0003194888179	0.0005910384246	3	5.55	0.91472	1.7e+03	-3.24	1662
gcgaga	gcgaga|tctcgc	0.0001064962726	0.0002624571276	1	2.46	0.91497	1.7e+03	-3.24	1663
cttgcc	cttgcc|ggcaag	0.0001064962726	0.0002625366246	1	2.47	0.91504	1.7e+03	-3.24	1664
aaagtg	aaagtg|cacttt	0.0008519701810	0.0012901219746	8	12.11	0.91551	1.7e+03	-3.24	1665
aacgcg	aacgcg|cgcgtt	0.0001064962726	0.0002631553746	1	2.47	0.91553	1.7e+03	-3.24	1666
cagaaa	cagaaa|tttctg	0.0006389776358	0.0010210667046	6	9.59	0.91573	1.7e+03	-3.24	1667
tccaca	tccaca|tgtgga	0.0003194888179	0.0005929075446	3	5.57	0.91576	1.7e+03	-3.24	1668
cctaga	cctaga|tctagg	0.0001064962726	0.0002642968446	1	2.48	0.91643	1.7e+03	-3.24	1669
gacacc	gacacc|ggtgtc	0.0001064962726	0.0002647076946	1	2.49	0.91675	1.7e+03	-3.24	1670
gaacgc	gaacgc|gcgttc	0.0001064962726	0.0002649245046	1	2.49	0.91692	1.7e+03	-3.24	1671
atggag	atggag|ctccat	0.0002129925453	0.0004389872946	2	4.12	0.91701	1.7e+03	-3.24	1672
agtact	agtact|agtact	0.0001064962726	0.0002652549123	1	2.49	0.91718	1.7e+03	-3.24	1673
gggcaa	gggcaa|ttgccc	0.0001064962726	0.0002656194846	1	2.49	0.91746	1.7e+03	-3.24	1674
acttgc	acttgc|gcaagt	0.0002129925453	0.0004398594846	2	4.13	0.91756	1.7e+03	-3.24	1675
atcagg	atcagg|cctgat	0.0001064962726	0.0002660352846	1	2.50	0.91778	1.7e+03	-3.24	1676
gatcca	gatcca|tggatc	0.0001064962726	0.0002660531046	1	2.50	0.91780	1.7e+03	-3.24	1677
atgggc	atgggc|gcccat	0.0001064962726	0.0002664283146	1	2.50	0.91809	1.7e+03	-3.24	1678
cgatta	cgatta|taatcg	0.0001064962726	0.0002666966046	1	2.50	0.91829	1.7e+03	-3.24	1679
ccccaa	ccccaa|ttgggg	0.0001064962726	0.0002678885646	1	2.52	0.91920	1.7e+03	-3.24	1680
gaattc	gaattc|gaattc	0.0001064962726	0.0002682447123	1	2.52	0.91947	1.7e+03	-3.24	1681
gtagga	gtagga|tcctac	0.0001064962726	0.0002683330746	1	2.52	0.91954	1.7e+03	-3.24	1682
cagagc	cagagc|gctctg	0.0001064962726	0.0002686350246	1	2.52	0.91977	1.7e+03	-3.24	1683
cttcac	cttcac|gtgaag	0.0003194888179	0.0006004295646	3	5.64	0.91985	1.7e+03	-3.24	1684
ctgcca	ctgcca|tggcag	0.0001064962726	0.0002687617446	1	2.52	0.91986	1.7e+03	-3.24	1685
cacaag	cacaag|cttgtg	0.0003194888179	0.0006014700546	3	5.65	0.92040	1.8e+03	-3.24	1686
agtagg	agtagg|cctact	0.0001064962726	0.0002699388546	1	2.53	0.92074	1.8e+03	-3.24	1687
aatcag	aatcag|ctgatt	0.0002129925453	0.0004450856946	2	4.18	0.92076	1.8e+03	-3.24	1688
ccgtaa	ccgtaa|ttacgg	0.0001064962726	0.0002701645746	1	2.54	0.92091	1.8e+03	-3.24	1689
aagctt	aagctt|aagctt	0.0002129925453	0.0004453685823	2	4.18	0.92093	1.8e+03	-3.24	1690
cttaaa	cttaaa|tttaag	0.0006389776358	0.0010340416446	6	9.71	0.92121	1.8e+03	-3.24	1691
aatccc	aatccc|gggatt	0.0001064962726	0.0002709545946	1	2.54	0.92150	1.8e+03	-3.24	1692
agggtg	agggtg|caccct	0.0001064962726	0.0002710268646	1	2.54	0.92155	1.8e+03	-3.24	1693
gcttga	gcttga|tcaagc	0.0002129925453	0.0004466390046	2	4.19	0.92169	1.8e+03	-3.24	1694
acacct	acacct|aggtgt	0.0002129925453	0.0004469092746	2	4.20	0.92185	1.8e+03	-3.24	1695
caagcg	caagcg|cgcttg	0.0001064962726	0.0002720445846	1	2.55	0.92230	1.8e+03	-3.24	1696
actcga	actcga|tcgagt	0.0001064962726	0.0002721821946	1	2.56	0.92240	1.8e+03	-3.24	1697
aagggc	aagggc|gccctt	0.0001064962726	0.0002724386046	1	2.56	0.92258	1.8e+03	-3.24	1698
attctg	attctg|cagaat	0.0003194888179	0.0006064240146	3	5.69	0.92298	1.8e+03	-3.24	1699
gagatc	gagatc|gatctc	0.0001064962726	0.0002734612746	1	2.57	0.92332	1.8e+03	-3.24	1700
gcacga	gcacga|tcgtgc	0.0001064962726	0.0002749052886	1	2.58	0.92436	1.8e+03	-3.25	1701
aacgca	aacgca|tgcgtt	0.0002129925453	0.0004526789946	2	4.25	0.92520	1.8e+03	-3.25	1702
ctatac	ctatac|gtatag	0.0004259850905	0.0007613788146	4	7.15	0.92577	1.8e+03	-3.25	1703
ggacac	ggacac|gtgtcc	0.0001064962726	0.0002777380746	1	2.61	0.92634	1.8e+03	-3.25	1704
atttcg	atttcg|cgaaat	0.0003194888179	0.0006137945646	3	5.76	0.92667	1.8e+03	-3.25	1705
caaacg	caaacg|cgtttg	0.0002129925453	0.0004572230946	2	4.29	0.92774	1.8e+03	-3.25	1706
gtttga	gtttga|tcaaac	0.0004259850905	0.0007663634646	4	7.20	0.92798	1.8e+03	-3.25	1707
gcatac	gcatac|gtatgc	0.0002129925453	0.0004590258846	2	4.31	0.92873	1.8e+03	-3.25	1708
acgctc	acgctc|gagcgt	0.0001064962726	0.0002814129546	1	2.64	0.92884	1.8e+03	-3.25	1709
gtctca	gtctca|tgagac	0.0002129925453	0.0004602010146	2	4.32	0.92936	1.8e+03	-3.25	1710
ccatac	ccatac|gtatgg	0.0002129925453	0.0004606781946	2	4.33	0.92962	1.8e+03	-3.25	1711
atactc	atactc|gagtat	0.0004259850905	0.0007720015146	4	7.25	0.93040	1.8e+03	-3.25	1712
agtgta	agtgta|tacact	0.0004259850905	0.0007721816946	4	7.25	0.93048	1.8e+03	-3.25	1713
cttgca	cttgca|tgcaag	0.0002129925453	0.0004624839546	2	4.34	0.93058	1.8e+03	-3.25	1714
aaggca	aaggca|tgcctt	0.0002129925453	0.0004625156346	2	4.34	0.93060	1.8e+03	-3.25	1715
gtgcga	gtgcga|tcgcac	0.0001064962726	0.0002847461856	1	2.67	0.93103	1.8e+03	-3.25	1716
aaactt	aaactt|aagttt	0.0010649627263	0.0016030164246	10	15.05	0.93198	1.8e+03	-3.25	1717
acccta	acccta|tagggt	0.0001064962726	0.0002864906646	1	2.69	0.93216	1.8e+03	-3.25	1718
aggtac	aggtac|gtacct	0.0001064962726	0.0002866451046	1	2.69	0.93225	1.8e+03	-3.25	1719
aaaccc	aaaccc|gggttt	0.0002129925453	0.0004670617146	2	4.39	0.93297	1.8e+03	-3.25	1720
atcttc	atcttc|gaagat	0.0003194888179	0.0006275070546	3	5.89	0.93311	1.8e+03	-3.25	1721
acgtta	acgtta|taacgt	0.0002129925453	0.0004682615946	2	4.40	0.93358	1.8e+03	-3.25	1722
agtgtc	agtgtc|gacact	0.0002129925453	0.0004688476746	2	4.40	0.93388	1.8e+03	-3.25	1723
gtcgaa	gtcgaa|ttcgac	0.0001064962726	0.0002895329346	1	2.72	0.93407	1.8e+03	-3.25	1724
agcacc	agcacc|ggtgct	0.0001064962726	0.0002895378846	1	2.72	0.93407	1.8e+03	-3.25	1725
cgaaag	cgaaag|ctttcg	0.0002129925453	0.0004696169046	2	4.41	0.93427	1.8e+03	-3.25	1726
tcaaaa	tcaaaa|ttttga	0.0013844515442	0.0020051276946	13	18.83	0.93504	1.8e+03	-3.25	1727
attccg	attccg|cggaat	0.0001064962726	0.0002914020546	1	2.74	0.93521	1.8e+03	-3.25	1728
cattcg	cattcg|cgaatg	0.0001064962726	0.0002923425546	1	2.75	0.93578	1.8e+03	-3.25	1729
ctttca	ctttca|tgaaag	0.0006389776358	0.0010739089446	6	10.08	0.93613	1.8e+03	-3.25	1730
atacaa	atacaa|ttgtat	0.0008519701810	0.0013524781146	8	12.70	0.93704	1.8e+03	-3.25	1731
agtgac	agtgac|gtcact	0.0002129925453	0.0004754133546	2	4.46	0.93712	1.8e+03	-3.25	1732
aatctg	aatctg|cagatt	0.0002129925453	0.0004765379946	2	4.47	0.93767	1.8e+03	-3.25	1733
aacaca	aacaca|tgtgtt	0.0005324813632	0.0009364731846	5	8.79	0.93774	1.8e+03	-3.25	1734
aaatct	aaatct|agattt	0.0006389776358	0.0010791539646	6	10.13	0.93789	1.8e+03	-3.25	1735
ggtcta	ggtcta|tagacc	0.0001064962726	0.0002961114846	1	2.78	0.93802	1.8e+03	-3.25	1736
cactga	cactga|tcagtg	0.0002129925453	0.0004775418546	2	4.48	0.93814	1.8e+03	-3.25	1737
aaatcg	aaatcg|cgattt	0.0002129925453	0.0004776903546	2	4.49	0.93821	1.8e+03	-3.25	1738
aataca	aataca|tgtatt	0.0007454739084	0.0012208942446	7	11.46	0.93867	1.8e+03	-3.25	1739
ctaagc	ctaagc|gcttag	0.0001064962726	0.0002972994846	1	2.79	0.93871	1.8e+03	-3.25	1740
agacat	agacat|atgtct	0.0003194888179	0.0006413690346	3	6.02	0.93908	1.8e+03	-3.25	1741
acggta	acggta|taccgt	0.0001064962726	0.0002980350546	1	2.80	0.93913	1.8e+03	-3.25	1742
gctaaa	gctaaa|tttagc	0.0003194888179	0.0006421016346	3	6.03	0.93938	1.8e+03	-3.25	1743
aacgaa	aacgaa|ttcgtt	0.0003194888179	0.0006429342246	3	6.04	0.93972	1.8e+03	-3.25	1744
actaga	actaga|tctagt	0.0002129925453	0.0004809702246	2	4.52	0.93975	1.8e+03	-3.25	1745
atccag	atccag|ctggat	0.0001064962726	0.0003004724346	1	2.82	0.94050	1.8e+03	-3.25	1746
gcagaa	gcagaa|ttctgc	0.0002129925453	0.0004832937546	2	4.54	0.94082	1.8e+03	-3.25	1747
actgat	actgat|atcagt	0.0002129925453	0.0004841936646	2	4.55	0.94123	1.8e+03	-3.25	1748
aagatt	aagatt|aatctt	0.0005324813632	0.0009511766646	5	8.93	0.94276	1.8e+03	-3.25	1749
cagcac	cagcac|gtgctg	0.0001064962726	0.0003052323546	1	2.87	0.94311	1.8e+03	-3.25	1750
agggta	agggta|taccct	0.0001064962726	0.0003071192946	1	2.88	0.94411	1.8e+03	-3.25	1751
ctccta	ctccta|taggag	0.0001064962726	0.0003072955146	1	2.89	0.94420	1.8e+03	-3.25	1752
aaacac	aaacac|gtgttt	0.0006389776358	0.0011002478946	6	10.33	0.94455	1.8e+03	-3.25	1753
cacgtc	cacgtc|gacgtg	0.0001064962726	0.0003089121846	1	2.90	0.94504	1.8e+03	-3.25	1754
catatg	catatg|catatg	0.0002129925453	0.0004935786123	2	4.63	0.94533	1.8e+03	-3.25	1755
gcttaa	gcttaa|ttaagc	0.0002129925453	0.0004936244046	2	4.64	0.94535	1.8e+03	-3.25	1756
cttgta	cttgta|tacaag	0.0003194888179	0.0006586217646	3	6.18	0.94583	1.8e+03	-3.26	1757
agccta	agccta|taggct	0.0001064962726	0.0003113911446	1	2.92	0.94630	1.8e+03	-3.26	1758
agaatc	agaatc|gattct	0.0002129925453	0.0004966250946	2	4.66	0.94661	1.8e+03	-3.26	1759
gcgtta	gcgtta|taacgc	0.0001064962726	0.0003120712746	1	2.93	0.94665	1.8e+03	-3.26	1760
agctac	agctac|gtagct	0.0001064962726	0.0003129127746	1	2.94	0.94707	1.8e+03	-3.26	1761
aacgtt	aacgtt|aacgtt	0.0001064962726	0.0003137817423	1	2.95	0.94750	1.8e+03	-3.26	1762
tctcca	tctcca|tggaga	0.0002129925453	0.0004997228046	2	4.69	0.94787	1.8e+03	-3.26	1763
gcgcaa	gcgcaa|ttgcgc	0.0001064962726	0.0003152452146	1	2.96	0.94821	1.8e+03	-3.26	1764
gtggga	gtggga|tcccac	0.0001064962726	0.0003182726346	1	2.99	0.94967	1.8e+03	-3.26	1765
aaccgt	aaccgt|acggtt	0.0001064962726	0.0003205347846	1	3.01	0.95072	1.8e+03	-3.26	1766
accgaa	accgaa|ttcggt	0.0001064962726	0.0003208713846	1	3.01	0.95088	1.8e+03	-3.26	1767
aacggt	aacggt|accgtt	0.0001064962726	0.0003217267446	1	3.02	0.95127	1.8e+03	-3.26	1768
ctatga	ctatga|tcatag	0.0003194888179	0.0006741518946	3	6.33	0.95130	1.8e+03	-3.26	1769
agaata	agaata|tattct	0.0007454739084	0.0012661095246	7	11.89	0.95136	1.8e+03	-3.26	1770
caaaga	caaaga|tctttg	0.0005324813632	0.0009796371846	5	9.20	0.95146	1.8e+03	-3.26	1771
atcatg	atcatg|catgat	0.0002129925453	0.0005094307446	2	4.78	0.95165	1.8e+03	-3.26	1772
tgctaa	tgctaa|ttagca	0.0002129925453	0.0005098574346	2	4.79	0.95181	1.8e+03	-3.26	1773
ttcaaa	ttcaaa|tttgaa	0.0011714589989	0.0018172355946	11	17.06	0.95247	1.8e+03	-3.26	1774
aatcta	aatcta|tagatt	0.0003194888179	0.0006782316846	3	6.37	0.95265	1.8e+03	-3.26	1775
cactcc	cactcc|ggagtg	0.0001064962726	0.0003249204846	1	3.05	0.95271	1.8e+03	-3.26	1776
attagg	attagg|cctaat	0.0001064962726	0.0003270658146	1	3.07	0.95366	1.8e+03	-3.26	1777
ctggta	ctggta|taccag	0.0001064962726	0.0003285379446	1	3.08	0.95429	1.8e+03	-3.26	1778
gttata	gttata|tataac	0.0006389776358	0.0011371313346	6	10.68	0.95467	1.8e+03	-3.26	1779
acatgt	acatgt|acatgt	0.0001064962726	0.0003300217023	1	3.10	0.95492	1.8e+03	-3.26	1780
aacata	aacata|tatgtt	0.0007454739084	0.0012810149646	7	12.03	0.95500	1.8e+03	-3.26	1781
aaaaca	aaaaca|tgtttt	0.0012779552716	0.0019646941146	12	18.45	0.95534	1.8e+03	-3.26	1782
taggca	taggca|tgccta	0.0001064962726	0.0003311574846	1	3.11	0.95540	1.8e+03	-3.26	1783
ctcgta	ctcgta|tacgag	0.0001064962726	0.0003327741546	1	3.12	0.95607	1.8e+03	-3.26	1784
atacac	atacac|gtgtat	0.0005324813632	0.0009968572446	5	9.36	0.95612	1.8e+03	-3.26	1785
attcgc	attcgc|gcgaat	0.0001064962726	0.0003357788046	1	3.15	0.95730	1.8e+03	-3.26	1786
aactct	aactct|agagtt	0.0003194888179	0.0006936004446	3	6.51	0.95742	1.8e+03	-3.26	1787
aaactc	aaactc|gagttt	0.0004259850905	0.0008513737746	4	7.99	0.95752	1.8e+03	-3.26	1788
tcttca	tcttca|tgaaga	0.0004259850905	0.0008522231946	4	8.00	0.95775	1.8e+03	-3.26	1789
gcacca	gcacca|tggtgc	0.0001064962726	0.0003378043446	1	3.17	0.95810	1.8e+03	-3.26	1790
ggctta	ggctta|taagcc	0.0001064962726	0.0003385844646	1	3.18	0.95841	1.8e+03	-3.26	1791
cacatg	cacatg|catgtg	0.0002129925453	0.0005287446546	2	4.96	0.95841	1.8e+03	-3.26	1792
ccagta	ccagta|tactgg	0.0001064962726	0.0003388082046	1	3.18	0.95850	1.8e+03	-3.26	1793
atgacc	atgacc|ggtcat	0.0001064962726	0.0003407367246	1	3.20	0.95924	1.8e+03	-3.26	1794
cctttc	cctttc|gaaagg	0.0002129925453	0.0005333719146	2	5.01	0.95989	1.8e+03	-3.26	1795
gcataa	gcataa|ttatgc	0.0003194888179	0.0007028163546	3	6.60	0.96006	1.8e+03	-3.26	1796
attgcg	attgcg|cgcaat	0.0001064962726	0.0003436314846	1	3.23	0.96033	1.8e+03	-3.26	1797
ataccg	ataccg|cggtat	0.0001064962726	0.0003440314446	1	3.23	0.96048	1.8e+03	-3.26	1798
gagtac	gagtac|gtactc	0.0001064962726	0.0003446709846	1	3.24	0.96072	1.8e+03	-3.26	1799
cataag	cataag|cttatg	0.0003194888179	0.0007076752746	3	6.65	0.96139	1.8e+03	-3.26	1800
gcatca	gcatca|tgatgc	0.0001064962726	0.0003469271946	1	3.26	0.96154	1.8e+03	-3.26	1801
agtcag	agtcag|ctgact	0.0001064962726	0.0003469578846	1	3.26	0.96155	1.8e+03	-3.26	1802
actgac	actgac|gtcagt	0.0001064962726	0.0003485220846	1	3.27	0.96211	1.8e+03	-3.26	1803
gtgtga	gtgtga|tcacac	0.0003194888179	0.0007116659646	3	6.68	0.96246	1.8e+03	-3.26	1804
acttta	acttta|taaagt	0.0006389776358	0.0011739989346	6	11.02	0.96309	1.8e+03	-3.26	1805
atagtg	atagtg|cactat	0.0004259850905	0.0008738834046	4	8.21	0.96320	1.8e+03	-3.26	1806
aactta	aactta|taagtt	0.0004259850905	0.0008740982346	4	8.21	0.96325	1.8e+03	-3.26	1807
ggagta	ggagta|tactcc	0.0001064962726	0.0003556263246	1	3.34	0.96456	1.8e+03	-3.26	1808
aaacct	aaacct|aggttt	0.0003194888179	0.0007234885446	3	6.79	0.96544	1.8e+03	-3.26	1809
aacgtc	aacgtc|gacgtt	0.0001064962726	0.0003617663046	1	3.40	0.96655	1.8e+03	-3.26	1810
acgcta	acgcta|tagcgt	0.0001064962726	0.0003632423946	1	3.41	0.96701	1.8e+03	-3.26	1811
gtctga	gtctga|tcagac	0.0001064962726	0.0003632661546	1	3.41	0.96701	1.8e+03	-3.26	1812
aagact	aagact|agtctt	0.0003194888179	0.0007302443046	3	6.86	0.96704	1.8e+03	-3.26	1813
catgtc	catgtc|gacatg	0.0001064962726	0.0003656520546	1	3.43	0.96775	1.8e+03	-3.26	1814
cactag	cactag|ctagtg	0.0001064962726	0.0003662193246	1	3.44	0.96792	1.8e+03	-3.27	1815
atcaag	atcaag|cttgat	0.0002129925453	0.0005621126046	2	5.28	0.96800	1.8e+03	-3.27	1816
acaatg	acaatg|cattgt	0.0002129925453	0.0005639272746	2	5.30	0.96846	1.8e+03	-3.27	1817
gaaaca	gaaaca|tgtttc	0.0004259850905	0.0008978067546	4	8.43	0.96846	1.8e+03	-3.27	1818
agtatc	agtatc|gatact	0.0002129925453	0.0005649826146	2	5.31	0.96872	1.8e+03	-3.27	1819
ggtcaa	ggtcaa|ttgacc	0.0001064962726	0.0003691665546	1	3.47	0.96879	1.8e+03	-3.27	1820
gtatga	gtatga|tcatac	0.0003194888179	0.0007396898946	3	6.95	0.96917	1.8e+03	-3.27	1821
caaaaa	caaaaa|tttttg	0.0018104366347	0.0027153546846	17	25.50	0.96945	1.8e+03	-3.27	1822
acgttg	acgttg|caacgt	0.0001064962726	0.0003733918746	1	3.51	0.97001	1.8e+03	-3.27	1823
agcaca	agcaca|tgtgct	0.0002129925453	0.0005711364546	2	5.36	0.97021	1.8e+03	-3.27	1824
aagtct	aagtct|agactt	0.0003194888179	0.0007446488046	3	6.99	0.97023	1.8e+03	-3.27	1825
acactc	acactc|gagtgt	0.0002129925453	0.0005715512646	2	5.37	0.97031	1.8e+03	-3.27	1826
atggac	atggac|gtccat	0.0001064962726	0.0003768321246	1	3.54	0.97096	1.8e+03	-3.27	1827
cccaaa	cccaaa|tttggg	0.0002129925453	0.0005746539246	2	5.40	0.97103	1.8e+03	-3.27	1828
ccaaag	ccaaag|ctttgg	0.0002129925453	0.0005748628146	2	5.40	0.97108	1.8e+03	-3.27	1829
tagaca	tagaca|tgtcta	0.0002129925453	0.0005751875346	2	5.40	0.97115	1.8e+03	-3.27	1830
aagtag	aagtag|ctactt	0.0002129925453	0.0005754617646	2	5.40	0.97121	1.8e+03	-3.27	1831
cgttaa	cgttaa|ttaacg	0.0001064962726	0.0003820454646	1	3.59	0.97235	1.8e+03	-3.27	1832
attacg	attacg|cgtaat	0.0001064962726	0.0003821840646	1	3.59	0.97238	1.8e+03	-3.27	1833
ctcaac	ctcaac|gttgag	0.0001064962726	0.0003845452146	1	3.61	0.97299	1.9e+03	-3.27	1834
agttat	agttat|ataact	0.0004259850905	0.0009242397546	4	8.68	0.97345	1.9e+03	-3.27	1835
ccatga	ccatga|tcatgg	0.0001064962726	0.0003882864246	1	3.65	0.97392	1.9e+03	-3.27	1836
gttgca	gttgca|tgcaac	0.0001064962726	0.0003884081946	1	3.65	0.97395	1.9e+03	-3.27	1837
ttgcaa	ttgcaa|ttgcaa	0.0001064962726	0.0003891415323	1	3.65	0.97413	1.9e+03	-3.27	1838
accata	accata|tatggt	0.0003194888179	0.0007663189146	3	7.20	0.97448	1.9e+03	-3.27	1839
accttc	accttc|gaaggt	0.0001064962726	0.0003952976046	1	3.71	0.97559	1.9e+03	-3.27	1840
aatgga	aatgga|tccatt	0.0002129925453	0.0006009809946	2	5.64	0.97650	1.9e+03	-3.27	1841
tgagaa	tgagaa|ttctca	0.0004259850905	0.0009437318646	4	8.86	0.97665	1.9e+03	-3.27	1842
acatgg	acatgg|ccatgt	0.0001064962726	0.0004003386846	1	3.76	0.97671	1.9e+03	-3.27	1843
gcatga	gcatga|tcatgc	0.0001064962726	0.0004005960846	1	3.76	0.97677	1.9e+03	-3.27	1844
acgtct	acgtct|agacgt	0.0001064962726	0.0004014029346	1	3.77	0.97695	1.9e+03	-3.27	1845
attaag	attaag|cttaat	0.0002129925453	0.0006087158646	2	5.72	0.97791	1.9e+03	-3.27	1846
tcctaa	tcctaa|ttagga	0.0001064962726	0.0004091229546	1	3.84	0.97856	1.9e+03	-3.27	1847
atacga	atacga|tcgtat	0.0002129925453	0.0006125540946	2	5.75	0.97858	1.9e+03	-3.27	1848
ctattc	ctattc|gaatag	0.0002129925453	0.0006127718946	2	5.75	0.97861	1.9e+03	-3.27	1849
ctaaag	ctaaag|ctttag	0.0002129925453	0.0006133203546	2	5.76	0.97871	1.9e+03	-3.27	1850
ataagg	ataagg|ccttat	0.0002129925453	0.0006135193446	2	5.76	0.97874	1.9e+03	-3.27	1851
agatac	agatac|gtatct	0.0002129925453	0.0006153617346	2	5.78	0.97905	1.9e+03	-3.27	1852
catacc	catacc|ggtatg	0.0001064962726	0.0004118593146	1	3.87	0.97910	1.9e+03	-3.27	1853
caagtc	caagtc|gacttg	0.0001064962726	0.0004144778646	1	3.89	0.97961	1.9e+03	-3.27	1854
gaagtc	gaagtc|gacttc	0.0001064962726	0.0004212385746	1	3.96	0.98087	1.9e+03	-3.27	1855
acaata	acaata|tattgt	0.0005324813632	0.0011375332746	5	10.68	0.98135	1.9e+03	-3.27	1856
atgttc	atgttc|gaacat	0.0002129925453	0.0006318878046	2	5.93	0.98166	1.9e+03	-3.27	1857
acgcat	acgcat|atgcgt	0.0001064962726	0.0004297783146	1	4.04	0.98234	1.9e+03	-3.27	1858
agtgaa	agtgaa|ttcact	0.0004259850905	0.0009860979246	4	9.26	0.98238	1.9e+03	-3.27	1859
aatacg	aatacg|cgtatt	0.0002129925453	0.0006387296946	2	6.00	0.98264	1.9e+03	-3.27	1860
gtgcta	gtgcta|tagcac	0.0001064962726	0.0004321741146	1	4.06	0.98273	1.9e+03	-3.27	1861
gaatta	gaatta|taattc	0.0002129925453	0.0006411462846	2	6.02	0.98297	1.9e+03	-3.27	1862
ccgaaa	ccgaaa|tttcgg	0.0001064962726	0.0004339333446	1	4.07	0.98302	1.9e+03	-3.27	1863
caaacc	caaacc|ggtttg	0.0001064962726	0.0004339907646	1	4.08	0.98303	1.9e+03	-3.27	1864
ctcaca	ctcaca|tgtgag	0.0002129925453	0.0006417521646	2	6.03	0.98306	1.9e+03	-3.27	1865
atatga	atatga|tcatat	0.0008519701810	0.0016133183646	8	15.15	0.98355	1.9e+03	-3.27	1866
aagagt	aagagt|actctt	0.0003194888179	0.0008301848046	3	7.80	0.98390	1.9e+03	-3.27	1867
aaaatc	aaaatc|gatttt	0.0006389776358	0.0013244215146	6	12.44	0.98461	1.9e+03	-3.27	1868
acataa	acataa|ttatgt	0.0005324813632	0.0011683589046	5	10.97	0.98464	1.9e+03	-3.27	1869
atattc	atattc|gaatat	0.0007454739084	0.0014780734746	7	13.88	0.98474	1.9e+03	-3.27	1870
tcgaaa	tcgaaa|tttcga	0.0002129925453	0.0006613531746	2	6.21	0.98554	1.9e+03	-3.27	1871
cataaa	cataaa|tttatg	0.0007454739084	0.0015056410146	7	14.14	0.98697	1.9e+03	-3.27	1872
agattg	agattg|caatct	0.0001064962726	0.0004720275546	1	4.43	0.98813	1.9e+03	-3.27	1873
tagtga	tagtga|tcacta	0.0002129925453	0.0006859655646	2	6.44	0.98815	1.9e+03	-3.27	1874
ggcata	ggcata|tatgcc	0.0001064962726	0.0004749638946	1	4.46	0.98845	1.9e+03	-3.27	1875
cacgta	cacgta|tacgtg	0.0001064962726	0.0004804801746	1	4.51	0.98903	1.9e+03	-3.27	1876
acacta	acacta|tagtgt	0.0002129925453	0.0007084237146	2	6.65	0.99014	1.9e+03	-3.27	1877
agattc	agattc|gaatct	0.0001064962726	0.0004954341246	1	4.65	0.99047	1.9e+03	-3.28	1878
aaaacg	aaaacg|cgtttt	0.0004259850905	0.0010770977346	4	10.11	0.99052	1.9e+03	-3.28	1879
atacgc	atacgc|gcgtat	0.0001064962726	0.0004987516146	1	4.68	0.99076	1.9e+03	-3.28	1880
gacata	gacata|tatgtc	0.0002129925453	0.0007229440446	2	6.79	0.99124	1.9e+03	-3.28	1881
acgaat	acgaat|attcgt	0.0001064962726	0.0005099316846	1	4.79	0.99168	1.9e+03	-3.28	1882
agacac	agacac|gtgtct	0.0001064962726	0.0005127858546	1	4.82	0.99190	1.9e+03	-3.28	1883
taaaaa	taaaaa|ttttta	0.0021299254526	0.0034403811846	20	32.31	0.99192	1.9e+03	-3.28	1884
aattcc	aattcc|ggaatt	0.0001064962726	0.0005143134246	1	4.83	0.99202	1.9e+03	-3.28	1885
aacgtg	aacgtg|cacgtt	0.0001064962726	0.0005251955046	1	4.93	0.99279	1.9e+03	-3.28	1886
tctgaa	tctgaa|ttcaga	0.0002129925453	0.0007570079646	2	7.11	0.99338	1.9e+03	-3.28	1887
taggaa	taggaa|ttccta	0.0001064962726	0.0005598999546	1	5.26	0.99480	1.9e+03	-3.28	1888
actata	actata|tatagt	0.0005324813632	0.0013373291346	5	12.56	0.99489	1.9e+03	-3.28	1889
attcag	attcag|ctgaat	0.0001064962726	0.0005656746246	1	5.31	0.99507	1.9e+03	-3.28	1890
ctataa	ctataa|ttatag	0.0004259850905	0.0011717654946	4	11.00	0.99511	1.9e+03	-3.28	1891
atatgg	atatgg|ccatat	0.0003194888179	0.0010012954146	3	9.40	0.99551	1.9e+03	-3.28	1892
tctcaa	tctcaa|ttgaga	0.0002129925453	0.0008049061446	2	7.56	0.99554	1.9e+03	-3.28	1893
tcttaa	tcttaa|ttaaga	0.0002129925453	0.0008132152146	2	7.64	0.99584	1.9e+03	-3.28	1894
aaaacc	aaaacc|ggtttt	0.0003194888179	0.0010119141546	3	9.50	0.99586	1.9e+03	-3.28	1895
aaacat	aaacat|atgttt	0.0005324813632	0.0013789616046	5	12.95	0.99614	1.9e+03	-3.28	1896
aagtgg	aagtgg|ccactt	0.0001064962726	0.0005948261646	1	5.59	0.99625	1.9e+03	-3.28	1897
gtgaga	gtgaga|tctcac	0.0001064962726	0.0005995266846	1	5.63	0.99642	1.9e+03	-3.28	1898
caatac	caatac|gtattg	0.0001064962726	0.0006391969746	1	6.00	0.99753	1.9e+03	-3.28	1899
tatgaa	tatgaa|ttcata	0.0005324813632	0.0015351717246	5	14.42	0.99868	1.9e+03	-3.28	1900
aaaaac	aaaaac|gttttt	0.0010649627263	0.0024231462846	10	22.75	0.99907	1.9e+03	-3.28	1901
cacaaa	cacaaa|tttgtg	0.0003194888179	0.0012680568546	3	11.91	0.99944	1.9e+03	-3.28	1902
; Host name	rsat
; Job started	2026-05-14.063612
; Job done	2026-05-14.063612
; Seconds	0.37
;	user	0.37
;	system	0
;	cuser	0.1
;	csystem	0.03
