; oligo-analysis  -v 1 -i data/seq/yeast_MET_upstream.fasta -format fasta -l 6 -1str -markov 4 -return freq,occ,proba -seqtype dna -pseudo 0 -o results/oligo-analysis/yeast_MET_upstream-noorf/bg-from-input/oligos_yeast_MET_upstream_k6_1str_mkv4_bginput_enriched.tsv
; Citation: van Helden et al. (1998). J Mol Biol 281(5), 827-42. 
; Program version              	1.169
; Slow counting mode           
; Detection of over-represented words (right-tail test)
; Oligomer length              	6
; Input file                   	data/seq/yeast_MET_upstream.fasta
; Input format                 	fasta
; Output file                  	results/oligo-analysis/yeast_MET_upstream-noorf/bg-from-input/oligos_yeast_MET_upstream_k6_1str_mkv4_bginput_enriched.tsv
; Count overlapping matches
; Counted on a single strand
; Background model             	Markov
; Background estimation method 	Markov model estimated from input sequences
; Markov chain order           	4
; Sequence type                	DNA
; Nb of sequences              	19
; Sum of sequence lengths      	9485
; discarded residues           		 (other letters than ACGT)
; discarded occurrences        		 (contain discarded residues)
; nb possible positions        	9390
; total oligo occurrences      	9390
; alphabet size                	4
; nb possible oligomers        	4096
; oligomers tested for significance	3197
; Sequences:
;	MET8	463
;	MET32	547
;	MET18	568
;	MET30	177
;	MET28	489
;	MET6	687
;	MET10	338
;	MET13	380
;	MET3	800
;	MET14	800
;	MET1	702
;	MET17	800
;	MET2	481
;	MET4	800
;	MET22	215
;	MET7	250
;	MET31	161
;	MET12	384
;	MET16	443
;
; column headers
;	1	seq            	oligomer sequence
;	2	id             	oligomer identifier
;	3	obs_freq       	observed relative frequency
;	4	exp_freq       	expected relative frequency
;	5	occ            	observed occurrences
;	6	exp_occ        	expected occurrences
;	7	occ_P          	occurrence probability (binomial)
;	8	occ_E          	E-value for occurrences (binomial)
;	9	occ_sig        	occurrence significance (binomial)
#seq	id	obs_freq	exp_freq	occ	exp_occ	occ_P	occ_E	occ_sig
aaaaaa	aaaaaa	0.0040468583600	0.0032429504151	38	30.45	0.10320	3.3e+02	-2.52
aaaaac	aaaaac	0.0003194888179	0.0005775117178	3	5.42	0.90680	2.9e+03	-3.46
aaaaag	aaaaag	0.0017039403621	0.0022211989145	16	20.86	0.88343	2.8e+03	-3.45
aaaaat	aaaaat	0.0015974440895	0.0016436871967	15	15.43	0.57822	1.8e+03	-3.27
aaaaca	aaaaca	0.0004259850905	0.0004052036777	4	3.80	0.52754	1.7e+03	-3.23
aaaacc	aaaacc	0.0001064962726	0.0001688348657	1	1.59	0.79515	2.5e+03	-3.41
aaaacg	aaaacg	0.0002129925453	0.0001688348657	2	1.59	0.47034	1.5e+03	-3.18
aaaact	aaaact	0.0006389776358	0.0006078055165	6	5.71	0.50627	1.6e+03	-3.21
aaaaga	aaaaga	0.0013844515442	0.0016604189853	13	15.59	0.77868	2.5e+03	-3.40
aaaagc	aaaagc	0.0010649627263	0.0010306048874	10	9.68	0.50116	1.6e+03	-3.20
aaaagg	aaaagg	0.0012779552716	0.0012596281957	12	11.83	0.51865	1.7e+03	-3.22
aaaagt	aaaagt	0.0015974440895	0.0013741398499	15	12.90	0.31495	1.0e+03	-3.00
aaaata	aaaata	0.0017039403621	0.0017074832751	16	16.03	0.53664	1.7e+03	-3.23
aaaatc	aaaatc	0.0003194888179	0.0004815978468	3	4.52	0.82897	2.7e+03	-3.42
aaaatg	aaaatg	0.0009584664537	0.0008318508263	9	7.81	0.38109	1.2e+03	-3.09
aaaatt	aaaatt	0.0009584664537	0.0009194140712	9	8.63	0.49519	1.6e+03	-3.20
aaacaa	aaacaa	0.0004259850905	0.0003194875151	4	3.00	0.35277	1.1e+03	-3.05
aaacac	aaacac	0.0002129925453	0.0002966669783	2	2.79	0.76652	2.5e+03	-3.39
aaacag	aaacag	0.0005324813632	0.0003423080519	5	3.21	0.22191	7.1e+02	-2.85
aaacat	aaacat	0.0001064962726	0.0003194875151	1	3.00	0.95024	3.0e+03	-3.48
aaacca	aaacca	0.0002129925453	0.0002252796581	2	2.12	0.62436	2.0e+03	-3.30
aaaccc	aaaccc	0.0001064962726	0.0000614399067	1	0.58	0.43838	1.4e+03	-3.15
aaaccg	aaaccg	0.0001064962726	0.0000409599378	1	0.38	0.31929	1.0e+03	-3.01
aaacct	aaacct	0.0001064962726	0.0002047996892	1	1.92	0.85387	2.7e+03	-3.44
aaacgc	aaacgc	0.0002129925453	0.0001331197980	2	1.25	0.35537	1.1e+03	-3.06
aaacgg	aaacgg	0.0002129925453	0.0000798718788	2	0.75	0.17335	5.5e+02	-2.74
aaacgt	aaacgt	0.0001064962726	0.0001863677171	1	1.75	0.82625	2.6e+03	-3.42
aaacta	aaacta	0.0008519701810	0.0004792312726	8	4.50	0.08654	2.8e+02	-2.44
aaactc	aaactc	0.0002129925453	0.0004423673286	2	4.15	0.91911	2.9e+03	-3.47
aaactg	aaactg	0.0005324813632	0.0004423673286	5	4.15	0.40119	1.3e+03	-3.11
aaactt	aaactt	0.0003194888179	0.0005529591607	3	5.19	0.89070	2.8e+03	-3.45
aaagaa	aaagaa	0.0014909478168	0.0014789422060	14	13.89	0.52363	1.7e+03	-3.22
aaagac	aaagac	0.0005324813632	0.0003914847016	5	3.68	0.30815	9.9e+02	-2.99
aaagag	aaagag	0.0003194888179	0.0005654779023	3	5.31	0.89920	2.9e+03	-3.46
aaagat	aaagat	0.0006389776358	0.0006089762025	6	5.72	0.50812	1.6e+03	-3.21
aaagca	aaagca	0.0005324813632	0.0006389750302	5	6.00	0.71503	2.3e+03	-3.36
aaagcc	aaagcc	0.0004259850905	0.0003440634778	4	3.23	0.40433	1.3e+03	-3.11
aaagcg	aaagcg	0.0005324813632	0.0004423673286	5	4.15	0.40119	1.3e+03	-3.11
aaagct	aaagct	0.0004259850905	0.0004915192540	4	4.62	0.67686	2.2e+03	-3.34
aaagga	aaagga	0.0009584664537	0.0006285851923	9	5.90	0.14279	4.6e+02	-2.66
aaaggc	aaaggc	0.0004259850905	0.0005142969755	4	4.83	0.71025	2.3e+03	-3.36
aaaggg	aaaggg	0.0004259850905	0.0005714410839	4	5.37	0.78271	2.5e+03	-3.40
aaaggt	aaaggt	0.0005324813632	0.0006285851923	5	5.90	0.70175	2.2e+03	-3.35
aaagta	aaagta	0.0009584664537	0.0008071263539	9	7.58	0.34887	1.1e+03	-3.05
aaagtc	aaagtc	0.0005324813632	0.0004035631770	5	3.79	0.33010	1.1e+03	-3.02
aaagtg	aaagtg	0.0001064962726	0.0003587228240	1	3.37	0.96558	3.1e+03	-3.49
aaagtt	aaagtt	0.0009584664537	0.0009864877659	9	9.26	0.57855	1.8e+03	-3.27
aaataa	aaataa	0.0015974440895	0.0015061554283	15	14.14	0.44471	1.4e+03	-3.15
aaatac	aaatac	0.0006389776358	0.0005020518094	6	4.71	0.33403	1.1e+03	-3.03
aaatag	aaatag	0.0005324813632	0.0006846161038	5	6.43	0.76832	2.5e+03	-3.39
aaatat	aaatat	0.0013844515442	0.0014605143547	13	13.71	0.61299	2.0e+03	-3.29
aaatca	aaatca	0.0004259850905	0.0004555655308	4	4.28	0.61889	2.0e+03	-3.30
aaatcc	aaatcc	0.0003194888179	0.0003254039506	3	3.06	0.58918	1.9e+03	-3.27
aaatcg	aaatcg	0.0001064962726	0.0001301615802	1	1.22	0.70545	2.3e+03	-3.35
aaatct	aaatct	0.0003194888179	0.0002603231604	3	2.44	0.44187	1.4e+03	-3.15
aaatga	aaatga	0.0005324813632	0.0006027211278	5	5.66	0.66687	2.1e+03	-3.33
aaatgc	aaatgc	0.0005324813632	0.0005166181095	5	4.85	0.53303	1.7e+03	-3.23
aaatgg	aaatgg	0.0003194888179	0.0003013605639	3	2.83	0.53764	1.7e+03	-3.24
aaatgt	aaatgt	0.0006389776358	0.0006027211278	6	5.66	0.49825	1.6e+03	-3.20
aaatta	aaatta	0.0001064962726	0.0002417743357	1	2.27	0.89674	2.9e+03	-3.46
aaattc	aaattc	0.0001064962726	0.0002417743357	1	2.27	0.89674	2.9e+03	-3.46
aaattg	aaattg	0.0006389776358	0.0005137704635	6	4.82	0.35323	1.1e+03	-3.05
aaattt	aaattt	0.0013844515442	0.0012390934707	13	11.64	0.38235	1.2e+03	-3.09
aacaaa	aacaaa	0.0006389776358	0.0004969805790	6	4.67	0.32576	1.0e+03	-3.02
aacaac	aacaac	0.0002129925453	0.0004141504825	2	3.89	0.89998	2.9e+03	-3.46
aacaag	aacaag	0.0003194888179	0.0002208802574	3	2.07	0.34336	1.1e+03	-3.04
aacaat	aacaat	0.0003194888179	0.0003589304182	3	3.37	0.65456	2.1e+03	-3.32
aacaca	aacaca	0.0002129925453	0.0007236876289	2	6.80	0.99129	3.2e+03	-3.50
aacacc	aacacc	0.0003194888179	0.0002202527566	3	2.07	0.34177	1.1e+03	-3.04
aacacg	aacacg	0.0002129925453	0.0000629293590	2	0.59	0.11891	3.8e+02	-2.58
aacact	aacact	0.0006389776358	0.0003775761542	6	3.55	0.14841	4.7e+02	-2.68
aacaga	aacaga	0.0006389776358	0.0004356647933	6	4.09	0.22920	7.3e+02	-2.86
aacagc	aacagc	0.0002129925453	0.0002904431955	2	2.73	0.75629	2.4e+03	-3.38
aacagg	aacagg	0.0003194888179	0.0003267485950	3	3.07	0.59195	1.9e+03	-3.28
aacagt	aacagt	0.0004259850905	0.0005445809916	4	5.11	0.75064	2.4e+03	-3.38
aacata	aacata	0.0003194888179	0.0004105491740	3	3.86	0.73994	2.4e+03	-3.37
aacatc	aacatc	0.0003194888179	0.0002592942152	3	2.43	0.43936	1.4e+03	-3.15
aacatg	aacatg	0.0005324813632	0.0002160785126	5	2.03	0.05529	1.8e+02	-2.25
aacatt	aacatt	0.0003194888179	0.0006050198354	3	5.68	0.92226	2.9e+03	-3.47
aaccaa	aaccaa	0.0002129925453	0.0002928635555	2	2.75	0.76031	2.4e+03	-3.39
aaccac	aaccac	0.0002129925453	0.0003904847407	2	3.67	0.88076	2.8e+03	-3.45
aaccag	aaccag	0.0005324813632	0.0002277827654	5	2.14	0.06603	2.1e+02	-2.32
aaccat	aaccat	0.0002129925453	0.0002277827654	2	2.14	0.63031	2.0e+03	-3.30
aaccca	aaccca	0.0002129925453	0.0001597437575	2	1.50	0.44219	1.4e+03	-3.15
aaccct	aaccct	0.0001064962726	0.0000599039091	1	0.56	0.43023	1.4e+03	-3.14
aaccga	aaccga	0.0001064962726	0.0000236657419	1	0.22	0.19926	6.4e+02	-2.80
aaccgg	aaccgg	0.0001064962726	0.0000709972256	1	0.67	0.48659	1.6e+03	-3.19
aaccta	aaccta	0.0004259850905	0.0002761003217	4	2.59	0.26237	8.4e+02	-2.92
aacctc	aacctc	0.0002129925453	0.0002366574186	2	2.22	0.65085	2.1e+03	-3.32
aacctg	aacctg	0.0001064962726	0.0001577716124	1	1.48	0.77272	2.5e+03	-3.39
aacctt	aacctt	0.0003194888179	0.0003944290310	3	3.70	0.71525	2.3e+03	-3.36
aacgac	aacgac	0.0001064962726	0.0000798718788	1	0.75	0.52765	1.7e+03	-3.23
aacgag	aacgag	0.0001064962726	0.0001597437575	1	1.50	0.77690	2.5e+03	-3.40
aacgat	aacgat	0.0002129925453	0.0001064958384	2	1.00	0.26424	8.4e+02	-2.93
aacgca	aacgca	0.0001064962726	0.0000998398485	1	0.94	0.60841	1.9e+03	-3.29
aacgcc	aacgcc	0.0002129925453	0.0001663997474	2	1.56	0.46288	1.5e+03	-3.17
aacgcg	aacgcg	0.0001064962726	0.0001331197980	1	1.25	0.71352	2.3e+03	-3.36
aacgct	aacgct	0.0001064962726	0.0001331197980	1	1.25	0.71352	2.3e+03	-3.36
aacgga	aacgga	0.0001064962726	0.0001597437575	1	1.50	0.77690	2.5e+03	-3.40
aacggg	aacggg	0.0001064962726	0.0000684616104	1	0.64	0.47422	1.5e+03	-3.18
aacggt	aacggt	0.0001064962726	0.0000684616104	1	0.64	0.47422	1.5e+03	-3.18
aacgta	aacgta	0.0004259850905	0.0001911463766	4	1.79	0.10787	3.4e+02	-2.54
aacgtc	aacgtc	0.0001064962726	0.0000955731883	1	0.90	0.59240	1.9e+03	-3.28
aacgtg	aacgtg	0.0001064962726	0.0003631781155	1	3.41	0.96699	3.1e+03	-3.49
aacgtt	aacgtt	0.0001064962726	0.0000955731883	1	0.90	0.59240	1.9e+03	-3.28
aactaa	aactaa	0.0007454739084	0.0005274079614	7	4.95	0.23084	7.4e+02	-2.87
aactac	aactac	0.0002129925453	0.0002966669783	2	2.79	0.76652	2.5e+03	-3.39
aactat	aactat	0.0004259850905	0.0003296299759	4	3.10	0.37410	1.2e+03	-3.08
aactca	aactca	0.0005324813632	0.0006196121505	5	5.82	0.68995	2.2e+03	-3.34
aactcc	aactcc	0.0002129925453	0.0001936287970	2	1.82	0.54257	1.7e+03	-3.24
aactcg	aactcg	0.0002129925453	0.0001549030376	2	1.45	0.42686	1.4e+03	-3.14
aactct	aactct	0.0003194888179	0.0003098060752	3	2.91	0.55617	1.8e+03	-3.25
aactga	aactga	0.0001064962726	0.0001825642943	1	1.71	0.81993	2.6e+03	-3.42
aactgc	aactgc	0.0003194888179	0.0002921028709	3	2.74	0.51684	1.7e+03	-3.22
aactgg	aactgg	0.0001064962726	0.0001460514355	1	1.37	0.74628	2.4e+03	-3.38
aactgt	aactgt	0.0007454739084	0.0006572314596	7	6.17	0.42122	1.3e+03	-3.13
aactta	aactta	0.0002129925453	0.0003514362666	2	3.30	0.84145	2.7e+03	-3.43
aacttc	aacttc	0.0003194888179	0.0004153337696	3	3.90	0.74693	2.4e+03	-3.38
aacttg	aacttg	0.0007454739084	0.0003194875151	7	3.00	0.03348	1.1e+02	-2.03
aacttt	aacttt	0.0003194888179	0.0005111800242	3	4.80	0.85753	2.7e+03	-3.44
aagaaa	aagaaa	0.0020234291800	0.0016368264472	19	15.37	0.20742	6.6e+02	-2.82
aagaac	aagaac	0.0004259850905	0.0004960080143	4	4.66	0.68364	2.2e+03	-3.34
aagaag	aagaag	0.0005324813632	0.0007936128229	5	7.45	0.86450	2.8e+03	-3.44
aagaat	aagaat	0.0006389776358	0.0006944112200	6	6.52	0.63401	2.0e+03	-3.31
aagaca	aagaca	0.0004259850905	0.0004107696623	4	3.86	0.53817	1.7e+03	-3.24
aagacc	aagacc	0.0003194888179	0.0002282053679	3	2.14	0.36193	1.2e+03	-3.06
aagact	aagact	0.0002129925453	0.0002282053679	2	2.14	0.63131	2.0e+03	-3.30
aagaga	aagaga	0.0005324813632	0.0004153337696	5	3.90	0.35163	1.1e+03	-3.05
aagagc	aagagc	0.0001064962726	0.0002307409831	1	2.17	0.88547	2.8e+03	-3.45
aagagg	aagagg	0.0005324813632	0.0003691855730	5	3.47	0.26826	8.6e+02	-2.93
aagagt	aagagt	0.0002129925453	0.0003691855730	2	3.47	0.86059	2.8e+03	-3.44
aagata	aagata	0.0007454739084	0.0007645855062	7	7.18	0.57674	1.8e+03	-3.27
aagatc	aagatc	0.0002129925453	0.0001146878259	2	1.08	0.29251	9.4e+02	-2.97
aagatg	aagatg	0.0004259850905	0.0004205220284	4	3.95	0.55648	1.8e+03	-3.25
aagatt	aagatt	0.0001064962726	0.0001911463766	1	1.79	0.83388	2.7e+03	-3.43
aagcaa	aagcaa	0.0004259850905	0.0006107849553	4	5.74	0.82365	2.6e+03	-3.42
aagcac	aagcac	0.0005324813632	0.0003257519762	5	3.06	0.19469	6.2e+02	-2.79
aagcag	aagcag	0.0001064962726	0.0000814379940	1	0.76	0.53454	1.7e+03	-3.23
aagcat	aagcat	0.0003194888179	0.0003664709732	3	3.44	0.66818	2.1e+03	-3.33
aagcca	aagcca	0.0006389776358	0.0004969805790	6	4.67	0.32576	1.0e+03	-3.02
aagccg	aagccg	0.0001064962726	0.0001656601930	1	1.56	0.78895	2.5e+03	-3.40
aagcga	aagcga	0.0001064962726	0.0002396156363	1	2.25	0.89463	2.9e+03	-3.46
aagcgc	aagcgc	0.0002129925453	0.0002396156363	2	2.25	0.65749	2.1e+03	-3.32
aagcgg	aagcgg	0.0004259850905	0.0002875387636	4	2.70	0.28590	9.1e+02	-2.96
aagcgt	aagcgt	0.0002129925453	0.0001916925091	2	1.80	0.53718	1.7e+03	-3.23
aagcta	aagcta	0.0002129925453	0.0002061209775	2	1.94	0.57627	1.8e+03	-3.27
aagctc	aagctc	0.0004259850905	0.0002748279700	4	2.58	0.25978	8.3e+02	-2.92
aagctg	aagctg	0.0002129925453	0.0002061209775	2	1.94	0.57627	1.8e+03	-3.27
aagctt	aagctt	0.0002129925453	0.0003778884587	2	3.55	0.86919	2.8e+03	-3.44
aaggaa	aaggaa	0.0005324813632	0.0004685816888	5	4.40	0.44883	1.4e+03	-3.16
aaggac	aaggac	0.0001064962726	0.0001405745066	1	1.32	0.73289	2.3e+03	-3.37
aaggag	aaggag	0.0004259850905	0.0003280071822	4	3.08	0.37069	1.2e+03	-3.07
aaggca	aaggca	0.0001064962726	0.0000599039091	1	0.56	0.43023	1.4e+03	-3.14
aaggcc	aaggcc	0.0003194888179	0.0002995195454	3	2.81	0.53355	1.7e+03	-3.23
aaggcg	aaggcg	0.0003194888179	0.0001797117272	3	1.69	0.23947	7.7e+02	-2.88
aaggct	aaggct	0.0002129925453	0.0004193273636	2	3.94	0.90378	2.9e+03	-3.46
aaggga	aaggga	0.0005324813632	0.0003758676648	5	3.53	0.28010	9.0e+02	-2.95
aagggc	aagggc	0.0001064962726	0.0001252892216	1	1.18	0.69166	2.2e+03	-3.34
aagggg	aagggg	0.0002129925453	0.0001879338324	2	1.76	0.52660	1.7e+03	-3.23
aagggt	aagggt	0.0002129925453	0.0003758676648	2	3.53	0.86724	2.8e+03	-3.44
aaggta	aaggta	0.0002129925453	0.0003100908235	2	2.91	0.78732	2.5e+03	-3.40
aaggtc	aaggtc	0.0002129925453	0.0001722726797	2	1.62	0.48077	1.5e+03	-3.19
aaggtg	aaggtg	0.0004259850905	0.0003445453594	4	3.24	0.40533	1.3e+03	-3.11
aaggtt	aaggtt	0.0003194888179	0.0003445453594	3	3.24	0.62745	2.0e+03	-3.30
aagtaa	aagtaa	0.0005324813632	0.0005990390908	5	5.62	0.66169	2.1e+03	-3.33
aagtac	aagtac	0.0005324813632	0.0004792312726	5	4.50	0.46792	1.5e+03	-3.17
aagtag	aagtag	0.0001064962726	0.0002795515757	1	2.62	0.92759	3.0e+03	-3.47
aagtat	aagtat	0.0007454739084	0.0005591031514	7	5.25	0.27517	8.8e+02	-2.94
aagtca	aagtca	0.0004259850905	0.0005698966486	4	5.35	0.78096	2.5e+03	-3.40
aagtcc	aagtcc	0.0001064962726	0.0000777131793	1	0.73	0.51797	1.7e+03	-3.22
aagtcg	aagtcg	0.0002129925453	0.0001295219656	2	1.22	0.34323	1.1e+03	-3.04
aagtct	aagtct	0.0002129925453	0.0001813307518	2	1.70	0.50761	1.6e+03	-3.21
aagtga	aagtga	0.0003194888179	0.0003098060752	3	2.91	0.55617	1.8e+03	-3.25
aagtgt	aagtgt	0.0005324813632	0.0002323545564	5	2.18	0.07052	2.3e+02	-2.35
aagtta	aagtta	0.0005324813632	0.0005857271110	5	5.50	0.64255	2.1e+03	-3.31
aagttc	aagttc	0.0006389776358	0.0004392953333	6	4.12	0.23467	7.5e+02	-2.88
aagttg	aagttg	0.0004259850905	0.0004026873888	4	3.78	0.52270	1.7e+03	-3.22
aagttt	aagttt	0.0007454739084	0.0009151986110	7	8.59	0.75380	2.4e+03	-3.38
aataaa	aataaa	0.0013844515442	0.0013042995462	13	12.25	0.45232	1.4e+03	-3.16
aataac	aataac	0.0005324813632	0.0005072276013	5	4.76	0.51700	1.7e+03	-3.22
aataag	aataag	0.0007454739084	0.0006883803160	7	6.46	0.46781	1.5e+03	-3.17
aataat	aataat	0.0008519701810	0.0010144552026	8	9.53	0.73413	2.3e+03	-3.37
aataca	aataca	0.0005324813632	0.0005259590385	5	4.94	0.54874	1.8e+03	-3.24
aatacc	aatacc	0.0003194888179	0.0001673506031	3	1.57	0.20927	6.7e+02	-2.83
aatact	aatact	0.0003194888179	0.0002868867483	3	2.69	0.50490	1.6e+03	-3.21
aataga	aataga	0.0005324813632	0.0005777965699	5	5.43	0.63082	2.0e+03	-3.30
aatagc	aatagc	0.0004259850905	0.0003738683687	4	3.51	0.46568	1.5e+03	-3.17
aatagg	aatagg	0.0004259850905	0.0001699401676	4	1.60	0.07821	2.5e+02	-2.40
aatagt	aatagt	0.0002129925453	0.0004758324693	2	4.47	0.93733	3.0e+03	-3.48
aatata	aatata	0.0014909478168	0.0020316129165	14	19.08	0.90470	2.9e+03	-3.46
aatatc	aatatc	0.0004259850905	0.0002839889023	4	2.67	0.27856	8.9e+02	-2.95
aatatg	aatatg	0.0006389776358	0.0004150607034	6	3.90	0.19901	6.4e+02	-2.80
aatatt	aatatt	0.0008519701810	0.0006772043055	8	6.36	0.30671	9.8e+02	-2.99
aatcaa	aatcaa	0.0003194888179	0.0003440634778	3	3.23	0.62652	2.0e+03	-3.30
aatcac	aatcac	0.0005324813632	0.0003727354343	5	3.50	0.27453	8.8e+02	-2.94
aatcag	aatcag	0.0001064962726	0.0001433597824	1	1.35	0.73978	2.4e+03	-3.37
aatcat	aatcat	0.0005324813632	0.0006307830426	5	5.92	0.70460	2.3e+03	-3.35
aatcca	aatcca	0.0004259850905	0.0004167228458	4	3.91	0.54939	1.8e+03	-3.24
aatccc	aatccc	0.0001064962726	0.0001852101537	1	1.74	0.82435	2.6e+03	-3.42
aatcct	aatcct	0.0005324813632	0.0004167228458	5	3.91	0.35417	1.1e+03	-3.05
aatcgc	aatcgc	0.0002129925453	0.0001161772782	2	1.09	0.29764	9.5e+02	-2.98
aatcgt	aatcgt	0.0002129925453	0.0001355401579	2	1.27	0.36349	1.2e+03	-3.07
aatcta	aatcta	0.0001064962726	0.0003170108677	1	2.98	0.94906	3.0e+03	-3.48
aatctc	aatctc	0.0002129925453	0.0001188790754	2	1.12	0.30693	9.8e+02	-2.99
aatctg	aatctg	0.0001064962726	0.0001188790754	1	1.12	0.67252	2.2e+03	-3.33
aatctt	aatctt	0.0004259850905	0.0002971976885	4	2.79	0.30598	9.8e+02	-2.99
aatgaa	aatgaa	0.0005324813632	0.0006295087335	5	5.91	0.70295	2.2e+03	-3.35
aatgac	aatgac	0.0003194888179	0.0003644524246	3	3.42	0.66457	2.1e+03	-3.33
aatgag	aatgag	0.0002129925453	0.0001325281544	2	1.24	0.35338	1.1e+03	-3.05
aatgat	aatgat	0.0004259850905	0.0003644524246	4	3.42	0.44651	1.4e+03	-3.15
aatgca	aatgca	0.0002129925453	0.0004675427050	2	4.39	0.93322	3.0e+03	-3.47
aatgcc	aatgcc	0.0003194888179	0.0001870170820	3	1.76	0.25765	8.2e+02	-2.92
aatgcg	aatgcg	0.0004259850905	0.0002493561093	4	2.34	0.20912	6.7e+02	-2.83
aatgct	aatgct	0.0003194888179	0.0003740341640	3	3.51	0.68145	2.2e+03	-3.34
aatgga	aatgga	0.0001064962726	0.0001490941737	1	1.40	0.75343	2.4e+03	-3.38
aatggc	aatggc	0.0003194888179	0.0001863677171	3	1.75	0.25602	8.2e+02	-2.91
aatggg	aatggg	0.0002129925453	0.0001863677171	2	1.75	0.52214	1.7e+03	-3.22
aatggt	aatggt	0.0001064962726	0.0002236412606	1	2.10	0.87757	2.8e+03	-3.45
aatgta	aatgta	0.0005324813632	0.0006670002508	5	6.26	0.74871	2.4e+03	-3.38
aatgtc	aatgtc	0.0001064962726	0.0000784706177	1	0.74	0.52139	1.7e+03	-3.22
aatgtg	aatgtg	0.0004259850905	0.0003138824710	4	2.95	0.34097	1.1e+03	-3.04
aatgtt	aatgtt	0.0004259850905	0.0004315883976	4	4.05	0.57678	1.8e+03	-3.27
aattaa	aattaa	0.0005324813632	0.0002208802574	5	2.07	0.05956	1.9e+02	-2.28
aattac	aattac	0.0002129925453	0.0002366574186	2	2.22	0.65085	2.1e+03	-3.32
aattat	aattat	0.0001064962726	0.0002997660635	1	2.81	0.94011	3.0e+03	-3.48
aattca	aattca	0.0001064962726	0.0002473451730	1	2.32	0.90201	2.9e+03	-3.46
aattcg	aattcg	0.0001064962726	0.0000274827970	1	0.26	0.22746	7.3e+02	-2.86
aattct	aattct	0.0006389776358	0.0003572763610	6	3.35	0.12377	4.0e+02	-2.60
aattga	aattga	0.0004259850905	0.0006297145225	4	5.91	0.84095	2.7e+03	-3.43
aattgc	aattgc	0.0002129925453	0.0003148572613	2	2.96	0.79431	2.5e+03	-3.40
aattgg	aattgg	0.0003194888179	0.0003148572613	3	2.96	0.56703	1.8e+03	-3.26
aattgt	aattgt	0.0008519701810	0.0005510002072	8	5.17	0.15210	4.9e+02	-2.69
aattta	aattta	0.0008519701810	0.0010828496845	8	10.17	0.79468	2.5e+03	-3.40
aatttc	aatttc	0.0010649627263	0.0009431271446	10	8.86	0.39361	1.3e+03	-3.10
aatttg	aatttg	0.0009584664537	0.0006986126997	9	6.56	0.21554	6.9e+02	-2.84
aatttt	aatttt	0.0014909478168	0.0016417398442	14	15.42	0.67558	2.2e+03	-3.33
acaaaa	acaaaa	0.0008519701810	0.0008369672931	8	7.86	0.52726	1.7e+03	-3.23
acaaac	acaaac	0.0002129925453	0.0002159915595	2	2.03	0.60159	1.9e+03	-3.28
acaaag	acaaag	0.0003194888179	0.0003779852291	3	3.55	0.68822	2.2e+03	-3.34
acaaat	acaaat	0.0005324813632	0.0004859810089	5	4.56	0.47990	1.5e+03	-3.19
acaaca	acaaca	0.0004259850905	0.0004829462438	4	4.53	0.66361	2.1e+03	-3.33
acaacc	acaacc	0.0006389776358	0.0003714971106	6	3.49	0.14081	4.5e+02	-2.65
acaacg	acaacg	0.0001064962726	0.0001485988442	1	1.40	0.75228	2.4e+03	-3.38
acaact	acaact	0.0004259850905	0.0005943953769	4	5.58	0.80744	2.6e+03	-3.41
acaaga	acaaga	0.0002129925453	0.0002839889023	2	2.67	0.74527	2.4e+03	-3.38
acaagc	acaagc	0.0002129925453	0.0001419944512	2	1.33	0.38495	1.2e+03	-3.09
acaagt	acaagt	0.0004259850905	0.0002839889023	4	2.67	0.27856	8.9e+02	-2.95
acaata	acaata	0.0002129925453	0.0004179459317	2	3.92	0.90278	2.9e+03	-3.46
acaatc	acaatc	0.0002129925453	0.0001567297244	2	1.47	0.43267	1.4e+03	-3.14
acaatg	acaatg	0.0001064962726	0.0003134594488	1	2.94	0.94734	3.0e+03	-3.48
acaatt	acaatt	0.0008519701810	0.0004440675524	8	4.17	0.06185	2.0e+02	-2.30
acacaa	acacaa	0.0004259850905	0.0003499148975	4	3.29	0.41651	1.3e+03	-3.12
acacac	acacac	0.0009584664537	0.0006998297950	9	6.57	0.21692	6.9e+02	-2.84
acacag	acacag	0.0003194888179	0.0006220709289	3	5.84	0.93062	3.0e+03	-3.47
acacat	acacat	0.0007454739084	0.0007775886611	7	7.30	0.59426	1.9e+03	-3.28
acacca	acacca	0.0004259850905	0.0002293756519	4	2.15	0.17163	5.5e+02	-2.74
acaccc	acaccc	0.0001064962726	0.0002007036954	1	1.88	0.84814	2.7e+03	-3.43
acaccg	acaccg	0.0001064962726	0.0000860158694	1	0.81	0.55413	1.8e+03	-3.25
acacct	acacct	0.0001064962726	0.0002293756519	1	2.15	0.88399	2.8e+03	-3.45
acacga	acacga	0.0001064962726	0.0000141994451	1	0.13	0.12483	4.0e+02	-2.60
acacgc	acacgc	0.0001064962726	0.0000425983353	1	0.40	0.32968	1.1e+03	-3.02
acacta	acacta	0.0002129925453	0.0002763135266	2	2.59	0.73161	2.3e+03	-3.37
acactc	acactc	0.0001064962726	0.0001726959541	1	1.62	0.80245	2.6e+03	-3.41
acactg	acactg	0.0003194888179	0.0002763135266	3	2.59	0.48023	1.5e+03	-3.19
acactt	acactt	0.0006389776358	0.0005526270531	6	5.19	0.41720	1.3e+03	-3.13
acagaa	acagaa	0.0005324813632	0.0004915192540	5	4.62	0.48967	1.6e+03	-3.19
acagac	acagac	0.0001064962726	0.0001966077016	1	1.85	0.84218	2.7e+03	-3.43
acagag	acagag	0.0004259850905	0.0002457596270	4	2.31	0.20220	6.5e+02	-2.81
acagat	acagat	0.0002129925453	0.0003440634778	2	3.23	0.83282	2.7e+03	-3.43
acagca	acagca	0.0001064962726	0.0002434190591	1	2.29	0.89833	2.9e+03	-3.46
acagcc	acagcc	0.0002129925453	0.0001622793727	2	1.52	0.45012	1.4e+03	-3.16
acagcg	acagcg	0.0001064962726	0.0000811396864	1	0.76	0.53324	1.7e+03	-3.23
acagct	acagct	0.0004259850905	0.0003651285887	4	3.43	0.44789	1.4e+03	-3.16
acagga	acagga	0.0003194888179	0.0003833850181	3	3.60	0.69730	2.2e+03	-3.35
acaggg	acaggg	0.0002129925453	0.0001437693818	2	1.35	0.39079	1.2e+03	-3.10
acaggt	acaggt	0.0004259850905	0.0004313081454	4	4.05	0.57628	1.8e+03	-3.27
acagta	acagta	0.0001064962726	0.0002738464415	1	2.57	0.92360	3.0e+03	-3.47
acagtc	acagtc	0.0003194888179	0.0003194875151	3	3.00	0.57684	1.8e+03	-3.27
acagtg	acagtg	0.0001064962726	0.0001369232208	1	1.29	0.72357	2.3e+03	-3.36
acagtt	acagtt	0.0010649627263	0.0008671803981	10	8.14	0.30120	9.6e+02	-2.98
acataa	acataa	0.0002129925453	0.0006225910551	2	5.85	0.98023	3.1e+03	-3.50
acatac	acatac	0.0006389776358	0.0003502074685	6	3.29	0.11570	3.7e+02	-2.57
acatag	acatag	0.0004259850905	0.0004669432913	4	4.38	0.63792	2.0e+03	-3.31
acatat	acatat	0.0007454739084	0.0005836791141	7	5.48	0.31092	9.9e+02	-3.00
acatca	acatca	0.0008519701810	0.0004827811339	8	4.53	0.08931	2.9e+02	-2.46
acatcg	acatcg	0.0003194888179	0.0002271911218	3	2.13	0.35936	1.1e+03	-3.06
acatct	acatct	0.0001064962726	0.0004543822437	1	4.27	0.98598	3.2e+03	-3.50
acatga	acatga	0.0003194888179	0.0004259833535	3	4.00	0.76196	2.4e+03	-3.39
acatgc	acatgc	0.0005324813632	0.0003194875151	5	3.00	0.18471	5.9e+02	-2.77
acatgg	acatgg	0.0001064962726	0.0001064958384	1	1.00	0.63214	2.0e+03	-3.31
acatgt	acatgt	0.0001064962726	0.0002129916767	1	2.00	0.86469	2.8e+03	-3.44
acatta	acatta	0.0008519701810	0.0007680608949	8	7.21	0.43287	1.4e+03	-3.14
acattc	acattc	0.0002129925453	0.0004518005264	2	4.24	0.92470	3.0e+03	-3.47
acattg	acattg	0.0006389776358	0.0004518005264	6	4.24	0.25378	8.1e+02	-2.91
acattt	acattt	0.0012779552716	0.0013102215266	12	12.30	0.57268	1.8e+03	-3.26
accaaa	accaaa	0.0001064962726	0.0001513361914	1	1.42	0.75856	2.4e+03	-3.38
accaac	accaac	0.0002129925453	0.0002270042870	2	2.13	0.62847	2.0e+03	-3.30
accaag	accaag	0.0002129925453	0.0002017815885	2	1.89	0.56478	1.8e+03	-3.26
accaat	accaat	0.0003194888179	0.0003531177798	3	3.32	0.64378	2.1e+03	-3.31
accaca	accaca	0.0005324813632	0.0007398658244	5	6.95	0.82225	2.6e+03	-3.42
accacc	accacc	0.0004259850905	0.0002354118532	4	2.21	0.18270	5.8e+02	-2.77
accacg	accacg	0.0002129925453	0.0001345210590	2	1.26	0.36007	1.2e+03	-3.06
accact	accact	0.0001064962726	0.0001681513237	1	1.58	0.79383	2.5e+03	-3.40
accaga	accaga	0.0003194888179	0.0002484902895	3	2.33	0.41279	1.3e+03	-3.12
accagc	accagc	0.0001064962726	0.0000993961158	1	0.93	0.60678	1.9e+03	-3.29
accagg	accagg	0.0001064962726	0.0001987922316	1	1.87	0.84539	2.7e+03	-3.43
accagt	accagt	0.0002129925453	0.0001987922316	2	1.87	0.55673	1.8e+03	-3.25
accata	accata	0.0002129925453	0.0002562556111	2	2.41	0.69295	2.2e+03	-3.35
accatc	accatc	0.0002129925453	0.0002096636818	2	1.97	0.58550	1.9e+03	-3.27
accatg	accatg	0.0001064962726	0.0001164798232	1	1.09	0.66506	2.1e+03	-3.33
accatt	accatt	0.0002129925453	0.0001630717525	2	1.53	0.45259	1.4e+03	-3.16
acccaa	acccaa	0.0003194888179	0.0003485318347	3	3.27	0.63511	2.0e+03	-3.31
acccac	acccac	0.0002129925453	0.0001936287970	2	1.82	0.54257	1.7e+03	-3.24
acccag	acccag	0.0001064962726	0.0000387257594	1	0.36	0.30486	9.7e+02	-2.99
acccat	acccat	0.0002129925453	0.0002710803158	2	2.55	0.72194	2.3e+03	-3.36
acccca	acccca	0.0002129925453	0.0001597437575	2	1.50	0.44219	1.4e+03	-3.15
accccc	accccc	0.0001064962726	0.0000399359394	1	0.37	0.31271	1.0e+03	-3.00
acccgg	acccgg	0.0001064962726	0.0000760684560	1	0.71	0.51047	1.6e+03	-3.21
acccgt	acccgt	0.0001064962726	0.0000456410736	1	0.43	0.34857	1.1e+03	-3.05
accctc	accctc	0.0003194888179	0.0001474557762	3	1.38	0.16278	5.2e+02	-2.72
accgaa	accgaa	0.0001064962726	0.0000266239596	1	0.25	0.22120	7.1e+02	-2.85
accgca	accgca	0.0001064962726	0.0000709972256	1	0.67	0.48659	1.6e+03	-3.19
accgct	accgct	0.0001064962726	0.0001183287093	1	1.11	0.67083	2.1e+03	-3.33
accgga	accgga	0.0001064962726	0.0000245759627	1	0.23	0.20608	6.6e+02	-2.82
accggg	accggg	0.0002129925453	0.0000983038508	2	0.92	0.23597	7.5e+02	-2.88
accgta	accgta	0.0002129925453	0.0000709972256	2	0.67	0.14430	4.6e+02	-2.66
accgtg	accgtg	0.0001064962726	0.0000709972256	1	0.67	0.48659	1.6e+03	-3.19
acctaa	acctaa	0.0001064962726	0.0001397757879	1	1.31	0.73088	2.3e+03	-3.37
acctac	acctac	0.0003194888179	0.0001863677171	3	1.75	0.25602	8.2e+02	-2.91
acctag	acctag	0.0001064962726	0.0000931838586	1	0.87	0.58315	1.9e+03	-3.27
acctat	acctat	0.0002129925453	0.0003261435050	2	3.06	0.81004	2.6e+03	-3.41
acctca	acctca	0.0002129925453	0.0001720317389	2	1.62	0.48004	1.5e+03	-3.19
acctcc	acctcc	0.0002129925453	0.0001228798135	2	1.15	0.32063	1.0e+03	-3.01
acctct	acctct	0.0002129925453	0.0002211836643	2	2.08	0.61444	2.0e+03	-3.29
acctga	acctga	0.0001064962726	0.0000983038508	1	0.92	0.60272	1.9e+03	-3.28
acctgc	acctgc	0.0001064962726	0.0001310718011	1	1.23	0.70795	2.3e+03	-3.35
acctgt	acctgt	0.0002129925453	0.0001638397513	2	1.54	0.45498	1.5e+03	-3.16
acctta	acctta	0.0002129925453	0.0002061209775	2	1.94	0.57627	1.8e+03	-3.27
accttg	accttg	0.0002129925453	0.0002404744737	2	2.26	0.65939	2.1e+03	-3.32
accttt	accttt	0.0006389776358	0.0004465954512	6	4.19	0.24577	7.9e+02	-2.90
acgaaa	acgaaa	0.0001064962726	0.0000998398485	1	0.94	0.60841	1.9e+03	-3.29
acgaag	acgaag	0.0002129925453	0.0000599039091	2	0.56	0.10971	3.5e+02	-2.54
acgaca	acgaca	0.0001064962726	0.0000871329587	1	0.82	0.55878	1.8e+03	-3.25
acgacg	acgacg	0.0001064962726	0.0000290443196	1	0.27	0.23870	7.6e+02	-2.88
acgact	acgact	0.0001064962726	0.0001742659173	1	1.64	0.80534	2.6e+03	-3.41
acgaga	acgaga	0.0001064962726	0.0001681513237	1	1.58	0.79383	2.5e+03	-3.40
acgagc	acgagc	0.0002129925453	0.0001345210590	2	1.26	0.36007	1.2e+03	-3.06
acgagg	acgagg	0.0002129925453	0.0001681513237	2	1.58	0.46826	1.5e+03	-3.18
acgata	acgata	0.0002129925453	0.0002396156363	2	2.25	0.65749	2.1e+03	-3.32
acgatc	acgatc	0.0001064962726	0.0000532479192	1	0.50	0.39348	1.3e+03	-3.10
acgatt	acgatt	0.0001064962726	0.0000532479192	1	0.50	0.39348	1.3e+03	-3.10
acgcac	acgcac	0.0002129925453	0.0001008907942	2	0.95	0.24489	7.8e+02	-2.89
acgcag	acgcag	0.0001064962726	0.0000504453971	1	0.47	0.37730	1.2e+03	-3.08
acgcca	acgcca	0.0004259850905	0.0003194875151	4	3.00	0.35277	1.1e+03	-3.05
acgcct	acgcct	0.0001064962726	0.0001064958384	1	1.00	0.63214	2.0e+03	-3.31
acgcga	acgcga	0.0002129925453	0.0001774930639	2	1.67	0.49635	1.6e+03	-3.20
acgcgc	acgcgc	0.0002129925453	0.0001419944512	2	1.33	0.38495	1.2e+03	-3.09
acgctc	acgctc	0.0001064962726	0.0000811396864	1	0.76	0.53324	1.7e+03	-3.23
acgctt	acgctt	0.0003194888179	0.0001622793727	3	1.52	0.19714	6.3e+02	-2.80
acggaa	acggaa	0.0002129925453	0.0003069585929	2	2.88	0.78262	2.5e+03	-3.40
acggac	acggac	0.0001064962726	0.0000438512276	1	0.41	0.33752	1.1e+03	-3.03
acggat	acggat	0.0004259850905	0.0002631073654	4	2.47	0.23614	7.5e+02	-2.88
acggca	acggca	0.0001064962726	0.0000425983353	1	0.40	0.32968	1.1e+03	-3.02
acggga	acggga	0.0002129925453	0.0000983038508	2	0.92	0.23597	7.5e+02	-2.88
acgggc	acgggc	0.0001064962726	0.0000983038508	1	0.92	0.60272	1.9e+03	-3.28
acggta	acggta	0.0001064962726	0.0001474557762	1	1.38	0.74960	2.4e+03	-3.38
acggtc	acggtc	0.0001064962726	0.0000983038508	1	0.92	0.60272	1.9e+03	-3.28
acggtt	acggtt	0.0001064962726	0.0000737278881	1	0.69	0.49959	1.6e+03	-3.20
acgtaa	acgtaa	0.0002129925453	0.0003042738239	2	2.86	0.77852	2.5e+03	-3.40
acgtag	acgtag	0.0002129925453	0.0002028492159	2	1.90	0.56763	1.8e+03	-3.26
acgtat	acgtat	0.0006389776358	0.0004564107359	6	4.29	0.26094	8.3e+02	-2.92
acgtca	acgtca	0.0002129925453	0.0002169359670	2	2.04	0.60395	1.9e+03	-3.29
acgtcc	acgtcc	0.0002129925453	0.0000986072577	2	0.93	0.23701	7.6e+02	-2.88
acgtct	acgtct	0.0001064962726	0.0000986072577	1	0.93	0.60385	1.9e+03	-3.29
acgtga	acgtga	0.0011714589989	0.0008485313573	11	7.97	0.18084	5.8e+02	-2.76
acgtgc	acgtgc	0.0004259850905	0.0005221731430	4	4.90	0.72120	2.3e+03	-3.36
acgtgg	acgtgg	0.0001064962726	0.0002610865715	1	2.45	0.91387	2.9e+03	-3.47
acgtgt	acgtgt	0.0003194888179	0.0003916298572	3	3.68	0.71078	2.3e+03	-3.36
acgttc	acgttc	0.0001064962726	0.0001141026840	1	1.07	0.65750	2.1e+03	-3.32
acgttt	acgttt	0.0004259850905	0.0002852567099	4	2.68	0.28118	9.0e+02	-2.95
actaaa	actaaa	0.0003194888179	0.0005065747987	3	4.76	0.85338	2.7e+03	-3.44
actaac	actaac	0.0003194888179	0.0002763135266	3	2.59	0.48023	1.5e+03	-3.19
actaag	actaag	0.0006389776358	0.0004144702899	6	3.89	0.19817	6.3e+02	-2.80
actaat	actaat	0.0004259850905	0.0005065747987	4	4.76	0.69922	2.2e+03	-3.35
actaca	actaca	0.0003194888179	0.0002795515757	3	2.62	0.48785	1.6e+03	-3.19
actacc	actacc	0.0001064962726	0.0001597437575	1	1.50	0.77690	2.5e+03	-3.40
actacg	actacg	0.0002129925453	0.0002396156363	2	2.25	0.65749	2.1e+03	-3.32
actact	actact	0.0003194888179	0.0002795515757	3	2.62	0.48785	1.6e+03	-3.19
actaga	actaga	0.0001064962726	0.0002087318432	1	1.96	0.85917	2.7e+03	-3.44
actagc	actagc	0.0001064962726	0.0001490941737	1	1.40	0.75343	2.4e+03	-3.38
actagt	actagt	0.0005324813632	0.0003280071822	5	3.08	0.19833	6.3e+02	-2.80
actata	actata	0.0002129925453	0.0003341045910	2	3.14	0.82048	2.6e+03	-3.42
actatc	actatc	0.0003194888179	0.0002296969063	3	2.16	0.36570	1.2e+03	-3.07
actatg	actatg	0.0001064962726	0.0001461707585	1	1.37	0.74656	2.4e+03	-3.38
actatt	actatt	0.0004259850905	0.0003549861279	4	3.33	0.42702	1.4e+03	-3.14
actcaa	actcaa	0.0005324813632	0.0005537783595	5	5.20	0.59392	1.9e+03	-3.28
actcac	actcac	0.0001064962726	0.0001703933414	1	1.60	0.79813	2.6e+03	-3.41
actcag	actcag	0.0005324813632	0.0004259833535	5	4.00	0.37116	1.2e+03	-3.07
actcat	actcat	0.0005324813632	0.0005537783595	5	5.20	0.59392	1.9e+03	-3.28
actcca	actcca	0.0002129925453	0.0001157563460	2	1.09	0.29619	9.5e+02	-2.98
actccc	actccc	0.0001064962726	0.0001852101537	1	1.74	0.82435	2.6e+03	-3.42
actccg	actccg	0.0001064962726	0.0000694538076	1	0.65	0.47910	1.5e+03	-3.19
actcct	actcct	0.0001064962726	0.0001620588845	1	1.52	0.78169	2.5e+03	-3.40
actcgc	actcgc	0.0001064962726	0.0000580886391	1	0.55	0.42043	1.3e+03	-3.13
actcgt	actcgt	0.0003194888179	0.0001742659173	3	1.64	0.22607	7.2e+02	-2.86
actcta	actcta	0.0003194888179	0.0001952423703	3	1.83	0.27831	8.9e+02	-2.95
actctc	actctc	0.0001064962726	0.0002484902895	1	2.33	0.90306	2.9e+03	-3.46
actctg	actctg	0.0003194888179	0.0001419944512	3	1.33	0.15062	4.8e+02	-2.68
actctt	actctt	0.0001064962726	0.0002662395959	1	2.50	0.91794	2.9e+03	-3.47
actgaa	actgaa	0.0003194888179	0.0001863677171	3	1.75	0.25602	8.2e+02	-2.91
actgag	actgag	0.0002129925453	0.0001331197980	2	1.25	0.35537	1.1e+03	-3.06
actgca	actgca	0.0003194888179	0.0003833850181	3	3.60	0.69730	2.2e+03	-3.35
actgcc	actgcc	0.0001064962726	0.0000425983353	1	0.40	0.32968	1.1e+03	-3.02
actgcg	actgcg	0.0002129925453	0.0002129916767	2	2.00	0.59402	1.9e+03	-3.28
actgct	actgct	0.0002129925453	0.0002129916767	2	2.00	0.59402	1.9e+03	-3.28
actgga	actgga	0.0001064962726	0.0001638397513	1	1.54	0.78531	2.5e+03	-3.40
actggc	actggc	0.0002129925453	0.0000983038508	2	0.92	0.23597	7.5e+02	-2.88
actggg	actggg	0.0001064962726	0.0000655359005	1	0.62	0.45958	1.5e+03	-3.17
actgta	actgta	0.0004259850905	0.0004144702899	4	3.89	0.54516	1.7e+03	-3.24
actgtc	actgtc	0.0001064962726	0.0004144702899	1	3.89	0.97961	3.1e+03	-3.50
actgtg	actgtg	0.0009584664537	0.0006735142210	9	6.32	0.18792	6.0e+02	-2.78
actgtt	actgtt	0.0004259850905	0.0004144702899	4	3.89	0.54516	1.7e+03	-3.24
acttaa	acttaa	0.0002129925453	0.0001464317778	2	1.37	0.39951	1.3e+03	-3.11
acttac	acttac	0.0003194888179	0.0003660794444	3	3.44	0.66749	2.1e+03	-3.33
acttag	acttag	0.0002129925453	0.0001830397222	2	1.72	0.51257	1.6e+03	-3.21
acttat	acttat	0.0004259850905	0.0004759032777	4	4.47	0.65246	2.1e+03	-3.32
acttca	acttca	0.0009584664537	0.0004969805790	9	4.67	0.04844	1.5e+02	-2.19
acttcg	acttcg	0.0001064962726	0.0002484902895	1	2.33	0.90306	2.9e+03	-3.46
acttct	acttct	0.0003194888179	0.0003904847407	3	3.67	0.70894	2.3e+03	-3.36
acttga	acttga	0.0004259850905	0.0003276795027	4	3.08	0.37000	1.2e+03	-3.07
acttgc	acttgc	0.0001064962726	0.0002184530018	1	2.05	0.87146	2.8e+03	-3.44
acttgg	acttgg	0.0001064962726	0.0001365331261	1	1.28	0.72256	2.3e+03	-3.36
acttgt	acttgt	0.0004259850905	0.0003822927531	4	3.59	0.48262	1.5e+03	-3.19
acttta	acttta	0.0003194888179	0.0003549861279	3	3.33	0.64727	2.1e+03	-3.32
actttc	actttc	0.0005324813632	0.0003549861279	5	3.33	0.24348	7.8e+02	-2.89
actttg	actttg	0.0002129925453	0.0001656601930	2	1.56	0.46061	1.5e+03	-3.17
actttt	actttt	0.0006389776358	0.0008283009651	6	7.78	0.78766	2.5e+03	-3.40
agaaaa	agaaaa	0.0020234291800	0.0019524237034	19	18.33	0.46895	1.5e+03	-3.18
agaaac	agaaac	0.0003194888179	0.0003416741481	3	3.21	0.62187	2.0e+03	-3.30
agaaag	agaaag	0.0005324813632	0.0004392953333	5	4.12	0.39557	1.3e+03	-3.10
agaaat	agaaat	0.0006389776358	0.0007809694813	6	7.33	0.73993	2.4e+03	-3.37
agaaca	agaaca	0.0005324813632	0.0003435349625	5	3.23	0.22397	7.2e+02	-2.85
agaacc	agaacc	0.0002129925453	0.0001717674812	2	1.61	0.47924	1.5e+03	-3.19
agaacg	agaacg	0.0001064962726	0.0002404744737	1	2.26	0.89547	2.9e+03	-3.46
agaact	agaact	0.0002129925453	0.0003091814662	2	2.90	0.78597	2.5e+03	-3.40
agaaga	agaaga	0.0006389776358	0.0004685816888	6	4.40	0.28006	9.0e+02	-2.95
agaagc	agaagc	0.0002129925453	0.0003833850181	2	3.60	0.87436	2.8e+03	-3.45
agaagg	agaagg	0.0003194888179	0.0003407866828	3	3.20	0.62014	2.0e+03	-3.30
agaagt	agaagt	0.0005324813632	0.0005111800242	5	4.80	0.52377	1.7e+03	-3.22
agaata	agaata	0.0004259850905	0.0004587513037	4	4.31	0.62428	2.0e+03	-3.30
agaatc	agaatc	0.0001064962726	0.0002676049272	1	2.51	0.91899	2.9e+03	-3.47
agaatg	agaatg	0.0003194888179	0.0002676049272	3	2.51	0.45949	1.5e+03	-3.17
agaatt	agaatt	0.0006389776358	0.0004969805790	6	4.67	0.32576	1.0e+03	-3.02
agacaa	agacaa	0.0005324813632	0.0003400996128	5	3.19	0.21821	7.0e+02	-2.84
agacag	agacag	0.0001064962726	0.0001236725865	1	1.16	0.68694	2.2e+03	-3.34
agacat	agacat	0.0003194888179	0.0004019359061	3	3.77	0.72697	2.3e+03	-3.37
agacca	agacca	0.0003194888179	0.0002457596270	3	2.31	0.40601	1.3e+03	-3.11
agaccg	agaccg	0.0001064962726	0.0000819198757	1	0.77	0.53664	1.7e+03	-3.23
agacct	agacct	0.0001064962726	0.0001228798135	1	1.15	0.68460	2.2e+03	-3.34
agacga	agacga	0.0001064962726	0.0000608547648	1	0.57	0.43529	1.4e+03	-3.14
agacgc	agacgc	0.0001064962726	0.0000608547648	1	0.57	0.43529	1.4e+03	-3.14
agactc	agactc	0.0002129925453	0.0001468908115	2	1.38	0.40101	1.3e+03	-3.11
agactg	agactg	0.0002129925453	0.0001285294601	2	1.21	0.33987	1.1e+03	-3.04
agactt	agactt	0.0001064962726	0.0001285294601	1	1.21	0.70090	2.2e+03	-3.35
agagaa	agagaa	0.0004259850905	0.0005191672120	4	4.87	0.71706	2.3e+03	-3.36
agagac	agagac	0.0001064962726	0.0001198078182	1	1.12	0.67537	2.2e+03	-3.33
agagag	agagag	0.0002129925453	0.0001198078182	2	1.12	0.31011	9.9e+02	-3.00
agagat	agagat	0.0002129925453	0.0001996796969	2	1.87	0.55913	1.8e+03	-3.25
agagca	agagca	0.0002129925453	0.0002457596270	2	2.31	0.67095	2.1e+03	-3.33
agagcc	agagcc	0.0001064962726	0.0000819198757	1	0.77	0.53664	1.7e+03	-3.23
agagcg	agagcg	0.0001064962726	0.0000819198757	1	0.77	0.53664	1.7e+03	-3.23
agagct	agagct	0.0001064962726	0.0001228798135	1	1.15	0.68460	2.2e+03	-3.34
agagga	agagga	0.0002129925453	0.0001503470659	2	1.41	0.41223	1.3e+03	-3.12
agaggc	agaggc	0.0003194888179	0.0002505784432	3	2.35	0.41796	1.3e+03	-3.13
agaggg	agaggg	0.0002129925453	0.0001503470659	2	1.41	0.41223	1.3e+03	-3.12
agaggt	agaggt	0.0001064962726	0.0003006941319	1	2.82	0.94063	3.0e+03	-3.48
agagta	agagta	0.0004259850905	0.0002949115524	4	2.77	0.30121	9.6e+02	-2.98
agagtc	agagtc	0.0002129925453	0.0002293756519	2	2.15	0.63407	2.0e+03	-3.31
agagtg	agagtg	0.0002129925453	0.0001966077016	2	1.85	0.55078	1.8e+03	-3.25
agataa	agataa	0.0003194888179	0.0004420581970	3	4.15	0.78325	2.5e+03	-3.40
agatac	agatac	0.0002129925453	0.0002009355441	2	1.89	0.56251	1.8e+03	-3.25
agatag	agatag	0.0003194888179	0.0004822453058	3	4.53	0.82965	2.7e+03	-3.42
agatat	agatat	0.0012779552716	0.0010046777204	12	9.43	0.24092	7.7e+02	-2.89
agatca	agatca	0.0001064962726	0.0001141026840	1	1.07	0.65750	2.1e+03	-3.32
agatcg	agatcg	0.0001064962726	0.0000684616104	1	0.64	0.47422	1.5e+03	-3.18
agatct	agatct	0.0001064962726	0.0000912821472	1	0.86	0.57564	1.8e+03	-3.26
agatga	agatga	0.0003194888179	0.0003904847407	3	3.67	0.70894	2.3e+03	-3.36
agatgc	agatgc	0.0005324813632	0.0003904847407	5	3.67	0.30634	9.8e+02	-2.99
agatgg	agatgg	0.0001064962726	0.0002169359670	1	2.04	0.86961	2.8e+03	-3.44
agatgt	agatgt	0.0002129925453	0.0001735487736	2	1.63	0.48460	1.5e+03	-3.19
agatta	agatta	0.0002129925453	0.0001023998446	2	0.96	0.25009	8.0e+02	-2.90
agattt	agattt	0.0003194888179	0.0002457596270	3	2.31	0.40601	1.3e+03	-3.11
agcaaa	agcaaa	0.0006389776358	0.0008191987567	6	7.69	0.77904	2.5e+03	-3.40
agcaac	agcaac	0.0005324813632	0.0002867195648	5	2.69	0.13592	4.3e+02	-2.64
agcaag	agcaag	0.0002129925453	0.0001638397513	2	1.54	0.45498	1.5e+03	-3.16
agcaat	agcaat	0.0002129925453	0.0003276795027	2	3.08	0.81210	2.6e+03	-3.41
agcaca	agcaca	0.0001064962726	0.0002505784432	1	2.35	0.90494	2.9e+03	-3.46
agcacc	agcacc	0.0001064962726	0.0001002313773	1	0.94	0.60985	1.9e+03	-3.29
agcacg	agcacg	0.0002129925453	0.0002255205989	2	2.12	0.62493	2.0e+03	-3.30
agcact	agcact	0.0004259850905	0.0002756362875	4	2.59	0.26143	8.4e+02	-2.92
agcaga	agcaga	0.0001064962726	0.0000304273824	1	0.29	0.24853	7.9e+02	-2.90
agcagg	agcagg	0.0001064962726	0.0000152136912	1	0.14	0.13312	4.3e+02	-2.63
agcata	agcata	0.0003194888179	0.0002500337075	3	2.35	0.41661	1.3e+03	-3.12
agcatc	agcatc	0.0001064962726	0.0002500337075	1	2.35	0.90445	2.9e+03	-3.46
agcatg	agcatg	0.0002129925453	0.0001666891383	2	1.57	0.46377	1.5e+03	-3.17
agcatt	agcatt	0.0003194888179	0.0002500337075	3	2.35	0.41661	1.3e+03	-3.12
agccaa	agccaa	0.0004259850905	0.0002921028709	4	2.74	0.29537	9.4e+02	-2.98
agccac	agccac	0.0005324813632	0.0005111800242	5	4.80	0.52377	1.7e+03	-3.22
agccat	agccat	0.0003194888179	0.0003286157298	3	3.09	0.59577	1.9e+03	-3.28
agccca	agccca	0.0001064962726	0.0000532479192	1	0.50	0.39348	1.3e+03	-3.10
agccct	agccct	0.0001064962726	0.0000532479192	1	0.50	0.39348	1.3e+03	-3.10
agccga	agccga	0.0001064962726	0.0000774515188	1	0.73	0.51679	1.7e+03	-3.22
agccgg	agccgg	0.0001064962726	0.0001161772782	1	1.09	0.66411	2.1e+03	-3.33
agccgt	agccgt	0.0002129925453	0.0002323545564	2	2.18	0.64101	2.0e+03	-3.31
agcgac	agcgac	0.0003194888179	0.0001419944512	3	1.33	0.15062	4.8e+02	-2.68
agcgag	agcgag	0.0001064962726	0.0000709972256	1	0.67	0.48659	1.6e+03	-3.19
agcgat	agcgat	0.0001064962726	0.0001774930639	1	1.67	0.81115	2.6e+03	-3.41
agcgca	agcgca	0.0002129925453	0.0001401261031	2	1.32	0.37877	1.2e+03	-3.08
agcgcc	agcgcc	0.0002129925453	0.0001961765444	2	1.84	0.54960	1.8e+03	-3.24
agcgct	agcgct	0.0001064962726	0.0000560504412	1	0.53	0.40923	1.3e+03	-3.12
agcgga	agcgga	0.0003194888179	0.0003194875151	3	3.00	0.57684	1.8e+03	-3.27
agcggg	agcggg	0.0002129925453	0.0002555900121	2	2.40	0.69160	2.2e+03	-3.34
agcggt	agcggt	0.0001064962726	0.0000638975030	1	0.60	0.45120	1.4e+03	-3.16
agcgta	agcgta	0.0001064962726	0.0000851966707	1	0.80	0.55068	1.8e+03	-3.25
agcgtc	agcgtc	0.0001064962726	0.0001987922316	1	1.87	0.84539	2.7e+03	-3.43
agcgtg	agcgtg	0.0001064962726	0.0000851966707	1	0.80	0.55068	1.8e+03	-3.25
agcgtt	agcgtt	0.0001064962726	0.0000567977805	1	0.53	0.41336	1.3e+03	-3.12
agctaa	agctaa	0.0001064962726	0.0001064958384	1	1.00	0.63214	2.0e+03	-3.31
agctac	agctac	0.0001064962726	0.0001064958384	1	1.00	0.63214	2.0e+03	-3.31
agctag	agctag	0.0003194888179	0.0001863677171	3	1.75	0.25602	8.2e+02	-2.91
agctat	agctat	0.0001064962726	0.0002396156363	1	2.25	0.89463	2.9e+03	-3.46
agctca	agctca	0.0003194888179	0.0002839889023	3	2.67	0.49820	1.6e+03	-3.20
agctcg	agctcg	0.0002129925453	0.0001577716124	2	1.48	0.43597	1.4e+03	-3.14
agctct	agctct	0.0003194888179	0.0002839889023	3	2.67	0.49820	1.6e+03	-3.20
agctgc	agctgc	0.0002129925453	0.0000851966707	2	0.80	0.19120	6.1e+02	-2.79
agctgg	agctgg	0.0002129925453	0.0001703933414	2	1.60	0.47508	1.5e+03	-3.18
agctgt	agctgt	0.0002129925453	0.0002129916767	2	2.00	0.59402	1.9e+03	-3.28
agctta	agctta	0.0002129925453	0.0002342908444	2	2.20	0.64546	2.1e+03	-3.31
agcttc	agcttc	0.0003194888179	0.0002928635555	3	2.75	0.51857	1.7e+03	-3.22
agcttg	agcttg	0.0003194888179	0.0001757181333	3	1.65	0.22963	7.3e+02	-2.87
agcttt	agcttt	0.0003194888179	0.0004685816888	3	4.40	0.81492	2.6e+03	-3.42
aggaaa	aggaaa	0.0006389776358	0.0004605225443	6	4.32	0.26736	8.5e+02	-2.93
aggaac	aggaac	0.0001064962726	0.0001726959541	1	1.62	0.80245	2.6e+03	-3.41
aggaag	aggaag	0.0001064962726	0.0002590439312	1	2.43	0.91220	2.9e+03	-3.46
aggaat	aggaat	0.0002129925453	0.0001726959541	2	1.62	0.48204	1.5e+03	-3.19
aggaca	aggaca	0.0001064962726	0.0001597437575	1	1.50	0.77690	2.5e+03	-3.40
aggacc	aggacc	0.0002129925453	0.0000456410736	2	0.43	0.06937	2.2e+02	-2.35
aggaga	aggaga	0.0004259850905	0.0004014073908	4	3.77	0.52023	1.7e+03	-3.22
aggagc	aggagc	0.0001064962726	0.0000573439130	1	0.54	0.41636	1.3e+03	-3.12
aggagt	aggagt	0.0002129925453	0.0002867195648	2	2.69	0.74998	2.4e+03	-3.38
aggata	aggata	0.0002129925453	0.0001656601930	2	1.56	0.46061	1.5e+03	-3.17
aggatg	aggatg	0.0001064962726	0.0001419944512	1	1.33	0.73643	2.4e+03	-3.37
aggatt	aggatt	0.0001064962726	0.0001183287093	1	1.11	0.67083	2.1e+03	-3.33
aggcaa	aggcaa	0.0001064962726	0.0000354986128	1	0.33	0.28347	9.1e+02	-2.96
aggcca	aggcca	0.0002129925453	0.0001419944512	2	1.33	0.38495	1.2e+03	-3.09
aggccg	aggccg	0.0001064962726	0.0001774930639	1	1.67	0.81115	2.6e+03	-3.41
aggcct	aggcct	0.0002129925453	0.0001419944512	2	1.33	0.38495	1.2e+03	-3.09
aggcgc	aggcgc	0.0002129925453	0.0000798718788	2	0.75	0.17335	5.5e+02	-2.74
aggcgt	aggcgt	0.0001064962726	0.0001597437575	1	1.50	0.77690	2.5e+03	-3.40
aggctc	aggctc	0.0002129925453	0.0002746471621	2	2.58	0.72856	2.3e+03	-3.37
aggctg	aggctg	0.0002129925453	0.0001569412355	2	1.47	0.43334	1.4e+03	-3.14
aggctt	aggctt	0.0003194888179	0.0002354118532	3	2.21	0.38011	1.2e+03	-3.08
agggaa	agggaa	0.0003194888179	0.0003407866828	3	3.20	0.62014	2.0e+03	-3.30
agggac	agggac	0.0001064962726	0.0001703933414	1	1.60	0.79813	2.6e+03	-3.41
agggat	agggat	0.0002129925453	0.0000851966707	2	0.80	0.19120	6.1e+02	-2.79
agggca	agggca	0.0001064962726	0.0000532479192	1	0.50	0.39348	1.3e+03	-3.10
aggggg	aggggg	0.0001064962726	0.0000871329587	1	0.82	0.55878	1.8e+03	-3.25
aggggt	aggggt	0.0002129925453	0.0001161772782	2	1.09	0.29764	9.5e+02	-2.98
agggtc	agggtc	0.0003194888179	0.0001681513237	3	1.58	0.21120	6.8e+02	-2.83
agggtt	agggtt	0.0003194888179	0.0001345210590	3	1.26	0.13448	4.3e+02	-2.63
aggtaa	aggtaa	0.0003194888179	0.0003514362666	3	3.30	0.64062	2.0e+03	-3.31
aggtat	aggtat	0.0006389776358	0.0003194875151	6	3.00	0.08388	2.7e+02	-2.43
aggtca	aggtca	0.0004259850905	0.0001774930639	4	1.67	0.08825	2.8e+02	-2.45
aggtct	aggtct	0.0001064962726	0.0001064958384	1	1.00	0.63214	2.0e+03	-3.31
aggtga	aggtga	0.0006389776358	0.0005071230398	6	4.76	0.34233	1.1e+03	-3.04
aggtgc	aggtgc	0.0001064962726	0.0001521369120	1	1.43	0.76037	2.4e+03	-3.39
aggtgg	aggtgg	0.0002129925453	0.0002535615199	2	2.38	0.68743	2.2e+03	-3.34
aggtgt	aggtgt	0.0001064962726	0.0001521369120	1	1.43	0.76037	2.4e+03	-3.39
aggtta	aggtta	0.0003194888179	0.0003672270288	3	3.45	0.66953	2.1e+03	-3.33
aggttc	aggttc	0.0002129925453	0.0001468908115	2	1.38	0.40101	1.3e+03	-3.11
aggttg	aggttg	0.0003194888179	0.0001468908115	3	1.38	0.16151	5.2e+02	-2.71
aggttt	aggttt	0.0002129925453	0.0004039497317	2	3.79	0.89208	2.9e+03	-3.46
agtaaa	agtaaa	0.0009584664537	0.0006744736430	9	6.33	0.18895	6.0e+02	-2.78
agtaac	agtaac	0.0002129925453	0.0003549861279	2	3.33	0.84546	2.7e+03	-3.43
agtaag	agtaag	0.0003194888179	0.0002129916767	3	2.00	0.32332	1.0e+03	-3.01
agtaat	agtaat	0.0001064962726	0.0003549861279	1	3.33	0.96435	3.1e+03	-3.49
agtaca	agtaca	0.0005324813632	0.0005679778046	5	5.33	0.61599	2.0e+03	-3.29
agtacc	agtacc	0.0002129925453	0.0001419944512	2	1.33	0.38495	1.2e+03	-3.09
agtacg	agtacg	0.0004259850905	0.0003313203860	4	3.11	0.37765	1.2e+03	-3.08
agtact	agtact	0.0001064962726	0.0002366574186	1	2.22	0.89166	2.9e+03	-3.45
agtaga	agtaga	0.0003194888179	0.0002293756519	3	2.15	0.36489	1.2e+03	-3.07
agtagc	agtagc	0.0002129925453	0.0002580476083	2	2.42	0.69659	2.2e+03	-3.35
agtagt	agtagt	0.0002129925453	0.0002007036954	2	1.88	0.56189	1.8e+03	-3.25
agtata	agtata	0.0006389776358	0.0007289048493	6	6.84	0.67907	2.2e+03	-3.34
agtatc	agtatc	0.0002129925453	0.0001987922316	2	1.87	0.55673	1.8e+03	-3.25
agtatg	agtatg	0.0002129925453	0.0002319242702	2	2.18	0.64001	2.0e+03	-3.31
agtatt	agtatt	0.0004259850905	0.0003313203860	4	3.11	0.37765	1.2e+03	-3.08
agtcaa	agtcaa	0.0010649627263	0.0009892280097	10	9.29	0.45061	1.4e+03	-3.16
agtcac	agtcac	0.0004259850905	0.0004685816888	4	4.40	0.64061	2.0e+03	-3.31
agtcag	agtcag	0.0001064962726	0.0002603231604	1	2.44	0.91325	2.9e+03	-3.47
agtcat	agtcat	0.0007454739084	0.0006247755851	7	5.87	0.37228	1.2e+03	-3.08
agtcca	agtcca	0.0001064962726	0.0000709972256	1	0.67	0.48659	1.6e+03	-3.19
agtccc	agtccc	0.0001064962726	0.0001064958384	1	1.00	0.63214	2.0e+03	-3.31
agtccg	agtccg	0.0001064962726	0.0000709972256	1	0.67	0.48659	1.6e+03	-3.19
agtcga	agtcga	0.0002129925453	0.0001157563460	2	1.09	0.29619	9.5e+02	-2.98
agtcgc	agtcgc	0.0002129925453	0.0001620588845	2	1.52	0.44944	1.4e+03	-3.16
agtcgt	agtcgt	0.0001064962726	0.0002083614229	1	1.96	0.85868	2.7e+03	-3.44
agtcta	agtcta	0.0003194888179	0.0001569412355	3	1.47	0.18457	5.9e+02	-2.77
agtctc	agtctc	0.0002129925453	0.0002354118532	2	2.21	0.64802	2.1e+03	-3.32
agtctg	agtctg	0.0001064962726	0.0001177059266	1	1.11	0.66890	2.1e+03	-3.33
agtctt	agtctt	0.0001064962726	0.0002354118532	1	2.21	0.89038	2.8e+03	-3.45
agtgaa	agtgaa	0.0001064962726	0.0002650563088	1	2.49	0.91702	2.9e+03	-3.47
agtgac	agtgac	0.0001064962726	0.0001514607479	1	1.42	0.75885	2.4e+03	-3.38
agtgag	agtgag	0.0001064962726	0.0001135955609	1	1.07	0.65587	2.1e+03	-3.32
agtgat	agtgat	0.0005324813632	0.0003218540893	5	3.02	0.18846	6.0e+02	-2.78
agtgca	agtgca	0.0002129925453	0.0001301615802	2	1.22	0.34539	1.1e+03	-3.04
agtgga	agtgga	0.0002129925453	0.0001720317389	2	1.62	0.48004	1.5e+03	-3.19
agtggc	agtggc	0.0001064962726	0.0001720317389	1	1.62	0.80121	2.6e+03	-3.41
agtggt	agtggt	0.0003194888179	0.0001966077016	3	1.85	0.28176	9.0e+02	-2.95
agtgta	agtgta	0.0002129925453	0.0001597437575	2	1.50	0.44219	1.4e+03	-3.15
agtgtc	agtgtc	0.0002129925453	0.0001064958384	2	1.00	0.26424	8.4e+02	-2.93
agtgtg	agtgtg	0.0001064962726	0.0001863677171	1	1.75	0.82625	2.6e+03	-3.42
agtgtt	agtgtt	0.0001064962726	0.0001863677171	1	1.75	0.82625	2.6e+03	-3.42
agttaa	agttaa	0.0003194888179	0.0004571528671	3	4.29	0.80179	2.6e+03	-3.41
agttac	agttac	0.0005324813632	0.0004155935156	5	3.90	0.35210	1.1e+03	-3.05
agttag	agttag	0.0005324813632	0.0004155935156	5	3.90	0.35210	1.1e+03	-3.05
agttat	agttat	0.0003194888179	0.0004155935156	3	3.90	0.74731	2.4e+03	-3.38
agttca	agttca	0.0003194888179	0.0003710177595	3	3.48	0.67621	2.2e+03	-3.33
agttcc	agttcc	0.0002129925453	0.0001236725865	2	1.16	0.32334	1.0e+03	-3.01
agttcg	agttcg	0.0001064962726	0.0001648967820	1	1.55	0.78744	2.5e+03	-3.40
agttct	agttct	0.0006389776358	0.0006183629324	6	5.81	0.52279	1.7e+03	-3.22
agttga	agttga	0.0002129925453	0.0002811490133	2	2.64	0.74029	2.4e+03	-3.37
agttgc	agttgc	0.0002129925453	0.0001405745066	2	1.32	0.38025	1.2e+03	-3.08
agttgg	agttgg	0.0003194888179	0.0003748653510	3	3.52	0.68289	2.2e+03	-3.34
agttgt	agttgt	0.0004259850905	0.0003748653510	4	3.52	0.46769	1.5e+03	-3.17
agttta	agttta	0.0006389776358	0.0008135098764	6	7.64	0.77351	2.5e+03	-3.39
agtttc	agtttc	0.0004259850905	0.0006286212681	4	5.90	0.83999	2.7e+03	-3.43
agtttg	agtttg	0.0005324813632	0.0004067549382	5	3.82	0.33593	1.1e+03	-3.03
agtttt	agtttt	0.0010649627263	0.0008135098764	10	7.64	0.23963	7.7e+02	-2.88
ataaaa	ataaaa	0.0013844515442	0.0014148732811	13	13.29	0.56803	1.8e+03	-3.26
ataaac	ataaac	0.0006389776358	0.0005933339566	6	5.57	0.48331	1.5e+03	-3.19
ataaag	ataaag	0.0006389776358	0.0009128214717	6	8.57	0.85581	2.7e+03	-3.44
ataaat	ataaat	0.0010649627263	0.0008671803981	10	8.14	0.30120	9.6e+02	-2.98
ataaca	ataaca	0.0008519701810	0.0007636530849	8	7.17	0.42671	1.4e+03	-3.13
ataacc	ataacc	0.0002129925453	0.0002181865957	2	2.05	0.60706	1.9e+03	-3.29
ataacg	ataacg	0.0003194888179	0.0001454577305	3	1.37	0.15830	5.1e+02	-2.70
ataact	ataact	0.0001064962726	0.0003272798935	1	3.07	0.95375	3.0e+03	-3.48
ataaga	ataaga	0.0008519701810	0.0009197367859	8	8.64	0.63193	2.0e+03	-3.31
ataagc	ataagc	0.0006389776358	0.0003219078751	6	3.02	0.08619	2.8e+02	-2.44
ataagg	ataagg	0.0002129925453	0.0002759210358	2	2.59	0.73090	2.3e+03	-3.37
ataagt	ataagt	0.0003194888179	0.0005058552322	3	4.75	0.85272	2.7e+03	-3.44
ataata	ataata	0.0013844515442	0.0010524294615	13	9.88	0.19732	6.3e+02	-2.80
ataatc	ataatc	0.0005324813632	0.0005262147307	5	4.94	0.54917	1.8e+03	-3.24
ataatg	ataatg	0.0002129925453	0.0003946610481	2	3.71	0.88438	2.8e+03	-3.45
ataatt	ataatt	0.0008519701810	0.0010085782339	8	9.47	0.72840	2.3e+03	-3.37
atacaa	atacaa	0.0006389776358	0.0007437804584	6	6.98	0.69735	2.2e+03	-3.35
atacac	atacac	0.0004259850905	0.0003718902292	4	3.49	0.46167	1.5e+03	-3.17
atacag	atacag	0.0004259850905	0.0003347012063	4	3.14	0.38474	1.2e+03	-3.09
atacat	atacat	0.0007454739084	0.0008181585043	7	7.68	0.64642	2.1e+03	-3.32
atacca	atacca	0.0004259850905	0.0003565295458	4	3.35	0.43021	1.4e+03	-3.14
ataccc	ataccc	0.0002129925453	0.0001296471076	2	1.22	0.34365	1.1e+03	-3.04
ataccg	ataccg	0.0001064962726	0.0000648235538	1	0.61	0.45595	1.5e+03	-3.16
atacga	atacga	0.0002129925453	0.0002350252985	2	2.21	0.64714	2.1e+03	-3.32
atacgg	atacgg	0.0001064962726	0.0001468908115	1	1.38	0.74827	2.4e+03	-3.38
atacgt	atacgt	0.0005324813632	0.0003819161100	5	3.59	0.29091	9.3e+02	-2.97
atacta	atacta	0.0006389776358	0.0004160767638	6	3.91	0.20047	6.4e+02	-2.81
atactc	atactc	0.0001064962726	0.0002377581508	1	2.23	0.89277	2.9e+03	-3.46
atactg	atactg	0.0003194888179	0.0002377581508	3	2.23	0.38601	1.2e+03	-3.09
atactt	atactt	0.0002129925453	0.0003566372262	2	3.35	0.84729	2.7e+03	-3.43
atagaa	atagaa	0.0006389776358	0.0006896873342	6	6.48	0.62756	2.0e+03	-3.30
atagac	atagac	0.0003194888179	0.0002155272919	3	2.02	0.32977	1.1e+03	-3.02
atagag	atagag	0.0003194888179	0.0003448436671	3	3.24	0.62803	2.0e+03	-3.30
atagat	atagat	0.0005324813632	0.0005603709590	5	5.26	0.60426	1.9e+03	-3.29
atagca	atagca	0.0001064962726	0.0003514362666	1	3.30	0.96314	3.1e+03	-3.49
atagcc	atagcc	0.0002129925453	0.0001952423703	2	1.83	0.54703	1.7e+03	-3.24
atagcg	atagcg	0.0004259850905	0.0002733393185	4	2.57	0.25675	8.2e+02	-2.91
atagct	atagct	0.0004259850905	0.0003514362666	4	3.30	0.41967	1.3e+03	-3.13
atagga	atagga	0.0001064962726	0.0001141026840	1	1.07	0.65750	2.1e+03	-3.32
ataggg	ataggg	0.0001064962726	0.0000380342280	1	0.36	0.30033	9.6e+02	-2.98
ataggt	ataggt	0.0003194888179	0.0003042738239	3	2.86	0.54408	1.7e+03	-3.24
atagta	atagta	0.0005324813632	0.0004219646426	5	3.96	0.36379	1.2e+03	-3.07
atagtc	atagtc	0.0003194888179	0.0003938336664	3	3.70	0.71430	2.3e+03	-3.36
atagtg	atagtg	0.0002129925453	0.0001406548809	2	1.32	0.38052	1.2e+03	-3.09
atagtt	atagtt	0.0004259850905	0.0005344885473	4	5.02	0.73768	2.4e+03	-3.37
atataa	atataa	0.0014909478168	0.0023951122864	14	22.49	0.97795	3.1e+03	-3.50
atatac	atatac	0.0015974440895	0.0015535863479	15	14.59	0.49170	1.6e+03	-3.20
atatag	atatag	0.0004259850905	0.0005178621160	4	4.86	0.71524	2.3e+03	-3.36
atatat	atatat	0.0063897763578	0.0054375522177	60	51.06	0.11965	3.8e+02	-2.58
atatca	atatca	0.0005324813632	0.0004922474307	5	4.62	0.49095	1.6e+03	-3.20
atatcc	atatcc	0.0002129925453	0.0002153582509	2	2.02	0.60000	1.9e+03	-3.28
atatcg	atatcg	0.0002129925453	0.0002153582509	2	2.02	0.60000	1.9e+03	-3.28
atatct	atatct	0.0004259850905	0.0004614819663	4	4.33	0.62886	2.0e+03	-3.30
atatga	atatga	0.0005324813632	0.0005058552322	5	4.75	0.51463	1.6e+03	-3.22
atatgc	atatgc	0.0004259850905	0.0005564407555	4	5.22	0.76523	2.4e+03	-3.39
atatgg	atatgg	0.0003194888179	0.0002529276161	3	2.37	0.42376	1.4e+03	-3.13
atatgt	atatgt	0.0007454739084	0.0007081973251	7	6.65	0.49698	1.6e+03	-3.20
atatta	atatta	0.0007454739084	0.0008803655972	7	8.27	0.71821	2.3e+03	-3.36
atattc	atattc	0.0004259850905	0.0004035008987	4	3.79	0.52427	1.7e+03	-3.22
atattg	atattg	0.0005324813632	0.0004401827986	5	4.13	0.39720	1.3e+03	-3.10
atattt	atattt	0.0015974440895	0.0015406397950	15	14.47	0.47893	1.5e+03	-3.19
atcaaa	atcaaa	0.0005324813632	0.0005149948005	5	4.84	0.53028	1.7e+03	-3.23
atcaac	atcaac	0.0002129925453	0.0002288865780	2	2.15	0.63292	2.0e+03	-3.31
atcaag	atcaag	0.0001064962726	0.0001907388150	1	1.79	0.83324	2.7e+03	-3.43
atcaat	atcaat	0.0004259850905	0.0003433298670	4	3.22	0.40280	1.3e+03	-3.11
atcaca	atcaca	0.0002129925453	0.0002839889023	2	2.67	0.74527	2.4e+03	-3.38
atcacc	atcacc	0.0003194888179	0.0002839889023	3	2.67	0.49820	1.6e+03	-3.20
atcacg	atcacg	0.0005324813632	0.0004969805790	5	4.67	0.49924	1.6e+03	-3.20
atcact	atcact	0.0003194888179	0.0003194875151	3	3.00	0.57684	1.8e+03	-3.27
atcagc	atcagc	0.0003194888179	0.0001468908115	3	1.38	0.16151	5.2e+02	-2.71
atcagt	atcagt	0.0002129925453	0.0001468908115	2	1.38	0.40101	1.3e+03	-3.11
atcata	atcata	0.0005324813632	0.0005093279226	5	4.78	0.52060	1.7e+03	-3.22
atcatc	atcatc	0.0007454739084	0.0006111935071	7	5.74	0.35186	1.1e+03	-3.05
atcatt	atcatt	0.0010649627263	0.0008488798710	10	7.97	0.27973	8.9e+02	-2.95
atccaa	atccaa	0.0002129925453	0.0003710177595	2	3.48	0.86244	2.8e+03	-3.44
atccac	atccac	0.0003194888179	0.0002164270264	3	2.03	0.33205	1.1e+03	-3.03
atccat	atccat	0.0004259850905	0.0002782633196	4	2.61	0.26679	8.5e+02	-2.93
atccca	atccca	0.0002129925453	0.0001363146731	2	1.28	0.36608	1.2e+03	-3.07
atccct	atccct	0.0002129925453	0.0001192753390	2	1.12	0.30829	9.9e+02	-2.99
atccgt	atccgt	0.0001064962726	0.0000456410736	1	0.43	0.34857	1.1e+03	-3.05
atccta	atccta	0.0002129925453	0.0001409503743	2	1.32	0.38150	1.2e+03	-3.09
atcctc	atcctc	0.0002129925453	0.0003382808983	2	3.18	0.82575	2.6e+03	-3.42
atcctg	atcctg	0.0001064962726	0.0001691404492	1	1.59	0.79574	2.5e+03	-3.41
atcctt	atcctt	0.0004259850905	0.0003100908235	4	2.91	0.33300	1.1e+03	-3.03
atcgaa	atcgaa	0.0003194888179	0.0001296471076	3	1.22	0.12429	4.0e+02	-2.60
atcgag	atcgag	0.0001064962726	0.0001666891383	1	1.57	0.79098	2.5e+03	-3.40
atcgca	atcgca	0.0003194888179	0.0002222521844	3	2.09	0.34685	1.1e+03	-3.04
atcgct	atcgct	0.0003194888179	0.0002778152305	3	2.61	0.48377	1.5e+03	-3.19
atcggc	atcggc	0.0001064962726	0.0000968143985	1	0.91	0.59713	1.9e+03	-3.28
atcggg	atcggg	0.0002129925453	0.0000968143985	2	0.91	0.23084	7.4e+02	-2.87
atcggt	atcggt	0.0002129925453	0.0001452215978	2	1.36	0.39556	1.3e+03	-3.10
atcgta	atcgta	0.0001064962726	0.0000851966707	1	0.80	0.55068	1.8e+03	-3.25
atcgtc	atcgtc	0.0001064962726	0.0002129916767	1	2.00	0.86469	2.8e+03	-3.44
atcgtt	atcgtt	0.0005324813632	0.0003407866828	5	3.20	0.21936	7.0e+02	-2.85
atctaa	atctaa	0.0003194888179	0.0004337285053	3	4.07	0.77242	2.5e+03	-3.39
atctac	atctac	0.0001064962726	0.0002168642527	1	2.04	0.86953	2.8e+03	-3.44
atctag	atctag	0.0003194888179	0.0002788254677	3	2.62	0.48614	1.6e+03	-3.19
atctat	atctat	0.0009584664537	0.0007745151881	9	7.27	0.30705	9.8e+02	-2.99
atctcc	atctcc	0.0002129925453	0.0001250168537	2	1.17	0.32793	1.0e+03	-3.02
atctcg	atctcg	0.0001064962726	0.0001111260922	1	1.04	0.64779	2.1e+03	-3.32
atctct	atctct	0.0003194888179	0.0003055967536	3	2.87	0.54699	1.7e+03	-3.24
atctga	atctga	0.0001064962726	0.0001966077016	1	1.85	0.84218	2.7e+03	-3.43
atctgc	atctgc	0.0002129925453	0.0001474557762	2	1.38	0.40285	1.3e+03	-3.11
atctgg	atctgg	0.0001064962726	0.0000737278881	1	0.69	0.49959	1.6e+03	-3.20
atctgt	atctgt	0.0002129925453	0.0002211836643	2	2.08	0.61444	2.0e+03	-3.29
atcttc	atcttc	0.0003194888179	0.0002928635555	3	2.75	0.51857	1.7e+03	-3.22
atcttg	atcttg	0.0005324813632	0.0004259833535	5	4.00	0.37116	1.2e+03	-3.07
atcttt	atcttt	0.0007454739084	0.0007188469090	7	6.75	0.51245	1.6e+03	-3.21
atgaaa	atgaaa	0.0005324813632	0.0006622104858	5	6.22	0.74318	2.4e+03	-3.38
atgaac	atgaac	0.0003194888179	0.0003678947144	3	3.45	0.67071	2.1e+03	-3.33
atgaag	atgaag	0.0005324813632	0.0004046841858	5	3.80	0.33215	1.1e+03	-3.03
atgaat	atgaat	0.0006389776358	0.0005886315430	6	5.53	0.47577	1.5e+03	-3.18
atgaca	atgaca	0.0003194888179	0.0004259833535	3	4.00	0.76196	2.4e+03	-3.39
atgact	atgact	0.0008519701810	0.0004614819663	8	4.33	0.07345	2.3e+02	-2.37
atgaga	atgaga	0.0001064962726	0.0000672605295	1	0.63	0.46826	1.5e+03	-3.18
atgagc	atgagc	0.0001064962726	0.0000672605295	1	0.63	0.46826	1.5e+03	-3.18
atgagt	atgagt	0.0002129925453	0.0002017815885	2	1.89	0.56478	1.8e+03	-3.26
atgata	atgata	0.0004259850905	0.0004237174846	4	3.98	0.56240	1.8e+03	-3.25
atgatc	atgatc	0.0003194888179	0.0002243210212	3	2.11	0.35209	1.1e+03	-3.05
atgatg	atgatg	0.0002129925453	0.0001744719054	2	1.64	0.48737	1.6e+03	-3.19
atgatt	atgatt	0.0002129925453	0.0003489438108	2	3.28	0.83858	2.7e+03	-3.43
atgcaa	atgcaa	0.0004259850905	0.0005065045971	4	4.76	0.69912	2.2e+03	-3.35
atgcac	atgcac	0.0006389776358	0.0005844283813	6	5.49	0.46901	1.5e+03	-3.18
atgcag	atgcag	0.0001064962726	0.0001558475683	1	1.46	0.76858	2.5e+03	-3.39
atgcat	atgcat	0.0004259850905	0.0003506570288	4	3.29	0.41805	1.3e+03	-3.13
atgcca	atgcca	0.0006389776358	0.0003549861279	6	3.33	0.12113	3.9e+02	-2.59
atgcga	atgcga	0.0002129925453	0.0001793614120	2	1.68	0.50185	1.6e+03	-3.21
atgcgc	atgcgc	0.0005324813632	0.0003587228240	5	3.37	0.24994	8.0e+02	-2.90
atgcgt	atgcgt	0.0001064962726	0.0002690421180	1	2.53	0.92007	2.9e+03	-3.47
atgcta	atgcta	0.0004259850905	0.0003286157298	4	3.09	0.37196	1.2e+03	-3.08
atgctc	atgctc	0.0002129925453	0.0002921028709	2	2.74	0.75905	2.4e+03	-3.39
atgctg	atgctg	0.0001064962726	0.0001095385766	1	1.03	0.64250	2.1e+03	-3.31
atgctt	atgctt	0.0005324813632	0.0005476928830	5	5.14	0.58426	1.9e+03	-3.27
atggaa	atggaa	0.0001064962726	0.0001966077016	1	1.85	0.84218	2.7e+03	-3.43
atggac	atggac	0.0001064962726	0.0000983038508	1	0.92	0.60272	1.9e+03	-3.28
atggag	atggag	0.0001064962726	0.0000327679503	1	0.31	0.26486	8.5e+02	-2.93
atggat	atggat	0.0001064962726	0.0000983038508	1	0.92	0.60272	1.9e+03	-3.28
atggca	atggca	0.0004259850905	0.0001916925091	4	1.80	0.10869	3.5e+02	-2.54
atggct	atggct	0.0001064962726	0.0001916925091	1	1.80	0.83473	2.7e+03	-3.43
atggga	atggga	0.0002129925453	0.0000998398485	2	0.94	0.24126	7.7e+02	-2.89
atgggg	atgggg	0.0001064962726	0.0001663997474	1	1.56	0.79041	2.5e+03	-3.40
atgggt	atgggt	0.0002129925453	0.0001331197980	2	1.25	0.35537	1.1e+03	-3.06
atggta	atggta	0.0003194888179	0.0001762689738	3	1.66	0.23098	7.4e+02	-2.87
atggtg	atggtg	0.0001064962726	0.0001762689738	1	1.66	0.80897	2.6e+03	-3.41
atggtt	atggtt	0.0002129925453	0.0002644034608	2	2.48	0.70918	2.3e+03	-3.36
atgtaa	atgtaa	0.0005324813632	0.0005348995518	5	5.02	0.56353	1.8e+03	-3.26
atgtac	atgtac	0.0003194888179	0.0004114611937	3	3.86	0.74128	2.4e+03	-3.37
atgtag	atgtag	0.0003194888179	0.0003703150743	3	3.48	0.67498	2.2e+03	-3.33
atgtat	atgtat	0.0006389776358	0.0004937534324	6	4.64	0.32050	1.0e+03	-3.01
atgtca	atgtca	0.0001064962726	0.0000573439130	1	0.54	0.41636	1.3e+03	-3.12
atgtcg	atgtcg	0.0001064962726	0.0000819198757	1	0.77	0.53664	1.7e+03	-3.23
atgtga	atgtga	0.0004259850905	0.0003058342025	4	2.87	0.32406	1.0e+03	-3.02
atgtgc	atgtgc	0.0001064962726	0.0001092265009	1	1.03	0.64145	2.1e+03	-3.31
atgtgg	atgtgg	0.0002129925453	0.0002402983020	2	2.26	0.65900	2.1e+03	-3.32
atgtgt	atgtgt	0.0001064962726	0.0001966077016	1	1.85	0.84218	2.7e+03	-3.43
atgtta	atgtta	0.0003194888179	0.0002684582592	3	2.52	0.46153	1.5e+03	-3.17
atgttc	atgttc	0.0001064962726	0.0002196476666	1	2.06	0.87289	2.8e+03	-3.45
atgttg	atgttg	0.0003194888179	0.0001708370740	3	1.60	0.21771	7.0e+02	-2.84
atgttt	atgttt	0.0004259850905	0.0005125112221	4	4.81	0.70773	2.3e+03	-3.35
attaaa	attaaa	0.0006389776358	0.0004708237065	6	4.42	0.28362	9.1e+02	-2.96
attaac	attaac	0.0004259850905	0.0002877255984	4	2.70	0.28628	9.2e+02	-2.96
attaag	attaag	0.0002129925453	0.0002615687258	2	2.46	0.70362	2.2e+03	-3.35
attaat	attaat	0.0002129925453	0.0004708237065	2	4.42	0.93487	3.0e+03	-3.48
attaca	attaca	0.0008519701810	0.0006059245976	8	5.69	0.21446	6.9e+02	-2.84
attacc	attacc	0.0003194888179	0.0002478782445	3	2.33	0.41127	1.3e+03	-3.12
attacg	attacg	0.0001064962726	0.0002203362173	1	2.07	0.87371	2.8e+03	-3.45
attact	attact	0.0003194888179	0.0005232985161	3	4.91	0.86796	2.8e+03	-3.44
attaga	attaga	0.0001064962726	0.0001558475683	1	1.46	0.76858	2.5e+03	-3.39
attagc	attagc	0.0001064962726	0.0000779237842	1	0.73	0.51893	1.7e+03	-3.22
attagt	attagt	0.0004259850905	0.0003272798935	4	3.07	0.36916	1.2e+03	-3.07
attata	attata	0.0005324813632	0.0005742140474	5	5.39	0.62545	2.0e+03	-3.30
attatc	attatc	0.0003194888179	0.0004101528910	3	3.85	0.73935	2.4e+03	-3.37
attatg	attatg	0.0003194888179	0.0001914046825	3	1.80	0.26865	8.6e+02	-2.93
attatt	attatt	0.0008519701810	0.0008476493081	8	7.96	0.54142	1.7e+03	-3.24
attcaa	attcaa	0.0005324813632	0.0003290244558	5	3.09	0.19997	6.4e+02	-2.81
attcac	attcac	0.0001064962726	0.0001859703446	1	1.75	0.82560	2.6e+03	-3.42
attcag	attcag	0.0001064962726	0.0001287487001	1	1.21	0.70151	2.2e+03	-3.35
attcat	attcat	0.0002129925453	0.0003147190447	2	2.96	0.79411	2.5e+03	-3.40
attcca	attcca	0.0004259850905	0.0002768891798	4	2.60	0.26398	8.4e+02	-2.93
attccc	attccc	0.0002129925453	0.0001490941737	2	1.40	0.40818	1.3e+03	-3.12
attccg	attccg	0.0001064962726	0.0001277950060	1	1.20	0.69883	2.2e+03	-3.35
attcct	attcct	0.0001064962726	0.0002981883474	1	2.80	0.93921	3.0e+03	-3.48
attcgt	attcgt	0.0001064962726	0.0000425983353	1	0.40	0.32968	1.1e+03	-3.02
attcta	attcta	0.0008519701810	0.0004315156048	8	4.05	0.05425	1.7e+02	-2.24
attctc	attctc	0.0002129925453	0.0003595963373	2	3.38	0.85053	2.7e+03	-3.43
attctg	attctg	0.0001064962726	0.0001618183518	1	1.52	0.78120	2.5e+03	-3.40
attctt	attctt	0.0002129925453	0.0004315156048	2	4.05	0.91220	2.9e+03	-3.46
attgaa	attgaa	0.0006389776358	0.0005808863911	6	5.45	0.46329	1.5e+03	-3.17
attgac	attgac	0.0004259850905	0.0003872575941	4	3.64	0.49251	1.6e+03	-3.20
attgag	attgag	0.0001064962726	0.0001549030376	1	1.45	0.76652	2.5e+03	-3.39
attgat	attgat	0.0005324813632	0.0005808863911	5	5.45	0.63542	2.0e+03	-3.31
attgca	attgca	0.0001064962726	0.0001290858647	1	1.21	0.70246	2.2e+03	-3.35
attgcc	attgcc	0.0002129925453	0.0001807202106	2	1.70	0.50583	1.6e+03	-3.21
attgct	attgct	0.0005324813632	0.0004130747670	5	3.88	0.34749	1.1e+03	-3.05
attgga	attgga	0.0003194888179	0.0002302612721	3	2.16	0.36713	1.2e+03	-3.07
attggg	attggg	0.0002129925453	0.0001151306361	2	1.08	0.29404	9.4e+02	-2.97
attggt	attggt	0.0003194888179	0.0002763135266	3	2.59	0.48023	1.5e+03	-3.19
attgta	attgta	0.0003194888179	0.0003341765963	3	3.14	0.60703	1.9e+03	-3.29
attgtc	attgtc	0.0003194888179	0.0003084707042	3	2.90	0.55327	1.8e+03	-3.25
attgtg	attgtg	0.0004259850905	0.0002827648122	4	2.66	0.27604	8.8e+02	-2.95
attgtt	attgtt	0.0004259850905	0.0005655296244	4	5.31	0.77595	2.5e+03	-3.39
atttaa	atttaa	0.0007454739084	0.0009062587030	7	8.51	0.74498	2.4e+03	-3.38
atttac	atttac	0.0008519701810	0.0007120604095	8	6.69	0.35463	1.1e+03	-3.05
atttag	atttag	0.0007454739084	0.0006473276450	7	6.08	0.40629	1.3e+03	-3.11
atttat	atttat	0.0009584664537	0.0010357242319	9	9.73	0.63554	2.0e+03	-3.31
atttca	atttca	0.0011714589989	0.0009318385857	11	8.75	0.26474	8.5e+02	-2.93
atttcc	atttcc	0.0004259850905	0.0005857271110	4	5.50	0.79838	2.6e+03	-3.41
atttcg	atttcg	0.0003194888179	0.0003461114747	3	3.25	0.63047	2.0e+03	-3.30
atttct	atttct	0.0009584664537	0.0010117104645	9	9.50	0.60827	1.9e+03	-3.29
atttga	atttga	0.0003194888179	0.0003435349625	3	3.23	0.62550	2.0e+03	-3.30
atttgc	atttgc	0.0006389776358	0.0004809489475	6	4.52	0.29980	9.6e+02	-2.98
atttgg	atttgg	0.0005324813632	0.0005496559400	5	5.16	0.58739	1.9e+03	-3.27
atttgt	atttgt	0.0006389776358	0.0007557769174	6	7.10	0.71158	2.3e+03	-3.36
atttta	atttta	0.0008519701810	0.0008817634700	8	8.28	0.58544	1.9e+03	-3.27
attttc	attttc	0.0011714589989	0.0012707767656	11	11.93	0.64579	2.1e+03	-3.31
attttg	attttg	0.0006389776358	0.0005964870532	6	5.60	0.48834	1.6e+03	-3.19
attttt	attttt	0.0023429179979	0.0022562771144	22	21.19	0.45849	1.5e+03	-3.17
caaaaa	caaaaa	0.0007454739084	0.0013771433270	7	12.93	0.97313	3.1e+03	-3.49
caaaac	caaaac	0.0004259850905	0.0002452447021	4	2.30	0.20121	6.4e+02	-2.81
caaaag	caaaag	0.0008519701810	0.0009432488541	8	8.86	0.65921	2.1e+03	-3.32
caaaat	caaaat	0.0011714589989	0.0006980041520	11	6.55	0.06984	2.2e+02	-2.35
caaaca	caaaca	0.0006389776358	0.0002493561093	6	2.34	0.03224	1.0e+02	-2.01
caaacc	caaacc	0.0001064962726	0.0001038983789	1	0.98	0.62306	2.0e+03	-3.30
caaact	caaact	0.0001064962726	0.0003740341640	1	3.51	0.97019	3.1e+03	-3.49
caaaga	caaaga	0.0003194888179	0.0004649173159	3	4.37	0.81079	2.6e+03	-3.41
caaagc	caaagc	0.0004259850905	0.0002885693685	4	2.71	0.28803	9.2e+02	-2.96
caaagg	caaagg	0.0002129925453	0.0003526958948	2	3.31	0.84288	2.7e+03	-3.43
caaagt	caaagt	0.0005324813632	0.0003847591580	5	3.61	0.29601	9.5e+02	-2.98
caaata	caaata	0.0006389776358	0.0008306675393	6	7.80	0.78986	2.5e+03	-3.40
caaatc	caaatc	0.0001064962726	0.0002342908444	1	2.20	0.88922	2.8e+03	-3.45
caaatg	caaatg	0.0005324813632	0.0004046841858	5	3.80	0.33215	1.1e+03	-3.03
caaatt	caaatt	0.0006389776358	0.0004472825211	6	4.20	0.24683	7.9e+02	-2.90
caacaa	caacaa	0.0002129925453	0.0003461114747	2	3.25	0.83526	2.7e+03	-3.43
caacac	caacac	0.0003194888179	0.0003213892265	3	3.02	0.58083	1.9e+03	-3.27
caacag	caacag	0.0003194888179	0.0003708337229	3	3.48	0.67589	2.2e+03	-3.33
caacat	caacat	0.0005324813632	0.0003461114747	5	3.25	0.22832	7.3e+02	-2.86
caacca	caacca	0.0005324813632	0.0004505593162	5	4.23	0.41616	1.3e+03	-3.12
caaccc	caaccc	0.0001064962726	0.0001228798135	1	1.15	0.68460	2.2e+03	-3.34
caacct	caacct	0.0004259850905	0.0004095993783	4	3.85	0.53594	1.7e+03	-3.23
caacga	caacga	0.0002129925453	0.0000851966707	2	0.80	0.19120	6.1e+02	-2.79
caacgc	caacgc	0.0001064962726	0.0001064958384	1	1.00	0.63214	2.0e+03	-3.31
caacgt	caacgt	0.0001064962726	0.0001490941737	1	1.40	0.75343	2.4e+03	-3.38
caacta	caacta	0.0002129925453	0.0004259833535	2	4.00	0.90847	2.9e+03	-3.46
caactc	caactc	0.0006389776358	0.0003932154032	6	3.69	0.16878	5.4e+02	-2.73
caactg	caactg	0.0004259850905	0.0003932154032	4	3.69	0.50427	1.6e+03	-3.21
caactt	caactt	0.0004259850905	0.0004915192540	4	4.62	0.67686	2.2e+03	-3.34
caagaa	caagaa	0.0006389776358	0.0005099800710	6	4.79	0.34701	1.1e+03	-3.05
caagag	caagag	0.0002129925453	0.0001949923801	2	1.83	0.54634	1.7e+03	-3.24
caagat	caagat	0.0002129925453	0.0002099917940	2	1.97	0.58634	1.9e+03	-3.27
caagca	caagca	0.0003194888179	0.0001774930639	3	1.67	0.23399	7.5e+02	-2.87
caagcc	caagcc	0.0001064962726	0.0000955731883	1	0.90	0.59240	1.9e+03	-3.28
caagcg	caagcg	0.0001064962726	0.0001228798135	1	1.15	0.68460	2.2e+03	-3.34
caaggc	caaggc	0.0002129925453	0.0001168856763	2	1.10	0.30008	9.6e+02	-2.98
caaggg	caaggg	0.0001064962726	0.0001298729736	1	1.22	0.70465	2.3e+03	-3.35
caaggt	caaggt	0.0002129925453	0.0001428602710	2	1.34	0.38780	1.2e+03	-3.09
caagta	caagta	0.0005324813632	0.0003363026475	5	3.16	0.21190	6.8e+02	-2.83
caagtc	caagtc	0.0001064962726	0.0001681513237	1	1.58	0.79383	2.5e+03	-3.40
caagtg	caagtg	0.0001064962726	0.0001494678433	1	1.40	0.75429	2.4e+03	-3.38
caagtt	caagtt	0.0003194888179	0.0004110365691	3	3.86	0.74066	2.4e+03	-3.37
caataa	caataa	0.0004259850905	0.0006179099193	4	5.80	0.83034	2.7e+03	-3.42
caatag	caatag	0.0003194888179	0.0002808681451	3	2.64	0.49093	1.6e+03	-3.20
caatat	caatat	0.0009584664537	0.0005991853763	9	5.63	0.11661	3.7e+02	-2.57
caatca	caatca	0.0001064962726	0.0002484902895	1	2.33	0.90306	2.9e+03	-3.46
caatcc	caatcc	0.0003194888179	0.0001774930639	3	1.67	0.23399	7.5e+02	-2.87
caatcg	caatcg	0.0001064962726	0.0000709972256	1	0.67	0.48659	1.6e+03	-3.19
caatct	caatct	0.0001064962726	0.0001419944512	1	1.33	0.73643	2.4e+03	-3.37
caatga	caatga	0.0006389776358	0.0003806659754	6	3.57	0.15234	4.9e+02	-2.69
caatgc	caatgc	0.0001064962726	0.0003262851218	1	3.06	0.95331	3.0e+03	-3.48
caatgg	caatgg	0.0002129925453	0.0001903329877	2	1.79	0.53337	1.7e+03	-3.23
caatgt	caatgt	0.0003194888179	0.0003806659754	3	3.57	0.69276	2.2e+03	-3.35
caatta	caatta	0.0001064962726	0.0001957220813	1	1.84	0.84087	2.7e+03	-3.43
caattc	caattc	0.0005324813632	0.0001957220813	5	1.84	0.03919	1.3e+02	-2.10
caattg	caattg	0.0005324813632	0.0004159094228	5	3.91	0.35268	1.1e+03	-3.05
caattt	caattt	0.0006389776358	0.0010030756668	6	9.42	0.90759	2.9e+03	-3.46
cacaaa	cacaaa	0.0001064962726	0.0003194875151	1	3.00	0.95024	3.0e+03	-3.48
cacaac	cacaac	0.0004259850905	0.0002662395959	4	2.50	0.24241	7.7e+02	-2.89
cacaag	cacaag	0.0001064962726	0.0001419944512	1	1.33	0.73643	2.4e+03	-3.37
cacaat	cacaat	0.0003194888179	0.0002307409831	3	2.17	0.36834	1.2e+03	-3.07
cacaca	cacaca	0.0012779552716	0.0010020290246	12	9.41	0.23830	7.6e+02	-2.88
cacacc	cacacc	0.0002129925453	0.0003049653553	2	2.86	0.77958	2.5e+03	-3.40
cacact	cacact	0.0004259850905	0.0005227977520	4	4.91	0.72205	2.3e+03	-3.36
cacaga	cacaga	0.0002129925453	0.0004647091129	2	4.36	0.93175	3.0e+03	-3.47
cacagc	cacagc	0.0004259850905	0.0003098060752	4	2.91	0.33240	1.1e+03	-3.03
cacagg	cacagg	0.0003194888179	0.0003485318347	3	3.27	0.63511	2.0e+03	-3.31
cacagt	cacagt	0.0007454739084	0.0005808863911	7	5.45	0.30681	9.8e+02	-2.99
cacata	cacata	0.0006389776358	0.0005864988200	6	5.51	0.47234	1.5e+03	-3.18
cacatc	cacatc	0.0005324813632	0.0003704203074	5	3.48	0.27044	8.6e+02	-2.94
cacatg	cacatg	0.0002129925453	0.0003086835895	2	2.90	0.78522	2.5e+03	-3.40
cacatt	cacatt	0.0007454739084	0.0008643140505	7	8.12	0.70069	2.2e+03	-3.35
caccaa	caccaa	0.0001064962726	0.0002129916767	1	2.00	0.86469	2.8e+03	-3.44
caccac	caccac	0.0003194888179	0.0002839889023	3	2.67	0.49820	1.6e+03	-3.20
caccag	caccag	0.0001064962726	0.0001656601930	1	1.56	0.78895	2.5e+03	-3.40
caccat	caccat	0.0002129925453	0.0001656601930	2	1.56	0.46061	1.5e+03	-3.17
caccca	caccca	0.0004259850905	0.0003727354343	4	3.50	0.46338	1.5e+03	-3.17
cacccc	cacccc	0.0001064962726	0.0001397757879	1	1.31	0.73088	2.3e+03	-3.37
cacccg	cacccg	0.0001064962726	0.0000931838586	1	0.87	0.58315	1.9e+03	-3.27
caccct	caccct	0.0001064962726	0.0001397757879	1	1.31	0.73088	2.3e+03	-3.37
caccgc	caccgc	0.0001064962726	0.0000709972256	1	0.67	0.48659	1.6e+03	-3.19
caccgt	caccgt	0.0002129925453	0.0001064958384	2	1.00	0.26424	8.4e+02	-2.93
caccta	caccta	0.0001064962726	0.0002208802574	1	2.07	0.87435	2.8e+03	-3.45
cacctc	cacctc	0.0003194888179	0.0001893259349	3	1.78	0.26343	8.4e+02	-2.93
cacctg	cacctg	0.0001064962726	0.0001262172899	1	1.19	0.69433	2.2e+03	-3.35
cacctt	cacctt	0.0003194888179	0.0003155432248	3	2.96	0.56849	1.8e+03	-3.26
cacgag	cacgag	0.0002129925453	0.0000798718788	2	0.75	0.17335	5.5e+02	-2.74
cacgca	cacgca	0.0002129925453	0.0001198078182	2	1.12	0.31011	9.9e+02	-3.00
cacgcc	cacgcc	0.0001064962726	0.0001996796969	1	1.87	0.84667	2.7e+03	-3.43
cacgcg	cacgcg	0.0001064962726	0.0001597437575	1	1.50	0.77690	2.5e+03	-3.40
cacgct	cacgct	0.0002129925453	0.0001597437575	2	1.50	0.44219	1.4e+03	-3.15
cacgga	cacgga	0.0003194888179	0.0002129916767	3	2.00	0.32332	1.0e+03	-3.01
cacggt	cacggt	0.0001064962726	0.0000912821472	1	0.86	0.57564	1.8e+03	-3.26
cacgtc	cacgtc	0.0001064962726	0.0002457596270	1	2.31	0.90054	2.9e+03	-3.46
cacgtg	cacgtg	0.0018104366347	0.0009338865826	17	8.77	0.00877	2.8e+01	-1.45
cactaa	cactaa	0.0004259850905	0.0003245587455	4	3.05	0.36343	1.2e+03	-3.07
cactac	cactac	0.0001064962726	0.0001825642943	1	1.71	0.81993	2.6e+03	-3.42
cactag	cactag	0.0001064962726	0.0001419944512	1	1.33	0.73643	2.4e+03	-3.37
cactat	cactat	0.0002129925453	0.0002028492159	2	1.90	0.56763	1.8e+03	-3.26
cactca	cactca	0.0002129925453	0.0002581717294	2	2.42	0.69684	2.2e+03	-3.35
cactcc	cactcc	0.0001064962726	0.0000806786654	1	0.76	0.53121	1.7e+03	-3.23
cactcg	cactcg	0.0001064962726	0.0000645429323	1	0.61	0.45451	1.5e+03	-3.16
cactct	cactct	0.0001064962726	0.0001290858647	1	1.21	0.70246	2.2e+03	-3.35
cactga	cactga	0.0001064962726	0.0001217095296	1	1.14	0.68111	2.2e+03	-3.34
cactgc	cactgc	0.0003194888179	0.0001947352473	3	1.83	0.27703	8.9e+02	-2.95
cactgg	cactgg	0.0001064962726	0.0000973676236	1	0.91	0.59921	1.9e+03	-3.28
cactgt	cactgt	0.0003194888179	0.0004381543064	3	4.11	0.77823	2.5e+03	-3.40
cactta	cactta	0.0002129925453	0.0003748653510	2	3.52	0.86626	2.8e+03	-3.44
cacttc	cacttc	0.0005324813632	0.0004430226876	5	4.16	0.40239	1.3e+03	-3.11
cacttg	cacttg	0.0002129925453	0.0003407866828	2	3.20	0.82885	2.6e+03	-3.42
cacttt	cacttt	0.0007454739084	0.0005452586924	7	5.12	0.25553	8.2e+02	-2.91
cagaaa	cagaaa	0.0003194888179	0.0004814195433	3	4.52	0.82879	2.6e+03	-3.42
cagaac	cagaac	0.0001064962726	0.0001458847101	1	1.37	0.74588	2.4e+03	-3.38
cagaag	cagaag	0.0004259850905	0.0002334155361	4	2.19	0.17901	5.7e+02	-2.76
cagaat	cagaat	0.0002129925453	0.0002042385941	2	1.92	0.57131	1.8e+03	-3.26
cagaca	cagaca	0.0002129925453	0.0001825642943	2	1.71	0.51120	1.6e+03	-3.21
cagacg	cagacg	0.0001064962726	0.0000405698432	1	0.38	0.31679	1.0e+03	-3.01
cagact	cagact	0.0001064962726	0.0001014246080	1	0.95	0.61420	2.0e+03	-3.29
cagaga	cagaga	0.0002129925453	0.0001597437575	2	1.50	0.44219	1.4e+03	-3.15
cagagc	cagagc	0.0001064962726	0.0000887465320	1	0.83	0.56542	1.8e+03	-3.26
cagagg	cagagg	0.0001064962726	0.0001419944512	1	1.33	0.73643	2.4e+03	-3.37
cagagt	cagagt	0.0001064962726	0.0001419944512	1	1.33	0.73643	2.4e+03	-3.37
cagata	cagata	0.0005324813632	0.0003822927531	5	3.59	0.29158	9.3e+02	-2.97
cagatg	cagatg	0.0001064962726	0.0002102610142	1	1.97	0.86118	2.8e+03	-3.44
cagatt	cagatt	0.0001064962726	0.0000955731883	1	0.90	0.59240	1.9e+03	-3.28
cagcaa	cagcaa	0.0004259850905	0.0002819007486	4	2.65	0.27426	8.8e+02	-2.94
cagcac	cagcac	0.0001064962726	0.0001503470659	1	1.41	0.75631	2.4e+03	-3.38
cagcat	cagcat	0.0001064962726	0.0001691404492	1	1.59	0.79574	2.5e+03	-3.41
cagcca	cagcca	0.0003194888179	0.0002839889023	3	2.67	0.49820	1.6e+03	-3.20
cagccg	cagccg	0.0001064962726	0.0000946629674	1	0.89	0.58890	1.9e+03	-3.27
cagcga	cagcga	0.0001064962726	0.0000532479192	1	0.50	0.39348	1.3e+03	-3.10
cagcgt	cagcgt	0.0001064962726	0.0000425983353	1	0.40	0.32968	1.1e+03	-3.02
cagcta	cagcta	0.0001064962726	0.0001855088797	1	1.74	0.82485	2.6e+03	-3.42
cagctc	cagctc	0.0002129925453	0.0002473451730	2	2.32	0.67435	2.2e+03	-3.33
cagctg	cagctg	0.0002129925453	0.0001855088797	2	1.74	0.51968	1.7e+03	-3.22
cagctt	cagctt	0.0004259850905	0.0003400996128	4	3.19	0.39605	1.3e+03	-3.10
caggaa	caggaa	0.0004259850905	0.0003407866828	4	3.20	0.39748	1.3e+03	-3.10
caggac	caggac	0.0001064962726	0.0001022360048	1	0.96	0.61712	2.0e+03	-3.30
caggag	caggag	0.0002129925453	0.0002385506779	2	2.24	0.65511	2.1e+03	-3.32
caggat	caggat	0.0001064962726	0.0001363146731	1	1.28	0.72199	2.3e+03	-3.36
cagggt	cagggt	0.0003194888179	0.0001127602994	3	1.06	0.09142	2.9e+02	-2.47
caggta	caggta	0.0001064962726	0.0002537106738	1	2.38	0.90769	2.9e+03	-3.46
caggtg	caggtg	0.0003194888179	0.0002819007486	3	2.65	0.49334	1.6e+03	-3.20
caggtt	caggtt	0.0005324813632	0.0002819007486	5	2.65	0.12929	4.1e+02	-2.62
cagtaa	cagtaa	0.0001064962726	0.0001996796969	1	1.87	0.84667	2.7e+03	-3.43
cagtac	cagtac	0.0002129925453	0.0001597437575	2	1.50	0.44219	1.4e+03	-3.15
cagtag	cagtag	0.0002129925453	0.0000931838586	2	0.87	0.21838	7.0e+02	-2.84
cagtat	cagtat	0.0001064962726	0.0001863677171	1	1.75	0.82625	2.6e+03	-3.42
cagtca	cagtca	0.0004259850905	0.0004432529489	4	4.16	0.59760	1.9e+03	-3.28
cagtcc	cagtcc	0.0001064962726	0.0000604435839	1	0.57	0.43311	1.4e+03	-3.14
cagtcg	cagtcg	0.0001064962726	0.0001007393066	1	0.95	0.61170	2.0e+03	-3.29
cagtct	cagtct	0.0001064962726	0.0001410350292	1	1.32	0.73404	2.3e+03	-3.37
cagtga	cagtga	0.0002129925453	0.0001161772782	2	1.09	0.29764	9.5e+02	-2.98
cagtgg	cagtgg	0.0001064962726	0.0000871329587	1	0.82	0.55878	1.8e+03	-3.25
cagtta	cagtta	0.0003194888179	0.0005058552322	3	4.75	0.85272	2.7e+03	-3.44
cagttc	cagttc	0.0003194888179	0.0003793914242	3	3.56	0.69061	2.2e+03	-3.34
cagttg	cagttg	0.0005324813632	0.0003477754722	5	3.27	0.23114	7.4e+02	-2.87
cagttt	cagttt	0.0008519701810	0.0007903988004	8	7.42	0.46391	1.5e+03	-3.17
cataaa	cataaa	0.0006389776358	0.0006323876587	6	5.94	0.54438	1.7e+03	-3.24
cataac	cataac	0.0003194888179	0.0002459285340	3	2.31	0.40643	1.3e+03	-3.11
cataag	cataag	0.0001064962726	0.0003337601532	1	3.13	0.95648	3.1e+03	-3.49
cataat	cataat	0.0006389776358	0.0004918570679	6	4.62	0.31743	1.0e+03	-3.01
cataca	cataca	0.0006389776358	0.0004303301224	6	4.04	0.22125	7.1e+02	-2.85
catacg	catacg	0.0001064962726	0.0001564836809	1	1.47	0.76996	2.5e+03	-3.39
catact	catact	0.0002129925453	0.0002347255213	2	2.20	0.64646	2.1e+03	-3.32
cataga	cataga	0.0005324813632	0.0004622372559	5	4.34	0.43738	1.4e+03	-3.15
catagc	catagc	0.0004259850905	0.0002990946950	4	2.81	0.30995	9.9e+02	-3.00
catagt	catagt	0.0003194888179	0.0003806659754	3	3.57	0.69276	2.2e+03	-3.35
catata	catata	0.0006389776358	0.0009523185546	6	8.94	0.88088	2.8e+03	-3.45
catatc	catatc	0.0002129925453	0.0001331197980	2	1.25	0.35537	1.1e+03	-3.06
catatg	catatg	0.0002129925453	0.0001945597047	2	1.83	0.54515	1.7e+03	-3.24
catatt	catatt	0.0005324813632	0.0003174395182	5	2.98	0.18149	5.8e+02	-2.76
catcaa	catcaa	0.0002129925453	0.0004177913659	2	3.92	0.90267	2.9e+03	-3.46
catcac	catcac	0.0006389776358	0.0004526073131	6	4.25	0.25503	8.2e+02	-2.91
catcag	catcag	0.0003194888179	0.0001740797358	3	1.63	0.22561	7.2e+02	-2.86
catcat	catcat	0.0006389776358	0.0007659508375	6	7.19	0.72327	2.3e+03	-3.36
catcca	catcca	0.0001064962726	0.0001666891383	1	1.57	0.79098	2.5e+03	-3.40
catccc	catccc	0.0001064962726	0.0000740840615	1	0.70	0.50126	1.6e+03	-3.20
catcct	catcct	0.0002129925453	0.0001666891383	2	1.57	0.46377	1.5e+03	-3.17
catcga	catcga	0.0001064962726	0.0001549030376	1	1.45	0.76652	2.5e+03	-3.39
catcgc	catcgc	0.0003194888179	0.0002323545564	3	2.18	0.37241	1.2e+03	-3.08
catcgg	catcgg	0.0001064962726	0.0001936287970	1	1.82	0.83771	2.7e+03	-3.43
catcgt	catcgt	0.0003194888179	0.0002710803158	3	2.55	0.46781	1.5e+03	-3.17
catcta	catcta	0.0006389776358	0.0006340217354	6	5.95	0.54687	1.7e+03	-3.24
catctc	catctc	0.0002129925453	0.0002377581508	2	2.23	0.65333	2.1e+03	-3.32
catctg	catctg	0.0002129925453	0.0002377581508	2	2.23	0.65333	2.1e+03	-3.32
catctt	catctt	0.0006389776358	0.0005943953769	6	5.58	0.48500	1.6e+03	-3.19
catgaa	catgaa	0.0007454739084	0.0005395789144	7	5.07	0.24759	7.9e+02	-2.90
catgac	catgac	0.0002129925453	0.0003123877925	2	2.93	0.79072	2.5e+03	-3.40
catgag	catgag	0.0001064962726	0.0001135955609	1	1.07	0.65587	2.1e+03	-3.32
catgat	catgat	0.0002129925453	0.0003123877925	2	2.93	0.79072	2.5e+03	-3.40
catgca	catgca	0.0005324813632	0.0003506570288	5	3.29	0.23605	7.5e+02	-2.88
catgcc	catgcc	0.0001064962726	0.0001402628115	1	1.32	0.73211	2.3e+03	-3.37
catgcg	catgcg	0.0001064962726	0.0001870170820	1	1.76	0.82731	2.6e+03	-3.42
catgct	catgct	0.0002129925453	0.0002805256230	2	2.63	0.73918	2.4e+03	-3.37
catggc	catggc	0.0001064962726	0.0000798718788	1	0.75	0.52765	1.7e+03	-3.23
catggg	catggg	0.0001064962726	0.0000798718788	1	0.75	0.52765	1.7e+03	-3.23
catggt	catggt	0.0001064962726	0.0000958462545	1	0.90	0.59345	1.9e+03	-3.28
catgta	catgta	0.0003194888179	0.0002858572503	3	2.68	0.50252	1.6e+03	-3.21
catgtc	catgtc	0.0001064962726	0.0000336302647	1	0.32	0.27079	8.7e+02	-2.94
catgtt	catgtt	0.0002129925453	0.0001849664561	2	1.74	0.51813	1.7e+03	-3.22
cattaa	cattaa	0.0004259850905	0.0004693705469	4	4.41	0.64190	2.1e+03	-3.31
cattac	cattac	0.0005324813632	0.0005028970145	5	4.72	0.50952	1.6e+03	-3.21
cattag	cattag	0.0003194888179	0.0002011588058	3	1.89	0.29328	9.4e+02	-2.97
cattat	cattat	0.0005324813632	0.0006370028850	5	5.98	0.71254	2.3e+03	-3.36
cattca	cattca	0.0003194888179	0.0003091814662	3	2.90	0.55481	1.8e+03	-3.25
cattcc	cattcc	0.0004259850905	0.0002748279700	4	2.58	0.25978	8.3e+02	-2.92
cattct	cattct	0.0003194888179	0.0004465954512	3	4.19	0.78897	2.5e+03	-3.40
cattga	cattga	0.0006389776358	0.0003704203074	6	3.48	0.13949	4.5e+02	-2.65
cattgc	cattgc	0.0002129925453	0.0001852101537	2	1.74	0.51883	1.7e+03	-3.22
cattgg	cattgg	0.0001064962726	0.0001852101537	1	1.74	0.82435	2.6e+03	-3.42
cattgt	cattgt	0.0001064962726	0.0003241177689	1	3.04	0.95235	3.0e+03	-3.48
cattta	cattta	0.0009584664537	0.0007659180695	9	7.19	0.29622	9.5e+02	-2.98
catttc	catttc	0.0005324813632	0.0006670899315	5	6.26	0.74882	2.4e+03	-3.38
catttg	catttg	0.0005324813632	0.0004941406900	5	4.64	0.49427	1.6e+03	-3.20
catttt	catttt	0.0010649627263	0.0011612306215	10	10.90	0.64910	2.1e+03	-3.32
ccaaaa	ccaaaa	0.0003194888179	0.0002789890977	3	2.62	0.48653	1.6e+03	-3.19
ccaaac	ccaaac	0.0001064962726	0.0000719971865	1	0.68	0.49139	1.6e+03	-3.20
ccaaag	ccaaag	0.0001064962726	0.0001259950764	1	1.18	0.69369	2.2e+03	-3.35
ccaaat	ccaaat	0.0001064962726	0.0001619936696	1	1.52	0.78156	2.5e+03	-3.40
ccaaca	ccaaca	0.0004259850905	0.0002897677463	4	2.72	0.29052	9.3e+02	-2.97
ccaacg	ccaacg	0.0003194888179	0.0000891593065	3	0.84	0.05291	1.7e+02	-2.23
ccaact	ccaact	0.0002129925453	0.0003566372262	2	3.35	0.84729	2.7e+03	-3.43
ccaaga	ccaaga	0.0005324813632	0.0002839889023	5	2.67	0.13214	4.2e+02	-2.63
ccaagc	ccaagc	0.0001064962726	0.0001419944512	1	1.33	0.73643	2.4e+03	-3.37
ccaagt	ccaagt	0.0002129925453	0.0002839889023	2	2.67	0.74527	2.4e+03	-3.38
ccaata	ccaata	0.0005324813632	0.0004500956188	5	4.23	0.41531	1.3e+03	-3.12
ccaatc	ccaatc	0.0001064962726	0.0001687858570	1	1.58	0.79506	2.5e+03	-3.41
ccaatg	ccaatg	0.0003194888179	0.0003375717141	3	3.17	0.61380	2.0e+03	-3.29
ccaatt	ccaatt	0.0005324813632	0.0004782265949	5	4.49	0.46612	1.5e+03	-3.17
ccacaa	ccacaa	0.0003194888179	0.0003347012063	3	3.14	0.60808	1.9e+03	-3.29
ccacac	ccacac	0.0003194888179	0.0006694024126	3	6.29	0.94968	3.0e+03	-3.48
ccacag	ccacag	0.0011714589989	0.0005950243667	11	5.59	0.02779	8.9e+01	-1.95
ccacat	ccacat	0.0005324813632	0.0007437804584	5	6.98	0.82565	2.6e+03	-3.42
ccacca	ccacca	0.0003194888179	0.0002293756519	3	2.15	0.36489	1.2e+03	-3.07
ccaccc	ccaccc	0.0002129925453	0.0002007036954	2	1.88	0.56189	1.8e+03	-3.25
ccacct	ccacct	0.0002129925453	0.0002293756519	2	2.15	0.63407	2.0e+03	-3.31
ccacga	ccacga	0.0001064962726	0.0000283988902	1	0.27	0.23407	7.5e+02	-2.87
ccacgc	ccacgc	0.0001064962726	0.0000851966707	1	0.80	0.55068	1.8e+03	-3.25
ccacgg	ccacgg	0.0001064962726	0.0000567977805	1	0.53	0.41336	1.3e+03	-3.12
ccacgt	ccacgt	0.0001064962726	0.0002555900121	1	2.40	0.90931	2.9e+03	-3.46
ccacta	ccacta	0.0003194888179	0.0001151306361	3	1.08	0.09579	3.1e+02	-2.49
ccactg	ccactg	0.0001064962726	0.0001151306361	1	1.08	0.66079	2.1e+03	-3.32
ccactt	ccactt	0.0001064962726	0.0002302612721	1	2.16	0.88495	2.8e+03	-3.45
ccagaa	ccagaa	0.0003194888179	0.0002047996892	3	1.92	0.30251	9.7e+02	-2.99
ccagac	ccagac	0.0001064962726	0.0000819198757	1	0.77	0.53664	1.7e+03	-3.23
ccagat	ccagat	0.0001064962726	0.0001433597824	1	1.35	0.73978	2.4e+03	-3.37
ccagca	ccagca	0.0001064962726	0.0000608547648	1	0.57	0.43529	1.4e+03	-3.14
ccagct	ccagct	0.0001064962726	0.0000912821472	1	0.86	0.57564	1.8e+03	-3.26
ccagga	ccagga	0.0002129925453	0.0001703933414	2	1.60	0.47508	1.5e+03	-3.18
ccaggg	ccaggg	0.0001064962726	0.0000638975030	1	0.60	0.45120	1.4e+03	-3.16
ccaggt	ccaggt	0.0001064962726	0.0001916925091	1	1.80	0.83473	2.7e+03	-3.43
ccagta	ccagta	0.0001064962726	0.0000730257177	1	0.69	0.49628	1.6e+03	-3.20
ccagtc	ccagtc	0.0001064962726	0.0000851966707	1	0.80	0.55068	1.8e+03	-3.25
ccagtg	ccagtg	0.0001064962726	0.0000365128589	1	0.34	0.29026	9.3e+02	-2.97
ccagtt	ccagtt	0.0001064962726	0.0002312481062	1	2.17	0.88601	2.8e+03	-3.45
ccataa	ccataa	0.0004259850905	0.0003604474529	4	3.38	0.43829	1.4e+03	-3.15
ccatac	ccatac	0.0002129925453	0.0002027516923	2	1.90	0.56737	1.8e+03	-3.26
ccatag	ccatag	0.0005324813632	0.0002703355897	5	2.54	0.11399	3.6e+02	-2.56
ccatca	ccatca	0.0002129925453	0.0003620858504	2	3.40	0.85321	2.7e+03	-3.44
ccatcc	ccatcc	0.0003194888179	0.0000851966707	3	0.80	0.04741	1.5e+02	-2.18
ccatct	ccatct	0.0004259850905	0.0003407866828	4	3.20	0.39748	1.3e+03	-3.10
ccatgc	ccatgc	0.0004259850905	0.0001597437575	4	1.50	0.06563	2.1e+02	-2.32
ccatgg	ccatgg	0.0001064962726	0.0000532479192	1	0.50	0.39348	1.3e+03	-3.10
ccatta	ccatta	0.0002129925453	0.0001920152237	2	1.80	0.53808	1.7e+03	-3.24
ccattc	ccattc	0.0002129925453	0.0001129501316	2	1.06	0.28652	9.2e+02	-2.96
ccattt	ccattt	0.0003194888179	0.0003275553816	3	3.08	0.59360	1.9e+03	-3.28
cccaaa	cccaaa	0.0001064962726	0.0001513361914	1	1.42	0.75856	2.4e+03	-3.38
cccaac	cccaac	0.0001064962726	0.0002270042870	1	2.13	0.88138	2.8e+03	-3.45
cccaag	cccaag	0.0001064962726	0.0002017815885	1	1.89	0.84967	2.7e+03	-3.43
cccaat	cccaat	0.0006389776358	0.0003531177798	6	3.32	0.11899	3.8e+02	-2.58
cccaca	cccaca	0.0004259850905	0.0003082774268	4	2.89	0.32919	1.1e+03	-3.02
cccacg	cccacg	0.0001064962726	0.0000560504412	1	0.53	0.40923	1.3e+03	-3.12
cccagt	cccagt	0.0001064962726	0.0000283988902	1	0.27	0.23407	7.5e+02	-2.87
cccata	cccata	0.0003194888179	0.0002562556111	3	2.41	0.43193	1.4e+03	-3.14
cccatc	cccatc	0.0003194888179	0.0002096636818	3	1.97	0.31486	1.0e+03	-3.00
cccatg	cccatg	0.0001064962726	0.0001164798232	1	1.09	0.66506	2.1e+03	-3.33
ccccac	ccccac	0.0002129925453	0.0000968143985	2	0.91	0.23084	7.4e+02	-2.87
ccccat	ccccat	0.0002129925453	0.0001355401579	2	1.27	0.36349	1.2e+03	-3.07
ccccca	ccccca	0.0001064962726	0.0000532479192	1	0.50	0.39348	1.3e+03	-3.10
ccccgc	ccccgc	0.0001064962726	0.0000608547648	1	0.57	0.43529	1.4e+03	-3.14
ccccgt	ccccgt	0.0001064962726	0.0000456410736	1	0.43	0.34857	1.1e+03	-3.05
cccctt	cccctt	0.0001064962726	0.0000245759627	1	0.23	0.20608	6.6e+02	-2.82
cccgac	cccgac	0.0002129925453	0.0000532479192	2	0.50	0.09020	2.9e+02	-2.46
cccgca	cccgca	0.0001064962726	0.0001419944512	1	1.33	0.73643	2.4e+03	-3.37
cccgcc	cccgcc	0.0001064962726	0.0000473314837	1	0.44	0.35883	1.1e+03	-3.06
cccgct	cccgct	0.0002129925453	0.0002366574186	2	2.22	0.65085	2.1e+03	-3.32
cccggc	cccggc	0.0002129925453	0.0000819198757	2	0.77	0.18019	5.8e+02	-2.76
cccggt	cccggt	0.0003194888179	0.0002457596270	3	2.31	0.40601	1.3e+03	-3.11
cccgtc	cccgtc	0.0001064962726	0.0000887465320	1	0.83	0.56542	1.8e+03	-3.26
cccgtg	cccgtg	0.0001064962726	0.0000709972256	1	0.67	0.48659	1.6e+03	-3.19
cccgtt	cccgtt	0.0001064962726	0.0000887465320	1	0.83	0.56542	1.8e+03	-3.26
ccctaa	ccctaa	0.0001064962726	0.0000599039091	1	0.56	0.43023	1.4e+03	-3.14
ccctat	ccctat	0.0002129925453	0.0001397757879	2	1.31	0.37760	1.2e+03	-3.08
ccctca	ccctca	0.0001064962726	0.0001720317389	1	1.62	0.80121	2.6e+03	-3.41
ccctcc	ccctcc	0.0002129925453	0.0001228798135	2	1.15	0.32063	1.0e+03	-3.01
ccctcg	ccctcg	0.0002129925453	0.0001228798135	2	1.15	0.32063	1.0e+03	-3.01
ccctct	ccctct	0.0001064962726	0.0002211836643	1	2.08	0.87471	2.8e+03	-3.45
ccctgt	ccctgt	0.0001064962726	0.0000409599378	1	0.38	0.31929	1.0e+03	-3.01
ccctta	ccctta	0.0002129925453	0.0000618362932	2	0.58	0.11557	3.7e+02	-2.57
cccttg	cccttg	0.0001064962726	0.0000721423421	1	0.68	0.49208	1.6e+03	-3.20
ccgaac	ccgaac	0.0001064962726	0.0000665598990	1	0.62	0.46475	1.5e+03	-3.17
ccgaag	ccgaag	0.0001064962726	0.0000399359394	1	0.37	0.31271	1.0e+03	-3.00
ccgact	ccgact	0.0002129925453	0.0001161772782	2	1.09	0.29764	9.5e+02	-2.98
ccgagt	ccgagt	0.0002129925453	0.0000448403530	2	0.42	0.06728	2.2e+02	-2.33
ccgata	ccgata	0.0001064962726	0.0001198078182	1	1.12	0.67537	2.2e+03	-3.33
ccgatg	ccgatg	0.0001064962726	0.0000399359394	1	0.37	0.31271	1.0e+03	-3.00
ccgcac	ccgcac	0.0001064962726	0.0001008907942	1	0.95	0.61226	2.0e+03	-3.29
ccgcag	ccgcag	0.0001064962726	0.0000504453971	1	0.47	0.37730	1.2e+03	-3.08
ccgcat	ccgcat	0.0001064962726	0.0000672605295	1	0.63	0.46826	1.5e+03	-3.18
ccgccc	ccgccc	0.0001064962726	0.0000212991677	1	0.20	0.18127	5.8e+02	-2.76
ccgcta	ccgcta	0.0003194888179	0.0001774930639	3	1.67	0.23399	7.5e+02	-2.87
ccgctc	ccgctc	0.0001064962726	0.0001014246080	1	0.95	0.61420	2.0e+03	-3.29
ccgctt	ccgctt	0.0001064962726	0.0002028492159	1	1.90	0.85117	2.7e+03	-3.43
ccggag	ccggag	0.0001064962726	0.0000187933832	1	0.18	0.16178	5.2e+02	-2.71
ccggca	ccggca	0.0001064962726	0.0000851966707	1	0.80	0.55068	1.8e+03	-3.25
ccggcc	ccggcc	0.0001064962726	0.0000425983353	1	0.40	0.32968	1.1e+03	-3.02
ccgggc	ccgggc	0.0001064962726	0.0001310718011	1	1.23	0.70795	2.3e+03	-3.35
ccgggt	ccgggt	0.0003194888179	0.0001638397513	3	1.54	0.20086	6.4e+02	-2.81
ccggta	ccggta	0.0003194888179	0.0002949115524	3	2.77	0.52320	1.7e+03	-3.22
ccggtc	ccggtc	0.0002129925453	0.0001966077016	2	1.85	0.55078	1.8e+03	-3.25
ccggtt	ccggtt	0.0001064962726	0.0001474557762	1	1.38	0.74960	2.4e+03	-3.38
ccgtag	ccgtag	0.0002129925453	0.0000811396864	2	0.76	0.17758	5.7e+02	-2.75
ccgtat	ccgtat	0.0002129925453	0.0001825642943	2	1.71	0.51120	1.6e+03	-3.21
ccgtca	ccgtca	0.0002129925453	0.0002169359670	2	2.04	0.60395	1.9e+03	-3.29
ccgtcg	ccgtcg	0.0002129925453	0.0001183287093	2	1.11	0.30504	9.8e+02	-2.99
ccgtct	ccgtct	0.0001064962726	0.0000986072577	1	0.93	0.60385	1.9e+03	-3.29
ccgtgc	ccgtgc	0.0003194888179	0.0001099311880	3	1.03	0.08632	2.8e+02	-2.44
ccgtgg	ccgtgg	0.0001064962726	0.0000549655940	1	0.52	0.40318	1.3e+03	-3.11
ccgtta	ccgtta	0.0002129925453	0.0000760684560	2	0.71	0.16078	5.1e+02	-2.71
ccgttc	ccgttc	0.0001064962726	0.0001141026840	1	1.07	0.65750	2.1e+03	-3.32
ccgttt	ccgttt	0.0002129925453	0.0002852567099	2	2.68	0.74747	2.4e+03	-3.38
cctaaa	cctaaa	0.0002129925453	0.0000949827748	2	0.89	0.22455	7.2e+02	-2.86
cctaat	cctaat	0.0001064962726	0.0000949827748	1	0.89	0.59014	1.9e+03	-3.28
cctacc	cctacc	0.0001064962726	0.0000709972256	1	0.67	0.48659	1.6e+03	-3.19
cctacg	cctacg	0.0002129925453	0.0001064958384	2	1.00	0.26424	8.4e+02	-2.93
cctact	cctact	0.0001064962726	0.0001242451448	1	1.17	0.68862	2.2e+03	-3.34
cctagt	cctagt	0.0002129925453	0.0000937163378	2	0.88	0.22020	7.0e+02	-2.85
cctatc	cctatc	0.0002129925453	0.0001607878344	2	1.51	0.44546	1.4e+03	-3.15
cctatg	cctatg	0.0002129925453	0.0001023195310	2	0.96	0.24982	8.0e+02	-2.90
cctatt	cctatt	0.0003194888179	0.0002484902895	3	2.33	0.41279	1.3e+03	-3.12
cctcaa	cctcaa	0.0003194888179	0.0002422780323	3	2.27	0.39733	1.3e+03	-3.10
cctcac	cctcac	0.0001064962726	0.0000745470869	1	0.70	0.50343	1.6e+03	-3.21
cctcag	cctcag	0.0001064962726	0.0001863677171	1	1.75	0.82625	2.6e+03	-3.42
cctcat	cctcat	0.0002129925453	0.0002422780323	2	2.27	0.66337	2.1e+03	-3.33
cctcca	cctcca	0.0002129925453	0.0001157563460	2	1.09	0.29619	9.5e+02	-2.98
cctccc	cctccc	0.0001064962726	0.0001852101537	1	1.74	0.82435	2.6e+03	-3.42
cctccg	cctccg	0.0001064962726	0.0000694538076	1	0.65	0.47910	1.5e+03	-3.19
cctcct	cctcct	0.0001064962726	0.0001620588845	1	1.52	0.78169	2.5e+03	-3.40
cctcga	cctcga	0.0002129925453	0.0001936287970	2	1.82	0.54257	1.7e+03	-3.24
cctcgg	cctcgg	0.0002129925453	0.0000484071993	2	0.45	0.07674	2.5e+02	-2.39
cctcgt	cctcgt	0.0001064962726	0.0002178323967	1	2.05	0.87071	2.8e+03	-3.44
cctcta	cctcta	0.0003194888179	0.0002196476666	3	2.06	0.34023	1.1e+03	-3.04
cctctc	cctctc	0.0002129925453	0.0002795515757	2	2.62	0.73745	2.4e+03	-3.37
cctctg	cctctg	0.0002129925453	0.0001597437575	2	1.50	0.44219	1.4e+03	-3.15
cctctt	cctctt	0.0002129925453	0.0002995195454	2	2.81	0.77109	2.5e+03	-3.39
cctgaa	cctgaa	0.0002129925453	0.0001118206303	2	1.05	0.28263	9.0e+02	-2.96
cctgat	cctgat	0.0001064962726	0.0000638975030	1	0.60	0.45120	1.4e+03	-3.16
cctgca	cctgca	0.0001064962726	0.0001916925091	1	1.80	0.83473	2.7e+03	-3.43
cctgcg	cctgcg	0.0001064962726	0.0001064958384	1	1.00	0.63214	2.0e+03	-3.31
cctgct	cctgct	0.0002129925453	0.0001064958384	2	1.00	0.26424	8.4e+02	-2.93
cctggg	cctggg	0.0001064962726	0.0000163839751	1	0.15	0.14260	4.6e+02	-2.66
cctgta	cctgta	0.0001064962726	0.0001151306361	1	1.08	0.66079	2.1e+03	-3.32
cctgtc	cctgtc	0.0002129925453	0.0001151306361	2	1.08	0.29404	9.4e+02	-2.97
cctgtg	cctgtg	0.0002129925453	0.0001870872836	2	1.76	0.52419	1.7e+03	-3.22
ccttac	ccttac	0.0004259850905	0.0001996796969	4	1.87	0.12103	3.9e+02	-2.59
ccttag	ccttag	0.0002129925453	0.0000998398485	2	0.94	0.24126	7.7e+02	-2.89
ccttca	ccttca	0.0002129925453	0.0001911463766	2	1.79	0.53566	1.7e+03	-3.23
ccttcc	ccttcc	0.0001064962726	0.0000955731883	1	0.90	0.59240	1.9e+03	-3.28
ccttcg	ccttcg	0.0001064962726	0.0000955731883	1	0.90	0.59240	1.9e+03	-3.28
ccttct	ccttct	0.0001064962726	0.0001501864387	1	1.41	0.75594	2.4e+03	-3.38
ccttga	ccttga	0.0001064962726	0.0002293756519	1	2.15	0.88399	2.8e+03	-3.45
ccttgc	ccttgc	0.0003194888179	0.0001529171012	3	1.44	0.17523	5.6e+02	-2.75
ccttgg	ccttgg	0.0001064962726	0.0000955731883	1	0.90	0.59240	1.9e+03	-3.28
ccttgt	ccttgt	0.0002129925453	0.0002676049272	2	2.51	0.71536	2.3e+03	-3.36
ccttta	ccttta	0.0002129925453	0.0002884262289	2	2.71	0.75289	2.4e+03	-3.38
cctttg	cctttg	0.0003194888179	0.0001345989068	3	1.26	0.13464	4.3e+02	-2.63
cctttt	cctttt	0.0008519701810	0.0006729945341	8	6.32	0.30101	9.6e+02	-2.98
cgaaaa	cgaaaa	0.0004259850905	0.0002958217732	4	2.78	0.30311	9.7e+02	-2.99
cgaaag	cgaaag	0.0001064962726	0.0000665598990	1	0.62	0.46475	1.5e+03	-3.17
cgaacc	cgaacc	0.0001064962726	0.0000858837406	1	0.81	0.55357	1.8e+03	-3.25
cgaacg	cgaacg	0.0002129925453	0.0001202372369	2	1.13	0.31159	1.0e+03	-3.00
cgaact	cgaact	0.0002129925453	0.0001545907331	2	1.45	0.42586	1.4e+03	-3.13
cgaaga	cgaaga	0.0001064962726	0.0000878590667	1	0.82	0.56178	1.8e+03	-3.25
cgaagt	cgaagt	0.0002129925453	0.0000958462545	2	0.90	0.22751	7.3e+02	-2.86
cgaatc	cgaatc	0.0001064962726	0.0000573439130	1	0.54	0.41636	1.3e+03	-3.12
cgaatg	cgaatg	0.0001064962726	0.0000573439130	1	0.54	0.41636	1.3e+03	-3.12
cgaatt	cgaatt	0.0001064962726	0.0001064958384	1	1.00	0.63214	2.0e+03	-3.31
cgacaa	cgacaa	0.0001064962726	0.0001133665376	1	1.06	0.65512	2.1e+03	-3.32
cgacat	cgacat	0.0002129925453	0.0001339786354	2	1.26	0.35825	1.1e+03	-3.06
cgacct	cgacct	0.0001064962726	0.0000245759627	1	0.23	0.20608	6.6e+02	-2.82
cgacgc	cgacgc	0.0001064962726	0.0000304273824	1	0.29	0.24853	7.9e+02	-2.90
cgactc	cgactc	0.0002129925453	0.0001762689738	2	1.66	0.49272	1.6e+03	-3.20
cgactg	cgactg	0.0002129925453	0.0001542353521	2	1.45	0.42473	1.4e+03	-3.13
cgactt	cgactt	0.0002129925453	0.0001542353521	2	1.45	0.42473	1.4e+03	-3.13
cgagaa	cgagaa	0.0003194888179	0.0002884262289	3	2.71	0.50844	1.6e+03	-3.21
cgagac	cgagac	0.0001064962726	0.0000665598990	1	0.62	0.46475	1.5e+03	-3.17
cgagat	cgagat	0.0001064962726	0.0001109331650	1	1.04	0.64715	2.1e+03	-3.32
cgagca	cgagca	0.0003194888179	0.0001966077016	3	1.85	0.28176	9.0e+02	-2.95
cgagcg	cgagcg	0.0001064962726	0.0000655359005	1	0.62	0.45958	1.5e+03	-3.17
cgagga	cgagga	0.0001064962726	0.0000939669162	1	0.88	0.58621	1.9e+03	-3.27
cgaggc	cgaggc	0.0001064962726	0.0001566115270	1	1.47	0.77023	2.5e+03	-3.39
cgaggt	cgaggt	0.0003194888179	0.0001879338324	3	1.76	0.25994	8.3e+02	-2.92
cgagta	cgagta	0.0002129925453	0.0001474557762	2	1.38	0.40285	1.3e+03	-3.11
cgagtg	cgagtg	0.0002129925453	0.0000983038508	2	0.92	0.23597	7.5e+02	-2.88
cgataa	cgataa	0.0001064962726	0.0001989261886	1	1.87	0.84558	2.7e+03	-3.43
cgatac	cgatac	0.0001064962726	0.0000904209948	1	0.85	0.57220	1.8e+03	-3.26
cgatag	cgatag	0.0003194888179	0.0002170103876	3	2.04	0.33354	1.1e+03	-3.03
cgatat	cgatat	0.0004259850905	0.0004521049742	4	4.25	0.61298	2.0e+03	-3.29
cgatca	cgatca	0.0001064962726	0.0000760684560	1	0.71	0.51047	1.6e+03	-3.21
cgatcc	cgatcc	0.0001064962726	0.0000304273824	1	0.29	0.24853	7.9e+02	-2.90
cgatga	cgatga	0.0003194888179	0.0001064958384	3	1.00	0.08029	2.6e+02	-2.41
cgattc	cgattc	0.0001064962726	0.0000163839751	1	0.15	0.14260	4.6e+02	-2.66
cgattt	cgattt	0.0001064962726	0.0000983038508	1	0.92	0.60272	1.9e+03	-3.28
cgcaaa	cgcaaa	0.0003194888179	0.0003276795027	3	3.08	0.59386	1.9e+03	-3.28
cgcaac	cgcaac	0.0001064962726	0.0001146878259	1	1.08	0.65938	2.1e+03	-3.32
cgcaag	cgcaag	0.0001064962726	0.0000655359005	1	0.62	0.45958	1.5e+03	-3.17
cgcaat	cgcaat	0.0001064962726	0.0001310718011	1	1.23	0.70795	2.3e+03	-3.35
cgcaca	cgcaca	0.0004259850905	0.0001879338324	4	1.76	0.10309	3.3e+02	-2.52
cgcact	cgcact	0.0002129925453	0.0002067272157	2	1.94	0.57786	1.8e+03	-3.27
cgcaga	cgcaga	0.0001064962726	0.0000456410736	1	0.43	0.34857	1.1e+03	-3.05
cgcagt	cgcagt	0.0002129925453	0.0001825642943	2	1.71	0.51120	1.6e+03	-3.21
cgcata	cgcata	0.0001064962726	0.0001111260922	1	1.04	0.64779	2.1e+03	-3.32
cgcatc	cgcatc	0.0001064962726	0.0001111260922	1	1.04	0.64779	2.1e+03	-3.32
cgcatg	cgcatg	0.0001064962726	0.0000740840615	1	0.70	0.50126	1.6e+03	-3.20
cgcatt	cgcatt	0.0001064962726	0.0001111260922	1	1.04	0.64779	2.1e+03	-3.32
cgccaa	cgccaa	0.0001064962726	0.0002190771532	1	2.06	0.87221	2.8e+03	-3.45
cgccac	cgccac	0.0004259850905	0.0003833850181	4	3.60	0.48481	1.5e+03	-3.19
cgccag	cgccag	0.0001064962726	0.0001095385766	1	1.03	0.64250	2.1e+03	-3.31
cgccat	cgccat	0.0003194888179	0.0002464617974	3	2.31	0.40775	1.3e+03	-3.12
cgcccg	cgcccg	0.0002129925453	0.0001597437575	2	1.50	0.44219	1.4e+03	-3.15
cgccct	cgccct	0.0001064962726	0.0000798718788	1	0.75	0.52765	1.7e+03	-3.23
cgcctc	cgcctc	0.0001064962726	0.0000532479192	1	0.50	0.39348	1.3e+03	-3.10
cgcctt	cgcctt	0.0002129925453	0.0001863677171	2	1.75	0.52214	1.7e+03	-3.22
cgcgaa	cgcgaa	0.0002129925453	0.0001419944512	2	1.33	0.38495	1.2e+03	-3.09
cgcgac	cgcgac	0.0001064962726	0.0001419944512	1	1.33	0.73643	2.4e+03	-3.37
cgcgag	cgcgag	0.0001064962726	0.0000709972256	1	0.67	0.48659	1.6e+03	-3.19
cgcgat	cgcgat	0.0001064962726	0.0001774930639	1	1.67	0.81115	2.6e+03	-3.41
cgcgca	cgcgca	0.0003194888179	0.0001121008825	3	1.05	0.09022	2.9e+02	-2.46
cgcgct	cgcgct	0.0001064962726	0.0000448403530	1	0.42	0.34365	1.1e+03	-3.04
cgcgga	cgcgga	0.0001064962726	0.0001064958384	1	1.00	0.63214	2.0e+03	-3.31
cgcggg	cgcggg	0.0001064962726	0.0000851966707	1	0.80	0.55068	1.8e+03	-3.25
cgcgtc	cgcgtc	0.0001064962726	0.0000496980579	1	0.47	0.37292	1.2e+03	-3.08
cgctaa	cgctaa	0.0003194888179	0.0001242451448	3	1.17	0.11335	3.6e+02	-2.56
cgctac	cgctac	0.0002129925453	0.0001242451448	2	1.17	0.32530	1.0e+03	-3.02
cgctag	cgctag	0.0001064962726	0.0002174290033	1	2.04	0.87022	2.8e+03	-3.44
cgctat	cgctat	0.0001064962726	0.0002795515757	1	2.62	0.92759	3.0e+03	-3.47
cgctcc	cgctcc	0.0001064962726	0.0000631086450	1	0.59	0.44712	1.4e+03	-3.16
cgctcg	cgctcg	0.0002129925453	0.0000788858062	2	0.74	0.17008	5.4e+02	-2.74
cgctct	cgctct	0.0001064962726	0.0001419944512	1	1.33	0.73643	2.4e+03	-3.37
cgctga	cgctga	0.0001064962726	0.0000567977805	1	0.53	0.41336	1.3e+03	-3.12
cgctgg	cgctgg	0.0001064962726	0.0000567977805	1	0.53	0.41336	1.3e+03	-3.12
cgctta	cgctta	0.0003194888179	0.0001703933414	3	1.60	0.21663	6.9e+02	-2.84
cgcttc	cgcttc	0.0002129925453	0.0002129916767	2	2.00	0.59402	1.9e+03	-3.28
cgcttt	cgcttt	0.0003194888179	0.0003407866828	3	3.20	0.62014	2.0e+03	-3.30
cggaaa	cggaaa	0.0003194888179	0.0003223657810	3	3.03	0.58287	1.9e+03	-3.27
cggaac	cggaac	0.0002129925453	0.0001208871679	2	1.14	0.31381	1.0e+03	-3.00
cggaag	cggaag	0.0002129925453	0.0001813307518	2	1.70	0.50761	1.6e+03	-3.21
cggact	cggact	0.0001064962726	0.0000304273824	1	0.29	0.24853	7.9e+02	-2.90
cggaga	cggaga	0.0002129925453	0.0001720317389	2	1.62	0.48004	1.5e+03	-3.19
cggagt	cggagt	0.0001064962726	0.0001228798135	1	1.15	0.68460	2.2e+03	-3.34
cggata	cggata	0.0002129925453	0.0002484902895	2	2.33	0.67680	2.2e+03	-3.34
cggatg	cggatg	0.0002129925453	0.0002129916767	2	2.00	0.59402	1.9e+03	-3.28
cggatt	cggatt	0.0002129925453	0.0001774930639	2	1.67	0.49635	1.6e+03	-3.20
cggcac	cggcac	0.0002129925453	0.0000709972256	2	0.67	0.14430	4.6e+02	-2.66
cggccc	cggccc	0.0001064962726	0.0000141994451	1	0.13	0.12483	4.0e+02	-2.60
cggcgt	cggcgt	0.0001064962726	0.0000532479192	1	0.50	0.39348	1.3e+03	-3.10
cggctc	cggctc	0.0001064962726	0.0000392353089	1	0.37	0.30818	9.9e+02	-2.99
cgggaa	cgggaa	0.0002129925453	0.0002271911218	2	2.13	0.62891	2.0e+03	-3.30
cgggac	cgggac	0.0002129925453	0.0001135955609	2	1.07	0.28875	9.2e+02	-2.97
cgggca	cgggca	0.0002129925453	0.0001064958384	2	1.00	0.26424	8.4e+02	-2.93
cgggcc	cgggcc	0.0002129925453	0.0001774930639	2	1.67	0.49635	1.6e+03	-3.20
cgggta	cgggta	0.0004259850905	0.0001961765444	4	1.84	0.11555	3.7e+02	-2.57
cgggtg	cgggtg	0.0001064962726	0.0000840756619	1	0.79	0.54593	1.7e+03	-3.24
cggtaa	cggtaa	0.0002129925453	0.0002342908444	2	2.20	0.64546	2.1e+03	-3.31
cggtac	cggtac	0.0001064962726	0.0000638975030	1	0.60	0.45120	1.4e+03	-3.16
cggtag	cggtag	0.0003194888179	0.0001277950060	3	1.20	0.12050	3.9e+02	-2.59
cggtcc	cggtcc	0.0002129925453	0.0001419944512	2	1.33	0.38495	1.2e+03	-3.09
cggtcg	cggtcg	0.0001064962726	0.0000567977805	1	0.53	0.41336	1.3e+03	-3.12
cggtct	cggtct	0.0001064962726	0.0000851966707	1	0.80	0.55068	1.8e+03	-3.25
cggtta	cggtta	0.0001064962726	0.0001101681087	1	1.03	0.64461	2.1e+03	-3.31
cggttt	cggttt	0.0002129925453	0.0001211849195	2	1.14	0.31483	1.0e+03	-3.00
cgtaaa	cgtaaa	0.0002129925453	0.0002697894572	2	2.53	0.71951	2.3e+03	-3.36
cgtaac	cgtaac	0.0002129925453	0.0001419944512	2	1.33	0.38495	1.2e+03	-3.09
cgtaag	cgtaag	0.0002129925453	0.0000851966707	2	0.80	0.19120	6.1e+02	-2.79
cgtaca	cgtaca	0.0001064962726	0.0000946629674	1	0.89	0.58890	1.9e+03	-3.27
cgtacg	cgtacg	0.0001064962726	0.0000552200643	1	0.52	0.40461	1.3e+03	-3.11
cgtaga	cgtaga	0.0001064962726	0.0001310718011	1	1.23	0.70795	2.3e+03	-3.35
cgtagc	cgtagc	0.0001064962726	0.0001474557762	1	1.38	0.74960	2.4e+03	-3.38
cgtagt	cgtagt	0.0002129925453	0.0001146878259	2	1.08	0.29251	9.4e+02	-2.97
cgtata	cgtata	0.0005324813632	0.0004685816888	5	4.40	0.44883	1.4e+03	-3.16
cgtatc	cgtatc	0.0001064962726	0.0001277950060	1	1.20	0.69883	2.2e+03	-3.35
cgtatg	cgtatg	0.0001064962726	0.0001490941737	1	1.40	0.75343	2.4e+03	-3.38
cgtatt	cgtatt	0.0002129925453	0.0002129916767	2	2.00	0.59402	1.9e+03	-3.28
cgtcaa	cgtcaa	0.0005324813632	0.0004946140049	5	4.64	0.49510	1.6e+03	-3.20
cgtcag	cgtcag	0.0004259850905	0.0001301615802	4	1.22	0.03572	1.1e+02	-2.06
cgtcat	cgtcat	0.0002129925453	0.0003123877925	2	2.93	0.79072	2.5e+03	-3.40
cgtcca	cgtcca	0.0001064962726	0.0001183287093	1	1.11	0.67083	2.1e+03	-3.33
cgtccc	cgtccc	0.0002129925453	0.0001774930639	2	1.67	0.49635	1.6e+03	-3.20
cgtcct	cgtcct	0.0002129925453	0.0001183287093	2	1.11	0.30504	9.8e+02	-2.99
cgtcgc	cgtcgc	0.0002129925453	0.0001944706614	2	1.83	0.54490	1.7e+03	-3.24
cgtcgg	cgtcgg	0.0002129925453	0.0000555630461	2	0.52	0.09686	3.1e+02	-2.49
cgtcgt	cgtcgt	0.0002129925453	0.0002500337075	2	2.35	0.68006	2.2e+03	-3.34
cgtcta	cgtcta	0.0001064962726	0.0001121008825	1	1.05	0.65100	2.1e+03	-3.32
cgtctc	cgtctc	0.0001064962726	0.0001681513237	1	1.58	0.79383	2.5e+03	-3.40
cgtctg	cgtctg	0.0001064962726	0.0000840756619	1	0.79	0.54593	1.7e+03	-3.24
cgtctt	cgtctt	0.0002129925453	0.0001681513237	2	1.58	0.46826	1.5e+03	-3.18
cgtgaa	cgtgaa	0.0001064962726	0.0004307165018	1	4.04	0.98250	3.1e+03	-3.50
cgtgac	cgtgac	0.0006389776358	0.0002461237153	6	2.31	0.03056	9.8e+01	-1.99
cgtgag	cgtgag	0.0002129925453	0.0001845927865	2	1.73	0.51705	1.7e+03	-3.22
cgtgat	cgtgat	0.0004259850905	0.0005230128951	4	4.91	0.72234	2.3e+03	-3.36
cgtgca	cgtgca	0.0005324813632	0.0005206463209	5	4.89	0.53984	1.7e+03	-3.24
cgtgcc	cgtgcc	0.0001064962726	0.0001893259349	1	1.78	0.83101	2.7e+03	-3.42
cgtgcg	cgtgcg	0.0001064962726	0.0000473314837	1	0.44	0.35883	1.1e+03	-3.06
cgtgct	cgtgct	0.0001064962726	0.0000946629674	1	0.89	0.58890	1.9e+03	-3.27
cgtgga	cgtgga	0.0002129925453	0.0001146878259	2	1.08	0.29251	9.4e+02	-2.97
cgtggc	cgtggc	0.0001064962726	0.0001146878259	1	1.08	0.65938	2.1e+03	-3.32
cgtggt	cgtggt	0.0001064962726	0.0001310718011	1	1.23	0.70795	2.3e+03	-3.35
cgtgta	cgtgta	0.0003194888179	0.0001597437575	3	1.50	0.19114	6.1e+02	-2.79
cgtgtt	cgtgtt	0.0003194888179	0.0001863677171	3	1.75	0.25602	8.2e+02	-2.91
cgttaa	cgttaa	0.0001064962726	0.0001142882168	1	1.07	0.65810	2.1e+03	-3.32
cgttac	cgttac	0.0001064962726	0.0001038983789	1	0.98	0.62306	2.0e+03	-3.30
cgttat	cgttat	0.0002129925453	0.0001038983789	2	0.98	0.25527	8.2e+02	-2.91
cgttca	cgttca	0.0002129925453	0.0001855088797	2	1.74	0.51968	1.7e+03	-3.22
cgttcc	cgttcc	0.0001064962726	0.0000618362932	1	0.58	0.44047	1.4e+03	-3.15
cgttct	cgttct	0.0003194888179	0.0003091814662	3	2.90	0.55481	1.8e+03	-3.25
cgttga	cgttga	0.0002129925453	0.0000766770036	2	0.72	0.16278	5.2e+02	-2.72
cgttgt	cgttgt	0.0001064962726	0.0001022360048	1	0.96	0.61712	2.0e+03	-3.30
cgttta	cgttta	0.0005324813632	0.0004881059258	5	4.58	0.48366	1.5e+03	-3.19
cgtttc	cgtttc	0.0006389776358	0.0003771727609	6	3.54	0.14790	4.7e+02	-2.67
cgtttg	cgtttg	0.0002129925453	0.0002440529629	2	2.29	0.66725	2.1e+03	-3.33
cgtttt	cgtttt	0.0002129925453	0.0004881059258	2	4.58	0.94297	3.0e+03	-3.48
ctaaaa	ctaaaa	0.0005324813632	0.0004323223915	5	4.06	0.38279	1.2e+03	-3.09
ctaaac	ctaaac	0.0001064962726	0.0001812964867	1	1.70	0.81778	2.6e+03	-3.42
ctaaag	ctaaag	0.0002129925453	0.0002789176719	2	2.62	0.73631	2.4e+03	-3.37
ctaaat	ctaaat	0.0003194888179	0.0002649717883	3	2.49	0.45314	1.4e+03	-3.16
ctaaca	ctaaca	0.0004259850905	0.0003272798935	4	3.07	0.36916	1.2e+03	-3.07
ctaacc	ctaacc	0.0001064962726	0.0000935085410	1	0.88	0.58442	1.9e+03	-3.27
ctaact	ctaact	0.0001064962726	0.0001402628115	1	1.32	0.73211	2.3e+03	-3.37
ctaaga	ctaaga	0.0006389776358	0.0004356647933	6	4.09	0.22920	7.3e+02	-2.86
ctaagg	ctaagg	0.0001064962726	0.0001306994380	1	1.23	0.70693	2.3e+03	-3.35
ctaagt	ctaagt	0.0002129925453	0.0002396156363	2	2.25	0.65749	2.1e+03	-3.32
ctaata	ctaata	0.0001064962726	0.0004134544313	1	3.88	0.97941	3.1e+03	-3.50
ctaatc	ctaatc	0.0003194888179	0.0002067272157	3	1.94	0.30740	9.8e+02	-2.99
ctaatg	ctaatg	0.0002129925453	0.0001550454117	2	1.46	0.42731	1.4e+03	-3.14
ctaatt	ctaatt	0.0005324813632	0.0003962271633	5	3.72	0.31675	1.0e+03	-3.01
ctacaa	ctacaa	0.0003194888179	0.0002366574186	3	2.22	0.38324	1.2e+03	-3.09
ctacac	ctacac	0.0001064962726	0.0001183287093	1	1.11	0.67083	2.1e+03	-3.33
ctacag	ctacag	0.0002129925453	0.0001064958384	2	1.00	0.26424	8.4e+02	-2.93
ctacat	ctacat	0.0001064962726	0.0002603231604	1	2.44	0.91325	2.9e+03	-3.47
ctacca	ctacca	0.0001064962726	0.0002037311690	1	1.91	0.85240	2.7e+03	-3.44
ctaccc	ctaccc	0.0001064962726	0.0000740840615	1	0.70	0.50126	1.6e+03	-3.20
ctacct	ctacct	0.0002129925453	0.0001111260922	2	1.04	0.28023	9.0e+02	-2.95
ctacga	ctacga	0.0002129925453	0.0001762689738	2	1.66	0.49272	1.6e+03	-3.20
ctacgc	ctacgc	0.0001064962726	0.0000661008652	1	0.62	0.46244	1.5e+03	-3.17
ctacgg	ctacgg	0.0002129925453	0.0001101681087	2	1.03	0.27692	8.9e+02	-2.95
ctacgt	ctacgt	0.0001064962726	0.0002864370825	1	2.69	0.93212	3.0e+03	-3.47
ctacta	ctacta	0.0004259850905	0.0002427114456	4	2.28	0.19639	6.3e+02	-2.80
ctactc	ctactc	0.0001064962726	0.0001386922546	1	1.30	0.72812	2.3e+03	-3.37
ctactg	ctactg	0.0001064962726	0.0001386922546	1	1.30	0.72812	2.3e+03	-3.37
ctactt	ctactt	0.0001064962726	0.0002080383819	1	1.95	0.85825	2.7e+03	-3.44
ctagaa	ctagaa	0.0004259850905	0.0002839889023	4	2.67	0.27856	8.9e+02	-2.95
ctagag	ctagag	0.0001064962726	0.0001419944512	1	1.33	0.73643	2.4e+03	-3.37
ctagat	ctagat	0.0002129925453	0.0002307409831	2	2.17	0.63726	2.0e+03	-3.31
ctagca	ctagca	0.0001064962726	0.0001597437575	1	1.50	0.77690	2.5e+03	-3.40
ctagcc	ctagcc	0.0001064962726	0.0000887465320	1	0.83	0.56542	1.8e+03	-3.26
ctagcg	ctagcg	0.0001064962726	0.0001242451448	1	1.17	0.68862	2.2e+03	-3.34
ctagct	ctagct	0.0002129925453	0.0001597437575	2	1.50	0.44219	1.4e+03	-3.15
ctagga	ctagga	0.0001064962726	0.0000456410736	1	0.43	0.34857	1.1e+03	-3.05
ctaggt	ctaggt	0.0001064962726	0.0001217095296	1	1.14	0.68111	2.2e+03	-3.34
ctagta	ctagta	0.0003194888179	0.0003315436477	3	3.11	0.60173	1.9e+03	-3.28
ctagtc	ctagtc	0.0003194888179	0.0003094407379	3	2.91	0.55537	1.8e+03	-3.25
ctagtt	ctagtt	0.0005324813632	0.0004199552871	5	3.94	0.36010	1.2e+03	-3.06
ctataa	ctataa	0.0002129925453	0.0004120623288	2	3.87	0.89841	2.9e+03	-3.46
ctatac	ctatac	0.0004259850905	0.0002672836728	4	2.51	0.24451	7.8e+02	-2.89
ctatag	ctatag	0.0002129925453	0.0000890945576	2	0.84	0.20442	6.5e+02	-2.82
ctatat	ctatat	0.0008519701810	0.0009354928547	8	8.78	0.65034	2.1e+03	-3.32
ctatca	ctatca	0.0002129925453	0.0004165170567	2	3.91	0.90173	2.9e+03	-3.46
ctatcc	ctatcc	0.0002129925453	0.0001822262123	2	1.71	0.51022	1.6e+03	-3.21
ctatcg	ctatcg	0.0001064962726	0.0001822262123	1	1.71	0.81936	2.6e+03	-3.42
ctatct	ctatct	0.0006389776358	0.0003904847407	6	3.67	0.16514	5.3e+02	-2.72
ctatga	ctatga	0.0001064962726	0.0001863677171	1	1.75	0.82625	2.6e+03	-3.42
ctatgc	ctatgc	0.0003194888179	0.0002050044889	3	1.92	0.30303	9.7e+02	-2.99
ctatgg	ctatgg	0.0002129925453	0.0000931838586	2	0.87	0.21838	7.0e+02	-2.84
ctatgt	ctatgt	0.0001064962726	0.0002609148040	1	2.45	0.91373	2.9e+03	-3.47
ctatta	ctatta	0.0006389776358	0.0004827811339	6	4.53	0.30275	9.7e+02	-2.99
ctattg	ctattg	0.0004259850905	0.0002413905670	4	2.27	0.19389	6.2e+02	-2.79
ctattt	ctattt	0.0007454739084	0.0008448669844	7	7.93	0.67851	2.2e+03	-3.34
ctcaaa	ctcaaa	0.0007454739084	0.0005579110338	7	5.24	0.27347	8.7e+02	-2.94
ctcaac	ctcaac	0.0001064962726	0.0002479604595	1	2.33	0.90257	2.9e+03	-3.46
ctcaat	ctcaat	0.0005324813632	0.0003719406892	5	3.49	0.27313	8.7e+02	-2.94
ctcaca	ctcaca	0.0001064962726	0.0000873812007	1	0.82	0.55981	1.8e+03	-3.25
ctcacc	ctcacc	0.0001064962726	0.0000873812007	1	0.82	0.55981	1.8e+03	-3.25
ctcact	ctcact	0.0002129925453	0.0000983038508	2	0.92	0.23597	7.5e+02	-2.88
ctcaga	ctcaga	0.0005324813632	0.0002570589202	5	2.41	0.09758	3.1e+02	-2.49
ctcagc	ctcagc	0.0002129925453	0.0002937816231	2	2.76	0.76183	2.4e+03	-3.39
ctcagg	ctcagg	0.0002129925453	0.0002203362173	2	2.07	0.61237	2.0e+03	-3.29
ctcagt	ctcagt	0.0001064962726	0.0002937816231	1	2.76	0.93665	3.0e+03	-3.48
ctcata	ctcata	0.0005324813632	0.0003009664997	5	2.83	0.15638	5.0e+02	-2.70
ctcatc	ctcatc	0.0003194888179	0.0003611597997	3	3.39	0.65863	2.1e+03	-3.32
ctcatg	ctcatg	0.0001064962726	0.0002207087665	1	2.07	0.87415	2.8e+03	-3.45
ctcatt	ctcatt	0.0004259850905	0.0005016108329	4	4.71	0.69197	2.2e+03	-3.34
ctccaa	ctccaa	0.0002129925453	0.0002061209775	2	1.94	0.57627	1.8e+03	-3.27
ctccag	ctccag	0.0002129925453	0.0000515302444	2	0.48	0.08535	2.7e+02	-2.44
ctccat	ctccat	0.0001064962726	0.0001545907331	1	1.45	0.76583	2.4e+03	-3.39
ctccca	ctccca	0.0002129925453	0.0002726293462	2	2.56	0.72484	2.3e+03	-3.36
ctcccc	ctcccc	0.0002129925453	0.0001363146731	2	1.28	0.36608	1.2e+03	-3.07
ctcccg	ctcccg	0.0003194888179	0.0002044720097	3	1.92	0.30168	9.6e+02	-2.98
ctccct	ctccct	0.0001064962726	0.0002385506779	1	2.24	0.89357	2.9e+03	-3.46
ctccga	ctccga	0.0001064962726	0.0000684616104	1	0.64	0.47422	1.5e+03	-3.18
ctccgg	ctccgg	0.0002129925453	0.0000456410736	2	0.43	0.06937	2.2e+02	-2.35
ctccta	ctccta	0.0001064962726	0.0001096280689	1	1.03	0.64280	2.1e+03	-3.31
ctcctc	ctcctc	0.0004259850905	0.0002631073654	4	2.47	0.23614	7.5e+02	-2.88
ctcctg	ctcctg	0.0002129925453	0.0001315536827	2	1.24	0.35009	1.1e+03	-3.05
ctcgaa	ctcgaa	0.0001064962726	0.0002592942152	1	2.43	0.91241	2.9e+03	-3.46
ctcgac	ctcgac	0.0002129925453	0.0000740840615	2	0.70	0.15429	4.9e+02	-2.69
ctcgag	ctcgag	0.0004259850905	0.0003333782766	4	3.13	0.38197	1.2e+03	-3.09
ctcgat	ctcgat	0.0001064962726	0.0001852101537	1	1.74	0.82435	2.6e+03	-3.42
ctcgca	ctcgca	0.0001064962726	0.0001111260922	1	1.04	0.64779	2.1e+03	-3.32
ctcgcg	ctcgcg	0.0001064962726	0.0000416722846	1	0.39	0.32383	1.0e+03	-3.02
ctcgct	ctcgct	0.0001064962726	0.0001389076153	1	1.30	0.72867	2.3e+03	-3.37
ctcgga	ctcgga	0.0002129925453	0.0000774515188	2	0.73	0.16533	5.3e+02	-2.72
ctcgtc	ctcgtc	0.0005324813632	0.0002738464415	5	2.57	0.11854	3.8e+02	-2.58
ctcgtg	ctcgtg	0.0001064962726	0.0001369232208	1	1.29	0.72357	2.3e+03	-3.36
ctcgtt	ctcgtt	0.0003194888179	0.0004381543064	3	4.11	0.77823	2.5e+03	-3.40
ctctaa	ctctaa	0.0002129925453	0.0002981883474	2	2.80	0.76897	2.5e+03	-3.39
ctctac	ctctac	0.0002129925453	0.0001490941737	2	1.40	0.40818	1.3e+03	-3.12
ctctag	ctctag	0.0003194888179	0.0001916925091	3	1.80	0.26937	8.6e+02	-2.94
ctctat	ctctat	0.0004259850905	0.0005324791918	4	5.00	0.73505	2.3e+03	-3.37
ctctca	ctctca	0.0004259850905	0.0002268824383	4	2.13	0.16713	5.3e+02	-2.73
ctctcc	ctctcc	0.0002129925453	0.0002917059920	2	2.74	0.75840	2.4e+03	-3.38
ctctcg	ctctcg	0.0001064962726	0.0002592942152	1	2.43	0.91241	2.9e+03	-3.46
ctctct	ctctct	0.0007454739084	0.0007130590917	7	6.70	0.50406	1.6e+03	-3.21
ctctga	ctctga	0.0003194888179	0.0002621436021	3	2.46	0.44630	1.4e+03	-3.15
ctctgc	ctctgc	0.0002129925453	0.0001966077016	2	1.85	0.55078	1.8e+03	-3.25
ctctgt	ctctgt	0.0003194888179	0.0002949115524	3	2.77	0.52320	1.7e+03	-3.22
ctctta	ctctta	0.0001064962726	0.0001597437575	1	1.50	0.77690	2.5e+03	-3.40
ctcttc	ctcttc	0.0003194888179	0.0002928635555	3	2.75	0.51857	1.7e+03	-3.22
ctcttg	ctcttg	0.0002129925453	0.0004259833535	2	4.00	0.90847	2.9e+03	-3.46
ctcttt	ctcttt	0.0009584664537	0.0007188469090	9	6.75	0.23888	7.6e+02	-2.88
ctgaaa	ctgaaa	0.0003194888179	0.0002439722843	3	2.29	0.40156	1.3e+03	-3.11
ctgaac	ctgaac	0.0001064962726	0.0001355401579	1	1.27	0.71996	2.3e+03	-3.36
ctgaag	ctgaag	0.0003194888179	0.0001490941737	3	1.40	0.16649	5.3e+02	-2.73
ctgaca	ctgaca	0.0002129925453	0.0001549030376	2	1.45	0.42686	1.4e+03	-3.14
ctgacc	ctgacc	0.0001064962726	0.0000645429323	1	0.61	0.45451	1.5e+03	-3.16
ctgacg	ctgacg	0.0001064962726	0.0000387257594	1	0.36	0.30486	9.7e+02	-2.99
ctgaga	ctgaga	0.0001064962726	0.0000840756619	1	0.79	0.54593	1.7e+03	-3.24
ctgagg	ctgagg	0.0001064962726	0.0001121008825	1	1.05	0.65100	2.1e+03	-3.32
ctgagt	ctgagt	0.0003194888179	0.0002522269856	3	2.37	0.42203	1.3e+03	-3.13
ctgata	ctgata	0.0002129925453	0.0001540790853	2	1.45	0.42423	1.4e+03	-3.13
ctgatc	ctgatc	0.0001064962726	0.0000815712805	1	0.77	0.53512	1.7e+03	-3.23
ctgatt	ctgatt	0.0001064962726	0.0001268886585	1	1.19	0.69625	2.2e+03	-3.35
ctgcaa	ctgcaa	0.0003194888179	0.0003039027583	3	2.85	0.54327	1.7e+03	-3.24
ctgcac	ctgcac	0.0004259850905	0.0003506570288	4	3.29	0.41805	1.3e+03	-3.13
ctgcag	ctgcag	0.0001064962726	0.0000935085410	1	0.88	0.58442	1.9e+03	-3.27
ctgcat	ctgcat	0.0001064962726	0.0002103942173	1	1.98	0.86135	2.8e+03	-3.44
ctgccg	ctgccg	0.0001064962726	0.0000118328709	1	0.11	0.10516	3.4e+02	-2.53
ctgcga	ctgcga	0.0001064962726	0.0001121008825	1	1.05	0.65100	2.1e+03	-3.32
ctgcgc	ctgcgc	0.0001064962726	0.0002242017650	1	2.11	0.87821	2.8e+03	-3.45
ctgcgg	ctgcgg	0.0001064962726	0.0000280252206	1	0.26	0.23138	7.4e+02	-2.87
ctgcgt	ctgcgt	0.0002129925453	0.0001681513237	2	1.58	0.46826	1.5e+03	-3.18
ctgcta	ctgcta	0.0001064962726	0.0001369232208	1	1.29	0.72357	2.3e+03	-3.36
ctgctc	ctgctc	0.0001064962726	0.0001217095296	1	1.14	0.68111	2.2e+03	-3.34
ctgctg	ctgctg	0.0001064962726	0.0000456410736	1	0.43	0.34857	1.1e+03	-3.05
ctgctt	ctgctt	0.0002129925453	0.0002282053679	2	2.14	0.63131	2.0e+03	-3.30
ctggaa	ctggaa	0.0002129925453	0.0002457596270	2	2.31	0.67095	2.1e+03	-3.33
ctggac	ctggac	0.0002129925453	0.0001228798135	2	1.15	0.32063	1.0e+03	-3.01
ctggat	ctggat	0.0001064962726	0.0001228798135	1	1.15	0.68460	2.2e+03	-3.34
ctggcc	ctggcc	0.0001064962726	0.0000511180024	1	0.48	0.38122	1.2e+03	-3.09
ctggcg	ctggcg	0.0002129925453	0.0000383385018	2	0.36	0.05116	1.6e+02	-2.21
ctggga	ctggga	0.0001064962726	0.0000399359394	1	0.37	0.31271	1.0e+03	-3.00
ctgggg	ctgggg	0.0001064962726	0.0000665598990	1	0.62	0.46475	1.5e+03	-3.17
ctggta	ctggta	0.0001064962726	0.0000881344869	1	0.83	0.56291	1.8e+03	-3.26
ctggtc	ctggtc	0.0001064962726	0.0000110168109	1	0.10	0.09828	3.1e+02	-2.50
ctggtg	ctggtg	0.0001064962726	0.0000881344869	1	0.83	0.56291	1.8e+03	-3.26
ctgtaa	ctgtaa	0.0001064962726	0.0002517174361	1	2.36	0.90595	2.9e+03	-3.46
ctgtac	ctgtac	0.0003194888179	0.0001936287970	3	1.82	0.27425	8.8e+02	-2.94
ctgtag	ctgtag	0.0001064962726	0.0001742659173	1	1.64	0.80534	2.6e+03	-3.41
ctgtat	ctgtat	0.0003194888179	0.0002323545564	3	2.18	0.37241	1.2e+03	-3.08
ctgtca	ctgtca	0.0001064962726	0.0002293756519	1	2.15	0.88399	2.8e+03	-3.45
ctgtcc	ctgtcc	0.0001064962726	0.0001638397513	1	1.54	0.78531	2.5e+03	-3.40
ctgtcg	ctgtcg	0.0005324813632	0.0003276795027	5	3.08	0.19780	6.3e+02	-2.80
ctgtct	ctgtct	0.0001064962726	0.0001310718011	1	1.23	0.70795	2.3e+03	-3.35
ctgtga	ctgtga	0.0005324813632	0.0004969805790	5	4.67	0.49924	1.6e+03	-3.20
ctgtgc	ctgtgc	0.0003194888179	0.0001774930639	3	1.67	0.23399	7.5e+02	-2.87
ctgtgg	ctgtgg	0.0003194888179	0.0003904847407	3	3.67	0.70894	2.3e+03	-3.36
ctgtgt	ctgtgt	0.0002129925453	0.0003194875151	2	3.00	0.80090	2.6e+03	-3.41
ctgtta	ctgtta	0.0003194888179	0.0001952423703	3	1.83	0.27831	8.9e+02	-2.95
ctgttc	ctgttc	0.0001064962726	0.0001597437575	1	1.50	0.77690	2.5e+03	-3.40
ctgttt	ctgttt	0.0004259850905	0.0003727354343	4	3.50	0.46338	1.5e+03	-3.17
cttaaa	cttaaa	0.0001064962726	0.0001345210590	1	1.26	0.71726	2.3e+03	-3.36
cttaac	cttaac	0.0001064962726	0.0000822073138	1	0.77	0.53789	1.7e+03	-3.24
cttaag	cttaag	0.0002129925453	0.0000747339217	2	0.70	0.15641	5.0e+02	-2.70
cttaca	cttaca	0.0004259850905	0.0004039497317	4	3.79	0.52513	1.7e+03	-3.23
cttacc	cttacc	0.0002129925453	0.0001652521630	2	1.55	0.45935	1.5e+03	-3.17
cttacg	cttacg	0.0001064962726	0.0001468908115	1	1.38	0.74827	2.4e+03	-3.38
cttact	cttact	0.0003194888179	0.0003488656774	3	3.28	0.63575	2.0e+03	-3.31
cttagc	cttagc	0.0002129925453	0.0000649364868	2	0.61	0.12512	4.0e+02	-2.60
cttagt	cttagt	0.0003194888179	0.0002727332446	3	2.56	0.47175	1.5e+03	-3.18
cttata	cttata	0.0004259850905	0.0003928832956	4	3.69	0.50361	1.6e+03	-3.21
cttatc	cttatc	0.0001064962726	0.0002806309254	1	2.64	0.92832	3.0e+03	-3.47
cttatg	cttatg	0.0002129925453	0.0001309610985	2	1.23	0.34809	1.1e+03	-3.05
cttatt	cttatt	0.0006389776358	0.0005799705792	6	5.45	0.46181	1.5e+03	-3.17
cttcaa	cttcaa	0.0004259850905	0.0005118158202	4	4.81	0.70674	2.3e+03	-3.35
cttcac	cttcac	0.0002129925453	0.0002892872027	2	2.72	0.75435	2.4e+03	-3.38
cttcag	cttcag	0.0001064962726	0.0002002757557	1	1.88	0.84753	2.7e+03	-3.43
cttcat	cttcat	0.0007454739084	0.0004895629585	7	4.60	0.18153	5.8e+02	-2.76
cttcca	cttcca	0.0003194888179	0.0002422780323	3	2.27	0.39733	1.3e+03	-3.10
cttccg	cttccg	0.0001064962726	0.0001118206303	1	1.05	0.65008	2.1e+03	-3.32
cttcct	cttcct	0.0003194888179	0.0002609148040	3	2.45	0.44331	1.4e+03	-3.15
cttcga	cttcga	0.0004259850905	0.0001789130085	4	1.68	0.09020	2.9e+02	-2.46
cttcgg	cttcgg	0.0001064962726	0.0000596376695	1	0.56	0.42880	1.4e+03	-3.14
cttcgt	cttcgt	0.0002129925453	0.0002981883474	2	2.80	0.76897	2.5e+03	-3.39
cttcta	cttcta	0.0004259850905	0.0003651285887	4	3.43	0.44789	1.4e+03	-3.16
cttctc	cttctc	0.0001064962726	0.0003042738239	1	2.86	0.94259	3.0e+03	-3.48
cttctg	cttctg	0.0001064962726	0.0001369232208	1	1.29	0.72357	2.3e+03	-3.36
cttctt	cttctt	0.0005324813632	0.0003651285887	5	3.43	0.26112	8.3e+02	-2.92
cttgaa	cttgaa	0.0006389776358	0.0004356647933	6	4.09	0.22920	7.3e+02	-2.86
cttgac	cttgac	0.0002129925453	0.0002904431955	2	2.73	0.75629	2.4e+03	-3.38
cttgag	cttgag	0.0003194888179	0.0001161772782	3	1.09	0.09775	3.1e+02	-2.49
cttgat	cttgat	0.0001064962726	0.0004356647933	1	4.09	0.98329	3.1e+03	-3.50
cttgca	cttgca	0.0001064962726	0.0001290858647	1	1.21	0.70246	2.2e+03	-3.35
cttgcc	cttgcc	0.0001064962726	0.0001807202106	1	1.70	0.81679	2.6e+03	-3.42
cttgcg	cttgcg	0.0001064962726	0.0001290858647	1	1.21	0.70246	2.2e+03	-3.35
cttgct	cttgct	0.0005324813632	0.0004130747670	5	3.88	0.34749	1.1e+03	-3.05
cttgga	cttgga	0.0001064962726	0.0001439132951	1	1.35	0.74113	2.4e+03	-3.37
cttggc	cttggc	0.0001064962726	0.0001439132951	1	1.35	0.74113	2.4e+03	-3.37
cttggg	cttggg	0.0001064962726	0.0000719566475	1	0.68	0.49120	1.6e+03	-3.20
cttggt	cttggt	0.0002129925453	0.0001726959541	2	1.62	0.48204	1.5e+03	-3.19
cttgta	cttgta	0.0002129925453	0.0003341765963	2	3.14	0.82057	2.6e+03	-3.42
cttgtc	cttgtc	0.0003194888179	0.0003084707042	3	2.90	0.55327	1.8e+03	-3.25
cttgtg	cttgtg	0.0002129925453	0.0002827648122	2	2.66	0.74313	2.4e+03	-3.38
cttgtt	cttgtt	0.0007454739084	0.0005655296244	7	5.31	0.28442	9.1e+02	-2.96
ctttaa	ctttaa	0.0006389776358	0.0004385122756	6	4.12	0.23348	7.5e+02	-2.87
ctttac	ctttac	0.0004259850905	0.0003445453594	4	3.24	0.40533	1.3e+03	-3.11
ctttat	ctttat	0.0005324813632	0.0005011568864	5	4.71	0.50651	1.6e+03	-3.21
ctttca	ctttca	0.0005324813632	0.0005176881032	5	4.86	0.53484	1.7e+03	-3.23
ctttcc	ctttcc	0.0002129925453	0.0003254039506	2	3.06	0.80904	2.6e+03	-3.41
ctttcg	ctttcg	0.0001064962726	0.0001922841526	1	1.81	0.83564	2.7e+03	-3.43
ctttct	ctttct	0.0007454739084	0.0005620613692	7	5.28	0.27942	8.9e+02	-2.95
ctttga	ctttga	0.0001064962726	0.0001202372369	1	1.13	0.67667	2.2e+03	-3.34
ctttgc	ctttgc	0.0001064962726	0.0001683321316	1	1.58	0.79418	2.5e+03	-3.40
ctttgg	ctttgg	0.0001064962726	0.0001923795790	1	1.81	0.83579	2.7e+03	-3.43
ctttgt	ctttgt	0.0004259850905	0.0002645219211	4	2.48	0.23896	7.6e+02	-2.88
ctttta	ctttta	0.0006389776358	0.0006566323713	6	6.17	0.58063	1.9e+03	-3.27
cttttc	cttttc	0.0009584664537	0.0009463231233	9	8.89	0.52929	1.7e+03	-3.23
cttttg	cttttg	0.0003194888179	0.0004441924864	3	4.17	0.78596	2.5e+03	-3.40
cttttt	cttttt	0.0018104366347	0.0016802063618	17	15.78	0.41192	1.3e+03	-3.12
gaaaaa	gaaaaa	0.0022364217252	0.0017769591316	21	16.69	0.17320	5.5e+02	-2.74
gaaaac	gaaaac	0.0004259850905	0.0003164447769	4	2.97	0.34636	1.1e+03	-3.04
gaaaag	gaaaag	0.0012779552716	0.0012170952956	12	11.43	0.47178	1.5e+03	-3.18
gaaaat	gaaaat	0.0003194888179	0.0009006505187	3	8.46	0.99042	3.2e+03	-3.50
gaaaca	gaaaca	0.0001064962726	0.0002181865957	1	2.05	0.87114	2.8e+03	-3.44
gaaacc	gaaacc	0.0002129925453	0.0000909110815	2	0.85	0.21061	6.7e+02	-2.83
gaaacg	gaaacg	0.0003194888179	0.0000909110815	3	0.85	0.05544	1.8e+02	-2.25
gaaact	gaaact	0.0001064962726	0.0003272798935	1	3.07	0.95375	3.0e+03	-3.48
gaaaga	gaaaga	0.0005324813632	0.0002988754173	5	2.81	0.15330	4.9e+02	-2.69
gaaagc	gaaagc	0.0001064962726	0.0001855088797	1	1.74	0.82485	2.6e+03	-3.42
gaaagg	gaaagg	0.0002129925453	0.0002267330752	2	2.13	0.62782	2.0e+03	-3.30
gaaagt	gaaagt	0.0001064962726	0.0002473451730	1	2.32	0.90201	2.9e+03	-3.46
gaaata	gaaata	0.0008519701810	0.0007383711460	8	6.93	0.39135	1.3e+03	-3.10
gaaatc	gaaatc	0.0002129925453	0.0002082585284	2	1.96	0.58186	1.9e+03	-3.27
gaaatg	gaaatg	0.0003194888179	0.0003597192763	3	3.38	0.65600	2.1e+03	-3.32
gaaatt	gaaatt	0.0003194888179	0.0003975844632	3	3.73	0.72022	2.3e+03	-3.36
gaacaa	gaacaa	0.0002129925453	0.0002662395959	2	2.50	0.71274	2.3e+03	-3.36
gaacac	gaacac	0.0005324813632	0.0002472224819	5	2.32	0.08625	2.8e+02	-2.44
gaacag	gaacag	0.0002129925453	0.0002852567099	2	2.68	0.74747	2.4e+03	-3.38
gaacat	gaacat	0.0001064962726	0.0002662395959	1	2.50	0.91794	2.9e+03	-3.47
gaacca	gaacca	0.0002129925453	0.0002252796581	2	2.12	0.62436	2.0e+03	-3.30
gaaccc	gaaccc	0.0001064962726	0.0000614399067	1	0.58	0.43838	1.4e+03	-3.15
gaacct	gaacct	0.0002129925453	0.0002047996892	2	1.92	0.57280	1.8e+03	-3.26
gaacga	gaacga	0.0001064962726	0.0001490941737	1	1.40	0.75343	2.4e+03	-3.38
gaacgc	gaacgc	0.0001064962726	0.0001863677171	1	1.75	0.82625	2.6e+03	-3.42
gaacgg	gaacgg	0.0001064962726	0.0001118206303	1	1.05	0.65008	2.1e+03	-3.32
gaacgt	gaacgt	0.0003194888179	0.0002609148040	3	2.45	0.44331	1.4e+03	-3.15
gaacta	gaacta	0.0001064962726	0.0002396156363	1	2.25	0.89463	2.9e+03	-3.46
gaactc	gaactc	0.0001064962726	0.0002211836643	1	2.08	0.87471	2.8e+03	-3.45
gaactg	gaactg	0.0002129925453	0.0002211836643	2	2.08	0.61444	2.0e+03	-3.29
gaactt	gaactt	0.0005324813632	0.0002764795804	5	2.60	0.12200	3.9e+02	-2.59
gaagaa	gaagaa	0.0004259850905	0.0005609780782	4	5.27	0.77063	2.5e+03	-3.39
gaagac	gaagac	0.0004259850905	0.0001484941972	4	1.39	0.05308	1.7e+02	-2.23
gaagag	gaagag	0.0003194888179	0.0002144916181	3	2.01	0.32713	1.0e+03	-3.02
gaagca	gaagca	0.0002129925453	0.0003194875151	2	3.00	0.80090	2.6e+03	-3.41
gaagcc	gaagcc	0.0001064962726	0.0001720317389	1	1.62	0.80121	2.6e+03	-3.41
gaagcg	gaagcg	0.0002129925453	0.0002211836643	2	2.08	0.61444	2.0e+03	-3.29
gaagct	gaagct	0.0004259850905	0.0002457596270	4	2.31	0.20220	6.5e+02	-2.81
gaagga	gaagga	0.0002129925453	0.0002285764336	2	2.15	0.63219	2.0e+03	-3.31
gaaggc	gaaggc	0.0001064962726	0.0001870170820	1	1.76	0.82731	2.6e+03	-3.42
gaaggg	gaaggg	0.0004259850905	0.0002077967578	4	1.95	0.13416	4.3e+02	-2.63
gaaggt	gaaggt	0.0001064962726	0.0002285764336	1	2.15	0.88312	2.8e+03	-3.45
gaagta	gaagta	0.0001064962726	0.0004035631770	1	3.79	0.97741	3.1e+03	-3.49
gaagtg	gaagtg	0.0003194888179	0.0001793614120	3	1.68	0.23861	7.6e+02	-2.88
gaagtt	gaagtt	0.0008519701810	0.0004932438830	8	4.63	0.09777	3.1e+02	-2.49
gaataa	gaataa	0.0004259850905	0.0004634324395	4	4.35	0.63211	2.0e+03	-3.31
gaatac	gaatac	0.0003194888179	0.0001544774798	3	1.45	0.17883	5.7e+02	-2.76
gaatag	gaatag	0.0002129925453	0.0002106511089	2	1.98	0.58804	1.9e+03	-3.27
gaatat	gaatat	0.0003194888179	0.0004493890322	3	4.22	0.79243	2.5e+03	-3.40
gaatca	gaatca	0.0003194888179	0.0002899053378	3	2.72	0.51183	1.6e+03	-3.21
gaatcc	gaatcc	0.0002129925453	0.0002070752413	2	1.94	0.57877	1.9e+03	-3.27
gaatcg	gaatcg	0.0001064962726	0.0000828300965	1	0.78	0.54059	1.7e+03	-3.24
gaatct	gaatct	0.0001064962726	0.0001656601930	1	1.56	0.78895	2.5e+03	-3.40
gaatga	gaatga	0.0001064962726	0.0002220551523	1	2.09	0.87573	2.8e+03	-3.45
gaatgc	gaatgc	0.0001064962726	0.0001903329877	1	1.79	0.83260	2.7e+03	-3.43
gaatgg	gaatgg	0.0002129925453	0.0001110275762	2	1.04	0.27989	8.9e+02	-2.95
gaatgt	gaatgt	0.0003194888179	0.0002220551523	3	2.09	0.34635	1.1e+03	-3.04
gaatta	gaatta	0.0001064962726	0.0001496698269	1	1.41	0.75476	2.4e+03	-3.38
gaattc	gaattc	0.0001064962726	0.0001496698269	1	1.41	0.75476	2.4e+03	-3.38
gaattg	gaattg	0.0003194888179	0.0003180483821	3	2.99	0.57381	1.8e+03	-3.26
gaattt	gaattt	0.0008519701810	0.0007670578628	8	7.20	0.43147	1.4e+03	-3.14
gacaaa	gacaaa	0.0005324813632	0.0003904847407	5	3.67	0.30634	9.8e+02	-2.99
gacaac	gacaac	0.0002129925453	0.0003254039506	2	3.06	0.80904	2.6e+03	-3.41
gacaag	gacaag	0.0003194888179	0.0001735487736	3	1.63	0.22432	7.2e+02	-2.86
gacaat	gacaat	0.0001064962726	0.0002820167572	1	2.65	0.92924	3.0e+03	-3.47
gacaca	gacaca	0.0003194888179	0.0001670048374	3	1.57	0.20844	6.7e+02	-2.82
gacaga	gacaga	0.0002129925453	0.0001161772782	2	1.09	0.29764	9.5e+02	-2.98
gacagg	gacagg	0.0001064962726	0.0000871329587	1	0.82	0.55878	1.8e+03	-3.25
gacagt	gacagt	0.0001064962726	0.0001452215978	1	1.36	0.74429	2.4e+03	-3.38
gacata	gacata	0.0002129925453	0.0003812242330	2	3.58	0.87235	2.8e+03	-3.45
gacatc	gacatc	0.0004259850905	0.0002407731998	4	2.26	0.19273	6.2e+02	-2.79
gacatt	gacatt	0.0007454739084	0.0005618041328	7	5.28	0.27905	8.9e+02	-2.95
gaccac	gaccac	0.0003194888179	0.0002129916767	3	2.00	0.32332	1.0e+03	-3.01
gaccag	gaccag	0.0001064962726	0.0001242451448	1	1.17	0.68862	2.2e+03	-3.34
gaccat	gaccat	0.0002129925453	0.0001242451448	2	1.17	0.32530	1.0e+03	-3.02
gaccca	gaccca	0.0002129925453	0.0001064958384	2	1.00	0.26424	8.4e+02	-2.93
gaccgg	gaccgg	0.0001064962726	0.0000709972256	1	0.67	0.48659	1.6e+03	-3.19
gaccgt	gaccgt	0.0001064962726	0.0000709972256	1	0.67	0.48659	1.6e+03	-3.19
gaccta	gaccta	0.0001064962726	0.0000828300965	1	0.78	0.54059	1.7e+03	-3.24
gacctc	gacctc	0.0001064962726	0.0000709972256	1	0.67	0.48659	1.6e+03	-3.19
gacctt	gacctt	0.0001064962726	0.0001183287093	1	1.11	0.67083	2.1e+03	-3.33
gacgag	gacgag	0.0002129925453	0.0000798718788	2	0.75	0.17335	5.5e+02	-2.74
gacgcc	gacgcc	0.0001064962726	0.0000665598990	1	0.62	0.46475	1.5e+03	-3.17
gacgcg	gacgcg	0.0001064962726	0.0000532479192	1	0.50	0.39348	1.3e+03	-3.10
gacgga	gacgga	0.0001064962726	0.0001064958384	1	1.00	0.63214	2.0e+03	-3.31
gacggg	gacggg	0.0001064962726	0.0000456410736	1	0.43	0.34857	1.1e+03	-3.05
gacgta	gacgta	0.0001064962726	0.0000273066252	1	0.26	0.22618	7.2e+02	-2.86
gactaa	gactaa	0.0004259850905	0.0002839889023	4	2.67	0.27856	8.9e+02	-2.95
gactac	gactac	0.0002129925453	0.0001597437575	2	1.50	0.44219	1.4e+03	-3.15
gactat	gactat	0.0001064962726	0.0001774930639	1	1.67	0.81115	2.6e+03	-3.41
gactca	gactca	0.0006389776358	0.0004130747670	6	3.88	0.19619	6.3e+02	-2.80
gactcc	gactcc	0.0001064962726	0.0001290858647	1	1.21	0.70246	2.2e+03	-3.35
gactct	gactct	0.0001064962726	0.0002065373835	1	1.94	0.85624	2.7e+03	-3.44
gactga	gactga	0.0001064962726	0.0001064958384	1	1.00	0.63214	2.0e+03	-3.31
gactgc	gactgc	0.0001064962726	0.0001703933414	1	1.60	0.79813	2.6e+03	-3.41
gactgg	gactgg	0.0002129925453	0.0000851966707	2	0.80	0.19120	6.1e+02	-2.79
gactgt	gactgt	0.0003194888179	0.0003833850181	3	3.60	0.69730	2.2e+03	-3.35
gactta	gactta	0.0003194888179	0.0001640035911	3	1.54	0.20125	6.4e+02	-2.81
gacttc	gacttc	0.0001064962726	0.0001938224258	1	1.82	0.83800	2.7e+03	-3.43
gacttt	gacttt	0.0003194888179	0.0002385506779	3	2.24	0.38800	1.2e+03	-3.09
gagaaa	gagaaa	0.0004259850905	0.0006258454063	4	5.88	0.83753	2.7e+03	-3.43
gagaac	gagaac	0.0003194888179	0.0001896501231	3	1.78	0.26424	8.4e+02	-2.93
gagaag	gagaag	0.0004259850905	0.0003034401970	4	2.85	0.31904	1.0e+03	-3.01
gagaat	gagaat	0.0002129925453	0.0002655101724	2	2.49	0.71133	2.3e+03	-3.36
gagaca	gagaca	0.0001064962726	0.0001369232208	1	1.29	0.72357	2.3e+03	-3.36
gagacc	gagacc	0.0001064962726	0.0000760684560	1	0.71	0.51047	1.6e+03	-3.21
gagact	gagact	0.0001064962726	0.0000760684560	1	0.71	0.51047	1.6e+03	-3.21
gagagc	gagagc	0.0001064962726	0.0000532479192	1	0.50	0.39348	1.3e+03	-3.10
gagagt	gagagt	0.0002129925453	0.0000851966707	2	0.80	0.19120	6.1e+02	-2.79
gagata	gagata	0.0004259850905	0.0002730662522	4	2.56	0.25620	8.2e+02	-2.91
gagatt	gagatt	0.0001064962726	0.0000682665631	1	0.64	0.47326	1.5e+03	-3.18
gagcaa	gagcaa	0.0003194888179	0.0002819007486	3	2.65	0.49334	1.6e+03	-3.20
gagcac	gagcac	0.0001064962726	0.0001503470659	1	1.41	0.75631	2.4e+03	-3.38
gagcat	gagcat	0.0002129925453	0.0001691404492	2	1.59	0.47127	1.5e+03	-3.18
gagccc	gagccc	0.0001064962726	0.0000236657419	1	0.22	0.19926	6.4e+02	-2.80
gagccg	gagccg	0.0001064962726	0.0000473314837	1	0.44	0.35883	1.1e+03	-3.06
gagcga	gagcga	0.0002129925453	0.0000532479192	2	0.50	0.09020	2.9e+02	-2.46
gagcta	gagcta	0.0001064962726	0.0000618362932	1	0.58	0.44047	1.4e+03	-3.15
gagctt	gagctt	0.0002129925453	0.0001133665376	2	1.06	0.28796	9.2e+02	-2.96
gaggag	gaggag	0.0001064962726	0.0000894565042	1	0.84	0.56830	1.8e+03	-3.26
gaggat	gaggat	0.0002129925453	0.0000511180024	2	0.48	0.08420	2.7e+02	-2.43
gaggcc	gaggcc	0.0001064962726	0.0001663997474	1	1.56	0.79041	2.5e+03	-3.40
gaggct	gaggct	0.0004259850905	0.0002329596464	4	2.19	0.17817	5.7e+02	-2.76
gaggga	gaggga	0.0001064962726	0.0001127602994	1	1.06	0.65316	2.1e+03	-3.32
gagggc	gagggc	0.0001064962726	0.0000375867665	1	0.35	0.29739	9.5e+02	-2.98
gagggg	gagggg	0.0001064962726	0.0000563801497	1	0.53	0.41106	1.3e+03	-3.12
gaggta	gaggta	0.0003194888179	0.0001691404492	3	1.59	0.21360	6.8e+02	-2.83
gaggtc	gaggtc	0.0002129925453	0.0000939669162	2	0.88	0.22106	7.1e+02	-2.85
gaggtt	gaggtt	0.0001064962726	0.0001879338324	1	1.76	0.82879	2.6e+03	-3.42
gagtaa	gagtaa	0.0004259850905	0.0002995195454	4	2.81	0.31084	9.9e+02	-3.00
gagtac	gagtac	0.0001064962726	0.0002396156363	1	2.25	0.89463	2.9e+03	-3.46
gagtag	gagtag	0.0001064962726	0.0001397757879	1	1.31	0.73088	2.3e+03	-3.37
gagtat	gagtat	0.0003194888179	0.0002795515757	3	2.62	0.48785	1.6e+03	-3.19
gagtca	gagtca	0.0005324813632	0.0004432529489	5	4.16	0.40281	1.3e+03	-3.11
gagtcc	gagtcc	0.0001064962726	0.0000604435839	1	0.57	0.43311	1.4e+03	-3.14
gagtcg	gagtcg	0.0001064962726	0.0001007393066	1	0.95	0.61170	2.0e+03	-3.29
gagtga	gagtga	0.0002129925453	0.0002323545564	2	2.18	0.64101	2.0e+03	-3.31
gagtgc	gagtgc	0.0001064962726	0.0000580886391	1	0.55	0.42043	1.3e+03	-3.13
gagtgg	gagtgg	0.0002129925453	0.0001742659173	2	1.64	0.48675	1.6e+03	-3.19
gagtgt	gagtgt	0.0001064962726	0.0001742659173	1	1.64	0.80534	2.6e+03	-3.41
gagtta	gagtta	0.0001064962726	0.0001064958384	1	1.00	0.63214	2.0e+03	-3.31
gagttc	gagttc	0.0001064962726	0.0000798718788	1	0.75	0.52765	1.7e+03	-3.23
gagttt	gagttt	0.0002129925453	0.0001663997474	2	1.56	0.46288	1.5e+03	-3.17
gataaa	gataaa	0.0003194888179	0.0004347665154	3	4.08	0.77380	2.5e+03	-3.39
gataac	gataac	0.0001064962726	0.0001690758671	1	1.59	0.79562	2.5e+03	-3.41
gataag	gataag	0.0003194888179	0.0002294601053	3	2.15	0.36510	1.2e+03	-3.07
gataat	gataat	0.0004259850905	0.0003381517342	4	3.18	0.39197	1.3e+03	-3.10
gataca	gataca	0.0003194888179	0.0002390722902	3	2.24	0.38930	1.2e+03	-3.10
gatacc	gatacc	0.0001064962726	0.0000760684560	1	0.71	0.51047	1.6e+03	-3.21
gatacg	gatacg	0.0001064962726	0.0000869353783	1	0.82	0.55796	1.8e+03	-3.25
gataga	gataga	0.0004259850905	0.0004622372559	4	4.34	0.63012	2.0e+03	-3.30
gatagc	gatagc	0.0001064962726	0.0002990946950	1	2.81	0.93973	3.0e+03	-3.48
gatagg	gatagg	0.0001064962726	0.0001359521341	1	1.28	0.72104	2.3e+03	-3.36
gatagt	gatagt	0.0006389776358	0.0003806659754	6	3.57	0.15234	4.9e+02	-2.69
gatata	gatata	0.0009584664537	0.0015871975910	9	14.90	0.96075	3.1e+03	-3.49
gatatc	gatatc	0.0004259850905	0.0002218663299	4	2.08	0.15820	5.1e+02	-2.70
gatatg	gatatg	0.0003194888179	0.0003242661745	3	3.04	0.58682	1.9e+03	-3.27
gatatt	gatatt	0.0009584664537	0.0005290658637	9	4.97	0.06597	2.1e+02	-2.32
gatcaa	gatcaa	0.0002129925453	0.0001228798135	2	1.15	0.32063	1.0e+03	-3.01
gatcac	gatcac	0.0001064962726	0.0001331197980	1	1.25	0.71352	2.3e+03	-3.36
gatcat	gatcat	0.0002129925453	0.0002252796581	2	2.12	0.62436	2.0e+03	-3.30
gatcca	gatcca	0.0001064962726	0.0000833445692	1	0.78	0.54280	1.7e+03	-3.24
gatcct	gatcct	0.0001064962726	0.0000833445692	1	0.78	0.54280	1.7e+03	-3.24
gatcgc	gatcgc	0.0001064962726	0.0000871329587	1	0.82	0.55878	1.8e+03	-3.25
gatcgg	gatcgg	0.0002129925453	0.0000726107989	2	0.68	0.14951	4.8e+02	-2.68
gatcta	gatcta	0.0001064962726	0.0001585054338	1	1.49	0.77429	2.5e+03	-3.39
gatctc	gatctc	0.0001064962726	0.0000594395377	1	0.56	0.42774	1.4e+03	-3.14
gatctg	gatctg	0.0001064962726	0.0000594395377	1	0.56	0.42774	1.4e+03	-3.14
gatctt	gatctt	0.0001064962726	0.0001485988442	1	1.40	0.75228	2.4e+03	-3.38
gatgaa	gatgaa	0.0003194888179	0.0004046841858	3	3.80	0.73116	2.3e+03	-3.37
gatgac	gatgac	0.0003194888179	0.0002342908444	3	2.20	0.37729	1.2e+03	-3.08
gatgag	gatgag	0.0001064962726	0.0000851966707	1	0.80	0.55068	1.8e+03	-3.25
gatgat	gatgat	0.0002129925453	0.0002342908444	2	2.20	0.64546	2.1e+03	-3.31
gatgca	gatgca	0.0004259850905	0.0003506570288	4	3.29	0.41805	1.3e+03	-3.13
gatgcc	gatgcc	0.0001064962726	0.0001402628115	1	1.32	0.73211	2.3e+03	-3.37
gatgcg	gatgcg	0.0001064962726	0.0001870170820	1	1.76	0.82731	2.6e+03	-3.42
gatgct	gatgct	0.0003194888179	0.0002805256230	3	2.63	0.49013	1.6e+03	-3.20
gatgga	gatgga	0.0001064962726	0.0001064958384	1	1.00	0.63214	2.0e+03	-3.31
gatggg	gatggg	0.0001064962726	0.0001331197980	1	1.25	0.71352	2.3e+03	-3.36
gatggt	gatggt	0.0003194888179	0.0001597437575	3	1.50	0.19114	6.1e+02	-2.79
gatgta	gatgta	0.0003194888179	0.0001905715002	3	1.79	0.26655	8.5e+02	-2.93
gatgtt	gatgtt	0.0001064962726	0.0001233109707	1	1.16	0.68587	2.2e+03	-3.34
gattac	gattac	0.0003194888179	0.0001479108866	3	1.39	0.16381	5.2e+02	-2.72
gattat	gattat	0.0002129925453	0.0001873537897	2	1.76	0.52495	1.7e+03	-3.22
gattca	gattca	0.0001064962726	0.0000618362932	1	0.58	0.44047	1.4e+03	-3.15
gattct	gattct	0.0001064962726	0.0000893190902	1	0.84	0.56775	1.8e+03	-3.26
gattga	gattga	0.0003194888179	0.0002592942152	3	2.43	0.43936	1.4e+03	-3.15
gattgc	gattgc	0.0001064962726	0.0001296471076	1	1.22	0.70402	2.3e+03	-3.35
gattgg	gattgg	0.0001064962726	0.0001296471076	1	1.22	0.70402	2.3e+03	-3.35
gattgt	gattgt	0.0002129925453	0.0002268824383	2	2.13	0.62818	2.0e+03	-3.30
gattta	gattta	0.0005324813632	0.0003169316150	5	2.98	0.18069	5.8e+02	-2.76
gatttc	gatttc	0.0002129925453	0.0002760372130	2	2.59	0.73111	2.3e+03	-3.37
gatttg	gatttg	0.0002129925453	0.0002044720097	2	1.92	0.57193	1.8e+03	-3.26
gatttt	gatttt	0.0003194888179	0.0004805092227	3	4.51	0.82783	2.6e+03	-3.42
gcaaaa	gcaaaa	0.0011714589989	0.0009299636590	11	8.73	0.26272	8.4e+02	-2.92
gcaaac	gcaaac	0.0002129925453	0.0002399906217	2	2.25	0.65832	2.1e+03	-3.32
gcaaag	gcaaag	0.0003194888179	0.0004199835879	3	3.94	0.75358	2.4e+03	-3.38
gcaaat	gcaaat	0.0004259850905	0.0005399788988	4	5.07	0.74479	2.4e+03	-3.38
gcaaca	gcaaca	0.0002129925453	0.0002253749138	2	2.12	0.62458	2.0e+03	-3.30
gcaacc	gcaacc	0.0002129925453	0.0001733653183	2	1.63	0.48405	1.5e+03	-3.19
gcaact	gcaact	0.0003194888179	0.0002773845092	3	2.60	0.48276	1.5e+03	-3.19
gcaagc	gcaagc	0.0002129925453	0.0000709972256	2	0.67	0.14430	4.6e+02	-2.66
gcaagg	gcaagg	0.0001064962726	0.0000709972256	1	0.67	0.48659	1.6e+03	-3.19
gcaagt	gcaagt	0.0001064962726	0.0001419944512	1	1.33	0.73643	2.4e+03	-3.37
gcaata	gcaata	0.0002129925453	0.0002571974964	2	2.42	0.69487	2.2e+03	-3.35
gcaatc	gcaatc	0.0001064962726	0.0000964490612	1	0.91	0.59574	1.9e+03	-3.28
gcaatg	gcaatg	0.0003194888179	0.0001928981223	3	1.81	0.27241	8.7e+02	-2.94
gcaatt	gcaatt	0.0001064962726	0.0002732723400	1	2.57	0.92319	3.0e+03	-3.47
gcacac	gcacac	0.0004259850905	0.0003042738239	4	2.86	0.32079	1.0e+03	-3.01
gcacat	gcacat	0.0006389776358	0.0003380820266	6	3.17	0.10250	3.3e+02	-2.52
gcaccc	gcaccc	0.0002129925453	0.0001146878259	2	1.08	0.29251	9.4e+02	-2.97
gcacct	gcacct	0.0002129925453	0.0001310718011	2	1.23	0.34847	1.1e+03	-3.05
gcacgc	gcacgc	0.0003194888179	0.0001916925091	3	1.80	0.26937	8.6e+02	-2.94
gcacgg	gcacgg	0.0001064962726	0.0001277950060	1	1.20	0.69883	2.2e+03	-3.35
gcacgt	gcacgt	0.0005324813632	0.0005750775272	5	5.40	0.62675	2.0e+03	-3.30
gcacta	gcacta	0.0002129925453	0.0002532873994	2	2.38	0.68686	2.2e+03	-3.34
gcactc	gcactc	0.0003194888179	0.0001583046246	3	1.49	0.18776	6.0e+02	-2.78
gcactt	gcactt	0.0006389776358	0.0005065747987	6	4.76	0.34143	1.1e+03	-3.04
gcagac	gcagac	0.0001064962726	0.0000327679503	1	0.31	0.26486	8.5e+02	-2.93
gcagat	gcagat	0.0001064962726	0.0000573439130	1	0.54	0.41636	1.3e+03	-3.12
gcagcc	gcagcc	0.0001064962726	0.0000608547648	1	0.57	0.43529	1.4e+03	-3.14
gcagct	gcagct	0.0002129925453	0.0001369232208	2	1.29	0.36811	1.2e+03	-3.07
gcagga	gcagga	0.0001064962726	0.0000425983353	1	0.40	0.32968	1.1e+03	-3.02
gcagta	gcagta	0.0003194888179	0.0001460514355	3	1.37	0.15963	5.1e+02	-2.71
gcagtc	gcagtc	0.0002129925453	0.0001703933414	2	1.60	0.47508	1.5e+03	-3.18
gcagtt	gcagtt	0.0003194888179	0.0004624962123	3	4.34	0.80802	2.6e+03	-3.41
gcataa	gcataa	0.0001064962726	0.0001966077016	1	1.85	0.84218	2.7e+03	-3.43
gcatag	gcatag	0.0001064962726	0.0001474557762	1	1.38	0.74960	2.4e+03	-3.38
gcatat	gcatat	0.0004259850905	0.0001843197202	4	1.73	0.09783	3.1e+02	-2.50
gcatcc	gcatcc	0.0001064962726	0.0000567977805	1	0.53	0.41336	1.3e+03	-3.12
gcatct	gcatct	0.0005324813632	0.0002271911218	5	2.13	0.06546	2.1e+02	-2.32
gcatga	gcatga	0.0001064962726	0.0001703933414	1	1.60	0.79813	2.6e+03	-3.41
gcatgt	gcatgt	0.0003194888179	0.0000851966707	3	0.80	0.04741	1.5e+02	-2.18
gcatta	gcatta	0.0002129925453	0.0001645844775	2	1.55	0.45728	1.5e+03	-3.16
gcattc	gcattc	0.0003194888179	0.0000968143985	3	0.91	0.06435	2.1e+02	-2.31
gcattg	gcattg	0.0001064962726	0.0000968143985	1	0.91	0.59713	1.9e+03	-3.28
gccaaa	gccaaa	0.0001064962726	0.0001345210590	1	1.26	0.71726	2.3e+03	-3.36
gccaac	gccaac	0.0002129925453	0.0002017815885	2	1.89	0.56478	1.8e+03	-3.26
gccaag	gccaag	0.0003194888179	0.0001793614120	3	1.68	0.23861	7.6e+02	-2.88
gccaat	gccaat	0.0002129925453	0.0003138824710	2	2.95	0.79290	2.5e+03	-3.40
gccaca	gccaca	0.0011714589989	0.0008631767952	11	8.11	0.19461	6.2e+02	-2.79
gccacc	gccacc	0.0001064962726	0.0002746471621	1	2.58	0.92417	3.0e+03	-3.47
gccacg	gccacg	0.0001064962726	0.0001569412355	1	1.47	0.77095	2.5e+03	-3.39
gccact	gccact	0.0001064962726	0.0001961765444	1	1.84	0.84154	2.7e+03	-3.43
gccaga	gccaga	0.0002129925453	0.0001419944512	2	1.33	0.38495	1.2e+03	-3.09
gccagc	gccagc	0.0001064962726	0.0000567977805	1	0.53	0.41336	1.3e+03	-3.12
gccagg	gccagg	0.0001064962726	0.0001135955609	1	1.07	0.65587	2.1e+03	-3.32
gccata	gccata	0.0002129925453	0.0003294714999	2	3.09	0.81447	2.6e+03	-3.42
gccatc	gccatc	0.0002129925453	0.0002695675909	2	2.53	0.71909	2.3e+03	-3.36
gccatg	gccatg	0.0001064962726	0.0001497597727	1	1.41	0.75496	2.4e+03	-3.38
gccatt	gccatt	0.0004259850905	0.0002096636818	4	1.97	0.13726	4.4e+02	-2.64
gcccaa	gcccaa	0.0001064962726	0.0000871329587	1	0.82	0.55878	1.8e+03	-3.25
gcccat	gcccat	0.0001064962726	0.0000677700790	1	0.64	0.47080	1.5e+03	-3.18
gcccga	gcccga	0.0001064962726	0.0000608547648	1	0.57	0.43529	1.4e+03	-3.14
gcccgc	gcccgc	0.0001064962726	0.0001217095296	1	1.14	0.68111	2.2e+03	-3.34
gcccgg	gcccgg	0.0001064962726	0.0001521369120	1	1.43	0.76037	2.4e+03	-3.39
gcccgt	gcccgt	0.0001064962726	0.0000912821472	1	0.86	0.57564	1.8e+03	-3.26
gccctc	gccctc	0.0002129925453	0.0000983038508	2	0.92	0.23597	7.5e+02	-2.88
gccgag	gccgag	0.0002129925453	0.0000532479192	2	0.50	0.09020	2.9e+02	-2.46
gccggg	gccggg	0.0001064962726	0.0000983038508	1	0.92	0.60272	1.9e+03	-3.28
gccggt	gccggt	0.0002129925453	0.0001474557762	2	1.38	0.40285	1.3e+03	-3.11
gccgta	gccgta	0.0002129925453	0.0001419944512	2	1.33	0.38495	1.2e+03	-3.09
gccgtc	gccgtc	0.0001064962726	0.0001774930639	1	1.67	0.81115	2.6e+03	-3.41
gccgtg	gccgtg	0.0001064962726	0.0001419944512	1	1.33	0.73643	2.4e+03	-3.37
gccgtt	gccgtt	0.0002129925453	0.0001774930639	2	1.67	0.49635	1.6e+03	-3.20
gcctaa	gcctaa	0.0001064962726	0.0000199679697	1	0.19	0.17097	5.5e+02	-2.74
gcctca	gcctca	0.0001064962726	0.0000573439130	1	0.54	0.41636	1.3e+03	-3.12
gcctct	gcctct	0.0001064962726	0.0000737278881	1	0.69	0.49959	1.6e+03	-3.20
gcctgc	gcctgc	0.0001064962726	0.0000655359005	1	0.62	0.45958	1.5e+03	-3.17
gcctgt	gcctgt	0.0001064962726	0.0000819198757	1	0.77	0.53664	1.7e+03	-3.23
gcctta	gcctta	0.0002129925453	0.0001442846842	2	1.35	0.39248	1.3e+03	-3.10
gccttc	gccttc	0.0002129925453	0.0001202372369	2	1.13	0.31159	1.0e+03	-3.00
gccttg	gccttg	0.0002129925453	0.0001683321316	2	1.58	0.46881	1.5e+03	-3.18
gccttt	gccttt	0.0001064962726	0.0003126168158	1	2.94	0.94692	3.0e+03	-3.48
gcgaaa	gcgaaa	0.0002129925453	0.0001331197980	2	1.25	0.35537	1.1e+03	-3.06
gcgaac	gcgaac	0.0001064962726	0.0001331197980	1	1.25	0.71352	2.3e+03	-3.36
gcgaat	gcgaat	0.0001064962726	0.0000798718788	1	0.75	0.52765	1.7e+03	-3.23
gcgaca	gcgaca	0.0001064962726	0.0001161772782	1	1.09	0.66411	2.1e+03	-3.33
gcgact	gcgact	0.0003194888179	0.0002323545564	3	2.18	0.37241	1.2e+03	-3.08
gcgaga	gcgaga	0.0001064962726	0.0000560504412	1	0.53	0.40923	1.3e+03	-3.12
gcgagt	gcgagt	0.0001064962726	0.0000448403530	1	0.42	0.34365	1.1e+03	-3.04
gcgata	gcgata	0.0003194888179	0.0002995195454	3	2.81	0.53355	1.7e+03	-3.23
gcgatg	gcgatg	0.0001064962726	0.0000998398485	1	0.94	0.60841	1.9e+03	-3.29
gcgatt	gcgatt	0.0001064962726	0.0000665598990	1	0.62	0.46475	1.5e+03	-3.17
gcgcac	gcgcac	0.0002129925453	0.0001681513237	2	1.58	0.46826	1.5e+03	-3.18
gcgcat	gcgcat	0.0003194888179	0.0001121008825	3	1.05	0.09022	2.9e+02	-2.46
gcgcca	gcgcca	0.0004259850905	0.0004472825211	4	4.20	0.60464	1.9e+03	-3.29
gcgccc	gcgccc	0.0001064962726	0.0001490941737	1	1.40	0.75343	2.4e+03	-3.38
gcgcct	gcgcct	0.0002129925453	0.0001490941737	2	1.40	0.40818	1.3e+03	-3.12
gcgcga	gcgcga	0.0001064962726	0.0002218663299	1	2.08	0.87551	2.8e+03	-3.45
gcgcgc	gcgcgc	0.0001064962726	0.0001774930639	1	1.67	0.81115	2.6e+03	-3.41
gcgcgg	gcgcgg	0.0002129925453	0.0000887465320	2	0.83	0.20323	6.5e+02	-2.81
gcgcgt	gcgcgt	0.0001064962726	0.0000443732660	1	0.42	0.34076	1.1e+03	-3.04
gcgctg	gcgctg	0.0001064962726	0.0000202849216	1	0.19	0.17344	5.5e+02	-2.74
gcgctt	gcgctt	0.0001064962726	0.0000811396864	1	0.76	0.53324	1.7e+03	-3.23
gcggaa	gcggaa	0.0003194888179	0.0002192561378	3	2.06	0.33924	1.1e+03	-3.04
gcggag	gcggag	0.0002129925453	0.0000939669162	2	0.88	0.22106	7.1e+02	-2.85
gcggga	gcggga	0.0001064962726	0.0001310718011	1	1.23	0.70795	2.3e+03	-3.35
gcgggc	gcgggc	0.0001064962726	0.0001310718011	1	1.23	0.70795	2.3e+03	-3.35
gcgggt	gcgggt	0.0002129925453	0.0001638397513	2	1.54	0.45498	1.5e+03	-3.16
gcggtc	gcggtc	0.0001064962726	0.0000327679503	1	0.31	0.26486	8.5e+02	-2.93
gcgtaa	gcgtaa	0.0002129925453	0.0000912821472	2	0.86	0.21188	6.8e+02	-2.83
gcgtat	gcgtat	0.0001064962726	0.0001369232208	1	1.29	0.72357	2.3e+03	-3.36
gcgtca	gcgtca	0.0003194888179	0.0003037103539	3	2.85	0.54284	1.7e+03	-3.24
gcgtcc	gcgtcc	0.0001064962726	0.0001380501608	1	1.30	0.72648	2.3e+03	-3.37
gcgtcg	gcgtcg	0.0001064962726	0.0001656601930	1	1.56	0.78895	2.5e+03	-3.40
gcgtct	gcgtct	0.0002129925453	0.0001380501608	2	1.30	0.37187	1.2e+03	-3.08
gcgtga	gcgtga	0.0002129925453	0.0001339786354	2	1.26	0.35825	1.1e+03	-3.06
gcgtgt	gcgtgt	0.0001064962726	0.0000618362932	1	0.58	0.44047	1.4e+03	-3.15
gcgttg	gcgttg	0.0001064962726	0.0000228205368	1	0.21	0.19288	6.2e+02	-2.79
gcgttt	gcgttt	0.0001064962726	0.0001141026840	1	1.07	0.65750	2.1e+03	-3.32
gctaaa	gctaaa	0.0001064962726	0.0001266436997	1	1.19	0.69555	2.2e+03	-3.35
gctaat	gctaat	0.0003194888179	0.0001266436997	3	1.19	0.11816	3.8e+02	-2.58
gctaca	gctaca	0.0002129925453	0.0001242451448	2	1.17	0.32530	1.0e+03	-3.02
gctacg	gctacg	0.0001064962726	0.0001064958384	1	1.00	0.63214	2.0e+03	-3.31
gctact	gctact	0.0001064962726	0.0001242451448	1	1.17	0.68862	2.2e+03	-3.34
gctaga	gctaga	0.0001064962726	0.0002087318432	1	1.96	0.85917	2.7e+03	-3.44
gctagc	gctagc	0.0002129925453	0.0001490941737	2	1.40	0.40818	1.3e+03	-3.12
gctagg	gctagg	0.0001064962726	0.0000596376695	1	0.56	0.42880	1.4e+03	-3.14
gctagt	gctagt	0.0003194888179	0.0003280071822	3	3.08	0.59453	1.9e+03	-3.28
gctata	gctata	0.0003194888179	0.0003006941319	3	2.82	0.53616	1.7e+03	-3.23
gctatc	gctatc	0.0001064962726	0.0002067272157	1	1.94	0.85649	2.7e+03	-3.44
gctatg	gctatg	0.0002129925453	0.0001315536827	2	1.24	0.35009	1.1e+03	-3.05
gctatt	gctatt	0.0003194888179	0.0003194875151	3	3.00	0.57684	1.8e+03	-3.27
gctcaa	gctcaa	0.0004259850905	0.0003115003272	4	2.92	0.33597	1.1e+03	-3.03
gctcac	gctcac	0.0001064962726	0.0000958462545	1	0.90	0.59345	1.9e+03	-3.28
gctcag	gctcag	0.0002129925453	0.0002396156363	2	2.25	0.65749	2.1e+03	-3.32
gctcat	gctcat	0.0002129925453	0.0003115003272	2	2.92	0.78941	2.5e+03	-3.40
gctccc	gctccc	0.0002129925453	0.0001481681229	2	1.39	0.40517	1.3e+03	-3.11
gctccg	gctccg	0.0001064962726	0.0000555630461	1	0.52	0.40652	1.3e+03	-3.11
gctcct	gctcct	0.0001064962726	0.0001296471076	1	1.22	0.70402	2.3e+03	-3.35
gctcga	gctcga	0.0001064962726	0.0001936287970	1	1.82	0.83771	2.7e+03	-3.43
gctcgc	gctcgc	0.0002129925453	0.0000726107989	2	0.68	0.14951	4.8e+02	-2.68
gctcgt	gctcgt	0.0002129925453	0.0002178323967	2	2.05	0.60619	1.9e+03	-3.29
gctcta	gctcta	0.0002129925453	0.0002196476666	2	2.06	0.61068	2.0e+03	-3.29
gctctc	gctctc	0.0005324813632	0.0002795515757	5	2.62	0.12611	4.0e+02	-2.61
gctctt	gctctt	0.0002129925453	0.0002995195454	2	2.81	0.77109	2.5e+03	-3.39
gctgac	gctgac	0.0004259850905	0.0000851966707	4	0.80	0.00908	2.9e+01	-1.46
gctgca	gctgca	0.0001064962726	0.0000958462545	1	0.90	0.59345	1.9e+03	-3.28
gctgcg	gctgcg	0.0001064962726	0.0000532479192	1	0.50	0.39348	1.3e+03	-3.10
gctgga	gctgga	0.0001064962726	0.0001638397513	1	1.54	0.78531	2.5e+03	-3.40
gctggc	gctggc	0.0001064962726	0.0000983038508	1	0.92	0.60272	1.9e+03	-3.28
gctggt	gctggt	0.0002129925453	0.0000983038508	2	0.92	0.23597	7.5e+02	-2.88
gctgtc	gctgtc	0.0003194888179	0.0001151306361	3	1.08	0.09579	3.1e+02	-2.49
gctgtg	gctgtg	0.0001064962726	0.0001870872836	1	1.76	0.82742	2.6e+03	-3.42
gctgtt	gctgtt	0.0001064962726	0.0001151306361	1	1.08	0.66079	2.1e+03	-3.32
gcttaa	gcttaa	0.0001064962726	0.0001064958384	1	1.00	0.63214	2.0e+03	-3.31
gcttac	gcttac	0.0002129925453	0.0002662395959	2	2.50	0.71274	2.3e+03	-3.36
gcttag	gcttag	0.0001064962726	0.0001331197980	1	1.25	0.71352	2.3e+03	-3.36
gcttat	gcttat	0.0004259850905	0.0003461114747	4	3.25	0.40860	1.3e+03	-3.12
gcttca	gcttca	0.0002129925453	0.0003822927531	2	3.59	0.87335	2.8e+03	-3.45
gcttcc	gcttcc	0.0004259850905	0.0001911463766	4	1.79	0.10787	3.4e+02	-2.54
gcttcg	gcttcg	0.0001064962726	0.0001911463766	1	1.79	0.83388	2.7e+03	-3.43
gcttct	gcttct	0.0003194888179	0.0003003728774	3	2.82	0.53545	1.7e+03	-3.23
gcttga	gcttga	0.0002129925453	0.0001966077016	2	1.85	0.55078	1.8e+03	-3.25
gcttgg	gcttgg	0.0002129925453	0.0000819198757	2	0.77	0.18019	5.8e+02	-2.76
gcttgt	gcttgt	0.0002129925453	0.0002293756519	2	2.15	0.63407	2.0e+03	-3.31
gcttta	gcttta	0.0004259850905	0.0003549861279	4	3.33	0.42702	1.4e+03	-3.14
gctttc	gctttc	0.0003194888179	0.0003549861279	3	3.33	0.64727	2.1e+03	-3.32
gctttt	gctttt	0.0009584664537	0.0008283009651	9	7.78	0.37645	1.2e+03	-3.08
ggaaaa	ggaaaa	0.0007454739084	0.0009466296744	7	8.89	0.78304	2.5e+03	-3.40
ggaaac	ggaaac	0.0002129925453	0.0001656601930	2	1.56	0.46061	1.5e+03	-3.17
ggaaag	ggaaag	0.0002129925453	0.0002129916767	2	2.00	0.59402	1.9e+03	-3.28
ggaaat	ggaaat	0.0005324813632	0.0003786518697	5	3.56	0.28507	9.1e+02	-2.96
ggaaca	ggaaca	0.0003194888179	0.0002061209775	3	1.94	0.30586	9.8e+02	-2.99
ggaact	ggaact	0.0003194888179	0.0001855088797	3	1.74	0.25388	8.1e+02	-2.91
ggaaga	ggaaga	0.0001064962726	0.0002635772000	1	2.47	0.91586	2.9e+03	-3.47
ggaagc	ggaagc	0.0003194888179	0.0002156540727	3	2.02	0.33009	1.1e+03	-3.02
ggaagg	ggaagg	0.0003194888179	0.0001916925091	3	1.80	0.26937	8.6e+02	-2.94
ggaagt	ggaagt	0.0002129925453	0.0002875387636	2	2.70	0.75138	2.4e+03	-3.38
ggaata	ggaata	0.0003194888179	0.0001966077016	3	1.85	0.28176	9.0e+02	-2.95
ggaatc	ggaatc	0.0002129925453	0.0001146878259	2	1.08	0.29251	9.4e+02	-2.97
ggaatt	ggaatt	0.0001064962726	0.0002129916767	1	2.00	0.86469	2.8e+03	-3.44
ggacaa	ggacaa	0.0001064962726	0.0002645219211	1	2.48	0.91661	2.9e+03	-3.47
ggacac	ggacac	0.0001064962726	0.0000721423421	1	0.68	0.49208	1.6e+03	-3.20
ggacag	ggacag	0.0001064962726	0.0000961897895	1	0.90	0.59476	1.9e+03	-3.28
ggacat	ggacat	0.0004259850905	0.0003126168158	4	2.94	0.33831	1.1e+03	-3.03
ggacca	ggacca	0.0001064962726	0.0000983038508	1	0.92	0.60272	1.9e+03	-3.28
ggaccg	ggaccg	0.0001064962726	0.0000327679503	1	0.31	0.26486	8.5e+02	-2.93
ggacgg	ggacgg	0.0001064962726	0.0000304273824	1	0.29	0.24853	7.9e+02	-2.90
ggacta	ggacta	0.0002129925453	0.0001028235681	2	0.97	0.25156	8.0e+02	-2.91
ggactc	ggactc	0.0001064962726	0.0001175126492	1	1.10	0.66829	2.1e+03	-3.33
ggactt	ggactt	0.0001064962726	0.0001028235681	1	0.97	0.61923	2.0e+03	-3.30
ggagaa	ggagaa	0.0004259850905	0.0004037967205	4	3.79	0.52484	1.7e+03	-3.22
ggagag	ggagag	0.0001064962726	0.0000931838586	1	0.87	0.58315	1.9e+03	-3.27
ggagat	ggagat	0.0002129925453	0.0001553064309	2	1.46	0.42814	1.4e+03	-3.14
ggagca	ggagca	0.0001064962726	0.0000491519254	1	0.46	0.36969	1.2e+03	-3.07
ggagtc	ggagtc	0.0002129925453	0.0001433597824	2	1.35	0.38945	1.2e+03	-3.10
ggagtt	ggagtt	0.0003194888179	0.0000819198757	3	0.77	0.04309	1.4e+02	-2.14
ggataa	ggataa	0.0003194888179	0.0001547203689	3	1.45	0.17940	5.7e+02	-2.76
ggatag	ggatag	0.0002129925453	0.0001687858570	2	1.58	0.47019	1.5e+03	-3.18
ggatat	ggatat	0.0002129925453	0.0003516372022	2	3.30	0.84168	2.7e+03	-3.43
ggatga	ggatga	0.0002129925453	0.0002129916767	2	2.00	0.59402	1.9e+03	-3.28
ggatgc	ggatgc	0.0003194888179	0.0002129916767	3	2.00	0.32332	1.0e+03	-3.01
ggatgg	ggatgg	0.0001064962726	0.0001183287093	1	1.11	0.67083	2.1e+03	-3.33
ggatta	ggatta	0.0001064962726	0.0001023998446	1	0.96	0.61771	2.0e+03	-3.30
ggattg	ggattg	0.0001064962726	0.0001433597824	1	1.35	0.73978	2.4e+03	-3.37
ggattt	ggattt	0.0003194888179	0.0002457596270	3	2.31	0.40601	1.3e+03	-3.11
ggcaaa	ggcaaa	0.0003194888179	0.0002730662522	3	2.56	0.47254	1.5e+03	-3.18
ggcaat	ggcaat	0.0002129925453	0.0001092265009	2	1.03	0.27367	8.7e+02	-2.94
ggcaca	ggcaca	0.0002129925453	0.0001566115270	2	1.47	0.43229	1.4e+03	-3.14
ggcacc	ggcacc	0.0002129925453	0.0000626446108	2	0.59	0.11804	3.8e+02	-2.58
ggcacg	ggcacg	0.0001064962726	0.0001409503743	1	1.32	0.73383	2.3e+03	-3.37
ggcagc	ggcagc	0.0002129925453	0.0000912821472	2	0.86	0.21188	6.8e+02	-2.83
ggcagt	ggcagt	0.0002129925453	0.0002434190591	2	2.29	0.66587	2.1e+03	-3.33
ggcatc	ggcatc	0.0001064962726	0.0000277815231	1	0.26	0.22962	7.3e+02	-2.87
ggccaa	ggccaa	0.0002129925453	0.0000973676236	2	0.91	0.23275	7.4e+02	-2.87
ggccac	ggccac	0.0001064962726	0.0001703933414	1	1.60	0.79813	2.6e+03	-3.41
ggccag	ggccag	0.0001064962726	0.0000486838118	1	0.46	0.36692	1.2e+03	-3.07
ggccca	ggccca	0.0001064962726	0.0000532479192	1	0.50	0.39348	1.3e+03	-3.10
ggcccg	ggcccg	0.0001064962726	0.0001064958384	1	1.00	0.63214	2.0e+03	-3.31
ggccga	ggccga	0.0001064962726	0.0000968143985	1	0.91	0.59713	1.9e+03	-3.28
ggccgg	ggccgg	0.0002129925453	0.0001452215978	2	1.36	0.39556	1.3e+03	-3.10
ggccgt	ggccgt	0.0002129925453	0.0002904431955	2	2.73	0.75629	2.4e+03	-3.38
ggcctt	ggcctt	0.0004259850905	0.0002484902895	4	2.33	0.20744	6.6e+02	-2.82
ggcgat	ggcgat	0.0001064962726	0.0000354986128	1	0.33	0.28347	9.1e+02	-2.96
ggcgcc	ggcgcc	0.0002129925453	0.0000784706177	2	0.74	0.16870	5.4e+02	-2.73
ggcggg	ggcggg	0.0001064962726	0.0000425983353	1	0.40	0.32968	1.1e+03	-3.02
ggcgtc	ggcgtc	0.0002129925453	0.0001987922316	2	1.87	0.55673	1.8e+03	-3.25
ggcgtg	ggcgtg	0.0002129925453	0.0000851966707	2	0.80	0.19120	6.1e+02	-2.79
ggctag	ggctag	0.0001064962726	0.0000621225724	1	0.58	0.44197	1.4e+03	-3.15
ggctat	ggctat	0.0001064962726	0.0000798718788	1	0.75	0.52765	1.7e+03	-3.23
ggctca	ggctca	0.0003194888179	0.0002484902895	3	2.33	0.41279	1.3e+03	-3.12
ggctcc	ggctcc	0.0002129925453	0.0001104401287	2	1.04	0.27786	8.9e+02	-2.95
ggctct	ggctct	0.0002129925453	0.0002484902895	2	2.33	0.67680	2.2e+03	-3.34
ggctga	ggctga	0.0001064962726	0.0001135955609	1	1.07	0.65587	2.1e+03	-3.32
ggctgg	ggctgg	0.0001064962726	0.0001135955609	1	1.07	0.65587	2.1e+03	-3.32
ggctgt	ggctgt	0.0002129925453	0.0001419944512	2	1.33	0.38495	1.2e+03	-3.09
ggcttc	ggcttc	0.0002129925453	0.0001597437575	2	1.50	0.44219	1.4e+03	-3.15
ggcttg	ggcttg	0.0002129925453	0.0000958462545	2	0.90	0.22751	7.3e+02	-2.86
ggcttt	ggcttt	0.0002129925453	0.0002555900121	2	2.40	0.69160	2.2e+03	-3.34
gggaaa	gggaaa	0.0002129925453	0.0003684180354	2	3.46	0.85981	2.7e+03	-3.44
gggaac	gggaac	0.0002129925453	0.0001381567633	2	1.30	0.37222	1.2e+03	-3.08
gggaag	gggaag	0.0003194888179	0.0002072351449	3	1.95	0.30869	9.9e+02	-2.99
gggaat	gggaat	0.0001064962726	0.0001381567633	1	1.30	0.72675	2.3e+03	-3.37
gggaca	gggaca	0.0002129925453	0.0002129916767	2	2.00	0.59402	1.9e+03	-3.28
gggact	gggact	0.0002129925453	0.0001217095296	2	1.14	0.31663	1.0e+03	-3.01
gggagt	gggagt	0.0001064962726	0.0000409599378	1	0.38	0.31929	1.0e+03	-3.01
gggatg	gggatg	0.0002129925453	0.0000709972256	2	0.67	0.14430	4.6e+02	-2.66
gggcag	gggcag	0.0003194888179	0.0000851966707	3	0.80	0.04741	1.5e+02	-2.18
gggcca	gggcca	0.0001064962726	0.0001419944512	1	1.33	0.73643	2.4e+03	-3.37
gggccc	gggccc	0.0001064962726	0.0000709972256	1	0.67	0.48659	1.6e+03	-3.19
gggccg	gggccg	0.0002129925453	0.0001774930639	2	1.67	0.49635	1.6e+03	-3.20
gggcct	gggcct	0.0001064962726	0.0001419944512	1	1.33	0.73643	2.4e+03	-3.37
gggcgg	gggcgg	0.0001064962726	0.0000133119798	1	0.12	0.11750	3.8e+02	-2.57
gggctc	gggctc	0.0001064962726	0.0000784706177	1	0.74	0.52139	1.7e+03	-3.22
gggctg	gggctg	0.0001064962726	0.0000448403530	1	0.42	0.34365	1.1e+03	-3.04
ggggaa	ggggaa	0.0001064962726	0.0001135955609	1	1.07	0.65587	2.1e+03	-3.32
ggggac	ggggac	0.0001064962726	0.0000567977805	1	0.53	0.41336	1.3e+03	-3.12
ggggcc	ggggcc	0.0001064962726	0.0000887465320	1	0.83	0.56542	1.8e+03	-3.26
ggggct	ggggct	0.0001064962726	0.0000354986128	1	0.33	0.28347	9.1e+02	-2.96
ggggga	ggggga	0.0001064962726	0.0000580886391	1	0.55	0.42043	1.3e+03	-3.13
gggggg	gggggg	0.0001064962726	0.0000871329587	1	0.82	0.55878	1.8e+03	-3.25
gggggt	gggggt	0.0001064962726	0.0001161772782	1	1.09	0.66411	2.1e+03	-3.33
ggggta	ggggta	0.0001064962726	0.0001569412355	1	1.47	0.77095	2.5e+03	-3.39
ggggtc	ggggtc	0.0001064962726	0.0001121008825	1	1.05	0.65100	2.1e+03	-3.32
ggggtg	ggggtg	0.0002129925453	0.0000672605295	2	0.63	0.13240	4.2e+02	-2.63
gggtaa	gggtaa	0.0005324813632	0.0002733393185	5	2.57	0.11788	3.8e+02	-2.58
gggtac	gggtac	0.0001064962726	0.0000745470869	1	0.70	0.50343	1.6e+03	-3.21
gggtag	gggtag	0.0001064962726	0.0001490941737	1	1.40	0.75343	2.4e+03	-3.38
gggtcc	gggtcc	0.0003194888179	0.0001774930639	3	1.67	0.23399	7.5e+02	-2.87
gggtcg	gggtcg	0.0001064962726	0.0000709972256	1	0.67	0.48659	1.6e+03	-3.19
gggtct	gggtct	0.0001064962726	0.0001064958384	1	1.00	0.63214	2.0e+03	-3.31
gggtgc	gggtgc	0.0001064962726	0.0000456410736	1	0.43	0.34857	1.1e+03	-3.05
gggtgg	gggtgg	0.0001064962726	0.0000760684560	1	0.71	0.51047	1.6e+03	-3.21
gggtgt	gggtgt	0.0001064962726	0.0000456410736	1	0.43	0.34857	1.1e+03	-3.05
gggtta	gggtta	0.0002129925453	0.0001468908115	2	1.38	0.40101	1.3e+03	-3.11
gggttc	gggttc	0.0001064962726	0.0000587563246	1	0.55	0.42405	1.4e+03	-3.13
gggttt	gggttt	0.0001064962726	0.0001615798927	1	1.52	0.78071	2.5e+03	-3.40
ggtaaa	ggtaaa	0.0004259850905	0.0004946140049	4	4.64	0.68155	2.2e+03	-3.34
ggtaac	ggtaac	0.0002129925453	0.0002603231604	2	2.44	0.70115	2.2e+03	-3.35
ggtaag	ggtaag	0.0001064962726	0.0001561938963	1	1.47	0.76933	2.5e+03	-3.39
ggtaat	ggtaat	0.0004259850905	0.0002603231604	4	2.44	0.23060	7.4e+02	-2.87
ggtacc	ggtacc	0.0001064962726	0.0000354986128	1	0.33	0.28347	9.1e+02	-2.96
ggtacg	ggtacg	0.0001064962726	0.0000828300965	1	0.78	0.54059	1.7e+03	-3.24
ggtact	ggtact	0.0001064962726	0.0000591643546	1	0.56	0.42625	1.4e+03	-3.13
ggtaga	ggtaga	0.0001064962726	0.0001966077016	1	1.85	0.84218	2.7e+03	-3.43
ggtagc	ggtagc	0.0003194888179	0.0002211836643	3	2.08	0.34413	1.1e+03	-3.04
ggtagt	ggtagt	0.0002129925453	0.0001720317389	2	1.62	0.48004	1.5e+03	-3.19
ggtata	ggtata	0.0006389776358	0.0005206463209	6	4.89	0.36454	1.2e+03	-3.07
ggtatc	ggtatc	0.0001064962726	0.0001419944512	1	1.33	0.73643	2.4e+03	-3.37
ggtatg	ggtatg	0.0001064962726	0.0001656601930	1	1.56	0.78895	2.5e+03	-3.40
ggtatt	ggtatt	0.0002129925453	0.0002366574186	2	2.22	0.65085	2.1e+03	-3.32
ggtcac	ggtcac	0.0004259850905	0.0001064958384	4	1.00	0.01898	6.1e+01	-1.78
ggtcat	ggtcat	0.0001064962726	0.0001419944512	1	1.33	0.73643	2.4e+03	-3.37
ggtcca	ggtcca	0.0001064962726	0.0001183287093	1	1.11	0.67083	2.1e+03	-3.33
ggtccc	ggtccc	0.0003194888179	0.0001774930639	3	1.67	0.23399	7.5e+02	-2.87
ggtccg	ggtccg	0.0001064962726	0.0001183287093	1	1.11	0.67083	2.1e+03	-3.33
ggtcgc	ggtcgc	0.0001064962726	0.0000648235538	1	0.61	0.45595	1.5e+03	-3.16
ggtcgt	ggtcgt	0.0001064962726	0.0000833445692	1	0.78	0.54280	1.7e+03	-3.24
ggtctc	ggtctc	0.0001064962726	0.0001008907942	1	0.95	0.61226	2.0e+03	-3.29
ggtctg	ggtctg	0.0001064962726	0.0000504453971	1	0.47	0.37730	1.2e+03	-3.08
ggtctt	ggtctt	0.0001064962726	0.0001008907942	1	0.95	0.61226	2.0e+03	-3.29
ggtgaa	ggtgaa	0.0004259850905	0.0003313203860	4	3.11	0.37765	1.2e+03	-3.08
ggtgac	ggtgac	0.0001064962726	0.0001893259349	1	1.78	0.83101	2.7e+03	-3.42
ggtgag	ggtgag	0.0002129925453	0.0001419944512	2	1.33	0.38495	1.2e+03	-3.09
ggtgat	ggtgat	0.0003194888179	0.0004023176116	3	3.78	0.72755	2.3e+03	-3.37
ggtgca	ggtgca	0.0002129925453	0.0001952423703	2	1.83	0.54703	1.7e+03	-3.24
ggtgcc	ggtgcc	0.0001064962726	0.0000709972256	1	0.67	0.48659	1.6e+03	-3.19
ggtgga	ggtgga	0.0002129925453	0.0001433597824	2	1.35	0.38945	1.2e+03	-3.10
ggtggc	ggtggc	0.0001064962726	0.0001433597824	1	1.35	0.73978	2.4e+03	-3.37
ggtggg	ggtggg	0.0001064962726	0.0000819198757	1	0.77	0.53664	1.7e+03	-3.23
ggtggt	ggtggt	0.0001064962726	0.0001638397513	1	1.54	0.78531	2.5e+03	-3.40
ggtgtc	ggtgtc	0.0001064962726	0.0000532479192	1	0.50	0.39348	1.3e+03	-3.10
ggtgtg	ggtgtg	0.0002129925453	0.0000931838586	2	0.87	0.21838	7.0e+02	-2.84
ggttaa	ggttaa	0.0003194888179	0.0002857205420	3	2.68	0.50221	1.6e+03	-3.21
ggttac	ggttac	0.0002129925453	0.0002597459472	2	2.44	0.70000	2.2e+03	-3.35
ggttag	ggttag	0.0002129925453	0.0002597459472	2	2.44	0.70000	2.2e+03	-3.35
ggttat	ggttat	0.0003194888179	0.0002597459472	3	2.44	0.44047	1.4e+03	-3.15
ggttca	ggttca	0.0001064962726	0.0001236725865	1	1.16	0.68694	2.2e+03	-3.34
ggttcg	ggttcg	0.0001064962726	0.0000549655940	1	0.52	0.40318	1.3e+03	-3.11
ggttct	ggttct	0.0002129925453	0.0002061209775	2	1.94	0.57627	1.8e+03	-3.27
ggttga	ggttga	0.0001064962726	0.0001022360048	1	0.96	0.61712	2.0e+03	-3.30
ggttgg	ggttgg	0.0002129925453	0.0001363146731	2	1.28	0.36608	1.2e+03	-3.07
ggttgt	ggttgt	0.0001064962726	0.0001363146731	1	1.28	0.72199	2.3e+03	-3.36
ggttta	ggttta	0.0005324813632	0.0003579443456	5	3.36	0.24859	7.9e+02	-2.90
ggtttc	ggtttc	0.0004259850905	0.0002765933580	4	2.60	0.26338	8.4e+02	-2.93
ggtttt	ggtttt	0.0002129925453	0.0003579443456	2	3.36	0.84873	2.7e+03	-3.43
gtaaaa	gtaaaa	0.0004259850905	0.0007467386762	4	7.01	0.91893	2.9e+03	-3.47
gtaaac	gtaaac	0.0004259850905	0.0003131484771	4	2.94	0.33943	1.1e+03	-3.04
gtaaag	gtaaag	0.0007454739084	0.0004817668878	7	4.52	0.17196	5.5e+02	-2.74
gtaaat	gtaaat	0.0004259850905	0.0004576785435	4	4.30	0.62247	2.0e+03	-3.30
gtaaca	gtaaca	0.0005324813632	0.0005454664892	5	5.12	0.58069	1.9e+03	-3.27
gtaacc	gtaacc	0.0001064962726	0.0001558475683	1	1.46	0.76858	2.5e+03	-3.39
gtaacg	gtaacg	0.0001064962726	0.0001038983789	1	0.98	0.62306	2.0e+03	-3.30
gtaact	gtaact	0.0003194888179	0.0002337713525	3	2.20	0.37598	1.2e+03	-3.08
gtaaga	gtaaga	0.0005324813632	0.0002904431955	5	2.73	0.14115	4.5e+02	-2.65
gtaagt	gtaagt	0.0001064962726	0.0001597437575	1	1.50	0.77690	2.5e+03	-3.40
gtaata	gtaata	0.0006389776358	0.0003758676648	6	3.53	0.14626	4.7e+02	-2.67
gtaatc	gtaatc	0.0001064962726	0.0001879338324	1	1.76	0.82879	2.6e+03	-3.42
gtaatt	gtaatt	0.0003194888179	0.0003602065121	3	3.38	0.65689	2.1e+03	-3.32
gtacaa	gtacaa	0.0005324813632	0.0004056984319	5	3.81	0.33400	1.1e+03	-3.03
gtacac	gtacac	0.0002129925453	0.0002028492159	2	1.90	0.56763	1.8e+03	-3.26
gtacag	gtacag	0.0001064962726	0.0001825642943	1	1.71	0.81993	2.6e+03	-3.42
gtacat	gtacat	0.0004259850905	0.0004462682751	4	4.19	0.60288	1.9e+03	-3.28
gtacca	gtacca	0.0002129925453	0.0001527983768	2	1.43	0.42012	1.3e+03	-3.13
gtacct	gtacct	0.0001064962726	0.0000833445692	1	0.78	0.54280	1.7e+03	-3.24
gtacga	gtacga	0.0001064962726	0.0002056471362	1	1.93	0.85503	2.7e+03	-3.44
gtacgc	gtacgc	0.0002129925453	0.0000771176761	2	0.72	0.16423	5.3e+02	-2.72
gtacgg	gtacgg	0.0001064962726	0.0001285294601	1	1.21	0.70090	2.2e+03	-3.35
gtacgt	gtacgt	0.0003194888179	0.0003341765963	3	3.14	0.60703	1.9e+03	-3.29
gtacta	gtacta	0.0001064962726	0.0001733653183	1	1.63	0.80369	2.6e+03	-3.41
gtactg	gtactg	0.0002129925453	0.0000990658962	2	0.93	0.23859	7.6e+02	-2.88
gtactt	gtactt	0.0002129925453	0.0001485988442	2	1.40	0.40657	1.3e+03	-3.11
gtagaa	gtagaa	0.0003194888179	0.0003245587455	3	3.05	0.58743	1.9e+03	-3.27
gtagag	gtagag	0.0002129925453	0.0001622793727	2	1.52	0.45012	1.4e+03	-3.16
gtagat	gtagat	0.0003194888179	0.0002637039807	3	2.48	0.45008	1.4e+03	-3.16
gtagca	gtagca	0.0005324813632	0.0002875387636	5	2.70	0.13706	4.4e+02	-2.64
gtagcc	gtagcc	0.0002129925453	0.0001597437575	2	1.50	0.44219	1.4e+03	-3.15
gtagcg	gtagcg	0.0002129925453	0.0002236412606	2	2.10	0.62041	2.0e+03	-3.30
gtaggc	gtaggc	0.0001064962726	0.0000304273824	1	0.29	0.24853	7.9e+02	-2.90
gtaggt	gtaggt	0.0001064962726	0.0001217095296	1	1.14	0.68111	2.2e+03	-3.34
gtagta	gtagta	0.0001064962726	0.0002109823213	1	1.98	0.86211	2.8e+03	-3.44
gtagtc	gtagtc	0.0001064962726	0.0001969168332	1	1.85	0.84264	2.7e+03	-3.43
gtagtg	gtagtg	0.0001064962726	0.0000703274404	1	0.66	0.48335	1.5e+03	-3.19
gtagtt	gtagtt	0.0004259850905	0.0002672442736	4	2.51	0.24443	7.8e+02	-2.89
gtataa	gtataa	0.0012779552716	0.0005665857022	12	5.32	0.00863	2.8e+01	-1.44
gtatac	gtatac	0.0003194888179	0.0003675150500	3	3.45	0.67004	2.1e+03	-3.33
gtatat	gtatat	0.0007454739084	0.0012863026752	7	12.08	0.95623	3.1e+03	-3.49
gtatca	gtatca	0.0002129925453	0.0002271911218	2	2.13	0.62891	2.0e+03	-3.30
gtatcc	gtatcc	0.0002129925453	0.0000993961158	2	0.93	0.23973	7.7e+02	-2.88
gtatcg	gtatcg	0.0002129925453	0.0000993961158	2	0.93	0.23973	7.7e+02	-2.88
gtatga	gtatga	0.0002129925453	0.0001863677171	2	1.75	0.52214	1.7e+03	-3.22
gtatgc	gtatgc	0.0002129925453	0.0002050044889	2	1.92	0.57334	1.8e+03	-3.26
gtatgt	gtatgt	0.0003194888179	0.0002609148040	3	2.45	0.44331	1.4e+03	-3.15
gtatta	gtatta	0.0003194888179	0.0002839889023	3	2.67	0.49820	1.6e+03	-3.20
gtattc	gtattc	0.0002129925453	0.0001301615802	2	1.22	0.34539	1.1e+03	-3.04
gtattg	gtattg	0.0001064962726	0.0001419944512	1	1.33	0.73643	2.4e+03	-3.37
gtattt	gtattt	0.0004259850905	0.0004969805790	4	4.67	0.68510	2.2e+03	-3.34
gtcaaa	gtcaaa	0.0006389776358	0.0008154084341	6	7.66	0.77537	2.5e+03	-3.39
gtcaac	gtcaac	0.0002129925453	0.0003624037485	2	3.40	0.85354	2.7e+03	-3.44
gtcaag	gtcaag	0.0008519701810	0.0003020031237	8	2.84	0.00872	2.8e+01	-1.45
gtcaat	gtcaat	0.0003194888179	0.0005436056227	3	5.10	0.88394	2.8e+03	-3.45
gtcaca	gtcaca	0.0003194888179	0.0001966077016	3	1.85	0.28176	9.0e+02	-2.95
gtcacc	gtcacc	0.0002129925453	0.0001966077016	2	1.85	0.55078	1.8e+03	-3.25
gtcacg	gtcacg	0.0003194888179	0.0003440634778	3	3.23	0.62652	2.0e+03	-3.30
gtcact	gtcact	0.0001064962726	0.0002211836643	1	2.08	0.87471	2.8e+03	-3.45
gtcaga	gtcaga	0.0002129925453	0.0001285294601	2	1.21	0.33987	1.1e+03	-3.04
gtcagg	gtcagg	0.0002129925453	0.0001101681087	2	1.03	0.27692	8.9e+02	-2.95
gtcagt	gtcagt	0.0001064962726	0.0001468908115	1	1.38	0.74827	2.4e+03	-3.38
gtcata	gtcata	0.0004259850905	0.0002778152305	4	2.61	0.26588	8.5e+02	-2.93
gtcatc	gtcatc	0.0004259850905	0.0003333782766	4	3.13	0.38197	1.2e+03	-3.09
gtcatg	gtcatg	0.0003194888179	0.0002037311690	3	1.91	0.29980	9.6e+02	-2.98
gtcatt	gtcatt	0.0001064962726	0.0004630253842	1	4.35	0.98708	3.2e+03	-3.50
gtccaa	gtccaa	0.0003194888179	0.0001648967820	3	1.55	0.20338	6.5e+02	-2.81
gtccac	gtccac	0.0001064962726	0.0000961897895	1	0.90	0.59476	1.9e+03	-3.28
gtcccg	gtcccg	0.0003194888179	0.0001533540072	3	1.44	0.17624	5.6e+02	-2.75
gtccct	gtccct	0.0003194888179	0.0001789130085	3	1.68	0.23750	7.6e+02	-2.88
gtccga	gtccga	0.0001064962726	0.0000912821472	1	0.86	0.57564	1.8e+03	-3.26
gtccgc	gtccgc	0.0001064962726	0.0000912821472	1	0.86	0.57564	1.8e+03	-3.26
gtccgt	gtccgt	0.0002129925453	0.0001825642943	2	1.71	0.51120	1.6e+03	-3.21
gtccta	gtccta	0.0002129925453	0.0000626446108	2	0.59	0.11804	3.8e+02	-2.58
gtcctg	gtcctg	0.0001064962726	0.0000751735330	1	0.71	0.50634	1.6e+03	-3.21
gtcctt	gtcctt	0.0001064962726	0.0001378181438	1	1.29	0.72588	2.3e+03	-3.37
gtcgaa	gtcgaa	0.0001064962726	0.0001620588845	1	1.52	0.78169	2.5e+03	-3.40
gtcgag	gtcgag	0.0001064962726	0.0002083614229	1	1.96	0.85868	2.7e+03	-3.44
gtcgat	gtcgat	0.0003194888179	0.0001157563460	3	1.09	0.09696	3.1e+02	-2.49
gtcgca	gtcgca	0.0003194888179	0.0002592942152	3	2.43	0.43936	1.4e+03	-3.15
gtcgcc	gtcgcc	0.0001064962726	0.0000648235538	1	0.61	0.45595	1.5e+03	-3.16
gtcgcg	gtcgcg	0.0002129925453	0.0000972353307	2	0.91	0.23229	7.4e+02	-2.87
gtcgct	gtcgct	0.0001064962726	0.0003241177689	1	3.04	0.95235	3.0e+03	-3.48
gtcgga	gtcgga	0.0001064962726	0.0000774515188	1	0.73	0.51679	1.7e+03	-3.22
gtcggt	gtcggt	0.0001064962726	0.0000580886391	1	0.55	0.42043	1.3e+03	-3.13
gtcgta	gtcgta	0.0002129925453	0.0001095385766	2	1.03	0.27475	8.8e+02	-2.94
gtcgtc	gtcgtc	0.0001064962726	0.0002738464415	1	2.57	0.92360	3.0e+03	-3.47
gtcgtg	gtcgtg	0.0001064962726	0.0001369232208	1	1.29	0.72357	2.3e+03	-3.36
gtcgtt	gtcgtt	0.0005324813632	0.0004381543064	5	4.11	0.39348	1.3e+03	-3.10
gtctaa	gtctaa	0.0002129925453	0.0001084321263	2	1.02	0.27093	8.7e+02	-2.94
gtctat	gtctat	0.0002129925453	0.0001936287970	2	1.82	0.54257	1.7e+03	-3.24
gtctca	gtctca	0.0001064962726	0.0000972353307	1	0.91	0.59872	1.9e+03	-3.28
gtctcc	gtctcc	0.0001064962726	0.0001250168537	1	1.17	0.69087	2.2e+03	-3.34
gtctcg	gtctcg	0.0001064962726	0.0001111260922	1	1.04	0.64779	2.1e+03	-3.32
gtctct	gtctct	0.0003194888179	0.0003055967536	3	2.87	0.54699	1.7e+03	-3.24
gtctgt	gtctgt	0.0003194888179	0.0001105918321	3	1.04	0.08750	2.8e+02	-2.45
gtctta	gtctta	0.0003194888179	0.0000638975030	3	0.60	0.02311	7.4e+01	-1.87
gtcttc	gtcttc	0.0002129925453	0.0001171454222	2	1.10	0.30097	9.6e+02	-2.98
gtcttt	gtcttt	0.0001064962726	0.0002875387636	1	2.70	0.93282	3.0e+03	-3.47
gtgaaa	gtgaaa	0.0005324813632	0.0004879445685	5	4.58	0.48338	1.5e+03	-3.19
gtgaac	gtgaac	0.0003194888179	0.0002710803158	3	2.55	0.46781	1.5e+03	-3.17
gtgaag	gtgaag	0.0001064962726	0.0002981883474	1	2.80	0.93921	3.0e+03	-3.48
gtgaat	gtgaat	0.0005324813632	0.0004337285053	5	4.07	0.38537	1.2e+03	-3.09
gtgaca	gtgaca	0.0002129925453	0.0003098060752	2	2.91	0.78690	2.5e+03	-3.40
gtgacc	gtgacc	0.0003194888179	0.0001290858647	3	1.21	0.12314	3.9e+02	-2.60
gtgact	gtgact	0.0003194888179	0.0003356232482	3	3.15	0.60992	1.9e+03	-3.29
gtgagc	gtgagc	0.0002129925453	0.0001008907942	2	0.95	0.24489	7.8e+02	-2.89
gtgagg	gtgagg	0.0002129925453	0.0001345210590	2	1.26	0.36007	1.2e+03	-3.06
gtgagt	gtgagt	0.0002129925453	0.0003026723827	2	2.84	0.77604	2.5e+03	-3.39
gtgata	gtgata	0.0006389776358	0.0006548361125	6	6.15	0.57799	1.8e+03	-3.27
gtgatc	gtgatc	0.0003194888179	0.0003466779419	3	3.26	0.63156	2.0e+03	-3.31
gtgatg	gtgatg	0.0004259850905	0.0002696383993	4	2.53	0.24925	8.0e+02	-2.90
gtgatt	gtgatt	0.0004259850905	0.0005392767985	4	5.06	0.74389	2.4e+03	-3.38
gtgcaa	gtgcaa	0.0005324813632	0.0003714367045	5	3.49	0.27223	8.7e+02	-2.94
gtgcac	gtgcac	0.0004259850905	0.0004285808129	4	4.02	0.57132	1.8e+03	-3.26
gtgcat	gtgcat	0.0002129925453	0.0002571484878	2	2.41	0.69477	2.2e+03	-3.35
gtgcca	gtgcca	0.0003194888179	0.0002366574186	3	2.22	0.38324	1.2e+03	-3.09
gtgccg	gtgccg	0.0001064962726	0.0000473314837	1	0.44	0.35883	1.1e+03	-3.06
gtgcgc	gtgcgc	0.0001064962726	0.0000448403530	1	0.42	0.34365	1.1e+03	-3.04
gtgctc	gtgctc	0.0001064962726	0.0000486838118	1	0.46	0.36692	1.2e+03	-3.07
gtgctt	gtgctt	0.0001064962726	0.0000912821472	1	0.86	0.57564	1.8e+03	-3.26
gtggaa	gtggaa	0.0004259850905	0.0003440634778	4	3.23	0.40433	1.3e+03	-3.11
gtggac	gtggac	0.0001064962726	0.0001720317389	1	1.62	0.80121	2.6e+03	-3.41
gtggat	gtggat	0.0002129925453	0.0001720317389	2	1.62	0.48004	1.5e+03	-3.19
gtggca	gtggca	0.0002129925453	0.0002683695127	2	2.52	0.71682	2.3e+03	-3.36
gtggct	gtggct	0.0005324813632	0.0002683695127	5	2.52	0.11148	3.6e+02	-2.55
gtgggc	gtgggc	0.0001064962726	0.0001064958384	1	1.00	0.63214	2.0e+03	-3.31
gtgggg	gtgggg	0.0002129925453	0.0001331197980	2	1.25	0.35537	1.1e+03	-3.06
gtgggt	gtgggt	0.0001064962726	0.0001064958384	1	1.00	0.63214	2.0e+03	-3.31
gtggta	gtggta	0.0003194888179	0.0002350252985	3	2.21	0.37914	1.2e+03	-3.08
gtggtg	gtggtg	0.0002129925453	0.0002350252985	2	2.21	0.64714	2.1e+03	-3.32
gtggtt	gtggtt	0.0003194888179	0.0003525379477	3	3.31	0.64269	2.1e+03	-3.31
gtgtaa	gtgtaa	0.0003194888179	0.0001887880771	3	1.77	0.26208	8.4e+02	-2.92
gtgtac	gtgtac	0.0001064962726	0.0001452215978	1	1.36	0.74429	2.4e+03	-3.38
gtgtag	gtgtag	0.0001064962726	0.0001306994380	1	1.23	0.70693	2.3e+03	-3.35
gtgtat	gtgtat	0.0001064962726	0.0001742659173	1	1.64	0.80534	2.6e+03	-3.41
gtgtca	gtgtca	0.0002129925453	0.0001146878259	2	1.08	0.29251	9.4e+02	-2.97
gtgtcg	gtgtcg	0.0001064962726	0.0001638397513	1	1.54	0.78531	2.5e+03	-3.40
gtgtct	gtgtct	0.0001064962726	0.0000655359005	1	0.62	0.45958	1.5e+03	-3.17
gtgtga	gtgtga	0.0001064962726	0.0002676049272	1	2.51	0.91899	2.9e+03	-3.47
gtgtgc	gtgtgc	0.0001064962726	0.0000955731883	1	0.90	0.59240	1.9e+03	-3.28
gtgtgg	gtgtgg	0.0002129925453	0.0002102610142	2	1.97	0.58704	1.9e+03	-3.27
gtgtgt	gtgtgt	0.0003194888179	0.0001720317389	3	1.62	0.22061	7.1e+02	-2.85
gtgtta	gtgtta	0.0001064962726	0.0001708370740	1	1.60	0.79897	2.6e+03	-3.41
gtgttg	gtgttg	0.0002129925453	0.0001087145017	2	1.02	0.27190	8.7e+02	-2.94
gtgttt	gtgttt	0.0004259850905	0.0003261435050	4	3.06	0.36677	1.2e+03	-3.07
gttaaa	gttaaa	0.0004259850905	0.0003699329122	4	3.47	0.45769	1.5e+03	-3.17
gttaac	gttaac	0.0001064962726	0.0002260701130	1	2.12	0.88033	2.8e+03	-3.45
gttaag	gttaag	0.0001064962726	0.0002055182846	1	1.93	0.85485	2.7e+03	-3.44
gttaat	gttaat	0.0005324813632	0.0003699329122	5	3.47	0.26957	8.6e+02	-2.94
gttaca	gttaca	0.0003194888179	0.0004039497317	3	3.79	0.73004	2.3e+03	-3.37
gttacc	gttacc	0.0001064962726	0.0001652521630	1	1.55	0.78814	2.5e+03	-3.40
gttacg	gttacg	0.0003194888179	0.0001468908115	3	1.38	0.16151	5.2e+02	-2.71
gttact	gttact	0.0003194888179	0.0003488656774	3	3.28	0.63575	2.0e+03	-3.31
gttaga	gttaga	0.0002129925453	0.0002597459472	2	2.44	0.70000	2.2e+03	-3.35
gttagg	gttagg	0.0001064962726	0.0001298729736	1	1.22	0.70465	2.3e+03	-3.35
gttagt	gttagt	0.0007454739084	0.0005454664892	7	5.12	0.25582	8.2e+02	-2.91
gttata	gttata	0.0001064962726	0.0003022179197	1	2.84	0.94147	3.0e+03	-3.48
gttatc	gttatc	0.0002129925453	0.0002158699426	2	2.03	0.60129	1.9e+03	-3.28
gttatg	gttatg	0.0001064962726	0.0001007393066	1	0.95	0.61170	2.0e+03	-3.29
gttatt	gttatt	0.0006389776358	0.0004461312148	6	4.19	0.24506	7.8e+02	-2.89
gttcaa	gttcaa	0.0002129925453	0.0003290244558	2	3.09	0.81388	2.6e+03	-3.42
gttcac	gttcac	0.0002129925453	0.0001859703446	2	1.75	0.52100	1.7e+03	-3.22
gttcag	gttcag	0.0001064962726	0.0001287487001	1	1.21	0.70151	2.2e+03	-3.35
gttcat	gttcat	0.0004259850905	0.0003147190447	4	2.96	0.34273	1.1e+03	-3.04
gttcca	gttcca	0.0001064962726	0.0001038334424	1	0.97	0.62283	2.0e+03	-3.30
gttccg	gttccg	0.0001064962726	0.0000479231273	1	0.45	0.36238	1.2e+03	-3.06
gttcct	gttcct	0.0001064962726	0.0001118206303	1	1.05	0.65008	2.1e+03	-3.32
gttcga	gttcga	0.0002129925453	0.0001022360048	2	0.96	0.24953	8.0e+02	-2.90
gttcgt	gttcgt	0.0002129925453	0.0001703933414	2	1.60	0.47508	1.5e+03	-3.18
gttcta	gttcta	0.0002129925453	0.0004979026209	2	4.68	0.94713	3.0e+03	-3.48
gttctc	gttctc	0.0004259850905	0.0004149188508	4	3.90	0.54601	1.7e+03	-3.24
gttctg	gttctg	0.0004259850905	0.0001867134828	4	1.75	0.10130	3.2e+02	-2.51
gttctt	gttctt	0.0005324813632	0.0004979026209	5	4.68	0.50085	1.6e+03	-3.20
gttgaa	gttgaa	0.0001064962726	0.0002178323967	1	2.05	0.87071	2.8e+03	-3.44
gttgac	gttgac	0.0001064962726	0.0001452215978	1	1.36	0.74429	2.4e+03	-3.38
gttgat	gttgat	0.0004259850905	0.0002178323967	4	2.05	0.15115	4.8e+02	-2.68
gttgcg	gttgcg	0.0002129925453	0.0000484071993	2	0.45	0.07674	2.5e+02	-2.39
gttgct	gttgct	0.0001064962726	0.0001549030376	1	1.45	0.76652	2.5e+03	-3.39
gttgga	gttgga	0.0002129925453	0.0002302612721	2	2.16	0.63614	2.0e+03	-3.31
gttggc	gttggc	0.0004259850905	0.0002302612721	4	2.16	0.17324	5.5e+02	-2.74
gttggg	gttggg	0.0001064962726	0.0001151306361	1	1.08	0.66079	2.1e+03	-3.32
gttggt	gttggt	0.0001064962726	0.0002763135266	1	2.59	0.92535	3.0e+03	-3.47
gttgta	gttgta	0.0004259850905	0.0001909580550	4	1.79	0.10758	3.4e+02	-2.54
gttgtg	gttgtg	0.0003194888179	0.0001615798927	3	1.52	0.19548	6.2e+02	-2.80
gttgtt	gttgtt	0.0001064962726	0.0003231597854	1	3.03	0.95192	3.0e+03	-3.48
gtttaa	gtttaa	0.0007454739084	0.0006431513376	7	6.04	0.39999	1.3e+03	-3.11
gtttac	gtttac	0.0003194888179	0.0005053331938	3	4.75	0.85224	2.7e+03	-3.44
gtttag	gtttag	0.0007454739084	0.0004593938126	7	4.31	0.14580	4.7e+02	-2.67
gtttat	gtttat	0.0005324813632	0.0007350301001	5	6.90	0.81797	2.6e+03	-3.42
gtttca	gtttca	0.0004259850905	0.0005867131836	4	5.51	0.79943	2.6e+03	-3.41
gtttcc	gtttcc	0.0002129925453	0.0003687911440	2	3.46	0.86019	2.8e+03	-3.44
gtttcg	gtttcg	0.0005324813632	0.0002179220396	5	2.05	0.05691	1.8e+02	-2.26
gtttct	gtttct	0.0006389776358	0.0006370028850	6	5.98	0.55139	1.8e+03	-3.25
gtttga	gtttga	0.0001064962726	0.0001889442294	1	1.77	0.83041	2.7e+03	-3.42
gtttgc	gtttgc	0.0004259850905	0.0002645219211	4	2.48	0.23896	7.6e+02	-2.88
gtttgg	gtttgg	0.0003194888179	0.0003023107670	3	2.84	0.53975	1.7e+03	-3.24
gtttgt	gtttgt	0.0003194888179	0.0004156773046	3	3.90	0.74743	2.4e+03	-3.38
gtttta	gtttta	0.0007454739084	0.0004127403477	7	3.88	0.09808	3.1e+02	-2.50
gttttc	gttttc	0.0005324813632	0.0005948316775	5	5.59	0.65572	2.1e+03	-3.32
gttttg	gttttg	0.0003194888179	0.0002792067058	3	2.62	0.48704	1.6e+03	-3.19
gttttt	gttttt	0.0007454739084	0.0010561297131	7	9.92	0.86468	2.8e+03	-3.44
taaaaa	taaaaa	0.0007454739084	0.0013771433270	7	12.93	0.97313	3.1e+03	-3.49
taaaac	taaaac	0.0002129925453	0.0002452447021	2	2.30	0.66984	2.1e+03	-3.33
taaaag	taaaag	0.0014909478168	0.0009432488541	14	8.86	0.06679	2.1e+02	-2.33
taaaat	taaaat	0.0008519701810	0.0006980041520	8	6.55	0.33517	1.1e+03	-3.03
taaaca	taaaca	0.0001064962726	0.0004052036777	1	3.80	0.97775	3.1e+03	-3.49
taaacc	taaacc	0.0001064962726	0.0001688348657	1	1.59	0.79515	2.5e+03	-3.41
taaact	taaact	0.0010649627263	0.0006078055165	10	5.71	0.06519	2.1e+02	-2.32
taaaga	taaaga	0.0008519701810	0.0006641675941	8	6.24	0.28914	9.2e+02	-2.97
taaagc	taaagc	0.0003194888179	0.0004122419550	3	3.87	0.74243	2.4e+03	-3.38
taaagg	taaagg	0.0006389776358	0.0005038512783	6	4.73	0.33697	1.1e+03	-3.03
taaagt	taaagt	0.0003194888179	0.0005496559400	3	5.16	0.88836	2.8e+03	-3.45
taaata	taaata	0.0009584664537	0.0008768157359	9	8.23	0.44000	1.4e+03	-3.15
taaatc	taaatc	0.0005324813632	0.0002473070024	5	2.32	0.08634	2.8e+02	-2.44
taaatg	taaatg	0.0002129925453	0.0004271666406	2	4.01	0.90928	2.9e+03	-3.46
taaatt	taaatt	0.0003194888179	0.0004721315501	3	4.43	0.81885	2.6e+03	-3.42
taacaa	taacaa	0.0006389776358	0.0005591031514	6	5.25	0.42783	1.4e+03	-3.14
taacac	taacac	0.0003194888179	0.0005191672120	3	4.87	0.86448	2.8e+03	-3.44
taacag	taacag	0.0005324813632	0.0005990390908	5	5.62	0.66169	2.1e+03	-3.33
taacat	taacat	0.0007454739084	0.0005591031514	7	5.25	0.27517	8.8e+02	-2.94
taacca	taacca	0.0002129925453	0.0002703355897	2	2.54	0.72054	2.3e+03	-3.36
taaccg	taaccg	0.0001064962726	0.0000491519254	1	0.46	0.36969	1.2e+03	-3.07
taacct	taacct	0.0003194888179	0.0002457596270	3	2.31	0.40601	1.3e+03	-3.11
taacga	taacga	0.0001064962726	0.0000851966707	1	0.80	0.55068	1.8e+03	-3.25
taacgc	taacgc	0.0001064962726	0.0001064958384	1	1.00	0.63214	2.0e+03	-3.31
taacgt	taacgt	0.0002129925453	0.0001490941737	2	1.40	0.40818	1.3e+03	-3.12
taacta	taacta	0.0002129925453	0.0002396156363	2	2.25	0.65749	2.1e+03	-3.32
taactc	taactc	0.0003194888179	0.0002211836643	3	2.08	0.34413	1.1e+03	-3.04
taactg	taactg	0.0001064962726	0.0002211836643	1	2.08	0.87471	2.8e+03	-3.45
taactt	taactt	0.0003194888179	0.0002764795804	3	2.60	0.48062	1.5e+03	-3.19
taagaa	taagaa	0.0010649627263	0.0010199601421	10	9.58	0.48826	1.6e+03	-3.19
taagag	taagag	0.0004259850905	0.0003899847602	4	3.66	0.49791	1.6e+03	-3.20
taagat	taagat	0.0006389776358	0.0004199835879	6	3.94	0.20609	6.6e+02	-2.82
taagca	taagca	0.0003194888179	0.0002484902895	3	2.33	0.41279	1.3e+03	-3.12
taagcc	taagcc	0.0001064962726	0.0001338024636	1	1.26	0.71535	2.3e+03	-3.36
taagcg	taagcg	0.0001064962726	0.0001720317389	1	1.62	0.80121	2.6e+03	-3.41
taagct	taagct	0.0002129925453	0.0001911463766	2	1.79	0.53566	1.7e+03	-3.23
taaggc	taaggc	0.0002129925453	0.0001402628115	2	1.32	0.37922	1.2e+03	-3.08
taaggg	taaggg	0.0001064962726	0.0001558475683	1	1.46	0.76858	2.5e+03	-3.39
taaggt	taaggt	0.0003194888179	0.0001714323252	3	1.61	0.21916	7.0e+02	-2.85
taagta	taagta	0.0003194888179	0.0003699329122	3	3.47	0.67431	2.2e+03	-3.33
taagtc	taagtc	0.0003194888179	0.0001849664561	3	1.74	0.25252	8.1e+02	-2.91
taagtg	taagtg	0.0003194888179	0.0001644146277	3	1.54	0.20223	6.5e+02	-2.81
taagtt	taagtt	0.0002129925453	0.0004521402260	2	4.25	0.92489	3.0e+03	-3.47
taataa	taataa	0.0010649627263	0.0009268648790	10	8.70	0.37354	1.2e+03	-3.08
taatac	taatac	0.0002129925453	0.0003089549597	2	2.90	0.78563	2.5e+03	-3.40
taatag	taatag	0.0005324813632	0.0004213022177	5	3.96	0.36257	1.2e+03	-3.06
taatat	taatat	0.0007454739084	0.0008987780644	7	8.44	0.73744	2.4e+03	-3.37
taatca	taatca	0.0006389776358	0.0004969805790	6	4.67	0.32576	1.0e+03	-3.02
taatcc	taatcc	0.0002129925453	0.0003549861279	2	3.33	0.84546	2.7e+03	-3.43
taatcg	taatcg	0.0001064962726	0.0001419944512	1	1.33	0.73643	2.4e+03	-3.37
taatct	taatct	0.0003194888179	0.0002839889023	3	2.67	0.49820	1.6e+03	-3.20
taatga	taatga	0.0002129925453	0.0002854994816	2	2.68	0.74789	2.4e+03	-3.38
taatgc	taatgc	0.0005324813632	0.0002447138414	5	2.30	0.08348	2.7e+02	-2.43
taatgt	taatgt	0.0002129925453	0.0002854994816	2	2.68	0.74789	2.4e+03	-3.38
taatta	taatta	0.0005324813632	0.0002648004630	5	2.49	0.10700	3.4e+02	-2.53
taattc	taattc	0.0001064962726	0.0002648004630	1	2.49	0.91682	2.9e+03	-3.47
taattg	taattg	0.0003194888179	0.0005627009838	3	5.28	0.89737	2.9e+03	-3.46
taattt	taattt	0.0014909478168	0.0013571023727	14	12.74	0.39873	1.3e+03	-3.11
tacaaa	tacaaa	0.0006389776358	0.0007099722558	6	6.67	0.65479	2.1e+03	-3.32
tacaac	tacaac	0.0007454739084	0.0005916435465	7	5.56	0.32269	1.0e+03	-3.01
tacaag	tacaag	0.0001064962726	0.0003155432248	1	2.96	0.94836	3.0e+03	-3.48
tacaat	tacaat	0.0006389776358	0.0005127577403	6	4.81	0.35157	1.1e+03	-3.05
tacaca	tacaca	0.0006389776358	0.0005566827915	6	5.23	0.42386	1.4e+03	-3.13
tacacc	tacacc	0.0002129925453	0.0001694251974	2	1.59	0.47214	1.5e+03	-3.18
tacact	tacact	0.0002129925453	0.0002904431955	2	2.73	0.75629	2.4e+03	-3.38
tacaga	tacaga	0.0002129925453	0.0002613988760	2	2.45	0.70328	2.2e+03	-3.35
tacagc	tacagc	0.0002129925453	0.0001742659173	2	1.64	0.48675	1.6e+03	-3.19
tacagg	tacagg	0.0002129925453	0.0001960491570	2	1.84	0.54925	1.8e+03	-3.24
tacagt	tacagt	0.0003194888179	0.0003267485950	3	3.07	0.59195	1.9e+03	-3.28
tacata	tacata	0.0008519701810	0.0006451487020	8	6.06	0.26399	8.4e+02	-2.93
tacatg	tacatg	0.0003194888179	0.0003395519484	3	3.19	0.61771	2.0e+03	-3.30
tacatt	tacatt	0.0011714589989	0.0009507454556	11	8.93	0.28539	9.1e+02	-2.96
taccaa	taccaa	0.0006389776358	0.0002928635555	6	2.75	0.06081	1.9e+02	-2.29
taccac	taccac	0.0004259850905	0.0003904847407	4	3.67	0.49889	1.6e+03	-3.20
taccat	taccat	0.0001064962726	0.0002277827654	1	2.14	0.88224	2.8e+03	-3.45
tacccc	tacccc	0.0002129925453	0.0000798718788	2	0.75	0.17335	5.5e+02	-2.74
tacccg	tacccg	0.0001064962726	0.0000532479192	1	0.50	0.39348	1.3e+03	-3.10
taccct	taccct	0.0001064962726	0.0000798718788	1	0.75	0.52765	1.7e+03	-3.23
taccgc	taccgc	0.0001064962726	0.0000473314837	1	0.44	0.35883	1.1e+03	-3.06
taccgg	taccgg	0.0001064962726	0.0000709972256	1	0.67	0.48659	1.6e+03	-3.19
taccta	taccta	0.0001064962726	0.0001656601930	1	1.56	0.78895	2.5e+03	-3.40
tacctg	tacctg	0.0002129925453	0.0000946629674	2	0.89	0.22345	7.1e+02	-2.85
tacctt	tacctt	0.0003194888179	0.0002366574186	3	2.22	0.38324	1.2e+03	-3.09
tacgaa	tacgaa	0.0003194888179	0.0001597437575	3	1.50	0.19114	6.1e+02	-2.79
tacgac	tacgac	0.0002129925453	0.0001597437575	2	1.50	0.44219	1.4e+03	-3.15
tacgag	tacgag	0.0001064962726	0.0003194875151	1	3.00	0.95024	3.0e+03	-3.48
tacgat	tacgat	0.0002129925453	0.0002129916767	2	2.00	0.59402	1.9e+03	-3.28
tacgcc	tacgcc	0.0001064962726	0.0000998398485	1	0.94	0.60841	1.9e+03	-3.29
tacgcg	tacgcg	0.0001064962726	0.0000798718788	1	0.75	0.52765	1.7e+03	-3.23
tacgct	tacgct	0.0001064962726	0.0000798718788	1	0.75	0.52765	1.7e+03	-3.23
tacgga	tacgga	0.0002129925453	0.0002662395959	2	2.50	0.71274	2.3e+03	-3.36
tacggc	tacggc	0.0001064962726	0.0000380342280	1	0.36	0.30033	9.6e+02	-2.98
tacggg	tacggg	0.0001064962726	0.0001141026840	1	1.07	0.65750	2.1e+03	-3.32
tacggt	tacggt	0.0001064962726	0.0001141026840	1	1.07	0.65750	2.1e+03	-3.32
tacgta	tacgta	0.0005324813632	0.0003549861279	5	3.33	0.24348	7.8e+02	-2.89
tacgtc	tacgtc	0.0003194888179	0.0001774930639	3	1.67	0.23399	7.5e+02	-2.87
tacgtg	tacgtg	0.0001064962726	0.0006744736430	1	6.33	0.99823	3.2e+03	-3.50
tacgtt	tacgtt	0.0004259850905	0.0001774930639	4	1.67	0.08825	2.8e+02	-2.45
tactaa	tactaa	0.0001064962726	0.0005679778046	1	5.33	0.99518	3.2e+03	-3.50
tactac	tactac	0.0004259850905	0.0003194875151	4	3.00	0.35277	1.1e+03	-3.05
tactag	tactag	0.0006389776358	0.0002484902895	6	2.33	0.03178	1.0e+02	-2.01
tactat	tactat	0.0003194888179	0.0003549861279	3	3.33	0.64727	2.1e+03	-3.32
tactca	tactca	0.0003194888179	0.0004130747670	3	3.88	0.74365	2.4e+03	-3.38
tactcc	tactcc	0.0001064962726	0.0001290858647	1	1.21	0.70246	2.2e+03	-3.35
tactcg	tactcg	0.0001064962726	0.0001032686917	1	0.97	0.62082	2.0e+03	-3.30
tactct	tactct	0.0003194888179	0.0002065373835	3	1.94	0.30692	9.8e+02	-2.99
tactga	tactga	0.0002129925453	0.0001217095296	2	1.14	0.31663	1.0e+03	-3.01
tactgc	tactgc	0.0001064962726	0.0001947352473	1	1.83	0.83938	2.7e+03	-3.43
tactgt	tactgt	0.0005324813632	0.0004381543064	5	4.11	0.39348	1.3e+03	-3.10
tactta	tactta	0.0004259850905	0.0002811490133	4	2.64	0.27271	8.7e+02	-2.94
tacttc	tacttc	0.0004259850905	0.0003322670157	4	3.12	0.37963	1.2e+03	-3.08
tacttg	tacttg	0.0001064962726	0.0002555900121	1	2.40	0.90931	2.9e+03	-3.46
tacttt	tacttt	0.0003194888179	0.0004089440193	3	3.84	0.73756	2.4e+03	-3.37
tagaaa	tagaaa	0.0007454739084	0.0007702712693	7	7.23	0.58444	1.9e+03	-3.27
tagaac	tagaac	0.0002129925453	0.0002334155361	2	2.19	0.64345	2.1e+03	-3.31
tagaag	tagaag	0.0003194888179	0.0003734648578	3	3.51	0.68047	2.2e+03	-3.34
tagaat	tagaat	0.0004259850905	0.0003267817506	4	3.07	0.36811	1.2e+03	-3.07
tagaca	tagaca	0.0002129925453	0.0002282053679	2	2.14	0.63131	2.0e+03	-3.30
tagacc	tagacc	0.0001064962726	0.0001267807600	1	1.19	0.69595	2.2e+03	-3.35
tagacg	tagacg	0.0001064962726	0.0000507123040	1	0.48	0.37886	1.2e+03	-3.08
tagact	tagact	0.0001064962726	0.0001267807600	1	1.19	0.69595	2.2e+03	-3.35
tagaga	tagaga	0.0002129925453	0.0002555900121	2	2.40	0.69160	2.2e+03	-3.34
tagagc	tagagc	0.0002129925453	0.0001419944512	2	1.33	0.38495	1.2e+03	-3.09
tagagg	tagagg	0.0001064962726	0.0002271911218	1	2.13	0.88159	2.8e+03	-3.45
tagagt	tagagt	0.0003194888179	0.0002271911218	3	2.13	0.35936	1.1e+03	-3.06
tagata	tagata	0.0004259850905	0.0007099722558	4	6.67	0.89920	2.9e+03	-3.46
tagatc	tagatc	0.0001064962726	0.0001064958384	1	1.00	0.63214	2.0e+03	-3.31
tagatg	tagatg	0.0006389776358	0.0003904847407	6	3.67	0.16514	5.3e+02	-2.72
tagatt	tagatt	0.0002129925453	0.0001774930639	2	1.67	0.49635	1.6e+03	-3.20
tagcaa	tagcaa	0.0004259850905	0.0004228511229	4	3.97	0.56080	1.8e+03	-3.25
tagcac	tagcac	0.0001064962726	0.0002255205989	1	2.12	0.87971	2.8e+03	-3.45
tagcag	tagcag	0.0001064962726	0.0000563801497	1	0.53	0.41106	1.3e+03	-3.12
tagcat	tagcat	0.0003194888179	0.0002537106738	3	2.38	0.42568	1.4e+03	-3.13
tagcca	tagcca	0.0003194888179	0.0003549861279	3	3.33	0.64727	2.1e+03	-3.32
tagccc	tagccc	0.0001064962726	0.0000591643546	1	0.56	0.42625	1.4e+03	-3.13
tagccg	tagccg	0.0001064962726	0.0001183287093	1	1.11	0.67083	2.1e+03	-3.33
tagcga	tagcga	0.0001064962726	0.0001863677171	1	1.75	0.82625	2.6e+03	-3.42
tagcgc	tagcgc	0.0003194888179	0.0001863677171	3	1.75	0.25602	8.2e+02	-2.91
tagcgg	tagcgg	0.0002129925453	0.0002236412606	2	2.10	0.62041	2.0e+03	-3.30
tagcgt	tagcgt	0.0001064962726	0.0001490941737	1	1.40	0.75343	2.4e+03	-3.38
tagcta	tagcta	0.0002129925453	0.0001855088797	2	1.74	0.51968	1.7e+03	-3.22
tagctc	tagctc	0.0002129925453	0.0002473451730	2	2.32	0.67435	2.2e+03	-3.33
tagctg	tagctg	0.0002129925453	0.0001855088797	2	1.74	0.51968	1.7e+03	-3.22
tagctt	tagctt	0.0003194888179	0.0003400996128	3	3.19	0.61879	2.0e+03	-3.30
taggaa	taggaa	0.0001064962726	0.0001277950060	1	1.20	0.69883	2.2e+03	-3.35
taggac	taggac	0.0001064962726	0.0000383385018	1	0.36	0.30233	9.7e+02	-2.99
taggat	taggat	0.0001064962726	0.0000511180024	1	0.48	0.38122	1.2e+03	-3.09
taggcc	taggcc	0.0001064962726	0.0000665598990	1	0.62	0.46475	1.5e+03	-3.17
taggct	taggct	0.0001064962726	0.0000931838586	1	0.87	0.58315	1.9e+03	-3.27
tagggt	tagggt	0.0001064962726	0.0000375867665	1	0.35	0.29739	9.5e+02	-2.98
taggta	taggta	0.0003194888179	0.0002255205989	3	2.12	0.35513	1.1e+03	-3.06
taggtc	taggtc	0.0001064962726	0.0001252892216	1	1.18	0.69166	2.2e+03	-3.34
taggtg	taggtg	0.0003194888179	0.0002505784432	3	2.35	0.41796	1.3e+03	-3.13
taggtt	taggtt	0.0001064962726	0.0002505784432	1	2.35	0.90494	2.9e+03	-3.46
tagtaa	tagtaa	0.0005324813632	0.0004991992423	5	4.69	0.50311	1.6e+03	-3.21
tagtac	tagtac	0.0004259850905	0.0003993593939	4	3.75	0.51626	1.7e+03	-3.22
tagtag	tagtag	0.0003194888179	0.0002329596464	3	2.19	0.37394	1.2e+03	-3.08
tagtat	tagtat	0.0003194888179	0.0004659192928	3	4.37	0.81193	2.6e+03	-3.41
tagtca	tagtca	0.0009584664537	0.0008865058977	9	8.32	0.45264	1.4e+03	-3.16
tagtcg	tagtcg	0.0001064962726	0.0002014786131	1	1.89	0.84924	2.7e+03	-3.43
tagtct	tagtct	0.0004259850905	0.0002820700584	4	2.65	0.27461	8.8e+02	-2.94
tagtga	tagtga	0.0001064962726	0.0001936287970	1	1.82	0.83771	2.7e+03	-3.43
tagtgc	tagtgc	0.0001064962726	0.0000484071993	1	0.45	0.36527	1.2e+03	-3.07
tagtgg	tagtgg	0.0003194888179	0.0001452215978	3	1.36	0.15777	5.0e+02	-2.70
tagtta	tagtta	0.0007454739084	0.0005058552322	7	4.75	0.20220	6.5e+02	-2.81
tagttc	tagttc	0.0002129925453	0.0003793914242	2	3.56	0.87062	2.8e+03	-3.44
tagttg	tagttg	0.0002129925453	0.0003477754722	2	3.27	0.83722	2.7e+03	-3.43
tagttt	tagttt	0.0008519701810	0.0007903988004	8	7.42	0.46391	1.5e+03	-3.17
tataaa	tataaa	0.0014909478168	0.0014623964609	14	13.73	0.50694	1.6e+03	-3.21
tataac	tataac	0.0005324813632	0.0005687097348	5	5.34	0.61711	2.0e+03	-3.30
tataag	tataag	0.0008519701810	0.0007718203543	8	7.25	0.43811	1.4e+03	-3.15
tataat	tataat	0.0010649627263	0.0011374194696	10	10.68	0.62393	2.0e+03	-3.30
tataca	tataca	0.0008519701810	0.0011475469930	8	10.78	0.84186	2.7e+03	-3.43
tatacc	tatacc	0.0003194888179	0.0003651285887	3	3.43	0.66579	2.1e+03	-3.33
tatacg	tatacg	0.0006389776358	0.0004172898156	6	3.92	0.20221	6.5e+02	-2.81
tatact	tatact	0.0007454739084	0.0006259347235	7	5.88	0.37403	1.2e+03	-3.08
tataga	tataga	0.0003194888179	0.0003081581706	3	2.89	0.55259	1.8e+03	-3.25
tatagc	tatagc	0.0002129925453	0.0001993964633	2	1.87	0.55836	1.8e+03	-3.25
tatagt	tatagt	0.0003194888179	0.0002537773170	3	2.38	0.42585	1.4e+03	-3.13
tatata	tatata	0.0068157614483	0.0053329839058	64	50.08	0.03229	1.0e+02	-2.01
tatatc	tatatc	0.0003194888179	0.0007454708686	3	7.00	0.97040	3.1e+03	-3.49
tatatg	tatatg	0.0008519701810	0.0010895343464	8	10.23	0.80000	2.6e+03	-3.41
tatatt	tatatt	0.0009584664537	0.0017776613019	9	16.69	0.98508	3.1e+03	-3.50
tatcaa	tatcaa	0.0005324813632	0.0003932154032	5	3.69	0.31128	1.0e+03	-3.00
tatcac	tatcac	0.0001064962726	0.0004259833535	1	4.00	0.98170	3.1e+03	-3.50
tatcag	tatcag	0.0001064962726	0.0001638397513	1	1.54	0.78531	2.5e+03	-3.40
tatcat	tatcat	0.0009584664537	0.0007208949059	9	6.77	0.24130	7.7e+02	-2.89
tatcca	tatcca	0.0003194888179	0.0002917059920	3	2.74	0.51594	1.6e+03	-3.22
tatccc	tatccc	0.0002129925453	0.0001296471076	2	1.22	0.34365	1.1e+03	-3.04
tatccg	tatccg	0.0001064962726	0.0000324117769	1	0.30	0.26240	8.4e+02	-2.92
tatcct	tatcct	0.0001064962726	0.0002917059920	1	2.74	0.93540	3.0e+03	-3.48
tatcga	tatcga	0.0003194888179	0.0001355401579	3	1.27	0.13664	4.4e+02	-2.64
tatcgg	tatcgg	0.0002129925453	0.0001694251974	2	1.59	0.47214	1.5e+03	-3.18
tatcgt	tatcgt	0.0002129925453	0.0002371952764	2	2.23	0.65206	2.1e+03	-3.32
tatcta	tatcta	0.0008519701810	0.0005943953769	8	5.58	0.20062	6.4e+02	-2.81
tatctc	tatctc	0.0001064962726	0.0002228982663	1	2.09	0.87671	2.8e+03	-3.45
tatctg	tatctg	0.0002129925453	0.0002228982663	2	2.09	0.61862	2.0e+03	-3.30
tatctt	tatctt	0.0004259850905	0.0005572456659	4	5.23	0.76619	2.4e+03	-3.39
tatgaa	tatgaa	0.0004259850905	0.0004496490953	4	4.22	0.60875	1.9e+03	-3.29
tatgac	tatgac	0.0003194888179	0.0002603231604	3	2.44	0.44187	1.4e+03	-3.15
tatgat	tatgat	0.0003194888179	0.0002603231604	3	2.44	0.44187	1.4e+03	-3.15
tatgca	tatgca	0.0004259850905	0.0004285808129	4	4.02	0.57132	1.8e+03	-3.26
tatgcc	tatgcc	0.0001064962726	0.0001714323252	1	1.61	0.80009	2.6e+03	-3.41
tatgcg	tatgcg	0.0002129925453	0.0002285764336	2	2.15	0.63219	2.0e+03	-3.31
tatgct	tatgct	0.0004259850905	0.0003428646503	4	3.22	0.40183	1.3e+03	-3.11
tatgga	tatgga	0.0002129925453	0.0001064958384	2	1.00	0.26424	8.4e+02	-2.93
tatggc	tatggc	0.0001064962726	0.0001331197980	1	1.25	0.71352	2.3e+03	-3.36
tatggg	tatggg	0.0001064962726	0.0001331197980	1	1.25	0.71352	2.3e+03	-3.36
tatggt	tatggt	0.0001064962726	0.0001597437575	1	1.50	0.77690	2.5e+03	-3.40
tatgta	tatgta	0.0006389776358	0.0006670002508	6	6.26	0.59567	1.9e+03	-3.28
tatgtg	tatgtg	0.0004259850905	0.0003138824710	4	2.95	0.34097	1.1e+03	-3.04
tatgtt	tatgtt	0.0004259850905	0.0004315883976	4	4.05	0.57678	1.8e+03	-3.27
tattaa	tattaa	0.0005324813632	0.0006626407721	5	6.22	0.74368	2.4e+03	-3.38
tattac	tattac	0.0005324813632	0.0007099722558	5	6.67	0.79447	2.5e+03	-3.40
tattag	tattag	0.0003194888179	0.0002839889023	3	2.67	0.49820	1.6e+03	-3.20
tattat	tattat	0.0011714589989	0.0008992981906	11	8.44	0.23046	7.4e+02	-2.87
tattca	tattca	0.0004259850905	0.0003400996128	4	3.19	0.39605	1.3e+03	-3.10
tattcc	tattcc	0.0004259850905	0.0003023107670	4	2.84	0.31668	1.0e+03	-3.01
tattct	tattct	0.0003194888179	0.0004912549963	3	4.61	0.83879	2.7e+03	-3.43
tattga	tattga	0.0003194888179	0.0004445043688	3	4.17	0.78635	2.5e+03	-3.40
tattgc	tattgc	0.0003194888179	0.0002222521844	3	2.09	0.34685	1.1e+03	-3.04
tattgg	tattgg	0.0003194888179	0.0002222521844	3	2.09	0.34685	1.1e+03	-3.04
tattgt	tattgt	0.0003194888179	0.0003889413227	3	3.65	0.70644	2.3e+03	-3.35
tattta	tattta	0.0009584664537	0.0011092606524	9	10.42	0.71216	2.3e+03	-3.36
tatttc	tatttc	0.0010649627263	0.0009661302457	10	9.07	0.42208	1.3e+03	-3.13
tatttg	tatttg	0.0004259850905	0.0007156520338	4	6.72	0.90250	2.9e+03	-3.46
tatttt	tatttt	0.0020234291800	0.0016817822795	19	15.79	0.24046	7.7e+02	-2.89
tcaaaa	tcaaaa	0.0009584664537	0.0012554509396	9	11.79	0.83080	2.7e+03	-3.42
tcaaac	tcaaac	0.0003194888179	0.0003239873393	3	3.04	0.58624	1.9e+03	-3.27
tcaaag	tcaaag	0.0007454739084	0.0005669778437	7	5.32	0.28652	9.2e+02	-2.96
tcaaat	tcaaat	0.0008519701810	0.0007289715133	8	6.85	0.37820	1.2e+03	-3.08
tcaaca	tcaaca	0.0003194888179	0.0003863569950	3	3.63	0.70222	2.2e+03	-3.35
tcaacc	tcaacc	0.0002129925453	0.0002971976885	2	2.79	0.76738	2.5e+03	-3.39
tcaact	tcaact	0.0007454739084	0.0004755163015	7	4.47	0.16446	5.3e+02	-2.72
tcaaga	tcaaga	0.0003194888179	0.0003549861279	3	3.33	0.64727	2.1e+03	-3.32
tcaagg	tcaagg	0.0004259850905	0.0001774930639	4	1.67	0.08825	2.8e+02	-2.45
tcaagt	tcaagt	0.0003194888179	0.0003549861279	3	3.33	0.64727	2.1e+03	-3.32
tcaata	tcaata	0.0007454739084	0.0005786943670	7	5.43	0.30359	9.7e+02	-2.99
tcaatc	tcaatc	0.0002129925453	0.0002170103876	2	2.04	0.60414	1.9e+03	-3.29
tcaatg	tcaatg	0.0005324813632	0.0004340207752	5	4.08	0.38590	1.2e+03	-3.09
tcaatt	tcaatt	0.0003194888179	0.0006148627649	3	5.77	0.92719	3.0e+03	-3.47
tcacaa	tcacaa	0.0002129925453	0.0001217095296	2	1.14	0.31663	1.0e+03	-3.01
tcacac	tcacac	0.0002129925453	0.0002434190591	2	2.29	0.66587	2.1e+03	-3.33
tcacag	tcacag	0.0002129925453	0.0002163724970	2	2.03	0.60255	1.9e+03	-3.28
tcacat	tcacat	0.0002129925453	0.0002704656212	2	2.54	0.72079	2.3e+03	-3.36
tcacca	tcacca	0.0001064962726	0.0002621436021	1	2.46	0.91472	2.9e+03	-3.47
tcaccc	tcaccc	0.0002129925453	0.0002293756519	2	2.15	0.63407	2.0e+03	-3.31
tcaccg	tcaccg	0.0002129925453	0.0000983038508	2	0.92	0.23597	7.5e+02	-2.88
tcacct	tcacct	0.0003194888179	0.0002621436021	3	2.46	0.44630	1.4e+03	-3.15
tcacgc	tcacgc	0.0001064962726	0.0002981883474	1	2.80	0.93921	3.0e+03	-3.48
tcacgg	tcacgg	0.0002129925453	0.0001987922316	2	1.87	0.55673	1.8e+03	-3.25
tcacgt	tcacgt	0.0011714589989	0.0008945650423	11	8.40	0.22562	7.2e+02	-2.86
tcacta	tcacta	0.0001064962726	0.0002072351449	1	1.95	0.85718	2.7e+03	-3.44
tcactc	tcactc	0.0001064962726	0.0001295219656	1	1.22	0.70367	2.2e+03	-3.35
tcactg	tcactg	0.0004259850905	0.0002072351449	4	1.95	0.13324	4.3e+02	-2.63
tcactt	tcactt	0.0003194888179	0.0004144702899	3	3.89	0.74568	2.4e+03	-3.38
tcagaa	tcagaa	0.0002129925453	0.0002867195648	2	2.69	0.74998	2.4e+03	-3.38
tcagac	tcagac	0.0001064962726	0.0001146878259	1	1.08	0.65938	2.1e+03	-3.32
tcagag	tcagag	0.0001064962726	0.0001433597824	1	1.35	0.73978	2.4e+03	-3.37
tcagat	tcagat	0.0003194888179	0.0002007036954	3	1.88	0.29212	9.3e+02	-2.97
tcagca	tcagca	0.0004259850905	0.0002434190591	4	2.29	0.19774	6.3e+02	-2.80
tcagcc	tcagcc	0.0001064962726	0.0001622793727	1	1.52	0.78215	2.5e+03	-3.40
tcagcg	tcagcg	0.0001064962726	0.0000811396864	1	0.76	0.53324	1.7e+03	-3.23
tcagct	tcagct	0.0002129925453	0.0003651285887	2	3.43	0.85641	2.7e+03	-3.44
tcagga	tcagga	0.0002129925453	0.0002555900121	2	2.40	0.69160	2.2e+03	-3.34
tcaggt	tcaggt	0.0004259850905	0.0002875387636	4	2.70	0.28590	9.1e+02	-2.96
tcagta	tcagta	0.0001064962726	0.0001460514355	1	1.37	0.74628	2.4e+03	-3.38
tcagtc	tcagtc	0.0001064962726	0.0001703933414	1	1.60	0.79813	2.6e+03	-3.41
tcagtg	tcagtg	0.0001064962726	0.0000730257177	1	0.69	0.49628	1.6e+03	-3.20
tcagtt	tcagtt	0.0005324813632	0.0004624962123	5	4.34	0.43784	1.4e+03	-3.15
tcataa	tcataa	0.0009584664537	0.0004915192540	9	4.62	0.04580	1.5e+02	-2.17
tcatac	tcatac	0.0001064962726	0.0002764795804	1	2.60	0.92547	3.0e+03	-3.47
tcatag	tcatag	0.0002129925453	0.0003686394405	2	3.46	0.86004	2.7e+03	-3.44
tcatat	tcatat	0.0003194888179	0.0004607993006	3	4.33	0.80606	2.6e+03	-3.41
tcatca	tcatca	0.0007454739084	0.0007241717009	7	6.80	0.52012	1.7e+03	-3.22
tcatcg	tcatcg	0.0005324813632	0.0003407866828	5	3.20	0.21936	7.0e+02	-2.85
tcatct	tcatct	0.0006389776358	0.0006815733655	6	6.40	0.61632	2.0e+03	-3.29
tcatga	tcatga	0.0008519701810	0.0004685816888	8	4.40	0.07853	2.5e+02	-2.40
tcatgg	tcatgg	0.0001064962726	0.0001171454222	1	1.10	0.66715	2.1e+03	-3.33
tcatgt	tcatgt	0.0002129925453	0.0002342908444	2	2.20	0.64546	2.1e+03	-3.31
tcatta	tcatta	0.0005324813632	0.0006857686561	5	6.44	0.76956	2.5e+03	-3.39
tcattc	tcattc	0.0003194888179	0.0004033933271	3	3.79	0.72920	2.3e+03	-3.37
tcattg	tcattg	0.0003194888179	0.0004033933271	3	3.79	0.72920	2.3e+03	-3.37
tcattt	tcattt	0.0014909478168	0.0011698406487	14	10.98	0.21719	6.9e+02	-2.84
tccaaa	tccaaa	0.0003194888179	0.0002017815885	3	1.89	0.29485	9.4e+02	-2.97
tccaac	tccaac	0.0004259850905	0.0003026723827	4	2.84	0.31744	1.0e+03	-3.01
tccaag	tccaag	0.0002129925453	0.0002690421180	2	2.53	0.71810	2.3e+03	-3.36
tccaat	tccaat	0.0003194888179	0.0004708237065	3	4.42	0.81741	2.6e+03	-3.42
tccaca	tccaca	0.0002129925453	0.0004315883976	2	4.05	0.91225	2.9e+03	-3.46
tccacc	tccacc	0.0002129925453	0.0001373235811	2	1.29	0.36945	1.2e+03	-3.07
tccact	tccact	0.0003194888179	0.0000980882722	3	0.92	0.06636	2.1e+02	-2.33
tccagg	tccagg	0.0002129925453	0.0000851966707	2	0.80	0.19120	6.1e+02	-2.79
tccagt	tccagt	0.0001064962726	0.0000851966707	1	0.80	0.55068	1.8e+03	-3.25
tccata	tccata	0.0004259850905	0.0003294714999	4	3.09	0.37376	1.2e+03	-3.08
tccatc	tccatc	0.0002129925453	0.0002695675909	2	2.53	0.71909	2.3e+03	-3.36
tccatg	tccatg	0.0002129925453	0.0001497597727	2	1.41	0.41033	1.3e+03	-3.12
tccatt	tccatt	0.0001064962726	0.0002096636818	1	1.97	0.86040	2.8e+03	-3.44
tcccaa	tcccaa	0.0005324813632	0.0003485318347	5	3.27	0.23243	7.4e+02	-2.87
tcccac	tcccac	0.0001064962726	0.0001936287970	1	1.82	0.83771	2.7e+03	-3.43
tcccat	tcccat	0.0002129925453	0.0002710803158	2	2.55	0.72194	2.3e+03	-3.36
tcccca	tcccca	0.0001064962726	0.0002129916767	1	2.00	0.86469	2.8e+03	-3.44
tccccg	tccccg	0.0002129925453	0.0001064958384	2	1.00	0.26424	8.4e+02	-2.93
tcccct	tcccct	0.0001064962726	0.0000532479192	1	0.50	0.39348	1.3e+03	-3.10
tcccga	tcccga	0.0001064962726	0.0000912821472	1	0.86	0.57564	1.8e+03	-3.26
tcccgc	tcccgc	0.0002129925453	0.0001825642943	2	1.71	0.51120	1.6e+03	-3.21
tcccgg	tcccgg	0.0003194888179	0.0002282053679	3	2.14	0.36193	1.2e+03	-3.06
tcccta	tcccta	0.0003194888179	0.0001720317389	3	1.62	0.22061	7.1e+02	-2.85
tccctc	tccctc	0.0001064962726	0.0003440634778	1	3.23	0.96049	3.1e+03	-3.49
tccctg	tccctg	0.0001064962726	0.0000573439130	1	0.54	0.41636	1.3e+03	-3.12
tccctt	tccctt	0.0002129925453	0.0001720317389	2	1.62	0.48004	1.5e+03	-3.19
tccgaa	tccgaa	0.0001064962726	0.0000798718788	1	0.75	0.52765	1.7e+03	-3.23
tccgat	tccgat	0.0002129925453	0.0000798718788	2	0.75	0.17335	5.5e+02	-2.74
tccgca	tccgca	0.0001064962726	0.0001064958384	1	1.00	0.63214	2.0e+03	-3.31
tccgct	tccgct	0.0002129925453	0.0001774930639	2	1.67	0.49635	1.6e+03	-3.20
tccggg	tccggg	0.0001064962726	0.0000655359005	1	0.62	0.45958	1.5e+03	-3.17
tccggt	tccggt	0.0001064962726	0.0000983038508	1	0.92	0.60272	1.9e+03	-3.28
tccgtc	tccgtc	0.0003194888179	0.0001774930639	3	1.67	0.23399	7.5e+02	-2.87
tccgtg	tccgtg	0.0001064962726	0.0001419944512	1	1.33	0.73643	2.4e+03	-3.37
tccgtt	tccgtt	0.0002129925453	0.0001774930639	2	1.67	0.49635	1.6e+03	-3.20
tcctac	tcctac	0.0001064962726	0.0001331197980	1	1.25	0.71352	2.3e+03	-3.36
tcctag	tcctag	0.0001064962726	0.0000665598990	1	0.62	0.46475	1.5e+03	-3.17
tcctat	tcctat	0.0003194888179	0.0002329596464	3	2.19	0.37394	1.2e+03	-3.08
tcctca	tcctca	0.0003194888179	0.0003440634778	3	3.23	0.62652	2.0e+03	-3.30
tcctcc	tcctcc	0.0001064962726	0.0002457596270	1	2.31	0.90054	2.9e+03	-3.46
tcctcg	tcctcg	0.0003194888179	0.0002457596270	3	2.31	0.40601	1.3e+03	-3.11
tcctct	tcctct	0.0005324813632	0.0004423673286	5	4.15	0.40119	1.3e+03	-3.11
tcctga	tcctga	0.0002129925453	0.0001474557762	2	1.38	0.40285	1.3e+03	-3.11
tcctgc	tcctgc	0.0002129925453	0.0001966077016	2	1.85	0.55078	1.8e+03	-3.25
tcctgg	tcctgg	0.0001064962726	0.0000491519254	1	0.46	0.36969	1.2e+03	-3.07
tcctgt	tcctgt	0.0001064962726	0.0002457596270	1	2.31	0.90054	2.9e+03	-3.46
tccttc	tccttc	0.0003194888179	0.0001889442294	3	1.77	0.26247	8.4e+02	-2.92
tccttg	tccttg	0.0002129925453	0.0002645219211	2	2.48	0.70942	2.3e+03	-3.36
tccttt	tccttt	0.0006389776358	0.0004912549963	6	4.61	0.31645	1.0e+03	-3.01
tcgaaa	tcgaaa	0.0002129925453	0.0002329596464	2	2.19	0.64240	2.1e+03	-3.31
tcgaac	tcgaac	0.0003194888179	0.0002329596464	3	2.19	0.37394	1.2e+03	-3.08
tcgaat	tcgaat	0.0002129925453	0.0001397757879	2	1.31	0.37760	1.2e+03	-3.08
tcgaca	tcgaca	0.0001064962726	0.0000580886391	1	0.55	0.42043	1.3e+03	-3.13
tcgacc	tcgacc	0.0001064962726	0.0000193628797	1	0.18	0.16625	5.3e+02	-2.73
tcgaga	tcgaga	0.0003194888179	0.0002522269856	3	2.37	0.42203	1.3e+03	-3.13
tcgagc	tcgagc	0.0002129925453	0.0002017815885	2	1.89	0.56478	1.8e+03	-3.26
tcgagg	tcgagg	0.0003194888179	0.0002522269856	3	2.37	0.42203	1.3e+03	-3.13
tcgagt	tcgagt	0.0001064962726	0.0002017815885	1	1.89	0.84967	2.7e+03	-3.43
tcgata	tcgata	0.0003194888179	0.0002995195454	3	2.81	0.53355	1.7e+03	-3.23
tcgatc	tcgatc	0.0001064962726	0.0000665598990	1	0.62	0.46475	1.5e+03	-3.17
tcgatg	tcgatg	0.0001064962726	0.0000998398485	1	0.94	0.60841	1.9e+03	-3.29
tcgcaa	tcgcaa	0.0006389776358	0.0002690421180	6	2.53	0.04378	1.4e+02	-2.15
tcgcac	tcgcac	0.0001064962726	0.0002690421180	1	2.53	0.92007	2.9e+03	-3.47
tcgcag	tcgcag	0.0001064962726	0.0001345210590	1	1.26	0.71726	2.3e+03	-3.36
tcgcca	tcgcca	0.0001064962726	0.0001277950060	1	1.20	0.69883	2.2e+03	-3.35
tcgccc	tcgccc	0.0001064962726	0.0000425983353	1	0.40	0.32968	1.1e+03	-3.02
tcgcga	tcgcga	0.0002129925453	0.0001331197980	2	1.25	0.35537	1.1e+03	-3.06
tcgcgc	tcgcgc	0.0001064962726	0.0001064958384	1	1.00	0.63214	2.0e+03	-3.31
tcgcta	tcgcta	0.0004259850905	0.0003549861279	4	3.33	0.42702	1.4e+03	-3.14
tcgctc	tcgctc	0.0002129925453	0.0002028492159	2	1.90	0.56763	1.8e+03	-3.26
tcgctg	tcgctg	0.0001064962726	0.0001014246080	1	0.95	0.61420	2.0e+03	-3.29
tcgctt	tcgctt	0.0003194888179	0.0004056984319	3	3.81	0.73269	2.3e+03	-3.37
tcggaa	tcggaa	0.0002129925453	0.0001754049102	2	1.65	0.49015	1.6e+03	-3.20
tcggat	tcggat	0.0002129925453	0.0001503470659	2	1.41	0.41223	1.3e+03	-3.12
tcggcg	tcggcg	0.0001064962726	0.0000425983353	1	0.40	0.32968	1.1e+03	-3.02
tcggct	tcggct	0.0001064962726	0.0000425983353	1	0.40	0.32968	1.1e+03	-3.02
tcggga	tcggga	0.0001064962726	0.0000655359005	1	0.62	0.45958	1.5e+03	-3.17
tcgggc	tcgggc	0.0001064962726	0.0000655359005	1	0.62	0.45958	1.5e+03	-3.17
tcggta	tcggta	0.0002129925453	0.0001474557762	2	1.38	0.40285	1.3e+03	-3.11
tcggtt	tcggtt	0.0001064962726	0.0000737278881	1	0.69	0.49959	1.6e+03	-3.20
tcgtaa	tcgtaa	0.0002129925453	0.0001217095296	2	1.14	0.31663	1.0e+03	-3.01
tcgtac	tcgtac	0.0002129925453	0.0000405698432	2	0.38	0.05652	1.8e+02	-2.26
tcgtca	tcgtca	0.0004259850905	0.0004338719341	4	4.07	0.58091	1.9e+03	-3.27
tcgtcc	tcgtcc	0.0002129925453	0.0001972145155	2	1.85	0.55243	1.8e+03	-3.25
tcgtcg	tcgtcg	0.0003194888179	0.0002366574186	3	2.22	0.38324	1.2e+03	-3.09
tcgtct	tcgtct	0.0001064962726	0.0001972145155	1	1.85	0.84308	2.7e+03	-3.43
tcgtgc	tcgtgc	0.0001064962726	0.0001374139850	1	1.29	0.72484	2.3e+03	-3.36
tcgtgg	tcgtgg	0.0002129925453	0.0000687069925	2	0.65	0.13698	4.4e+02	-2.64
tcgtgt	tcgtgt	0.0002129925453	0.0001030604887	2	0.97	0.25237	8.1e+02	-2.91
tcgtta	tcgtta	0.0002129925453	0.0002434190591	2	2.29	0.66587	2.1e+03	-3.33
tcgttc	tcgttc	0.0004259850905	0.0003651285887	4	3.43	0.44789	1.4e+03	-3.16
tcgttg	tcgttg	0.0002129925453	0.0001825642943	2	1.71	0.51120	1.6e+03	-3.21
tcgttt	tcgttt	0.0008519701810	0.0009128214717	8	8.57	0.62368	2.0e+03	-3.30
tctaaa	tctaaa	0.0005324813632	0.0004432529489	5	4.16	0.40281	1.3e+03	-3.11
tctaac	tctaac	0.0003194888179	0.0002417743357	3	2.27	0.39607	1.3e+03	-3.10
tctaag	tctaag	0.0003194888179	0.0003626615036	3	3.41	0.66135	2.1e+03	-3.33
tctaat	tctaat	0.0003194888179	0.0004432529489	3	4.16	0.78477	2.5e+03	-3.40
tctaca	tctaca	0.0002129925453	0.0002174290033	2	2.04	0.60518	1.9e+03	-3.29
tctacc	tctacc	0.0002129925453	0.0001242451448	2	1.17	0.32530	1.0e+03	-3.02
tctacg	tctacg	0.0001064962726	0.0001863677171	1	1.75	0.82625	2.6e+03	-3.42
tctact	tctact	0.0002129925453	0.0002174290033	2	2.04	0.60518	1.9e+03	-3.29
tctaga	tctaga	0.0005324813632	0.0002683695127	5	2.52	0.11148	3.6e+02	-2.55
tctagc	tctagc	0.0002129925453	0.0001916925091	2	1.80	0.53718	1.7e+03	-3.23
tctagg	tctagg	0.0001064962726	0.0000766770036	1	0.72	0.51326	1.6e+03	-3.22
tctagt	tctagt	0.0001064962726	0.0004217235199	1	3.96	0.98095	3.1e+03	-3.50
tctata	tctata	0.0011714589989	0.0008352614774	11	7.84	0.16877	5.4e+02	-2.73
tctatc	tctatc	0.0005324813632	0.0005742422657	5	5.39	0.62549	2.0e+03	-3.30
tctatg	tctatg	0.0002129925453	0.0003654268964	2	3.43	0.85673	2.7e+03	-3.44
tctatt	tctatt	0.0007454739084	0.0008874653197	7	8.33	0.72574	2.3e+03	-3.37
tctcaa	tctcaa	0.0001064962726	0.0002422780323	1	2.27	0.89723	2.9e+03	-3.46
tctcac	tctcac	0.0001064962726	0.0000745470869	1	0.70	0.50343	1.6e+03	-3.21
tctcag	tctcag	0.0001064962726	0.0001863677171	1	1.75	0.82625	2.6e+03	-3.42
tctcat	tctcat	0.0004259850905	0.0002422780323	4	2.27	0.19557	6.3e+02	-2.80
tctcca	tctcca	0.0001064962726	0.0002083614229	1	1.96	0.85868	2.7e+03	-3.44
tctccc	tctccc	0.0004259850905	0.0003333782766	4	3.13	0.38197	1.2e+03	-3.09
tctcct	tctcct	0.0004259850905	0.0002917059920	4	2.74	0.29454	9.4e+02	-2.97
tctcga	tctcga	0.0005324813632	0.0003098060752	5	2.91	0.16967	5.4e+02	-2.73
tctcgt	tctcgt	0.0003194888179	0.0003485318347	3	3.27	0.63511	2.0e+03	-3.31
tctcta	tctcta	0.0003194888179	0.0005369165184	3	5.04	0.87888	2.8e+03	-3.45
tctctc	tctctc	0.0006389776358	0.0006833482962	6	6.42	0.61880	2.0e+03	-3.30
tctctg	tctctg	0.0003194888179	0.0003904847407	3	3.67	0.70894	2.3e+03	-3.36
tctctt	tctctt	0.0010649627263	0.0007321588888	10	6.87	0.15698	5.0e+02	-2.70
tctgaa	tctgaa	0.0002129925453	0.0002981883474	2	2.80	0.76897	2.5e+03	-3.39
tctgag	tctgag	0.0003194888179	0.0002129916767	3	2.00	0.32332	1.0e+03	-3.01
tctgat	tctgat	0.0003194888179	0.0001703933414	3	1.60	0.21663	6.9e+02	-2.84
tctgca	tctgca	0.0004259850905	0.0002875387636	4	2.70	0.28590	9.1e+02	-2.96
tctgcg	tctgcg	0.0001064962726	0.0001597437575	1	1.50	0.77690	2.5e+03	-3.40
tctgct	tctgct	0.0001064962726	0.0001597437575	1	1.50	0.77690	2.5e+03	-3.40
tctgga	tctgga	0.0002129925453	0.0001228798135	2	1.15	0.32063	1.0e+03	-3.01
tctggt	tctggt	0.0001064962726	0.0000737278881	1	0.69	0.49959	1.6e+03	-3.20
tctgta	tctgta	0.0003194888179	0.0002072351449	3	1.95	0.30869	9.9e+02	-2.99
tctgtc	tctgtc	0.0002129925453	0.0002072351449	2	1.95	0.57919	1.9e+03	-3.27
tctgtg	tctgtg	0.0001064962726	0.0003367571105	1	3.16	0.95769	3.1e+03	-3.49
tctgtt	tctgtt	0.0003194888179	0.0002072351449	3	1.95	0.30869	9.9e+02	-2.99
tcttaa	tcttaa	0.0001064962726	0.0000798718788	1	0.75	0.52765	1.7e+03	-3.23
tcttac	tcttac	0.0001064962726	0.0001996796969	1	1.87	0.84667	2.7e+03	-3.43
tcttat	tcttat	0.0004259850905	0.0002595836060	4	2.44	0.22913	7.3e+02	-2.86
tcttca	tcttca	0.0001064962726	0.0004205220284	1	3.95	0.98074	3.1e+03	-3.50
tcttcc	tcttcc	0.0002129925453	0.0002102610142	2	1.97	0.58704	1.9e+03	-3.27
tcttcg	tcttcg	0.0004259850905	0.0002102610142	4	1.97	0.13826	4.4e+02	-2.65
tcttct	tcttct	0.0004259850905	0.0003304101652	4	3.10	0.37573	1.2e+03	-3.08
tcttga	tcttga	0.0005324813632	0.0005242872043	5	4.92	0.54595	1.7e+03	-3.24
tcttgc	tcttgc	0.0004259850905	0.0003495248028	4	3.28	0.41570	1.3e+03	-3.12
tcttgg	tcttgg	0.0001064962726	0.0002184530018	1	2.05	0.87146	2.8e+03	-3.44
tcttgt	tcttgt	0.0006389776358	0.0006116684050	6	5.74	0.51234	1.6e+03	-3.21
tcttta	tcttta	0.0006389776358	0.0005990390908	6	5.62	0.49240	1.6e+03	-3.20
tctttc	tctttc	0.0007454739084	0.0005990390908	7	5.62	0.33368	1.1e+03	-3.03
tctttg	tctttg	0.0002129925453	0.0002795515757	2	2.62	0.73745	2.4e+03	-3.37
tctttt	tctttt	0.0012779552716	0.0013977578785	12	13.12	0.65954	2.1e+03	-3.32
tgaaaa	tgaaaa	0.0010649627263	0.0010649583837	10	10.00	0.54213	1.7e+03	-3.24
tgaaac	tgaaac	0.0002129925453	0.0001863677171	2	1.75	0.52214	1.7e+03	-3.22
tgaaag	tgaaag	0.0001064962726	0.0002396156363	1	2.25	0.89463	2.9e+03	-3.46
tgaaat	tgaaat	0.0005324813632	0.0004259833535	5	4.00	0.37116	1.2e+03	-3.07
tgaaca	tgaaca	0.0002129925453	0.0003435349625	2	3.23	0.83218	2.7e+03	-3.42
tgaacc	tgaacc	0.0002129925453	0.0001717674812	2	1.61	0.47924	1.5e+03	-3.19
tgaacg	tgaacg	0.0004259850905	0.0002404744737	4	2.26	0.19216	6.1e+02	-2.79
tgaact	tgaact	0.0002129925453	0.0003091814662	2	2.90	0.78597	2.5e+03	-3.40
tgaaga	tgaaga	0.0003194888179	0.0003221499111	3	3.02	0.58242	1.9e+03	-3.27
tgaagc	tgaagc	0.0004259850905	0.0002635772000	4	2.47	0.23708	7.6e+02	-2.88
tgaagg	tgaagg	0.0002129925453	0.0002342908444	2	2.20	0.64546	2.1e+03	-3.31
tgaagt	tgaagt	0.0002129925453	0.0003514362666	2	3.30	0.84145	2.7e+03	-3.43
tgaata	tgaata	0.0005324813632	0.0005242872043	5	4.92	0.54595	1.7e+03	-3.24
tgaatc	tgaatc	0.0003194888179	0.0003058342025	3	2.87	0.54751	1.8e+03	-3.24
tgaatg	tgaatg	0.0003194888179	0.0003058342025	3	2.87	0.54751	1.8e+03	-3.24
tgaatt	tgaatt	0.0005324813632	0.0005679778046	5	5.33	0.61599	2.0e+03	-3.29
tgacaa	tgacaa	0.0004259850905	0.0004534661505	4	4.26	0.61531	2.0e+03	-3.29
tgacac	tgacac	0.0002129925453	0.0001236725865	2	1.16	0.32334	1.0e+03	-3.01
tgacag	tgacag	0.0002129925453	0.0001648967820	2	1.55	0.45825	1.5e+03	-3.17
tgacat	tgacat	0.0004259850905	0.0005359145415	4	5.03	0.73955	2.4e+03	-3.37
tgacca	tgacca	0.0002129925453	0.0002457596270	2	2.31	0.67095	2.1e+03	-3.33
tgaccc	tgaccc	0.0002129925453	0.0000819198757	2	0.77	0.18019	5.8e+02	-2.76
tgacct	tgacct	0.0001064962726	0.0001228798135	1	1.15	0.68460	2.2e+03	-3.34
tgacga	tgacga	0.0001064962726	0.0000912821472	1	0.86	0.57564	1.8e+03	-3.26
tgacgg	tgacgg	0.0001064962726	0.0000912821472	1	0.86	0.57564	1.8e+03	-3.26
tgacgt	tgacgt	0.0001064962726	0.0000456410736	1	0.43	0.34857	1.1e+03	-3.05
tgacta	tgacta	0.0005324813632	0.0003341765963	5	3.14	0.20839	6.7e+02	-2.82
tgactc	tgactc	0.0003194888179	0.0003819161100	3	3.59	0.69485	2.2e+03	-3.35
tgactg	tgactg	0.0002129925453	0.0003341765963	2	3.14	0.82057	2.6e+03	-3.42
tgactt	tgactt	0.0003194888179	0.0003341765963	3	3.14	0.60703	1.9e+03	-3.29
tgagaa	tgagaa	0.0002129925453	0.0001730557373	2	1.62	0.48312	1.5e+03	-3.19
tgagac	tgagac	0.0001064962726	0.0000399359394	1	0.37	0.31271	1.0e+03	-3.00
tgagcc	tgagcc	0.0001064962726	0.0000491519254	1	0.46	0.36969	1.2e+03	-3.07
tgagct	tgagct	0.0002129925453	0.0000737278881	2	0.69	0.15313	4.9e+02	-2.69
tgaggc	tgaggc	0.0001064962726	0.0001252892216	1	1.18	0.69166	2.2e+03	-3.34
tgaggg	tgaggg	0.0001064962726	0.0000751735330	1	0.71	0.50634	1.6e+03	-3.21
tgaggt	tgaggt	0.0002129925453	0.0001503470659	2	1.41	0.41223	1.3e+03	-3.12
tgagta	tgagta	0.0003194888179	0.0003317754964	3	3.12	0.60220	1.9e+03	-3.28
tgagtc	tgagtc	0.0003194888179	0.0002580476083	3	2.42	0.43632	1.4e+03	-3.14
tgagtg	tgagtg	0.0002129925453	0.0002211836643	2	2.08	0.61444	2.0e+03	-3.29
tgagtt	tgagtt	0.0001064962726	0.0001474557762	1	1.38	0.74960	2.4e+03	-3.38
tgataa	tgataa	0.0004259850905	0.0003757494674	4	3.53	0.46948	1.5e+03	-3.18
tgatac	tgatac	0.0002129925453	0.0001707952125	2	1.60	0.47630	1.5e+03	-3.18
tgatag	tgatag	0.0004259850905	0.0004099085099	4	3.85	0.53653	1.7e+03	-3.23
tgatat	tgatat	0.0007454739084	0.0008539760624	7	8.02	0.68903	2.2e+03	-3.34
tgatca	tgatca	0.0003194888179	0.0003423080519	3	3.21	0.62311	2.0e+03	-3.30
tgatcc	tgatcc	0.0001064962726	0.0001369232208	1	1.29	0.72357	2.3e+03	-3.36
tgatcg	tgatcg	0.0002129925453	0.0002053848311	2	1.93	0.57434	1.8e+03	-3.26
tgatct	tgatct	0.0003194888179	0.0002738464415	3	2.57	0.47439	1.5e+03	-3.18
tgatga	tgatga	0.0001064962726	0.0002484902895	1	2.33	0.90306	2.9e+03	-3.46
tgatgc	tgatgc	0.0001064962726	0.0002484902895	1	2.33	0.90306	2.9e+03	-3.46
tgatgg	tgatgg	0.0003194888179	0.0001380501608	3	1.30	0.14202	4.5e+02	-2.66
tgatgt	tgatgt	0.0002129925453	0.0001104401287	2	1.04	0.27786	8.9e+02	-2.95
tgatta	tgatta	0.0002129925453	0.0002867195648	2	2.69	0.74998	2.4e+03	-3.38
tgattc	tgattc	0.0001064962726	0.0001146878259	1	1.08	0.65938	2.1e+03	-3.32
tgattg	tgattg	0.0006389776358	0.0004014073908	6	3.77	0.17988	5.8e+02	-2.76
tgattt	tgattt	0.0005324813632	0.0006881269556	5	6.46	0.77209	2.5e+03	-3.39
tgcaaa	tgcaaa	0.0008519701810	0.0007099722558	8	6.67	0.35173	1.1e+03	-3.05
tgcaac	tgcaac	0.0001064962726	0.0002484902895	1	2.33	0.90306	2.9e+03	-3.46
tgcaag	tgcaag	0.0001064962726	0.0001419944512	1	1.33	0.73643	2.4e+03	-3.37
tgcaat	tgcaat	0.0003194888179	0.0002839889023	3	2.67	0.49820	1.6e+03	-3.20
tgcaca	tgcaca	0.0003194888179	0.0004698345810	3	4.41	0.81632	2.6e+03	-3.42
tgcacc	tgcacc	0.0001064962726	0.0001879338324	1	1.76	0.82879	2.6e+03	-3.42
tgcacg	tgcacg	0.0006389776358	0.0004228511229	6	3.97	0.21025	6.7e+02	-2.83
tgcact	tgcact	0.0005324813632	0.0005168180391	5	4.85	0.53337	1.7e+03	-3.23
tgcagc	tgcagc	0.0001064962726	0.0000912821472	1	0.86	0.57564	1.8e+03	-3.26
tgcagt	tgcagt	0.0003194888179	0.0002434190591	3	2.29	0.40018	1.3e+03	-3.11
tgcata	tgcata	0.0002129925453	0.0002500337075	2	2.35	0.68006	2.2e+03	-3.34
tgcatc	tgcatc	0.0003194888179	0.0002500337075	3	2.35	0.41661	1.3e+03	-3.12
tgcatg	tgcatg	0.0001064962726	0.0001666891383	1	1.57	0.79098	2.5e+03	-3.40
tgcatt	tgcatt	0.0002129925453	0.0002500337075	2	2.35	0.68006	2.2e+03	-3.34
tgccaa	tgccaa	0.0001064962726	0.0002434190591	1	2.29	0.89833	2.9e+03	-3.46
tgccac	tgccac	0.0004259850905	0.0004259833535	4	4.00	0.56657	1.8e+03	-3.26
tgccag	tgccag	0.0002129925453	0.0001217095296	2	1.14	0.31663	1.0e+03	-3.01
tgccat	tgccat	0.0003194888179	0.0002738464415	3	2.57	0.47439	1.5e+03	-3.18
tgcccg	tgcccg	0.0001064962726	0.0000532479192	1	0.50	0.39348	1.3e+03	-3.10
tgccgt	tgccgt	0.0002129925453	0.0001161772782	2	1.09	0.29764	9.5e+02	-2.98
tgccta	tgccta	0.0001064962726	0.0000443732660	1	0.42	0.34076	1.1e+03	-3.04
tgcctc	tgcctc	0.0001064962726	0.0000887465320	1	0.83	0.56542	1.8e+03	-3.26
tgcctg	tgcctg	0.0002129925453	0.0000887465320	2	0.83	0.20323	6.5e+02	-2.81
tgcctt	tgcctt	0.0001064962726	0.0003106128619	1	2.92	0.94591	3.0e+03	-3.48
tgcgaa	tgcgaa	0.0002129925453	0.0001135955609	2	1.07	0.28875	9.2e+02	-2.97
tgcgat	tgcgat	0.0002129925453	0.0001419944512	2	1.33	0.38495	1.2e+03	-3.09
tgcgcc	tgcgcc	0.0003194888179	0.0003138824710	3	2.95	0.56495	1.8e+03	-3.26
tgcgcg	tgcgcg	0.0005324813632	0.0002242017650	5	2.11	0.06263	2.0e+02	-2.30
tgcgga	tgcgga	0.0001064962726	0.0000532479192	1	0.50	0.39348	1.3e+03	-3.10
tgcgta	tgcgta	0.0002129925453	0.0001277950060	2	1.20	0.33738	1.1e+03	-3.03
tgcgtc	tgcgtc	0.0003194888179	0.0002981883474	3	2.80	0.53057	1.7e+03	-3.23
tgcgtt	tgcgtt	0.0001064962726	0.0000851966707	1	0.80	0.55068	1.8e+03	-3.25
tgctac	tgctac	0.0001064962726	0.0001597437575	1	1.50	0.77690	2.5e+03	-3.40
tgctag	tgctag	0.0002129925453	0.0002795515757	2	2.62	0.73745	2.4e+03	-3.37
tgctat	tgctat	0.0006389776358	0.0003594234545	6	3.37	0.12628	4.0e+02	-2.61
tgctca	tgctca	0.0003194888179	0.0002839889023	3	2.67	0.49820	1.6e+03	-3.20
tgctcc	tgctcc	0.0001064962726	0.0001262172899	1	1.19	0.69433	2.2e+03	-3.35
tgctcg	tgctcg	0.0001064962726	0.0001577716124	1	1.48	0.77272	2.5e+03	-3.39
tgctct	tgctct	0.0003194888179	0.0002839889023	3	2.67	0.49820	1.6e+03	-3.20
tgctga	tgctga	0.0002129925453	0.0000851966707	2	0.80	0.19120	6.1e+02	-2.79
tgctgt	tgctgt	0.0001064962726	0.0001064958384	1	1.00	0.63214	2.0e+03	-3.31
tgctta	tgctta	0.0003194888179	0.0003194875151	3	3.00	0.57684	1.8e+03	-3.27
tgcttc	tgcttc	0.0003194888179	0.0003993593939	3	3.75	0.72299	2.3e+03	-3.36
tgcttg	tgcttg	0.0001064962726	0.0002396156363	1	2.25	0.89463	2.9e+03	-3.46
tgcttt	tgcttt	0.0008519701810	0.0006389750302	8	6.00	0.25597	8.2e+02	-2.91
tggaaa	tggaaa	0.0005324813632	0.0005526270531	5	5.19	0.59210	1.9e+03	-3.28
tggaac	tggaac	0.0001064962726	0.0002072351449	1	1.95	0.85718	2.7e+03	-3.44
tggaag	tggaag	0.0003194888179	0.0003108527174	3	2.92	0.55843	1.8e+03	-3.25
tggaat	tggaat	0.0003194888179	0.0002072351449	3	1.95	0.30869	9.9e+02	-2.99
tggaca	tggaca	0.0004259850905	0.0003194875151	4	3.00	0.35277	1.1e+03	-3.05
tggacg	tggacg	0.0001064962726	0.0000456410736	1	0.43	0.34857	1.1e+03	-3.05
tggact	tggact	0.0001064962726	0.0001825642943	1	1.71	0.81993	2.6e+03	-3.42
tggaga	tggaga	0.0001064962726	0.0001146878259	1	1.08	0.65938	2.1e+03	-3.32
tggagt	tggagt	0.0001064962726	0.0000819198757	1	0.77	0.53664	1.7e+03	-3.23
tggata	tggata	0.0003194888179	0.0002484902895	3	2.33	0.41279	1.3e+03	-3.12
tggatg	tggatg	0.0001064962726	0.0002129916767	1	2.00	0.86469	2.8e+03	-3.44
tggatt	tggatt	0.0002129925453	0.0001774930639	2	1.67	0.49635	1.6e+03	-3.20
tggcaa	tggcaa	0.0004259850905	0.0003194875151	4	3.00	0.35277	1.1e+03	-3.05
tggcac	tggcac	0.0003194888179	0.0003194875151	3	3.00	0.57684	1.8e+03	-3.27
tggcag	tggcag	0.0001064962726	0.0002555900121	1	2.40	0.90931	2.9e+03	-3.46
tggcat	tggcat	0.0001064962726	0.0000638975030	1	0.60	0.45120	1.4e+03	-3.16
tggcca	tggcca	0.0001064962726	0.0001135955609	1	1.07	0.65587	2.1e+03	-3.32
tggccg	tggccg	0.0002129925453	0.0001419944512	2	1.33	0.38495	1.2e+03	-3.09
tggcct	tggcct	0.0001064962726	0.0001135955609	1	1.07	0.65587	2.1e+03	-3.32
tggcga	tggcga	0.0001064962726	0.0000399359394	1	0.37	0.31271	1.0e+03	-3.00
tggcgt	tggcgt	0.0002129925453	0.0001597437575	2	1.50	0.44219	1.4e+03	-3.15
tggcta	tggcta	0.0002129925453	0.0001008907942	2	0.95	0.24489	7.8e+02	-2.89
tggctc	tggctc	0.0003194888179	0.0003531177798	3	3.32	0.64378	2.1e+03	-3.31
tggctg	tggctg	0.0001064962726	0.0002017815885	1	1.89	0.84967	2.7e+03	-3.43
tggctt	tggctt	0.0003194888179	0.0003026723827	3	2.84	0.54055	1.7e+03	-3.24
tgggaa	tgggaa	0.0002129925453	0.0001703933414	2	1.60	0.47508	1.5e+03	-3.18
tgggag	tgggag	0.0001064962726	0.0000212991677	1	0.20	0.18127	5.8e+02	-2.76
tgggcc	tgggcc	0.0002129925453	0.0001774930639	2	1.67	0.49635	1.6e+03	-3.20
tgggcg	tgggcg	0.0001064962726	0.0000354986128	1	0.33	0.28347	9.1e+02	-2.96
tgggct	tgggct	0.0001064962726	0.0000709972256	1	0.67	0.48659	1.6e+03	-3.19
tgggga	tgggga	0.0001064962726	0.0000968143985	1	0.91	0.59713	1.9e+03	-3.28
tggggc	tggggc	0.0002129925453	0.0000968143985	2	0.91	0.23084	7.4e+02	-2.87
tggggg	tggggg	0.0001064962726	0.0001452215978	1	1.36	0.74429	2.4e+03	-3.38
tggggt	tggggt	0.0001064962726	0.0001936287970	1	1.82	0.83771	2.7e+03	-3.43
tgggta	tgggta	0.0002129925453	0.0001569412355	2	1.47	0.43334	1.4e+03	-3.14
tgggtc	tgggtc	0.0001064962726	0.0001121008825	1	1.05	0.65100	2.1e+03	-3.32
tgggtt	tgggtt	0.0001064962726	0.0000896807060	1	0.84	0.56921	1.8e+03	-3.26
tggtaa	tggtaa	0.0001064962726	0.0003123877925	1	2.93	0.94680	3.0e+03	-3.48
tggtac	tggtac	0.0001064962726	0.0000851966707	1	0.80	0.55068	1.8e+03	-3.25
tggtag	tggtag	0.0002129925453	0.0001703933414	2	1.60	0.47508	1.5e+03	-3.18
tggtat	tggtat	0.0004259850905	0.0002839889023	4	2.67	0.27856	8.9e+02	-2.95
tggtca	tggtca	0.0001064962726	0.0000354986128	1	0.33	0.28347	9.1e+02	-2.96
tggtga	tggtga	0.0004259850905	0.0004056984319	4	3.81	0.52849	1.7e+03	-3.23
tggtgc	tggtgc	0.0001064962726	0.0001217095296	1	1.14	0.68111	2.2e+03	-3.34
tggtgg	tggtgg	0.0002129925453	0.0002028492159	2	1.90	0.56763	1.8e+03	-3.26
tggtgt	tggtgt	0.0001064962726	0.0001217095296	1	1.14	0.68111	2.2e+03	-3.34
tggtta	tggtta	0.0004259850905	0.0004406724346	4	4.14	0.59305	1.9e+03	-3.28
tggttc	tggttc	0.0001064962726	0.0001762689738	1	1.66	0.80897	2.6e+03	-3.41
tggttg	tggttg	0.0001064962726	0.0001762689738	1	1.66	0.80897	2.6e+03	-3.41
tggttt	tggttt	0.0006389776358	0.0004847396781	6	4.55	0.30591	9.8e+02	-2.99
tgtaaa	tgtaaa	0.0004259850905	0.0005845438239	4	5.49	0.79712	2.5e+03	-3.41
tgtaac	tgtaac	0.0004259850905	0.0003076546442	4	2.89	0.32789	1.0e+03	-3.02
tgtaat	tgtaat	0.0005324813632	0.0003076546442	5	2.89	0.16640	5.3e+02	-2.73
tgtaca	tgtaca	0.0006389776358	0.0004733148372	6	4.44	0.28758	9.2e+02	-2.96
tgtacg	tgtacg	0.0001064962726	0.0002761003217	1	2.59	0.92520	3.0e+03	-3.47
tgtact	tgtact	0.0003194888179	0.0001972145155	3	1.85	0.28329	9.1e+02	-2.96
tgtaga	tgtaga	0.0003194888179	0.0002949115524	3	2.77	0.52320	1.7e+03	-3.22
tgtagc	tgtagc	0.0003194888179	0.0003317754964	3	3.12	0.60220	1.9e+03	-3.28
tgtagg	tgtagg	0.0002129925453	0.0000737278881	2	0.69	0.15313	4.9e+02	-2.69
tgtagt	tgtagt	0.0001064962726	0.0002580476083	1	2.42	0.91138	2.9e+03	-3.46
tgtata	tgtata	0.0005324813632	0.0006247755851	5	5.87	0.69678	2.2e+03	-3.35
tgtatc	tgtatc	0.0002129925453	0.0001703933414	2	1.60	0.47508	1.5e+03	-3.18
tgtatg	tgtatg	0.0003194888179	0.0001987922316	3	1.87	0.28728	9.2e+02	-2.96
tgtatt	tgtatt	0.0002129925453	0.0002839889023	2	2.67	0.74527	2.4e+03	-3.38
tgtcaa	tgtcaa	0.0004259850905	0.0003147543667	4	2.96	0.34281	1.1e+03	-3.04
tgtcac	tgtcac	0.0001064962726	0.0001490941737	1	1.40	0.75343	2.4e+03	-3.38
tgtcat	tgtcat	0.0002129925453	0.0001987922316	2	1.87	0.55673	1.8e+03	-3.25
tgtcca	tgtcca	0.0001064962726	0.0001183287093	1	1.11	0.67083	2.1e+03	-3.33
tgtccg	tgtccg	0.0002129925453	0.0001183287093	2	1.11	0.30504	9.8e+02	-2.99
tgtcct	tgtcct	0.0002129925453	0.0001183287093	2	1.11	0.30504	9.8e+02	-2.99
tgtcga	tgtcga	0.0003194888179	0.0002315126921	3	2.17	0.37029	1.2e+03	-3.07
tgtcgc	tgtcgc	0.0002129925453	0.0003241177689	2	3.04	0.80730	2.6e+03	-3.41
tgtcgt	tgtcgt	0.0005324813632	0.0004167228458	5	3.91	0.35417	1.1e+03	-3.05
tgtctc	tgtctc	0.0002129925453	0.0001345210590	2	1.26	0.36007	1.2e+03	-3.06
tgtctt	tgtctt	0.0002129925453	0.0001345210590	2	1.26	0.36007	1.2e+03	-3.06
tgtgaa	tgtgaa	0.0008519701810	0.0004638485404	8	4.36	0.07512	2.4e+02	-2.38
tgtgag	tgtgag	0.0001064962726	0.0001987922316	1	1.87	0.84539	2.7e+03	-3.43
tgtgat	tgtgat	0.0005324813632	0.0005632446562	5	5.29	0.60871	1.9e+03	-3.29
tgtgca	tgtgca	0.0002129925453	0.0003254039506	2	3.06	0.80904	2.6e+03	-3.41
tgtgcc	tgtgcc	0.0002129925453	0.0001183287093	2	1.11	0.30504	9.8e+02	-2.99
tgtgct	tgtgct	0.0001064962726	0.0000591643546	1	0.56	0.42625	1.4e+03	-3.13
tgtgga	tgtgga	0.0001064962726	0.0003153915213	1	2.96	0.94828	3.0e+03	-3.48
tgtggc	tgtggc	0.0004259850905	0.0003153915213	4	2.96	0.34415	1.1e+03	-3.04
tgtggg	tgtggg	0.0003194888179	0.0001802237265	3	1.69	0.24074	7.7e+02	-2.89
tgtggt	tgtggt	0.0003194888179	0.0003604474529	3	3.38	0.65733	2.1e+03	-3.32
tgtgta	tgtgta	0.0001064962726	0.0002396156363	1	2.25	0.89463	2.9e+03	-3.46
tgtgtc	tgtgtc	0.0001064962726	0.0001597437575	1	1.50	0.77690	2.5e+03	-3.40
tgtgtg	tgtgtg	0.0004259850905	0.0002795515757	4	2.62	0.26943	8.6e+02	-2.94
tgtgtt	tgtgtt	0.0003194888179	0.0002795515757	3	2.62	0.48785	1.6e+03	-3.19
tgttaa	tgttaa	0.0004259850905	0.0003142925962	4	2.95	0.34184	1.1e+03	-3.04
tgttac	tgttac	0.0002129925453	0.0002857205420	2	2.68	0.74827	2.4e+03	-3.38
tgttag	tgttag	0.0003194888179	0.0002857205420	3	2.68	0.50221	1.6e+03	-3.21
tgttat	tgttat	0.0002129925453	0.0002857205420	2	2.68	0.74827	2.4e+03	-3.38
tgttca	tgttca	0.0003194888179	0.0002782633196	3	2.61	0.48482	1.5e+03	-3.19
tgttcg	tgttcg	0.0002129925453	0.0001236725865	2	1.16	0.32334	1.0e+03	-3.01
tgttct	tgttct	0.0004259850905	0.0004637721993	4	4.35	0.63268	2.0e+03	-3.31
tgttga	tgttga	0.0001064962726	0.0001789130085	1	1.68	0.81365	2.6e+03	-3.42
tgttgc	tgttgc	0.0001064962726	0.0000894565042	1	0.84	0.56830	1.8e+03	-3.26
tgttgg	tgttgg	0.0003194888179	0.0002385506779	3	2.24	0.38800	1.2e+03	-3.09
tgttgt	tgttgt	0.0002129925453	0.0002385506779	2	2.24	0.65511	2.1e+03	-3.32
tgttta	tgttta	0.0006389776358	0.0006833482962	6	6.42	0.61880	2.0e+03	-3.30
tgtttc	tgtttc	0.0003194888179	0.0005280418652	3	4.96	0.87186	2.8e+03	-3.45
tgtttg	tgtttg	0.0004259850905	0.0003416741481	4	3.21	0.39934	1.3e+03	-3.11
tgtttt	tgtttt	0.0008519701810	0.0006833482962	8	6.42	0.31506	1.0e+03	-3.00
ttaaaa	ttaaaa	0.0009584664537	0.0007074366406	9	6.64	0.22561	7.2e+02	-2.86
ttaaac	ttaaac	0.0002129925453	0.0002966669783	2	2.79	0.76652	2.5e+03	-3.39
ttaaag	ttaaag	0.0005324813632	0.0004564107359	5	4.29	0.42681	1.4e+03	-3.13
ttaaat	ttaaat	0.0002129925453	0.0004335901991	2	4.07	0.91356	2.9e+03	-3.47
ttaaca	ttaaca	0.0004259850905	0.0006000131381	4	5.63	0.81313	2.6e+03	-3.41
ttaacc	ttaacc	0.0002129925453	0.0001714323252	2	1.61	0.47823	1.5e+03	-3.18
ttaact	ttaact	0.0004259850905	0.0002571484878	4	2.41	0.22432	7.2e+02	-2.86
ttaaga	ttaaga	0.0001064962726	0.0004840719926	1	4.55	0.98940	3.2e+03	-3.50
ttaagc	ttaagc	0.0001064962726	0.0001694251974	1	1.59	0.79629	2.5e+03	-3.41
ttaagg	ttaagg	0.0003194888179	0.0001452215978	3	1.36	0.15777	5.0e+02	-2.70
ttaagt	ttaagt	0.0005324813632	0.0002662395959	5	2.50	0.10879	3.5e+02	-2.54
ttaata	ttaata	0.0004259850905	0.0006765617967	4	6.35	0.87770	2.8e+03	-3.45
ttaatc	ttaatc	0.0003194888179	0.0003382808983	3	3.18	0.61520	2.0e+03	-3.29
ttaatg	ttaatg	0.0005324813632	0.0002537106738	5	2.38	0.09364	3.0e+02	-2.48
ttaatt	ttaatt	0.0006389776358	0.0006483717218	6	6.09	0.56844	1.8e+03	-3.26
ttacaa	ttacaa	0.0006389776358	0.0007437804584	6	6.98	0.69735	2.2e+03	-3.35
ttacac	ttacac	0.0003194888179	0.0003718902292	3	3.49	0.67773	2.2e+03	-3.34
ttacag	ttacag	0.0002129925453	0.0003347012063	2	3.14	0.82124	2.6e+03	-3.42
ttacat	ttacat	0.0010649627263	0.0008181585043	10	7.68	0.24478	7.8e+02	-2.89
ttacca	ttacca	0.0004259850905	0.0004583951304	4	4.30	0.62368	2.0e+03	-3.30
ttaccc	ttaccc	0.0001064962726	0.0001666891383	1	1.57	0.79098	2.5e+03	-3.40
ttaccg	ttaccg	0.0001064962726	0.0000833445692	1	0.78	0.54280	1.7e+03	-3.24
ttacct	ttacct	0.0003194888179	0.0002500337075	3	2.35	0.41661	1.3e+03	-3.12
ttacga	ttacga	0.0003194888179	0.0002350252985	3	2.21	0.37914	1.2e+03	-3.08
ttacgg	ttacgg	0.0001064962726	0.0001468908115	1	1.38	0.74827	2.4e+03	-3.38
ttacgt	ttacgt	0.0004259850905	0.0003819161100	4	3.59	0.48187	1.5e+03	-3.19
ttacta	ttacta	0.0003194888179	0.0006587882094	3	6.19	0.94589	3.0e+03	-3.48
ttactc	ttactc	0.0006389776358	0.0003764504054	6	3.53	0.14699	4.7e+02	-2.67
ttactg	ttactg	0.0002129925453	0.0003764504054	2	3.53	0.86780	2.8e+03	-3.44
ttactt	ttactt	0.0007454739084	0.0005646756081	7	5.30	0.28319	9.1e+02	-2.96
ttagaa	ttagaa	0.0003194888179	0.0004056984319	3	3.81	0.73269	2.3e+03	-3.37
ttagac	ttagac	0.0002129925453	0.0001267807600	2	1.19	0.33393	1.1e+03	-3.03
ttagag	ttagag	0.0002129925453	0.0002028492159	2	1.90	0.56763	1.8e+03	-3.26
ttagat	ttagat	0.0003194888179	0.0003296299759	3	3.10	0.59784	1.9e+03	-3.28
ttagca	ttagca	0.0002129925453	0.0001597437575	2	1.50	0.44219	1.4e+03	-3.15
ttagct	ttagct	0.0003194888179	0.0001597437575	3	1.50	0.19114	6.1e+02	-2.79
ttagga	ttagga	0.0001064962726	0.0001141026840	1	1.07	0.65750	2.1e+03	-3.32
ttaggc	ttaggc	0.0001064962726	0.0000760684560	1	0.71	0.51047	1.6e+03	-3.21
ttaggt	ttaggt	0.0003194888179	0.0003042738239	3	2.86	0.54408	1.7e+03	-3.24
ttagta	ttagta	0.0006389776358	0.0006329469639	6	5.94	0.54523	1.7e+03	-3.24
ttagtc	ttagtc	0.0007454739084	0.0005907504996	7	5.55	0.32137	1.0e+03	-3.01
ttagtg	ttagtg	0.0002129925453	0.0002109823213	2	1.98	0.58889	1.9e+03	-3.27
ttagtt	ttagtt	0.0006389776358	0.0008017328209	6	7.53	0.76175	2.4e+03	-3.39
ttataa	ttataa	0.0009584664537	0.0005408318066	9	5.08	0.07328	2.3e+02	-2.37
ttatac	ttatac	0.0001064962726	0.0003508098205	1	3.29	0.96292	3.1e+03	-3.49
ttatag	ttatag	0.0002129925453	0.0001169366068	2	1.10	0.30025	9.6e+02	-2.98
ttatat	ttatat	0.0009584664537	0.0012278343717	9	11.53	0.81182	2.6e+03	-3.41
ttatca	ttatca	0.0007454739084	0.0005679778046	7	5.33	0.28797	9.2e+02	-2.96
ttatcc	ttatcc	0.0001064962726	0.0002484902895	1	2.33	0.90306	2.9e+03	-3.46
ttatcg	ttatcg	0.0002129925453	0.0002484902895	2	2.33	0.67680	2.2e+03	-3.34
ttatct	ttatct	0.0005324813632	0.0005324791918	5	5.00	0.55955	1.8e+03	-3.25
ttatga	ttatga	0.0002129925453	0.0001863677171	2	1.75	0.52214	1.7e+03	-3.22
ttatgc	ttatgc	0.0002129925453	0.0002050044889	2	1.92	0.57334	1.8e+03	-3.26
ttatgt	ttatgt	0.0003194888179	0.0002609148040	3	2.45	0.44331	1.4e+03	-3.15
ttatta	ttatta	0.0008519701810	0.0008803655972	8	8.27	0.58367	1.9e+03	-3.27
ttattc	ttattc	0.0005324813632	0.0004035008987	5	3.79	0.32999	1.1e+03	-3.02
ttattg	ttattg	0.0002129925453	0.0004401827986	2	4.13	0.91776	2.9e+03	-3.47
ttattt	ttattt	0.0015974440895	0.0015406397950	15	14.47	0.47893	1.5e+03	-3.19
ttcaaa	ttcaaa	0.0009584664537	0.0009870733675	9	9.27	0.57926	1.9e+03	-3.27
ttcaac	ttcaac	0.0007454739084	0.0004386992745	7	4.12	0.12344	3.9e+02	-2.60
ttcaag	ttcaag	0.0001064962726	0.0003655827287	1	3.43	0.96772	3.1e+03	-3.49
ttcaat	ttcaat	0.0006389776358	0.0006580489117	6	6.18	0.58270	1.9e+03	-3.27
ttcaca	ttcaca	0.0002129925453	0.0002839889023	2	2.67	0.74527	2.4e+03	-3.38
ttcacc	ttcacc	0.0002129925453	0.0002839889023	2	2.67	0.74527	2.4e+03	-3.38
ttcacg	ttcacg	0.0006389776358	0.0004969805790	6	4.67	0.32576	1.0e+03	-3.02
ttcact	ttcact	0.0003194888179	0.0003194875151	3	3.00	0.57684	1.8e+03	-3.27
ttcagc	ttcagc	0.0003194888179	0.0002644034608	3	2.48	0.45177	1.4e+03	-3.16
ttcagg	ttcagg	0.0002129925453	0.0001983025956	2	1.86	0.55540	1.8e+03	-3.25
ttcagt	ttcagt	0.0004259850905	0.0002644034608	4	2.48	0.23873	7.6e+02	-2.88
ttcata	ttcata	0.0001064962726	0.0005093279226	1	4.78	0.99164	3.2e+03	-3.50
ttcatc	ttcatc	0.0004259850905	0.0006111935071	4	5.74	0.82404	2.6e+03	-3.42
ttcatg	ttcatg	0.0007454739084	0.0003735071433	7	3.51	0.06581	2.1e+02	-2.32
ttcatt	ttcatt	0.0010649627263	0.0008488798710	10	7.97	0.27973	8.9e+02	-2.95
ttccaa	ttccaa	0.0005324813632	0.0005359145415	5	5.03	0.56519	1.8e+03	-3.26
ttccac	ttccac	0.0003194888179	0.0003126168158	3	2.94	0.56223	1.8e+03	-3.25
ttccag	ttccag	0.0001064962726	0.0001339786354	1	1.26	0.71582	2.3e+03	-3.36
ttccat	ttccat	0.0004259850905	0.0004019359061	4	3.77	0.52125	1.7e+03	-3.22
ttccca	ttccca	0.0004259850905	0.0002385506779	4	2.24	0.18855	6.0e+02	-2.78
ttcccc	ttcccc	0.0002129925453	0.0001192753390	2	1.12	0.30829	9.9e+02	-2.99
ttccct	ttccct	0.0001064962726	0.0002087318432	1	1.96	0.85917	2.7e+03	-3.44
ttccga	ttccga	0.0001064962726	0.0001369232208	1	1.29	0.72357	2.3e+03	-3.36
ttccgc	ttccgc	0.0002129925453	0.0001369232208	2	1.29	0.36811	1.2e+03	-3.07
ttccgt	ttccgt	0.0003194888179	0.0002738464415	3	2.57	0.47439	1.5e+03	-3.18
ttcctc	ttcctc	0.0006389776358	0.0005262147307	6	4.94	0.37371	1.2e+03	-3.08
ttcctg	ttcctg	0.0002129925453	0.0002631073654	2	2.47	0.70665	2.3e+03	-3.35
ttcctt	ttcctt	0.0006389776358	0.0004823635032	6	4.53	0.30208	9.7e+02	-2.98
ttcgaa	ttcgaa	0.0002129925453	0.0001944706614	2	1.83	0.54490	1.7e+03	-3.24
ttcgag	ttcgag	0.0003194888179	0.0002500337075	3	2.35	0.41661	1.3e+03	-3.12
ttcgat	ttcgat	0.0001064962726	0.0001389076153	1	1.30	0.72867	2.3e+03	-3.37
ttcgca	ttcgca	0.0001064962726	0.0002592942152	1	2.43	0.91241	2.9e+03	-3.46
ttcgcc	ttcgcc	0.0001064962726	0.0000648235538	1	0.61	0.45595	1.5e+03	-3.16
ttcgct	ttcgct	0.0005324813632	0.0003241177689	5	3.04	0.19207	6.1e+02	-2.79
ttcgga	ttcgga	0.0001064962726	0.0000774515188	1	0.73	0.51679	1.7e+03	-3.22
ttcggc	ttcggc	0.0001064962726	0.0000387257594	1	0.36	0.30486	9.7e+02	-2.99
ttcgta	ttcgta	0.0001064962726	0.0001217095296	1	1.14	0.68111	2.2e+03	-3.34
ttcgtc	ttcgtc	0.0003194888179	0.0003042738239	3	2.86	0.54408	1.7e+03	-3.24
ttcgtg	ttcgtg	0.0003194888179	0.0001521369120	3	1.43	0.17344	5.5e+02	-2.74
ttcgtt	ttcgtt	0.0003194888179	0.0004868381182	3	4.57	0.83436	2.7e+03	-3.43
ttctaa	ttctaa	0.0007454739084	0.0006505927580	7	6.11	0.41122	1.3e+03	-3.12
ttctac	ttctac	0.0004259850905	0.0003252963790	4	3.05	0.36499	1.2e+03	-3.07
ttctag	ttctag	0.0003194888179	0.0004182382016	3	3.93	0.75110	2.4e+03	-3.38
ttctat	ttctat	0.0010649627263	0.0011617727822	10	10.91	0.64966	2.1e+03	-3.32
ttctca	ttctca	0.0002129925453	0.0003241177689	2	3.04	0.80730	2.6e+03	-3.41
ttctcc	ttctcc	0.0004259850905	0.0004167228458	4	3.91	0.54939	1.8e+03	-3.24
ttctcg	ttctcg	0.0005324813632	0.0003704203074	5	3.48	0.27044	8.6e+02	-2.94
ttctct	ttctct	0.0009584664537	0.0010186558452	9	9.57	0.61626	2.0e+03	-3.29
ttctga	ttctga	0.0004259850905	0.0002949115524	4	2.77	0.30121	9.6e+02	-2.98
ttctgc	ttctgc	0.0002129925453	0.0002211836643	2	2.08	0.61444	2.0e+03	-3.29
ttctgg	ttctgg	0.0002129925453	0.0001105918321	2	1.04	0.27839	8.9e+02	-2.95
ttctgt	ttctgt	0.0001064962726	0.0003317754964	1	3.12	0.95566	3.1e+03	-3.49
ttctta	ttctta	0.0002129925453	0.0002555900121	2	2.40	0.69160	2.2e+03	-3.34
ttcttc	ttcttc	0.0003194888179	0.0004685816888	3	4.40	0.81492	2.6e+03	-3.42
ttcttg	ttcttg	0.0009584664537	0.0006815733655	9	6.40	0.19662	6.3e+02	-2.80
ttcttt	ttcttt	0.0010649627263	0.0011501550543	10	10.80	0.63751	2.0e+03	-3.31
ttgaaa	ttgaaa	0.0005324813632	0.0005227977520	5	4.91	0.54345	1.7e+03	-3.24
ttgaac	ttgaac	0.0003194888179	0.0002904431955	3	2.73	0.51306	1.6e+03	-3.21
ttgaag	ttgaag	0.0002129925453	0.0003194875151	2	3.00	0.80090	2.6e+03	-3.41
ttgaat	ttgaat	0.0005324813632	0.0004647091129	5	4.36	0.44185	1.4e+03	-3.15
ttgaca	ttgaca	0.0005324813632	0.0003872575941	5	3.64	0.30051	9.6e+02	-2.98
ttgacc	ttgacc	0.0001064962726	0.0001613573309	1	1.52	0.78025	2.5e+03	-3.40
ttgacg	ttgacg	0.0002129925453	0.0000968143985	2	0.91	0.23084	7.4e+02	-2.87
ttgact	ttgact	0.0002129925453	0.0004195290602	2	3.94	0.90393	2.9e+03	-3.46
ttgaga	ttgaga	0.0001064962726	0.0000672605295	1	0.63	0.46826	1.5e+03	-3.18
ttgagg	ttgagg	0.0001064962726	0.0000896807060	1	0.84	0.56921	1.8e+03	-3.26
ttgagt	ttgagt	0.0002129925453	0.0002017815885	2	1.89	0.56478	1.8e+03	-3.26
ttgata	ttgata	0.0005324813632	0.0005777965699	5	5.43	0.63082	2.0e+03	-3.30
ttgatc	ttgatc	0.0002129925453	0.0003058923017	2	2.87	0.78100	2.5e+03	-3.40
ttgatg	ttgatg	0.0001064962726	0.0002379162346	1	2.23	0.89293	2.9e+03	-3.46
ttgatt	ttgatt	0.0007454739084	0.0004758324693	7	4.47	0.16483	5.3e+02	-2.72
ttgcaa	ttgcaa	0.0001064962726	0.0001688348657	1	1.59	0.79515	2.5e+03	-3.41
ttgcac	ttgcac	0.0001064962726	0.0001948094604	1	1.83	0.83950	2.7e+03	-3.43
ttgcag	ttgcag	0.0002129925453	0.0000519491894	2	0.49	0.08652	2.8e+02	-2.44
ttgcat	ttgcat	0.0001064962726	0.0001168856763	1	1.10	0.66634	2.1e+03	-3.33
ttgcca	ttgcca	0.0001064962726	0.0004141504825	1	3.89	0.97955	3.1e+03	-3.50
ttgccc	ttgccc	0.0001064962726	0.0000414150483	1	0.39	0.32219	1.0e+03	-3.01
ttgcct	ttgcct	0.0005324813632	0.0002070752413	5	1.94	0.04776	1.5e+02	-2.18
ttgcga	ttgcga	0.0001064962726	0.0001121008825	1	1.05	0.65100	2.1e+03	-3.32
ttgcgc	ttgcgc	0.0001064962726	0.0002242017650	1	2.11	0.87821	2.8e+03	-3.45
ttgcgt	ttgcgt	0.0003194888179	0.0001681513237	3	1.58	0.21120	6.8e+02	-2.83
ttgcta	ttgcta	0.0004259850905	0.0004381543064	4	4.11	0.58858	1.9e+03	-3.27
ttgctc	ttgctc	0.0004259850905	0.0003894704946	4	3.66	0.49689	1.6e+03	-3.20
ttgctg	ttgctg	0.0001064962726	0.0001460514355	1	1.37	0.74628	2.4e+03	-3.38
ttgctt	ttgctt	0.0007454739084	0.0007302571774	7	6.86	0.52884	1.7e+03	-3.23
ttggaa	ttggaa	0.0005324813632	0.0004915192540	5	4.62	0.48967	1.6e+03	-3.19
ttggac	ttggac	0.0002129925453	0.0002457596270	2	2.31	0.67095	2.1e+03	-3.33
ttggag	ttggag	0.0001064962726	0.0000819198757	1	0.77	0.53664	1.7e+03	-3.23
ttggat	ttggat	0.0002129925453	0.0002457596270	2	2.31	0.67095	2.1e+03	-3.33
ttggca	ttggca	0.0003194888179	0.0003833850181	3	3.60	0.69730	2.2e+03	-3.35
ttggcc	ttggcc	0.0003194888179	0.0001703933414	3	1.60	0.21663	6.9e+02	-2.84
ttggcg	ttggcg	0.0001064962726	0.0001277950060	1	1.20	0.69883	2.2e+03	-3.35
ttggct	ttggct	0.0003194888179	0.0003833850181	3	3.60	0.69730	2.2e+03	-3.35
ttgggc	ttgggc	0.0003194888179	0.0001331197980	3	1.25	0.13152	4.2e+02	-2.62
ttgggg	ttgggg	0.0001064962726	0.0001663997474	1	1.56	0.79041	2.5e+03	-3.40
ttgggt	ttgggt	0.0001064962726	0.0001331197980	1	1.25	0.71352	2.3e+03	-3.36
ttggta	ttggta	0.0001064962726	0.0003525379477	1	3.31	0.96352	3.1e+03	-3.49
ttggtg	ttggtg	0.0004259850905	0.0003525379477	4	3.31	0.42196	1.3e+03	-3.13
ttggtt	ttggtt	0.0007454739084	0.0005288069215	7	4.97	0.23275	7.4e+02	-2.87
ttgtaa	ttgtaa	0.0004259850905	0.0004090408337	4	3.84	0.53488	1.7e+03	-3.23
ttgtac	ttgtac	0.0003194888179	0.0003146467952	3	2.95	0.56658	1.8e+03	-3.26
ttgtag	ttgtag	0.0004259850905	0.0002831821157	4	2.66	0.27690	8.9e+02	-2.95
ttgtat	ttgtat	0.0002129925453	0.0003775761542	2	3.55	0.86889	2.8e+03	-3.44
ttgtca	ttgtca	0.0003194888179	0.0003440634778	3	3.23	0.62652	2.0e+03	-3.30
ttgtcc	ttgtcc	0.0004259850905	0.0002457596270	4	2.31	0.20220	6.5e+02	-2.81
ttgtcg	ttgtcg	0.0003194888179	0.0004915192540	3	4.62	0.83906	2.7e+03	-3.43
ttgtct	ttgtct	0.0002129925453	0.0001966077016	2	1.85	0.55078	1.8e+03	-3.25
ttgtga	ttgtga	0.0004259850905	0.0004205220284	4	3.95	0.55648	1.8e+03	-3.25
ttgtgg	ttgtgg	0.0004259850905	0.0003304101652	4	3.10	0.37573	1.2e+03	-3.08
ttgtgt	ttgtgt	0.0003194888179	0.0002703355897	3	2.54	0.46603	1.5e+03	-3.17
ttgtta	ttgtta	0.0004259850905	0.0005369165184	4	5.04	0.74085	2.4e+03	-3.37
ttgttc	ttgttc	0.0007454739084	0.0004392953333	7	4.12	0.12405	4.0e+02	-2.60
ttgttg	ttgttg	0.0002129925453	0.0003416741481	2	3.21	0.82993	2.7e+03	-3.42
ttgttt	ttgttt	0.0009584664537	0.0010250224443	9	9.62	0.62351	2.0e+03	-3.30
tttaaa	tttaaa	0.0007454739084	0.0009416474129	7	8.84	0.77858	2.5e+03	-3.40
tttaac	tttaac	0.0005324813632	0.0005754511968	5	5.40	0.62731	2.0e+03	-3.30
tttaag	tttaag	0.0005324813632	0.0005231374516	5	4.91	0.54402	1.7e+03	-3.24
tttaat	tttaat	0.0011714589989	0.0009416474129	11	8.84	0.27539	8.8e+02	-2.94
tttaca	tttaca	0.0006389776358	0.0008886894098	6	8.34	0.83847	2.7e+03	-3.43
tttacc	tttacc	0.0003194888179	0.0003635547586	3	3.41	0.66296	2.1e+03	-3.33
tttacg	tttacg	0.0003194888179	0.0003231597854	3	3.03	0.58453	1.9e+03	-3.27
tttact	tttact	0.0010649627263	0.0007675044903	10	7.21	0.19101	6.1e+02	-2.79
tttaga	tttaga	0.0007454739084	0.0005194918945	7	4.88	0.22017	7.0e+02	-2.85
tttagc	tttagc	0.0002129925453	0.0002597459472	2	2.44	0.70000	2.2e+03	-3.35
tttagg	tttagg	0.0004259850905	0.0002597459472	4	2.44	0.22946	7.3e+02	-2.87
tttagt	tttagt	0.0007454739084	0.0010909329784	7	10.24	0.88463	2.8e+03	-3.45
tttata	tttata	0.0011714589989	0.0009670973430	11	9.08	0.30361	9.7e+02	-2.99
tttatc	tttatc	0.0009584664537	0.0006907838164	9	6.49	0.20676	6.6e+02	-2.82
tttatg	tttatg	0.0001064962726	0.0003223657810	1	3.03	0.95156	3.0e+03	-3.48
tttatt	tttatt	0.0011714589989	0.0014276198873	11	13.41	0.78168	2.5e+03	-3.40
tttcaa	tttcaa	0.0012779552716	0.0012795395505	12	12.01	0.54018	1.7e+03	-3.24
tttcac	tttcac	0.0008519701810	0.0007232180068	8	6.79	0.37017	1.2e+03	-3.07
tttcag	tttcag	0.0006389776358	0.0005006893893	6	4.70	0.33180	1.1e+03	-3.03
tttcat	tttcat	0.0009584664537	0.0012239073961	9	11.49	0.80900	2.6e+03	-3.41
tttcca	tttcca	0.0005324813632	0.0007614452443	5	7.15	0.84036	2.7e+03	-3.43
tttccc	tttccc	0.0005324813632	0.0004100089777	5	3.85	0.34188	1.1e+03	-3.04
tttccg	tttccg	0.0003194888179	0.0003514362666	3	3.30	0.64062	2.0e+03	-3.31
tttcct	tttcct	0.0009584664537	0.0008200179554	9	7.70	0.36564	1.2e+03	-3.07
tttcgc	tttcgc	0.0007454739084	0.0003876448517	7	3.64	0.07658	2.4e+02	-2.39
tttcgg	tttcgg	0.0001064962726	0.0001107556719	1	1.04	0.64656	2.1e+03	-3.32
tttcgt	tttcgt	0.0005324813632	0.0005537783595	5	5.20	0.59392	1.9e+03	-3.28
tttcta	tttcta	0.0010649627263	0.0012613533064	10	11.84	0.74389	2.4e+03	-3.38
tttctc	tttctc	0.0013844515442	0.0010511277553	13	9.87	0.19619	6.3e+02	-2.80
tttctg	tttctg	0.0003194888179	0.0004730074899	3	4.44	0.81981	2.6e+03	-3.42
tttctt	tttctt	0.0012779552716	0.0012613533064	12	11.84	0.52052	1.7e+03	-3.22
tttgaa	tttgaa	0.0002129925453	0.0003630539944	2	3.41	0.85423	2.7e+03	-3.44
tttgac	tttgac	0.0003194888179	0.0002420359963	3	2.27	0.39672	1.3e+03	-3.10
tttgat	tttgat	0.0005324813632	0.0003630539944	5	3.41	0.25749	8.2e+02	-2.92
tttgca	tttgca	0.0003194888179	0.0002259002632	3	2.12	0.35609	1.1e+03	-3.06
tttgcc	tttgcc	0.0004259850905	0.0003162603685	4	2.97	0.34598	1.1e+03	-3.04
tttgcg	tttgcg	0.0002129925453	0.0002259002632	2	2.12	0.62584	2.0e+03	-3.30
tttgct	tttgct	0.0005324813632	0.0007228808422	5	6.79	0.80686	2.6e+03	-3.41
tttgga	tttgga	0.0004259850905	0.0004605225443	4	4.32	0.62725	2.0e+03	-3.30
tttggc	tttggc	0.0005324813632	0.0004605225443	5	4.32	0.43427	1.4e+03	-3.14
tttggg	tttggg	0.0001064962726	0.0002302612721	1	2.16	0.88495	2.8e+03	-3.45
tttggt	tttggt	0.0006389776358	0.0005526270531	6	5.19	0.41720	1.3e+03	-3.13
tttgta	tttgta	0.0004259850905	0.0005251346513	4	4.93	0.72523	2.3e+03	-3.37
tttgtc	tttgtc	0.0006389776358	0.0004847396781	6	4.55	0.30591	9.8e+02	-2.99
tttgtg	tttgtg	0.0002129925453	0.0004443447049	2	4.17	0.92031	2.9e+03	-3.47
tttgtt	tttgtt	0.0010649627263	0.0008886894098	10	8.34	0.32693	1.0e+03	-3.02
ttttaa	ttttaa	0.0008519701810	0.0009939611581	8	9.33	0.71379	2.3e+03	-3.36
ttttac	ttttac	0.0007454739084	0.0007809694813	7	7.33	0.59876	1.9e+03	-3.28
ttttag	ttttag	0.0006389776358	0.0007099722558	6	6.67	0.65479	2.1e+03	-3.32
ttttat	ttttat	0.0013844515442	0.0011359556092	13	10.67	0.27536	8.8e+02	-2.94
ttttca	ttttca	0.0015974440895	0.0016911144703	15	15.88	0.62134	2.0e+03	-3.30
ttttcc	ttttcc	0.0014909478168	0.0010629862385	14	9.98	0.13407	4.3e+02	-2.63
ttttcg	ttttcg	0.0004259850905	0.0006281282318	4	5.90	0.83956	2.7e+03	-3.43
ttttct	ttttct	0.0017039403621	0.0018360671392	16	17.24	0.65022	2.1e+03	-3.32
ttttga	ttttga	0.0004259850905	0.0003950652068	4	3.71	0.50789	1.6e+03	-3.21
ttttgc	ttttgc	0.0003194888179	0.0005530912896	3	5.19	0.89080	2.8e+03	-3.45
ttttgg	ttttgg	0.0007454739084	0.0006321043309	7	5.94	0.38333	1.2e+03	-3.09
ttttgt	ttttgt	0.0009584664537	0.0008691434550	9	8.16	0.42996	1.4e+03	-3.14
ttttta	ttttta	0.0013844515442	0.0016322004657	13	15.33	0.75875	2.4e+03	-3.38
tttttc	tttttc	0.0025559105431	0.0023522889065	24	22.09	0.36963	1.2e+03	-3.07
tttttg	tttttg	0.0010649627263	0.0011041356092	10	10.37	0.58726	1.9e+03	-3.27
tttttt	tttttt	0.0042598509052	0.0041765129564	40	39.22	0.47144	1.5e+03	-3.18
; Host name	caminante-4.local
; Job started	2026-05-30.092210
; Job done	2026-05-30.092210
; Seconds	0.11
;	user	0.11
;	system	0.01
;	cuser	0
;	csystem	0
