; Command	kmer-analysis -i data/seq/yeast_MET_upstream.fasta -k 6 -s both --background data/bg-models/yeast_all-upstream-noorf_mkv0.tsv --return occ,exp_occ,obs_freq,exp_freq,occ_P,occ_E,occ_sig --sort alpha -o results/kmer-analysis/yeast_MET_upstream-noorf/bg-from-file/yeast_MET_upstream_k6_str-both_mkv0_enriched.tsv
;
; Fasta URL	data/seq/yeast_MET_upstream.fasta
; Input file	data/seq/yeast_MET_upstream.fasta
; Input format	Fasta
; Output file	results/kmer-analysis/yeast_MET_upstream-noorf/bg-from-file/yeast_MET_upstream_k6_str-both_mkv0_enriched.tsv
; Strand mode	both
; Oligomer length	6
;
; Sequence type	DNA
; Nb of sequence	19
; Sum of sequence lengths	9485
; Sequences:
;	MET8	463
;	MET32	547
;	MET18	568
;	MET30	177
;	MET28	489
;	MET6	687
;	MET10	338
;	MET13	380
;	MET3	800
;	MET14	800
;	MET1	702
;	MET17	800
;	MET2	481
;	MET4	800
;	MET22	215
;	MET7	250
;	MET31	161
;	MET12	384
;	MET16	443
;
;
; column headers
; seq	 oligomer sequence
; id	 oligomer identifier
; exp_freq	 expected relative frequency
; obs_freq	 observed relative frequency
; occ	 observed occurrences
; exp_occ	 expected occurrences
; occ_P	 occurrence probability
; occ_E	 E-value for occurrence
; occ_sig	 occurrence significance
;
# seq	id	occ	exp_occ	obs_freq	exp_freq	occ_P	occ_E	occ_sig
AAAAAA	AAAAAA|TTTTTT	78	10.71	0.008306709265175719	0.0011404335188575092	4.761853365916112e-40	9.057045101972444e-37	36.043
AAAAAC	AAAAAC|GTTTTT	10	5.99	0.0010649627263045794	0.0006375179671514505	0.08298372983113185	157.83505413881278	-2.198
AAAAAG	AAAAAG|CTTTTT	33	5.78	0.003514376996805112	0.0006155370222438544	5.955302702973433e-15	1.132698574105547e-11	10.946
AAAAAT	AAAAAT|ATTTTT	37	10.66	0.003940362087326944	0.0011347530499488056	2.483045504843377e-10	4.7227525502121027e-07	6.326
AAAACA	AAAACA|TGTTTT	12	5.99	0.0012779552715654952	0.0006375179671514505	0.01978493482837519	37.63094604356961	-1.576
AAAACC	AAAACC|GGTTTT	3	3.35	0.0003194888178913738	0.00035638128108342543	0.6498107304136282	1235.9400092467208	-3.092
AAAACG	AAAACG|CGTTTT	4	3.23	0.0004259850905218317	0.0003440936316221949	0.4043830768039063	769.1366120810297	-2.886
AAAACT	AAAACT|AGTTTT	16	5.96	0.0017039403620873268	0.0006343425071783241	0.0004715514021542032	0.8968907668972944	0.047
AAAAGA	AAAAGA|TCTTTT	25	5.78	0.0026624068157614484	0.0006155370222438544	2.8517230581102696e-09	5.423977256525733e-06	5.266
AAAAGC	AAAAGC|GCTTTT	19	3.23	0.0020234291799787005	0.0003440936316221949	1.8406431099677525e-09	3.5009031951586654e-06	5.456
AAAAGG	AAAAGG|CCTTTT	20	3.12	0.002129925452609159	0.0003322296473120157	1.6232120494776443e-10	3.0873493181064794e-07	6.51
AAAAGT	AAAAGT|ACTTTT	21	5.75	0.0022364217252396168	0.0006124710487704378	7.553425772024255e-07	0.0014366615818390133	2.843
AAAATA	AAAATA|TATTTT	35	10.66	0.003727369542066028	0.0011347530499488056	2.9751334889096273e-09	5.658703895906111e-06	5.247
AAAATC	AAAATC|GATTTT	6	5.96	0.0006389776357827476	0.0006343425071783241	0.5473043117812938	1040.9728010080207	-3.017
AAAATG	AAAATG|CATTTT	19	5.75	0.0020234291799787005	0.0006124710487704378	9.923263113644363e-06	0.018874046442151578	1.724
AAAATT	AAAATT|AATTTT	23	10.60	0.0024494142705005326	0.001129100875304072	0.0006471480890929166	1.2308756654547273	-0.09
AAACAA	AAACAA|TTGTTT	13	5.99	0.0013844515441959531	0.0006375179671514505	0.008674144170403323	16.49822221210712	-1.217
AAACAC	AAACAC|GTGTTT	6	3.35	0.0006389776357827476	0.00035638128108342543	0.12277327845886409	233.51477562875948	-2.368
AAACAG	AAACAG|CTGTTT	9	3.23	0.0009584664536741214	0.0003440936316221949	0.006067274061412564	11.539955264806698	-1.062
AAACAT	AAACAT|ATGTTT	5	5.96	0.0005324813631522897	0.0006343425071783241	0.7090754595723777	1348.6615241066625	-3.13
AAACCA	AAACCA|TGGTTT	8	3.35	0.0008519701810436634	0.00035638128108342543	0.021262864446507292	40.44196817725687	-1.607
AAACCC	AAACCC|GGGTTT	2	1.87	0.00021299254526091586	0.0001992220204775675	0.557865299413713	1061.0597994848822	-3.026
AAACCG	AAACCG|CGGTTT	3	1.81	0.0003194888178913738	0.00019235305602145343	0.2710384542401562	515.5151399647771	-2.712
AAACCT	AAACCT|AGGTTT	3	3.33	0.0003194888178913738	0.00035460615543746367	0.6465135150807331	1229.6687056835542	-3.09
AAACGA	AAACGA|TCGTTT	8	3.23	0.0008519701810436634	0.0003440936316221949	0.017708394921590348	33.68136714086484	-1.527
AAACGC	AAACGC|GCGTTT	3	1.81	0.0003194888178913738	0.00019235305602145343	0.2710384542401562	515.5151399647771	-2.712
AAACGG	AAACGG|CCGTTT	4	1.74	0.0004259850905218317	0.00018572092619128212	0.09986858681781925	189.95005212749223	-2.279
AAACGT	AAACGT|ACGTTT	5	3.21	0.0005324813631522897	0.00034237971043012843	0.22205411127100083	422.3469196374436	-2.626
AAACTA	AAACTA|TAGTTT	16	5.96	0.0017039403620873268	0.0006343425071783241	0.0004715514021542032	0.8968907668972944	0.047
AAACTC	AAACTC|GAGTTT	4	3.33	0.0004259850905218317	0.00035460615543746367	0.4262251783286773	810.6802891811442	-2.909
AAACTG	AAACTG|CAGTTT	13	3.21	0.0013844515441959531	0.00034237971043012843	3.2634433420614977e-05	0.062070692366009685	1.207
AAACTT	AAACTT|AAGTTT	10	5.93	0.0010649627263045794	0.0006311828640865413	0.07897770961963088	150.21560369653793	-2.177
AAAGAA	AAAGAA|TTCTTT	24	5.78	0.0025559105431309905	0.0006155370222438544	1.2472128313083207e-08	2.372198805148426e-05	4.625
AAAGAC	AAAGAC|GTCTTT	6	3.23	0.0006389776357827476	0.0003440936316221949	0.10897671977405256	207.27372101024795	-2.317
AAAGAG	AAAGAG|CTCTTT	12	3.12	0.0012779552715654952	0.0003322296473120157	0.00010242758617276045	0.19481726890059037	0.71
AAAGAT	AAAGAT|ATCTTT	13	5.75	0.0013844515441959531	0.0006124710487704378	0.006353630913350991	12.084605997193584	-1.082
AAAGCA	AAAGCA|TGCTTT	13	3.23	0.0013844515441959531	0.0003440936316221949	3.431607064745908e-05	0.06526916637146718	1.185
AAAGCC	AAAGCC|GGCTTT	6	1.81	0.0006389776357827476	0.00019235305602145343	0.010540178953614934	20.047420369775605	-1.302
AAAGCG	AAAGCG|CGCTTT	8	1.74	0.0008519701810436634	0.00018572092619128212	0.00045768487613048503	0.8705166344001826	0.06
AAAGCT	AAAGCT|AGCTTT	7	3.21	0.0007454739084132055	0.00034237971043012843	0.04553356837586165	86.60484705088886	-1.938
AAAGGA	AAAGGA|TCCTTT	15	3.12	0.001597444089456869	0.0003322296473120157	1.0789390511945298e-06	0.002052142075371996	2.688
AAAGGC	AAAGGC|GCCTTT	5	1.74	0.0005324813631522897	0.00018572092619128212	0.03249031365409787	61.79657657009415	-1.791
AAAGGG	AAAGGG|CCCTTT	4	1.68	0.0004259850905218317	0.00017931746517976135	0.09077984686532022	172.66326873783905	-2.237
AAAGGT	AAAGGT|ACCTTT	11	3.10	0.0011714589989350373	0.0003305748203090387	0.0003875966746652391	0.7372088752132847	0.132
AAAGTA	AAAGTA|TACTTT	12	5.75	0.0012779552715654952	0.0006124710487704378	0.015043326375926001	28.612406767011255	-1.457
AAAGTC	AAAGTC|GACTTT	8	3.21	0.0008519701810436634	0.00034237971043012843	0.017248862340841255	32.80733617228007	-1.516
AAAGTG	AAAGTG|CACTTT	8	3.10	0.0008519701810436634	0.0003305748203090387	0.014313538590690105	27.22435039949258	-1.435
AAAGTT	AAAGTT|AACTTT	12	5.72	0.0012779552715654952	0.0006094203468290331	0.014530682845661379	27.637358772447943	-1.441
AAATAA	AAATAA|TTATTT	30	10.66	0.003194888178913738	0.0011347530499488056	9.021128790060153e-07	0.001715818695869441	2.766
AAATAC	AAATAC|GTATTT	10	5.96	0.0010649627263045794	0.0006343425071783241	0.08096049932425986	153.98686971474226	-2.187
AAATAG	AAATAG|CTATTT	12	5.75	0.0012779552715654952	0.0006124710487704378	0.015043326375926001	28.612406767011255	-1.457
AAATAT	AAATAT|ATATTT	28	10.60	0.002981895633652822	0.001129100875304072	6.542657449087983e-06	0.012444134468165344	1.905
AAATCA	AAATCA|TGATTT	9	5.96	0.0009584664536741214	0.0006343425071783241	0.14830108769440198	282.06866879475257	-2.45
AAATCC	AAATCC|GGATTT	6	3.33	0.0006389776357827476	0.00035460615543746367	0.12072924634486469	229.62702654793264	-2.361
AAATCG	AAATCG|CGATTT	2	3.21	0.00021299254526091586	0.00034237971043012843	0.8307382294232579	1580.0641123630367	-3.199
AAATCT	AAATCT|AGATTT	6	5.93	0.0006389776357827476	0.0006311828640865413	0.5424933643115593	1031.8223789205856	-3.014
AAATGA	AAATGA|TCATTT	19	5.75	0.0020234291799787005	0.0006124710487704378	9.923263113644363e-06	0.018874046442151578	1.724
AAATGC	AAATGC|GCATTT	5	3.21	0.0005324813631522897	0.00034237971043012843	0.22205411127100083	422.3469196374436	-2.626
AAATGG	AAATGG|CCATTT	6	3.10	0.0006389776357827476	0.0003305748203090387	0.09477477995349343	180.2616314715445	-2.256
AAATGT	AAATGT|ACATTT	18	5.72	0.0019169329073482429	0.0006094203468290331	3.1396116503804294e-05	0.059715413590235765	1.224
AAATTA	AAATTA|TAATTT	15	10.60	0.001597444089456869	0.001129100875304072	0.11861596387757442	225.60756329514655	-2.353
AAATTC	AAATTC|GAATTT	9	5.93	0.0009584664536741214	0.0006311828640865413	0.1452977037532842	276.35623253874655	-2.441
AAATTG	AAATTG|CAATTT	12	5.72	0.0012779552715654952	0.0006094203468290331	0.014530682845661379	27.637358772447943	-1.441
AAATTT	AAATTT|AAATTT	13	10.55	0.0013844515441959531	0.0011234768539903335	0.2631588250703448	500.52808528379586	-2.699
AACAAA	AACAAA|TTTGTT	16	5.99	0.0017039403620873268	0.0006375179671514505	0.0004970073413495866	0.9453079632469137	0.024
AACAAC	AACAAC|GTTGTT	3	3.35	0.0003194888178913738	0.00035638128108342543	0.6498107304136282	1235.9400092467208	-3.092
AACAAG	AACAAG|CTTGTT	10	3.23	0.0010649627263045794	0.0003440936316221949	0.0018880609678540866	3.591091960858473	-0.555
AACAAT	AACAAT|ATTGTT	7	5.96	0.0007454739084132055	0.0006343425071783241	0.38670664805679705	735.516044604028	-2.867
AACACA	AACACA|TGTGTT	5	3.35	0.0005324813631522897	0.00035638128108342543	0.24591048549769073	467.72174341660775	-2.67
AACACC	AACACC|GGTGTT	3	1.87	0.0003194888178913738	0.0001992220204775675	0.2883748041125538	548.4888774220773	-2.739
AACACG	AACACG|CGTGTT	5	1.81	0.0005324813631522897	0.00019235305602145343	0.03685628096954264	70.1006464040701	-1.846
AACACT	AACACT|AGTGTT	7	3.33	0.0007454739084132055	0.00035460615543746367	0.05295794192589699	100.72600554305608	-2.003
AACAGA	AACAGA|TCTGTT	9	3.23	0.0009584664536741214	0.0003440936316221949	0.006067274061412564	11.539955264806698	-1.062
AACAGC	AACAGC|GCTGTT	3	1.81	0.0003194888178913738	0.00019235305602145343	0.2710384542401562	515.5151399647771	-2.712
AACAGG	AACAGG|CCTGTT	3	1.74	0.0003194888178913738	0.00018572092619128212	0.254413044362097	483.89361037670847	-2.685
AACAGT	AACAGT|ACTGTT	8	3.21	0.0008519701810436634	0.00034237971043012843	0.017248862340841255	32.80733617228007	-1.516
AACATA	AACATA|TATGTT	7	5.96	0.0007454739084132055	0.0006343425071783241	0.38670664805679705	735.516044604028	-2.867
AACATC	AACATC|GATGTT	4	3.33	0.0004259850905218317	0.00035460615543746367	0.4262251783286773	810.6802891811442	-2.909
AACATG	AACATG|CATGTT	7	3.21	0.0007454739084132055	0.00034237971043012843	0.04553356837586165	86.60484705088886	-1.938
AACATT	AACATT|AATGTT	7	5.93	0.0007454739084132055	0.0006311828640865413	0.38194250309339733	726.4546408836417	-2.861
AACCAA	AACCAA|TTGGTT	9	3.35	0.0009584664536741214	0.00035638128108342543	0.0075290412485495405	14.320236454741226	-1.156
AACCAC	AACCAC|GTGGTT	5	1.87	0.0005324813631522897	0.0001992220204775675	0.041739842179562905	79.38917982552864	-1.9
AACCAG	AACCAG|CTGGTT	5	1.81	0.0005324813631522897	0.00019235305602145343	0.03685628096954264	70.1006464040701	-1.846
AACCAT	AACCAT|ATGGTT	4	3.33	0.0004259850905218317	0.00035460615543746367	0.4262251783286773	810.6802891811442	-2.909
AACCCA	AACCCA|TGGGTT	3	1.87	0.0003194888178913738	0.0001992220204775675	0.2883748041125538	548.4888774220773	-2.739
AACCCT	AACCCT|AGGGTT	4	1.86	0.0004259850905218317	0.0001982297009126483	0.11876857732459453	225.8978340713788	-2.354
AACCGA	AACCGA|TCGGTT	2	1.81	0.00021299254526091586	0.00019235305602145343	0.5390038802153655	1025.1853801696252	-3.011
AACCGG	AACCGG|CCGGTT	2	0.97	0.00021299254526091586	0.00010382054312255288	0.2549990946631974	485.0082780494015	-2.686
AACCGT	AACCGT|ACGGTT	1	1.80	0.00010649627263045793	0.0001913949505850939	0.8342373919254027	1586.7195194421158	-3.201
AACCTA	AACCTA|TAGGTT	5	3.33	0.0005324813631522897	0.00035460615543746367	0.24284880689823982	461.89843072045215	-2.665
AACCTC	AACCTC|GAGGTT	3	1.86	0.0003194888178913738	0.0001982297009126483	0.285864553108995	543.7143800133085	-2.735
AACCTG	AACCTG|CAGGTT	6	1.80	0.0006389776357827476	0.0001913949505850939	0.010305301333485615	19.60068313628964	-1.292
AACCTT	AACCTT|AAGGTT	6	3.31	0.0006389776357827476	0.0003528398716449499	0.11871228752868103	225.79077087955133	-2.354
AACGAA	AACGAA|TTCGTT	3	3.23	0.0003194888178913738	0.0003440936316221949	0.6265364619540561	1191.6723506366147	-3.076
AACGAC	AACGAC|GTCGTT	6	1.81	0.0006389776357827476	0.00019235305602145343	0.010540178953614934	20.047420369775605	-1.302
AACGAG	AACGAG|CTCGTT	4	1.74	0.0004259850905218317	0.00018572092619128212	0.09986858681781925	189.95005212749223	-2.279
AACGAT	AACGAT|ATCGTT	7	3.21	0.0007454739084132055	0.00034237971043012843	0.04553356837586165	86.60484705088886	-1.938
AACGCA	AACGCA|TGCGTT	2	1.81	0.00021299254526091586	0.00019235305602145343	0.5390038802153655	1025.1853801696252	-3.011
AACGCC	AACGCC|GGCGTT	2	1.01	0.00021299254526091586	0.00010752799459368382	0.26780503009732265	509.36516724510767	-2.707
AACGCG	AACGCG|CGCGTT	1	0.97	0.00010649627263045793	0.00010382054312255288	0.6227604566918691	1184.490388627935	-3.074
AACGCT	AACGCT|AGCGTT	2	1.80	0.00021299254526091586	0.0001913949505850939	0.5363290670830533	1020.0978855919674	-3.009
AACGGA	AACGGA|TCCGTT	3	1.74	0.0003194888178913738	0.00018572092619128212	0.254413044362097	483.89361037670847	-2.685
AACGGC	AACGGC|GCCGTT	2	0.97	0.00021299254526091586	0.00010382054312255288	0.2549990946631974	485.0082780494015	-2.686
AACGGG	AACGGG|CCCGTT	2	0.94	0.00021299254526091586	0.00010024092065504774	0.2426455018690354	461.51174455490536	-2.664
AACGGT	AACGGT|ACCGTT	1	1.74	0.00010649627263045793	0.00018479585521653376	0.823640910366357	1566.565011516811	-3.195
AACGTA	AACGTA|TACGTT	8	3.21	0.0008519701810436634	0.00034237971043012843	0.017248862340841255	32.80733617228007	-1.516
AACGTC	AACGTC|GACGTT	1	1.80	0.00010649627263045793	0.0001913949505850939	0.8342373919254027	1586.7195194421158	-3.201
AACGTG	AACGTG|CACGTT	1	1.74	0.00010649627263045793	0.00018479585521653376	0.823640910366357	1566.565011516811	-3.195
AACGTT	AACGTT|AACGTT	1	3.20	0.00010649627263045793	0.00034067432623375926	0.9591942356039588	1824.3874361187295	-3.261
AACTAA	AACTAA|TTAGTT	13	5.96	0.0013844515441959531	0.0006343425071783241	0.008347776191322683	15.877470315895742	-1.201
AACTAC	AACTAC|GTAGTT	6	3.33	0.0006389776357827476	0.00035460615543746367	0.12072924634486469	229.62702654793264	-2.361
AACTAG	AACTAG|CTAGTT	5	3.21	0.0005324813631522897	0.00034237971043012843	0.22205411127100083	422.3469196374436	-2.626
AACTAT	AACTAT|ATAGTT	8	5.93	0.0008519701810436634	0.0006311828640865413	0.24600621978209686	467.90383002554825	-2.67
AACTCA	AACTCA|TGAGTT	6	3.33	0.0006389776357827476	0.00035460615543746367	0.12072924634486469	229.62702654793264	-2.361
AACTCC	AACTCC|GGAGTT	5	1.86	0.0005324813631522897	0.0001982297009126483	0.041011430324748264	78.0037404776712	-1.892
AACTCG	AACTCG|CGAGTT	2	1.80	0.00021299254526091586	0.0001913949505850939	0.5363290670830533	1020.0978855919674	-3.009
AACTCT	AACTCT|AGAGTT	3	3.31	0.0003194888178913738	0.0003528398716449499	0.6432108660401838	1223.3870672084297	-3.088
AACTGA	AACTGA|TCAGTT	6	3.21	0.0006389776357827476	0.00034237971043012843	0.10711873161393944	203.7398275297128	-2.309
AACTGC	AACTGC|GCAGTT	6	1.80	0.0006389776357827476	0.0001913949505850939	0.010305301333485615	19.60068313628964	-1.292
AACTGG	AACTGG|CCAGTT	2	1.74	0.00021299254526091586	0.00018479585521653376	0.5176167839901485	984.5071231492625	-2.993
AACTGT	AACTGT|ACAGTT	17	3.20	0.001810436634717785	0.00034067432623375926	5.3542449752451566e-08	0.00010183773942916287	3.992
AACTTA	AACTTA|TAAGTT	4	5.93	0.0004259850905218317	0.0006311828640865413	0.8421442611247746	1601.7583846593213	-3.205
AACTTC	AACTTC|GAAGTT	11	3.31	0.0011714589989350373	0.0003528398716449499	0.0006586165291656725	1.252688638473109	-0.098
AACTTG	AACTTG|CAAGTT	10	3.20	0.0010649627263045794	0.00034067432623375926	0.0017576706460327891	3.343089568754365	-0.524
AAGAAA	AAGAAA|TTTCTT	31	5.78	0.003301384451544196	0.0006155370222438544	1.9063808551658787e-13	3.625936386525501e-10	9.441
AAGAAC	AAGAAC|GTTCTT	9	3.23	0.0009584664536741214	0.0003440936316221949	0.006067274061412564	11.539955264806698	-1.062
AAGAAG	AAGAAG|CTTCTT	10	3.12	0.0010649627263045794	0.0003322296473120157	0.0014665919494476847	2.789457887849496	-0.446
AAGAAT	AAGAAT|ATTCTT	8	5.75	0.0008519701810436634	0.0006124710487704378	0.22252188032371598	423.2366163757078	-2.627
AAGACA	AAGACA|TGTCTT	6	3.23	0.0006389776357827476	0.0003440936316221949	0.10897671977405256	207.27372101024795	-2.317
AAGACC	AAGACC|GGTCTT	4	1.81	0.0004259850905218317	0.00019235305602145343	0.10970583253961509	208.6604934903479	-2.319
AAGACG	AAGACG|CGTCTT	2	1.74	0.00021299254526091586	0.00018572092619128212	0.5202701400866314	989.5538064447729	-2.995
AAGACT	AAGACT|AGTCTT	3	3.21	0.0003194888178913738	0.00034237971043012843	0.6232066709487214	1185.3390881444682	-3.074
AAGAGA	AAGAGA|TCTCTT	15	3.12	0.001597444089456869	0.0003322296473120157	1.0789390511945298e-06	0.002052142075371996	2.688
AAGAGC	AAGAGC|GCTCTT	3	1.74	0.0003194888178913738	0.00018572092619128212	0.254413044362097	483.89361037670847	-2.685
AAGAGG	AAGAGG|CCTCTT	7	1.68	0.0007454739084132055	0.00017931746517976135	0.0017778237100641127	3.3814206965419427	-0.529
AAGAGT	AAGAGT|ACTCTT	3	3.10	0.0003194888178913738	0.0003305748203090387	0.5997231719014635	1140.6734729565835	-3.057
AAGATA	AAGATA|TATCTT	11	5.75	0.0011714589989350373	0.0006124710487704378	0.03317486442493312	63.0985921362228	-1.8
AAGATC	AAGATC|GATCTT	3	3.21	0.0003194888178913738	0.00034237971043012843	0.6232066709487214	1185.3390881444682	-3.074
AAGATG	AAGATG|CATCTT	10	3.10	0.0010649627263045794	0.0003305748203090387	0.0014144257379197697	2.690237753523402	-0.43
AAGATT	AAGATT|AATCTT	5	5.72	0.0005324813631522897	0.0006094203468290331	0.6760790522854092	1285.9023574468483	-3.109
AAGCAA	AAGCAA|TTGCTT	11	3.23	0.0011714589989350373	0.0003440936316221949	0.0005377408344203365	1.02278306706748	-0.01
AAGCAC	AAGCAC|GTGCTT	6	1.81	0.0006389776357827476	0.00019235305602145343	0.010540178953614934	20.047420369775605	-1.302
AAGCAG	AAGCAG|CTGCTT	3	1.74	0.0003194888178913738	0.00018572092619128212	0.254413044362097	483.89361037670847	-2.685
AAGCAT	AAGCAT|ATGCTT	8	3.21	0.0008519701810436634	0.00034237971043012843	0.017248862340841255	32.80733617228007	-1.516
AAGCCA	AAGCCA|TGGCTT	9	1.81	0.0009584664536741214	0.00019235305602145343	0.00011257355776837463	0.21411490687544854	0.669
AAGCCG	AAGCCG|CGGCTT	1	0.97	0.00010649627263045793	0.00010382054312255288	0.6227604566918691	1184.490388627935	-3.074
AAGCCT	AAGCCT|AGGCTT	3	1.80	0.0003194888178913738	0.0001913949505850939	0.2686288570017931	510.93208601741054	-2.708
AAGCGA	AAGCGA|TCGCTT	4	1.74	0.0004259850905218317	0.00018572092619128212	0.09986858681781925	189.95005212749223	-2.279
AAGCGC	AAGCGC|GCGCTT	3	0.97	0.0003194888178913738	0.00010382054312255288	0.07573843416198342	144.05450177609245	-2.159
AAGCGG	AAGCGG|CCGCTT	5	0.94	0.0005324813631522897	0.00010024092065504774	0.002836228311780366	5.394506249006256	-0.732
AAGCGT	AAGCGT|ACGCTT	5	1.74	0.0005324813631522897	0.00018479585521653376	0.03190832376422069	60.68963179954775	-1.783
AAGCTA	AAGCTA|TAGCTT	5	3.21	0.0005324813631522897	0.00034237971043012843	0.22205411127100083	422.3469196374436	-2.626
AAGCTC	AAGCTC|GAGCTT	6	1.80	0.0006389776357827476	0.0001913949505850939	0.010305301333485615	19.60068313628964	-1.292
AAGCTG	AAGCTG|CAGCTT	6	1.74	0.0006389776357827476	0.00018479585521653376	0.008787372692515777	16.71358286116501	-1.223
AAGCTT	AAGCTT|AAGCTT	2	3.20	0.00021299254526091586	0.00034067432623375926	0.8286593732213758	1576.110127867057	-3.198
AAGGAA	AAGGAA|TTCCTT	11	3.12	0.0011714589989350373	0.0003322296473120157	0.00040383030436019724	0.7680852388930951	0.115
AAGGAC	AAGGAC|GTCCTT	2	1.74	0.00021299254526091586	0.00018572092619128212	0.5202701400866314	989.5538064447729	-2.995
AAGGAG	AAGGAG|CTCCTT	4	1.68	0.0004259850905218317	0.00017931746517976135	0.09077984686532022	172.66326873783905	-2.237
AAGGAT	AAGGAT|ATCCTT	4	3.10	0.0004259850905218317	0.0003305748203090387	0.37607652293549126	715.2975466233044	-2.854
AAGGCA	AAGGCA|TGCCTT	2	1.74	0.00021299254526091586	0.00018572092619128212	0.5202701400866314	989.5538064447729	-2.995
AAGGCC	AAGGCC|GGCCTT	7	0.97	0.0007454739084132055	0.00010382054312255288	7.118473249431277e-05	0.13539336120418288	0.868
AAGGCG	AAGGCG|CGCCTT	5	0.94	0.0005324813631522897	0.00010024092065504774	0.002836228311780366	5.394506249006256	-0.732
AAGGCT	AAGGCT|AGCCTT	2	1.74	0.00021299254526091586	0.00018479585521653376	0.5176167839901485	984.5071231492625	-2.993
AAGGGA	AAGGGA|TCCCTT	7	1.68	0.0007454739084132055	0.00017931746517976135	0.0017778237100641127	3.3814206965419427	-0.529
AAGGGC	AAGGGC|GCCCTT	1	0.94	0.00010649627263045793	0.00010024092065504774	0.6098649215989254	1159.963080881156	-3.064
AAGGGG	AAGGGG|CCCCTT	3	0.91	0.0003194888178913738	9.678471978238766e-05	0.06431514047607444	122.32739718549358	-2.088
AAGGGT	AAGGGT|ACCCTT	2	1.68	0.00021299254526091586	0.00017842428967334374	0.49907738611767144	949.245188395811	-2.977
AAGGTA	AAGGTA|TACCTT	5	3.10	0.0005324813631522897	0.0003305748203090387	0.20252126844506227	385.19545258250844	-2.586
AAGGTC	AAGGTC|GACCTT	3	1.74	0.0003194888178913738	0.00018479585521653376	0.25210519023315664	479.5040718234639	-2.681
AAGGTG	AAGGTG|CACCTT	7	1.68	0.0007454739084132055	0.00017842428967334374	0.0017290633335701083	3.288678460450346	-0.517
AAGTAA	AAGTAA|TTACTT	12	5.75	0.0012779552715654952	0.0006124710487704378	0.015043326375926001	28.612406767011255	-1.457
AAGTAC	AAGTAC|GTACTT	7	3.21	0.0007454739084132055	0.00034237971043012843	0.04553356837586165	86.60484705088886	-1.938
AAGTAG	AAGTAG|CTACTT	2	3.10	0.00021299254526091586	0.0003305748203090387	0.8158697115462796	1551.7841913610239	-3.191
AAGTAT	AAGTAT|ATACTT	9	5.72	0.0009584664536741214	0.0006094203468290331	0.1254676521570057	238.63947440262484	-2.378
AAGTCA	AAGTCA|TGACTT	7	3.21	0.0007454739084132055	0.00034237971043012843	0.04553356837586165	86.60484705088886	-1.938
AAGTCC	AAGTCC|GGACTT	2	1.80	0.00021299254526091586	0.0001913949505850939	0.5363290670830533	1020.0978855919674	-3.009
AAGTCG	AAGTCG|CGACTT	4	1.74	0.0004259850905218317	0.00018479585521653376	0.0985303566535023	187.40473835496135	-2.273
AAGTCT	AAGTCT|AGACTT	3	3.20	0.0003194888178913738	0.00034067432623375926	0.6198733040294828	1178.9990242640763	-3.072
AAGTGA	AAGTGA|TCACTT	6	3.10	0.0006389776357827476	0.0003305748203090387	0.09477477995349343	180.2616314715445	-2.256
AAGTGC	AAGTGC|GCACTT	6	1.74	0.0006389776357827476	0.00018479585521653376	0.008787372692515777	16.71358286116501	-1.223
AAGTGG	AAGTGG|CCACTT	1	1.68	0.00010649627263045793	0.00017842428967334374	0.8127674927234894	1545.8837711600768	-3.189
AAGTGT	AAGTGT|ACACTT	11	3.09	0.0011714589989350373	0.0003289282359551809	0.00037199063918214666	0.707526195724443	0.15
AAGTTA	AAGTTA|TAACTT	8	5.72	0.0008519701810436634	0.0006094203468290331	0.21877337721170484	416.1069634566626	-2.619
AAGTTC	AAGTTC|GAACTT	11	3.20	0.0011714589989350373	0.00034067432623375926	0.0004958185188038156	0.9430468227648573	0.025
AAGTTG	AAGTTG|CAACTT	8	3.09	0.0008519701810436634	0.0003289282359551809	0.013935048438351758	26.504462129745043	-1.423
AATAAA	AATAAA|TTTATT	24	10.66	0.0025559105431309905	0.0011347530499488056	0.00029823912604479727	0.5672508177372044	0.246
AATAAC	AATAAC|GTTATT	11	5.96	0.0011714589989350373	0.0006343425071783241	0.04084923852003672	77.69525166510984	-1.89
AATAAG	AATAAG|CTTATT	13	5.75	0.0013844515441959531	0.0006124710487704378	0.006353630913350991	12.084605997193584	-1.082
AATAAT	AATAAT|ATTATT	16	10.60	0.0017039403620873268	0.001129100875304072	0.07290992043717344	138.6746686715039	-2.142
AATACA	AATACA|TGTATT	7	5.96	0.0007454739084132055	0.0006343425071783241	0.38670664805679705	735.516044604028	-2.867
AATACC	AATACC|GGTATT	5	3.33	0.0005324813631522897	0.00035460615543746367	0.24284880689823982	461.89843072045215	-2.665
AATACG	AATACG|CGTATT	2	3.21	0.00021299254526091586	0.00034237971043012843	0.8307382294232579	1580.0641123630367	-3.199
AATACT	AATACT|AGTATT	7	5.93	0.0007454739084132055	0.0006311828640865413	0.38194250309339733	726.4546408836417	-2.861
AATAGA	AATAGA|TCTATT	12	5.75	0.0012779552715654952	0.0006124710487704378	0.015043326375926001	28.612406767011255	-1.457
AATAGC	AATAGC|GCTATT	7	3.21	0.0007454739084132055	0.00034237971043012843	0.04553356837586165	86.60484705088886	-1.938
AATAGG	AATAGG|CCTATT	7	3.10	0.0007454739084132055	0.0003305748203090387	0.03903217790076601	74.23920236725695	-1.871
AATAGT	AATAGT|ACTATT	6	5.72	0.0006389776357827476	0.0006094203468290331	0.5087775107533669	967.6948254529037	-2.986
AATATA	AATATA|TATATT	23	10.60	0.0024494142705005326	0.001129100875304072	0.0006471480890929166	1.2308756654547273	-0.09
AATATC	AATATC|GATATT	13	5.93	0.0013844515441959531	0.0006311828640865413	0.008032687316505097	15.278171275992694	-1.184
AATATG	AATATG|CATATT	11	5.72	0.0011714589989350373	0.0006094203468290331	0.03219190381276024	61.22900105186998	-1.787
AATATT	AATATT|AATATT	8	10.55	0.0008519701810436634	0.0011234768539903335	0.825259611423767	1569.6437809280048	-3.196
AATCAA	AATCAA|TTGATT	10	5.96	0.0010649627263045794	0.0006343425071783241	0.08096049932425986	153.98686971474226	-2.187
AATCAC	AATCAC|GTGATT	9	3.33	0.0009584664536741214	0.00035460615543746367	0.0073027601839886595	13.889849869946431	-1.143
AATCAG	AATCAG|CTGATT	2	3.21	0.00021299254526091586	0.00034237971043012843	0.8307382294232579	1580.0641123630367	-3.199
AATCAT	AATCAT|ATGATT	7	5.93	0.0007454739084132055	0.0006311828640865413	0.38194250309339733	726.4546408836417	-2.861
AATCCA	AATCCA|TGGATT	6	3.33	0.0006389776357827476	0.00035460615543746367	0.12072924634486469	229.62702654793264	-2.361
AATCCC	AATCCC|GGGATT	1	1.86	0.00010649627263045793	0.0001982297009126483	0.8445415664676512	1606.3180594214725	-3.206
AATCCG	AATCCG|CGGATT	2	1.80	0.00021299254526091586	0.0001913949505850939	0.5363290670830533	1020.0978855919674	-3.009
AATCCT	AATCCT|AGGATT	6	3.31	0.0006389776357827476	0.0003528398716449499	0.11871228752868103	225.79077087955133	-2.354
AATCGC	AATCGC|GCGATT	3	1.80	0.0003194888178913738	0.0001913949505850939	0.2686288570017931	510.93208601741054	-2.708
AATCGT	AATCGT|ACGATT	3	3.20	0.0003194888178913738	0.00034067432623375926	0.6198733040294828	1178.9990242640763	-3.072
AATCTA	AATCTA|TAGATT	3	5.93	0.0003194888178913738	0.0006311828640865413	0.9346846903494757	1777.7702810447026	-3.25
AATCTC	AATCTC|GAGATT	3	3.31	0.0003194888178913738	0.0003528398716449499	0.6432108660401838	1223.3870672084297	-3.088
AATCTG	AATCTG|CAGATT	2	3.20	0.00021299254526091586	0.00034067432623375926	0.8286593732213758	1576.110127867057	-3.198
AATGAA	AATGAA|TTCATT	15	5.75	0.001597444089456869	0.0006124710487704378	0.0009301803911108353	1.7692031038928087	-0.248
AATGAC	AATGAC|GTCATT	4	3.21	0.0004259850905218317	0.00034237971043012843	0.4008057889254147	762.3326105361388	-2.882
AATGAG	AATGAG|CTCATT	6	3.10	0.0006389776357827476	0.0003305748203090387	0.09477477995349343	180.2616314715445	-2.256
AATGAT	AATGAT|ATCATT	14	5.72	0.001490947816826411	0.0006094203468290331	0.0024012215996240802	4.567123482485001	-0.66
AATGCA	AATGCA|TGCATT	4	3.21	0.0004259850905218317	0.00034237971043012843	0.4008057889254147	762.3326105361388	-2.882
AATGCC	AATGCC|GGCATT	3	1.80	0.0003194888178913738	0.0001913949505850939	0.2686288570017931	510.93208601741054	-2.708
AATGCG	AATGCG|CGCATT	5	1.74	0.0005324813631522897	0.00018479585521653376	0.03190832376422069	60.68963179954775	-1.783
AATGCT	AATGCT|AGCATT	6	3.20	0.0006389776357827476	0.00034067432623375926	0.10528640332327792	200.2547391208746	-2.302
AATGGA	AATGGA|TCCATT	2	3.10	0.00021299254526091586	0.0003305748203090387	0.8158697115462796	1551.7841913610239	-3.191
AATGGC	AATGGC|GCCATT	7	1.74	0.0007454739084132055	0.00018479585521653376	0.0021006661672062573	3.9954670500263014	-0.602
AATGGG	AATGGG|CCCATT	2	1.68	0.00021299254526091586	0.00017842428967334374	0.49907738611767144	949.245188395811	-2.977
AATGGT	AATGGT|ACCATT	3	3.09	0.0003194888178913738	0.0003289282359551809	0.5963720594416264	1134.2996570579735	-3.055
AATGTA	AATGTA|TACATT	16	5.72	0.0017039403620873268	0.0006094203468290331	0.0003077565910365865	0.5853530361515875	0.233
AATGTC	AATGTC|GACATT	8	3.20	0.0008519701810436634	0.00034067432623375926	0.01680017950841367	31.953941425002803	-1.505
AATGTG	AATGTG|CACATT	11	3.09	0.0011714589989350373	0.0003289282359551809	0.00037199063918214666	0.707526195724443	0.15
AATTAA	AATTAA|TTAATT	11	10.60	0.0011714589989350373	0.001129100875304072	0.49186872488900496	935.5343147388875	-2.971
AATTAC	AATTAC|GTAATT	5	5.93	0.0005324813631522897	0.0006311828640865413	0.7050269430273444	1340.961245638009	-3.127
AATTAG	AATTAG|CTAATT	5	5.72	0.0005324813631522897	0.0006094203468290331	0.6760790522854092	1285.9023574468483	-3.109
AATTAT	AATTAT|ATAATT	9	10.55	0.0009584664536741214	0.0011234768539903348	0.7255469415492177	1379.9902828266122	-3.14
AATTCA	AATTCA|TGAATT	6	5.93	0.0006389776357827476	0.0006311828640865413	0.5424933643115593	1031.8223789205856	-3.014
AATTCC	AATTCC|GGAATT	1	3.31	0.00010649627263045793	0.0003528398716449499	0.9635992680034415	1832.7658077425458	-3.263
AATTCG	AATTCG|CGAATT	2	3.20	0.00021299254526091586	0.00034067432623375926	0.8286593732213758	1576.110127867057	-3.198
AATTCT	AATTCT|AGAATT	12	5.90	0.0012779552715654952	0.0006280389590926387	0.017875364866365217	33.99894397582664	-1.531
AATTGA	AATTGA|TCAATT	7	5.72	0.0007454739084132055	0.0006094203468290331	0.3492148629298764	664.206669292625	-2.822
AATTGC	AATTGC|GCAATT	3	3.20	0.0003194888178913738	0.00034067432623375926	0.6198733040294828	1178.9990242640763	-3.072
AATTGG	AATTGG|CCAATT	8	3.09	0.0008519701810436634	0.0003289282359551809	0.013935048438351758	26.504462129745043	-1.423
AATTGT	AATTGT|ACAATT	16	5.69	0.0017039403620873268	0.0006063848403525471	0.00029165454467081666	0.5547269439638933	0.256
AATTTA	AATTTA|TAAATT	11	10.55	0.0011714589989350373	0.0011234768539903348	0.48536646048262794	923.1670078379583	-2.965
AATTTC	AATTTC|GAAATT	13	5.90	0.0013844515441959531	0.0006280389590926387	0.00772853281011922	14.699669404846755	-1.167
AATTTG	AATTTG|CAAATT	15	5.69	0.001597444089456869	0.0006063848403525471	0.0008435497902349165	1.6044317010268112	-0.205
ACAAAA	ACAAAA|TTTTGT	17	5.99	0.001810436634717785	0.0006375179671514505	0.00017034849773910957	0.3240028426997864	0.489
ACAAAC	ACAAAC|GTTTGT	5	3.35	0.0005324813631522897	0.00035638128108342543	0.24591048549769073	467.72174341660775	-2.67
ACAAAG	ACAAAG|CTTTGT	7	3.23	0.0007454739084132055	0.0003440936316221949	0.046531618995921294	88.5031393302423	-1.947
ACAAAT	ACAAAT|ATTTGT	11	5.96	0.0011714589989350373	0.0006343425071783241	0.04084923852003672	77.69525166510984	-1.89
ACAACA	ACAACA|TGTTGT	6	3.35	0.0006389776357827476	0.00035638128108342543	0.12277327845886409	233.51477562875948	-2.368
ACAACC	ACAACC|GGTTGT	7	1.87	0.0007454739084132055	0.0001992220204775675	0.0031686715110396846	6.02681321399748	-0.78
ACAACG	ACAACG|CGTTGT	2	1.81	0.00021299254526091586	0.00019235305602145343	0.5390038802153655	1025.1853801696252	-3.011
ACAACT	ACAACT|AGTTGT	8	3.33	0.0008519701810436634	0.00035460615543746367	0.020720567233406168	39.41051887793853	-1.596
ACAAGA	ACAAGA|TCTTGT	8	3.23	0.0008519701810436634	0.0003440936316221949	0.017708394921590348	33.68136714086484	-1.527
ACAAGC	ACAAGC|GCTTGT	4	1.81	0.0004259850905218317	0.00019235305602145343	0.10970583253961509	208.6604934903479	-2.319
ACAAGG	ACAAGG|CCTTGT	2	1.74	0.00021299254526091586	0.00018572092619128212	0.5202701400866314	989.5538064447729	-2.995
ACAAGT	ACAAGT|ACTTGT	8	3.21	0.0008519701810436634	0.00034237971043012843	0.017248862340841255	32.80733617228007	-1.516
ACAATA	ACAATA|TATTGT	5	5.96	0.0005324813631522897	0.0006343425071783241	0.7090754595723777	1348.6615241066625	-3.13
ACAATC	ACAATC|GATTGT	4	3.33	0.0004259850905218317	0.00035460615543746367	0.4262251783286773	810.6802891811442	-2.909
ACAATG	ACAATG|CATTGT	2	3.21	0.00021299254526091586	0.00034237971043012843	0.8307382294232579	1580.0641123630367	-3.199
ACACAA	ACACAA|TTGTGT	7	3.35	0.0007454739084132055	0.00035638128108342543	0.054095138354986465	102.88895315118425	-2.012
ACACAC	ACACAC|GTGTGT	12	1.87	0.0012779552715654952	0.0001992220204775675	6.885015156694913e-07	0.0013095298828033725	2.883
ACACAG	ACACAG|CTGTGT	5	1.81	0.0005324813631522897	0.00019235305602145343	0.03685628096954264	70.1006464040701	-1.846
ACACAT	ACACAT|ATGTGT	8	3.33	0.0008519701810436634	0.00035460615543746367	0.020720567233406168	39.41051887793853	-1.596
ACACCA	ACACCA|TGGTGT	5	1.87	0.0005324813631522897	0.0001992220204775675	0.041739842179562905	79.38917982552864	-1.9
ACACCC	ACACCC|GGGTGT	2	1.05	0.00021299254526091586	0.00011136783986663264	0.28106366433224395	534.583089559928	-2.728
ACACCG	ACACCG|CGGTGT	1	1.01	0.00010649627263045793	0.00010752799459368382	0.6356673187356678	1209.0392402352402	-3.082
ACACCT	ACACCT|AGGTGT	2	1.86	0.00021299254526091586	0.0001982297009126483	0.5551748306909025	1055.9425279740965	-3.024
ACACGA	ACACGA|TCGTGT	3	1.81	0.0003194888178913738	0.00019235305602145343	0.2710384542401562	515.5151399647771	-2.712
ACACGC	ACACGC|GCGTGT	2	1.01	0.00021299254526091586	0.00010752799459368382	0.26780503009732265	509.36516724510767	-2.707
ACACGT	ACACGT|ACGTGT	3	1.80	0.0003194888178913738	0.0001913949505850939	0.2686288570017931	510.93208601741054	-2.708
ACACTA	ACACTA|TAGTGT	2	3.33	0.00021299254526091586	0.00035460615543746367	0.8449862692193253	1607.1638840551568	-3.206
ACACTC	ACACTC|GAGTGT	2	1.86	0.00021299254526091586	0.0001982297009126483	0.5551748306909025	1055.9425279740965	-3.024
ACACTG	ACACTG|CAGTGT	3	1.80	0.0003194888178913738	0.0001913949505850939	0.2686288570017931	510.93208601741054	-2.708
ACAGAA	ACAGAA|TTCTGT	6	3.23	0.0006389776357827476	0.0003440936316221949	0.10897671977405256	207.27372101024795	-2.317
ACAGAC	ACAGAC|GTCTGT	4	1.81	0.0004259850905218317	0.00019235305602145343	0.10970583253961509	208.6604934903479	-2.319
ACAGAG	ACAGAG|CTCTGT	7	1.74	0.0007454739084132055	0.00018572092619128212	0.0021593726587157774	4.107126796877409	-0.614
ACAGAT	ACAGAT|ATCTGT	4	3.21	0.0004259850905218317	0.00034237971043012843	0.4008057889254147	762.3326105361388	-2.882
ACAGCA	ACAGCA|TGCTGT	2	1.81	0.00021299254526091586	0.00019235305602145343	0.5390038802153655	1025.1853801696252	-3.011
ACAGCC	ACAGCC|GGCTGT	4	1.01	0.0004259850905218317	0.00010752799459368382	0.01958791527362035	37.256214850425906	-1.571
ACAGCG	ACAGCG|CGCTGT	1	0.97	0.00010649627263045793	0.00010382054312255288	0.6227604566918691	1184.490388627935	-3.074
ACAGCT	ACAGCT|AGCTGT	6	1.80	0.0006389776357827476	0.0001913949505850939	0.010305301333485615	19.60068313628964	-1.292
ACAGGA	ACAGGA|TCCTGT	4	1.74	0.0004259850905218317	0.00018572092619128212	0.09986858681781925	189.95005212749223	-2.279
ACAGGC	ACAGGC|GCCTGT	1	0.97	0.00010649627263045793	0.00010382054312255288	0.6227604566918691	1184.490388627935	-3.074
ACAGGG	ACAGGG|CCCTGT	3	0.94	0.0003194888178913738	0.00010024092065504774	0.0698206141667741	132.79880814520433	-2.123
ACAGGT	ACAGGT|ACCTGT	6	1.74	0.0006389776357827476	0.00018479585521653376	0.008787372692515777	16.71358286116501	-1.223
ACAGTA	ACAGTA|TACTGT	6	3.21	0.0006389776357827476	0.00034237971043012843	0.10711873161393944	203.7398275297128	-2.309
ACAGTC	ACAGTC|GACTGT	6	1.80	0.0006389776357827476	0.0001913949505850939	0.010305301333485615	19.60068313628964	-1.292
ACAGTG	ACAGTG|CACTGT	4	1.74	0.0004259850905218317	0.00018479585521653376	0.0985303566535023	187.40473835496135	-2.273
ACATAA	ACATAA|TTATGT	5	5.96	0.0005324813631522897	0.0006343425071783241	0.7090754595723777	1348.6615241066625	-3.13
ACATAC	ACATAC|GTATGT	9	3.33	0.0009584664536741214	0.00035460615543746367	0.0073027601839886595	13.889849869946431	-1.143
ACATAG	ACATAG|CTATGT	5	3.21	0.0005324813631522897	0.00034237971043012843	0.22205411127100083	422.3469196374436	-2.626
ACATAT	ACATAT|ATATGT	14	5.93	0.001490947816826411	0.0006311828640865413	0.0032638735374973687	6.207887468319996	-0.793
ACATCA	ACATCA|TGATGT	10	3.33	0.0010649627263045794	0.00035460615543746367	0.002338541609664552	4.447906141581978	-0.648
ACATCG	ACATCG|CGATGT	3	1.80	0.0003194888178913738	0.0001913949505850939	0.2686288570017931	510.93208601741054	-2.708
ACATCT	ACATCT|AGATGT	3	3.31	0.0003194888178913738	0.0003528398716449499	0.6432108660401838	1223.3870672084297	-3.088
ACATGA	ACATGA|TCATGT	5	3.21	0.0005324813631522897	0.00034237971043012843	0.22205411127100083	422.3469196374436	-2.626
ACATGC	ACATGC|GCATGT	8	1.80	0.0008519701810436634	0.0001913949505850939	0.0005559248865001911	1.0573691341233635	-0.024
ACATGG	ACATGG|CCATGT	1	1.74	0.00010649627263045793	0.00018479585521653376	0.823640910366357	1566.565011516811	-3.195
ACATGT	ACATGT|ACATGT	1	3.20	0.00010649627263045793	0.00034067432623375926	0.9591942356039588	1824.3874361187295	-3.261
ACATTA	ACATTA|TAATGT	10	5.93	0.0010649627263045794	0.0006311828640865413	0.07897770961963088	150.21560369653793	-2.177
ACATTC	ACATTC|GAATGT	5	3.31	0.0005324813631522897	0.0003528398716449499	0.23981255699501086	456.12348340451064	-2.659
ACATTG	ACATTG|CAATGT	9	3.20	0.0009584664536741214	0.00034067432623375926	0.005702275149880579	10.845727335072862	-1.035
ACCAAA	ACCAAA|TTTGGT	7	3.35	0.0007454739084132055	0.00035638128108342543	0.054095138354986465	102.88895315118425	-2.012
ACCAAC	ACCAAC|GTTGGT	3	1.87	0.0003194888178913738	0.0001992220204775675	0.2883748041125538	548.4888774220773	-2.739
ACCAAG	ACCAAG|CTTGGT	4	1.81	0.0004259850905218317	0.00019235305602145343	0.10970583253961509	208.6604934903479	-2.319
ACCAAT	ACCAAT|ATTGGT	6	3.33	0.0006389776357827476	0.00035460615543746367	0.12072924634486469	229.62702654793264	-2.361
ACCACA	ACCACA|TGTGGT	8	1.87	0.0008519701810436634	0.0001992220204775675	0.0007187195158915133	1.3670045192256581	-0.136
ACCACC	ACCACC|GGTGGT	5	1.05	0.0005324813631522897	0.00011136783986663264	0.004410356883753596	8.38849879289934	-0.924
ACCACG	ACCACG|CGTGGT	3	1.01	0.0003194888178913738	0.00010752799459368382	0.08209198490379868	156.13895528702508	-2.194
ACCACT	ACCACT|AGTGGT	4	1.86	0.0004259850905218317	0.0001982297009126483	0.11876857732459453	225.8978340713788	-2.354
ACCAGA	ACCAGA|TCTGGT	4	1.81	0.0004259850905218317	0.00019235305602145343	0.10970583253961509	208.6604934903479	-2.319
ACCAGC	ACCAGC|GCTGGT	3	1.01	0.0003194888178913738	0.00010752799459368382	0.08209198490379868	156.13895528702508	-2.194
ACCAGG	ACCAGG|CCTGGT	1	0.97	0.00010649627263045793	0.00010382054312255288	0.6227604566918691	1184.490388627935	-3.074
ACCAGT	ACCAGT|ACTGGT	2	1.80	0.00021299254526091586	0.0001913949505850939	0.5363290670830533	1020.0978855919674	-3.009
ACCATA	ACCATA|TATGGT	3	3.33	0.0003194888178913738	0.00035460615543746367	0.6465135150807331	1229.6687056835542	-3.09
ACCATC	ACCATC|GATGGT	5	1.86	0.0005324813631522897	0.0001982297009126483	0.041011430324748264	78.0037404776712	-1.892
ACCATG	ACCATG|CATGGT	2	1.80	0.00021299254526091586	0.0001913949505850939	0.5363290670830533	1020.0978855919674	-3.009
ACCCAA	ACCCAA|TTGGGT	4	1.87	0.0004259850905218317	0.0001992220204775675	0.12032998386582022	228.86762931279006	-2.36
ACCCAC	ACCCAC|GTGGGT	3	1.05	0.0003194888178913738	0.00011136783986663264	0.08890502047023706	169.09734893439088	-2.228
ACCCAG	ACCCAG|CTGGGT	1	1.01	0.00010649627263045793	0.00010752799459368382	0.6356673187356678	1209.0392402352402	-3.082
ACCCAT	ACCCAT|ATGGGT	4	1.86	0.0004259850905218317	0.0001982297009126483	0.11876857732459453	225.8978340713788	-2.354
ACCCCA	ACCCCA|TGGGGT	3	1.05	0.0003194888178913738	0.00011136783986663264	0.08890502047023706	169.09734893439088	-2.228
ACCCCC	ACCCCC|GGGGGT	2	0.58	0.00021299254526091586	6.225614882746605e-05	0.11685205494742304	222.25260850999862	-2.347
ACCCCT	ACCCCT|AGGGGT	2	1.04	0.00021299254526091586	0.00011081311962969532	0.2791491800197466	530.941740397558	-2.725
ACCCGC	ACCCGC|GCGGGT	2	0.56	0.00021299254526091586	6.010962269322999e-05	0.11033316376501875	209.85367748106566	-2.322
ACCCGG	ACCCGG|CCGGGT	4	0.54	0.0004259850905218317	5.803710650872159e-05	0.0023861996134924663	4.538551664862671	-0.657
ACCCGT	ACCCGT|ACGGGT	1	1.00	0.00010649627263045793	0.00010699240052353005	0.6338303912054356	1205.5454040727386	-3.081
ACCCTA	ACCCTA|TAGGGT	1	1.86	0.00010649627263045793	0.0001982297009126483	0.8445415664676512	1606.3180594214725	-3.206
ACCCTC	ACCCTC|GAGGGT	3	1.04	0.0003194888178913738	0.00011081311962969532	0.0879064833551398	167.1981313414759	-2.223
ACCCTG	ACCCTG|CAGGGT	3	1.00	0.0003194888178913738	0.00010699240052353005	0.08116029909253257	154.36688887399694	-2.189
ACCGAA	ACCGAA|TTCGGT	1	1.81	0.00010649627263045793	0.00019235305602145343	0.8357220052137009	1589.543253916459	-3.201
ACCGAC	ACCGAC|GTCGGT	1	1.01	0.00010649627263045793	0.00010752799459368382	0.6356673187356678	1209.0392402352402	-3.082
ACCGAT	ACCGAT|ATCGGT	2	1.80	0.00021299254526091586	0.0001913949505850939	0.5363290670830533	1020.0978855919674	-3.009
ACCGCA	ACCGCA|TGCGGT	1	1.01	0.00010649627263045793	0.00010752799459368382	0.6356673187356678	1209.0392402352402	-3.082
ACCGCT	ACCGCT|AGCGGT	2	1.00	0.00021299254526091586	0.00010699240052353005	0.26595492968916445	505.8462762687908	-2.704
ACCGGA	ACCGGA|TCCGGT	2	0.97	0.00021299254526091586	0.00010382054312255288	0.2549990946631974	485.0082780494015	-2.686
ACCGGC	ACCGGC|GCCGGT	2	0.54	0.00021299254526091586	5.803710650872159e-05	0.10413446835357601	198.06375880850158	-2.297
ACCGGG	ACCGGG|CCCGGT	5	0.53	0.0005324813631522897	5.603604848918905e-05	0.00021741137405510832	0.413516433452816	0.384
ACCGTA	ACCGTA|TACGGT	3	1.80	0.0003194888178913738	0.0001913949505850939	0.2686288570017931	510.93208601741054	-2.708
ACCGTG	ACCGTG|CACGGT	2	0.97	0.00021299254526091586	0.00010330341576919062	0.2532134286760778	481.61194134190004	-2.683
ACCTAA	ACCTAA|TTAGGT	4	3.33	0.0004259850905218317	0.00035460615543746367	0.4262251783286773	810.6802891811442	-2.909
ACCTAC	ACCTAC|GTAGGT	4	1.86	0.0004259850905218317	0.0001982297009126483	0.11876857732459453	225.8978340713788	-2.354
ACCTAG	ACCTAG|CTAGGT	2	1.80	0.00021299254526091586	0.0001913949505850939	0.5363290670830533	1020.0978855919674	-3.009
ACCTAT	ACCTAT|ATAGGT	5	3.31	0.0005324813631522897	0.0003528398716449499	0.23981255699501086	456.12348340451064	-2.659
ACCTCA	ACCTCA|TGAGGT	4	1.86	0.0004259850905218317	0.0001982297009126483	0.11876857732459453	225.8978340713788	-2.354
ACCTCC	ACCTCC|GGAGGT	2	1.04	0.00021299254526091586	0.00011081311962969532	0.2791491800197466	530.941740397558	-2.725
ACCTCG	ACCTCG|CGAGGT	3	1.00	0.0003194888178913738	0.00010699240052353005	0.08116029909253257	154.36688887399694	-2.189
ACCTCT	ACCTCT|AGAGGT	3	1.85	0.0003194888178913738	0.00019724232406498777	0.2833685338465352	538.9669513761099	-2.732
ACCTGA	ACCTGA|TCAGGT	5	1.80	0.0005324813631522897	0.0001913949505850939	0.03620446059828504	68.86088405793815	-1.838
ACCTGC	ACCTGC|GCAGGT	1	1.00	0.00010649627263045793	0.00010699240052353005	0.6338303912054356	1205.5454040727386	-3.081
ACCTGG	ACCTGG|CCAGGT	1	0.97	0.00010649627263045793	0.00010330341576919062	0.6209241924850706	1180.9978141066042	-3.072
ACCTTA	ACCTTA|TAAGGT	5	3.31	0.0005324813631522897	0.0003528398716449499	0.23981255699501086	456.12348340451064	-2.659
ACCTTC	ACCTTC|GAAGGT	1	1.85	0.00010649627263045793	0.00019724232406498777	0.8430935361716377	1603.563905798455	-3.205
ACCTTG	ACCTTG|CAAGGT	4	1.79	0.0004259850905218317	0.0001904416174463322	0.10682741910436	203.1857511364927	-2.308
ACGAAA	ACGAAA|TTTCGT	6	3.23	0.0006389776357827476	0.0003440936316221949	0.10897671977405256	207.27372101024795	-2.317
ACGAAC	ACGAAC|GTTCGT	2	1.81	0.00021299254526091586	0.00019235305602145343	0.5390038802153655	1025.1853801696252	-3.011
ACGAAG	ACGAAG|CTTCGT	4	1.74	0.0004259850905218317	0.00018572092619128212	0.09986858681781925	189.95005212749223	-2.279
ACGAAT	ACGAAT|ATTCGT	1	3.21	0.00010649627263045793	0.00034237971043012843	0.9598424768855995	1825.6203910364104	-3.261
ACGACA	ACGACA|TGTCGT	6	1.81	0.0006389776357827476	0.00019235305602145343	0.010540178953614934	20.047420369775605	-1.302
ACGACC	ACGACC|GGTCGT	1	1.01	0.00010649627263045793	0.00010752799459368382	0.6356673187356678	1209.0392402352402	-3.082
ACGACG	ACGACG|CGTCGT	3	0.97	0.0003194888178913738	0.00010382054312255288	0.07573843416198342	144.05450177609245	-2.159
ACGACT	ACGACT|AGTCGT	2	1.80	0.00021299254526091586	0.0001913949505850939	0.5363290670830533	1020.0978855919674	-3.009
ACGAGA	ACGAGA|TCTCGT	4	1.74	0.0004259850905218317	0.00018572092619128212	0.09986858681781925	189.95005212749223	-2.279
ACGAGC	ACGAGC|GCTCGT	4	0.97	0.0004259850905218317	0.00010382054312255288	0.01748619467336599	33.25874226874212	-1.522
ACGAGG	ACGAGG|CCTCGT	3	0.94	0.0003194888178913738	0.00010024092065504774	0.0698206141667741	132.79880814520433	-2.123
ACGAGT	ACGAGT|ACTCGT	3	1.74	0.0003194888178913738	0.00018479585521653376	0.25210519023315664	479.5040718234639	-2.681
ACGATA	ACGATA|TATCGT	4	3.21	0.0004259850905218317	0.00034237971043012843	0.4008057889254147	762.3326105361388	-2.882
ACGATC	ACGATC|GATCGT	1	1.80	0.00010649627263045793	0.0001913949505850939	0.8342373919254027	1586.7195194421158	-3.201
ACGATG	ACGATG|CATCGT	3	1.74	0.0003194888178913738	0.00018479585521653376	0.25210519023315664	479.5040718234639	-2.681
ACGCAA	ACGCAA|TTGCGT	3	1.81	0.0003194888178913738	0.00019235305602145343	0.2710384542401562	515.5151399647771	-2.712
ACGCAC	ACGCAC|GTGCGT	2	1.01	0.00021299254526091586	0.00010752799459368382	0.26780503009732265	509.36516724510767	-2.707
ACGCAG	ACGCAG|CTGCGT	3	0.97	0.0003194888178913738	0.00010382054312255288	0.07573843416198342	144.05450177609245	-2.159
ACGCAT	ACGCAT|ATGCGT	1	1.80	0.00010649627263045793	0.0001913949505850939	0.8342373919254027	1586.7195194421158	-3.201
ACGCCA	ACGCCA|TGGCGT	6	1.01	0.0006389776357827476	0.00010752799459368382	0.0006244651305622923	1.18773267832948	-0.075
ACGCCG	ACGCCG|CGGCGT	1	0.54	0.00010649627263045793	5.803710650872159e-05	0.42013991083387975	799.1061104060393	-2.903
ACGCCT	ACGCCT|AGGCGT	2	1.00	0.00021299254526091586	0.00010699240052353005	0.26595492968916445	505.8462762687908	-2.704
ACGCGA	ACGCGA|TCGCGT	2	0.97	0.00021299254526091586	0.00010382054312255288	0.2549990946631974	485.0082780494015	-2.686
ACGCGC	ACGCGC|GCGCGT	3	0.54	0.0003194888178913738	5.803710650872159e-05	0.018027973405132933	34.28920541656284	-1.535
ACGCTA	ACGCTA|TAGCGT	1	1.80	0.00010649627263045793	0.0001913949505850939	0.8342373919254027	1586.7195194421158	-3.201
ACGCTC	ACGCTC|GAGCGT	1	1.00	0.00010649627263045793	0.00010699240052353005	0.6338303912054356	1205.5454040727386	-3.081
ACGCTG	ACGCTG|CAGCGT	1	0.97	0.00010649627263045793	0.00010330341576919062	0.6209241924850706	1180.9978141066042	-3.072
ACGGAA	ACGGAA|TTCCGT	5	1.74	0.0005324813631522897	0.00018572092619128212	0.03249031365409787	61.79657657009415	-1.791
ACGGAC	ACGGAC|GTCCGT	3	0.97	0.0003194888178913738	0.00010382054312255288	0.07573843416198342	144.05450177609245	-2.159
ACGGAT	ACGGAT|ATCCGT	5	1.74	0.0005324813631522897	0.00018479585521653376	0.03190832376422069	60.68963179954775	-1.783
ACGGCA	ACGGCA|TGCCGT	3	0.97	0.0003194888178913738	0.00010382054312255288	0.07573843416198342	144.05450177609245	-2.159
ACGGCC	ACGGCC|GGCCGT	2	0.54	0.00021299254526091586	5.803710650872159e-05	0.10413446835357601	198.06375880850158	-2.297
ACGGCT	ACGGCT|AGCCGT	2	0.97	0.00021299254526091586	0.00010330341576919062	0.2532134286760778	481.61194134190004	-2.683
ACGGGA	ACGGGA|TCCCGT	2	0.94	0.00021299254526091586	0.00010024092065504774	0.2426455018690354	461.51174455490536	-2.664
ACGGGC	ACGGGC|GCCCGT	2	0.53	0.00021299254526091586	5.603604848918905e-05	0.09824426547141742	186.86059292663592	-2.272
ACGGGG	ACGGGG|CCCCGT	1	0.51	0.00010649627263045793	5.4103984832718584e-05	0.39832414021517176	757.6125146892567	-2.879
ACGGTA	ACGGTA|TACCGT	1	1.74	0.00010649627263045793	0.00018479585521653376	0.823640910366357	1566.565011516811	-3.195
ACGGTC	ACGGTC|GACCGT	2	0.97	0.00021299254526091586	0.00010330341576919062	0.2532134286760778	481.61194134190004	-2.683
ACGGTG	ACGGTG|CACCGT	2	0.94	0.00021299254526091586	9.974162330562286e-05	0.24092408853296648	458.2376163897023	-2.661
ACGTAA	ACGTAA|TTACGT	6	3.21	0.0006389776357827476	0.00034237971043012843	0.10711873161393944	203.7398275297128	-2.309
ACGTAC	ACGTAC|GTACGT	3	1.80	0.0003194888178913738	0.0001913949505850939	0.2686288570017931	510.93208601741054	-2.708
ACGTAG	ACGTAG|CTACGT	3	1.74	0.0003194888178913738	0.00018479585521653376	0.25210519023315664	479.5040718234639	-2.681
ACGTAT	ACGTAT|ATACGT	11	3.20	0.0011714589989350373	0.00034067432623375926	0.0004958185188038156	0.9430468227648573	0.025
ACGTCA	ACGTCA|TGACGT	3	1.80	0.0003194888178913738	0.0001913949505850939	0.2686288570017931	510.93208601741054	-2.708
ACGTCC	ACGTCC|GGACGT	2	1.00	0.00021299254526091586	0.00010699240052353005	0.26595492968916445	505.8462762687908	-2.704
ACGTCT	ACGTCT|AGACGT	1	1.79	0.00010649627263045793	0.0001904416174463322	0.8327468569829224	1583.8845219815184	-3.2
ACGTGA	ACGTGA|TCACGT	22	1.74	0.0023429179978700747	0.00018479585521653376	3.129331658743439e-17	5.951988814930021e-14	13.225
ACGTGC	ACGTGC|GCACGT	9	0.97	0.0009584664536741214	0.00010330341576919062	8.787381818815249e-07	0.0016713600219386605	2.777
ACGTGG	ACGTGG|CCACGT	2	0.94	0.00021299254526091586	9.974162330562286e-05	0.24092408853296648	458.2376163897023	-2.661
ACGTTA	ACGTTA|TAACGT	2	3.20	0.00021299254526091586	0.00034067432623375926	0.8286593732213758	1576.110127867057	-3.198
ACGTTC	ACGTTC|GAACGT	4	1.79	0.0004259850905218317	0.0001904416174463322	0.10682741910436	203.1857511364927	-2.308
ACGTTG	ACGTTG|CAACGT	1	1.73	0.00010649627263045793	0.0001838753919956119	0.8221100059760076	1563.6532313663665	-3.194
ACTAAA	ACTAAA|TTTAGT	10	5.96	0.0010649627263045794	0.0006343425071783241	0.08096049932425986	153.98686971474226	-2.187
ACTAAC	ACTAAC|GTTAGT	10	3.33	0.0010649627263045794	0.00035460615543746367	0.002338541609664552	4.447906141581978	-0.648
ACTAAG	ACTAAG|CTTAGT	9	3.21	0.0009584664536741214	0.00034237971043012843	0.005882138859969475	11.187828111661942	-1.049
ACTAAT	ACTAAT|ATTAGT	8	5.93	0.0008519701810436634	0.0006311828640865413	0.24600621978209686	467.90383002554825	-2.67
ACTACA	ACTACA|TGTAGT	4	3.33	0.0004259850905218317	0.00035460615543746367	0.4262251783286773	810.6802891811442	-2.909
ACTACC	ACTACC|GGTAGT	3	1.86	0.0003194888178913738	0.0001982297009126483	0.285864553108995	543.7143800133085	-2.735
ACTACG	ACTACG|CGTAGT	4	1.80	0.0004259850905218317	0.0001913949505850939	0.10825871065901102	205.90806767343895	-2.314
ACTACT	ACTACT|AGTAGT	5	3.31	0.0005324813631522897	0.0003528398716449499	0.23981255699501086	456.12348340451064	-2.659
ACTAGA	ACTAGA|TCTAGT	2	3.21	0.00021299254526091586	0.00034237971043012843	0.8307382294232579	1580.0641123630367	-3.199
ACTAGC	ACTAGC|GCTAGT	4	1.80	0.0004259850905218317	0.0001913949505850939	0.10825871065901102	205.90806767343895	-2.314
ACTAGG	ACTAGG|CCTAGT	2	1.74	0.00021299254526091586	0.00018479585521653376	0.5176167839901485	984.5071231492625	-2.993
ACTAGT	ACTAGT|ACTAGT	5	3.20	0.0005324813631522897	0.00034067432623375926	0.21919729759068302	416.9132600174791	-2.62
ACTATA	ACTATA|TATAGT	5	5.93	0.0005324813631522897	0.0006311828640865413	0.7050269430273444	1340.961245638009	-3.127
ACTATC	ACTATC|GATAGT	9	3.31	0.0009584664536741214	0.0003528398716449499	0.00708279612242473	13.471478224851836	-1.129
ACTATG	ACTATG|CATAGT	4	3.20	0.0004259850905218317	0.00034067432623375926	0.39724249673429096	755.5552287886214	-2.878
ACTCAA	ACTCAA|TTGAGT	7	3.33	0.0007454739084132055	0.00035460615543746367	0.05295794192589699	100.72600554305608	-2.003
ACTCAC	ACTCAC|GTGAGT	3	1.86	0.0003194888178913738	0.0001982297009126483	0.285864553108995	543.7143800133085	-2.735
ACTCAG	ACTCAG|CTGAGT	8	1.80	0.0008519701810436634	0.0001913949505850939	0.0005559248865001911	1.0573691341233635	-0.024
ACTCAT	ACTCAT|ATGAGT	7	3.31	0.0007454739084132055	0.0003528398716449499	0.05184139699692455	98.60233708815049	-1.994
ACTCCA	ACTCCA|TGGAGT	3	1.86	0.0003194888178913738	0.0001982297009126483	0.285864553108995	543.7143800133085	-2.735
ACTCCC	ACTCCC|GGGAGT	2	1.04	0.00021299254526091586	0.00011081311962969532	0.2791491800197466	530.941740397558	-2.725
ACTCCG	ACTCCG|CGGAGT	2	1.00	0.00021299254526091586	0.00010699240052353005	0.26595492968916445	505.8462762687908	-2.704
ACTCCT	ACTCCT|AGGAGT	3	1.85	0.0003194888178913738	0.00019724232406498777	0.2833685338465352	538.9669513761099	-2.732
ACTCGA	ACTCGA|TCGAGT	1	1.80	0.00010649627263045793	0.0001913949505850939	0.8342373919254027	1586.7195194421158	-3.201
ACTCGC	ACTCGC|GCGAGT	2	1.00	0.00021299254526091586	0.00010699240052353005	0.26595492968916445	505.8462762687908	-2.704
ACTCGG	ACTCGG|CCGAGT	2	0.97	0.00021299254526091586	0.00010330341576919062	0.2532134286760778	481.61194134190004	-2.683
ACTCTA	ACTCTA|TAGAGT	6	3.31	0.0006389776357827476	0.0003528398716449499	0.11871228752868103	225.79077087955133	-2.354
ACTCTC	ACTCTC|GAGAGT	3	1.85	0.0003194888178913738	0.00019724232406498777	0.2833685338465352	538.9669513761099	-2.732
ACTCTG	ACTCTG|CAGAGT	4	1.79	0.0004259850905218317	0.0001904416174463322	0.10682741910436	203.1857511364927	-2.308
ACTGAA	ACTGAA|TTCAGT	7	3.21	0.0007454739084132055	0.00034237971043012843	0.04553356837586165	86.60484705088886	-1.938
ACTGAC	ACTGAC|GTCAGT	1	1.80	0.00010649627263045793	0.0001913949505850939	0.8342373919254027	1586.7195194421158	-3.201
ACTGAG	ACTGAG|CTCAGT	3	1.74	0.0003194888178913738	0.00018479585521653376	0.25210519023315664	479.5040718234639	-2.681
ACTGAT	ACTGAT|ATCAGT	2	3.20	0.00021299254526091586	0.00034067432623375926	0.8286593732213758	1576.110127867057	-3.198
ACTGCA	ACTGCA|TGCAGT	6	1.80	0.0006389776357827476	0.0001913949505850939	0.010305301333485615	19.60068313628964	-1.292
ACTGCC	ACTGCC|GGCAGT	3	1.00	0.0003194888178913738	0.00010699240052353005	0.08116029909253257	154.36688887399694	-2.189
ACTGCG	ACTGCG|CGCAGT	4	0.97	0.0004259850905218317	0.00010330341576919062	0.01720475728098996	32.72344834844291	-1.515
ACTGCT	ACTGCT|AGCAGT	2	1.79	0.00021299254526091586	0.0001904416174463322	0.5336569612296567	1015.0155402588069	-3.006
ACTGGA	ACTGGA|TCCAGT	2	1.74	0.00021299254526091586	0.00018479585521653376	0.5176167839901485	984.5071231492625	-2.993
ACTGGC	ACTGGC|GCCAGT	2	0.97	0.00021299254526091586	0.00010330341576919062	0.2532134286760778	481.61194134190004	-2.683
ACTGGG	ACTGGG|CCCAGT	2	0.94	0.00021299254526091586	9.974162330562286e-05	0.24092408853296648	458.2376163897023	-2.661
ACTGTA	ACTGTA|TACAGT	7	3.20	0.0007454739084132055	0.00034067432623375926	0.04455420397533794	84.74209596109277	-1.928
ACTGTC	ACTGTC|GACAGT	2	1.79	0.00021299254526091586	0.0001904416174463322	0.5336569612296567	1015.0155402588069	-3.006
ACTGTG	ACTGTG|CACAGT	16	1.73	0.0017039403620873268	0.0001838753919956119	5.898903752361787e-11	1.1219714936992119e-07	6.95
ACTTAA	ACTTAA|TTAAGT	7	5.93	0.0007454739084132055	0.0006311828640865413	0.38194250309339733	726.4546408836417	-2.861
ACTTAC	ACTTAC|GTAAGT	4	3.31	0.0004259850905218317	0.0003528398716449499	0.4225686504685637	803.7255731912081	-2.905
ACTTAG	ACTTAG|CTAAGT	4	3.20	0.0004259850905218317	0.00034067432623375926	0.39724249673429096	755.5552287886214	-2.878
ACTTAT	ACTTAT|ATAAGT	7	5.90	0.0007454739084132055	0.0006280389590926387	0.3772038198287464	717.4416653142756	-2.856
ACTTCA	ACTTCA|TGAAGT	11	3.31	0.0011714589989350373	0.0003528398716449499	0.0006586165291656725	1.252688638473109	-0.098
ACTTCC	ACTTCC|GGAAGT	2	1.85	0.00021299254526091586	0.00019724232406498777	0.5524862236160448	1050.8287973177173	-3.022
ACTTCG	ACTTCG|CGAAGT	3	1.79	0.0003194888178913738	0.0001904416174463322	0.26623368855440066	506.37647563047005	-2.704
ACTTCT	ACTTCT|AGAAGT	8	3.30	0.0008519701810436634	0.0003510823856648482	0.01967322819455651	37.41848002604648	-1.573
ACTTGA	ACTTGA|TCAAGT	7	3.20	0.0007454739084132055	0.00034067432623375926	0.04455420397533794	84.74209596109277	-1.928
ACTTGC	ACTTGC|GCAAGT	2	1.79	0.00021299254526091586	0.0001904416174463322	0.5336569612296567	1015.0155402588069	-3.006
ACTTGG	ACTTGG|CCAAGT	3	1.73	0.0003194888178913738	0.0001838753919956119	0.24981186536281655	475.1421679200771	-2.677
ACTTTA	ACTTTA|TAAAGT	6	5.90	0.0006389776357827476	0.0006280389590926387	0.5376841745222005	1022.6752999412254	-3.01
ACTTTC	ACTTTC|GAAAGT	6	3.30	0.0006389776357827476	0.0003510823856648482	0.11672220824436741	222.0056400807868	-2.346
ACTTTG	ACTTTG|CAAAGT	7	3.18	0.0007454739084132055	0.00033897743651053965	0.043593252780848475	82.9143667891738	-1.919
AGAAAA	AGAAAA|TTTTCT	35	5.78	0.003727369542066028	0.0006155370222438544	1.653371057367654e-16	3.144711751113278e-13	12.502
AGAAAC	AGAAAC|GTTTCT	9	3.23	0.0009584664536741214	0.0003440936316221949	0.006067274061412564	11.539955264806698	-1.062
AGAAAG	AGAAAG|CTTTCT	12	3.12	0.0012779552715654952	0.0003322296473120157	0.00010242758617276045	0.19481726890059037	0.71
AGAAAT	AGAAAT|ATTTCT	15	5.75	0.001597444089456869	0.0006124710487704378	0.0009301803911108353	1.7692031038928087	-0.248
AGAACA	AGAACA|TGTTCT	9	3.23	0.0009584664536741214	0.0003440936316221949	0.006067274061412564	11.539955264806698	-1.062
AGAACC	AGAACC|GGTTCT	4	1.81	0.0004259850905218317	0.00019235305602145343	0.10970583253961509	208.6604934903479	-2.319
AGAACG	AGAACG|CGTTCT	4	1.74	0.0004259850905218317	0.00018572092619128212	0.09986858681781925	189.95005212749223	-2.279
AGAACT	AGAACT|AGTTCT	8	3.21	0.0008519701810436634	0.00034237971043012843	0.017248862340841255	32.80733617228007	-1.516
AGAAGA	AGAAGA|TCTTCT	10	3.12	0.0010649627263045794	0.0003322296473120157	0.0014665919494476847	2.789457887849496	-0.446
AGAAGC	AGAAGC|GCTTCT	5	1.74	0.0005324813631522897	0.00018572092619128212	0.03249031365409787	61.79657657009415	-1.791
AGAAGG	AGAAGG|CCTTCT	4	1.68	0.0004259850905218317	0.00017931746517976135	0.09077984686532022	172.66326873783905	-2.237
AGAATA	AGAATA|TATTCT	7	5.75	0.0007454739084132055	0.0006124710487704378	0.3537887714577393	672.9062433126202	-2.828
AGAATC	AGAATC|GATTCT	2	3.21	0.00021299254526091586	0.00034237971043012843	0.8307382294232579	1580.0641123630367	-3.199
AGAATG	AGAATG|CATTCT	6	3.10	0.0006389776357827476	0.0003305748203090387	0.09477477995349343	180.2616314715445	-2.256
AGACAA	AGACAA|TTGTCT	7	3.23	0.0007454739084132055	0.0003440936316221949	0.046531618995921294	88.5031393302423	-1.947
AGACAC	AGACAC|GTGTCT	1	1.81	0.00010649627263045793	0.00019235305602145343	0.8357220052137009	1589.543253916459	-3.201
AGACAG	AGACAG|CTGTCT	2	1.74	0.00021299254526091586	0.00018572092619128212	0.5202701400866314	989.5538064447729	-2.995
AGACAT	AGACAT|ATGTCT	3	3.21	0.0003194888178913738	0.00034237971043012843	0.6232066709487214	1185.3390881444682	-3.074
AGACCA	AGACCA|TGGTCT	3	1.81	0.0003194888178913738	0.00019235305602145343	0.2710384542401562	515.5151399647771	-2.712
AGACCC	AGACCC|GGGTCT	1	1.01	0.00010649627263045793	0.00010752799459368382	0.6356673187356678	1209.0392402352402	-3.082
AGACCG	AGACCG|CGGTCT	2	0.97	0.00021299254526091586	0.00010382054312255288	0.2549990946631974	485.0082780494015	-2.686
AGACCT	AGACCT|AGGTCT	2	1.80	0.00021299254526091586	0.0001913949505850939	0.5363290670830533	1020.0978855919674	-3.009
AGACGA	AGACGA|TCGTCT	2	1.74	0.00021299254526091586	0.00018572092619128212	0.5202701400866314	989.5538064447729	-2.995
AGACGC	AGACGC|GCGTCT	3	0.97	0.0003194888178913738	0.00010382054312255288	0.07573843416198342	144.05450177609245	-2.159
AGACGG	AGACGG|CCGTCT	1	0.94	0.00010649627263045793	0.00010024092065504774	0.6098649215989254	1159.963080881156	-3.064
AGACTA	AGACTA|TAGTCT	4	3.21	0.0004259850905218317	0.00034237971043012843	0.4008057889254147	762.3326105361388	-2.882
AGACTC	AGACTC|GAGTCT	2	1.80	0.00021299254526091586	0.0001913949505850939	0.5363290670830533	1020.0978855919674	-3.009
AGACTG	AGACTG|CAGTCT	3	1.74	0.0003194888178913738	0.00018479585521653376	0.25210519023315664	479.5040718234639	-2.681
AGAGAA	AGAGAA|TTCTCT	13	3.12	0.0013844515441959531	0.0003322296473120157	2.407201224126473e-05	0.045784967282885516	1.339
AGAGAC	AGAGAC|GTCTCT	4	1.74	0.0004259850905218317	0.00018572092619128212	0.09986858681781925	189.95005212749223	-2.279
AGAGAG	AGAGAG|CTCTCT	9	1.68	0.0009584664536741214	0.00017931746517976135	6.670149964387956e-05	0.1268662523226589	0.897
AGAGAT	AGAGAT|ATCTCT	5	3.10	0.0005324813631522897	0.0003305748203090387	0.20252126844506227	385.19545258250844	-2.586
AGAGCA	AGAGCA|TGCTCT	5	1.74	0.0005324813631522897	0.00018572092619128212	0.03249031365409787	61.79657657009415	-1.791
AGAGCC	AGAGCC|GGCTCT	3	0.97	0.0003194888178913738	0.00010382054312255288	0.07573843416198342	144.05450177609245	-2.159
AGAGCG	AGAGCG|CGCTCT	2	0.94	0.00021299254526091586	0.00010024092065504774	0.2426455018690354	461.51174455490536	-2.664
AGAGCT	AGAGCT|AGCTCT	4	1.74	0.0004259850905218317	0.00018479585521653376	0.0985303566535023	187.40473835496135	-2.273
AGAGGA	AGAGGA|TCCTCT	7	1.68	0.0007454739084132055	0.00017931746517976135	0.0017778237100641127	3.3814206965419427	-0.529
AGAGGC	AGAGGC|GCCTCT	4	0.94	0.0004259850905218317	0.00010024092065504774	0.015596100239434979	29.66378265540533	-1.472
AGAGGG	AGAGGG|CCCTCT	3	0.91	0.0003194888178913738	9.678471978238766e-05	0.06431514047607444	122.32739718549358	-2.088
AGAGTA	AGAGTA|TACTCT	7	3.10	0.0007454739084132055	0.0003305748203090387	0.03903217790076601	74.23920236725695	-1.871
AGAGTC	AGAGTC|GACTCT	3	1.74	0.0003194888178913738	0.00018479585521653376	0.25210519023315664	479.5040718234639	-2.681
AGAGTG	AGAGTG|CACTCT	3	1.68	0.0003194888178913738	0.00017842428967334374	0.23629854388103202	449.4398304617229	-2.653
AGATAA	AGATAA|TTATCT	8	5.75	0.0008519701810436634	0.0006124710487704378	0.22252188032371598	423.2366163757078	-2.627
AGATAC	AGATAC|GTATCT	2	3.21	0.00021299254526091586	0.00034237971043012843	0.8307382294232579	1580.0641123630367	-3.199
AGATAG	AGATAG|CTATCT	9	3.10	0.0009584664536741214	0.0003305748203090387	0.004722405086225938	8.982014474001733	-0.953
AGATAT	AGATAT|ATATCT	16	5.72	0.0017039403620873268	0.0006094203468290331	0.0003077565910365865	0.5853530361515875	0.233
AGATCA	AGATCA|TGATCT	4	3.21	0.0004259850905218317	0.00034237971043012843	0.4008057889254147	762.3326105361388	-2.882
AGATCG	AGATCG|CGATCT	1	1.74	0.00010649627263045793	0.00018479585521653376	0.823640910366357	1566.565011516811	-3.195
AGATCT	AGATCT|AGATCT	1	3.20	0.00010649627263045793	0.00034067432623375926	0.9591942356039588	1824.3874361187295	-3.261
AGATGA	AGATGA|TCATCT	9	3.10	0.0009584664536741214	0.0003305748203090387	0.004722405086225938	8.982014474001733	-0.953
AGATGC	AGATGC|GCATCT	10	1.74	0.0010649627263045794	0.00018479585521653376	1.4242159984628933e-05	0.027088588290764232	1.567
AGATGG	AGATGG|CCATCT	5	1.68	0.0005324813631522897	0.00017842428967334374	0.028077075113231043	53.402596865365446	-1.728
AGATTA	AGATTA|TAATCT	5	5.72	0.0005324813631522897	0.0006094203468290331	0.6760790522854092	1285.9023574468483	-3.109
AGATTC	AGATTC|GAATCT	1	3.20	0.00010649627263045793	0.00034067432623375926	0.9591942356039588	1824.3874361187295	-3.261
AGATTG	AGATTG|CAATCT	1	3.09	0.00010649627263045793	0.0003289282359551809	0.9544359447615756	1815.3371669365167	-3.259
AGCAAA	AGCAAA|TTTGCT	11	3.23	0.0011714589989350373	0.0003440936316221949	0.0005377408344203365	1.02278306706748	-0.01
AGCAAC	AGCAAC|GTTGCT	6	1.81	0.0006389776357827476	0.00019235305602145343	0.010540178953614934	20.047420369775605	-1.302
AGCAAG	AGCAAG|CTTGCT	7	1.74	0.0007454739084132055	0.00018572092619128212	0.0021593726587157774	4.107126796877409	-0.614
AGCAAT	AGCAAT|ATTGCT	7	3.21	0.0007454739084132055	0.00034237971043012843	0.04553356837586165	86.60484705088886	-1.938
AGCACA	AGCACA|TGTGCT	2	1.81	0.00021299254526091586	0.00019235305602145343	0.5390038802153655	1025.1853801696252	-3.011
AGCACC	AGCACC|GGTGCT	1	1.01	0.00010649627263045793	0.00010752799459368382	0.6356673187356678	1209.0392402352402	-3.082
AGCACG	AGCACG|CGTGCT	3	0.97	0.0003194888178913738	0.00010382054312255288	0.07573843416198342	144.05450177609245	-2.159
AGCACT	AGCACT|AGTGCT	4	1.80	0.0004259850905218317	0.0001913949505850939	0.10825871065901102	205.90806767343895	-2.314
AGCAGA	AGCAGA|TCTGCT	2	1.74	0.00021299254526091586	0.00018572092619128212	0.5202701400866314	989.5538064447729	-2.995
AGCAGG	AGCAGG|CCTGCT	3	0.94	0.0003194888178913738	0.00010024092065504774	0.0698206141667741	132.79880814520433	-2.123
AGCATA	AGCATA|TATGCT	7	3.21	0.0007454739084132055	0.00034237971043012843	0.04553356837586165	86.60484705088886	-1.938
AGCATC	AGCATC|GATGCT	4	1.80	0.0004259850905218317	0.0001913949505850939	0.10825871065901102	205.90806767343895	-2.314
AGCATG	AGCATG|CATGCT	4	1.74	0.0004259850905218317	0.00018479585521653376	0.0985303566535023	187.40473835496135	-2.273
AGCCAA	AGCCAA|TTGGCT	7	1.81	0.0007454739084132055	0.00019235305602145343	0.002618176113664054	4.9797709681890305	-0.697
AGCCAC	AGCCAC|GTGGCT	10	1.01	0.0010649627263045794	0.00010752799459368382	1.2163597744730978e-07	0.0002313516291047832	3.636
AGCCAT	AGCCAT|ATGGCT	4	1.80	0.0004259850905218317	0.0001913949505850939	0.10825871065901102	205.90806767343895	-2.314
AGCCCA	AGCCCA|TGGGCT	2	1.01	0.00021299254526091586	0.00010752799459368382	0.26780503009732265	509.36516724510767	-2.707
AGCCCC	AGCCCC|GGGGCT	1	0.56	0.00010649627263045793	6.010962269322999e-05	0.4313154299979529	820.3619478561064	-2.914
AGCCCT	AGCCCT|AGGGCT	1	1.00	0.00010649627263045793	0.00010699240052353005	0.6338303912054356	1205.5454040727386	-3.081
AGCCGA	AGCCGA|TCGGCT	2	0.97	0.00021299254526091586	0.00010382054312255288	0.2549990946631974	485.0082780494015	-2.686
AGCCGG	AGCCGG|CCGGCT	1	0.53	0.00010649627263045793	5.603604848918905e-05	0.40914137022789265	778.1868861734519	-2.891
AGCCTA	AGCCTA|TAGGCT	1	1.80	0.00010649627263045793	0.0001913949505850939	0.8342373919254027	1586.7195194421158	-3.201
AGCCTC	AGCCTC|GAGGCT	4	1.00	0.0004259850905218317	0.00010699240052353005	0.019275124951273658	36.6612876573225	-1.564
AGCGAA	AGCGAA|TTCGCT	5	1.74	0.0005324813631522897	0.00018572092619128212	0.03249031365409787	61.79657657009415	-1.791
AGCGAC	AGCGAC|GTCGCT	4	0.97	0.0004259850905218317	0.00010382054312255288	0.01748619467336599	33.25874226874212	-1.522
AGCGAG	AGCGAG|CTCGCT	2	0.94	0.00021299254526091586	0.00010024092065504774	0.2426455018690354	461.51174455490536	-2.664
AGCGAT	AGCGAT|ATCGCT	4	1.74	0.0004259850905218317	0.00018479585521653376	0.0985303566535023	187.40473835496135	-2.273
AGCGCA	AGCGCA|TGCGCT	2	0.97	0.00021299254526091586	0.00010382054312255288	0.2549990946631974	485.0082780494015	-2.686
AGCGCC	AGCGCC|GGCGCT	2	0.54	0.00021299254526091586	5.803710650872159e-05	0.10413446835357601	198.06375880850158	-2.297
AGCGCG	AGCGCG|CGCGCT	1	0.53	0.00010649627263045793	5.603604848918905e-05	0.40914137022789265	778.1868861734519	-2.891
AGCGCT	AGCGCT|AGCGCT	1	0.97	0.00010649627263045793	0.00010330341576919062	0.6209241924850706	1180.9978141066042	-3.072
AGCGGA	AGCGGA|TCCGCT	5	0.94	0.0005324813631522897	0.00010024092065504774	0.002836228311780366	5.394506249006256	-0.732
AGCGGG	AGCGGG|CCCGCT	4	0.51	0.0004259850905218317	5.4103984832718584e-05	0.0018552255861499468	3.528639064857199	-0.548
AGCGTA	AGCGTA|TACGCT	2	1.74	0.00021299254526091586	0.00018479585521653376	0.5176167839901485	984.5071231492625	-2.993
AGCGTC	AGCGTC|GACGCT	1	0.97	0.00010649627263045793	0.00010330341576919062	0.6209241924850706	1180.9978141066042	-3.072
AGCGTG	AGCGTG|CACGCT	3	0.94	0.0003194888178913738	9.974162330562286e-05	0.06901248104308626	131.26173894395006	-2.118
AGCTAA	AGCTAA|TTAGCT	4	3.21	0.0004259850905218317	0.00034237971043012843	0.4008057889254147	762.3326105361388	-2.882
AGCTAC	AGCTAC|GTAGCT	1	1.80	0.00010649627263045793	0.0001913949505850939	0.8342373919254027	1586.7195194421158	-3.201
AGCTAG	AGCTAG|CTAGCT	5	1.74	0.0005324813631522897	0.00018479585521653376	0.03190832376422069	60.68963179954775	-1.783
AGCTAT	AGCTAT|ATAGCT	5	3.20	0.0005324813631522897	0.00034067432623375926	0.21919729759068302	416.9132600174791	-2.62
AGCTCA	AGCTCA|TGAGCT	5	1.80	0.0005324813631522897	0.0001913949505850939	0.03620446059828504	68.86088405793815	-1.838
AGCTCG	AGCTCG|CGAGCT	2	0.97	0.00021299254526091586	0.00010330341576919062	0.2532134286760778	481.61194134190004	-2.683
AGCTGA	AGCTGA|TCAGCT	2	1.74	0.00021299254526091586	0.00018479585521653376	0.5176167839901485	984.5071231492625	-2.993
AGCTGC	AGCTGC|GCAGCT	4	0.97	0.0004259850905218317	0.00010330341576919062	0.01720475728098996	32.72344834844291	-1.515
AGCTGG	AGCTGG|CCAGCT	3	0.94	0.0003194888178913738	9.974162330562286e-05	0.06901248104308626	131.26173894395006	-2.118
AGCTTA	AGCTTA|TAAGCT	4	3.20	0.0004259850905218317	0.00034067432623375926	0.39724249673429096	755.5552287886214	-2.878
AGCTTC	AGCTTC|GAAGCT	7	1.79	0.0007454739084132055	0.0001904416174463322	0.0024789245029600295	4.714914404629976	-0.673
AGCTTG	AGCTTG|CAAGCT	3	1.73	0.0003194888178913738	0.0001838753919956119	0.24981186536281655	475.1421679200771	-2.677
AGGAAA	AGGAAA|TTTCCT	15	3.12	0.001597444089456869	0.0003322296473120157	1.0789390511945298e-06	0.002052142075371996	2.688
AGGAAC	AGGAAC|GTTCCT	2	1.74	0.00021299254526091586	0.00018572092619128212	0.5202701400866314	989.5538064447729	-2.995
AGGAAG	AGGAAG|CTTCCT	4	1.68	0.0004259850905218317	0.00017931746517976135	0.09077984686532022	172.66326873783905	-2.237
AGGAAT	AGGAAT|ATTCCT	3	3.10	0.0003194888178913738	0.0003305748203090387	0.5997231719014635	1140.6734729565835	-3.057
AGGACA	AGGACA|TGTCCT	3	1.74	0.0003194888178913738	0.00018572092619128212	0.254413044362097	483.89361037670847	-2.685
AGGACC	AGGACC|GGTCCT	2	0.97	0.00021299254526091586	0.00010382054312255288	0.2549990946631974	485.0082780494015	-2.686
AGGACG	AGGACG|CGTCCT	2	0.94	0.00021299254526091586	0.00010024092065504774	0.2426455018690354	461.51174455490536	-2.664
AGGAGA	AGGAGA|TCTCCT	8	1.68	0.0008519701810436634	0.00017931746517976135	0.00036422673279194696	0.6927592457702831	0.159
AGGAGC	AGGAGC|GCTCCT	2	0.94	0.00021299254526091586	0.00010024092065504774	0.2426455018690354	461.51174455490536	-2.664
AGGAGG	AGGAGG|CCTCCT	1	0.91	0.00010649627263045793	9.678471978238766e-05	0.5969958900726727	1135.4861829182234	-3.055
AGGATA	AGGATA|TATCCT	3	3.10	0.0003194888178913738	0.0003305748203090387	0.5997231719014635	1140.6734729565835	-3.057
AGGATC	AGGATC|GATCCT	1	1.74	0.00010649627263045793	0.00018479585521653376	0.823640910366357	1566.565011516811	-3.195
AGGATG	AGGATG|CATCCT	3	1.68	0.0003194888178913738	0.00017842428967334374	0.23629854388103202	449.4398304617229	-2.653
AGGCAA	AGGCAA|TTGCCT	6	1.74	0.0006389776357827476	0.00018572092619128212	0.008989856806077353	17.098707645159127	-1.233
AGGCCA	AGGCCA|TGGCCT	3	0.97	0.0003194888178913738	0.00010382054312255288	0.07573843416198342	144.05450177609245	-2.159
AGGCCC	AGGCCC|GGGCCT	1	0.54	0.00010649627263045793	5.803710650872159e-05	0.42013991083387975	799.1061104060393	-2.903
AGGCCG	AGGCCG|CGGCCT	1	0.53	0.00010649627263045793	5.603604848918905e-05	0.40914137022789265	778.1868861734519	-2.891
AGGCCT	AGGCCT|AGGCCT	2	0.97	0.00021299254526091586	0.00010330341576919062	0.2532134286760778	481.61194134190004	-2.683
AGGCGC	AGGCGC|GCGCCT	4	0.53	0.0004259850905218317	5.603604848918905e-05	0.0021045539809935727	4.002861671849775	-0.602
AGGCTC	AGGCTC|GAGCCT	2	0.97	0.00021299254526091586	0.00010330341576919062	0.2532134286760778	481.61194134190004	-2.683
AGGCTG	AGGCTG|CAGCCT	2	0.94	0.00021299254526091586	9.974162330562286e-05	0.24092408853296648	458.2376163897023	-2.661
AGGGAA	AGGGAA|TTCCCT	4	1.68	0.0004259850905218317	0.00017931746517976135	0.09077984686532022	172.66326873783905	-2.237
AGGGAC	AGGGAC|GTCCCT	4	0.94	0.0004259850905218317	0.00010024092065504774	0.015596100239434979	29.66378265540533	-1.472
AGGGAG	AGGGAG|CTCCCT	1	0.91	0.00010649627263045793	9.678471978238766e-05	0.5969958900726727	1135.4861829182234	-3.055
AGGGAT	AGGGAT|ATCCCT	4	1.68	0.0004259850905218317	0.00017842428967334374	0.0895449624045206	170.3145184933982	-2.231
AGGGCA	AGGGCA|TGCCCT	1	0.94	0.00010649627263045793	0.00010024092065504774	0.6098649215989254	1159.963080881156	-3.064
AGGGCG	AGGGCG|CGCCCT	1	0.51	0.00010649627263045793	5.4103984832718584e-05	0.39832414021517176	757.6125146892567	-2.879
AGGGGA	AGGGGA|TCCCCT	1	0.91	0.00010649627263045793	9.678471978238766e-05	0.5969958900726727	1135.4861829182234	-3.055
AGGGGG	AGGGGG|CCCCCT	1	0.49	0.00010649627263045793	5.223853668667931e-05	0.3876920026911611	737.3901891185884	-2.868
AGGGTA	AGGGTA|TACCCT	1	1.68	0.00010649627263045793	0.00017842428967334374	0.8127674927234894	1545.8837711600768	-3.189
AGGGTC	AGGGTC|GACCCT	3	0.94	0.0003194888178913738	9.974162330562286e-05	0.06901248104308626	131.26173894395006	-2.118
AGGGTG	AGGGTG|CACCCT	1	0.90	0.00010649627263045793	9.630263767723152e-05	0.5951674555165143	1132.0085003924103	-3.054
AGGTAA	AGGTAA|TTACCT	6	3.10	0.0006389776357827476	0.0003305748203090387	0.09477477995349343	180.2616314715445	-2.256
AGGTAC	AGGTAC|GTACCT	1	1.74	0.00010649627263045793	0.00018479585521653376	0.823640910366357	1566.565011516811	-3.195
AGGTAG	AGGTAG|CTACCT	2	1.68	0.00021299254526091586	0.00017842428967334374	0.49907738611767144	949.245188395811	-2.977
AGGTAT	AGGTAT|ATACCT	6	3.09	0.0006389776357827476	0.0003289282359551809	0.09311674104182016	177.10804146154194	-2.248
AGGTCA	AGGTCA|TGACCT	5	1.74	0.0005324813631522897	0.00018479585521653376	0.03190832376422069	60.68963179954775	-1.783
AGGTCG	AGGTCG|CGACCT	1	0.94	0.00010649627263045793	9.974162330562286e-05	0.6080315169630081	1156.4759452636413	-3.063
AGGTGA	AGGTGA|TCACCT	9	1.68	0.0009584664536741214	0.00017842428967334374	6.424510477111734e-05	0.12219418927466517	0.913
AGGTGC	AGGTGC|GCACCT	3	0.94	0.0003194888178913738	9.974162330562286e-05	0.06901248104308626	131.26173894395006	-2.118
AGGTGG	AGGTGG|CCACCT	4	0.90	0.0004259850905218317	9.630263767723152e-05	0.01367129002564637	26.002793628779393	-1.415
AGGTTA	AGGTTA|TAACCT	6	3.09	0.0006389776357827476	0.0003289282359551809	0.09311674104182016	177.10804146154194	-2.248
AGGTTC	AGGTTC|GAACCT	4	1.73	0.0004259850905218317	0.0001838753919956119	0.09720717511224425	184.88804706348856	-2.267
AGGTTG	AGGTTG|CAACCT	7	1.67	0.0007454739084132055	0.00017753556305027645	0.001681582306850746	3.198369547630119	-0.505
AGTAAA	AGTAAA|TTTACT	19	5.75	0.0020234291799787005	0.0006124710487704378	9.923263113644363e-06	0.018874046442151578	1.724
AGTAAC	AGTAAC|GTTACT	5	3.21	0.0005324813631522897	0.00034237971043012843	0.22205411127100083	422.3469196374436	-2.626
AGTAAG	AGTAAG|CTTACT	6	3.10	0.0006389776357827476	0.0003305748203090387	0.09477477995349343	180.2616314715445	-2.256
AGTAAT	AGTAAT|ATTACT	4	5.72	0.0004259850905218317	0.0006094203468290331	0.8222588661954512	1563.9363635037482	-3.194
AGTACA	AGTACA|TGTACT	8	3.21	0.0008519701810436634	0.00034237971043012843	0.017248862340841255	32.80733617228007	-1.516
AGTACC	AGTACC|GGTACT	3	1.80	0.0003194888178913738	0.0001913949505850939	0.2686288570017931	510.93208601741054	-2.708
AGTACG	AGTACG|CGTACT	4	1.74	0.0004259850905218317	0.00018479585521653376	0.0985303566535023	187.40473835496135	-2.273
AGTACT	AGTACT|AGTACT	1	3.20	0.00010649627263045793	0.00034067432623375926	0.9591942356039588	1824.3874361187295	-3.261
AGTAGA	AGTAGA|TCTACT	5	3.10	0.0005324813631522897	0.0003305748203090387	0.20252126844506227	385.19545258250844	-2.586
AGTAGC	AGTAGC|GCTACT	3	1.74	0.0003194888178913738	0.00018479585521653376	0.25210519023315664	479.5040718234639	-2.681
AGTAGG	AGTAGG|CCTACT	1	1.68	0.00010649627263045793	0.00017842428967334374	0.8127674927234894	1545.8837711600768	-3.189
AGTATA	AGTATA|TATACT	13	5.72	0.0013844515441959531	0.0006094203468290331	0.006108551299532434	11.618464571710689	-1.065
AGTATC	AGTATC|GATACT	2	3.20	0.00021299254526091586	0.00034067432623375926	0.8286593732213758	1576.110127867057	-3.198
AGTATG	AGTATG|CATACT	4	3.09	0.0004259850905218317	0.0003289282359551809	0.37261777297196746	708.7190041926821	-2.85
AGTCAA	AGTCAA|TTGACT	12	3.21	0.0012779552715654952	0.00034237971043012843	0.00013484912077286218	0.2564830277099839	0.591
AGTCAC	AGTCAC|GTGACT	7	1.80	0.0007454739084132055	0.0001913949505850939	0.0025476459319636524	4.845622562594867	-0.685
AGTCAG	AGTCAG|CTGACT	1	1.74	0.00010649627263045793	0.00018479585521653376	0.823640910366357	1566.565011516811	-3.195
AGTCAT	AGTCAT|ATGACT	15	3.20	0.001597444089456869	0.00034067432623375926	1.4610604630589841e-06	0.0027789370007381877	2.556
AGTCCA	AGTCCA|TGGACT	2	1.80	0.00021299254526091586	0.0001913949505850939	0.5363290670830533	1020.0978855919674	-3.009
AGTCCC	AGTCCC|GGGACT	3	1.00	0.0003194888178913738	0.00010699240052353005	0.08116029909253257	154.36688887399694	-2.189
AGTCCG	AGTCCG|CGGACT	2	0.97	0.00021299254526091586	0.00010330341576919062	0.2532134286760778	481.61194134190004	-2.683
AGTCGA	AGTCGA|TCGACT	2	1.74	0.00021299254526091586	0.00018479585521653376	0.5176167839901485	984.5071231492625	-2.993
AGTCGC	AGTCGC|GCGACT	5	0.97	0.0005324813631522897	0.00010330341576919062	0.0032206121136464276	6.125604240155505	-0.787
AGTCGG	AGTCGG|CCGACT	2	0.94	0.00021299254526091586	9.974162330562286e-05	0.24092408853296648	458.2376163897023	-2.661
AGTCTA	AGTCTA|TAGACT	4	3.20	0.0004259850905218317	0.00034067432623375926	0.39724249673429096	755.5552287886214	-2.878
AGTCTC	AGTCTC|GAGACT	3	1.79	0.0003194888178913738	0.0001904416174463322	0.26623368855440066	506.37647563047005	-2.704
AGTCTG	AGTCTG|CAGACT	2	1.73	0.00021299254526091586	0.0001838753919956119	0.5149669334972088	979.4671075116911	-2.991
AGTGAA	AGTGAA|TTCACT	4	3.10	0.0004259850905218317	0.0003305748203090387	0.37607652293549126	715.2975466233044	-2.854
AGTGAC	AGTGAC|GTCACT	2	1.74	0.00021299254526091586	0.00018479585521653376	0.5176167839901485	984.5071231492625	-2.993
AGTGAG	AGTGAG|CTCACT	3	1.68	0.0003194888178913738	0.00017842428967334374	0.23629854388103202	449.4398304617229	-2.653
AGTGAT	AGTGAT|ATCACT	8	3.09	0.0008519701810436634	0.0003289282359551809	0.013935048438351758	26.504462129745043	-1.423
AGTGCA	AGTGCA|TGCACT	7	1.74	0.0007454739084132055	0.00018479585521653376	0.0021006661672062573	3.9954670500263014	-0.602
AGTGCG	AGTGCG|CGCACT	2	0.94	0.00021299254526091586	9.974162330562286e-05	0.24092408853296648	458.2376163897023	-2.661
AGTGGA	AGTGGA|TCCACT	5	1.68	0.0005324813631522897	0.00017842428967334374	0.028077075113231043	53.402596865365446	-1.728
AGTGGC	AGTGGC|GCCACT	2	0.94	0.00021299254526091586	9.974162330562286e-05	0.24092408853296648	458.2376163897023	-2.661
AGTGTA	AGTGTA|TACACT	4	3.09	0.0004259850905218317	0.0003289282359551809	0.37261777297196746	708.7190041926821	-2.85
AGTGTC	AGTGTC|GACACT	2	1.73	0.00021299254526091586	0.0001838753919956119	0.5149669334972088	979.4671075116911	-2.991
AGTGTG	AGTGTG|CACACT	5	1.67	0.0005324813631522897	0.00017753556305027645	0.027567083515680872	52.43259284682502	-1.72
AGTTAA	AGTTAA|TTAACT	7	5.72	0.0007454739084132055	0.0006094203468290331	0.3492148629298764	664.206669292625	-2.822
AGTTAC	AGTTAC|GTAACT	8	3.20	0.0008519701810436634	0.00034067432623375926	0.01680017950841367	31.953941425002803	-1.505
AGTTAG	AGTTAG|CTAACT	6	3.09	0.0006389776357827476	0.0003289282359551809	0.09311674104182016	177.10804146154194	-2.248
AGTTAT	AGTTAT|ATAACT	4	5.69	0.0004259850905218317	0.0006063848403525471	0.8193265949590571	1558.3591836121266	-3.193
AGTTCA	AGTTCA|TGAACT	5	3.20	0.0005324813631522897	0.00034067432623375926	0.21919729759068302	416.9132600174791	-2.62
AGTTCC	AGTTCC|GGAACT	5	1.79	0.0005324813631522897	0.0001904416174463322	0.035562981778716626	67.64079134311902	-1.83
AGTTCG	AGTTCG|CGAACT	3	1.73	0.0003194888178913738	0.0001838753919956119	0.24981186536281655	475.1421679200771	-2.677
AGTTGA	AGTTGA|TCAACT	9	3.09	0.0009584664536741214	0.0003289282359551809	0.004575910852957329	8.70338244232484	-0.94
AGTTGC	AGTTGC|GCAACT	5	1.73	0.0005324813631522897	0.0001838753919956119	0.03133574471589144	59.600586449625524	-1.775
AGTTGG	AGTTGG|CCAACT	5	1.67	0.0005324813631522897	0.00017753556305027645	0.027567083515680872	52.43259284682502	-1.72
AGTTTA	AGTTTA|TAAACT	16	5.69	0.0017039403620873268	0.0006063848403525471	0.00029165454467081666	0.5547269439638933	0.256
AGTTTC	AGTTTC|GAAACT	5	3.18	0.0005324813631522897	0.00033897743651053965	0.21636606118097448	411.52824836621346	-2.614
AGTTTG	AGTTTG|CAAACT	6	3.07	0.0006389776357827476	0.00032728985319402707	0.09148263157203905	173.99996525001828	-2.241
ATAAAA	ATAAAA|TTTTAT	26	10.66	0.0027689030883919063	0.0011347530499488056	4.962024817136045e-05	0.09437771202192757	1.025
ATAAAC	ATAAAC|GTTTAT	11	5.96	0.0011714589989350373	0.0006343425071783241	0.04084923852003672	77.69525166510984	-1.89
ATAAAG	ATAAAG|CTTTAT	11	5.75	0.0011714589989350373	0.0006124710487704378	0.03317486442493312	63.0985921362228	-1.8
ATAAAT	ATAAAT|ATTTAT	19	10.60	0.0020234291799787005	0.001129100875304072	0.012608850864686702	23.98203434463411	-1.38
ATAACA	ATAACA|TGTTAT	10	5.96	0.0010649627263045794	0.0006343425071783241	0.08096049932425986	153.98686971474226	-2.187
ATAACC	ATAACC|GGTTAT	5	3.33	0.0005324813631522897	0.00035460615543746367	0.24284880689823982	461.89843072045215	-2.665
ATAACG	ATAACG|CGTTAT	5	3.21	0.0005324813631522897	0.00034237971043012843	0.22205411127100083	422.3469196374436	-2.626
ATAAGA	ATAAGA|TCTTAT	12	5.75	0.0012779552715654952	0.0006124710487704378	0.015043326375926001	28.612406767011255	-1.457
ATAAGC	ATAAGC|GCTTAT	10	3.21	0.0010649627263045794	0.00034237971043012843	0.0018217614946460508	3.4649903628167884	-0.54
ATAAGG	ATAAGG|CCTTAT	2	3.10	0.00021299254526091586	0.0003305748203090387	0.8158697115462796	1551.7841913610239	-3.191
ATAATA	ATAATA|TATTAT	24	10.60	0.0025559105431309905	0.001129100875304072	0.00027802985327904963	0.5288127809367524	0.277
ATAATC	ATAATC|GATTAT	7	5.93	0.0007454739084132055	0.0006311828640865413	0.38194250309339733	726.4546408836417	-2.861
ATAATG	ATAATG|CATTAT	7	5.72	0.0007454739084132055	0.0006094203468290331	0.3492148629298764	664.206669292625	-2.822
ATACAA	ATACAA|TTGTAT	8	5.96	0.0008519701810436634	0.0006343425071783241	0.2500500548423887	475.59520431022327	-2.677
ATACAC	ATACAC|GTGTAT	5	3.33	0.0005324813631522897	0.00035460615543746367	0.24284880689823982	461.89843072045215	-2.665
ATACAG	ATACAG|CTGTAT	7	3.21	0.0007454739084132055	0.00034237971043012843	0.04553356837586165	86.60484705088886	-1.938
ATACAT	ATACAT|ATGTAT	13	5.93	0.0013844515441959531	0.0006311828640865413	0.008032687316505097	15.278171275992694	-1.184
ATACCA	ATACCA|TGGTAT	8	3.33	0.0008519701810436634	0.00035460615543746367	0.020720567233406168	39.41051887793853	-1.596
ATACCC	ATACCC|GGGTAT	2	1.86	0.00021299254526091586	0.0001982297009126483	0.5551748306909025	1055.9425279740965	-3.024
ATACCG	ATACCG|CGGTAT	1	1.80	0.00010649627263045793	0.0001913949505850939	0.8342373919254027	1586.7195194421158	-3.201
ATACGA	ATACGA|TCGTAT	2	3.21	0.00021299254526091586	0.00034237971043012843	0.8307382294232579	1580.0641123630367	-3.199
ATACGC	ATACGC|GCGTAT	1	1.80	0.00010649627263045793	0.0001913949505850939	0.8342373919254027	1586.7195194421158	-3.201
ATACGG	ATACGG|CCGTAT	3	1.74	0.0003194888178913738	0.00018479585521653376	0.25210519023315664	479.5040718234639	-2.681
ATACTA	ATACTA|TAGTAT	9	5.93	0.0009584664536741214	0.0006311828640865413	0.1452977037532842	276.35623253874655	-2.441
ATACTC	ATACTC|GAGTAT	4	3.31	0.0004259850905218317	0.0003528398716449499	0.4225686504685637	803.7255731912081	-2.905
ATACTG	ATACTG|CAGTAT	4	3.20	0.0004259850905218317	0.00034067432623375926	0.39724249673429096	755.5552287886214	-2.878
ATAGAA	ATAGAA|TTCTAT	16	5.75	0.0017039403620873268	0.0006124710487704378	0.00032470655627796615	0.6175918700406916	0.209
ATAGAC	ATAGAC|GTCTAT	5	3.21	0.0005324813631522897	0.00034237971043012843	0.22205411127100083	422.3469196374436	-2.626
ATAGAG	ATAGAG|CTCTAT	7	3.10	0.0007454739084132055	0.0003305748203090387	0.03903217790076601	74.23920236725695	-1.871
ATAGAT	ATAGAT|ATCTAT	14	5.72	0.001490947816826411	0.0006094203468290331	0.0024012215996240802	4.567123482485001	-0.66
ATAGCA	ATAGCA|TGCTAT	7	3.21	0.0007454739084132055	0.00034237971043012843	0.04553356837586165	86.60484705088886	-1.938
ATAGCC	ATAGCC|GGCTAT	3	1.80	0.0003194888178913738	0.0001913949505850939	0.2686288570017931	510.93208601741054	-2.708
ATAGCG	ATAGCG|CGCTAT	5	1.74	0.0005324813631522897	0.00018479585521653376	0.03190832376422069	60.68963179954775	-1.783
ATAGGA	ATAGGA|TCCTAT	4	3.10	0.0004259850905218317	0.0003305748203090387	0.37607652293549126	715.2975466233044	-2.854
ATAGGG	ATAGGG|CCCTAT	3	1.68	0.0003194888178913738	0.00017842428967334374	0.23629854388103202	449.4398304617229	-2.653
ATAGTA	ATAGTA|TACTAT	8	5.72	0.0008519701810436634	0.0006094203468290331	0.21877337721170484	416.1069634566626	-2.619
ATAGTC	ATAGTC|GACTAT	4	3.20	0.0004259850905218317	0.00034067432623375926	0.39724249673429096	755.5552287886214	-2.878
ATAGTG	ATAGTG|CACTAT	4	3.09	0.0004259850905218317	0.0003289282359551809	0.37261777297196746	708.7190041926821	-2.85
ATATAA	ATATAA|TTATAT	23	10.60	0.0024494142705005326	0.001129100875304072	0.0006471480890929166	1.2308756654547273	-0.09
ATATAC	ATATAC|GTATAT	22	5.93	0.0023429179978700747	0.0006311828640865413	3.1965128631661026e-07	0.0006079767465741927	3.216
ATATAG	ATATAG|CTATAT	12	5.72	0.0012779552715654952	0.0006094203468290331	0.014530682845661379	27.637358772447943	-1.441
ATATAT	ATATAT|ATATAT	60	10.55	0.006389776357827476	0.0011234768539903348	9.423313958640934e-26	1.7923143149335056e-22	21.747
ATATCA	ATATCA|TGATAT	12	5.93	0.0012779552715654952	0.0006311828640865413	0.018492717168369113	35.173148054238055	-1.546
ATATCC	ATATCC|GGATAT	4	3.31	0.0004259850905218317	0.0003528398716449499	0.4225686504685637	803.7255731912081	-2.905
ATATCG	ATATCG|CGATAT	6	3.20	0.0006389776357827476	0.00034067432623375926	0.10528640332327792	200.2547391208746	-2.302
ATATGA	ATATGA|TCATAT	8	5.72	0.0008519701810436634	0.0006094203468290331	0.21877337721170484	416.1069634566626	-2.619
ATATGC	ATATGC|GCATAT	8	3.20	0.0008519701810436634	0.00034067432623375926	0.01680017950841367	31.953941425002803	-1.505
ATATGG	ATATGG|CCATAT	3	3.09	0.0003194888178913738	0.0003289282359551809	0.5963720594416264	1134.2996570579735	-3.055
ATATTA	ATATTA|TAATAT	14	10.55	0.001490947816826411	0.0011234768539903348	0.17879832205987808	340.0744085578881	-2.532
ATATTC	ATATTC|GAATAT	7	5.90	0.0007454739084132055	0.0006280389590926387	0.3772038198287464	717.4416653142756	-2.856
ATATTG	ATATTG|CAATAT	14	5.69	0.001490947816826411	0.0006063848403525471	0.002297447940975556	4.369745983735507	-0.64
ATCAAA	ATCAAA|TTTGAT	10	5.96	0.0010649627263045794	0.0006343425071783241	0.08096049932425986	153.98686971474226	-2.187
ATCAAC	ATCAAC|GTTGAT	6	3.33	0.0006389776357827476	0.00035460615543746367	0.12072924634486469	229.62702654793264	-2.361
ATCAAG	ATCAAG|CTTGAT	2	3.21	0.00021299254526091586	0.00034237971043012843	0.8307382294232579	1580.0641123630367	-3.199
ATCAAT	ATCAAT|ATTGAT	9	5.93	0.0009584664536741214	0.0006311828640865413	0.1452977037532842	276.35623253874655	-2.441
ATCACA	ATCACA|TGTGAT	7	3.33	0.0007454739084132055	0.00035460615543746367	0.05295794192589699	100.72600554305608	-2.003
ATCACC	ATCACC|GGTGAT	6	1.86	0.0006389776357827476	0.0001982297009126483	0.012064359008766826	22.946410834674502	-1.361
ATCACG	ATCACG|CGTGAT	9	1.80	0.0009584664536741214	0.0001913949505850939	0.00010848510567500574	0.2063386709938609	0.685
ATCAGA	ATCAGA|TCTGAT	3	3.21	0.0003194888178913738	0.00034237971043012843	0.6232066709487214	1185.3390881444682	-3.074
ATCAGC	ATCAGC|GCTGAT	3	1.80	0.0003194888178913738	0.0001913949505850939	0.2686288570017931	510.93208601741054	-2.708
ATCAGG	ATCAGG|CCTGAT	1	1.74	0.00010649627263045793	0.00018479585521653376	0.823640910366357	1566.565011516811	-3.195
ATCATA	ATCATA|TATGAT	8	5.93	0.0008519701810436634	0.0006311828640865413	0.24600621978209686	467.90383002554825	-2.67
ATCATC	ATCATC|GATGAT	9	3.31	0.0009584664536741214	0.0003528398716449499	0.00708279612242473	13.471478224851836	-1.129
ATCATG	ATCATG|CATGAT	2	3.20	0.00021299254526091586	0.00034067432623375926	0.8286593732213758	1576.110127867057	-3.198
ATCCAA	ATCCAA|TTGGAT	4	3.33	0.0004259850905218317	0.00035460615543746367	0.4262251783286773	810.6802891811442	-2.909
ATCCAC	ATCCAC|GTGGAT	5	1.86	0.0005324813631522897	0.0001982297009126483	0.041011430324748264	78.0037404776712	-1.892
ATCCAG	ATCCAG|CTGGAT	1	1.80	0.00010649627263045793	0.0001913949505850939	0.8342373919254027	1586.7195194421158	-3.201
ATCCAT	ATCCAT|ATGGAT	5	3.31	0.0005324813631522897	0.0003528398716449499	0.23981255699501086	456.12348340451064	-2.659
ATCCCA	ATCCCA|TGGGAT	2	1.86	0.00021299254526091586	0.0001982297009126483	0.5551748306909025	1055.9425279740965	-3.024
ATCCGA	ATCCGA|TCGGAT	2	1.80	0.00021299254526091586	0.0001913949505850939	0.5363290670830533	1020.0978855919674	-3.009
ATCCTA	ATCCTA|TAGGAT	3	3.31	0.0003194888178913738	0.0003528398716449499	0.6432108660401838	1223.3870672084297	-3.088
ATCCTC	ATCCTC|GAGGAT	4	1.85	0.0004259850905218317	0.00019724232406498777	0.11722375630009171	222.95958448277443	-2.348
ATCCTG	ATCCTG|CAGGAT	2	1.79	0.00021299254526091586	0.0001904416174463322	0.5336569612296567	1015.0155402588069	-3.006
ATCGAA	ATCGAA|TTCGAT	4	3.21	0.0004259850905218317	0.00034237971043012843	0.4008057889254147	762.3326105361388	-2.882
ATCGAC	ATCGAC|GTCGAT	3	1.80	0.0003194888178913738	0.0001913949505850939	0.2686288570017931	510.93208601741054	-2.708
ATCGAG	ATCGAG|CTCGAT	2	1.74	0.00021299254526091586	0.00018479585521653376	0.5176167839901485	984.5071231492625	-2.993
ATCGCA	ATCGCA|TGCGAT	5	1.80	0.0005324813631522897	0.0001913949505850939	0.03620446059828504	68.86088405793815	-1.838
ATCGCC	ATCGCC|GGCGAT	1	1.00	0.00010649627263045793	0.00010699240052353005	0.6338303912054356	1205.5454040727386	-3.081
ATCGCG	ATCGCG|CGCGAT	1	0.97	0.00010649627263045793	0.00010330341576919062	0.6209241924850706	1180.9978141066042	-3.072
ATCGGA	ATCGGA|TCCGAT	2	1.74	0.00021299254526091586	0.00018479585521653376	0.5176167839901485	984.5071231492625	-2.993
ATCGGC	ATCGGC|GCCGAT	1	0.97	0.00010649627263045793	0.00010330341576919062	0.6209241924850706	1180.9978141066042	-3.072
ATCGGG	ATCGGG|CCCGAT	2	0.94	0.00021299254526091586	9.974162330562286e-05	0.24092408853296648	458.2376163897023	-2.661
ATCGTA	ATCGTA|TACGAT	3	3.20	0.0003194888178913738	0.00034067432623375926	0.6198733040294828	1178.9990242640763	-3.072
ATCGTC	ATCGTC|GACGAT	1	1.79	0.00010649627263045793	0.0001904416174463322	0.8327468569829224	1583.8845219815184	-3.2
ATCTAA	ATCTAA|TTAGAT	6	5.93	0.0006389776357827476	0.0006311828640865413	0.5424933643115593	1031.8223789205856	-3.014
ATCTAC	ATCTAC|GTAGAT	4	3.31	0.0004259850905218317	0.0003528398716449499	0.4225686504685637	803.7255731912081	-2.905
ATCTAG	ATCTAG|CTAGAT	5	3.20	0.0005324813631522897	0.00034067432623375926	0.21919729759068302	416.9132600174791	-2.62
ATCTCC	ATCTCC|GGAGAT	4	1.85	0.0004259850905218317	0.00019724232406498777	0.11722375630009171	222.95958448277443	-2.348
ATCTCG	ATCTCG|CGAGAT	2	1.79	0.00021299254526091586	0.0001904416174463322	0.5336569612296567	1015.0155402588069	-3.006
ATCTGA	ATCTGA|TCAGAT	4	3.20	0.0004259850905218317	0.00034067432623375926	0.39724249673429096	755.5552287886214	-2.878
ATCTGC	ATCTGC|GCAGAT	3	1.79	0.0003194888178913738	0.0001904416174463322	0.26623368855440066	506.37647563047005	-2.704
ATCTGG	ATCTGG|CCAGAT	2	1.73	0.00021299254526091586	0.0001838753919956119	0.5149669334972088	979.4671075116911	-2.991
ATCTTA	ATCTTA|TAAGAT	6	5.90	0.0006389776357827476	0.0006280389590926387	0.5376841745222005	1022.6752999412254	-3.01
ATCTTC	ATCTTC|GAAGAT	3	3.30	0.0003194888178913738	0.0003510823856648482	0.6399030482937172	1217.0955978546501	-3.085
ATCTTG	ATCTTG|CAAGAT	7	3.18	0.0007454739084132055	0.00033897743651053965	0.043593252780848475	82.9143667891738	-1.919
ATGAAA	ATGAAA|TTTCAT	14	5.75	0.001490947816826411	0.0006124710487704378	0.0025093743803063667	4.772830071342709	-0.679
ATGAAC	ATGAAC|GTTCAT	7	3.21	0.0007454739084132055	0.00034237971043012843	0.04553356837586165	86.60484705088886	-1.938
ATGAAG	ATGAAG|CTTCAT	12	3.10	0.0012779552715654952	0.0003305748203090387	9.783507534161767e-05	0.1860823132997568	0.73
ATGAAT	ATGAAT|ATTCAT	8	5.72	0.0008519701810436634	0.0006094203468290331	0.21877337721170484	416.1069634566626	-2.619
ATGACA	ATGACA|TGTCAT	5	3.21	0.0005324813631522897	0.00034237971043012843	0.22205411127100083	422.3469196374436	-2.626
ATGACC	ATGACC|GGTCAT	1	1.80	0.00010649627263045793	0.0001913949505850939	0.8342373919254027	1586.7195194421158	-3.201
ATGACG	ATGACG|CGTCAT	2	1.74	0.00021299254526091586	0.00018479585521653376	0.5176167839901485	984.5071231492625	-2.993
ATGAGA	ATGAGA|TCTCAT	5	3.10	0.0005324813631522897	0.0003305748203090387	0.20252126844506227	385.19545258250844	-2.586
ATGAGC	ATGAGC|GCTCAT	3	1.74	0.0003194888178913738	0.00018479585521653376	0.25210519023315664	479.5040718234639	-2.681
ATGAGG	ATGAGG|CCTCAT	2	1.68	0.00021299254526091586	0.00017842428967334374	0.49907738611767144	949.245188395811	-2.977
ATGATA	ATGATA|TATCAT	13	5.72	0.0013844515441959531	0.0006094203468290331	0.006108551299532434	11.618464571710689	-1.065
ATGATC	ATGATC|GATCAT	5	3.20	0.0005324813631522897	0.00034067432623375926	0.21919729759068302	416.9132600174791	-2.62
ATGATG	ATGATG|CATCAT	8	3.09	0.0008519701810436634	0.0003289282359551809	0.013935048438351758	26.504462129745043	-1.423
ATGCAA	ATGCAA|TTGCAT	5	3.21	0.0005324813631522897	0.00034237971043012843	0.22205411127100083	422.3469196374436	-2.626
ATGCAC	ATGCAC|GTGCAT	8	1.80	0.0008519701810436634	0.0001913949505850939	0.0005559248865001911	1.0573691341233635	-0.024
ATGCAG	ATGCAG|CTGCAT	2	1.74	0.00021299254526091586	0.00018479585521653376	0.5176167839901485	984.5071231492625	-2.993
ATGCAT	ATGCAT|ATGCAT	4	3.20	0.0004259850905218317	0.00034067432623375926	0.39724249673429096	755.5552287886214	-2.878
ATGCCA	ATGCCA|TGGCAT	7	1.80	0.0007454739084132055	0.0001913949505850939	0.0025476459319636524	4.845622562594867	-0.685
ATGCGA	ATGCGA|TCGCAT	2	1.74	0.00021299254526091586	0.00018479585521653376	0.5176167839901485	984.5071231492625	-2.993
ATGCGC	ATGCGC|GCGCAT	8	0.97	0.0008519701810436634	0.00010330341576919062	8.248403042145878e-06	0.01568846258616146	1.804
ATGCGG	ATGCGG|CCGCAT	1	0.94	0.00010649627263045793	9.974162330562286e-05	0.6080315169630081	1156.4759452636413	-3.063
ATGCTA	ATGCTA|TAGCAT	7	3.20	0.0007454739084132055	0.00034067432623375926	0.04455420397533794	84.74209596109277	-1.928
ATGCTC	ATGCTC|GAGCAT	4	1.79	0.0004259850905218317	0.0001904416174463322	0.10682741910436	203.1857511364927	-2.308
ATGCTG	ATGCTG|CAGCAT	2	1.73	0.00021299254526091586	0.0001838753919956119	0.5149669334972088	979.4671075116911	-2.991
ATGGAA	ATGGAA|TTCCAT	5	3.10	0.0005324813631522897	0.0003305748203090387	0.20252126844506227	385.19545258250844	-2.586
ATGGAC	ATGGAC|GTCCAT	1	1.74	0.00010649627263045793	0.00018479585521653376	0.823640910366357	1566.565011516811	-3.195
ATGGAG	ATGGAG|CTCCAT	2	1.68	0.00021299254526091586	0.00017842428967334374	0.49907738611767144	949.245188395811	-2.977
ATGGCA	ATGGCA|TGCCAT	7	1.74	0.0007454739084132055	0.00018479585521653376	0.0021006661672062573	3.9954670500263014	-0.602
ATGGCG	ATGGCG|CGCCAT	3	0.94	0.0003194888178913738	9.974162330562286e-05	0.06901248104308626	131.26173894395006	-2.118
ATGGGA	ATGGGA|TCCCAT	4	1.68	0.0004259850905218317	0.00017842428967334374	0.0895449624045206	170.3145184933982	-2.231
ATGGGC	ATGGGC|GCCCAT	1	0.94	0.00010649627263045793	9.974162330562286e-05	0.6080315169630081	1156.4759452636413	-3.063
ATGGGG	ATGGGG|CCCCAT	3	0.90	0.0003194888178913738	9.630263767723152e-05	0.06356381595658989	120.89837794943396	-2.082
ATGGTA	ATGGTA|TACCAT	4	3.09	0.0004259850905218317	0.0003289282359551809	0.37261777297196746	708.7190041926821	-2.85
ATGGTC	ATGGTC|GACCAT	2	1.73	0.00021299254526091586	0.0001838753919956119	0.5149669334972088	979.4671075116911	-2.991
ATGGTG	ATGGTG|CACCAT	3	1.67	0.0003194888178913738	0.00017753556305027645	0.23410740683750705	445.2722878049384	-2.649
ATGTAA	ATGTAA|TTACAT	15	5.72	0.001597444089456869	0.0006094203468290331	0.0008858619565636925	1.684909441384143	-0.227
ATGTAC	ATGTAC|GTACAT	7	3.20	0.0007454739084132055	0.00034067432623375926	0.04455420397533794	84.74209596109277	-1.928
ATGTAG	ATGTAG|CTACAT	4	3.09	0.0004259850905218317	0.0003289282359551809	0.37261777297196746	708.7190041926821	-2.85
ATGTCA	ATGTCA|TGACAT	5	3.20	0.0005324813631522897	0.00034067432623375926	0.21919729759068302	416.9132600174791	-2.62
ATGTCC	ATGTCC|GGACAT	4	1.79	0.0004259850905218317	0.0001904416174463322	0.10682741910436	203.1857511364927	-2.308
ATGTCG	ATGTCG|CGACAT	3	1.73	0.0003194888178913738	0.0001838753919956119	0.24981186536281655	475.1421679200771	-2.677
ATGTGA	ATGTGA|TCACAT	6	3.09	0.0006389776357827476	0.0003289282359551809	0.09311674104182016	177.10804146154194	-2.248
ATGTGC	ATGTGC|GCACAT	7	1.73	0.0007454739084132055	0.0001838753919956119	0.002043482905355382	3.8867044859859363	-0.59
ATGTGG	ATGTGG|CCACAT	7	1.67	0.0007454739084132055	0.00017753556305027645	0.001681582306850746	3.198369547630119	-0.505
ATGTTA	ATGTTA|TAACAT	10	5.69	0.0010649627263045794	0.0006063848403525471	0.06446399208970137	122.610512954612	-2.089
ATGTTC	ATGTTC|GAACAT	2	3.18	0.00021299254526091586	0.00033897743651053965	0.8265680340697441	1572.1324008006534	-3.196
ATGTTG	ATGTTG|CAACAT	8	3.07	0.0008519701810436634	0.00032728985319402707	0.01356572760131721	25.802013897705333	-1.412
ATTAAA	ATTAAA|TTTAAT	17	10.60	0.001810436634717785	0.001129100875304072	0.04262321862325283	81.06936182142688	-1.909
ATTAAC	ATTAAC|GTTAAT	9	5.93	0.0009584664536741214	0.0006311828640865413	0.1452977037532842	276.35623253874655	-2.441
ATTAAG	ATTAAG|CTTAAT	2	5.72	0.00021299254526091586	0.0006094203468290331	0.9780063902906818	1860.1681543328768	-3.27
ATTAAT	ATTAAT|ATTAAT	2	10.55	0.00021299254526091586	0.0011234768539903335	0.9996973126232175	1901.4242886093596	-3.279
ATTACA	ATTACA|TGTAAT	13	5.93	0.0013844515441959531	0.0006311828640865413	0.008032687316505097	15.278171275992694	-1.184
ATTACC	ATTACC|GGTAAT	7	3.31	0.0007454739084132055	0.0003528398716449499	0.05184139699692455	98.60233708815049	-1.994
ATTACG	ATTACG|CGTAAT	1	3.20	0.00010649627263045793	0.00034067432623375926	0.9591942356039588	1824.3874361187295	-3.261
ATTAGA	ATTAGA|TCTAAT	4	5.72	0.0004259850905218317	0.0006094203468290331	0.8222588661954512	1563.9363635037482	-3.194
ATTAGC	ATTAGC|GCTAAT	4	3.20	0.0004259850905218317	0.00034067432623375926	0.39724249673429096	755.5552287886214	-2.878
ATTAGG	ATTAGG|CCTAAT	1	3.09	0.00010649627263045793	0.0003289282359551809	0.9544359447615756	1815.3371669365167	-3.259
ATTATA	ATTATA|TATAAT	15	10.55	0.001597444089456869	0.0011234768539903324	0.11522998556035904	219.1674325358029	-2.341
ATTATC	ATTATC|GATAAT	7	5.90	0.0007454739084132055	0.0006280389590926374	0.3772038198287443	717.4416653142716	-2.856
ATTATG	ATTATG|CATAAT	9	5.69	0.0009584664536741214	0.0006063848403525459	0.12282323714095174	233.6097970420902	-2.368
ATTCAA	ATTCAA|TTGAAT	10	5.93	0.0010649627263045794	0.00063118286408654	0.07897770961963001	150.21560369653628	-2.177
ATTCAC	ATTCAC|GTGAAT	6	3.31	0.0006389776357827476	0.00035283987164494917	0.1187122875286802	225.79077087954974	-2.354
ATTCAG	ATTCAG|CTGAAT	1	3.20	0.00010649627263045793	0.00034067432623375855	0.9591942356039586	1824.3874361187293	-3.261
ATTCCA	ATTCCA|TGGAAT	7	3.31	0.0007454739084132055	0.00035283987164494917	0.05184139699692412	98.60233708814967	-1.994
ATTCCC	ATTCCC|GGGAAT	3	1.85	0.0003194888178913738	0.00019724232406498736	0.28336853384653415	538.966951376108	-2.732
ATTCCG	ATTCCG|CGGAAT	1	1.79	0.00010649627263045793	0.00019044161744633182	0.8327468569829217	1583.884521981517	-3.2
ATTCGA	ATTCGA|TCGAAT	2	3.20	0.00021299254526091586	0.00034067432623375855	0.828659373221375	1576.110127867055	-3.198
ATTCGC	ATTCGC|GCGAAT	1	1.79	0.00010649627263045793	0.00019044161744633182	0.8327468569829217	1583.884521981517	-3.2
ATTCTA	ATTCTA|TAGAAT	12	5.90	0.0012779552715654952	0.0006280389590926374	0.01787536486636494	33.998943975826116	-1.531
ATTCTC	ATTCTC|GAGAAT	4	3.30	0.0004259850905218317	0.00035108238566484745	0.4189246415218922	796.7946681746389	-2.901
ATTCTG	ATTCTG|CAGAAT	3	3.18	0.0003194888178913738	0.000338977436510539	0.6165366241744155	1172.6526591797383	-3.069
ATTGAA	ATTGAA|TTCAAT	12	5.72	0.0012779552715654952	0.0006094203468290319	0.014530682845661206	27.637358772447612	-1.441
ATTGAC	ATTGAC|GTCAAT	7	3.20	0.0007454739084132055	0.00034067432623375855	0.04455420397533756	84.74209596109205	-1.928
ATTGAG	ATTGAG|CTCAAT	6	3.09	0.0006389776357827476	0.00032892823595518023	0.09311674104181954	177.10804146154075	-2.248
ATTGCA	ATTGCA|TGCAAT	4	3.20	0.0004259850905218317	0.00034067432623375855	0.3972424967342896	755.5552287886188	-2.878
ATTGCC	ATTGCC|GGCAAT	4	1.79	0.0004259850905218317	0.00019044161744633182	0.10682741910435947	203.18575113649172	-2.308
ATTGCG	ATTGCG|CGCAAT	1	1.73	0.00010649627263045793	0.00018387539199561152	0.8221100059760069	1563.6532313663652	-3.194
ATTGGA	ATTGGA|TCCAAT	6	3.09	0.0006389776357827476	0.00032892823595518023	0.09311674104181954	177.10804146154075	-2.248
ATTGGC	ATTGGC|GCCAAT	2	1.73	0.00021299254526091586	0.00018387539199561152	0.5149669334972077	979.467107511689	-2.991
ATTGGG	ATTGGG|CCCAAT	8	1.67	0.0008519701810436634	0.0001775355630502761	0.00034119086919278026	0.648945033204668	0.188
ATTGTA	ATTGTA|TACAAT	9	5.69	0.0009584664536741214	0.0006063848403525459	0.12282323714095174	233.6097970420902	-2.368
ATTGTC	ATTGTC|GACAAT	4	3.18	0.0004259850905218317	0.000338977436510539	0.3936934292766866	748.8049024842579	-2.874
ATTGTG	ATTGTG|CACAAT	7	3.07	0.0007454739084132055	0.0003272898531940264	0.03733742177534825	71.01577621671238	-1.851
ATTTAA	ATTTAA|TTAAAT	9	10.55	0.0009584664536741214	0.0011234768539903324	0.7255469415492153	1379.9902828266074	-3.14
ATTTAC	ATTTAC|GTAAAT	12	5.90	0.0012779552715654952	0.0006280389590926374	0.01787536486636494	33.998943975826116	-1.531
ATTTAG	ATTTAG|CTAAAT	10	5.69	0.0010649627263045794	0.0006063848403525459	0.06446399208970069	122.61051295461071	-2.089
ATTTCA	ATTTCA|TGAAAT	16	5.90	0.0017039403620873268	0.0006280389590926374	0.00042431748907508843	0.8070518642208182	0.093
ATTTCC	ATTTCC|GGAAAT	9	3.30	0.0009584664536741214	0.00035108238566484745	0.00686899042226447	13.064819783147023	-1.116
ATTTCG	ATTTCG|CGAAAT	3	3.18	0.0003194888178913738	0.000338977436510539	0.6165366241744155	1172.6526591797383	-3.069
ATTTGA	ATTTGA|TCAAAT	11	5.69	0.0011714589989350373	0.0006063848403525459	0.031234508447305978	59.40803506677597	-1.774
ATTTGC	ATTTGC|GCAAAT	10	3.18	0.0010649627263045794	0.000338977436510539	0.0016957198004125859	3.2252590603847384	-0.509
ATTTGG	ATTTGG|CCAAAT	6	3.07	0.0006389776357827476	0.0003272898531940264	0.09148263157203841	173.99996525001706	-2.241
ATTTTA	ATTTTA|TAAAAT	16	10.50	0.0017039403620873268	0.0011178808457766019	0.06819936985612564	129.71520146635098	-2.113
ATTTTC	ATTTTC|GAAAAT	14	5.87	0.001490947816826411	0.0006249107138055695	0.002992712441798926	5.692139064301557	-0.755
ATTTTG	ATTTTG|CAAAAT	17	5.67	0.001810436634717785	0.0006033644536527734	8.982103436116323e-05	0.17083960735493245	0.767
CAAAAA	CAAAAA|TTTTTG	17	5.99	0.001810436634717785	0.0006375179671514505	0.00017034849773910957	0.3240028426997864	0.489
CAAAAC	CAAAAC|GTTTTG	7	3.35	0.0007454739084132055	0.00035638128108342543	0.054095138354986465	102.88895315118425	-2.012
CAAAAG	CAAAAG|CTTTTG	11	3.23	0.0011714589989350373	0.0003440936316221949	0.0005377408344203365	1.02278306706748	-0.01
CAAACA	CAAACA|TGTTTG	10	3.35	0.0010649627263045794	0.00035638128108342543	0.0024224697178514346	4.607537403353429	-0.663
CAAACC	CAAACC|GGTTTG	1	1.87	0.00010649627263045793	0.0001992220204775675	0.845983381843672	1609.0603922666642	-3.207
CAAACG	CAAACG|CGTTTG	2	1.81	0.00021299254526091586	0.00019235305602145343	0.5390038802153655	1025.1853801696252	-3.011
CAAAGA	CAAAGA|TCTTTG	5	3.23	0.0005324813631522897	0.0003440936316221949	0.22493650279391356	427.82922831402357	-2.631
CAAAGC	CAAAGC|GCTTTG	4	1.81	0.0004259850905218317	0.00019235305602145343	0.10970583253961509	208.6604934903479	-2.319
CAAAGG	CAAAGG|CCTTTG	5	1.74	0.0005324813631522897	0.00018572092619128212	0.03249031365409787	61.79657657009415	-1.791
CAAATA	CAAATA|TATTTG	10	5.96	0.0010649627263045794	0.0006343425071783241	0.08096049932425986	153.98686971474226	-2.187
CAAATC	CAAATC|GATTTG	3	3.33	0.0003194888178913738	0.00035460615543746367	0.6465135150807331	1229.6687056835542	-3.09
CAAATG	CAAATG|CATTTG	10	3.21	0.0010649627263045794	0.00034237971043012843	0.0018217614946460508	3.4649903628167884	-0.54
CAACAA	CAACAA|TTGTTG	4	3.35	0.0004259850905218317	0.00035638128108342543	0.42989396425804505	817.6583200188016	-2.913
CAACAC	CAACAC|GTGTTG	5	1.87	0.0005324813631522897	0.0001992220204775675	0.041739842179562905	79.38917982552864	-1.9
CAACAG	CAACAG|CTGTTG	3	1.81	0.0003194888178913738	0.00019235305602145343	0.2710384542401562	515.5151399647771	-2.712
CAACCA	CAACCA|TGGTTG	6	1.87	0.0006389776357827476	0.0001992220204775675	0.012336208738449192	23.463469020530365	-1.37
CAACCC	CAACCC|GGGTTG	1	1.05	0.00010649627263045793	0.00011136783986663264	0.6485697477677136	1233.5796602541911	-3.091
CAACGA	CAACGA|TCGTTG	4	1.81	0.0004259850905218317	0.00019235305602145343	0.10970583253961509	208.6604934903479	-2.319
CAACGC	CAACGC|GCGTTG	2	1.01	0.00021299254526091586	0.00010752799459368382	0.26780503009732265	509.36516724510767	-2.707
CAACTA	CAACTA|TAGTTG	4	3.33	0.0004259850905218317	0.00035460615543746367	0.4262251783286773	810.6802891811442	-2.909
CAACTC	CAACTC|GAGTTG	6	1.86	0.0006389776357827476	0.0001982297009126483	0.012064359008766826	22.946410834674502	-1.361
CAACTG	CAACTG|CAGTTG	9	1.80	0.0009584664536741214	0.0001913949505850939	0.00010848510567500574	0.2063386709938609	0.685
CAAGAA	CAAGAA|TTCTTG	15	3.23	0.001597444089456869	0.0003440936316221949	1.6475419183923714e-06	0.0031336247287822904	2.504
CAAGAG	CAAGAG|CTCTTG	4	1.74	0.0004259850905218317	0.00018572092619128212	0.09986858681781925	189.95005212749223	-2.279
CAAGCA	CAAGCA|TGCTTG	4	1.81	0.0004259850905218317	0.00019235305602145343	0.10970583253961509	208.6604934903479	-2.319
CAAGCC	CAAGCC|GGCTTG	3	1.01	0.0003194888178913738	0.00010752799459368382	0.08209198490379868	156.13895528702508	-2.194
CAAGCG	CAAGCG|CGCTTG	1	0.97	0.00010649627263045793	0.00010382054312255288	0.6227604566918691	1184.490388627935	-3.074
CAAGGA	CAAGGA|TCCTTG	2	1.74	0.00021299254526091586	0.00018572092619128212	0.5202701400866314	989.5538064447729	-2.995
CAAGGC	CAAGGC|GCCTTG	4	0.97	0.0004259850905218317	0.00010382054312255288	0.01748619467336599	33.25874226874212	-1.522
CAAGGG	CAAGGG|CCCTTG	2	0.94	0.00021299254526091586	0.00010024092065504774	0.2426455018690354	461.51174455490536	-2.664
CAAGTA	CAAGTA|TACTTG	6	3.21	0.0006389776357827476	0.00034237971043012843	0.10711873161393944	203.7398275297128	-2.309
CAAGTC	CAAGTC|GACTTG	1	1.80	0.00010649627263045793	0.0001913949505850939	0.8342373919254027	1586.7195194421158	-3.201
CAAGTG	CAAGTG|CACTTG	3	1.74	0.0003194888178913738	0.00018479585521653376	0.25210519023315664	479.5040718234639	-2.681
CAATAA	CAATAA|TTATTG	6	5.96	0.0006389776357827476	0.0006343425071783241	0.5473043117812938	1040.9728010080207	-3.017
CAATAC	CAATAC|GTATTG	1	3.33	0.00010649627263045793	0.00035460615543746367	0.9641980099652578	1833.9046149539204	-3.263
CAATAG	CAATAG|CTATTG	7	3.21	0.0007454739084132055	0.00034237971043012843	0.04553356837586165	86.60484705088886	-1.938
CAATCA	CAATCA|TGATTG	7	3.33	0.0007454739084132055	0.00035460615543746367	0.05295794192589699	100.72600554305608	-2.003
CAATCC	CAATCC|GGATTG	4	1.86	0.0004259850905218317	0.0001982297009126483	0.11876857732459453	225.8978340713788	-2.354
CAATCG	CAATCG|CGATTG	1	1.80	0.00010649627263045793	0.0001913949505850939	0.8342373919254027	1586.7195194421158	-3.201
CAATGA	CAATGA|TCATTG	9	3.21	0.0009584664536741214	0.00034237971043012843	0.005882138859969475	11.187828111661942	-1.049
CAATGC	CAATGC|GCATTG	2	1.80	0.00021299254526091586	0.0001913949505850939	0.5363290670830533	1020.0978855919674	-3.009
CAATGG	CAATGG|CCATTG	2	1.74	0.00021299254526091586	0.00018479585521653376	0.5176167839901485	984.5071231492625	-2.993
CAATTA	CAATTA|TAATTG	4	5.93	0.0004259850905218317	0.0006311828640865413	0.8421442611247746	1601.7583846593213	-3.205
CAATTC	CAATTC|GAATTG	8	3.31	0.0008519701810436634	0.0003528398716449499	0.02019077024027326	38.40284499699974	-1.584
CAATTG	CAATTG|CAATTG	5	3.20	0.0005324813631522897	0.00034067432623375926	0.21919729759068302	416.9132600174791	-2.62
CACAAA	CACAAA|TTTGTG	3	3.35	0.0003194888178913738	0.00035638128108342543	0.6498107304136282	1235.9400092467208	-3.092
CACAAC	CACAAC|GTTGTG	7	1.87	0.0007454739084132055	0.0001992220204775675	0.0031686715110396846	6.02681321399748	-0.78
CACAAG	CACAAG|CTTGTG	3	1.81	0.0003194888178913738	0.00019235305602145343	0.2710384542401562	515.5151399647771	-2.712
CACACA	CACACA|TGTGTG	16	1.87	0.0017039403620873268	0.0001992220204775675	1.8589421121865542e-10	3.535707897378826e-07	6.452
CACACC	CACACC|GGTGTG	4	1.05	0.0004259850905218317	0.00011136783986663264	0.021922103134177497	41.6958401612056	-1.62
CACAGA	CACAGA|TCTGTG	3	1.81	0.0003194888178913738	0.00019235305602145343	0.2710384542401562	515.5151399647771	-2.712
CACAGC	CACAGC|GCTGTG	5	1.01	0.0005324813631522897	0.00010752799459368382	0.0038105150527724604	7.2475996303732195	-0.86
CACAGG	CACAGG|CCTGTG	5	0.97	0.0005324813631522897	0.00010382054312255288	0.0032890331379592983	6.255741028398585	-0.796
CACATA	CACATA|TATGTG	10	3.33	0.0010649627263045794	0.00035460615543746367	0.002338541609664552	4.447906141581978	-0.648
CACATC	CACATC|GATGTG	5	1.86	0.0005324813631522897	0.0001982297009126483	0.041011430324748264	78.0037404776712	-1.892
CACATG	CACATG|CATGTG	2	1.80	0.00021299254526091586	0.0001913949505850939	0.5363290670830533	1020.0978855919674	-3.009
CACCAA	CACCAA|TTGGTG	5	1.87	0.0005324813631522897	0.0001992220204775675	0.041739842179562905	79.38917982552864	-1.9
CACCAC	CACCAC|GTGGTG	5	1.05	0.0005324813631522897	0.00011136783986663264	0.004410356883753596	8.38849879289934	-0.924
CACCAG	CACCAG|CTGGTG	2	1.01	0.00021299254526091586	0.00010752799459368382	0.26780503009732265	509.36516724510767	-2.707
CACCCA	CACCCA|TGGGTG	4	1.05	0.0004259850905218317	0.00011136783986663264	0.021922103134177497	41.6958401612056	-1.62
CACCCC	CACCCC|GGGGTG	3	0.58	0.0003194888178913738	6.225614882746605e-05	0.021619913693410025	41.121075844865864	-1.614
CACCCG	CACCCG|CGGGTG	2	0.56	0.00021299254526091586	6.010962269322999e-05	0.11033316376501875	209.85367748106566	-2.322
CACCGC	CACCGC|GCGGTG	1	0.56	0.00010649627263045793	6.010962269322999e-05	0.4313154299979529	820.3619478561064	-2.914
CACCTA	CACCTA|TAGGTG	4	1.86	0.0004259850905218317	0.0001982297009126483	0.11876857732459453	225.8978340713788	-2.354
CACCTC	CACCTC|GAGGTG	3	1.04	0.0003194888178913738	0.00011081311962969532	0.0879064833551398	167.1981313414759	-2.223
CACCTG	CACCTG|CAGGTG	4	1.00	0.0004259850905218317	0.00010699240052353005	0.019275124951273658	36.6612876573225	-1.564
CACGAA	CACGAA|TTCGTG	3	1.81	0.0003194888178913738	0.00019235305602145343	0.2710384542401562	515.5151399647771	-2.712
CACGAC	CACGAC|GTCGTG	1	1.01	0.00010649627263045793	0.00010752799459368382	0.6356673187356678	1209.0392402352402	-3.082
CACGAG	CACGAG|CTCGTG	3	0.97	0.0003194888178913738	0.00010382054312255288	0.07573843416198342	144.05450177609245	-2.159
CACGCA	CACGCA|TGCGTG	2	1.01	0.00021299254526091586	0.00010752799459368382	0.26780503009732265	509.36516724510767	-2.707
CACGCC	CACGCC|GGCGTG	3	0.56	0.0003194888178913738	6.010962269322999e-05	0.0197472566815372	37.559282208283754	-1.575
CACGCG	CACGCG|CGCGTG	1	0.54	0.00010649627263045793	5.803710650872159e-05	0.42013991083387975	799.1061104060393	-2.903
CACGGA	CACGGA|TCCGTG	4	0.97	0.0004259850905218317	0.00010382054312255288	0.01748619467336599	33.25874226874212	-1.522
CACGGC	CACGGC|GCCGTG	1	0.54	0.00010649627263045793	5.803710650872159e-05	0.42013991083387975	799.1061104060393	-2.903
CACGGG	CACGGG|CCCGTG	1	0.53	0.00010649627263045793	5.603604848918905e-05	0.40914137022789265	778.1868861734519	-2.891
CACGTA	CACGTA|TACGTG	1	1.80	0.00010649627263045793	0.0001913949505850939	0.8342373919254027	1586.7195194421158	-3.201
CACGTC	CACGTC|GACGTG	1	1.00	0.00010649627263045793	0.00010699240052353005	0.6338303912054356	1205.5454040727386	-3.081
CACGTG	CACGTG|CACGTG	17	0.97	0.001810436634717785	0.00010330341576919062	6.712854857585976e-16	1.2767849939128526e-12	11.894
CACTAA	CACTAA|TTAGTG	6	3.33	0.0006389776357827476	0.00035460615543746367	0.12072924634486469	229.62702654793264	-2.361
CACTAC	CACTAC|GTAGTG	2	1.86	0.00021299254526091586	0.0001982297009126483	0.5551748306909025	1055.9425279740965	-3.024
CACTAG	CACTAG|CTAGTG	1	1.80	0.00010649627263045793	0.0001913949505850939	0.8342373919254027	1586.7195194421158	-3.201
CACTCA	CACTCA|TGAGTG	4	1.86	0.0004259850905218317	0.0001982297009126483	0.11876857732459453	225.8978340713788	-2.354
CACTCC	CACTCC|GGAGTG	1	1.04	0.00010649627263045793	0.00011081311962969532	0.6467344340156129	1230.0888934976958	-3.09
CACTCG	CACTCG|CGAGTG	3	1.00	0.0003194888178913738	0.00010699240052353005	0.08116029909253257	154.36688887399694	-2.189
CACTGA	CACTGA|TCAGTG	2	1.80	0.00021299254526091586	0.0001913949505850939	0.5363290670830533	1020.0978855919674	-3.009
CACTGC	CACTGC|GCAGTG	3	1.00	0.0003194888178913738	0.00010699240052353005	0.08116029909253257	154.36688887399694	-2.189
CACTGG	CACTGG|CCAGTG	2	0.97	0.00021299254526091586	0.00010330341576919062	0.2532134286760778	481.61194134190004	-2.683
CACTTA	CACTTA|TAAGTG	5	3.31	0.0005324813631522897	0.0003528398716449499	0.23981255699501086	456.12348340451064	-2.659
CACTTC	CACTTC|GAAGTG	8	1.85	0.0008519701810436634	0.00019724232406498777	0.0006743227834233118	1.282561934071139	-0.108
CAGAAA	CAGAAA|TTTCTG	6	3.23	0.0006389776357827476	0.0003440936316221949	0.10897671977405256	207.27372101024795	-2.317
CAGAAC	CAGAAC|GTTCTG	5	1.81	0.0005324813631522897	0.00019235305602145343	0.03685628096954264	70.1006464040701	-1.846
CAGAAG	CAGAAG|CTTCTG	5	1.74	0.0005324813631522897	0.00018572092619128212	0.03249031365409787	61.79657657009415	-1.791
CAGACA	CAGACA|TGTCTG	2	1.81	0.00021299254526091586	0.00019235305602145343	0.5390038802153655	1025.1853801696252	-3.011
CAGACC	CAGACC|GGTCTG	1	1.01	0.00010649627263045793	0.00010752799459368382	0.6356673187356678	1209.0392402352402	-3.082
CAGACG	CAGACG|CGTCTG	2	0.97	0.00021299254526091586	0.00010382054312255288	0.2549990946631974	485.0082780494015	-2.686
CAGAGA	CAGAGA|TCTCTG	5	1.74	0.0005324813631522897	0.00018572092619128212	0.03249031365409787	61.79657657009415	-1.791
CAGAGC	CAGAGC|GCTCTG	1	0.97	0.00010649627263045793	0.00010382054312255288	0.6227604566918691	1184.490388627935	-3.074
CAGAGG	CAGAGG|CCTCTG	3	0.94	0.0003194888178913738	0.00010024092065504774	0.0698206141667741	132.79880814520433	-2.123
CAGATA	CAGATA|TATCTG	7	3.21	0.0007454739084132055	0.00034237971043012843	0.04553356837586165	86.60484705088886	-1.938
CAGATC	CAGATC|GATCTG	1	1.80	0.00010649627263045793	0.0001913949505850939	0.8342373919254027	1586.7195194421158	-3.201
CAGATG	CAGATG|CATCTG	3	1.74	0.0003194888178913738	0.00018479585521653376	0.25210519023315664	479.5040718234639	-2.681
CAGCAA	CAGCAA|TTGCTG	5	1.81	0.0005324813631522897	0.00019235305602145343	0.03685628096954264	70.1006464040701	-1.846
CAGCAC	CAGCAC|GTGCTG	1	1.01	0.00010649627263045793	0.00010752799459368382	0.6356673187356678	1209.0392402352402	-3.082
CAGCAG	CAGCAG|CTGCTG	1	0.97	0.00010649627263045793	0.00010382054312255288	0.6227604566918691	1184.490388627935	-3.074
CAGCCA	CAGCCA|TGGCTG	4	1.01	0.0004259850905218317	0.00010752799459368382	0.01958791527362035	37.256214850425906	-1.571
CAGCCC	CAGCCC|GGGCTG	1	0.56	0.00010649627263045793	6.010962269322999e-05	0.4313154299979529	820.3619478561064	-2.914
CAGCCG	CAGCCG|CGGCTG	1	0.54	0.00010649627263045793	5.803710650872159e-05	0.42013991083387975	799.1061104060393	-2.903
CAGCGA	CAGCGA|TCGCTG	2	0.97	0.00021299254526091586	0.00010382054312255288	0.2549990946631974	485.0082780494015	-2.686
CAGCGC	CAGCGC|GCGCTG	1	0.54	0.00010649627263045793	5.803710650872159e-05	0.42013991083387975	799.1061104060393	-2.903
CAGCTA	CAGCTA|TAGCTG	3	1.80	0.0003194888178913738	0.0001913949505850939	0.2686288570017931	510.93208601741054	-2.708
CAGCTC	CAGCTC|GAGCTG	2	1.00	0.00021299254526091586	0.00010699240052353005	0.26595492968916445	505.8462762687908	-2.704
CAGCTG	CAGCTG|CAGCTG	2	0.97	0.00021299254526091586	0.00010330341576919062	0.2532134286760778	481.61194134190004	-2.683
CAGGAA	CAGGAA|TTCCTG	6	1.74	0.0006389776357827476	0.00018572092619128212	0.008989856806077353	17.098707645159127	-1.233
CAGGAC	CAGGAC|GTCCTG	2	0.97	0.00021299254526091586	0.00010382054312255288	0.2549990946631974	485.0082780494015	-2.686
CAGGAG	CAGGAG|CTCCTG	4	0.94	0.0004259850905218317	0.00010024092065504774	0.015596100239434979	29.66378265540533	-1.472
CAGGCA	CAGGCA|TGCCTG	2	0.97	0.00021299254526091586	0.00010382054312255288	0.2549990946631974	485.0082780494015	-2.686
CAGGGA	CAGGGA|TCCCTG	1	0.94	0.00010649627263045793	0.00010024092065504774	0.6098649215989254	1159.963080881156	-3.064
CAGGTA	CAGGTA|TACCTG	3	1.74	0.0003194888178913738	0.00018479585521653376	0.25210519023315664	479.5040718234639	-2.681
CAGTAA	CAGTAA|TTACTG	3	3.21	0.0003194888178913738	0.00034237971043012843	0.6232066709487214	1185.3390881444682	-3.074
CAGTAC	CAGTAC|GTACTG	4	1.80	0.0004259850905218317	0.0001913949505850939	0.10825871065901102	205.90806767343895	-2.314
CAGTAG	CAGTAG|CTACTG	3	1.74	0.0003194888178913738	0.00018479585521653376	0.25210519023315664	479.5040718234639	-2.681
CAGTCA	CAGTCA|TGACTG	6	1.80	0.0006389776357827476	0.0001913949505850939	0.010305301333485615	19.60068313628964	-1.292
CAGTCC	CAGTCC|GGACTG	1	1.00	0.00010649627263045793	0.00010699240052353005	0.6338303912054356	1205.5454040727386	-3.081
CAGTCG	CAGTCG|CGACTG	3	0.97	0.0003194888178913738	0.00010330341576919062	0.0748702013577957	142.4031229825274	-2.154
CAGTGA	CAGTGA|TCACTG	6	1.74	0.0006389776357827476	0.00018479585521653376	0.008787372692515777	16.71358286116501	-1.223
CAGTGG	CAGTGG|CCACTG	2	0.94	0.00021299254526091586	9.974162330562286e-05	0.24092408853296648	458.2376163897023	-2.661
CAGTTA	CAGTTA|TAACTG	4	3.20	0.0004259850905218317	0.00034067432623375926	0.39724249673429096	755.5552287886214	-2.878
CAGTTC	CAGTTC|GAACTG	5	1.79	0.0005324813631522897	0.0001904416174463322	0.035562981778716626	67.64079134311902	-1.83
CATAAA	CATAAA|TTTATG	7	5.96	0.0007454739084132055	0.0006343425071783241	0.38670664805679705	735.516044604028	-2.867
CATAAC	CATAAC|GTTATG	4	3.33	0.0004259850905218317	0.00035460615543746367	0.4262251783286773	810.6802891811442	-2.909
CATAAG	CATAAG|CTTATG	3	3.21	0.0003194888178913738	0.00034237971043012843	0.6232066709487214	1185.3390881444682	-3.074
CATACA	CATACA|TGTATG	9	3.33	0.0009584664536741214	0.00035460615543746367	0.0073027601839886595	13.889849869946431	-1.143
CATACC	CATACC|GGTATG	1	1.86	0.00010649627263045793	0.0001982297009126483	0.8445415664676512	1606.3180594214725	-3.206
CATACG	CATACG|CGTATG	2	1.80	0.00021299254526091586	0.0001913949505850939	0.5363290670830533	1020.0978855919674	-3.009
CATAGA	CATAGA|TCTATG	7	3.21	0.0007454739084132055	0.00034237971043012843	0.04553356837586165	86.60484705088886	-1.938
CATAGC	CATAGC|GCTATG	6	1.80	0.0006389776357827476	0.0001913949505850939	0.010305301333485615	19.60068313628964	-1.292
CATAGG	CATAGG|CCTATG	2	1.74	0.00021299254526091586	0.00018479585521653376	0.5176167839901485	984.5071231492625	-2.993
CATATA	CATATA|TATATG	14	5.93	0.001490947816826411	0.0006311828640865413	0.0032638735374973687	6.207887468319996	-0.793
CATATC	CATATC|GATATG	5	3.31	0.0005324813631522897	0.0003528398716449499	0.23981255699501086	456.12348340451064	-2.659
CATATG	CATATG|CATATG	2	3.20	0.00021299254526091586	0.00034067432623375926	0.8286593732213758	1576.110127867057	-3.198
CATCAA	CATCAA|TTGATG	3	3.33	0.0003194888178913738	0.00035460615543746367	0.6465135150807331	1229.6687056835542	-3.09
CATCAC	CATCAC|GTGATG	10	1.86	0.0010649627263045794	0.0001982297009126483	2.5662585131388145e-05	0.04881023691990025	1.311
CATCAG	CATCAG|CTGATG	3	1.80	0.0003194888178913738	0.0001913949505850939	0.2686288570017931	510.93208601741054	-2.708
CATCCA	CATCCA|TGGATG	2	1.86	0.00021299254526091586	0.0001982297009126483	0.5551748306909025	1055.9425279740965	-3.024
CATCCC	CATCCC|GGGATG	3	1.04	0.0003194888178913738	0.00011081311962969532	0.0879064833551398	167.1981313414759	-2.223
CATCCG	CATCCG|CGGATG	2	1.00	0.00021299254526091586	0.00010699240052353005	0.26595492968916445	505.8462762687908	-2.704
CATCGA	CATCGA|TCGATG	2	1.80	0.00021299254526091586	0.0001913949505850939	0.5363290670830533	1020.0978855919674	-3.009
CATCGC	CATCGC|GCGATG	4	1.00	0.0004259850905218317	0.00010699240052353005	0.019275124951273658	36.6612876573225	-1.564
CATCGG	CATCGG|CCGATG	2	0.97	0.00021299254526091586	0.00010330341576919062	0.2532134286760778	481.61194134190004	-2.683
CATCTA	CATCTA|TAGATG	12	3.31	0.0012779552715654952	0.0003528398716449499	0.00017707901814495807	0.33680429251171023	0.473
CATCTC	CATCTC|GAGATG	2	1.85	0.00021299254526091586	0.00019724232406498777	0.5524862236160448	1050.8287973177173	-3.022
CATGAA	CATGAA|TTCATG	14	3.21	0.001490947816826411	0.00034237971043012843	7.3563836368696165e-06	0.013991841677326011	1.854
CATGAC	CATGAC|GTCATG	5	1.80	0.0005324813631522897	0.0001913949505850939	0.03620446059828504	68.86088405793815	-1.838
CATGAG	CATGAG|CTCATG	2	1.74	0.00021299254526091586	0.00018479585521653376	0.5176167839901485	984.5071231492625	-2.993
CATGCA	CATGCA|TGCATG	6	1.80	0.0006389776357827476	0.0001913949505850939	0.010305301333485615	19.60068313628964	-1.292
CATGCC	CATGCC|GGCATG	1	1.00	0.00010649627263045793	0.00010699240052353005	0.6338303912054356	1205.5454040727386	-3.081
CATGCG	CATGCG|CGCATG	2	0.97	0.00021299254526091586	0.00010330341576919062	0.2532134286760778	481.61194134190004	-2.683
CATGGA	CATGGA|TCCATG	2	1.74	0.00021299254526091586	0.00018479585521653376	0.5176167839901485	984.5071231492625	-2.993
CATGGC	CATGGC|GCCATG	2	0.97	0.00021299254526091586	0.00010330341576919062	0.2532134286760778	481.61194134190004	-2.683
CATGGG	CATGGG|CCCATG	2	0.94	0.00021299254526091586	9.974162330562286e-05	0.24092408853296648	458.2376163897023	-2.661
CATGTA	CATGTA|TACATG	6	3.20	0.0006389776357827476	0.00034067432623375926	0.10528640332327792	200.2547391208746	-2.302
CATGTC	CATGTC|GACATG	1	1.79	0.00010649627263045793	0.0001904416174463322	0.8327468569829224	1583.8845219815184	-3.2
CATTAA	CATTAA|TTAATG	9	5.93	0.0009584664536741214	0.0006311828640865413	0.1452977037532842	276.35623253874655	-2.441
CATTAC	CATTAC|GTAATG	5	3.31	0.0005324813631522897	0.0003528398716449499	0.23981255699501086	456.12348340451064	-2.659
CATTAG	CATTAG|CTAATG	5	3.20	0.0005324813631522897	0.00034067432623375926	0.21919729759068302	416.9132600174791	-2.62
CATTCA	CATTCA|TGAATG	6	3.31	0.0006389776357827476	0.0003528398716449499	0.11871228752868103	225.79077087955133	-2.354
CATTCC	CATTCC|GGAATG	4	1.85	0.0004259850905218317	0.00019724232406498777	0.11722375630009171	222.95958448277443	-2.348
CATTCG	CATTCG|CGAATG	1	1.79	0.00010649627263045793	0.0001904416174463322	0.8327468569829224	1583.8845219815184	-3.2
CATTGA	CATTGA|TCAATG	11	3.20	0.0011714589989350373	0.00034067432623375926	0.0004958185188038156	0.9430468227648573	0.025
CATTGC	CATTGC|GCAATG	5	1.79	0.0005324813631522897	0.0001904416174463322	0.035562981778716626	67.64079134311902	-1.83
CATTGG	CATTGG|CCAATG	4	1.73	0.0004259850905218317	0.0001838753919956119	0.09720717511224425	184.88804706348856	-2.267
CATTTA	CATTTA|TAAATG	11	5.90	0.0011714589989350373	0.0006280389590926387	0.038522487673370256	73.26977155475022	-1.865
CATTTC	CATTTC|GAAATG	8	3.30	0.0008519701810436634	0.0003510823856648482	0.01967322819455651	37.41848002604648	-1.573
CCAAAA	CCAAAA|TTTTGG	10	3.35	0.0010649627263045794	0.00035638128108342543	0.0024224697178514346	4.607537403353429	-0.663
CCAAAC	CCAAAC|GTTTGG	4	1.87	0.0004259850905218317	0.0001992220204775675	0.12032998386582022	228.86762931279006	-2.36
CCAAAG	CCAAAG|CTTTGG	2	1.81	0.00021299254526091586	0.00019235305602145343	0.5390038802153655	1025.1853801696252	-3.011
CCAACA	CCAACA|TGTTGG	7	1.87	0.0007454739084132055	0.0001992220204775675	0.0031686715110396846	6.02681321399748	-0.78
CCAACC	CCAACC|GGTTGG	2	1.05	0.00021299254526091586	0.00011136783986663264	0.28106366433224395	534.583089559928	-2.728
CCAACG	CCAACG|CGTTGG	3	1.01	0.0003194888178913738	0.00010752799459368382	0.08209198490379868	156.13895528702508	-2.194
CCAAGA	CCAAGA|TCTTGG	6	1.81	0.0006389776357827476	0.00019235305602145343	0.010540178953614934	20.047420369775605	-1.302
CCAAGC	CCAAGC|GCTTGG	3	1.01	0.0003194888178913738	0.00010752799459368382	0.08209198490379868	156.13895528702508	-2.194
CCAAGG	CCAAGG|CCTTGG	1	0.97	0.00010649627263045793	0.00010382054312255288	0.6227604566918691	1184.490388627935	-3.074
CCAATA	CCAATA|TATTGG	8	3.33	0.0008519701810436634	0.00035460615543746367	0.020720567233406168	39.41051887793853	-1.596
CCAATC	CCAATC|GATTGG	2	1.86	0.00021299254526091586	0.0001982297009126483	0.5551748306909025	1055.9425279740965	-3.024
CCACAA	CCACAA|TTGTGG	7	1.87	0.0007454739084132055	0.0001992220204775675	0.0031686715110396846	6.02681321399748	-0.78
CCACAC	CCACAC|GTGTGG	5	1.05	0.0005324813631522897	0.00011136783986663264	0.004410356883753596	8.38849879289934	-0.924
CCACAG	CCACAG|CTGTGG	14	1.01	0.001490947816826411	0.00010752799459368382	5.126661376663832e-12	9.750909938414609e-09	8.011
CCACCA	CCACCA|TGGTGG	5	1.05	0.0005324813631522897	0.00011136783986663264	0.004410356883753596	8.38849879289934	-0.924
CCACCC	CCACCC|GGGTGG	3	0.58	0.0003194888178913738	6.225614882746605e-05	0.021619913693410025	41.121075844865864	-1.614
CCACGA	CCACGA|TCGTGG	3	1.01	0.0003194888178913738	0.00010752799459368382	0.08209198490379868	156.13895528702508	-2.194
CCACGC	CCACGC|GCGTGG	1	0.56	0.00010649627263045793	6.010962269322999e-05	0.4313154299979529	820.3619478561064	-2.914
CCACGG	CCACGG|CCGTGG	2	0.54	0.00021299254526091586	5.803710650872159e-05	0.10413446835357601	198.06375880850158	-2.297
CCACTA	CCACTA|TAGTGG	6	1.86	0.0006389776357827476	0.0001982297009126483	0.012064359008766826	22.946410834674502	-1.361
CCACTC	CCACTC|GAGTGG	2	1.04	0.00021299254526091586	0.00011081311962969532	0.2791491800197466	530.941740397558	-2.725
CCAGAA	CCAGAA|TTCTGG	5	1.81	0.0005324813631522897	0.00019235305602145343	0.03685628096954264	70.1006464040701	-1.846
CCAGAC	CCAGAC|GTCTGG	1	1.01	0.00010649627263045793	0.00010752799459368382	0.6356673187356678	1209.0392402352402	-3.082
CCAGCA	CCAGCA|TGCTGG	1	1.01	0.00010649627263045793	0.00010752799459368382	0.6356673187356678	1209.0392402352402	-3.082
CCAGCC	CCAGCC|GGCTGG	1	0.56	0.00010649627263045793	6.010962269322999e-05	0.4313154299979529	820.3619478561064	-2.914
CCAGCG	CCAGCG|CGCTGG	1	0.54	0.00010649627263045793	5.803710650872159e-05	0.42013991083387975	799.1061104060393	-2.903
CCAGGA	CCAGGA|TCCTGG	3	0.97	0.0003194888178913738	0.00010382054312255288	0.07573843416198342	144.05450177609245	-2.159
CCAGGG	CCAGGG|CCCTGG	1	0.53	0.00010649627263045793	5.603604848918905e-05	0.40914137022789265	778.1868861734519	-2.891
CCAGTA	CCAGTA|TACTGG	1	1.80	0.00010649627263045793	0.0001913949505850939	0.8342373919254027	1586.7195194421158	-3.201
CCAGTC	CCAGTC|GACTGG	3	1.00	0.0003194888178913738	0.00010699240052353005	0.08116029909253257	154.36688887399694	-2.189
CCATAA	CCATAA|TTATGG	4	3.33	0.0004259850905218317	0.00035460615543746367	0.4262251783286773	810.6802891811442	-2.909
CCATAC	CCATAC|GTATGG	2	1.86	0.00021299254526091586	0.0001982297009126483	0.5551748306909025	1055.9425279740965	-3.024
CCATAG	CCATAG|CTATGG	7	1.80	0.0007454739084132055	0.0001913949505850939	0.0025476459319636524	4.845622562594867	-0.685
CCATCA	CCATCA|TGATGG	5	1.86	0.0005324813631522897	0.0001982297009126483	0.041011430324748264	78.0037404776712	-1.892
CCATCC	CCATCC|GGATGG	4	1.04	0.0004259850905218317	0.00011081311962969532	0.021574897906643863	41.03545581843663	-1.613
CCATGA	CCATGA|TCATGG	1	1.80	0.00010649627263045793	0.0001913949505850939	0.8342373919254027	1586.7195194421158	-3.201
CCATGC	CCATGC|GCATGG	4	1.00	0.0004259850905218317	0.00010699240052353005	0.019275124951273658	36.6612876573225	-1.564
CCATGG	CCATGG|CCATGG	1	0.97	0.00010649627263045793	0.00010330341576919062	0.6209241924850706	1180.9978141066042	-3.072
CCATTA	CCATTA|TAATGG	2	3.31	0.00021299254526091586	0.0003528398716449499	0.8429975860082857	1603.3814085877593	-3.205
CCATTC	CCATTC|GAATGG	4	1.85	0.0004259850905218317	0.00019724232406498777	0.11722375630009171	222.95958448277443	-2.348
CCCAAA	CCCAAA|TTTGGG	2	1.87	0.00021299254526091586	0.0001992220204775675	0.557865299413713	1061.0597994848822	-3.026
CCCAAC	CCCAAC|GTTGGG	2	1.05	0.00021299254526091586	0.00011136783986663264	0.28106366433224395	534.583089559928	-2.728
CCCAAG	CCCAAG|CTTGGG	2	1.01	0.00021299254526091586	0.00010752799459368382	0.26780503009732265	509.36516724510767	-2.707
CCCACA	CCCACA|TGTGGG	7	1.05	0.0007454739084132055	0.00011136783986663264	0.00010944594377783973	0.20816618506545115	0.682
CCCACC	CCCACC|GGTGGG	1	0.58	0.00010649627263045793	6.225614882746605e-05	0.4426630236366805	841.9450709569662	-2.925
CCCACG	CCCACG|CGTGGG	1	0.56	0.00010649627263045793	6.010962269322999e-05	0.4313154299979529	820.3619478561064	-2.914
CCCAGG	CCCAGG|CCTGGG	1	0.54	0.00010649627263045793	5.803710650872159e-05	0.42013991083387975	799.1061104060393	-2.903
CCCATA	CCCATA|TATGGG	4	1.86	0.0004259850905218317	0.0001982297009126483	0.11876857732459453	225.8978340713788	-2.354
CCCATC	CCCATC|GATGGG	4	1.04	0.0004259850905218317	0.00011081311962969532	0.021574897906643863	41.03545581843663	-1.613
CCCCAA	CCCCAA|TTGGGG	1	1.05	0.00010649627263045793	0.00011136783986663264	0.6485697477677136	1233.5796602541911	-3.091
CCCCAC	CCCCAC|GTGGGG	4	0.58	0.0004259850905218317	6.225614882746605e-05	0.0030628123895268676	5.8254691648801025	-0.765
CCCCAG	CCCCAG|CTGGGG	1	0.56	0.00010649627263045793	6.010962269322999e-05	0.4313154299979529	820.3619478561064	-2.914
CCCCCA	CCCCCA|TGGGGG	2	0.58	0.00021299254526091586	6.225614882746605e-05	0.11685205494742304	222.25260850999862	-2.347
CCCCCC	CCCCCC|GGGGGG	1	0.33	0.00010649627263045793	3.4802040440660955e-05	0.2787656499295759	530.2122661660534	-2.724
CCCCGC	CCCCGC|GCGGGG	1	0.32	0.00010649627263045793	3.3602102912600094e-05	0.2705932499128047	514.6683613341545	-2.712
CCCCTC	CCCCTC|GAGGGG	1	0.58	0.00010649627263045793	6.194605261234926e-05	0.44103780288714817	838.8539010913559	-2.924
CCCGAC	CCCGAC|GTCGGG	2	0.56	0.00021299254526091586	6.010962269322999e-05	0.11033316376501875	209.85367748106566	-2.322
CCCGCA	CCCGCA|TGCGGG	1	0.56	0.00010649627263045793	6.010962269322999e-05	0.4313154299979529	820.3619478561064	-2.914
CCCGCC	CCCGCC|GGCGGG	2	0.32	0.00021299254526091586	3.3602102912600094e-05	0.0404480995128142	76.93228527337261	-1.886
CCCGCG	CCCGCG|CGCGGG	1	0.30	0.00010649627263045793	3.244353796077377e-05	0.26261476869808664	499.4932900637608	-2.699
CCCGGA	CCCGGA|TCCGGG	1	0.54	0.00010649627263045793	5.803710650872159e-05	0.42013991083387975	799.1061104060393	-2.903
CCCGGC	CCCGGC|GCCGGG	3	0.30	0.0003194888178913738	3.244353796077377e-05	0.003756380026737548	7.144634810854816	-0.854
CCCGTA	CCCGTA|TACGGG	1	1.00	0.00010649627263045793	0.00010699240052353005	0.6338303912054356	1205.5454040727386	-3.081
CCCGTC	CCCGTC|GACGGG	2	0.56	0.00021299254526091586	5.981021826747717e-05	0.10943173374400439	208.13915758109636	-2.318
CCCTAA	CCCTAA|TTAGGG	1	1.86	0.00010649627263045793	0.0001982297009126483	0.8445415664676512	1606.3180594214725	-3.206
CCCTCA	CCCTCA|TGAGGG	2	1.04	0.00021299254526091586	0.00011081311962969532	0.2791491800197466	530.941740397558	-2.725
CCCTCC	CCCTCC|GGAGGG	2	0.58	0.00021299254526091586	6.194605261234926e-05	0.11590434219958441	220.45005886360954	-2.343
CCCTCG	CCCTCG|CGAGGG	2	0.56	0.00021299254526091586	5.981021826747717e-05	0.10943173374400439	208.13915758109636	-2.318
CCCTTA	CCCTTA|TAAGGG	3	1.85	0.0003194888178913738	0.00019724232406498777	0.2833685338465352	538.9669513761099	-2.732
CCCTTC	CCCTTC|GAAGGG	4	1.04	0.0004259850905218317	0.00011026116243944757	0.02123278588509248	40.384758753445894	-1.606
CCGAAA	CCGAAA|TTTCGG	1	1.81	0.00010649627263045793	0.00019235305602145343	0.8357220052137009	1589.543253916459	-3.201
CCGAAC	CCGAAC|GTTCGG	1	1.01	0.00010649627263045793	0.00010752799459368382	0.6356673187356678	1209.0392402352402	-3.082
CCGAAG	CCGAAG|CTTCGG	2	0.97	0.00021299254526091586	0.00010382054312255288	0.2549990946631974	485.0082780494015	-2.686
CCGACG	CCGACG|CGTCGG	2	0.54	0.00021299254526091586	5.803710650872159e-05	0.10413446835357601	198.06375880850158	-2.297
CCGAGG	CCGAGG|CCTCGG	2	0.53	0.00021299254526091586	5.603604848918905e-05	0.09824426547141742	186.86059292663592	-2.272
CCGATA	CCGATA|TATCGG	3	1.80	0.0003194888178913738	0.0001913949505850939	0.2686288570017931	510.93208601741054	-2.708
CCGATC	CCGATC|GATCGG	2	1.00	0.00021299254526091586	0.00010699240052353005	0.26595492968916445	505.8462762687908	-2.704
CCGCAC	CCGCAC|GTGCGG	1	0.56	0.00010649627263045793	6.010962269322999e-05	0.4313154299979529	820.3619478561064	-2.914
CCGCAG	CCGCAG|CTGCGG	2	0.54	0.00021299254526091586	5.803710650872159e-05	0.10413446835357601	198.06375880850158	-2.297
CCGCCC	CCGCCC|GGGCGG	2	0.32	0.00021299254526091586	3.3602102912600094e-05	0.0404480995128142	76.93228527337261	-1.886
CCGCGC	CCGCGC|GCGCGG	2	0.30	0.00021299254526091586	3.244353796077377e-05	0.03797417656702016	72.22688383047235	-1.859
CCGCTA	CCGCTA|TAGCGG	5	1.00	0.0005324813631522897	0.00010699240052353005	0.0037317562148726792	7.097800320687836	-0.851
CCGCTC	CCGCTC|GAGCGG	1	0.56	0.00010649627263045793	5.981021826747717e-05	0.42971437634722925	817.31674381243	-2.912
CCGGAG	CCGGAG|CTCCGG	3	0.53	0.0003194888178913738	5.603604848918905e-05	0.01645058008237688	31.289003316680823	-1.495
CCGGCA	CCGGCA|TGCCGG	1	0.54	0.00010649627263045793	5.803710650872159e-05	0.42013991083387975	799.1061104060393	-2.903
CCGGCC	CCGGCC|GGCCGG	3	0.30	0.0003194888178913738	3.244353796077377e-05	0.003756380026737548	7.144634810854816	-0.854
CCGGGA	CCGGGA|TCCCGG	3	0.53	0.0003194888178913738	5.603604848918905e-05	0.01645058008237688	31.289003316680823	-1.495
CCGGGC	CCGGGC|GCCCGG	2	0.29	0.00021299254526091586	3.1324919102532465e-05	0.035643117883665316	67.79321021473143	-1.831
CCGGTA	CCGGTA|TACCGG	4	0.97	0.0004259850905218317	0.00010330341576919062	0.01720475728098996	32.72344834844291	-1.515
CCGGTC	CCGGTC|GACCGG	3	0.54	0.0003194888178913738	5.774802523074917e-05	0.017795086506705707	33.846254535754255	-1.53
CCGTAA	CCGTAA|TTACGG	1	1.80	0.00010649627263045793	0.0001913949505850939	0.8342373919254027	1586.7195194421158	-3.201
CCGTAC	CCGTAC|GTACGG	1	1.00	0.00010649627263045793	0.00010699240052353005	0.6338303912054356	1205.5454040727386	-3.081
CCGTAG	CCGTAG|CTACGG	4	0.97	0.0004259850905218317	0.00010330341576919062	0.01720475728098996	32.72344834844291	-1.515
CCGTCA	CCGTCA|TGACGG	3	1.00	0.0003194888178913738	0.00010699240052353005	0.08116029909253257	154.36688887399694	-2.189
CCGTCC	CCGTCC|GGACGG	1	0.56	0.00010649627263045793	5.981021826747717e-05	0.42971437634722925	817.31674381243	-2.912
CCGTCG	CCGTCG|CGACGG	2	0.54	0.00021299254526091586	5.774802523074917e-05	0.10327765495327577	196.43409972113054	-2.293
CCGTGA	CCGTGA|TCACGG	2	0.97	0.00021299254526091586	0.00010330341576919062	0.2532134286760778	481.61194134190004	-2.683
CCGTGC	CCGTGC|GCACGG	4	0.54	0.0004259850905218317	5.774802523074917e-05	0.0023439995108529765	4.4582870696423615	-0.649
CCGTTA	CCGTTA|TAACGG	2	1.79	0.00021299254526091586	0.0001904416174463322	0.5336569612296567	1015.0155402588069	-3.006
CCGTTC	CCGTTC|GAACGG	2	1.00	0.00021299254526091586	0.00010645947423313977	0.2641140017192744	502.3448312700599	-2.701
CCTAAA	CCTAAA|TTTAGG	6	3.33	0.0006389776357827476	0.00035460615543746367	0.12072924634486469	229.62702654793264	-2.361
CCTAAC	CCTAAC|GTTAGG	1	1.86	0.00010649627263045793	0.0001982297009126483	0.8445415664676512	1606.3180594214725	-3.206
CCTACA	CCTACA|TGTAGG	2	1.86	0.00021299254526091586	0.0001982297009126483	0.5551748306909025	1055.9425279740965	-3.024
CCTACC	CCTACC|GGTAGG	1	1.04	0.00010649627263045793	0.00011081311962969532	0.6467344340156129	1230.0888934976958	-3.09
CCTACG	CCTACG|CGTAGG	2	1.00	0.00021299254526091586	0.00010699240052353005	0.26595492968916445	505.8462762687908	-2.704
CCTAGA	CCTAGA|TCTAGG	1	1.80	0.00010649627263045793	0.0001913949505850939	0.8342373919254027	1586.7195194421158	-3.201
CCTAGC	CCTAGC|GCTAGG	1	1.00	0.00010649627263045793	0.00010699240052353005	0.6338303912054356	1205.5454040727386	-3.081
CCTATC	CCTATC|GATAGG	3	1.85	0.0003194888178913738	0.00019724232406498777	0.2833685338465352	538.9669513761099	-2.732
CCTCAA	CCTCAA|TTGAGG	4	1.86	0.0004259850905218317	0.0001982297009126483	0.11876857732459453	225.8978340713788	-2.354
CCTCAC	CCTCAC|GTGAGG	3	1.04	0.0003194888178913738	0.00011081311962969532	0.0879064833551398	167.1981313414759	-2.223
CCTCAG	CCTCAG|CTGAGG	2	1.00	0.00021299254526091586	0.00010699240052353005	0.26595492968916445	505.8462762687908	-2.704
CCTCCA	CCTCCA|TGGAGG	2	1.04	0.00021299254526091586	0.00011081311962969532	0.2791491800197466	530.941740397558	-2.725
CCTCCC	CCTCCC|GGGAGG	1	0.58	0.00010649627263045793	6.194605261234926e-05	0.44103780288714817	838.8539010913559	-2.924
CCTCCG	CCTCCG|CGGAGG	1	0.56	0.00010649627263045793	5.981021826747717e-05	0.42971437634722925	817.31674381243	-2.912
CCTCGA	CCTCGA|TCGAGG	5	1.00	0.0005324813631522897	0.00010699240052353005	0.0037317562148726792	7.097800320687836	-0.851
CCTCTA	CCTCTA|TAGAGG	4	1.85	0.0004259850905218317	0.00019724232406498777	0.11722375630009171	222.95958448277443	-2.348
CCTCTC	CCTCTC|GAGAGG	2	1.04	0.00021299254526091586	0.00011026116243944757	0.2772438460440355	527.3177951757556	-2.722
CCTGAA	CCTGAA|TTCAGG	4	1.80	0.0004259850905218317	0.0001913949505850939	0.10825871065901102	205.90806767343895	-2.314
CCTGAC	CCTGAC|GTCAGG	2	1.00	0.00021299254526091586	0.00010699240052353005	0.26595492968916445	505.8462762687908	-2.704
CCTGAG	CCTGAG|CTCAGG	2	0.97	0.00021299254526091586	0.00010330341576919062	0.2532134286760778	481.61194134190004	-2.683
CCTGCA	CCTGCA|TGCAGG	1	1.00	0.00010649627263045793	0.00010699240052353005	0.6338303912054356	1205.5454040727386	-3.081
CCTGCG	CCTGCG|CGCAGG	1	0.54	0.00010649627263045793	5.774802523074917e-05	0.4185637579173754	796.108267558848	-2.901
CCTGGA	CCTGGA|TCCAGG	2	0.97	0.00021299254526091586	0.00010330341576919062	0.2532134286760778	481.61194134190004	-2.683
CCTGGC	CCTGGC|GCCAGG	1	0.54	0.00010649627263045793	5.774802523074917e-05	0.4185637579173754	796.108267558848	-2.901
CCTGTA	CCTGTA|TACAGG	3	1.79	0.0003194888178913738	0.0001904416174463322	0.26623368855440066	506.37647563047005	-2.704
CCTGTC	CCTGTC|GACAGG	3	1.00	0.0003194888178913738	0.00010645947423313977	0.08023785008328706	152.61239085841197	-2.184
CCTTAA	CCTTAA|TTAAGG	3	3.31	0.0003194888178913738	0.0003528398716449499	0.6432108660401838	1223.3870672084297	-3.088
CCTTAC	CCTTAC|GTAAGG	4	1.85	0.0004259850905218317	0.00019724232406498777	0.11722375630009171	222.95958448277443	-2.348
CCTTAG	CCTTAG|CTAAGG	3	1.79	0.0003194888178913738	0.0001904416174463322	0.26623368855440066	506.37647563047005	-2.704
CCTTCA	CCTTCA|TGAAGG	4	1.85	0.0004259850905218317	0.00019724232406498777	0.11722375630009171	222.95958448277443	-2.348
CCTTCC	CCTTCC|GGAAGG	4	1.04	0.0004259850905218317	0.00011026116243944757	0.02123278588509248	40.384758753445894	-1.606
CCTTCG	CCTTCG|CGAAGG	1	1.00	0.00010649627263045793	0.00010645947423313977	0.6319934209240299	1202.051486597505	-3.08
CCTTGA	CCTTGA|TCAAGG	5	1.79	0.0005324813631522897	0.0001904416174463322	0.035562981778716626	67.64079134311902	-1.83
CCTTGC	CCTTGC|GCAAGG	4	1.00	0.0004259850905218317	0.00010645947423313977	0.018966978206212685	36.07519254821653	-1.557
CCTTTA	CCTTTA|TAAAGG	8	3.30	0.0008519701810436634	0.0003510823856648482	0.01967322819455651	37.41848002604648	-1.573
CCTTTC	CCTTTC|GAAAGG	2	1.84	0.00021299254526091586	0.00019625986531504323	0.5497996012844478	1045.7188416430197	-3.019
CGAAAA	CGAAAA|TTTTCG	8	3.23	0.0008519701810436634	0.0003440936316221949	0.017708394921590348	33.68136714086484	-1.527
CGAAAC	CGAAAC|GTTTCG	5	1.81	0.0005324813631522897	0.00019235305602145343	0.03685628096954264	70.1006464040701	-1.846
CGAAAG	CGAAAG|CTTTCG	2	1.74	0.00021299254526091586	0.00018572092619128212	0.5202701400866314	989.5538064447729	-2.995
CGAACA	CGAACA|TGTTCG	2	1.81	0.00021299254526091586	0.00019235305602145343	0.5390038802153655	1025.1853801696252	-3.011
CGAACC	CGAACC|GGTTCG	2	1.01	0.00021299254526091586	0.00010752799459368382	0.26780503009732265	509.36516724510767	-2.707
CGAACG	CGAACG|CGTTCG	2	0.97	0.00021299254526091586	0.00010382054312255288	0.2549990946631974	485.0082780494015	-2.686
CGAAGA	CGAAGA|TCTTCG	5	1.74	0.0005324813631522897	0.00018572092619128212	0.03249031365409787	61.79657657009415	-1.791
CGAAGC	CGAAGC|GCTTCG	1	0.97	0.00010649627263045793	0.00010382054312255288	0.6227604566918691	1184.490388627935	-3.074
CGAATC	CGAATC|GATTCG	1	1.80	0.00010649627263045793	0.0001913949505850939	0.8342373919254027	1586.7195194421158	-3.201
CGACAA	CGACAA|TTGTCG	4	1.81	0.0004259850905218317	0.00019235305602145343	0.10970583253961509	208.6604934903479	-2.319
CGACAC	CGACAC|GTGTCG	1	1.01	0.00010649627263045793	0.00010752799459368382	0.6356673187356678	1209.0392402352402	-3.082
CGACAG	CGACAG|CTGTCG	5	0.97	0.0005324813631522897	0.00010382054312255288	0.0032890331379592983	6.255741028398585	-0.796
CGACCC	CGACCC|GGGTCG	1	0.56	0.00010649627263045793	6.010962269322999e-05	0.4313154299979529	820.3619478561064	-2.914
CGACCG	CGACCG|CGGTCG	1	0.54	0.00010649627263045793	5.803710650872159e-05	0.42013991083387975	799.1061104060393	-2.903
CGACGA	CGACGA|TCGTCG	3	0.97	0.0003194888178913738	0.00010382054312255288	0.07573843416198342	144.05450177609245	-2.159
CGACGC	CGACGC|GCGTCG	2	0.54	0.00021299254526091586	5.803710650872159e-05	0.10413446835357601	198.06375880850158	-2.297
CGACTA	CGACTA|TAGTCG	1	1.80	0.00010649627263045793	0.0001913949505850939	0.8342373919254027	1586.7195194421158	-3.201
CGACTC	CGACTC|GAGTCG	3	1.00	0.0003194888178913738	0.00010699240052353005	0.08116029909253257	154.36688887399694	-2.189
CGAGAA	CGAGAA|TTCTCG	8	1.74	0.0008519701810436634	0.00018572092619128212	0.00045768487613048503	0.8705166344001826	0.06
CGAGAC	CGAGAC|GTCTCG	2	0.97	0.00021299254526091586	0.00010382054312255288	0.2549990946631974	485.0082780494015	-2.686
CGAGAG	CGAGAG|CTCTCG	1	0.94	0.00010649627263045793	0.00010024092065504774	0.6098649215989254	1159.963080881156	-3.064
CGAGCA	CGAGCA|TGCTCG	4	0.97	0.0004259850905218317	0.00010382054312255288	0.01748619467336599	33.25874226874212	-1.522
CGAGCG	CGAGCG|CGCTCG	3	0.53	0.0003194888178913738	5.603604848918905e-05	0.01645058008237688	31.289003316680823	-1.495
CGAGGA	CGAGGA|TCCTCG	4	0.94	0.0004259850905218317	0.00010024092065504774	0.015596100239434979	29.66378265540533	-1.472
CGAGGC	CGAGGC|GCCTCG	1	0.53	0.00010649627263045793	5.603604848918905e-05	0.40914137022789265	778.1868861734519	-2.891
CGAGTA	CGAGTA|TACTCG	3	1.74	0.0003194888178913738	0.00018479585521653376	0.25210519023315664	479.5040718234639	-2.681
CGATAA	CGATAA|TTATCG	3	3.21	0.0003194888178913738	0.00034237971043012843	0.6232066709487214	1185.3390881444682	-3.074
CGATAC	CGATAC|GTATCG	3	1.80	0.0003194888178913738	0.0001913949505850939	0.2686288570017931	510.93208601741054	-2.708
CGATAG	CGATAG|CTATCG	4	1.74	0.0004259850905218317	0.00018479585521653376	0.0985303566535023	187.40473835496135	-2.273
CGATCA	CGATCA|TGATCG	3	1.80	0.0003194888178913738	0.0001913949505850939	0.2686288570017931	510.93208601741054	-2.708
CGATCC	CGATCC|GGATCG	1	1.00	0.00010649627263045793	0.00010699240052353005	0.6338303912054356	1205.5454040727386	-3.081
CGATGA	CGATGA|TCATCG	8	1.74	0.0008519701810436634	0.00018479585521653376	0.0004430955440347875	0.8427677247541658	0.074
CGATTA	CGATTA|TAATCG	1	3.20	0.00010649627263045793	0.00034067432623375926	0.9591942356039588	1824.3874361187295	-3.261
CGATTC	CGATTC|GAATCG	2	1.79	0.00021299254526091586	0.0001904416174463322	0.5336569612296567	1015.0155402588069	-3.006
CGCAAA	CGCAAA|TTTGCG	5	1.81	0.0005324813631522897	0.00019235305602145343	0.03685628096954264	70.1006464040701	-1.846
CGCAAC	CGCAAC|GTTGCG	3	1.01	0.0003194888178913738	0.00010752799459368382	0.08209198490379868	156.13895528702508	-2.194
CGCAAG	CGCAAG|CTTGCG	2	0.97	0.00021299254526091586	0.00010382054312255288	0.2549990946631974	485.0082780494015	-2.686
CGCACA	CGCACA|TGTGCG	4	1.01	0.0004259850905218317	0.00010752799459368382	0.01958791527362035	37.256214850425906	-1.571
CGCACG	CGCACG|CGTGCG	1	0.54	0.00010649627263045793	5.803710650872159e-05	0.42013991083387975	799.1061104060393	-2.903
CGCAGA	CGCAGA|TCTGCG	2	0.97	0.00021299254526091586	0.00010382054312255288	0.2549990946631974	485.0082780494015	-2.686
CGCAGC	CGCAGC|GCTGCG	1	0.54	0.00010649627263045793	5.803710650872159e-05	0.42013991083387975	799.1061104060393	-2.903
CGCATA	CGCATA|TATGCG	3	1.80	0.0003194888178913738	0.0001913949505850939	0.2686288570017931	510.93208601741054	-2.708
CGCATC	CGCATC|GATGCG	2	1.00	0.00021299254526091586	0.00010699240052353005	0.26595492968916445	505.8462762687908	-2.704
CGCCAA	CGCCAA|TTGGCG	2	1.01	0.00021299254526091586	0.00010752799459368382	0.26780503009732265	509.36516724510767	-2.707
CGCCAC	CGCCAC|GTGGCG	4	0.56	0.0004259850905218317	6.010962269322999e-05	0.0027041415827064297	5.143277290307629	-0.711
CGCCAG	CGCCAG|CTGGCG	3	0.54	0.0003194888178913738	5.803710650872159e-05	0.018027973405132933	34.28920541656284	-1.535
CGCCCA	CGCCCA|TGGGCG	1	0.56	0.00010649627263045793	6.010962269322999e-05	0.4313154299979529	820.3619478561064	-2.914
CGCCCG	CGCCCG|CGGGCG	2	0.30	0.00021299254526091586	3.244353796077377e-05	0.03797417656702016	72.22688383047235	-1.859
CGCCGA	CGCCGA|TCGGCG	1	0.54	0.00010649627263045793	5.803710650872159e-05	0.42013991083387975	799.1061104060393	-2.903
CGCCTC	CGCCTC|GAGGCG	1	0.56	0.00010649627263045793	5.981021826747717e-05	0.42971437634722925	817.31674381243	-2.912
CGCGAA	CGCGAA|TTCGCG	2	0.97	0.00021299254526091586	0.00010382054312255288	0.2549990946631974	485.0082780494015	-2.686
CGCGAC	CGCGAC|GTCGCG	3	0.54	0.0003194888178913738	5.803710650872159e-05	0.018027973405132933	34.28920541656284	-1.535
CGCGAG	CGCGAG|CTCGCG	2	0.53	0.00021299254526091586	5.603604848918905e-05	0.09824426547141742	186.86059292663592	-2.272
CGCGCA	CGCGCA|TGCGCG	8	0.54	0.0008519701810436634	5.803710650872159e-05	1.190486673088066e-07	0.00022643056522135015	3.645
CGCGGA	CGCGGA|TCCGCG	1	0.53	0.00010649627263045793	5.603604848918905e-05	0.40914137022789265	778.1868861734519	-2.891
CGCGTA	CGCGTA|TACGCG	1	0.97	0.00010649627263045793	0.00010330341576919062	0.6209241924850706	1180.9978141066042	-3.072
CGCGTC	CGCGTC|GACGCG	2	0.54	0.00021299254526091586	5.774802523074917e-05	0.10327765495327577	196.43409972113054	-2.293
CGCTAA	CGCTAA|TTAGCG	3	1.80	0.0003194888178913738	0.0001913949505850939	0.2686288570017931	510.93208601741054	-2.708
CGCTAC	CGCTAC|GTAGCG	4	1.00	0.0004259850905218317	0.00010699240052353005	0.019275124951273658	36.6612876573225	-1.564
CGCTAG	CGCTAG|CTAGCG	2	0.97	0.00021299254526091586	0.00010330341576919062	0.2532134286760778	481.61194134190004	-2.683
CGCTCC	CGCTCC|GGAGCG	1	0.56	0.00010649627263045793	5.981021826747717e-05	0.42971437634722925	817.31674381243	-2.912
CGCTGA	CGCTGA|TCAGCG	2	0.97	0.00021299254526091586	0.00010330341576919062	0.2532134286760778	481.61194134190004	-2.683
CGCTTA	CGCTTA|TAAGCG	4	1.79	0.0004259850905218317	0.0001904416174463322	0.10682741910436	203.1857511364927	-2.308
CGCTTC	CGCTTC|GAAGCG	4	1.00	0.0004259850905218317	0.00010645947423313977	0.018966978206212685	36.07519254821653	-1.557
CGGAAA	CGGAAA|TTTCCG	6	1.74	0.0006389776357827476	0.00018572092619128212	0.008989856806077353	17.098707645159127	-1.233
CGGAAC	CGGAAC|GTTCCG	3	0.97	0.0003194888178913738	0.00010382054312255288	0.07573843416198342	144.05450177609245	-2.159
CGGAAG	CGGAAG|CTTCCG	3	0.94	0.0003194888178913738	0.00010024092065504774	0.0698206141667741	132.79880814520433	-2.123
CGGACA	CGGACA|TGTCCG	2	0.97	0.00021299254526091586	0.00010382054312255288	0.2549990946631974	485.0082780494015	-2.686
CGGACC	CGGACC|GGTCCG	1	0.54	0.00010649627263045793	5.803710650872159e-05	0.42013991083387975	799.1061104060393	-2.903
CGGAGA	CGGAGA|TCTCCG	2	0.94	0.00021299254526091586	0.00010024092065504774	0.2426455018690354	461.51174455490536	-2.664
CGGAGC	CGGAGC|GCTCCG	1	0.53	0.00010649627263045793	5.603604848918905e-05	0.40914137022789265	778.1868861734519	-2.891
CGGATA	CGGATA|TATCCG	3	1.74	0.0003194888178913738	0.00018479585521653376	0.25210519023315664	479.5040718234639	-2.681
CGGCAC	CGGCAC|GTGCCG	3	0.54	0.0003194888178913738	5.803710650872159e-05	0.018027973405132933	34.28920541656284	-1.535
CGGCAG	CGGCAG|CTGCCG	1	0.53	0.00010649627263045793	5.603604848918905e-05	0.40914137022789265	778.1868861734519	-2.891
CGGCCA	CGGCCA|TGGCCG	2	0.54	0.00021299254526091586	5.803710650872159e-05	0.10413446835357601	198.06375880850158	-2.297
CGGCCC	CGGCCC|GGGCCG	3	0.30	0.0003194888178913738	3.244353796077377e-05	0.003756380026737548	7.144634810854816	-0.854
CGGCTA	CGGCTA|TAGCCG	1	0.97	0.00010649627263045793	0.00010330341576919062	0.6209241924850706	1180.9978141066042	-3.072
CGGCTC	CGGCTC|GAGCCG	2	0.54	0.00021299254526091586	5.774802523074917e-05	0.10327765495327577	196.43409972113054	-2.293
CGGGAA	CGGGAA|TTCCCG	2	0.94	0.00021299254526091586	0.00010024092065504774	0.2426455018690354	461.51174455490536	-2.664
CGGGAC	CGGGAC|GTCCCG	5	0.53	0.0005324813631522897	5.603604848918905e-05	0.00021741137405510832	0.413516433452816	0.384
CGGGAG	CGGGAG|CTCCCG	3	0.51	0.0003194888178913738	5.4103984832718584e-05	0.015004320845673956	28.538218248471864	-1.455
CGGGCA	CGGGCA|TGCCCG	3	0.53	0.0003194888178913738	5.603604848918905e-05	0.01645058008237688	31.289003316680823	-1.495
CGGGCC	CGGGCC|GGCCCG	3	0.29	0.0003194888178913738	3.1324919102532465e-05	0.003407403732581665	6.480881899370327	-0.812
CGGGGA	CGGGGA|TCCCCG	2	0.51	0.00021299254526091586	5.4103984832718584e-05	0.09265089186618605	176.22199632948588	-2.246
CGGGTA	CGGGTA|TACCCG	5	0.94	0.0005324813631522897	9.974162330562286e-05	0.002776859295906555	5.281586380814267	-0.723
CGGTAA	CGGTAA|TTACCG	3	1.74	0.0003194888178913738	0.00018479585521653376	0.25210519023315664	479.5040718234639	-2.681
CGGTAC	CGGTAC|GTACCG	1	0.97	0.00010649627263045793	0.00010330341576919062	0.6209241924850706	1180.9978141066042	-3.072
CGGTAG	CGGTAG|CTACCG	3	0.94	0.0003194888178913738	9.974162330562286e-05	0.06901248104308626	131.26173894395006	-2.118
CGGTCC	CGGTCC|GGACCG	3	0.54	0.0003194888178913738	5.774802523074917e-05	0.017795086506705707	33.846254535754255	-1.53
CGGTGA	CGGTGA|TCACCG	2	0.94	0.00021299254526091586	9.974162330562286e-05	0.24092408853296648	458.2376163897023	-2.661
CGGTTA	CGGTTA|TAACCG	2	1.73	0.00021299254526091586	0.0001838753919956119	0.5149669334972088	979.4671075116911	-2.991
CGTAAA	CGTAAA|TTTACG	5	3.21	0.0005324813631522897	0.00034237971043012843	0.22205411127100083	422.3469196374436	-2.626
CGTAAC	CGTAAC|GTTACG	5	1.80	0.0005324813631522897	0.0001913949505850939	0.03620446059828504	68.86088405793815	-1.838
CGTAAG	CGTAAG|CTTACG	3	1.74	0.0003194888178913738	0.00018479585521653376	0.25210519023315664	479.5040718234639	-2.681
CGTACA	CGTACA|TGTACG	2	1.80	0.00021299254526091586	0.0001913949505850939	0.5363290670830533	1020.0978855919674	-3.009
CGTACC	CGTACC|GGTACG	1	1.00	0.00010649627263045793	0.00010699240052353005	0.6338303912054356	1205.5454040727386	-3.081
CGTACG	CGTACG|CGTACG	1	0.97	0.00010649627263045793	0.00010330341576919062	0.6209241924850706	1180.9978141066042	-3.072
CGTAGA	CGTAGA|TCTACG	2	1.74	0.00021299254526091586	0.00018479585521653376	0.5176167839901485	984.5071231492625	-2.993
CGTAGC	CGTAGC|GCTACG	2	0.97	0.00021299254526091586	0.00010330341576919062	0.2532134286760778	481.61194134190004	-2.683
CGTATA	CGTATA|TATACG	11	3.20	0.0011714589989350373	0.00034067432623375926	0.0004958185188038156	0.9430468227648573	0.025
CGTATC	CGTATC|GATACG	2	1.79	0.00021299254526091586	0.0001904416174463322	0.5336569612296567	1015.0155402588069	-3.006
CGTCAA	CGTCAA|TTGACG	7	1.80	0.0007454739084132055	0.0001913949505850939	0.0025476459319636524	4.845622562594867	-0.685
CGTCAG	CGTCAG|CTGACG	5	0.97	0.0005324813631522897	0.00010330341576919062	0.0032206121136464276	6.125604240155505	-0.787
CGTCCA	CGTCCA|TGGACG	2	1.00	0.00021299254526091586	0.00010699240052353005	0.26595492968916445	505.8462762687908	-2.704
CGTCCC	CGTCCC|GGGACG	2	0.56	0.00021299254526091586	5.981021826747717e-05	0.10943173374400439	208.13915758109636	-2.318
CGTCGC	CGTCGC|GCGACG	2	0.54	0.00021299254526091586	5.774802523074917e-05	0.10327765495327577	196.43409972113054	-2.293
CGTCTA	CGTCTA|TAGACG	2	1.79	0.00021299254526091586	0.0001904416174463322	0.5336569612296567	1015.0155402588069	-3.006
CGTCTC	CGTCTC|GAGACG	1	1.00	0.00010649627263045793	0.00010645947423313977	0.6319934209240299	1202.051486597505	-3.08
CGTGAA	CGTGAA|TTCACG	7	1.74	0.0007454739084132055	0.00018479585521653376	0.0021006661672062573	3.9954670500263014	-0.602
CGTGAC	CGTGAC|GTCACG	9	0.97	0.0009584664536741214	0.00010330341576919062	8.787381818815249e-07	0.0016713600219386605	2.777
CGTGAG	CGTGAG|CTCACG	2	0.94	0.00021299254526091586	9.974162330562286e-05	0.24092408853296648	458.2376163897023	-2.661
CGTGCA	CGTGCA|TGCACG	11	0.97	0.0011714589989350373	0.00010330341576919062	7.387679499563488e-09	1.4051366408169754e-05	4.852
CGTGCC	CGTGCC|GGCACG	2	0.54	0.00021299254526091586	5.774802523074917e-05	0.10327765495327577	196.43409972113054	-2.293
CGTGGA	CGTGGA|TCCACG	2	0.94	0.00021299254526091586	9.974162330562286e-05	0.24092408853296648	458.2376163897023	-2.661
CGTGGC	CGTGGC|GCCACG	2	0.52	0.00021299254526091586	5.5756934427785155e-05	0.09743040529128102	185.3126308640165	-2.268
CGTGTA	CGTGTA|TACACG	3	1.73	0.0003194888178913738	0.0001838753919956119	0.24981186536281655	475.1421679200771	-2.677
CGTTAA	CGTTAA|TTAACG	1	3.20	0.00010649627263045793	0.00034067432623375926	0.9591942356039588	1824.3874361187295	-3.261
CGTTAC	CGTTAC|GTAACG	2	1.79	0.00021299254526091586	0.0001904416174463322	0.5336569612296567	1015.0155402588069	-3.006
CGTTCA	CGTTCA|TGAACG	6	1.79	0.0006389776357827476	0.0001904416174463322	0.010075301552025235	19.163223551951997	-1.282
CGTTCC	CGTTCC|GGAACG	1	1.00	0.00010649627263045793	0.00010645947423313977	0.6319934209240299	1202.051486597505	-3.08
CGTTGA	CGTTGA|TCAACG	2	1.73	0.00021299254526091586	0.0001838753919956119	0.5149669334972088	979.4671075116911	-2.991
CGTTTA	CGTTTA|TAAACG	5	3.18	0.0005324813631522897	0.00033897743651053965	0.21636606118097448	411.52824836621346	-2.614
CGTTTC	CGTTTC|GAAACG	9	1.78	0.0009584664536741214	0.00018949303283448136	0.0001007365716081624	0.19160095919872489	0.718
CTAAAA	CTAAAA|TTTTAG	11	5.96	0.0011714589989350373	0.0006343425071783241	0.04084923852003672	77.69525166510984	-1.89
CTAAAC	CTAAAC|GTTTAG	8	3.33	0.0008519701810436634	0.00035460615543746367	0.020720567233406168	39.41051887793853	-1.596
CTAAAG	CTAAAG|CTTTAG	2	3.21	0.00021299254526091586	0.00034237971043012843	0.8307382294232579	1580.0641123630367	-3.199
CTAACA	CTAACA|TGTTAG	7	3.33	0.0007454739084132055	0.00035460615543746367	0.05295794192589699	100.72600554305608	-2.003
CTAACC	CTAACC|GGTTAG	3	1.86	0.0003194888178913738	0.0001982297009126483	0.285864553108995	543.7143800133085	-2.735
CTAAGA	CTAAGA|TCTTAG	6	3.21	0.0006389776357827476	0.00034237971043012843	0.10711873161393944	203.7398275297128	-2.309
CTAAGC	CTAAGC|GCTTAG	1	1.80	0.00010649627263045793	0.0001913949505850939	0.8342373919254027	1586.7195194421158	-3.201
CTAATA	CTAATA|TATTAG	4	5.93	0.0004259850905218317	0.0006311828640865413	0.8421442611247746	1601.7583846593213	-3.205
CTAATC	CTAATC|GATTAG	3	3.31	0.0003194888178913738	0.0003528398716449499	0.6432108660401838	1223.3870672084297	-3.088
CTACAA	CTACAA|TTGTAG	7	3.33	0.0007454739084132055	0.00035460615543746367	0.05295794192589699	100.72600554305608	-2.003
CTACAC	CTACAC|GTGTAG	2	1.86	0.00021299254526091586	0.0001982297009126483	0.5551748306909025	1055.9425279740965	-3.024
CTACAG	CTACAG|CTGTAG	3	1.80	0.0003194888178913738	0.0001913949505850939	0.2686288570017931	510.93208601741054	-2.708
CTACCA	CTACCA|TGGTAG	3	1.86	0.0003194888178913738	0.0001982297009126483	0.285864553108995	543.7143800133085	-2.735
CTACCC	CTACCC|GGGTAG	2	1.04	0.00021299254526091586	0.00011081311962969532	0.2791491800197466	530.941740397558	-2.725
CTACGA	CTACGA|TCGTAG	2	1.80	0.00021299254526091586	0.0001913949505850939	0.5363290670830533	1020.0978855919674	-3.009
CTACGC	CTACGC|GCGTAG	1	1.00	0.00010649627263045793	0.00010699240052353005	0.6338303912054356	1205.5454040727386	-3.081
CTACTA	CTACTA|TAGTAG	7	3.31	0.0007454739084132055	0.0003528398716449499	0.05184139699692455	98.60233708815049	-1.994
CTACTC	CTACTC|GAGTAG	2	1.85	0.00021299254526091586	0.00019724232406498777	0.5524862236160448	1050.8287973177173	-3.022
CTAGAA	CTAGAA|TTCTAG	7	3.21	0.0007454739084132055	0.00034237971043012843	0.04553356837586165	86.60484705088886	-1.938
CTAGAG	CTAGAG|CTCTAG	4	1.74	0.0004259850905218317	0.00018479585521653376	0.0985303566535023	187.40473835496135	-2.273
CTAGCA	CTAGCA|TGCTAG	3	1.80	0.0003194888178913738	0.0001913949505850939	0.2686288570017931	510.93208601741054	-2.708
CTAGCC	CTAGCC|GGCTAG	2	1.00	0.00021299254526091586	0.00010699240052353005	0.26595492968916445	505.8462762687908	-2.704
CTAGGA	CTAGGA|TCCTAG	2	1.74	0.00021299254526091586	0.00018479585521653376	0.5176167839901485	984.5071231492625	-2.993
CTAGTA	CTAGTA|TACTAG	9	3.20	0.0009584664536741214	0.00034067432623375926	0.005702275149880579	10.845727335072862	-1.035
CTAGTC	CTAGTC|GACTAG	3	1.79	0.0003194888178913738	0.0001904416174463322	0.26623368855440066	506.37647563047005	-2.704
CTATAA	CTATAA|TTATAG	4	5.93	0.0004259850905218317	0.00063118286408654	0.8421442611247736	1601.7583846593193	-3.205
CTATAC	CTATAC|GTATAG	4	3.31	0.0004259850905218317	0.00035283987164494917	0.42256865046856257	803.725573191206	-2.905
CTATAG	CTATAG|CTATAG	2	3.20	0.00021299254526091586	0.00034067432623375855	0.828659373221375	1576.110127867055	-3.198
CTATCA	CTATCA|TGATAG	6	3.31	0.0006389776357827476	0.00035283987164494917	0.1187122875286802	225.79077087954974	-2.354
CTATCC	CTATCC|GGATAG	4	1.85	0.0004259850905218317	0.00019724232406498736	0.11722375630009105	222.95958448277318	-2.348
CTATGA	CTATGA|TCATAG	3	3.20	0.0003194888178913738	0.00034067432623375855	0.6198733040294816	1178.999024264074	-3.072
CTATGC	CTATGC|GCATAG	4	1.79	0.0004259850905218317	0.00019044161744633182	0.10682741910435947	203.18575113649172	-2.308
CTATTA	CTATTA|TAATAG	11	5.90	0.0011714589989350373	0.0006280389590926374	0.038522487673369785	73.26977155474933	-1.865
CTATTC	CTATTC|GAATAG	2	3.30	0.00021299254526091586	0.00035108238566484745	0.8409958197962024	1599.5740492523769	-3.204
CTCAAA	CTCAAA|TTTGAG	7	3.33	0.0007454739084132055	0.00035460615543746367	0.05295794192589699	100.72600554305608	-2.003
CTCAAC	CTCAAC|GTTGAG	1	1.86	0.00010649627263045793	0.0001982297009126483	0.8445415664676512	1606.3180594214725	-3.206
CTCAAG	CTCAAG|CTTGAG	3	1.80	0.0003194888178913738	0.0001913949505850939	0.2686288570017931	510.93208601741054	-2.708
CTCACA	CTCACA|TGTGAG	2	1.86	0.00021299254526091586	0.0001982297009126483	0.5551748306909025	1055.9425279740965	-3.024
CTCACC	CTCACC|GGTGAG	3	1.04	0.0003194888178913738	0.00011081311962969532	0.0879064833551398	167.1981313414759	-2.223
CTCAGA	CTCAGA|TCTGAG	8	1.80	0.0008519701810436634	0.0001913949505850939	0.0005559248865001911	1.0573691341233635	-0.024
CTCAGC	CTCAGC|GCTGAG	2	1.00	0.00021299254526091586	0.00010699240052353005	0.26595492968916445	505.8462762687908	-2.704
CTCATA	CTCATA|TATGAG	5	3.31	0.0005324813631522897	0.0003528398716449499	0.23981255699501086	456.12348340451064	-2.659
CTCATC	CTCATC|GATGAG	4	1.85	0.0004259850905218317	0.00019724232406498777	0.11722375630009171	222.95958448277443	-2.348
CTCCAA	CTCCAA|TTGGAG	3	1.86	0.0003194888178913738	0.0001982297009126483	0.285864553108995	543.7143800133085	-2.735
CTCCAG	CTCCAG|CTGGAG	2	1.00	0.00021299254526091586	0.00010699240052353005	0.26595492968916445	505.8462762687908	-2.704
CTCCCA	CTCCCA|TGGGAG	3	1.04	0.0003194888178913738	0.00011081311962969532	0.0879064833551398	167.1981313414759	-2.223
CTCCCC	CTCCCC|GGGGAG	2	0.58	0.00021299254526091586	6.194605261234926e-05	0.11590434219958441	220.45005886360954	-2.343
CTCCGA	CTCCGA|TCGGAG	1	1.00	0.00010649627263045793	0.00010699240052353005	0.6338303912054356	1205.5454040727386	-3.081
CTCCGC	CTCCGC|GCGGAG	2	0.56	0.00021299254526091586	5.981021826747717e-05	0.10943173374400439	208.13915758109636	-2.318
CTCCTA	CTCCTA|TAGGAG	1	1.85	0.00010649627263045793	0.00019724232406498777	0.8430935361716377	1603.563905798455	-3.205
CTCCTC	CTCCTC|GAGGAG	5	1.04	0.0005324813631522897	0.00011026116243944757	0.004231037013702975	8.047432400063059	-0.906
CTCGAA	CTCGAA|TTCGAG	4	1.80	0.0004259850905218317	0.0001913949505850939	0.10825871065901102	205.90806767343895	-2.314
CTCGAC	CTCGAC|GTCGAG	3	1.00	0.0003194888178913738	0.00010699240052353005	0.08116029909253257	154.36688887399694	-2.189
CTCGAG	CTCGAG|CTCGAG	4	0.97	0.0004259850905218317	0.00010330341576919062	0.01720475728098996	32.72344834844291	-1.515
CTCGCA	CTCGCA|TGCGAG	1	1.00	0.00010649627263045793	0.00010699240052353005	0.6338303912054356	1205.5454040727386	-3.081
CTCGGA	CTCGGA|TCCGAG	2	0.97	0.00021299254526091586	0.00010330341576919062	0.2532134286760778	481.61194134190004	-2.683
CTCGGC	CTCGGC|GCCGAG	2	0.54	0.00021299254526091586	5.774802523074917e-05	0.10327765495327577	196.43409972113054	-2.293
CTCGTA	CTCGTA|TACGAG	1	1.79	0.00010649627263045793	0.0001904416174463322	0.8327468569829224	1583.8845219815184	-3.2
CTCGTC	CTCGTC|GACGAG	7	1.00	0.0007454739084132055	0.00010645947423313977	8.306475181540463e-05	0.1579891579528996	0.801
CTCTAA	CTCTAA|TTAGAG	4	3.31	0.0004259850905218317	0.00035283987164494917	0.42256865046856257	803.725573191206	-2.905
CTCTAC	CTCTAC|GTAGAG	4	1.85	0.0004259850905218317	0.00019724232406498736	0.11722375630009105	222.95958448277318	-2.348
CTCTCA	CTCTCA|TGAGAG	4	1.85	0.0004259850905218317	0.00019724232406498736	0.11722375630009105	222.95958448277318	-2.348
CTCTCC	CTCTCC|GGAGAG	3	1.04	0.0003194888178913738	0.00011026116243944736	0.08691766868310978	165.3174058352748	-2.218
CTCTGA	CTCTGA|TCAGAG	4	1.79	0.0004259850905218317	0.00019044161744633182	0.10682741910435947	203.18575113649172	-2.308
CTCTGC	CTCTGC|GCAGAG	2	1.00	0.00021299254526091586	0.00010645947423313955	0.2641140017192737	502.34483127005853	-2.701
CTCTTA	CTCTTA|TAAGAG	5	3.30	0.0005324813631522897	0.00035108238566484745	0.23680177394727506	450.39697404771715	-2.654
CTCTTC	CTCTTC|GAAGAG	6	1.84	0.0006389776357827476	0.00019625986531504282	0.011537238901588765	21.94382839082183	-1.341
CTGAAA	CTGAAA|TTTCAG	9	3.21	0.0009584664536741214	0.00034237971043012843	0.005882138859969475	11.187828111661942	-1.049
CTGAAC	CTGAAC|GTTCAG	2	1.80	0.00021299254526091586	0.0001913949505850939	0.5363290670830533	1020.0978855919674	-3.009
CTGAAG	CTGAAG|CTTCAG	4	1.74	0.0004259850905218317	0.00018479585521653376	0.0985303566535023	187.40473835496135	-2.273
CTGACA	CTGACA|TGTCAG	2	1.80	0.00021299254526091586	0.0001913949505850939	0.5363290670830533	1020.0978855919674	-3.009
CTGACC	CTGACC|GGTCAG	1	1.00	0.00010649627263045793	0.00010699240052353005	0.6338303912054356	1205.5454040727386	-3.081
CTGAGA	CTGAGA|TCTCAG	2	1.74	0.00021299254526091586	0.00018479585521653376	0.5176167839901485	984.5071231492625	-2.993
CTGAGC	CTGAGC|GCTCAG	2	0.97	0.00021299254526091586	0.00010330341576919062	0.2532134286760778	481.61194134190004	-2.683
CTGATA	CTGATA|TATCAG	3	3.20	0.0003194888178913738	0.00034067432623375926	0.6198733040294828	1178.9990242640763	-3.072
CTGATC	CTGATC|GATCAG	1	1.79	0.00010649627263045793	0.0001904416174463322	0.8327468569829224	1583.8845219815184	-3.2
CTGCAA	CTGCAA|TTGCAG	5	1.80	0.0005324813631522897	0.0001913949505850939	0.03620446059828504	68.86088405793815	-1.838
CTGCAC	CTGCAC|GTGCAG	4	1.00	0.0004259850905218317	0.00010699240052353005	0.019275124951273658	36.6612876573225	-1.564
CTGCAG	CTGCAG|CTGCAG	1	0.97	0.00010649627263045793	0.00010330341576919062	0.6209241924850706	1180.9978141066042	-3.072
CTGCCA	CTGCCA|TGGCAG	1	1.00	0.00010649627263045793	0.00010699240052353005	0.6338303912054356	1205.5454040727386	-3.081
CTGCCC	CTGCCC|GGGCAG	3	0.56	0.0003194888178913738	5.981021826747717e-05	0.019493493239309972	37.076624141167564	-1.569
CTGCGA	CTGCGA|TCGCAG	2	0.97	0.00021299254526091586	0.00010330341576919062	0.2532134286760778	481.61194134190004	-2.683
CTGCGC	CTGCGC|GCGCAG	1	0.54	0.00010649627263045793	5.774802523074917e-05	0.4185637579173754	796.108267558848	-2.901
CTGCTA	CTGCTA|TAGCAG	2	1.79	0.00021299254526091586	0.0001904416174463322	0.5336569612296567	1015.0155402588069	-3.006
CTGCTC	CTGCTC|GAGCAG	1	1.00	0.00010649627263045793	0.00010645947423313977	0.6319934209240299	1202.051486597505	-3.08
CTGGAA	CTGGAA|TTCCAG	3	1.74	0.0003194888178913738	0.00018479585521653376	0.25210519023315664	479.5040718234639	-2.681
CTGGAC	CTGGAC|GTCCAG	2	0.97	0.00021299254526091586	0.00010330341576919062	0.2532134286760778	481.61194134190004	-2.683
CTGGCA	CTGGCA|TGCCAG	2	0.97	0.00021299254526091586	0.00010330341576919062	0.2532134286760778	481.61194134190004	-2.683
CTGGCC	CTGGCC|GGCCAG	2	0.54	0.00021299254526091586	5.774802523074917e-05	0.10327765495327577	196.43409972113054	-2.293
CTGGGA	CTGGGA|TCCCAG	1	0.94	0.00010649627263045793	9.974162330562286e-05	0.6080315169630081	1156.4759452636413	-3.063
CTGGTA	CTGGTA|TACCAG	1	1.73	0.00010649627263045793	0.0001838753919956119	0.8221100059760076	1563.6532313663665	-3.194
CTGGTC	CTGGTC|GACCAG	2	0.97	0.00021299254526091586	0.00010278886421336854	0.25143692298312476	478.23302751390327	-2.68
CTGTAA	CTGTAA|TTACAG	3	3.20	0.0003194888178913738	0.00034067432623375855	0.6198733040294816	1178.999024264074	-3.072
CTGTAC	CTGTAC|GTACAG	4	1.79	0.0004259850905218317	0.00019044161744633182	0.10682741910435947	203.18575113649172	-2.308
CTGTCA	CTGTCA|TGACAG	3	1.79	0.0003194888178913738	0.00019044161744633182	0.26623368855439977	506.37647563046835	-2.704
CTGTCC	CTGTCC|GGACAG	2	1.00	0.00021299254526091586	0.00010645947423313955	0.2641140017192737	502.34483127005853	-2.701
CTGTGA	CTGTGA|TCACAG	7	1.73	0.0007454739084132055	0.00018387539199561152	0.002043482905355357	3.8867044859858892	-0.59
CTGTGC	CTGTGC|GCACAG	3	0.97	0.0003194888178913738	0.00010278886421336834	0.07401072495485145	140.76839886412745	-2.149
CTGTTA	CTGTTA|TAACAG	8	3.18	0.0008519701810436634	0.000338977436510539	0.016362125286864784	31.120762295616817	-1.493
CTGTTC	CTGTTC|GAACAG	3	1.78	0.0003194888178913738	0.00018949303283448098	0.2638529689184839	501.84834688295643	-2.701
CTTAAA	CTTAAA|TTTAAG	6	5.93	0.0006389776357827476	0.00063118286408654	0.5424933643115567	1031.8223789205808	-3.014
CTTAAC	CTTAAC|GTTAAG	2	3.31	0.00021299254526091586	0.00035283987164494917	0.8429975860082848	1603.3814085877577	-3.205
CTTAAG	CTTAAG|CTTAAG	2	3.20	0.00021299254526091586	0.00034067432623375855	0.828659373221375	1576.110127867055	-3.198
CTTACA	CTTACA|TGTAAG	4	3.31	0.0004259850905218317	0.00035283987164494917	0.42256865046856257	803.725573191206	-2.905
CTTACC	CTTACC|GGTAAG	3	1.85	0.0003194888178913738	0.00019724232406498736	0.28336853384653415	538.966951376108	-2.732
CTTAGA	CTTAGA|TCTAAG	3	3.20	0.0003194888178913738	0.00034067432623375855	0.6198733040294816	1178.999024264074	-3.072
CTTAGC	CTTAGC|GCTAAG	2	1.79	0.00021299254526091586	0.00019044161744633182	0.5336569612296558	1015.0155402588053	-3.006
CTTATA	CTTATA|TATAAG	12	5.90	0.0012779552715654952	0.0006280389590926374	0.01787536486636494	33.998943975826116	-1.531
CTTATC	CTTATC|GATAAG	4	3.30	0.0004259850905218317	0.00035108238566484745	0.4189246415218922	796.7946681746389	-2.901
CTTCAA	CTTCAA|TTGAAG	6	3.31	0.0006389776357827476	0.00035283987164494917	0.1187122875286802	225.79077087954974	-2.354
CTTCAC	CTTCAC|GTGAAG	3	1.85	0.0003194888178913738	0.00019724232406498736	0.28336853384653415	538.966951376108	-2.732
CTTCCA	CTTCCA|TGGAAG	6	1.85	0.0006389776357827476	0.00019724232406498736	0.011798069614350537	22.439928406494722	-1.351
CTTCCC	CTTCCC|GGGAAG	3	1.04	0.0003194888178913738	0.00011026116243944736	0.08691766868310978	165.3174058352748	-2.218
CTTCGA	CTTCGA|TCGAAG	4	1.79	0.0004259850905218317	0.00019044161744633182	0.10682741910435947	203.18575113649172	-2.308
CTTCTA	CTTCTA|TAGAAG	7	3.30	0.0007454739084132055	0.00035108238566484745	0.05074521932372517	96.51740715372527	-1.985
CTTCTC	CTTCTC|GAGAAG	5	1.84	0.0005324813631522897	0.00019625986531504282	0.039588444031627444	75.2972205481554	-1.877
CTTGAA	CTTGAA|TTCAAG	7	3.20	0.0007454739084132055	0.00034067432623375855	0.04455420397533756	84.74209596109205	-1.928
CTTGAC	CTTGAC|GTCAAG	10	1.79	0.0010649627263045794	0.00019044161744633182	1.835079867428733e-05	0.0349032190784945	1.457
CTTGCA	CTTGCA|TGCAAG	2	1.79	0.00021299254526091586	0.00019044161744633182	0.5336569612296558	1015.0155402588053	-3.006
CTTGCC	CTTGCC|GGCAAG	1	1.00	0.00010649627263045793	0.00010645947423313955	0.6319934209240292	1202.0514865975035	-3.08
CTTGGA	CTTGGA|TCCAAG	3	1.73	0.0003194888178913738	0.00018387539199561152	0.24981186536281552	475.1421679200751	-2.677
CTTGGC	CTTGGC|GCCAAG	4	0.97	0.0004259850905218317	0.00010278886421336834	0.016927545964771612	32.19619242499561	-1.508
CTTGTA	CTTGTA|TACAAG	3	3.18	0.0003194888178913738	0.000338977436510539	0.6165366241744155	1172.6526591797383	-3.069
CTTGTC	CTTGTC|GACAAG	6	1.78	0.0006389776357827476	0.00018949303283448098	0.009850088375696339	18.734868090574437	-1.273
CTTTAA	CTTTAA|TTAAAG	11	5.90	0.0011714589989350373	0.0006280389590926374	0.038522487673369785	73.26977155474933	-1.865
CTTTAC	CTTTAC|GTAAAG	11	3.30	0.0011714589989350373	0.00035108238566484745	0.0006326683592062441	1.2033352192102764	-0.08
CTTTCA	CTTTCA|TGAAAG	6	3.30	0.0006389776357827476	0.00035108238566484745	0.11672220824436652	222.00564008078513	-2.346
CTTTCC	CTTTCC|GGAAAG	4	1.84	0.0004259850905218317	0.00019625986531504282	0.1156954153766375	220.05268004636451	-2.343
CTTTGA	CTTTGA|TCAAAG	8	3.18	0.0008519701810436634	0.000338977436510539	0.016362125286864784	31.120762295616817	-1.493
CTTTGC	CTTTGC|GCAAAG	4	1.78	0.0004259850905218317	0.00018949303283448098	0.10541184798263507	200.49333486297192	-2.302
CTTTTA	CTTTTA|TAAAAG	20	5.87	0.002129925452609159	0.0006249107138055695	3.7559177781416093e-06	0.007143755614025341	2.146
CTTTTC	CTTTTC|GAAAAG	21	3.28	0.0022364217252396168	0.0003493336536754891	5.897277512099548e-11	1.121662182801334e-07	6.95
GAAAAA	GAAAAA|TTTTTC	45	5.78	0.004792332268370607	0.0006155370222438544	5.70858659916176e-25	1.0857731711605669e-21	20.964
GAAAAC	GAAAAC|GTTTTC	9	3.23	0.0009584664536741214	0.0003440936316221949	0.006067274061412564	11.539955264806698	-1.062
GAAACA	GAAACA|TGTTTC	4	3.23	0.0004259850905218317	0.0003440936316221949	0.4043830768039063	769.1366120810297	-2.886
GAAACC	GAAACC|GGTTTC	6	1.81	0.0006389776357827476	0.00019235305602145343	0.010540178953614934	20.047420369775605	-1.302
GAAAGA	GAAAGA|TCTTTC	12	3.12	0.0012779552715654952	0.0003322296473120157	0.00010242758617276045	0.19481726890059037	0.71
GAAAGC	GAAAGC|GCTTTC	4	1.74	0.0004259850905218317	0.00018572092619128212	0.09986858681781925	189.95005212749223	-2.279
GAAATA	GAAATA|TATTTC	18	5.75	0.0019169329073482429	0.0006124710487704378	3.3447061124530466e-05	0.06361631025885695	1.196
GAAATC	GAAATC|GATTTC	4	3.21	0.0004259850905218317	0.00034237971043012843	0.4008057889254147	762.3326105361388	-2.882
GAACAA	GAACAA|TTGTTC	9	3.23	0.0009584664536741214	0.0003440936316221949	0.006067274061412564	11.539955264806698	-1.062
GAACAC	GAACAC|GTGTTC	5	1.81	0.0005324813631522897	0.00019235305602145343	0.03685628096954264	70.1006464040701	-1.846
GAACCA	GAACCA|TGGTTC	3	1.81	0.0003194888178913738	0.00019235305602145343	0.2710384542401562	515.5151399647771	-2.712
GAACCC	GAACCC|GGGTTC	2	1.01	0.00021299254526091586	0.00010752799459368382	0.26780503009732265	509.36516724510767	-2.707
GAACGA	GAACGA|TCGTTC	5	1.74	0.0005324813631522897	0.00018572092619128212	0.03249031365409787	61.79657657009415	-1.791
GAACGC	GAACGC|GCGTTC	1	0.97	0.00010649627263045793	0.00010382054312255288	0.6227604566918691	1184.490388627935	-3.074
GAACTA	GAACTA|TAGTTC	3	3.21	0.0003194888178913738	0.00034237971043012843	0.6232066709487214	1185.3390881444682	-3.074
GAACTC	GAACTC|GAGTTC	2	1.80	0.00021299254526091586	0.0001913949505850939	0.5363290670830533	1020.0978855919674	-3.009
GAAGAA	GAAGAA|TTCTTC	7	3.12	0.0007454739084132055	0.0003322296473120157	0.03990463933268248	75.89862401076208	-1.88
GAAGAC	GAAGAC|GTCTTC	6	1.74	0.0006389776357827476	0.00018572092619128212	0.008989856806077353	17.098707645159127	-1.233
GAAGCA	GAAGCA|TGCTTC	5	1.74	0.0005324813631522897	0.00018572092619128212	0.03249031365409787	61.79657657009415	-1.791
GAAGCC	GAAGCC|GGCTTC	3	0.97	0.0003194888178913738	0.00010382054312255288	0.07573843416198342	144.05450177609245	-2.159
GAAGGA	GAAGGA|TCCTTC	5	1.68	0.0005324813631522897	0.00017931746517976135	0.02859560376119527	54.3888383537934	-1.736
GAAGGC	GAAGGC|GCCTTC	3	0.94	0.0003194888178913738	0.00010024092065504774	0.0698206141667741	132.79880814520433	-2.123
GAAGTA	GAAGTA|TACTTC	5	3.10	0.0005324813631522897	0.0003305748203090387	0.20252126844506227	385.19545258250844	-2.586
GAAGTC	GAAGTC|GACTTC	1	1.74	0.00010649627263045793	0.00018479585521653376	0.823640910366357	1566.565011516811	-3.195
GAATAA	GAATAA|TTATTC	9	5.75	0.0009584664536741214	0.0006124710487704378	0.12815570147083244	243.7521441975233	-2.387
GAATAC	GAATAC|GTATTC	5	3.21	0.0005324813631522897	0.00034237971043012843	0.22205411127100083	422.3469196374436	-2.626
GAATCA	GAATCA|TGATTC	4	3.21	0.0004259850905218317	0.00034237971043012843	0.4008057889254147	762.3326105361388	-2.882
GAATCC	GAATCC|GGATTC	2	1.80	0.00021299254526091586	0.0001913949505850939	0.5363290670830533	1020.0978855919674	-3.009
GAATGA	GAATGA|TCATTC	4	3.10	0.0004259850905218317	0.0003305748203090387	0.37607652293549126	715.2975466233044	-2.854
GAATGC	GAATGC|GCATTC	4	1.74	0.0004259850905218317	0.00018479585521653376	0.0985303566535023	187.40473835496135	-2.273
GAATTA	GAATTA|TAATTC	2	5.72	0.00021299254526091586	0.0006094203468290331	0.9780063902906818	1860.1681543328768	-3.27
GAATTC	GAATTC|GAATTC	1	3.20	0.00010649627263045793	0.00034067432623375926	0.9591942356039588	1824.3874361187295	-3.261
GACAAA	GACAAA|TTTGTC	11	3.23	0.0011714589989350373	0.0003440936316221949	0.0005377408344203365	1.02278306706748	-0.01
GACAAC	GACAAC|GTTGTC	2	1.81	0.00021299254526091586	0.00019235305602145343	0.5390038802153655	1025.1853801696252	-3.011
GACACA	GACACA|TGTGTC	4	1.81	0.0004259850905218317	0.00019235305602145343	0.10970583253961509	208.6604934903479	-2.319
GACACC	GACACC|GGTGTC	1	1.01	0.00010649627263045793	0.00010752799459368382	0.6356673187356678	1209.0392402352402	-3.082
GACAGA	GACAGA|TCTGTC	4	1.74	0.0004259850905218317	0.00018572092619128212	0.09986858681781925	189.95005212749223	-2.279
GACAGC	GACAGC|GCTGTC	3	0.97	0.0003194888178913738	0.00010382054312255288	0.07573843416198342	144.05450177609245	-2.159
GACATA	GACATA|TATGTC	2	3.21	0.00021299254526091586	0.00034237971043012843	0.8307382294232579	1580.0641123630367	-3.199
GACATC	GACATC|GATGTC	4	1.80	0.0004259850905218317	0.0001913949505850939	0.10825871065901102	205.90806767343895	-2.314
GACCAC	GACCAC|GTGGTC	3	1.01	0.0003194888178913738	0.00010752799459368382	0.08209198490379868	156.13895528702508	-2.194
GACCCA	GACCCA|TGGGTC	3	1.01	0.0003194888178913738	0.00010752799459368382	0.08209198490379868	156.13895528702508	-2.194
GACCCC	GACCCC|GGGGTC	1	0.56	0.00010649627263045793	6.010962269322999e-05	0.4313154299979529	820.3619478561064	-2.914
GACCGC	GACCGC|GCGGTC	1	0.54	0.00010649627263045793	5.803710650872159e-05	0.42013991083387975	799.1061104060393	-2.903
GACCTA	GACCTA|TAGGTC	2	1.80	0.00021299254526091586	0.0001913949505850939	0.5363290670830533	1020.0978855919674	-3.009
GACCTC	GACCTC|GAGGTC	3	1.00	0.0003194888178913738	0.00010699240052353005	0.08116029909253257	154.36688887399694	-2.189
GACGAA	GACGAA|TTCGTC	3	1.74	0.0003194888178913738	0.00018572092619128212	0.254413044362097	483.89361037670847	-2.685
GACGAC	GACGAC|GTCGTC	1	0.97	0.00010649627263045793	0.00010382054312255288	0.6227604566918691	1184.490388627935	-3.074
GACGCA	GACGCA|TGCGTC	3	0.97	0.0003194888178913738	0.00010382054312255288	0.07573843416198342	144.05450177609245	-2.159
GACGCC	GACGCC|GGCGTC	3	0.54	0.0003194888178913738	5.803710650872159e-05	0.018027973405132933	34.28920541656284	-1.535
GACGGA	GACGGA|TCCGTC	4	0.94	0.0004259850905218317	0.00010024092065504774	0.015596100239434979	29.66378265540533	-1.472
GACGGC	GACGGC|GCCGTC	1	0.53	0.00010649627263045793	5.603604848918905e-05	0.40914137022789265	778.1868861734519	-2.891
GACGTA	GACGTA|TACGTC	4	1.74	0.0004259850905218317	0.00018479585521653376	0.0985303566535023	187.40473835496135	-2.273
GACTAA	GACTAA|TTAGTC	11	3.21	0.0011714589989350373	0.00034237971043012843	0.0005163723084907303	0.9821401307493691	0.008
GACTAC	GACTAC|GTAGTC	3	1.80	0.0003194888178913738	0.0001913949505850939	0.2686288570017931	510.93208601741054	-2.708
GACTCA	GACTCA|TGAGTC	9	1.80	0.0009584664536741214	0.0001913949505850939	0.00010848510567500574	0.2063386709938609	0.685
GACTCC	GACTCC|GGAGTC	3	1.00	0.0003194888178913738	0.00010699240052353005	0.08116029909253257	154.36688887399694	-2.189
GACTGA	GACTGA|TCAGTC	2	1.74	0.00021299254526091586	0.00018479585521653376	0.5176167839901485	984.5071231492625	-2.993
GACTGC	GACTGC|GCAGTC	3	0.97	0.0003194888178913738	0.00010330341576919062	0.0748702013577957	142.4031229825274	-2.154
GACTTA	GACTTA|TAAGTC	6	3.20	0.0006389776357827476	0.00034067432623375926	0.10528640332327792	200.2547391208746	-2.302
GAGAAA	GAGAAA|TTTCTC	17	3.12	0.001810436634717785	0.0003322296473120157	3.76319565403051e-08	7.15759813396603e-05	4.145
GAGAAC	GAGAAC|GTTCTC	7	1.74	0.0007454739084132055	0.00018572092619128212	0.0021593726587157774	4.107126796877409	-0.614
GAGACA	GAGACA|TGTCTC	3	1.74	0.0003194888178913738	0.00018572092619128212	0.254413044362097	483.89361037670847	-2.685
GAGACC	GAGACC|GGTCTC	2	0.97	0.00021299254526091586	0.00010382054312255288	0.2549990946631974	485.0082780494015	-2.686
GAGAGA	GAGAGA|TCTCTC	6	1.68	0.0006389776357827476	0.00017931746517976135	0.007654550009489357	14.558954118048756	-1.163
GAGAGC	GAGAGC|GCTCTC	6	0.94	0.0006389776357827476	0.00010024092065504774	0.00043415117259834254	0.8257555302820475	0.083
GAGATA	GAGATA|TATCTC	5	3.10	0.0005324813631522897	0.0003305748203090387	0.20252126844506227	385.19545258250844	-2.586
GAGATC	GAGATC|GATCTC	1	1.74	0.00010649627263045793	0.00018479585521653376	0.823640910366357	1566.565011516811	-3.195
GAGCAA	GAGCAA|TTGCTC	7	1.74	0.0007454739084132055	0.00018572092619128212	0.0021593726587157774	4.107126796877409	-0.614
GAGCAC	GAGCAC|GTGCTC	2	0.97	0.00021299254526091586	0.00010382054312255288	0.2549990946631974	485.0082780494015	-2.686
GAGCCA	GAGCCA|TGGCTC	3	0.97	0.0003194888178913738	0.00010382054312255288	0.07573843416198342	144.05450177609245	-2.159
GAGCCC	GAGCCC|GGGCTC	2	0.54	0.00021299254526091586	5.803710650872159e-05	0.10413446835357601	198.06375880850158	-2.297
GAGCGA	GAGCGA|TCGCTC	4	0.94	0.0004259850905218317	0.00010024092065504774	0.015596100239434979	29.66378265540533	-1.472
GAGCTA	GAGCTA|TAGCTC	3	1.74	0.0003194888178913738	0.00018479585521653376	0.25210519023315664	479.5040718234639	-2.681
GAGGAA	GAGGAA|TTCCTC	6	1.68	0.0006389776357827476	0.00017931746517976135	0.007654550009489357	14.558954118048756	-1.163
GAGGCA	GAGGCA|TGCCTC	1	0.94	0.00010649627263045793	0.00010024092065504774	0.6098649215989254	1159.963080881156	-3.064
GAGGCC	GAGGCC|GGCCTC	1	0.53	0.00010649627263045793	5.603604848918905e-05	0.40914137022789265	778.1868861734519	-2.891
GAGGGA	GAGGGA|TCCCTC	2	0.91	0.00021299254526091586	9.678471978238766e-05	0.2307423218767885	438.8718962096517	-2.642
GAGGGC	GAGGGC|GCCCTC	3	0.51	0.0003194888178913738	5.4103984832718584e-05	0.015004320845673956	28.538218248471864	-1.455
GAGGTA	GAGGTA|TACCTC	3	1.68	0.0003194888178913738	0.00017842428967334374	0.23629854388103202	449.4398304617229	-2.653
GAGTAA	GAGTAA|TTACTC	10	3.10	0.0010649627263045794	0.0003305748203090387	0.0014144257379197697	2.690237753523402	-0.43
GAGTAC	GAGTAC|GTACTC	1	1.74	0.00010649627263045793	0.00018479585521653376	0.823640910366357	1566.565011516811	-3.195
GAGTCA	GAGTCA|TGACTC	8	1.74	0.0008519701810436634	0.00018479585521653376	0.0004430955440347875	0.8427677247541658	0.074
GAGTCC	GAGTCC|GGACTC	2	0.97	0.00021299254526091586	0.00010330341576919062	0.2532134286760778	481.61194134190004	-2.683
GAGTGA	GAGTGA|TCACTC	3	1.68	0.0003194888178913738	0.00017842428967334374	0.23629854388103202	449.4398304617229	-2.653
GAGTGC	GAGTGC|GCACTC	4	0.94	0.0004259850905218317	9.974162330562286e-05	0.015343176091231467	29.18272092552225	-1.465
GAGTTA	GAGTTA|TAACTC	4	3.09	0.0004259850905218317	0.0003289282359551809	0.37261777297196746	708.7190041926821	-2.85
GATAAA	GATAAA|TTTATC	12	5.75	0.0012779552715654952	0.0006124710487704378	0.015043326375926001	28.612406767011255	-1.457
GATAAC	GATAAC|GTTATC	3	3.21	0.0003194888178913738	0.00034237971043012843	0.6232066709487214	1185.3390881444682	-3.074
GATACA	GATACA|TGTATC	5	3.21	0.0005324813631522897	0.00034237971043012843	0.22205411127100083	422.3469196374436	-2.626
GATACC	GATACC|GGTATC	2	1.80	0.00021299254526091586	0.0001913949505850939	0.5363290670830533	1020.0978855919674	-3.009
GATAGA	GATAGA|TCTATC	9	3.10	0.0009584664536741214	0.0003305748203090387	0.004722405086225938	8.982014474001733	-0.953
GATAGC	GATAGC|GCTATC	2	1.74	0.00021299254526091586	0.00018479585521653376	0.5176167839901485	984.5071231492625	-2.993
GATATA	GATATA|TATATC	12	5.72	0.0012779552715654952	0.0006094203468290331	0.014530682845661379	27.637358772447943	-1.441
GATATC	GATATC|GATATC	4	3.20	0.0004259850905218317	0.00034067432623375926	0.39724249673429096	755.5552287886214	-2.878
GATCAA	GATCAA|TTGATC	4	3.21	0.0004259850905218317	0.00034237971043012843	0.4008057889254147	762.3326105361388	-2.882
GATCAC	GATCAC|GTGATC	4	1.80	0.0004259850905218317	0.0001913949505850939	0.10825871065901102	205.90806767343895	-2.314
GATCCA	GATCCA|TGGATC	1	1.80	0.00010649627263045793	0.0001913949505850939	0.8342373919254027	1586.7195194421158	-3.201
GATCGA	GATCGA|TCGATC	1	1.74	0.00010649627263045793	0.00018479585521653376	0.823640910366357	1566.565011516811	-3.195
GATCGC	GATCGC|GCGATC	1	0.97	0.00010649627263045793	0.00010330341576919062	0.6209241924850706	1180.9978141066042	-3.072
GATCTA	GATCTA|TAGATC	2	3.20	0.00021299254526091586	0.00034067432623375926	0.8286593732213758	1576.110127867057	-3.198
GATGAA	GATGAA|TTCATC	7	3.10	0.0007454739084132055	0.0003305748203090387	0.03903217790076601	74.23920236725695	-1.871
GATGAC	GATGAC|GTCATC	7	1.74	0.0007454739084132055	0.00018479585521653376	0.0021006661672062573	3.9954670500263014	-0.602
GATGCA	GATGCA|TGCATC	7	1.74	0.0007454739084132055	0.00018479585521653376	0.0021006661672062573	3.9954670500263014	-0.602
GATGCC	GATGCC|GGCATC	2	0.97	0.00021299254526091586	0.00010330341576919062	0.2532134286760778	481.61194134190004	-2.683
GATGGA	GATGGA|TCCATC	3	1.68	0.0003194888178913738	0.00017842428967334374	0.23629854388103202	449.4398304617229	-2.653
GATGGC	GATGGC|GCCATC	2	0.94	0.00021299254526091586	9.974162330562286e-05	0.24092408853296648	458.2376163897023	-2.661
GATGTA	GATGTA|TACATC	3	3.09	0.0003194888178913738	0.0003289282359551809	0.5963720594416264	1134.2996570579735	-3.055
GATTAA	GATTAA|TTAATC	3	5.72	0.0003194888178913738	0.0006094203468290331	0.9244386204241086	1758.2822560466545	-3.245
GATTAC	GATTAC|GTAATC	4	3.20	0.0004259850905218317	0.00034067432623375926	0.39724249673429096	755.5552287886214	-2.878
GATTCA	GATTCA|TGAATC	4	3.20	0.0004259850905218317	0.00034067432623375926	0.39724249673429096	755.5552287886214	-2.878
GATTCC	GATTCC|GGAATC	2	1.79	0.00021299254526091586	0.0001904416174463322	0.5336569612296567	1015.0155402588069	-3.006
GATTGA	GATTGA|TCAATC	5	3.09	0.0005324813631522897	0.0003289282359551809	0.1998438792995006	380.1030584276501	-2.58
GATTGC	GATTGC|GCAATC	2	1.73	0.00021299254526091586	0.0001838753919956119	0.5149669334972088	979.4671075116911	-2.991
GATTTA	GATTTA|TAAATC	10	5.69	0.0010649627263045794	0.0006063848403525471	0.06446399208970137	122.610512954612	-2.089
GCAAAA	GCAAAA|TTTTGC	14	3.23	0.001490947816826411	0.0003440936316221949	7.77330692475891e-06	0.014784829770891447	1.83
GCAAAC	GCAAAC|GTTTGC	6	1.81	0.0006389776357827476	0.00019235305602145343	0.010540178953614934	20.047420369775605	-1.302
GCAACA	GCAACA|TGTTGC	3	1.81	0.0003194888178913738	0.00019235305602145343	0.2710384542401562	515.5151399647771	-2.712
GCAACC	GCAACC|GGTTGC	2	1.01	0.00021299254526091586	0.00010752799459368382	0.26780503009732265	509.36516724510767	-2.707
GCAAGA	GCAAGA|TCTTGC	4	1.74	0.0004259850905218317	0.00018572092619128212	0.09986858681781925	189.95005212749223	-2.279
GCAAGC	GCAAGC|GCTTGC	2	0.97	0.00021299254526091586	0.00010382054312255288	0.2549990946631974	485.0082780494015	-2.686
GCAATA	GCAATA|TATTGC	5	3.21	0.0005324813631522897	0.00034237971043012843	0.22205411127100083	422.3469196374436	-2.626
GCACAC	GCACAC|GTGTGC	5	1.01	0.0005324813631522897	0.00010752799459368382	0.0038105150527724604	7.2475996303732195	-0.86
GCACCA	GCACCA|TGGTGC	1	1.01	0.00010649627263045793	0.00010752799459368382	0.6356673187356678	1209.0392402352402	-3.082
GCACCC	GCACCC|GGGTGC	3	0.56	0.0003194888178913738	6.010962269322999e-05	0.0197472566815372	37.559282208283754	-1.575
GCACGA	GCACGA|TCGTGC	1	0.97	0.00010649627263045793	0.00010382054312255288	0.6227604566918691	1184.490388627935	-3.074
GCACGC	GCACGC|GCGTGC	3	0.54	0.0003194888178913738	5.803710650872159e-05	0.018027973405132933	34.28920541656284	-1.535
GCACTA	GCACTA|TAGTGC	3	1.80	0.0003194888178913738	0.0001913949505850939	0.2686288570017931	510.93208601741054	-2.708
GCAGAA	GCAGAA|TTCTGC	2	1.74	0.00021299254526091586	0.00018572092619128212	0.5202701400866314	989.5538064447729	-2.995
GCAGAC	GCAGAC|GTCTGC	1	0.97	0.00010649627263045793	0.00010382054312255288	0.6227604566918691	1184.490388627935	-3.074
GCAGCC	GCAGCC|GGCTGC	1	0.54	0.00010649627263045793	5.803710650872159e-05	0.42013991083387975	799.1061104060393	-2.903
GCAGGA	GCAGGA|TCCTGC	3	0.94	0.0003194888178913738	0.00010024092065504774	0.0698206141667741	132.79880814520433	-2.123
GCAGGC	GCAGGC|GCCTGC	1	0.53	0.00010649627263045793	5.603604848918905e-05	0.40914137022789265	778.1868861734519	-2.891
GCAGTA	GCAGTA|TACTGC	4	1.74	0.0004259850905218317	0.00018479585521653376	0.0985303566535023	187.40473835496135	-2.273
GCATAA	GCATAA|TTATGC	3	3.21	0.0003194888178913738	0.00034237971043012843	0.6232066709487214	1185.3390881444682	-3.074
GCATAC	GCATAC|GTATGC	2	1.80	0.00021299254526091586	0.0001913949505850939	0.5363290670830533	1020.0978855919674	-3.009
GCATCA	GCATCA|TGATGC	1	1.80	0.00010649627263045793	0.0001913949505850939	0.8342373919254027	1586.7195194421158	-3.201
GCATCC	GCATCC|GGATGC	4	1.00	0.0004259850905218317	0.00010699240052353005	0.019275124951273658	36.6612876573225	-1.564
GCATGA	GCATGA|TCATGC	1	1.74	0.00010649627263045793	0.00018479585521653376	0.823640910366357	1566.565011516811	-3.195
GCATTA	GCATTA|TAATGC	7	3.20	0.0007454739084132055	0.00034067432623375926	0.04455420397533794	84.74209596109277	-1.928
GCCAAA	GCCAAA|TTTGGC	6	1.81	0.0006389776357827476	0.00019235305602145343	0.010540178953614934	20.047420369775605	-1.302
GCCAAC	GCCAAC|GTTGGC	6	1.01	0.0006389776357827476	0.00010752799459368382	0.0006244651305622923	1.18773267832948	-0.075
GCCACA	GCCACA|TGTGGC	15	1.01	0.001597444089456869	0.00010752799459368382	3.4355855321557004e-13	6.534483682160142e-10	9.185
GCCACC	GCCACC|GGTGGC	2	0.56	0.00021299254526091586	6.010962269322999e-05	0.11033316376501875	209.85367748106566	-2.322
GCCAGA	GCCAGA|TCTGGC	2	0.97	0.00021299254526091586	0.00010382054312255288	0.2549990946631974	485.0082780494015	-2.686
GCCAGC	GCCAGC|GCTGGC	2	0.54	0.00021299254526091586	5.803710650872159e-05	0.10413446835357601	198.06375880850158	-2.297
GCCATA	GCCATA|TATGGC	3	1.80	0.0003194888178913738	0.0001913949505850939	0.2686288570017931	510.93208601741054	-2.708
GCCCAA	GCCCAA|TTGGGC	4	1.01	0.0004259850905218317	0.00010752799459368382	0.01958791527362035	37.256214850425906	-1.571
GCCCAC	GCCCAC|GTGGGC	1	0.56	0.00010649627263045793	6.010962269322999e-05	0.4313154299979529	820.3619478561064	-2.914
GCCCCA	GCCCCA|TGGGGC	2	0.56	0.00021299254526091586	6.010962269322999e-05	0.11033316376501875	209.85367748106566	-2.322
GCCCGA	GCCCGA|TCGGGC	2	0.54	0.00021299254526091586	5.803710650872159e-05	0.10413446835357601	198.06375880850158	-2.297
GCCCGC	GCCCGC|GCGGGC	2	0.30	0.00021299254526091586	3.244353796077377e-05	0.03797417656702016	72.22688383047235	-1.859
GCCGAA	GCCGAA|TTCGGC	1	0.97	0.00010649627263045793	0.00010382054312255288	0.6227604566918691	1184.490388627935	-3.074
GCCGTA	GCCGTA|TACGGC	3	0.97	0.0003194888178913738	0.00010330341576919062	0.0748702013577957	142.4031229825274	-2.154
GCCTAA	GCCTAA|TTAGGC	2	1.80	0.00021299254526091586	0.0001913949505850939	0.5363290670830533	1020.0978855919674	-3.009
GCCTAC	GCCTAC|GTAGGC	1	1.00	0.00010649627263045793	0.00010699240052353005	0.6338303912054356	1205.5454040727386	-3.081
GCCTCA	GCCTCA|TGAGGC	2	1.00	0.00021299254526091586	0.00010699240052353005	0.26595492968916445	505.8462762687908	-2.704
GCCTTA	GCCTTA|TAAGGC	4	1.79	0.0004259850905218317	0.0001904416174463322	0.10682741910436	203.1857511364927	-2.308
GCGAAA	GCGAAA|TTTCGC	9	1.74	0.0009584664536741214	0.00018572092619128212	8.673406341192023e-05	0.1649681886094723	0.783
GCGAAC	GCGAAC|GTTCGC	1	0.97	0.00010649627263045793	0.00010382054312255288	0.6227604566918691	1184.490388627935	-3.074
GCGACA	GCGACA|TGTCGC	3	0.97	0.0003194888178913738	0.00010382054312255288	0.07573843416198342	144.05450177609245	-2.159
GCGACC	GCGACC|GGTCGC	1	0.54	0.00010649627263045793	5.803710650872159e-05	0.42013991083387975	799.1061104060393	-2.903
GCGAGA	GCGAGA|TCTCGC	1	0.94	0.00010649627263045793	0.00010024092065504774	0.6098649215989254	1159.963080881156	-3.064
GCGAGC	GCGAGC|GCTCGC	2	0.53	0.00021299254526091586	5.603604848918905e-05	0.09824426547141742	186.86059292663592	-2.272
GCGATA	GCGATA|TATCGC	3	1.74	0.0003194888178913738	0.00018479585521653376	0.25210519023315664	479.5040718234639	-2.681
GCGCAA	GCGCAA|TTGCGC	1	0.97	0.00010649627263045793	0.00010382054312255288	0.6227604566918691	1184.490388627935	-3.074
GCGCAC	GCGCAC|GTGCGC	3	0.54	0.0003194888178913738	5.803710650872159e-05	0.018027973405132933	34.28920541656284	-1.535
GCGCCA	GCGCCA|TGGCGC	4	0.54	0.0004259850905218317	5.803710650872159e-05	0.0023861996134924663	4.538551664862671	-0.657
GCGCCC	GCGCCC|GGGCGC	1	0.30	0.00010649627263045793	3.244353796077377e-05	0.26261476869808664	499.4932900637608	-2.699
GCGCGA	GCGCGA|TCGCGC	2	0.53	0.00021299254526091586	5.603604848918905e-05	0.09824426547141742	186.86059292663592	-2.272
GCGCGC	GCGCGC|GCGCGC	1	0.29	0.00010649627263045793	3.1324919102532465e-05	0.25482857796000274	484.6839552799252	-2.685
GCGCTA	GCGCTA|TAGCGC	3	0.97	0.0003194888178913738	0.00010330341576919062	0.0748702013577957	142.4031229825274	-2.154
GCGGAA	GCGGAA|TTCCGC	5	0.94	0.0005324813631522897	0.00010024092065504774	0.002836228311780366	5.394506249006256	-0.732
GCGGAC	GCGGAC|GTCCGC	1	0.53	0.00010649627263045793	5.603604848918905e-05	0.40914137022789265	778.1868861734519	-2.891
GCGGGA	GCGGGA|TCCCGC	3	0.51	0.0003194888178913738	5.4103984832718584e-05	0.015004320845673956	28.538218248471864	-1.455
GCGGTA	GCGGTA|TACCGC	1	0.94	0.00010649627263045793	9.974162330562286e-05	0.6080315169630081	1156.4759452636413	-3.063
GCGTAA	GCGTAA|TTACGC	2	1.74	0.00021299254526091586	0.00018479585521653376	0.5176167839901485	984.5071231492625	-2.993
GCGTAC	GCGTAC|GTACGC	2	0.97	0.00021299254526091586	0.00010330341576919062	0.2532134286760778	481.61194134190004	-2.683
GCGTCA	GCGTCA|TGACGC	3	0.97	0.0003194888178913738	0.00010330341576919062	0.0748702013577957	142.4031229825274	-2.154
GCGTCC	GCGTCC|GGACGC	1	0.54	0.00010649627263045793	5.774802523074917e-05	0.4185637579173754	796.108267558848	-2.901
GCGTGA	GCGTGA|TCACGC	3	0.94	0.0003194888178913738	9.974162330562286e-05	0.06901248104308626	131.26173894395006	-2.118
GCGTTA	GCGTTA|TAACGC	1	1.73	0.00010649627263045793	0.0001838753919956119	0.8221100059760076	1563.6532313663665	-3.194
GCTAAA	GCTAAA|TTTAGC	3	3.21	0.0003194888178913738	0.00034237971043012843	0.6232066709487214	1185.3390881444682	-3.074
GCTACA	GCTACA|TGTAGC	5	1.80	0.0005324813631522897	0.0001913949505850939	0.03620446059828504	68.86088405793815	-1.838
GCTACC	GCTACC|GGTAGC	3	1.00	0.0003194888178913738	0.00010699240052353005	0.08116029909253257	154.36688887399694	-2.189
GCTAGA	GCTAGA|TCTAGC	3	1.74	0.0003194888178913738	0.00018479585521653376	0.25210519023315664	479.5040718234639	-2.681
GCTAGC	GCTAGC|GCTAGC	2	0.97	0.00021299254526091586	0.00010330341576919062	0.2532134286760778	481.61194134190004	-2.683
GCTATA	GCTATA|TATAGC	5	3.20	0.0005324813631522897	0.00034067432623375926	0.21919729759068302	416.9132600174791	-2.62
GCTCAA	GCTCAA|TTGAGC	4	1.80	0.0004259850905218317	0.0001913949505850939	0.10825871065901102	205.90806767343895	-2.314
GCTCAC	GCTCAC|GTGAGC	3	1.00	0.0003194888178913738	0.00010699240052353005	0.08116029909253257	154.36688887399694	-2.189
GCTCCC	GCTCCC|GGGAGC	2	0.56	0.00021299254526091586	5.981021826747717e-05	0.10943173374400439	208.13915758109636	-2.318
GCTCGA	GCTCGA|TCGAGC	3	0.97	0.0003194888178913738	0.00010330341576919062	0.0748702013577957	142.4031229825274	-2.154
GCTCTA	GCTCTA|TAGAGC	4	1.79	0.0004259850905218317	0.0001904416174463322	0.10682741910436	203.1857511364927	-2.308
GCTGAA	GCTGAA|TTCAGC	3	1.74	0.0003194888178913738	0.00018479585521653376	0.25210519023315664	479.5040718234639	-2.681
GCTGAC	GCTGAC|GTCAGC	4	0.97	0.0004259850905218317	0.00010330341576919062	0.01720475728098996	32.72344834844291	-1.515
GCTGCA	GCTGCA|TGCAGC	2	0.97	0.00021299254526091586	0.00010330341576919062	0.2532134286760778	481.61194134190004	-2.683
GCTGCC	GCTGCC|GGCAGC	2	0.54	0.00021299254526091586	5.774802523074917e-05	0.10327765495327577	196.43409972113054	-2.293
GCTGGA	GCTGGA|TCCAGC	1	0.94	0.00010649627263045793	9.974162330562286e-05	0.6080315169630081	1156.4759452636413	-3.063
GCTGTA	GCTGTA|TACAGC	2	1.73	0.00021299254526091586	0.0001838753919956119	0.5149669334972088	979.4671075116911	-2.991
GCTTAA	GCTTAA|TTAAGC	2	3.20	0.00021299254526091586	0.00034067432623375926	0.8286593732213758	1576.110127867057	-3.198
GCTTAC	GCTTAC|GTAAGC	2	1.79	0.00021299254526091586	0.0001904416174463322	0.5336569612296567	1015.0155402588069	-3.006
GCTTCA	GCTTCA|TGAAGC	6	1.79	0.0006389776357827476	0.0001904416174463322	0.010075301552025235	19.163223551951997	-1.282
GCTTCC	GCTTCC|GGAAGC	7	1.00	0.0007454739084132055	0.00010645947423313977	8.306475181540463e-05	0.1579891579528996	0.801
GCTTGA	GCTTGA|TCAAGC	2	1.73	0.00021299254526091586	0.0001838753919956119	0.5149669334972088	979.4671075116911	-2.991
GCTTTA	GCTTTA|TAAAGC	7	3.18	0.0007454739084132055	0.00033897743651053965	0.043593252780848475	82.9143667891738	-1.919
GGAAAA	GGAAAA|TTTTCC	21	3.12	0.0022364217252396168	0.0003322296473120157	2.392822443992723e-11	4.5511482884741595e-08	7.342
GGAAAC	GGAAAC|GTTTCC	4	1.74	0.0004259850905218317	0.00018572092619128212	0.09986858681781925	189.95005212749223	-2.279
GGAACA	GGAACA|TGTTCC	3	1.74	0.0003194888178913738	0.00018572092619128212	0.254413044362097	483.89361037670847	-2.685
GGAAGA	GGAAGA|TCTTCC	3	1.68	0.0003194888178913738	0.00017931746517976135	0.23850422162818619	453.6350295368101	-2.657
GGAATA	GGAATA|TATTCC	7	3.10	0.0007454739084132055	0.0003305748203090387	0.03903217790076601	74.23920236725695	-1.871
GGACAA	GGACAA|TTGTCC	5	1.74	0.0005324813631522897	0.00018572092619128212	0.03249031365409787	61.79657657009415	-1.791
GGACAC	GGACAC|GTGTCC	1	0.97	0.00010649627263045793	0.00010382054312255288	0.6227604566918691	1184.490388627935	-3.074
GGACCA	GGACCA|TGGTCC	1	0.97	0.00010649627263045793	0.00010382054312255288	0.6227604566918691	1184.490388627935	-3.074
GGACCC	GGACCC|GGGTCC	3	0.54	0.0003194888178913738	5.803710650872159e-05	0.018027973405132933	34.28920541656284	-1.535
GGACGA	GGACGA|TCGTCC	2	0.94	0.00021299254526091586	0.00010024092065504774	0.2426455018690354	461.51174455490536	-2.664
GGACTA	GGACTA|TAGTCC	2	1.74	0.00021299254526091586	0.00018479585521653376	0.5176167839901485	984.5071231492625	-2.993
GGAGAA	GGAGAA|TTCTCC	8	1.68	0.0008519701810436634	0.00017931746517976135	0.00036422673279194696	0.6927592457702831	0.159
GGAGAC	GGAGAC|GTCTCC	1	0.94	0.00010649627263045793	0.00010024092065504774	0.6098649215989254	1159.963080881156	-3.064
GGAGCA	GGAGCA|TGCTCC	2	0.94	0.00021299254526091586	0.00010024092065504774	0.2426455018690354	461.51174455490536	-2.664
GGAGCC	GGAGCC|GGCTCC	2	0.53	0.00021299254526091586	5.603604848918905e-05	0.09824426547141742	186.86059292663592	-2.272
GGAGGA	GGAGGA|TCCTCC	1	0.91	0.00010649627263045793	9.678471978238766e-05	0.5969958900726727	1135.4861829182234	-3.055
GGAGTA	GGAGTA|TACTCC	1	1.68	0.00010649627263045793	0.00017842428967334374	0.8127674927234894	1545.8837711600768	-3.189
GGATAA	GGATAA|TTATCC	4	3.10	0.0004259850905218317	0.0003305748203090387	0.37607652293549126	715.2975466233044	-2.854
GGATAC	GGATAC|GTATCC	2	1.74	0.00021299254526091586	0.00018479585521653376	0.5176167839901485	984.5071231492625	-2.993
GGATCA	GGATCA|TGATCC	1	1.74	0.00010649627263045793	0.00018479585521653376	0.823640910366357	1566.565011516811	-3.195
GGATGA	GGATGA|TCATCC	2	1.68	0.00021299254526091586	0.00017842428967334374	0.49907738611767144	949.245188395811	-2.977
GGATTA	GGATTA|TAATCC	3	3.09	0.0003194888178913738	0.0003289282359551809	0.5963720594416264	1134.2996570579735	-3.055
GGCAAA	GGCAAA|TTTGCC	7	1.74	0.0007454739084132055	0.00018572092619128212	0.0021593726587157774	4.107126796877409	-0.614
GGCACA	GGCACA|TGTGCC	4	0.97	0.0004259850905218317	0.00010382054312255288	0.01748619467336599	33.25874226874212	-1.522
GGCACC	GGCACC|GGTGCC	3	0.54	0.0003194888178913738	5.803710650872159e-05	0.018027973405132933	34.28920541656284	-1.535
GGCATA	GGCATA|TATGCC	1	1.74	0.00010649627263045793	0.00018479585521653376	0.823640910366357	1566.565011516811	-3.195
GGCCAA	GGCCAA|TTGGCC	5	0.97	0.0005324813631522897	0.00010382054312255288	0.0032890331379592983	6.255741028398585	-0.796
GGCCAC	GGCCAC|GTGGCC	1	0.54	0.00010649627263045793	5.803710650872159e-05	0.42013991083387975	799.1061104060393	-2.903
GGCCCA	GGCCCA|TGGGCC	3	0.54	0.0003194888178913738	5.803710650872159e-05	0.018027973405132933	34.28920541656284	-1.535
GGCCCC	GGCCCC|GGGGCC	1	0.30	0.00010649627263045793	3.244353796077377e-05	0.26261476869808664	499.4932900637608	-2.699
GGCCGA	GGCCGA|TCGGCC	1	0.53	0.00010649627263045793	5.603604848918905e-05	0.40914137022789265	778.1868861734519	-2.891
GGCCTA	GGCCTA|TAGGCC	1	0.97	0.00010649627263045793	0.00010330341576919062	0.6209241924850706	1180.9978141066042	-3.072
GGCGAA	GGCGAA|TTCGCC	1	0.94	0.00010649627263045793	0.00010024092065504774	0.6098649215989254	1159.963080881156	-3.064
GGCGAC	GGCGAC|GTCGCC	1	0.53	0.00010649627263045793	5.603604848918905e-05	0.40914137022789265	778.1868861734519	-2.891
GGCGCA	GGCGCA|TGCGCC	3	0.53	0.0003194888178913738	5.603604848918905e-05	0.01645058008237688	31.289003316680823	-1.495
GGCGCC	GGCGCC|GGCGCC	2	0.29	0.00021299254526091586	3.1324919102532465e-05	0.035643117883665316	67.79321021473143	-1.831
GGCGTA	GGCGTA|TACGCC	1	0.94	0.00010649627263045793	9.974162330562286e-05	0.6080315169630081	1156.4759452636413	-3.063
GGCTAC	GGCTAC|GTAGCC	2	0.97	0.00021299254526091586	0.00010330341576919062	0.2532134286760778	481.61194134190004	-2.683
GGCTCA	GGCTCA|TGAGCC	4	0.97	0.0004259850905218317	0.00010330341576919062	0.01720475728098996	32.72344834844291	-1.515
GGCTGA	GGCTGA|TCAGCC	2	0.94	0.00021299254526091586	9.974162330562286e-05	0.24092408853296648	458.2376163897023	-2.661
GGCTTA	GGCTTA|TAAGCC	1	1.73	0.00010649627263045793	0.0001838753919956119	0.8221100059760076	1563.6532313663665	-3.194
GGGAAA	GGGAAA|TTTCCC	7	1.68	0.0007454739084132055	0.00017931746517976135	0.0017778237100641127	3.3814206965419427	-0.529
GGGAAC	GGGAAC|GTTCCC	2	0.94	0.00021299254526091586	0.00010024092065504774	0.2426455018690354	461.51174455490536	-2.664
GGGACA	GGGACA|TGTCCC	2	0.94	0.00021299254526091586	0.00010024092065504774	0.2426455018690354	461.51174455490536	-2.664
GGGACC	GGGACC|GGTCCC	3	0.53	0.0003194888178913738	5.603604848918905e-05	0.01645058008237688	31.289003316680823	-1.495
GGGAGA	GGGAGA|TCTCCC	4	0.91	0.0004259850905218317	9.678471978238766e-05	0.013898327072866952	26.43461809259294	-1.422
GGGATA	GGGATA|TATCCC	2	1.68	0.00021299254526091586	0.00017842428967334374	0.49907738611767144	949.245188395811	-2.977
GGGCAA	GGGCAA|TTGCCC	1	0.94	0.00010649627263045793	0.00010024092065504774	0.6098649215989254	1159.963080881156	-3.064
GGGCCA	GGGCCA|TGGCCC	1	0.53	0.00010649627263045793	5.603604848918905e-05	0.40914137022789265	778.1868861734519	-2.891
GGGCCC	GGGCCC|GGGCCC	1	0.29	0.00010649627263045793	3.1324919102532465e-05	0.25482857796000274	484.6839552799252	-2.685
GGGCGA	GGGCGA|TCGCCC	1	0.51	0.00010649627263045793	5.4103984832718584e-05	0.39832414021517176	757.6125146892567	-2.879
GGGCTA	GGGCTA|TAGCCC	1	0.94	0.00010649627263045793	9.974162330562286e-05	0.6080315169630081	1156.4759452636413	-3.063
GGGGAA	GGGGAA|TTCCCC	3	0.91	0.0003194888178913738	9.678471978238766e-05	0.06431514047607444	122.32739718549358	-2.088
GGGGAC	GGGGAC|GTCCCC	1	0.51	0.00010649627263045793	5.4103984832718584e-05	0.39832414021517176	757.6125146892567	-2.879
GGGGGA	GGGGGA|TCCCCC	1	0.49	0.00010649627263045793	5.223853668667931e-05	0.3876920026911611	737.3901891185884	-2.868
GGGGTA	GGGGTA|TACCCC	3	0.90	0.0003194888178913738	9.630263767723152e-05	0.06356381595658989	120.89837794943396	-2.082
GGGTAA	GGGTAA|TTACCC	6	1.68	0.0006389776357827476	0.00017842428967334374	0.007480365281467748	14.227654765351655	-1.153
GGGTAC	GGGTAC|GTACCC	1	0.94	0.00010649627263045793	9.974162330562286e-05	0.6080315169630081	1156.4759452636413	-3.063
GGGTCA	GGGTCA|TGACCC	2	0.94	0.00021299254526091586	9.974162330562286e-05	0.24092408853296648	458.2376163897023	-2.661
GGGTGA	GGGTGA|TCACCC	2	0.90	0.00021299254526091586	9.630263767723152e-05	0.22908476653238624	435.71922594459863	-2.639
GGGTTA	GGGTTA|TAACCC	2	1.67	0.00021299254526091586	0.00017753556305027645	0.4964551999174489	944.2577902429878	-2.975
GGTAAA	GGTAAA|TTTACC	7	3.10	0.0007454739084132055	0.0003305748203090387	0.03903217790076601	74.23920236725695	-1.871
GGTAAC	GGTAAC|GTTACC	3	1.74	0.0003194888178913738	0.00018479585521653376	0.25210519023315664	479.5040718234639	-2.681
GGTACC	GGTACC|GGTACC	1	0.97	0.00010649627263045793	0.00010330341576919062	0.6209241924850706	1180.9978141066042	-3.072
GGTAGA	GGTAGA|TCTACC	3	1.68	0.0003194888178913738	0.00017842428967334374	0.23629854388103202	449.4398304617229	-2.653
GGTATA	GGTATA|TATACC	9	3.09	0.0009584664536741214	0.0003289282359551809	0.004575910852957329	8.70338244232484	-0.94
GGTCAA	GGTCAA|TTGACC	1	1.74	0.00010649627263045793	0.00018479585521653376	0.823640910366357	1566.565011516811	-3.195
GGTCAC	GGTCAC|GTGACC	7	0.97	0.0007454739084132055	0.00010330341576919062	6.902794898919409e-05	0.13129115897744714	0.882
GGTCCA	GGTCCA|TGGACC	1	0.97	0.00010649627263045793	0.00010330341576919062	0.6209241924850706	1180.9978141066042	-3.072
GGTCGA	GGTCGA|TCGACC	1	0.94	0.00010649627263045793	9.974162330562286e-05	0.6080315169630081	1156.4759452636413	-3.063
GGTCTA	GGTCTA|TAGACC	1	1.73	0.00010649627263045793	0.0001838753919956119	0.8221100059760076	1563.6532313663665	-3.194
GGTGAA	GGTGAA|TTCACC	6	1.68	0.0006389776357827476	0.00017842428967334374	0.007480365281467748	14.227654765351655	-1.153
GGTGAC	GGTGAC|GTCACC	3	0.94	0.0003194888178913738	9.974162330562286e-05	0.06901248104308626	131.26173894395006	-2.118
GGTGCA	GGTGCA|TGCACC	3	0.94	0.0003194888178913738	9.974162330562286e-05	0.06901248104308626	131.26173894395006	-2.118
GGTGGA	GGTGGA|TCCACC	4	0.90	0.0004259850905218317	9.630263767723152e-05	0.01367129002564637	26.002793628779393	-1.415
GGTGTA	GGTGTA|TACACC	2	1.67	0.00021299254526091586	0.00017753556305027645	0.4964551999174489	944.2577902429878	-2.975
GGTTAA	GGTTAA|TTAACC	5	3.09	0.0005324813631522897	0.0003289282359551809	0.1998438792995006	380.1030584276501	-2.58
GGTTAC	GGTTAC|GTAACC	3	1.73	0.0003194888178913738	0.0001838753919956119	0.24981186536281655	475.1421679200771	-2.677
GGTTCA	GGTTCA|TGAACC	3	1.73	0.0003194888178913738	0.0001838753919956119	0.24981186536281655	475.1421679200771	-2.677
GGTTGA	GGTTGA|TCAACC	3	1.67	0.0003194888178913738	0.00017753556305027645	0.23410740683750705	445.2722878049384	-2.649
GGTTTA	GGTTTA|TAAACC	6	3.07	0.0006389776357827476	0.00032728985319402707	0.09148263157203905	173.99996525001828	-2.241
GTAAAA	GTAAAA|TTTTAC	11	5.75	0.0011714589989350373	0.0006124710487704378	0.03317486442493312	63.0985921362228	-1.8
GTAAAC	GTAAAC|GTTTAC	7	3.21	0.0007454739084132055	0.00034237971043012843	0.04553356837586165	86.60484705088886	-1.938
GTAACA	GTAACA|TGTTAC	7	3.21	0.0007454739084132055	0.00034237971043012843	0.04553356837586165	86.60484705088886	-1.938
GTAAGA	GTAAGA|TCTTAC	6	3.10	0.0006389776357827476	0.0003305748203090387	0.09477477995349343	180.2616314715445	-2.256
GTAATA	GTAATA|TATTAC	11	5.72	0.0011714589989350373	0.0006094203468290331	0.03219190381276024	61.22900105186998	-1.787
GTACAA	GTACAA|TTGTAC	8	3.21	0.0008519701810436634	0.00034237971043012843	0.017248862340841255	32.80733617228007	-1.516
GTACAC	GTACAC|GTGTAC	3	1.80	0.0003194888178913738	0.0001913949505850939	0.2686288570017931	510.93208601741054	-2.708
GTACCA	GTACCA|TGGTAC	3	1.80	0.0003194888178913738	0.0001913949505850939	0.2686288570017931	510.93208601741054	-2.708
GTACGA	GTACGA|TCGTAC	3	1.74	0.0003194888178913738	0.00018479585521653376	0.25210519023315664	479.5040718234639	-2.681
GTACTA	GTACTA|TAGTAC	5	3.20	0.0005324813631522897	0.00034067432623375926	0.21919729759068302	416.9132600174791	-2.62
GTAGAA	GTAGAA|TTCTAC	7	3.10	0.0007454739084132055	0.0003305748203090387	0.03903217790076601	74.23920236725695	-1.871
GTAGCA	GTAGCA|TGCTAC	6	1.74	0.0006389776357827476	0.00018479585521653376	0.008787372692515777	16.71358286116501	-1.223
GTAGGA	GTAGGA|TCCTAC	1	1.68	0.00010649627263045793	0.00017842428967334374	0.8127674927234894	1545.8837711600768	-3.189
GTAGTA	GTAGTA|TACTAC	5	3.09	0.0005324813631522897	0.0003289282359551809	0.1998438792995006	380.1030584276501	-2.58
GTATAA	GTATAA|TTATAC	13	5.72	0.0013844515441959531	0.0006094203468290319	0.006108551299532339	11.61846457171051	-1.065
GTATAC	GTATAC|GTATAC	3	3.20	0.0003194888178913738	0.00034067432623375855	0.6198733040294816	1178.999024264074	-3.072
GTATCA	GTATCA|TGATAC	4	3.20	0.0004259850905218317	0.00034067432623375855	0.3972424967342896	755.5552287886188	-2.878
GTATGA	GTATGA|TCATAC	3	3.09	0.0003194888178913738	0.00032892823595518023	0.596372059441625	1134.2996570579708	-3.055
GTATTA	GTATTA|TAATAC	5	5.69	0.0005324813631522897	0.0006063848403525459	0.6718945742397908	1277.943480204082	-3.107
GTCAAA	GTCAAA|TTTGAC	9	3.21	0.0009584664536741214	0.00034237971043012843	0.005882138859969475	11.187828111661942	-1.049
GTCAAC	GTCAAC|GTTGAC	3	1.80	0.0003194888178913738	0.0001913949505850939	0.2686288570017931	510.93208601741054	-2.708
GTCACA	GTCACA|TGTGAC	3	1.80	0.0003194888178913738	0.0001913949505850939	0.2686288570017931	510.93208601741054	-2.708
GTCAGA	GTCAGA|TCTGAC	2	1.74	0.00021299254526091586	0.00018479585521653376	0.5176167839901485	984.5071231492625	-2.993
GTCATA	GTCATA|TATGAC	7	3.20	0.0007454739084132055	0.00034067432623375926	0.04455420397533794	84.74209596109277	-1.928
GTCCAA	GTCCAA|TTGGAC	5	1.80	0.0005324813631522897	0.0001913949505850939	0.03620446059828504	68.86088405793815	-1.838
GTCCAC	GTCCAC|GTGGAC	2	1.00	0.00021299254526091586	0.00010699240052353005	0.26595492968916445	505.8462762687908	-2.704
GTCCGA	GTCCGA|TCGGAC	1	0.97	0.00010649627263045793	0.00010330341576919062	0.6209241924850706	1180.9978141066042	-3.072
GTCCTA	GTCCTA|TAGGAC	3	1.79	0.0003194888178913738	0.0001904416174463322	0.26623368855440066	506.37647563047005	-2.704
GTCGAA	GTCGAA|TTCGAC	1	1.74	0.00010649627263045793	0.00018479585521653376	0.823640910366357	1566.565011516811	-3.195
GTCGCA	GTCGCA|TGCGAC	3	0.97	0.0003194888178913738	0.00010330341576919062	0.0748702013577957	142.4031229825274	-2.154
GTCGGA	GTCGGA|TCCGAC	1	0.94	0.00010649627263045793	9.974162330562286e-05	0.6080315169630081	1156.4759452636413	-3.063
GTCGTA	GTCGTA|TACGAC	4	1.73	0.0004259850905218317	0.0001838753919956119	0.09720717511224425	184.88804706348856	-2.267
GTCTAA	GTCTAA|TTAGAC	4	3.20	0.0004259850905218317	0.00034067432623375855	0.3972424967342896	755.5552287886188	-2.878
GTCTCA	GTCTCA|TGAGAC	2	1.79	0.00021299254526091586	0.00019044161744633182	0.5336569612296558	1015.0155402588053	-3.006
GTCTGA	GTCTGA|TCAGAC	1	1.73	0.00010649627263045793	0.00018387539199561152	0.8221100059760069	1563.6532313663652	-3.194
GTCTTA	GTCTTA|TAAGAC	3	3.18	0.0003194888178913738	0.000338977436510539	0.6165366241744155	1172.6526591797383	-3.069
GTGAAA	GTGAAA|TTTCAC	13	3.10	0.0013844515441959531	0.000330574820309038	2.2881052489529633e-05	0.04351976183508536	1.361
GTGAAC	GTGAAC|GTTCAC	5	1.74	0.0005324813631522897	0.00018479585521653338	0.03190832376422047	60.68963179954733	-1.783
GTGACA	GTGACA|TGTCAC	3	1.74	0.0003194888178913738	0.00018479585521653338	0.25210519023315575	479.50407182346225	-2.681
GTGAGA	GTGAGA|TCTCAC	1	1.68	0.00010649627263045793	0.00017842428967334336	0.8127674927234887	1545.8837711600754	-3.189
GTGATA	GTGATA|TATCAC	7	3.09	0.0007454739084132055	0.00032892823595518023	0.038176525062837766	72.61175066951743	-1.861
GTGCAA	GTGCAA|TTGCAC	6	1.74	0.0006389776357827476	0.00018479585521653338	0.008787372692515692	16.713582861164845	-1.223
GTGCAC	GTGCAC|GTGCAC	4	0.97	0.0004259850905218317	0.00010330341576919041	0.017204757280989847	32.72344834844269	-1.515
GTGCCA	GTGCCA|TGGCAC	6	0.97	0.0006389776357827476	0.00010330341576919041	0.000507634604261465	0.9655210173053064	0.015
GTGCGA	GTGCGA|TCGCAC	1	0.94	0.00010649627263045793	9.974162330562266e-05	0.6080315169630074	1156.4759452636401	-3.063
GTGCTA	GTGCTA|TAGCAC	1	1.73	0.00010649627263045793	0.00018387539199561152	0.8221100059760069	1563.6532313663652	-3.194
GTGGAA	GTGGAA|TTCCAC	7	1.68	0.0007454739084132055	0.00017842428967334336	0.001729063333570089	3.288678460450309	-0.517
GTGGCA	GTGGCA|TGCCAC	6	0.94	0.0006389776357827476	9.974162330562266e-05	0.0004230025736385997	0.8045508950606166	0.094
GTGGGA	GTGGGA|TCCCAC	1	0.90	0.00010649627263045793	9.630263767723133e-05	0.5951674555165136	1132.008500392409	-3.054
GTGGTA	GTGGTA|TACCAC	7	1.67	0.0007454739084132055	0.0001775355630502761	0.0016815823068507278	3.1983695476300844	-0.505
GTGTAA	GTGTAA|TTACAC	6	3.09	0.0006389776357827476	0.00032892823595518023	0.09311674104181954	177.10804146154075	-2.248
GTGTCA	GTGTCA|TGACAC	4	1.73	0.0004259850905218317	0.00018387539199561152	0.0972071751122437	184.8880470634875	-2.267
GTGTGA	GTGTGA|TCACAC	3	1.67	0.0003194888178913738	0.0001775355630502761	0.23410740683750617	445.27228780493675	-2.649
GTGTTA	GTGTTA|TAACAC	4	3.07	0.0004259850905218317	0.0003272898531940264	0.3691747271928507	702.1703311208021	-2.846
GTTAAA	GTTAAA|TTTAAC	9	5.72	0.0009584664536741214	0.0006094203468290319	0.12546765215700473	238.639474402623	-2.378
GTTAAC	GTTAAC|GTTAAC	1	3.20	0.00010649627263045793	0.00034067432623375855	0.9591942356039586	1824.3874361187293	-3.261
GTTACA	GTTACA|TGTAAC	7	3.20	0.0007454739084132055	0.00034067432623375855	0.04455420397533756	84.74209596109205	-1.928
GTTAGA	GTTAGA|TCTAAC	5	3.09	0.0005324813631522897	0.00032892823595518023	0.19984387929949943	380.1030584276479	-2.58
GTTATA	GTTATA|TATAAC	6	5.69	0.0006389776357827476	0.0006063848403525459	0.5040003557126794	958.6086765655162	-2.982
GTTCAA	GTTCAA|TTGAAC	5	3.20	0.0005324813631522897	0.00034067432623375855	0.21919729759068174	416.91326001747666	-2.62
GTTCCA	GTTCCA|TGGAAC	2	1.79	0.00021299254526091586	0.00019044161744633182	0.5336569612296558	1015.0155402588053	-3.006
GTTCGA	GTTCGA|TCGAAC	5	1.73	0.0005324813631522897	0.00018387539199561152	0.03133574471589121	59.60058644962509	-1.775
GTTCTA	GTTCTA|TAGAAC	4	3.18	0.0004259850905218317	0.000338977436510539	0.3936934292766866	748.8049024842579	-2.874
GTTGAA	GTTGAA|TTCAAC	8	3.09	0.0008519701810436634	0.00032892823595518023	0.013935048438351619	26.50446212974478	-1.423
GTTGCA	GTTGCA|TGCAAC	1	1.73	0.00010649627263045793	0.00018387539199561152	0.8221100059760069	1563.6532313663652	-3.194
GTTGGA	GTTGGA|TCCAAC	6	1.67	0.0006389776357827476	0.0001775355630502761	0.007309901651248761	13.903432940675144	-1.143
GTTGTA	GTTGTA|TACAAC	11	3.07	0.0011714589989350373	0.0003272898531940264	0.0003569890932969223	0.6789932554507463	0.168
GTTTAA	GTTTAA|TTAAAC	9	5.69	0.0009584664536741214	0.0006063848403525459	0.12282323714095174	233.6097970420902	-2.368
GTTTCA	GTTTCA|TGAAAC	6	3.18	0.0006389776357827476	0.000338977436510539	0.10347952501303209	196.81805657478705	-2.294
GTTTGA	GTTTGA|TCAAAC	4	3.07	0.0004259850905218317	0.0003272898531940264	0.3691747271928507	702.1703311208021	-2.846
GTTTTA	GTTTTA|TAAAAC	9	5.67	0.0009584664536741214	0.0006033644536527734	0.12022211836132166	228.6624691232338	-2.359
TAAAAA	TAAAAA|TTTTTA	20	10.66	0.002129925452609159	0.0011347530499488056	0.0067370565238222295	12.81388150830988	-1.108
TAAACA	TAAACA|TGTTTA	7	5.96	0.0007454739084132055	0.0006343425071783241	0.38670664805679705	735.516044604028	-2.867
TAAAGA	TAAAGA|TCTTTA	14	5.75	0.001490947816826411	0.0006124710487704378	0.0025093743803063667	4.772830071342709	-0.679
TAAATA	TAAATA|TATTTA	18	10.60	0.0019169329073482429	0.001129100875304072	0.023734547861515947	45.14311003260333	-1.655
TAACAA	TAACAA|TTGTTA	10	5.96	0.0010649627263045794	0.0006343425071783241	0.08096049932425986	153.98686971474226	-2.187
TAACCA	TAACCA|TGGTTA	6	3.33	0.0006389776357827476	0.00035460615543746367	0.12072924634486469	229.62702654793264	-2.361
TAACGA	TAACGA|TCGTTA	3	3.21	0.0003194888178913738	0.00034237971043012843	0.6232066709487214	1185.3390881444682	-3.074
TAACTA	TAACTA|TAGTTA	9	5.93	0.0009584664536741214	0.0006311828640865413	0.1452977037532842	276.35623253874655	-2.441
TAAGAA	TAAGAA|TTCTTA	12	5.75	0.0012779552715654952	0.0006124710487704378	0.015043326375926001	28.612406767011255	-1.457
TAAGCA	TAAGCA|TGCTTA	6	3.21	0.0006389776357827476	0.00034237971043012843	0.10711873161393944	203.7398275297128	-2.309
TAAGTA	TAAGTA|TACTTA	7	5.72	0.0007454739084132055	0.0006094203468290331	0.3492148629298764	664.206669292625	-2.822
TAATAA	TAATAA|TTATTA	18	10.60	0.0019169329073482429	0.001129100875304072	0.023734547861515947	45.14311003260333	-1.655
TAATCA	TAATCA|TGATTA	8	5.93	0.0008519701810436634	0.0006311828640865413	0.24600621978209686	467.90383002554825	-2.67
TAATGA	TAATGA|TCATTA	7	5.72	0.0007454739084132055	0.0006094203468290331	0.3492148629298764	664.206669292625	-2.822
TAATTA	TAATTA|TAATTA	5	10.55	0.0005324813631522897	0.0011234768539903348	0.979585580577198	1863.1717742578307	-3.27
TACAAA	TACAAA|TTTGTA	10	5.96	0.0010649627263045794	0.0006343425071783241	0.08096049932425986	153.98686971474226	-2.187
TACACA	TACACA|TGTGTA	7	3.33	0.0007454739084132055	0.00035460615543746367	0.05295794192589699	100.72600554305608	-2.003
TACAGA	TACAGA|TCTGTA	5	3.21	0.0005324813631522897	0.00034237971043012843	0.22205411127100083	422.3469196374436	-2.626
TACATA	TACATA|TATGTA	14	5.93	0.001490947816826411	0.0006311828640865413	0.0032638735374973687	6.207887468319996	-0.793
TACCAA	TACCAA|TTGGTA	7	3.33	0.0007454739084132055	0.00035460615543746367	0.05295794192589699	100.72600554305608	-2.003
TACCCA	TACCCA|TGGGTA	2	1.86	0.00021299254526091586	0.0001982297009126483	0.5551748306909025	1055.9425279740965	-3.024
TACCGA	TACCGA|TCGGTA	2	1.80	0.00021299254526091586	0.0001913949505850939	0.5363290670830533	1020.0978855919674	-3.009
TACCTA	TACCTA|TAGGTA	4	3.31	0.0004259850905218317	0.0003528398716449499	0.4225686504685637	803.7255731912081	-2.905
TACGAA	TACGAA|TTCGTA	4	3.21	0.0004259850905218317	0.00034237971043012843	0.4008057889254147	762.3326105361388	-2.882
TACGCA	TACGCA|TGCGTA	2	1.80	0.00021299254526091586	0.0001913949505850939	0.5363290670830533	1020.0978855919674	-3.009
TACGGA	TACGGA|TCCGTA	2	1.74	0.00021299254526091586	0.00018479585521653376	0.5176167839901485	984.5071231492625	-2.993
TACGTA	TACGTA|TACGTA	5	3.20	0.0005324813631522897	0.00034067432623375926	0.21919729759068302	416.9132600174791	-2.62
TACTAA	TACTAA|TTAGTA	7	5.93	0.0007454739084132055	0.0006311828640865413	0.38194250309339733	726.4546408836417	-2.861
TACTCA	TACTCA|TGAGTA	6	3.31	0.0006389776357827476	0.0003528398716449499	0.11871228752868103	225.79077087955133	-2.354
TACTGA	TACTGA|TCAGTA	3	3.20	0.0003194888178913738	0.00034067432623375926	0.6198733040294828	1178.9990242640763	-3.072
TAGAAA	TAGAAA|TTTCTA	17	5.75	0.001810436634717785	0.0006124710487704378	0.00010707265143350575	0.20365218302652793	0.691
TAGACA	TAGACA|TGTCTA	2	3.21	0.00021299254526091586	0.00034237971043012843	0.8307382294232579	1580.0641123630367	-3.199
TAGAGA	TAGAGA|TCTCTA	5	3.10	0.0005324813631522897	0.0003305748203090387	0.20252126844506227	385.19545258250844	-2.586
TAGATA	TAGATA|TATCTA	12	5.72	0.0012779552715654952	0.0006094203468290331	0.014530682845661379	27.637358772447943	-1.441
TAGCAA	TAGCAA|TTGCTA	8	3.21	0.0008519701810436634	0.00034237971043012843	0.017248862340841255	32.80733617228007	-1.516
TAGCCA	TAGCCA|TGGCTA	5	1.80	0.0005324813631522897	0.0001913949505850939	0.03620446059828504	68.86088405793815	-1.838
TAGCGA	TAGCGA|TCGCTA	5	1.74	0.0005324813631522897	0.00018479585521653376	0.03190832376422069	60.68963179954775	-1.783
TAGCTA	TAGCTA|TAGCTA	2	3.20	0.00021299254526091586	0.00034067432623375926	0.8286593732213758	1576.110127867057	-3.198
TAGGAA	TAGGAA|TTCCTA	1	3.10	0.00010649627263045793	0.0003305748203090387	0.955135011865434	1816.6667925680556	-3.259
TAGGCA	TAGGCA|TGCCTA	1	1.74	0.00010649627263045793	0.00018479585521653376	0.823640910366357	1566.565011516811	-3.195
TAGGGA	TAGGGA|TCCCTA	3	1.68	0.0003194888178913738	0.00017842428967334374	0.23629854388103202	449.4398304617229	-2.653
TAGTAA	TAGTAA|TTACTA	8	5.72	0.0008519701810436634	0.0006094203468290331	0.21877337721170484	416.1069634566626	-2.619
TAGTCA	TAGTCA|TGACTA	14	3.20	0.001490947816826411	0.00034067432623375926	6.961319417478455e-06	0.013240429532044021	1.878
TAGTGA	TAGTGA|TCACTA	2	3.09	0.00021299254526091586	0.0003289282359551809	0.8137051572668307	1547.6672091215119	-3.19
TATAAA	TATAAA|TTTATA	25	10.60	0.0026624068157614484	0.001129100875304072	0.00011496791659734459	0.21866897736814941	0.66
TATACA	TATACA|TGTATA	13	5.93	0.0013844515441959531	0.0006311828640865413	0.008032687316505097	15.278171275992694	-1.184
TATAGA	TATAGA|TCTATA	14	5.72	0.001490947816826411	0.0006094203468290331	0.0024012215996240802	4.567123482485001	-0.66
TATATA	TATATA|TATATA	64	10.55	0.006815761448349307	0.0011234768539903324	7.557629361524705e-29	1.4374611045619989e-25	24.842
TATCAA	TATCAA|TTGATA	10	5.93	0.0010649627263045794	0.00063118286408654	0.07897770961963001	150.21560369653628	-2.177
TATCCA	TATCCA|TGGATA	6	3.31	0.0006389776357827476	0.00035283987164494917	0.1187122875286802	225.79077087954974	-2.354
TATCGA	TATCGA|TCGATA	6	3.20	0.0006389776357827476	0.00034067432623375855	0.10528640332327721	200.25473912087327	-2.302
TATGAA	TATGAA|TTCATA	5	5.72	0.0005324813631522897	0.0006094203468290319	0.6760790522854075	1285.9023574468451	-3.109
TATGCA	TATGCA|TGCATA	6	3.20	0.0006389776357827476	0.00034067432623375855	0.10528640332327721	200.25473912087327	-2.302
TATGGA	TATGGA|TCCATA	6	3.09	0.0006389776357827476	0.00032892823595518023	0.09311674104181954	177.10804146154075	-2.248
TATTAA	TATTAA|TTAATA	9	10.55	0.0009584664536741214	0.0011234768539903324	0.7255469415492153	1379.9902828266074	-3.14
TATTCA	TATTCA|TGAATA	9	5.90	0.0009584664536741214	0.0006280389590926374	0.1423400563922717	270.7307872581008	-2.433
TATTGA	TATTGA|TCAATA	10	5.69	0.0010649627263045794	0.0006063848403525459	0.06446399208970069	122.61051295461071	-2.089
TCAAAA	TCAAAA|TTTTGA	13	5.96	0.0013844515441959531	0.0006343425071783241	0.008347776191322683	15.877470315895742	-1.201
TCAACA	TCAACA|TGTTGA	4	3.33	0.0004259850905218317	0.00035460615543746367	0.4262251783286773	810.6802891811442	-2.909
TCAAGA	TCAAGA|TCTTGA	8	3.21	0.0008519701810436634	0.00034237971043012843	0.017248862340841255	32.80733617228007	-1.516
TCACAA	TCACAA|TTGTGA	6	3.33	0.0006389776357827476	0.00035460615543746367	0.12072924634486469	229.62702654793264	-2.361
TCACCA	TCACCA|TGGTGA	5	1.86	0.0005324813631522897	0.0001982297009126483	0.041011430324748264	78.0037404776712	-1.892
TCAGAA	TCAGAA|TTCTGA	6	3.21	0.0006389776357827476	0.00034237971043012843	0.10711873161393944	203.7398275297128	-2.309
TCAGCA	TCAGCA|TGCTGA	6	1.80	0.0006389776357827476	0.0001913949505850939	0.010305301333485615	19.60068313628964	-1.292
TCAGGA	TCAGGA|TCCTGA	4	1.74	0.0004259850905218317	0.00018479585521653376	0.0985303566535023	187.40473835496135	-2.273
TCATAA	TCATAA|TTATGA	11	5.93	0.0011714589989350373	0.00063118286408654	0.03967112845060075	75.45448631304262	-1.878
TCATCA	TCATCA|TGATGA	8	3.31	0.0008519701810436634	0.00035283987164494917	0.02019077024027304	38.40284499699933	-1.584
TCATGA	TCATGA|TCATGA	8	3.20	0.0008519701810436634	0.00034067432623375855	0.0168001795084135	31.95394142500248	-1.505
TCCAAA	TCCAAA|TTTGGA	7	3.33	0.0007454739084132055	0.00035460615543746367	0.05295794192589699	100.72600554305608	-2.003
TCCACA	TCCACA|TGTGGA	3	1.86	0.0003194888178913738	0.0001982297009126483	0.285864553108995	543.7143800133085	-2.735
TCCAGA	TCCAGA|TCTGGA	2	1.80	0.00021299254526091586	0.0001913949505850939	0.5363290670830533	1020.0978855919674	-3.009
TCCCAA	TCCCAA|TTGGGA	5	1.86	0.0005324813631522897	0.0001982297009126483	0.041011430324748264	78.0037404776712	-1.892
TCCCCA	TCCCCA|TGGGGA	2	1.04	0.00021299254526091586	0.00011081311962969532	0.2791491800197466	530.941740397558	-2.725
TCCCGA	TCCCGA|TCGGGA	2	1.00	0.00021299254526091586	0.00010699240052353005	0.26595492968916445	505.8462762687908	-2.704
TCCGAA	TCCGAA|TTCGGA	2	1.80	0.00021299254526091586	0.0001913949505850939	0.5363290670830533	1020.0978855919674	-3.009
TCCGCA	TCCGCA|TGCGGA	2	1.00	0.00021299254526091586	0.00010699240052353005	0.26595492968916445	505.8462762687908	-2.704
TCCTAA	TCCTAA|TTAGGA	1	3.31	0.00010649627263045793	0.00035283987164494917	0.9635992680034413	1832.7658077425453	-3.263
TCCTCA	TCCTCA|TGAGGA	3	1.85	0.0003194888178913738	0.00019724232406498736	0.28336853384653415	538.966951376108	-2.732
TCGAAA	TCGAAA|TTTCGA	2	3.21	0.00021299254526091586	0.00034237971043012843	0.8307382294232579	1580.0641123630367	-3.199
TCGACA	TCGACA|TGTCGA	4	1.80	0.0004259850905218317	0.0001913949505850939	0.10825871065901102	205.90806767343895	-2.314
TCGAGA	TCGAGA|TCTCGA	8	1.74	0.0008519701810436634	0.00018479585521653376	0.0004430955440347875	0.8427677247541658	0.074
TCGCAA	TCGCAA|TTGCGA	7	1.80	0.0007454739084132055	0.0001913949505850939	0.0025476459319636524	4.845622562594867	-0.685
TCGCCA	TCGCCA|TGGCGA	2	1.00	0.00021299254526091586	0.00010699240052353005	0.26595492968916445	505.8462762687908	-2.704
TCGCGA	TCGCGA|TCGCGA	2	0.97	0.00021299254526091586	0.00010330341576919062	0.2532134286760778	481.61194134190004	-2.683
TCGGAA	TCGGAA|TTCCGA	3	1.74	0.0003194888178913738	0.00018479585521653376	0.25210519023315664	479.5040718234639	-2.681
TCGTAA	TCGTAA|TTACGA	5	3.20	0.0005324813631522897	0.00034067432623375855	0.21919729759068174	416.91326001747666	-2.62
TCGTCA	TCGTCA|TGACGA	5	1.79	0.0005324813631522897	0.00019044161744633182	0.035562981778716404	67.64079134311861	-1.83
TCTAAA	TCTAAA|TTTAGA	12	5.93	0.0012779552715654952	0.00063118286408654	0.01849271716836882	35.1731480542375	-1.546
TCTACA	TCTACA|TGTAGA	5	3.31	0.0005324813631522897	0.00035283987164494917	0.23981255699500964	456.12348340450836	-2.659
TCTAGA	TCTAGA|TCTAGA	5	3.20	0.0005324813631522897	0.00034067432623375855	0.21919729759068174	416.91326001747666	-2.62
TCTCAA	TCTCAA|TTGAGA	2	3.31	0.00021299254526091586	0.00035283987164494917	0.8429975860082848	1603.3814085877577	-3.205
TCTCCA	TCTCCA|TGGAGA	2	1.85	0.00021299254526091586	0.00019724232406498736	0.552486223616044	1050.8287973177157	-3.022
TCTGAA	TCTGAA|TTCAGA	2	3.20	0.00021299254526091586	0.00034067432623375855	0.828659373221375	1576.110127867055	-3.198
TCTGCA	TCTGCA|TGCAGA	4	1.79	0.0004259850905218317	0.00019044161744633182	0.10682741910435947	203.18575113649172	-2.308
TCTTAA	TCTTAA|TTAAGA	2	5.90	0.00021299254526091586	0.0006280389590926374	0.9810539128236031	1865.9645421904931	-3.271
TCTTCA	TCTTCA|TGAAGA	4	3.30	0.0004259850905218317	0.00035108238566484745	0.4189246415218922	796.7946681746389	-2.901
TGAAAA	TGAAAA|TTTTCA	25	5.75	0.0026624068157614484	0.0006124710487704378	2.586978402240818e-09	4.920432921062036e-06	5.308
TGAACA	TGAACA|TGTTCA	5	3.21	0.0005324813631522897	0.00034237971043012843	0.22205411127100083	422.3469196374436	-2.626
TGACAA	TGACAA|TTGTCA	7	3.21	0.0007454739084132055	0.00034237971043012843	0.04553356837586165	86.60484705088886	-1.938
TGACCA	TGACCA|TGGTCA	3	1.80	0.0003194888178913738	0.0001913949505850939	0.2686288570017931	510.93208601741054	-2.708
TGAGAA	TGAGAA|TTCTCA	4	3.10	0.0004259850905218317	0.0003305748203090387	0.37607652293549126	715.2975466233044	-2.854
TGAGCA	TGAGCA|TGCTCA	3	1.74	0.0003194888178913738	0.00018479585521653376	0.25210519023315664	479.5040718234639	-2.681
TGATAA	TGATAA|TTATCA	11	5.72	0.0011714589989350373	0.0006094203468290319	0.03219190381275985	61.22900105186924	-1.787
TGATCA	TGATCA|TGATCA	3	3.20	0.0003194888178913738	0.00034067432623375855	0.6198733040294816	1178.999024264074	-3.072
TGCAAA	TGCAAA|TTTGCA	11	3.21	0.0011714589989350373	0.00034237971043012843	0.0005163723084907303	0.9821401307493691	0.008
TGCACA	TGCACA|TGTGCA	5	1.80	0.0005324813631522897	0.0001913949505850939	0.03620446059828504	68.86088405793815	-1.838
TGCCAA	TGCCAA|TTGGCA	4	1.80	0.0004259850905218317	0.0001913949505850939	0.10825871065901102	205.90806767343895	-2.314
TGCGAA	TGCGAA|TTCGCA	3	1.74	0.0003194888178913738	0.00018479585521653376	0.25210519023315664	479.5040718234639	-2.681
TGCTAA	TGCTAA|TTAGCA	2	3.20	0.00021299254526091586	0.00034067432623375855	0.828659373221375	1576.110127867055	-3.198
TGGAAA	TGGAAA|TTTCCA	10	3.10	0.0010649627263045794	0.000330574820309038	0.0014144257379197509	2.690237753523366	-0.43
TGGACA	TGGACA|TGTCCA	5	1.74	0.0005324813631522897	0.00018479585521653338	0.03190832376422047	60.68963179954733	-1.783
TGGCAA	TGGCAA|TTGCCA	5	1.74	0.0005324813631522897	0.00018479585521653338	0.03190832376422047	60.68963179954733	-1.783
TGGCCA	TGGCCA|TGGCCA	1	0.97	0.00010649627263045793	0.00010330341576919041	0.6209241924850698	1180.9978141066028	-3.072
TGGGAA	TGGGAA|TTCCCA	6	1.68	0.0006389776357827476	0.00017842428967334336	0.007480365281467674	14.227654765351517	-1.153
TGGTAA	TGGTAA|TTACCA	5	3.09	0.0005324813631522897	0.00032892823595518023	0.19984387929949943	380.1030584276479	-2.58
TGTAAA	TGTAAA|TTTACA	10	5.72	0.0010649627263045794	0.0006094203468290319	0.06614120718233073	125.80057606079305	-2.1
TGTACA	TGTACA|TGTACA	6	3.20	0.0006389776357827476	0.00034067432623375855	0.10528640332327721	200.25473912087327	-2.302
TGTCAA	TGTCAA|TTGACA	9	3.20	0.0009584664536741214	0.00034067432623375855	0.005702275149880509	10.845727335072727	-1.035
TGTGAA	TGTGAA|TTCACA	10	3.09	0.0010649627263045794	0.00032892823595518023	0.0013640252369039167	2.5943760005912493	-0.414
TGTTAA	TGTTAA|TTAACA	8	5.69	0.0008519701810436634	0.0006063848403525459	0.2150672625866594	409.0579334398262	-2.612
TTAAAA	TTAAAA|TTTTAA	17	10.60	0.001810436634717785	0.001129100875304072	0.04262321862325283	81.06936182142688	-1.909
TTACAA	TTACAA|TTGTAA	10	5.93	0.0010649627263045794	0.00063118286408654	0.07897770961963001	150.21560369653628	-2.177
TTAGAA	TTAGAA|TTCTAA	10	5.72	0.0010649627263045794	0.0006094203468290319	0.06614120718233073	125.80057606079305	-2.1
TTATAA	TTATAA|TTATAA	9	10.55	0.0009584664536741214	0.0011234768539903324	0.7255469415492153	1379.9902828266074	-3.14
TTCAAA	TTCAAA|TTTGAA	11	5.93	0.0011714589989350373	0.00063118286408654	0.03967112845060075	75.45448631304262	-1.878
TTCCAA	TTCCAA|TTGGAA	10	3.31	0.0010649627263045794	0.00035283987164494917	0.002257362861262803	4.2935041621218515	-0.633
TTCGAA	TTCGAA|TTCGAA	2	3.20	0.00021299254526091586	0.00034067432623375855	0.828659373221375	1576.110127867055	-3.198
TTGAAA	TTGAAA|TTTCAA	17	5.72	0.001810436634717785	0.0006094203468290319	0.00010099514550589876	0.19209276675221942	0.716
TTGCAA	TTGCAA|TTGCAA	1	3.20	0.00010649627263045793	0.00034067432623375855	0.9591942356039586	1824.3874361187293	-3.261
TTTAAA	TTTAAA|TTTAAA	7	10.55	0.0007454739084132055	0.0011234768539903324	0.9008750734634489	1713.4643897274798	-3.234
;
;
; Job started	2026-05-30 09:15:49.873294
; Job done	2026-05-30 09:15:50.061825
; Job duration	0.189 seconds
