; Command	kmer-analysis -i data/seq/yeast_MET_upstream.fasta -k 6 -s single --background data/bg-models/yeast_all-upstream-noorf_mkv2.tsv --return occ,exp_occ,obs_freq,exp_freq,occ_P,occ_E,occ_sig --sort alpha -o results/kmer-analysis/yeast_MET_upstream-noorf/bg-from-file/yeast_MET_upstream_k6_str-single_mkv2_enriched.tsv
;
; Fasta URL	data/seq/yeast_MET_upstream.fasta
; Input file	data/seq/yeast_MET_upstream.fasta
; Input format	Fasta
; Output file	results/kmer-analysis/yeast_MET_upstream-noorf/bg-from-file/yeast_MET_upstream_k6_str-single_mkv2_enriched.tsv
; Strand mode	single
; Oligomer length	6
;
; Sequence type	DNA
; Nb of sequence	19
; Sum of sequence lengths	9485
; Sequences:
;	MET8	463
;	MET32	547
;	MET18	568
;	MET30	177
;	MET28	489
;	MET6	687
;	MET10	338
;	MET13	380
;	MET3	800
;	MET14	800
;	MET1	702
;	MET17	800
;	MET2	481
;	MET4	800
;	MET22	215
;	MET7	250
;	MET31	161
;	MET12	384
;	MET16	443
;
;
; column headers
; seq	 oligomer sequence
; id	 oligomer identifier
; exp_freq	 expected relative frequency
; obs_freq	 observed relative frequency
; occ	 observed occurrences
; exp_occ	 expected occurrences
; occ_P	 occurrence probability
; occ_E	 E-value for occurrence
; occ_sig	 occurrence significance
;
# seq	id	occ	exp_occ	obs_freq	exp_freq	occ_P	occ_E	occ_sig
AAAAAA	AAAAAA	38	31.75	0.004046858359957401	0.0033811417946864888	0.15367215459550956	491.28987824184406	-2.691
AAAAAC	AAAAAC	3	11.65	0.0003194888178913738	0.0012404271658131684	0.9992966033102032	3194.75124078272	-3.504
AAAAAG	AAAAAG	16	14.20	0.0017039403620873268	0.0015123083806498816	0.3506142738965928	1120.913833647407	-3.05
AAAAAT	AAAAAT	15	19.72	0.001597444089456869	0.0020999571481512803	0.8837671939988042	2825.4037192141773	-3.451
AAAACA	AAAACA	4	10.02	0.0004259850905218317	0.0010670078116603	0.9898082819343127	3164.417077343998	-3.5
AAAACC	AAAACC	1	5.08	0.00010649627263045793	0.0005409801800250349	0.993778871080793	3177.1110508452953	-3.502
AAAACG	AAAACG	2	4.82	0.00021299254526091586	0.0005128270990164174	0.9528739286606671	3046.3379499281527	-3.484
AAAACT	AAAACT	6	8.45	0.0006389776357827476	0.0008999017557164449	0.8466080939797693	2706.6060764533227	-3.432
AAAAGA	AAAAGA	13	11.72	0.0013844515441959531	0.0012481405447254325	0.39205150921051063	1253.3886749460025	-3.098
AAAAGC	AAAAGC	10	6.89	0.0010649627263045794	0.0007333944353268496	0.1581909445701436	505.7364497907491	-2.704
AAAAGG	AAAAGG	12	6.67	0.0012779552715654952	0.0007104873679986734	0.03987266554766359	127.4729117558805	-2.105
AAAAGT	AAAAGT	15	9.30	0.001597444089456869	0.00099074907598488	0.05212924379976337	166.6571924278435	-2.222
AAAATA	AAAATA	16	16.91	0.0017039403620873268	0.0018010517923421985	0.6205195061981436	1983.800861315465	-3.297
AAAATC	AAAATC	3	7.82	0.0003194888178913738	0.0008324347958700222	0.9841353679674567	3146.280771391959	-3.498
AAAATG	AAAATG	9	7.69	0.0009584664536741214	0.0008189341946837772	0.3642401800300452	1164.4758555560545	-3.066
AAAATT	AAAATT	9	15.60	0.0009584664536741214	0.0016614433028026264	0.9727232383676369	3109.796193061335	-3.493
AAACAA	AAACAA	4	8.40	0.0004259850905218317	0.0008942400603518706	0.9676710196526068	3093.644249829384	-3.49
AAACAC	AAACAC	2	4.47	0.00021299254526091586	0.00047574142859167247	0.9372403679875655	2996.357456456247	-3.477
AAACAG	AAACAG	5	4.34	0.0005324813631522897	0.0004620998179078215	0.43711192387044334	1397.4468206138074	-3.145
AAACAT	AAACAT	1	7.20	0.00010649627263045793	0.0007663207281678741	0.9992502356775098	3194.603003460999	-3.504
AAACCA	AAACCA	2	3.79	0.00021299254526091586	0.00040403567945616116	0.8921001493015057	2852.0441773169136	-3.455
AAACCC	AAACCC	1	2.45	0.00010649627263045793	0.00026100475663978155	0.9137784096733323	2921.3495757256437	-3.466
AAACCG	AAACCG	1	2.09	0.00010649627263045793	0.00022208854166330693	0.8757440100380915	2799.7536000917785	-3.447
AAACCT	AAACCT	1	4.04	0.00010649627263045793	0.0004302784351207301	0.9824080612210031	3140.758571723547	-3.497
AAACGC	AAACGC	2	2.68	0.00021299254526091586	0.0002853243895194839	0.7475398243130337	2389.8848183287687	-3.378
AAACGG	AAACGG	2	2.26	0.00021299254526091586	0.00024056566355818356	0.6595606576352858	2108.6154224600086	-3.324
AAACGT	AAACGT	1	3.47	0.00010649627263045793	0.0003692095352455038	0.9687856556793856	3097.2077412069957	-3.491
AAACTA	AAACTA	8	5.07	0.0008519701810436634	0.0005394282514358147	0.14027303904999575	448.4529058428364	-2.652
AAACTC	AAACTC	2	3.87	0.00021299254526091586	0.0004123673129095154	0.8985914676933049	2872.7969222154957	-3.458
AAACTG	AAACTG	5	3.76	0.0005324813631522897	0.0004006649084298599	0.32482586222983123	1038.4682815487704	-3.016
AAACTT	AAACTT	3	7.88	0.0003194888178913738	0.0008390010402689484	0.9848772938034823	3148.652708289733	-3.498
AAAGAA	AAAGAA	14	11.71	0.001490947816826411	0.0012475326445965003	0.28869914746564734	922.9711744476746	-2.965
AAAGAC	AAAGAC	5	4.07	0.0005324813631522897	0.00043343279192929767	0.38482307164887325	1230.2793600614477	-3.09
AAAGAG	AAAGAG	3	5.30	0.0003194888178913738	0.0005647392197788464	0.8986492377508859	2872.9816130895824	-3.458
AAAGAT	AAAGAT	6	7.45	0.0006389776357827476	0.0007937959883608367	0.7534653127043877	2408.828604715927	-3.382
AAAGCA	AAAGCA	5	5.62	0.0005324813631522897	0.000598267260729077	0.6605296924143791	2111.71342664877	-3.325
AAAGCC	AAAGCC	4	3.20	0.0004259850905218317	0.00034108627814806593	0.39810357936099916	1272.7371432171144	-3.105
AAAGCG	AAAGCG	5	3.00	0.0005324813631522897	0.00031994028624696055	0.18544959134873124	592.8823435418938	-2.773
AAAGCT	AAAGCT	4	4.95	0.0004259850905218317	0.0005266852205773621	0.7272508197456807	2325.020870726941	-3.366
AAAGGA	AAAGGA	9	5.24	0.0009584664536741214	0.0005582993958353105	0.08507406481004065	271.98178519769993	-2.435
AAAGGC	AAAGGC	4	3.49	0.0004259850905218317	0.00037161133084637405	0.461084852928378	1474.0882748120243	-3.169
AAAGGG	AAAGGG	4	3.13	0.0004259850905218317	0.0003329587694760975	0.3810809080690332	1218.3156630966992	-3.086
AAAGGT	AAAGGT	5	4.39	0.0005324813631522897	0.000467325730801777	0.4465503173970511	1427.6213647183724	-3.155
AAAGTA	AAAGTA	9	7.02	0.0009584664536741214	0.0007471392615435361	0.27294979639944994	872.6204990890415	-2.941
AAAGTC	AAAGTC	5	3.50	0.0005324813631522897	0.00037232709284528245	0.27382858438056445	875.4299842646645	-2.942
AAAGTG	AAAGTG	1	4.48	0.00010649627263045793	0.0004767485325701647	0.9886287691264929	3160.646174897398	-3.5
AAAGTT	AAAGTT	9	7.67	0.0009584664536741214	0.0008164801159264641	0.36104489925003747	1154.2605429023697	-3.062
AAATAA	AAATAA	15	12.53	0.001597444089456869	0.0013340344660987785	0.2775560516802031	887.3466972216092	-2.948
AAATAC	AAATAC	6	7.38	0.0006389776357827476	0.0007864031423313756	0.7456672179846098	2383.8980958967973	-3.377
AAATAG	AAATAG	5	6.47	0.0005324813631522897	0.0006895610821937472	0.7735167521644393	2472.933056669712	-3.393
AAATAT	AAATAT	13	14.80	0.0013844515441959531	0.0015759641779281078	0.7153411675395784	2286.9457126240322	-3.359
AAATCA	AAATCA	4	6.02	0.0004259850905218317	0.0006407258570296063	0.8502549814412762	2718.26517566776	-3.434
AAATCC	AAATCC	3	3.66	0.0003194888178913738	0.0003900467053218166	0.7081725395415759	2264.027608914418	-3.355
AAATCG	AAATCG	1	2.85	0.00010649627263045793	0.00030314216679915024	0.9419531564064896	3011.4242410315474	-3.479
AAATCT	AAATCT	3	6.51	0.0003194888178913738	0.0006932294154092906	0.9572623929542615	3060.3678702747743	-3.486
AAATGA	AAATGA	5	5.70	0.0005324813631522897	0.0006065425822402204	0.6721129018899706	2148.744947342236	-3.332
AAATGC	AAATGC	5	3.94	0.0005324813631522897	0.0004191194485552859	0.358570281664773	1146.3491904822793	-3.059
AAATGG	AAATGG	3	3.32	0.0003194888178913738	0.00035348744887906563	0.644424255044183	2060.224343376253	-3.314
AAATGT	AAATGT	6	5.78	0.0006389776357827476	0.0006151379611100019	0.5177286376568713	1655.1784545890175	-3.219
AAATTA	AAATTA	1	8.52	0.00010649627263045793	0.0009069884696796816	0.9997998856751122	3196.3602345033337	-3.505
AAATTC	AAATTC	1	7.34	0.00010649627263045793	0.0007819675314939197	0.9993526834472367	3194.930528980816	-3.504
AAATTG	AAATTG	6	6.20	0.0006389776357827476	0.0006603047609034398	0.5859275078100172	1873.2102424686252	-3.273
AAATTT	AAATTT	13	15.93	0.0013844515441959531	0.0016967242924783477	0.8023596343006776	2565.143750859266	-3.409
AACAAA	AACAAA	6	8.40	0.0006389776357827476	0.0008942400603518706	0.8424812337785887	2693.412504390148	-3.43
AACAAC	AACAAC	2	3.08	0.00021299254526091586	0.0003280665913988147	0.8125634073777989	2597.765213386823	-3.415
AACAAG	AACAAG	3	3.76	0.0003194888178913738	0.00039997338760186063	0.723881114541475	2314.2479231890957	-3.364
AACAAT	AACAAT	3	5.22	0.0003194888178913738	0.0005553939825446644	0.8923380051156797	2852.804602354828	-3.455
AACACA	AACACA	2	3.84	0.00021299254526091586	0.0004092298480942833	0.8961909794228264	2865.122561214776	-3.457
AACACC	AACACC	3	1.95	0.0003194888178913738	0.00020748230188603794	0.30932193270875075	988.9022188698762	-2.995
AACACG	AACACG	2	1.85	0.00021299254526091586	0.0001966847417007799	0.5509628593956576	1761.4282614879173	-3.246
AACACT	AACACT	6	3.24	0.0006389776357827476	0.0003451396088830731	0.11011870391775413	352.04949642505994	-2.547
AACAGA	AACAGA	6	3.58	0.0006389776357827476	0.0003813808915038473	0.15329800958687134	490.0937366492277	-2.69
AACAGC	AACAGC	2	2.10	0.00021299254526091586	0.000224095455236128	0.6214784024871867	1986.8664527515357	-3.298
AACAGG	AACAGG	3	2.04	0.0003194888178913738	0.00021709598887292264	0.33375160432307943	1067.003879020885	-3.028
AACAGT	AACAGT	4	2.84	0.0004259850905218317	0.00030273254678930974	0.3175667945338547	1015.2610421247335	-3.007
AACATA	AACATA	3	6.17	0.0003194888178913738	0.0006572435643226273	0.9452606675682762	3021.998354215779	-3.48
AACATC	AACATC	3	2.85	0.0003194888178913738	0.0003037738362827942	0.5429512499840669	1735.8151461990617	-3.24
AACATG	AACATG	5	2.81	0.0005324813631522897	0.0002988471688311013	0.15328688632364873	490.05817557670497	-2.69
AACATT	AACATT	3	5.69	0.0003194888178913738	0.0006062973440835299	0.9228526811304669	2950.3600215741026	-3.47
AACCAA	AACCAA	2	3.18	0.00021299254526091586	0.00033861503770903426	0.8261184229892908	2641.1005982967627	-3.422
AACCAC	AACCAC	2	1.69	0.00021299254526091586	0.00018014536467862014	0.5041303429705523	1611.7047064768556	-3.207
AACCAG	AACCAG	5	1.64	0.0005324813631522897	0.00017497980039568413	0.026133404623977164	83.548494582855	-1.922
AACCAT	AACCAT	2	2.72	0.00021299254526091586	0.0002901768034901888	0.7557975574102608	2416.2847910406035	-3.383
AACCCA	AACCCA	2	1.83	0.00021299254526091586	0.00019493363728291117	0.5461548969983644	1746.057205703771	-3.242
AACCCT	AACCCT	1	1.95	0.00010649627263045793	0.0002075948849749636	0.8576285753757854	2741.838555476386	-3.438
AACCGA	AACCGA	1	1.44	0.00010649627263045793	0.00015319696160030283	0.7627212027299611	2438.4196851276856	-3.387
AACCGG	AACCGG	1	0.98	0.00010649627263045793	0.00010418107291204661	0.6240353946174709	1995.0411565920544	-3.3
AACCTA	AACCTA	4	2.42	0.0004259850905218317	0.00025792187026341253	0.22586399637292648	722.0871964042459	-2.859
AACCTC	AACCTC	2	1.85	0.00021299254526091586	0.0001971690364715268	0.552286204578034	1765.6589960359747	-3.247
AACCTG	AACCTG	1	1.80	0.00010649627263045793	0.0001915736564706875	0.8345153163319039	2667.945466313097	-3.426
AACCTT	AACCTT	3	3.77	0.0003194888178913738	0.0004011594069890209	0.7257129561381594	2320.1043207736957	-3.366
AACGAC	AACGAC	1	1.15	0.00010649627263045793	0.00012284379938887793	0.6844705559328995	2188.2523673174796	-3.34
AACGAG	AACGAG	1	1.50	0.00010649627263045793	0.00016005875123740193	0.7775274763287445	2485.7553418229963	-3.395
AACGAT	AACGAT	2	2.11	0.00021299254526091586	0.00022497816723982708	0.6236005279697026	1993.650887919139	-3.3
AACGCA	AACGCA	1	2.19	0.00010649627263045793	0.0002327536625785037	0.887584886814111	2837.6088831447128	-3.453
AACGCC	AACGCC	2	1.25	0.00021299254526091586	0.00013269835357108674	0.353944567258107	1131.560781524168	-3.054
AACGCG	AACGCG	1	1.17	0.00010649627263045793	0.00012447158371936578	0.6892567191296513	2203.553731057495	-3.343
AACGCT	AACGCT	1	1.92	0.00010649627263045793	0.00020490493490477255	0.8539866668876033	2730.1953740396675	-3.436
AACGGA	AACGGA	1	1.78	0.00010649627263045793	0.0001890359641461004	0.8305246352329341	2655.18725883969	-3.424
AACGGG	AACGGG	1	1.06	0.00010649627263045793	0.00011273732781788631	0.6530600289906792	2087.8329126832014	-3.32
AACGGT	AACGGT	1	1.49	0.00010649627263045793	0.0001582329673852167	0.7736805005645984	2473.456560305021	-3.393
AACGTA	AACGTA	4	2.61	0.0004259850905218317	0.00027842664323854253	0.2671405268289719	854.0482642722232	-2.931
AACGTC	AACGTC	1	1.30	0.00010649627263045793	0.00013875028121733437	0.7282479313360006	2328.208636481194	-3.367
AACGTG	AACGTG	1	1.67	0.00010649627263045793	0.000177663657131579	0.8114254275411085	2594.1270918489236	-3.414
AACGTT	AACGTT	1	2.86	0.00010649627263045793	0.0003042669949893603	0.9425630286571339	3013.374002616857	-3.479
AACTAA	AACTAA	7	3.75	0.0007454739084132055	0.00039955312915623744	0.08644662210797657	276.3698508792011	-2.441
AACTAC	AACTAC	2	2.21	0.00021299254526091586	0.0002355335220203624	0.6482631279146696	2072.4972199431986	-3.316
AACTAT	AACTAT	4	4.43	0.0004259850905218317	0.00047201285628754364	0.646136185534856	2065.6973851549346	-3.315
AACTCA	AACTCA	5	2.98	0.0005324813631522897	0.0003173995143953603	0.18145107151477322	580.09907563273	-2.764
AACTCC	AACTCC	2	1.81	0.00021299254526091586	0.00019321935193093687	0.5414131546909317	1730.8978555469084	-3.238
AACTCG	AACTCG	2	1.41	0.00021299254526091586	0.0001501690238955995	0.41164468253588365	1316.02805006722	-3.119
AACTCT	AACTCT	3	3.22	0.0003194888178913738	0.0003434084599543815	0.6252077563211311	1998.7891969586562	-3.301
AACTGA	AACTGA	1	2.79	0.00010649627263045793	0.00029675196096302757	0.9383634914935245	2999.948082304798	-3.477
AACTGC	AACTGC	3	1.93	0.0003194888178913738	0.00020505488300121601	0.3031587619525962	969.1985619624501	-2.986
AACTGG	AACTGG	1	1.62	0.00010649627263045793	0.00017294431867132443	0.8028808976206893	2566.8102296933434	-3.409
AACTGT	AACTGT	7	2.83	0.0007454739084132055	0.00030095726428304675	0.025484124131101717	81.47274484713219	-1.911
AACTTA	AACTTA	2	4.30	0.00021299254526091586	0.00045801398596602915	0.9281304606971866	2967.2330828489057	-3.472
AACTTC	AACTTC	3	3.71	0.0003194888178913738	0.0003948805061678837	0.7159061118563224	2288.7518396046626	-3.36
AACTTG	AACTTG	7	3.13	0.0007454739084132055	0.00033344284475913806	0.04055227055526301	129.64560896517585	-2.113
AACTTT	AACTTT	3	8.05	0.0003194888178913738	0.0008568173491310788	0.9867263754830716	3154.56422241938	-3.499
AAGAAA	AAGAAA	19	11.71	0.0020234291799787005	0.0012475326445965003	0.030626285534043937	97.91223485233847	-1.991
AAGAAC	AAGAAC	4	4.30	0.0004259850905218317	0.00045767775401437446	0.6224133378288761	1989.8554410389168	-3.299
AAGAAG	AAGAAG	5	5.24	0.0005324813631522897	0.0005579931834040503	0.6004893739175856	1919.7645284145212	-3.283
AAGAAT	AAGAAT	6	7.28	0.0006389776357827476	0.0007748166902344908	0.7330899039163419	2343.688422820545	-3.37
AAGACA	AAGACA	4	3.50	0.0004259850905218317	0.000372836219299595	0.46356845216957887	1482.0283415861436	-3.171
AAGACC	AAGACC	3	1.77	0.0003194888178913738	0.00018903048584311766	0.26269303311106346	839.8296268560699	-2.924
AAGACT	AAGACT	2	2.95	0.00021299254526091586	0.00031444565323314076	0.7936661495544601	2537.350680125609	-3.404
AAGAGA	AAGAGA	5	4.38	0.0005324813631522897	0.0004660913914261858	0.4443245251839678	1420.505507013145	-3.152
AAGAGC	AAGAGC	1	2.57	0.00010649627263045793	0.0002738704661668603	0.9235901509848002	2952.7177126984066	-3.47
AAGAGG	AAGAGG	5	2.49	0.0005324813631522897	0.0002653163118053163	0.1076653628555169	344.20616504908753	-2.537
AAGAGT	AAGAGT	2	3.47	0.00021299254526091586	0.00036997405246665024	0.8613442302603289	2753.7175041422715	-3.44
AAGATA	AAGATA	7	6.39	0.0007454739084132055	0.0006808080292733371	0.4565270660565343	1459.5170301827402	-3.164
AAGATC	AAGATC	2	2.95	0.00021299254526091586	0.00031466518358020903	0.7939836600059753	2538.3657610391033	-3.405
AAGATG	AAGATG	4	2.91	0.0004259850905218317	0.00030956187798583787	0.3318945218070427	1061.0667862171156	-3.026
AAGATT	AAGATT	1	5.90	0.00010649627263045793	0.0006280352100588164	0.9972530130498213	3188.217882720279	-3.504
AAGCAA	AAGCAA	4	4.71	0.0004259850905218317	0.0005013970333623412	0.6915922089857627	2211.020292127483	-3.345
AAGCAC	AAGCAC	5	2.50	0.0005324813631522897	0.0002667464269600788	0.10945735289719132	349.93515721232063	-2.544
AAGCAG	AAGCAG	1	2.43	0.00010649627263045793	0.0002590976272356787	0.9122204498731883	2916.368778244583	-3.465
AAGCAT	AAGCAT	3	4.03	0.0003194888178913738	0.000429673145660967	0.7669271779562411	2451.8661879261026	-3.389
AAGCCA	AAGCCA	6	2.39	0.0006389776357827476	0.0002547432072989246	0.035195338036999986	112.51949570428896	-2.051
AAGCCG	AAGCCG	1	1.31	0.00010649627263045793	0.00014002611720777554	0.7314841246152757	2338.5547463950365	-3.369
AAGCGA	AAGCGA	1	2.07	0.00010649627263045793	0.000220695220831663	0.8741076526842055	2794.522165631405	-3.446
AAGCGC	AAGCGC	2	1.67	0.00021299254526091586	0.00017800690921206667	0.49784700046624975	1591.6168604906004	-3.202
AAGCGG	AAGCGG	4	1.41	0.0004259850905218317	0.0001500830346282681	0.0547773326796386	175.1231325768046	-2.243
AAGCGT	AAGCGT	2	2.16	0.00021299254526091586	0.00023034080027774066	0.6362944801249728	2034.233452959538	-3.308
AAGCTA	AAGCTA	2	2.96	0.00021299254526091586	0.0003157110048829088	0.7954903158213582	2543.182539680882	-3.405
AAGCTC	AAGCTC	4	2.27	0.0004259850905218317	0.00024134608892470826	0.19382509791837021	619.6588380450296	-2.792
AAGCTG	AAGCTG	2	2.20	0.00021299254526091586	0.0002344970262959262	0.6458994040379664	2064.940394709379	-3.315
AAGCTT	AAGCTT	2	4.61	0.00021299254526091586	0.000491041877795741	0.9442108061198559	3018.6419471651793	-3.48
AAGGAA	AAGGAA	5	5.24	0.0005324813631522897	0.0005580274791219681	0.6005429962119528	1919.9359588896132	-3.283
AAGGAC	AAGGAC	1	1.82	0.00010649627263045793	0.00019387661661337264	0.8380554732725114	2679.263348052219	-3.428
AAGGAG	AAGGAG	4	2.37	0.0004259850905218317	0.00025261062669540413	0.21544838705306196	688.788493408639	-2.838
AAGGCA	AAGGCA	1	2.85	0.00010649627263045793	0.0003031423232196533	0.9419532416649646	3011.424513602892	-3.479
AAGGCC	AAGGCC	3	1.62	0.0003194888178913738	0.00017282858943366586	0.22256579449324357	711.5428449948997	-2.852
AAGGCG	AAGGCG	3	1.52	0.0003194888178913738	0.00016211390465570687	0.19675864054631098	629.0373738265562	-2.799
AAGGCT	AAGGCT	2	2.51	0.00021299254526091586	0.0002668716673158867	0.7139162200718825	2282.3901555698085	-3.358
AAGGGA	AAGGGA	5	2.46	0.0005324813631522897	0.0002616382615783831	0.10312349807910211	329.6858233588894	-2.518
AAGGGC	AAGGGC	1	1.64	0.00010649627263045793	0.00017414982590121828	0.8050996477654517	2573.903573906149	-3.411
AAGGGG	AAGGGG	2	1.47	0.00021299254526091586	0.00015603590882032984	0.43045273122960714	1376.157381741054	-3.139
AAGGGT	AAGGGT	2	2.06	0.00021299254526091586	0.00021900487929937178	0.609059459848976	1947.1630931371762	-3.289
AAGGTA	AAGGTA	2	3.31	0.00021299254526091586	0.00035241758975595745	0.8425187105265028	2693.5323175532294	-3.43
AAGGTC	AAGGTC	2	1.65	0.00021299254526091586	0.00017562270304239772	0.4907816040633511	1569.0287881905333	-3.196
AAGGTG	AAGGTG	4	2.11	0.0004259850905218317	0.00022487717807917178	0.16355448364049463	522.8836841986613	-2.718
AAGGTT	AAGGTT	3	3.62	0.0003194888178913738	0.00038512492830856547	0.700132804221745	2238.3245750969186	-3.35
AAGTAA	AAGTAA	5	5.20	0.0005324813631522897	0.0005534041442408975	0.5932776408783609	1896.7086178881198	-3.278
AAGTAC	AAGTAC	5	3.06	0.0005324813631522897	0.00032622752190423755	0.19547893325633242	624.9461496204948	-2.796
AAGTAG	AAGTAG	1	2.69	0.00010649627263045793	0.00028605404904508776	0.9318502316887372	2979.1251907088927	-3.474
AAGTAT	AAGTAT	7	6.14	0.0007454739084132055	0.0006537650483582303	0.41598854887917974	1329.9153907667376	-3.124
AAGTCA	AAGTCA	4	2.69	0.0004259850905218317	0.00028658051878922754	0.28392265157069	907.700717071496	-2.958
AAGTCC	AAGTCC	1	1.64	0.00010649627263045793	0.00017445805555805745	0.8056629277332343	2575.70437996315	-3.411
AAGTCG	AAGTCG	2	1.27	0.00021299254526091586	0.00013558784693182217	0.3636423947151362	1162.5647359042905	-3.065
AAGTCT	AAGTCT	2	2.91	0.00021299254526091586	0.000310064036480375	0.7872377720282369	2516.799157174273	-3.401
AAGTGA	AAGTGA	3	3.32	0.0003194888178913738	0.00035310320157775623	0.6437046301985927	2057.9237027449008	-3.313
AAGTGT	AAGTGT	5	3.36	0.0005324813631522897	0.00035810706426862263	0.248896633436879	795.7225370977022	-2.901
AAGTTA	AAGTTA	5	4.19	0.0005324813631522897	0.0004457197243016645	0.40731557138821656	1302.1878817281283	-3.115
AAGTTC	AAGTTC	6	3.61	0.0006389776357827476	0.00038428090786359786	0.15703955037054587	502.0554425346352	-2.701
AAGTTG	AAGTTG	4	3.05	0.0004259850905218317	0.000324492389731149	0.36329310760542205	1161.4480650145342	-3.065
AAGTTT	AAGTTT	7	7.83	0.0007454739084132055	0.0008338181896915108	0.6653675480906878	2127.180051245929	-3.328
AATAAA	AATAAA	13	12.53	0.0013844515441959531	0.0013340344660987785	0.4840328082964363	1547.4528881237068	-3.19
AATAAC	AATAAC	5	4.60	0.0005324813631522897	0.0004894123619661527	0.4859372782932616	1553.5414787035575	-3.191
AATAAG	AATAAG	7	5.60	0.0007454739084132055	0.0005966834950038054	0.33019494920853243	1055.6332526196782	-3.024
AATAAT	AATAAT	8	7.78	0.0008519701810436634	0.0008285411801914882	0.515932271427123	1649.435471752512	-3.217
AATACA	AATACA	5	6.35	0.0005324813631522897	0.0006764591417438914	0.7592986843198867	2427.477893770678	-3.385
AATACC	AATACC	3	3.22	0.0003194888178913738	0.0003429693618744543	0.6243545348510511	1996.0614479188102	-3.3
AATACT	AATACT	3	5.36	0.0003194888178913738	0.0005705176313363039	0.9023827497551458	2884.917650967201	-3.46
AATAGA	AATAGA	5	5.34	0.0005324813631522897	0.0005691095518368468	0.6176534565436803	1974.638100570146	-3.295
AATAGC	AATAGC	4	3.14	0.0004259850905218317	0.0003344028684688845	0.3841102062057156	1228.0003292396727	-3.089
AATAGG	AATAGG	4	3.04	0.0004259850905218317	0.00032395802643877267	0.3621693067532629	1157.8552736901815	-3.064
AATAGT	AATAGT	2	4.24	0.00021299254526091586	0.00045174781397760007	0.9246209324399385	2956.0131210104832	-3.471
AATATA	AATATA	14	12.69	0.001490947816826411	0.001351643346543202	0.39312805186160343	1256.830381801546	-3.099
AATATC	AATATC	4	5.87	0.0004259850905218317	0.0006247210424779307	0.8364445640289289	2674.1132712004855	-3.427
AATATG	AATATG	6	5.77	0.0006389776357827476	0.00061458918627851	0.5168722485885409	1652.4405787375651	-3.218
AATATT	AATATT	8	11.71	0.0008519701810436634	0.0012468707426628266	0.8969474061929918	2867.540857598995	-3.458
AATCAA	AATCAA	3	5.04	0.0003194888178913738	0.000536980819444621	0.878861642381343	2809.720670693154	-3.449
AATCAC	AATCAC	5	2.68	0.0005324813631522897	0.0002856772286273885	0.13450023054961785	429.99723706712825	-2.633
AATCAG	AATCAG	1	2.61	0.00010649627263045793	0.0002774855990993215	0.9261404362147572	2960.8709745785786	-3.471
AATCAT	AATCAT	5	4.32	0.0005324813631522897	0.00046016673912714737	0.43361120067290876	1386.2550085512894	-3.142
AATCCA	AATCCA	4	2.74	0.0004259850905218317	0.00029130972154477885	0.2937267017330992	939.0442654407183	-2.973
AATCCC	AATCCC	1	1.77	0.00010649627263045793	0.00018818442737765026	0.8291640898721354	2650.837595321217	-3.423
AATCCT	AATCCT	5	2.91	0.0005324813631522897	0.0003102307481617926	0.17034697174650784	544.5992686735856	-2.736
AATCGC	AATCGC	2	1.58	0.00021299254526091586	0.00016866084855007252	0.46979580306021645	1501.937182383512	-3.177
AATCGT	AATCGT	2	2.05	0.00021299254526091586	0.00021824700514441045	0.6071841721673438	1941.167798418998	-3.288
AATCTA	AATCTA	1	3.90	0.00010649627263045793	0.00041554261787209493	0.9797974244821522	3132.412366069441	-3.496
AATCTC	AATCTC	2	2.98	0.00021299254526091586	0.0003176626219987494	0.7982758017682408	2552.0877382530657	-3.407
AATCTG	AATCTG	1	2.90	0.00010649627263045793	0.00030864780347574704	0.9448778074129047	3020.7743502990566	-3.48
AATCTT	AATCTT	4	6.07	0.0004259850905218317	0.0006463152193878998	0.8548393149129583	2732.9212897767275	-3.437
AATGAA	AATGAA	5	5.69	0.0005324813631522897	0.0006062471689428118	0.6717039471270355	2147.4375189651328	-3.332
AATGAC	AATGAC	3	1.98	0.0003194888178913738	0.00021062968105263832	0.3173183838615752	1014.4668732054558	-3.006
AATGAG	AATGAG	2	2.58	0.00021299254526091586	0.000274438953292989	0.7281384656543866	2327.8586746970736	-3.367
AATGAT	AATGAT	4	3.62	0.0004259850905218317	0.0003857506837567114	0.48949167420696627	1564.9048824396712	-3.194
AATGCA	AATGCA	2	3.21	0.00021299254526091586	0.0003418971188317011	0.8301522749842446	2653.99682312463	-3.424
AATGCC	AATGCC	3	1.83	0.0003194888178913738	0.00019492361261710633	0.27751447676877455	887.2137822297723	-2.948
AATGCG	AATGCG	4	1.72	0.0004259850905218317	0.00018283912432835072	0.09572758616409953	306.0410929666262	-2.486
AATGCT	AATGCT	3	2.83	0.0003194888178913738	0.0003009894929353054	0.5367898635880036	1716.1171938908476	-3.235
AATGGA	AATGGA	1	2.61	0.00010649627263045793	0.00027776965226061003	0.9263371763195622	2961.4999526936404	-3.472
AATGGC	AATGGC	3	1.74	0.0003194888178913738	0.00018488708910541034	0.2523326652043351	806.7075306582593	-2.907
AATGGG	AATGGG	2	1.56	0.00021299254526091586	0.0001656563526745749	0.4605796306464706	1472.4730791767665	-3.168
AATGGT	AATGGT	1	2.18	0.00010649627263045793	0.00023250769516422083	0.8873249489792395	2836.7778618866287	-3.453
AATGTA	AATGTA	5	4.36	0.0005324813631522897	0.0004638850877092689	0.44034056889149265	1407.768798746102	-3.149
AATGTC	AATGTC	1	2.17	0.00010649627263045793	0.00023117107480638893	0.8859018678379821	2832.2282714780285	-3.452
AATGTG	AATGTG	4	2.78	0.0004259850905218317	0.00029600443482207396	0.30350103288646774	970.2928021380374	-2.987
AATGTT	AATGTT	4	4.76	0.0004259850905218317	0.0005069375545958399	0.6996790488331932	2236.8739191197187	-3.35
AATTAA	AATTAA	5	6.31	0.0005324813631522897	0.000671804044753974	0.7540879396247028	2410.8191429801745	-3.382
AATTAC	AATTAC	2	3.72	0.00021299254526091586	0.00039602336015382534	0.8854947526002183	2830.926724062898	-3.452
AATTAT	AATTAT	1	7.45	0.00010649627263045793	0.000793636998162145	0.9994198659803434	3195.145311539158	-3.504
AATTCA	AATTCA	1	5.65	0.00010649627263045793	0.000601881155462896	0.9964883316807513	3185.773196383362	-3.503
AATTCG	AATTCG	1	2.67	0.00010649627263045793	0.00028476384341418474	0.9310195735771352	2976.469576726101	-3.474
AATTCT	AATTCT	6	6.11	0.0006389776357827476	0.0006512016285431916	0.5725764882230939	1830.5270328492313	-3.263
AATTGA	AATTGA	4	4.59	0.0004259850905218317	0.0004890538914406104	0.6730226875187388	2151.653531997408	-3.333
AATTGC	AATTGC	2	3.17	0.00021299254526091586	0.000337935049073317	0.8252719581472204	2638.394450196664	-3.421
AATTGG	AATTGG	3	2.68	0.0003194888178913738	0.00028501611842522576	0.5005524707325127	1600.2662489318432	-3.204
AATTGT	AATTGT	8	4.66	0.0008519701810436634	0.0004959843256883549	0.10010511014679878	320.0360371393157	-2.505
AATTTA	AATTTA	8	8.70	0.0008519701810436634	0.0009262485014729964	0.6395040912288108	2044.4945796585082	-3.311
AATTTC	AATTTC	10	7.50	0.0010649627263045794	0.0007985727255194091	0.22343195162430085	714.3119493428899	-2.854
AATTTG	AATTTG	9	6.33	0.0009584664536741214	0.0006743264283373916	0.18885693935459089	603.7756351166271	-2.781
AATTTT	AATTTT	14	16.27	0.001490947816826411	0.0017327544790904925	0.7469478929276758	2387.99241368978	-3.378
ACAAAA	ACAAAA	8	10.15	0.0008519701810436634	0.0010807157903051652	0.7928093972266664	2534.6116429336525	-3.404
ACAAAC	ACAAAC	2	3.72	0.00021299254526091586	0.0003964782627349335	0.8858796093556215	2832.157111109922	-3.452
ACAAAG	ACAAAG	3	4.54	0.0003194888178913738	0.0004833797711020594	0.8307542673041161	2655.921392571259	-3.424
ACAAAT	ACAAAT	5	6.30	0.0005324813631522897	0.0006712101966672255	0.7534171727009897	2408.674701125064	-3.382
ACAACA	ACAACA	4	3.20	0.0004259850905218317	0.0003410481607876987	0.3980239133325133	1272.482450924045	-3.105
ACAACC	ACAACC	6	1.62	0.0006389776357827476	0.0001729137250954589	0.006468291116525863	20.679126699533185	-1.316
ACAACG	ACAACG	1	1.54	0.00010649627263045793	0.0001639151438352564	0.7854394295194513	2511.049856173686	-3.4
ACAACT	ACAACT	4	2.70	0.0004259850905218317	0.00028763598103293404	0.28610666573987303	914.6830103703741	-2.961
ACAAGA	ACAAGA	2	3.75	0.00021299254526091586	0.0003989436933182326	0.8879446122376461	2838.7589253237547	-3.453
ACAAGC	ACAAGC	2	2.20	0.00021299254526091586	0.0002344151753781028	0.6457122072497012	2064.341926577295	-3.315
ACAAGT	ACAAGT	4	2.97	0.0004259850905218317	0.0003166735486603254	0.3468457122764032	1108.865742147661	-3.045
ACAATA	ACAATA	2	5.41	0.00021299254526091586	0.0005756709506239772	0.971228943762755	3105.018933209528	-3.492
ACAATC	ACAATC	2	2.50	0.00021299254526091586	0.0002660714879541469	0.7123763225366	2277.46710314951	-3.357
ACAATG	ACAATG	1	2.46	0.00010649627263045793	0.00026175628505330543	0.9143847208183906	2923.2879524563946	-3.466
ACAATT	ACAATT	8	4.99	0.0008519701810436634	0.0005310478297175501	0.13196954446744683	421.9066336624275	-2.625
ACACAA	ACACAA	4	3.89	0.0004259850905218317	0.00041448727353879714	0.5451579083240844	1742.8698329120978	-3.241
ACACAC	ACACAC	9	2.07	0.0009584664536741214	0.00022050987915797884	0.00030488598226309255	0.9747204852951069	0.011
ACACAG	ACACAG	3	2.01	0.0003194888178913738	0.00021418688573627702	0.3263590838048042	1043.369990923959	-3.018
ACACAT	ACACAT	7	3.34	0.0007454739084132055	0.00035519566093872486	0.05333391988823821	170.50854188269756	-2.232
ACACCA	ACACCA	4	1.76	0.0004259850905218317	0.00018727370268368823	0.10213372792229455	326.5215281675757	-2.514
ACACCC	ACACCC	1	1.14	0.00010649627263045793	0.00012097774943980011	0.6788930607462851	2170.4211152058733	-3.337
ACACCG	ACACCG	1	0.97	0.00010649627263045793	0.00010293977892469968	0.6196276068294815	1980.9494590338522	-3.297
ACACCT	ACACCT	1	1.87	0.00010649627263045793	0.0001994374255225778	0.8462945892373882	2705.60380179193	-3.432
ACACGA	ACACGA	1	1.54	0.00010649627263045793	0.00016396533653129788	0.7855405301098831	2511.3730747612963	-3.4
ACACGC	ACACGC	1	1.24	0.00010649627263045793	0.00013225008980196853	0.7111443923519399	2273.528622349152	-3.357
ACACTA	ACACTA	2	2.35	0.00021299254526091586	0.00025002922047515254	0.6800141872454801	2174.0053566238	-3.337
ACACTC	ACACTC	1	1.79	0.00010649627263045793	0.0001911354800601643	0.8338330308293979	2665.764199561585	-3.426
ACACTG	ACACTG	3	1.74	0.0003194888178913738	0.00018571132390604163	0.2543890733939002	813.281867640299	-2.91
ACACTT	ACACTT	6	3.65	0.0006389776357827476	0.00038888355498237724	0.16305861965870838	521.2984070488907	-2.717
ACAGAA	ACAGAA	5	4.33	0.0005324813631522897	0.0004606857010851728	0.43455149241631885	1389.2611212549714	-3.143
ACAGAC	ACAGAC	1	1.50	0.00010649627263045793	0.00016005696563382136	0.7775237461412428	2485.743416413553	-3.395
ACAGAG	ACAGAG	4	1.96	0.0004259850905218317	0.00020854547135178123	0.13542117936748735	432.94151043785706	-2.636
ACAGAT	ACAGAT	2	2.75	0.00021299254526091586	0.0002931309757708889	0.7607096509037565	2431.98875393931	-3.386
ACAGCA	ACAGCA	1	2.07	0.00010649627263045793	0.0002209266215509932	0.8743809012458904	2795.3957412831114	-3.446
ACAGCC	ACAGCC	2	1.18	0.00021299254526091586	0.0001259554784876968	0.33111909045758203	1058.5877321928897	-3.025
ACAGCG	ACAGCG	1	1.11	0.00010649627263045793	0.00011814674005804798	0.6702425481462788	2142.7654264236535	-3.331
ACAGCT	ACAGCT	4	1.83	0.0004259850905218317	0.00019449298673170895	0.112969063594309	361.1620963110059	-2.558
ACAGGA	ACAGGA	3	1.94	0.0003194888178913738	0.00020616738944655586	0.3059828233481912	978.2270862441673	-2.99
ACAGGG	ACAGGG	2	1.15	0.00021299254526091586	0.00012295417263262428	0.3208834966603481	1025.8645388231328	-3.011
ACAGGT	ACAGGT	4	1.62	0.0004259850905218317	0.0001725728644152558	0.0816584972229684	261.06221562183	-2.417
ACAGTA	ACAGTA	1	2.59	0.00010649627263045793	0.0002759016976455702	0.9250337255734199	2957.332820658223	-3.471
ACAGTC	ACAGTC	3	1.29	0.0003194888178913738	0.00013749200755857667	0.14083140087833942	450.2379886080511	-2.653
ACAGTG	ACAGTG	1	1.65	0.00010649627263045793	0.00017605249283031852	0.8085508245002134	2584.9369859271824	-3.412
ACAGTT	ACAGTT	10	2.83	0.0010649627263045794	0.0003015077130501419	0.0007172589051743348	2.2930767198423485	-0.36
ACATAA	ACATAA	2	5.52	0.00021299254526091586	0.0005883348382327282	0.9739804033273699	3113.8153494376015	-3.493
ACATAC	ACATAC	6	3.26	0.0006389776357827476	0.00034681889957630243	0.11196489030035113	357.95175429022254	-2.554
ACATAG	ACATAG	4	2.86	0.0004259850905218317	0.00030410968985714596	0.3204526031191009	1024.4869721717655	-3.011
ACATAT	ACATAT	7	6.53	0.0007454739084132055	0.0006950304907738821	0.4776196305471791	1526.9499588593317	-3.184
ACATCA	ACATCA	8	2.65	0.0008519701810436634	0.0002825724170001526	0.005994349609862068	19.16393570272903	-1.282
ACATCG	ACATCG	3	1.26	0.0003194888178913738	0.0001336915216192703	0.1327347580221316	424.35302139675474	-2.628
ACATCT	ACATCT	1	2.87	0.00010649627263045793	0.00030572749530655293	0.9433453482446897	3015.875078338273	-3.479
ACATGA	ACATGA	3	2.51	0.0003194888178913738	0.000267496935852884	0.459209211777736	1468.091850053422	-3.167
ACATGC	ACATGC	5	1.74	0.0005324813631522897	0.00018483973183021658	0.03193577951540667	102.09868711075514	-2.009
ACATGG	ACATGG	1	1.46	0.00010649627263045793	0.0001558947585977631	0.7686565285132382	2457.3949216568226	-3.39
ACATGT	ACATGT	1	2.55	0.00010649627263045793	0.0002712876631282372	0.9217143652278486	2946.720825633432	-3.469
ACATTA	ACATTA	8	3.76	0.0008519701810436634	0.0003999993464549917	0.03791376981776876	121.21032210740674	-2.084
ACATTC	ACATTC	2	3.24	0.00021299254526091586	0.0003448627099493968	0.8337242690942649	2665.416488294365	-3.426
ACATTG	ACATTG	6	2.73	0.0006389776357827476	0.0002912070898936283	0.05953944874445866	190.34761763603436	-2.28
ACATTT	ACATTT	12	7.03	0.0012779552715654952	0.0007482880221678426	0.05455227580349887	174.40362574378588	-2.242
ACCAAA	ACCAAA	1	3.84	0.00010649627263045793	0.0004092263747868078	0.978562973874819	3128.4658274777967	-3.495
ACCAAC	ACCAAC	2	1.41	0.00021299254526091586	0.0001501313884707593	0.4115230253918438	1315.6391121777247	-3.119
ACCAAG	ACCAAG	2	1.72	0.00021299254526091586	0.00018303771736093171	0.5125470238437143	1638.6128352283547	-3.214
ACCAAT	ACCAAT	3	2.39	0.0003194888178913738	0.00025416202665504465	0.4267815279156398	1364.4205447463003	-3.135
ACCACA	ACCACA	5	1.76	0.0005324813631522897	0.00018727370268368823	0.033482005123448746	107.04197037966564	-2.03
ACCACC	ACCACC	4	0.89	0.0004259850905218317	9.494903437879498e-05	0.013046450010576959	41.70950068381454	-1.62
ACCACG	ACCACG	2	0.85	0.00021299254526091586	9.000780371035808e-05	0.20752957042907683	663.4720366617586	-2.822
ACCACT	ACCACT	1	1.48	0.00010649627263045793	0.00015794442365172137	0.7730664732509823	2471.4935149833905	-3.393
ACCAGA	ACCAGA	3	1.64	0.0003194888178913738	0.00017452933117497398	0.22672326488427808	724.834277835037	-2.86
ACCAGC	ACCAGC	1	0.96	0.00010649627263045793	0.00010255162435509223	0.6182387068322815	1976.509145742804	-3.296
ACCAGG	ACCAGG	1	0.93	0.00010649627263045793	9.934849538306927e-05	0.6065819026407974	1939.2423427426293	-3.288
ACCAGT	ACCAGT	2	1.30	0.00021299254526091586	0.00013853790290251533	0.37348540023890264	1194.0328245637718	-3.077
ACCATA	ACCATA	2	2.82	0.00021299254526091586	0.0003007709149977876	0.7730168349165027	2471.3348212280594	-3.393
ACCATC	ACCATC	2	1.31	0.00021299254526091586	0.00013901442273585245	0.3750695424266553	1199.097327138017	-3.079
ACCATG	ACCATG	1	1.28	0.00010649627263045793	0.00013675985782601912	0.7231211034563236	2311.8181677498665	-3.364
ACCATT	ACCATT	2	2.61	0.00021299254526091586	0.00027745666422564875	0.7336404198616171	2345.44842229759	-3.37
ACCCAA	ACCCAA	3	1.85	0.0003194888178913738	0.0001974379733410344	0.28386297862734944	907.5099426716362	-2.958
ACCCAC	ACCCAC	2	0.99	0.00021299254526091586	0.00010503826395179432	0.2592047484614026	828.6775808311041	-2.918
ACCCAG	ACCCAG	1	0.96	0.00010649627263045793	0.0001020263524014807	0.6163510928989147	1970.4744439978301	-3.295
ACCCAT	ACCCAT	2	1.59	0.00021299254526091586	0.00016919484846066518	0.4714239045749302	1507.142222926052	-3.178
ACCCCA	ACCCCA	2	1.07	0.00021299254526091586	0.00011366093644726354	0.28897259180756085	923.8453760087721	-2.966
ACCCCC	ACCCCC	1	0.69	0.00010649627263045793	7.342432009172722e-05	0.49815017912980064	1592.5861226779728	-3.202
ACCCGG	ACCCGG	1	0.57	0.00010649627263045793	6.0745382235279895e-05	0.4347002396240539	1389.7366660781004	-3.143
ACCCGT	ACCCGT	1	0.88	0.00010649627263045793	9.322932463291361e-05	0.5833144249664641	1864.8562166177858	-3.271
ACCCTC	ACCCTC	3	1.08	0.0003194888178913738	0.00011496434189669225	0.09549319441113478	305.2917425323979	-2.485
ACCGAA	ACCGAA	1	1.74	0.00010649627263045793	0.00018505292538559669	0.8240661082163868	2634.5393479677887	-3.421
ACCGCA	ACCGCA	1	1.14	0.00010649627263045793	0.00012181733246087543	0.6814146139428604	2178.4825207753247	-3.338
ACCGCT	ACCGCT	1	1.01	0.00010649627263045793	0.00010724201845695907	0.6346876556213005	2029.0964350212976	-3.307
ACCGGA	ACCGGA	1	0.93	0.00010649627263045793	9.89366037738752e-05	0.6050573480020583	1934.3683415625806	-3.287
ACCGGG	ACCGGG	2	0.55	0.00021299254526091586	5.900384291014175e-05	0.10701382320722003	342.1231927934824	-2.534
ACCGTA	ACCGTA	2	1.37	0.00021299254526091586	0.00014572140601188372	0.3971829147181258	1269.7937783538482	-3.104
ACCGTG	ACCGTG	1	0.87	0.00010649627263045793	9.298462824280105e-05	0.5823559061221687	1861.7918318725733	-3.27
ACCTAA	ACCTAA	1	2.17	0.00010649627263045793	0.00023088004212639093	0.8855896343790958	2831.230061109969	-3.452
ACCTAC	ACCTAC	3	1.28	0.0003194888178913738	0.00013610202378110825	0.1378510643652861	440.7098527758197	-2.644
ACCTAG	ACCTAG	1	1.12	0.00010649627263045793	0.00011934166301654123	0.6739218543391493	2154.52816832226	-3.333
ACCTAT	ACCTAT	2	2.56	0.00021299254526091586	0.00027275058106540905	0.7250182700020282	2317.883409196484	-3.365
ACCTCA	ACCTCA	2	1.72	0.00021299254526091586	0.0001834079322798685	0.5136175008556767	1642.0351502355984	-3.215
ACCTCC	ACCTCC	2	1.05	0.00021299254526091586	0.00011165096418505224	0.2820406351220536	901.6839104852053	-2.955
ACCTCT	ACCTCT	2	1.86	0.00021299254526091586	0.00019843708862513564	0.5557380810371795	1776.6946450758628	-3.25
ACCTGA	ACCTGA	1	1.61	0.00010649627263045793	0.00017147683311333003	0.8001458568885614	2558.0663044727307	-3.408
ACCTGC	ACCTGC	1	1.11	0.00010649627263045793	0.00011849007446273894	0.6713039446699103	2146.1587111097033	-3.332
ACCTGT	ACCTGT	2	1.63	0.00021299254526091586	0.00017390684939109173	0.4856580756789651	1552.6488679456513	-3.191
ACCTTA	ACCTTA	2	2.49	0.00021299254526091586	0.0002646613945875594	0.7096457441408455	2268.737444018283	-3.356
ACCTTG	ACCTTG	2	1.81	0.00021299254526091586	0.00019267850112276267	0.5399100113267339	1726.0923062115683	-3.237
ACCTTT	ACCTTT	6	4.65	0.0006389776357827476	0.0004951081876889811	0.3227228982691483	1031.745105766467	-3.014
ACGAAA	ACGAAA	1	4.01	0.00010649627263045793	0.00042730774932940325	0.9819104302949858	3139.1676456530695	-3.497
ACGAAG	ACGAAG	2	1.79	0.00021299254526091586	0.00019112510792745834	0.5355737961369602	1712.2294262498617	-3.234
ACGACA	ACGACA	1	1.20	0.00010649627263045793	0.00012770471893256368	0.6985488535020935	2233.260684646193	-3.349
ACGACG	ACGACG	1	0.58	0.00010649627263045793	6.137765799388879e-05	0.4380465201390004	1400.4347248843844	-3.146
ACGACT	ACGACT	1	1.01	0.00010649627263045793	0.00010770464801177713	0.6362711639358372	2034.1589111028713	-3.308
ACGAGA	ACGAGA	1	1.50	0.00010649627263045793	0.00015964669486989719	0.7766650161296598	2482.9980565665223	-3.395
ACGAGC	ACGAGC	2	0.88	0.00021299254526091586	9.380674166118248e-05	0.2205166873829053	704.9918495631483	-2.848
ACGAGG	ACGAGG	2	0.85	0.00021299254526091586	9.087675304446782e-05	0.2104935118235863	672.9477573000054	-2.828
ACGATA	ACGATA	2	2.19	0.00021299254526091586	0.0002331919312686756	0.6429052302209741	2055.3680210164543	-3.313
ACGATC	ACGATC	1	1.01	0.00010649627263045793	0.00010777984205092425	0.6365278920476756	2034.9796708764188	-3.309
ACGATT	ACGATT	1	2.02	0.00010649627263045793	0.00021511606391402374	0.8673365541472946	2772.874963608901	-3.443
ACGCAC	ACGCAC	2	1.18	0.00021299254526091586	0.0001254172496160106	0.3292866331775381	1052.7293662685893	-3.022
ACGCAG	ACGCAG	1	1.14	0.00010649627263045793	0.00012182098242236784	0.6814255326767826	2178.517427967674	-3.338
ACGCCA	ACGCCA	4	1.12	0.0004259850905218317	0.00011977364713707625	0.027602748416917993	88.24598668888683	-1.946
ACGCCT	ACGCCT	1	1.20	0.00010649627263045793	0.0001275531347335761	0.6981194697723132	2231.8879448620855	-3.349
ACGCGA	ACGCGA	2	0.97	0.00021299254526091586	0.00010376516722470547	0.25480786751797774	814.6207524549749	-2.911
ACGCGC	ACGCGC	2	0.79	0.00021299254526091586	8.369423058613444e-05	0.1861446183734866	595.1043449400366	-2.775
ACGCTC	ACGCTC	1	1.07	0.00010649627263045793	0.00011347466964589596	0.6554538199344011	2095.4858623302803	-3.321
ACGCTT	ACGCTT	3	2.17	0.0003194888178913738	0.0002308751515859661	0.36867163629631344	1178.643221239314	-3.071
ACGGAA	ACGGAA	2	2.14	0.00021299254526091586	0.0002283443340057307	0.6316083588882682	2019.2519233657933	-3.305
ACGGAC	ACGGAC	1	0.74	0.00010649627263045793	7.933413417117524e-05	0.5252407852872868	1679.1947905634559	-3.225
ACGGAT	ACGGAT	4	1.36	0.0004259850905218317	0.0001452938462843207	0.04978242108474185	159.1544002079197	-2.202
ACGGCA	ACGGCA	1	1.16	0.00010649627263045793	0.0001240455613645723	0.6880111475735391	2199.5716387926045	-3.342
ACGGGA	ACGGGA	2	1.01	0.00021299254526091586	0.00010706213730645837	0.26619582460318825	851.0280512563928	-2.93
ACGGGC	ACGGGC	1	0.67	0.00010649627263045793	7.126194945667891e-05	0.4878561341367537	1559.6760608352017	-3.193
ACGGTA	ACGGTA	1	1.35	0.00010649627263045793	0.00014420895535708904	0.7418261518137983	2371.618207348713	-3.375
ACGGTC	ACGGTC	1	0.67	0.00010649627263045793	7.186464943554752e-05	0.4907463508667127	1568.9160837208806	-3.196
ACGGTT	ACGGTT	1	1.48	0.00010649627263045793	0.00015759276837405144	0.7723158904281053	2469.0939016986526	-3.393
ACGTAA	ACGTAA	2	2.34	0.00021299254526091586	0.0002492349914118283	0.6783370386881199	2168.643512685919	-3.336
ACGTAG	ACGTAG	2	1.21	0.00021299254526091586	0.00012882931795688994	0.34087839656037816	1089.788233803529	-3.037
ACGTAT	ACGTAT	6	2.76	0.0006389776357827476	0.0002944342356460356	0.062077553766893175	198.46193939275747	-2.298
ACGTCA	ACGTCA	2	1.21	0.00021299254526091586	0.00012906642258200872	0.3416816131371874	1092.3561171995882	-3.038
ACGTCC	ACGTCC	2	0.74	0.00021299254526091586	7.857015967666742e-05	0.16903610352934562	540.4084229833179	-2.733
ACGTCT	ACGTCT	1	1.31	0.00010649627263045793	0.00013964262514749745	0.7305154584814013	2335.45792076504	-3.368
ACGTGA	ACGTGA	11	1.49	0.0011714589989350373	0.0001590260469289373	5.282878093828418e-07	0.0016889361265969452	2.772
ACGTGC	ACGTGC	4	1.03	0.0004259850905218317	0.00010988661150320721	0.021002540458681492	67.14512184640473	-1.827
ACGTGG	ACGTGG	1	0.87	0.00010649627263045793	9.267892029379283e-05	0.5811552955609571	1857.95347990838	-3.269
ACGTGT	ACGTGT	3	1.51	0.0003194888178913738	0.00016127962180321792	0.19478040306093702	622.7129485858156	-2.794
ACGTTC	ACGTTC	1	1.63	0.00010649627263045793	0.0001730674585071808	0.8031086913769044	2567.5384863319637	-3.41
ACGTTT	ACGTTT	4	3.53	0.0004259850905218317	0.0003755242375928564	0.4690042950524506	1499.4067312826846	-3.176
ACTAAA	ACTAAA	3	4.53	0.0003194888178913738	0.00048287187623318557	0.830228659358316	2654.2410239685364	-3.424
ACTAAC	ACTAAC	3	1.66	0.0003194888178913738	0.0001771494451454544	0.233156572110471	745.4015610371758	-2.872
ACTAAG	ACTAAG	6	2.03	0.0006389776357827476	0.00021597768728752483	0.017596610403041522	56.256363458523744	-1.75
ACTAAT	ACTAAT	4	2.82	0.0004259850905218317	0.0002999017224686139	0.3116414731003257	996.3177895017412	-2.998
ACTACA	ACTACA	3	2.30	0.0003194888178913738	0.0002448535650838105	0.4037423786475782	1290.7643845363075	-3.111
ACTACC	ACTACC	1	1.17	0.00010649627263045793	0.00012414241420847494	0.6882947562918555	2200.478335865062	-3.343
ACTACG	ACTACG	2	1.11	0.00021299254526091586	0.0001176819345590083	0.30281330423804037	968.094133649015	-2.986
ACTACT	ACTACT	3	1.94	0.0003194888178913738	0.00020650659789405755	0.30684409486147507	980.9805712721358	-2.992
ACTAGA	ACTAGA	1	1.93	0.00010649627263045793	0.0002059969244132991	0.8554762059444164	2734.9574304042994	-3.437
ACTAGC	ACTAGC	1	1.14	0.00010649627263045793	0.00012104165568340966	0.6790856926757494	2171.0369594843705	-3.337
ACTAGT	ACTAGT	5	1.54	0.0005324813631522897	0.0001635162509387911	0.02029246225713845	64.87500183607162	-1.812
ACTATA	ACTATA	2	4.59	0.00021299254526091586	0.0004892456494411823	0.9434324102695981	3016.1534156319053	-3.479
ACTATC	ACTATC	3	2.12	0.0003194888178913738	0.0002261262580312776	0.356663179260081	1140.252184094479	-3.057
ACTATG	ACTATG	1	2.09	0.00010649627263045793	0.00022245889520290435	0.8761753746254621	2801.1326726776024	-3.447
ACTATT	ACTATT	4	4.24	0.0004259850905218317	0.0004513217838295969	0.6115783722359467	1955.2160560383215	-3.291
ACTCAA	ACTCAA	5	3.02	0.0005324813631522897	0.0003214771844158375	0.18788373056747742	600.6642866242254	-2.779
ACTCAC	ACTCAC	1	1.61	0.00010649627263045793	0.00017102791717186032	0.7993016294895146	2555.367309477978	-3.407
ACTCAG	ACTCAG	5	1.56	0.0005324813631522897	0.0001661237904300816	0.021537711818465855	68.85606468363534	-1.838
ACTCAT	ACTCAT	5	2.59	0.0005324813631522897	0.0002754904873686441	0.12072421108657831	385.9553028437909	-2.587
ACTCCA	ACTCCA	2	1.64	0.00021299254526091586	0.00017439995188661526	0.4871337764486368	1557.3666833062919	-3.192
ACTCCC	ACTCCC	1	1.06	0.00010649627263045793	0.00011266137946387623	0.6528125187542384	2087.0416224573	-3.32
ACTCCG	ACTCCG	1	0.90	0.00010649627263045793	9.586339264092605e-05	0.593494271116117	1897.401184758226	-3.278
ACTCCT	ACTCCT	1	1.74	0.00010649627263045793	0.0001857275042736554	0.8251770034371145	2638.090879988455	-3.421
ACTCGC	ACTCGC	1	0.95	0.00010649627263045793	0.00010097309391635558	0.6125379427955226	1958.283803117286	-3.292
ACTCGT	ACTCGT	3	1.23	0.0003194888178913738	0.00013065910397615167	0.12639564242961818	404.0868688474893	-2.606
ACTCTA	ACTCTA	3	2.34	0.0003194888178913738	0.0002487751255928877	0.4134842570780281	1321.909169878456	-3.121
ACTCTC	ACTCTC	1	1.79	0.00010649627263045793	0.0001901767840049308	0.8323304166215187	2660.9603419389955	-3.425
ACTCTG	ACTCTG	3	1.74	0.0003194888178913738	0.0001847798342967608	0.25206524807361635	805.8525980913515	-2.906
ACTCTT	ACTCTT	1	3.63	0.00010649627263045793	0.0003869329954630797	0.9735711966448752	3112.5071156736662	-3.493
ACTGAA	ACTGAA	3	3.37	0.0003194888178913738	0.00035845892709932236	0.653641870268751	2089.6930592491967	-3.32
ACTGAG	ACTGAG	2	1.52	0.00021299254526091586	0.0001622689519906785	0.45007711372818887	1438.89653258902	-3.158
ACTGCA	ACTGCA	3	1.90	0.0003194888178913738	0.00020215529353889982	0.2958040349160007	945.6854996264543	-2.976
ACTGCC	ACTGCC	1	1.08	0.00010649627263045793	0.0001152535015823604	0.6611610573280967	2113.731900277925	-3.325
ACTGCG	ACTGCG	2	1.02	0.00021299254526091586	0.00010810824313260048	0.2698092781126873	862.5802621262612	-2.936
ACTGCT	ACTGCT	2	1.67	0.00021299254526091586	0.00017796762811099628	0.49773110479607197	1591.246342033042	-3.202
ACTGGA	ACTGGA	1	1.54	0.00010649627263045793	0.00016423831174951453	0.7860895367045608	2513.128248844481	-3.4
ACTGGC	ACTGGC	2	1.03	0.00021299254526091586	0.00010931915395302072	0.27399131800168325	875.9502436513814	-2.942
ACTGGG	ACTGGG	1	0.92	0.00010649627263045793	9.794849607374676e-05	0.6013758867325795	1922.5987098840565	-3.284
ACTGTA	ACTGTA	4	2.58	0.0004259850905218317	0.0002742837564546638	0.2586834143326445	827.0108756214645	-2.918
ACTGTC	ACTGTC	1	1.28	0.00010649627263045793	0.00013668572769749655	0.7229283059724219	2311.2017941938325	-3.364
ACTGTG	ACTGTG	9	1.64	0.0009584664536741214	0.00017502008678735954	5.556844564203818e-05	0.17765232071759607	0.75
ACTGTT	ACTGTT	4	2.81	0.0004259850905218317	0.00029973961320703586	0.3113024514780774	995.2339373754135	-2.998
ACTTAA	ACTTAA	2	3.85	0.00021299254526091586	0.0004099934924724127	0.8967800785837858	2867.0059112323634	-3.457
ACTTAC	ACTTAC	3	2.27	0.0003194888178913738	0.00024168803656070354	0.39584427827001106	1265.5141576292253	-3.102
ACTTAG	ACTTAG	2	1.99	0.00021299254526091586	0.00021192522648117018	0.5912746598071191	1890.30508740336	-3.277
ACTTAT	ACTTAT	4	4.55	0.0004259850905218317	0.0004843465995370443	0.6657400250724724	2128.3708601566946	-3.328
ACTTCA	ACTTCA	9	3.45	0.0009584664536741214	0.00036732043950693136	0.009043549247791934	28.912226945190813	-1.461
ACTTCG	ACTTCG	1	1.63	0.00010649627263045793	0.000173787763862013	0.8044359052030693	2571.7815889342123	-3.41
ACTTCT	ACTTCT	3	3.73	0.0003194888178913738	0.0003974200990229548	0.7199050129523372	2301.5363264086222	-3.362
ACTTGA	ACTTGA	4	2.80	0.0004259850905218317	0.0002984633905149973	0.30863467813604656	986.7050660009409	-2.994
ACTTGC	ACTTGC	1	1.94	0.00010649627263045793	0.0002062374766575649	0.8558022857946072	2735.999907685359	-3.437
ACTTGG	ACTTGG	1	1.63	0.00010649627263045793	0.00017394172410331834	0.8047184253402342	2572.684805812729	-3.41
ACTTGT	ACTTGT	4	2.84	0.0004259850905218317	0.0003026929466836026	0.3174838420519923	1014.9958430402195	-3.006
ACTTTA	ACTTTA	3	5.31	0.0003194888178913738	0.0005652777189743261	0.8990025373417334	2874.1111118815215	-3.459
ACTTTC	ACTTTC	5	4.58	0.0005324813631522897	0.00048735881137604477	0.48231465156124365	1541.959941041296	-3.188
ACTTTG	ACTTTG	2	3.86	0.00021299254526091586	0.00041153287119868875	0.897958138540145	2870.7721689128434	-3.458
ACTTTT	ACTTTT	6	9.93	0.0006389776357827476	0.0010574780935409438	0.9302079305119991	2973.874753846861	-3.473
AGAAAA	AGAAAA	19	12.48	0.0020234291799787005	0.0013294706197504778	0.05132788935779179	164.09526227686035	-2.215
AGAAAC	AGAAAC	3	4.58	0.0003194888178913738	0.00048773804029176275	0.8352072383140633	2670.1575408900603	-3.427
AGAAAG	AGAAAG	5	5.58	0.0005324813631522897	0.0005946421895810692	0.6553728384114035	2095.2269644012567	-3.321
AGAAAT	AGAAAT	6	7.75	0.0006389776357827476	0.0008257066697378777	0.7851150623854954	2510.0128544464287	-3.4
AGAACA	AGAACA	5	3.94	0.0005324813631522897	0.0004195492596246333	0.3593583791778957	1148.8687382317326	-3.06
AGAACC	AGAACC	2	2.00	0.00021299254526091586	0.00021271431335440237	0.5932865351407447	1896.7370528449608	-3.278
AGAACG	AGAACG	1	1.89	0.00010649627263045793	0.0002016444747231945	0.8494472288904353	2715.6827907627217	-3.434
AGAACT	AGAACT	2	3.32	0.00021299254526091586	0.00035384287839304265	0.8441297130018482	2698.682692466909	-3.431
AGAAGA	AGAAGA	6	4.61	0.0006389776357827476	0.0004907709538060595	0.3156797510453742	1009.2281640920613	-3.004
AGAAGC	AGAAGC	2	2.71	0.00021299254526091586	0.00028837192098474126	0.7527537070320803	2406.553601381561	-3.381
AGAAGG	AGAAGG	3	2.62	0.0003194888178913738	0.0002793648237238942	0.4873878568452951	1558.1789783344086	-3.193
AGAAGT	AGAAGT	5	3.66	0.0005324813631522897	0.00038956419696351853	0.30468784964604645	974.0870553184105	-2.989
AGAATA	AGAATA	4	6.65	0.0004259850905218317	0.00070817658293148	0.8980499548654164	2871.065705704736	-3.458
AGAATC	AGAATC	1	3.07	0.00010649627263045793	0.0003273147567210492	0.953740367461696	3049.107954775042	-3.484
AGAATG	AGAATG	3	3.02	0.0003194888178913738	0.0003220062977104606	0.5820851535968734	1860.9262360492044	-3.27
AGAATT	AGAATT	6	6.13	0.0006389776357827476	0.0006532822908901689	0.5756469080382091	1840.3431649981544	-3.265
AGACAA	AGACAA	5	3.13	0.0005324813631522897	0.0003329901932608047	0.20647033406613952	660.085658009448	-2.82
AGACAG	AGACAG	1	1.62	0.00010649627263045793	0.00017207315405928097	0.8012618036443098	2561.6339862508585	-3.409
AGACAT	AGACAT	3	2.68	0.0003194888178913738	0.00028535658229398984	0.5013400569777443	1602.7841621578486	-3.205
AGACCA	AGACCA	3	1.41	0.0003194888178913738	0.00015045167953382465	0.16958971859133073	542.1783303364844	-2.734
AGACCG	AGACCG	1	0.78	0.00010649627263045793	8.269961242887654e-05	0.5400094626584215	1726.4102521189736	-3.237
AGACCT	AGACCT	1	1.50	0.00010649627263045793	0.0001602237537987624	0.777871902592561	2486.8564725884175	-3.396
AGACGA	AGACGA	1	1.24	0.00010649627263045793	0.00013172623765617055	0.7097200194543445	2268.9749021955395	-3.356
AGACGC	AGACGC	1	1.00	0.00010649627263045793	0.00010624688807916848	0.6312580783888961	2018.1320766093008	-3.305
AGACTC	AGACTC	2	1.44	0.00021299254526091586	0.0001535541487217059	0.42253526406541264	1350.8452392171241	-3.131
AGACTG	AGACTG	2	1.40	0.00021299254526091586	0.0001491964979050299	0.40849698148350655	1305.9648498027705	-3.116
AGACTT	AGACTT	1	2.93	0.00010649627263045793	0.00031242071445025806	0.9467964687888512	3026.908310717957	-3.481
AGAGAA	AGAGAA	4	4.66	0.0004259850905218317	0.0004964623684715299	0.6842599349659206	2187.5790120860484	-3.34
AGAGAC	AGAGAC	1	1.62	0.00010649627263045793	0.00017248692560189107	0.8020324659945925	2564.0977937847124	-3.409
AGAGAG	AGAGAG	2	2.11	0.00021299254526091586	0.00022474102929054247	0.623031333627267	1991.8311736063727	-3.299
AGAGAT	AGAGAT	2	2.97	0.00021299254526091586	0.0003158954101696342	0.7957549632464165	2544.0286174987937	-3.406
AGAGCA	AGAGCA	2	2.24	0.00021299254526091586	0.00023808369466483872	0.6540253212729932	2090.918952109759	-3.32
AGAGCC	AGAGCC	1	1.27	0.00010649627263045793	0.00013573713059612783	0.7204493136446869	2303.276455722064	-3.362
AGAGCG	AGAGCG	1	1.20	0.00010649627263045793	0.00012732196866158934	0.6974634812727286	2229.7907496289135	-3.348
AGAGCT	AGAGCT	1	1.97	0.00010649627263045793	0.00020959723433238074	0.8602804430985798	2750.3165765861595	-3.439
AGAGGA	AGAGGA	2	2.09	0.00021299254526091586	0.0002221782664951997	0.6168374202983359	1972.0292326937797	-3.295
AGAGGC	AGAGGC	3	1.39	0.0003194888178913738	0.00014788474054121416	0.16376312971829415	523.5507257093864	-2.719
AGAGGG	AGAGGG	2	1.24	0.00021299254526091586	0.00013250274452812763	0.35328612602509973	1129.4557449022439	-3.053
AGAGGT	AGAGGT	1	1.75	0.00010649627263045793	0.00018597480407943923	0.8255824968258191	2639.3872423521434	-3.422
AGAGTA	AGAGTA	4	2.79	0.0004259850905218317	0.00029732811319253745	0.3062634198842314	979.1241533698877	-2.991
AGAGTC	AGAGTC	2	1.39	0.00021299254526091586	0.00014816958190290447	0.40516430137978493	1295.3102715111725	-3.112
AGAGTG	AGAGTG	2	1.78	0.00021299254526091586	0.00018972465904622813	0.5316404306530023	1699.6544567976482	-3.23
AGATAA	AGATAA	3	5.05	0.0003194888178913738	0.0005373934178562643	0.8791793905027859	2810.7365114374065	-3.449
AGATAC	AGATAC	2	2.97	0.00021299254526091586	0.0003167893208233439	0.7970335521720905	2548.1162662941733	-3.406
AGATAG	AGATAG	3	2.61	0.0003194888178913738	0.0002777781205791753	0.48366125228244106	1546.2650235469641	-3.189
AGATAT	AGATAT	12	5.96	0.0012779552715654952	0.0006348507460024756	0.01923294386539948	61.48772153768214	-1.789
AGATCA	AGATCA	1	2.42	0.00010649627263045793	0.0002581056689074546	0.9113990085312055	2913.742630274264	-3.464
AGATCG	AGATCG	1	1.15	0.00010649627263045793	0.00012211573932489891	0.6823060535741742	2181.3324532766346	-3.339
AGATCT	AGATCT	1	2.62	0.00010649627263045793	0.00027925584711071047	0.927358028500436	2964.763617115894	-3.472
AGATGA	AGATGA	3	2.29	0.0003194888178913738	0.0002443355097853228	0.40245183240915994	1286.6385082120844	-3.109
AGATGC	AGATGC	5	1.59	0.0005324813631522897	0.00016883524277136653	0.022884157312365212	73.16065092763158	-1.864
AGATGG	AGATGG	1	1.34	0.00010649627263045793	0.00014239649210708374	0.7373946806606723	2357.450794072169	-3.372
AGATGT	AGATGT	2	2.33	0.00021299254526091586	0.0002477980140503808	0.6752843658817052	2158.8841177238114	-3.334
AGATTA	AGATTA	2	3.43	0.00021299254526091586	0.00036536509817677875	0.8566122845943193	2738.589473848039	-3.438
AGATTT	AGATTT	3	6.42	0.0003194888178913738	0.0006834969334496762	0.9542857405738286	3050.8515126145303	-3.484
AGCAAA	AGCAAA	6	5.02	0.0006389776357827476	0.0005343288029956804	0.38708322788719834	1237.5050795553732	-3.093
AGCAAC	AGCAAC	5	1.84	0.0005324813631522897	0.0001960272603041575	0.03942242661470506	126.03349788721208	-2.1
AGCAAG	AGCAAG	2	2.24	0.00021299254526091586	0.0002389932087624601	0.6560620507239896	2097.4303761645947	-3.322
AGCAAT	AGCAAT	2	3.12	0.00021299254526091586	0.0003318605540522557	0.8175442017765351	2613.688813079583	-3.417
AGCACA	AGCACA	1	2.30	0.00010649627263045793	0.00024452415472896806	0.8993475527670222	2875.2141261961697	-3.459
AGCACC	AGCACC	1	1.16	0.00010649627263045793	0.00012397540092973664	0.6878055395743986	2198.9143100193523	-3.342
AGCACG	AGCACG	2	1.10	0.00021299254526091586	0.00011752361279714891	0.3022691747551712	966.3545516922823	-2.985
AGCACT	AGCACT	4	1.94	0.0004259850905218317	0.00020622877710077528	0.13160181563388657	420.73100458153533	-2.624
AGCAGA	AGCAGA	1	2.14	0.00010649627263045793	0.0002278837688869481	0.8823249880152139	2820.792986684639	-3.45
AGCAGG	AGCAGG	1	1.22	0.00010649627263045793	0.000129719797862766	0.7041991638390497	2251.3247267934416	-3.352
AGCATA	AGCATA	3	3.69	0.0003194888178913738	0.0003927179988592079	0.7124661680204967	2277.7543391615277	-3.358
AGCATC	AGCATC	1	1.70	0.00010649627263045793	0.00018151178583804725	0.8181177299404508	2615.5223826196216	-3.418
AGCATG	AGCATG	2	1.68	0.00021299254526091586	0.00017856798982740445	0.49950054697353197	1596.9032486743818	-3.203
AGCATT	AGCATT	3	3.40	0.0003194888178913738	0.00036227647193096926	0.6606025862673255	2111.9464682966395	-3.325
AGCCAA	AGCCAA	4	2.14	0.0004259850905218317	0.00022751810430247617	0.16828911770311653	538.0203092968635	-2.731
AGCCAC	AGCCAC	5	1.14	0.0005324813631522897	0.00012104108591236492	0.006214430946810647	19.867535736953638	-1.298
AGCCAT	AGCCAT	3	1.83	0.0003194888178913738	0.00019497207415628744	0.2776367126302829	887.6045702790144	-2.948
AGCCCA	AGCCCA	1	1.23	0.00010649627263045793	0.00013097744246522326	0.7076718144565168	2262.4267908174843	-3.355
AGCCCT	AGCCCT	1	1.31	0.00010649627263045793	0.0001394846342677184	0.7301153722067766	2334.1788449450646	-3.368
AGCCGA	AGCCGA	1	0.97	0.00010649627263045793	0.000102934242153033	0.619607830645913	1980.8862345749837	-3.297
AGCCGG	AGCCGG	1	0.66	0.00010649627263045793	7.000008143027155e-05	0.48175167755387893	1540.160113139751	-3.188
AGCCGT	AGCCGT	2	1.01	0.00021299254526091586	0.00010743302743106217	0.26747699060978153	855.1239389794715	-2.932
AGCGAC	AGCGAC	3	0.77	0.0003194888178913738	8.167290972657372e-05	0.04278337004137814	136.77843402228592	-2.136
AGCGAG	AGCGAG	1	1.00	0.00010649627263045793	0.00010641533399156658	0.6318408590951038	2019.9952265270467	-3.305
AGCGAT	AGCGAT	1	1.40	0.00010649627263045793	0.00014957711854272077	0.7545173835755032	2412.192075290884	-3.382
AGCGCA	AGCGCA	2	1.45	0.00021299254526091586	0.00015474666989194927	0.4263469038101652	1363.031051481098	-3.135
AGCGCC	AGCGCC	2	0.83	0.00021299254526091586	8.822472689702204e-05	0.20146174903283084	644.0732116579602	-2.809
AGCGCT	AGCGCT	1	1.28	0.00010649627263045793	0.00013623139575836117	0.721743744130791	2307.4147499861388	-3.363
AGCGGA	AGCGGA	3	1.18	0.0003194888178913738	0.00012568088346002522	0.11623559123396215	371.605185174977	-2.57
AGCGGG	AGCGGG	2	0.70	0.00021299254526091586	7.495360485015263e-05	0.1571319662847285	502.350896212277	-2.701
AGCGGT	AGCGGT	1	0.99	0.00010649627263045793	0.00010520145848070168	0.627620467120462	2006.5026333841172	-3.302
AGCGTA	AGCGTA	1	1.74	0.00010649627263045793	0.00018511242905071908	0.824164381958985	2634.853529122875	-3.421
AGCGTC	AGCGTC	1	0.87	0.00010649627263045793	9.224836132368972e-05	0.5794585001782538	1852.5288250698775	-3.268
AGCGTG	AGCGTG	1	1.11	0.00010649627263045793	0.00011811998572810453	0.6701596950309194	2142.500545013849	-3.331
AGCGTT	AGCGTT	1	1.90	0.00010649627263045793	0.00020229243102352137	0.8503604575697904	2718.60238285062	-3.434
AGCTAA	AGCTAA	1	2.34	0.00010649627263045793	0.00024920536872920023	0.903676061871052	2889.0523698017532	-3.461
AGCTAC	AGCTAC	1	1.38	0.00010649627263045793	0.00014690466403585495	0.7482792133670433	2392.2486451344375	-3.379
AGCTAG	AGCTAG	3	1.21	0.0003194888178913738	0.00012881400602184672	0.12259342533800709	391.9311808056087	-2.593
AGCTAT	AGCTAT	1	2.76	0.00010649627263045793	0.00029439924083303606	0.9369866626748106	2995.5463605713694	-3.476
AGCTCA	AGCTCA	3	1.86	0.0003194888178913738	0.00019796531987222973	0.28519604231605306	911.7717472844216	-2.96
AGCTCG	AGCTCG	2	0.88	0.00021299254526091586	9.366195442051824e-05	0.2200204275048731	703.4053067330793	-2.847
AGCTCT	AGCTCT	3	2.01	0.0003194888178913738	0.00021418736494038156	0.3263603017101679	1043.3738845674068	-3.018
AGCTGC	AGCTGC	2	1.20	0.00021299254526091586	0.00012789482549155332	0.3377097118628245	1079.65794882545	-3.033
AGCTGG	AGCTGG	2	1.01	0.00021299254526091586	0.00010786713845821198	0.2689764901172533	859.9178389048587	-2.934
AGCTGT	AGCTGT	2	1.76	0.00021299254526091586	0.0001877101204932891	0.5259424156647474	1681.4379028801975	-3.226
AGCTTA	AGCTTA	2	2.68	0.00021299254526091586	0.0002856680023926505	0.7481323951947357	2391.77926743757	-3.379
AGCTTC	AGCTTC	3	2.31	0.0003194888178913738	0.0002462910060330445	0.40731892906150186	1302.1986162096214	-3.115
AGCTTG	AGCTTG	3	1.95	0.0003194888178913738	0.00020797170892840515	0.3105650346822558	992.8764158791719	-2.997
AGCTTT	AGCTTT	3	5.02	0.0003194888178913738	0.0005344057344130878	0.8768616742492205	2803.326772574758	-3.448
AGGAAA	AGGAAA	6	5.58	0.0006389776357827476	0.0005946787378425944	0.48542704577844414	1551.9102653536859	-3.191
AGGAAC	AGGAAC	1	2.05	0.00010649627263045793	0.0002181676209234045	0.8710839627382476	2784.8554288741775	-3.445
AGGAAG	AGGAAG	1	2.50	0.00010649627263045793	0.0002659863719548736	0.9177187508533149	2933.9468464780475	-3.467
AGGAAT	AGGAAT	2	3.47	0.00021299254526091586	0.00036934264879060787	0.860704549898896	2751.6724460267706	-3.44
AGGACA	AGGACA	1	1.67	0.00010649627263045793	0.00017772502649563923	0.811534063904725	2594.474402303406	-3.414
AGGACC	AGGACC	2	0.85	0.00021299254526091586	9.010779094387232e-05	0.207870401414379	664.5616733217697	-2.823
AGGAGA	AGGAGA	4	2.09	0.0004259850905218317	0.00022217826649519992	0.15876667812191445	507.57706995576046	-2.706
AGGAGC	AGGAGC	1	1.23	0.00010649627263045793	0.00013054964441844177	0.7064951634837666	2258.6650376576017	-3.354
AGGAGT	AGGAGT	2	1.66	0.00021299254526091586	0.00017636067762101634	0.49297524741671284	1576.041865991231	-3.198
AGGATA	AGGATA	2	3.05	0.00021299254526091586	0.00032453023278787227	0.8078116284191792	2582.573776056116	-3.412
AGGATG	AGGATG	1	1.39	0.00010649627263045793	0.00014756316612808394	0.7498308850317419	2397.2093394464787	-3.38
AGGATT	AGGATT	1	2.81	0.00010649627263045793	0.0002993742790268089	0.9398626688721876	3004.740952384384	-3.478
AGGCAA	AGGCAA	1	2.54	0.00010649627263045793	0.0002707446743883215	0.921314193756078	2945.4414774381817	-3.469
AGGCCA	AGGCCA	2	1.29	0.00021299254526091586	0.00013755639168878302	0.37021731550005366	1183.5847576536714	-3.073
AGGCCG	AGGCCG	1	0.71	0.00010649627263045793	7.561138775602417e-05	0.5083513438118807	1625.1992461665827	-3.211
AGGCCT	AGGCCT	2	1.38	0.00021299254526091586	0.00014649089663658222	0.39969698851135077	1277.8312722707883	-3.106
AGGCGC	AGGCGC	2	0.90	0.00021299254526091586	9.612027887421545e-05	0.22845796232878735	730.3801055651331	-2.864
AGGCGT	AGGCGT	1	1.17	0.00010649627263045793	0.00012437956513491067	0.6889881039646142	2202.6949683748717	-3.343
AGGCTC	AGGCTC	2	1.22	0.00021299254526091586	0.00013032220757794934	0.3459304407907108	1105.9396192079023	-3.044
AGGCTG	AGGCTG	2	1.19	0.00021299254526091586	0.00012662384658275222	0.3333926261882944	1065.8562259239773	-3.028
AGGCTT	AGGCTT	3	2.49	0.0003194888178913738	0.0002651530912006054	0.4535645625869969	1450.045906590629	-3.161
AGGGAA	AGGGAA	3	2.62	0.0003194888178913738	0.00027868687003318926	0.4857971832319104	1553.0935947924177	-3.191
AGGGAC	AGGGAC	1	0.91	0.00010649627263045793	9.682474336500523e-05	0.5971473192009666	1909.0799794854904	-3.281
AGGGAT	AGGGAT	2	1.67	0.00021299254526091586	0.00017732643742780345	0.49583689908608153	1585.1905663782027	-3.2
AGGGCA	AGGGCA	1	1.42	0.00010649627263045793	0.0001513935933148005	0.7586689993740884	2425.464790998961	-3.385
AGGGGG	AGGGGG	1	0.73	0.00010649627263045793	7.792655499751336e-05	0.5189241607885308	1659.000542040933	-3.22
AGGGGT	AGGGGT	2	1.03	0.00021299254526091586	0.00010937415560605053	0.2741812481954078	876.5574504807187	-2.943
AGGGTC	AGGGTC	3	0.82	0.0003194888178913738	8.770847897072195e-05	0.05087312235236211	162.64137216050167	-2.211
AGGGTT	AGGGTT	3	1.81	0.0003194888178913738	0.0001923368738237558	0.27099773700158886	866.3797651940796	-2.938
AGGTAA	AGGTAA	3	2.61	0.0003194888178913738	0.0002781795820971197	0.48460537706435675	1549.2833904747486	-3.19
AGGTAT	AGGTAT	6	3.09	0.0006389776357827476	0.0003286279834269368	0.09281610017184395	296.73307224938515	-2.472
AGGTCA	AGGTCA	4	1.35	0.0004259850905218317	0.00014405538842380023	0.0485333641309131	155.1611651265292	-2.191
AGGTCT	AGGTCT	1	1.46	0.00010649627263045793	0.00015585984490551765	0.7685806725353648	2457.152410095561	-3.39
AGGTGA	AGGTGA	6	1.67	0.0006389776357827476	0.0001774943358741772	0.007302062660842786	23.344694326714386	-1.368
AGGTGC	AGGTGC	1	1.15	0.00010649627263045793	0.0001226481542293584	0.6838903614750821	2186.3974856358373	-3.34
AGGTGG	AGGTGG	2	0.97	0.00021299254526091586	0.0001034420695525018	0.25369218251262177	811.0539074928517	-2.909
AGGTGT	AGGTGT	1	1.69	0.00010649627263045793	0.00018000962681787976	0.8155340519259786	2607.2623640073534	-3.416
AGGTTA	AGGTTA	3	2.10	0.0003194888178913738	0.00022404987011573146	0.35140225133984954	1123.432997533499	-3.051
AGGTTC	AGGTTC	2	1.81	0.00021299254526091586	0.0001931664290371923	0.5412662213227464	1730.4281095688202	-3.238
AGGTTG	AGGTTG	3	1.53	0.0003194888178913738	0.00016311254317208986	0.1991329907687525	636.6281714877017	-2.804
AGGTTT	AGGTTT	2	3.94	0.00021299254526091586	0.00041913527024906597	0.9035942753644025	2888.790898339995	-3.461
AGTAAA	AGTAAA	9	5.54	0.0009584664536741214	0.000589751742211438	0.10887628810845335	348.07749308272537	-2.542
AGTAAC	AGTAAC	2	2.03	0.00021299254526091586	0.00021636007199530763	0.60248539005637	1926.145792010215	-3.285
AGTAAG	AGTAAG	3	2.48	0.0003194888178913738	0.00026378263805760475	0.4502527228038791	1439.4579548040015	-3.158
AGTAAT	AGTAAT	1	3.44	0.00010649627263045793	0.00036628259383792436	0.9679158633430653	3094.42701510778	-3.491
AGTACA	AGTACA	5	2.81	0.0005324813631522897	0.0002990499627381999	0.15358435258647574	491.0091752189629	-2.691
AGTACC	AGTACC	2	1.42	0.00021299254526091586	0.0001516203545191071	0.4163265355240495	1330.9959340703863	-3.124
AGTACG	AGTACG	4	1.35	0.0004259850905218317	0.00014372989885928206	0.048208002667957175	154.1209845294591	-2.188
AGTACT	AGTACT	1	2.37	0.00010649627263045793	0.0002522151980277357	0.9063602877666094	2897.63383998985	-3.462
AGTAGA	AGTAGA	3	2.36	0.0003194888178913738	0.00025159271235807723	0.4204521622124979	1344.1855625933558	-3.128
AGTAGC	AGTAGC	2	1.39	0.00021299254526091586	0.00014783326764919148	0.40407087703799155	1291.814593890459	-3.111
AGTAGT	AGTAGT	2	1.88	0.00021299254526091586	0.00019970927821123571	0.5591821365732046	1787.705290624535	-3.252
AGTATA	AGTATA	6	5.61	0.0006389776357827476	0.0005975362996455956	0.4899820368776265	1566.4725718977718	-3.195
AGTATC	AGTATC	2	2.59	0.00021299254526091586	0.00027617751456972104	0.7313199337123151	2338.0298280782713	-3.369
AGTATG	AGTATG	2	2.55	0.00021299254526091586	0.00027169841002085723	0.7230584925000879	2311.618000522781	-3.364
AGTATT	AGTATT	4	5.18	0.0004259850905218317	0.0005512182866971168	0.7588081633702495	2425.9096982946876	-3.385
AGTCAA	AGTCAA	10	2.40	0.0010649627263045794	0.00025595287527503983	0.00020379561359248565	0.6515345766551767	0.186
AGTCAC	AGTCAC	4	1.28	0.0004259850905218317	0.00013616856584078765	0.04099200759870364	131.05144829305553	-2.117
AGTCAG	AGTCAG	1	1.24	0.00010649627263045793	0.00013226401086419617	0.7111821487351386	2273.6493295062382	-3.357
AGTCAT	AGTCAT	7	2.06	0.0007454739084132055	0.0002193393054659736	0.00529452462710317	16.926595232848832	-1.229
AGTCCA	AGTCCA	1	1.30	0.00010649627263045793	0.00013885330374011044	0.7285106921413265	2329.048682775821	-3.367
AGTCCC	AGTCCC	1	0.84	0.00010649627263045793	8.969844643447998e-05	0.5692676640257821	1819.9487218904253	-3.26
AGTCCG	AGTCCG	1	0.72	0.00010649627263045793	7.632426862469537e-05	0.5116314253996689	1635.6856670027414	-3.214
AGTCGA	AGTCGA	2	0.94	0.00021299254526091586	9.967163660175796e-05	0.2406828400420916	769.4630396145668	-2.886
AGTCGC	AGTCGC	2	0.75	0.00021299254526091586	8.039249740310545e-05	0.17509075862080284	559.7651553107066	-2.748
AGTCGT	AGTCGT	1	0.98	0.00010649627263045793	0.0001040278283024208	0.6234940045728693	1993.3103326194632	-3.3
AGTCTA	AGTCTA	3	1.86	0.0003194888178913738	0.00019806913765315357	0.2854585398475075	912.6109518924816	-2.96
AGTCTC	AGTCTC	2	1.42	0.00021299254526091586	0.0001514144612317446	0.415663488894941	1328.8761739971262	-3.123
AGTCTG	AGTCTG	1	1.38	0.00010649627263045793	0.0001471175317372581	0.7487818573354035	2393.855597901285	-3.379
AGTCTT	AGTCTT	1	2.89	0.00010649627263045793	0.0003080673140382281	0.9445765272336334	3019.811157565926	-3.48
AGTGAA	AGTGAA	1	3.53	0.00010649627263045793	0.0003761117561810529	0.9707445497854357	3103.470325664038	-3.492
AGTGAC	AGTGAC	1	1.23	0.00010649627263045793	0.00013067326876380978	0.7068356757900034	2259.753655500641	-3.354
AGTGAG	AGTGAG	1	1.60	0.00010649627263045793	0.00017026012157304263	0.7978494458404954	2550.724678352064	-3.407
AGTGAT	AGTGAT	5	2.25	0.0005324813631522897	0.0002393171870291485	0.07769799853612971	248.4005013200067	-2.395
AGTGCA	AGTGCA	2	1.99	0.00021299254526091586	0.00021211072378494433	0.5917482763091847	1891.8192393604634	-3.277
AGTGGA	AGTGGA	2	1.62	0.00021299254526091586	0.00017232646530575954	0.4809106553684019	1537.471365212781	-3.187
AGTGGC	AGTGGC	1	1.08	0.00010649627263045793	0.00011470273403486745	0.6594041422954225	2108.115042918466	-3.324
AGTGGT	AGTGGT	3	1.35	0.0003194888178913738	0.00014424624482176044	0.15561032339879188	497.48620390593766	-2.697
AGTGTA	AGTGTA	2	2.70	0.00021299254526091586	0.0002877912573328539	0.7517675013645231	2403.40070186238	-3.381
AGTGTC	AGTGTC	2	1.35	0.00021299254526091586	0.00014341701434302987	0.38962499283029756	1245.6311020784613	-3.095
AGTGTG	AGTGTG	1	1.72	0.00010649627263045793	0.00018363920447241256	0.8217150435852563	2627.022994342064	-3.419
AGTGTT	AGTGTT	1	2.95	0.00010649627263045793	0.0003145007246230217	0.9478255206095337	3030.1981893886796	-3.481
AGTTAA	AGTTAA	3	3.30	0.0003194888178913738	0.00035182729308301953	0.6413076927977921	2050.260693874541	-3.312
AGTTAC	AGTTAC	5	1.95	0.0005324813631522897	0.00020739950568709052	0.04803899938128508	153.5806810219684	-2.186
AGTTAG	AGTTAG	5	1.71	0.0005324813631522897	0.00018185917615239474	0.030104163441278215	96.24301052176645	-1.983
AGTTAT	AGTTAT	3	3.90	0.0003194888178913738	0.00041563184820683394	0.7473030296924505	2389.1277859267643	-3.378
AGTTCA	AGTTCA	3	2.96	0.0003194888178913738	0.0003152083101282011	0.5677447419359939	1815.0799399693724	-3.259
AGTTCC	AGTTCC	2	1.80	0.00021299254526091586	0.0001918854397815899	0.5376997394263698	1719.0260669461043	-3.235
AGTTCG	AGTTCG	1	1.40	0.00010649627263045793	0.00014913231466628007	0.7534899300763043	2408.907306453945	-3.382
AGTTCT	AGTTCT	6	3.20	0.0006389776357827476	0.000341037699922615	0.10567544949166437	337.84441202485095	-2.529
AGTTGA	AGTTGA	2	2.40	0.00021299254526091586	0.0002561200816530943	0.6926389464898808	2214.366711928149	-3.345
AGTTGC	AGTTGC	2	1.66	0.00021299254526091586	0.00017697835325907238	0.4948066778065959	1581.896948947687	-3.199
AGTTGG	AGTTGG	3	1.40	0.0003194888178913738	0.00014926443240945273	0.16688737045363988	533.5389233402867	-2.727
AGTTGT	AGTTGT	4	2.44	0.0004259850905218317	0.00025974958632832555	0.22947769130206438	733.6401790926998	-2.865
AGTTTA	AGTTTA	6	4.55	0.0006389776357827476	0.00048508118630751943	0.30647758068474135	979.8088254491181	-2.991
AGTTTC	AGTTTC	4	3.93	0.0004259850905218317	0.00041821671444731376	0.5521505250353773	1765.2252285381012	-3.247
AGTTTG	AGTTTG	5	3.32	0.0005324813631522897	0.00035314827856264085	0.24034196647898098	768.3732668333022	-2.886
AGTTTT	AGTTTT	10	8.52	0.0010649627263045794	0.0009074525863849815	0.3497526147019672	1118.1591092021893	-3.049
ATAAAA	ATAAAA	13	16.02	0.0013844515441959531	0.0017065299954486708	0.8084816054159336	2584.7156925147397	-3.412
ATAAAC	ATAAAC	6	5.88	0.0006389776357827476	0.0006260684390569409	0.5346588267618312	1709.3042691575743	-3.233
ATAAAG	ATAAAG	6	7.17	0.0006389776357827476	0.0007632923345608254	0.7201482242176805	2302.3138728239246	-3.362
ATAAAT	ATAAAT	10	9.95	0.0010649627263045794	0.0010598904394097722	0.5360974387260649	1713.9035116072293	-3.234
ATAACA	ATAACA	8	5.06	0.0008519701810436634	0.0005385402170467642	0.13938103879569547	445.6011810298384	-2.649
ATAACC	ATAACC	2	2.56	0.00021299254526091586	0.00027304353387567587	0.7255618289666099	2319.621167206252	-3.365
ATAACG	ATAACG	3	2.43	0.0003194888178913738	0.00025883410992279585	0.4382268749268264	1401.011319141064	-3.146
ATAACT	ATAACT	1	4.26	0.00010649627263045793	0.0004541984431118577	0.9859470561831748	3152.07273861761	-3.499
ATAAGA	ATAAGA	8	5.92	0.0008519701810436634	0.0006299615359098224	0.24444888992355032	781.5031010855904	-2.893
ATAAGC	ATAAGC	6	3.48	0.0006389776357827476	0.00037015886300516954	0.13920354041362784	445.0337187023682	-2.648
ATAAGG	ATAAGG	2	3.37	0.00021299254526091586	0.0003585972072459441	0.8493956898882562	2715.518020572755	-3.434
ATAAGT	ATAAGT	3	4.70	0.0003194888178913738	0.000500050905521998	0.8472447267408036	2708.6413913903493	-3.433
ATAATA	ATAATA	13	8.54	0.0013844515441959531	0.0009090269186044422	0.0930938032128023	297.620888871329	-2.474
ATAATC	ATAATC	5	3.95	0.0005324813631522897	0.0004201465169664985	0.36045358489100265	1152.3701108965354	-3.062
ATAATG	ATAATG	2	3.88	0.00021299254526091586	0.0004133324931012104	0.8993194489357501	2875.124278247593	-3.459
ATAATT	ATAATT	8	7.87	0.0008519701810436634	0.0008385637172702157	0.5293332956528701	1692.2785462022257	-3.228
ATACAA	ATACAA	6	6.81	0.0006389776357827476	0.0007252286775369211	0.6743567207159525	2155.9184361289003	-3.334
ATACAC	ATACAC	4	3.62	0.0004259850905218317	0.0003858262925184802	0.4896419454450492	1565.3852995878221	-3.195
ATACAG	ATACAG	4	3.52	0.0004259850905218317	0.00037476294642791266	0.4674668157204984	1494.4914098584334	-3.174
ATACAT	ATACAT	7	5.84	0.0007454739084132055	0.0006214861007676564	0.36733561769308987	1174.3719697648082	-3.07
ATACCA	ATACCA	4	3.08	0.0004259850905218317	0.0003276729308843809	0.36997988391631564	1182.825688880461	-3.073
ATACCC	ATACCC	2	1.99	0.00021299254526091586	0.00021167485430504264	0.5906347520310355	1888.2593022432206	-3.276
ATACCG	ATACCG	1	1.69	0.00010649627263045793	0.00018011380445560307	0.8157144134530601	2607.838979809433	-3.416
ATACGA	ATACGA	2	2.69	0.00021299254526091586	0.00028689026603698334	0.7502305274705454	2398.4869963233336	-3.38
ATACGG	ATACGG	1	1.83	0.00010649627263045793	0.00019509875007662244	0.8399032987048429	2685.170845959383	-3.429
ATACGT	ATACGT	5	2.81	0.0005324813631522897	0.0002994289283738393	0.15414087908160964	492.78839042390604	-2.693
ATACTA	ATACTA	6	4.11	0.0006389776357827476	0.00043747630503258216	0.23195330006077056	741.5547002942835	-2.87
ATACTC	ATACTC	1	3.14	0.00010649627263045793	0.00033442988550875873	0.9567300389508533	3058.665934525878	-3.486
ATACTG	ATACTG	3	3.05	0.0003194888178913738	0.0003249392356250539	0.5881779074583054	1880.4047701442025	-3.274
ATACTT	ATACTT	2	6.39	0.00021299254526091586	0.000680429832954394	0.9875894922620395	3157.3236067617404	-3.499
ATAGAA	ATAGAA	6	6.83	0.0006389776357827476	0.0007276644844030849	0.6774257835727403	2165.7302300820506	-3.336
ATAGAC	ATAGAC	3	2.37	0.0003194888178913738	0.00025281394473218935	0.4234636035058504	1353.8131404082037	-3.132
ATAGAG	ATAGAG	3	3.09	0.0003194888178913738	0.00032940274145330166	0.5973396495890555	1909.6948597362104	-3.281
ATAGAT	ATAGAT	5	4.35	0.0005324813631522897	0.00046300764240013036	0.43875425730279227	1402.697360597027	-3.147
ATAGCA	ATAGCA	1	3.28	0.00010649627263045793	0.0003489590750985716	0.9622483356371012	3076.3079290318124	-3.488
ATAGCC	ATAGCC	2	1.87	0.00021299254526091586	0.00019894980047264078	0.557128389528278	1781.139461321905	-3.251
ATAGCG	ATAGCG	4	1.75	0.0004259850905218317	0.0001866157045589531	0.101170986326019	323.4436432842827	-2.51
ATAGCT	ATAGCT	4	2.88	0.0004259850905218317	0.0003072064936610207	0.32694859637619983	1045.254662614711	-3.019
ATAGGA	ATAGGA	1	3.06	0.00010649627263045793	0.0003256465021357844	0.9530100088899246	3046.772998421089	-3.484
ATAGGG	ATAGGG	1	1.82	0.00010649627263045793	0.0001942091634777811	0.8385603749729473	2680.8775187885126	-3.428
ATAGGT	ATAGGT	3	2.56	0.0003194888178913738	0.0002725831171032459	0.47137034010135576	1506.9709773040342	-3.178
ATAGTA	ATAGTA	5	4.09	0.0005324813631522897	0.00043579357051952894	0.38915038078408415	1244.113767366717	-3.095
ATAGTC	ATAGTC	3	2.04	0.0003194888178913738	0.0002171720341091279	0.3339448085102497	1067.6215528072682	-3.028
ATAGTG	ATAGTG	2	2.61	0.00021299254526091586	0.00027807927643833384	0.7347636955278678	2349.0395346025934	-3.371
ATAGTT	ATAGTT	4	4.47	0.0004259850905218317	0.00047623890657639965	0.6529380535644402	2087.4429572455156	-3.32
ATATAA	ATATAA	14	12.03	0.001490947816826411	0.001280707153360052	0.32119523635033576	1026.8611706120234	-3.012
ATATAC	ATATAC	15	7.09	0.001597444089456869	0.0007549670982294106	0.006378374095930228	20.39166198468894	-1.309
ATATAG	ATATAG	4	6.22	0.0004259850905218317	0.0006619962475383599	0.8670667968353649	2772.0125494826616	-3.443
ATATAT	ATATAT	60	14.21	0.006389776357827476	0.0015129658546335285	1.4931747199069257e-19	4.773679579542441e-16	15.321
ATATCA	ATATCA	5	5.78	0.0005324813631522897	0.0006151131843244348	0.6838302263516631	2186.205233646267	-3.34
ATATCC	ATATCC	2	3.52	0.00021299254526091586	0.00037445479734193215	0.8658068358471973	2767.98445420349	-3.442
ATATCG	ATATCG	2	2.73	0.00021299254526091586	0.0002910242211658052	0.757215469078606	2420.8178546443037	-3.384
ATATCT	ATATCT	4	6.25	0.0004259850905218317	0.0006655179410998416	0.8696878501647699	2780.3920569767693	-3.444
ATATGA	ATATGA	5	5.47	0.0005324813631522897	0.000582296367622491	0.6374368196512714	2037.8855124251147	-3.309
ATATGC	ATATGC	4	3.78	0.0004259850905218317	0.00040236537324765784	0.522047189201347	1668.9848638767062	-3.222
ATATGG	ATATGG	3	3.19	0.0003194888178913738	0.0003393569775796886	0.6172846573203615	1973.4590494531958	-3.295
ATATGT	ATATGT	7	5.55	0.0007454739084132055	0.0005905481508290831	0.32108728798334135	1026.5160596827423	-3.011
ATATTA	ATATTA	7	8.18	0.0007454739084132055	0.0008707320917508028	0.7076663837373272	2262.409428808235	-3.355
ATATTC	ATATTC	4	7.05	0.0004259850905218317	0.0007507087985576909	0.9207613141810194	2943.673921436719	-3.469
ATATTG	ATATTG	5	5.95	0.0005324813631522897	0.0006339094320102202	0.7085228728012849	2265.1476243457078	-3.355
ATATTT	ATATTT	15	15.30	0.001597444089456869	0.0016288986483321433	0.5642789626040257	1803.99984344507	-3.256
ATCAAA	ATCAAA	5	6.45	0.0005324813631522897	0.0006869191903584581	0.770702703023314	2463.9365415655348	-3.392
ATCAAC	ATCAAC	2	2.37	0.00021299254526091586	0.0002520075395175864	0.6841606207845286	2187.261504648138	-3.34
ATCAAG	ATCAAG	1	2.89	0.00010649627263045793	0.0003072434436322277	0.9441461005419626	3018.435083432654	-3.48
ATCAAT	ATCAAT	4	4.01	0.0004259850905218317	0.0004266312836280467	0.5677144172374673	1814.9829919081828	-3.259
ATCACA	ATCACA	2	2.95	0.00021299254526091586	0.0003143538836907262	0.7935332933629634	2536.925938881394	-3.404
ATCACC	ATCACC	3	1.50	0.0003194888178913738	0.0001593795459903523	0.190293646576872	608.3687881062598	-2.784
ATCACG	ATCACG	5	1.42	0.0005324813631522897	0.00015108529523023126	0.015003928220693932	47.9675585215585	-1.681
ATCACT	ATCACT	3	2.49	0.0003194888178913738	0.00026512234377120916	0.4534903495284351	1449.808647442407	-3.161
ATCAGC	ATCAGC	3	1.62	0.0003194888178913738	0.00017214110114149858	0.22088955565800972	706.1839094386571	-2.849
ATCAGT	ATCAGT	2	2.18	0.00021299254526091586	0.00023254694701760537	0.6414181122868838	2050.6137049811678	-3.312
ATCATA	ATCATA	5	4.74	0.0005324813631522897	0.0005048680293915239	0.5128965156552145	1639.730160549721	-3.215
ATCATC	ATCATC	7	2.19	0.0007454739084132055	0.00023334682365868498	0.007307703054568187	23.362726665454495	-1.369
ATCATT	ATCATT	10	4.37	0.0010649627263045794	0.00046573319534629667	0.014337988621406473	45.83854962263649	-1.661
ATCCAA	ATCCAA	2	2.93	0.00021299254526091586	0.00031231178806295773	0.7905572715911136	2527.41159727679	-3.403
ATCCAC	ATCCAC	3	1.56	0.0003194888178913738	0.00016615186772176948	0.20640054210845327	659.8625331207251	-2.819
ATCCAT	ATCCAT	4	2.51	0.0004259850905218317	0.0002676361834535161	0.24522860195472046	783.9958404492413	-2.894
ATCCCA	ATCCCA	2	1.69	0.00021299254526091586	0.00017979140331551125	0.5030938469923657	1608.391028834593	-3.206
ATCCCT	ATCCCT	2	1.80	0.00021299254526091586	0.00019146913899011737	0.5365365666316427	1715.3074035213617	-3.234
ATCCGT	ATCCGT	1	1.38	0.00010649627263045793	0.00014747222422970338	0.7496171632702431	2396.5260709749673	-3.38
ATCCTA	ATCCTA	2	2.23	0.00021299254526091586	0.0002378867785302715	0.6535830866702725	2089.505128084861	-3.32
ATCCTC	ATCCTC	2	1.71	0.00021299254526091586	0.00018185315911452846	0.5091114194689257	1627.6292080421554	-3.212
ATCCTG	ATCCTG	1	1.66	0.00010649627263045793	0.0001766924221762728	0.8096977810044114	2588.6038058711033	-3.413
ATCCTT	ATCCTT	4	3.47	0.0004259850905218317	0.0003699977784290654	0.45780708564517075	1463.6092528076108	-3.165
ATCGAA	ATCGAA	3	2.51	0.0003194888178913738	0.0002673656768686716	0.4588937631070955	1467.0833606533843	-3.166
ATCGAG	ATCGAG	1	1.14	0.00010649627263045793	0.00012103241097894741	0.6790578336096226	2170.9478940499635	-3.337
ATCGCA	ATCGCA	3	1.65	0.0003194888178913738	0.00017600247864156695	0.2303362544941335	736.3850056177448	-2.867
ATCGCT	ATCGCT	3	1.45	0.0003194888178913738	0.0001549439696441521	0.17992609695712106	575.223731971916	-2.76
ATCGGC	ATCGGC	1	0.89	0.00010649627263045793	9.514555127583322e-05	0.5907449513582119	1888.6116094922036	-3.276
ATCGGG	ATCGGG	2	0.80	0.00021299254526091586	8.524913812981359e-05	0.19138379914703715	611.8540058730778	-2.787
ATCGGT	ATCGGT	2	1.12	0.00021299254526091586	0.00011965179904834044	0.30957671273342063	989.7167506087458	-2.996
ATCGTA	ATCGTA	1	1.98	0.00010649627263045793	0.0002105392404439896	0.8615108738195018	2754.250263600947	-3.44
ATCGTC	ATCGTC	1	0.99	0.00010649627263045793	0.00010491948069014255	0.6266331847512494	2003.3462916497444	-3.302
ATCGTT	ATCGTT	5	2.16	0.0005324813631522897	0.00023007906596909765	0.06828750709044704	218.31516016815917	-2.339
ATCTAA	ATCTAA	3	3.70	0.0003194888178913738	0.000393734341678087	0.7140868795064022	2282.935753781968	-3.358
ATCTAC	ATCTAC	1	2.18	0.00010649627263045793	0.0002321033911851692	0.8868963747892988	2835.4077102013885	-3.453
ATCTAG	ATCTAG	3	1.91	0.0003194888178913738	0.00020352088768618126	0.29926667203610663	956.7555504994328	-2.981
ATCTAT	ATCTAT	9	4.37	0.0009584664536741214	0.0004651388205279138	0.03443747090015627	110.09659446779959	-2.042
ATCTCC	ATCTCC	2	1.79	0.00021299254526091586	0.00019040545244296056	0.5335553858753589	1705.7765686435223	-3.232
ATCTCG	ATCTCG	1	1.39	0.00010649627263045793	0.00014798207659851522	0.750813009692449	2400.3491919867597	-3.38
ATCTCT	ATCTCT	3	3.18	0.0003194888178913738	0.0003384073206793788	0.6154111263779651	1967.4693710303545	-3.294
ATCTGA	ATCTGA	1	2.75	0.00010649627263045793	0.00029243029140630375	0.9358108083169049	2991.787154189145	-3.476
ATCTGC	ATCTGC	2	1.90	0.00021299254526091586	0.00020206861985253095	0.5655186058779701	1807.9629829918704	-3.257
ATCTGG	ATCTGG	1	1.60	0.00010649627263045793	0.00017042568932651843	0.7981634813318644	2551.7286498179706	-3.407
ATCTGT	ATCTGT	2	2.78	0.00021299254526091586	0.00029657435189147887	0.7663267148326589	2449.9465073200104	-3.389
ATCTTC	ATCTTC	3	3.65	0.0003194888178913738	0.00038912976721232193	0.7066873977828614	2259.279610711808	-3.354
ATCTTG	ATCTTG	5	3.09	0.0005324813631522897	0.00032858683711414565	0.19929027423238055	637.1310067209206	-2.804
ATCTTT	ATCTTT	7	7.93	0.0007454739084132055	0.0008443393138001718	0.677795908106415	2166.9135182162086	-3.336
ATGAAA	ATGAAA	5	7.28	0.0005324813631522897	0.0007755264236030163	0.8512310385464437	2721.3856302329805	-3.435
ATGAAC	ATGAAC	3	2.67	0.0003194888178913738	0.00028451455220094093	0.4993910515072794	1596.5531916687723	-3.203
ATGAAG	ATGAAG	5	3.26	0.0005324813631522897	0.0003468754583653955	0.22963828595947594	734.1536002124445	-2.866
ATGAAT	ATGAAT	6	4.52	0.0006389776357827476	0.0004816634012169136	0.30097258341655947	962.2093491827407	-2.983
ATGACA	ATGACA	3	2.18	0.0003194888178913738	0.00023177296481616754	0.3709375768654038	1185.8874332386958	-3.074
ATGACT	ATGACT	8	1.84	0.0008519701810436634	0.00019547457449362865	0.0006365711175173323	2.0351178627029114	-0.309
ATGAGA	ATGAGA	1	2.72	0.00010649627263045793	0.0002897448747578188	0.934171629698482	2986.546700146047	-3.475
ATGAGC	ATGAGC	1	1.60	0.00010649627263045793	0.00017025108246812435	0.7978322871402729	2550.6698219874525	-3.407
ATGAGT	ATGAGT	2	2.16	0.00021299254526091586	0.00022999370395488	0.6354831513229862	2031.6396347795867	-3.308
ATGATA	ATGATA	4	3.97	0.0004259850905218317	0.0004232230862971439	0.5614466438515775	1794.9449203934932	-3.254
ATGATC	ATGATC	3	1.84	0.0003194888178913738	0.0001956110451388429	0.27924888169763595	892.7586747873421	-2.951
ATGATG	ATGATG	2	1.81	0.00021299254526091586	0.00019243858439939968	0.5392421352306922	1723.957106332523	-3.237
ATGATT	ATGATT	2	3.67	0.00021299254526091586	0.0003904169581960848	0.8806517749639694	2815.44372455981	-3.45
ATGCAA	ATGCAA	4	3.44	0.0004259850905218317	0.00036654629975844656	0.45077319735447907	1441.1219119422697	-3.159
ATGCAC	ATGCAC	6	1.83	0.0006389776357827476	0.00019500497464121464	0.011210024714053628	35.83844901082945	-1.554
ATGCAG	ATGCAG	1	1.78	0.00010649627263045793	0.00018941331962528602	0.8311240861439178	2657.103703402105	-3.424
ATGCAT	ATGCAT	4	2.95	0.0004259850905218317	0.00031411255186622445	0.34145939251735064	1091.64567787797	-3.038
ATGCCA	ATGCCA	6	1.75	0.0006389776357827476	0.00018623002094338457	0.009102700523993609	29.10133357520757	-1.464
ATGCGA	ATGCGA	2	1.51	0.00021299254526091586	0.00016133924053706843	0.4471742459013651	1429.6160641466643	-3.155
ATGCGC	ATGCGC	5	1.22	0.0005324813631522897	0.00013013195045366094	0.008331445866917935	26.63563243653664	-1.425
ATGCGT	ATGCGT	1	1.58	0.00010649627263045793	0.00016839064136263114	0.7942694800988768	2539.279527876109	-3.405
ATGCTA	ATGCTA	4	2.17	0.0004259850905218317	0.00023080052918706147	0.17424015317839855	557.0457697113402	-2.746
ATGCTC	ATGCTC	2	1.66	0.00021299254526091586	0.00017643605759548806	0.4931989776857233	1576.7571316612573	-3.198
ATGCTG	ATGCTG	1	1.61	0.00010649627263045793	0.00017142905038094842	0.8000561662405078	2557.779563470903	-3.408
ATGCTT	ATGCTT	5	3.37	0.0005324813631522897	0.0003589761633120719	0.25040394195545296	800.5414024315832	-2.903
ATGGAA	ATGGAA	1	3.33	0.00010649627263045793	0.0003551567710341044	0.964382638592315	3083.131295579631	-3.489
ATGGAC	ATGGAC	1	1.16	0.00010649627263045793	0.0001233928358577703	0.686093066993134	2193.4395351770495	-3.341
ATGGAG	ATGGAG	1	1.51	0.00010649627263045793	0.00016077411572492102	0.7790168769471223	2490.51695559995	-3.396
ATGGAT	ATGGAT	1	2.12	0.00010649627263045793	0.0002259836817153948	0.8802066101428421	2814.020532626666	-3.449
ATGGCA	ATGGCA	4	1.81	0.0004259850905218317	0.00019293503045382635	0.11058906344455299	353.55323583223594	-2.548
ATGGCT	ATGGCT	1	1.59	0.00010649627263045793	0.0001698505596776923	0.7970705212007392	2548.234456278763	-3.406
ATGGGA	ATGGGA	2	1.56	0.00021299254526091586	0.00016651975688968665	0.46323773570242066	1480.971041040639	-3.171
ATGGGG	ATGGGG	1	0.93	0.00010649627263045793	9.93091050447852e-05	0.6064363600986266	1938.777043235309	-3.288
ATGGGT	ATGGGT	2	1.31	0.00021299254526091586	0.0001393857268374376	0.3763027576364589	1203.039916163759	-3.08
ATGGTA	ATGGTA	3	2.11	0.0003194888178913738	0.00022429628990724016	0.35202688556273726	1125.429953144071	-3.051
ATGGTG	ATGGTG	1	1.34	0.00010649627263045793	0.0001431231533105264	0.7391804290048498	2363.159831528505	-3.373
ATGGTT	ATGGTT	2	2.30	0.00021299254526091586	0.00024511288619339674	0.6695169056237784	2140.4455472792197	-3.331
ATGTAA	ATGTAA	5	4.13	0.0005324813631522897	0.0004395397289423401	0.39601246067665274	1266.0518367832588	-3.102
ATGTAC	ATGTAC	3	2.43	0.0003194888178913738	0.0002591053175939031	0.4388886061900059	1403.126873989449	-3.147
ATGTAG	ATGTAG	3	2.13	0.0003194888178913738	0.00022719764658178166	0.359375475240971	1148.9233943453844	-3.06
ATGTAT	ATGTAT	6	4.88	0.0006389776357827476	0.0005192511027208105	0.3622520078844867	1158.119669206704	-3.064
ATGTCA	ATGTCA	1	2.14	0.00010649627263045793	0.00022761579373706354	0.8820285110986241	2819.8451499823013	-3.45
ATGTCG	ATGTCG	1	1.01	0.00010649627263045793	0.00010769027682298365	0.6362220770677809	2034.0019803856956	-3.308
ATGTGA	ATGTGA	4	2.63	0.0004259850905218317	0.00028045125271522985	0.2712915142177883	867.3189709542692	-2.938
ATGTGC	ATGTGC	1	1.82	0.00010649627263045793	0.00019379113326307843	0.8379254300523509	2678.8475998773656	-3.428
ATGTGG	ATGTGG	2	1.53	0.00021299254526091586	0.00016344441554473095	0.4537348433805908	1450.5902942877487	-3.162
ATGTGT	ATGTGT	1	2.67	0.00010649627263045793	0.00028442555698037956	0.9308001082070732	2975.767945938013	-3.474
ATGTTA	ATGTTA	3	3.32	0.0003194888178913738	0.00035401167273971056	0.6454043671559629	2063.3577617976134	-3.315
ATGTTC	ATGTTC	1	2.87	0.00010649627263045793	0.00030521406071465357	0.9430715481385761	3014.999739399028	-3.479
ATGTTG	ATGTTG	3	2.42	0.0003194888178913738	0.00025772719360806883	0.4355229806307201	1392.366969076412	-3.144
ATGTTT	ATGTTT	4	6.22	0.0004259850905218317	0.000662257818085047	0.8672630213311656	2772.6398791957363	-3.443
ATTAAA	ATTAAA	6	8.07	0.0006389776357827476	0.0008593884060500035	0.8150617752560195	2605.7524954934943	-3.416
ATTAAC	ATTAAC	4	2.96	0.0004259850905218317	0.0003152806920208285	0.3439160285494467	1099.4995432725811	-3.041
ATTAAG	ATTAAG	2	3.61	0.00021299254526091586	0.00038438502956166995	0.8752299782002743	2798.110240306277	-3.447
ATTAAT	ATTAAT	2	5.01	0.00021299254526091586	0.0005337483418054569	0.9599712207343196	3069.0279926876196	-3.487
ATTACA	ATTACA	8	4.09	0.0008519701810436634	0.00043577670469136995	0.05679760161103627	181.58193235048296	-2.259
ATTACC	ATTACC	3	2.07	0.0003194888178913738	0.0002209417378002362	0.343518019191749	1098.2271073560216	-3.041
ATTACG	ATTACG	1	1.97	0.00010649627263045793	0.00020944373681582506	0.8600789142765863	2749.6722889422467	-3.439
ATTACT	ATTACT	3	3.45	0.0003194888178913738	0.00036752891344055144	0.6700128089600266	2142.030950245205	-3.331
ATTAGA	ATTAGA	1	3.44	0.00010649627263045793	0.00036662182503513046	0.9680179009399188	3094.7532293049203	-3.491
ATTAGC	ATTAGC	1	2.02	0.00010649627263045793	0.00021542318089609591	0.86771858165261	2774.096305543394	-3.443
ATTAGT	ATTAGT	4	2.73	0.0004259850905218317	0.0002910170941280893	0.293118756090806	937.1006632223068	-2.972
ATTATA	ATTATA	5	8.18	0.0005324813631522897	0.0008707320917508028	0.9100194858464695	2909.332296251163	-3.464
ATTATC	ATTATC	3	3.78	0.0003194888178913738	0.000402446889165495	0.7276907067698277	2326.4271895431393	-3.367
ATTATG	ATTATG	3	3.72	0.0003194888178913738	0.00039591992155647084	0.7175481294631764	2294.001369893775	-3.361
ATTATT	ATTATT	8	7.54	0.0008519701810436634	0.0008032373130665787	0.48156314961952745	1539.5573893336293	-3.187
ATTCAA	ATTCAA	5	6.06	0.0005324813631522897	0.0006452739677454303	0.7227792364222538	2310.7252188419457	-3.364
ATTCAC	ATTCAC	1	3.22	0.00010649627263045793	0.00034328987579401683	0.9601842188392804	3069.7089476291794	-3.487
ATTCAG	ATTCAG	1	3.13	0.00010649627263045793	0.00033344623688463576	0.9563285262376188	3057.382298381667	-3.485
ATTCAT	ATTCAT	2	5.19	0.00021299254526091586	0.000552968759458034	0.9655779416215833	3086.9526793642017	-3.49
ATTCCA	ATTCCA	4	3.29	0.0004259850905218317	0.00035005827593326494	0.41679871622978937	1332.5054957866366	-3.125
ATTCCC	ATTCCC	2	2.12	0.00021299254526091586	0.00022613566020378368	0.6263692479327735	2002.5024856410769	-3.302
ATTCCG	ATTCCG	1	1.81	0.00010649627263045793	0.0001924184817138797	0.8358228979535807	2672.1258047575975	-3.427
ATTCCT	ATTCCT	1	3.50	0.00010649627263045793	0.00037279511396707946	0.969819103474949	3100.511673809412	-3.491
ATTCGT	ATTCGT	1	2.46	0.00010649627263045793	0.0002622609707060771	0.9147894916175412	2924.5820047012794	-3.466
ATTCTA	ATTCTA	8	4.69	0.0008519701810436634	0.0004993452728515995	0.10295234608617058	329.13865043748734	-2.517
ATTCTC	ATTCTC	2	3.58	0.00021299254526091586	0.00038172577693473716	0.8727682063481427	2790.239955695012	-3.446
ATTCTG	ATTCTG	1	3.48	0.00010649627263045793	0.0003708929361586755	0.9692751857935109	3098.7727689818544	-3.491
ATTCTT	ATTCTT	2	7.29	0.00021299254526091586	0.0007766578822313016	0.9943574982195507	3178.9609218079036	-3.502
ATTGAA	ATTGAA	6	5.87	0.0006389776357827476	0.0006253051747451151	0.5334847254275124	1705.550667191757	-3.232
ATTGAC	ATTGAC	4	2.04	0.0004259850905218317	0.00021725104258516083	0.15016329460422026	480.07205284969217	-2.681
ATTGAG	ATTGAG	1	2.66	0.00010649627263045793	0.00028306622519160506	0.9299111709193151	2972.9260134290503	-3.473
ATTGAT	ATTGAT	5	3.74	0.0005324813631522897	0.0003978771548495131	0.3197536021516638	1022.2522660788692	-3.01
ATTGCA	ATTGCA	1	3.31	0.00010649627263045793	0.0003526450078253073	0.9635326020168035	3080.4137286477207	-3.489
ATTGCC	ATTGCC	2	1.89	0.00021299254526091586	0.000201051237669345	0.5627943183066338	1799.2534356263084	-3.255
ATTGCT	ATTGCT	5	2.92	0.0005324813631522897	0.000310451408465231	0.17068474031305023	545.6791147808216	-2.737
ATTGGA	ATTGGA	3	2.69	0.0003194888178913738	0.0002865016281207494	0.503984168954097	1611.2373881462481	-3.207
ATTGGG	ATTGGG	2	1.60	0.00021299254526091586	0.000170863931187421	0.4764932021587619	1523.3487673015618	-3.183
ATTGGT	ATTGGT	3	2.25	0.0003194888178913738	0.00023981681466286856	0.3911622196374008	1250.5456161807704	-3.097
ATTGTA	ATTGTA	3	4.49	0.0003194888178913738	0.0004784677944765141	0.8256118838703691	2639.48119273357	-3.422
ATTGTC	ATTGTC	3	2.24	0.0003194888178913738	0.00023843817626381496	0.38770675011655675	1239.498480122632	-3.093
ATTGTG	ATTGTG	4	2.87	0.0004259850905218317	0.00030530963990234474	0.32296864838230044	1032.5307688782145	-3.014
ATTGTT	ATTGTT	4	4.91	0.0004259850905218317	0.0005228736601181807	0.7220809300536941	2308.49273338166	-3.363
ATTTAA	ATTTAA	7	8.24	0.0007454739084132055	0.0008776376435835025	0.71516870351956	2286.394345152033	-3.359
ATTTAC	ATTTAC	8	4.86	0.0008519701810436634	0.0005173606966547934	0.11896906862225495	380.3441123853491	-2.58
ATTTAG	ATTTAG	7	4.26	0.0007454739084132055	0.0004536500207923404	0.1394562771236368	445.8417179642669	-2.649
ATTTAT	ATTTAT	9	9.74	0.0009584664536741214	0.0010367989153485804	0.6366302767991991	2035.3069949270396	-3.309
ATTTCA	ATTTCA	11	7.38	0.0011714589989350373	0.0007862911262929652	0.12793971415733843	409.02326616101095	-2.612
ATTTCC	ATTTCC	4	4.49	0.0004259850905218317	0.00047866066254320015	0.6567961402712061	2099.777260447046	-3.322
ATTTCG	ATTTCG	3	3.49	0.0003194888178913738	0.0003720124498555696	0.6778926729692523	2167.2228754826997	-3.336
ATTTCT	ATTTCT	9	7.99	0.0009584664536741214	0.0008507228666384196	0.40581778637544696	1297.399463042304	-3.113
ATTTGA	ATTTGA	3	6.00	0.0003194888178913738	0.0006388947911536675	0.9379964781044301	2998.774740499863	-3.477
ATTTGC	ATTTGC	6	4.15	0.0006389776357827476	0.0004414747461986411	0.23799526053812656	760.8708479403906	-2.881
ATTTGG	ATTTGG	5	3.50	0.0005324813631522897	0.0003723420192410979	0.2738550337519648	875.5145429050315	-2.942
ATTTGT	ATTTGT	6	6.08	0.0006389776357827476	0.000647948636586272	0.5677541598560095	1815.1100490596625	-3.259
ATTTTA	ATTTTA	8	11.36	0.0008519701810436634	0.0012100411698223886	0.8787019719174802	2809.210204220184	-3.449
ATTTTC	ATTTTC	11	9.80	0.0011714589989350373	0.0010432468969602217	0.39146670813775136	1251.5190659163911	-3.097
ATTTTG	ATTTTG	6	8.27	0.0006389776357827476	0.0008809328586118298	0.8324263434800658	2661.2670201057704	-3.425
ATTTTT	ATTTTT	22	21.26	0.0023429179978700747	0.0022636519827662787	0.464474085625618	1484.9236517451006	-3.172
CAAAAA	CAAAAA	7	13.27	0.0007454739084132055	0.0014134531514232705	0.9779497382559892	3126.505313204397	-3.495
CAAAAC	CAAAAC	4	4.87	0.0004259850905218317	0.0005185484055667146	0.7161264871531542	2289.456379428634	-3.36
CAAAAG	CAAAAG	8	5.94	0.0008519701810436634	0.0006322056797241186	0.24731291621191304	790.659393129486	-2.898
CAAAAT	CAAAAT	11	8.24	0.0011714589989350373	0.000877866480954098	0.2089617543597286	668.0507286880523	-2.825
CAAACA	CAAACA	6	4.19	0.0006389776357827476	0.00044605214615802313	0.24496958256728193	783.1677554676004	-2.894
CAAACC	CAAACC	1	2.12	0.00010649627263045793	0.00022615145614879922	0.8803951843013361	2814.6234042113715	-3.449
CAAACT	CAAACT	1	3.53	0.00010649627263045793	0.00037619509911937445	0.9707674358574264	3103.543492436192	-3.492
CAAAGA	CAAAGA	3	4.90	0.0003194888178913738	0.0005217729079371254	0.8666195400592722	2770.582669569493	-3.443
CAAAGC	CAAAGC	4	2.88	0.0004259850905218317	0.00030658834760437616	0.3256512787849543	1041.107138275499	-3.017
CAAAGG	CAAAGG	2	2.79	0.00021299254526091586	0.00029701227287253314	0.7670327893406381	2452.20382752202	-3.39
CAAAGT	CAAAGT	5	3.89	0.0005324813631522897	0.00041417292996148063	0.34950498155999077	1117.3674260472906	-3.048
CAAATA	CAAATA	6	7.07	0.0006389776357827476	0.0007529120298247228	0.7081228218733474	2263.8686615290917	-3.355
CAAATC	CAAATC	1	3.27	0.00010649627263045793	0.00034799119854302617	0.9619036710427202	3075.2060363235764	-3.488
CAAATG	CAAATG	5	3.21	0.0005324813631522897	0.00034234740468534324	0.22199988878953764	709.7336444601518	-2.851
CAAATT	CAAATT	6	6.52	0.0006389776357827476	0.0006945500706145951	0.6341240096518632	2027.2944588570067	-3.307
CAACAA	CAACAA	2	3.51	0.00021299254526091586	0.0003738282829249066	0.8651908938318451	2766.0152875804088	-3.442
CAACAC	CAACAC	3	1.87	0.0003194888178913738	0.00019887903623629576	0.2875069745450929	919.159797620662	-2.963
CAACAG	CAACAG	3	1.81	0.0003194888178913738	0.00019317629474172724	0.273110730364926	873.1350049766685	-2.941
CAACAT	CAACAT	5	3.01	0.0005324813631522897	0.00032035286125298135	0.1861018940640376	594.9677553227282	-2.774
CAACCA	CAACCA	5	1.59	0.0005324813631522897	0.00016890315138874746	0.022918559853945024	73.27063585306225	-1.865
CAACCC	CAACCC	1	1.02	0.00010649627263045793	0.00010911047752824883	0.6410411008122743	2049.408399296841	-3.312
CAACCT	CAACCT	4	1.69	0.0004259850905218317	0.00017987367789976453	0.09155296065749989	292.69481522202716	-2.466
CAACGA	CAACGA	2	1.39	0.00021299254526091586	0.00014788121162654267	0.40422681156578044	1292.3131165758	-3.111
CAACGC	CAACGC	1	1.12	0.00010649627263045793	0.00011927706142877986	0.6737239924246027	2153.8956037814546	-3.333
CAACGT	CAACGT	1	1.45	0.00010649627263045793	0.00015434442351645506	0.7652640789263668	2446.5492603275948	-3.389
CAACTA	CAACTA	2	2.12	0.00021299254526091586	0.00022550268762963673	0.6248571474581439	1997.668300423686	-3.301
CAACTC	CAACTC	6	1.62	0.0006389776357827476	0.0001723861090037324	0.006376902398609594	20.386956968354873	-1.309
CAACTG	CAACTG	4	1.57	0.0004259850905218317	0.00016749403363528942	0.07510518844473006	240.111287457802	-2.38
CAACTT	CAACTT	4	3.29	0.0004259850905218317	0.00035073615258584775	0.4182061075464395	1337.0049258259671	-3.126
CAAGAA	CAAGAA	6	4.90	0.0006389776357827476	0.0005215187812529561	0.36598341632127895	1170.0489819791287	-3.068
CAAGAG	CAAGAG	2	2.22	0.00021299254526091586	0.00023608368959360498	0.6495126744598418	2076.4920202481144	-3.317
CAAGAT	CAAGAT	2	3.12	0.00021299254526091586	0.00033183862418872896	0.8175157560247588	2613.597872011154	-3.417
CAAGCA	CAAGCA	3	2.35	0.0003194888178913738	0.0002500997581348967	0.41676349069985497	1332.3928797674364	-3.125
CAAGCC	CAAGCC	1	1.34	0.00010649627263045793	0.00014258777183295292	0.7378659271073135	2358.957368962081	-3.373
CAAGCG	CAAGCG	1	1.26	0.00010649627263045793	0.00013374789740368197	0.7151785415554384	2286.4257973527365	-3.359
CAAGGC	CAAGGC	2	1.46	0.00021299254526091586	0.0001553484706009221	0.4282653990769172	1369.1644808489043	-3.136
CAAGGG	CAAGGG	1	1.31	0.00010649627263045793	0.00013919014657994903	0.7293680438089917	2331.7896360573463	-3.368
CAAGGT	CAAGGT	2	1.83	0.00021299254526091586	0.00019536093635026108	0.5473314461361428	1749.8186332972487	-3.243
CAAGTA	CAAGTA	5	2.93	0.0005324813631522897	0.0003123342373396933	0.1735773664711708	554.9268406083331	-2.744
CAAGTC	CAAGTC	1	1.46	0.00010649627263045793	0.00015564768788149165	0.7681191899713932	2455.677050338544	-3.39
CAAGTG	CAAGTG	1	1.87	0.00010649627263045793	0.00019930004617277575	0.8460961825285715	2704.969495543843	-3.432
CAAGTT	CAAGTT	3	3.21	0.0003194888178913738	0.0003413215011403289	0.6211406458852622	1985.7866448951831	-3.298
CAATAA	CAATAA	4	5.24	0.0004259850905218317	0.0005576800189740098	0.7666315038659033	2450.920917859293	-3.389
CAATAG	CAATAG	3	2.71	0.0003194888178913738	0.0002882642444210084	0.5080401006961598	1624.2042019256228	-3.211
CAATAT	CAATAT	9	6.19	0.0009584664536741214	0.0006588163611840521	0.17258222973398868	551.7453884595618	-2.742
CAATCA	CAATCA	1	2.52	0.00010649627263045793	0.0002678491577135548	0.9191454640237386	2938.5080484838923	-3.468
CAATCC	CAATCC	3	1.53	0.0003194888178913738	0.00016305519801203874	0.1989964616033291	636.1916877458431	-2.804
CAATCG	CAATCG	1	1.19	0.00010649627263045793	0.0001267256083920809	0.695764577998552	2224.3593558613707	-3.347
CAATCT	CAATCT	1	2.72	0.00010649627263045793	0.00028979775512799166	0.9342043084430043	2986.6511740922847	-3.475
CAATGA	CAATGA	6	2.38	0.0006389776357827476	0.00025355917509497426	0.03453585697216264	110.41113474000396	-2.043
CAATGC	CAATGC	1	1.65	0.00010649627263045793	0.00017520877305832763	0.807028038728598	2580.0686398153275	-3.412
CAATGG	CAATGG	2	1.39	0.00021299254526091586	0.00014777195957645876	0.40387144809890374	1291.1770195721951	-3.111
CAATGT	CAATGT	3	2.41	0.0003194888178913738	0.00025715238889342015	0.4341169579224649	1387.8719144781203	-3.142
CAATTA	CAATTA	1	3.56	0.00010649627263045793	0.000379157630356696	0.9715694255868053	3106.1074536010165	-3.492
CAATTC	CAATTC	5	3.07	0.0005324813631522897	0.0003268938538566204	0.19655277435715274	628.3792196198173	-2.798
CAATTG	CAATTG	5	2.59	0.0005324813631522897	0.00027603392636933044	0.12144174286576596	388.2492519418538	-2.589
CAATTT	CAATTT	6	6.66	0.0006389776357827476	0.0007092989421706026	0.6538272468819464	2090.2857082815826	-3.32
CACAAA	CACAAA	1	5.09	0.00010649627263045793	0.0005421021403257379	0.9938440679289502	3177.3194851688536	-3.502
CACAAC	CACAAC	4	1.87	0.0004259850905218317	0.00019887903623629557	0.11978930159511517	382.9663971995832	-2.583
CACAAG	CACAAG	1	2.28	0.00010649627263045793	0.0002424700470329931	0.8973873173836603	2868.947253675562	-3.458
CACAAT	CACAAT	3	3.16	0.0003194888178913738	0.00033668841288884705	0.6120042129503904	1956.5774688023982	-3.291
CACACA	CACACA	12	2.33	0.0012779552715654952	0.00024808145639303506	6.301840448590431e-06	0.02014698391414361	1.696
CACACC	CACACC	2	1.18	0.00021299254526091586	0.00012577897694258312	0.33051832825083655	1056.6670954179244	-3.024
CACACT	CACACT	4	1.96	0.0004259850905218317	0.00020922896320824688	0.13655653613048294	436.5712460091539	-2.64
CACAGA	CACAGA	2	2.17	0.00021299254526091586	0.00023119898864989516	0.6382943770414014	2040.6271234013602	-3.31
CACAGC	CACAGC	4	1.28	0.0004259850905218317	0.00013585012717163883	0.04070254421329187	130.1260338498941	-2.114
CACAGG	CACAGG	3	1.24	0.0003194888178913738	0.00013160694252261002	0.12836516150675034	410.38342133708085	-2.613
CACAGT	CACAGT	7	1.72	0.0007454739084132055	0.00018352114699063103	0.0020217991034070792	6.463691733592432	-0.81
CACATA	CACATA	6	3.74	0.0006389776357827476	0.000398431202908106	0.17585010117906122	562.1927734694588	-2.75
CACATC	CACATC	5	1.73	0.0005324813631522897	0.00018415239276919134	0.03150737222888786	100.72906901575449	-2.003
CACATG	CACATG	2	1.70	0.00021299254526091586	0.00018116577084444224	0.5071104877084461	1621.2322292039023	-3.21
CACATT	CACATT	7	3.45	0.0007454739084132055	0.0003675468170953592	0.06159604108999634	196.9225433647183	-2.294
CACCAA	CACCAA	1	1.93	0.00010649627263045793	0.00020527366735987893	0.8544913489150006	2731.8088424812568	-3.436
CACCAC	CACCAC	3	1.03	0.0003194888178913738	0.0001092069032599746	0.08504225563628048	271.8800912691887	-2.434
CACCAG	CACCAG	1	1.00	0.00010649627263045793	0.00010607545838524159	0.6306640273622353	2016.2328954770662	-3.305
CACCAT	CACCAT	2	1.65	0.00021299254526091586	0.00017590966142023984	0.4916353063941738	1571.7580745421737	-3.196
CACCCA	CACCCA	4	1.11	0.0004259850905218317	0.00011817178258706734	0.026459061677802962	84.58962018393606	-1.927
CACCCC	CACCCC	1	0.72	0.00010649627263045793	7.633830110583895e-05	0.5116957710445492	1635.8913800294238	-3.214
CACCCG	CACCCG	1	0.61	0.00010649627263045793	6.495614173441521e-05	0.45661553498416746	1459.7998653443833	-3.164
CACCCT	CACCCT	1	1.18	0.00010649627263045793	0.00012584722655046478	0.693244865550299	2216.303835164306	-3.346
CACCGC	CACCGC	1	0.70	0.00010649627263045793	7.490677216869501e-05	0.5050876439940704	1614.765197849043	-3.208
CACCGT	CACCGT	2	0.91	0.00021299254526091586	9.692930417102006e-05	0.23123959877091024	739.2729972706001	-2.869
CACCTA	CACCTA	1	1.47	0.00010649627263045793	0.0001563562225691344	0.7696568049738066	2460.5928055012596	-3.391
CACCTC	CACCTC	3	1.12	0.0003194888178913738	0.00011952691611145241	0.10412708940550087	332.8943048293863	-2.522
CACCTG	CACCTG	1	1.09	0.00010649627263045793	0.00011613491030800263	0.6639538602601196	2122.6604912516023	-3.327
CACCTT	CACCTT	3	2.28	0.0003194888178913738	0.00024318903030913307	0.3995929480190301	1277.4986548168392	-3.106
CACGAG	CACGAG	2	0.91	0.00021299254526091586	9.703008785976152e-05	0.2315862690344121	740.3813021030155	-2.869
CACGCA	CACGCA	2	1.32	0.00021299254526091586	0.00014109886622929075	0.3819793649760366	1221.1880298283888	-3.087
CACGCC	CACGCC	1	0.76	0.00010649627263045793	8.044379208451228e-05	0.5301619450892664	1694.9277384503846	-3.229
CACGCG	CACGCG	1	0.71	0.00010649627263045793	7.545659709927493e-05	0.5076362206410406	1622.9129973894069	-3.21
CACGCT	CACGCT	2	1.17	0.00021299254526091586	0.00012421653725899404	0.3251936922752229	1039.6442342038874	-3.017
CACGGA	CACGGA	3	1.08	0.0003194888178913738	0.00011459652201425348	0.09481044711937409	303.10899944063897	-2.482
CACGGT	CACGGT	1	0.90	0.00010649627263045793	9.592326948075452e-05	0.5937227620906547	1898.131670403823	-3.278
CACGTC	CACGTC	1	0.79	0.00010649627263045793	8.411256412413269e-05	0.5460721331369148	1745.7926096387166	-3.242
CACGTG	CACGTG	17	1.01	0.001810436634717785	0.00010770245380332179	1.3119020262435074e-15	4.194150777900493e-12	11.377
CACTAA	CACTAA	4	2.27	0.0004259850905218317	0.0002422152798703895	0.19546910174005858	624.9147182629673	-2.796
CACTAC	CACTAC	1	1.34	0.00010649627263045793	0.00014278405997093923	0.738348633388852	2360.50058094416	-3.373
CACTAG	CACTAG	1	1.18	0.00010649627263045793	0.00012520083607713925	0.6913773206807732	2210.333294216432	-3.344
CACTAT	CACTAT	2	2.69	0.00021299254526091586	0.0002861414859384152	0.7489469696406017	2394.3834619410036	-3.379
CACTCA	CACTCA	2	1.81	0.00021299254526091586	0.00019241248935366462	0.5391694517414165	1723.7247372173085	-3.236
CACTCC	CACTCC	1	1.10	0.00010649627263045793	0.00011713255632150655	0.6670872062266636	2132.6777983066436	-3.329
CACTCG	CACTCG	1	0.85	0.00010649627263045793	9.103478235184287e-05	0.5746388075006115	1837.1202675794548	-3.264
CACTCT	CACTCT	1	1.95	0.00010649627263045793	0.0002081795139819429	0.8584080056349026	2744.3303940147835	-3.438
CACTGA	CACTGA	1	1.69	0.00010649627263045793	0.00017989562346448348	0.8153364769663787	2606.6307168615126	-3.416
CACTGC	CACTGC	3	1.17	0.0003194888178913738	0.00012430743811171115	0.1134888015957345	362.8236987015632	-2.56
CACTGG	CACTGG	1	0.98	0.00010649627263045793	0.00010484151791635327	0.62635975386721	2002.4721331134704	-3.302
CACTGT	CACTGT	3	1.71	0.0003194888178913738	0.00018244494330775274	0.24625418249702805	787.2746214429986	-2.896
CACTTA	CACTTA	2	2.61	0.00021299254526091586	0.0002776551544711699	0.7339989625393867	2346.5946832384193	-3.37
CACTTC	CACTTC	5	2.25	0.0005324813631522897	0.00023938266362422727	0.07776706400543634	248.62130362538	-2.396
CACTTG	CACTTG	2	1.90	0.00021299254526091586	0.00020213820408482376	0.5657044859643856	1808.5572416281407	-3.257
CACTTT	CACTTT	7	4.88	0.0007454739084132055	0.0005194159146140419	0.2201062837610129	703.6797891839583	-2.847
CAGAAA	CAGAAA	3	5.66	0.0003194888178913738	0.0006025244211807123	0.9208960246930422	2944.104590943656	-3.469
CAGAAC	CAGAAC	1	2.08	0.00010649627263045793	0.00022104593817181542	0.8745215639445759	2795.8454399308093	-3.447
CAGAAG	CAGAAG	4	2.53	0.0004259850905218317	0.0002694955689612834	0.24897671120783688	795.9785457314545	-2.901
CAGAAT	CAGAAT	2	3.51	0.00021299254526091586	0.0003742154402345821	0.8655718238233163	2767.2331207631423	-3.442
CAGACA	CAGACA	2	1.69	0.00021299254526091586	0.00018006977869613317	0.5039091245929663	1610.9974713237134	-3.207
CAGACG	CAGACG	1	0.81	0.00010649627263045793	8.654544157982768e-05	0.556324436476078	1778.5692234140213	-3.25
CAGACT	CAGACT	1	1.43	0.00010649627263045793	0.00015186871945011755	0.7597432835984149	2428.8992776641326	-3.385
CAGAGA	CAGAGA	2	2.11	0.00021299254526091586	0.0002251094967756992	0.6239154668615863	1994.6577475564914	-3.3
CAGAGC	CAGAGC	1	1.24	0.00010649627263045793	0.0001322720049214031	0.7112038278016021	2273.718637481722	-3.357
CAGAGG	CAGAGG	1	1.20	0.00010649627263045793	0.00012814058044309073	0.6997800932514744	2237.1969581249637	-3.35
CAGAGT	CAGAGT	1	1.68	0.00010649627263045793	0.00017868742976778074	0.8132295517258447	2599.8948768675255	-3.415
CAGATA	CAGATA	5	3.09	0.0005324813631522897	0.0003288118074904359	0.1996550224241328	638.2971066899526	-2.805
CAGATG	CAGATG	1	1.40	0.00010649627263045793	0.00014950998850483667	0.7543625945684946	2411.6972148354776	-3.382
CAGATT	CAGATT	1	2.85	0.00010649627263045793	0.0003033239675617358	0.9420521641723603	3011.7407688590356	-3.479
CAGCAA	CAGCAA	4	2.27	0.0004259850905218317	0.00024216116397185174	0.19536662026258295	624.5870849794777	-2.796
CAGCAC	CAGCAC	1	1.21	0.00010649627263045793	0.0001288312872631305	0.7017209399069128	2243.4018448824	-3.351
CAGCAT	CAGCAT	1	1.95	0.00010649627263045793	0.00020752047211558495	0.857529060465999	2741.5204063097985	-3.438
CAGCCA	CAGCCA	3	1.16	0.0003194888178913738	0.00012303405781990333	0.11096460040217455	354.753827485752	-2.55
CAGCCG	CAGCCG	1	0.64	0.00010649627263045793	6.762881563559071e-05	0.4700828359085211	1502.854826399542	-3.177
CAGCGA	CAGCGA	1	1.00	0.00010649627263045793	0.00010658980409443006	0.632443510952095	2021.9219045138475	-3.306
CAGCGT	CAGCGT	1	1.04	0.00010649627263045793	0.00011124835727768585	0.6481752423151509	2072.216249681537	-3.316
CAGCTA	CAGCTA	1	1.43	0.00010649627263045793	0.00015247984996735793	0.7611180521650724	2433.2944127717365	-3.386
CAGCTC	CAGCTC	2	1.09	0.00021299254526091586	0.00011656361311540823	0.2989682016485093	955.8013406702842	-2.98
CAGCTG	CAGCTG	2	1.06	0.00021299254526091586	0.00011325570168406281	0.28757561848877894	919.3792523086263	-2.963
CAGCTT	CAGCTT	4	2.23	0.0004259850905218317	0.00023715990477352425	0.18596897290775657	594.5428063860978	-2.774
CAGGAA	CAGGAA	4	2.53	0.0004259850905218317	0.00026951213286257843	0.24901015574470475	796.0854679158211	-2.901
CAGGAC	CAGGAC	1	0.88	0.00010649627263045793	9.363714585859976e-05	0.5849070465487383	1869.9478278163162	-3.272
CAGGAG	CAGGAG	2	1.15	0.00021299254526091586	0.00012200407924633824	0.3176349767474116	1015.4790206614748	-3.007
CAGGAT	CAGGAT	1	1.61	0.00010649627263045793	0.0001714886186005042	0.8001679726683643	2558.1370086207608	-3.408
CAGGGT	CAGGGT	3	0.99	0.0003194888178913738	0.00010577341499411045	0.0790571285188607	252.74563987479763	-2.403
CAGGTA	CAGGTA	1	1.60	0.00010649627263045793	0.0001702081345937756	0.7977507403938302	2550.409117039075	-3.407
CAGGTG	CAGGTG	3	1.02	0.0003194888178913738	0.00010860957598646957	0.08398745717016776	268.5079005730263	-2.429
CAGGTT	CAGGTT	5	1.75	0.0005324813631522897	0.0001860048917488926	0.03267028349358521	104.44689632899191	-2.019
CAGTAA	CAGTAA	1	2.51	0.00010649627263045793	0.00026727918754831557	0.9187115688700755	2937.1208856776316	-3.468
CAGTAC	CAGTAC	2	1.48	0.00021299254526091586	0.00015755904237050558	0.4352831285449849	1391.6001619583167	-3.144
CAGTAG	CAGTAG	2	1.30	0.00021299254526091586	0.000138156344905136	0.37221576578476184	1189.9738032138837	-3.076
CAGTAT	CAGTAT	1	2.96	0.00010649627263045793	0.0003157507813974907	0.9484343660615794	3032.1446682988694	-3.482
CAGTCA	CAGTCA	4	1.30	0.0004259850905218317	0.0001384106155081787	0.04306309495714607	137.67271457799598	-2.139
CAGTCC	CAGTCC	1	0.79	0.00010649627263045793	8.425850770376384e-05	0.5466937744724043	1747.7799969882765	-3.242
CAGTCG	CAGTCG	1	0.61	0.00010649627263045793	6.548525150470788e-05	0.4593085586915021	1468.4094621367321	-3.167
CAGTCT	CAGTCT	1	1.41	0.00010649627263045793	0.00014975251743389715	0.7549213595970399	2413.4835866317367	-3.383
CAGTGA	CAGTGA	2	1.60	0.00021299254526091586	0.00017053926650272664	0.47550946661475424	1520.2037647673692	-3.182
CAGTGG	CAGTGG	1	0.93	0.00010649627263045793	9.938871897023822e-05	0.6067304683946054	1939.7173074575535	-3.288
CAGTTA	CAGTTA	3	2.02	0.0003194888178913738	0.00021527053424766183	0.3291130933492146	1052.1745594374393	-3.022
CAGTTC	CAGTTC	3	1.74	0.0003194888178913738	0.00018559725277265298	0.2541043326394133	812.3715514482043	-2.91
CAGTTG	CAGTTG	5	1.47	0.0005324813631522897	0.00015672102060587242	0.01727116578286383	55.21591700781567	-1.742
CAGTTT	CAGTTT	8	3.78	0.0008519701810436634	0.0004027115637333249	0.03917324049424106	125.23684986008868	-2.098
CATAAA	CATAAA	6	7.23	0.0006389776357827476	0.0007694749522974323	0.7271447724480511	2324.6818375164194	-3.366
CATAAC	CATAAC	3	2.65	0.0003194888178913738	0.00028229447098092775	0.49423381922959014	1580.0655200769997	-3.199
CATAAG	CATAAG	1	3.23	0.00010649627263045793	0.00034416877188892805	0.9605114596953395	3070.755136646	-3.487
CATAAT	CATAAT	6	4.49	0.0006389776357827476	0.000477904957709763	0.29494042548720817	942.9245402826045	-2.974
CATACA	CATACA	6	3.66	0.0006389776357827476	0.0003901835964903786	0.16477639212377931	526.7901256197225	-2.722
CATACG	CATACG	1	1.76	0.00010649627263045793	0.00018753070004295098	0.8281121884485078	2647.474666469879	-3.423
CATACT	CATACT	2	3.09	0.00021299254526091586	0.0003290762257748454	0.8139006283399398	2602.0403088027874	-3.415
CATAGA	CATAGA	5	3.08	0.0005324813631522897	0.00032826404143237916	0.19876731922512017	635.4591195627091	-2.803
CATAGC	CATAGC	4	1.81	0.0004259850905218317	0.0001928845451914785	0.11051231889329383	353.3078835018604	-2.548
CATAGT	CATAGT	3	2.45	0.0003194888178913738	0.0002605694503736644	0.44245579487303116	1414.5311762090805	-3.151
CATATA	CATATA	6	7.32	0.0006389776357827476	0.0007796318056504107	0.73836962345703	2360.567686192125	-3.373
CATATC	CATATC	2	3.38	0.00021299254526091586	0.00036034091065553775	0.8512860450919044	2721.5614861588183	-3.435
CATATG	CATATG	2	3.33	0.00021299254526091586	0.0003544968265903537	0.8448638427381898	2701.029705233993	-3.432
CATATT	CATATT	5	6.75	0.0005324813631522897	0.0007191986636127146	0.8032881355251671	2568.1121692739594	-3.41
CATCAA	CATCAA	2	2.91	0.00021299254526091586	0.0003097320953296799	0.7867436444619516	2515.219431344859	-3.401
CATCAC	CATCAC	6	1.55	0.0006389776357827476	0.00016477945469682155	0.0051611837261171575	16.500304372396553	-1.217
CATCAG	CATCAG	3	1.50	0.0003194888178913738	0.00016005449900749765	0.19188443392815466	613.4545352683105	-2.788
CATCAT	CATCAT	6	2.49	0.0006389776357827476	0.00026542551083722003	0.04151166945125236	132.7128072356538	-2.123
CATCCA	CATCCA	1	1.58	0.00010649627263045793	0.0001680282929607978	0.7935682997946973	2537.0378544436476	-3.404
CATCCC	CATCCC	1	1.02	0.00010649627263045793	0.00010854532394728633	0.6391311170919156	2043.3021813428543	-3.31
CATCCT	CATCCT	2	1.68	0.00021299254526091586	0.00017894199603484342	0.5006008207700926	1600.4208240019861	-3.204
CATCGA	CATCGA	1	1.13	0.00010649627263045793	0.00012061401856270345	0.6777944665104734	2166.9089094339834	-3.336
CATCGC	CATCGC	3	0.91	0.0003194888178913738	9.728406700918191e-05	0.06509768980536028	208.11731430773682	-2.318
CATCGG	CATCGG	1	0.77	0.00010649627263045793	8.202315327167119e-05	0.5370783257165879	1717.0394073159314	-3.235
CATCGT	CATCGT	3	1.18	0.0003194888178913738	0.00012588550606466723	0.1166469478931322	372.92029241434363	-2.572
CATCTA	CATCTA	6	2.25	0.0006389776357827476	0.00023968618816854785	0.027398456455292028	87.59286528756861	-1.942
CATCTC	CATCTC	2	1.72	0.00021299254526091586	0.00018322872243622053	0.5130995099114054	1640.379133186763	-3.215
CATCTG	CATCTG	2	1.67	0.00021299254526091586	0.0001780289489451782	0.49791201937284996	1591.8247259350014	-3.202
CATCTT	CATCTT	6	3.50	0.0006389776357827476	0.0003727964945778125	0.14246034911682215	455.4457361264804	-2.658
CATGAA	CATGAA	7	3.28	0.0007454739084132055	0.0003496851267770631	0.04988423762701645	159.4799076935716	-2.203
CATGAC	CATGAC	2	1.14	0.00021299254526091586	0.00012149181141801273	0.3158819101856202	1009.8744668634276	-3.004
CATGAG	CATGAG	1	1.49	0.00010649627263045793	0.00015829718486302092	0.7738169305638585	2473.8927270126555	-3.393
CATGAT	CATGAT	2	2.09	0.00021299254526091586	0.00022250211409486828	0.61762443156809	1974.5453077231837	-3.295
CATGCA	CATGCA	5	1.85	0.0005324813631522897	0.0001972072505540293	0.04026901431260851	128.7400387574094	-2.11
CATGCC	CATGCC	1	1.06	0.00010649627263045793	0.00011243250555498393	0.6520655667503671	2084.6536169009237	-3.319
CATGCG	CATGCG	1	0.99	0.00010649627263045793	0.00010546213763284017	0.6285308545977277	2009.4131421489355	-3.303
CATGCT	CATGCT	2	1.63	0.00021299254526091586	0.0001736116131959616	0.48477325733442955	1549.8201036981714	-3.19
CATGGC	CATGGC	1	1.00	0.00010649627263045793	0.00010664340966079846	0.632628476259146	2022.5132386004898	-3.306
CATGGG	CATGGG	1	0.90	0.00010649627263045793	9.555106506715745e-05	0.592300339134373	1893.5841842125903	-3.277
CATGGT	CATGGT	1	1.26	0.00010649627263045793	0.000134111113462062	0.7161482986103088	2289.5261106571575	-3.36
CATGTA	CATGTA	3	2.51	0.0003194888178913738	0.0002675702650924983	0.45938540608336575	1468.6551432485203	-3.167
CATGTC	CATGTC	1	1.25	0.00010649627263045793	0.00013334014695990694	0.7140859334596396	2282.9327292704675	-3.358
CATGTT	CATGTT	2	2.75	0.00021299254526091586	0.00029240305295944835	0.7595073099776798	2428.144869998642	-3.385
CATTAA	CATTAA	4	3.64	0.0004259850905218317	0.0003874985230344189	0.4929607616226145	1575.9955549074984	-3.198
CATTAC	CATTAC	5	2.14	0.0005324813631522897	0.0002284274236588354	0.06667540097016363	213.16125690161311	-2.329
CATTAG	CATTAG	3	1.88	0.0003194888178913738	0.0002002975992618076	0.29109749704208243	930.6386980435375	-2.969
CATTAT	CATTAT	5	4.30	0.0005324813631522897	0.0004577721242001823	0.42926813269820513	1372.3702202361617	-3.137
CATTCA	CATTCA	3	3.26	0.0003194888178913738	0.0003471667975287846	0.632455986526596	2021.9617889255273	-3.306
CATTCC	CATTCC	4	1.98	0.0004259850905218317	0.00021134041039172773	0.14008807898944942	447.8615885292698	-2.651
CATTCT	CATTCT	3	3.53	0.0003194888178913738	0.00037561498956218076	0.6841223386233146	2187.139116578737	-3.34
CATTGA	CATTGA	6	2.65	0.0006389776357827476	0.00028208770414127603	0.05270712208495943	168.5046693056153	-2.227
CATTGC	CATTGC	2	1.83	0.00021299254526091586	0.0001949219172168427	0.5461225961008299	1745.9539397343533	-3.242
CATTGG	CATTGG	1	1.54	0.00010649627263045793	0.00016439812441323455	0.7864102987628294	2514.1537251447658	-3.4
CATTGT	CATTGT	1	2.69	0.00010649627263045793	0.0002860851987320858	0.9318701622784987	2979.1889088043604	-3.474
CATTTA	CATTTA	9	5.02	0.0009584664536741214	0.0005342628242363031	0.06919108239674326	221.2038904223882	-2.345
CATTTC	CATTTC	5	4.33	0.0005324813631522897	0.0004606190660666028	0.4344307776188076	1388.875196047328	-3.143
CATTTG	CATTTG	5	3.65	0.0005324813631522897	0.0003889534412069621	0.3035849634752819	970.5611282304762	-2.987
CATTTT	CATTTT	10	9.38	0.0010649627263045794	0.0009994578131406345	0.46316975880331884	1480.7537188942104	-3.17
CCAAAA	CCAAAA	3	5.71	0.0003194888178913738	0.000608618571432517	0.9240343373835385	2954.1377766151722	-3.47
CCAAAC	CCAAAC	1	2.10	0.00010649627263045793	0.0002232816768612621	0.8771283477098745	2804.179327628469	-3.448
CCAAAG	CCAAAG	1	2.56	0.00010649627263045793	0.00027222134476673096	0.922397716630378	2948.9055000673184	-3.47
CCAAAT	CCAAAT	1	3.55	0.00010649627263045793	0.0003780003907513862	0.971258800678466	3105.114385769056	-3.492
CCAACA	CCAACA	4	1.80	0.0004259850905218317	0.00019206552385959389	0.10927063514916216	349.33822057187143	-2.543
CCAACG	CCAACG	3	0.87	0.0003194888178913738	9.23108569080861e-05	0.057501910865631965	183.8336090374254	-2.264
CCAACT	CCAACT	2	1.52	0.00021299254526091586	0.00016198578889961665	0.4491939024056535	1436.0729059908742	-3.157
CCAAGA	CCAAGA	5	2.11	0.0005324813631522897	0.00022467011483268273	0.063088111681008	201.6926930441826	-2.305
CCAAGC	CCAAGC	1	1.24	0.00010649627263045793	0.00013201382865002633	0.7105028570772257	2271.477634075891	-3.356
CCAAGT	CCAAGT	2	1.67	0.00021299254526091586	0.0001783386571428647	0.498825110332934	1594.74387773439	-3.203
CCAATA	CCAATA	5	3.04	0.0005324813631522897	0.00032419627318023235	0.19221815680060075	614.5214472915206	-2.789
CCAATC	CCAATC	1	1.41	0.00010649627263045793	0.00014984147576103303	0.7551259928874259	2414.1377992611006	-3.383
CCAATG	CCAATG	3	1.38	0.0003194888178913738	0.0001474113154464419	0.16269515572068552	520.1364128390315	-2.716
CCAATT	CCAATT	5	2.81	0.0005324813631522897	0.0002990662062907116	0.15360818969232548	491.0853824463646	-2.691
CCACAA	CCACAA	3	2.19	0.0003194888178913738	0.00023342367582776676	0.3750996276756989	1199.1935096792092	-3.079
CCACAC	CCACAC	3	1.17	0.0003194888178913738	0.000124182887715548	0.11324094758732393	362.03130943667463	-2.559
CCACAG	CCACAG	11	1.13	0.0011714589989350373	0.00012062201513645232	3.5048048607204964e-08	0.00011204861139723427	3.951
CCACAT	CCACAT	5	1.88	0.0005324813631522897	0.00020003286495750408	0.04234080786250452	135.36356273642696	-2.132
CCACCA	CCACCA	3	0.99	0.0003194888178913738	0.00010546552055285494	0.07852973161256759	251.05955196537857	-2.4
CCACCC	CCACCC	2	0.64	0.00021299254526091586	6.81301279204787e-05	0.13515333101823662	432.0851992653025	-2.636
CCACCT	CCACCT	2	1.05	0.00021299254526091586	0.00011231567272414469	0.28433384786608923	909.0153116278873	-2.959
CCACGA	CCACGA	1	0.87	0.00010649627263045793	9.233912355065316e-05	0.579816757060926	1853.6741723237803	-3.268
CCACGC	CCACGC	1	0.70	0.00010649627263045793	7.447828693644613e-05	0.5030923645557462	1608.3862894847207	-3.206
CCACGG	CCACGG	1	0.59	0.00010649627263045793	6.279490704498445e-05	0.44547543785671523	1424.1849748279185	-3.154
CCACGT	CCACGT	1	0.90	0.00010649627263045793	9.637484461807196e-05	0.5954418483306073	1903.6275891129517	-3.28
CCACTA	CCACTA	3	1.32	0.0003194888178913738	0.0001408070728188433	0.1480250869605529	473.2362030128876	-2.675
CCACTG	CCACTG	1	0.98	0.00010649627263045793	0.00010458564746483496	0.6254609577144195	1999.598681812999	-3.301
CCACTT	CCACTT	1	2.06	0.00010649627263045793	0.0002190046225012966	0.8720932000016502	2788.081960405276	-3.445
CCAGAA	CCAGAA	3	2.44	0.0003194888178913738	0.00025944089629214456	0.4397069839061041	1405.7432275478147	-3.148
CCAGAC	CCAGAC	1	0.85	0.00010649627263045793	9.013807575104721e-05	0.5710421133982873	1825.6216365343244	-3.261
CCAGAT	CCAGAT	1	1.55	0.00010649627263045793	0.00016508036369665828	0.7877742293573157	2518.514211255338	-3.401
CCAGCA	CCAGCA	1	1.17	0.00010649627263045793	0.00012441758139002473	0.6890991068871387	2203.0498447181826	-3.343
CCAGCT	CCAGCT	1	1.03	0.00010649627263045793	0.00010953115037291265	0.6424562340136544	2053.932580141653	-3.313
CCAGGA	CCAGGA	2	1.09	0.00021299254526091586	0.00011610573581561418	0.2973928646747912	950.7649883653074	-2.978
CCAGGG	CCAGGG	1	0.65	0.00010649627263045793	6.924317528311884e-05	0.47805518543300546	1528.3424278293185	-3.184
CCAGGT	CCAGGT	1	0.91	0.00010649627263045793	9.71865601952318e-05	0.5985136727043083	1913.4482116356737	-3.282
CCAGTA	CCAGTA	1	1.46	0.00010649627263045793	0.00015537748090960841	0.7675301048911504	2453.7937453370077	-3.39
CCAGTC	CCAGTC	1	0.73	0.00010649627263045793	7.743033827613523e-05	0.5166773695671829	1651.8175505062839	-3.218
CCAGTG	CCAGTG	1	0.93	0.00010649627263045793	9.914615632040126e-05	0.6058337119556227	1936.850377122126	-3.287
CCAGTT	CCAGTT	1	1.59	0.00010649627263045793	0.00016979782773475185	0.7969700151909747	2547.913138565546	-3.406
CCATAA	CCATAA	4	3.11	0.0004259850905218317	0.0003313280993776118	0.37765824893527533	1207.3734218460752	-3.082
CCATAC	CCATAC	2	1.83	0.00021299254526091586	0.0001953153873566734	0.5472061311175562	1749.4180011828273	-3.243
CCATAG	CCATAG	5	1.61	0.0005324813631522897	0.00017126316341447962	0.024134966976738136	77.15948942463181	-1.887
CCATCA	CCATCA	2	1.49	0.00021299254526091586	0.00015913417968317474	0.4402549502159448	1407.4950758403754	-3.148
CCATCC	CCATCC	3	0.91	0.0003194888178913738	9.687413393501321e-05	0.06445494296871511	206.0624526709822	-2.314
CCATCT	CCATCT	4	1.62	0.0004259850905218317	0.00017217425072374874	0.08113425565883287	259.3862153412887	-2.414
CCATGC	CCATGC	4	0.98	0.0004259850905218317	0.0001040947995205195	0.01763661123278151	56.384246111202486	-1.751
CCATGG	CCATGG	1	0.82	0.00010649627263045793	8.779407696522698e-05	0.5614960164433817	1795.1027645694912	-3.254
CCATTA	CCATTA	2	2.12	0.00021299254526091586	0.00022526461905829522	0.6242871991682886	1995.8461757410184	-3.3
CCATTC	CCATTC	2	1.82	0.00021299254526091586	0.00019421373477894783	0.5441678300267568	1739.7045525955416	-3.24
CCATTT	CCATTT	3	3.96	0.0003194888178913738	0.0004214077291711052	0.7555309241914306	2415.432364640004	-3.383
CCCAAA	CCCAAA	1	2.76	0.00010649627263045793	0.00029363800743281287	0.936534630864408	2994.1012148735126	-3.476
CCCAAC	CCCAAC	1	1.01	0.00010649627263045793	0.00010772590546403967	0.6363437596854553	2034.3909997144006	-3.308
CCCAAG	CCCAAG	1	1.23	0.00010649627263045793	0.00013133765055811596	0.708658901581852	2265.582508357181	-3.355
CCCAAT	CCCAAT	6	1.71	0.0006389776357827476	0.0001823724854268083	0.008272422340589466	26.446934222864524	-1.422
CCCACA	CCCACA	4	1.26	0.0004259850905218317	0.00013437715721341615	0.039378794831735	125.8940070770568	-2.1
CCCACG	CCCACG	1	0.61	0.00010649627263045793	6.458457656518885e-05	0.45471635706260344	1453.7281935291433	-3.162
CCCAGT	CCCAGT	1	0.93	0.00010649627263045793	9.940706725808646e-05	0.606798219131948	1939.9339065648378	-3.288
CCCATA	CCCATA	3	2.03	0.0003194888178913738	0.00021581642243783688	0.33050032276326985	1056.6095318741736	-3.024
CCCATC	CCCATC	3	0.94	0.0003194888178913738	9.974899129569576e-05	0.06902437528817469	220.67092779629448	-2.344
CCCATG	CCCATG	1	0.92	0.00010649627263045793	9.81312413447151e-05	0.602059330423937	1924.7836793653266	-3.284
CCCCAC	CCCCAC	2	0.71	0.00021299254526091586	7.536959597747077e-05	0.1584930970971265	506.7024314195134	-2.705
CCCCAT	CCCCAT	2	1.14	0.00021299254526091586	0.00012140478041223269	0.31558397115943126	1008.9219557967018	-3.004
CCCCCA	CCCCCA	1	0.77	0.00010649627263045793	8.155674452485938e-05	0.5350464780045909	1710.5435901806773	-3.233
CCCCGC	CCCCGC	1	0.49	0.00010649627263045793	5.1697218635446746e-05	0.38457173211652557	1229.4758275765323	-3.09
CCCCGT	CCCCGT	1	0.63	0.00010649627263045793	6.689616018463466e-05	0.46642463027573056	1491.1595429915105	-3.174
CCCCTT	CCCCTT	1	1.58	0.00010649627263045793	0.000167837915126287	0.7931989425643691	2535.857019378288	-3.404
CCCGAC	CCCGAC	2	0.43	0.00021299254526091586	4.613329277098392e-05	0.07066663375712809	225.9212281215385	-2.354
CCCGCA	CCCGCA	1	0.82	0.00010649627263045793	8.740931909197435e-05	0.5599088904180735	1790.0287226665807	-3.253
CCCGCC	CCCGCC	1	0.47	0.00010649627263045793	4.983411475367259e-05	0.3737103639806446	1194.7520336461207	-3.077
CCCGCT	CCCGCT	2	0.72	0.00021299254526091586	7.695088721781368e-05	0.16368684435035694	523.3068413880911	-2.719
CCCGGC	CCCGGC	2	0.44	0.00021299254526091586	4.72527882325344e-05	0.07363955332499135	235.42565197999735	-2.372
CCCGGT	CCCGGT	3	0.56	0.0003194888178913738	5.9423494280694353e-05	0.019168415636455532	61.281424789748336	-1.787
CCCGTC	CCCGTC	1	0.49	0.00010649627263045793	5.210688188821334e-05	0.3869345758520961	1237.0298389991513	-3.092
CCCGTG	CCCGTG	1	0.63	0.00010649627263045793	6.672057971170916e-05	0.46554419863709723	1488.3448030427999	-3.173
CCCGTT	CCCGTT	1	1.07	0.00010649627263045793	0.00011426574585141437	0.6580036975558468	2103.637821086042	-3.323
CCCTAA	CCCTAA	1	1.56	0.00010649627263045793	0.00016566663270742546	0.7889393362962047	2522.2390581389664	-3.402
CCCTAT	CCCTAT	2	1.84	0.00021299254526091586	0.0001957105946358237	0.548292618821639	1752.89150237278	-3.244
CCCTCA	CCCTCA	1	1.24	0.00010649627263045793	0.0001316032961220784	0.7093847206466795	2267.9029519074343	-3.356
CCCTCC	CCCTCC	2	0.75	0.00021299254526091586	8.01145006069829e-05	0.17416486955006766	556.8050879515663	-2.746
CCCTCG	CCCTCG	2	0.58	0.00021299254526091586	6.226455184641245e-05	0.11687776357011208	373.6582101336483	-2.572
CCCTCT	CCCTCT	1	1.34	0.00010649627263045793	0.0001423873799312404	0.7373722103134617	2357.378956372137	-3.372
CCCTGT	CCCTGT	1	1.17	0.00010649627263045793	0.00012478584930094457	0.6901723565322874	2206.4810238337227	-3.344
CCCTTA	CCCTTA	2	1.78	0.00021299254526091586	0.00018990624588057626	0.5321517296072524	1701.289079554386	-3.231
CCCTTG	CCCTTG	1	1.30	0.00010649627263045793	0.00013825533892898272	0.7269820220157199	2324.1615243842566	-3.366
CCGAAC	CCGAAC	1	0.95	0.00010649627263045793	0.00010096838824160283	0.6125208219080251	1958.2290676399564	-3.292
CCGAAG	CCGAAG	1	1.16	0.00010649627263045793	0.00012309899680275604	0.6852257551076499	2190.6667390791567	-3.341
CCGACT	CCGACT	2	0.65	0.00021299254526091586	6.93699235281841e-05	0.139094133437016	444.6839445981401	-2.648
CCGAGT	CCGAGT	2	0.77	0.00021299254526091586	8.162005568572737e-05	0.17918847996968879	572.8655704630951	-2.758
CCGATA	CCGATA	1	1.41	0.00010649627263045793	0.00015019320649679613	0.7559334168140781	2416.7191335546077	-3.383
CCGATG	CCGATG	1	0.64	0.00010649627263045793	6.829251281523308e-05	0.47337507196439776	1513.3801050701798	-3.18
CCGCAC	CCGCAC	1	0.76	0.00010649627263045793	8.077817601731068e-05	0.5316348596275573	1699.6366462293006	-3.23
CCGCAG	CCGCAG	1	0.74	0.00010649627263045793	7.846190847626056e-05	0.5213364458771513	1666.7126174692528	-3.222
CCGCAT	CCGCAT	1	1.22	0.00010649627263045793	0.0001301168806107668	0.7053000352745895	2254.8442127728626	-3.353
CCGCCC	CCGCCC	1	0.47	0.00010649627263045793	4.9834114753672694e-05	0.37371036398064517	1194.7520336461225	-3.077
CCGCTA	CCGCTA	3	0.90	0.0003194888178913738	9.560600085132675e-05	0.0624853724968444	199.76573587241157	-2.301
CCGCTC	CCGCTC	1	0.69	0.00010649627263045793	7.308625301724212e-05	0.4965545507704067	1587.4848988129902	-3.201
CCGCTT	CCGCTT	1	1.40	0.00010649627263045793	0.00014870102549636584	0.7524895880592761	2405.709213025506	-3.381
CCGGAG	CCGGAG	1	0.63	0.00010649627263045793	6.65768189210544e-05	0.46482224218252166	1486.0367082575217	-3.172
CCGGCA	CCGGCA	1	0.75	0.00010649627263045793	7.989470523992723e-05	0.5277332393623135	1687.1631662413163	-3.227
CCGGCC	CCGGCC	1	0.43	0.00010649627263045793	4.554985613087732e-05	0.3480015856708437	1112.5610693896874	-3.046
CCGGGC	CCGGGC	1	0.43	0.00010649627263045793	4.589807473989974e-05	0.35012999071500644	1119.3655803158756	-3.049
CCGGGT	CCGGGT	3	0.54	0.0003194888178913738	5.7719852813329504e-05	0.01777248107438285	56.81862199480197	-1.754
CCGGTA	CCGGTA	3	0.87	0.0003194888178913738	9.288145302797622e-05	0.0583508402247207	186.5476361984321	-2.271
CCGGTC	CCGGTC	2	0.43	0.00021299254526091586	4.62862590217886e-05	0.0710704798676343	227.21232413682688	-2.356
CCGGTT	CCGGTT	1	0.95	0.00010649627263045793	0.00010150163890334037	0.6144561674394919	1964.4163673040557	-3.293
CCGTAG	CCGTAG	2	0.78	0.00021299254526091586	8.297580559272022e-05	0.18373084458231626	587.3875101296651	-2.769
CCGTAT	CCGTAT	2	1.78	0.00021299254526091586	0.00018963787346124055	0.531395931005377	1698.8727914241902	-3.23
CCGTCA	CCGTCA	2	0.78	0.00021299254526091586	8.312851886941047e-05	0.18424355253792493	589.026637463746	-2.77
CCGTCG	CCGTCG	2	0.37	0.00021299254526091586	3.933001775471139e-05	0.05351743691007172	171.0952458014993	-2.233
CCGTCT	CCGTCT	1	0.84	0.00010649627263045793	8.994039167833802e-05	0.5702451193618793	1823.073646599928	-3.261
CCGTGC	CCGTGC	3	0.66	0.0003194888178913738	7.0775272724676e-05	0.02997451045351073	95.8285099198738	-1.981
CCGTGG	CCGTGG	1	0.56	0.00010649627263045793	5.969222064355156e-05	0.42908215100691693	1371.7756367691134	-3.137
CCGTTA	CCGTTA	2	1.21	0.00021299254526091586	0.00012929008806537244	0.3424390166877388	1094.777536350701	-3.039
CCGTTC	CCGTTC	1	1.05	0.00010649627263045793	0.00011146850747376788	0.6489017868735866	2074.539012634856	-3.317
CCGTTT	CCGTTT	2	2.27	0.00021299254526091586	0.0002418659558865797	0.6624320604527864	2117.795297267558	-3.326
CCTAAA	CCTAAA	2	3.22	0.00021299254526091586	0.00034337445010588157	0.8319402677347456	2659.7130359479816	-3.425
CCTAAT	CCTAAT	1	2.00	0.00010649627263045793	0.0002132627599722484	0.8650076698875335	2765.4295206304446	-3.442
CCTACC	CCTACC	1	0.83	0.00010649627263045793	8.827876567627286e-05	0.563487212980715	1801.4686198993459	-3.256
CCTACG	CCTACG	2	0.79	0.00021299254526091586	8.368466161628705e-05	0.18611243886584425	595.0014670541041	-2.775
CCTACT	CCTACT	1	1.38	0.00010649627263045793	0.00014684866314489052	0.7481468115940879	2391.825356666299	-3.379
CCTAGT	CCTAGT	2	1.09	0.00021299254526091586	0.00011627784825134102	0.2979850883861492	952.658327570519	-2.979
CCTATC	CCTATC	2	1.51	0.00021299254526091586	0.00016080037651332234	0.4454877797400151	1424.2244318288283	-3.154
CCTATG	CCTATG	2	1.49	0.00021299254526091586	0.00015819248246002856	0.43728543539190695	1398.0015369479265	-3.146
CCTATT	CCTATT	3	3.01	0.0003194888178913738	0.00032093890112675573	0.5798536018361389	1853.791965070136	-3.268
CCTCAA	CCTCAA	3	2.15	0.0003194888178913738	0.00022860526125789054	0.3629363403569552	1160.3074801211858	-3.065
CCTCAC	CCTCAC	1	1.14	0.00010649627263045793	0.00012161946036236294	0.6808221259843478	2176.58833677196	-3.338
CCTCAG	CCTCAG	1	1.11	0.00010649627263045793	0.00011813209258202318	0.6701971902531582	2142.620417239347	-3.331
CCTCAT	CCTCAT	2	1.84	0.00021299254526091586	0.00019590371538624765	0.5488228706411641	1754.5867174398015	-3.244
CCTCCA	CCTCCA	2	1.16	0.00021299254526091586	0.00012401734398927717	0.32451404300951825	1037.47139550143	-3.016
CCTCCC	CCTCCC	1	0.75	0.00010649627263045793	8.01145006069829e-05	0.5287069354334567	1690.2760725807611	-3.228
CCTCCG	CCTCCG	1	0.64	0.00010649627263045793	6.816930401940838e-05	0.4727654508975919	1511.4311465196013	-3.179
CCTCCT	CCTCCT	1	1.24	0.00010649627263045793	0.00013207246640039712	0.7106622127825646	2271.987094265859	-3.356
CCTCGA	CCTCGA	2	0.84	0.00021299254526091586	8.902209244909549e-05	0.2041727344941515	652.7402321778023	-2.815
CCTCGG	CCTCGG	2	0.57	0.00021299254526091586	6.053917132129224e-05	0.11162983941370809	356.88059660562476	-2.553
CCTCGT	CCTCGT	1	0.87	0.00010649627263045793	9.291284124708944e-05	0.5820742857307629	1860.891491481249	-3.27
CCTCTA	CCTCTA	3	1.66	0.0003194888178913738	0.00017690618599876248	0.23255789172973504	743.4875798599629	-2.871
CCTCTC	CCTCTC	2	1.27	0.00021299254526091586	0.00013523638845983004	0.3624657412126965	1158.8029746569907	-3.064
CCTCTG	CCTCTG	2	1.23	0.00021299254526091586	0.00013139856992140466	0.34956494155891177	1117.5591181638408	-3.048
CCTCTT	CCTCTT	2	2.58	0.00021299254526091586	0.00027515146581200985	0.729446175032685	2332.039421579494	-3.368
CCTGAA	CCTGAA	2	2.39	0.00021299254526091586	0.0002549033046580545	0.6901502597841951	2206.4103805300715	-3.344
CCTGAT	CCTGAT	1	1.52	0.00010649627263045793	0.0001621931269966316	0.7819418399376995	2499.868062280825	-3.398
CCTGCA	CCTGCA	1	1.35	0.00010649627263045793	0.0001437544122395551	0.7407218696044475	2368.087817125419	-3.374
CCTGCG	CCTGCG	1	0.72	0.00010649627263045793	7.687672520327742e-05	0.514158310374755	1643.7641182680918	-3.216
CCTGCT	CCTGCT	2	1.19	0.00021299254526091586	0.0001265543500192393	0.3331563296906515	1065.100786021013	-3.027
CCTGGG	CCTGGG	1	0.65	0.00010649627263045793	6.965203946104122e-05	0.4800552122975476	1534.7365137152597	-3.186
CCTGTA	CCTGTA	1	1.83	0.00010649627263045793	0.00019504559838998367	0.8398233754047937	2684.9153311691252	-3.429
CCTGTC	CCTGTC	2	0.91	0.00021299254526091586	9.71984265299908e-05	0.232165382454004	742.2327277054508	-2.871
CCTGTG	CCTGTG	2	1.17	0.00021299254526091586	0.00012445832738676893	0.32601843861511987	1042.280948252538	-3.018
CCTTAC	CCTTAC	4	1.61	0.0004259850905218317	0.00017186649448004934	0.08073065286039036	258.09589719466794	-2.412
CCTTAG	CCTTAG	2	1.42	0.00021299254526091586	0.00015070189772533943	0.413365861425539	1321.5306589774482	-3.121
CCTTCA	CCTTCA	2	2.45	0.00021299254526091586	0.000261204804289397	0.7028602704457931	2247.0442846152005	-3.352
CCTTCC	CCTTCC	1	1.49	0.00010649627263045793	0.00015901039767558713	0.7753266330973397	2478.719246012195	-3.394
CCTTCG	CCTTCG	1	1.16	0.00010649627263045793	0.00012358201168550126	0.6866501840665629	2195.2206384608016	-3.341
CCTTCT	CCTTCT	1	2.65	0.00010649627263045793	0.0002826089376493976	0.9296095673230071	2971.961786731654	-3.473
CCTTGA	CCTTGA	1	1.99	0.00010649627263045793	0.00021223994943398377	0.8637049319133829	2761.264667327085	-3.441
CCTTGC	CCTTGC	3	1.38	0.0003194888178913738	0.00014665728865997896	0.16099855155865692	514.7123693330261	-2.712
CCTTGG	CCTTGG	1	1.16	0.00010649627263045793	0.00012369149417101863	0.6869721548523664	2196.2499790630154	-3.342
CCTTGT	CCTTGT	2	2.02	0.00021299254526091586	0.00021524762413004632	0.5996953108385161	1917.2259087507362	-3.283
CCTTTA	CCTTTA	2	3.77	0.00021299254526091586	0.00040197397169633827	0.8904351735775743	2846.721249927505	-3.454
CCTTTG	CCTTTG	3	2.75	0.0003194888178913738	0.00029264465441781876	0.5180435781113044	1656.1853192218402	-3.219
CCTTTT	CCTTTT	8	7.06	0.0008519701810436634	0.0007519819992442181	0.41039106322814717	1312.0202291403864	-3.118
CGAAAA	CGAAAA	4	5.49	0.0004259850905218317	0.0005849417048435364	0.7974610982472403	2549.4831310964273	-3.406
CGAAAG	CGAAAG	1	2.46	0.00010649627263045793	0.0002616312169506437	0.9142841160718351	2922.966319081657	-3.466
CGAACC	CGAACC	1	0.88	0.00010649627263045793	9.359023903927964e-05	0.5847241764979945	1869.3631922640884	-3.272
CGAACG	CGAACG	2	0.83	0.00021299254526091586	8.871972126695243e-05	0.20314421342153305	649.4520503086411	-2.813
CGAACT	CGAACT	2	1.46	0.00021299254526091586	0.00015568411475901372	0.4293339291440203	1372.5805714734329	-3.138
CGAAGA	CGAAGA	1	2.03	0.00010649627263045793	0.00021592985519370422	0.8683464384545316	2776.103563739138	-3.443
CGAAGT	CGAAGT	2	1.61	0.00021299254526091586	0.00017140081332569202	0.478117479081895	1528.5415806248184	-3.184
CGAATC	CGAATC	1	1.35	0.00010649627263045793	0.0001440122474107719	0.7413488414147007	2370.092246002798	-3.375
CGAATG	CGAATG	1	1.33	0.00010649627263045793	0.00014167662673768888	0.7356135776654331	2351.7566077963897	-3.371
CGAATT	CGAATT	1	2.70	0.00010649627263045793	0.000287431742605269	0.9327261760034309	2981.9255846829687	-3.474
CGACAA	CGACAA	1	1.38	0.00010649627263045793	0.00014650933119432987	0.7473430451244873	2389.255715262986	-3.378
CGACAT	CGACAT	2	1.18	0.00021299254526091586	0.00012555145127366498	0.32974366903035274	1054.1905098900377	-3.023
CGACCT	CGACCT	1	0.66	0.00010649627263045793	7.049539441576323e-05	0.4841564481508639	1547.8481647383119	-3.19
CGACGC	CGACGC	1	0.44	0.00010649627263045793	4.674660344055861e-05	0.3552873764191482	1135.8537424120168	-3.055
CGACTC	CGACTC	2	0.63	0.00021299254526091586	6.756089544568532e-05	0.13335253233659686	426.32804588010015	-2.63
CGACTG	CGACTG	2	0.62	0.00021299254526091586	6.564361223539692e-05	0.12732849271731764	407.06919121726446	-2.61
CGACTT	CGACTT	2	1.29	0.00021299254526091586	0.000137459153007284	0.36989317199394234	1182.5484708646336	-3.073
CGAGAA	CGAGAA	3	2.05	0.0003194888178913738	0.00021843396904769568	0.3371505177379106	1077.8702052081003	-3.033
CGAGAC	CGAGAC	1	0.71	0.00010649627263045793	7.589095601354978e-05	0.5096403006944897	1629.3200413202837	-3.212
CGAGAT	CGAGAT	1	1.31	0.00010649627263045793	0.0001389879528225713	0.7288537340646906	2330.1453878048155	-3.367
CGAGCA	CGAGCA	3	0.98	0.0003194888178913738	0.00010475228273855103	0.07731398637250557	247.1728144329003	-2.393
CGAGCG	CGAGCG	1	0.53	0.00010649627263045793	5.601923675975887e-05	0.40904808865792336	1307.726739439381	-3.117
CGAGGA	CGAGGA	1	0.92	0.00010649627263045793	9.775419783799032e-05	0.600647948965077	1920.2714928413511	-3.283
CGAGGC	CGAGGC	1	0.61	0.00010649627263045793	6.506646402517521e-05	0.4571781497840005	1461.5985448594497	-3.165
CGAGGT	CGAGGT	3	0.77	0.0003194888178913738	8.182536517925246e-05	0.042979119707234927	137.40424570403005	-2.138
CGAGTA	CGAGTA	2	1.23	0.00021299254526091586	0.00013081869643828396	0.3476077601549319	1111.3020092153172	-3.046
CGAGTG	CGAGTG	2	0.78	0.00021299254526091586	8.347522981304255e-05	0.1854083383387916	592.7504576691168	-2.773
CGATAA	CGATAA	1	2.22	0.00010649627263045793	0.00023644284976492041	0.8914124326644908	2849.845547228377	-3.455
CGATAC	CGATAC	1	1.31	0.00010649627263045793	0.0001393812564533478	0.7298532632315176	2333.3408825511615	-3.368
CGATAG	CGATAG	3	1.15	0.0003194888178913738	0.00012221707272501585	0.10935665318801464	349.61322024208283	-2.544
CGATAT	CGATAT	4	2.62	0.0004259850905218317	0.0002793222145500106	0.26897528950233185	859.914000538955	-2.934
CGATCA	CGATCA	1	1.07	0.00010649627263045793	0.00011356156936273162	0.655734850925701	2096.3843184094662	-3.321
CGATCC	CGATCC	1	0.65	0.00010649627263045793	6.913146316032276e-05	0.4775073901523428	1526.5911263170399	-3.184
CGATGA	CGATGA	3	1.01	0.0003194888178913738	0.00010750296209965552	0.08204833713423217	262.30853381814023	-2.419
CGATTC	CGATTC	1	1.30	0.00010649627263045793	0.00013859509350665629	0.7278516421278909	2326.941699882867	-3.367
CGATTT	CGATTT	1	2.82	0.00010649627263045793	0.00030072560880090753	0.9406209297050254	3007.1651122669664	-3.478
CGCAAA	CGCAAA	3	3.03	0.0003194888178913738	0.00032270986328817463	0.5835519304037387	1865.6155215007525	-3.271
CGCAAC	CGCAAC	1	1.11	0.00010649627263045793	0.00011839139125356396	0.6709992221293124	2145.184513147412	-3.331
CGCAAG	CGCAAG	1	1.36	0.00010649627263045793	0.00014434083525749814	0.7421456641082043	2372.639688153929	-3.375
CGCAAT	CGCAAT	1	1.88	0.00010649627263045793	0.000200428413045529	0.8477182413126437	2710.155217476522	-3.433
CGCACA	CGCACA	4	1.39	0.0004259850905218317	0.000147681270597497	0.05223973853457038	167.0104440950215	-2.223
CGCACT	CGCACT	2	1.17	0.00021299254526091586	0.0001245526351773641	0.32634004949188794	1043.3091382255657	-3.018
CGCAGA	CGCAGA	1	1.29	0.00010649627263045793	0.00013763124782119508	0.7253773806489012	2319.031485934537	-3.365
CGCAGT	CGCAGT	2	1.03	0.00021299254526091586	0.00010924894009872202	0.27374885377913205	875.1750855318852	-2.942
CGCATA	CGCATA	1	2.23	0.00010649627263045793	0.00023718349265870484	0.8921649998045001	2852.251504374987	-3.455
CGCATC	CGCATC	1	1.03	0.00010649627263045793	0.00010962471658759186	0.6427702292748452	2054.93642299168	-3.313
CGCATG	CGCATG	1	1.01	0.00010649627263045793	0.00010784680006350268	0.6367563481249758	2035.7100449555478	-3.309
CGCATT	CGCATT	1	2.05	0.00010649627263045793	0.00021879821951187323	0.8718450603687458	2787.2886579988804	-3.445
CGCCAA	CGCCAA	1	1.29	0.00010649627263045793	0.0001374104033385419	0.7248072966732902	2317.208927464509	-3.365
CGCCAC	CGCCAC	4	0.69	0.0004259850905218317	7.31032129805423e-05	0.00537701207507742	17.190307604022514	-1.235
CGCCAG	CGCCAG	1	0.67	0.00010649627263045793	7.100702057162956e-05	0.4866287047379076	1555.7519690470906	-3.192
CGCCAT	CGCCAT	3	1.11	0.0003194888178913738	0.00011775410766410812	0.10073653504001946	322.0547025229422	-2.508
CGCCCG	CGCCCG	2	0.41	0.00021299254526091586	4.3481707857800084e-05	0.06378931401639892	203.93443691042737	-2.309
CGCCCT	CGCCCT	1	0.79	0.00010649627263045793	8.424226244771682e-05	0.5466246205272286	1747.5589118255498	-3.242
CGCCTC	CGCCTC	1	0.75	0.00010649627263045793	8.001144016145191e-05	0.5282506266640544	1688.817253444982	-3.228
CGCCTT	CGCCTT	2	1.53	0.00021299254526091586	0.00016279098616045	0.45170326942806494	1444.0953523615235	-3.16
CGCGAA	CGCGAA	2	1.33	0.00021299254526091586	0.00014197498635509884	0.38487386017131997	1230.4417309677099	-3.09
CGCGAC	CGCGAC	1	0.46	0.00010649627263045793	4.932665689074431e-05	0.3707189540762733	1185.1884961818457	-3.074
CGCGAG	CGCGAG	1	0.60	0.00010649627263045793	6.426993583660793e-05	0.45310294716852867	1448.5701220977862	-3.161
CGCGAT	CGCGAT	1	0.85	0.00010649627263045793	9.033765577550333e-05	0.5718452518852388	1828.1892702771086	-3.262
CGCGCA	CGCGCA	3	0.88	0.0003194888178913738	9.34598254953794e-05	0.05921736267117542	189.31790845974783	-2.277
CGCGCT	CGCGCT	1	0.77	0.00010649627263045793	8.227745697828937e-05	0.5381824230792618	1720.5692065844	-3.236
CGCGGA	CGCGGA	1	0.71	0.00010649627263045793	7.59054359262187e-05	0.5097069685952837	1629.533178599122	-3.212
CGCGGG	CGCGGG	1	0.43	0.00010649627263045793	4.526850777749325e-05	0.34627681916945663	1107.0469908847529	-3.044
CGCGTC	CGCGTC	1	0.52	0.00010649627263045793	5.5713740124854755e-05	0.40735044230386913	1302.2993640454697	-3.115
CGCTAA	CGCTAA	3	1.41	0.0003194888178913738	0.000150508507163387	0.16971938360526118	542.59286938602	-2.734
CGCTAC	CGCTAC	2	0.83	0.00021299254526091586	8.872361695947958e-05	0.20315746099568868	649.4944028032168	-2.813
CGCTAG	CGCTAG	1	0.73	0.00010649627263045793	7.779769692342098e-05	0.5183417176354992	1657.138471280691	-3.219
CGCTAT	CGCTAT	1	1.67	0.00010649627263045793	0.0001778035139201349	0.8116729115469742	2594.9182982156763	-3.414
CGCTCC	CGCTCC	1	0.68	0.00010649627263045793	7.278420338145015e-05	0.49512462874167656	1582.9134380871399	-3.199
CGCTCG	CGCTCG	2	0.53	0.00021299254526091586	5.656748492106468e-05	0.0997991683024231	319.0579410628466	-2.504
CGCTCT	CGCTCT	1	1.21	0.00010649627263045793	0.00012935925383480344	0.7031960305167999	2248.1177095622093	-3.352
CGCTGA	CGCTGA	1	1.05	0.00010649627263045793	0.00011178411926512058	0.6499407593773452	2077.8606077293725	-3.318
CGCTGG	CGCTGG	1	0.61	0.00010649627263045793	6.514675853140855e-05	0.4575872644362428	1462.9064844026682	-3.165
CGCTTA	CGCTTA	3	1.62	0.0003194888178913738	0.00017253025006530194	0.22183806934146033	709.2163076846487	-2.851
CGCTTC	CGCTTC	2	1.40	0.00021299254526091586	0.00014874836699879968	0.40704377100270855	1301.3189358956593	-3.114
CGCTTT	CGCTTT	3	3.03	0.0003194888178913738	0.0003227563263031851	0.5836486796266185	1865.9248287662992	-3.271
CGGAAA	CGGAAA	3	2.94	0.0003194888178913738	0.00031258062657251026	0.5621208596246324	1797.1003882199498	-3.255
CGGAAC	CGGAAC	2	1.08	0.00021299254526091586	0.00011467531510118025	0.2924679705791739	935.0201019416189	-2.971
CGGAAG	CGGAAG	2	1.31	0.00021299254526091586	0.00013981025638655015	0.3777115078742432	1207.5436906739556	-3.082
CGGACT	CGGACT	1	0.74	0.00010649627263045793	7.878721229167365e-05	0.5227963420859422	1671.3799056487571	-3.223
CGGAGA	CGGAGA	2	1.10	0.00021299254526091586	0.0001167834283159559	0.2997242744050194	958.2185052728471	-2.981
CGGAGT	CGGAGT	1	0.87	0.00010649627263045793	9.270035668926393e-05	0.5812395953860223	1858.2229864491135	-3.269
CGGATA	CGGATA	2	1.60	0.00021299254526091586	0.00017058263067311208	0.4756409255119695	1520.6240388617666	-3.182
CGGATG	CGGATG	2	0.73	0.00021299254526091586	7.756353807885567e-05	0.1657071885118344	529.7658816723347	-2.724
CGGATT	CGGATT	2	1.48	0.00021299254526091586	0.00015735992185862005	0.43465290844931626	1389.585348312464	-3.143
CGGCAC	CGGCAC	2	0.71	0.00021299254526091586	7.571055326842588e-05	0.1596103562250065	510.2743088513458	-2.708
CGGCCC	CGGCCC	1	0.44	0.00010649627263045793	4.670776917312718e-05	0.3550522366599371	1135.102000601819	-3.055
CGGCGT	CGGCGT	1	0.61	0.00010649627263045793	6.537755586105633e-05	0.4587615013698716	1466.6605198794796	-3.166
CGGCTC	CGGCTC	1	0.64	0.00010649627263045793	6.850118342689195e-05	0.47440593954433885	1516.6757887232513	-3.181
CGGGAA	CGGGAA	2	1.38	0.00021299254526091586	0.00014648601153714654	0.3996810435164957	1277.7802961222367	-3.106
CGGGAC	CGGGAC	2	0.48	0.00021299254526091586	5.0893931500821256e-05	0.08357578437068824	267.1917826330903	-2.427
CGGGCA	CGGGCA	2	0.75	0.00021299254526091586	7.957692321249586e-05	0.17237669385751117	551.0882902624633	-2.741
CGGGCC	CGGGCC	2	0.43	0.00021299254526091586	4.536868110072982e-05	0.06865941139301694	219.50413822347517	-2.341
CGGGTA	CGGGTA	4	0.87	0.0004259850905218317	9.251201607510979e-05	0.011968010246385987	38.261728757696005	-1.583
CGGGTG	CGGGTG	1	0.55	0.00010649627263045793	5.9031789893892575e-05	0.42553063463142204	1360.4214389166564	-3.134
CGGTAA	CGGTAA	2	1.37	0.00021299254526091586	0.00014621936608504152	0.3988104086237724	1274.9968763702004	-3.106
CGGTAC	CGGTAC	1	0.81	0.00010649627263045793	8.619520100949481e-05	0.5548628924776084	1773.896667250914	-3.249
CGGTAG	CGGTAG	3	0.71	0.0003194888178913738	7.558064418690895e-05	0.035332615359560844	112.95837130451602	-2.053
CGGTCC	CGGTCC	2	0.43	0.00021299254526091586	4.609496794990391e-05	0.07056557109126313	225.59813077876822	-2.353
CGGTCG	CGGTCG	1	0.34	0.00010649627263045793	3.582475706682932e-05	0.2856587351516596	913.2509762798559	-2.961
CGGTCT	CGGTCT	1	0.77	0.00010649627263045793	8.192451634441377e-05	0.5366493686965974	1715.6680317230218	-3.234
CGGTTA	CGGTTA	1	1.11	0.00010649627263045793	0.00011776719819904187	0.6690652295290076	2139.0015388042375	-3.33
CGGTTT	CGGTTT	2	2.07	0.00021299254526091586	0.00022030981949748042	0.6122723761522284	1957.4347865586742	-3.292
CGTAAA	CGTAAA	2	3.20	0.00021299254526091586	0.00034117785369418594	0.829275555995522	2651.193952517684	-3.423
CGTAAC	CGTAAC	2	1.18	0.00021299254526091586	0.00012516667557721875	0.32843304848015614	1050.0004559910592	-3.021
CGTAAG	CGTAAG	2	1.43	0.00021299254526091586	0.000152601150370181	0.41947977986893914	1341.0768562409985	-3.127
CGTACA	CGTACA	1	1.62	0.00010649627263045793	0.00017300368465510314	0.8029907503703126	2567.1614289338895	-3.409
CGTACG	CGTACG	1	0.78	0.00010649627263045793	8.314932351130103e-05	0.541947809256214	1732.6071461921163	-3.239
CGTAGA	CGTAGA	1	1.37	0.00010649627263045793	0.00014554914460371843	0.7450547512926347	2381.940039882553	-3.377
CGTAGC	CGTAGC	1	0.80	0.00010649627263045793	8.552316737890447e-05	0.5520450195519403	1764.887927507553	-3.247
CGTAGT	CGTAGT	2	1.08	0.00021299254526091586	0.00011553400867868258	0.2954250405571148	944.4738546610961	-2.975
CGTATA	CGTATA	5	3.25	0.0005324813631522897	0.0003456813055829178	0.22761645226561714	727.689797893178	-2.862
CGTATC	CGTATC	1	1.50	0.00010649627263045793	0.00015977172243047036	0.7769270595139662	2483.83580926615	-3.395
CGTATG	CGTATG	1	1.48	0.00010649627263045793	0.00015718051130369536	0.7714327956940212	2466.270647833786	-3.392
CGTATT	CGTATT	2	2.99	0.00021299254526091586	0.00031888582688558494	0.8000044329677852	2557.6141721980093	-3.408
CGTCAA	CGTCAA	5	1.39	0.0005324813631522897	0.00014807154669139715	0.01387741824396443	44.36610612595428	-1.647
CGTCAG	CGTCAG	4	0.72	0.0004259850905218317	7.6516181501084e-05	0.006294345197401024	20.123021596091075	-1.304
CGTCAT	CGTCAT	2	1.19	0.00021299254526091586	0.00012689019482849595	0.33429801400974957	1068.7507507891694	-3.029
CGTCCA	CGTCCA	1	0.75	0.00010649627263045793	8.032815972829009e-05	0.5296515235949817	1693.2959209331564	-3.229
CGTCCC	CGTCCC	2	0.49	0.00021299254526091586	5.189153544415803e-05	0.08636579080443821	276.11143320178894	-2.441
CGTCCT	CGTCCT	2	0.80	0.00021299254526091586	8.554560060274809e-05	0.1923849339783942	615.0546339289263	-2.789
CGTCGC	CGTCGC	2	0.44	0.00021299254526091586	4.65079418235502e-05	0.07165708411187938	229.08769790567837	-2.36
CGTCGG	CGTCGG	2	0.37	0.00021299254526091586	3.921225908640285e-05	0.053235437128473506	170.1936924997298	-2.231
CGTCGT	CGTCGT	2	0.57	0.00021299254526091586	6.0181240078410106e-05	0.11054907621448691	353.42539665771466	-2.548
CGTCTA	CGTCTA	1	1.08	0.00010649627263045793	0.00011458516937001865	0.6590279399471797	2106.9123240111335	-3.324
CGTCTC	CGTCTC	1	0.82	0.00010649627263045793	8.759492715968484e-05	0.5606752394883873	1792.478740644374	-3.253
CGTCTG	CGTCTG	1	0.80	0.00010649627263045793	8.510910630071304e-05	0.5502999653543101	1759.3089892377295	-3.245
CGTCTT	CGTCTT	2	1.67	0.00021299254526091586	0.0001782203213215992	0.49847635525200035	1593.6289077406452	-3.202
CGTGAA	CGTGAA	1	2.04	0.00010649627263045793	0.00021758477769277516	0.870376484211067	2782.593620022781	-3.444
CGTGAC	CGTGAC	6	0.71	0.0006389776357827476	7.559591974220278e-05	9.708425765458585e-05	0.31037837172171096	0.508
CGTGAG	CGTGAG	2	0.92	0.00021299254526091586	9.849734844390794e-05	0.23663670876020226	756.5275579063666	-2.879
CGTGAT	CGTGAT	4	1.30	0.0004259850905218317	0.00013844761851243816	0.04309776169886495	137.78354415127126	-2.139
CGTGCA	CGTGCA	5	1.15	0.0005324813631522897	0.0001227083810131796	0.006570709554217111	21.006558444832102	-1.322
CGTGCC	CGTGCC	1	0.66	0.00010649627263045793	6.995894264104437e-05	0.48155144306289777	1539.519963472084	-3.187
CGTGCG	CGTGCG	1	0.62	0.00010649627263045793	6.562176659711324e-05	0.4600012144170957	1470.6238824914549	-3.168
CGTGCT	CGTGCT	1	1.01	0.00010649627263045793	0.00010802645399960192	0.6373686056013756	2037.667432107598	-3.309
CGTGGA	CGTGGA	2	0.94	0.00021299254526091586	9.969275096544922e-05	0.24075562141978543	769.695721679054	-2.886
CGTGGC	CGTGGC	1	0.62	0.00010649627263045793	6.635679017094074e-05	0.4637153844629132	1482.4980841279335	-3.171
CGTGGT	CGTGGT	1	0.78	0.00010649627263045793	8.344803531600296e-05	0.5432308014317653	1736.7088721773537	-3.24
CGTGTA	CGTGTA	3	1.56	0.0003194888178913738	0.00016649040004628225	0.20721374682773322	662.4623486082631	-2.821
CGTGTT	CGTGTT	3	1.71	0.0003194888178913738	0.00018194211993303322	0.2450054826069404	783.2825278943885	-2.894
CGTTAA	CGTTAA	1	1.91	0.00010649627263045793	0.00020353594933860265	0.8520975825583074	2724.1559714389086	-3.435
CGTTAC	CGTTAC	1	1.13	0.00010649627263045793	0.00011998288965153699	0.6758793104139746	2160.7861553934767	-3.335
CGTTAT	CGTTAT	2	2.26	0.00021299254526091586	0.00024044758454874648	0.6592989364608497	2107.7786998653364	-3.324
CGTTCA	CGTTCA	2	1.71	0.00021299254526091586	0.00018235146591149016	0.5105586095345385	1632.2558746819195	-3.213
CGTTCC	CGTTCC	1	1.04	0.00010649627263045793	0.00011100783230306511	0.6473797377198272	2069.6730214902873	-3.316
CGTTCT	CGTTCT	3	1.85	0.0003194888178913738	0.00019729405131063465	0.2834992519097073	906.3471083553343	-2.957
CGTTGA	CGTTGA	2	1.39	0.00021299254526091586	0.00014816827741570953	0.405160062105451	1295.296718551127	-3.112
CGTTGT	CGTTGT	1	1.41	0.00010649627263045793	0.00015026798569367923	0.7561047345172826	2417.2668362517525	-3.383
CGTTTA	CGTTTA	5	2.64	0.0005324813631522897	0.0002806247886462271	0.12758222814251224	407.88038337161163	-2.611
CGTTTC	CGTTTC	6	2.27	0.0006389776357827476	0.00024194295803031776	0.02848655814943618	91.07152640374747	-1.959
CGTTTG	CGTTTG	2	1.92	0.00021299254526091586	0.00020430015393257028	0.5714510493758641	1826.9290048546375	-3.262
CGTTTT	CGTTTT	2	4.93	0.00021299254526091586	0.0005249712778992807	0.9571283165111176	3059.939227886043	-3.486
CTAAAA	CTAAAA	5	6.79	0.0005324813631522897	0.0007231863106815549	0.8070465019616868	2580.127666771513	-3.412
CTAAAC	CTAAAC	1	2.49	0.00010649627263045793	0.0002653127257553483	0.9171966280877926	2932.277619996673	-3.467
CTAAAG	CTAAAG	2	3.04	0.00021299254526091586	0.00032346490766335765	0.8063592309735671	2577.930461422494	-3.411
CTAAAT	CTAAAT	3	4.22	0.0003194888178913738	0.0004491560409999603	0.7920758490715507	2532.2664894817476	-3.404
CTAACA	CTAACA	4	2.14	0.0004259850905218317	0.00022822037336489798	0.16955622933252978	542.0712651760978	-2.734
CTAACC	CTAACC	1	1.09	0.00010649627263045793	0.00011570927346465354	0.6626080870311388	2118.3580542385507	-3.326
CTAACT	CTAACT	1	1.81	0.00010649627263045793	0.0001924783609238647	0.835915183173368	2672.4208406052576	-3.427
CTAAGA	CTAAGA	6	2.51	0.0006389776357827476	0.0002669625264372409	0.04247535842443804	135.7937208829284	-2.133
CTAAGG	CTAAGG	1	1.43	0.00010649627263045793	0.00015196485969806882	0.759960079142145	2429.5923730174377	-3.386
CTAAGT	CTAAGT	2	1.99	0.00021299254526091586	0.00021190953014707889	0.5912345646808876	1890.1769032847978	-3.277
CTAATA	CTAATA	1	3.62	0.00010649627263045793	0.00038522371439649386	0.9731435879956853	3111.140050822206	-3.493
CTAATC	CTAATC	3	1.67	0.0003194888178913738	0.0001780479747564135	0.23537030848597948	752.4788762296764	-2.876
CTAATG	CTAATG	2	1.64	0.00021299254526091586	0.00017516035555653053	0.48940421334245215	1564.6252700558196	-3.194
CTAATT	CTAATT	5	3.34	0.0005324813631522897	0.0003553631067613416	0.24415313339702882	780.5575674703011	-2.892
CTACAA	CTACAA	3	2.89	0.0003194888178913738	0.00030733444657121136	0.5507604586938444	1760.7811864442206	-3.246
CTACAC	CTACAC	1	1.54	0.00010649627263045793	0.00016350389023019938	0.7846092652320978	2508.395820947017	-3.399
CTACAG	CTACAG	2	1.49	0.00021299254526091586	0.00015881551061520924	0.43925103733186044	1404.285566349958	-3.147
CTACAT	CTACAT	1	2.47	0.00010649627263045793	0.0002633708411529325	0.9156729171798005	2927.406316223822	-3.466
CTACCA	CTACCA	1	1.30	0.00010649627263045793	0.00013885989618025156	0.7285274976272995	2329.1024099144765	-3.367
CTACCC	CTACCC	1	0.84	0.00010649627263045793	8.970270511340907e-05	0.5692848882346824	1820.0037876862796	-3.26
CTACCT	CTACCT	2	1.39	0.00021299254526091586	0.00014787906580401036	0.4042198328436731	1292.290805601223	-3.111
CTACGA	CTACGA	2	1.14	0.00021299254526091586	0.00012157718505919822	0.3161741462482642	1010.8087455557006	-3.005
CTACGC	CTACGC	1	0.92	0.00010649627263045793	9.806093154866563e-05	0.6017965196729604	1923.9434733944545	-3.284
CTACGG	CTACGG	2	0.78	0.00021299254526091586	8.267815137313183e-05	0.1827321232638598	584.1945980745597	-2.767
CTACGT	CTACGT	1	1.19	0.00010649627263045793	0.00012689076816670673	0.6962360359142711	2225.8666068179245	-3.347
CTACTA	CTACTA	4	1.74	0.0004259850905218317	0.0001853919215547874	0.09939167589589652	317.7551878391812	-2.502
CTACTC	CTACTC	1	1.33	0.00010649627263045793	0.00014172333081033652	0.7357294992387255	2352.1272090662055	-3.371
CTACTG	CTACTG	1	1.29	0.00010649627263045793	0.0001377014219697818	0.725558279567792	2319.6098197782308	-3.365
CTACTT	CTACTT	1	2.71	0.00010649627263045793	0.0002883497752071922	0.9333036059136285	2983.77162810587	-3.475
CTAGAA	CTAGAA	4	2.90	0.0004259850905218317	0.00030836668285523316	0.3293843131274567	1053.041649068479	-3.022
CTAGAG	CTAGAG	1	1.31	0.00010649627263045793	0.00013959294823726322	0.730389723731612	2335.0559467699636	-3.368
CTAGAT	CTAGAT	2	1.84	0.00021299254526091586	0.00019621148741465902	0.549667013920487	1757.2854435037968	-3.245
CTAGCA	CTAGCA	1	1.39	0.00010649627263045793	0.00014788045142624873	0.7505751069309462	2399.588616858235	-3.38
CTAGCC	CTAGCC	1	0.79	0.00010649627263045793	8.431013377928528e-05	0.5469134699545988	1748.4823634448524	-3.243
CTAGCG	CTAGCG	1	0.74	0.00010649627263045793	7.908324099497939e-05	0.524120987720772	1675.614797743308	-3.224
CTAGCT	CTAGCT	2	1.22	0.00021299254526091586	0.00013018671301451052	0.34547244164269264	1104.4753959316884	-3.043
CTAGGA	CTAGGA	1	1.30	0.00010649627263045793	0.00013800114448267518	0.726329580925603	2322.0756702191525	-3.366
CTAGGT	CTAGGT	1	1.08	0.00010649627263045793	0.0001155141599255317	0.6619893792652887	2116.3800455111277	-3.326
CTAGTA	CTAGTA	3	1.73	0.0003194888178913738	0.0001846788191964362	0.25181342592903844	805.0475226951359	-2.906
CTAGTC	CTAGTC	3	0.86	0.0003194888178913738	9.203227751604613e-05	0.057089593505137405	182.5154304359243	-2.261
CTAGTT	CTAGTT	5	1.90	0.0005324813631522897	0.00020181857850055197	0.043682618321058866	139.6533307724252	-2.145
CTATAA	CTATAA	2	5.10	0.00021299254526091586	0.0005427328460513962	0.9626934260433067	3077.7308830604516	-3.488
CTATAC	CTATAC	4	3.00	0.0004259850905218317	0.0003199368730175412	0.35371070741640365	1130.8131316102424	-3.053
CTATAG	CTATAG	2	2.63	0.00021299254526091586	0.00028053806567661924	0.7391602393046994	2363.095285057124	-3.373
CTATAT	CTATAT	8	6.02	0.0008519701810436634	0.0006411584897527214	0.2588443972753716	827.5255380893631	-2.918
CTATCA	CTATCA	2	2.45	0.00021299254526091586	0.00026067015265454917	0.7017989927919406	2243.651379955834	-3.351
CTATCC	CTATCC	2	1.49	0.00021299254526091586	0.00015868492445427203	0.4388393615931769	1402.9694390133866	-3.147
CTATCG	CTATCG	1	1.16	0.00010649627263045793	0.00012332905567741714	0.6859050131132827	2192.838326923165	-3.341
CTATCT	CTATCT	6	2.65	0.0006389776357827476	0.00028203047458878153	0.052665827882282884	168.37265173965838	-2.226
CTATGA	CTATGA	1	2.32	0.00010649627263045793	0.00024676317612188514	0.9014416207652248	2881.908861586424	-3.46
CTATGC	CTATGC	3	1.60	0.0003194888178913738	0.00017051275430320033	0.21692963572036195	693.5240453979972	-2.841
CTATGG	CTATGG	2	1.35	0.00021299254526091586	0.0001438113137620968	0.3909212533640551	1249.775247004884	-3.097
CTATGT	CTATGT	1	2.35	0.00010649627263045793	0.00025026008310250364	0.9046253234117841	2892.087158947474	-3.461
CTATTA	CTATTA	6	3.46	0.0006389776357827476	0.0003689952890981793	0.1377779777710116	440.47619493392415	-2.644
CTATTG	CTATTG	4	2.52	0.0004259850905218317	0.0002686355497204036	0.24724156138864578	790.4312717595005	-2.898
CTATTT	CTATTT	7	6.48	0.0007454739084132055	0.0006902880155070368	0.47060890747555145	1504.536677199338	-3.177
CTCAAA	CTCAAA	7	4.52	0.0007454739084132055	0.0004814691234030609	0.17164868818562923	548.7608561294567	-2.739
CTCAAC	CTCAAC	1	1.66	0.00010649627263045793	0.00017663482232775938	0.8095948258159391	2588.2746581335573	-3.413
CTCAAT	CTCAAT	5	2.81	0.0005324813631522897	0.0002990305017356239	0.15355579596556007	490.9178797018956	-2.691
CTCACA	CTCACA	1	2.07	0.00010649627263045793	0.00022033405230670753	0.8736799800572579	2793.1548962430534	-3.446
CTCACC	CTCACC	1	1.05	0.00010649627263045793	0.0001117108553282797	0.6496998538386431	2077.090432722142	-3.317
CTCACT	CTCACT	2	1.74	0.00021299254526091586	0.00018582713111199846	0.5205741373349901	1664.2755170599635	-3.221
CTCAGA	CTCAGA	5	1.93	0.0005324813631522897	0.00020533985409106162	0.046402507904512585	148.34881777072673	-2.171
CTCAGC	CTCAGC	2	1.13	0.00021299254526091586	0.00012065556797879674	0.313017921599902	1000.7182953548867	-3.0
CTCAGG	CTCAGG	2	1.10	0.00021299254526091586	0.00011688697486426366	0.3000803839500496	959.3569874883086	-2.982
CTCAGT	CTCAGT	1	1.53	0.00010649627263045793	0.0001629946816192422	0.7835769150334173	2505.0953973618352	-3.399
CTCATA	CTCATA	5	3.32	0.0005324813631522897	0.0003538674868269747	0.24157778154242177	772.3241675911224	-2.888
CTCATC	CTCATC	3	1.54	0.0003194888178913738	0.00016355532384705683	0.2001879317165419	640.0008176977844	-2.806
CTCATG	CTCATG	1	1.51	0.00010649627263045793	0.00016090274948315326	0.7792836349136566	2491.36978081896	-3.396
CTCATT	CTCATT	4	3.07	0.0004259850905218317	0.00032643745647297146	0.3673829079287804	1174.523156648311	-3.07
CTCCAA	CTCCAA	2	2.06	0.00021299254526091586	0.00021890272529531045	0.6088070885573971	1946.3562621179985	-3.289
CTCCAG	CTCCAG	2	1.06	0.00021299254526091586	0.00011311829337939282	0.2871018553662099	917.8646316057731	-2.963
CTCCAT	CTCCAT	1	1.76	0.00010649627263045793	0.00018758910865637952	0.828206435653731	2647.7759747849777	-3.423
CTCCCA	CTCCCA	2	1.18	0.00021299254526091586	0.00012601774788756915	0.3313310015450326	1059.2652119394693	-3.025
CTCCCC	CTCCCC	2	0.76	0.00021299254526091586	8.140675017602526e-05	0.17847538322351603	570.5858001655807	-2.756
CTCCCG	CTCCCG	3	0.65	0.0003194888178913738	6.926887716875808e-05	0.028390265552477183	90.76367897126956	-1.958
CTCCCT	CTCCCT	1	1.26	0.00010649627263045793	0.00013420279969206342	0.716392570939528	2290.3070492936713	-3.36
CTCCGA	CTCCGA	1	0.93	0.00010649627263045793	9.903645339603463e-05	0.6054274679372234	1935.551614995303	-3.287
CTCCGG	CTCCGG	2	0.63	0.00021299254526091586	6.734940343740085e-05	0.1326848708851476	424.1935322198169	-2.628
CTCCTA	CTCCTA	1	1.57	0.00010649627263045793	0.00016673742753988197	0.7910508680833286	2528.9896252624017	-3.403
CTCCTC	CTCCTC	4	1.20	0.0004259850905218317	0.0001274628549265879	0.033498632927071045	107.09512946784614	-2.03
CTCCTG	CTCCTG	2	1.16	0.00021299254526091586	0.00012384563833888534	0.32392803753847876	1035.5979360105166	-3.015
CTCGAA	CTCGAA	1	1.76	0.00010649627263045793	0.0001873995076522032	0.8279003099672315	2646.797290965239	-3.423
CTCGAC	CTCGAC	2	0.61	0.00021299254526091586	6.510859027191342e-05	0.12565926574258626	401.73267257904826	-2.604
CTCGAG	CTCGAG	4	0.80	0.0004259850905218317	8.483293178486334e-05	0.00894938824636514	28.61119422362935	-1.457
CTCGAT	CTCGAT	1	1.12	0.00010649627263045793	0.00011924094975745383	0.6736133371921158	2153.541839003194	-3.333
CTCGCA	CTCGCA	1	1.16	0.00010649627263045793	0.00012336204941967174	0.686002308198242	2193.1493793097798	-3.341
CTCGCG	CTCGCG	1	0.62	0.00010649627263045793	6.59713342081318e-05	0.4617708220550719	1476.2813181100648	-3.169
CTCGCT	CTCGCT	1	1.02	0.00010649627263045793	0.00010860191167789474	0.6393228170098066	2043.9150459803518	-3.31
CTCGGA	CTCGGA	2	0.94	0.00021299254526091586	0.00010019117934705391	0.24247398687735305	775.1893360468977	-2.889
CTCGTC	CTCGTC	5	0.69	0.0005324813631522897	7.353920389009146e-05	0.0007395443715471485	2.3643233558362335	-0.374
CTCGTG	CTCGTG	1	0.88	0.00010649627263045793	9.416372919052666e-05	0.5869544564242153	1876.4933971882162	-3.273
CTCGTT	CTCGTT	3	1.51	0.0003194888178913738	0.00016126491698059784	0.19474557946705726	622.6016175561821	-2.794
CTCTAA	CTCTAA	2	2.59	0.00021299254526091586	0.0002759726777213855	0.7309467477303444	2336.8367524939113	-3.369
CTCTAC	CTCTAC	2	1.53	0.00021299254526091586	0.00016268378851737395	0.45136956913285636	1443.0285125177418	-3.159
CTCTAG	CTCTAG	3	1.34	0.0003194888178913738	0.00014265000128667893	0.15207469113560568	486.1827875605313	-2.687
CTCTAT	CTCTAT	4	3.06	0.0004259850905218317	0.00032602085270531386	0.36650705370840164	1171.72305070576	-3.069
CTCTCA	CTCTCA	4	2.06	0.0004259850905218317	0.00021922890224920067	0.1535950653465769	491.0434239130064	-2.691
CTCTCC	CTCTCC	2	1.25	0.00021299254526091586	0.00013345725023497537	0.3564968234582038	1139.7203445958776	-3.057
CTCTCG	CTCTCG	1	0.97	0.00010649627263045793	0.00010372224520626897	0.6224120972704597	1989.8514749736596	-3.299
CTCTCT	CTCTCT	7	2.23	0.0007454739084132055	0.00023719336761527241	0.007948028606689849	25.409847455587446	-1.405
CTCTGA	CTCTGA	3	1.92	0.0003194888178913738	0.00020496756829056184	0.30293716257491027	968.4901087519881	-2.986
CTCTGC	CTCTGC	2	1.33	0.00021299254526091586	0.00014163209098423245	0.3837417169276926	1226.8222690178332	-3.089
CTCTGT	CTCTGT	3	1.95	0.0003194888178913738	0.00020787218530684485	0.31031223141984315	992.0682038492386	-2.997
CTCTTA	CTCTTA	1	2.97	0.00010649627263045793	0.0003163517863264291	0.9487245538328241	3033.0723986035387	-3.482
CTCTTC	CTCTTC	3	2.56	0.0003194888178913738	0.0002727452814529552	0.4717560376879548	1508.2040524883917	-3.178
CTCTTG	CTCTTG	2	2.16	0.00021299254526091586	0.00023031008399194023	0.6362227388907034	2034.0040962335786	-3.308
CTCTTT	CTCTTT	9	5.56	0.0009584664536741214	0.0005918065981792891	0.1105490719294716	353.4253829585207	-2.548
CTGAAA	CTGAAA	3	5.04	0.0003194888178913738	0.0005368558447471893	0.8787652508529743	2809.412506976959	-3.449
CTGAAC	CTGAAC	1	1.85	0.00010649627263045793	0.00019695434690036057	0.8426686703457797	2694.011739095458	-3.43
CTGAAG	CTGAAG	3	2.25	0.0003194888178913738	0.0002401234974788532	0.3919302286102744	1253.0009408670471	-3.098
CTGACA	CTGACA	2	1.51	0.00021299254526091586	0.00016044414094604442	0.44437129572618966	1420.6550324366283	-3.152
CTGACC	CTGACC	1	0.76	0.00010649627263045793	8.13462650455145e-05	0.5341266340977996	1707.6028492106652	-3.232
CTGACG	CTGACG	1	0.72	0.00010649627263045793	7.711293437253337e-05	0.5152347150576767	1647.2053840393924	-3.217
CTGAGA	CTGAGA	1	1.88	0.00010649627263045793	0.00020057502203032918	0.8479277370348182	2710.824975300314	-3.433
CTGAGG	CTGAGG	1	1.07	0.00010649627263045793	0.00011417465772650879	0.6577110570034206	2102.7022492399356	-3.323
CTGAGT	CTGAGT	3	1.50	0.0003194888178913738	0.00015921245294207644	0.18990034854886517	607.111414310722	-2.783
CTGATA	CTGATA	2	2.75	0.00021299254526091586	0.00029297491432332174	0.7604523178191561	2431.166060067842	-3.386
CTGATC	CTGATC	1	1.27	0.00010649627263045793	0.00013541116032127632	0.719592337010553	2300.536701422738	-3.362
CTGATT	CTGATT	1	2.54	0.00010649627263045793	0.0002702649703696982	0.9209589603190977	2944.3057961401555	-3.469
CTGCAA	CTGCAA	3	2.38	0.0003194888178913738	0.00025374057853702245	0.4257449740168125	1361.1066819317496	-3.134
CTGCAC	CTGCAC	4	1.27	0.0004259850905218317	0.0001349916098339197	0.039927962478893984	127.64969604502407	-2.106
CTGCAG	CTGCAG	1	1.23	0.00010649627263045793	0.00013112080339103328	0.7080650699501148	2263.684028630517	-3.355
CTGCAT	CTGCAT	1	2.04	0.00010649627263045793	0.0002174434735497275	0.8702043796273002	2782.043401668479	-3.444
CTGCCG	CTGCCG	1	0.67	0.00010649627263045793	7.086262108957766e-05	0.4859321467528727	1553.5250731689341	-3.191
CTGCGA	CTGCGA	1	1.05	0.00010649627263045793	0.00011168660619839255	0.649620081648497	2076.835401030245	-3.317
CTGCGC	CTGCGC	1	0.85	0.00010649627263045793	9.00834530754316e-05	0.5708220414947547	1824.9180666587308	-3.261
CTGCGG	CTGCGG	1	0.71	0.00010649627263045793	7.595209684387619e-05	0.5099217414796825	1630.219807510545	-3.212
CTGCGT	CTGCGT	2	1.09	0.00021299254526091586	0.00011656791730739519	0.2989830075791955	955.848675230688	-2.98
CTGCTA	CTGCTA	1	1.50	0.00010649627263045793	0.0001597709752933508	0.7769254945140398	2483.830805961385	-3.395
CTGCTC	CTGCTC	1	1.15	0.00010649627263045793	0.00012213733260593056	0.6823704629574262	2181.5383700748916	-3.339
CTGCTG	CTGCTG	1	1.11	0.00010649627263045793	0.00011867124685307061	0.6718626499018958	2147.944891736361	-3.332
CTGCTT	CTGCTT	2	2.33	0.00021299254526091586	0.0002485001742476512	0.6767789554335324	2163.662320521003	-3.335
CTGGAA	CTGGAA	2	2.31	0.00021299254526091586	0.00024585621137881324	0.6711217840486545	2145.5763436035486	-3.332
CTGGAC	CTGGAC	2	0.80	0.00021299254526091586	8.541832117390792e-05	0.19195503516106996	613.6802474099406	-2.788
CTGGAT	CTGGAT	1	1.47	0.00010649627263045793	0.0001564365270531401	0.7698304318865435	2461.1478907412798	-3.391
CTGGCC	CTGGCC	1	0.72	0.00010649627263045793	7.614496383397309e-05	0.5108084803219348	1633.0547115892257	-3.213
CTGGCG	CTGGCG	2	0.67	0.00021299254526091586	7.142427909319267e-05	0.14567778415248972	465.7318759355096	-2.668
CTGGGA	CTGGGA	1	1.08	0.00010649627263045793	0.00011527280313258655	0.6612224634606716	2113.928215683767	-3.325
CTGGGG	CTGGGG	1	0.65	0.00010649627263045793	6.874643062735511e-05	0.4756149223753737	1520.5409068340698	-3.182
CTGGTA	CTGGTA	1	1.46	0.00010649627263045793	0.00015526843512613965	0.7672919477799484	2453.0323570524947	-3.39
CTGGTC	CTGGTC	1	0.73	0.00010649627263045793	7.737599673415521e-05	0.5164306830075819	1651.0288935752392	-3.218
CTGGTG	CTGGTG	1	0.93	0.00010649627263045793	9.907657435633147e-05	0.6055760895452306	1936.026758276102	-3.287
CTGTAA	CTGTAA	1	2.86	0.00010649627263045793	0.0003042700613410442	0.9425646824184716	3013.3792896918535	-3.479
CTGTAC	CTGTAC	3	1.68	0.0003194888178913738	0.00017936488032104555	0.23862141040447046	762.8726490630921	-2.882
CTGTAG	CTGTAG	1	1.48	0.00010649627263045793	0.0001572768905971823	0.7716395557985973	2466.9316598881155	-3.392
CTGTAT	CTGTAT	3	3.38	0.0003194888178913738	0.0003594500211765651	0.6554587869037267	2095.501741731214	-3.321
CTGTCA	CTGTCA	1	1.48	0.00010649627263045793	0.0001575663517134584	0.7722594058232183	2468.913320416829	-3.393
CTGTCC	CTGTCC	1	0.90	0.00010649627263045793	9.591970681553611e-05	0.5937091704976364	1898.0882180809435	-3.278
CTGTCG	CTGTCG	5	0.70	0.0005324813631522897	7.454827169687266e-05	0.0007855765405988815	2.511488200294624	-0.4
CTGTCT	CTGTCT	1	1.60	0.00010649627263045793	0.00017047794885769406	0.798262501644877	2552.0452177586717	-3.407
CTGTGA	CTGTGA	5	1.82	0.0005324813631522897	0.00019414153999724115	0.03809219809132307	121.78075729795985	-2.086
CTGTGC	CTGTGC	3	1.26	0.0003194888178913738	0.0001341513317742493	0.13370551431459995	427.4565292637761	-2.631
CTGTGG	CTGTGG	3	1.06	0.0003194888178913738	0.00011314390729437422	0.09213393903892735	294.55220310745074	-2.469
CTGTGT	CTGTGT	2	1.85	0.00021299254526091586	0.0001968927402253864	0.5515315580997515	1763.2463912449057	-3.246
CTGTTA	CTGTTA	3	2.30	0.0003194888178913738	0.00024506352051304066	0.40426517426485714	1292.4357621247482	-3.111
CTGTTC	CTGTTC	1	1.98	0.00010649627263045793	0.00021128351969289087	0.862475369899894	2757.333757569961	-3.44
CTGTTT	CTGTTT	4	4.30	0.0004259850905218317	0.00045844599171320296	0.6237098937313366	1994.000530259083	-3.3
CTTAAA	CTTAAA	1	5.77	0.00010649627263045793	0.0006140380001783017	0.99686716464943	3186.9843253842278	-3.503
CTTAAC	CTTAAC	1	2.12	0.00010649627263045793	0.00022526988293118338	0.8794009896437315	2811.4449638910096	-3.449
CTTAAG	CTTAAG	2	2.58	0.00021299254526091586	0.0002746453328773346	0.7285177956437214	2329.0713926729773	-3.367
CTTACA	CTTACA	4	2.92	0.0004259850905218317	0.0003113649828054692	0.33568316698236095	1073.179084842608	-3.031
CTTACC	CTTACC	2	1.48	0.00021299254526091586	0.00015786415301823588	0.4362480684352542	1394.6850747875078	-3.144
CTTACG	CTTACG	1	1.41	0.00010649627263045793	0.00014964876463178243	0.7546824781286974	2412.7198825774453	-3.383
CTTACT	CTTACT	3	2.47	0.0003194888178913738	0.000262601540151112	0.4473918817607681	1430.3118459891757	-3.155
CTTAGC	CTTAGC	2	1.45	0.00021299254526091586	0.00015392111210514811	0.4237095884724554	1354.5995543464398	-3.132
CTTAGT	CTTAGT	3	1.95	0.0003194888178913738	0.0002079334015191671	0.3104677280760106	992.5653266590058	-2.997
CTTATA	CTTATA	4	5.84	0.0004259850905218317	0.0006221431293996572	0.8341230212894875	2666.6912990624915	-3.426
CTTATC	CTTATC	1	2.70	0.00010649627263045793	0.0002875506363147057	0.9328012393945966	2982.1655623445254	-3.475
CTTATG	CTTATG	2	2.66	0.00021299254526091586	0.00028288708010466265	0.7433020884721291	2376.336776845397	-3.376
CTTATT	CTTATT	6	5.39	0.0006389776357827476	0.0005739177185912567	0.4519812056694139	1444.9839145251162	-3.16
CTTCAA	CTTCAA	4	4.33	0.0004259850905218317	0.00046105199224489907	0.6280869211984068	2007.9938870713065	-3.303
CTTCAC	CTTCAC	2	2.30	0.00021299254526091586	0.0002452826071774477	0.6698839010233331	2141.618831571596	-3.331
CTTCAG	CTTCAG	1	2.24	0.00010649627263045793	0.00023824927008813862	0.8932387927171237	2855.6844203166443	-3.456
CTTCAT	CTTCAT	7	3.71	0.0007454739084132055	0.0003950993855960068	0.08269147430132581	264.36464334133865	-2.422
CTTCCA	CTTCCA	3	2.35	0.0003194888178913738	0.00025011866833053313	0.4168102610382732	1332.5424045393593	-3.125
CTTCCG	CTTCCG	1	1.29	0.00010649627263045793	0.00013748412112283168	0.7249977218982158	2317.8177169085957	-3.365
CTTCCT	CTTCCT	3	2.50	0.0003194888178913738	0.000266364270968846	0.4564845370570439	1459.3810649713694	-3.164
CTTCGA	CTTCGA	4	1.69	0.0004259850905218317	0.00017954010704575765	0.09108893274479972	291.2113179851247	-2.464
CTTCGG	CTTCGG	1	1.15	0.00010649627263045793	0.00012209563941334564	0.6822460869414511	2181.140739951819	-3.339
CTTCGT	CTTCGT	2	1.76	0.00021299254526091586	0.00018738698456191406	0.5250240779713128	1678.501977274287	-3.225
CTTCTA	CTTCTA	4	3.35	0.0004259850905218317	0.00035678509342426993	0.43072768001281697	1377.0363930009757	-3.139
CTTCTC	CTTCTC	1	2.56	0.00010649627263045793	0.0002727452814529552	0.9227785640573671	2950.1230692914028	-3.47
CTTCTG	CTTCTG	1	2.49	0.00010649627263045793	0.0002650051538929892	0.9169571380178222	2931.5119702429774	-3.467
CTTCTT	CTTCTT	5	5.21	0.0005324813631522897	0.000554926561111037	0.5956781710674967	1904.3831129027867	-3.28
CTTGAA	CTTGAA	6	4.20	0.0006389776357827476	0.00044678417383640294	0.24609042448446494	786.7510870768344	-2.896
CTTGAC	CTTGAC	2	1.46	0.00021299254526091586	0.00015522712988273802	0.4278788474419671	1367.9286752719688	-3.136
CTTGAG	CTTGAG	3	1.90	0.0003194888178913738	0.0002022524595526841	0.2960503367313572	946.472926530149	-2.976
CTTGAT	CTTGAT	1	2.67	0.00010649627263045793	0.0002842855346435896	0.9307090636751639	2975.476876569499	-3.474
CTTGCA	CTTGCA	1	2.37	0.00010649627263045793	0.0002519669032692466	0.9061417132186745	2896.9350571601026	-3.462
CTTGCC	CTTGCC	1	1.35	0.00010649627263045793	0.00014365227531900628	0.7404730855659378	2367.2924545543033	-3.374
CTTGCG	CTTGCG	1	1.27	0.00010649627263045793	0.00013474640590976426	0.7178365458998219	2294.923437241731	-3.361
CTTGCT	CTTGCT	5	2.08	0.0005324813631522897	0.0002218193318230963	0.06044078840137275	193.22920051918868	-2.286
CTTGGA	CTTGGA	1	1.92	0.00010649627263045793	0.000204707074869307	0.8537151357173635	2729.327288888411	-3.436
CTTGGC	CTTGGC	1	1.28	0.00010649627263045793	0.00013625568842329786	0.721807209404493	2307.617648466164	-3.363
CTTGGG	CTTGGG	1	1.15	0.00010649627263045793	0.00012208326976524567	0.6822091773645742	2181.022740034544	-3.339
CTTGGT	CTTGGT	2	1.61	0.00021299254526091586	0.00017135050490330926	0.47796540795429754	1528.0554092298892	-3.184
CTTGTA	CTTGTA	2	3.21	0.00021299254526091586	0.000341868014045545	0.8301168779531848	2653.8836588163317	-3.424
CTTGTC	CTTGTC	3	1.60	0.0003194888178913738	0.00017036545977172009	0.21657216793563203	692.3812208902156	-2.84
CTTGTG	CTTGTG	2	2.05	0.00021299254526091586	0.00021814550836503298	0.6069325082733487	1940.3632289498958	-3.288
CTTGTT	CTTGTT	7	3.51	0.0007454739084132055	0.0003735962625800139	0.06591198920622542	210.72062949230266	-2.324
CTTTAA	CTTTAA	6	5.89	0.0006389776357827476	0.0006270771862331309	0.5362086153717186	1714.2589433433843	-3.234
CTTTAC	CTTTAC	4	3.47	0.0004259850905218317	0.0003696572182127839	0.4571143991253671	1461.3947340037987	-3.165
CTTTAT	CTTTAT	5	6.96	0.0005324813631522897	0.0007407988379710964	0.8229658589304627	2631.0218510006894	-3.42
CTTTCA	CTTTCA	5	5.28	0.0005324813631522897	0.0005618095698614589	0.6064312180931213	1938.7606042437087	-3.288
CTTTCC	CTTTCC	2	3.21	0.00021299254526091586	0.00034200581939773856	0.8302844169514949	2654.419280993929	-3.424
CTTTCG	CTTTCG	1	2.50	0.00010649627263045793	0.00026580505292208206	0.9175785406475889	2933.498594450342	-3.467
CTTTCT	CTTTCT	7	5.71	0.0007454739084132055	0.000607846422012602	0.34685752269794173	1108.9035000653198	-3.045
CTTTGA	CTTTGA	1	4.29	0.00010649627263045793	0.00045649403357380866	0.9862467342675849	3153.030809453469	-3.499
CTTTGC	CTTTGC	1	2.96	0.00010649627263045793	0.00031543626650842237	0.9482818524445944	3031.6570822653684	-3.482
CTTTGG	CTTTGG	1	2.50	0.00010649627263045793	0.00026604053215939223	0.9177605855221597	2934.0805919143445	-3.467
CTTTGT	CTTTGT	4	4.35	0.0004259850905218317	0.00046296305864352357	0.6312759272647646	2018.1891394654524	-3.305
CTTTTA	CTTTTA	6	8.12	0.0006389776357827476	0.0008645814335176416	0.8193723785723114	2619.5334942956792	-3.418
CTTTTC	CTTTTC	9	7.00	0.0009584664536741214	0.0007454059582279274	0.27082554844137346	865.829278367071	-2.937
CTTTTG	CTTTTG	3	5.91	0.0003194888178913738	0.000629431636481595	0.9339102160586131	2985.7109607393863	-3.475
CTTTTT	CTTTTT	17	15.19	0.001810436634717785	0.001617392469821823	0.35397065137176875	1131.6441724355448	-3.054
GAAAAA	GAAAAA	21	14.69	0.0022364217252396168	0.0015644410335518694	0.07067793402464709	225.95735507679674	-2.354
GAAAAC	GAAAAC	4	5.39	0.0004259850905218317	0.000573940779526079	0.7854381256585015	2511.045687730229	-3.4
GAAAAG	GAAAAG	12	6.57	0.0012779552715654952	0.000699739150186226	0.0362620580086684	115.92979945371287	-2.064
GAAAAT	GAAAAT	3	9.12	0.0003194888178913738	0.0009716419277154418	0.9943573032272945	3178.960298417661	-3.502
GAAACA	GAAACA	1	4.64	0.00010649627263045793	0.0004937003252289035	0.9903021013784871	3165.9958181070233	-3.501
GAAACC	GAAACC	2	2.35	0.00021299254526091586	0.0002503094053314959	0.6806041344381579	2175.891417798791	-3.338
GAAACG	GAAACG	3	2.23	0.0003194888178913738	0.0002372830852818587	0.38480790084883987	1230.230859013741	-3.09
GAAACT	GAAACT	1	3.91	0.00010649627263045793	0.00041638100922612064	0.97995584475358	3132.918835677195	-3.496
GAAAGA	GAAAGA	5	5.42	0.0005324813631522897	0.0005775097296649473	0.6303294766657219	2015.163336900313	-3.304
GAAAGC	GAAAGC	1	3.19	0.00010649627263045793	0.0003393387258135717	0.9586792562605257	3064.897582264901	-3.486
GAAAGG	GAAAGG	2	3.09	0.00021299254526091586	0.0003287397156972695	0.813455885737582	2600.6184667030498	-3.415
GAAAGT	GAAAGT	1	4.30	0.00010649627263045793	0.0004584157076346642	0.9864926796815597	3153.8170969419466	-3.499
GAAATA	GAAATA	8	7.83	0.0008519701810436634	0.0008333395931280469	0.5223647927669525	1670.000242475947	-3.223
GAAATC	GAAATC	2	3.62	0.00021299254526091586	0.00038516431179017995	0.8759430152013616	2800.389819598753	-3.447
GAAATG	GAAATG	3	3.56	0.0003194888178913738	0.0003789176366266088	0.6897538375046821	2205.1430185024687	-3.343
GAAATT	GAAATT	3	7.22	0.0003194888178913738	0.0007687432931411204	0.9748821041086727	3116.6980868354267	-3.494
GAACAA	GAACAA	2	3.89	0.00021299254526091586	0.00041376136500956333	0.8996413548348605	2876.153411407049	-3.459
GAACAC	GAACAC	5	2.07	0.0005324813631522897	0.00022012369118001163	0.058896714862644785	188.29279741587538	-2.275
GAACAG	GAACAG	2	2.01	0.00021299254526091586	0.0002138117714755217	0.5960722886490128	1905.643106810894	-3.28
GAACAT	GAACAT	1	3.33	0.00010649627263045793	0.00035457359223774665	0.9641870611726124	3082.506034568842	-3.489
GAACCA	GAACCA	2	1.76	0.00021299254526091586	0.00018694572258210723	0.523768087552092	1674.4865759040383	-3.224
GAACCC	GAACCC	1	1.13	0.00010649627263045793	0.00012076587615496778	0.6782535857516092	2168.3767136478946	-3.336
GAACCT	GAACCT	2	1.87	0.00021299254526091586	0.0001990881425952656	0.5575029963801194	1782.3370794272416	-3.251
GAACGA	GAACGA	1	1.54	0.00010649627263045793	0.00016367817732549028	0.7849614759088579	2509.5218384806185	-3.4
GAACGC	GAACGC	1	1.24	0.00010649627263045793	0.00013201847480602533	0.7105154868107741	2271.518011334045	-3.356
GAACGG	GAACGG	1	1.05	0.00010649627263045793	0.00011130878803293505	0.6483748268095756	2072.854321310213	-3.317
GAACGT	GAACGT	3	1.60	0.0003194888178913738	0.00017083180238829318	0.21770435244130718	696.000814754859	-2.843
GAACTA	GAACTA	1	2.34	0.00010649627263045793	0.00024959133406635885	0.904024528645255	2890.1664180788803	-3.461
GAACTC	GAACTC	1	1.79	0.00010649627263045793	0.00019080073666978176	0.8333099063705525	2664.0917706666564	-3.426
GAACTG	GAACTG	2	1.74	0.00021299254526091586	0.0001853860800623701	0.5193108416435676	1660.2367607344854	-3.22
GAACTT	GAACTT	5	3.65	0.0005324813631522897	0.0003882024872935425	0.30222973757621957	966.228471031174	-2.985
GAAGAA	GAAGAA	4	5.42	0.0004259850905218317	0.0005772284566619938	0.7890897062679559	2522.719790938655	-3.402
GAAGAC	GAAGAC	4	1.88	0.0004259850905218317	0.00020054765110613058	0.12242958313755434	391.4073772907612	-2.593
GAAGAG	GAAGAG	3	2.45	0.0003194888178913738	0.0002613026197441731	0.44423872873318815	1420.2312157600024	-3.152
GAAGCA	GAAGCA	2	2.60	0.00021299254526091586	0.00027681591265592807	0.7324801857032568	2341.739153693312	-3.37
GAAGCC	GAAGCC	1	1.48	0.00010649627263045793	0.0001578192817452658	0.7727996508962318	2470.6404839152533	-3.393
GAAGCG	GAAGCG	2	1.39	0.00021299254526091586	0.00014803511431483356	0.40472723678655737	1293.912976006624	-3.112
GAAGCT	GAAGCT	4	2.29	0.0004259850905218317	0.00024369518371912698	0.1982780527412567	633.8949346137977	-2.802
GAAGGA	GAAGGA	2	2.43	0.00021299254526091586	0.0002583229384891753	0.6971023924014937	2228.6363485075753	-3.348
GAAGGC	GAAGGC	1	1.61	0.00010649627263045793	0.00017194310378302048	0.8010189618592639	2560.8576210640667	-3.408
GAAGGG	GAAGGG	4	1.45	0.0004259850905218317	0.00015405871539251557	0.05912148817519439	189.01139769609645	-2.276
GAAGGT	GAAGGT	1	2.03	0.00010649627263045793	0.00021622978085386835	0.868716693017449	2777.2872675767844	-3.444
GAAGTA	GAAGTA	1	3.25	0.00010649627263045793	0.00034569840293986596	0.9610745890410423	3072.555461164212	-3.487
GAAGTG	GAAGTG	3	2.07	0.0003194888178913738	0.0002205896742368245	0.3426243786120413	1095.370138422696	-3.04
GAAGTT	GAAGTT	8	3.55	0.0008519701810436634	0.000377782144020667	0.028608711594790802	91.4620509685462	-1.961
GAATAA	GAATAA	4	5.80	0.0004259850905218317	0.0006172525098524912	0.829643030082384	2652.368767173382	-3.424
GAATAC	GAATAC	3	3.42	0.0003194888178913738	0.00036386564642474934	0.6634701211081024	2121.1139771826033	-3.327
GAATAG	GAATAG	2	3.00	0.00021299254526091586	0.0003190572054149419	0.8002455709587898	2558.385090355251	-3.408
GAATAT	GAATAT	3	6.85	0.0003194888178913738	0.0007291924376650354	0.9667553841999953	3090.716963287385	-3.49
GAATCA	GAATCA	3	2.78	0.0003194888178913738	0.0002964613384656202	0.5266690139442637	1683.760837579811	-3.226
GAATCC	GAATCC	2	1.69	0.00021299254526091586	0.00018047307917287304	0.5050887261759357	1614.7686575844664	-3.208
GAATCG	GAATCG	1	1.32	0.00010649627263045793	0.00014026269039816775	0.7320799497228265	2340.4595992638765	-3.369
GAATCT	GAATCT	1	3.01	0.00010649627263045793	0.00032075452879136944	0.9508011497840254	3039.7112758595295	-3.483
GAATGA	GAATGA	1	2.64	0.00010649627263045793	0.0002806448714290302	0.9282993411701967	2967.772993721119	-3.472
GAATGC	GAATGC	1	1.82	0.00010649627263045793	0.00019392492332322272	0.83812891465296	2679.4981401455134	-3.428
GAATGG	GAATGG	2	1.54	0.00021299254526091586	0.0001635572547537173	0.45408523254166655	1451.710488435708	-3.162
GAATGT	GAATGT	3	2.67	0.0003194888178913738	0.0002846219194853829	0.4996397855087121	1597.3483942713526	-3.203
GAATTA	GAATTA	1	3.94	0.00010649627263045793	0.00041966000395345115	0.9805635952349518	3134.861813966141	-3.496
GAATTC	GAATTC	1	3.40	0.00010649627263045793	0.0003618133067051053	0.9665407483759748	3090.0307725579914	-3.49
GAATTG	GAATTG	3	2.87	0.0003194888178913738	0.00030552042041844695	0.5467917790718801	1748.0933176928008	-3.243
GAATTT	GAATTT	8	7.37	0.0008519701810436634	0.0007850676685458324	0.4565061098171796	1459.4500330855233	-3.164
GACAAA	GACAAA	5	3.68	0.0005324813631522897	0.00039184282402972054	0.3088076680645201	987.2581148022707	-2.994
GACAAC	GACAAC	2	1.35	0.00021299254526091586	0.0001437539485682773	0.39073274228343774	1249.1725770801504	-3.097
GACAAG	GACAAG	3	1.65	0.0003194888178913738	0.00017526244761722863	0.22851993568080134	730.5782343715218	-2.864
GACAAT	GACAAT	1	2.29	0.00010649627263045793	0.00024336546327815114	0.8982464636704536	2871.69394435444	-3.458
GACACA	GACACA	3	1.68	0.0003194888178913738	0.00017931849227535235	0.23850676004001228	762.5061118479192	-2.882
GACAGA	GACAGA	2	1.57	0.00021299254526091586	0.0001671154896583776	0.46506725914002806	1486.8200274706696	-3.172
GACAGG	GACAGG	1	0.89	0.00010649627263045793	9.512826492252859e-05	0.5906785161545803	1888.3992161461933	-3.276
GACAGT	GACAGT	1	1.25	0.00010649627263045793	0.00013265294334158543	0.7122350097329415	2277.015326116214	-3.357
GACATA	GACATA	2	2.70	0.00021299254526091586	0.0002879944499670489	0.7521129915693647	2404.505234047259	-3.381
GACATC	GACATC	4	1.25	0.0004259850905218317	0.00013310922106146177	0.038259316987512317	122.31503640907688	-2.087
GACATT	GACATT	7	2.49	0.0007454739084132055	0.00026567056659699173	0.014038865149517408	44.88225188300716	-1.652
GACCAC	GACCAC	3	0.74	0.0003194888178913738	7.893704561139741e-05	0.03934738619522659	125.7935936661394	-2.1
GACCAG	GACCAG	1	0.72	0.00010649627263045793	7.667357142132778e-05	0.513230627410574	1640.7983158316051	-3.215
GACCAT	GACCAT	2	1.19	0.00021299254526091586	0.00012715120154958398	0.3351848916202557	1071.5860985099575	-3.03
GACCCA	GACCCA	2	0.80	0.00021299254526091586	8.541704886411082e-05	0.19195073844771046	613.6665108173304	-2.788
GACCGG	GACCGG	1	0.43	0.00010649627263045793	4.565061176552464e-05	0.34861814666878144	1114.5322149000942	-3.047
GACCGT	GACCGT	1	0.66	0.00010649627263045793	7.00625388691258e-05	0.48205552831140924	1541.1315240115753	-3.188
GACCTA	GACCTA	1	1.06	0.00010649627263045793	0.00011301756486202957	0.6539717756738839	2090.747766829407	-3.32
GACCTC	GACCTC	1	0.81	0.00010649627263045793	8.639656786548088e-05	0.5557037779630689	1776.5849781479312	-3.25
GACCTT	GACCTT	1	1.65	0.00010649627263045793	0.0001757821438449239	0.8080641986245295	2583.381243002621	-3.412
GACGAG	GACGAG	2	0.66	0.00021299254526091586	7.01353874381958e-05	0.14153959952239184	452.5020996730867	-2.656
GACGCC	GACGCC	1	0.55	0.00010649627263045793	5.814646414624833e-05	0.4207350451148553	1345.0899392321924	-3.129
GACGCG	GACGCG	1	0.51	0.00010649627263045793	5.4541614761540073e-05	0.40079156070694494	1281.330619580103	-3.108
GACGGA	GACGGA	1	0.78	0.00010649627263045793	8.283277535681263e-05	0.5405842753294969	1728.2479282284016	-3.238
GACGGG	GACGGG	1	0.46	0.00010649627263045793	4.939983664827389e-05	0.3711512209980717	1186.5704535308353	-3.074
GACGTA	GACGTA	1	1.15	0.00010649627263045793	0.00012200245438431493	0.6819679282312444	2180.2514665552885	-3.339
GACTAA	GACTAA	4	1.64	0.0004259850905218317	0.00017507829655594588	0.08499172880687393	271.71855699557597	-2.434
GACTAC	GACTAC	2	0.97	0.00021299254526091586	0.0001032073203987411	0.2528816348642663	808.4625866610594	-2.908
GACTAT	GACTAT	1	1.94	0.00010649627263045793	0.00020682908179406396	0.8566011080804496	2738.5537425331977	-3.438
GACTCA	GACTCA	6	1.31	0.0006389776357827476	0.00013907979253065638	0.002281283502797642	7.293263358444061	-0.863
GACTCC	GACTCC	1	0.80	0.00010649627263045793	8.466587427096392e-05	0.5484244366331189	1753.3129239160812	-3.244
GACTCT	GACTCT	1	1.41	0.00010649627263045793	0.00015047652941344817	0.7565818691314017	2418.792235613091	-3.384
GACTGA	GACTGA	1	1.22	0.00010649627263045793	0.00013003233871490343	0.7050659952946354	2254.0959869569497	-3.353
GACTGC	GACTGC	1	0.84	0.00010649627263045793	8.985202967161204e-05	0.5698883954977111	1821.9332004061823	-3.261
GACTGG	GACTGG	2	0.71	0.00021299254526091586	7.57816533083995e-05	0.1598435230686109	511.01974325034905	-2.708
GACTGT	GACTGT	3	1.24	0.0003194888178913738	0.00013187504069379877	0.12892422264028588	412.170739780994	-2.615
GACTTA	GACTTA	3	1.88	0.0003194888178913738	0.00020069498299530328	0.292103873543191	933.8560837175817	-2.97
GACTTC	GACTTC	1	1.62	0.00010649627263045793	0.0001730308219810958	0.8030409457713847	2567.321903631117	-3.409
GACTTT	GACTTT	3	3.53	0.0003194888178913738	0.0003754447431365052	0.6838299816226938	2186.2044512477523	-3.34
GAGAAA	GAGAAA	4	5.49	0.0004259850905218317	0.0005842070440014551	0.7966754857171806	2546.971527837826	-3.406
GAGAAC	GAGAAC	3	2.01	0.0003194888178913738	0.00021432590877366842	0.3267124118823957	1044.499580788019	-3.019
GAGAAG	GAGAAG	4	2.45	0.0004259850905218317	0.0002613026197441731	0.23255954421550026	743.4928628569544	-2.871
GAGAAT	GAGAAT	2	3.41	0.00021299254526091586	0.0003628388966056182	0.8539563990366936	2730.0986077203097	-3.436
GAGACA	GAGACA	1	1.64	0.00010649627263045793	0.00017459546771551128	0.8059135191845195	2576.5055208329086	-3.411
GAGACC	GAGACC	1	0.83	0.00010649627263045793	8.852108346734679e-05	0.5644793093689746	1804.640352052612	-3.256
GAGACT	GAGACT	1	1.38	0.00010649627263045793	0.00014725175038113396	0.7490982714107395	2394.867173700134	-3.379
GAGAGC	GAGAGC	1	1.20	0.00010649627263045793	0.00012825079661974787	0.7000906390848842	2238.189773154375	-3.35
GAGAGT	GAGAGT	2	1.63	0.00021299254526091586	0.00017325514365092179	0.48370365936671933	1546.4005989954017	-3.189
GAGATA	GAGATA	4	2.99	0.0004259850905218317	0.00031881558213081823	0.35135179290150376	1123.2716819061075	-3.05
GAGATT	GAGATT	1	2.76	0.00010649627263045793	0.000294102599388062	0.9368108966633482	2994.9844366327243	-3.476
GAGCAA	GAGCAA	3	2.20	0.0003194888178913738	0.00023479920946393654	0.3785635623584033	1210.2677088598155	-3.083
GAGCAC	GAGCAC	1	1.17	0.00010649627263045793	0.00012491468040317353	0.6905469358694261	2207.678553974555	-3.344
GAGCAT	GAGCAT	2	1.89	0.00021299254526091586	0.00020121163113498246	0.5632246256418233	1800.629128176909	-3.255
GAGCCC	GAGCCC	1	0.72	0.00010649627263045793	7.706304876574682e-05	0.5150075852755525	1646.4792501259412	-3.217
GAGCCG	GAGCCG	1	0.62	0.00010649627263045793	6.557282839152842e-05	0.45975301188606216	1469.8303789997408	-3.167
GAGCGA	GAGCGA	2	0.97	0.00021299254526091586	0.0001033493617547905	0.2533720722147443	810.0305148705374	-2.909
GAGCTA	GAGCTA	1	1.39	0.00010649627263045793	0.00014784430188680814	0.7504904267325204	2399.317894263868	-3.38
GAGCTT	GAGCTT	2	2.16	0.00021299254526091586	0.00022994999381419664	0.6353808792463888	2031.3126709507048	-3.308
GAGGAG	GAGGAG	1	1.11	0.00010649627263045793	0.0001182950267027354	0.670701386725109	2144.2323333601735	-3.331
GAGGAT	GAGGAT	2	1.56	0.00021299254526091586	0.00016627518392726783	0.46248557048458633	1478.5663688392224	-3.17
GAGGCC	GAGGCC	1	0.76	0.00010649627263045793	8.093389763330783e-05	0.5323192148383082	1701.8245298380714	-3.231
GAGGCT	GAGGCT	4	1.17	0.0004259850905218317	0.00012497332920757405	0.03151585499153955	100.75618840795194	-2.003
GAGGGA	GAGGGA	1	1.15	0.00010649627263045793	0.0001225225777108418	0.6835173966745047	2185.2051171683916	-3.339
GAGGGC	GAGGGC	1	0.77	0.00010649627263045793	8.155261943948997e-05	0.5350284678895881	1710.4860118430133	-3.233
GAGGGG	GAGGGG	1	0.69	0.00010649627263045793	7.307005347302092e-05	0.49647796398538535	1587.240050861277	-3.201
GAGGTA	GAGGTA	3	1.55	0.0003194888178913738	0.00016503362798336746	0.20371957525014925	651.2914820747271	-2.814
GAGGTC	GAGGTC	2	0.77	0.00021299254526091586	8.224235305452011e-05	0.18127133951507546	579.5244724296963	-2.763
GAGGTT	GAGGTT	1	1.69	0.00010649627263045793	0.0001803501470786687	0.8161229370963042	2609.145029896885	-3.416
GAGTAA	GAGTAA	4	2.43	0.0004259850905218317	0.0002591536186611758	0.22829777156895317	729.8679757059433	-2.863
GAGTAC	GAGTAC	1	1.43	0.00010649627263045793	0.000152769081489837	0.7617659476214577	2435.3657345458	-3.387
GAGTAG	GAGTAG	1	1.26	0.00010649627263045793	0.000133956246468668	0.7157352208867642	2288.2055011749853	-3.359
GAGTAT	GAGTAT	3	2.87	0.0003194888178913738	0.00030615162499123395	0.5481750495023598	1752.5156332590445	-3.244
GAGTCA	GAGTCA	5	1.26	0.0005324813631522897	0.0001342027869774974	0.00942383531255977	30.128001494253585	-1.479
GAGTCC	GAGTCC	1	0.77	0.00010649627263045793	8.169696030101006e-05	0.535658245141954	1712.499409718827	-3.234
GAGTCG	GAGTCG	1	0.60	0.00010649627263045793	6.349443086852577e-05	0.44910591187009036	1435.7916002486788	-3.157
GAGTGA	GAGTGA	2	1.55	0.00021299254526091586	0.00016535469313343017	0.4596491121526874	1469.4982115521416	-3.167
GAGTGC	GAGTGC	1	1.07	0.00010649627263045793	0.00011425969063234585	0.6579842516038433	2103.575652377487	-3.323
GAGTGG	GAGTGG	2	0.90	0.00021299254526091586	9.636719720490713e-05	0.2293066980744778	733.0935137441055	-2.865
GAGTGT	GAGTGT	1	1.57	0.00010649627263045793	0.00016769795192018983	0.7929269746645713	2534.987538002634	-3.404
GAGTTA	GAGTTA	1	1.96	0.00010649627263045793	0.0002087260832133494	0.8591328345102097	2746.6476719291404	-3.439
GAGTTC	GAGTTC	1	1.69	0.00010649627263045793	0.0001799549007567652	0.8154392346261341	2606.9592330997507	-3.416
GAGTTT	GAGTTT	2	3.67	0.00021299254526091586	0.0003904687079285818	0.8806973325857196	2815.5893722765454	-3.45
GATAAA	GATAAA	3	5.94	0.0003194888178913738	0.0006323722401724203	0.9352058976129989	2989.8532546687575	-3.476
GATAAC	GATAAC	1	2.18	0.00010649627263045793	0.00023199609872875295	0.886782368162803	2835.043231016481	-3.453
GATAAG	GATAAG	3	2.66	0.0003194888178913738	0.00028284582445078037	0.495517098453594	1584.16816375614	-3.2
GATAAT	GATAAT	4	3.69	0.0004259850905218317	0.00039275330248776105	0.5033295569677657	1609.144593625947	-3.207
GATACA	GATACA	3	3.01	0.0003194888178913738	0.00032066186723096475	0.5792731884892962	1851.93638360028	-3.268
GATACC	GATACC	1	1.53	0.00010649627263045793	0.0001625777363258881	0.7827279326368051	2502.3812006398657	-3.398
GATACG	GATACG	1	1.45	0.00010649627263045793	0.00015411704894771364	0.7647623712610361	2444.945300921532	-3.388
GATAGA	GATAGA	4	2.53	0.0004259850905218317	0.00026977495060606703	0.2495409456657229	797.7824032933162	-2.902
GATAGC	GATAGC	1	1.49	0.00010649627263045793	0.00015851696221324887	0.7742832253580249	2475.3834714696054	-3.394
GATAGG	GATAGG	1	1.44	0.00010649627263045793	0.00015356579466797214	0.7635415590666983	2441.0423643362346	-3.388
GATAGT	GATAGT	6	2.01	0.0006389776357827476	0.00021414197637143818	0.016956287822057724	54.20925216711854	-1.734
GATATA	GATATA	9	6.02	0.0009584664536741214	0.000640719376214664	0.1544558752279408	493.79543310372674	-2.694
GATATC	GATATC	4	2.78	0.0004259850905218317	0.00029613646060428465	0.3037764381880608	971.1732728872305	-2.987
GATATG	GATATG	3	2.74	0.0003194888178913738	0.00029133365770469443	0.5150612036712747	1646.6506681370654	-3.217
GATATT	GATATT	9	5.55	0.0009584664536741214	0.000591054028048446	0.10993477597728765	351.4614787993886	-2.546
GATCAA	GATCAA	2	2.39	0.00021299254526091586	0.0002545449704270785	0.6894141913937775	2204.0571698859067	-3.343
GATCAC	GATCAC	1	1.27	0.00010649627263045793	0.00013541955146155406	0.7196144302470772	2300.6073334999055	-3.362
GATCAT	GATCAT	2	2.05	0.00021299254526091586	0.00021813279871670506	0.6069009857206054	1940.2624513487754	-3.288
GATCCA	GATCCA	1	1.30	0.00010649627263045793	0.00013808952158184758	0.7265565951145013	2322.8014345810607	-3.366
GATCCT	GATCCT	1	1.38	0.00010649627263045793	0.0001470586541584245	0.7486429303560929	2393.411448348429	-3.379
GATCGC	GATCGC	1	0.75	0.00010649627263045793	7.995028714579957e-05	0.5279796577316256	1687.9509657680069	-3.227
GATCGG	GATCGG	2	0.63	0.00021299254526091586	6.740851671070752e-05	0.13287140891627758	424.78989430533943	-2.628
GATCTA	GATCTA	1	1.85	0.00010649627263045793	0.0001969796304583868	0.8427060183537474	2694.1311406769305	-3.43
GATCTC	GATCTC	1	1.41	0.00010649627263045793	0.00015058158465713862	0.7568218751091678	2419.559534724009	-3.384
GATCTG	GATCTG	1	1.37	0.00010649627263045793	0.00014630829102866896	0.7468656371476781	2387.7294419611267	-3.378
GATCTT	GATCTT	1	2.88	0.00010649627263045793	0.0003063727463781978	0.9436875757333744	3016.969179619598	-3.48
GATGAA	GATGAA	3	2.70	0.0003194888178913738	0.0002873792919636356	0.5060059209900138	1617.7009294050742	-3.209
GATGAC	GATGAC	3	0.94	0.0003194888178913738	9.984476911123282e-05	0.0691790756868834	221.16550497096625	-2.345
GATGAG	GATGAG	1	1.22	0.00010649627263045793	0.0001300922727971043	0.7052319318607803	2254.6264861589143	-3.353
GATGAT	GATGAT	2	1.72	0.00021299254526091586	0.00018285736256023544	0.5120249634080912	1636.9438080156676	-3.214
GATGCA	GATGCA	4	1.52	0.0004259850905218317	0.0001620694610510086	0.06841247246992882	218.71467448636244	-2.34
GATGCC	GATGCC	1	0.87	0.00010649627263045793	9.239962287754977e-05	0.5800553906156518	1854.4370837982387	-3.268
GATGCG	GATGCG	1	0.81	0.00010649627263045793	8.667121396106536e-05	0.5568481092063872	1780.2434051328198	-3.25
GATGCT	GATGCT	3	1.34	0.0003194888178913738	0.00014267802275939583	0.15213653536309021	486.3805035557994	-2.687
GATGGA	GATGGA	1	1.24	0.00010649627263045793	0.0001316711237346321	0.7095697549600827	2268.494506607384	-3.356
GATGGG	GATGGG	1	0.74	0.00010649627263045793	7.852606623122791e-05	0.5216247257355551	1667.6342481765696	-3.222
GATGGT	GATGGT	3	1.03	0.0003194888178913738	0.00011021560220876453	0.0868362613634232	277.615527578864	-2.443
GATGTA	GATGTA	3	2.06	0.0003194888178913738	0.00021989540716676591	0.34086183132280495	1089.7352747390075	-3.037
GATGTT	GATGTT	1	2.26	0.00010649627263045793	0.00024030356424356662	0.8952784617426524	2862.2052421912595	-3.457
GATTAC	GATTAC	3	1.76	0.0003194888178913738	0.00018772691844570408	0.25942753758023246	829.3898376440031	-2.919
GATTAT	GATTAT	2	3.53	0.00021299254526091586	0.0003762076761623559	0.8675164168064091	2773.4499845300898	-3.443
GATTCA	GATTCA	1	2.68	0.00010649627263045793	0.0002853096709792608	0.931372215919428	2977.596974294411	-3.474
GATTCT	GATTCT	1	2.90	0.00010649627263045793	0.00030868905047862124	0.9448991526200055	3020.8425909261573	-3.48
GATTGA	GATTGA	3	2.18	0.0003194888178913738	0.0002318261729771823	0.37107181805631423	1186.3166023260367	-3.074
GATTGC	GATTGC	1	1.50	0.00010649627263045793	0.00016019132147328404	0.7778042455031838	2486.6401728736787	-3.396
GATTGG	GATTGG	1	1.27	0.00010649627263045793	0.00013510616545079748	0.7187881259492142	2297.9656386596375	-3.361
GATTGT	GATTGT	2	2.21	0.00021299254526091586	0.00023511140611169815	0.6473020128515781	2069.424535086495	-3.316
GATTTA	GATTTA	5	4.12	0.0005324813631522897	0.0004390694953674874	0.3951514707888023	1263.299252111801	-3.102
GATTTC	GATTTC	2	3.55	0.00021299254526091586	0.0003785473585657057	0.8697670923966931	2780.645394392228	-3.444
GATTTG	GATTTG	2	3.00	0.00021299254526091586	0.00031965089728319565	0.8010789278632862	2561.049332378926	-3.408
GATTTT	GATTTT	3	7.71	0.0003194888178913738	0.0008213774527247601	0.9828064840949423	3142.0323296515307	-3.497
GCAAAA	GCAAAA	11	6.71	0.0011714589989350373	0.0007145638281538904	0.07920286256563179	253.21155162232483	-2.403
GCAAAC	GCAAAC	2	2.46	0.00021299254526091586	0.000262149427019734	0.7047276376072826	2253.0142574304828	-3.353
GCAAAG	GCAAAG	3	3.00	0.0003194888178913738	0.0003196082659191142	0.5770611609880919	1844.8645316789298	-3.266
GCAAAT	GCAAAT	4	4.17	0.0004259850905218317	0.00044380079566619943	0.5985115668756409	1913.441479301424	-3.282
GCAACA	GCAACA	2	2.12	0.00021299254526091586	0.00022549932326656113	0.6248490976830692	1997.6425652927721	-3.301
GCAACC	GCAACC	2	1.07	0.00021299254526091586	0.00011432968265381882	0.2912772320193841	931.213310765971	-2.969
GCAACT	GCAACT	3	1.79	0.0003194888178913738	0.00019018345948628712	0.26558552036064487	849.0769085929817	-2.929
GCAAGC	GCAAGC	2	1.46	0.00021299254526091586	0.00015499413129537408	0.42713620298202915	1365.554440933547	-3.135
GCAAGG	GCAAGG	1	1.41	0.00010649627263045793	0.00015015299693433548	0.7558412477343414	2416.4244690066894	-3.383
GCAAGT	GCAAGT	1	1.97	0.00010649627263045793	0.00020938295270202633	0.859999029726525	2749.4168980357003	-3.439
GCAATA	GCAATA	2	3.57	0.00021299254526091586	0.00038063072819423095	0.8717415169449584	2786.957629673032	-3.445
GCAATC	GCAATC	1	1.65	0.00010649627263045793	0.0001759251254591468	0.8083217182130334	2584.204533127068	-3.412
GCAATG	GCAATG	3	1.63	0.0003194888178913738	0.00017307193507204663	0.22315972715067978	713.4416477007233	-2.853
GCAATT	GCAATT	1	3.30	0.00010649627263045793	0.00035112614578217355	0.9630087732343031	3078.739048030067	-3.488
GCACAC	GCACAC	4	1.37	0.0004259850905218317	0.00014580001958922417	0.050297976555110556	160.80263104668845	-2.206
GCACAT	GCACAT	6	2.21	0.0006389776357827476	0.00023485357898986293	0.02516161782049324	80.44169217211689	-1.905
GCACCC	GCACCC	2	0.75	0.00021299254526091586	7.998987757617156e-05	0.17375006088329306	555.4789446438879	-2.745
GCACCT	GCACCT	2	1.24	0.00021299254526091586	0.00013186701955962744	0.35114457429684715	1122.6092040270203	-3.05
GCACGC	GCACGC	3	0.82	0.0003194888178913738	8.744309215275352e-05	0.05050288702970814	161.45772983397694	-2.208
GCACGG	GCACGG	1	0.69	0.00010649627263045793	7.372592831174719e-05	0.49956945788350837	1597.1235568535762	-3.203
GCACGT	GCACGT	5	1.06	0.0005324813631522897	0.00011315129235365709	0.004710615672573621	15.059838305217868	-1.178
GCACTA	GCACTA	2	1.55	0.00021299254526091586	0.00016531805913801682	0.4595360446033574	1469.1367345969336	-3.167
GCACTC	GCACTC	3	1.19	0.0003194888178913738	0.00012637781510461352	0.11763888551447849	376.0915169897877	-2.575
GCACTT	GCACTT	6	2.41	0.0006389776357827476	0.00025712784457034227	0.036547967121437555	116.84385088723586	-2.068
GCAGAC	GCAGAC	1	0.99	0.00010649627263045793	0.00010582885816233301	0.6298078108790379	2013.4955713802842	-3.304
GCAGAT	GCAGAT	1	1.82	0.00010649627263045793	0.000193816722283835	0.837964368798374	2678.9720870484016	-3.428
GCAGCC	GCAGCC	1	0.78	0.00010649627263045793	8.328112690914689e-05	0.5425143595148698	1734.4184073690387	-3.239
GCAGCT	GCAGCT	2	1.21	0.00021299254526091586	0.0001285977815766438	0.3400937437436147	1087.2796987483362	-3.036
GCAGGA	GCAGGA	1	1.28	0.00010649627263045793	0.00013631683775234342	0.7219668996840325	2308.128178289852	-3.363
GCAGTA	GCAGTA	3	1.71	0.0003194888178913738	0.00018242481051202738	0.24620416607958007	787.1147189564175	-2.896
GCAGTC	GCAGTC	2	0.85	0.00021299254526091586	9.090902172705168e-05	0.2106036603859725	673.2999022539541	-2.828
GCAGTT	GCAGTT	3	1.87	0.0003194888178913738	0.0001993553787108057	0.28871228377716457	923.0131712355951	-2.965
GCATAA	GCATAA	1	3.65	0.00010649627263045793	0.00038900402678965874	0.9740801919124427	3114.134373544079	-3.493
GCATAG	GCATAG	1	1.89	0.00010649627263045793	0.00020107579264817905	0.8486411381151273	2713.105718554062	-3.433
GCATAT	GCATAT	4	4.32	0.0004259850905218317	0.00045955065395206544	0.6255692690772501	1999.9449532399685	-3.301
GCATCC	GCATCC	1	1.07	0.00010649627263045793	0.00011373749544113446	0.6563030888406711	2098.2009750236257	-3.322
GCATCT	GCATCT	5	1.90	0.0005324813631522897	0.0002021454774492219	0.04393098502853297	140.44735913621992	-2.148
GCATGA	GCATGA	1	1.66	0.00010649627263045793	0.00017686762441816308	0.8100105991326843	2589.6038854271915	-3.413
GCATGT	GCATGT	3	1.68	0.0003194888178913738	0.00017937403416775957	0.23864403569895884	762.9449821295714	-2.882
GCATTA	GCATTA	2	2.48	0.00021299254526091586	0.000264477549810967	0.7092881410611307	2267.5941869724347	-3.356
GCATTC	GCATTC	3	2.14	0.0003194888178913738	0.00022802148392722315	0.36145992420192813	1155.5873776735643	-3.063
GCATTG	GCATTG	1	1.81	0.00010649627263045793	0.0001925446586481234	0.8360173000293254	2672.7473081937533	-3.427
GCCAAA	GCCAAA	1	2.86	0.00010649627263045793	0.00030426248159039963	0.9425605943798231	3013.3662202322944	-3.479
GCCAAC	GCCAAC	2	1.05	0.00021299254526091586	0.00011162366757158022	0.281946448427912	901.3827956240347	-2.955
GCCAAG	GCCAAG	3	1.28	0.0003194888178913738	0.00013608973795467734	0.13782481863337462	440.62594517089866	-2.644
GCCAAT	GCCAAT	2	1.77	0.00021299254526091586	0.00018897112630239505	0.5295146022703014	1692.8581834581537	-3.229
GCCACA	GCCACA	11	1.31	0.0011714589989350373	0.00013923922069990327	1.4499085458033645e-07	0.00046353576209333565	3.334
GCCACC	GCCACC	1	0.66	0.00010649627263045793	7.059522700547992e-05	0.48463978776553907	1549.3934014864285	-3.19
GCCACG	GCCACG	1	0.63	0.00010649627263045793	6.69213897410259e-05	0.46655102226182693	1491.5636181710606	-3.174
GCCACT	GCCACT	1	1.10	0.00010649627263045793	0.00011743271024179196	0.6680241817020888	2135.673308901578	-3.33
GCCAGA	GCCAGA	2	1.22	0.00021299254526091586	0.00012976369727213914	0.34404188228181115	1099.9018976549503	-3.041
GCCAGC	GCCAGC	1	0.72	0.00010649627263045793	7.624780229197658e-05	0.5112806416307979	1634.564211293661	-3.213
GCCAGG	GCCAGG	1	0.69	0.00010649627263045793	7.386625498728593e-05	0.5002284246915979	1599.2302737390385	-3.204
GCCATA	GCCATA	2	2.10	0.00021299254526091586	0.0002236251391057508	0.6203439397859587	1983.23957549571	-3.297
GCCATC	GCCATC	2	0.97	0.00021299254526091586	0.00010335813096236156	0.2534023510090342	810.1273161758822	-2.909
GCCATG	GCCATG	1	0.95	0.00010649627263045793	0.00010168184723130965	0.6151080161555242	1966.500327649211	-3.294
GCCATT	GCCATT	4	1.94	0.0004259850905218317	0.0002062908414323728	0.13170354921605046	421.0562468437133	-2.624
GCCCAA	GCCCAA	1	1.38	0.00010649627263045793	0.00014679642229858267	0.7480232368346742	2391.4302881604535	-3.379
GCCCAT	GCCCAT	1	1.18	0.00010649627263045793	0.00012579747454394315	0.6931015248629828	2215.845574986956	-3.346
GCCCGA	GCCCGA	1	0.62	0.00010649627263045793	6.641396088635016e-05	0.46400320248939303	1483.4182383585894	-3.171
GCCCGC	GCCCGC	1	0.50	0.00010649627263045793	5.35677386277781e-05	0.39528685005799696	1263.7320596354164	-3.102
GCCCGG	GCCCGG	1	0.42	0.00010649627263045793	4.516458831299032e-05	0.3456386022873877	1105.0066115127784	-3.043
GCCCGT	GCCCGT	1	0.65	0.00010649627263045793	6.931661158102299e-05	0.47841497720354836	1529.4926821197441	-3.185
GCCCTC	GCCCTC	2	0.80	0.00021299254526091586	8.547673882974367e-05	0.1921523308683556	614.3110017861328	-2.788
GCCGAG	GCCGAG	2	0.58	0.00021299254526091586	6.228403963599776e-05	0.1169373910484423	373.84883918187	-2.573
GCCGGG	GCCGGG	1	0.41	0.00010649627263045793	4.386974245382523e-05	0.33763391780737134	1079.4156352301661	-3.033
GCCGGT	GCCGGT	2	0.58	0.00021299254526091586	6.157356805642381e-05	0.11476858158406732	366.9151553242632	-2.565
GCCGTA	GCCGTA	2	1.02	0.00021299254526091586	0.00010834481681958096	0.2706263885455137	865.1925641800073	-2.937
GCCGTC	GCCGTC	1	0.51	0.00010649627263045793	5.399222440532745e-05	0.39769239183902294	1271.4225767093562	-3.104
GCCGTG	GCCGTG	1	0.65	0.00010649627263045793	6.913467821729333e-05	0.47752316364477954	1526.6415541723602	-3.184
GCCGTT	GCCGTT	2	1.11	0.00021299254526091586	0.00011840013388418124	0.3052806738447587	975.9823142816936	-2.989
GCCTAA	GCCTAA	1	1.61	0.00010649627263045793	0.00017166081879172246	0.8004908319268558	2559.1691896701577	-3.408
GCCTCA	GCCTCA	1	1.28	0.00010649627263045793	0.0001363649951641283	0.7220925973005505	2308.53003356986	-3.363
GCCTCT	GCCTCT	1	1.39	0.00010649627263045793	0.00014753927103577358	0.7497747470596454	2397.0298663496865	-3.38
GCCTGC	GCCTGC	1	0.83	0.00010649627263045793	8.809814401294653e-05	0.5627462427812453	1799.0997381716413	-3.255
GCCTGT	GCCTGT	1	1.21	0.00010649627263045793	0.00012930087800149095	0.7030332930974214	2247.597438032456	-3.352
GCCTTA	GCCTTA	2	1.85	0.00021299254526091586	0.0001967774749130923	0.551216468658561	1762.2390503014194	-3.246
GCCTTC	GCCTTC	2	1.59	0.00021299254526091586	0.0001696533103290064	0.4728192887390424	1511.6032660987184	-3.179
GCCTTG	GCCTTG	2	1.35	0.00021299254526091586	0.00014325772362857063	0.38910097308352554	1243.955810948031	-3.095
GCCTTT	GCCTTT	1	3.46	0.00010649627263045793	0.00036811617022596406	0.9684635367280278	3096.177926919505	-3.491
GCGAAA	GCGAAA	2	2.95	0.00021299254526091586	0.0003143696592297906	0.7935561372444938	2536.998970770647	-3.404
GCGAAC	GCGAAC	1	1.08	0.00010649627263045793	0.00011533165099105774	0.6614096139103771	2114.526535671476	-3.325
GCGAAT	GCGAAT	1	1.83	0.00010649627263045793	0.00019524848502329477	0.8401282382809903	2685.8899777843258	-3.429
GCGACA	GCGACA	1	0.88	0.00010649627263045793	9.395216687708138e-05	0.5861330969137957	1873.8675108334048	-3.273
GCGACT	GCGACT	3	0.74	0.0003194888178913738	7.923814521516112e-05	0.03971838489890097	126.9796765217864	-2.104
GCGAGA	GCGAGA	1	1.10	0.00010649627263045793	0.00011745182983967587	0.668083776974866	2135.8638349886464	-3.33
GCGAGT	GCGAGT	1	0.88	0.00010649627263045793	9.3230920490601e-05	0.5833206689962261	1864.8761787809349	-3.271
GCGATA	GCGATA	3	1.61	0.0003194888178913738	0.00017155894804884108	0.21947215028513026	701.6524644615614	-2.846
GCGATG	GCGATG	1	0.73	0.00010649627263045793	7.80074673912985e-05	0.5192895277028289	1660.168620065944	-3.22
GCGATT	GCGATT	1	1.49	0.00010649627263045793	0.00015826056001473063	0.773739131172264	2473.644002357728	-3.393
GCGCAC	GCGCAC	2	0.87	0.00021299254526091586	9.226927919093038e-05	0.2152519112355686	688.1603602201128	-2.838
GCGCAT	GCGCAT	3	1.40	0.0003194888178913738	0.00014862666349330504	0.16544099533104537	528.9148620733521	-2.723
GCGCCA	GCGCCA	4	0.83	0.0004259850905218317	8.811728945773396e-05	0.010171283327925001	32.51759279937623	-1.512
GCGCCC	GCGCCC	1	0.53	0.00010649627263045793	5.692326905789639e-05	0.41404336652570023	1323.6966427826637	-3.122
GCGCCT	GCGCCT	2	0.88	0.00021299254526091586	9.384064661316141e-05	0.22063291021570325	705.3634139596032	-2.848
GCGCGA	GCGCGA	1	0.72	0.00010649627263045793	7.633987521065594e-05	0.5117029885399548	1635.9144543622353	-3.214
GCGCGC	GCGCGC	1	0.58	0.00010649627263045793	6.157371774828275e-05	0.4390801253839414	1403.7391608524608	-3.147
GCGCGG	GCGCGG	2	0.49	0.00021299254526091586	5.191467260406918e-05	0.08643082958590512	276.3193621861387	-2.441
GCGCGT	GCGCGT	1	0.75	0.00010649627263045793	7.967634225544833e-05	0.5267638967282392	1684.0641778401807	-3.226
GCGCTG	GCGCTG	1	0.76	0.00010649627263045793	8.111400716898796e-05	0.533109501463784	1704.3510761797174	-3.232
GCGCTT	GCGCTT	1	1.59	0.00010649627263045793	0.0001698544967710281	0.7970780232241499	2548.2584402476073	-3.406
GCGGAA	GCGGAA	3	1.58	0.0003194888178913738	0.00016799257813856716	0.21083083088774893	674.0261663481333	-2.829
GCGGAG	GCGGAG	2	0.71	0.00021299254526091586	7.604770738267658e-05	0.16071658426030017	513.8109198801797	-2.711
GCGGGA	GCGGGA	1	0.74	0.00010649627263045793	7.876545106954944e-05	0.5226988213409341	1671.0681318269665	-3.223
GCGGGC	GCGGGC	1	0.49	0.00010649627263045793	5.242730748951854e-05	0.38877639267555586	1242.918127383752	-3.094
GCGGGT	GCGGGT	2	0.62	0.00021299254526091586	6.5930793150754e-05	0.12822663680724888	409.94055787277466	-2.613
GCGGTC	GCGGTC	1	0.50	0.00010649627263045793	5.2870712944420846e-05	0.39131597881405356	1251.0371842685292	-3.097
GCGTAA	GCGTAA	2	1.72	0.00021299254526091586	0.00018336180291894582	0.5134842027402656	1641.6089961606292	-3.215
GCGTAT	GCGTAT	1	2.03	0.00010649627263045793	0.00021661481794067476	0.8691904905602481	2778.8019983211134	-3.444
GCGTCA	GCGTCA	3	0.89	0.0003194888178913738	9.495397017440011e-05	0.061483797821452586	196.56370163518392	-2.294
GCGTCC	GCGTCC	1	0.54	0.00010649627263045793	5.780394659808367e-05	0.4188689908950425	1339.1241638914507	-3.127
GCGTCG	GCGTCG	1	0.42	0.00010649627263045793	4.49249112534558e-05	0.3441642593022172	1100.2931369891885	-3.042
GCGTCT	GCGTCT	2	0.96	0.00021299254526091586	0.00010273486626550954	0.25125051052264347	803.2478821408912	-2.905
GCGTGA	GCGTGA	2	1.10	0.00021299254526091586	0.00011699522009644634	0.30045261994786787	960.5470259733336	-2.983
GCGTGT	GCGTGT	1	1.11	0.00010649627263045793	0.00011865317169313103	0.6718069518168799	2147.766824958565	-3.332
GCGTTG	GCGTTG	1	1.01	0.00010649627263045793	0.00010751547532445023	0.6356244867480123	2032.0914841333954	-3.308
GCGTTT	GCGTTT	1	2.59	0.00010649627263045793	0.0002762726086523371	0.9252943680353367	2958.1660946089714	-3.471
GCTAAA	GCTAAA	1	3.13	0.00010649627263045793	0.00033326510058466507	0.9562541835385922	3057.144624772879	-3.485
GCTAAT	GCTAAT	3	1.94	0.0003194888178913738	0.00020698405234052464	0.30805652656549437	984.8567154298855	-2.993
GCTACA	GCTACA	2	1.59	0.00021299254526091586	0.00016899130393082474	0.4708036776659549	1505.1593574980577	-3.178
GCTACG	GCTACG	1	0.76	0.00010649627263045793	8.122088630166213e-05	0.5335778354115936	1705.848339810865	-3.232
GCTACT	GCTACT	1	1.34	0.00010649627263045793	0.00014252526499457005	0.7377120251799028	2358.465344500149	-3.373
GCTAGA	GCTAGA	1	1.34	0.00010649627263045793	0.00014217350215189772	0.7368442416950066	2355.6910406989364	-3.372
GCTAGC	GCTAGC	2	0.78	0.00021299254526091586	8.353967489460014e-05	0.18562495940668836	593.4429952231827	-2.773
GCTAGG	GCTAGG	1	0.76	0.00010649627263045793	8.093037099862539e-05	0.53230372728606	1701.7750161335339	-3.231
GCTAGT	GCTAGT	3	1.06	0.0003194888178913738	0.00011285449101207844	0.09160448683562483	292.8595444134926	-2.467
GCTATA	GCTATA	3	3.17	0.0003194888178913738	0.00033766410635372563	0.6139405492137964	1962.767935836507	-3.293
GCTATC	GCTATC	1	1.47	0.00010649627263045793	0.0001560662234369501	0.7690287044969295	2458.5847682766835	-3.391
GCTATG	GCTATG	2	1.44	0.00021299254526091586	0.00015353510886591227	0.42247430046545004	1350.6503385880437	-3.131
GCTATT	GCTATT	3	2.92	0.0003194888178913738	0.00031149008067594746	0.5597737679536537	1789.596736147831	-3.253
GCTCAA	GCTCAA	4	2.08	0.0004259850905218317	0.00022187485226056298	0.1582317050977947	505.8667611976496	-2.704
GCTCAC	GCTCAC	1	1.11	0.00010649627263045793	0.00011803883975123204	0.6699082738993765	2141.6967516563063	-3.331
GCTCAG	GCTCAG	2	1.08	0.00021299254526091586	0.00011465414419880444	0.29239504250427684	934.786950886173	-2.971
GCTCAT	GCTCAT	2	1.79	0.00021299254526091586	0.00019013607853751355	0.5327983267733052	1703.3562506942567	-3.231
GCTCCC	GCTCCC	2	0.73	0.00021299254526091586	7.775583505075423e-05	0.1663422283968004	531.7961041845709	-2.726
GCTCCG	GCTCCG	1	0.62	0.00010649627263045793	6.616231916442641e-05	0.4627351896907582	1479.364401441354	-3.17
GCTCCT	GCTCCT	1	1.20	0.00010649627263045793	0.00012818409694087844	0.6999027440235385	2237.5890726432526	-3.35
GCTCGA	GCTCGA	1	0.81	0.00010649627263045793	8.64011768643732e-05	0.5557230060208523	1776.646450248665	-3.25
GCTCGC	GCTCGC	2	0.65	0.00021299254526091586	6.968889669633323e-05	0.14011204690574658	447.9382139576718	-2.651
GCTCGT	GCTCGT	2	0.85	0.00021299254526091586	9.017737742068528e-05	0.20810763834592758	665.3201197919304	-2.823
GCTCTA	GCTCTA	2	1.61	0.00021299254526091586	0.0001716978588615065	0.4790148266889293	1531.410400924507	-3.185
GCTCTC	GCTCTC	5	1.23	0.0005324813631522897	0.00013125486939658622	0.008623533920649898	27.569437944317723	-1.44
GCTCTT	GCTCTT	2	2.51	0.00021299254526091586	0.00026705068155648086	0.7142597720763733	2283.4884913281653	-3.359
GCTGAC	GCTGAC	4	0.81	0.0004259850905218317	8.595421381254068e-05	0.009355149065071254	29.9084115610328	-1.476
GCTGCA	GCTGCA	1	1.31	0.00010649627263045793	0.000139522112491864	0.7302103334362225	2334.4824359956033	-3.368
GCTGCG	GCTGCG	1	0.70	0.00010649627263045793	7.461338358048984e-05	0.5037223208049825	1610.400259613529	-3.207
GCTGGA	GCTGGA	1	1.06	0.00010649627263045793	0.00011335283784186533	0.6550594333377018	2094.2250083806325	-3.321
GCTGGC	GCTGGC	1	0.71	0.00010649627263045793	7.544912145678646e-05	0.5076016573207678	1622.8024984544945	-3.21
GCTGGT	GCTGGT	2	0.89	0.00021299254526091586	9.488224092316792e-05	0.22420575245414395	716.7857905958982	-2.855
GCTGTC	GCTGTC	3	0.89	0.0003194888178913738	9.433679000927424e-05	0.06054275204810424	193.55517829778927	-2.287
GCTGTG	GCTGTG	1	1.13	0.00010649627263045793	0.00012079412717620912	0.6783389263839661	2168.6495476495397	-3.336
GCTGTT	GCTGTT	1	1.94	0.00010649627263045793	0.00020687216891549057	0.8566591138263919	2738.739186902975	-3.438
GCTTAA	GCTTAA	1	2.66	0.00010649627263045793	0.0002829664124855618	0.9298454499799702	2972.715903585965	-3.473
GCTTAC	GCTTAC	2	1.57	0.00021299254526091586	0.00016680654181569333	0.4641189276745966	1483.7882117756853	-3.171
GCTTAG	GCTTAG	1	1.37	0.00010649627263045793	0.00014626505579622593	0.7467628490910705	2387.4008285441523	-3.378
GCTTAT	GCTTAT	4	3.14	0.0004259850905218317	0.00033428291469723867	0.3838586456359423	1227.1960900981076	-3.089
GCTTCA	GCTTCA	2	2.38	0.00021299254526091586	0.0002535146262276099	0.6872896825819939	2197.2651152146345	-3.342
GCTTCC	GCTTCC	4	1.45	0.0004259850905218317	0.00015432894369112656	0.05942323073926176	189.97606867341986	-2.279
GCTTCG	GCTTCG	1	1.13	0.00010649627263045793	0.0001199436112445874	0.6757597447985693	2160.403904121026	-3.335
GCTTCT	GCTTCT	3	2.58	0.0003194888178913738	0.0002742885966116865	0.47542024406415173	1519.918520273093	-3.182
GCTTGA	GCTTGA	2	1.93	0.00021299254526091586	0.00020599135455299643	0.5759076028290937	1841.1766062446125	-3.265
GCTTGG	GCTTGG	2	1.13	0.00021299254526091586	0.00012004987043637339	0.31094185619024217	994.0811142402042	-2.997
GCTTGT	GCTTGT	2	1.96	0.00021299254526091586	0.00020891047975232375	0.5835197791201011	1865.5127338469633	-3.271
GCTTTA	GCTTTA	4	3.66	0.0004259850905218317	0.0003901393830219136	0.4981833180528473	1592.692067814953	-3.202
GCTTTC	GCTTTC	3	3.16	0.0003194888178913738	0.0003363618617863464	0.6113546893149349	1954.5009417398467	-3.291
GCTTTT	GCTTTT	9	6.85	0.0009584664536741214	0.000729842760690858	0.2519827773904939	805.588939317409	-2.906
GGAAAA	GGAAAA	7	6.88	0.0007454739084132055	0.0007326069476083529	0.5321355324005376	1701.2372970845186	-3.231
GGAAAC	GGAAAC	2	2.52	0.00021299254526091586	0.0002687688404860665	0.7175395260566197	2293.9738648030134	-3.361
GGAAAG	GGAAAG	2	3.08	0.00021299254526091586	0.00032767854584849545	0.812047173540971	2596.114813810484	-3.414
GGAAAT	GGAAAT	5	4.27	0.0005324813631522897	0.0004550070035019342	0.42424467332700655	1356.31022062644	-3.132
GGAACA	GGAACA	3	2.17	0.0003194888178913738	0.0002311933019795765	0.3694747710700348	1181.2108431109011	-3.072
GGAACT	GGAACT	3	1.83	0.0003194888178913738	0.00019498569372005666	0.27767106655340784	887.7143997712449	-2.948
GGAAGA	GGAAGA	1	2.54	0.00010649627263045793	0.00027044013241163465	0.9210888579191031	2944.7210787673725	-3.469
GGAAGC	GGAAGC	3	1.49	0.0003194888178913738	0.00015890781614131454	0.18918384146647269	604.8207411683131	-2.782
GGAAGG	GGAAGG	3	1.45	0.0003194888178913738	0.0001539444405442523	0.1776114923439418	567.8239410235819	-2.754
GGAAGT	GGAAGT	2	2.02	0.00021299254526091586	0.00021466998442470838	0.5982407360789721	1912.575633244474	-3.282
GGAATA	GGAATA	3	3.66	0.0003194888178913738	0.00039024185798594005	0.7084878755415547	2265.0357381063504	-3.355
GGAATC	GGAATC	2	1.69	0.00021299254526091586	0.0001803673291205069	0.5047795978472249	1613.780374317578	-3.208
GGAATT	GGAATT	1	3.38	0.00010649627263045793	0.0003599922690623018	0.9659636907985599	3088.1859194829963	-3.49
GGACAA	GGACAA	1	1.72	0.00010649627263045793	0.00018349478765773678	0.8214731120094453	2626.2495390941967	-3.419
GGACAC	GGACAC	1	0.92	0.00010649627263045793	9.762040003560951e-05	0.6001459031679468	1918.6664524279258	-3.283
GGACAG	GGACAG	1	0.89	0.00010649627263045793	9.48211914486472e-05	0.5894965672258423	1884.6205254210179	-3.275
GGACAT	GGACAT	4	1.48	0.0004259850905218317	0.00015724620885084926	0.06273283284083102	200.55686659213677	-2.302
GGACCA	GGACCA	1	0.78	0.00010649627263045793	8.290664274063643e-05	0.5409028223579808	1729.2663230784647	-3.238
GGACCG	GGACCG	1	0.43	0.00010649627263045793	4.557175595297041e-05	0.348135648402814	1112.9896679437963	-3.046
GGACGG	GGACGG	1	0.46	0.00010649627263045793	4.9363193743503216e-05	0.370934811446218	1185.878592193559	-3.074
GGACTA	GGACTA	2	1.04	0.00021299254526091586	0.00011068870300314097	0.27871973073249756	891.0669791517947	-2.95
GGACTC	GGACTC	1	0.79	0.00010649627263045793	8.461626343327658e-05	0.5482140230626172	1752.6402317311872	-3.244
GGACTT	GGACTT	1	1.62	0.00010649627263045793	0.00017215994289966494	0.8014236988062243	2562.151565083499	-3.409
GGAGAA	GGAGAA	4	2.57	0.0004259850905218317	0.0002735763957210309	0.25724469151334023	822.4112787681487	-2.915
GGAGAG	GGAGAG	1	1.16	0.00010649627263045793	0.00012384390976748742	0.687419834379011	2197.6812105096983	-3.342
GGAGAT	GGAGAT	2	1.63	0.00021299254526091586	0.00017407467962797093	0.48616063676637744	1554.2555557421088	-3.192
GGAGCA	GGAGCA	1	1.23	0.00010649627263045793	0.0001311964072259551	0.7082722468503359	2264.3463731805236	-3.355
GGAGTC	GGAGTC	2	0.77	0.00021299254526091586	8.164908912892399e-05	0.17928557477742454	573.1759825634263	-2.758
GGAGTT	GGAGTT	3	1.68	0.0003194888178913738	0.00017904917218843425	0.2378413077710353	760.3786609439999	-2.881
GGATAA	GGATAA	3	2.78	0.0003194888178913738	0.00029613151706533303	0.5259270306665166	1681.3887170408534	-3.226
GGATAG	GGATAG	2	1.44	0.00021299254526091586	0.00015307008519533044	0.4209843090352902	1345.886835985823	-3.129
GGATAT	GGATAT	2	3.28	0.00021299254526091586	0.00034983553627010623	0.8395616424568764	2684.0785709346337	-3.429
GGATGA	GGATGA	2	1.26	0.00021299254526091586	0.00013464148011766672	0.3604721605142646	1152.429497164104	-3.062
GGATGC	GGATGC	3	0.87	0.0003194888178913738	9.303693516646561e-05	0.0585831898704846	187.29045801593927	-2.273
GGATGG	GGATGG	1	0.74	0.00010649627263045793	7.846781860609074e-05	0.5213630091096776	1666.7975401236392	-3.222
GGATTA	GGATTA	1	1.89	0.00010649627263045793	0.00020133503167460244	0.8490091360174616	2714.282207847825	-3.434
GGATTG	GGATTG	1	1.38	0.00010649627263045793	0.00014657571115356708	0.7475004791095268	2389.759031713157	-3.378
GGATTT	GGATTT	3	3.54	0.0003194888178913738	0.0003766420969936265	0.6858818562060051	2192.764294290598	-3.341
GGCAAA	GGCAAA	3	3.13	0.0003194888178913738	0.0003335404763325283	0.6057124433756251	1936.4626814718736	-3.287
GGCAAT	GGCAAT	2	1.95	0.00021299254526091586	0.00020715508251472817	0.5789544159369447	1850.9172677504123	-3.267
GGCACA	GGCACA	2	1.43	0.00021299254526091586	0.00015263766913903046	0.41959701864730425	1341.4516686154318	-3.128
GGCACC	GGCACC	2	0.73	0.00021299254526091586	7.738833101975754e-05	0.1651289583921881	527.9172799798254	-2.723
GGCACG	GGCACG	1	0.69	0.00010649627263045793	7.336097468995612e-05	0.4978515833748243	1591.6315120493134	-3.202
GGCAGC	GGCAGC	2	0.78	0.00021299254526091586	8.358483163234921e-05	0.1857767674938879	593.9283256779596	-2.774
GGCAGT	GGCAGT	2	1.06	0.00021299254526091586	0.0001129154936513738	0.2864025672911038	915.6290076296589	-2.962
GGCATC	GGCATC	1	1.06	0.00010649627263045793	0.00011330388174653495	0.6549008284880931	2093.7179486764335	-3.321
GGCCAA	GGCCAA	2	1.33	0.00021299254526091586	0.00014202209661517203	0.38502933387332855	1230.9387803930313	-3.09
GGCCAC	GGCCAC	1	0.71	0.00010649627263045793	7.555666328424187e-05	0.5080986389394397	1624.391348689389	-3.211
GGCCAG	GGCCAG	1	0.69	0.00010649627263045793	7.339011960494613e-05	0.4979889879068369	1592.0707943381574	-3.202
GGCCCA	GGCCCA	1	0.77	0.00010649627263045793	8.175916833182584e-05	0.5359294034702978	1713.366302894542	-3.234
GGCCCG	GGCCCG	1	0.42	0.00010649627263045793	4.4941017305354614e-05	0.3442634376632045	1100.6102102092648	-3.042
GGCCGA	GGCCGA	1	0.60	0.00010649627263045793	6.425394993900037e-05	0.4530208476144916	1448.3076498235296	-3.161
GGCCGG	GGCCGG	2	0.41	0.00021299254526091586	4.3695680211641686e-05	0.06433545734144418	205.68045712059703	-2.313
GGCCGT	GGCCGT	2	0.63	0.00021299254526091586	6.706219642719072e-05	0.13177941823305728	421.2988000910841	-2.625
GGCCTT	GGCCTT	4	1.58	0.0004259850905218317	0.00016825448876383375	0.07606888704573378	243.1922318852109	-2.386
GGCGAT	GGCGAT	1	0.88	0.00010649627263045793	9.336951908166075e-05	0.5838625997437561	1866.6087313807882	-3.271
GGCGCC	GGCGCC	2	0.52	0.00021299254526091586	5.507192812470908e-05	0.09544126663569302	305.1257294343106	-2.484
GGCGGG	GGCGGG	1	0.44	0.00010649627263045793	4.678778483285714e-05	0.35553663425787474	1136.6506197224255	-3.056
GGCGTC	GGCGTC	2	0.54	0.00021299254526091586	5.7583574391454594e-05	0.10279111008238569	328.62317893338707	-2.517
GGCGTG	GGCGTG	2	0.69	0.00021299254526091586	7.373324455515441e-05	0.15315196669495082	489.6268375237578	-2.69
GGCTAG	GGCTAG	1	0.76	0.00010649627263045793	8.040870094583925e-05	0.5300071052198897	1694.4327153879874	-3.229
GGCTAT	GGCTAT	1	1.73	0.00010649627263045793	0.0001837708588211356	0.8219353093915742	2627.7271841248626	-3.42
GGCTCA	GGCTCA	3	1.16	0.0003194888178913738	0.00012357456067746102	0.11203336671709097	358.1706733945398	-2.554
GGCTCC	GGCTCC	2	0.71	0.00021299254526091586	7.52269472583613e-05	0.1580260983009491	505.20943626813425	-2.703
GGCTCT	GGCTCT	2	1.26	0.00021299254526091586	0.00013370073880745198	0.3573149290819565	1142.3358282750148	-3.058
GGCTGA	GGCTGA	1	1.08	0.00010649627263045793	0.00011553575712312825	0.66205792008663	2116.5991705169563	-3.326
GGCTGG	GGCTGG	1	0.63	0.00010649627263045793	6.733317863508416e-05	0.46860972544873986	1498.1452922596213	-3.176
GGCTGT	GGCTGT	2	1.10	0.00021299254526091586	0.00011717302651617317	0.30106399059706096	962.5015779388038	-2.983
GGCTTC	GGCTTC	2	1.44	0.00021299254526091586	0.0001537405788498049	0.42313201698875264	1352.7530583130422	-3.131
GGCTTG	GGCTTG	2	1.22	0.00021299254526091586	0.00012982078164375306	0.34423499065732455	1100.5192651314667	-3.042
GGCTTT	GGCTTT	2	3.13	0.00021299254526091586	0.00033358849871399665	0.819773091315782	2620.814572936555	-3.418
GGGAAA	GGGAAA	2	3.22	0.00021299254526091586	0.00034332476377788707	0.8318804105484473	2659.521672523386	-3.425
GGGAAC	GGGAAC	2	1.18	0.00021299254526091586	0.00012595430465404898	0.3311150955608503	1058.5749605080384	-3.025
GGGAAG	GGGAAG	3	1.44	0.0003194888178913738	0.00015356141477470417	0.17672671689749786	564.9953139213006	-2.752
GGGAAT	GGGAAT	1	2.00	0.00010649627263045793	0.0002132319008228918	0.8649685478414617	2765.304447449153	-3.442
GGGACA	GGGACA	2	0.96	0.00021299254526091586	0.00010260565723334263	0.2508044674638342	801.821882481878	-2.904
GGGACT	GGGACT	2	0.81	0.00021299254526091586	8.653639653026392e-05	0.19573567736627184	625.7669605399711	-2.796
GGGAGT	GGGAGT	1	0.96	0.00010649627263045793	0.00010181798024864016	0.6155997050300591	1968.072256981099	-3.294
GGGATG	GGGATG	2	0.80	0.00021299254526091586	8.519236678451969e-05	0.19119216479958556	611.2413508642751	-2.786
GGGCAG	GGGCAG	3	0.76	0.0003194888178913738	8.07726473803821e-05	0.04163663793455532	133.11233147677336	-2.124
GGGCCA	GGGCCA	1	0.75	0.00010649627263045793	7.941517440832118e-05	0.5256019243501291	1680.3493521473627	-3.225
GGGCCC	GGGCCC	1	0.48	0.00010649627263045793	5.130175210726331e-05	0.38228213339108835	1222.1559804513095	-3.087
GGGCCG	GGGCCG	2	0.41	0.00021299254526091586	4.3652581113680886e-05	0.06422532384730073	205.32836033982045	-2.312
GGGCCT	GGGCCT	1	0.79	0.00010649627263045793	8.457331544393938e-05	0.5480317893387148	1752.057630515871	-3.244
GGGCGG	GGGCGG	1	0.44	0.00010649627263045793	4.678778483285714e-05	0.35553663425787474	1136.6506197224255	-3.056
GGGCTC	GGGCTC	1	0.71	0.00010649627263045793	7.523867642221842e-05	0.5066276773442265	1619.6886844694923	-3.209
GGGCTG	GGGCTG	1	0.69	0.00010649627263045793	7.310350858412174e-05	0.4966361173139804	1587.7456670527954	-3.201
GGGGAA	GGGGAA	1	1.51	0.00010649627263045793	0.00016089376958264312	0.7792650230456948	2491.3102786770864	-3.396
GGGGAC	GGGGAC	1	0.52	0.00010649627263045793	5.5899648042307975e-05	0.4083841135352059	1305.6040109720532	-3.116
GGGGCC	GGGGCC	1	0.47	0.00010649627263045793	4.9830956872207496e-05	0.37369179264751334	1194.6926610941002	-3.077
GGGGCT	GGGGCT	1	0.72	0.00010649627263045793	7.694601100436695e-05	0.5144742931044031	1644.7743150547767	-3.216
GGGGGA	GGGGGA	1	0.71	0.00010649627263045793	7.543708463717916e-05	0.5075460004903581	1622.624563567675	-3.21
GGGGGG	GGGGGG	1	0.42	0.00010649627263045793	4.498919228826935e-05	0.34456000159814065	1101.5583251092557	-3.042
GGGGGT	GGGGGT	1	0.59	0.00010649627263045793	6.314477674631862e-05	0.4472942151379466	1429.9996057960152	-3.155
GGGGTA	GGGGTA	1	0.95	0.00010649627263045793	0.00010161111523089007	0.6148522961938653	1965.6827909317874	-3.294
GGGGTC	GGGGTC	1	0.48	0.00010649627263045793	5.063657216530814e-05	0.37841176845711827	1209.782423757407	-3.083
GGGGTG	GGGGTG	2	0.61	0.00021299254526091586	6.48379125185646e-05	0.12481679364494354	399.0392892828845	-2.601
GGGTAA	GGGTAA	5	1.51	0.0005324813631522897	0.00016060089798704803	0.018957006476930792	60.605549706747745	-1.783
GGGTAC	GGGTAC	1	0.89	0.00010649627263045793	9.467300436966632e-05	0.5889249636812425	1882.7931088889322	-3.275
GGGTAG	GGGTAG	1	0.78	0.00010649627263045793	8.301444365308946e-05	0.5413673086088888	1730.7512856226176	-3.238
GGGTCC	GGGTCC	3	0.48	0.0003194888178913738	5.062867829103586e-05	0.012591445417737551	40.25485100050695	-1.605
GGGTCG	GGGTCG	1	0.37	0.00010649627263045793	3.9348331955935244e-05	0.30890697259812167	987.5755913961949	-2.995
GGGTCT	GGGTCT	1	0.84	0.00010649627263045793	8.998227282981939e-05	0.5704140932627368	1823.6138561609696	-3.261
GGGTGC	GGGTGC	1	0.66	0.00010649627263045793	7.08082295515566e-05	0.48566952645596045	1552.6854760797055	-3.191
GGGTGG	GGGTGG	1	0.56	0.00010649627263045793	5.972001659694238e-05	0.42923114340585944	1372.2519654685327	-3.137
GGGTGT	GGGTGT	1	0.98	0.00010649627263045793	0.00010392462126559584	0.6231289504521105	1992.1432545953971	-3.299
GGGTTA	GGGTTA	2	1.21	0.00021299254526091586	0.00012935029258152197	0.34264284081584534	1095.4291620882575	-3.04
GGGTTC	GGGTTC	1	1.05	0.00010649627263045793	0.00011152041329005102	0.6490728689073597	2075.085961896829	-3.317
GGGTTT	GGGTTT	1	2.27	0.00010649627263045793	0.00024197858186638283	0.8969126800836719	2867.4298382274987	-3.457
GGTAAA	GGTAAA	4	3.22	0.0004259850905218317	0.00034269981682291326	0.4014742138221011	1283.5130615892572	-3.108
GGTAAC	GGTAAC	2	1.18	0.00021299254526091586	0.00012572503264263556	0.3303346863338154	1056.0799922092078	-3.024
GGTAAG	GGTAAG	1	1.44	0.00010649627263045793	0.0001532818901126643	0.7629103520927976	2439.024395640674	-3.387
GGTAAT	GGTAAT	4	2.00	0.0004259850905218317	0.00021284375921126983	0.1426245248485279	455.97060594074367	-2.659
GGTACC	GGTACC	1	0.83	0.00010649627263045793	8.81053229711263e-05	0.5627757172460348	1799.1939680355733	-3.255
GGTACG	GGTACG	1	0.78	0.00010649627263045793	8.352024502098451e-05	0.5435404084131293	1737.6986856967744	-3.24
GGTACT	GGTACT	1	1.38	0.00010649627263045793	0.0001465601472238999	0.7474635747947733	2389.64104861889	-3.378
GGTAGA	GGTAGA	1	1.37	0.00010649627263045793	0.00014619842599495204	0.7466043607224448	2386.8941412296563	-3.378
GGTAGC	GGTAGC	3	0.81	0.0003194888178913738	8.59046783884653e-05	0.04838279457896081	154.6797942689377	-2.189
GGTAGT	GGTAGT	2	1.09	0.00021299254526091586	0.00011604939530011502	0.2971989846564496	950.1451539466694	-2.978
GGTATA	GGTATA	6	3.26	0.0006389776357827476	0.00034722335819767835	0.11241188774898765	359.38080513351355	-2.556
GGTATC	GGTATC	1	1.51	0.00010649627263045793	0.00016048444943757086	0.7784149920867688	2488.5927297014	-3.396
GGTATG	GGTATG	1	1.48	0.00010649627263045793	0.00015788167915550193	0.7729327312444804	2471.0659417886036	-3.393
GGTATT	GGTATT	2	3.01	0.00021299254526091586	0.00032030834732628335	0.8019981734135063	2563.9881604029797	-3.409
GGTCAC	GGTCAC	4	0.74	0.0004259850905218317	7.912641749169483e-05	0.007062012186976368	22.57725296176345	-1.354
GGTCAT	GGTCAT	1	1.20	0.00010649627263045793	0.00012745624035529328	0.6978446823433346	2231.0094494516406	-3.349
GGTCCA	GGTCCA	1	0.76	0.00010649627263045793	8.068649628496033e-05	0.5312314832678421	1698.347052007291	-3.23
GGTCCC	GGTCCC	3	0.49	0.0003194888178913738	5.212301882675123e-05	0.013599367615830008	43.47717826780853	-1.638
GGTCCG	GGTCCG	1	0.42	0.00010649627263045793	4.435139568854093e-05	0.3406228525424825	1088.9712595783164	-3.037
GGTCGC	GGTCGC	1	0.44	0.00010649627263045793	4.671540948852898e-05	0.3550985052048602	1135.2499211399381	-3.055
GGTCGT	GGTCGT	1	0.57	0.00010649627263045793	6.044970307343946e-05	0.43312854508166654	1384.7119586260878	-3.141
GGTCTC	GGTCTC	1	0.83	0.00010649627263045793	8.79856800997043e-05	0.5622842431076928	1797.6227252152937	-3.255
GGTCTG	GGTCTG	1	0.80	0.00010649627263045793	8.548877022176186e-05	0.5519003115155631	1764.4252959152552	-3.247
GGTCTT	GGTCTT	1	1.68	0.00010649627263045793	0.00017901534583712479	0.8138037580872152	2601.7306146048268	-3.415
GGTGAA	GGTGAA	4	2.05	0.0004259850905218317	0.00021855540343953717	0.15242316561195277	487.296860461413	-2.688
GGTGAC	GGTGAC	1	0.71	0.00010649627263045793	7.593314621011103e-05	0.5098345260332303	1629.9409797282374	-3.212
GGTGAG	GGTGAG	2	0.93	0.00021299254526091586	9.893673608582486e-05	0.23815027076135445	761.3664156240502	-2.882
GGTGAT	GGTGAT	3	1.31	0.0003194888178913738	0.00013906522064679243	0.14423044784673084	461.1047417659985	-2.664
GGTGCA	GGTGCA	2	1.16	0.00021299254526091586	0.00012325577185190385	0.3219139105611039	1029.1587720638493	-3.012
GGTGCC	GGTGCC	1	0.66	0.00010649627263045793	7.027102307085975e-05	0.48306849907934263	1544.3699915566583	-3.189
GGTGGA	GGTGGA	2	0.94	0.00021299254526091586	0.00010013747118842918	0.2422887992911303	774.5972913337436	-2.889
GGTGGC	GGTGGC	1	0.63	0.00010649627263045793	6.665280172880506e-05	0.4652039438568971	1487.2570085105	-3.172
GGTGGG	GGTGGG	1	0.56	0.00010649627263045793	5.9720016596942256e-05	0.4292311434058588	1372.2519654685304	-3.137
GGTGGT	GGTGGT	1	0.79	0.00010649627263045793	8.382028935166324e-05	0.5448246351406816	1741.804358544759	-3.241
GGTGTC	GGTGTC	1	0.78	0.00010649627263045793	8.333843043913288e-05	0.5427604572392676	1735.2051817939384	-3.239
GGTGTG	GGTGTG	2	1.00	0.00021299254526091586	0.00010671120953066783	0.26498359259221593	847.1525455173144	-2.928
GGTTAA	GGTTAA	3	1.92	0.0003194888178913738	0.00020444390454996716	0.30160828820292007	964.2416973847355	-2.984
GGTTAC	GGTTAC	2	1.13	0.00021299254526091586	0.00012051812232314935	0.31254693785307297	999.2125603162743	-3.0
GGTTAG	GGTTAG	2	0.99	0.00021299254526091586	0.00010567684992551892	0.2614105417750517	835.7295020548403	-2.922
GGTTAT	GGTTAT	3	2.27	0.0003194888178913738	0.00024152019918100413	0.39542471598538786	1264.172817005285	-3.102
GGTTCA	GGTTCA	1	1.72	0.00010649627263045793	0.00018316491908431957	0.8209192737561323	2624.4789181983547	-3.419
GGTTCG	GGTTCG	1	0.81	0.00010649627263045793	8.665954377153516e-05	0.5567995445965429	1780.0881440751477	-3.25
GGTTCT	GGTTCT	2	1.86	0.00021299254526091586	0.00019817416198710653	0.5550239046874826	1774.411423285882	-3.249
GGTTGA	GGTTGA	1	1.40	0.00010649627263045793	0.000148829242518315	0.7527874008462563	2406.6613205054814	-3.381
GGTTGG	GGTTGG	2	0.81	0.00021299254526091586	8.673631628977214e-05	0.19641266657818185	627.9312950504474	-2.798
GGTTGT	GGTTGT	1	1.42	0.00010649627263045793	0.00015093831740242738	0.757635091070501	2422.1593861523916	-3.384
GGTTTA	GGTTTA	5	2.65	0.0005324813631522897	0.0002818766301028217	0.1292808327877188	413.31082242233697	-2.616
GGTTTC	GGTTTC	4	2.28	0.0004259850905218317	0.00024302224338659196	0.19699924554163478	629.8065879966064	-2.799
GGTTTT	GGTTTT	2	4.95	0.00021299254526091586	0.0005273131266445969	0.9579052381552466	3062.4230463823237	-3.486
GTAAAA	GTAAAA	4	7.45	0.0004259850905218317	0.0007938480207258847	0.9390500871541764	3002.143128631902	-3.477
GTAAAC	GTAAAC	4	2.73	0.0004259850905218317	0.0002912361297544187	0.2935737964428207	938.5554272276978	-2.972
GTAAAG	GTAAAG	7	3.33	0.0007454739084132055	0.0003550702950679993	0.053253823900003106	170.25247500830991	-2.231
GTAAAT	GTAAAT	4	4.63	0.0004259850905218317	0.0004930425657654631	0.6791069034043034	2171.104770183558	-3.337
GTAACA	GTAACA	5	2.35	0.0005324813631522897	0.0002505195258941003	0.08999178220602398	287.7037277126587	-2.459
GTAACC	GTAACC	1	1.19	0.00010649627263045793	0.0001270150946759177	0.6965904509230731	2226.9996716010646	-3.348
GTAACG	GTAACG	1	1.13	0.00010649627263045793	0.00012040511822620222	0.6771618161694304	2164.886326293669	-3.335
GTAACT	GTAACT	3	1.98	0.0003194888178913738	0.00021128520216038104	0.3189842996808304	1019.7928060796148	-3.009
GTAAGA	GTAAGA	5	2.75	0.0005324813631522897	0.0002930471305803032	0.14488248358057615	463.18930000710196	-2.666
GTAAGT	GTAAGT	1	2.18	0.00010649627263045793	0.00023261496877847548	0.8874383893284771	2837.140530683141	-3.453
GTAATA	GTAATA	6	3.97	0.0006389776357827476	0.00042286348440711646	0.2103053071932476	672.3460670968126	-2.828
GTAATC	GTAATC	1	1.84	0.00010649627263045793	0.00019544483940995037	0.8404227330964621	2686.831477709389	-3.429
GTAATT	GTAATT	3	3.66	0.0003194888178913738	0.00039008523083854763	0.7082348115014783	2264.226692370226	-3.355
GTACAA	GTACAA	5	3.17	0.0005324813631522897	0.0003373637450099264	0.21368435605626246	683.1488863118711	-2.835
GTACAC	GTACAC	2	1.69	0.00021299254526091586	0.00017947966896372938	0.5021798393395206	1605.4689463684474	-3.206
GTACAG	GTACAG	1	1.64	0.00010649627263045793	0.00017433319312092213	0.805434941997065	2574.975509564617	-3.411
GTACAT	GTACAT	4	2.71	0.0004259850905218317	0.0002891045058210884	0.2891493805568262	924.4105696401734	-2.966
GTACCA	GTACCA	2	1.43	0.00021299254526091586	0.00015242773834726872	0.4189228973289152	1339.296502760542	-3.127
GTACCT	GTACCT	1	1.52	0.00010649627263045793	0.00016232816075386028	0.7822181552680825	2500.7514423920597	-3.398
GTACGA	GTACGA	1	1.25	0.00010649627263045793	0.00013345635322343334	0.7143977461076866	2283.929594306274	-3.359
GTACGC	GTACGC	2	1.01	0.00021299254526091586	0.00010764235338896349	0.26820004921369056	857.4355573361687	-2.933
GTACGG	GTACGG	1	0.85	0.00010649627263045793	9.075653929757107e-05	0.5735260122750135	1833.5626612432184	-3.263
GTACGT	GTACGT	3	1.31	0.0003194888178913738	0.00013928912047933285	0.1447163943688807	462.6583127973116	-2.665
GTACTA	GTACTA	1	1.91	0.00010649627263045793	0.00020350635487850402	0.8520564759512957	2724.0245536162925	-3.435
GTACTG	GTACTG	2	1.42	0.00021299254526091586	0.0001511560709422584	0.4148308458901653	1326.2142143108583	-3.123
GTACTT	GTACTT	2	2.97	0.00021299254526091586	0.00031652410304787844	0.7966549452927321	2546.9058601008646	-3.406
GTAGAA	GTAGAA	3	3.18	0.0003194888178913738	0.0003384968399245963	0.6155879993446982	1968.0348339050001	-3.294
GTAGAG	GTAGAG	2	1.44	0.00021299254526091586	0.0001532324160851525	0.4215046622329881	1347.550405158863	-3.13
GTAGAT	GTAGAT	3	2.02	0.0003194888178913738	0.00021538308818513675	0.32939912594179405	1053.0890056359156	-3.022
GTAGCA	GTAGCA	5	1.52	0.0005324813631522897	0.00016232968176366807	0.019741734363224215	63.11432475922781	-1.8
GTAGCC	GTAGCC	2	0.87	0.00021299254526091586	9.254798084430513e-05	0.21620545005701494	691.2088238322767	-2.84
GTAGCG	GTAGCG	2	0.82	0.00021299254526091586	8.681037432426861e-05	0.19666352333701725	628.7332841084442	-2.798
GTAGGC	GTAGGC	1	0.95	0.00010649627263045793	0.00010083043655531463	0.6120185691951062	1956.6233657167545	-3.292
GTAGGT	GTAGGT	1	1.19	0.00010649627263045793	0.00012680091681530165	0.6959796408395038	2225.0469117638936	-3.347
GTAGTA	GTAGTA	1	1.90	0.00010649627263045793	0.00020272357610159585	0.850965041476679	2720.5352376009428	-3.435
GTAGTC	GTAGTC	1	0.95	0.00010649627263045793	0.000101024646442982	0.6127254593504353	1958.8832935433418	-3.292
GTAGTG	GTAGTG	1	1.21	0.00010649627263045793	0.00012935763437748346	0.7031915170723031	2248.103280080153	-3.352
GTAGTT	GTAGTT	4	2.08	0.0004259850905218317	0.00022153804174941387	0.15763863345797063	503.9707111651321	-2.702
GTATAA	GTATAA	12	5.59	0.0012779552715654952	0.0005957626537686839	0.012396452078636542	39.63145729540103	-1.598
GTATAC	GTATAC	3	3.30	0.0003194888178913738	0.00035119754017860706	0.6401204438447007	2046.4650589715081	-3.311
GTATAT	GTATAT	7	6.61	0.0007454739084132055	0.0007038053549190018	0.49052372450671244	1568.2043472479597	-3.195
GTATCA	GTATCA	2	2.69	0.00021299254526091586	0.00028613993612808817	0.7489443070747305	2394.3749497179133	-3.379
GTATCC	GTATCC	2	1.64	0.00021299254526091586	0.00017418984753505694	0.48650532475004893	1555.3575232259063	-3.192
GTATCG	GTATCG	2	1.27	0.00021299254526091586	0.00013537939712277136	0.3629446222587161	1160.3339573611154	-3.065
GTATGA	GTATGA	2	2.54	0.00021299254526091586	0.0002708741247712164	0.7215149289121394	2306.6832277321096	-3.363
GTATGC	GTATGC	2	1.76	0.00021299254526091586	0.0001871733611557796	0.5244163089638517	1676.558939757434	-3.224
GTATGT	GTATGT	3	2.58	0.0003194888178913738	0.00027471271054672745	0.47642512692364997	1523.131130774909	-3.183
GTATTA	GTATTA	3	3.80	0.0003194888178913738	0.00040504939817196186	0.7316542710841298	2339.098704655963	-3.369
GTATTC	GTATTC	2	3.28	0.00021299254526091586	0.00034921665336438875	0.8388454276461881	2681.788832184863	-3.428
GTATTG	GTATTG	1	2.77	0.00010649627263045793	0.0002948836230613561	0.9372726185259315	2996.460561427403	-3.477
GTATTT	GTATTT	4	7.12	0.0004259850905218317	0.00075773527063119	0.9240425020594623	2954.1638790841007	-3.47
GTCAAA	GTCAAA	6	3.24	0.0006389776357827476	0.0003445308744223132	0.10945335185603276	349.92236588373675	-2.544
GTCAAC	GTCAAC	2	1.19	0.00021299254526091586	0.0001263967860698458	0.3326205032968699	1063.387749040093	-3.027
GTCAAG	GTCAAG	8	1.45	0.0008519701810436634	0.00015410088083271542	0.0001331859206630972	0.4257953883599218	0.371
GTCAAT	GTCAAT	3	2.01	0.0003194888178913738	0.00021398099116663432	0.32583579659603984	1041.6970417175394	-3.018
GTCACA	GTCACA	3	1.48	0.0003194888178913738	0.0001576671898909957	0.1862731333972988	595.5152074711643	-2.775
GTCACC	GTCACC	2	0.75	0.00021299254526091586	7.993833207139374e-05	0.17357853825579644	554.9305868037812	-2.744
GTCACG	GTCACG	3	0.71	0.0003194888178913738	7.577827145993925e-05	0.03556283740421931	113.69439118128913	-2.056
GTCACT	GTCACT	1	1.25	0.00010649627263045793	0.0001329746412830918	0.7131029624146701	2279.7901708397003	-3.358
GTCAGA	GTCAGA	2	1.38	0.00021299254526091586	0.00014693760418883365	0.40115419879194014	1282.4899735378326	-3.108
GTCAGG	GTCAGG	2	0.79	0.00021299254526091586	8.364227258006487e-05	0.18596989817649914	594.5457644702677	-2.774
GTCAGT	GTCAGT	1	1.10	0.00010649627263045793	0.00011663614021091148	0.6655317616642068	2127.705042040469	-3.328
GTCATA	GTCATA	4	2.38	0.0004259850905218317	0.00025322137752966636	0.21663937128201063	692.5960699885879	-2.84
GTCATC	GTCATC	4	1.10	0.0004259850905218317	0.00011703732597256903	0.025666600315785496	82.05612120956623	-1.914
GTCATG	GTCATG	3	1.08	0.0003194888178913738	0.00011513919020301764	0.09581845447445074	306.331598954819	-2.486
GTCATT	GTCATT	1	2.19	0.00010649627263045793	0.00023359292809453224	0.8884673153103175	2840.430007047085	-3.453
GTCCAA	GTCCAA	3	1.47	0.0003194888178913738	0.00015664295734346413	0.18387905431383952	587.8613366413449	-2.769
GTCCAC	GTCCAC	1	0.78	0.00010649627263045793	8.333505465644301e-05	0.5427459631564254	1735.1588442110922	-3.239
GTCCCG	GTCCCG	3	0.47	0.0003194888178913738	4.956759563837132e-05	0.011902697276667975	38.05292319350752	-1.58
GTCCCT	GTCCCT	3	0.90	0.0003194888178913738	9.603317363535676e-05	0.06314564615895422	201.87663077017666	-2.305
GTCCGA	GTCCGA	1	0.67	0.00010649627263045793	7.086875197115405e-05	0.4859617402619659	1553.619683617505	-3.191
GTCCGC	GTCCGC	1	0.54	0.00010649627263045793	5.7160854913682024e-05	0.41534913836772336	1327.8711953616116	-3.123
GTCCGT	GTCCGT	2	0.69	0.00021299254526091586	7.396610122414742e-05	0.15390985892060596	492.04981896917724	-2.692
GTCCTA	GTCCTA	2	1.12	0.00021299254526091586	0.0001193143836581015	0.30841914256821146	986.015998790572	-2.994
GTCCTG	GTCCTG	1	0.83	0.00010649627263045793	8.862177031976722e-05	0.5648908776182688	1805.9561357456055	-3.257
GTCCTT	GTCCTT	1	1.74	0.00010649627263045793	0.00018557591624417696	0.8249279811678716	2637.2947557936855	-3.421
GTCGAA	GTCGAA	1	1.26	0.00010649627263045793	0.000134099806403731	0.7161181595448303	2289.4297560648224	-3.36
GTCGAG	GTCGAG	1	0.57	0.00010649627263045793	6.07049606027999e-05	0.43448563421424424	1389.050572582939	-3.143
GTCGAT	GTCGAT	3	0.80	0.0003194888178913738	8.532673579670208e-05	0.04759789354951107	152.1704656777869	-2.182
GTCGCA	GTCGCA	3	0.83	0.0003194888178913738	8.827572255657937e-05	0.0516688954932738	165.18545889199635	-2.218
GTCGCC	GTCGCC	1	0.47	0.00010649627263045793	5.032807180684084e-05	0.37660852968529235	1204.0174694038797	-3.081
GTCGCG	GTCGCG	2	0.44	0.00021299254526091586	4.7207931634084545e-05	0.07351966630409215	235.04237317418261	-2.371
GTCGCT	GTCGCT	1	0.73	0.00010649627263045793	7.771362643123542e-05	0.5179613359075865	1655.9223908965541	-3.219
GTCGGA	GTCGGA	1	0.67	0.00010649627263045793	7.169505364302635e-05	0.48993471604849914	1566.3212872070517	-3.195
GTCGGT	GTCGGT	1	0.56	0.00010649627263045793	6.001250151537554e-05	0.43079657139237737	1377.2566387414304	-3.139
GTCGTA	GTCGTA	2	0.99	0.00021299254526091586	0.00010559796498409775	0.2611380514995717	834.8583506441307	-2.922
GTCGTC	GTCGTC	1	0.49	0.00010649627263045793	5.262336666886023e-05	0.3899006175406301	1246.5122742773945	-3.096
GTCGTG	GTCGTG	1	0.63	0.00010649627263045793	6.738191584867019e-05	0.4688528565504272	1498.9225823917157	-3.176
GTCGTT	GTCGTT	5	1.08	0.0005324813631522897	0.0001153983509228162	0.005109227034176154	16.334198828261165	-1.213
GTCTAA	GTCTAA	2	1.85	0.00021299254526091586	0.0001974812160330772	0.5531377762253077	1768.3814705923087	-3.248
GTCTAT	GTCTAT	2	2.19	0.00021299254526091586	0.00023329481373292123	0.6431419908629878	2056.1249447889722	-3.313
GTCTCA	GTCTCA	1	1.47	0.00010649627263045793	0.0001568763638604717	0.7707790874129055	2464.180742459059	-3.392
GTCTCC	GTCTCC	1	0.90	0.00010649627263045793	9.549967149806477e-05	0.5921035416613007	1892.9550226911786	-3.277
GTCTCG	GTCTCG	1	0.70	0.00010649627263045793	7.422182254467337e-05	0.501894269222721	1604.5559787050388	-3.205
GTCTCT	GTCTCT	3	1.59	0.0003194888178913738	0.00016973142072757778	0.21503484252767235	687.4663915609685	-2.837
GTCTGT	GTCTGT	3	1.40	0.0003194888178913738	0.00014874969606698787	0.1657197265524079	529.8059657880481	-2.724
GTCTTA	GTCTTA	3	2.13	0.0003194888178913738	0.00022637579913273515	0.3572950562738011	1142.272294907342	-3.058
GTCTTC	GTCTTC	2	1.83	0.00021299254526091586	0.0001951717477734922	0.5468107882876746	1748.1540901556957	-3.243
GTCTTT	GTCTTT	1	3.98	0.00010649627263045793	0.00042348643941786943	0.981249552611564	3137.05481969917	-3.497
GTGAAA	GTGAAA	5	4.75	0.0005324813631522897	0.0005062733212054159	0.5153191078316063	1647.4751877376452	-3.217
GTGAAC	GTGAAC	3	1.74	0.0003194888178913738	0.00018573464796316946	0.2544472996917568	813.4680171145465	-2.91
GTGAAG	GTGAAG	1	2.13	0.00010649627263045793	0.00022644462523329132	0.8807239865590348	2815.6745850292345	-3.45
GTGAAT	GTGAAT	5	2.95	0.0005324813631522897	0.00031443587531713725	0.17682818901769856	565.3197202895823	-2.752
GTGACA	GTGACA	2	1.42	0.00021299254526091586	0.0001513042819585118	0.4153085177375343	1327.7413312068973	-3.123
GTGACC	GTGACC	3	0.72	0.0003194888178913738	7.671229469736396e-05	0.036661386032882166	117.20645114712428	-2.069
GTGACT	GTGACT	3	1.20	0.0003194888178913738	0.0001276082400652839	0.12013174967376285	384.06120370701984	-2.584
GTGAGC	GTGAGC	2	1.04	0.00021299254526091586	0.00011114202989952029	0.2802843851491061	896.0691793216921	-2.952
GTGAGG	GTGAGG	2	1.01	0.00021299254526091586	0.00010767058555898089	0.2682975683359042	857.7473259698857	-2.933
GTGAGT	GTGAGT	2	1.41	0.00021299254526091586	0.000150142758278442	0.4115597798041332	1315.756616033814	-3.119
GTGATA	GTGATA	6	2.59	0.0006389776357827476	0.000276285308906692	0.04862047374847078	155.4396545738611	-2.192
GTGATC	GTGATC	3	1.20	0.0003194888178913738	0.00012769732980445587	0.12031300207663909	384.64066763901513	-2.585
GTGATG	GTGATG	4	1.18	0.0004259850905218317	0.00012562630786881418	0.03202905396375954	102.39688552213924	-2.01
GTGATT	GTGATT	4	2.39	0.0004259850905218317	0.0002548690593449421	0.2198612764073757	702.8965006743801	-2.847
GTGCAA	GTGCAA	5	2.25	0.0005324813631522897	0.00023928599581702625	0.07766510932913842	248.29535452525553	-2.395
GTGCAC	GTGCAC	4	1.20	0.0004259850905218317	0.00012730167942507444	0.0333681153552601	106.67786479076655	-2.028
GTGCAT	GTGCAT	2	1.93	0.00021299254526091586	0.0002050565912722866	0.5734485756616664	1833.3150963903474	-3.263
GTGCCA	GTGCCA	3	1.14	0.0003194888178913738	0.0001215732802154322	0.10809600616764303	345.58293171795475	-2.539
GTGCCG	GTGCCG	1	0.63	0.00010649627263045793	6.682586187589282e-05	0.466072300303148	1490.033144069164	-3.173
GTGCGC	GTGCGC	1	0.80	0.00010649627263045793	8.495176017991888e-05	0.5496350514361519	1757.1832594413775	-3.245
GTGCTC	GTGCTC	1	1.08	0.00010649627263045793	0.0001151796587977796	0.6609260304398291	2112.9805193161337	-3.325
GTGCTT	GTGCTT	1	2.20	0.00010649627263045793	0.00023434411633485643	0.8892512605855865	2842.93628009212	-3.454
GTGGAA	GTGGAA	4	2.18	0.0004259850905218317	0.00023185076942274305	0.17615934530624802	563.1814269440749	-2.751
GTGGAC	GTGGAC	1	0.76	0.00010649627263045793	8.055238212572644e-05	0.5306407762250667	1696.4585615915382	-3.23
GTGGAT	GTGGAT	2	1.39	0.00021299254526091586	0.00014752496575003298	0.4030676776781713	1288.6073655371138	-3.11
GTGGCA	GTGGCA	2	1.18	0.00021299254526091586	0.00012595039404450644	0.3311017865720342	1058.5324116707934	-3.025
GTGGCT	GTGGCT	5	1.04	0.0005324813631522897	0.00011088056362685813	0.004330748111155495	13.845401711364119	-1.141
GTGGGC	GTGGGC	1	0.68	0.00010649627263045793	7.235624165599395e-05	0.4930916744265611	1576.4140831417158	-3.198
GTGGGG	GTGGGG	2	0.61	0.00021299254526091586	6.483022229387961e-05	0.12479287819690192	398.96283159549546	-2.601
GTGGGT	GTGGGT	1	0.85	0.00010649627263045793	9.099274081052218e-05	0.5744708544823651	1836.5833217801212	-3.264
GTGGTA	GTGGTA	3	1.37	0.0003194888178913738	0.00014642341533358137	0.16047342181905555	513.0335295555205	-2.71
GTGGTG	GTGGTG	2	0.88	0.00021299254526091586	9.343257942298463e-05	0.21923443184592334	700.8924786114169	-2.846
GTGGTT	GTGGTT	3	1.50	0.0003194888178913738	0.0001600127490006692	0.191785936552179	613.1396391573162	-2.788
GTGTAA	GTGTAA	3	2.69	0.0003194888178913738	0.00028693701671637163	0.5049876497653498	1614.4455162998233	-3.208
GTGTAC	GTGTAC	1	1.59	0.00010649627263045793	0.00016914718272371588	0.795725795049893	2543.935366774508	-3.406
GTGTAG	GTGTAG	1	1.39	0.00010649627263045793	0.0001483174571546158	0.7515965208253779	2402.854077078733	-3.381
GTGTAT	GTGTAT	1	3.18	0.00010649627263045793	0.00033897359562903303	0.9585373419549171	3064.4438822298703	-3.486
GTGTCA	GTGTCA	2	1.40	0.00021299254526091586	0.00014859042883245223	0.40653119025229095	1299.6802152365742	-3.114
GTGTCG	GTGTCG	1	0.66	0.00010649627263045793	7.030155575538609e-05	0.48321668308347465	1544.8437358178685	-3.189
GTGTCT	GTGTCT	1	1.51	0.00010649627263045793	0.00016076650409033974	0.7790010820009545	2490.4664591570518	-3.396
GTGTGA	GTGTGA	1	1.72	0.00010649627263045793	0.00018308207538398407	0.8207799122412398	2624.0333794352437	-3.419
GTGTGC	GTGTGC	1	1.19	0.00010649627263045793	0.00012650926863516166	0.695145916767812	2222.381495906695	-3.347
GTGTGG	GTGTGG	2	1.00	0.00021299254526091586	0.00010669855284346407	0.2649398715682151	847.0127694035837	-2.928
GTGTGT	GTGTGT	3	1.74	0.0003194888178913738	0.0001856765507732948	0.25430226904280595	813.0043541298506	-2.91
GTGTTA	GTGTTA	1	2.17	0.00010649627263045793	0.00023110323497521767	0.8858291623457248	2831.9958320192823	-3.452
GTGTTG	GTGTTG	2	1.58	0.00021299254526091586	0.0001682475261986686	0.46853356463684565	1497.9018061439956	-3.175
GTGTTT	GTGTTT	4	4.06	0.0004259850905218317	0.00043233016290853934	0.578082351563487	1848.129277948468	-3.267
GTTAAA	GTTAAA	4	4.45	0.0004259850905218317	0.00047358469718800246	0.6486763581639293	2073.818317050082	-3.317
GTTAAC	GTTAAC	1	1.63	0.00010649627263045793	0.0001737422916213047	0.8043523845673427	2571.5145734617945	-3.41
GTTAAG	GTTAAG	1	1.99	0.00010649627263045793	0.000211823741799436	0.8631712226945941	2759.5583989546176	-3.441
GTTAAT	GTTAAT	5	2.76	0.0005324813631522897	0.00029413364789311375	0.14644150147361962	468.1734802111619	-2.67
GTTACA	GTTACA	3	2.25	0.0003194888178913738	0.00024014424360390983	0.3919821729993071	1253.1670070787848	-3.098
GTTACC	GTTACC	1	1.14	0.00010649627263045793	0.0001217547563542853	0.6812273614618558	2177.883874593553	-3.338
GTTACG	GTTACG	3	1.08	0.0003194888178913738	0.00011541853250470167	0.09633904063891956	307.99591292262585	-2.489
GTTACT	GTTACT	3	1.90	0.0003194888178913738	0.0002025348119130333	0.2967661265122797	948.7613064597581	-2.977
GTTAGA	GTTAGA	2	1.90	0.00021299254526091586	0.00020203494109236617	0.5654286193051237	1807.6752959184803	-3.257
GTTAGG	GTTAGG	1	1.08	0.00010649627263045793	0.00011500569719258585	0.6603717006638852	2111.2083270224407	-3.325
GTTAGT	GTTAGT	7	1.51	0.0007454739084132055	0.0001603713075821555	0.0009469557109172387	3.027417407802412	-0.481
GTTATA	GTTATA	1	4.51	0.00010649627263045793	0.00047983588223982445	0.9889536910029246	3161.68495013635	-3.5
GTTATC	GTTATC	2	2.08	0.00021299254526091586	0.0002217771228910492	0.6158608359166351	1968.9070924254825	-3.294
GTTATG	GTTATG	1	2.05	0.00010649627263045793	0.00021818029524371934	0.8710993043636901	2784.904476050717	-3.445
GTTATT	GTTATT	6	4.16	0.0006389776357827476	0.000442641414523117	0.23976713054663512	766.5355163575924	-2.885
GTTCAA	GTTCAA	2	3.34	0.00021299254526091586	0.00035559227290790315	0.8460865578643366	2704.938725492284	-3.432
GTTCAC	GTTCAC	2	1.78	0.00021299254526091586	0.00018917736233243652	0.5300970789724557	1694.720361474941	-3.229
GTTCAG	GTTCAG	1	1.73	0.00010649627263045793	0.00018375281073352185	0.8219051299365505	2627.630700407152	-3.42
GTTCAT	GTTCAT	4	2.86	0.0004259850905218317	0.00030472547762893764	0.3217436100944154	1028.6143214718459	-3.012
GTTCCA	GTTCCA	1	1.81	0.00010649627263045793	0.000192907236633541	0.8365746474110983	2674.5291477732812	-3.427
GTTCCG	GTTCCG	1	1.00	0.00010649627263045793	0.00010603639489935219	0.6305285278130047	2015.799703418176	-3.304
GTTCCT	GTTCCT	1	1.93	0.00010649627263045793	0.00020543686640216765	0.8547141612810083	2732.5211736153838	-3.437
GTTCGA	GTTCGA	2	1.30	0.00021299254526091586	0.0001384726144044453	0.3732682270599918	1193.3385219107938	-3.077
GTTCGT	GTTCGT	2	1.36	0.00021299254526091586	0.00014452461951045044	0.3932630797511735	1257.2620659645017	-3.099
GTTCTA	GTTCTA	2	2.58	0.00021299254526091586	0.0002751750875051085	0.7294894373628732	2332.177731249106	-3.368
GTTCTC	GTTCTC	4	1.98	0.0004259850905218317	0.00021035830272531512	0.13844091323510532	442.5955996126317	-2.646
GTTCTG	GTTCTG	4	1.92	0.0004259850905218317	0.00020438862989461307	0.12860038014580485	411.1354153261381	-2.614
GTTCTT	GTTCTT	5	4.02	0.0005324813631522897	0.0004279942403060362	0.37484878429892576	1198.3915634036657	-3.079
GTTGAA	GTTGAA	1	3.24	0.00010649627263045793	0.00034458803463835154	0.960666615614702	3071.2511701202025	-3.487
GTTGAC	GTTGAC	1	1.12	0.00010649627263045793	0.00011972091837888333	0.6750810211499305	2158.234024616328	-3.334
GTTGAT	GTTGAT	4	2.06	0.0004259850905218317	0.00021925887127509947	0.1536472910299075	491.2103894226143	-2.691
GTTGCG	GTTGCG	2	0.98	0.00021299254526091586	0.00010392489686536888	0.2553594617613172	816.384199250931	-2.912
GTTGCT	GTTGCT	1	1.61	0.00010649627263045793	0.00017108100974431883	0.7994016605689243	2555.6871088388507	-3.408
GTTGGA	GTTGGA	2	1.48	0.00021299254526091586	0.00015788296169955555	0.43630752318898325	1394.8751516351795	-3.145
GTTGGC	GTTGGC	4	0.99	0.0004259850905218317	0.00010508895039615265	0.01818860060411961	58.1489561313704	-1.765
GTTGGG	GTTGGG	1	0.88	0.00010649627263045793	9.415829040988749e-05	0.586933361587611	1876.4259569955923	-3.273
GTTGGT	GTTGGT	1	1.24	0.00010649627263045793	0.00013215627852686862	0.7108898308464497	2272.7147892160997	-3.357
GTTGTA	GTTGTA	4	2.48	0.0004259850905218317	0.00026367009837015027	0.2372767782632563	758.5738601076304	-2.88
GTTGTG	GTTGTG	3	1.58	0.0003194888178913738	0.00016824752619866876	0.21144609224954994	675.9931569218112	-2.83
GTTGTT	GTTGTT	1	2.71	0.00010649627263045793	0.000288140917717062	0.9331726744766714	2983.3530403019186	-3.475
GTTTAA	GTTTAA	7	4.54	0.0007454739084132055	0.0004836413369685386	0.17428889253799001	557.201589443954	-2.746
GTTTAC	GTTTAC	3	2.68	0.0003194888178913738	0.0002851028791374903	0.500753232544305	1600.9080844441432	-3.204
GTTTAG	GTTTAG	7	2.35	0.0007454739084132055	0.0002499937236921151	0.010377721666469402	33.177576167702675	-1.521
GTTTAT	GTTTAT	5	5.36	0.0005324813631522897	0.0005713506220395034	0.6210603569063253	1985.5299610295222	-3.298
GTTTCA	GTTTCA	4	4.07	0.0004259850905218317	0.0004333028492420693	0.579837680831574	1853.7410656185423	-3.268
GTTTCC	GTTTCC	2	2.48	0.00021299254526091586	0.00026377638251863977	0.7079208867279381	2263.223074869218	-3.355
GTTTCG	GTTTCG	5	1.93	0.0005324813631522897	0.00020500556229841166	0.04614007315468795	147.50981387553736	-2.169
GTTTCT	GTTTCT	6	4.40	0.0006389776357827476	0.0004688093629743742	0.2804462205951251	896.5865672426149	-2.953
GTTTGA	GTTTGA	1	3.31	0.00010649627263045793	0.00035207688871927444	0.9633375418097232	3079.790121165685	-3.489
GTTTGC	GTTTGC	4	2.28	0.0004259850905218317	0.00024328427347025276	0.19749688795967021	631.3975508070657	-2.8
GTTTGG	GTTTGG	3	1.93	0.0003194888178913738	0.0002051871786857742	0.30349453365687906	970.2720241010423	-2.987
GTTTGT	GTTTGT	3	3.35	0.0003194888178913738	0.00035706620742243764	0.6510770585576096	2081.4933562086776	-3.318
GTTTTA	GTTTTA	7	6.26	0.0007454739084132055	0.0006668195392922357	0.43561190126363897	1392.6512483398537	-3.144
GTTTTC	GTTTTC	5	5.40	0.0005324813631522897	0.0005749039227327941	0.6264247929830817	2002.6800631669123	-3.302
GTTTTG	GTTTTG	3	4.56	0.0003194888178913738	0.00048545723697413976	0.832889635471204	2662.748164601439	-3.425
GTTTTT	GTTTTT	7	11.71	0.0007454739084132055	0.0012474347236364897	0.9463306360444524	3025.4190434341144	-3.481
TAAAAA	TAAAAA	7	17.75	0.0007454739084132055	0.0018900650781386392	0.9987589281512226	3193.0322932994586	-3.504
TAAAAC	TAAAAC	2	6.51	0.00021299254526091586	0.0006934012858503456	0.9888315718035797	3161.2945350560444	-3.5
TAAAAG	TAAAAG	14	7.94	0.001490947816826411	0.0008453834329381547	0.032384118346101796	103.53202635248745	-2.015
TAAAAT	TAAAAT	8	11.02	0.0008519701810436634	0.0011738802784153476	0.8582706198714262	2743.8911717289493	-3.438
TAAACA	TAAACA	1	5.60	0.00010649627263045793	0.0005964595173410229	0.9963049266285812	3185.186850431574	-3.503
TAAACC	TAAACC	1	2.84	0.00010649627263045793	0.0003024090110143639	0.9415521639169329	3010.1422680424344	-3.479
TAAACT	TAAACT	10	4.72	0.0010649627263045794	0.0005030468952553975	0.02287531472898683	73.13238118857089	-1.864
TAAAGA	TAAAGA	8	6.55	0.0008519701810436634	0.000697713080209113	0.33479145540654043	1070.3282829347097	-3.03
TAAAGC	TAAAGC	3	3.85	0.0003194888178913738	0.00040996896755139336	0.7390220991498725	2362.653650982142	-3.373
TAAAGG	TAAAGG	6	3.73	0.0006389776357827476	0.00039716387074427445	0.17412908792711315	556.6906941029807	-2.746
TAAAGT	TAAAGT	3	5.20	0.0003194888178913738	0.0005538307303940736	0.8912484406461851	2849.321264745854	-3.455
TAAATA	TAAATA	9	9.45	0.0009584664536741214	0.0010067915820550892	0.6024625334188407	1926.0727193400337	-3.285
TAAATC	TAAATC	5	4.37	0.0005324813631522897	0.0004653327287172476	0.44295537937954144	1416.128347876394	-3.151
TAAATG	TAAATG	2	4.30	0.00021299254526091586	0.0004577858654428061	0.9280054524309919	2966.833431421881	-3.472
TAAATT	TAAATT	3	8.72	0.0003194888178913738	0.0009287501550125728	0.992210782195707	3172.0978706796755	-3.501
TAACAA	TAACAA	6	4.69	0.0006389776357827476	0.0004998819961350891	0.3304999615599772	1056.608377107247	-3.024
TAACAC	TAACAC	3	2.50	0.0003194888178913738	0.0002659404174702122	0.45546343981838827	1456.1166170993872	-3.163
TAACAG	TAACAG	5	2.43	0.0005324813631522897	0.0002583147296023952	0.09910320621925602	316.83295028296146	-2.501
TAACAT	TAACAT	7	4.02	0.0007454739084132055	0.0004283748316145884	0.11302518577145015	361.34151891132615	-2.558
TAACCA	TAACCA	2	2.12	0.00021299254526091586	0.0002258567591759091	0.6257035698976882	2000.374312962909	-3.301
TAACCG	TAACCG	1	1.17	0.00010649627263045793	0.00012414794242353755	0.6883109364722192	2200.5300639016846	-3.343
TAACCT	TAACCT	3	2.26	0.0003194888178913738	0.00024052651248636614	0.3929390967299549	1256.226292245666	-3.099
TAACGA	TAACGA	1	1.86	0.00010649627263045793	0.00019774628789550724	0.8438342980291735	2697.738250799268	-3.431
TAACGC	TAACGC	1	1.50	0.00010649627263045793	0.0001594969088310616	0.7763506765000567	2481.9931127706814	-3.395
TAACGT	TAACGT	2	1.94	0.00021299254526091586	0.00020638887436781662	0.5769501826566126	1844.5097339531903	-3.266
TAACTA	TAACTA	2	2.83	0.00021299254526091586	0.00030154147980497787	0.7742269032036447	2475.203409542052	-3.394
TAACTC	TAACTC	3	2.16	0.0003194888178913738	0.00023051415906927758	0.36776012649179274	1175.7291243942614	-3.07
TAACTG	TAACTG	1	2.10	0.00010649627263045793	0.00022397249137820076	0.877922805682995	2806.7192097685347	-3.448
TAACTT	TAACTT	3	4.40	0.0003194888178913738	0.00046900327257093556	0.8153255457694136	2606.5957698248153	-3.416
TAAGAA	TAAGAA	10	6.55	0.0010649627263045794	0.000697373262811778	0.12680206665927168	405.38620710969155	-2.608
TAAGAG	TAAGAG	4	2.96	0.0004259850905218317	0.0003156903621246183	0.3447776682405797	1102.2542053651332	-3.042
TAAGAT	TAAGAT	6	4.17	0.0006389776357827476	0.00044373355744060965	0.24142939081513068	771.8497624359728	-2.888
TAAGCA	TAAGCA	3	3.14	0.0003194888178913738	0.00033443260459372156	0.6075024160203917	1942.1852240171922	-3.288
TAAGCC	TAAGCC	1	1.79	0.00010649627263045793	0.00019066791696611423	0.8331018846237362	2663.4267251420847	-3.425
TAAGCG	TAAGCG	1	1.68	0.00010649627263045793	0.0001788472648722887	0.8135096562076076	2600.7903708957215	-3.415
TAAGCT	TAAGCT	2	2.76	0.00021299254526091586	0.00029441809987070406	0.7628228797052585	2438.7447464177117	-3.387
TAAGGC	TAAGGC	2	1.95	0.00021299254526091586	0.0002077314829496767	0.5804575437650078	1855.72276741673	-3.269
TAAGGG	TAAGGG	1	1.75	0.00010649627263045793	0.00018612462323696705	0.8258276951855946	2640.171141508346	-3.422
TAAGGT	TAAGGT	3	2.45	0.0003194888178913738	0.0002612360254432801	0.4440768768324577	1419.7137752333674	-3.152
TAAGTA	TAAGTA	3	3.92	0.0003194888178913738	0.000417652353110103	0.7502062281181238	2398.4093112936416	-3.38
TAAGTC	TAAGTC	3	1.95	0.0003194888178913738	0.0002081315953497309	0.31097117939351304	994.1748605210612	-2.997
TAAGTG	TAAGTG	3	2.50	0.0003194888178913738	0.0002665033906240722	0.45681951031045	1460.4519744625086	-3.164
TAAGTT	TAAGTT	2	4.29	0.00021299254526091586	0.00045641403047111444	0.927249349833517	2964.416171417754	-3.472
TAATAA	TAATAA	10	7.00	0.0010649627263045794	0.0007457279553815399	0.16974604611813607	542.6781094396811	-2.735
TAATAC	TAATAC	2	4.13	0.00021299254526091586	0.00043960094160938395	0.9173520963744988	2932.7746521092727	-3.467
TAATAG	TAATAG	5	3.62	0.0005324813631522897	0.0003854660348010449	0.2972993506841137	950.4660241371114	-2.978
TAATAT	TAATAT	7	8.27	0.0007454739084132055	0.0008809671519190394	0.718739118875678	2297.8089630455424	-3.361
TAATCA	TAATCA	6	3.36	0.0006389776357827476	0.0003581670455037509	0.124846618116852	399.13463811957587	-2.601
TAATCC	TAATCC	2	2.05	0.00021299254526091586	0.00021803689443913282	0.6066630612255106	1939.5018067379574	-3.288
TAATCG	TAATCG	1	1.59	0.00010649627263045793	0.00016945708224327193	0.7963193600550271	2545.8329940959215	-3.406
TAATCT	TAATCT	3	3.64	0.0003194888178913738	0.0003875166404622953	0.704060577414907	2250.8816659954578	-3.352
TAATGA	TAATGA	2	3.18	0.00021299254526091586	0.00033905852599789345	0.8266684944021825	2642.8591766037775	-3.422
TAATGC	TAATGC	5	2.20	0.0005324813631522897	0.000234288616504627	0.07249307614540458	231.76036443685845	-2.365
TAATGT	TAATGT	2	3.23	0.00021299254526091586	0.0003438633601106406	0.8325282317601844	2661.59275693731	-3.425
TAATTA	TAATTA	5	4.76	0.0005324813631522897	0.000507008382644575	0.516584272039115	1651.5199177090506	-3.218
TAATTC	TAATTC	1	4.10	0.00010649627263045793	0.00043712142621098697	0.9835028920982606	3144.258746038139	-3.498
TAATTG	TAATTG	3	3.47	0.0003194888178913738	0.00036911169223176457	0.6728106233065576	2150.975562711065	-3.333
TAATTT	TAATTT	14	8.91	0.001490947816826411	0.0009484722993524063	0.06922156501690885	221.3013433590576	-2.345
TACAAA	TACAAA	6	7.54	0.0006389776357827476	0.0008032260790803261	0.7631567414872191	2439.8121025346395	-3.387
TACAAC	TACAAC	7	2.77	0.0007454739084132055	0.00029467662383949716	0.02309325227083752	73.82912750986755	-1.868
TACAAG	TACAAG	1	3.37	0.00010649627263045793	0.00035926488881912017	0.9657304236745096	3087.440164487407	-3.49
TACAAT	TACAAT	6	4.68	0.0006389776357827476	0.0004988670835979113	0.3288445324396783	1051.3159702096516	-3.022
TACACA	TACACA	6	3.45	0.0006389776357827476	0.00036757924510569164	0.136052389731848	434.959489972718	-2.638
TACACC	TACACC	2	1.75	0.00021299254526091586	0.00018636516435743933	0.5221121957688225	1669.1926898729255	-3.223
TACACT	TACACT	2	2.91	0.00021299254526091586	0.0003100119834369577	0.7871603526925728	2516.5516475581553	-3.401
TACAGA	TACAGA	2	3.22	0.00021299254526091586	0.00034256470013013747	0.8309623562309071	2656.58665287021	-3.424
TACAGC	TACAGC	2	1.89	0.00021299254526091586	0.00020128746388101728	0.5634279653313772	1801.2792051644128	-3.256
TACAGG	TACAGG	2	1.83	0.00021299254526091586	0.00019500038933376444	0.5463388371522193	1746.6452623756452	-3.242
TACAGT	TACAGT	3	2.55	0.0003194888178913738	0.00027192102808713093	0.4697942735075215	1501.9322924035462	-3.177
TACATA	TACATA	8	5.54	0.0008519701810436634	0.0005903506167727658	0.19590289667247227	626.3015606618939	-2.797
TACATG	TACATG	3	2.52	0.0003194888178913738	0.0002684310961980486	0.4614519406679561	1475.2618543154556	-3.169
TACATT	TACATT	11	5.11	0.0011714589989350373	0.000544589601872012	0.015876759646076485	50.75800058850652	-1.706
TACCAA	TACCAA	6	2.86	0.0006389776357827476	0.0003041514701875942	0.07010004063090357	224.10982989699872	-2.35
TACCAC	TACCAC	4	1.52	0.0004259850905218317	0.00016181052644674316	0.0681010369405348	217.71901509888977	-2.338
TACCAT	TACCAT	1	2.45	0.00010649627263045793	0.00026064318345990224	0.9134851750209619	2920.412104542015	-3.465
TACCCC	TACCCC	2	1.06	0.00021299254526091586	0.00011310952257825868	0.2870716137435554	917.7679491381466	-2.963
TACCCG	TACCCG	1	0.90	0.00010649627263045793	9.624471692026471e-05	0.5949472169630358	1902.0462526308254	-3.279
TACCCT	TACCCT	1	1.75	0.00010649627263045793	0.00018646628896267447	0.8263855865400705	2641.9547201686055	-3.422
TACCGC	TACCGC	1	1.04	0.00010649627263045793	0.00011098844374506801	0.647315534338583	2069.46776328045	-3.316
TACCGG	TACCGG	1	0.88	0.00010649627263045793	9.357772976151107e-05	0.5846753944551444	1869.2072360730965	-3.272
TACCTA	TACCTA	1	2.18	0.00010649627263045793	0.0002316710934189497	0.8864363228479724	2833.9369241449676	-3.452
TACCTG	TACCTG	2	1.62	0.00021299254526091586	0.00017207566934709156	0.48015478513270543	1535.0548480692592	-3.186
TACCTT	TACCTT	3	3.38	0.0003194888178913738	0.0003603301975033309	0.6570665992051165	2100.6419176587574	-3.322
TACGAA	TACGAA	3	2.98	0.0003194888178913738	0.00031759018525821483	0.5728038210451545	1831.2538158813588	-3.263
TACGAC	TACGAC	2	1.04	0.00021299254526091586	0.00011034100092052782	0.2775194672466869	887.2297367876581	-2.948
TACGAG	TACGAG	1	1.35	0.00010649627263045793	0.00014376828871692893	0.7407556513756777	2368.1958174480415	-3.374
TACGAT	TACGAT	2	1.90	0.00021299254526091586	0.00020208033520620634	0.5655499050784983	1808.063046535959	-3.257
TACGCC	TACGCC	1	1.12	0.00010649627263045793	0.0001191925781063515	0.6734650554970718	2153.0677824241384	-3.333
TACGCG	TACGCG	1	1.05	0.00010649627263045793	0.00011180311258755787	0.6500031859299714	2078.0601854181186	-3.318
TACGCT	TACGCT	1	1.73	0.00010649627263045793	0.00018405011668008714	0.8224016245356365	2629.21799364043	-3.42
TACGGA	TACGGA	2	1.59	0.00021299254526091586	0.00016979625831848224	0.4732539115819091	1512.9927553273635	-3.18
TACGGC	TACGGC	1	1.06	0.00010649627263045793	0.00011301859539371393	0.653975124066412	2090.7584716403194	-3.32
TACGGG	TACGGG	1	0.95	0.00010649627263045793	0.00010126314599853947	0.6135917944316372	1961.6529667979444	-3.293
TACGGT	TACGGT	1	1.33	0.00010649627263045793	0.000142128329527154	0.7367325949910004	2355.3341061862284	-3.372
TACGTA	TACGTA	5	2.35	0.0005324813631522897	0.00025008893123396015	0.08950165242810687	286.13678281265766	-2.457
TACGTC	TACGTC	3	1.17	0.0003194888178913738	0.00012462855254956817	0.11412876954783506	364.86967624442866	-2.562
TACGTG	TACGTG	1	1.50	0.00010649627263045793	0.0001595814021759634	0.7765280478260365	2482.5601688998386	-3.395
TACGTT	TACGTT	4	2.57	0.0004259850905218317	0.0002732993031901201	0.25668153989250353	820.6108830363338	-2.914
TACTAA	TACTAA	1	3.37	0.00010649627263045793	0.0003588874034452872	0.9656087366193331	3087.0511309720077	-3.49
TACTAC	TACTAC	4	1.99	0.0004259850905218317	0.0002115613868942006	0.1404597713976013	449.04988915813135	-2.652
TACTAG	TACTAG	6	1.74	0.0006389776357827476	0.00018550854014225444	0.008943076926811483	28.59101693501631	-1.456
TACTAT	TACTAT	3	3.98	0.0003194888178913738	0.0004239723231390079	0.7591142811796948	2426.8883569314844	-3.385
TACTCA	TACTCA	3	2.68	0.0003194888178913738	0.0002850952207950382	0.5007355130224863	1600.8514351328888	-3.204
TACTCC	TACTCC	1	1.63	0.00010649627263045793	0.00017355386918458966	0.8040059214413192	2570.4069308478975	-3.41
TACTCG	TACTCG	1	1.27	0.00010649627263045793	0.00013488511822599413	0.7182038269940054	2296.097634899835	-3.361
TACTCT	TACTCT	3	2.90	0.0003194888178913738	0.00030845702741569655	0.5532060557345115	1768.5997601832335	-3.248
TACTGA	TACTGA	2	2.50	0.00021299254526091586	0.0002665491344348182	0.7132963603255296	2280.408463960718	-3.358
TACTGC	TACTGC	1	1.73	0.00010649627263045793	0.00018418480335641928	0.8226260926292681	2629.9356181357703	-3.42
TACTGT	TACTGT	5	2.54	0.0005324813631522897	0.00027032643031636635	0.1140062785084737	364.4780723915904	-2.562
TACTTA	TACTTA	4	3.86	0.0004259850905218317	0.0004113982300979518	0.5393233030916621	1724.2165999840438	-3.237
TACTTC	TACTTC	4	3.33	0.0004259850905218317	0.0003546903507651835	0.42639933017149756	1363.1986585582777	-3.135
TACTTG	TACTTG	1	2.81	0.00010649627263045793	0.0002995056927866608	0.9399368310811207	3004.978048966343	-3.478
TACTTT	TACTTT	3	7.23	0.0003194888178913738	0.0007696121772488604	0.9750374345055244	3117.1946781141614	-3.494
TAGAAA	TAGAAA	7	7.57	0.0007454739084132055	0.0008059238538086373	0.6310278922194976	2017.3961714257339	-3.305
TAGAAC	TAGAAC	2	2.78	0.00021299254526091586	0.0002956663466205708	0.7648567669593471	2445.2470839690327	-3.388
TAGAAG	TAGAAG	3	3.38	0.0003194888178913738	0.0003604715425409907	0.6573242877917719	2101.4657480702945	-3.323
TAGAAT	TAGAAT	4	4.70	0.0004259850905218317	0.0005005426156130796	0.6903314022630506	2206.989493034973	-3.344
TAGACA	TAGACA	2	2.26	0.00021299254526091586	0.00024085750701502334	0.6602068327773111	2110.6812443890635	-3.324
TAGACC	TAGACC	1	1.15	0.00010649627263045793	0.00012211638572975263	0.682307981888477	2181.3386180974608	-3.339
TAGACG	TAGACG	1	1.09	0.00010649627263045793	0.00011576134237165732	0.6627730067392379	2118.8853025453436	-3.326
TAGACT	TAGACT	1	1.91	0.00010649627263045793	0.00020313636982941872	0.8515416026772505	2722.37850375917	-3.435
TAGAGA	TAGAGA	2	2.83	0.00021299254526091586	0.00030110167620240203	0.7735369441676467	2472.997610503967	-3.393
TAGAGC	TAGAGC	2	1.66	0.00021299254526091586	0.00017692422117655522	0.49464634299006444	1581.384358539236	-3.199
TAGAGG	TAGAGG	1	1.61	0.00010649627263045793	0.0001713981156441751	0.7999980786837122	2557.593857551828	-3.408
TAGAGT	TAGAGT	3	2.24	0.0003194888178913738	0.00023900850648245892	0.38913683868288357	1244.0704732691788	-3.095
TAGATA	TAGATA	4	4.13	0.0004259850905218317	0.0004398116819085687	0.5914746304985322	1890.9443937038075	-3.277
TAGATC	TAGATC	1	1.91	0.00010649627263045793	0.00020327818955983082	0.8517391712558999	2723.010130505112	-3.435
TAGATG	TAGATG	6	1.88	0.0006389776357827476	0.00019998138147260894	0.01254712121378939	40.11314652048468	-1.603
TAGATT	TAGATT	2	3.81	0.00021299254526091586	0.0004057196891884349	0.8934426062677063	2856.336012237857	-3.456
TAGCAA	TAGCAA	4	3.04	0.0004259850905218317	0.0003239096236606245	0.3620675085746332	1157.5298249131024	-3.064
TAGCAC	TAGCAC	1	1.62	0.00010649627263045793	0.00017232199039960417	0.8017256279041134	2563.1168324094506	-3.409
TAGCAG	TAGCAG	1	1.57	0.00010649627263045793	0.0001673807568554569	0.792309296189039	2533.012819916358	-3.404
TAGCAT	TAGCAT	3	2.61	0.0003194888178913738	0.00027757497082664954	0.48318318446108316	1544.736640722083	-3.189
TAGCCA	TAGCCA	3	1.55	0.0003194888178913738	0.00016456773956750843	0.2026050109889592	647.7282201317025	-2.811
TAGCCC	TAGCCC	1	1.00	0.00010649627263045793	0.00010630982608860659	0.6314759360240164	2018.8285674687804	-3.305
TAGCCG	TAGCCG	1	0.85	0.00010649627263045793	9.045886574811879e-05	0.5723322839835489	1829.7463118954056	-3.262
TAGCGA	TAGCGA	1	1.34	0.00010649627263045793	0.00014257225545174408	0.7378277316998836	2358.8352582445277	-3.373
TAGCGC	TAGCGC	3	1.08	0.0003194888178913738	0.00011499499824563987	0.09555018974951307	305.4739566291933	-2.485
TAGCGG	TAGCGG	2	0.91	0.00021299254526091586	9.695577761656941e-05	0.23133065757187668	739.5641122572897	-2.869
TAGCGT	TAGCGT	1	1.40	0.00010649627263045793	0.00014880343713109372	0.7527274908638834	2406.469788291835	-3.381
TAGCTA	TAGCTA	2	1.92	0.00021299254526091586	0.00020395380501431824	0.5705341736864183	1823.9977532754795	-3.261
TAGCTC	TAGCTC	2	1.46	0.00021299254526091586	0.0001559130103170599	0.43006201317066295	1374.9082561066095	-3.138
TAGCTG	TAGCTG	2	1.42	0.00021299254526091586	0.00015148841832528058	0.41590169979876457	1329.6377342566502	-3.124
TAGCTT	TAGCTT	3	2.98	0.0003194888178913738	0.0003172200457027493	0.5720200773801761	1828.748187384423	-3.262
TAGGAA	TAGGAA	1	3.39	0.00010649627263045793	0.00036049369806315137	0.966123571292788	3088.697057423043	-3.49
TAGGAC	TAGGAC	1	1.18	0.00010649627263045793	0.00012524705521831531	0.6915112331638068	2210.76141242469	-3.345
TAGGAT	TAGGAT	1	2.15	0.00010649627263045793	0.00022937952973923727	0.8839662038573468	2826.0399537319377	-3.451
TAGGCC	TAGGCC	1	1.05	0.00010649627263045793	0.00011164972992730092	0.6494987352219251	2076.4474565044948	-3.317
TAGGCT	TAGGCT	1	1.62	0.00010649627263045793	0.00017240289745293238	0.801876203156462	2563.598221491209	-3.409
TAGGGT	TAGGGT	1	1.33	0.00010649627263045793	0.00014148027075069626	0.7351256568773625	2350.196725036928	-3.371
TAGGTA	TAGGTA	3	2.14	0.0003194888178913738	0.00022766678155980102	0.3605625938275608	1152.7186124667119	-3.062
TAGGTC	TAGGTC	1	1.07	0.00010649627263045793	0.00011345476710791659	0.6553894234623776	2095.279986809221	-3.321
TAGGTG	TAGGTG	3	1.36	0.0003194888178913738	0.00014527385938649766	0.15789991438142711	504.80602627742246	-2.703
TAGGTT	TAGGTT	1	2.34	0.00010649627263045793	0.0002487961880312987	0.9033052534803906	2887.8668953768088	-3.461
TAGTAA	TAGTAA	5	3.36	0.0005324813631522897	0.00035750695789171	0.2478572060377393	792.3994877026526	-2.899
TAGTAC	TAGTAC	4	1.98	0.0004259850905218317	0.00021074762476980404	0.1390929375343177	444.6801212972137	-2.648
TAGTAG	TAGTAG	3	1.74	0.0003194888178913738	0.00018479498921532958	0.25210303116024657	805.9733906193082	-2.906
TAGTAT	TAGTAT	3	3.97	0.0003194888178913738	0.0004223415311337759	0.7568406282685141	2419.6194885744394	-3.384
TAGTCA	TAGTCA	9	1.74	0.0009584664536741214	0.00018513509616719894	8.471351302154746e-05	0.27082910112988723	0.567
TAGTCG	TAGTCG	1	0.82	0.00010649627263045793	8.759167994698294e-05	0.5606618436891092	1792.435914274082	-3.253
TAGTCT	TAGTCT	4	1.88	0.0004259850905218317	0.00020030578301103244	0.12204533542082494	390.17893734037733	-2.591
TAGTGA	TAGTGA	1	2.14	0.00010649627263045793	0.00022810969656008955	0.8825743663295621	2821.59024915561	-3.45
TAGTGC	TAGTGC	1	1.48	0.00010649627263045793	0.00015762324531159462	0.7723810393896404	2469.3021829286804	-3.393
TAGTGG	TAGTGG	3	1.25	0.0003194888178913738	0.00013294023711210579	0.13115398820067	419.299300277542	-2.623
TAGTTA	TAGTTA	7	2.70	0.0007454739084132055	0.00028794128913869427	0.020706053147136416	66.19725191139513	-1.821
TAGTTC	TAGTTC	2	2.33	0.00021299254526091586	0.0002482509388046367	0.6762490869615315	2161.9683310160162	-3.335
TAGTTG	TAGTTG	2	1.97	0.00021299254526091586	0.00020962670467696357	0.5853719543148292	1871.434137944509	-3.272
TAGTTT	TAGTTT	8	5.06	0.0008519701810436634	0.0005386584244689423	0.13949960965309033	445.9802520609298	-2.649
TATAAA	TATAAA	14	13.32	0.001490947816826411	0.0014184455429110511	0.4620033934301187	1477.0248487960896	-3.169
TATAAC	TATAAC	5	4.89	0.0005324813631522897	0.0005203799460343605	0.5393467199234369	1724.2914635952277	-3.237
TATAAG	TATAAG	8	5.96	0.0008519701810436634	0.0006344386637114571	0.25017345318207906	799.8045298231068	-2.903
TATAAT	TATAAT	10	8.27	0.0010649627263045794	0.0008809671519190394	0.3176819711882607	1015.6292618888695	-3.007
TATACA	TATACA	8	6.75	0.0008519701810436634	0.0007192621172480337	0.3646660769832608	1165.837448115485	-3.067
TATACC	TATACC	3	3.42	0.0003194888178913738	0.0003646707600655389	0.6649161320782737	2125.7368742542412	-3.328
TATACG	TATACG	6	3.25	0.0006389776357827476	0.00034569297524332217	0.11072533229739706	353.9888873547784	-2.549
TATACT	TATACT	7	5.70	0.0007454739084132055	0.0006066171541187375	0.34501762695076726	1103.021353361603	-3.043
TATAGA	TATAGA	3	5.68	0.0003194888178913738	0.0006051199783404308	0.9222469061087447	2948.423358829657	-3.47
TATAGC	TATAGC	2	3.34	0.00021299254526091586	0.0003555622214945365	0.8460531324282836	2704.8318643732227	-3.432
TATAGT	TATAGT	3	4.51	0.0003194888178913738	0.00048033217247393887	0.8275792841939169	2645.7709715679525	-3.423
TATATA	TATATA	64	13.50	0.006815761448349307	0.0014371686258723847	2.9341752417116106e-23	9.380558247752019e-20	19.028
TATATC	TATATC	3	6.24	0.0003194888178913738	0.0006642502879681615	0.9478194971711061	3030.1789324560264	-3.481
TATATG	TATATG	8	6.14	0.0008519701810436634	0.0006534773382185853	0.2749682430027534	879.0734728798027	-2.944
TATATT	TATATT	9	12.45	0.0009584664536741214	0.0013257665318710898	0.8722453554883562	2788.568401496275	-3.445
TATCAA	TATCAA	5	5.36	0.0005324813631522897	0.0005709582992989533	0.6204652538232982	1983.6274164730844	-3.297
TATCAC	TATCAC	1	2.85	0.00010649627263045793	0.0003037534651130189	0.9422853961253114	3012.4864114126203	-3.479
TATCAG	TATCAG	1	2.77	0.00010649627263045793	0.00029504350994428573	0.9373667228578869	2996.7614129766644	-3.477
TATCAT	TATCAT	9	4.59	0.0009584664536741214	0.0004892838054024334	0.04479141302897924	143.1981474536466	-2.156
TATCCA	TATCCA	3	2.91	0.0003194888178913738	0.0003097423542138488	0.5559964192832704	1777.5205524486155	-3.25
TATCCC	TATCCC	2	1.88	0.00021299254526091586	0.00020009180350467147	0.5602139611196462	1791.0040336995087	-3.253
TATCCG	TATCCG	1	1.60	0.00010649627263045793	0.00017025780453673285	0.7978450476089154	2550.7106172057024	-3.407
TATCCT	TATCCT	1	3.10	0.00010649627263045793	0.00032986060944205906	0.9548331163219037	3052.601472881126	-3.485
TATCGA	TATCGA	3	2.09	0.0003194888178913738	0.0002223391632593731	0.34706400266945975	1109.5636165342628	-3.045
TATCGG	TATCGG	2	1.42	0.00021299254526091586	0.0001512009920873156	0.414975643790647	1326.6771331986984	-3.123
TATCGT	TATCGT	2	2.18	0.00021299254526091586	0.00023205659191555828	0.6402842456772326	2046.9887334301127	-3.311
TATCTA	TATCTA	8	4.15	0.0008519701810436634	0.0004418360913372523	0.06049396313824774	193.399200152978	-2.286
TATCTC	TATCTC	1	3.17	0.00010649627263045793	0.0003377627353521464	0.9580632221871571	3062.928121332341	-3.486
TATCTG	TATCTG	2	3.08	0.00021299254526091586	0.00032817750387645686	0.8127107257927373	2598.236190359381	-3.415
TATCTT	TATCTT	4	6.45	0.0004259850905218317	0.0006872108371662281	0.8848685910819788	2828.9248856890863	-3.452
TATGAA	TATGAA	4	6.05	0.0004259850905218317	0.0006446074794485108	0.8534514833930643	2728.4843924076267	-3.436
TATGAC	TATGAC	3	2.10	0.0003194888178913738	0.00022395728137939173	0.35116753538579176	1122.6826106283763	-3.05
TATGAT	TATGAT	3	3.85	0.0003194888178913738	0.00041015907156410913	0.7393035548187818	2363.5534647556456	-3.374
TATGCA	TATGCA	4	3.41	0.0004259850905218317	0.0003635306708073065	0.4446034785853361	1421.3973210373194	-3.153
TATGCC	TATGCC	1	1.95	0.00010649627263045793	0.0002072574109223816	0.857176701633986	2740.3939151238533	-3.438
TATGCG	TATGCG	2	1.83	0.00021299254526091586	0.00019440827622073219	0.5447054006576485	1741.4231659025022	-3.241
TATGCT	TATGCT	4	3.01	0.0004259850905218317	0.0003200346134726689	0.3539163284026686	1131.4705019033315	-3.054
TATGGA	TATGGA	2	2.77	0.00021299254526091586	0.0002953455365791431	0.7643354945614871	2443.580576113074	-3.388
TATGGC	TATGGC	1	1.85	0.00010649627263045793	0.00019658582603963165	0.8421232962354858	2692.268178064848	-3.43
TATGGG	TATGGG	1	1.65	0.00010649627263045793	0.00017613826409845773	0.8087049540986355	2585.4297382533377	-3.413
TATGGT	TATGGT	1	2.32	0.00010649627263045793	0.0002472196275877853	0.9018631458006775	2883.2564771247658	-3.46
TATGTA	TATGTA	6	4.63	0.0006389776357827476	0.0004932374326192203	0.3196822019953595	1022.0239997791643	-3.009
TATGTG	TATGTG	4	2.96	0.0004259850905218317	0.0003147341256355412	0.3427665310470755	1095.8245997575004	-3.04
TATGTT	TATGTT	4	5.06	0.0004259850905218317	0.0005390140458315962	0.7434794707304164	2376.903867925141	-3.376
TATTAA	TATTAA	5	6.71	0.0005324813631522897	0.0007143124688356673	0.7986040216294374	2553.1370571493117	-3.407
TATTAC	TATTAC	5	3.95	0.0005324813631522897	0.0004210817519142396	0.36216871672056367	1157.853387355642	-3.064
TATTAG	TATTAG	3	3.47	0.0003194888178913738	0.0003692274012044437	0.6730144696129663	2151.6272593526533	-3.333
TATTAT	TATTAT	11	7.92	0.0011714589989350373	0.0008438544065690164	0.17662250718477226	564.6621554697169	-2.752
TATTCA	TATTCA	4	6.01	0.0004259850905218317	0.0006399652063152037	0.84962170330248	2716.2405854580284	-3.434
TATTCC	TATTCC	4	3.66	0.0004259850905218317	0.0003895836534536913	0.49708623236845806	1589.1846848819605	-3.201
TATTCT	TATTCT	3	6.50	0.0003194888178913738	0.000692406434029203	0.9570178998904885	3059.5862259498917	-3.486
TATTGA	TATTGA	3	4.88	0.0003194888178913738	0.0005199987932739613	0.8651224452495023	2765.796457462659	-3.442
TATTGC	TATTGC	3	3.37	0.0003194888178913738	0.0003593179009484305	0.6552169755804649	2094.7286709307464	-3.321
TATTGG	TATTGG	3	2.85	0.0003194888178913738	0.0003030505231400329	0.5413552366456856	1730.712691556257	-3.238
TATTGT	TATTGT	3	4.95	0.0003194888178913738	0.0005273677509875496	0.8712451032889883	2785.3705952148957	-3.445
TATTTA	TATTTA	9	9.25	0.0009584664536741214	0.0009848569073215593	0.5765200230572797	1843.1345137141232	-3.266
TATTTC	TATTTC	10	7.97	0.0010649627263045794	0.000849102442244893	0.2800402632939765	895.2887217508429	-2.952
TATTTG	TATTTG	4	6.73	0.0004259850905218317	0.0007169944563272451	0.9031841657095915	2887.479777773564	-3.461
TATTTT	TATTTT	19	17.30	0.0020234291799787005	0.0018423945784644198	0.3725466588816108	1191.0316684445097	-3.076
TCAAAA	TCAAAA	9	9.83	0.0009584664536741214	0.0010468311683113154	0.6476872739810386	2070.6562149173806	-3.316
TCAAAC	TCAAAC	3	3.61	0.0003194888178913738	0.0003840471349749163	0.6983498596218967	2232.6245012112036	-3.349
TCAAAG	TCAAAG	7	4.40	0.0007454739084132055	0.0004682239447782469	0.15593721347173337	498.5312714691316	-2.698
TCAAAT	TCAAAT	8	6.11	0.0008519701810436634	0.0006501651596681231	0.2706054846180343	865.1257343238557	-2.937
TCAACA	TCAACA	3	3.10	0.0003194888178913738	0.0003303549812175865	0.5992768191815615	1915.8879909234522	-3.282
TCAACC	TCAACC	2	1.57	0.00021299254526091586	0.00016749221070197194	0.46622227413944844	1490.5126104238166	-3.173
TCAACT	TCAACT	7	2.62	0.0007454739084132055	0.0002786174799833852	0.017692419710081966	56.56266581313205	-1.753
TCAAGA	TCAAGA	3	3.63	0.0003194888178913738	0.00038643526476913047	0.702289597016631	2245.219841662169	-3.351
TCAAGG	TCAAGG	4	2.07	0.0004259850905218317	0.0002199731234819292	0.1548939700513696	495.1960222542286	-2.695
TCAAGT	TCAAGT	3	2.88	0.0003194888178913738	0.0003067446075010812	0.5494722865940757	1756.6629002412599	-3.245
TCAATA	TCAATA	7	5.24	0.0007454739084132055	0.0005576214386896457	0.2730847660967942	873.0519972114511	-2.941
TCAATC	TCAATC	2	2.42	0.00021299254526091586	0.00025772911720917834	0.6959045107400615	2224.8067208359766	-3.347
TCAATG	TCAATG	5	2.38	0.0005324813631522897	0.00025354921261750704	0.09347954972397648	298.85412046755283	-2.475
TCAATT	TCAATT	3	4.83	0.0003194888178913738	0.0005143974252985008	0.8602980720056473	2750.3729362020545	-3.439
TCACAA	TCACAA	2	3.77	0.00021299254526091586	0.00040149149360191094	0.8900421035069896	2845.464604911846	-3.454
TCACAC	TCACAC	2	2.01	0.00021299254526091586	0.00021359604115523442	0.5955258204149589	1903.8960478666238	-3.28
TCACAG	TCACAG	2	1.95	0.00021299254526091586	0.0002074712980449336	0.5797795279295468	1853.555150790761	-3.268
TCACAT	TCACAT	2	3.23	0.00021299254526091586	0.0003440589024933188	0.8327628702868992	2662.342896307217	-3.425
TCACCA	TCACCA	1	1.70	0.00010649627263045793	0.00018140194742504275	0.8179300429420944	2614.9223472858757	-3.417
TCACCC	TCACCC	2	1.10	0.00021299254526091586	0.00011718462885600917	0.30110388093399787	962.6291073459912	-2.983
TCACCG	TCACCG	2	0.94	0.00021299254526091586	9.971221851678791e-05	0.2408227270949829	769.9102585226603	-2.886
TCACCT	TCACCT	3	1.81	0.0003194888178913738	0.00019318429048385398	0.2731308656183835	873.1993773819721	-2.941
TCACGC	TCACGC	1	1.20	0.00010649627263045793	0.0001281035377280628	0.6996756492694565	2236.863050714452	-3.35
TCACGG	TCACGG	2	1.01	0.00021299254526091586	0.00010800798561105067	0.26946298663295587	861.4731682655599	-2.935
TCACGT	TCACGT	11	1.56	0.0011714589989350373	0.00016576587689379134	7.874841488594309e-07	0.0025175868239036008	2.599
TCACTA	TCACTA	1	2.27	0.00010649627263045793	0.00024218983689325315	0.8971169701326795	2868.0829535141766	-3.458
TCACTC	TCACTC	1	1.74	0.00010649627263045793	0.00018514264313712565	0.8242142612539252	2635.0129932287987	-3.421
TCACTG	TCACTG	4	1.69	0.0004259850905218317	0.0001798885552678996	0.09157368277960883	292.7610638464094	-2.467
TCACTT	TCACTT	3	3.54	0.0003194888178913738	0.00037669055069909397	0.6859646795208416	2193.029080428131	-3.341
TCAGAA	TCAGAA	2	4.19	0.00021299254526091586	0.0004462414216739917	0.9214039140978527	2945.728313370835	-3.469
TCAGAC	TCAGAC	1	1.46	0.00010649627263045793	0.00015503856040032928	0.7667890994299906	2451.4247508776803	-3.389
TCAGAG	TCAGAG	1	1.90	0.00010649627263045793	0.00020200676383156524	0.8499585233905705	2717.317399279654	-3.434
TCAGAT	TCAGAT	3	2.67	0.0003194888178913738	0.00028394018537272097	0.4980593667236606	1592.295795415543	-3.202
TCAGCA	TCAGCA	4	2.01	0.0004259850905218317	0.00021399971706158986	0.14458711125226176	462.24499467348085	-2.665
TCAGCC	TCAGCC	1	1.15	0.00010649627263045793	0.00012200628683629598	0.6819793729577364	2180.288055345883	-3.339
TCAGCG	TCAGCG	1	1.07	0.00010649627263045793	0.00011444238257332736	0.658570468900286	2105.4497890742146	-3.323
TCAGCT	TCAGCT	2	1.77	0.00021299254526091586	0.0001883948789822163	0.5278844852683664	1687.6466994029674	-3.227
TCAGGA	TCAGGA	2	1.88	0.00021299254526091586	0.00019970324399636036	0.559165845995935	1787.653209649004	-3.252
TCAGGT	TCAGGT	4	1.57	0.0004259850905218317	0.000167162037323097	0.07468641175095114	238.7724583677908	-2.378
TCAGTA	TCAGTA	1	2.51	0.00010649627263045793	0.00026725111178752355	0.9186901358625913	2937.0523643527044	-3.468
TCAGTC	TCAGTC	1	1.25	0.00010649627263045793	0.0001331811010787309	0.7136586187152231	2281.566604032568	-3.358
TCAGTG	TCAGTG	1	1.60	0.00010649627263045793	0.00017053256592248074	0.7983659370500319	2552.375900748952	-3.407
TCAGTT	TCAGTT	5	2.74	0.0005324813631522897	0.00029205427952341454	0.14346415854507935	458.6549148686187	-2.661
TCATAA	TCATAA	9	5.35	0.0009584664536741214	0.0005698882644173312	0.09344795967663809	298.753127086212	-2.475
TCATAC	TCATAC	1	3.15	0.00010649627263045793	0.0003359447850145567	0.957341192985054	3060.619793973218	-3.486
TCATAG	TCATAG	2	2.77	0.00021299254526091586	0.00029457467428883774	0.7630788374586206	2439.56304335521	-3.387
TCATAT	TCATAT	3	6.32	0.0003194888178913738	0.0006732385953788647	0.950938830037827	3040.151439630933	-3.483
TCATCA	TCATCA	7	2.57	0.0007454739084132055	0.0002737126782771387	0.016237682582070527	51.911871214879476	-1.715
TCATCG	TCATCG	5	1.22	0.0005324813631522897	0.00012949977508008783	0.008170056620280867	26.11967101503793	-1.417
TCATCT	TCATCT	6	2.78	0.0006389776357827476	0.0002961417552771004	0.06344596006729118	202.8367343351299	-2.307
TCATGA	TCATGA	8	2.43	0.0008519701810436634	0.00025910987180033677	0.0036201512664391653	11.57362359880601	-1.063
TCATGG	TCATGG	1	1.42	0.00010649627263045793	0.0001510068546610432	0.7577910184287321	2422.6578859166566	-3.384
TCATGT	TCATGT	2	2.47	0.00021299254526091586	0.00026278174510690425	0.7059721465081479	2256.992952386549	-3.354
TCATTA	TCATTA	5	3.64	0.0005324813631522897	0.0003874578190950671	0.3008867734134261	961.9350146027233	-2.983
TCATTC	TCATTC	3	3.14	0.0003194888178913738	0.0003340499295021795	0.6067352792634427	1939.7326878052263	-3.288
TCATTG	TCATTG	3	2.65	0.0003194888178913738	0.00028207662076243465	0.49372632100170916	1578.443048242464	-3.198
TCATTT	TCATTT	14	6.81	0.001490947816826411	0.0007248262970768046	0.010281044538750393	32.868499390385004	-1.517
TCCAAA	TCCAAA	3	4.47	0.0003194888178913738	0.000475947853203423	0.8229221526493131	2630.8821220198543	-3.42
TCCAAC	TCCAAC	4	1.64	0.0004259850905218317	0.00017460925405487937	0.08436272051253246	269.7076174785663	-2.431
TCCAAG	TCCAAG	2	2.00	0.00021299254526091586	0.00021288072812651642	0.5937098816411103	1898.0904916066295	-3.278
TCCAAT	TCCAAT	3	2.78	0.0003194888178913738	0.00029560135515536957	0.524732998998582	1677.5713977984665	-3.225
TCCACA	TCCACA	2	2.05	0.00021299254526091586	0.00021780736102406	0.6060931771650048	1937.6798873965201	-3.287
TCCACC	TCCACC	2	1.04	0.00021299254526091586	0.00011042980575205644	0.2778260339343618	888.2098304881546	-2.949
TCCACT	TCCACT	3	1.72	0.0003194888178913738	0.0001836961495984987	0.24936564615841736	797.2219707684603	-2.902
TCCAGG	TCCAGG	2	1.08	0.00021299254526091586	0.00011554656788970548	0.29546827708227547	944.6120818320346	-2.975
TCCAGT	TCCAGT	1	1.51	0.00010649627263045793	0.00016112553231229816	0.7797448756582099	2492.844367479297	-3.397
TCCATA	TCCATA	4	3.28	0.0004259850905218317	0.0003498094944975208	0.41628200504701324	1330.8535701353014	-3.124
TCCATC	TCCATC	2	1.52	0.00021299254526091586	0.00016167974534855175	0.4482384199220932	1433.018228490932	-3.156
TCCATG	TCCATG	2	1.49	0.00021299254526091586	0.00015905758950802976	0.44001375640170765	1406.7239792162593	-3.148
TCCATT	TCCATT	1	3.03	0.00010649627263045793	0.0003226940193284862	0.951689040605984	3042.549862817331	-3.483
TCCCAA	TCCCAA	5	2.16	0.0005324813631522897	0.00022962884442982216	0.06784593597949959	216.9034573264602	-2.336
TCCCAC	TCCCAC	1	1.15	0.00010649627263045793	0.00012216401315314884	0.6824500288255727	2181.792742155356	-3.339
TCCCAT	TCCCAT	2	1.85	0.00021299254526091586	0.00019678087694099435	0.5512257706890338	1762.268788892841	-3.246
TCCCCA	TCCCCA	1	1.24	0.00010649627263045793	0.00013219255167350394	0.7109882864031813	2273.0295516309707	-3.357
TCCCCG	TCCCCG	2	0.68	0.00021299254526091586	7.266301594808863e-05	0.14967820182523503	478.5212112352764	-2.68
TCCCCT	TCCCCT	1	1.32	0.00010649627263045793	0.00014077866673867129	0.733374887613673	2344.5995157009124	-3.37
TCCCGA	TCCCGA	1	0.98	0.00010649627263045793	0.00010388918785309699	0.6230035371506396	1991.7423082705948	-3.299
TCCCGC	TCCCGC	2	0.79	0.00021299254526091586	8.379426233424081e-05	0.18648106242269885	596.1799565653682	-2.775
TCCCGG	TCCCGG	3	0.66	0.0003194888178913738	7.064948900706795e-05	0.029840476371180102	95.40000295866278	-1.98
TCCCTA	TCCCTA	3	1.64	0.0003194888178913738	0.00017490747434748607	0.227649655486956	727.7959485917984	-2.862
TCCCTC	TCCCTC	1	1.26	0.00010649627263045793	0.00013370846820217946	0.7150730696773391	2286.0886037584532	-3.359
TCCCTG	TCCCTG	1	1.22	0.00010649627263045793	0.00012991400989214251	0.7047381097426839	2253.0477368473603	-3.353
TCCCTT	TCCCTT	2	2.55	0.00021299254526091586	0.000272042764793561	0.7237011868103477	2313.6726942326814	-3.364
TCCGAA	TCCGAA	1	2.02	0.00010649627263045793	0.00021522450162742354	0.8674715673159524	2773.3066007090997	-3.443
TCCGAT	TCCGAT	2	1.29	0.00021299254526091586	0.0001369457919428367	0.3681807898972802	1177.0739853016048	-3.071
TCCGCA	TCCGCA	1	1.33	0.00010649627263045793	0.0001416787906154048	0.7356189496288024	2351.773781963281	-3.371
TCCGCT	TCCGCT	2	1.17	0.00021299254526091586	0.0001247270743103554	0.326934817413417	1045.2106112706942	-3.019
TCCGGG	TCCGGG	1	0.64	0.00010649627263045793	6.86240039598231e-05	0.4750117497844331	1518.6125640608327	-3.181
TCCGGT	TCCGGT	1	0.90	0.00010649627263045793	9.63175195881741e-05	0.5952240233267908	1902.9312025757501	-3.279
TCCGTC	TCCGTC	3	0.79	0.0003194888178913738	8.44582715590521e-05	0.046430378226228475	148.43791918925243	-2.172
TCCGTG	TCCGTG	1	1.02	0.00010649627263045793	0.00010814511702999414	0.637772441101818	2038.958494202512	-3.309
TCCGTT	TCCGTT	2	1.74	0.00021299254526091586	0.00018520945877591237	0.5188043229923166	1658.617420606436	-3.22
TCCTAC	TCCTAC	1	1.49	0.00010649627263045793	0.00015829250025491755	0.7738069808978398	2473.860917930394	-3.393
TCCTAG	TCCTAG	1	1.30	0.00010649627263045793	0.00013879948070316865	0.728373447223329	2328.609910772983	-3.367
TCCTAT	TCCTAT	3	2.98	0.0003194888178913738	0.0003172206424517398	0.5720213416739099	1828.75222933149	-3.262
TCCTCA	TCCTCA	3	2.00	0.0003194888178913738	0.00021331130398073337	0.3241337392971694	1036.2555645330506	-3.015
TCCTCC	TCCTCC	1	1.22	0.00010649627263045793	0.00012985486758924564	0.7045740916275739	2252.523370933354	-3.353
TCCTCG	TCCTCG	3	0.95	0.0003194888178913738	0.00010092249311000357	0.0709306611082495	226.76532356307365	-2.356
TCCTCT	TCCTCT	5	2.17	0.0005324813631522897	0.00023079085842468879	0.06898887178502443	220.55742309672308	-2.344
TCCTGA	TCCTGA	2	1.87	0.00021299254526091586	0.00019943492312031217	0.5584410243507488	1785.335954849344	-3.252
TCCTGC	TCCTGC	2	1.29	0.00021299254526091586	0.0001378090466330137	0.3710592237562026	1186.2763383485797	-3.074
TCCTGG	TCCTGG	1	1.09	0.00010649627263045793	0.00011622884238533344	0.6642501297403189	2123.6076647797995	-3.327
TCCTGT	TCCTGT	1	1.90	0.00010649627263045793	0.00020226113643868047	0.8503164786082886	2718.4617821106986	-3.434
TCCTTC	TCCTTC	3	2.49	0.0003194888178913738	0.0002653831271535008	0.454119651469199	1451.8205257470293	-3.162
TCCTTG	TCCTTG	2	2.10	0.00021299254526091586	0.00022409337378512609	0.621473387547177	1986.8504199883248	-3.298
TCCTTT	TCCTTT	6	5.41	0.0006389776357827476	0.0005758320908733482	0.45508826929611507	1454.9171969396798	-3.163
TCGAAA	TCGAAA	2	3.83	0.00021299254526091586	0.00040745218332992274	0.8948074719178329	2860.699487721312	-3.456
TCGAAC	TCGAAC	3	1.40	0.0003194888178913738	0.000149480497317974	0.16737821885223078	535.1081656705818	-2.728
TCGAAT	TCGAAT	2	2.38	0.00021299254526091586	0.0002530601130831469	0.6863487057170997	2194.256812177568	-3.341
TCGACA	TCGACA	1	1.14	0.00010649627263045793	0.00012177070655111259	0.6812751012133376	2178.03649857904	-3.338
TCGACC	TCGACC	1	0.58	0.00010649627263045793	6.173857213781034e-05	0.4399477479502189	1406.51295019685	-3.148
TCGAGA	TCGAGA	3	1.43	0.0003194888178913738	0.00015222844539615647	0.17365726073735388	555.1822625773203	-2.744
TCGAGC	TCGAGC	2	0.84	0.00021299254526091586	8.944785523056444e-05	0.20562194377887094	657.3733542610504	-2.818
TCGAGG	TCGAGG	3	0.81	0.0003194888178913738	8.66540134130787e-05	0.0494098795122861	157.96338480077867	-2.199
TCGAGT	TCGAGT	1	1.13	0.00010649627263045793	0.00012083590445980937	0.6784650856390835	2169.05287878815	-3.336
TCGATA	TCGATA	3	2.09	0.0003194888178913738	0.00022235627993981983	0.34710742489536206	1109.7024373904726	-3.045
TCGATC	TCGATC	1	0.97	0.00010649627263045793	0.00010277167224680959	0.6190267066084842	1979.028381027324	-3.296
TCGATG	TCGATG	1	0.95	0.00010649627263045793	0.00010110489982555654	0.6130171914776682	1959.8159611541053	-3.292
TCGCAA	TCGCAA	6	2.11	0.0006389776357827476	0.00022478964534429808	0.020901488128558545	66.82205754700166	-1.825
TCGCAC	TCGCAC	1	1.12	0.00010649627263045793	0.00011958952830477281	0.6746799040625499	2156.951653287972	-3.334
TCGCAG	TCGCAG	1	1.09	0.00010649627263045793	0.00011616036765372657	0.6640341806331693	2122.9172754842425	-3.327
TCGCCA	TCGCCA	1	1.07	0.00010649627263045793	0.0001142081652110852	0.6578187362401684	2103.0464997598183	-3.323
TCGCCC	TCGCCC	1	0.69	0.00010649627263045793	7.37778267684639e-05	0.4998132715391259	1597.9030291105855	-3.204
TCGCGA	TCGCGA	2	0.93	0.00021299254526091586	9.894354597044403e-05	0.23817373265578215	761.4414233005356	-2.882
TCGCGC	TCGCGC	1	0.75	0.00010649627263045793	7.980523881899087e-05	0.5273363262265742	1685.8942349463578	-3.227
TCGCTA	TCGCTA	4	1.33	0.0004259850905218317	0.00014154165281555356	0.04605214860329018	147.2287190847187	-2.168
TCGCTC	TCGCTC	2	1.02	0.00021299254526091586	0.00010820188019623281	0.2701326980145947	863.6142355526594	-2.936
TCGCTG	TCGCTG	1	0.99	0.00010649627263045793	0.00010513126298707155	0.6273749375721539	2005.717675418176	-3.302
TCGCTT	TCGCTT	3	2.07	0.0003194888178913738	0.00022014715328228594	0.34150098687311736	1091.7786550333562	-3.038
TCGGAA	TCGGAA	2	2.04	0.00021299254526091586	0.0002177339343544875	0.6059107413202659	1937.0966400008901	-3.287
TCGGAT	TCGGAT	2	1.30	0.00021299254526091586	0.0001385425258162409	0.37350077655665165	1194.0819826516154	-3.077
TCGGCG	TCGGCG	1	0.59	0.00010649627263045793	6.32544087789273e-05	0.447862902460151	1431.8176991651028	-3.156
TCGGCT	TCGGCT	1	0.98	0.00010649627263045793	0.00010412931310095832	0.6238526221483435	1994.456833008254	-3.3
TCGGGA	TCGGGA	1	0.96	0.00010649627263045793	0.00010208731684820578	0.6165706522270067	1971.1763751697404	-3.295
TCGGGC	TCGGGC	1	0.64	0.00010649627263045793	6.795064433078485e-05	0.47168181319942093	1507.9667567985487	-3.178
TCGGTA	TCGGTA	2	1.29	0.00021299254526091586	0.00013750804615218374	0.3700561648117563	1183.0695589031848	-3.073
TCGGTT	TCGGTT	1	1.41	0.00010649627263045793	0.0001502699580145331	0.75610925143841	2417.281276848597	-3.383
TCGTAA	TCGTAA	2	2.23	0.00021299254526091586	0.0002376538725832471	0.6530594427711083	2087.8310385392333	-3.32
TCGTAC	TCGTAC	2	1.32	0.00021299254526091586	0.00014009514516759666	0.3786561278151295	1210.563640624969	-3.083
TCGTCA	TCGTCA	4	1.16	0.0004259850905218317	0.0001230691363733787	0.030047097685947655	96.06057130197465	-1.983
TCGTCC	TCGTCC	2	0.70	0.00021299254526091586	7.491926639542433e-05	0.15701970958019584	501.9920115278861	-2.701
TCGTCG	TCGTCG	3	0.55	0.0003194888178913738	5.822684422208697e-05	0.018181748841341848	58.12705104576989	-1.764
TCGTCT	TCGTCT	1	1.25	0.00010649627263045793	0.00013315389807828744	0.7135854674259379	2281.3327393607233	-3.358
TCGTGC	TCGTGC	1	0.98	0.00010649627263045793	0.00010478054714892073	0.6261457777860941	2001.788051582143	-3.301
TCGTGG	TCGTGG	2	0.83	0.00021299254526091586	8.837243996072603e-05	0.20196365219338266	645.6777960622444	-2.81
TCGTGT	TCGTGT	2	1.44	0.00021299254526091586	0.00015378549566085178	0.42327574536159146	1353.2125579210078	-3.131
TCGTTA	TCGTTA	2	1.80	0.00021299254526091586	0.0001914098758915648	0.536370817228184	1714.7775026785043	-3.234
TCGTTC	TCGTTC	4	1.55	0.0004259850905218317	0.00016502559090673482	0.07202000763681336	230.24796441489232	-2.362
TCGTTG	TCGTTG	2	1.31	0.00021299254526091586	0.00013935001001696653	0.3761841750402018	1202.6608076035252	-3.08
TCGTTT	TCGTTT	8	3.36	0.0008519701810436634	0.000358074878680852	0.021789537388900004	69.66115103231331	-1.843
TCTAAA	TCTAAA	5	5.63	0.0005324813631522897	0.0006000318329847099	0.663021703399181	2119.6803857671816	-3.326
TCTAAC	TCTAAC	3	2.07	0.0003194888178913738	0.0002201314914259364	0.3414612245667683	1091.6515349399583	-3.038
TCTAAG	TCTAAG	3	2.52	0.0003194888178913738	0.0002683806905423282	0.4613310301307931	1474.8753033281455	-3.169
TCTAAT	TCTAAT	3	3.50	0.0003194888178913738	0.00037266734532539537	0.6790318899529573	2170.864952179604	-3.337
TCTACA	TCTACA	2	2.86	0.00021299254526091586	0.0003042627676231242	0.7784552344098259	2488.7213844082135	-3.396
TCTACC	TCTACC	2	1.45	0.00021299254526091586	0.0001542632818662778	0.4248034479318535	1358.0966230381355	-3.133
TCTACG	TCTACG	1	1.37	0.00010649627263045793	0.00014623528595922715	0.7466920495943933	2387.1744825532755	-3.378
TCTACT	TCTACT	2	2.41	0.00021299254526091586	0.00025661161595166013	0.6936395887962447	2217.5657653815942	-3.346
TCTAGA	TCTAGA	5	2.40	0.0005324813631522897	0.0002559782795990258	0.09632513375166162	307.9514526040622	-2.488
TCTAGC	TCTAGC	2	1.41	0.00021299254526091586	0.00015041018146218758	0.41242393142224665	1318.5193087569226	-3.12
TCTAGG	TCTAGG	1	1.37	0.00010649627263045793	0.00014571222359990573	0.7454448531937096	2383.1871956602895	-3.377
TCTAGT	TCTAGT	1	1.91	0.00010649627263045793	0.0002031904540371482	0.8516169782384363	2722.619479428281	-3.435
TCTATA	TCTATA	11	5.71	0.0011714589989350373	0.0006079520847311094	0.03172625349779805	101.42883243246037	-2.006
TCTATC	TCTATC	5	2.64	0.0005324813631522897	0.0002809916248403702	0.12807891775518823	409.46830006333676	-2.612
TCTATG	TCTATG	2	2.60	0.00021299254526091586	0.0002764344440467923	0.7317874025684488	2339.5243260113307	-3.369
TCTATT	TCTATT	7	5.27	0.0007454739084132055	0.0005608266924338856	0.2776785559460954	887.738343359667	-2.948
TCTCAA	TCTCAA	1	3.75	0.00010649627263045793	0.0003994776952688911	0.9765080051037075	3121.8960923165528	-3.494
TCTCAC	TCTCAC	1	2.00	0.00010649627263045793	0.0002125246875687384	0.8640688560946866	2762.428132934713	-3.441
TCTCAG	TCTCAG	1	1.94	0.00010649627263045793	0.00020643066490373278	0.8560636287599	2736.8354211454007	-3.437
TCTCAT	TCTCAT	4	3.21	0.0004259850905218317	0.00034233317416446736	0.4007086037623594	1281.0654062282629	-3.108
TCTCCA	TCTCCA	1	2.03	0.00010649627263045793	0.00021671488432769287	0.8693133445056141	2779.1947623844485	-3.444
TCTCCC	TCTCCC	4	1.31	0.0004259850905218317	0.00013999658574783167	0.04456306109382989	142.46810631697414	-2.154
TCTCCT	TCTCCT	4	2.17	0.0004259850905218317	0.00023079085842468857	0.17422251457143134	556.989379084866	-2.746
TCTCGA	TCTCGA	5	1.46	0.0005324813631522897	0.00015556221289002124	0.016787599788865577	53.66995652500325	-1.73
TCTCGT	TCTCGT	3	1.52	0.0003194888178913738	0.00016236112624022406	0.19734578774325487	630.9144834151858	-2.8
TCTCTA	TCTCTA	3	2.90	0.0003194888178913738	0.00030913582247729725	0.5546809819011013	1773.3150991378207	-3.249
TCTCTC	TCTCTC	6	2.22	0.0006389776357827476	0.00023631967383933809	0.025826892950015293	82.5685767611989	-1.917
TCTCTG	TCTCTG	3	2.16	0.0003194888178913738	0.00022961325380265802	0.3654843165281234	1168.4533599404106	-3.068
TCTCTT	TCTCTT	10	4.51	0.0010649627263045794	0.0004808151518806958	0.01743938861186672	55.75372539213791	-1.746
TCTGAA	TCTGAA	2	4.18	0.00021299254526091586	0.00044543237588198293	0.9209204694675429	2944.182740887735	-3.469
TCTGAG	TCTGAG	3	1.89	0.0003194888178913738	0.0002016405209991044	0.29449936453526154	941.5144684192312	-2.974
TCTGAT	TCTGAT	3	2.66	0.0003194888178913738	0.0002834253953935742	0.4968642861439794	1588.4751228023022	-3.201
TCTGCA	TCTGCA	4	2.36	0.0004259850905218317	0.00025120454783150535	0.2127133853938416	680.0446931041116	-2.833
TCTGCG	TCTGCG	1	1.26	0.00010649627263045793	0.00013433871484427686	0.7167542921435962	2291.463471983077	-3.36
TCTGCT	TCTGCT	1	2.08	0.00010649627263045793	0.00022114819140101172	0.8746419852254973	2796.2304267659147	-3.447
TCTGGA	TCTGGA	2	1.92	0.00021299254526091586	0.00020408770958900289	0.5708888230349428	1825.1315672427122	-3.261
TCTGGT	TCTGGT	1	1.60	0.00010649627263045793	0.00017083206384030521	0.7989321929812969	2554.1862209612063	-3.407
TCTGTA	TCTGTA	3	3.20	0.0003194888178913738	0.00034083365224597627	0.6201855752875254	1982.7332841942186	-3.297
TCTGTC	TCTGTC	2	1.59	0.00021299254526091586	0.00016984999907837054	0.4734172501816902	1513.5149488308634	-3.18
TCTGTG	TCTGTG	1	2.04	0.00010649627263045793	0.00021748548352699599	0.8702555704867796	2782.2070588462343	-3.444
TCTGTT	TCTGTT	3	3.50	0.0003194888178913738	0.0003724659032407425	0.6786817926168355	2169.745690996023	-3.336
TCTTAA	TCTTAA	1	4.78	0.00010649627263045793	0.0005094708532605105	0.9916369435289315	3170.263308461994	-3.501
TCTTAC	TCTTAC	1	2.82	0.00010649627263045793	0.00030032918197530744	0.9403994823024548	3006.457144920948	-3.478
TCTTAT	TCTTAT	4	5.65	0.0004259850905218317	0.0006018643707047825	0.8148859802651245	2605.190478907603	-3.416
TCTTCA	TCTTCA	1	4.29	0.00010649627263045793	0.0004564439708715964	0.9862402674919011	3153.0101351716075	-3.499
TCTTCC	TCTTCC	2	2.61	0.00021299254526091586	0.0002778637151118543	0.7343752523013742	2347.7976816074934	-3.371
TCTTCG	TCTTCG	4	2.03	0.0004259850905218317	0.00021595416016748965	0.1479292567825186	472.9298339337119	-2.675
TCTTCT	TCTTCT	4	4.64	0.0004259850905218317	0.0004938467577402469	0.6803239478663314	2174.9956613286618	-3.337
TCTTGA	TCTTGA	5	3.48	0.0005324813631522897	0.0003708800286456551	0.2712669668873017	867.2404931387034	-2.938
TCTTGC	TCTTGC	4	2.41	0.0004259850905218317	0.0002562771974096496	0.22262482318409169	711.7315597195411	-2.852
TCTTGG	TCTTGG	1	2.03	0.00010649627263045793	0.0002161454760223658	0.8686127250688744	2776.9548820451914	-3.444
TCTTGT	TCTTGT	6	3.53	0.0006389776357827476	0.0003761358086267913	0.14663332606224339	468.7867434209921	-2.671
TCTTTA	TCTTTA	6	6.60	0.0006389776357827476	0.0007024319339273005	0.644735477583363	2061.2193218340117	-3.314
TCTTTC	TCTTTC	7	5.69	0.0007454739084132055	0.0006056074402022094	0.3435071919040008	1098.1924925170906	-3.041
TCTTTG	TCTTTG	2	4.80	0.00021299254526091586	0.000511383733849023	0.952342200171211	3044.6380139473613	-3.484
TCTTTT	TCTTTT	12	12.34	0.0012779552715654952	0.001314055653351263	0.5765742499917998	1843.307877223784	-3.266
TGAAAA	TGAAAA	10	10.90	0.0010649627263045794	0.0011612482982622794	0.6489940793497739	2074.834071681227	-3.317
TGAAAC	TGAAAC	2	4.00	0.00021299254526091586	0.0004260229303847953	0.908447833469225	2904.3077236011122	-3.463
TGAAAG	TGAAAG	1	4.88	0.00010649627263045793	0.000519400143536511	0.9923814357662737	3172.643450144777	-3.501
TGAAAT	TGAAAT	5	6.77	0.0005324813631522897	0.0007212272696006517	0.8052072994530661	2574.247736351452	-3.411
TGAACA	TGAACA	2	3.44	0.00021299254526091586	0.0003664623020159295	0.857751990218352	2742.2331127280713	-3.438
TGAACC	TGAACC	2	1.74	0.00021299254526091586	0.0001857988666535481	0.5204932467722901	1664.0169099310115	-3.221
TGAACG	TGAACG	4	1.65	0.0004259850905218317	0.00017612973137401793	0.08641006255288151	276.2529699815622	-2.441
TGAACT	TGAACT	2	2.90	0.00021299254526091586	0.0003090699668588895	0.7857549770381916	2512.058661591099	-3.4
TGAAGA	TGAAGA	3	4.03	0.0003194888178913738	0.00042867207930537456	0.7655703739017745	2447.5284853639732	-3.389
TGAAGC	TGAAGC	4	2.37	0.0004259850905218317	0.0002518832665689188	0.2140323697199759	684.261485994763	-2.835
TGAAGG	TGAAGG	2	2.29	0.00021299254526091586	0.00024401586716117212	0.6671367842464785	2132.8362992359916	-3.329
TGAAGT	TGAAGT	2	3.20	0.00021299254526091586	0.0003402713486610953	0.8281647917727724	2647.642839297553	-3.423
TGAATA	TGAATA	5	5.81	0.0005324813631522897	0.000618568654005099	0.6884734890777797	2201.049744581662	-3.343
TGAATC	TGAATC	3	2.68	0.0003194888178913738	0.00028589853629844693	0.502592427820661	1606.7879917426533	-3.206
TGAATG	TGAATG	3	2.64	0.0003194888178913738	0.00028126177419113686	0.491825824759019	1572.3671617545838	-3.197
TGAATT	TGAATT	5	5.36	0.0005324813631522897	0.0005706203185772358	0.6199521340178191	1981.9869724549678	-3.297
TGACAA	TGACAA	4	2.73	0.0004259850905218317	0.0002908558410525175	0.2927838158319764	936.0298592148284	-2.971
TGACAC	TGACAC	2	1.45	0.00021299254526091586	0.000154737166753757	0.4263165813268642	1362.9341105019848	-3.134
TGACAG	TGACAG	2	1.41	0.00021299254526091586	0.00015030016787092766	0.41206850991119715	1317.3830261860974	-3.12
TGACAT	TGACAT	4	2.34	0.0004259850905218317	0.00024924946867124374	0.20892684035271372	667.9391086076257	-2.825
TGACCA	TGACCA	2	1.23	0.00021299254526091586	0.00013141453013993382	0.3496187819010024	1117.7312457375047	-3.048
TGACCC	TGACCC	2	0.80	0.00021299254526091586	8.48930408925093e-05	0.19018220049089382	608.0124949693876	-2.784
TGACCT	TGACCT	1	1.31	0.00010649627263045793	0.00013995011147739986	0.7312924180958622	2337.9418606524714	-3.369
TGACGA	TGACGA	1	1.08	0.00010649627263045793	0.00011505848045249038	0.6605399905630571	2111.7463498300935	-3.325
TGACGG	TGACGG	1	0.73	0.00010649627263045793	7.824512846700288e-05	0.5203611030912325	1663.5944465826703	-3.221
TGACGT	TGACGT	1	1.13	0.00010649627263045793	0.00012008716077446249	0.6761965035672224	2161.80022190441	-3.335
TGACTA	TGACTA	5	1.65	0.0005324813631522897	0.00017545160937781798	0.0263944050342969	84.38291289464719	-1.926
TGACTC	TGACTC	3	1.26	0.0003194888178913738	0.00013412443362431037	0.13364865856101651	427.2747614195698	-2.631
TGACTG	TGACTG	2	1.22	0.00021299254526091586	0.0001303181708005138	0.3459167972001394	1105.8960006488458	-3.044
TGACTT	TGACTT	3	2.56	0.0003194888178913738	0.00027288908653381116	0.47209796130553966	1509.2971822938102	-3.179
TGAGAA	TGAGAA	2	4.07	0.00021299254526091586	0.00043364334041998495	0.9135503662554434	2920.6205209186523	-3.465
TGAGAC	TGAGAC	1	1.41	0.00010649627263045793	0.00015066158352960188	0.7570044793481481	2420.143320476029	-3.384
TGAGCC	TGAGCC	1	1.11	0.00010649627263045793	0.00011856186182237108	0.6715254385328224	2146.8668269894333	-3.332
TGAGCT	TGAGCT	2	1.72	0.00021299254526091586	0.00018307620196574099	0.512658374701922	1638.9688239220445	-3.215
TGAGGC	TGAGGC	1	1.21	0.00010649627263045793	0.00012917239444123634	0.702674798245409	2246.4513299905725	-3.351
TGAGGG	TGAGGG	1	1.09	0.00010649627263045793	0.00011573673333770156	0.6626950717163602	2118.6361442772036	-3.326
TGAGGT	TGAGGT	2	1.53	0.00021299254526091586	0.0001624427960637766	0.450618949559173	1440.628781740676	-3.159
TGAGTA	TGAGTA	3	2.44	0.0003194888178913738	0.00025970620210860417	0.4403536601662032	1407.8106515513516	-3.149
TGAGTC	TGAGTC	3	1.22	0.0003194888178913738	0.00012942119388187345	0.12383999161500166	395.9164531931603	-2.598
TGAGTG	TGAGTG	2	1.56	0.00021299254526091586	0.00016571816945994166	0.46077019861087515	1473.0823249589678	-3.168
TGAGTT	TGAGTT	1	2.66	0.00010649627263045793	0.000283809138294225	0.9303984059288398	2974.4837037545008	-3.473
TGATAA	TGATAA	4	4.41	0.0004259850905218317	0.0004693952485388965	0.6418790648017805	2052.087370171292	-3.312
TGATAC	TGATAC	2	2.60	0.00021299254526091586	0.00027670491867117376	0.7322787675261905	2341.0952197812308	-3.369
TGATAG	TGATAG	4	2.28	0.0004259850905218317	0.00024262993482142745	0.19625490115012928	627.4269189769633	-2.798
TGATAT	TGATAT	7	5.21	0.0007454739084132055	0.0005545209781200564	0.26866030999345814	858.9070110490857	-2.934
TGATCA	TGATCA	3	2.12	0.0003194888178913738	0.0002254467036262017	0.3549420099183643	1134.7496057090107	-3.055
TGATCC	TGATCC	1	1.29	0.00010649627263045793	0.00013724238379067127	0.7243727814891335	2315.81978242076	-3.365
TGATCG	TGATCG	2	1.00	0.00021299254526091586	0.00010666403031057117	0.26482061752678177	846.6315142331213	-2.928
TGATCT	TGATCT	3	2.29	0.0003194888178913738	0.00024392067971984747	0.40141785295074534	1283.3328758835328	-3.108
TGATGA	TGATGA	1	2.00	0.00010649627263045793	0.00021341892835247844	0.8652054804152348	2766.0619208875055	-3.442
TGATGC	TGATGC	1	1.38	0.00010649627263045793	0.00014747196022409694	0.7496165425672556	2396.524086587516	-3.38
TGATGG	TGATGG	3	1.17	0.0003194888178913738	0.000124378592261711	0.11363049050254224	363.27667813662754	-2.56
TGATGT	TGATGT	2	2.03	0.00021299254526091586	0.00021644331048307347	0.6026935630894347	1926.8113211969226	-3.285
TGATTA	TGATTA	2	3.00	0.00021299254526091586	0.00031913424200517165	0.8003538810261686	2558.731357640661	-3.408
TGATTC	TGATTC	1	2.58	0.00010649627263045793	0.00027514419838666854	0.9244985956962763	2955.6220104409954	-3.471
TGATTG	TGATTG	6	2.18	0.0006389776357827476	0.00023233576435403503	0.02404590656108227	76.87476327578001	-1.886
TGATTT	TGATTT	5	5.61	0.0005324813631522897	0.0005970118023254171	0.6587494172177266	2106.021886845072	-3.323
TGCAAA	TGCAAA	8	5.15	0.0008519701810436634	0.0005488546281264011	0.14991533602085552	479.2793292586751	-2.681
TGCAAC	TGCAAC	1	1.89	0.00010649627263045793	0.00020135629682262402	0.8490392828239589	2714.3785871881964	-3.434
TGCAAG	TGCAAG	1	2.31	0.00010649627263045793	0.0002454902823591859	0.9002565362178686	2878.120146288526	-3.459
TGCAAT	TGCAAT	3	3.20	0.0003194888178913738	0.00034088224322364433	0.6202807763888517	1983.0376421151589	-3.297
TGCACA	TGCACA	3	2.36	0.0003194888178913738	0.0002511715880919399	0.41941247407930077	1340.8616796315246	-3.127
TGCACC	TGCACC	1	1.20	0.00010649627263045793	0.0001273456946221598	0.6975308748989864	2230.0062070520594	-3.348
TGCACG	TGCACG	6	1.13	0.0006389776357827476	0.00012071851346252764	0.001126878385688981	3.602630199047672	-0.557
TGCACT	TGCACT	5	1.99	0.0005324813631522897	0.0002118351436980715	0.05167779629671373	165.21391476059378	-2.218
TGCAGC	TGCAGC	1	1.29	0.00010649627263045793	0.00013754229227892623	0.7251478945924662	2318.2978190121144	-3.365
TGCAGT	TGCAGT	3	1.74	0.0003194888178913738	0.0001858071079083897	0.2546282010074042	814.0463586206712	-2.911
TGCATA	TGCATA	2	3.79	0.00021299254526091586	0.00040339410867236647	0.8915845749078207	2850.395885980303	-3.455
TGCATC	TGCATC	3	1.75	0.0003194888178913738	0.00018644621655835718	0.256224554349923	819.1499002567037	-2.913
TGCATG	TGCATG	1	1.72	0.00010649627263045793	0.00018342239292084612	0.8213517105680666	2625.8614186861087	-3.419
TGCATT	TGCATT	2	3.49	0.00021299254526091586	0.0003721250233299218	0.8635032240405023	2760.6198072574857	-3.441
TGCCAA	TGCCAA	1	2.19	0.00010649627263045793	0.00023370322510944411	0.8885827686844344	2840.799111484137	-3.453
TGCCAC	TGCCAC	4	1.17	0.0004259850905218317	0.0001243316097204363	0.031016254032977426	99.15896414342883	-1.996
TGCCAG	TGCCAG	2	1.13	0.00021299254526091586	0.00012076647262375002	0.31339790554310537	1001.9331040213078	-3.001
TGCCAT	TGCCAT	3	1.88	0.0003194888178913738	0.00020027242524851753	0.29103375164713413	930.4349040158878	-2.969
TGCCCG	TGCCCG	1	0.69	0.00010649627263045793	7.395229991865016e-05	0.5006320580037763	1600.5206894380728	-3.204
TGCCGT	TGCCGT	2	1.04	0.00021299254526091586	0.00011035361370860961	0.27756300890092933	887.368939456271	-2.948
TGCCTA	TGCCTA	1	1.67	0.00010649627263045793	0.00017801091562452763	0.8120393220208155	2596.089712500547	-3.414
TGCCTC	TGCCTC	1	1.28	0.00010649627263045793	0.00013608090186092772	0.7213502517622566	2306.1567548839344	-3.363
TGCCTG	TGCCTG	2	1.24	0.00021299254526091586	0.00013221911721971317	0.35233098444159394	1126.4021572597758	-3.052
TGCCTT	TGCCTT	1	2.60	0.00010649627263045793	0.0002768697097170441	0.9257120539730704	2959.5014365519064	-3.471
TGCGAA	TGCGAA	2	2.27	0.00021299254526091586	0.00024146652211120713	0.6615520841556686	2114.9820130456724	-3.325
TGCGAT	TGCGAT	2	1.44	0.00021299254526091586	0.00015364339955794467	0.42282099124471545	1351.7587090093552	-3.131
TGCGCC	TGCGCC	3	0.85	0.0003194888178913738	9.062313205116474e-05	0.05502569649782658	175.91715170355158	-2.245
TGCGCG	TGCGCG	5	0.80	0.0005324813631522897	8.500485849641663e-05	0.0013975230427530894	4.467881167681627	-0.65
TGCGGA	TGCGGA	1	1.21	0.00010649627263045793	0.00012909754100343224	0.7024657426954452	2245.7829793973383	-3.351
TGCGTA	TGCGTA	2	1.79	0.00021299254526091586	0.0001901447439078604	0.5328226933969994	1703.434150790207	-3.231
TGCGTC	TGCGTC	3	0.89	0.0003194888178913738	9.47561497073047e-05	0.06118142856927524	195.59702713597295	-2.291
TGCGTT	TGCGTT	1	1.95	0.00010649627263045793	0.00020779178734090824	0.857891564587352	2742.6793319857643	-3.438
TGCTAC	TGCTAC	1	1.42	0.00010649627263045793	0.00015089829389205675	0.7575439881875478	2421.8681302355903	-3.384
TGCTAG	TGCTAG	2	1.24	0.00021299254526091586	0.00013231583806865122	0.35265675680739533	1127.443651513243	-3.052
TGCTAT	TGCTAT	6	2.84	0.0006389776357827476	0.0003024025374305287	0.06861406617811829	219.35916957144417	-2.341
TGCTCA	TGCTCA	3	1.91	0.0003194888178913738	0.00020334704289050854	0.298825745188435	955.3459073674268	-2.98
TGCTCC	TGCTCC	1	1.16	0.00010649627263045793	0.00012378904838346793	0.6872587677250354	2197.166280416938	-3.342
TGCTCG	TGCTCG	1	0.90	0.00010649627263045793	9.620817158808685e-05	0.5948081949268845	1901.6017991812498	-3.279
TGCTCT	TGCTCT	3	2.07	0.0003194888178913738	0.00022001008718722817	0.3411529971964873	1090.6661320371697	-3.038
TGCTGA	TGCTGA	2	1.79	0.00021299254526091586	0.0001901188596609692	0.5327499054943355	1703.2014478653907	-3.231
TGCTGT	TGCTGT	1	1.81	0.00010649627263045793	0.00019281305406203047	0.8364300542939059	2674.0668835776173	-3.427
TGCTTA	TGCTTA	3	2.76	0.0003194888178913738	0.0002934339386942942	0.5198343082319339	1661.9102834174926	-3.221
TGCTTC	TGCTTC	3	2.38	0.0003194888178913738	0.00025298647156821283	0.4238886029663565	1355.1718636834416	-3.132
TGCTTG	TGCTTG	1	2.01	0.00010649627263045793	0.00021362545744260528	0.865466635214824	2766.8968327817925	-3.442
TGCTTT	TGCTTT	8	5.15	0.0008519701810436634	0.0005489336509383021	0.14999749645245647	479.5419961585033	-2.681
TGGAAA	TGGAAA	5	4.99	0.0005324813631522897	0.0005318003145058481	0.5583838762123733	1785.1532522509574	-3.252
TGGAAC	TGGAAC	1	1.83	0.00010649627263045793	0.00019509964294833922	0.8399046409604334	2685.1751371505056	-3.429
TGGAAG	TGGAAG	3	2.23	0.0003194888178913738	0.0002378622729526815	0.38626185764576854	1234.8791588935221	-3.092
TGGAAT	TGGAAT	3	3.10	0.0003194888178913738	0.0003302901622140353	0.5991451506880826	1915.4670467498001	-3.282
TGGACA	TGGACA	4	1.49	0.0004259850905218317	0.00015893325079827914	0.064690111329173	206.81428591936609	-2.316
TGGACG	TGGACG	1	0.72	0.00010649627263045793	7.638676779442247e-05	0.5119179488156165	1636.601682363526	-3.214
TGGACT	TGGACT	1	1.26	0.00010649627263045793	0.00013404242206300517	0.7159651517297385	2288.940590079974	-3.36
TGGAGA	TGGAGA	1	1.87	0.00010649627263045793	0.00019868622245879891	0.845206549613776	2702.125339115242	-3.432
TGGAGT	TGGAGT	1	1.48	0.00010649627263045793	0.00015771316150560931	0.7725731399432815	2469.916328398671	-3.393
TGGATA	TGGATA	3	2.73	0.0003194888178913738	0.00029021599206549776	0.5125108240169195	1638.4971043820917	-3.214
TGGATG	TGGATG	1	1.24	0.00010649627263045793	0.00013196055813444115	0.7103580114468389	2271.014562595544	-3.356
TGGATT	TGGATT	2	2.51	0.00021299254526091586	0.00026771990590919556	0.7155410301691094	2287.5846734506426	-3.359
TGGCAA	TGGCAA	4	2.27	0.0004259850905218317	0.00024211745574230278	0.19528386034883805	624.3225015352352	-2.795
TGGCAC	TGGCAC	3	1.21	0.0003194888178913738	0.00012880803420560293	0.12258118806435386	391.8920582417393	-2.593
TGGCAG	TGGCAG	1	1.17	0.00010649627263045793	0.0001251145382223192	0.6911271309936169	2209.5334377865934	-3.344
TGGCAT	TGGCAT	1	1.95	0.00010649627263045793	0.00020748301626476826	0.8574789431364094	2741.3601812071006	-3.438
TGGCCA	TGGCCA	1	1.16	0.00010649627263045793	0.0001230118511177496	0.6849680705612097	2189.8429215841875	-3.34
TGGCCG	TGGCCG	2	0.63	0.00021299254526091586	6.761660915396731e-05	0.13352854302236433	426.8907520424988	-2.63
TGGCCT	TGGCCT	1	1.23	0.00010649627263045793	0.00013100166517841523	0.7077382973144926	2262.6393365144327	-3.355
TGGCGA	TGGCGA	1	1.00	0.00010649627263045793	0.00010657056545373095	0.6323771055670973	2021.7096064980099	-3.306
TGGCGT	TGGCGT	2	1.04	0.00021299254526091586	0.00011122827780392927	0.28058203842668294	897.0207768501053	-2.953
TGGCTA	TGGCTA	2	1.43	0.00021299254526091586	0.0001524523285259565	0.4190018810533035	1339.5490137274112	-3.127
TGGCTC	TGGCTC	3	1.09	0.0003194888178913738	0.00011654257427881059	0.09844546553674259	314.73015332096605	-2.498
TGGCTG	TGGCTG	1	1.06	0.00010649627263045793	0.0001132352599000635	0.6546783890255327	2093.0068097146277	-3.321
TGGCTT	TGGCTT	3	2.23	0.0003194888178913738	0.00023711709923283545	0.384391069754576	1228.8982500053794	-3.09
TGGGAA	TGGGAA	2	2.34	0.00021299254526091586	0.00024921988243596676	0.6783050640013646	2168.5412896123626	-3.336
TGGGAG	TGGGAG	1	1.06	0.00010649627263045793	0.00011281808341439094	0.6533230121317428	2088.6736697851816	-3.32
TGGGCC	TGGGCC	2	0.72	0.00021299254526091586	7.718673784309796e-05	0.16446408976564797	525.7916949807766	-2.721
TGGGCG	TGGGCG	1	0.68	0.00010649627263045793	7.240146725946468e-05	0.49330689668025746	1577.102148686783	-3.198
TGGGCT	TGGGCT	1	1.12	0.00010649627263045793	0.00011918718708728441	0.6734485253347924	2153.0149354953314	-3.333
TGGGGA	TGGGGA	1	1.10	0.00010649627263045793	0.00011684990297236479	0.6662024437929615	2129.849212806098	-3.328
TGGGGC	TGGGGC	2	0.73	0.00021299254526091586	7.777681343871491e-05	0.16641153296132638	532.0176708773604	-2.726
TGGGGG	TGGGGG	1	0.65	0.00010649627263045793	6.968698192637248e-05	0.4802257832670446	1535.2818291047417	-3.186
TGGGGT	TGGGGT	1	0.92	0.00010649627263045793	9.780946694197265e-05	0.6008551496782571	1920.9339135213881	-3.284
TGGGTA	TGGGTA	2	1.48	0.00021299254526091586	0.00015739273346456384	0.43475678402658446	1389.9174385329904	-3.143
TGGGTC	TGGGTC	1	0.74	0.00010649627263045793	7.843461306633357e-05	0.5212137468183659	1666.3203485783156	-3.222
TGGGTT	TGGGTT	1	1.62	0.00010649627263045793	0.0001720001128031229	0.8011254508286573	2561.1980662992173	-3.408
TGGTAA	TGGTAA	1	2.34	0.00010649627263045793	0.0002487662326469639	0.903278051254143	2887.779929859495	-3.461
TGGTAC	TGGTAC	1	1.38	0.00010649627263045793	0.00014664579666491526	0.7476665951227774	2390.2901046075194	-3.378
TGGTAG	TGGTAG	2	1.21	0.00021299254526091586	0.0001285870170198437	0.3400572566228008	1087.1630494230942	-3.036
TGGTAT	TGGTAT	4	2.76	0.0004259850905218317	0.00029388046657912646	0.29907427791464697	956.1404664931264	-2.981
TGGTCA	TGGTCA	1	1.21	0.00010649627263045793	0.0001288236757008734	0.70169962037416	2243.3336863361897	-3.351
TGGTGA	TGGTGA	4	1.49	0.0004259850905218317	0.00015872695227566486	0.06444906945203394	206.0436750381525	-2.314
TGGTGC	TGGTGC	1	1.03	0.00010649627263045793	0.00010967993782552018	0.6429554146916802	2055.5284607693015	-3.313
TGGTGG	TGGTGG	2	0.87	0.00021299254526091586	9.250461067554927e-05	0.21605704014622631	690.7343573474856	-2.839
TGGTGT	TGGTGT	1	1.51	0.00010649627263045793	0.0001609762886480858	0.779435994183546	2491.8568734047967	-3.397
TGGTTA	TGGTTA	4	1.88	0.0004259850905218317	0.00020035993185967614	0.12213131483107889	390.4538135149592	-2.592
TGGTTC	TGGTTC	1	1.62	0.00010649627263045793	0.0001727419549026167	0.8025059766337529	2565.611607298108	-3.409
TGGTTG	TGGTTG	1	1.37	0.00010649627263045793	0.00014586582004505133	0.7458117259745847	2384.3600879407472	-3.377
TGGTTT	TGGTTT	6	3.52	0.0006389776357827476	0.0003748179552334111	0.14497987780300114	463.5006693361947	-2.666
TGTAAA	TGTAAA	4	6.18	0.0004259850905218317	0.0006581526389283054	0.8641545159372721	2762.701987451459	-3.441
TGTAAC	TGTAAC	4	2.27	0.0004259850905218317	0.0002414540596496912	0.19402908080948167	620.3109713479129	-2.793
TGTAAT	TGTAAT	5	3.84	0.0005324813631522897	0.00040876497426523255	0.3396079505245534	1085.7266178269972	-3.036
TGTACA	TGTACA	6	3.13	0.0006389776357827476	0.00033373453278751563	0.09800048163361573	313.3075397826695	-2.496
TGTACG	TGTACG	1	1.51	0.00010649627263045793	0.00016040005557663997	0.7782393256011015	2488.0311239467214	-3.396
TGTACT	TGTACT	3	2.64	0.0003194888178913738	0.00028146775376589967	0.49230657304739345	1573.9041140325169	-3.197
TGTAGA	TGTAGA	3	2.64	0.0003194888178913738	0.0002807730706359363	0.49068430729973384	1568.717730437249	-3.196
TGTAGC	TGTAGC	3	1.55	0.0003194888178913738	0.00016497934344351106	0.2035896348009585	650.8760624586644	-2.813
TGTAGG	TGTAGG	2	1.50	0.00021299254526091586	0.0001598263278955617	0.44243202053174335	1414.4551696399835	-3.151
TGTAGT	TGTAGT	1	2.09	0.00010649627263045793	0.00022287206474426704	0.8766548416320106	2802.665528697538	-3.448
TGTATA	TGTATA	5	6.26	0.0005324813631522897	0.0006668400689967067	0.7484388829777002	2392.7591088797076	-3.379
TGTATC	TGTATC	2	2.89	0.00021299254526091586	0.00030820928030689097	0.7844637931722955	2507.930746771829	-3.399
TGTATG	TGTATG	3	2.85	0.0003194888178913738	0.0003032106778986702	0.5417089015445704	1731.8433582379917	-3.239
TGTATT	TGTATT	2	5.78	0.00021299254526091586	0.0006151499759116956	0.9789916058819385	3129.8361640045573	-3.496
TGTCAA	TGTCAA	4	2.68	0.0004259850905218317	0.00028563893626135247	0.28197637686805654	901.4784768471768	-2.955
TGTCAC	TGTCAC	1	1.43	0.00010649627263045793	0.00015196174005547308	0.759953047443181	2429.5698926758496	-3.386
TGTCAT	TGTCAT	2	2.30	0.00021299254526091586	0.00024477883214353666	0.6687935986233264	2138.133134798775	-3.33
TGTCCA	TGTCCA	1	1.46	0.00010649627263045793	0.00015495786063774448	0.7666123120524426	2450.8595616316593	-3.389
TGTCCG	TGTCCG	2	0.80	0.00021299254526091586	8.517655008742044e-05	0.19113877934054327	611.0706775517168	-2.786
TGTCCT	TGTCCT	2	1.55	0.00021299254526091586	0.0001650226184841165	0.4586236879190329	1466.2199302771483	-3.166
TGTCGA	TGTCGA	3	1.04	0.0003194888178913738	0.00011123180477562931	0.08865970599984552	283.4450800815061	-2.452
TGTCGC	TGTCGC	2	0.84	0.00021299254526091586	8.971662231549827e-05	0.20653734269245955	660.2998845877931	-2.82
TGTCGT	TGTCGT	5	1.09	0.0005324813631522897	0.00011609323859304892	0.005237177205203802	16.743255525036556	-1.224
TGTCTC	TGTCTC	2	1.59	0.00021299254526091586	0.00016897589290351287	0.4707567003761212	1505.0091711024595	-3.178
TGTCTT	TGTCTT	2	3.23	0.00021299254526091586	0.00034379773926826733	0.8324494242133422	2661.340809210055	-3.425
TGTGAA	TGTGAA	8	3.94	0.0008519701810436634	0.00041973414768441846	0.04771547725730047	152.5463807915896	-2.183
TGTGAG	TGTGAG	1	1.78	0.00010649627263045793	0.0001900073205334883	0.8320633979935077	2660.106683385244	-3.425
TGTGAT	TGTGAT	5	2.51	0.0005324813631522897	0.00026707379887258223	0.10986959471115862	351.2530942915741	-2.546
TGTGCA	TGTGCA	2	2.22	0.00021299254526091586	0.00023671186130045174	0.6509350586681439	2081.0393825620563	-3.318
TGTGCC	TGTGCC	2	1.27	0.00021299254526091586	0.00013495501603427154	0.3615231345544702	1155.7894611706413	-3.063
TGTGCT	TGTGCT	1	1.96	0.00010649627263045793	0.0002083895393680315	0.8586869694725755	2745.222241403824	-3.439
TGTGGA	TGTGGA	1	1.81	0.00010649627263045793	0.00019231332403170777	0.8356607043890882	2671.607271931915	-3.427
TGTGGC	TGTGGC	4	1.20	0.0004259850905218317	0.0001280062468561119	0.03394085948695243	108.5089277797869	-2.035
TGTGGG	TGTGGG	3	1.08	0.0003194888178913738	0.00011469188073838438	0.09498725818620339	303.67426442129226	-2.482
TGTGGT	TGTGGT	3	1.51	0.0003194888178913738	0.00016097628864808564	0.19406236993154283	620.4173966711425	-2.793
TGTGTA	TGTGTA	1	3.02	0.00010649627263045793	0.00032117001429086896	0.9509927206720211	3040.3237279884515	-3.483
TGTGTC	TGTGTC	1	1.50	0.00010649627263045793	0.00016005088192387685	0.7775110365916518	2485.702783983511	-3.395
TGTGTG	TGTGTG	4	1.92	0.0004259850905218317	0.00020493814326178118	0.12949365922700412	413.9912285487322	-2.617
TGTGTT	TGTGTT	3	3.30	0.0003194888178913738	0.00035097731306285075	0.6397046052878561	2045.135623105276	-3.311
TGTTAA	TGTTAA	4	3.69	0.0004259850905218317	0.00039263311121609843	0.5030934377027901	1608.3897203358201	-3.206
TGTTAC	TGTTAC	2	2.17	0.00021299254526091586	0.00023145422422753302	0.6388874966248806	2042.5233267097435	-3.31
TGTTAG	TGTTAG	3	1.91	0.0003194888178913738	0.00020295166276103034	0.2978230609387508	952.1403258211864	-2.979
TGTTAT	TGTTAT	2	4.36	0.00021299254526091586	0.0004638378798072348	0.9312532114649205	2977.216517053351	-3.474
TGTTCA	TGTTCA	3	3.30	0.0003194888178913738	0.00035176696612221336	0.6411940805227938	2049.8974754313717	-3.312
TGTTCG	TGTTCG	2	1.56	0.00021299254526091586	0.00016642905721490724	0.4629588684211026	1480.0795023422652	-3.17
TGTTCT	TGTTCT	4	3.57	0.0004259850905218317	0.00038059211378749426	0.47919662524876583	1531.9916109203043	-3.185
TGTTGA	TGTTGA	1	2.68	0.00010649627263045793	0.00028582553565748096	0.931703842956556	2978.6571859321093	-3.474
TGTTGC	TGTTGC	1	1.85	0.00010649627263045793	0.00019750474970005972	0.8434797054359127	2696.6046182786126	-3.431
TGTTGG	TGTTGG	3	1.56	0.0003194888178913738	0.00016657649830764936	0.20742068304603958	663.1239236981885	-2.822
TGTTGT	TGTTGT	2	2.72	0.00021299254526091586	0.0002898759994527191	0.7552925270944645	2414.670209121003	-3.383
TGTTTA	TGTTTA	6	5.08	0.0006389776357827476	0.000541342127563069	0.398635342215034	1274.4371890614636	-3.105
TGTTTC	TGTTTC	3	4.38	0.0003194888178913738	0.0004667225453634041	0.812770949727042	2598.4287262773532	-3.415
TGTTTG	TGTTTG	4	3.70	0.0004259850905218317	0.00039410730792832627	0.505986093083417	1617.6375395876842	-3.209
TGTTTT	TGTTTT	8	9.51	0.0008519701810436634	0.0010127012294903358	0.732296509226235	2341.1519399962735	-3.369
TTAAAA	TTAAAA	9	12.96	0.0009584664536741214	0.0013799257418433358	0.8982827576617216	2871.809976244524	-3.458
TTAAAC	TTAAAC	2	4.75	0.00021299254526091586	0.0005062483270229361	0.9504034283417312	3038.4397604085148	-3.483
TTAAAG	TTAAAG	5	5.80	0.0005324813631522897	0.0006172096264474126	0.6866528674787655	2195.229217329613	-3.341
TTAAAT	TTAAAT	2	8.05	0.00021299254526091586	0.0008570433011877181	0.9971060502774559	3187.7480427370265	-3.503
TTAACA	TTAACA	4	4.09	0.0004259850905218317	0.0004354716943169486	0.5837364530292131	1866.205440334394	-3.271
TTAACC	TTAACC	2	2.07	0.00021299254526091586	0.0002207870954766648	0.6134424213401575	1961.1754210244835	-3.293
TTAACT	TTAACT	4	3.45	0.0004259850905218317	0.0003672716713018773	0.4522539495798103	1445.8558768066534	-3.16
TTAAGA	TTAAGA	1	4.78	0.00010649627263045793	0.0005093963435108433	0.9916310902979717	3170.2445956826155	-3.501
TTAAGC	TTAAGC	1	2.81	0.00010649627263045793	0.00029931600674736454	0.9398297541212836	3004.6357239257436	-3.478
TTAAGG	TTAAGG	3	2.72	0.0003194888178913738	0.0002899670785462567	0.5119418600372402	1636.6781265390568	-3.214
TTAAGT	TTAAGT	5	3.80	0.0005324813631522897	0.00040434865991350797	0.331541094983984	1059.9368806637967	-3.025
TTAATA	TTAATA	4	6.90	0.0004259850905218317	0.000735052796233446	0.9129887253319339	2918.8249548861927	-3.465
TTAATC	TTAATC	3	3.19	0.0003194888178913738	0.0003397367732498945	0.6180321992278541	1975.8489409314498	-3.296
TTAATG	TTAATG	5	3.14	0.0005324813631522897	0.0003342268513836962	0.20850198998026234	666.5808619668987	-2.824
TTAATT	TTAATT	6	6.37	0.0006389776357827476	0.0006780751951170797	0.6113513463196605	1954.4902541839547	-3.291
TTACAA	TTACAA	6	5.51	0.0006389776357827476	0.0005864307826555864	0.47220965628384426	1509.6542711394502	-3.179
TTACAC	TTACAC	3	2.93	0.0003194888178913738	0.00031198492516754724	0.5608397261810023	1793.0046046006644	-3.254
TTACAG	TTACAG	2	2.85	0.00021299254526091586	0.0003030389376361167	0.7765623169861973	2482.6697274048724	-3.395
TTACAT	TTACAT	10	4.72	0.0010649627263045794	0.0005025429795751436	0.022739995791445623	72.69976654525166	-1.862
TTACCA	TTACCA	4	2.49	0.0004259850905218317	0.0002649612450050897	0.23985884987315578	766.828743044479	-2.885
TTACCC	TTACCC	1	1.61	0.00010649627263045793	0.00017116346102060177	0.7995569072055476	2556.183432336136	-3.408
TTACCG	TTACCG	1	1.37	0.00010649627263045793	0.0001456427228894258	0.7452786733143208	2382.6559185858837	-3.377
TTACCT	TTACCT	3	2.65	0.0003194888178913738	0.0002821708964462888	0.49394597443639193	1579.145280273145	-3.198
TTACGA	TTACGA	3	2.18	0.0003194888178913738	0.00023198377071868124	0.37146939625127867	1187.587659815338	-3.075
TTACGG	TTACGG	1	1.48	0.00010649627263045793	0.00015775977460121283	0.7726726622084199	2470.2345010803183	-3.393
TTACGT	TTACGT	4	2.27	0.0004259850905218317	0.00024212272108759054	0.1952938295102587	624.3543729442971	-2.795
TTACTA	TTACTA	3	3.32	0.0003194888178913738	0.00035374989972107156	0.6449151847057796	2061.7938455043773	-3.314
TTACTC	TTACTC	6	2.54	0.0006389776357827476	0.000270425019827398	0.04469740269903045	142.89759642880034	-2.155
TTACTG	TTACTG	2	2.47	0.00021299254526091586	0.0002627507380296711	0.7059112216910335	2256.798175746234	-3.353
TTACTT	TTACTT	7	5.17	0.0007454739084132055	0.0005502057652171939	0.26253510720177925	839.3247377240882	-2.924
TTAGAA	TTAGAA	3	5.53	0.0003194888178913738	0.0005884004126097873	0.913161499367208	2919.377313476964	-3.465
TTAGAC	TTAGAC	2	1.92	0.00021299254526091586	0.00020442914637500142	0.5717921614054007	1828.019540013066	-3.262
TTAGAG	TTAGAG	2	2.50	0.00021299254526091586	0.00026635999576770893	0.712932339476473	2279.2446893062843	-3.358
TTAGAT	TTAGAT	3	3.52	0.0003194888178913738	0.0003743949219305427	0.6820226973231265	2180.4265633420355	-3.339
TTAGCA	TTAGCA	2	2.65	0.00021299254526091586	0.0002821735403787955	0.742049960068499	2372.3337223389913	-3.375
TTAGCT	TTAGCT	3	2.33	0.0003194888178913738	0.00024841177699476614	0.41258372495444223	1319.0301686793518	-3.12
TTAGGA	TTAGGA	1	2.47	0.00010649627263045793	0.00026332264433492425	0.9156347447932198	2927.284279103924	-3.466
TTAGGC	TTAGGC	1	1.65	0.00010649627263045793	0.00017527097294612316	0.8071407124359053	2580.4288576575896	-3.412
TTAGGT	TTAGGT	3	2.07	0.0003194888178913738	0.00022041479557103957	0.342180447161832	1093.9508895763768	-3.039
TTAGTA	TTAGTA	6	3.31	0.0006389776357827476	0.00035238921536308	0.1182003843953882	377.8866289120561	-2.577
TTAGTC	TTAGTC	7	1.65	0.0007454739084132055	0.00017560856303429603	0.0015821098842544019	5.058005299961323	-0.704
TTAGTG	TTAGTG	2	2.11	0.00021299254526091586	0.0002248590724182018	0.6233147520193723	1992.7372622059331	-3.299
TTAGTT	TTAGTT	6	3.62	0.0006389776357827476	0.0003850939205315976	0.15809559992327474	505.43163295470936	-2.704
TTATAA	TTATAA	9	9.72	0.0009584664536741214	0.0010355990069894994	0.6352951653373358	2031.0386435834625	-3.308
TTATAC	TTATAC	1	5.73	0.00010649627263045793	0.0006104777155221509	0.9967606602433424	3186.6438307979656	-3.503
TTATAG	TTATAG	2	5.03	0.00021299254526091586	0.0005353000916586312	0.9604546349043184	3070.573467789106	-3.487
TTATAT	TTATAT	9	11.49	0.0009584664536741214	0.0012234068753007202	0.8084697615142761	2584.6778275611405	-3.412
TTATCA	TTATCA	7	4.67	0.0007454739084132055	0.0004973897437843445	0.19139311205703105	611.8837792463282	-2.787
TTATCC	TTATCC	1	2.84	0.00010649627263045793	0.00030278976366483924	0.9417607574481568	3010.8091415617573	-3.479
TTATCG	TTATCG	2	2.21	0.00021299254526091586	0.0002353265488199163	0.6477921315441388	2070.991444546612	-3.316
TTATCT	TTATCT	5	5.05	0.0005324813631522897	0.0005381477858763321	0.5687927361274697	1818.4303773995207	-3.26
TTATGA	TTATGA	2	4.42	0.00021299254526091586	0.0004708535737474028	0.9348443750659776	2988.6974670859304	-3.475
TTATGC	TTATGC	2	3.06	0.00021299254526091586	0.000325358673830322	0.8089343462808883	2586.16310506	-3.413
TTATGT	TTATGT	3	4.48	0.0003194888178913738	0.00047752608937458535	0.8246108502411791	2636.2808882210497	-3.421
TTATTA	TTATTA	8	6.61	0.0008519701810436634	0.0007040870250511618	0.34359376968587885	1098.4692816857546	-3.041
TTATTC	TTATTC	5	5.70	0.0005324813631522897	0.0006070343905591202	0.6727929868549045	2150.91917897513	-3.333
TTATTG	TTATTG	2	4.81	0.00021299254526091586	0.0005125886714919465	0.9527864862835613	3046.0583966485456	-3.484
TTATTT	TTATTT	15	12.37	0.001597444089456869	0.0013171518705690107	0.2622479263737188	838.406620616779	-2.923
TTCAAA	TTCAAA	9	9.73	0.0009584664536741214	0.001036120748621661	0.6358760243076416	2032.89564971153	-3.308
TTCAAC	TTCAAC	7	3.57	0.0007454739084132055	0.00038011784234330114	0.07076383630026441	226.2319846519453	-2.355
TTCAAG	TTCAAG	1	4.35	0.00010649627263045793	0.00046343341588578915	0.9871143343474399	3155.804526908765	-3.499
TTCAAT	TTCAAT	6	6.04	0.0006389776357827476	0.0006435131398024262	0.5611365333289065	1793.953497052514	-3.254
TTCACA	TTCACA	2	4.45	0.00021299254526091586	0.00047415851219966037	0.9364737459667039	2993.9065658555523	-3.476
TTCACC	TTCACC	2	2.26	0.00021299254526091586	0.0002404015739032278	0.6591969104546103	2107.452522723389	-3.324
TTCACG	TTCACG	6	2.14	0.0006389776357827476	0.00022789086605366573	0.02215793409867133	70.83891531345223	-1.85
TTCACT	TTCACT	3	3.76	0.0003194888178913738	0.00039989967547886864	0.7237669485888105	2313.8829346384273	-3.364
TTCAGC	TTCAGC	3	2.44	0.0003194888178913738	0.0002596505805729677	0.4402181080322438	1407.3772913790835	-3.148
TTCAGG	TTCAGG	2	2.36	0.00021299254526091586	0.0002515405744909959	0.6831858878822785	2184.145283559644	-3.339
TTCAGT	TTCAGT	4	3.29	0.0004259850905218317	0.00035076428234277263	0.41826449273996746	1337.191583289676	-3.126
TTCATA	TTCATA	1	7.15	0.00010649627263045793	0.0007615222400400762	0.9992156802951802	3194.492529903691	-3.504
TTCATC	TTCATC	4	3.31	0.0004259850905218317	0.0003519707834797229	0.4207673580138794	1345.1932435703723	-3.129
TTCATG	TTCATG	7	3.25	0.0007454739084132055	0.00034626244788329546	0.047814436183272586	152.86275247792247	-2.184
TTCATT	TTCATT	10	6.60	0.0010649627263045794	0.0007024928605770191	0.13104132265094737	418.9391085150787	-2.622
TTCCAA	TTCCAA	5	4.42	0.0005324813631522897	0.00047107829886409113	0.45330278794312323	1449.2090130541649	-3.161
TTCCAC	TTCCAC	3	2.35	0.0003194888178913738	0.0002506166663926384	0.4180415078890587	1336.4787007213206	-3.126
TTCCAG	TTCCAG	1	2.29	0.00010649627263045793	0.00024343037823620523	0.898308468787115	2871.892174712407	-3.458
TTCCAT	TTCCAT	4	3.79	0.0004259850905218317	0.0004036914482086238	0.5246029823583462	1677.155734599633	-3.225
TTCCCA	TTCCCA	4	2.55	0.0004259850905218317	0.0002711899827719127	0.2524028762365282	806.9319953281806	-2.907
TTCCCC	TTCCCC	2	1.65	0.00021299254526091586	0.00017518719027934178	0.4894842215100736	1564.8810561677053	-3.194
TTCCCT	TTCCCT	1	2.71	0.00010649627263045793	0.0002888042005710469	0.93358759670696	2984.679546672151	-3.475
TTCCGA	TTCCGA	1	2.00	0.00010649627263045793	0.00021312628213467178	0.8648345626888225	2764.876096916166	-3.442
TTCCGC	TTCCGC	2	1.61	0.00021299254526091586	0.0001719020040927361	0.47963098022738637	1533.3802437869542	-3.186
TTCCGT	TTCCGT	3	2.09	0.0003194888178913738	0.00022244105786307399	0.34732248831343543	1110.389995138053	-3.045
TTCCTC	TTCCTC	6	2.58	0.0006389776357827476	0.0002742998507038859	0.04726841272211909	151.11711547261473	-2.179
TTCCTG	TTCCTG	2	2.50	0.00021299254526091586	0.0002665156066545756	0.7132318602492312	2280.202257216792	-3.358
TTCCTT	TTCCTT	6	5.24	0.0006389776357827476	0.000558089482074628	0.4261529834668283	1362.4110881434501	-3.134
TTCGAA	TTCGAA	2	3.79	0.00021299254526091586	0.0004032834271646198	0.8914953983768414	2850.110788610762	-3.455
TTCGAG	TTCGAG	3	1.71	0.0003194888178913738	0.00018256032737351706	0.24654086457395785	788.1911440429433	-2.897
TTCGAT	TTCGAT	1	2.41	0.00010649627263045793	0.00025660632452566035	0.91014278669114	2909.726489051575	-3.464
TTCGCA	TTCGCA	1	2.49	0.00010649627263045793	0.0002654749241089136	0.9173226451566304	2932.6804965657475	-3.467
TTCGCC	TTCGCC	1	1.42	0.00010649627263045793	0.00015135351664672615	0.7585781646224852	2425.174392298085	-3.385
TTCGCT	TTCGCT	5	2.19	0.0005324813631522897	0.00023371113236527133	0.07190793341489995	229.88966312743514	-2.362
TTCGGA	TTCGGA	1	2.02	0.00010649627263045793	0.00021561125045074228	0.8679519809323548	2774.8424830407384	-3.443
TTCGGC	TTCGGC	1	1.35	0.00010649627263045793	0.00014351364934861292	0.7401350399674054	2366.211722775795	-3.374
TTCGTA	TTCGTA	1	2.98	0.00010649627263045793	0.00031756875988458967	0.949307162741404	3034.9349992842685	-3.482
TTCGTC	TTCGTC	3	1.49	0.0003194888178913738	0.00015825624382532997	0.1876536868840569	599.9288369683298	-2.778
TTCGTG	TTCGTG	3	1.90	0.0003194888178913738	0.00020264018779085798	0.29703328952973745	949.6154266265706	-2.978
TTCGTT	TTCGTT	3	3.26	0.0003194888178913738	0.00034704183173230865	0.632216556932613	2021.196332513564	-3.306
TTCTAA	TTCTAA	7	5.58	0.0007454739084132055	0.0005938927410728919	0.3260472312006511	1042.3729981484817	-3.018
TTCTAC	TTCTAC	4	3.29	0.0004259850905218317	0.00035009524090731724	0.4168754823378514	1332.750917034111	-3.125
TTCTAG	TTCTAG	3	2.88	0.0003194888178913738	0.00030698256428024777	0.5499922324601357	1758.325167175054	-3.245
TTCTAT	TTCTAT	10	6.59	0.0010649627263045794	0.0007015963299655168	0.13029352399557842	416.5483962138642	-2.62
TTCTCA	TTCTCA	2	4.43	0.00021299254526091586	0.0004717802311235451	0.9353051851125445	2990.1706768048048	-3.476
TTCTCC	TTCTCC	4	2.70	0.0004259850905218317	0.0002871997793858361	0.28520376025659755	911.7964215403424	-2.96
TTCTCG	TTCTCG	5	2.10	0.0005324813631522897	0.0002232100982763782	0.061724256305742256	197.33244740945798	-2.295
TTCTCT	TTCTCT	9	4.79	0.0009584664536741214	0.0005104397305575307	0.05541686217651201	177.1677083783089	-2.248
TTCTGA	TTCTGA	4	4.14	0.0004259850905218317	0.0004410898642872936	0.5937373278497667	1898.1782371357042	-3.278
TTCTGC	TTCTGC	2	2.86	0.00021299254526091586	0.0003047920230111711	0.7792694746978316	2491.3245106089676	-3.396
TTCTGG	TTCTGG	2	2.41	0.00021299254526091586	0.00025706312370922193	0.6945563693818175	2220.4967129136708	-3.346
TTCTGT	TTCTGT	1	4.20	0.00010649627263045793	0.0004473405952502654	0.9850123415928506	3149.084456072343	-3.498
TTCTTA	TTCTTA	2	6.39	0.00021299254526091586	0.0006807885152833366	0.987625583165353	3157.4389893796333	-3.499
TTCTTC	TTCTTC	3	5.51	0.0003194888178913738	0.0005869473896989362	0.9123278868451286	2916.712254243876	-3.465
TTCTTG	TTCTTG	9	4.65	0.0009584664536741214	0.0004956269157079028	0.047821616965355335	152.885709438241	-2.184
TTCTTT	TTCTTT	10	11.96	0.0010649627263045794	0.0012735668098729535	0.7539892136532974	2410.503516049592	-3.382
TTGAAA	TTGAAA	5	9.43	0.0005324813631522897	0.001004056723437369	0.9578721688384144	3062.317323776411	-3.486
TTGAAC	TTGAAC	3	3.46	0.0003194888178913738	0.00036835463029865484	0.6714745832585916	2146.704242677717	-3.332
TTGAAG	TTGAAG	2	4.22	0.00021299254526091586	0.00044909190140692955	0.9230850962494366	2951.1030527094485	-3.47
TTGAAT	TTGAAT	5	5.86	0.0005324813631522897	0.000623598837778752	0.6951493196195726	2222.3923748237735	-3.347
TTGACA	TTGACA	5	2.82	0.0005324813631522897	0.0003000712761707384	0.15508610503221396	495.810277787988	-2.695
TTGACC	TTGACC	1	1.43	0.00010649627263045793	0.0001521381673397433	0.7603503925328846	2430.840204927632	-3.386
TTGACG	TTGACG	2	1.35	0.00021299254526091586	0.00014422076424852438	0.3922660056018872	1254.0744199092333	-3.098
TTGACT	TTGACT	2	2.38	0.00021299254526091586	0.0002530765616850909	0.6863827997938022	2194.3658109407857	-3.341
TTGAGA	TTGAGA	1	3.52	0.00010649627263045793	0.0003751262119871049	0.9704725556321387	3102.6007603559474	-3.492
TTGAGG	TTGAGG	1	2.01	0.00010649627263045793	0.000213535595929752	0.8653530681074639	2766.533758739562	-3.442
TTGAGT	TTGAGT	2	2.80	0.00021299254526091586	0.0002977677069097132	0.76824643098217	2456.0838398499977	-3.39
TTGATA	TTGATA	5	5.15	0.0005324813631522897	0.0005479374685085952	0.5845929545042666	1868.9436755501404	-3.272
TTGATC	TTGATC	2	2.38	0.00021299254526091586	0.00025325324717859427	0.686748834891743	2195.5360251489024	-3.342
TTGATG	TTGATG	1	2.34	0.00010649627263045793	0.00024914593318085793	0.9036222884964906	2888.8804563232807	-3.461
TTGATT	TTGATT	7	4.75	0.0007454739084132055	0.0005054641078501874	0.20174045700127122	644.9642410330641	-2.81
TTGCAA	TTGCAA	1	4.46	0.00010649627263045793	0.00047455930000903464	0.988392592732117	3159.891118964578	-3.5
TTGCAC	TTGCAC	1	2.37	0.00010649627263045793	0.00025246858125426184	0.9065828169506865	2898.345265791345	-3.462
TTGCAG	TTGCAG	2	2.30	0.00021299254526091586	0.0002452291905088095	0.669768431409314	2141.2496752155766	-3.331
TTGCAT	TTGCAT	1	3.82	0.00010649627263045793	0.0004066744987902502	0.9780430935354244	3126.803770032752	-3.495
TTGCCA	TTGCCA	1	2.26	0.00010649627263045793	0.000241107844869259	0.896066360301489	2864.7241538838603	-3.457
TTGCCC	TTGCCC	1	1.46	0.00010649627263045793	0.0001557542998646763	0.7683512065713252	2456.4188074085264	-3.39
TTGCCT	TTGCCT	5	2.41	0.0005324813631522897	0.0002567681802887236	0.09725985727530148	310.93976370913884	-2.493
TTGCGA	TTGCGA	1	1.96	0.00010649627263045793	0.00020888230792049108	0.8593393281037147	2747.307831947576	-3.439
TTGCGC	TTGCGC	1	1.58	0.00010649627263045793	0.00016847892710087752	0.794439960659745	2539.8245542292048	-3.405
TTGCGT	TTGCGT	3	2.05	0.0003194888178913738	0.00021801159893247886	0.3360776603336764	1074.4402800867636	-3.031
TTGCTA	TTGCTA	4	2.81	0.0004259850905218317	0.0002988122855009198	0.3093637790582988	989.0360016493813	-2.995
TTGCTC	TTGCTC	4	2.14	0.0004259850905218317	0.00022842781947068097	0.16993116797163338	543.2699440053119	-2.735
TTGCTG	TTGCTG	1	2.08	0.00010649627263045793	0.00022194535916365298	0.8755768375333014	2799.2191495939646	-3.447
TTGCTT	TTGCTT	7	4.36	0.0007454739084132055	0.0004647584135853226	0.1519396908600485	485.751191679575	-2.686
TTGGAA	TTGGAA	5	4.32	0.0005324813631522897	0.0004598135317870706	0.43297103981794416	1384.2084142979675	-3.141
TTGGAC	TTGGAC	2	1.50	0.00021299254526091586	0.00015975394608916334	0.44220457240453026	1413.7280179772833	-3.15
TTGGAG	TTGGAG	1	1.95	0.00010649627263045793	0.00020815065345979365	0.8583696289617198	2744.207703790618	-3.438
TTGGAT	TTGGAT	2	2.75	0.00021299254526091586	0.0002925760207618928	0.7597934819537304	2429.059761806076	-3.385
TTGGCA	TTGGCA	3	2.35	0.0003194888178913738	0.0002497886707892753	0.4159939059569298	1329.9325173443046	-3.124
TTGGCC	TTGGCC	3	1.34	0.0003194888178913738	0.00014241041359882916	0.15154624192135094	484.49333542255897	-2.685
TTGGCG	TTGGCG	1	1.25	0.00010649627263045793	0.00013358153467428135	0.7147332611391691	2285.0022358619235	-3.359
TTGGCT	TTGGCT	3	2.06	0.0003194888178913738	0.00021990172253793434	0.34087786593886843	1089.7865374065623	-3.037
TTGGGC	TTGGGC	3	1.35	0.0003194888178913738	0.00014349910981756553	0.15395224392048265	492.18532381378304	-2.692
TTGGGG	TTGGGG	1	1.21	0.00010649627263045793	0.0001285732782069667	0.7009974216437012	2241.0887569949127	-3.35
TTGGGT	TTGGGT	1	1.69	0.00010649627263045793	0.0001804595845131039	0.8163117953320769	2609.7488096766497	-3.417
TTGGTA	TTGGTA	1	2.73	0.00010649627263045793	0.0002903913923101896	0.9345700499683609	2987.82044974885	-3.475
TTGGTG	TTGGTG	4	1.74	0.0004259850905218317	0.0001852983470161576	0.09925622862805945	317.3221629239061	-2.502
TTGGTT	TTGGTT	7	2.98	0.0007454739084132055	0.0003173421741585923	0.032502651315773436	103.91097625652768	-2.017
TTGTAA	TTGTAA	4	5.34	0.0004259850905218317	0.0005690622609762988	0.7799267871742781	2493.4259385961673	-3.397
TTGTAC	TTGTAC	3	3.15	0.0003194888178913738	0.00033545786228646223	0.6095527858697694	1948.7402564256527	-3.29
TTGTAG	TTGTAG	4	2.76	0.0004259850905218317	0.00029414771393573673	0.29963086363485647	957.9198710406362	-2.981
TTGTAT	TTGTAT	2	6.31	0.00021299254526091586	0.0006722627946278397	0.9867393717224673	3154.605771396728	-3.499
TTGTCA	TTGTCA	3	2.77	0.0003194888178913738	0.0002946890797098343	0.5226744822990258	1670.9903199099854	-3.223
TTGTCC	TTGTCC	4	1.68	0.0004259850905218317	0.00017939420326816582	0.09088632268860497	290.5635736354701	-2.463
TTGTCG	TTGTCG	3	1.31	0.0003194888178913738	0.00013942419394377377	0.14500981610132788	463.5963820759452	-2.666
TTGTCT	TTGTCT	2	2.99	0.00021299254526091586	0.0003188370442888349	0.7999357461917113	2557.394580574901	-3.408
TTGTGA	TTGTGA	4	3.41	0.0004259850905218317	0.00036309396729117976	0.4437082347931571	1418.5352266337231	-3.152
TTGTGG	TTGTGG	4	1.99	0.0004259850905218317	0.00021160783094088768	0.14053794246195073	449.2998020508565	-2.653
TTGTGT	TTGTGT	3	3.46	0.0003194888178913738	0.00036823941017611754	0.6712708945286202	2146.053049807999	-3.332
TTGTTA	TTGTTA	4	4.30	0.0004259850905218317	0.00045833099862444644	0.6235159998270567	1993.3806514471005	-3.3
TTGTTC	TTGTTC	7	3.71	0.0007454739084132055	0.0003951538212256181	0.08273679444591862	264.50953184360185	-2.422
TTGTTG	TTGTTG	2	3.13	0.00021299254526091586	0.000333673635970512	0.8198822759264119	2621.163636136739	-3.418
TTGTTT	TTGTTT	9	8.05	0.0009584664536741214	0.0008574103920379525	0.4145828521027981	1325.4213781726455	-3.122
TTTAAA	TTTAAA	7	13.23	0.0007454739084132055	0.001409228665252828	0.9774256361465444	3124.8297587605025	-3.495
TTTAAC	TTTAAC	5	4.85	0.0005324813631522897	0.0005169985837237933	0.533637101474526	1706.0378134140597	-3.232
TTTAAG	TTTAAG	5	5.92	0.0005324813631522897	0.0006303161624463933	0.7039095611499567	2250.3988669964115	-3.352
TTTAAT	TTTAAT	11	8.22	0.0011714589989350373	0.0008752427400790997	0.20638153686493546	659.8017733571986	-2.819
TTTACA	TTTACA	6	6.71	0.0006389776357827476	0.0007145884440344225	0.660731693063694	2112.3592227246295	-3.325
TTTACC	TTTACC	3	3.40	0.0003194888178913738	0.00036230117612355887	0.660647298295562	2112.089412650912	-3.325
TTTACG	TTTACG	3	3.22	0.0003194888178913738	0.00034344670651904966	0.6252820108979363	1999.0265888407025	-3.301
TTTACT	TTTACT	10	5.66	0.0010649627263045794	0.0006026754334634508	0.062451791653019215	199.65837791470244	-2.3
TTTAGA	TTTAGA	7	5.65	0.0007454739084132055	0.0006011879861417991	0.33690572507065636	1077.0876030508884	-3.032
TTTAGC	TTTAGC	2	3.32	0.00021299254526091586	0.00035325182367082063	0.8434634714982965	2696.5527183800536	-3.431
TTTAGG	TTTAGG	4	3.21	0.0004259850905218317	0.0003422182475774567	0.4004685818473535	1280.2980561659892	-3.107
TTTAGT	TTTAGT	7	4.48	0.0007454739084132055	0.000477211035472151	0.16652435380987526	532.3783591301712	-2.726
TTTATA	TTTATA	11	13.41	0.0011714589989350373	0.001427830088016559	0.7816489742819112	2498.9317707792698	-3.398
TTTATC	TTTATC	9	6.20	0.0009584664536741214	0.0006599340745828544	0.17373279759101812	555.423753898485	-2.745
TTTATG	TTTATG	1	6.10	0.00010649627263045793	0.0006492311260824323	0.9977487738911286	3189.8028301299382	-3.504
TTTATT	TTTATT	11	12.37	0.0011714589989350373	0.0013171518705690107	0.690140082778455	2206.3778446427204	-3.344
TTTCAA	TTTCAA	12	9.94	0.0012779552715654952	0.0010581229231004777	0.29594300730812295	946.1297943640691	-2.976
TTTCAC	TTTCAC	8	5.29	0.0008519701810436634	0.0005629281592051913	0.16488608054266773	527.1407994949087	-2.722
TTTCAG	TTTCAG	6	5.13	0.0006389776357827476	0.0005467865193787276	0.40759509175488856	1303.0815083403788	-3.115
TTTCAT	TTTCAT	9	8.51	0.0009584664536741214	0.0009067604604991809	0.4788853140336982	1530.9963489657332	-3.185
TTTCCA	TTTCCA	5	5.39	0.0005324813631522897	0.0005740270097679655	0.6251051872608406	1998.4612836729075	-3.301
TTTCCC	TTTCCC	5	3.48	0.0005324813631522897	0.0003708181915785623	0.2711576159387309	866.8908981561226	-2.938
TTTCCG	TTTCCG	3	2.96	0.0003194888178913738	0.0003155286227352817	0.568427232697703	1817.2618629345566	-3.259
TTTCCT	TTTCCT	9	5.74	0.0009584664536741214	0.0006113109708836776	0.12712994941475986	406.43444827898725	-2.609
TTTCGC	TTTCGC	7	3.12	0.0007454739084132055	0.0003323468988426591	0.0399669346377904	127.7742900370159	-2.106
TTTCGG	TTTCGG	1	2.63	0.00010649627263045793	0.0002802117701407688	0.9280071536838063	2966.8388703271285	-3.472
TTTCGT	TTTCGT	5	4.04	0.0005324813631522897	0.000430056625263027	0.37863181975762367	1210.4859277651228	-3.083
TTTCTA	TTTCTA	10	7.69	0.0010649627263045794	0.0008188284452141251	0.24559090886406568	785.154135638418	-2.895
TTTCTC	TTTCTC	13	5.88	0.0013844515441959531	0.0006259555089820923	0.007532024510978347	24.079882361597775	-1.382
TTTCTG	TTTCTG	3	5.71	0.0003194888178913738	0.0006081917718403352	0.9238183218096306	2953.447174825389	-3.47
TTTCTT	TTTCTT	12	11.96	0.0012779552715654952	0.0012735668098729548	0.5336818344825596	1706.1808248407428	-3.232
TTTGAA	TTTGAA	2	9.63	0.00021299254526091586	0.0010253780136876463	0.9993002443366298	3194.7628811442055	-3.504
TTTGAC	TTTGAC	3	3.35	0.0003194888178913738	0.0003562491588340761	0.6495660782584666	2076.662752192318	-3.317
TTTGAT	TTTGAT	5	6.13	0.0005324813631522897	0.0006524406053373587	0.7315084152125205	2338.632403434428	-3.369
TTTGCA	TTTGCA	3	5.43	0.0003194888178913738	0.0005782687434310296	0.907195472367708	2900.3039251595624	-3.462
TTTGCC	TTTGCC	4	3.10	0.0004259850905218317	0.00032968465168206466	0.37420687615806114	1196.3393830773214	-3.078
TTTGCG	TTTGCG	2	2.90	0.00021299254526091586	0.00030924551524937196	0.7860174926421228	2512.897923976867	-3.4
TTTGCT	TTTGCT	5	4.78	0.0005324813631522897	0.0005090795045609007	0.5201414899998384	1662.8923435294835	-3.221
TTTGGA	TTTGGA	4	4.41	0.0004259850905218317	0.00046980655562378377	0.642550215052746	2054.233037523629	-3.313
TTTGGC	TTTGGC	5	2.94	0.0005324813631522897	0.0003127093467735101	0.17415589411604648	556.7763934890006	-2.746
TTTGGG	TTTGGG	1	2.63	0.00010649627263045793	0.0002801833815676243	0.9279879600861304	2966.777508395359	-3.472
TTTGGT	TTTGGT	6	3.69	0.0006389776357827476	0.00039325260528692206	0.16886183129165291	539.8512746394143	-2.732
TTTGTA	TTTGTA	4	7.37	0.0004259850905218317	0.0007845934697626923	0.9354852408274448	2990.746314925341	-3.476
TTTGTC	TTTGTC	6	3.67	0.0006389776357827476	0.0003909919083339645	0.16584829988117353	530.2170147201118	-2.724
TTTGTG	TTTGTG	2	4.70	0.00021299254526091586	0.0005006480111896798	0.9482032746114016	3031.405868932651	-3.482
TTTGTT	TTTGTT	10	8.05	0.0010649627263045794	0.0008574103920379525	0.2897339258621097	926.2793609811648	-2.967
TTTTAA	TTTTAA	8	13.51	0.0008519701810436634	0.0014391538404939265	0.9588193855939797	3065.3455757439533	-3.486
TTTTAC	TTTTAC	7	7.97	0.0007454739084132055	0.0008483702117325132	0.6824795767387108	2181.8872068336586	-3.339
TTTTAG	TTTTAG	6	6.99	0.0006389776357827476	0.0007438971817545217	0.6973968214229023	2229.5776380890184	-3.348
TTTTAT	TTTTAT	13	15.96	0.0013844515441959531	0.0017001471527034384	0.8045125692078275	2572.0266837574245	-3.41
TTTTCA	TTTTCA	15	12.11	0.001597444089456869	0.0012893634433573033	0.23775411710390174	760.0999123811738	-2.881
TTTTCC	TTTTCC	14	7.37	0.001490947816826411	0.0007849097356167258	0.018955658699026656	60.60124086078822	-1.782
TTTTCG	TTTTCG	4	5.73	0.0004259850905218317	0.0006100275550341726	0.8228406732290292	2630.621632313206	-3.42
TTTTCT	TTTTCT	16	13.10	0.0017039403620873268	0.0013950188778590093	0.24523832737376086	784.0269326139135	-2.894
TTTTGA	TTTTGA	4	9.84	0.0004259850905218317	0.001047662322921867	0.9883623020299331	3159.794279589696	-3.5
TTTTGC	TTTTGC	3	6.80	0.0003194888178913738	0.0007239321160822629	0.9655033803482723	3086.7143069734266	-3.489
TTTTGG	TTTTGG	7	5.73	0.0007454739084132055	0.0006105679842766516	0.3509348037248006	1121.9385675081876	-3.05
TTTTGT	TTTTGT	9	9.98	0.0009584664536741214	0.0010625088561361537	0.664579863344236	2124.6618231115226	-3.327
TTTTTA	TTTTTA	13	18.63	0.0013844515441959531	0.0019842305186399695	0.9292412874243392	2970.7843958956123	-3.473
TTTTTC	TTTTTC	24	16.06	0.0025559105431309905	0.001710720579638431	0.038077207279337236	121.73283167204114	-2.085
TTTTTG	TTTTTG	10	13.56	0.0010649627263045794	0.0014445573477362857	0.8683205996868639	2776.020957198904	-3.443
TTTTTT	TTTTTT	40	34.86	0.004259850905218318	0.003711945890604708	0.21246480290193995	679.249974877502	-2.832
;
;
; Job started	2026-05-30 09:15:55.210687
; Job done	2026-05-30 09:15:55.584076
; Job duration	0.373 seconds
