; oligo-analysis  -i data/seq/yeast_all-upstream-noorf.fasta.gz -l 6 -2str -markov 4 -v 1 -return occ,freq,exp,proba -o data/rsat_oligos/yeast_all-upsteam-noorf_6nt-2str.tsv
; Citation: van Helden et al. (1998). J Mol Biol 281(5), 827-42. 
; Program version              	1.169
; Slow counting mode           
; Detection of over-represented words (right-tail test)
; Oligomer length              	6
; Input file                   	data/seq/yeast_all-upstream-noorf.fasta.gz
; Input format                 	fasta
; Output file                  	data/rsat_oligos/yeast_all-upsteam-noorf_6nt-2str.tsv
; Count overlapping matches
; Counted on both strands
; 	grouped by pairs of reverse complements
; Background model             	Markov
; Background estimation method 	Markov model estimated from input sequences
; Markov chain order           	4
; Sequence type                	DNA
; Nb of sequences              	6200
; Sum of sequence lengths      	3031244
; discarded residues           		 (other letters than ACGT)
; discarded occurrences        		 (contain discarded residues)
; nb possible positions        	3000438
; total oligo occurrences      	3000438
; alphabet size                	4
; nb possible oligomers        	2080
; oligomers tested for significance	2080
;
; column headers
;	1	seq            	oligomer sequence
;	2	id             	oligomer identifier
;	3	obs_freq       	observed relative frequency
;	4	exp_freq       	expected relative frequency
;	5	occ            	observed occurrences
;	6	exp_occ        	expected occurrences
;	7	occ_P          	occurrence probability (binomial)
;	8	occ_E          	E-value for occurrences (binomial)
;	9	occ_sig        	occurrence significance (binomial)
#seq	id	obs_freq	exp_freq	occ	exp_occ	occ_P	occ_E	occ_sig
aaaaaa	aaaaaa|tttttt	0.0118809320506	0.0099988223930	35648	30000.85	2e-222	3e-219	218.46
aaaaac	aaaaac|gttttt	0.0020147058529	0.0025040085661	6045	7513.12	1.00000	2.1e+03	-3.32
aaaaag	aaaaag|cttttt	0.0036418016303	0.0038022299116	10927	11408.36	1.00000	2.1e+03	-3.32
aaaaat	aaaaat|attttt	0.0042537122913	0.0044808238827	12763	13444.43	1.00000	2.1e+03	-3.32
aaaaca	aaaaca|tgtttt	0.0019690458526	0.0020242547285	5908	6073.65	0.98389	2.0e+03	-3.31
aaaacc	aaaacc|ggtttt	0.0008582080350	0.0008447291330	2575	2534.56	0.21332	4.4e+02	-2.65
aaaacg	aaaacg|cgtttt	0.0009185325609	0.0009370689894	2756	2811.62	0.85525	1.8e+03	-3.25
aaaact	aaaact|agtttt	0.0014384566520	0.0014062483155	4316	4219.36	0.06969	1.4e+02	-2.16
aaaaga	aaaaga|tctttt	0.0031968665908	0.0029349769418	9592	8806.22	7.1e-17	1.5e-13	12.83
aaaagc	aaaagc|gctttt	0.0013181408848	0.0013830985486	3955	4149.90	0.99888	2.1e+03	-3.32
aaaagg	aaaagg|cctttt	0.0017477448293	0.0017066181444	5244	5120.60	0.04322	9.0e+01	-1.95
aaaagt	aaaagt|actttt	0.0018697270199	0.0018858533775	5610	5658.39	0.74190	1.5e+03	-3.19
aaaata	aaaata|tatttt	0.0034384979793	0.0035316248461	10317	10596.42	0.99688	2.1e+03	-3.32
aaaatc	aaaatc|gatttt	0.0013174743154	0.0013523150375	3953	4057.54	0.95100	2.0e+03	-3.30
aaaatg	aaaatg|catttt	0.0018477302314	0.0016369550982	5544	4911.58	4.7e-19	9.7e-16	15.01
aaaatt	aaaatt|aatttt	0.0029695664433	0.0028123317196	8910	8438.23	1.8e-07	3.7e-04	3.44
aaacaa	aaacaa|ttgttt	0.0021196905252	0.0021525681066	6360	6458.65	0.89179	1.9e+03	-3.27
aaacac	aaacac|gtgttt	0.0007135624865	0.0007865004944	2141	2359.85	1.00000	2.1e+03	-3.32
aaacag	aaacag|ctgttt	0.0009571935831	0.0009685916216	2872	2906.20	0.73962	1.5e+03	-3.19
aaacat	aaacat|atgttt	0.0011111711024	0.0012723329392	3334	3817.56	1.00000	2.1e+03	-3.32
aaacca	aaacca|tggttt	0.0007198948953	0.0007682817754	2160	2305.18	0.99891	2.1e+03	-3.32
aaaccc	aaaccc|gggttt	0.0003986084698	0.0003993092117	1196	1198.10	0.52807	1.1e+03	-3.04
aaaccg	aaaccg|cggttt	0.0003706125572	0.0003600935448	1112	1080.44	0.17214	3.6e+02	-2.55
aaacct	aaacct|aggttt	0.0006285748947	0.0006434822318	1886	1930.73	0.84847	1.8e+03	-3.25
aaacga	aaacga|tcgttt	0.0007995499324	0.0007825657118	2399	2348.04	0.14883	3.1e+02	-2.49
aaacgc	aaacgc|gcgttt	0.0005362550401	0.0005170569619	1609	1551.40	0.07415	1.5e+02	-2.19
aaacgg	aaacgg|ccgttt	0.0005089256968	0.0004720730062	1527	1416.43	0.00191	4.0e+00	-0.60
aaacgt	aaacgt|acgttt	0.0006165766465	0.0006390824049	1850	1917.53	0.94056	2.0e+03	-3.29
aaacta	aaacta|tagttt	0.0010918405913	0.0010926707733	3276	3278.49	0.51969	1.1e+03	-3.03
aaactc	aaactc|gagttt	0.0005679170841	0.0005651909985	1704	1695.82	0.42448	8.8e+02	-2.95
aaactg	aaactg|cagttt	0.0007948839469	0.0007193773942	2385	2158.45	8.4e-07	1.7e-03	2.76
aaactt	aaactt|aagttt	0.0011974918329	0.0012449477400	3593	3735.39	0.99066	2.1e+03	-3.31
aaagaa	aaagaa|ttcttt	0.0032801877593	0.0030126020356	9842	9039.13	3.9e-17	8.2e-14	13.09
aaagac	aaagac|gtcttt	0.0007748868665	0.0008137895493	2325	2441.73	0.99156	2.1e+03	-3.31
aaagag	aaagag|ctcttt	0.0013461367974	0.0013024448280	4039	3907.90	0.01869	3.9e+01	-1.59
aaagat	aaagat|atcttt	0.0012921446802	0.0013967419425	3877	4190.84	1.00000	2.1e+03	-3.32
aaagca	aaagca|tgcttt	0.0011288351901	0.0011332850533	3387	3400.35	0.59289	1.2e+03	-3.09
aaagcc	aaagcc|ggcttt	0.0005199240911	0.0005251372706	1560	1575.64	0.65662	1.4e+03	-3.14
aaagcg	aaagcg|cgcttt	0.0005525859891	0.0005519560514	1658	1656.11	0.48474	1.0e+03	-3.00
aaagct	aaagct|agcttt	0.0008462097867	0.0008630539092	2539	2589.54	0.84218	1.8e+03	-3.24
aaagga	aaagga|tccttt	0.0014041283306	0.0013575165482	4213	4073.14	0.01480	3.1e+01	-1.49
aaaggc	aaaggc|gccttt	0.0007075633624	0.0007022998383	2123	2107.21	0.36825	7.7e+02	-2.88
aaaggg	aaaggg|cccttt	0.0009085340207	0.0008449588982	2726	2535.25	9.3e-05	1.9e-01	0.71
aaaggt	aaaggt|accttt	0.0008725392759	0.0008906323522	2618	2672.29	0.85559	1.8e+03	-3.25
aaagta	aaagta|tacttt	0.0014484551922	0.0014050422772	4346	4215.74	0.02317	4.8e+01	-1.68
aaagtc	aaagtc|gacttt	0.0005515861351	0.0005492509631	1655	1647.99	0.43474	9.0e+02	-2.96
aaagtg	aaagtg|cacttt	0.0009495280356	0.0008967684304	2849	2690.70	0.00127	2.6e+00	-0.42
aaagtt	aaagtt|aacttt	0.0013064759212	0.0013425259074	3920	4028.17	0.95714	2.0e+03	-3.30
aaataa	aaataa|ttattt	0.0030788838163	0.0029904699490	9238	8972.72	0.00265	5.5e+00	-0.74
aaatac	aaatac|gtattt	0.0013251398629	0.0012683897784	3976	3805.72	0.00311	6.5e+00	-0.81
aaatag	aaatag|ctattt	0.0014477886229	0.0014280907896	4344	4284.90	0.18502	3.8e+02	-2.59
aaatat	aaatat|atattt	0.0026969395802	0.0028377449570	8092	8514.48	1.00000	2.1e+03	-3.32
aaatca	aaatca|tgattt	0.0011641633655	0.0011645694637	3493	3494.22	0.51048	1.1e+03	-3.03
aaatcc	aaatcc|ggattt	0.0005815817557	0.0006008954617	1745	1802.95	0.91629	1.9e+03	-3.28
aaatcg	aaatcg|cgattt	0.0005135916823	0.0005305882599	1541	1592.00	0.90214	1.9e+03	-3.27
aaatct	aaatct|agattt	0.0009445287655	0.0009589999636	2834	2877.42	0.79336	1.7e+03	-3.22
aaatga	aaatga|tcattt	0.0014824502289	0.0013631328382	4448	4090.00	1.7e-08	3.6e-05	4.45
aaatgc	aaatgc|gcattt	0.0008602077430	0.0007549658796	2581	2265.23	4.4e-11	9.2e-08	7.03
aaatgg	aaatgg|ccattt	0.0008168807354	0.0007585032030	2451	2275.84	0.00015	3.1e-01	0.51
aaatgt	aaatgt|acattt	0.0011584975260	0.0010945489259	3476	3284.13	0.00046	9.6e-01	0.02
aaatta	aaatta|taattt	0.0019033887719	0.0018811098780	5711	5644.15	0.18823	3.9e+02	-2.59
aaattc	aaattc|gaattt	0.0010745097882	0.0010697330464	3224	3209.67	0.40244	8.4e+02	-2.92
aaattg	aaattg|caattt	0.0011748284750	0.0012964739692	3525	3889.99	1.00000	2.1e+03	-3.32
aaattt	aaattt|aaattt	0.0013451369433	0.0012769614061	4036	3831.44	0.00053	1.1e+00	-0.04
aacaaa	aacaaa|tttgtt	0.0020387023495	0.0020507287475	6117	6153.08	0.67911	1.4e+03	-3.15
aacaac	aacaac|gttgtt	0.0008465430714	0.0009310747594	2540	2793.63	1.00000	2.1e+03	-3.32
aacaag	aacaag|cttgtt	0.0009778572328	0.0010492886043	2934	3148.33	0.99995	2.1e+03	-3.32
aacaat	aacaat|attgtt	0.0014614532945	0.0015590154450	4385	4677.73	0.99999	2.1e+03	-3.32
aacaca	aacaca|tgtgtt	0.0006842334353	0.0007961716063	2053	2388.86	1.00000	2.1e+03	-3.32
aacacc	aacacc|ggtgtt	0.0004332700759	0.0003982977764	1300	1195.07	0.00142	3.0e+00	-0.47
aacacg	aacacg|cgtgtt	0.0003002894911	0.0002965506063	901	889.78	0.35784	7.4e+02	-2.87
aacact	aacact|agtgtt	0.0005522527044	0.0005538861574	1657	1661.90	0.55113	1.1e+03	-3.06
aacaga	aacaga|tctgtt	0.0007968836550	0.0007918242044	2391	2375.82	0.38041	7.9e+02	-2.90
aacagc	aacagc|gctgtt	0.0005179243830	0.0005508235805	1554	1652.71	0.99309	2.1e+03	-3.32
aacagg	aacagg|cctgtt	0.0004356030686	0.0004413446385	1307	1324.23	0.68572	1.4e+03	-3.15
aacagt	aacagt|actgtt	0.0007208947494	0.0007325537257	2163	2197.98	0.77505	1.6e+03	-3.21
aacata	aacata|tatgtt	0.0010338490580	0.0012226607504	3102	3668.52	1.00000	2.1e+03	-3.32
aacatc	aacatc|gatgtt	0.0005412543102	0.0005796686730	1624	1739.26	0.99748	2.1e+03	-3.32
aacatg	aacatg|catgtt	0.0005002602953	0.0004561361299	1501	1368.61	0.00022	4.6e-01	0.34
aacatt	aacatt|aatgtt	0.0009501946049	0.0010490923369	2851	3147.74	1.00000	2.1e+03	-3.32
aaccaa	aaccaa|ttggtt	0.0007252274501	0.0007350727766	2176	2205.54	0.73820	1.5e+03	-3.19
aaccac	aaccac|gtggtt	0.0003522819002	0.0004106010355	1057	1231.98	1.00000	2.1e+03	-3.32
aaccag	aaccag|ctggtt	0.0003559480316	0.0003493633274	1068	1048.24	0.27485	5.7e+02	-2.76
aaccat	aaccat|atggtt	0.0005149248210	0.0005766917977	1545	1730.33	1.00000	2.1e+03	-3.32
aaccca	aaccca|tgggtt	0.0003086216079	0.0003114461783	926	934.47	0.61358	1.3e+03	-3.11
aacccc	aacccc|ggggtt	0.0002066364977	0.0002014254423	620	604.36	0.26765	5.6e+02	-2.75
aacccg	aacccg|cgggtt	0.0001706417530	0.0002204137926	512	661.34	1.00000	2.1e+03	-3.32
aaccct	aaccct|agggtt	0.0003522819002	0.0003451411922	1057	1035.57	0.25677	5.3e+02	-2.73
aaccga	aaccga|tcggtt	0.0002666277390	0.0002509463422	800	752.95	0.04593	9.6e+01	-1.98
aaccgc	aaccgc|gcggtt	0.0002472972279	0.0002365713471	742	709.82	0.11765	2.4e+02	-2.39
aaccgg	aaccgg|ccggtt	0.0001609764974	0.0001681874421	483	504.64	0.83777	1.7e+03	-3.24
aaccgt	aaccgt|acggtt	0.0003002894911	0.0003160445340	901	948.27	0.94055	2.0e+03	-3.29
aaccta	aaccta|taggtt	0.0004046075940	0.0004308456244	1214	1292.73	0.98687	2.1e+03	-3.31
aacctc	aacctc|gaggtt	0.0003609473017	0.0003554940897	1083	1066.64	0.31219	6.5e+02	-2.81
aacctg	aacctg|caggtt	0.0003086216079	0.0002985159429	926	895.68	0.15946	3.3e+02	-2.52
aacctt	aacctt|aaggtt	0.0006695689096	0.0006525649348	2009	1957.98	0.12694	2.6e+02	-2.42
aacgaa	aacgaa|ttcgtt	0.0008235464289	0.0007873692797	2471	2362.45	0.01353	2.8e+01	-1.45
aacgac	aacgac|gtcgtt	0.0003172870094	0.0003343034522	952	1003.06	0.94920	2.0e+03	-3.30
aacgag	aacgag|ctcgtt	0.0003659465718	0.0003489592347	1098	1047.03	0.06023	1.3e+02	-2.10
aacgat	aacgat|atcgtt	0.0005255899305	0.0005447908110	1577	1634.61	0.92538	1.9e+03	-3.28
aacgca	aacgca|tgcgtt	0.0004349364993	0.0004602593467	1305	1380.98	0.98093	2.0e+03	-3.31
aacgcc	aacgcc|ggcgtt	0.0002469639433	0.0002433129813	741	730.05	0.34745	7.2e+02	-2.86
aacgcg	aacgcg|cgcgtt	0.0002779594179	0.0002627410140	834	788.34	0.05485	1.1e+02	-2.06
aacgct	aacgct|agcgtt	0.0003289519730	0.0003658946163	987	1097.84	0.99968	2.1e+03	-3.32
aacgga	aacgga|tccgtt	0.0003972753311	0.0003817553532	1192	1145.43	0.08734	1.8e+02	-2.26
aacggc	aacggc|gccgtt	0.0002666277390	0.0002670659021	800	801.31	0.52323	1.1e+03	-3.04
aacggg	aacggg|cccgtt	0.0002143020452	0.0002093722229	643	628.21	0.28273	5.9e+02	-2.77
aacggt	aacggt|accgtt	0.0003596141630	0.0003577938654	1079	1073.54	0.43785	9.1e+02	-2.96
aacgta	aacgta|tacgtt	0.0005255899305	0.0005401243138	1577	1620.61	0.86365	1.8e+03	-3.25
aacgtc	aacgtc|gacgtt	0.0002729601478	0.0002574094752	819	772.34	0.04938	1.0e+02	-2.01
aacgtg	aacgtg|cacgtt	0.0003196200021	0.0003227470938	959	968.38	0.62279	1.3e+03	-3.11
aacgtt	aacgtt|aacgtt	0.0002746265712	0.0002632172635	824	789.77	0.11546	2.4e+02	-2.38
aactaa	aactaa|ttagtt	0.0009695251160	0.0009350479657	2909	2805.55	0.02644	5.5e+01	-1.74
aactac	aactac|gtagtt	0.0005812484711	0.0006150140744	1744	1845.31	0.99156	2.1e+03	-3.31
aactag	aactag|ctagtt	0.0004929280325	0.0005152349578	1479	1545.93	0.95763	2.0e+03	-3.30
aactat	aactat|atagtt	0.0009435289114	0.0009797089240	2831	2939.56	0.97841	2.0e+03	-3.31
aactca	aactca|tgagtt	0.0004909283245	0.0005087551869	1473	1526.49	0.91715	1.9e+03	-3.28
aactcc	aactcc|ggagtt	0.0003036223378	0.0003090355241	911	927.24	0.70749	1.5e+03	-3.17
aactcg	aactcg|cgagtt	0.0002213010234	0.0002182160728	664	654.74	0.36393	7.6e+02	-2.88
aactct	aactct|agagtt	0.0005012601494	0.0005388897875	1504	1616.91	0.99782	2.1e+03	-3.32
aactga	aactga|tcagtt	0.0005922468653	0.0005785993714	1777	1736.05	0.16570	3.4e+02	-2.54
aactgc	aactgc|gcagtt	0.0004622658425	0.0004636558511	1387	1391.17	0.54810	1.1e+03	-3.06
aactgg	aactgg|ccagtt	0.0003549481776	0.0003314600201	1065	994.53	0.01393	2.9e+01	-1.46
aactgt	aactgt|acagtt	0.0006199094932	0.0006342380736	1860	1902.99	0.84069	1.7e+03	-3.24
aactta	aactta|taagtt	0.0007378922677	0.0007379492882	2214	2214.17	0.50428	1.0e+03	-3.02
aacttc	aacttc|gaagtt	0.0007922176696	0.0007736154218	2377	2321.19	0.12559	2.6e+02	-2.42
aacttg	aacttg|caagtt	0.0006022454055	0.0005861559220	1807	1758.72	0.12748	2.7e+02	-2.42
aagaaa	aagaaa|tttctt	0.0035821436737	0.0032314394741	10748	9695.73	3.7e-26	7.6e-23	22.12
aagaac	aagaac|gttctt	0.0009751909555	0.0010817818716	2926	3245.82	1.00000	2.1e+03	-3.32
aagaag	aagaag|cttctt	0.0014677857033	0.0015111339696	4404	4534.06	0.97426	2.0e+03	-3.31
aagaat	aagaat|attctt	0.0013801318341	0.0015125825259	4141	4538.41	1.00000	2.1e+03	-3.32
aagaca	aagaca|tgtctt	0.0007525567934	0.0007559933953	2258	2268.31	0.58853	1.2e+03	-3.09
aagacc	aagacc|ggtctt	0.0003326181044	0.0003336219958	998	1001.01	0.54214	1.1e+03	-3.05
aagacg	aagacg|cgtctt	0.0003772782507	0.0003939607672	1132	1182.05	0.93010	1.9e+03	-3.29
aagact	aagact|agtctt	0.0004799299302	0.0005024623246	1440	1507.61	0.96110	2.0e+03	-3.30
aagaga	aagaga|tctctt	0.0012474845339	0.0011878361658	3743	3564.03	0.00149	3.1e+00	-0.49
aagagc	aagagc|gctctt	0.0006029119749	0.0005957807934	1809	1787.60	0.30947	6.4e+02	-2.81
aagagg	aagagg|cctctt	0.0006685690556	0.0006814654770	2006	2044.69	0.80681	1.7e+03	-3.22
aagagt	aagagt|actctt	0.0007005643843	0.0007115554161	2102	2134.98	0.76519	1.6e+03	-3.20
aagata	aagata|tatctt	0.0011894930007	0.0011583933290	3569	3475.69	0.05808	1.2e+02	-2.08
aagatc	aagatc|gatctt	0.0005775823396	0.0005536185528	1733	1661.10	0.04057	8.4e+01	-1.93
aagatg	aagatg|catctt	0.0007608889102	0.0007065953364	2283	2120.10	0.00024	5.1e-01	0.30
aagatt	aagatt|aatctt	0.0009331970866	0.0009854951315	2800	2956.92	0.99825	2.1e+03	-3.32
aagcaa	aagcaa|ttgctt	0.0010565124159	0.0010667345180	3170	3200.67	0.70857	1.5e+03	-3.17
aagcac	aagcac|gtgctt	0.0004915948938	0.0005098735577	1475	1529.84	0.92215	1.9e+03	-3.28
aagcag	aagcag|ctgctt	0.0005872475952	0.0006105952719	1762	1832.05	0.95111	2.0e+03	-3.30
aagcat	aagcat|atgctt	0.0006565708073	0.0007561357392	1970	2268.74	1.00000	2.1e+03	-3.32
aagcca	aagcca|tggctt	0.0005012601494	0.0004550261861	1504	1365.28	0.00011	2.4e-01	0.62
aagccc	aagccc|gggctt	0.0002472972279	0.0002475844797	742	742.86	0.51750	1.1e+03	-3.03
aagccg	aagccg|cggctt	0.0002446309505	0.0002587975450	734	776.51	0.93968	2.0e+03	-3.29
aagcct	aagcct|aggctt	0.0003732788346	0.0004007549505	1120	1202.44	0.99215	2.1e+03	-3.31
aagcga	aagcga|tcgctt	0.0004286040905	0.0004231654347	1286	1269.68	0.32716	6.8e+02	-2.83
aagcgc	aagcgc|gcgctt	0.0003312849657	0.0003211717146	994	963.66	0.16803	3.5e+02	-2.54
aagcgg	aagcgg|ccgctt	0.0002966233597	0.0003165904363	890	949.91	0.97594	2.0e+03	-3.31
aagcgt	aagcgt|acgctt	0.0003686128492	0.0003744592137	1106	1123.54	0.70361	1.5e+03	-3.17
aagcta	aagcta|tagctt	0.0005809151864	0.0005699482333	1743	1710.09	0.21611	4.5e+02	-2.65
aagctc	aagctc|gagctt	0.0003956089078	0.0003910765061	1187	1173.40	0.34952	7.3e+02	-2.86
aagctg	aagctg|cagctt	0.0005442538723	0.0004875545637	1633	1462.88	6.6e-06	1.4e-02	1.87
aagctt	aagctt|aagctt	0.0003656132871	0.0003985881797	1097	1195.94	0.99821	2.1e+03	-3.32
aaggaa	aaggaa|ttcctt	0.0015257772365	0.0014383334305	4578	4315.63	3.9e-05	8.0e-02	1.09
aaggac	aaggac|gtcctt	0.0004079404407	0.0004104432225	1224	1231.51	0.58854	1.2e+03	-3.09
aaggag	aaggag|ctcctt	0.0005825816098	0.0005826264849	1748	1748.13	0.50447	1.0e+03	-3.02
aaggat	aaggat|atcctt	0.0007232277421	0.0007726312633	2170	2318.23	0.99910	2.1e+03	-3.32
aaggca	aaggca|tgcctt	0.0005865810258	0.0005991114778	1760	1797.60	0.81543	1.7e+03	-3.23
aaggcc	aaggcc|ggcctt	0.0002939570823	0.0003028533582	882	908.69	0.81626	1.7e+03	-3.23
aaggcg	aaggcg|cgcctt	0.0003009560604	0.0003120866923	903	936.40	0.86633	1.8e+03	-3.26
aaggct	aaggct|agcctt	0.0004782635069	0.0004424086078	1435	1327.42	0.00183	3.8e+00	-0.58
aaggga	aaggga|tccctt	0.0007535566474	0.0006759983788	2261	2028.29	2e-07	4.2e-04	3.38
aagggc	aagggc|gccctt	0.0003912762070	0.0004054208203	1174	1216.44	0.89139	1.9e+03	-3.27
aagggg	aagggg|cccctt	0.0004052741633	0.0004018566813	1216	1205.75	0.38768	8.1e+02	-2.91
aagggt	aagggt|accctt	0.0004585997111	0.0005120479811	1376	1536.37	0.99999	2.1e+03	-3.32
aaggta	aaggta|tacctt	0.0006362404422	0.0006535943659	1909	1961.07	0.88279	1.8e+03	-3.26
aaggtc	aaggtc|gacctt	0.0003146207320	0.0003183189542	944	955.10	0.64455	1.3e+03	-3.13
aaggtg	aaggtg|cacctt	0.0004829294923	0.0004534567830	1449	1360.57	0.00904	1.9e+01	-1.27
aagtaa	aagtaa|ttactt	0.0013318055564	0.0012195440552	3996	3659.17	2.1e-08	4.3e-05	4.36
aagtac	aagtac|gtactt	0.0006055782522	0.0005838663004	1817	1751.85	0.06183	1.3e+02	-2.11
aagtag	aagtag|ctactt	0.0006465722671	0.0006454359660	1940	1936.59	0.47214	9.8e+02	-2.99
aagtat	aagtat|atactt	0.0010105191309	0.0011038395516	3032	3312.00	1.00000	2.1e+03	-3.32
aagtca	aagtca|tgactt	0.0005112586896	0.0005237075699	1534	1571.35	0.83016	1.7e+03	-3.24
aagtcc	aagtcc|ggactt	0.0002449642352	0.0002329528049	735	698.96	0.09020	1.9e+02	-2.27
aagtcg	aagtcg|cgactt	0.0002302997096	0.0002399326643	691	719.90	0.86375	1.8e+03	-3.25
aagtct	aagtct|agactt	0.0003862769369	0.0003908721221	1159	1172.79	0.66029	1.4e+03	-3.14
aagtga	aagtga|tcactt	0.0008282124143	0.0007691231991	2485	2307.71	0.00014	2.8e-01	0.55
aagtgc	aagtgc|gcactt	0.0004585997111	0.0004378611298	1376	1313.78	0.04506	9.4e+01	-1.97
aagtgg	aagtgg|ccactt	0.0004336033606	0.0004573758320	1301	1372.33	0.97454	2.0e+03	-3.31
aagtgt	aagtgt|acactt	0.0006125772304	0.0006059315022	1838	1818.06	0.32306	6.7e+02	-2.83
aagtta	aagtta|taactt	0.0009135332908	0.0008604314302	2741	2581.67	0.00097	2.0e+00	-0.30
aagttc	aagttc|gaactt	0.0006642363548	0.0006020953323	1993	1806.55	8.2e-06	1.7e-02	1.77
aagttg	aagttg|caactt	0.0006625699315	0.0006647848921	1988	1994.65	0.56215	1.2e+03	-3.07
aataaa	aataaa|tttatt	0.0030802169550	0.0030380335938	9242	9115.43	0.09322	1.9e+02	-2.29
aataac	aataac|gttatt	0.0010571789852	0.0011564635651	3172	3469.90	1.00000	2.1e+03	-3.32
aataag	aataag|cttatt	0.0012271541688	0.0012471018730	3682	3741.85	0.83822	1.7e+03	-3.24
aataat	aataat|attatt	0.0024589743231	0.0025459970649	7378	7639.11	0.99870	2.1e+03	-3.32
aataca	aataca|tgtatt	0.0011891597160	0.0012202392677	3568	3661.25	0.93994	2.0e+03	-3.29
aatacc	aatacc|ggtatt	0.0005775823396	0.0005773565190	1733	1732.32	0.49670	1.0e+03	-3.01
aatacg	aatacg|cgtatt	0.0005435873029	0.0005767161975	1631	1730.40	0.99228	2.1e+03	-3.31
aatact	aatact|agtatt	0.0010461805910	0.0010155498401	3139	3047.09	0.04931	1.0e+02	-2.01
aataga	aataga|tctatt	0.0011774947524	0.0012750226124	3533	3825.63	1.00000	2.1e+03	-3.32
aatagc	aatagc|gctatt	0.0007375589831	0.0007610600089	2213	2283.51	0.93201	1.9e+03	-3.29
aatagg	aatagg|cctatt	0.0006765678878	0.0006282609931	2030	1885.06	0.00050	1.0e+00	-0.02
aatagt	aatagt|actatt	0.0011674962122	0.0011521074927	3503	3456.83	0.21817	4.5e+02	-2.66
aatata	aatata|tatatt	0.0027399333031	0.0032466096456	8221	9741.25	1.00000	2.1e+03	-3.32
aatatc	aatatc|gatatt	0.0011005059928	0.0010195663600	3302	3059.15	7.4e-06	1.5e-02	1.81
aatatg	aatatg|catatt	0.0011035055549	0.0009981485966	3311	2994.88	6.9e-09	1.4e-05	4.84
aatatt	aatatt|aatatt	0.0013371381112	0.0011610044202	4012	3483.52	1.2e-18	2.4e-15	14.62
aatcaa	aatcaa|ttgatt	0.0011198365039	0.0011383180895	3360	3415.45	0.83090	1.7e+03	-3.24
aatcac	aatcac|gtgatt	0.0005572519745	0.0005857883873	1672	1757.62	0.98068	2.0e+03	-3.31
aatcag	aatcag|ctgatt	0.0004815963536	0.0004834387434	1445	1450.53	0.56121	1.2e+03	-3.07
aatcat	aatcat|atgatt	0.0008532087649	0.0009779637151	2560	2934.32	1.00000	2.1e+03	-3.32
aatcca	aatcca|tggatt	0.0004975940179	0.0004875010637	1493	1462.72	0.21750	4.5e+02	-2.66
aatccc	aatccc|gggatt	0.0002999562064	0.0003044059273	900	913.35	0.67509	1.4e+03	-3.15
aatccg	aatccg|cggatt	0.0002432978119	0.0002652005786	730	795.72	0.99124	2.1e+03	-3.31
aatcct	aatcct|aggatt	0.0006209093472	0.0005886960213	1863	1766.35	0.01154	2.4e+01	-1.38
aatcga	aatcga|tcgatt	0.0004116065721	0.0004210900601	1235	1263.45	0.79195	1.6e+03	-3.22
aatcgc	aatcgc|gcgatt	0.0002876246735	0.0003446157902	863	1034.00	1.00000	2.1e+03	-3.32
aatcgg	aatcgg|ccgatt	0.0002579623375	0.0002375132864	774	712.64	0.01207	2.5e+01	-1.40
aatcgt	aatcgt|acgatt	0.0004612659885	0.0004490214685	1384	1347.26	0.16166	3.4e+02	-2.53
aatcta	aatcta|tagatt	0.0006732350410	0.0006641379250	2020	1992.70	0.27331	5.7e+02	-2.75
aatctc	aatctc|gagatt	0.0005099255509	0.0005438296384	1530	1631.73	0.99468	2.1e+03	-3.32
aatctg	aatctg|cagatt	0.0005315890547	0.0004602470393	1595	1380.94	9.9e-09	2.1e-05	4.68
aatgaa	aatgaa|ttcatt	0.0015977667261	0.0012980199127	4794	3894.63	2.8e-44	5.8e-41	40.24
aatgac	aatgac|gtcatt	0.0005515861351	0.0005836386636	1655	1751.17	0.99006	2.1e+03	-3.31
aatgag	aatgag|ctcatt	0.0006532379606	0.0006819307512	1960	2046.09	0.97288	2.0e+03	-3.31
aatgat	aatgat|atcatt	0.0010311827806	0.0010311263255	3094	3093.83	0.50118	1.0e+03	-3.02
aatgca	aatgca|tgcatt	0.0007442246765	0.0006762089810	2233	2028.92	4.3e-06	8.8e-03	2.05
aatgcc	aatgcc|ggcatt	0.0004319369372	0.0003891086491	1296	1167.50	0.00011	2.4e-01	0.63
aatgcg	aatgcg|cgcatt	0.0003722789806	0.0003431818276	1117	1029.70	0.00375	7.8e+00	-0.89
aatgct	aatgct|agcatt	0.0006229090553	0.0005827398215	1869	1748.47	0.00223	4.6e+00	-0.67
aatgga	aatgga|tccatt	0.0007728871585	0.0006770910794	2319	2031.57	2.3e-10	4.8e-07	6.31
aatggc	aatggc|gccatt	0.0004595995651	0.0004341840400	1379	1302.74	0.01858	3.9e+01	-1.59
aatggg	aatggg|cccatt	0.0003706125572	0.0003466588315	1112	1040.13	0.01412	2.9e+01	-1.47
aatggt	aatggt|accatt	0.0005539191278	0.0005416236921	1662	1625.11	0.18306	3.8e+02	-2.58
aatgta	aatgta|tacatt	0.0010698438028	0.0010247709020	3210	3074.76	0.00783	1.6e+01	-1.21
aatgtc	aatgtc|gacatt	0.0004622658425	0.0004229381669	1387	1269.00	0.00057	1.2e+00	-0.07
aatgtg	aatgtg|cacatt	0.0006419062817	0.0005644834540	1926	1693.70	1.7e-08	3.6e-05	4.44
aattaa	aattaa|ttaatt	0.0015951004487	0.0014346345848	4786	4304.53	2.8e-13	5.9e-10	9.23
aattac	aattac|gtaatt	0.0009132000061	0.0009415549762	2740	2825.08	0.94694	2.0e+03	-3.29
aattag	aattag|ctaatt	0.0008398773779	0.0007572583626	2520	2272.11	1.7e-07	3.4e-04	3.46
aattat	aattat|ataatt	0.0017747408878	0.0019368377881	5325	5811.36	1.00000	2.1e+03	-3.32
aattca	aattca|tgaatt	0.0009458619042	0.0009032955406	2838	2710.28	0.00757	1.6e+01	-1.20
aattcc	aattcc|ggaatt	0.0004969274486	0.0005981256647	1491	1794.64	1.00000	2.1e+03	-3.32
aattcg	aattcg|cgaatt	0.0004162725575	0.0003926737829	1249	1178.19	0.02100	4.4e+01	-1.64
aattct	aattct|agaatt	0.0009935216125	0.0009900702484	2981	2970.64	0.42706	8.9e+02	-2.95
aattga	aattga|tcaatt	0.0011311681828	0.0010849148135	3394	3255.22	0.00795	1.7e+01	-1.22
aattgc	aattgc|gcaatt	0.0006945652601	0.0007194564198	2084	2158.68	0.94789	2.0e+03	-3.29
aattgg	aattgg|ccaatt	0.0005809151864	0.0005679248906	1743	1704.02	0.17544	3.6e+02	-2.56
aattgt	aattgt|acaatt	0.0011078382556	0.0011214182071	3324	3364.75	0.76116	1.6e+03	-3.20
aattta	aattta|taaatt	0.0014824502289	0.0016125895621	4448	4838.48	1.00000	2.1e+03	-3.32
aatttc	aatttc|gaaatt	0.0013088089139	0.0013399617530	3927	4020.47	0.93139	1.9e+03	-3.29
aatttg	aatttg|caaatt	0.0010908407373	0.0010311930817	3273	3094.03	0.00073	1.5e+00	-0.18
acaaaa	acaaaa|ttttgt	0.0020703643935	0.0020165890307	6212	6050.65	0.01956	4.1e+01	-1.61
acaaac	acaaac|gtttgt	0.0007232277421	0.0007676787788	2170	2303.37	0.99756	2.1e+03	-3.32
acaaag	acaaag|ctttgt	0.0008075487645	0.0008496467769	2423	2549.31	0.99431	2.1e+03	-3.32
acaaat	acaaat|atttgt	0.0011011725621	0.0011953666403	3304	3586.62	1.00000	2.1e+03	-3.32
acaaca	acaaca|tgttgt	0.0008385442392	0.0008488255734	2516	2546.85	0.73218	1.5e+03	-3.18
acaacc	acaacc|ggttgt	0.0003446163527	0.0003592976777	1034	1078.05	0.91332	1.9e+03	-3.28
acaacg	acaacg|cgttgt	0.0003216197102	0.0003493734465	965	1048.27	0.99558	2.1e+03	-3.32
acaact	acaact|agttgt	0.0005882474492	0.0006371761522	1765	1911.81	0.99968	2.1e+03	-3.32
acaaga	acaaga|tcttgt	0.0009651924152	0.0009386466945	2896	2816.35	0.06833	1.4e+02	-2.15
acaagc	acaagc|gcttgt	0.0004272709518	0.0004543927046	1282	1363.38	0.98733	2.1e+03	-3.31
acaagg	acaagg|ccttgt	0.0004542670103	0.0004869686522	1363	1461.12	0.99542	2.1e+03	-3.32
acaagt	acaagt|acttgt	0.0005482532884	0.0005905434598	1645	1771.89	0.99890	2.1e+03	-3.32
acaata	acaata|tattgt	0.0013431372353	0.0012679600995	4030	3804.44	0.00015	3.1e-01	0.51
acaatc	acaatc|gattgt	0.0004889286164	0.0005929246128	1467	1779.03	1.00000	2.1e+03	-3.32
acaatg	acaatg|cattgt	0.0006489052598	0.0006371892348	1947	1911.85	0.21354	4.4e+02	-2.65
acacaa	acacaa|ttgtgt	0.0007278937275	0.0007671592788	2184	2301.81	0.99352	2.1e+03	-3.32
acacac	acacac|gtgtgt	0.0005122585436	0.0005301525615	1537	1590.69	0.91351	1.9e+03	-3.28
acacag	acacag|ctgtgt	0.0003869435062	0.0004416428896	1161	1325.12	1.00000	2.1e+03	-3.32
acacat	acacat|atgtgt	0.0006609035081	0.0007476916783	1983	2243.40	1.00000	2.1e+03	-3.32
acacca	acacca|tggtgt	0.0003786113894	0.0004105283615	1136	1231.76	0.99724	2.1e+03	-3.32
acaccc	acaccc|gggtgt	0.0002452975199	0.0002605095150	736	781.64	0.95167	2.0e+03	-3.30
acaccg	acaccg|cggtgt	0.0002626283229	0.0002179696665	788	654.00	2.1e-07	4.3e-04	3.37
acacct	acacct|aggtgt	0.0003209531408	0.0003598946479	963	1079.84	0.99986	2.1e+03	-3.32
acacga	acacga|tcgtgt	0.0002832919727	0.0002588853502	850	776.77	0.00499	1.0e+01	-1.02
acacgc	acacgc|gcgtgt	0.0002029703663	0.0001918268533	609	575.56	0.08580	1.8e+02	-2.25
acacgg	acacgg|ccgtgt	0.0001459786871	0.0001693541666	438	508.14	0.99932	2.1e+03	-3.32
acacgt	acacgt|acgtgt	0.0002882912428	0.0003090443868	865	927.27	0.98124	2.0e+03	-3.31
acacta	acacta|tagtgt	0.0004805964996	0.0004755979737	1442	1427.00	0.34914	7.3e+02	-2.86
acactc	acactc|gagtgt	0.0002679608777	0.0002889642092	804	867.02	0.98533	2.0e+03	-3.31
acactg	acactg|cagtgt	0.0003312849657	0.0003363295964	994	1009.14	0.68734	1.4e+03	-3.16
acagaa	acagaa|ttctgt	0.0009411959187	0.0008920207880	2824	2676.45	0.00239	5.0e+00	-0.70
acagac	acagac|gtctgt	0.0002959567903	0.0002963724551	888	889.25	0.52115	1.1e+03	-3.04
acagag	acagag|ctctgt	0.0003969420465	0.0003906220226	1191	1172.04	0.29362	6.1e+02	-2.79
acagat	acagat|atctgt	0.0005315890547	0.0005684008276	1595	1705.45	0.99667	2.1e+03	-3.32
acagca	acagca|tgctgt	0.0005295893466	0.0005385046207	1589	1615.75	0.75044	1.6e+03	-3.19
acagcc	acagcc|ggctgt	0.0002426312425	0.0002629906287	728	789.09	0.98666	2.1e+03	-3.31
acagcg	acagcg|cgctgt	0.0002536296367	0.0002650436391	761	795.25	0.89168	1.9e+03	-3.27
acagct	acagct|agctgt	0.0004046075940	0.0004276420606	1214	1283.11	0.97483	2.0e+03	-3.31
acagga	acagga|tcctgt	0.0004049408786	0.0003925111812	1215	1177.71	0.14193	3.0e+02	-2.47
acaggc	acaggc|gcctgt	0.0002409648191	0.0002576659833	723	773.11	0.96673	2.0e+03	-3.30
acaggg	acaggg|ccctgt	0.0002346324103	0.0002364085397	704	709.33	0.58431	1.2e+03	-3.08
acaggt	acaggt|acctgt	0.0003119544546	0.0003104875099	936	931.60	0.44701	9.3e+02	-2.97
acagta	acagta|tactgt	0.0006809005885	0.0006513473597	2043	1954.33	0.02362	4.9e+01	-1.69
acagtc	acagtc|gactgt	0.0002796258413	0.0002963608933	839	889.21	0.95653	2.0e+03	-3.30
acagtg	acagtg|cactgt	0.0003912762070	0.0003748157043	1174	1124.61	0.07316	1.5e+02	-2.18
acataa	acataa|ttatgt	0.0010711769415	0.0011631646272	3214	3490.00	1.00000	2.1e+03	-3.32
acatac	acatac|gtatgt	0.0006512382525	0.0007142786705	1954	2143.15	0.99998	2.1e+03	-3.32
acatag	acatag|ctatgt	0.0004755972295	0.0005696936807	1427	1709.33	1.00000	2.1e+03	-3.32
acatat	acatat|atatgt	0.0013501362134	0.0014609808853	4051	4383.58	1.00000	2.1e+03	-3.32
acatca	acatca|tgatgt	0.0006095776683	0.0005991718768	1829	1797.78	0.23372	4.9e+02	-2.69
acatcc	acatcc|ggatgt	0.0002766262792	0.0003031727712	830	909.65	0.99646	2.1e+03	-3.32
acatcg	acatcg|cgatgt	0.0002586289068	0.0003520220177	776	1056.22	1.00000	2.1e+03	-3.32
acatct	acatct|agatgt	0.0005059261348	0.0005991718768	1518	1797.78	1.00000	2.1e+03	-3.32
acatga	acatga|tcatgt	0.0005095922662	0.0004590265739	1529	1377.28	3.1e-05	6.3e-02	1.20
acatgc	acatgc|gcatgt	0.0003016226298	0.0003032854149	905	909.99	0.57011	1.2e+03	-3.07
acatgg	acatgg|ccatgt	0.0002456308046	0.0002489059601	737	746.83	0.64531	1.3e+03	-3.13
acatgt	acatgt|acatgt	0.0002149686146	0.0002265144199	645	679.64	0.91207	1.9e+03	-3.28
acatta	acatta|taatgt	0.0009008684732	0.0008588772994	2703	2577.01	0.00701	1.5e+01	-1.16
acattc	acattc|gaatgt	0.0005369216094	0.0006031753546	1611	1809.79	1.00000	2.1e+03	-3.32
acattg	acattg|caatgt	0.0005209239451	0.0006020652159	1563	1806.46	1.00000	2.1e+03	-3.32
accaaa	accaaa|tttggt	0.0008092151879	0.0007977240292	2428	2393.52	0.24304	5.1e+02	-2.70
accaac	accaac|gttggt	0.0003642801484	0.0004291337442	1093	1287.59	1.00000	2.1e+03	-3.32
accaag	accaag|cttggt	0.0003932759150	0.0004363819048	1180	1309.34	0.99987	2.1e+03	-3.32
accaat	accaat|attggt	0.0005649175220	0.0005570424608	1695	1671.37	0.28479	5.9e+02	-2.77
accaca	accaca|tgtggt	0.0003706125572	0.0003861606472	1112	1158.65	0.91775	1.9e+03	-3.28
accacc	accacc|ggtggt	0.0002426312425	0.0002623739589	728	787.24	0.98427	2.0e+03	-3.31
accacg	accacg|cgtggt	0.0001919719721	0.0002068237215	576	620.56	0.96599	2.0e+03	-3.30
accact	accact|agtggt	0.0003589475937	0.0003863528626	1077	1159.23	0.99296	2.1e+03	-3.31
accaga	accaga|tctggt	0.0003146207320	0.0003222877189	944	967.00	0.77448	1.6e+03	-3.21
accagc	accagc|gctggt	0.0002292998556	0.0002359114621	688	707.84	0.77695	1.6e+03	-3.21
accagg	accagg|cctggt	0.0001939716801	0.0001865254930	582	559.66	0.17763	3.7e+02	-2.57
accagt	accagt|actggt	0.0003112878853	0.0003112693353	934	933.94	0.50363	1.0e+03	-3.02
accata	accata|tatggt	0.0004769303682	0.0004948514069	1431	1484.77	0.92119	1.9e+03	-3.28
accatc	accatc|gatggt	0.0003352843818	0.0003620681496	1006	1086.36	0.99343	2.1e+03	-3.32
accatg	accatg|catggt	0.0002392983958	0.0002371396765	718	711.52	0.40903	8.5e+02	-2.93
acccaa	acccaa|ttgggt	0.0003549481776	0.0003521374227	1065	1056.57	0.40171	8.4e+02	-2.92
acccac	acccac|gtgggt	0.0002159684686	0.0002469186072	648	740.86	0.99977	2.1e+03	-3.32
acccag	acccag|ctgggt	0.0001763075924	0.0001969972714	529	591.08	0.99554	2.1e+03	-3.32
acccat	acccat|atgggt	0.0003189534328	0.0003170004825	957	951.14	0.42895	8.9e+02	-2.95
acccca	acccca|tggggt	0.0002126356219	0.0001979142846	638	593.83	0.03773	7.8e+01	-1.89
accccc	accccc|gggggt	0.0001166496358	0.0001524855609	350	457.52	1.00000	2.1e+03	-3.32
accccg	accccg|cggggt	0.0001309808768	0.0001133957289	393	340.24	0.00277	5.8e+00	-0.76
acccct	acccct|aggggt	0.0002053033590	0.0002567251129	616	770.29	1.00000	2.1e+03	-3.32
acccga	acccga|tcgggt	0.0001759743078	0.0001771613262	528	531.56	0.56717	1.2e+03	-3.07
acccgc	acccgc|gcgggt	0.0001876392713	0.0002160727286	563	648.31	0.99971	2.1e+03	-3.32
acccgg	acccgg|ccgggt	0.0002259670088	0.0001796791228	678	539.12	4.8e-09	1.0e-05	5.00
acccgt	acccgt|acgggt	0.0001753077384	0.0002160727286	526	648.31	1.00000	2.1e+03	-3.32
acccta	acccta|tagggt	0.0002836252574	0.0002524275964	851	757.39	0.00044	9.2e-01	0.03
accctc	accctc|gagggt	0.0002253004395	0.0002559141654	676	767.85	0.99966	2.1e+03	-3.32
accctg	accctg|cagggt	0.0002236340161	0.0001976884629	671	593.15	0.00091	1.9e+00	-0.28
accgaa	accgaa|ttcggt	0.0003076217539	0.0003074971346	923	922.63	0.49947	1.0e+03	-3.02
accgac	accgac|gtcggt	0.0001293144534	0.0001292324175	388	387.75	0.50177	1.0e+03	-3.02
accgag	accgag|ctcggt	0.0001453121178	0.0001529883766	436	459.03	0.86437	1.8e+03	-3.25
accgat	accgat|atcggt	0.0002326327023	0.0002242562539	698	672.87	0.17095	3.6e+02	-2.55
accgca	accgca|tgcggt	0.0002409648191	0.0002212462370	723	663.84	0.01219	2.5e+01	-1.40
accgcc	accgcc|ggcggt	0.0001713083223	0.0001835764232	514	550.81	0.94533	2.0e+03	-3.29
accgcg	accgcg|cgcggt	0.0001166496358	0.0001378953819	350	413.75	0.99940	2.1e+03	-3.32
accgct	accgct|agcggt	0.0002302997096	0.0002244848183	691	673.55	0.25567	5.3e+02	-2.73
accgga	accgga|tccggt	0.0001859728480	0.0001647444869	558	494.31	0.00262	5.4e+00	-0.74
accggc	accggc|gccggt	0.0001103172270	0.0001269501634	331	380.91	0.99579	2.1e+03	-3.32
accggg	accggg|cccggt	0.0001113170810	0.0001266271350	334	379.94	0.99234	2.1e+03	-3.31
accggt	accggt|accggt	0.0000639906574	0.0000637173530	192	191.18	0.48596	1.0e+03	-3.00
accgta	accgta|tacggt	0.0003389505132	0.0002903189169	1017	871.08	7.7e-07	1.6e-03	2.79
accgtc	accgtc|gacggt	0.0001666423369	0.0001812281932	500	543.76	0.97243	2.0e+03	-3.31
accgtg	accgtg|cacggt	0.0001599766434	0.0001826041123	480	547.89	0.99855	2.1e+03	-3.32
acctaa	acctaa|ttaggt	0.0004566000031	0.0004429933004	1370	1329.17	0.13450	2.8e+02	-2.45
acctac	acctac|gtaggt	0.0002769595639	0.0002852565182	831	855.89	0.80696	1.7e+03	-3.22
acctag	acctag|ctaggt	0.0001839731399	0.0002014469749	552	604.43	0.98533	2.0e+03	-3.31
acctat	acctat|ataggt	0.0004176056962	0.0004600972889	1253	1380.49	0.99976	2.1e+03	-3.32
acctca	acctca|tgaggt	0.0003556147469	0.0003222678589	1067	966.94	0.00080	1.7e+00	-0.22
acctcc	acctcc|ggaggt	0.0001986376656	0.0002185494675	596	655.74	0.99143	2.1e+03	-3.31
acctcg	acctcg|cgaggt	0.0001843064246	0.0002032493943	553	609.84	0.99069	2.1e+03	-3.31
acctct	acctct|agaggt	0.0003862769369	0.0004031166671	1159	1209.53	0.92965	1.9e+03	-3.29
acctga	acctga|tcaggt	0.0002622950383	0.0002466477294	787	740.05	0.04491	9.3e+01	-1.97
acctgc	acctgc|gcaggt	0.0002219675927	0.0002380357277	666	714.21	0.96696	2.0e+03	-3.30
acctgg	acctgg|ccaggt	0.0001663090522	0.0001703453941	499	511.11	0.70979	1.5e+03	-3.17
acctta	acctta|taaggt	0.0004569332877	0.0003996758232	1371	1199.20	6.5e-07	1.3e-03	2.87
accttc	accttc|gaaggt	0.0004266043824	0.0004478221000	1280	1343.66	0.96083	2.0e+03	-3.30
accttg	accttg|caaggt	0.0003476159147	0.0003333203776	1043	1000.11	0.09067	1.9e+02	-2.28
acgaaa	acgaaa|tttcgt	0.0008502092028	0.0008482517217	2551	2545.13	0.45628	9.5e+02	-2.98
acgaac	acgaac|gttcgt	0.0003126210240	0.0003134458345	938	940.47	0.53651	1.1e+03	-3.05
acgaag	acgaag|cttcgt	0.0004129397108	0.0004522385875	1239	1356.91	0.99944	2.1e+03	-3.32
acgaat	acgaat|attcgt	0.0004715978134	0.0004564444285	1415	1369.53	0.11251	2.3e+02	-2.37
acgaca	acgaca|tgtcgt	0.0003206198562	0.0003050905404	962	915.41	0.06467	1.3e+02	-2.13
acgacc	acgacc|ggtcgt	0.0001323140155	0.0001371793963	397	411.60	0.77053	1.6e+03	-3.20
acgacg	acgacg|cgtcgt	0.0001689753296	0.0001866174254	507	559.93	0.98895	2.1e+03	-3.31
acgact	acgact|agtcgt	0.0002206344540	0.0002500851656	662	750.37	0.99953	2.1e+03	-3.32
acgaga	acgaga|tctcgt	0.0003156205861	0.0003173855436	947	952.30	0.57245	1.2e+03	-3.08
acgagc	acgagc|gctcgt	0.0001909721181	0.0001768973887	573	530.77	0.03628	7.5e+01	-1.88
acgagg	acgagg|cctcgt	0.0002066364977	0.0002265463440	620	679.74	0.99035	2.1e+03	-3.31
acgagt	acgagt|actcgt	0.0002043035050	0.0001974925109	613	592.56	0.20573	4.3e+02	-2.63
acgata	acgata|tatcgt	0.0005115919742	0.0004442036109	1535	1332.81	3.3e-08	7.0e-05	4.16
acgatc	acgatc|gatcgt	0.0002053033590	0.0002174704895	616	652.51	0.92735	1.9e+03	-3.29
acgatg	acgatg|catcgt	0.0003132875933	0.0003533895454	940	1060.32	0.99992	2.1e+03	-3.32
acgcaa	acgcaa|ttgcgt	0.0004665985433	0.0004415312985	1400	1324.79	0.02073	4.3e+01	-1.63
acgcac	acgcac|gtgcgt	0.0002209677387	0.0002506382289	663	752.02	0.99956	2.1e+03	-3.32
acgcag	acgcag|ctgcgt	0.0002259670088	0.0002543853120	678	763.27	0.99921	2.1e+03	-3.32
acgcat	acgcat|atgcgt	0.0003099547466	0.0003745001443	930	1123.66	1.00000	2.1e+03	-3.32
acgcca	acgcca|tggcgt	0.0002546294908	0.0002215010982	764	664.60	8.7e-05	1.8e-01	0.74
acgccc	acgccc|gggcgt	0.0001133167891	0.0001380058887	340	414.08	0.99992	2.1e+03	-3.32
acgccg	acgccg|cggcgt	0.0001349802929	0.0001406408460	405	421.98	0.80206	1.7e+03	-3.22
acgcct	acgcct|aggcgt	0.0001936383955	0.0001991039611	581	597.40	0.75425	1.6e+03	-3.20
acgcga	acgcga|tcgcgt	0.0002173016073	0.0001982559371	652	594.85	0.01090	2.3e+01	-1.36
acgcgc	acgcgc|gcgcgt	0.0001663090522	0.0001910189288	499	573.14	0.99927	2.1e+03	-3.32
acgcgg	acgcgg|ccgcgt	0.0001123169351	0.0001535007544	337	460.57	1.00000	2.1e+03	-3.32
acgcgt	acgcgt|acgcgt	0.0001269814607	0.0001066506482	381	320.00	0.00050	1.0e+00	-0.01
acgcta	acgcta|tagcgt	0.0002796258413	0.0002677414053	839	803.34	0.10794	2.2e+02	-2.35
acgctc	acgctc|gagcgt	0.0001706417530	0.0001861625633	512	558.57	0.97797	2.0e+03	-3.31
acgctg	acgctg|cagcgt	0.0002199678847	0.0002203159614	660	661.04	0.52138	1.1e+03	-3.04
acggaa	acggaa|ttccgt	0.0004959275946	0.0004637303885	1488	1391.39	0.00535	1.1e+01	-1.05
acggac	acggac|gtccgt	0.0001389797090	0.0001540822635	417	462.31	0.98460	2.0e+03	-3.31
acggag	acggag|ctccgt	0.0001919719721	0.0002096112222	576	628.93	0.98442	2.0e+03	-3.31
acggat	acggat|atccgt	0.0002686274471	0.0002642924106	806	792.99	0.32674	6.8e+02	-2.83
acggca	acggca|tgccgt	0.0002636281770	0.0002268134676	791	680.54	1.9e-05	4.0e-02	1.40
acggcc	acggcc|ggccgt	0.0001206490519	0.0001400037528	362	420.07	0.99825	2.1e+03	-3.32
acggcg	acggcg|cgccgt	0.0001423125557	0.0001662313688	427	498.77	0.99954	2.1e+03	-3.32
acggct	acggct|agccgt	0.0002149686146	0.0002312463041	645	693.84	0.97061	2.0e+03	-3.31
acggga	acggga|tcccgt	0.0001989709502	0.0001635955004	597	490.86	1.9e-06	4.0e-03	2.40
acgggc	acgggc|gcccgt	0.0001356468622	0.0001234581596	407	370.43	0.03190	6.6e+01	-1.82
acgggg	acgggg|ccccgt	0.0001016518255	0.0001123487171	305	337.10	0.96375	2.0e+03	-3.30
acggta	acggta|taccgt	0.0003076217539	0.0002979078905	923	893.85	0.16884	3.5e+02	-2.55
acggtc	acggtc|gaccgt	0.0001243151833	0.0001531097822	373	459.40	0.99999	2.1e+03	-3.32
acggtg	acggtg|caccgt	0.0002872913888	0.0002497876732	862	749.47	3.1e-05	6.5e-02	1.19
acgtaa	acgtaa|ttacgt	0.0005582518286	0.0005318364733	1675	1595.74	0.02498	5.2e+01	-1.72
acgtac	acgtac|gtacgt	0.0003082883232	0.0003420076007	925	1026.17	0.99937	2.1e+03	-3.32
acgtag	acgtag|ctacgt	0.0002646280310	0.0002795579597	794	838.80	0.94212	2.0e+03	-3.29
acgtat	acgtat|atacgt	0.0005799153324	0.0005780537166	1740	1734.41	0.44983	9.4e+02	-2.97
acgtca	acgtca|tgacgt	0.0002922906589	0.0002790026783	877	837.13	0.08752	1.8e+02	-2.26
acgtcc	acgtcc|ggacgt	0.0001273147454	0.0001482313080	382	444.76	0.99892	2.1e+03	-3.32
acgtcg	acgtcg|cgacgt	0.0001473118258	0.0001403921523	442	421.24	0.16167	3.4e+02	-2.53
acgtct	acgtct|agacgt	0.0002436310965	0.0002570886748	731	771.38	0.93047	1.9e+03	-3.29
acgtga	acgtga|tcacgt	0.0003686128492	0.0003046882425	1106	914.20	4.4e-10	9.1e-07	6.04
acgtgc	acgtgc|gcacgt	0.0002319661329	0.0002291562832	696	687.57	0.37895	7.9e+02	-2.90
acgtgg	acgtgg|ccacgt	0.0001999708043	0.0002071794702	600	621.63	0.81227	1.7e+03	-3.23
acgtta	acgtta|taacgt	0.0004429353314	0.0004052279782	1329	1215.86	0.00072	1.5e+00	-0.17
acgttc	acgttc|gaacgt	0.0003059553305	0.0003131797418	918	939.68	0.76454	1.6e+03	-3.20
acgttg	acgttg|caacgt	0.0003006227757	0.0002916059364	902	874.95	0.18433	3.8e+02	-2.58
actaaa	actaaa|tttagt	0.0010141852623	0.0010486054342	3043	3146.28	0.96844	2.0e+03	-3.30
actaac	actaac|gttagt	0.0004472680322	0.0004821773152	1342	1446.74	0.99743	2.1e+03	-3.32
actaag	actaag|cttagt	0.0004432686161	0.0004472992943	1330	1342.09	0.63301	1.3e+03	-3.12
actaat	actaat|attagt	0.0008988687652	0.0008801038266	2697	2640.70	0.13878	2.9e+02	-2.46
actaca	actaca|tgtagt	0.0005615846753	0.0006092000231	1685	1827.87	0.99966	2.1e+03	-3.32
actacc	actacc|ggtagt	0.0003576144550	0.0003555659072	1073	1066.85	0.42942	8.9e+02	-2.95
actacg	actacg|cgtagt	0.0002512966440	0.0002655877375	754	796.88	0.93885	2.0e+03	-3.29
actact	actact|agtagt	0.0006305746028	0.0006507116908	1892	1952.42	0.91661	1.9e+03	-3.28
actaga	actaga|tctagt	0.0004705979594	0.0004508967712	1412	1352.89	0.05625	1.2e+02	-2.07
actagc	actagc|gctagt	0.0002776261333	0.0003376599368	833	1013.13	1.00000	2.1e+03	-3.32
actagg	actagg|cctagt	0.0002059699284	0.0002478906958	618	743.78	1.00000	2.1e+03	-3.32
actagt	actagt|actagt	0.0003089548926	0.0002691938025	927	807.70	2.2e-05	4.5e-02	1.35
actata	actata|tatagt	0.0008628740204	0.0008812624505	2589	2644.17	0.86076	1.8e+03	-3.25
actatc	actatc|gatagt	0.0005609181060	0.0005566309319	1683	1670.14	0.37969	7.9e+02	-2.90
actatg	actatg|catagt	0.0004132729955	0.0003914859114	1240	1174.63	0.02999	6.2e+01	-1.80
actcaa	actcaa|ttgagt	0.0005399211715	0.0005463855642	1620	1639.40	0.68737	1.4e+03	-3.16
actcac	actcac|gtgagt	0.0002639614616	0.0002911925528	792	873.71	0.99761	2.1e+03	-3.32
actcag	actcag|ctgagt	0.0002462973739	0.0002514921239	739	754.59	0.71961	1.5e+03	-3.18
actcat	actcat|atgagt	0.0004722643827	0.0005381426785	1417	1614.66	1.00000	2.1e+03	-3.32
actcca	actcca|tggagt	0.0002816255493	0.0002831728212	845	849.64	0.56785	1.2e+03	-3.07
actccc	actccc|gggagt	0.0001659757675	0.0002023117795	498	607.02	1.00000	2.1e+03	-3.32
actccg	actccg|cggagt	0.0001776407311	0.0001633138362	533	490.01	0.02871	6.0e+01	-1.78
actcct	actcct|aggagt	0.0003022891991	0.0003415901485	907	1024.92	0.99992	2.1e+03	-3.32
actcga	actcga|tcgagt	0.0002379652571	0.0002577610872	714	773.40	0.98525	2.0e+03	-3.31
actcgc	actcgc|gcgagt	0.0001559772273	0.0001378980197	468	413.75	0.00471	9.8e+00	-0.99
actcgg	actcgg|ccgagt	0.0001089840883	0.0001126490865	327	338.00	0.73232	1.5e+03	-3.18
actcta	actcta|tagagt	0.0003932759150	0.0003666590459	1180	1100.14	0.00889	1.8e+01	-1.27
actctc	actctc|gagagt	0.0003256191263	0.0003546718274	977	1064.17	0.99675	2.1e+03	-3.32
actctg	actctg|cagagt	0.0002709604398	0.0002709111381	813	812.85	0.50260	1.0e+03	-3.02
actgaa	actgaa|ttcagt	0.0007148956252	0.0007141925140	2145	2142.89	0.48469	1.0e+03	-3.00
actgac	actgac|gtcagt	0.0002756264252	0.0002881354279	827	864.53	0.90279	1.9e+03	-3.27
actgag	actgag|ctcagt	0.0002879579581	0.0002954273585	864	886.41	0.77858	1.6e+03	-3.21
actgat	actgat|atcagt	0.0004785967915	0.0004891843707	1436	1467.77	0.79988	1.7e+03	-3.22
actgca	actgca|tgcagt	0.0004482678862	0.0004546247867	1345	1364.07	0.70085	1.5e+03	-3.16
actgcc	actgcc|ggcagt	0.0002559626295	0.0002714883766	768	814.58	0.95157	2.0e+03	-3.30
actgcg	actgcg|cgcagt	0.0002326327023	0.0002327043228	698	698.21	0.50828	1.1e+03	-3.02
actgct	actgct|agcagt	0.0004665985433	0.0004733546468	1400	1420.27	0.70823	1.5e+03	-3.17
actgga	actgga|tccagt	0.0003306183964	0.0003147196150	992	944.30	0.06311	1.3e+02	-2.12
actggc	actggc|gccagt	0.0002179681766	0.0002320698438	654	696.31	0.94879	2.0e+03	-3.30
actggg	actggg|cccagt	0.0001789738698	0.0001767786774	537	530.41	0.39319	8.2e+02	-2.91
actgta	actgta|tacagt	0.0005662506607	0.0005520532599	1699	1656.40	0.15047	3.1e+02	-2.50
actgtc	actgtc|gacagt	0.0003116211700	0.0003392017389	935	1017.75	0.99587	2.1e+03	-3.32
actgtg	actgtg|cacagt	0.0003759451120	0.0003598065437	1128	1079.58	0.07308	1.5e+02	-2.18
acttaa	acttaa|ttaagt	0.0007332262823	0.0006670865183	2200	2001.55	6.5e-06	1.4e-02	1.87
acttac	acttac|gtaagt	0.0004605994192	0.0004662834985	1382	1399.05	0.67938	1.4e+03	-3.15
acttag	acttag|ctaagt	0.0003232861336	0.0003458373216	970	1037.66	0.98362	2.0e+03	-3.31
acttat	acttat|ataagt	0.0008005497864	0.0008354617213	2402	2506.75	0.98277	2.0e+03	-3.31
acttca	acttca|tgaagt	0.0006629032161	0.0006536760743	1989	1961.31	0.26882	5.6e+02	-2.75
acttcc	acttcc|ggaagt	0.0004712645287	0.0005282332407	1414	1584.93	0.99999	2.1e+03	-3.32
acttcg	acttcg|cgaagt	0.0003396170826	0.0003364681612	1019	1009.55	0.38725	8.1e+02	-2.91
acttct	acttct|agaagt	0.0008615408817	0.0009087487521	2585	2726.64	0.99697	2.1e+03	-3.32
acttga	acttga|tcaagt	0.0005985792741	0.0005338098707	1796	1601.66	9.9e-07	2.1e-03	2.69
acttgc	acttgc|gcaagt	0.0004086070100	0.0004192464382	1226	1257.92	0.81954	1.7e+03	-3.23
acttgg	acttgg|ccaagt	0.0003042889072	0.0003141889844	913	942.70	0.83739	1.7e+03	-3.24
acttta	acttta|taaagt	0.0009298642398	0.0008663161091	2790	2599.33	0.00011	2.3e-01	0.63
actttc	actttc|gaaagt	0.0008228798595	0.0008734067284	2469	2620.60	0.99864	2.1e+03	-3.32
actttg	actttg|caaagt	0.0006405731430	0.0006045934723	1922	1814.05	0.00615	1.3e+01	-1.11
agaaaa	agaaaa|ttttct	0.0034624944758	0.0033734569902	10389	10121.85	0.00408	8.5e+00	-0.93
agaaac	agaaac|gtttct	0.0009815233643	0.0010566600803	2945	3170.44	0.99998	2.1e+03	-3.32
agaaag	agaaag|ctttct	0.0014294579658	0.0013374225189	4289	4012.85	8.2e-06	1.7e-02	1.77
agaaat	agaaat|atttct	0.0016187636605	0.0016361760524	4857	4909.24	0.77409	1.6e+03	-3.21
agaaca	agaaca|tgttct	0.0008918697870	0.0009228524679	2676	2768.96	0.96278	2.0e+03	-3.30
agaacc	agaacc|ggttct	0.0003812776668	0.0004026107268	1144	1208.01	0.96915	2.0e+03	-3.30
agaacg	agaacg|cgttct	0.0004186055503	0.0004454089390	1256	1336.42	0.98721	2.1e+03	-3.31
agaact	agaact|agttct	0.0006585705154	0.0007119367276	1976	2136.12	0.99978	2.1e+03	-3.32
agaaga	agaaga|tcttct	0.0013461367974	0.0012831266114	4039	3849.94	0.00127	2.6e+00	-0.42
agaagc	agaagc|gcttct	0.0006249087633	0.0006644141861	1875	1993.53	0.99643	2.1e+03	-3.32
agaagg	agaagg|ccttct	0.0007015642383	0.0006793169342	2105	2038.25	0.07163	1.5e+02	-2.17
agaata	agaata|tattct	0.0014041283306	0.0013081375701	4213	3924.99	2.8e-06	5.8e-03	2.23
agaatc	agaatc|gattct	0.0004835960616	0.0005401507383	1451	1620.69	0.99999	2.1e+03	-3.32
agaatg	agaatg|cattct	0.0006525713912	0.0006311455417	1958	1893.71	0.07188	1.5e+02	-2.17
agacaa	agacaa|ttgtct	0.0007062302237	0.0006710685822	2119	2013.50	0.01005	2.1e+01	-1.32
agacac	agacac|gtgtct	0.0002962900750	0.0003121498680	889	936.59	0.94292	2.0e+03	-3.29
agacag	agacag|ctgtct	0.0003556147469	0.0003833758172	1067	1150.30	0.99374	2.1e+03	-3.32
agacat	agacat|atgtct	0.0004219383970	0.0004859240213	1266	1457.98	1.00000	2.1e+03	-3.32
agacca	agacca|tggtct	0.0002746265712	0.0002689702240	824	807.03	0.27968	5.8e+02	-2.76
agaccc	agaccc|gggtct	0.0001663090522	0.0001660797596	499	498.31	0.49366	1.0e+03	-3.01
agaccg	agaccg|cggtct	0.0001313141615	0.0001336536739	394	401.02	0.64370	1.3e+03	-3.13
agacct	agacct|aggtct	0.0002326327023	0.0002506785859	698	752.15	0.97786	2.0e+03	-3.31
agacga	agacga|tcgtct	0.0003182868635	0.0002905914051	955	871.90	0.00288	6.0e+00	-0.78
agacgc	agacgc|gcgtct	0.0002029703663	0.0002343141639	609	703.05	0.99987	2.1e+03	-3.32
agacgg	agacgg|ccgtct	0.0001993042349	0.0001926815580	598	578.13	0.20950	4.4e+02	-2.64
agacta	agacta|tagtct	0.0003622804404	0.0003626469122	1087	1088.10	0.51733	1.1e+03	-3.03
agactc	agactc|gagtct	0.0001986376656	0.0002178211111	596	653.56	0.98926	2.1e+03	-3.31
agactg	agactg|cagtct	0.0002666277390	0.0002587839047	800	776.47	0.20364	4.2e+02	-2.63
agagaa	agagaa|ttctct	0.0012361528550	0.0012143590533	3709	3643.61	0.14113	2.9e+02	-2.47
agagac	agagac|gtctct	0.0003576144550	0.0003457328563	1073	1037.35	0.13772	2.9e+02	-2.46
agagag	agagag|ctctct	0.0006075779603	0.0005319722019	1823	1596.15	1.5e-08	3.1e-05	4.51
agagat	agagat|atctct	0.0006452391284	0.0006620207569	1936	1986.35	0.87338	1.8e+03	-3.26
agagca	agagca|tgctct	0.0004999270107	0.0005016623406	1500	1505.21	0.55683	1.2e+03	-3.06
agagcc	agagcc|ggctct	0.0002376319724	0.0002504757175	713	751.54	0.92373	1.9e+03	-3.28
agagcg	agagcg|cgctct	0.0002356322644	0.0002282006774	707	684.70	0.20183	4.2e+02	-2.62
agagct	agagct|agctct	0.0003796112434	0.0004007137544	1139	1202.32	0.96803	2.0e+03	-3.30
agagga	agagga|tcctct	0.0006142436538	0.0006011367694	1843	1803.67	0.18006	3.7e+02	-2.57
agaggc	agaggc|gcctct	0.0003049554765	0.0002927460214	915	878.37	0.11185	2.3e+02	-2.37
agaggg	agaggg|ccctct	0.0003186201481	0.0002965386824	956	889.75	0.01448	3.0e+01	-1.48
agagta	agagta|tactct	0.0005789154783	0.0005269075959	1737	1580.95	5.8e-05	1.2e-01	0.92
agagtc	agagtc|gactct	0.0002509633593	0.0002455124999	753	736.65	0.27817	5.8e+02	-2.76
agagtg	agagtg|cactct	0.0003562813163	0.0003604784494	1069	1081.59	0.65318	1.4e+03	-3.13
agataa	agataa|ttatct	0.0010761762116	0.0010938766625	3229	3282.11	0.82534	1.7e+03	-3.23
agatac	agatac|gtatct	0.0004982605873	0.0004762144865	1495	1428.85	0.04195	8.7e+01	-1.94
agatag	agatag|ctatct	0.0005399211715	0.0005385473666	1620	1615.88	0.46246	9.6e+02	-2.98
agatat	agatat|atatct	0.0010505132917	0.0010193387429	3152	3058.46	0.04670	9.7e+01	-1.99
agatca	agatca|tgatct	0.0005125918283	0.0005114481815	1538	1534.57	0.46849	9.7e+02	-2.99
agatcc	agatcc|ggatct	0.0002499635053	0.0002567278050	750	770.30	0.77240	1.6e+03	-3.21
agatcg	agatcg|cgatct	0.0002402982498	0.0002370996149	721	711.40	0.36443	7.6e+02	-2.88
agatct	agatct|agatct	0.0002356322644	0.0002449062814	707	734.83	0.85215	1.8e+03	-3.25
agatga	agatga|tcatct	0.0008905366483	0.0007887799194	2672	2366.69	4e-10	8.4e-07	6.08
agatgc	agatgc|gcatct	0.0003669464258	0.0003403880756	1101	1021.31	0.00710	1.5e+01	-1.17
agatgg	agatgg|ccatct	0.0003619471557	0.0003335471460	1086	1000.79	0.00406	8.4e+00	-0.93
agatta	agatta|taatct	0.0007112294938	0.0006848332081	2134	2054.80	0.04186	8.7e+01	-1.94
agattc	agattc|gaatct	0.0004935946019	0.0004903769472	1481	1471.35	0.40408	8.4e+02	-2.92
agattg	agattg|caatct	0.0004959275946	0.0005108351510	1488	1532.73	0.87637	1.8e+03	-3.26
agcaaa	agcaaa|tttgct	0.0010438475983	0.0010847127239	3132	3254.61	0.98500	2.0e+03	-3.31
agcaac	agcaac|gttgct	0.0005012601494	0.0005024857152	1504	1507.68	0.54116	1.1e+03	-3.05
agcaag	agcaag|cttgct	0.0005629178140	0.0006097319765	1689	1829.46	0.99958	2.1e+03	-3.32
agcaat	agcaat|attgct	0.0007125626325	0.0007500304259	2138	2250.42	0.99176	2.1e+03	-3.31
agcaca	agcaca|tgtgct	0.0004739308061	0.0004807200215	1422	1442.37	0.70768	1.5e+03	-3.17
agcacc	agcacc|ggtgct	0.0002369654031	0.0002808484618	711	842.67	1.00000	2.1e+03	-3.32
agcacg	agcacg|cgtgct	0.0002269668628	0.0002455014014	681	736.61	0.98163	2.0e+03	-3.31
agcact	agcact|agtgct	0.0003986084698	0.0004018853656	1196	1205.83	0.61532	1.3e+03	-3.11
agcaga	agcaga|tctgct	0.0005132583976	0.0005240189897	1540	1572.29	0.79553	1.7e+03	-3.22
agcagc	agcagc|gctgct	0.0004009414625	0.0003937442301	1203	1181.41	0.26866	5.6e+02	-2.75
agcagg	agcagg|cctgct	0.0002939570823	0.0003043487917	882	913.18	0.85294	1.8e+03	-3.25
agcata	agcata|tatgct	0.0005972461354	0.0006418723467	1792	1925.90	0.99902	2.1e+03	-3.32
agcatc	agcatc|gatgct	0.0003796112434	0.0004020180308	1139	1206.23	0.97526	2.0e+03	-3.31
agcatg	agcatg|catgct	0.0002856249654	0.0003202168159	857	960.79	0.99969	2.1e+03	-3.32
agccaa	agccaa|ttggct	0.0004829294923	0.0004489920234	1449	1347.17	0.00315	6.5e+00	-0.82
agccac	agccac|gtggct	0.0002576290528	0.0002716293952	773	815.01	0.93274	1.9e+03	-3.29
agccag	agccag|ctggct	0.0002396316804	0.0002367448120	719	710.34	0.37755	7.9e+02	-2.90
agccat	agccat|atggct	0.0003652800025	0.0003927455324	1096	1178.41	0.99266	2.1e+03	-3.31
agccca	agccca|tgggct	0.0002472972279	0.0002213651259	742	664.19	0.00158	3.3e+00	-0.52
agcccc	agcccc|ggggct	0.0001133167891	0.0001406874183	340	422.12	0.99998	2.1e+03	-3.32
agcccg	agcccg|cgggct	0.0001146499278	0.0001305347180	344	391.66	0.99339	2.1e+03	-3.32
agccct	agccct|agggct	0.0002596287609	0.0002431209122	779	729.47	0.03578	7.4e+01	-1.87
agccga	agccga|tcggct	0.0001839731399	0.0001975309108	552	592.68	0.95589	2.0e+03	-3.30
agccgc	agccgc|gcggct	0.0002629616076	0.0002114030124	789	634.30	1.8e-09	3.7e-06	5.43
agccgg	agccgg|ccggct	0.0001396462783	0.0001486854828	419	446.12	0.90553	1.9e+03	-3.27
agccta	agccta|taggct	0.0002346324103	0.0002434364446	704	730.42	0.84039	1.7e+03	-3.24
agcctc	agcctc|gaggct	0.0002346324103	0.0002461157766	704	738.46	0.90159	1.9e+03	-3.27
agcctg	agcctg|caggct	0.0002059699284	0.0002227673125	618	668.40	0.97661	2.0e+03	-3.31
agcgaa	agcgaa|ttcgct	0.0004152727035	0.0004049309045	1246	1214.97	0.19019	4.0e+02	-2.60
agcgac	agcgac|gtcgct	0.0001883058407	0.0001908468184	565	572.62	0.63057	1.3e+03	-3.12
agcgag	agcgag|ctcgct	0.0002166350380	0.0002024654523	650	607.49	0.04528	9.4e+01	-1.97
agcgat	agcgat|atcgct	0.0003529484695	0.0003702901630	1059	1111.03	0.94340	2.0e+03	-3.29
agcgca	agcgca|tgcgct	0.0002922906589	0.0002615241189	877	784.69	0.00063	1.3e+00	-0.12
agcgcc	agcgcc|ggcgct	0.0001979710962	0.0001878253842	594	563.56	0.10430	2.2e+02	-2.34
agcgcg	agcgcg|cgcgct	0.0001726414610	0.0001905334742	518	571.68	0.98918	2.1e+03	-3.31
agcgct	agcgct|agcgct	0.0001029849642	0.0001237016820	309	371.16	0.99958	2.1e+03	-3.32
agcgga	agcgga|tccgct	0.0002556293448	0.0002445299697	767	733.70	0.11344	2.4e+02	-2.37
agcggc	agcggc|gccgct	0.0002149686146	0.0002299698655	645	690.01	0.95959	2.0e+03	-3.30
agcggg	agcggg|cccgct	0.0001749744537	0.0001755190647	525	526.63	0.53419	1.1e+03	-3.05
agcgta	agcgta|tacgct	0.0003286186883	0.0002880478300	986	864.27	2.7e-05	5.6e-02	1.25
agcgtc	agcgtc|gacgct	0.0001743078844	0.0001990946896	523	597.37	0.99911	2.1e+03	-3.32
agcgtg	agcgtg|cacgct	0.0002113024832	0.0001897412478	634	569.31	0.00403	8.4e+00	-0.92
agctaa	agctaa|ttagct	0.0005039264267	0.0004811316496	1512	1443.61	0.03770	7.8e+01	-1.89
agctac	agctac|gtagct	0.0003092881773	0.0003193090014	928	958.07	0.83833	1.7e+03	-3.24
agctag	agctag|ctagct	0.0003022891991	0.0002812678673	907	843.93	0.01642	3.4e+01	-1.53
agctat	agctat|atagct	0.0004975940179	0.0005351382338	1493	1605.65	0.99784	2.1e+03	-3.32
agctca	agctca|tgagct	0.0003889432143	0.0003406371205	1167	1022.06	4.9e-06	1.0e-02	2.00
agctcc	agctcc|ggagct	0.0001846397093	0.0002013721680	554	604.20	0.98151	2.0e+03	-3.31
agctcg	agctcg|cgagct	0.0001643093442	0.0001880362628	493	564.19	0.99896	2.1e+03	-3.32
agctga	agctga|tcagct	0.0004502675943	0.0004024750146	1351	1207.60	2.7e-05	5.6e-02	1.26
agctgc	agctgc|gcagct	0.0003136208780	0.0003418172681	941	1025.60	0.99643	2.1e+03	-3.32
agctgg	agctgg|ccagct	0.0002163017533	0.0002343325318	649	703.10	0.98126	2.0e+03	-3.31
agctta	agctta|taagct	0.0004819296383	0.0004860176763	1446	1458.27	0.62949	1.3e+03	-3.12
agcttc	agcttc|gaagct	0.0005742494929	0.0005065041701	1723	1519.73	1.7e-07	3.6e-04	3.45
agcttg	agcttg|caagct	0.0003529484695	0.0003828047695	1059	1148.58	0.99642	2.1e+03	-3.32
aggaaa	aggaaa|tttcct	0.0015517734411	0.0014790496763	4656	4437.80	0.00058	1.2e+00	-0.08
aggaac	aggaac|gttcct	0.0004632656965	0.0004552815143	1390	1366.04	0.26191	5.4e+02	-2.74
aggaag	aggaag|cttcct	0.0007648883263	0.0007907132462	2295	2372.49	0.94599	2.0e+03	-3.29
aggaat	aggaat|attcct	0.0007515569394	0.0007633963554	2255	2290.52	0.77382	1.6e+03	-3.21
aggaca	aggaca|tgtcct	0.0003909429223	0.0003700077919	1173	1110.19	0.03155	6.6e+01	-1.82
aggacc	aggacc|ggtcct	0.0001696418989	0.0001831304388	509	549.47	0.96107	2.0e+03	-3.30
aggacg	aggacg|cgtcct	0.0001779740158	0.0001828962566	534	548.77	0.74143	1.5e+03	-3.19
aggact	aggact|agtcct	0.0002536296367	0.0002601763650	761	780.64	0.76368	1.6e+03	-3.20
aggaga	aggaga|tctcct	0.0005815817557	0.0005367769663	1745	1610.57	0.00049	1.0e+00	-0.01
aggagc	aggagc|gctcct	0.0002416313885	0.0002502508140	725	750.86	0.83192	1.7e+03	-3.24
aggagg	aggagg|cctcct	0.0002966233597	0.0003085854797	890	925.89	0.88466	1.8e+03	-3.26
aggata	aggata|tatcct	0.0006462389824	0.0005989158751	1939	1797.01	0.00048	1.0e+00	-0.00
aggatc	aggatc|gatcct	0.0002856249654	0.0002951677092	857	885.63	0.83618	1.7e+03	-3.24
aggatg	aggatg|catcct	0.0003356176665	0.0003606243358	1007	1082.03	0.98980	2.1e+03	-3.31
aggcaa	aggcaa|ttgcct	0.0005445871569	0.0005356426258	1634	1607.16	0.25479	5.3e+02	-2.72
aggcac	aggcac|gtgcct	0.0002502967900	0.0002621593545	751	786.59	0.90167	1.9e+03	-3.27
aggcag	aggcag|ctgcct	0.0002879579581	0.0003087369742	864	926.35	0.98141	2.0e+03	-3.31
aggcat	aggcat|atgcct	0.0003612805864	0.0004038151427	1084	1211.62	0.99991	2.1e+03	-3.32
aggcca	aggcca|tggcct	0.0002576290528	0.0002317485172	773	695.35	0.00198	4.1e+00	-0.62
aggccc	aggccc|gggcct	0.0001393129936	0.0001602163845	418	480.72	0.99837	2.1e+03	-3.32
aggccg	aggccg|cggcct	0.0001429791250	0.0001502759519	429	450.89	0.85444	1.8e+03	-3.25
aggcct	aggcct|aggcct	0.0001103172270	0.0001110014975	331	333.05	0.55209	1.1e+03	-3.06
aggcga	aggcga|tcgcct	0.0002356322644	0.0002065380339	707	619.70	0.00032	6.6e-01	0.18
aggcgc	aggcgc|gcgcct	0.0001859728480	0.0001865078129	558	559.61	0.53268	1.1e+03	-3.04
aggcgg	aggcgg|ccgcct	0.0001803070085	0.0001974677452	541	592.49	0.98467	2.0e+03	-3.31
aggcta	aggcta|tagcct	0.0003432832140	0.0002854510229	1030	856.48	4.9e-09	1.0e-05	4.99
aggctc	aggctc|gagcct	0.0002026370817	0.0002102158696	608	630.74	0.82240	1.7e+03	-3.23
aggctg	aggctg|cagcct	0.0002312995636	0.0002400886511	694	720.37	0.84167	1.8e+03	-3.24
agggaa	agggaa|ttccct	0.0007628886183	0.0006784114233	2289	2035.53	1.9e-08	3.9e-05	4.41
agggac	agggac|gtccct	0.0002146353299	0.0002082152443	644	624.74	0.22552	4.7e+02	-2.67
agggag	agggag|ctccct	0.0002679608777	0.0002802409805	804	840.85	0.90182	1.9e+03	-3.27
agggat	agggat|atccct	0.0003216197102	0.0003479553169	965	1044.02	0.99359	2.1e+03	-3.32
agggca	agggca|tgccct	0.0003236194182	0.0002945535746	971	883.79	0.00201	4.2e+00	-0.62
agggcc	agggcc|ggccct	0.0001686420449	0.0001849995227	506	555.08	0.98341	2.0e+03	-3.31
agggcg	agggcg|cgccct	0.0001493115338	0.0001809335991	448	542.88	0.99999	2.1e+03	-3.32
agggga	agggga|tcccct	0.0003422833600	0.0002958752825	1027	887.76	2.7e-06	5.6e-03	2.25
aggggc	aggggc|gcccct	0.0002093027751	0.0001964457422	628	589.42	0.05951	1.2e+02	-2.09
aggggg	aggggg|ccccct	0.0001799737238	0.0001877577242	540	563.36	0.84263	1.8e+03	-3.24
agggta	agggta|taccct	0.0003886099296	0.0003813874979	1166	1144.33	0.26469	5.5e+02	-2.74
agggtc	agggtc|gaccct	0.0002113024832	0.0001768942583	634	530.76	7.3e-06	1.5e-02	1.82
agggtg	agggtg|caccct	0.0002386318264	0.0002649067578	716	794.84	0.99786	2.1e+03	-3.32
aggtaa	aggtaa|ttacct	0.0005895805879	0.0006219915217	1769	1866.25	0.98869	2.1e+03	-3.31
aggtac	aggtac|gtacct	0.0002879579581	0.0002680292413	864	804.21	0.01913	4.0e+01	-1.60
aggtag	aggtag|ctacct	0.0002962900750	0.0003066991089	889	920.23	0.85240	1.8e+03	-3.25
aggtat	aggtat|atacct	0.0005635843833	0.0004963656025	1691	1489.31	1.6e-07	3.4e-04	3.47
aggtca	aggtca|tgacct	0.0002882912428	0.0002746053008	865	823.94	0.07960	1.7e+02	-2.22
aggtcc	aggtcc|ggacct	0.0001603099281	0.0001722205787	481	516.74	0.94587	2.0e+03	-3.29
aggtcg	aggtcg|cgacct	0.0001286478841	0.0001299894560	386	390.03	0.58751	1.2e+03	-3.09
aggtga	aggtga|tcacct	0.0004056074480	0.0003641980015	1217	1092.75	0.00012	2.4e-01	0.62
aggtgc	aggtgc|gcacct	0.0002589621915	0.0002347529609	777	704.36	0.00368	7.7e+00	-0.88
aggtgg	aggtgg|ccacct	0.0002372986877	0.0002335850357	712	700.86	0.34189	7.1e+02	-2.85
aggtta	aggtta|taacct	0.0004849292003	0.0004481218962	1455	1344.56	0.00152	3.2e+00	-0.50
aggttc	aggttc|gaacct	0.0002956235056	0.0003176294713	887	953.03	0.98521	2.0e+03	-3.31
aggttg	aggttg|caacct	0.0003346178125	0.0003365110119	1004	1009.68	0.57514	1.2e+03	-3.08
agtaaa	agtaaa|tttact	0.0013638008851	0.0012915583523	4092	3875.24	0.00028	5.9e-01	0.23
agtaac	agtaac|gttact	0.0006172432158	0.0005950850541	1852	1785.52	0.05980	1.2e+02	-2.09
agtaag	agtaag|cttact	0.0005909137266	0.0005656276589	1773	1697.13	0.03432	7.1e+01	-1.85
agtaat	agtaat|attact	0.0009988541673	0.0010419697245	2997	3126.37	0.99028	2.1e+03	-3.31
agtaca	agtaca|tgtact	0.0005622512447	0.0005598937730	1687	1679.93	0.43472	9.0e+02	-2.96
agtacc	agtacc|ggtact	0.0002656278850	0.0002795287433	797	838.71	0.92845	1.9e+03	-3.29
agtacg	agtacg|cgtact	0.0002879579581	0.0003006449759	864	902.07	0.90113	1.9e+03	-3.27
agtact	agtact|agtact	0.0002852916807	0.0002670889824	856	801.38	0.02893	6.0e+01	-1.78
agtaga	agtaga|tctact	0.0005759159163	0.0005628431104	1728	1688.78	0.17283	3.6e+02	-2.56
agtagc	agtagc|gctact	0.0003969420465	0.0003743157750	1191	1123.11	0.02294	4.8e+01	-1.68
agtagg	agtagg|cctact	0.0003159538707	0.0003220485113	948	966.29	0.72610	1.5e+03	-3.18
agtata	agtata|tatact	0.0011271687667	0.0011816010529	3382	3545.32	0.99721	2.1e+03	-3.32
agtatc	agtatc|gatact	0.0004589329958	0.0004532425575	1377	1359.93	0.32523	6.8e+02	-2.83
agtatg	agtatg|catact	0.0005352551861	0.0004893267556	1606	1468.19	0.00020	4.2e-01	0.37
agtcaa	agtcaa|ttgact	0.0004842626310	0.0004892898888	1453	1468.08	0.65660	1.4e+03	-3.14
agtcac	agtcac|gtgact	0.0003119544546	0.0003257384080	936	977.36	0.91044	1.9e+03	-3.28
agtcag	agtcag|ctgact	0.0002476305126	0.0002442550720	743	732.87	0.35903	7.5e+02	-2.87
agtcat	agtcat|atgact	0.0005079258428	0.0005393884949	1524	1618.40	0.99132	2.1e+03	-3.31
agtcca	agtcca|tggact	0.0002136354759	0.0002023132968	641	607.03	0.08800	1.8e+02	-2.26
agtccc	agtccc|gggact	0.0001353135776	0.0001353254913	406	406.04	0.50731	1.1e+03	-3.02
agtccg	agtccg|cggact	0.0001233153293	0.0001226703643	370	368.06	0.46675	9.7e+02	-2.99
agtcga	agtcga|tcgact	0.0002119690525	0.0001948927063	636	584.76	0.01895	3.9e+01	-1.60
agtcgc	agtcgc|gcgact	0.0001773074464	0.0001751125510	532	525.41	0.39271	8.2e+02	-2.91
agtcgg	agtcgg|ccgact	0.0001299810228	0.0001279892399	390	384.02	0.38694	8.0e+02	-2.91
agtcta	agtcta|tagact	0.0002792925566	0.0002590638988	838	777.31	0.01625	3.4e+01	-1.53
agtctc	agtctc|gagact	0.0002462973739	0.0002393062313	739	718.02	0.22158	4.6e+02	-2.66
agtctg	agtctg|cagact	0.0002099693445	0.0002110323278	630	633.19	0.55573	1.2e+03	-3.06
agtgaa	agtgaa|ttcact	0.0008408772319	0.0007723921399	2523	2317.51	1.3e-05	2.7e-02	1.56
agtgac	agtgac|gtcact	0.0003512820462	0.0003747386498	1054	1124.38	0.98350	2.0e+03	-3.31
agtgag	agtgag|ctcact	0.0003726122653	0.0003499721053	1118	1050.07	0.01948	4.1e+01	-1.61
agtgat	agtgat|atcact	0.0005952464274	0.0006029612000	1786	1809.15	0.71002	1.5e+03	-3.17
agtgca	agtgca|tgcact	0.0004029411706	0.0003874765024	1209	1162.60	0.08970	1.9e+02	-2.27
agtgcc	agtgcc|ggcact	0.0002319661329	0.0002321745190	696	696.63	0.51449	1.1e+03	-3.03
agtgcg	agtgcg|cgcact	0.0001893056947	0.0002070693112	568	621.30	0.98552	2.0e+03	-3.31
agtgga	agtgga|tccact	0.0004356030686	0.0003716889656	1307	1115.23	1.2e-08	2.5e-05	4.60
agtggc	agtggc|gccact	0.0002759597099	0.0002894530532	828	868.49	0.91871	1.9e+03	-3.28
agtggg	agtggg|cccact	0.0002236340161	0.0002343398032	671	703.12	0.89136	1.9e+03	-3.27
agtgta	agtgta|tacact	0.0004989271566	0.0004957056567	1497	1487.33	0.40447	8.4e+02	-2.92
agtgtc	agtgtc|gacact	0.0003059553305	0.0002596553440	918	779.08	6.9e-07	1.4e-03	2.84
agtgtg	agtgtg|cacact	0.0003399503672	0.0003608737181	1020	1082.78	0.97366	2.0e+03	-3.31
agttaa	agttaa|ttaact	0.0007372256984	0.0007302132360	2212	2190.96	0.32930	6.8e+02	-2.84
agttac	agttac|gtaact	0.0004732642368	0.0005179001425	1420	1553.93	0.99973	2.1e+03	-3.32
agttag	agttag|ctaact	0.0004649321199	0.0004230283462	1395	1269.27	0.00027	5.5e-01	0.26
agttat	agttat|ataact	0.0008458765020	0.0008242861119	2538	2473.22	0.09837	2.0e+02	-2.31
agttca	agttca|tgaact	0.0005369216094	0.0005158595588	1611	1547.80	0.05618	1.2e+02	-2.07
agttcc	agttcc|ggaact	0.0003516153308	0.0003420723739	1055	1026.37	0.18956	3.9e+02	-2.60
agttcg	agttcg|cgaact	0.0002506300747	0.0002551787814	752	765.65	0.69389	1.4e+03	-3.16
agttga	agttga|tcaact	0.0007012309536	0.0005796371070	2104	1739.17	1.3e-17	2.7e-14	13.56
agttgc	agttgc|gcaact	0.0003902763530	0.0003943176133	1171	1183.13	0.64167	1.3e+03	-3.13
agttgg	agttgg|ccaact	0.0003306183964	0.0003661380915	992	1098.57	0.99948	2.1e+03	-3.32
agttta	agttta|taaact	0.0008792049694	0.0008652054770	2638	2596.00	0.20723	4.3e+02	-2.63
agtttc	agtttc|gaaact	0.0007512236547	0.0007473700116	2254	2242.44	0.40632	8.5e+02	-2.93
agtttg	agtttg|caaact	0.0005925801500	0.0006068812015	1778	1820.91	0.84560	1.8e+03	-3.25
ataaaa	ataaaa|ttttat	0.0032058652770	0.0030840388415	9619	9253.47	7.9e-05	1.6e-01	0.78
ataaac	ataaac|gtttat	0.0011554979640	0.0012548774928	3467	3765.18	1.00000	2.1e+03	-3.32
ataaag	ataaag|ctttat	0.0013754658487	0.0014558900322	4127	4368.31	0.99989	2.1e+03	-3.32
ataaat	ataaat|atttat	0.0020833624957	0.0021430785688	6251	6430.17	0.98782	2.1e+03	-3.31
ataaca	ataaca|tgttat	0.0010485135837	0.0011031898222	3146	3310.05	0.99803	2.1e+03	-3.32
ataacc	ataacc|ggttat	0.0004795966456	0.0005137380814	1439	1541.44	0.99596	2.1e+03	-3.32
ataacg	ataacg|cgttat	0.0005105921202	0.0005211700971	1532	1563.74	0.79220	1.6e+03	-3.22
ataaga	ataaga|tcttat	0.0011101712483	0.0011085827707	3331	3326.23	0.46936	9.8e+02	-2.99
ataagc	ataagc|gcttat	0.0006252420480	0.0006336162048	1876	1901.13	0.72087	1.5e+03	-3.18
ataagg	ataagg|ccttat	0.0006549043840	0.0006655426027	1965	1996.92	0.76545	1.6e+03	-3.20
ataata	ataata|tattat	0.0027845934494	0.0026396415926	8355	7920.08	6.3e-07	1.3e-03	2.88
ataatc	ataatc|gattat	0.0008418770859	0.0009247085674	2526	2774.53	1.00000	2.1e+03	-3.32
ataatg	ataatg|cattat	0.0011031722702	0.0010790004140	3310	3237.47	0.10297	2.1e+02	-2.33
atacaa	atacaa|ttgtat	0.0011991582562	0.0011825428221	3598	3548.15	0.20329	4.2e+02	-2.63
atacac	atacac|gtgtat	0.0006439059897	0.0006622526597	1932	1987.05	0.89411	1.9e+03	-3.27
atacag	atacag|ctgtat	0.0006579039460	0.0006572337835	1974	1971.99	0.48493	1.0e+03	-3.00
atacat	atacat|atgtat	0.0011848270153	0.0012862662628	3555	3859.36	1.00000	2.1e+03	-3.32
atacca	atacca|tggtat	0.0005815817557	0.0005660170654	1745	1698.30	0.13127	2.7e+02	-2.44
ataccc	ataccc|gggtat	0.0002792925566	0.0003989627205	838	1197.06	1.00000	2.1e+03	-3.32
ataccg	ataccg|cggtat	0.0002786259873	0.0002927466766	836	878.37	0.92689	1.9e+03	-3.29
atacga	atacga|tcgtat	0.0005005935800	0.0004890318353	1502	1467.31	0.18574	3.9e+02	-2.59
atacgc	atacgc|gcgtat	0.0003352843818	0.0003615086260	1006	1084.68	0.99245	2.1e+03	-3.31
atacgg	atacgg|ccgtat	0.0003352843818	0.0003557226364	1006	1067.32	0.97169	2.0e+03	-3.31
atacta	atacta|tagtat	0.0011128375257	0.0009691211763	3339	2907.79	2.9e-15	6.0e-12	11.22
atactc	atactc|gagtat	0.0004352697839	0.0004908691885	1306	1472.82	1.00000	2.1e+03	-3.32
atactg	atactg|cagtat	0.0006049116829	0.0006096310933	1815	1829.16	0.63286	1.3e+03	-3.12
atagaa	atagaa|ttctat	0.0013391378192	0.0013960630237	4018	4188.80	0.99614	2.1e+03	-3.32
atagac	atagac|gtctat	0.0004056074480	0.0004192839170	1217	1258.04	0.87962	1.8e+03	-3.26
atagag	atagag|ctctat	0.0006059115369	0.0006220798966	1818	1866.51	0.87201	1.8e+03	-3.26
atagat	atagat|atctat	0.0008665401518	0.0009057359292	2600	2717.60	0.98870	2.1e+03	-3.31
atagca	atagca|tgctat	0.0006745681797	0.0007027315347	2024	2108.50	0.96861	2.0e+03	-3.30
atagcc	atagcc|ggctat	0.0003829440902	0.0003887305172	1149	1166.36	0.69832	1.5e+03	-3.16
atagcg	atagcg|cgctat	0.0003452829220	0.0003514800326	1036	1054.59	0.72063	1.5e+03	-3.18
atagga	atagga|tcctat	0.0006192429239	0.0005771925447	1858	1731.83	0.00140	2.9e+00	-0.46
ataggc	ataggc|gcctat	0.0002932905129	0.0003138671974	880	941.74	0.97962	2.0e+03	-3.31
ataggg	ataggg|ccctat	0.0002996229217	0.0003147903363	899	944.51	0.93374	1.9e+03	-3.29
atagta	atagta|tactat	0.0010491801530	0.0010477326554	3148	3143.66	0.47149	9.8e+02	-2.99
atagtc	atagtc|gactat	0.0004166058422	0.0004153194488	1250	1246.14	0.46022	9.6e+02	-2.98
atagtg	atagtg|cactat	0.0005965795661	0.0005833562327	1790	1750.32	0.17433	3.6e+02	-2.56
atataa	atataa|ttatat	0.0027372670257	0.0029213762869	8213	8765.41	1.00000	2.1e+03	-3.32
atatac	atatac|gtatat	0.0016837541719	0.0017168957109	5052	5151.44	0.91862	1.9e+03	-3.28
atatag	atatag|ctatat	0.0011458327084	0.0013612552066	3438	4084.36	1.00000	2.1e+03	-3.32
atatat	atatat|atatat	0.0024433099434	0.0023426216926	7331	7028.89	0.00017	3.6e-01	0.44
atatca	atatca|tgatat	0.0011158370878	0.0012171995117	3348	3652.13	1.00000	2.1e+03	-3.32
atatcc	atatcc|ggatat	0.0005829148944	0.0005773129746	1749	1732.19	0.34630	7.2e+02	-2.86
atatcg	atatcg|cgatat	0.0004829294923	0.0004932919365	1449	1480.09	0.79388	1.7e+03	-3.22
atatga	atatga|tcatat	0.0010828419051	0.0009322485976	3249	2797.15	4.2e-17	8.7e-14	13.06
atatgc	atatgc|gcatat	0.0006898992747	0.0006107664829	2070	1832.57	2.9e-08	6.0e-05	4.22
atatgg	atatgg|ccatat	0.0005475867190	0.0005612314884	1643	1683.94	0.84381	1.8e+03	-3.24
atatta	atatta|taatat	0.0025063007468	0.0021404723782	7520	6422.35	6.5e-41	1.4e-37	36.87
atattc	atattc|gaatat	0.0012684814684	0.0013261597605	3806	3979.06	0.99721	2.1e+03	-3.32
atattg	atattg|caatat	0.0011401668690	0.0012451381585	3421	3735.96	1.00000	2.1e+03	-3.32
atcaaa	atcaaa|tttgat	0.0012191553367	0.0013087110156	3658	3926.71	0.99999	2.1e+03	-3.32
atcaac	atcaac|gttgat	0.0006978981069	0.0007022909740	2094	2107.18	0.61593	1.3e+03	-3.11
atcaag	atcaag|cttgat	0.0006515715372	0.0007205917160	1955	2162.09	1.00000	2.1e+03	-3.32
atcaat	atcaat|attgat	0.0010741765036	0.0010945091491	3223	3284.01	0.85867	1.8e+03	-3.25
atcaca	atcaca|tgtgat	0.0005862477412	0.0005967099511	1759	1790.39	0.77404	1.6e+03	-3.21
atcacc	atcacc|ggtgat	0.0003529484695	0.0004109269056	1059	1232.96	1.00000	2.1e+03	-3.32
atcacg	atcacg|cgtgat	0.0003182868635	0.0003066207466	955	920.00	0.12794	2.7e+02	-2.43
atcaga	atcaga|tctgat	0.0004579331418	0.0004601615925	1374	1380.69	0.57500	1.2e+03	-3.08
atcagc	atcagc|gctgat	0.0003842772289	0.0003949909236	1153	1185.15	0.82844	1.7e+03	-3.24
atcagg	atcagg|cctgat	0.0002699605858	0.0002797616250	810	839.41	0.84916	1.8e+03	-3.25
atcata	atcata|tatgat	0.0008832043855	0.0008883051161	2650	2665.30	0.61919	1.3e+03	-3.11
atcatc	atcatc|gatgat	0.0007455578152	0.0007999885158	2237	2400.32	0.99964	2.1e+03	-3.32
atcatg	atcatg|catgat	0.0004429353314	0.0004372052393	1329	1311.81	0.32111	6.7e+02	-2.82
atccaa	atccaa|ttggat	0.0004969274486	0.0004943005827	1491	1483.12	0.42235	8.8e+02	-2.94
atccac	atccac|gtggat	0.0002926239436	0.0003200867180	878	960.40	0.99664	2.1e+03	-3.32
atccag	atccag|ctggat	0.0002592954762	0.0002580699164	778	774.32	0.45220	9.4e+02	-2.97
atccat	atccat|atggat	0.0004762637988	0.0005081376648	1429	1524.64	0.99352	2.1e+03	-3.32
atccca	atccca|tgggat	0.0003149540167	0.0002722050877	945	816.73	6.3e-06	1.3e-02	1.88
atcccc	atcccc|ggggat	0.0001679754756	0.0002086956561	504	626.18	1.00000	2.1e+03	-3.32
atcccg	atcccg|cgggat	0.0001463119718	0.0001360262104	439	408.14	0.06771	1.4e+02	-2.15
atccga	atccga|tcggat	0.0002292998556	0.0002087072239	688	626.21	0.00781	1.6e+01	-1.21
atccgc	atccgc|gcggat	0.0001913054027	0.0002157515022	574	647.35	0.99843	2.1e+03	-3.32
atccgg	atccgg|ccggat	0.0001569770813	0.0001659500925	471	497.92	0.89122	1.9e+03	-3.27
atccta	atccta|taggat	0.0004719310981	0.0004011979120	1416	1203.77	1.4e-09	2.9e-06	5.53
atcctc	atcctc|gaggat	0.0004162725575	0.0004240041985	1249	1272.20	0.74600	1.6e+03	-3.19
atcctg	atcctg|caggat	0.0002802924106	0.0002948756471	841	884.76	0.93256	1.9e+03	-3.29
atcgaa	atcgaa|ttcgat	0.0005122585436	0.0005165501806	1537	1549.88	0.63161	1.3e+03	-3.12
atcgac	atcgac|gtcgat	0.0002136354759	0.0002000881150	641	600.35	0.05180	1.1e+02	-2.03
atcgag	atcgag|ctcgat	0.0002646280310	0.0003513742508	794	1054.28	1.00000	2.1e+03	-3.32
atcgat	atcgat|atcgat	0.0002119690525	0.0001935186178	636	580.64	0.01225	2.5e+01	-1.41
atcgca	atcgca|tgcgat	0.0003866102216	0.0003614872407	1160	1084.62	0.01211	2.5e+01	-1.40
atcgcc	atcgcc|ggcgat	0.0002253004395	0.0002410615495	676	723.29	0.96336	2.0e+03	-3.30
atcgcg	atcgcg|cgcgat	0.0002033036510	0.0002179431794	610	653.92	0.96004	2.0e+03	-3.30
atcgga	atcgga|tccgat	0.0002409648191	0.0002406232914	723	721.98	0.48974	1.0e+03	-3.01
atcggc	atcggc|gccgat	0.0001959713882	0.0001994440689	588	598.42	0.67038	1.4e+03	-3.14
atcggg	atcggg|cccgat	0.0001336471542	0.0001483970141	401	445.26	0.98423	2.0e+03	-3.31
atcgta	atcgta|tacgat	0.0004226049663	0.0004073472477	1268	1222.22	0.09813	2.0e+02	-2.31
atcgtc	atcgtc|gacgat	0.0002849583961	0.0002785163718	855	835.67	0.25631	5.3e+02	-2.73
atcgtg	atcgtg|cacgat	0.0002579623375	0.0002664323864	774	799.41	0.82010	1.7e+03	-3.23
atctaa	atctaa|ttagat	0.0006872329973	0.0006717494316	2062	2015.54	0.15295	3.2e+02	-2.50
atctac	atctac|gtagat	0.0004925947478	0.0005082029015	1478	1524.83	0.88772	1.8e+03	-3.27
atctag	atctag|ctagat	0.0003426166446	0.0003877148111	1028	1163.31	0.99998	2.1e+03	-3.32
atctca	atctca|tgagat	0.0006749014644	0.0005780580133	2025	1734.43	5.6e-12	1.2e-08	7.93
atctcc	atctcc|ggagat	0.0003052887612	0.0003887347664	916	1166.37	1.00000	2.1e+03	-3.32
atctcg	atctcg|cgagat	0.0002732934325	0.0002917192127	820	875.29	0.97133	2.0e+03	-3.31
atctga	atctga|tcagat	0.0004389359154	0.0004245961839	1317	1273.97	0.11706	2.4e+02	-2.39
atctgc	atctgc|gcagat	0.0004262710978	0.0004045365217	1279	1213.79	0.03241	6.7e+01	-1.83
atctgg	atctgg|ccagat	0.0002976232137	0.0002869939395	893	861.11	0.14249	3.0e+02	-2.47
atctta	atctta|taagat	0.0007522235087	0.0006397526044	2257	1919.54	3.5e-14	7.3e-11	10.14
atcttc	atcttc|gaagat	0.0007735537278	0.0007709467781	2321	2313.18	0.43814	9.1e+02	-2.96
atcttg	atcttg|caagat	0.0006545710993	0.0006242583697	1964	1873.05	0.01886	3.9e+01	-1.59
atgaaa	atgaaa|tttcat	0.0016844207412	0.0016026792070	5054	4808.74	0.00023	4.7e-01	0.32
atgaac	atgaac|gttcat	0.0005349219014	0.0005203980040	1605	1561.42	0.13792	2.9e+02	-2.46
atgaag	atgaag|cttcat	0.0007182284720	0.0006759192466	2155	2028.05	0.00268	5.6e+00	-0.75
atgaat	atgaat|attcat	0.0010181846784	0.0008748552281	3055	2624.95	1.5e-16	3.0e-13	12.52
atgaca	atgaca|tgtcat	0.0006375735809	0.0005998883753	1913	1799.93	0.00426	8.9e+00	-0.95
atgacc	atgacc|ggtcat	0.0002789592719	0.0002689225628	837	806.89	0.14865	3.1e+02	-2.49
atgacg	atgacg|cgtcat	0.0003229528489	0.0003184338979	969	955.44	0.33470	7.0e+02	-2.84
atgaga	atgaga|tctcat	0.0007578893482	0.0006888551974	2274	2066.87	3.8e-06	7.9e-03	2.10
atgagc	atgagc|gctcat	0.0003882766449	0.0003847444856	1165	1154.40	0.38143	7.9e+02	-2.90
atgagg	atgagg|cctcat	0.0004096068641	0.0003921142392	1229	1176.51	0.06555	1.4e+02	-2.13
atgata	atgata|tatcat	0.0011251690587	0.0010061798542	3376	3018.98	9.3e-11	1.9e-07	6.72
atgatc	atgatc|gatcat	0.0003946090537	0.0004353161546	1184	1306.14	0.99971	2.1e+03	-3.32
atgatg	atgatg|catcat	0.0007312265743	0.0006239999415	2194	1872.27	2.4e-13	5.0e-10	9.30
atgcaa	atgcaa|ttgcat	0.0007268938735	0.0006338497849	2181	1901.83	2.1e-10	4.3e-07	6.37
atgcac	atgcac|gtgcat	0.0003522819002	0.0003480767300	1057	1044.38	0.35218	7.3e+02	-2.86
atgcag	atgcag|ctgcat	0.0004136062801	0.0003952764838	1241	1186.00	0.05755	1.2e+02	-2.08
atgcat	atgcat|atgcat	0.0002952902210	0.0002858588727	886	857.70	0.17108	3.6e+02	-2.55
atgcca	atgcca|tggcat	0.0004102734334	0.0003806102772	1231	1142.00	0.00478	9.9e+00	-1.00
atgccc	atgccc|gggcat	0.0002209677387	0.0002110865252	663	633.35	0.12380	2.6e+02	-2.41
atgccg	atgccg|cggcat	0.0001969712422	0.0001889960749	591	567.07	0.16250	3.4e+02	-2.53
atgcga	atgcga|tcgcat	0.0003252858416	0.0002661385653	976	798.53	6.9e-10	1.4e-06	5.84
atgcgc	atgcgc|gcgcat	0.0002246338701	0.0002187250628	674	656.27	0.24946	5.2e+02	-2.72
atgcgg	atgcgg|ccgcat	0.0002339658410	0.0002107651317	702	632.39	0.00339	7.1e+00	-0.85
atgcta	atgcta|tagcat	0.0005222570838	0.0004132406854	1567	1239.90	2.5e-19	5.1e-16	15.29
atgctc	atgctc|gagcat	0.0003142874474	0.0002982732435	943	894.95	0.05689	1.2e+02	-2.07
atgctg	atgctg|cagcat	0.0003916094917	0.0003612607249	1175	1083.94	0.00327	6.8e+00	-0.83
atggaa	atggaa|ttccat	0.0008775385460	0.0008263599692	2633	2479.44	0.00115	2.4e+00	-0.38
atggac	atggac|gtccat	0.0002499635053	0.0002454936319	750	736.59	0.31542	6.6e+02	-2.82
atggag	atggag|ctccat	0.0003272855496	0.0003142724263	982	942.95	0.10521	2.2e+02	-2.34
atggca	atggca|tgccat	0.0004472680322	0.0003945366825	1342	1183.78	3.5e-06	7.3e-03	2.14
atggcc	atggcc|ggccat	0.0002156351839	0.0002087800216	647	626.43	0.21061	4.4e+02	-2.64
atggcg	atggcg|cgccat	0.0002269668628	0.0002223847348	681	667.25	0.30234	6.3e+02	-2.80
atggga	atggga|tcccat	0.0002906242355	0.0002798121841	872	839.56	0.13537	2.8e+02	-2.45
atgggc	atgggc|gcccat	0.0002156351839	0.0002078759331	647	623.72	0.18051	3.8e+02	-2.57
atgggg	atgggg|ccccat	0.0001939716801	0.0001752431978	582	525.81	0.00831	1.7e+01	-1.24
atggta	atggta|taccat	0.0005125918283	0.0004498347992	1538	1349.70	2.8e-07	5.8e-04	3.24
atggtc	atggtc|gaccat	0.0002076363518	0.0002147174561	623	644.25	0.80376	1.7e+03	-3.22
atggtg	atggtg|caccat	0.0003686128492	0.0003288185197	1106	986.60	0.00010	2.1e-01	0.68
atgtaa	atgtaa|ttacat	0.0010648445327	0.0009753899390	3195	2926.60	5.2e-07	1.1e-03	2.97
atgtac	atgtac|gtacat	0.0005879141645	0.0005597085617	1764	1679.37	0.02064	4.3e+01	-1.63
atgtag	atgtag|ctacat	0.0005625845293	0.0005428878686	1688	1628.90	0.07383	1.5e+02	-2.19
atgtca	atgtca|tgacat	0.0005272563539	0.0004687468504	1582	1406.45	2.3e-06	4.8e-03	2.32
atgtcc	atgtcc|ggacat	0.0002562959141	0.0002388291938	769	716.59	0.02726	5.7e+01	-1.75
atgtcg	atgtcg|cgacat	0.0002119690525	0.0002030210175	636	609.15	0.14303	3.0e+02	-2.47
atgtga	atgtga|tcacat	0.0005775823396	0.0004863343893	1733	1459.22	1.8e-12	3.7e-09	8.43
atgtgc	atgtgc|gcacat	0.0003909429223	0.0003835667480	1173	1150.87	0.26087	5.4e+02	-2.73
atgtgg	atgtgg|ccacat	0.0003556147469	0.0003172230808	1067	951.81	0.00013	2.7e-01	0.57
atgtta	atgtta|taacat	0.0007822191293	0.0006508707735	2347	1952.90	2.9e-18	6.0e-15	14.22
atgttc	atgttc|gaacat	0.0005569186899	0.0004968593774	1671	1490.80	2.4e-06	5.1e-03	2.30
atgttg	atgttg|caacat	0.0005755826316	0.0005573531324	1727	1672.30	0.09297	1.9e+02	-2.29
attaaa	attaaa|tttaat	0.0016630905221	0.0016430017961	4990	4929.73	0.19691	4.1e+02	-2.61
attaac	attaac|gttaat	0.0007185617567	0.0007777633424	2156	2333.63	0.99991	2.1e+03	-3.32
attaag	attaag|cttaat	0.0007765532899	0.0008158139818	2330	2447.80	0.99199	2.1e+03	-3.31
attaat	attaat|attaat	0.0007825524140	0.0007369209440	2348	2211.09	0.00201	4.2e+00	-0.62
attaca	attaca|tgtaat	0.0009798569409	0.0009196470438	2940	2759.34	0.00034	7.1e-01	0.15
attacc	attacc|ggtaat	0.0006222424859	0.0006393143293	1867	1918.22	0.88157	1.8e+03	-3.26
attacg	attacg|cgtaat	0.0004629324119	0.0004676105417	1389	1403.04	0.64966	1.4e+03	-3.13
attaga	attaga|tctaat	0.0006975648222	0.0006988283294	2093	2096.79	0.53591	1.1e+03	-3.05
attagc	attagc|gctaat	0.0004612659885	0.0005257259045	1384	1577.41	1.00000	2.1e+03	-3.32
attagg	attagg|cctaat	0.0004802632149	0.0004346615930	1441	1304.18	0.00010	2.1e-01	0.68
attata	attata|tataat	0.0019190531516	0.0019305859281	5758	5792.60	0.67722	1.4e+03	-3.15
attatc	attatc|gataat	0.0012424852638	0.0011230649248	3728	3369.69	6.6e-10	1.4e-06	5.86
attatg	attatg|cataat	0.0009002019039	0.0008681699022	2701	2604.89	0.03102	6.5e+01	-1.81
attcaa	attcaa|ttgaat	0.0010931737300	0.0011193525968	3280	3358.55	0.91423	1.9e+03	-3.28
attcac	attcac|gtgaat	0.0005565854052	0.0005910220690	1670	1773.33	0.99356	2.1e+03	-3.32
attcag	attcag|ctgaat	0.0004899284704	0.0005546414855	1470	1664.17	1.00000	2.1e+03	-3.32
attcca	attcca|tggaat	0.0006852332893	0.0006175952171	2056	1853.06	1.9e-06	3.9e-03	2.41
attccc	attccc|gggaat	0.0003502821921	0.0004342606563	1051	1302.97	1.00000	2.1e+03	-3.32
attccg	attccg|cggaat	0.0003376173745	0.0003292844233	1013	988.00	0.21718	4.5e+02	-2.65
attcga	attcga|tcgaat	0.0004122731415	0.0004148742720	1237	1244.80	0.59133	1.2e+03	-3.09
attcgc	attcgc|gcgaat	0.0002749598559	0.0003037088490	825	911.26	0.99823	2.1e+03	-3.32
attcgg	attcgg|ccgaat	0.0002452975199	0.0002487403111	736	746.33	0.65222	1.4e+03	-3.13
attcta	attcta|tagaat	0.0008438767940	0.0007455433930	2532	2236.96	5.2e-10	1.1e-06	5.97
attctc	attctc|gagaat	0.0006769011724	0.0007205838355	2031	2162.07	0.99786	2.1e+03	-3.32
attctg	attctg|cagaat	0.0006449058437	0.0005663140280	1935	1699.19	1.1e-08	2.4e-05	4.63
attgaa	attgaa|ttcaat	0.0013234734395	0.0013075313061	3971	3923.17	0.22443	4.7e+02	-2.67
attgac	attgac|gtcaat	0.0004652654046	0.0004953386718	1396	1486.23	0.99121	2.1e+03	-3.31
attgag	attgag|ctcaat	0.0005882474492	0.0005935924693	1765	1781.04	0.65123	1.4e+03	-3.13
attgca	attgca|tgcaat	0.0007028973770	0.0007267241162	2109	2180.49	0.93910	2.0e+03	-3.29
attgcc	attgcc|ggcaat	0.0004382693460	0.0004557087133	1315	1367.33	0.92418	1.9e+03	-3.28
attgcg	attgcg|cgcaat	0.0003552814622	0.0003478060977	1066	1043.57	0.24770	5.2e+02	-2.71
attgga	attgga|tccaat	0.0005012601494	0.0005092881946	1504	1528.09	0.73453	1.5e+03	-3.18
attggc	attggc|gccaat	0.0003819442361	0.0004239990254	1146	1272.18	0.99985	2.1e+03	-3.32
attggg	attggg|cccaat	0.0003142874474	0.0003123191502	943	937.09	0.42784	8.9e+02	-2.95
attgta	attgta|tacaat	0.0009365299333	0.0009346291607	2810	2804.30	0.45961	9.6e+02	-2.98
attgtc	attgtc|gacaat	0.0005705833615	0.0005762573507	1712	1729.02	0.66213	1.4e+03	-3.14
attgtg	attgtg|cacaat	0.0006342407342	0.0005792704611	1903	1738.07	5e-05	1.0e-01	0.98
atttaa	atttaa|ttaaat	0.0014647861412	0.0014870448343	4395	4461.79	0.84330	1.8e+03	-3.24
atttac	atttac|gtaaat	0.0010401814668	0.0010809168851	3121	3243.22	0.98488	2.0e+03	-3.31
atttag	atttag|ctaaat	0.0008508757721	0.0008246225482	2553	2474.23	0.05828	1.2e+02	-2.08
atttca	atttca|tgaaat	0.0013628010310	0.0013091715185	4089	3928.09	0.00544	1.1e+01	-1.05
atttcc	atttcc|ggaaat	0.0008652070131	0.0009527926020	2596	2858.80	1.00000	2.1e+03	-3.32
atttcg	atttcg|cgaaat	0.0005742494929	0.0005737745535	1723	1721.57	0.48950	1.0e+03	-3.01
atttga	atttga|tcaaat	0.0010545127078	0.0010159974832	3164	3048.44	0.01899	3.9e+01	-1.60
atttgc	atttgc|gcaaat	0.0007632219029	0.0007475223094	2290	2242.89	0.16241	3.4e+02	-2.53
atttgg	atttgg|ccaaat	0.0006339074495	0.0006067604170	1902	1820.55	0.02952	6.1e+01	-1.79
atttta	atttta|taaaat	0.0019557144657	0.0017304943851	5868	5192.24	2e-20	4.1e-17	16.38
attttc	attttc|gaaaat	0.0019000559252	0.0019801571302	5701	5941.34	0.99917	2.1e+03	-3.32
attttg	attttg|caaaat	0.0014954483312	0.0012912466496	4487	3874.31	4e-22	8.2e-19	18.09
caaaaa	caaaaa|tttttg	0.0024659733012	0.0029170934823	7399	8752.56	1.00000	2.1e+03	-3.32
caaaac	caaaac|gttttg	0.0009281978165	0.0007305287344	2785	2191.91	2.8e-34	5.9e-31	30.23
caaaag	caaaag|cttttg	0.0011588308107	0.0011092766385	3477	3328.32	0.00532	1.1e+01	-1.04
caaaca	caaaca|tgtttg	0.0008308786917	0.0008977219290	2493	2693.56	0.99996	2.1e+03	-3.32
caaacc	caaacc|ggtttg	0.0003832773748	0.0003746227469	1150	1124.03	0.22307	4.6e+02	-2.67
caaacg	caaacg|cgtttg	0.0004049408786	0.0004155738746	1215	1246.90	0.82046	1.7e+03	-3.23
caaaga	caaaga|tctttg	0.0008912032177	0.0009487191791	2674	2846.57	0.99947	2.1e+03	-3.32
caaagc	caaagc|gctttg	0.0004689315360	0.0004470808956	1407	1341.44	0.03860	8.0e+01	-1.90
caaagg	caaagg|cctttg	0.0005442538723	0.0005516572692	1633	1655.21	0.71076	1.5e+03	-3.17
caaata	caaata|tatttg	0.0012541502274	0.0013628584998	3763	4089.17	1.00000	2.1e+03	-3.32
caaatc	caaatc|gatttg	0.0005319223393	0.0005218600853	1596	1565.81	0.22591	4.7e+02	-2.67
caaatg	caaatg|catttg	0.0006672359169	0.0006317030451	2002	1895.39	0.00777	1.6e+01	-1.21
caacaa	caacaa|ttgttg	0.0010901741679	0.0011495174484	3271	3449.06	0.99892	2.1e+03	-3.32
caacac	caacac|gtgttg	0.0004199386890	0.0004200081004	1260	1260.21	0.50609	1.1e+03	-3.02
caacag	caacag|ctgttg	0.0005062594195	0.0005172486603	1519	1551.97	0.80198	1.7e+03	-3.22
caacca	caacca|tggttg	0.0004022746012	0.0004161624029	1207	1248.67	0.88409	1.8e+03	-3.26
caaccc	caaccc|gggttg	0.0001913054027	0.0002162975699	574	648.99	0.99872	2.1e+03	-3.32
caaccg	caaccg|cggttg	0.0001916386874	0.0001950552514	575	585.25	0.66964	1.4e+03	-3.14
caacga	caacga|tcgttg	0.0003626137251	0.0003715733148	1088	1114.88	0.79350	1.7e+03	-3.22
caacgc	caacgc|gcgttg	0.0002356322644	0.0002455059893	707	736.63	0.86685	1.8e+03	-3.26
caacgg	caacgg|ccgttg	0.0002093027751	0.0002241469683	628	672.54	0.95997	2.0e+03	-3.30
caacta	caacta|tagttg	0.0006399065736	0.0006305103179	1920	1891.81	0.26136	5.4e+02	-2.74
caactc	caactc|gagttg	0.0003026224838	0.0003261355248	908	978.55	0.98912	2.1e+03	-3.31
caactg	caactg|cagttg	0.0004019413166	0.0004151066182	1206	1245.50	0.87183	1.8e+03	-3.26
caagaa	caagaa|ttcttg	0.0012988103737	0.0013782845954	3897	4135.46	0.99991	2.1e+03	-3.32
caagac	caagac|gtcttg	0.0003756118273	0.0003723138956	1127	1117.10	0.38754	8.1e+02	-2.91
caagag	caagag|ctcttg	0.0005915802959	0.0005958767941	1775	1787.89	0.62296	1.3e+03	-3.11
caagca	caagca|tgcttg	0.0004899284704	0.0005326194981	1470	1598.09	0.99944	2.1e+03	-3.32
caagcc	caagcc|ggcttg	0.0002696273011	0.0002468031751	809	740.52	0.00680	1.4e+01	-1.15
caagcg	caagcg|cgcttg	0.0002579623375	0.0002594074229	774	778.34	0.56654	1.2e+03	-3.07
caagga	caagga|tccttg	0.0005532525585	0.0005541271820	1660	1662.62	0.52893	1.1e+03	-3.04
caaggc	caaggc|gccttg	0.0002979564984	0.0002866730655	894	860.14	0.12800	2.7e+02	-2.43
caaggg	caaggg|cccttg	0.0002932905129	0.0003449053301	880	1034.87	1.00000	2.1e+03	-3.32
caagta	caagta|tacttg	0.0006009122668	0.0006294090860	1803	1888.50	0.97677	2.0e+03	-3.31
caagtc	caagtc|gacttg	0.0002612951842	0.0002460449428	784	738.24	0.04893	1.0e+02	-2.01
caagtg	caagtg|cacttg	0.0003929426304	0.0004017204374	1179	1205.34	0.77972	1.6e+03	-3.21
caataa	caataa|ttattg	0.0012654819063	0.0013328459886	3797	3999.12	0.99938	2.1e+03	-3.32
caatac	caatac|gtattg	0.0005922468653	0.0005653185810	1777	1696.20	0.02624	5.5e+01	-1.74
caatag	caatag|ctattg	0.0007182284720	0.0006364969763	2155	1909.77	2e-08	4.1e-05	4.38
caatca	caatca|tgattg	0.0005645842374	0.0006338646065	1694	1901.87	1.00000	2.1e+03	-3.32
caatcc	caatcc|ggattg	0.0003719456959	0.0003270619549	1116	981.33	1.4e-05	2.8e-02	1.55
caatcg	caatcg|cgattg	0.0002656278850	0.0002887943820	797	866.51	0.99194	2.1e+03	-3.31
caatga	caatga|tcattg	0.0006779010265	0.0006586873852	2034	1976.35	0.09965	2.1e+02	-2.32
caatgc	caatgc|gcattg	0.0004092735794	0.0003648114749	1228	1094.59	4e-05	8.3e-02	1.08
caatgg	caatgg|ccattg	0.0004352697839	0.0003665207656	1306	1099.72	8.1e-10	1.7e-06	5.77
caatta	caatta|taattg	0.0009581934371	0.0009760233062	2875	2928.50	0.84093	1.7e+03	-3.24
caattc	caattc|gaattg	0.0006335741648	0.0005550363628	1901	1665.35	8.5e-09	1.8e-05	4.75
caattg	caattg|caattg	0.0003712791266	0.0003363410146	1114	1009.17	0.00061	1.3e+00	-0.10
cacaaa	cacaaa|tttgtg	0.0007462243846	0.0008268792059	2239	2481.00	1.00000	2.1e+03	-3.32
cacaac	cacaac|gttgtg	0.0003699459879	0.0003754208637	1110	1126.43	0.69172	1.4e+03	-3.16
cacaag	cacaag|cttgtg	0.0003999416085	0.0004230861487	1200	1269.44	0.97599	2.0e+03	-3.31
cacaca	cacaca|tgtgtg	0.0005999124128	0.0006071748297	1800	1821.79	0.69831	1.5e+03	-3.16
cacacc	cacacc|ggtgtg	0.0002566291988	0.0003037490695	770	911.38	1.00000	2.1e+03	-3.32
cacacg	cacacg|cgtgtg	0.0002206344540	0.0002261548420	662	678.56	0.74263	1.5e+03	-3.19
cacaga	cacaga|tctgtg	0.0003956089078	0.0004084740938	1187	1225.60	0.86829	1.8e+03	-3.26
cacagc	cacagc|gctgtg	0.0002636281770	0.0002841503981	791	852.58	0.98411	2.0e+03	-3.31
cacagg	cacagg|cctgtg	0.0002312995636	0.0002276740851	694	683.12	0.34367	7.1e+02	-2.85
cacata	cacata|tatgtg	0.0006719019023	0.0008128922018	2016	2439.03	1.00000	2.1e+03	-3.32
cacatc	cacatc|gatgtg	0.0003689461339	0.0003853956576	1107	1156.36	0.92952	1.9e+03	-3.29
cacatg	cacatg|catgtg	0.0002996229217	0.0003032644197	899	909.93	0.64584	1.3e+03	-3.13
caccaa	caccaa|ttggtg	0.0004712645287	0.0005146689328	1414	1544.23	0.99963	2.1e+03	-3.32
caccac	caccac|gtggtg	0.0002962900750	0.0002874866319	889	862.59	0.18842	3.9e+02	-2.59
caccag	caccag|ctggtg	0.0002216343081	0.0002446104068	665	733.94	0.99533	2.1e+03	-3.32
caccca	caccca|tgggtg	0.0003189534328	0.0002662393519	957	798.83	3.1e-08	6.4e-05	4.20
cacccc	cacccc|ggggtg	0.0001649759135	0.0001721882718	495	516.64	0.83493	1.7e+03	-3.24
cacccg	cacccg|cgggtg	0.0001443122637	0.0001884204379	433	565.34	1.00000	2.1e+03	-3.32
caccga	caccga|tcggtg	0.0001613097821	0.0001990382632	484	597.20	1.00000	2.1e+03	-3.32
caccgc	caccgc|gcggtg	0.0002019705123	0.0001876367260	606	562.99	0.03781	7.9e+01	-1.90
caccgg	caccgg|ccggtg	0.0001159830665	0.0001333979849	348	400.25	0.99643	2.1e+03	-3.32
caccta	caccta|taggtg	0.0002636281770	0.0003157442828	791	947.37	1.00000	2.1e+03	-3.32
cacctc	cacctc|gaggtg	0.0002552960601	0.0002605230738	766	781.68	0.71733	1.5e+03	-3.17
cacctg	cacctg|caggtg	0.0002216343081	0.0002187667623	665	656.40	0.37366	7.8e+02	-2.89
cacgaa	cacgaa|ttcgtg	0.0003746119733	0.0003745661588	1124	1123.86	0.50233	1.0e+03	-3.02
cacgac	cacgac|gtcgtg	0.0001553106580	0.0001590343479	466	477.17	0.70158	1.5e+03	-3.16
cacgag	cacgag|ctcgtg	0.0001463119718	0.0001660063753	439	498.09	0.99672	2.1e+03	-3.32
cacgca	cacgca|tgcgtg	0.0002243005854	0.0002455483614	673	736.75	0.99173	2.1e+03	-3.31
cacgcc	cacgcc|ggcgtg	0.0001326473002	0.0001298074755	398	389.48	0.33963	7.1e+02	-2.85
cacgcg	cacgcg|cgcgtg	0.0001179827745	0.0001401723310	354	420.58	0.99960	2.1e+03	-3.32
cacgga	cacgga|tccgtg	0.0002103026291	0.0001969406039	631	590.91	0.05283	1.1e+02	-2.04
cacggc	cacggc|gccgtg	0.0001459786871	0.0001377744139	438	413.38	0.11839	2.5e+02	-2.39
cacggg	cacggg|cccgtg	0.0001059845263	0.0001080113001	318	324.08	0.63966	1.3e+03	-3.12
cacgta	cacgta|tacgtg	0.0002869581041	0.0003755961551	861	1126.95	1.00000	2.1e+03	-3.32
cacgtc	cacgtc|gacgtg	0.0001776407311	0.0001789995501	533	537.08	0.57558	1.2e+03	-3.08
cacgtg	cacgtg|cacgtg	0.0001533109499	0.0001122172844	460	336.70	1.1e-10	2.3e-07	6.64
cactaa	cactaa|ttagtg	0.0005552522665	0.0005496317334	1666	1649.14	0.34219	7.1e+02	-2.85
cactac	cactac|gtagtg	0.0003562813163	0.0003615122049	1069	1084.69	0.68722	1.4e+03	-3.16
cactag	cactag|ctagtg	0.0002626283229	0.0003028609156	788	908.72	0.99998	2.1e+03	-3.32
cactca	cactca|tgagtg	0.0003252858416	0.0003512731126	976	1053.97	0.99272	2.1e+03	-3.31
cactcc	cactcc|ggagtg	0.0002169683226	0.0002133754569	651	640.22	0.34024	7.1e+02	-2.85
cactcg	cactcg|cgagtg	0.0001523110959	0.0001506686145	457	452.07	0.41458	8.6e+02	-2.94
cactga	cactga|tcagtg	0.0003529484695	0.0003653200411	1059	1096.12	0.87245	1.8e+03	-3.26
cactgc	cactgc|gcagtg	0.0002799591260	0.0002927462126	840	878.37	0.90588	1.9e+03	-3.28
cactgg	cactgg|ccagtg	0.0001893056947	0.0002092795017	568	627.93	0.99276	2.1e+03	-3.31
cactta	cactta|taagtg	0.0004852624850	0.0005094623058	1456	1528.61	0.97004	2.0e+03	-3.30
cacttc	cacttc|gaagtg	0.0005085924122	0.0005340853401	1526	1602.49	0.97352	2.0e+03	-3.31
cagaaa	cagaaa|tttctg	0.0010668442407	0.0011675745666	3201	3503.24	1.00000	2.1e+03	-3.32
cagaac	cagaac|gttctg	0.0003882766449	0.0003908663647	1165	1172.77	0.59366	1.2e+03	-3.09
cagaag	cagaag|cttctg	0.0005589183979	0.0005459986498	1677	1638.24	0.17205	3.6e+02	-2.55
cagaca	cagaca|tgtctg	0.0003132875933	0.0003359689335	940	1008.05	0.98535	2.0e+03	-3.31
cagacc	cagacc|ggtctg	0.0001616430668	0.0001482640283	485	444.86	0.03140	6.5e+01	-1.82
cagacg	cagacg|cgtctg	0.0001679754756	0.0001750790148	504	525.31	0.82925	1.7e+03	-3.24
cagaga	cagaga|tctctg	0.0004479346015	0.0004347197016	1344	1304.35	0.13929	2.9e+02	-2.46
cagagc	cagagc|gctctg	0.0002076363518	0.0002180415584	623	654.22	0.89324	1.9e+03	-3.27
cagagg	cagagg|cctctg	0.0002556293448	0.0002494001087	767	748.31	0.25192	5.2e+02	-2.72
cagata	cagata|tatctg	0.0005402544562	0.0005752411751	1621	1725.98	0.99480	2.1e+03	-3.32
cagatc	cagatc|gatctg	0.0002952902210	0.0002749188716	886	824.88	0.01823	3.8e+01	-1.58
cagatg	cagatg|catctg	0.0003219529949	0.0003508849036	966	1052.81	0.99678	2.1e+03	-3.32
cagcaa	cagcaa|ttgctg	0.0005989125588	0.0006306163265	1797	1892.13	0.98659	2.1e+03	-3.31
cagcac	cagcac|gtgctg	0.0002952902210	0.0003014195046	886	904.39	0.73398	1.5e+03	-3.18
cagcag	cagcag|ctgctg	0.0003669464258	0.0003609626771	1101	1083.05	0.29664	6.2e+02	-2.79
cagcca	cagcca|tggctg	0.0002879579581	0.0002835061013	864	850.64	0.32798	6.8e+02	-2.83
cagccc	cagccc|gggctg	0.0001573103660	0.0001542586180	472	462.84	0.34131	7.1e+02	-2.85
cagccg	cagccg|cggctg	0.0001809735779	0.0001612449684	543	483.81	0.00434	9.0e+00	-0.96
cagcga	cagcga|tcgctg	0.0002312995636	0.0002528026729	694	758.52	0.99157	2.1e+03	-3.31
cagcgc	cagcgc|gcgctg	0.0001989709502	0.0001918707466	597	575.70	0.19245	4.0e+02	-2.60
cagcgg	cagcgg|ccgctg	0.0001926385414	0.0001891338516	578	567.48	0.33497	7.0e+02	-2.84
cagcta	cagcta|tagctg	0.0003336179584	0.0003513471945	1001	1054.20	0.95187	2.0e+03	-3.30
cagctc	cagctc|gagctg	0.0002432978119	0.0002410809003	730	723.35	0.40725	8.5e+02	-2.93
cagctg	cagctg|cagctg	0.0001316474461	0.0001502776200	395	450.90	0.99660	2.1e+03	-3.32
caggaa	caggaa|ttcctg	0.0005519194198	0.0005460588808	1656	1638.42	0.33521	7.0e+02	-2.84
caggac	caggac|gtcctg	0.0001839731399	0.0001558235121	552	467.54	7.8e-05	1.6e-01	0.79
caggag	caggag|ctcctg	0.0002029703663	0.0002211923602	609	663.67	0.98485	2.0e+03	-3.31
caggca	caggca|tgcctg	0.0002772928486	0.0002886125144	832	865.96	0.87971	1.8e+03	-3.26
caggcc	caggcc|ggcctg	0.0001546440886	0.0001458948333	464	437.75	0.10991	2.3e+02	-2.36
caggcg	caggcg|cgcctg	0.0001489782492	0.0001503428466	447	451.09	0.58271	1.2e+03	-3.08
caggga	caggga|tccctg	0.0002276334322	0.0002483397448	683	745.13	0.98988	2.1e+03	-3.31
cagggc	cagggc|gccctg	0.0001523110959	0.0001489383794	457	446.88	0.32228	6.7e+02	-2.83
cagggg	cagggg|cccctg	0.0001396462783	0.0001476290311	419	442.95	0.87796	1.8e+03	-3.26
caggta	caggta|tacctg	0.0002859582501	0.0002991761485	858	897.66	0.91072	1.9e+03	-3.28
caggtc	caggtc|gacctg	0.0001469785411	0.0001457072516	441	437.19	0.43396	9.0e+02	-2.96
cagtaa	cagtaa|ttactg	0.0006819004425	0.0006890002121	2046	2067.30	0.68327	1.4e+03	-3.15
cagtac	cagtac|gtactg	0.0003552814622	0.0003298642662	1066	989.74	0.00856	1.8e+01	-1.25
cagtag	cagtag|ctactg	0.0003692794185	0.0003646489978	1108	1094.11	0.34120	7.1e+02	-2.85
cagtca	cagtca|tgactg	0.0003186201481	0.0003443796789	956	1033.29	0.99279	2.1e+03	-3.31
cagtcc	cagtcc|ggactg	0.0001559772273	0.0001531851300	468	459.62	0.35414	7.4e+02	-2.87
cagtcg	cagtcg|cgactg	0.0001576436507	0.0001577749466	473	473.39	0.51334	1.1e+03	-3.03
cagtga	cagtga|tcactg	0.0004079404407	0.0003917707215	1224	1175.48	0.08132	1.7e+02	-2.23
cagtgc	cagtgc|gcactg	0.0002233007314	0.0002230347114	670	669.20	0.49283	1.0e+03	-3.01
cagtgg	cagtgg|ccactg	0.0002482970820	0.0002329749771	745	699.03	0.04380	9.1e+01	-1.96
cagtta	cagtta|taactg	0.0004842626310	0.0005188514318	1453	1556.78	0.99620	2.1e+03	-3.32
cagttc	cagttc|gaactg	0.0003476159147	0.0003630713782	1043	1089.37	0.92302	1.9e+03	-3.28
cataaa	cataaa|tttatg	0.0011058385476	0.0012257932762	3318	3677.92	1.00000	2.1e+03	-3.32
cataac	cataac|gttatg	0.0004939278865	0.0004666127673	1482	1400.04	0.01534	3.2e+01	-1.50
cataag	cataag|cttatg	0.0004735975214	0.0005031837350	1421	1509.77	0.98975	2.1e+03	-3.31
cataca	cataca|tgtatg	0.0006605702234	0.0007128249032	1982	2138.79	0.99971	2.1e+03	-3.32
catacc	catacc|ggtatg	0.0003079550386	0.0003372732837	924	1011.97	0.99759	2.1e+03	-3.32
catacg	catacg|cgtatg	0.0002669610237	0.0003368992283	801	1010.85	1.00000	2.1e+03	-3.32
cataga	cataga|tctatg	0.0004669318280	0.0005276262450	1401	1583.11	1.00000	2.1e+03	-3.32
catagc	catagc|gctatg	0.0003146207320	0.0003149396966	944	944.96	0.51675	1.1e+03	-3.03
catagg	catagg|cctatg	0.0002149686146	0.0002599851841	645	780.07	1.00000	2.1e+03	-3.32
catata	catata|tatatg	0.0014667858493	0.0017339004806	4401	5202.46	1.00000	2.1e+03	-3.32
catatc	catatc|gatatg	0.0005242567918	0.0005445146767	1573	1633.78	0.93600	1.9e+03	-3.29
catatg	catatg|catatg	0.0002869581041	0.0002665380998	861	799.73	0.01664	3.5e+01	-1.54
catcaa	catcaa|ttgatg	0.0007202281800	0.0008341800413	2161	2502.91	1.00000	2.1e+03	-3.32
catcac	catcac|gtgatg	0.0004346032146	0.0004292763030	1304	1288.02	0.33168	6.9e+02	-2.84
catcag	catcag|ctgatg	0.0003129543087	0.0003542726367	939	1062.97	0.99995	2.1e+03	-3.32
catcca	catcca|tggatg	0.0003436164987	0.0003503297117	1031	1051.14	0.73688	1.5e+03	-3.19
catccc	catccc|gggatg	0.0002033036510	0.0002187532474	610	656.36	0.96748	2.0e+03	-3.30
catccg	catccg|cggatg	0.0001979710962	0.0001905793632	594	571.82	0.18196	3.8e+02	-2.58
catcga	catcga|tcgatg	0.0003696127032	0.0003979214185	1109	1193.94	0.99377	2.1e+03	-3.32
catcgc	catcgc|gcgatg	0.0003976086158	0.0003256548114	1193	977.11	1.3e-11	2.8e-08	7.56
catcgg	catcgg|ccgatg	0.0001899722640	0.0002244451551	570	673.43	0.99998	2.1e+03	-3.32
catcta	catcta|tagatg	0.0005545856972	0.0005910187318	1664	1773.32	0.99576	2.1e+03	-3.32
catctc	catctc|gagatg	0.0004865956237	0.0004839559542	1460	1452.08	0.42114	8.8e+02	-2.94
catgaa	catgaa|ttcatg	0.0005809151864	0.0005524103280	1743	1657.47	0.01896	3.9e+01	-1.60
catgac	catgac|gtcatg	0.0002476305126	0.0002483844989	743	745.26	0.53790	1.1e+03	-3.05
catgag	catgag|ctcatg	0.0002572957682	0.0002902155709	772	870.77	0.99969	2.1e+03	-3.32
catgca	catgca|tgcatg	0.0003726122653	0.0003433095797	1118	1030.08	0.00355	7.4e+00	-0.87
catgcc	catgcc|ggcatg	0.0001963046729	0.0001975494715	589	592.73	0.56644	1.2e+03	-3.07
catgcg	catgcg|cgcatg	0.0001693086143	0.0001742325410	508	522.77	0.74667	1.6e+03	-3.19
catgga	catgga|tccatg	0.0002639614616	0.0002808055942	792	842.54	0.96172	2.0e+03	-3.30
catggc	catggc|gccatg	0.0001926385414	0.0001800663324	578	540.28	0.05584	1.2e+02	-2.06
catggg	catggg|cccatg	0.0001406461323	0.0001437675700	422	431.37	0.68040	1.4e+03	-3.15
catgta	catgta|tacatg	0.0004496010249	0.0005360412890	1349	1608.36	1.00000	2.1e+03	-3.32
catgtc	catgtc|gacatg	0.0002356322644	0.0002212321990	707	663.79	0.04979	1.0e+02	-2.02
cattaa	cattaa|ttaatg	0.0008268792756	0.0008744188212	2481	2623.64	0.99759	2.1e+03	-3.32
cattac	cattac|gtaatg	0.0005845813178	0.0005738836922	1754	1721.90	0.22262	4.6e+02	-2.67
cattag	cattag|ctaatg	0.0004076071560	0.0004615537447	1223	1384.86	1.00000	2.1e+03	-3.32
cattca	cattca|tgaatg	0.0006379068656	0.0006799222956	1914	2040.06	0.99767	2.1e+03	-3.32
cattcc	cattcc|ggaatg	0.0004092735794	0.0004502169630	1228	1350.85	0.99967	2.1e+03	-3.32
cattcg	cattcg|cgaatg	0.0002882912428	0.0002955706609	865	886.84	0.77274	1.6e+03	-3.21
cattga	cattga|tcaatg	0.0006422395664	0.0006725686423	1927	2018.00	0.97979	2.0e+03	-3.31
cattgc	cattgc|gcaatg	0.0004252712437	0.0004460108954	1276	1338.23	0.95766	2.0e+03	-3.30
cattgg	cattgg|ccaatg	0.0003249525569	0.0003520723174	975	1056.37	0.99458	2.1e+03	-3.32
cattta	cattta|taaatg	0.0009365299333	0.0010923188871	2810	3277.44	1.00000	2.1e+03	-3.32
catttc	catttc|gaaatg	0.0008638738744	0.0009076491410	2592	2723.34	0.99454	2.1e+03	-3.32
ccaaaa	ccaaaa|ttttgg	0.0010298496420	0.0010356953271	3090	3107.54	0.62593	1.3e+03	-3.11
ccaaac	ccaaac|gtttgg	0.0003979419005	0.0003942703802	1194	1182.98	0.37821	7.9e+02	-2.90
ccaaag	ccaaag|ctttgg	0.0004152727035	0.0004363681361	1246	1309.30	0.96192	2.0e+03	-3.30
ccaaca	ccaaca|tgttgg	0.0005422541642	0.0005165314024	1627	1549.82	0.02639	5.5e+01	-1.74
ccaacc	ccaacc|ggttgg	0.0002096360598	0.0002186415433	629	656.02	0.85897	1.8e+03	-3.25
ccaacg	ccaacg|cgttgg	0.0002083029211	0.0002126024026	625	637.90	0.70051	1.5e+03	-3.16
ccaaga	ccaaga|tcttgg	0.0005185909524	0.0005153996201	1556	1546.42	0.40716	8.5e+02	-2.93
ccaagc	ccaagc|gcttgg	0.0002396316804	0.0002495015736	719	748.61	0.86480	1.8e+03	-3.25
ccaagg	ccaagg|ccttgg	0.0002502967900	0.0002673886349	751	802.28	0.96731	2.0e+03	-3.30
ccaata	ccaata|tattgg	0.0005572519745	0.0005981548547	1672	1794.73	0.99836	2.1e+03	-3.32
ccaatc	ccaatc|gattgg	0.0002952902210	0.0002797096973	886	839.25	0.05614	1.2e+02	-2.07
ccacaa	ccacaa|ttgtgg	0.0003772782507	0.0004103362596	1132	1231.19	0.99799	2.1e+03	-3.32
ccacac	ccacac|gtgtgg	0.0002672943084	0.0002835666922	802	850.82	0.95564	2.0e+03	-3.30
ccacag	ccacag|ctgtgg	0.0002339658410	0.0002362248576	702	708.78	0.60550	1.3e+03	-3.10
ccacca	ccacca|tggtgg	0.0002829586880	0.0002982284265	849	894.82	0.94022	2.0e+03	-3.29
ccaccc	ccaccc|gggtgg	0.0001713083223	0.0001892471996	514	567.82	0.98958	2.1e+03	-3.31
ccaccg	ccaccg|cggtgg	0.0001619763515	0.0001583441164	486	475.10	0.31455	6.5e+02	-2.82
ccacga	ccacga|tcgtgg	0.0001926385414	0.0001991141078	578	597.43	0.79195	1.6e+03	-3.22
ccacgc	ccacgc|gcgtgg	0.0001433124097	0.0001475380229	430	442.68	0.73290	1.5e+03	-3.18
ccacgg	ccacgg|ccgtgg	0.0001443122637	0.0001302538122	433	390.82	0.01872	3.9e+01	-1.59
ccacta	ccacta|tagtgg	0.0003849437982	0.0003658445951	1155	1097.69	0.04406	9.2e+01	-1.96
ccactc	ccactc|gagtgg	0.0002239673008	0.0002222801609	672	666.94	0.42743	8.9e+02	-2.95
ccagaa	ccagaa|ttctgg	0.0004419354774	0.0004519424840	1326	1356.03	0.79609	1.7e+03	-3.22
ccagac	ccagac|gtctgg	0.0001476451105	0.0001501571548	443	450.54	0.64503	1.3e+03	-3.13
ccagag	ccagag|ctctgg	0.0001976378115	0.0001979087142	593	593.81	0.51877	1.1e+03	-3.03
ccagca	ccagca|tgctgg	0.0002739600018	0.0002870907248	822	861.40	0.91381	1.9e+03	-3.28
ccagcc	ccagcc|ggctgg	0.0001536442346	0.0001402070982	461	420.68	0.02743	5.7e+01	-1.76
ccagcg	ccagcg|cgctgg	0.0001459786871	0.0001413016110	438	423.97	0.25402	5.3e+02	-2.72
ccagga	ccagga|tcctgg	0.0002159684686	0.0002064931186	648	619.57	0.13123	2.7e+02	-2.44
ccaggc	ccaggc|gcctgg	0.0001343137235	0.0001355534696	403	406.72	0.57978	1.2e+03	-3.08
ccaggg	ccaggg|ccctgg	0.0001263148914	0.0001243703083	379	373.17	0.38816	8.1e+02	-2.91
ccagta	ccagta|tactgg	0.0003309516811	0.0003445107065	993	1033.68	0.90053	1.9e+03	-3.27
ccagtc	ccagtc|gactgg	0.0001576436507	0.0001567512314	473	470.32	0.45699	9.5e+02	-2.98
ccataa	ccataa|ttatgg	0.0004965941639	0.0005226241473	1490	1568.10	0.97715	2.0e+03	-3.31
ccatac	ccatac|gtatgg	0.0003126210240	0.0003209341760	938	962.94	0.79341	1.7e+03	-3.22
ccatag	ccatag|ctatgg	0.0002662944543	0.0002559703649	799	768.02	0.13595	2.8e+02	-2.45
ccatca	ccatca|tgatgg	0.0003809443821	0.0004154716166	1143	1246.60	0.99859	2.1e+03	-3.32
ccatcc	ccatcc|ggatgg	0.0002203011694	0.0002102229531	661	630.76	0.11866	2.5e+02	-2.39
ccatcg	ccatcg|cgatgg	0.0002119690525	0.0002440954965	636	732.39	0.99987	2.1e+03	-3.32
ccatga	ccatga|tcatgg	0.0002359655490	0.0002649274901	708	794.90	0.99919	2.1e+03	-3.32
ccatgc	ccatgc|gcatgg	0.0001899722640	0.0001750413774	570	525.20	0.02780	5.8e+01	-1.76
ccatgg	ccatgg|ccatgg	0.0000829878838	0.0000718281196	249	215.52	0.01376	2.9e+01	-1.46
ccatta	ccatta|taatgg	0.0005109254049	0.0005911686616	1533	1773.76	1.00000	2.1e+03	-3.32
ccattc	ccattc|gaatgg	0.0003932759150	0.0004151679959	1180	1245.69	0.97048	2.0e+03	-3.31
cccaaa	cccaaa|tttggg	0.0004526005870	0.0004384254928	1358	1315.47	0.12351	2.6e+02	-2.41
cccaac	cccaac|gttggg	0.0002456308046	0.0002358499511	737	707.65	0.13929	2.9e+02	-2.46
cccaag	cccaag|cttggg	0.0001923052568	0.0002398335072	577	719.61	1.00000	2.1e+03	-3.32
cccaca	cccaca|tgtggg	0.0002602953302	0.0002664176998	781	799.37	0.74673	1.6e+03	-3.19
cccacc	cccacc|ggtggg	0.0001656424829	0.0001810155103	497	543.13	0.97848	2.0e+03	-3.31
cccacg	cccacg|cgtggg	0.0001383131396	0.0001426906147	415	428.13	0.74358	1.5e+03	-3.19
cccaga	cccaga|tctggg	0.0002109691985	0.0002084912986	633	625.57	0.38842	8.1e+02	-2.91
cccagc	cccagc|gctggg	0.0001476451105	0.0001526135940	443	457.91	0.76311	1.6e+03	-3.20
cccagg	cccagg|cctggg	0.0001123169351	0.0001206652937	337	362.05	0.91153	1.9e+03	-3.28
cccata	cccata|tatggg	0.0002972899290	0.0003120701577	892	936.35	0.92953	1.9e+03	-3.29
cccatc	cccatc|gatggg	0.0002106359138	0.0002283325114	632	685.10	0.98073	2.0e+03	-3.31
ccccaa	ccccaa|ttgggg	0.0001949715342	0.0002365824645	585	709.85	1.00000	2.1e+03	-3.32
ccccac	ccccac|gtgggg	0.0001819734319	0.0001658915209	546	497.75	0.01721	3.6e+01	-1.55
ccccag	ccccag|ctgggg	0.0001263148914	0.0001323520221	379	397.11	0.82463	1.7e+03	-3.23
ccccca	ccccca|tggggg	0.0001383131396	0.0001584045937	415	475.28	0.99777	2.1e+03	-3.32
cccccc	cccccc|gggggg	0.0001583102200	0.0001220448204	475	366.19	3e-08	6.2e-05	4.21
cccccg	cccccg|cggggg	0.0000703230662	0.0000907585039	211	272.32	0.99995	2.1e+03	-3.32
ccccga	ccccga|tcgggg	0.0000936529933	0.0000963613970	281	289.13	0.69148	1.4e+03	-3.16
ccccgc	ccccgc|gcgggg	0.0001379798549	0.0001175260449	414	352.63	0.00078	1.6e+00	-0.21
ccccgg	ccccgg|ccgggg	0.0000899868619	0.0000977308742	270	293.24	0.91859	1.9e+03	-3.28
ccccta	ccccta|tagggg	0.0001809735779	0.0001985110224	543	595.62	0.98622	2.1e+03	-3.31
cccctc	cccctc|gagggg	0.0002099693445	0.0002012528874	630	603.85	0.14835	3.1e+02	-2.49
cccgaa	cccgaa|ttcggg	0.0002133021912	0.0001947649609	640	584.38	0.01214	2.5e+01	-1.40
cccgac	cccgac|gtcggg	0.0000873205845	0.0000818542481	262	245.60	0.15516	3.2e+02	-2.51
cccgag	cccgag|ctcggg	0.0000829878838	0.0000969009849	249	290.75	0.99432	2.1e+03	-3.32
cccgca	cccgca|tgcggg	0.0001613097821	0.0001812989998	484	543.98	0.99581	2.1e+03	-3.32
cccgcc	cccgcc|ggcggg	0.0001546440886	0.0001504306801	464	451.36	0.28202	5.9e+02	-2.77
cccgcg	cccgcg|cgcggg	0.0001163163511	0.0001129976047	349	339.04	0.30142	6.3e+02	-2.80
cccgga	cccgga|tccggg	0.0001843064246	0.0001579052774	553	473.78	0.00021	4.3e-01	0.36
cccggc	cccggc|gccggg	0.0001463119718	0.0001216799491	439	365.09	9.5e-05	2.0e-01	0.70
cccggg	cccggg|cccggg	0.0000403274455	0.0000606851654	121	182.08	1.00000	2.1e+03	-3.32
cccgta	cccgta|tacggg	0.0001683087603	0.0001780773604	505	534.31	0.90230	1.9e+03	-3.27
cccgtc	cccgtc|gacggg	0.0001256483220	0.0001111627124	377	333.54	0.01035	2.2e+01	-1.33
ccctaa	ccctaa|ttaggg	0.0002926239436	0.0003073571150	878	922.21	0.93043	1.9e+03	-3.29
ccctac	ccctac|gtaggg	0.0001983043809	0.0001979163576	595	593.84	0.48640	1.0e+03	-3.01
ccctag	ccctag|ctaggg	0.0001449788331	0.0001397677142	435	419.36	0.22878	4.8e+02	-2.68
ccctca	ccctca|tgaggg	0.0002406315345	0.0002747324140	722	824.32	0.99987	2.1e+03	-3.32
ccctcc	ccctcc|ggaggg	0.0002149686146	0.0001863127865	645	559.02	0.00020	4.2e-01	0.37
ccctcg	ccctcg|cgaggg	0.0001309808768	0.0001732695185	393	519.88	1.00000	2.1e+03	-3.32
ccctga	ccctga|tcaggg	0.0002123023372	0.0001934291322	637	580.37	0.01070	2.2e+01	-1.35
ccctgc	ccctgc|gcaggg	0.0001709750376	0.0001866753217	513	560.11	0.97903	2.0e+03	-3.31
ccctta	ccctta|taaggg	0.0004019413166	0.0003838708634	1206	1151.78	0.05752	1.2e+02	-2.08
cccttc	cccttc|gaaggg	0.0004059407327	0.0004301132222	1218	1290.53	0.97973	2.0e+03	-3.31
ccgaaa	ccgaaa|tttcgg	0.0004386026307	0.0004404593343	1316	1321.57	0.56457	1.2e+03	-3.07
ccgaac	ccgaac|gttcgg	0.0001619763515	0.0001627584596	486	488.35	0.54831	1.1e+03	-3.06
ccgaag	ccgaag|cttcgg	0.0002299664249	0.0002348273539	690	704.58	0.71366	1.5e+03	-3.17
ccgaca	ccgaca|tgtcgg	0.0001373132856	0.0001568114644	412	470.50	0.99722	2.1e+03	-3.32
ccgacc	ccgacc|ggtcgg	0.0000819880297	0.0000705079285	246	211.55	0.01111	2.3e+01	-1.36
ccgacg	ccgacg|cgtcgg	0.0000949861320	0.0000959182534	285	287.80	0.57333	1.2e+03	-3.08
ccgaga	ccgaga|tctcgg	0.0002066364977	0.0001850075037	620	555.10	0.00357	7.4e+00	-0.87
ccgagc	ccgagc|gctcgg	0.0001139833584	0.0001031154221	342	309.39	0.03557	7.4e+01	-1.87
ccgagg	ccgagg|cctcgg	0.0001093173730	0.0001320563410	328	396.23	0.99981	2.1e+03	-3.32
ccgata	ccgata|tatcgg	0.0002263002935	0.0002431170041	679	729.46	0.97150	2.0e+03	-3.31
ccgatc	ccgatc|gatcgg	0.0001283145994	0.0001190237373	385	357.12	0.07500	1.6e+02	-2.19
ccgcaa	ccgcaa|ttgcgg	0.0002356322644	0.0002879937816	707	864.11	1.00000	2.1e+03	-3.32
ccgcac	ccgcac|gtgcgg	0.0001993042349	0.0001634816186	598	490.52	1.5e-06	3.0e-03	2.52
ccgcag	ccgcag|ctgcgg	0.0001666423369	0.0001659256960	500	497.85	0.46757	9.7e+02	-2.99
ccgcca	ccgcca|tggcgg	0.0001833065706	0.0002267649076	550	680.39	1.00000	2.1e+03	-3.32
ccgccc	ccgccc|gggcgg	0.0001769741618	0.0001412854963	531	423.92	3.1e-07	6.4e-04	3.20
ccgccg	ccgccg|cggcgg	0.0001646426288	0.0001439830714	494	432.01	0.00187	3.9e+00	-0.59
ccgcga	ccgcga|tcgcgg	0.0001189826285	0.0001411875468	357	423.62	0.99959	2.1e+03	-3.32
ccgcgc	ccgcgc|gcgcgg	0.0001523110959	0.0001360337266	457	408.16	0.00924	1.9e+01	-1.28
ccgcgg	ccgcgg|ccgcgg	0.0000766554750	0.0000546576190	230	164.00	6.7e-07	1.4e-03	2.86
ccgcta	ccgcta|tagcgg	0.0002166350380	0.0002228921812	650	668.77	0.77112	1.6e+03	-3.21
ccgctc	ccgctc|gagcgg	0.0001686420449	0.0001549785688	506	465.00	0.03148	6.5e+01	-1.82
ccggaa	ccggaa|ttccgg	0.0002679608777	0.0002882419234	804	864.85	0.98241	2.0e+03	-3.31
ccggac	ccggac|gtccgg	0.0001063178109	0.0000957732533	319	287.36	0.03477	7.2e+01	-1.86
ccggag	ccggag|ctccgg	0.0001449788331	0.0001302885111	435	390.92	0.01488	3.1e+01	-1.49
ccggca	ccggca|tgccgg	0.0001413127017	0.0001552921477	424	465.94	0.97669	2.0e+03	-3.31
ccggcc	ccggcc|ggccgg	0.0001313141615	0.0000958562280	394	287.61	1.6e-09	3.4e-06	5.47
ccggcg	ccggcg|cgccgg	0.0001033182489	0.0001138134633	310	341.49	0.95996	2.0e+03	-3.30
ccggga	ccggga|tcccgg	0.0001033182489	0.0001425098581	310	427.59	1.00000	2.1e+03	-3.32
ccgggc	ccgggc|gcccgg	0.0001023183948	0.0001075457746	307	322.68	0.81577	1.7e+03	-3.23
ccggta	ccggta|taccgg	0.0001656424829	0.0001528279100	497	458.55	0.03951	8.2e+01	-1.91
ccggtc	ccggtc|gaccgg	0.0000913200006	0.0000785459156	274	235.67	0.00791	1.6e+01	-1.22
ccgtaa	ccgtaa|ttacgg	0.0002902909509	0.0003016599351	871	905.11	0.87545	1.8e+03	-3.26
ccgtac	ccgtac|gtacgg	0.0002129689065	0.0001939881821	639	582.05	0.01043	2.2e+01	-1.34
ccgtag	ccgtag|ctacgg	0.0001646426288	0.0001585664771	494	475.77	0.20737	4.3e+02	-2.63
ccgtca	ccgtca|tgacgg	0.0001753077384	0.0002072848262	526	621.95	0.99996	2.1e+03	-3.32
ccgtcc	ccgtcc|ggacgg	0.0001213156213	0.0001101283368	364	330.43	0.03600	7.5e+01	-1.87
ccgtcg	ccgtcg|cgacgg	0.0001163163511	0.0001043042421	349	312.96	0.02373	4.9e+01	-1.69
ccgtga	ccgtga|tcacgg	0.0001663090522	0.0001819121962	499	545.82	0.97975	2.0e+03	-3.31
ccgtgc	ccgtgc|gcacgg	0.0001663090522	0.0001368163156	499	410.51	1.3e-05	2.7e-02	1.57
ccgtta	ccgtta|taacgg	0.0002779594179	0.0003017655157	834	905.43	0.99220	2.1e+03	-3.31
ccgttc	ccgttc|gaacgg	0.0002399649651	0.0002332189567	720	699.76	0.22688	4.7e+02	-2.67
cctaaa	cctaaa|tttagg	0.0005759159163	0.0005695012272	1728	1708.75	0.32389	6.7e+02	-2.83
cctaac	cctaac|gttagg	0.0002319661329	0.0002618721626	696	785.73	0.99948	2.1e+03	-3.32
cctaag	cctaag|cttagg	0.0002093027751	0.0002429297891	628	728.90	0.99994	2.1e+03	-3.32
cctaca	cctaca|tgtagg	0.0003169537248	0.0003239140045	951	971.88	0.75276	1.6e+03	-3.19
cctacc	cctacc|ggtagg	0.0001829732859	0.0001890557657	549	567.25	0.78368	1.6e+03	-3.21
cctacg	cctacg|cgtagg	0.0001533109499	0.0001412140255	460	423.70	0.04240	8.8e+01	-1.95
cctaga	cctaga|tctagg	0.0002123023372	0.0002020932674	637	606.37	0.11113	2.3e+02	-2.36
cctagc	cctagc|gctagg	0.0001709750376	0.0001513401831	513	454.09	0.00354	7.4e+00	-0.87
cctagg	cctagg|cctagg	0.0000633240880	0.0000555526718	190	166.68	0.04077	8.5e+01	-1.93
cctata	cctata|tatagg	0.0004639322659	0.0004744354887	1392	1423.51	0.80164	1.7e+03	-3.22
cctatc	cctatc|gatagg	0.0002762929946	0.0002996672195	829	899.13	0.99139	2.1e+03	-3.31
cctcaa	cctcaa|ttgagg	0.0004499343096	0.0004466166315	1350	1340.05	0.39644	8.2e+02	-2.92
cctcac	cctcac|gtgagg	0.0002209677387	0.0002380213636	663	714.17	0.97449	2.0e+03	-3.31
cctcag	cctcag|ctgagg	0.0001866394173	0.0002055701552	560	616.80	0.99030	2.1e+03	-3.31
cctcca	cctcca|tggagg	0.0002409648191	0.0002584166230	723	775.36	0.97224	2.0e+03	-3.31
cctccc	cctccc|gggagg	0.0001963046729	0.0001846248048	589	553.96	0.07215	1.5e+02	-2.18
cctccg	cctccg|cggagg	0.0001369800009	0.0001490362311	411	447.17	0.96002	2.0e+03	-3.30
cctcga	cctcga|tcgagg	0.0003706125572	0.0003098042781	1112	929.55	3.4e-09	7.2e-06	5.15
cctcgc	cctcgc|gcgagg	0.0001443122637	0.0001657402866	433	497.29	0.99849	2.1e+03	-3.32
cctcta	cctcta|tagagg	0.0003796112434	0.0003539327389	1139	1061.95	0.00998	2.1e+01	-1.32
cctctc	cctctc|gagagg	0.0003216197102	0.0003423615827	965	1027.23	0.97575	2.0e+03	-3.31
cctgaa	cctgaa|ttcagg	0.0003929426304	0.0003811866120	1179	1143.73	0.15194	3.2e+02	-2.50
cctgac	cctgac|gtcagg	0.0001416459864	0.0001537867807	425	461.43	0.95864	2.0e+03	-3.30
cctgag	cctgag|ctcagg	0.0001656424829	0.0001576787094	497	473.11	0.14128	2.9e+02	-2.47
cctgca	cctgca|tgcagg	0.0002759597099	0.0002922285838	828	876.81	0.95312	2.0e+03	-3.30
cctgcc	cctgcc|ggcagg	0.0001796404392	0.0001745102030	539	523.61	0.25620	5.3e+02	-2.73
cctgcg	cctgcg|cgcagg	0.0001619763515	0.0001495801740	486	448.81	0.04298	8.9e+01	-1.95
cctgga	cctgga|tccagg	0.0001939716801	0.0002025098889	582	607.62	0.85556	1.8e+03	-3.25
cctggc	cctggc|gccagg	0.0001446455484	0.0001493279606	434	448.05	0.75278	1.6e+03	-3.19
cctgta	cctgta|tacagg	0.0003229528489	0.0003361874833	969	1008.71	0.89787	1.9e+03	-3.27
cctgtc	cctgtc|gacagg	0.0002053033590	0.0002065659008	616	619.79	0.56583	1.2e+03	-3.07
ccttaa	ccttaa|ttaagg	0.0005269230692	0.0004970523828	1581	1491.37	0.01100	2.3e+01	-1.36
ccttac	ccttac|gtaagg	0.0003322848197	0.0003474321810	997	1042.45	0.92347	1.9e+03	-3.28
ccttag	ccttag|ctaagg	0.0002496302207	0.0002576866119	749	773.17	0.81224	1.7e+03	-3.23
ccttca	ccttca|tgaagg	0.0004632656965	0.0005205729878	1390	1561.95	1.00000	2.1e+03	-3.32
ccttcc	ccttcc|ggaagg	0.0004552668644	0.0004206731242	1366	1262.20	0.00202	4.2e+00	-0.62
ccttcg	ccttcg|cgaagg	0.0002569624835	0.0002679557091	771	803.98	0.88169	1.8e+03	-3.26
ccttga	ccttga|tcaagg	0.0004019413166	0.0004176129376	1206	1253.02	0.91096	1.9e+03	-3.28
ccttgc	ccttgc|gcaagg	0.0003889432143	0.0003279870723	1167	984.10	7.9e-09	1.6e-05	4.79
ccttta	ccttta|taaagg	0.0008425436553	0.0008010118734	2528	2403.39	0.00596	1.2e+01	-1.09
cctttc	cctttc|gaaagg	0.0007642217570	0.0008075679909	2293	2423.06	0.99626	2.1e+03	-3.32
cgaaaa	cgaaaa|ttttcg	0.0011551646793	0.0011589642448	3466	3477.40	0.57895	1.2e+03	-3.08
cgaaac	cgaaac|gtttcg	0.0003682795645	0.0003630196726	1105	1089.22	0.32022	6.7e+02	-2.82
cgaaag	cgaaag|ctttcg	0.0004436019008	0.0004594766983	1331	1378.63	0.90315	1.9e+03	-3.27
cgaaca	cgaaca|tgttcg	0.0003459494914	0.0003499622642	1038	1050.04	0.64902	1.3e+03	-3.13
cgaacc	cgaacc|ggttcg	0.0001516445266	0.0001526772333	455	458.10	0.56378	1.2e+03	-3.07
cgaacg	cgaacg|cgttcg	0.0001686420449	0.0001689070856	506	506.80	0.52000	1.1e+03	-3.03
cgaaga	cgaaga|tcttcg	0.0004935946019	0.0005025743227	1481	1507.94	0.75952	1.6e+03	-3.20
cgaagc	cgaagc|gcttcg	0.0002546294908	0.0002602373816	764	780.83	0.73120	1.5e+03	-3.18
cgaata	cgaata|tattcg	0.0004985938720	0.0005166404270	1496	1550.15	0.91809	1.9e+03	-3.28
cgaatc	cgaatc|gattcg	0.0001969712422	0.0002133290217	591	640.08	0.97611	2.0e+03	-3.31
cgacaa	cgacaa|ttgtcg	0.0003192867175	0.0003290493764	958	987.29	0.82839	1.7e+03	-3.24
cgacac	cgacac|gtgtcg	0.0001486449645	0.0001530584535	446	459.24	0.73785	1.5e+03	-3.19
cgacag	cgacag|ctgtcg	0.0001879725560	0.0001879831316	564	564.03	0.50613	1.1e+03	-3.02
cgacca	cgacca|tggtcg	0.0001289811687	0.0001343760405	387	403.19	0.79633	1.7e+03	-3.22
cgaccc	cgaccc|gggtcg	0.0000683233581	0.0000829725320	205	248.95	0.99812	2.1e+03	-3.32
cgaccg	cgaccg|cggtcg	0.0000893202926	0.0000667726384	268	200.35	3.1e-06	6.4e-03	2.20
cgacga	cgacga|tcgtcg	0.0001429791250	0.0001672497235	429	501.82	0.99960	2.1e+03	-3.32
cgacgc	cgacgc|gcgtcg	0.0001333138695	0.0001348593883	400	404.64	0.59779	1.2e+03	-3.09
cgacta	cgacta|tagtcg	0.0002106359138	0.0002193066680	632	658.02	0.84951	1.8e+03	-3.25
cgactc	cgactc|gagtcg	0.0001399795630	0.0001317248830	420	395.23	0.11183	2.3e+02	-2.37
cgagaa	cgagaa|ttctcg	0.0005125918283	0.0005056655551	1538	1517.22	0.30016	6.2e+02	-2.80
cgagac	cgagac|gtctcg	0.0001459786871	0.0001439649964	438	431.96	0.39200	8.2e+02	-2.91
cgagag	cgagag|ctctcg	0.0002186347460	0.0002215160484	656	664.65	0.63650	1.3e+03	-3.12
cgagca	cgagca|tgctcg	0.0002233007314	0.0002321304337	670	696.49	0.84691	1.8e+03	-3.25
cgagcc	cgagcc|ggctcg	0.0001413127017	0.0001159007409	424	347.75	4.2e-05	8.6e-02	1.06
cgagcg	cgagcg|cgctcg	0.0001183160592	0.0001055935794	355	316.83	0.01850	3.8e+01	-1.59
cgagga	cgagga|tcctcg	0.0003612805864	0.0003114383936	1084	934.45	9.7e-07	2.0e-03	2.70
cgaggc	cgaggc|gcctcg	0.0001526443806	0.0001516665678	458	455.07	0.45153	9.4e+02	-2.97
cgagta	cgagta|tactcg	0.0002289665709	0.0002279092864	687	683.83	0.45680	9.5e+02	-2.98
cgagtc	cgagtc|gactcg	0.0001043181029	0.0001061942911	313	318.63	0.63124	1.3e+03	-3.12
cgataa	cgataa|ttatcg	0.0004845959157	0.0005123337405	1454	1537.23	0.98428	2.0e+03	-3.31
cgatac	cgatac|gtatcg	0.0002153018993	0.0002230422839	646	669.22	0.82022	1.7e+03	-3.23
cgatag	cgatag|ctatcg	0.0002896243815	0.0002522368346	869	756.82	3.6e-05	7.4e-02	1.13
cgatca	cgatca|tgatcg	0.0002196346000	0.0002453860666	659	736.27	0.99821	2.1e+03	-3.32
cgatcc	cgatcc|ggatcg	0.0001329805848	0.0001231746021	399	369.58	0.06757	1.4e+02	-2.15
cgatcg	cgatcg|cgatcg	0.0000599912413	0.0000568786282	180	170.66	0.24712	5.1e+02	-2.71
cgatga	cgatga|tcatcg	0.0005465868650	0.0004818338874	1640	1445.71	3e-07	6.1e-04	3.21
cgatgc	cgatgc|gcatcg	0.0002542962061	0.0002079293675	763	623.88	4e-08	8.3e-05	4.08
cgatta	cgatta|taatcg	0.0004012747472	0.0003551493403	1204	1065.60	1.7e-05	3.6e-02	1.45
cgattc	cgattc|gaatcg	0.0002369654031	0.0002543057889	711	763.03	0.97246	2.0e+03	-3.31
cgcaaa	cgcaaa|tttgcg	0.0004769303682	0.0005196918200	1431	1559.30	0.99952	2.1e+03	-3.32
cgcaac	cgcaac|gttgcg	0.0002106359138	0.0002407436643	632	722.34	0.99972	2.1e+03	-3.32
cgcaag	cgcaag|cttgcg	0.0003056220458	0.0002921259368	917	876.51	0.08906	1.9e+02	-2.27
cgcaca	cgcaca|tgtgcg	0.0002702938704	0.0002735287835	811	820.71	0.63729	1.3e+03	-3.12
cgcacc	cgcacc|ggtgcg	0.0001523110959	0.0001598022438	457	479.48	0.85320	1.8e+03	-3.25
cgcacg	cgcacg|cgtgcg	0.0001426458404	0.0001396898333	428	419.13	0.33885	7.0e+02	-2.85
cgcaga	cgcaga|tctgcg	0.0002499635053	0.0002527037117	750	758.22	0.62223	1.3e+03	-3.11
cgcagc	cgcagc|gctgcg	0.0001719748917	0.0001898798142	516	569.72	0.98934	2.1e+03	-3.31
cgcata	cgcata|tatgcg	0.0003319515351	0.0003679822663	996	1104.11	0.99955	2.1e+03	-3.32
cgcatc	cgcatc|gatgcg	0.0002209677387	0.0002304749641	663	691.53	0.86550	1.8e+03	-3.26
cgccaa	cgccaa|ttggcg	0.0003209531408	0.0002976314793	963	893.02	0.01068	2.2e+01	-1.35
cgccac	cgccac|gtggcg	0.0001646426288	0.0001800598997	494	540.26	0.97906	2.0e+03	-3.31
cgccag	cgccag|ctggcg	0.0001589767894	0.0001569353239	477	470.87	0.39496	8.2e+02	-2.91
cgccca	cgccca|tgggcg	0.0001656424829	0.0001680289633	497	504.16	0.63105	1.3e+03	-3.12
cgcccc	cgcccc|ggggcg	0.0001293144534	0.0001067899063	388	320.42	0.00014	2.9e-01	0.54
cgcccg	cgcccg|cgggcg	0.0001013185408	0.0000990834182	304	297.29	0.35630	7.4e+02	-2.87
cgccga	cgccga|tcggcg	0.0001789738698	0.0001461797209	537	438.60	3e-06	6.3e-03	2.20
cgccgc	cgccgc|gcggcg	0.0001589767894	0.0001564455568	477	469.41	0.36906	7.7e+02	-2.89
cgccta	cgccta|taggcg	0.0001686420449	0.0001646976282	506	494.17	0.30311	6.3e+02	-2.80
cgcctc	cgcctc|gaggcg	0.0001786405851	0.0001665103379	536	499.60	0.05538	1.2e+02	-2.06
cgcgaa	cgcgaa|ttcgcg	0.0002699605858	0.0002401897844	810	720.67	0.00058	1.2e+00	-0.08
cgcgac	cgcgac|gtcgcg	0.0001033182489	0.0001132031556	310	339.66	0.95078	2.0e+03	-3.30
cgcgag	cgcgag|ctcgcg	0.0001146499278	0.0001200948922	344	360.34	0.81198	1.7e+03	-3.23
cgcgca	cgcgca|tgcgcg	0.0001733080304	0.0001969284469	520	590.87	0.99861	2.1e+03	-3.32
cgcgcc	cgcgcc|ggcgcg	0.0001556439427	0.0001414330784	467	424.36	0.02163	4.5e+01	-1.65
cgcgcg	cgcgcg|cgcgcg	0.0000803216064	0.0000717361391	241	215.24	0.04449	9.3e+01	-1.97
cgcgga	cgcgga|tccgcg	0.0001746411691	0.0001501075062	524	450.39	0.00038	7.9e-01	0.10
cgcggc	cgcggc|gccgcg	0.0001299810228	0.0001411696204	390	423.57	0.95257	2.0e+03	-3.30
cgcgta	cgcgta|tacgcg	0.0001783073005	0.0002077357177	535	623.30	0.99986	2.1e+03	-3.32
cgcgtc	cgcgtc|gacgcg	0.0001769741618	0.0001435840646	531	430.82	1.7e-06	3.6e-03	2.44
cgctaa	cgctaa|ttagcg	0.0003112878853	0.0002998155625	934	899.58	0.12930	2.7e+02	-2.43
cgctac	cgctac|gtagcg	0.0001976378115	0.0001989763258	593	597.02	0.57074	1.2e+03	-3.07
cgctag	cgctag|ctagcg	0.0001606432128	0.0001752711216	482	525.89	0.97481	2.0e+03	-3.31
cgctca	cgctca|tgagcg	0.0001889724100	0.0002150961890	567	645.38	0.99923	2.1e+03	-3.32
cgctcc	cgctcc|ggagcg	0.0001273147454	0.0001271569752	382	381.53	0.49714	1.0e+03	-3.01
cgctga	cgctga|tcagcg	0.0002246338701	0.0002412524762	674	723.86	0.97050	2.0e+03	-3.31
cgctgc	cgctgc|gcagcg	0.0002206344540	0.0002048928738	662	614.77	0.03085	6.4e+01	-1.81
cgctta	cgctta|taagcg	0.0002919573742	0.0003049775230	876	915.07	0.90528	1.9e+03	-3.27
cgcttc	cgcttc|gaagcg	0.0003262856956	0.0003178328582	979	953.64	0.20979	4.4e+02	-2.64
cggaaa	cggaaa|tttccg	0.0006439059897	0.0006168815653	1932	1850.91	0.03115	6.5e+01	-1.81
cggaac	cggaac|gttccg	0.0002069697824	0.0001898886682	621	569.75	0.01774	3.7e+01	-1.57
cggaag	cggaag|cttccg	0.0002732934325	0.0003297904275	820	989.52	1.00000	2.1e+03	-3.32
cggaca	cggaca|tgtccg	0.0001443122637	0.0001796898228	433	539.15	1.00000	2.1e+03	-3.32
cggacc	cggacc|ggtccg	0.0001136500738	0.0000889350895	341	266.84	7.4e-06	1.5e-02	1.81
cggacg	cggacg|cgtccg	0.0001019851102	0.0000888213618	306	266.50	0.00954	2.0e+01	-1.30
cggaga	cggaga|tctccg	0.0002322994176	0.0002498223151	697	749.58	0.97478	2.0e+03	-3.31
cggagc	cggagc|gctccg	0.0001219821906	0.0001164696729	366	349.46	0.19476	4.1e+02	-2.61
cggata	cggata|tatccg	0.0002492969360	0.0002650277134	748	795.20	0.95573	2.0e+03	-3.30
cggatc	cggatc|gatccg	0.0001529776653	0.0001306153774	459	391.90	0.00051	1.1e+00	-0.03
cggcaa	cggcaa|ttgccg	0.0002846251114	0.0002896385488	854	869.04	0.69959	1.5e+03	-3.16
cggcac	cggcac|gtgccg	0.0001453121178	0.0001417576783	436	425.34	0.30888	6.4e+02	-2.81
cggcag	cggcag|ctgccg	0.0001666423369	0.0001669436390	500	500.90	0.52206	1.1e+03	-3.04
cggcca	cggcca|tggccg	0.0001429791250	0.0001530186203	429	459.12	0.92475	1.9e+03	-3.28
cggccc	cggccc|gggccg	0.0001033182489	0.0001057874734	310	317.41	0.66873	1.4e+03	-3.14
cggccg	cggccg|cggccg	0.0000599912413	0.0000496120085	180	148.86	0.00724	1.5e+01	-1.18
cggcga	cggcga|tcgccg	0.0001499781032	0.0001571295271	450	471.46	0.84414	1.8e+03	-3.24
cggcgc	cggcgc|gcgccg	0.0001339804389	0.0001418909819	402	425.74	0.88058	1.8e+03	-3.26
cggcta	cggcta|tagccg	0.0002302997096	0.0002131095293	691	639.42	0.02272	4.7e+01	-1.67
cggctc	cggctc|gagccg	0.0001446455484	0.0001569411263	434	470.89	0.95899	2.0e+03	-3.30
cgggaa	cgggaa|ttcccg	0.0002579623375	0.0002721395560	774	816.54	0.93498	1.9e+03	-3.29
cgggac	cgggac|gtcccg	0.0000803216064	0.0000835239535	241	250.61	0.73641	1.5e+03	-3.19
cgggag	cgggag|ctcccg	0.0001149832125	0.0001124165269	345	337.30	0.34466	7.2e+02	-2.86
cgggca	cgggca|tgcccg	0.0001376465703	0.0001486794234	413	446.10	0.94561	2.0e+03	-3.29
cgggcc	cgggcc|ggcccg	0.0001153164971	0.0000933807115	346	280.18	8.1e-05	1.7e-01	0.78
cgggga	cgggga|tccccg	0.0001263148914	0.0001371129358	379	411.40	0.94910	2.0e+03	-3.30
cggggc	cggggc|gccccg	0.0000949861320	0.0000910358318	285	273.15	0.24438	5.1e+02	-2.71
cgggta	cgggta|tacccg	0.0003709458419	0.0002457781382	1113	737.44	4.7e-38	9.8e-35	34.01
cgggtc	cgggtc|gacccg	0.0000789884677	0.0001139962419	237	342.04	1.00000	2.1e+03	-3.32
cggtaa	cggtaa|ttaccg	0.0003062886152	0.0003330001779	919	999.15	0.99509	2.1e+03	-3.32
cggtac	cggtac|gtaccg	0.0001443122637	0.0001434967872	433	430.55	0.45946	9.6e+02	-2.98
cggtag	cggtag|ctaccg	0.0002079696364	0.0001641997588	624	492.67	7.3e-09	1.5e-05	4.82
cggtca	cggtca|tgaccg	0.0001436456944	0.0001551442377	431	465.50	0.94903	2.0e+03	-3.30
cggtcc	cggtcc|ggaccg	0.0000819880297	0.0000972997620	246	291.94	0.99733	2.1e+03	-3.32
cggtga	cggtga|tcaccg	0.0001996375196	0.0002356453924	599	707.04	0.99999	2.1e+03	-3.32
cggtgc	cggtgc|gcaccg	0.0001413127017	0.0001518911509	424	455.74	0.93584	1.9e+03	-3.29
cggtta	cggtta|taaccg	0.0002336325563	0.0002501659618	701	750.61	0.96740	2.0e+03	-3.30
cggttc	cggttc|gaaccg	0.0001786405851	0.0001773180085	536	532.03	0.43745	9.1e+02	-2.96
cgtaaa	cgtaaa|tttacg	0.0006079112450	0.0005804507817	1824	1741.61	0.02548	5.3e+01	-1.72
cgtaac	cgtaac|gttacg	0.0002556293448	0.0002674424924	767	802.44	0.89845	1.9e+03	-3.27
cgtaag	cgtaag|cttacg	0.0002599620455	0.0002542037812	780	762.72	0.27048	5.6e+02	-2.75
cgtaca	cgtaca|tgtacg	0.0003449496374	0.0003379860142	1035	1014.11	0.25992	5.4e+02	-2.73
cgtacc	cgtacc|ggtacg	0.0001656424829	0.0001687405903	497	506.30	0.66617	1.4e+03	-3.14
cgtacg	cgtacg|cgtacg	0.0000926531393	0.0000907438178	278	272.27	0.37223	7.7e+02	-2.89
cgtaga	cgtaga|tctacg	0.0002486303666	0.0002512330658	746	753.81	0.61683	1.3e+03	-3.11
cgtagc	cgtagc|gctacg	0.0001666423369	0.0001670811955	500	501.32	0.52940	1.1e+03	-3.04
cgtata	cgtata|tatacg	0.0006912324134	0.0006376815617	2074	1913.32	0.00015	3.1e-01	0.51
cgtatc	cgtatc|gatacg	0.0002516299287	0.0002446040660	755	733.92	0.22291	4.6e+02	-2.67
cgtcaa	cgtcaa|ttgacg	0.0003319515351	0.0003191286822	996	957.53	0.11033	2.3e+02	-2.36
cgtcac	cgtcac|gtgacg	0.0002086362058	0.0002124557880	626	637.46	0.68034	1.4e+03	-3.15
cgtcag	cgtcag|ctgacg	0.0001746411691	0.0001593100553	524	478.00	0.01984	4.1e+01	-1.62
cgtcca	cgtcca|tggacg	0.0001489782492	0.0001576073623	447	472.89	0.88830	1.8e+03	-3.27
cgtccc	cgtccc|gggacg	0.0001076509496	0.0001054221055	323	316.31	0.36087	7.5e+02	-2.88
cgtcga	cgtcga|tcgacg	0.0001426458404	0.0001396140478	428	418.90	0.33478	7.0e+02	-2.84
cgtcgc	cgtcgc|gcgacg	0.0001353135776	0.0001254442638	406	376.39	0.06806	1.4e+02	-2.15
cgtcta	cgtcta|tagacg	0.0002382985417	0.0002086100480	715	625.92	0.00026	5.4e-01	0.26
cgtctc	cgtctc|gagacg	0.0001819734319	0.0001927002744	546	578.19	0.91396	1.9e+03	-3.28
cgtgaa	cgtgaa|ttcacg	0.0003429499293	0.0003498179435	1029	1049.61	0.74172	1.5e+03	-3.19
cgtgac	cgtgac|gtcacg	0.0001709750376	0.0001697198833	513	509.23	0.43961	9.1e+02	-2.96
cgtgag	cgtgag|ctcacg	0.0001623096361	0.0001585030658	487	475.58	0.30623	6.4e+02	-2.80
cgtgca	cgtgca|tgcacg	0.0002336325563	0.0002318383084	701	695.62	0.42415	8.8e+02	-2.95
cgtgcc	cgtgcc|ggcacg	0.0001359801469	0.0001389166760	408	416.81	0.67350	1.4e+03	-3.15
cgtgga	cgtgga|tccacg	0.0002109691985	0.0001924853257	633	577.54	0.01194	2.5e+01	-1.40
cgtggc	cgtggc|gccacg	0.0001403128477	0.0001498980878	421	449.76	0.91731	1.9e+03	-3.28
cgtgta	cgtgta|tacacg	0.0002669610237	0.0002745937937	801	823.90	0.79203	1.6e+03	-3.22
cgtgtc	cgtgtc|gacacg	0.0001363134316	0.0001438348443	409	431.57	0.86704	1.8e+03	-3.26
cgttaa	cgttaa|ttaacg	0.0004522673023	0.0004392582423	1357	1317.97	0.14432	3.0e+02	-2.48
cgttac	cgttac|gtaacg	0.0003199532868	0.0003115417457	960	934.76	0.20864	4.3e+02	-2.64
cgttag	cgttag|ctaacg	0.0002149686146	0.0002544718154	645	763.53	1.00000	2.1e+03	-3.32
cgttca	cgttca|tgaacg	0.0003382839439	0.0003427259159	1015	1028.33	0.66533	1.4e+03	-3.14
cgttcc	cgttcc|ggaacg	0.0002312995636	0.0002272654749	694	681.90	0.32652	6.8e+02	-2.83
cgttga	cgttga|tcaacg	0.0003116211700	0.0003247569560	935	974.41	0.90014	1.9e+03	-3.27
cgttgc	cgttgc|gcaacg	0.0002729601478	0.0002209268286	819	662.88	2.7e-09	5.6e-06	5.25
cgttta	cgttta|taaacg	0.0005935800040	0.0005885019406	1781	1765.76	0.36157	7.5e+02	-2.88
cgtttc	cgtttc|gaaacg	0.0005492531424	0.0005083517313	1648	1525.28	0.00099	2.1e+00	-0.31
ctaaaa	ctaaaa|ttttag	0.0011978251175	0.0011933060201	3594	3580.44	0.41254	8.6e+02	-2.93
ctaaac	ctaaac|gtttag	0.0005089256968	0.0004855492890	1527	1456.86	0.03476	7.2e+01	-1.86
ctaaag	ctaaag|ctttag	0.0005085924122	0.0005633269972	1526	1690.23	0.99998	2.1e+03	-3.32
ctaaca	ctaaca|tgttag	0.0004829294923	0.0005156292275	1449	1547.11	0.99431	2.1e+03	-3.32
ctaacc	ctaacc|ggttag	0.0002462973739	0.0002401203898	739	720.47	0.24973	5.2e+02	-2.72
ctaaga	ctaaga|tcttag	0.0004655986893	0.0004457351328	1397	1337.40	0.05378	1.1e+02	-2.05
ctaagc	ctaagc|gcttag	0.0002639614616	0.0002547622159	792	764.40	0.16338	3.4e+02	-2.53
ctaata	ctaata|tattag	0.0009275312471	0.0010229006012	2783	3069.15	1.00000	2.1e+03	-3.32
ctaatc	ctaatc|gattag	0.0003609473017	0.0003583384018	1083	1075.17	0.40969	8.5e+02	-2.93
ctacaa	ctacaa|ttgtag	0.0005822483251	0.0005797914169	1747	1739.63	0.43302	9.0e+02	-2.95
ctacac	ctacac|gtgtag	0.0003136208780	0.0003246972547	941	974.23	0.86035	1.8e+03	-3.25
ctacag	ctacag|ctgtag	0.0003296185424	0.0003222365393	989	966.85	0.24224	5.0e+02	-2.70
ctacca	ctacca|tggtag	0.0003416167906	0.0003423304691	1025	1027.14	0.53079	1.1e+03	-3.04
ctaccc	ctaccc|gggtag	0.0001943049648	0.0002412950132	583	723.99	1.00000	2.1e+03	-3.32
ctacga	ctacga|tcgtag	0.0002126356219	0.0002211683578	638	663.60	0.84462	1.8e+03	-3.24
ctacgc	ctacgc|gcgtag	0.0001746411691	0.0001634950189	524	490.56	0.06960	1.4e+02	-2.16
ctacta	ctacta|tagtag	0.0006069113909	0.0006098253051	1821	1829.74	0.58412	1.2e+03	-3.08
ctactc	ctactc|gagtag	0.0002989563524	0.0003088823771	897	926.78	0.84010	1.7e+03	-3.24
ctagaa	ctagaa|ttctag	0.0005979127047	0.0005491569716	1794	1647.71	0.00020	4.1e-01	0.39
ctagac	ctagac|gtctag	0.0001676421909	0.0001649300083	503	494.86	0.36318	7.6e+02	-2.88
ctagag	ctagag|ctctag	0.0002326327023	0.0002447020702	698	734.21	0.91315	1.9e+03	-3.28
ctagca	ctagca|tgctag	0.0003109546006	0.0003468025756	933	1040.56	0.99967	2.1e+03	-3.32
ctagcc	ctagcc|ggctag	0.0001926385414	0.0001918410345	578	575.61	0.46581	9.7e+02	-2.99
ctagga	ctagga|tcctag	0.0002366321184	0.0002533221011	710	760.08	0.96781	2.0e+03	-3.30
ctaggc	ctaggc|gcctag	0.0001489782492	0.0001377521222	447	413.32	0.05269	1.1e+02	-2.04
ctagta	ctagta|tactag	0.0006182430698	0.0005446089452	1855	1634.07	4.6e-08	9.5e-05	4.02
ctagtc	ctagtc|gactag	0.0002006373736	0.0002158820628	602	647.74	0.96658	2.0e+03	-3.30
ctataa	ctataa|ttatag	0.0008842042395	0.0007645249743	2653	2293.91	1.3e-13	2.8e-10	9.56
ctatac	ctatac|gtatag	0.0004312703679	0.0004493120777	1294	1348.13	0.93240	1.9e+03	-3.29
ctatag	ctatag|ctatag	0.0002103026291	0.0001781204302	631	534.44	2.6e-05	5.4e-02	1.27
ctatca	ctatca|tgatag	0.0005925801500	0.0006406821053	1778	1922.33	0.99959	2.1e+03	-3.32
ctatcc	ctatcc|ggatag	0.0002819588340	0.0003038730203	846	911.75	0.98666	2.1e+03	-3.31
ctatga	ctatga|tcatag	0.0003936091997	0.0003525182956	1181	1057.71	0.00010	2.1e-01	0.67
ctatgc	ctatgc|gcatag	0.0002769595639	0.0002309538037	831	692.96	2e-07	4.1e-04	3.39
ctatta	ctatta|taatag	0.0009851894957	0.0010357785325	2956	3107.79	0.99705	2.1e+03	-3.32
ctattc	ctattc|gaatag	0.0006052449676	0.0006417311546	1816	1925.47	0.99426	2.1e+03	-3.32
ctcaaa	ctcaaa|tttgag	0.0007918843849	0.0007392510224	2376	2218.08	0.00047	9.7e-01	0.01
ctcaac	ctcaac|gttgag	0.0003509487615	0.0003967027972	1053	1190.28	0.99998	2.1e+03	-3.32
ctcaag	ctcaag|cttgag	0.0003692794185	0.0004070403293	1108	1221.30	0.99952	2.1e+03	-3.32
ctcaca	ctcaca|tgtgag	0.0003122877393	0.0003490722965	937	1047.37	0.99975	2.1e+03	-3.32
ctcacc	ctcacc|ggtgag	0.0002326327023	0.0002403901567	698	721.28	0.81167	1.7e+03	-3.23
ctcaga	ctcaga|tctgag	0.0002912908049	0.0002817123590	874	845.26	0.16557	3.4e+02	-2.54
ctcagc	ctcagc|gctgag	0.0002246338701	0.0002418146727	674	725.55	0.97442	2.0e+03	-3.31
ctcata	ctcata|tatgag	0.0004642655506	0.0005752404993	1393	1725.97	1.00000	2.1e+03	-3.32
ctcatc	ctcatc|gatgag	0.0006565708073	0.0005180492433	1970	1554.37	2.4e-24	5.0e-21	20.30
ctccaa	ctccaa|ttggag	0.0003366175205	0.0003702571523	1010	1110.93	0.99899	2.1e+03	-3.32
ctccac	ctccac|gtggag	0.0002302997096	0.0002397617984	691	719.39	0.85956	1.8e+03	-3.25
ctccag	ctccag|ctggag	0.0002123023372	0.0001933079500	637	580.01	0.01028	2.1e+01	-1.33
ctccca	ctccca|tgggag	0.0001996375196	0.0002332924251	599	699.98	0.99996	2.1e+03	-3.32
ctcccc	ctcccc|ggggag	0.0002073030671	0.0001788618873	622	536.66	0.00017	3.6e-01	0.44
ctccga	ctccga|tcggag	0.0001639760595	0.0001657380896	492	497.29	0.59969	1.2e+03	-3.10
ctccgc	ctccgc|gcggag	0.0001693086143	0.0001713320753	508	514.07	0.61145	1.3e+03	-3.10
ctccta	ctccta|taggag	0.0002609618996	0.0003001989956	783	900.73	0.99997	2.1e+03	-3.32
ctcctc	ctcctc|gaggag	0.0003749452580	0.0003172639505	1125	951.93	2.6e-08	5.5e-05	4.26
ctcgaa	ctcgaa|ttcgag	0.0004066073020	0.0004390440236	1220	1317.32	0.99679	2.1e+03	-3.32
ctcgac	ctcgac|gtcgag	0.0001239818986	0.0001700657446	372	510.27	1.00000	2.1e+03	-3.32
ctcgag	ctcgag|ctcgag	0.0002236340161	0.0001493260197	671	448.04	6.2e-23	1.3e-19	18.89
ctcgca	ctcgca|tgcgag	0.0001789738698	0.0002008486961	537	602.63	0.99692	2.1e+03	-3.32
ctcgcc	ctcgcc|ggcgag	0.0001336471542	0.0001339380549	401	401.87	0.52400	1.1e+03	-3.04
ctcgga	ctcgga|tccgag	0.0001696418989	0.0001584640005	509	475.46	0.06606	1.4e+02	-2.14
ctcggc	ctcggc|gccgag	0.0001399795630	0.0001313451613	420	394.09	0.10118	2.1e+02	-2.32
ctcgta	ctcgta|tacgag	0.0002472972279	0.0002408084545	742	722.53	0.23919	5.0e+02	-2.70
ctcgtc	ctcgtc|gacgag	0.0001589767894	0.0001646484600	477	494.02	0.78389	1.6e+03	-3.21
ctctaa	ctctaa|ttagag	0.0004682649666	0.0004477719584	1405	1343.51	0.04882	1.0e+02	-2.01
ctctac	ctctac|gtagag	0.0003096214619	0.0003387557886	929	1016.42	0.99740	2.1e+03	-3.32
ctctca	ctctca|tgagag	0.0003616138710	0.0004551774177	1085	1365.73	1.00000	2.1e+03	-3.32
ctctcc	ctctcc|ggagag	0.0003219529949	0.0003060995316	966	918.43	0.06108	1.3e+02	-2.10
ctctga	ctctga|tcagag	0.0002882912428	0.0003017570364	865	905.40	0.91378	1.9e+03	-3.28
ctctgc	ctctgc|gcagag	0.0003006227757	0.0002875007984	902	862.63	0.09349	1.9e+02	-2.29
ctctta	ctctta|taagag	0.0005362550401	0.0005928913602	1609	1778.93	0.99998	2.1e+03	-3.32
ctcttc	ctcttc|gaagag	0.0007508903700	0.0007144756907	2253	2143.74	0.00980	2.0e+01	-1.31
ctgaaa	ctgaaa|tttcag	0.0010235172332	0.0009952870148	3071	2986.30	0.06209	1.3e+02	-2.11
ctgaac	ctgaac|gttcag	0.0003432832140	0.0003231747025	1030	969.67	0.02821	5.9e+01	-1.77
ctgaag	ctgaag|cttcag	0.0004202719736	0.0004197556481	1261	1259.45	0.48634	1.0e+03	-3.00
ctgaca	ctgaca|tgtcag	0.0003129543087	0.0003342649569	939	1002.94	0.97993	2.0e+03	-3.31
ctgacc	ctgacc|ggtcag	0.0001406461323	0.0001498468591	422	449.61	0.90855	1.9e+03	-3.28
ctgaga	ctgaga|tctcag	0.0003352843818	0.0003368264379	1006	1010.63	0.56206	1.2e+03	-3.07
ctgagc	ctgagc|gctcag	0.0002003040889	0.0001881267864	601	564.46	0.06575	1.4e+02	-2.14
ctgata	ctgata|tatcag	0.0005372548941	0.0005387708775	1612	1616.55	0.54836	1.1e+03	-3.06
ctgatc	ctgatc|gatcag	0.0002619617536	0.0002330951724	786	699.39	0.00069	1.4e+00	-0.16
ctgcaa	ctgcaa|ttgcag	0.0005509195657	0.0005198433560	1653	1559.76	0.00989	2.1e+01	-1.31
ctgcac	ctgcac|gtgcag	0.0002672943084	0.0002854704376	802	856.54	0.97100	2.0e+03	-3.31
ctgcag	ctgcag|ctgcag	0.0001666423369	0.0001620903397	500	486.34	0.27373	5.7e+02	-2.76
ctgcca	ctgcca|tggcag	0.0002969566443	0.0003239476559	891	971.98	0.99593	2.1e+03	-3.32
ctgccc	ctgccc|gggcag	0.0002029703663	0.0001796614257	609	539.06	0.00166	3.4e+00	-0.54
ctgcga	ctgcga|tcgcag	0.0002113024832	0.0002201415167	634	660.52	0.85366	1.8e+03	-3.25
ctgcgc	ctgcgc|gcgcag	0.0002113024832	0.0001809225469	634	542.85	7.3e-05	1.5e-01	0.82
ctgcta	ctgcta|tagcag	0.0004039410246	0.0004094765128	1212	1228.61	0.68601	1.4e+03	-3.15
ctgctc	ctgctc|gagcag	0.0003159538707	0.0002955562991	948	886.80	0.02161	4.5e+01	-1.65
ctggaa	ctggaa|ttccag	0.0004655986893	0.0004935955517	1397	1481.00	0.98656	2.1e+03	-3.31
ctggac	ctggac|gtccag	0.0001259816067	0.0001466365376	378	439.97	0.99884	2.1e+03	-3.32
ctggca	ctggca|tgccag	0.0002532963521	0.0002709926364	760	813.10	0.97097	2.0e+03	-3.31
ctggcc	ctggcc|ggccag	0.0001549773733	0.0001434032651	465	430.27	0.05082	1.1e+02	-2.02
ctggga	ctggga|tcccag	0.0001853062786	0.0001833662823	556	550.18	0.40765	8.5e+02	-2.93
ctgggc	ctgggc|gcccag	0.0001606432128	0.0001362250796	482	408.73	0.00023	4.7e-01	0.33
ctggta	ctggta|taccag	0.0003119544546	0.0003199687383	936	960.05	0.78534	1.6e+03	-3.21
ctggtc	ctggtc|gaccag	0.0001599766434	0.0001527291210	480	458.25	0.16042	3.3e+02	-2.52
ctgtaa	ctgtaa|ttacag	0.0005579185439	0.0005736399724	1674	1721.17	0.87508	1.8e+03	-3.26
ctgtac	ctgtac|gtacag	0.0003142874474	0.0003291721506	943	987.66	0.92550	1.9e+03	-3.28
ctgtca	ctgtca|tgacag	0.0004056074480	0.0004104180903	1217	1231.43	0.66340	1.4e+03	-3.14
ctgtcc	ctgtcc|ggacag	0.0002266335782	0.0002091103578	680	627.42	0.01979	4.1e+01	-1.61
ctgtga	ctgtga|tcacag	0.0003469493454	0.0003384229153	1041	1015.42	0.21497	4.5e+02	-2.65
ctgtgc	ctgtgc|gcacag	0.0002979564984	0.0002669105453	894	800.85	0.00064	1.3e+00	-0.12
ctgtta	ctgtta|taacag	0.0005589183979	0.0005755516666	1677	1726.91	0.88787	1.8e+03	-3.27
ctgttc	ctgttc|gaacag	0.0004492677402	0.0004393625499	1348	1318.28	0.20995	4.4e+02	-2.64
cttaaa	cttaaa|tttaag	0.0009485281816	0.0008693327762	2846	2608.38	2.3e-06	4.8e-03	2.32
cttaac	cttaac|gttaag	0.0004366029226	0.0004115243010	1310	1234.75	0.01737	3.6e+01	-1.56
cttaag	cttaag|cttaag	0.0001996375196	0.0002158286848	599	647.58	0.97426	2.0e+03	-3.31
cttaca	cttaca|tgtaag	0.0005059261348	0.0005182421003	1518	1554.95	0.82886	1.7e+03	-3.24
cttacc	cttacc|ggtaag	0.0003379506592	0.0003602682170	1014	1080.96	0.98073	2.0e+03	-3.31
cttaga	cttaga|tctaag	0.0003539483235	0.0003631662081	1062	1089.66	0.80284	1.7e+03	-3.22
cttagc	cttagc|gctaag	0.0002972899290	0.0002732085624	892	819.75	0.00663	1.4e+01	-1.14
cttata	cttata|tataag	0.0009285311011	0.0009476099044	2786	2843.24	0.86082	1.8e+03	-3.25
cttatc	cttatc|gataag	0.0005659173761	0.0005512458319	1698	1653.98	0.14234	3.0e+02	-2.47
cttcaa	cttcaa|ttgaag	0.0008885369403	0.0008817019546	2666	2645.49	0.34756	7.2e+02	-2.86
cttcac	cttcac|gtgaag	0.0004356030686	0.0004655417024	1307	1396.83	0.99265	2.1e+03	-3.31
cttcca	cttcca|tggaag	0.0006292414641	0.0005936895199	1888	1781.33	0.00628	1.3e+01	-1.12
cttccc	cttccc|gggaag	0.0004526005870	0.0004174514203	1358	1252.54	0.00169	3.5e+00	-0.55
cttcga	cttcga|tcgaag	0.0004382693460	0.0003869463382	1315	1161.01	5e-06	1.0e-02	1.98
cttcgc	cttcgc|gcgaag	0.0002686274471	0.0002832641958	806	849.92	0.93719	1.9e+03	-3.29
cttcta	cttcta|tagaag	0.0008078820492	0.0007448570153	2424	2234.90	4.1e-05	8.5e-02	1.07
cttctc	cttctc|gagaag	0.0007095630705	0.0007199204366	2129	2160.08	0.75103	1.6e+03	-3.19
cttgaa	cttgaa|ttcaag	0.0008728725606	0.0008330652316	2619	2499.56	0.00902	1.9e+01	-1.27
cttgac	cttgac|gtcaag	0.0003439497833	0.0003155942985	1032	946.92	0.00332	6.9e+00	-0.84
cttgca	cttgca|tgcaag	0.0005315890547	0.0005483658671	1595	1645.34	0.89545	1.9e+03	-3.27
cttgcc	cttgcc|ggcaag	0.0003306183964	0.0003438651589	992	1031.75	0.89548	1.9e+03	-3.27
cttgga	cttgga|tccaag	0.0003606140170	0.0003648376192	1082	1094.67	0.65320	1.4e+03	-3.13
cttggc	cttggc|gccaag	0.0003746119733	0.0003037392122	1124	911.35	5.8e-12	1.2e-08	7.92
cttgta	cttgta|tacaag	0.0006245754786	0.0006157161446	1874	1847.42	0.27111	5.6e+02	-2.75
cttgtc	cttgtc|gacaag	0.0003979419005	0.0003796275242	1194	1139.05	0.05414	1.1e+02	-2.05
ctttaa	ctttaa|ttaaag	0.0010325159193	0.0009958309987	3098	2987.93	0.02294	4.8e+01	-1.68
ctttac	ctttac|gtaaag	0.0007528900780	0.0007238588349	2259	2171.89	0.03212	6.7e+01	-1.82
ctttca	ctttca|tgaaag	0.0009221986923	0.0010637258469	2767	3191.64	1.00000	2.1e+03	-3.32
ctttcc	ctttcc|ggaaag	0.0008075487645	0.0007741614472	2423	2322.82	0.01980	4.1e+01	-1.61
ctttga	ctttga|tcaaag	0.0007582226328	0.0007425490177	2275	2227.97	0.16202	3.4e+02	-2.53
ctttgc	ctttgc|gcaaag	0.0005809151864	0.0005463320193	1743	1639.24	0.00572	1.2e+01	-1.08
ctttta	ctttta|taaaag	0.0015491071637	0.0014686209363	4648	4406.51	0.00016	3.3e-01	0.49
cttttc	cttttc|gaaaag	0.0018050697931	0.0016805025452	5416	5042.24	9.9e-08	2.1e-04	3.68
gaaaaa	gaaaaa|tttttc	0.0042537122913	0.0042433638036	12763	12731.95	0.39255	8.2e+02	-2.91
gaaaac	gaaaac|gttttc	0.0010975064307	0.0010626670718	3293	3188.47	0.03315	6.9e+01	-1.84
gaaaca	gaaaca|tgtttc	0.0009925217585	0.0010744834799	2978	3223.92	0.99999	2.1e+03	-3.32
gaaacc	gaaacc|ggtttc	0.0003966087618	0.0004483860087	1190	1345.35	0.99999	2.1e+03	-3.32
gaaaga	gaaaga|tctttc	0.0013794652647	0.0012985839801	4139	3896.32	6e-05	1.2e-01	0.90
gaaagc	gaaagc|gctttc	0.0006279083254	0.0006119535703	1884	1836.13	0.13458	2.8e+02	-2.45
gaaata	gaaata|tatttc	0.0016074319816	0.0016221156374	4823	4867.06	0.73820	1.5e+03	-3.19
gaaatc	gaaatc|gatttc	0.0006325743108	0.0006211337457	1898	1863.67	0.21614	4.5e+02	-2.65
gaacaa	gaacaa|ttgttc	0.0009455286195	0.0009876908451	2837	2963.51	0.99056	2.1e+03	-3.31
gaacac	gaacac|gtgttc	0.0003402836519	0.0003608802600	1021	1082.80	0.97174	2.0e+03	-3.31
gaacca	gaacca|tggttc	0.0003546148929	0.0003685406623	1064	1105.78	0.89884	1.9e+03	-3.27
gaaccc	gaaccc|gggttc	0.0001966379575	0.0001915464951	590	574.72	0.26738	5.6e+02	-2.75
gaacga	gaacga|tcgttc	0.0003889432143	0.0003743735775	1167	1123.28	0.09914	2.1e+02	-2.31
gaacgc	gaacgc|gcgttc	0.0002203011694	0.0002473561794	661	742.18	0.99886	2.1e+03	-3.32
gaacta	gaacta|tagttc	0.0004999270107	0.0005567570448	1500	1670.51	0.99999	2.1e+03	-3.32
gaactc	gaactc|gagttc	0.0002829586880	0.0002879861691	849	864.08	0.70062	1.5e+03	-3.16
gaagaa	gaagaa|ttcttc	0.0015507735871	0.0015840307497	4653	4752.79	0.92766	1.9e+03	-3.29
gaagac	gaagac|gtcttc	0.0004132729955	0.0004278917875	1240	1283.86	0.89268	1.9e+03	-3.27
gaagca	gaagca|tgcttc	0.0005595849673	0.0006547597230	1679	1964.57	1.00000	2.1e+03	-3.32
gaagcc	gaagcc|ggcttc	0.0002922906589	0.0003034000429	877	910.33	0.86928	1.8e+03	-3.26
gaagga	gaagga|tccttc	0.0006965649682	0.0006498875826	2090	1949.95	0.00088	1.8e+00	-0.26
gaaggc	gaaggc|gccttc	0.0003456162067	0.0003362139083	1037	1008.79	0.19109	4.0e+02	-2.60
gaagta	gaagta|tacttc	0.0007525567934	0.0007511512253	2258	2253.78	0.46740	9.7e+02	-2.99
gaagtc	gaagtc|gacttc	0.0002789592719	0.0002936356725	837	881.04	0.93421	1.9e+03	-3.29
gaataa	gaataa|ttattc	0.0013528024908	0.0013077198991	4059	3923.73	0.01604	3.3e+01	-1.52
gaatac	gaatac|gtattc	0.0005755826316	0.0005546615018	1727	1664.23	0.06406	1.3e+02	-2.12
gaatca	gaatca|tgattc	0.0004669318280	0.0005491600417	1401	1647.72	1.00000	2.1e+03	-3.32
gaatcc	gaatcc|ggattc	0.0003596141630	0.0002833560274	1079	850.19	2.7e-14	5.7e-11	10.25
gaatga	gaatga|tcattc	0.0006958983988	0.0006204793987	2088	1861.71	1.4e-07	2.9e-04	3.54
gaatgc	gaatgc|gcattc	0.0003632802944	0.0003436501285	1090	1031.10	0.03535	7.4e+01	-1.87
gaatta	gaatta|taattc	0.0007145623406	0.0007795689823	2144	2339.05	0.99998	2.1e+03	-3.32
gaattc	gaattc|gaattc	0.0002136354759	0.0002216592215	641	665.07	0.82957	1.7e+03	-3.24
gacaaa	gacaaa|tttgtc	0.0007552230708	0.0007631980395	2266	2289.93	0.69431	1.4e+03	-3.16
gacaac	gacaac|gttgtc	0.0003326181044	0.0003465082507	998	1039.68	0.90525	1.9e+03	-3.27
gacaca	gacaca|tgtgtc	0.0003189534328	0.0003772157887	957	1131.81	1.00000	2.1e+03	-3.32
gacacc	gacacc|ggtgtc	0.0001813068625	0.0001887083245	544	566.21	0.82991	1.7e+03	-3.24
gacaga	gacaga|tctgtc	0.0003672797105	0.0003741379834	1102	1122.58	0.73441	1.5e+03	-3.18
gacagc	gacagc|gctgtc	0.0002896243815	0.0002602648700	869	780.91	0.00102	2.1e+00	-0.33
gacata	gacata|tatgtc	0.0004749306601	0.0005574328905	1425	1672.54	1.00000	2.1e+03	-3.32
gacatc	gacatc|gatgtc	0.0002446309505	0.0002642813092	734	792.96	0.98354	2.0e+03	-3.31
gaccaa	gaccaa|ttggtc	0.0003159538707	0.0003053560748	948	916.20	0.15061	3.1e+02	-2.50
gaccac	gaccac|gtggtc	0.0001596433587	0.0001705674928	479	511.78	0.93057	1.9e+03	-3.29
gaccca	gaccca|tgggtc	0.0001473118258	0.0001537032097	442	461.18	0.81995	1.7e+03	-3.23
gacccc	gacccc|ggggtc	0.0000993188328	0.0000994063795	298	298.26	0.51377	1.1e+03	-3.03
gaccga	gaccga|tcggtc	0.0001383131396	0.0001105195192	415	331.61	5.7e-06	1.2e-02	1.93
gaccgc	gaccgc|gcggtc	0.0000936529933	0.0001041886138	281	312.61	0.96706	2.0e+03	-3.30
gaccta	gaccta|taggtc	0.0001883058407	0.0001991566972	565	597.56	0.91282	1.9e+03	-3.28
gacctc	gacctc|gaggtc	0.0001649759135	0.0001643257463	495	493.05	0.47098	9.8e+02	-2.99
gacgaa	gacgaa|ttcgtc	0.0003339512431	0.0003613002740	1002	1084.06	0.99439	2.1e+03	-3.32
gacgac	gacgac|gtcgtc	0.0001609764974	0.0001534018814	483	460.27	0.15018	3.1e+02	-2.49
gacgca	gacgca|tgcgtc	0.0002319661329	0.0002577452341	696	773.35	0.99776	2.1e+03	-3.32
gacgcc	gacgcc|ggcgtc	0.0001369800009	0.0001362552695	411	408.83	0.46374	9.6e+02	-2.98
gacgga	gacgga|tccgtc	0.0001899722640	0.0001925502082	570	577.73	0.63176	1.3e+03	-3.12
gacggc	gacggc|gccgtc	0.0001309808768	0.0001347030098	393	404.17	0.71733	1.5e+03	-3.17
gacgta	gacgta|tacgtc	0.0002499635053	0.0002621962688	750	786.70	0.90845	1.9e+03	-3.28
gacgtc	gacgtc|gacgtc	0.0000559918252	0.0000624780280	168	187.46	0.92958	1.9e+03	-3.29
gactaa	gactaa|ttagtc	0.0003652800025	0.0003815355177	1096	1144.77	0.92817	1.9e+03	-3.29
gactac	gactac|gtagtc	0.0002599620455	0.0002509493864	780	752.96	0.16657	3.5e+02	-2.54
gactca	gactca|tgagtc	0.0002306329942	0.0002410571452	692	723.28	0.88185	1.8e+03	-3.26
gactcc	gactcc|ggagtc	0.0001339804389	0.0001464264603	402	439.34	0.96596	2.0e+03	-3.30
gactga	gactga|tcagtc	0.0002592954762	0.0002558968023	778	767.80	0.36119	7.5e+02	-2.88
gactgc	gactgc|gcagtc	0.0002049700744	0.0002050607995	615	615.27	0.50974	1.1e+03	-3.03
gactta	gactta|taagtc	0.0002822921187	0.0002886151357	847	865.97	0.74493	1.5e+03	-3.19
gagaaa	gagaaa|tttctc	0.0014347905206	0.0014467517602	4305	4340.89	0.70917	1.5e+03	-3.17
gagaac	gagaac|gttctc	0.0005229236531	0.0004843258986	1569	1453.19	0.00139	2.9e+00	-0.46
gagaca	gagaca|tgtctc	0.0003562813163	0.0003567296363	1069	1070.35	0.52047	1.1e+03	-3.03
gagacc	gagacc|ggtctc	0.0001516445266	0.0001574257844	455	472.35	0.79353	1.7e+03	-3.22
gagaga	gagaga|tctctc	0.0005982459894	0.0005388635295	1795	1616.83	6.9e-06	1.4e-02	1.84
gagagc	gagagc|gctctc	0.0002652946003	0.0002702767860	796	810.95	0.70486	1.5e+03	-3.17
gagata	gagata|tatctc	0.0006429061357	0.0006098234540	1929	1829.74	0.01092	2.3e+01	-1.36
gagatc	gagatc|gatctc	0.0002579623375	0.0002914464108	774	874.47	0.99975	2.1e+03	-3.32
gagcaa	gagcaa|ttgctc	0.0004959275946	0.0005089648354	1488	1527.12	0.84476	1.8e+03	-3.24
gagcac	gagcac|gtgctc	0.0002243005854	0.0002432730047	673	729.93	0.98416	2.0e+03	-3.31
gagcca	gagcca|tggctc	0.0002382985417	0.0002339312639	715	701.90	0.31538	6.6e+02	-2.82
gagccc	gagccc|gggctc	0.0001439789791	0.0001272844334	432	381.91	0.00632	1.3e+01	-1.12
gagcga	gagcga|tcgctc	0.0002103026291	0.0001885739536	631	565.80	0.00371	7.7e+00	-0.89
gagcgc	gagcgc|gcgctc	0.0001209823366	0.0001431227955	363	429.43	0.99954	2.1e+03	-3.32
gagcta	gagcta|tagctc	0.0002796258413	0.0002852271271	839	855.81	0.72172	1.5e+03	-3.18
gagctc	gagctc|gagctc	0.0000979856941	0.0000978559295	294	293.61	0.49869	1.0e+03	-3.02
gaggaa	gaggaa|ttcctc	0.0007408918298	0.0007575521453	2223	2272.99	0.85539	1.8e+03	-3.25
gaggac	gaggac|gtcctc	0.0001896389794	0.0002161752881	569	648.62	0.99933	2.1e+03	-3.32
gaggca	gaggca|tgcctc	0.0002756264252	0.0002970303794	827	891.22	0.98573	2.1e+03	-3.31
gaggcc	gaggcc|ggcctc	0.0001489782492	0.0001501500993	447	450.52	0.57207	1.2e+03	-3.08
gaggga	gaggga|tccctc	0.0003079550386	0.0002821734975	924	846.64	0.00454	9.4e+00	-0.98
gagggc	gagggc|gccctc	0.0001629762055	0.0001692297118	489	507.76	0.80317	1.7e+03	-3.22
gaggta	gaggta|tacctc	0.0003392837979	0.0003420042694	1018	1026.16	0.60474	1.3e+03	-3.10
gagtaa	gagtaa|ttactc	0.0005645842374	0.0005088843393	1694	1526.88	1.4e-05	2.8e-02	1.55
gagtac	gagtac|gtactc	0.0002586289068	0.0002436323766	776	731.00	0.05094	1.1e+02	-2.03
gagtca	gagtca|tgactc	0.0002579623375	0.0002604762662	774	781.54	0.61113	1.3e+03	-3.10
gagtcc	gagtcc|ggactc	0.0001216489059	0.0001158636620	365	347.64	0.18249	3.8e+02	-2.58
gagtga	gagtga|tcactc	0.0003589475937	0.0003440102885	1077	1032.18	0.08454	1.8e+02	-2.25
gagtgc	gagtgc|gcactc	0.0002006373736	0.0001958447408	602	587.62	0.28188	5.9e+02	-2.77
gagtta	gagtta|taactc	0.0003652800025	0.0003693575735	1096	1108.23	0.64740	1.3e+03	-3.13
gataaa	gataaa|tttatc	0.0011804943145	0.0012703399656	3542	3811.58	1.00000	2.1e+03	-3.32
gataac	gataac|gttatc	0.0004432686161	0.0004835699936	1330	1450.92	0.99938	2.1e+03	-3.32
gataca	gataca|tgtatc	0.0005025932880	0.0005237129837	1508	1571.37	0.94722	2.0e+03	-3.29
gatacc	gatacc|ggtatc	0.0002376319724	0.0002477949311	713	743.49	0.87258	1.8e+03	-3.26
gataga	gataga|tctatc	0.0005792487630	0.0005496477451	1738	1649.18	0.01537	3.2e+01	-1.50
gatagc	gatagc|gctatc	0.0002902909509	0.0003280843130	871	984.40	0.99989	2.1e+03	-3.32
gatata	gatata|tatatc	0.0011111711024	0.0013331337412	3334	3999.99	1.00000	2.1e+03	-3.32
gatatc	gatatc|gatatc	0.0002496302207	0.0002093288791	749	628.08	1.5e-06	3.1e-03	2.50
gatcaa	gatcaa|ttgatc	0.0005492531424	0.0005452607853	1648	1636.02	0.38681	8.0e+02	-2.91
gatcac	gatcac|gtgatc	0.0002782927026	0.0002805959415	835	841.91	0.59873	1.2e+03	-3.10
gatcca	gatcca|tggatc	0.0002109691985	0.0002271715483	633	681.61	0.97117	2.0e+03	-3.31
gatccc	gatccc|gggatc	0.0001346470082	0.0001418506973	404	425.61	0.85844	1.8e+03	-3.25
gatcga	gatcga|tcgatc	0.0002246338701	0.0002052355497	674	615.80	0.01080	2.2e+01	-1.35
gatcgc	gatcgc|gcgatc	0.0001536442346	0.0001679626708	461	503.96	0.97486	2.0e+03	-3.31
gatcta	gatcta|tagatc	0.0003502821921	0.0003699763783	1051	1110.09	0.96409	2.0e+03	-3.30
gatgaa	gatgaa|ttcatc	0.0007505570853	0.0009154709486	2252	2746.81	1.00000	2.1e+03	-3.32
gatgac	gatgac|gtcatc	0.0005139249670	0.0004116302345	1542	1235.07	2.3e-17	4.7e-14	13.33
gatgca	gatgca|tgcatc	0.0003556147469	0.0003715981080	1067	1114.96	0.92746	1.9e+03	-3.29
gatgcc	gatgcc|ggcatc	0.0002419646732	0.0002138274437	726	641.58	0.00057	1.2e+00	-0.08
gatgga	gatgga|tccatc	0.0003676129952	0.0003629045792	1103	1088.87	0.33826	7.0e+02	-2.85
gatggc	gatggc|gccatc	0.0002666277390	0.0002327122320	800	698.24	8.8e-05	1.8e-01	0.74
gatgta	gatgta|tacatc	0.0005009268647	0.0005159338267	1503	1548.03	0.87676	1.8e+03	-3.26
gattaa	gattaa|ttaatc	0.0006842334353	0.0006242619504	2053	1873.06	2.2e-05	4.5e-02	1.34
gattac	gattac|gtaatc	0.0003962754771	0.0004097049883	1189	1229.29	0.87809	1.8e+03	-3.26
gattca	gattca|tgaatc	0.0004356030686	0.0004949250330	1307	1484.99	1.00000	2.1e+03	-3.32
gattcc	gattcc|ggaatc	0.0004452683242	0.0003277192802	1336	983.30	8.5e-27	1.8e-23	22.75
gattga	gattga|tcaatc	0.0005825816098	0.0005109372107	1748	1533.04	4.1e-08	8.5e-05	4.07
gattgc	gattgc|gcaatc	0.0003469493454	0.0003388257325	1041	1016.63	0.22626	4.7e+02	-2.67
gattta	gattta|taaatc	0.0007375589831	0.0007398573387	2213	2219.90	0.56103	1.2e+03	-3.07
gcaaaa	gcaaaa|ttttgc	0.0012461513952	0.0012989091849	3739	3897.30	0.99477	2.1e+03	-3.32
gcaaac	gcaaac|gtttgc	0.0004892619011	0.0004944711102	1468	1483.63	0.66104	1.4e+03	-3.14
gcaaca	gcaaca|tgttgc	0.0004835960616	0.0005578436507	1451	1673.78	1.00000	2.1e+03	-3.32
gcaacc	gcaacc|ggttgc	0.0002462973739	0.0002361285222	739	708.49	0.13008	2.7e+02	-2.43
gcaaga	gcaaga|tcttgc	0.0006119106610	0.0006642033208	1836	1992.90	0.99982	2.1e+03	-3.32
gcaagc	gcaagc|gcttgc	0.0003162871554	0.0003215364685	949	964.75	0.69825	1.5e+03	-3.16
gcaata	gcaata|tattgc	0.0007378922677	0.0007428291249	2214	2228.81	0.62601	1.3e+03	-3.11
gcacaa	gcacaa|ttgtgc	0.0004582664264	0.0004583347768	1375	1375.21	0.50580	1.1e+03	-3.02
gcacac	gcacac|gtgtgc	0.0002779594179	0.0003167365144	834	950.35	0.99994	2.1e+03	-3.32
gcacca	gcacca|tggtgc	0.0002686274471	0.0002864303789	806	859.42	0.96809	2.0e+03	-3.30
gcaccc	gcaccc|gggtgc	0.0001653091982	0.0001817604972	496	545.36	0.98469	2.0e+03	-3.31
gcacga	gcacga|tcgtgc	0.0001893056947	0.0002120676278	568	636.30	0.99722	2.1e+03	-3.32
gcacgc	gcacgc|gcgtgc	0.0001509779572	0.0001571362215	453	471.48	0.80848	1.7e+03	-3.23
gcacta	gcacta|tagtgc	0.0003392837979	0.0003414549555	1018	1024.51	0.58481	1.2e+03	-3.09
gcagaa	gcagaa|ttctgc	0.0006215759166	0.0006437007419	1865	1931.38	0.93668	1.9e+03	-3.29
gcagac	gcagac|gtctgc	0.0001923052568	0.0002138685239	577	641.70	0.99551	2.1e+03	-3.32
gcagca	gcagca|tgctgc	0.0004146061342	0.0004197414851	1244	1259.41	0.67170	1.4e+03	-3.15
gcagcc	gcagcc|ggctgc	0.0002083029211	0.0002049900276	625	615.06	0.34959	7.3e+02	-2.86
gcagga	gcagga|tcctgc	0.0003052887612	0.0002951457550	916	885.57	0.15721	3.3e+02	-2.51
gcaggc	gcaggc|gcctgc	0.0002123023372	0.0001937499486	637	581.33	0.01190	2.5e+01	-1.39
gcagta	gcagta|tactgc	0.0004549335797	0.0004501287170	1365	1350.58	0.35099	7.3e+02	-2.86
gcataa	gcataa|ttatgc	0.0005532525585	0.0006168387045	1660	1850.79	1.00000	2.1e+03	-3.32
gcatac	gcatac|gtatgc	0.0003382839439	0.0003787896567	1015	1136.53	0.99988	2.1e+03	-3.32
gcatca	gcatca|tgatgc	0.0003702792726	0.0004197636787	1111	1259.47	0.99999	2.1e+03	-3.32
gcatcc	gcatcc|ggatgc	0.0002049700744	0.0002123946778	615	637.28	0.81625	1.7e+03	-3.23
gcatga	gcatga|tcatgc	0.0003179535788	0.0003255181621	954	976.70	0.77035	1.6e+03	-3.20
gcatgc	gcatgc|gcatgc	0.0001073176650	0.0001075372500	322	322.66	0.52204	1.1e+03	-3.04
gcatta	gcatta|taatgc	0.0005372548941	0.0006006871910	1612	1802.32	1.00000	2.1e+03	-3.32
gccaaa	gccaaa|tttggc	0.0005685836535	0.0005476732847	1706	1643.26	0.06296	1.3e+02	-2.12
gccaac	gccaac|gttggc	0.0002452975199	0.0002946195409	736	883.99	1.00000	2.1e+03	-3.32
gccaca	gccaca|tgtggc	0.0002879579581	0.0002871344727	864	861.53	0.47098	9.8e+02	-2.99
gccacc	gccacc|ggtggc	0.0002013039430	0.0001950913665	604	585.36	0.22576	4.7e+02	-2.67
gccaga	gccaga|tctggc	0.0002536296367	0.0002454751352	761	736.53	0.18818	3.9e+02	-2.59
gccagc	gccagc|gctggc	0.0001889724100	0.0001796854011	567	539.13	0.11980	2.5e+02	-2.40
gccata	gccata|tatggc	0.0003362842358	0.0003787938195	1009	1136.55	0.99995	2.1e+03	-3.32
gcccaa	gcccaa|ttgggc	0.0002666277390	0.0002569992786	800	771.11	0.15333	3.2e+02	-2.50
gcccac	gcccac|gtgggc	0.0001459786871	0.0001802077821	438	540.70	1.00000	2.1e+03	-3.32
gcccca	gcccca|tggggc	0.0001323140155	0.0001419422226	397	425.89	0.92405	1.9e+03	-3.28
gccccc	gccccc|gggggc	0.0000926531393	0.0001093611786	278	328.13	0.99790	2.1e+03	-3.32
gcccga	gcccga|tcgggc	0.0001066510956	0.0001077332389	320	323.25	0.57908	1.2e+03	-3.08
gcccgc	gcccgc|gcgggc	0.0001249817527	0.0001313955782	375	394.24	0.84000	1.7e+03	-3.24
gcccta	gcccta|tagggc	0.0001933051108	0.0001825811256	580	547.82	0.08886	1.8e+02	-2.27
gccgaa	gccgaa|ttcggc	0.0002416313885	0.0002544022939	725	763.32	0.92092	1.9e+03	-3.28
gccgac	gccgac|gtcggc	0.0001093173730	0.0001069181458	328	320.80	0.35123	7.3e+02	-2.86
gccgca	gccgca|tgcggc	0.0001959713882	0.0002078024553	588	623.50	0.92637	1.9e+03	-3.28
gccgcc	gccgcc|ggcggc	0.0002033036510	0.0001724216058	610	517.34	4e-05	8.2e-02	1.08
gccgga	gccgga|tccggc	0.0001493115338	0.0001530776001	448	459.30	0.70719	1.5e+03	-3.17
gccggc	gccggc|gccggc	0.0000546586865	0.0000589798989	164	176.97	0.84443	1.8e+03	-3.24
gccgta	gccgta|tacggc	0.0001983043809	0.0002037325733	595	611.29	0.75029	1.6e+03	-3.19
gcctaa	gcctaa|ttaggc	0.0002509633593	0.0002699987916	753	810.11	0.97949	2.0e+03	-3.31
gcctac	gcctac|gtaggc	0.0001816401472	0.0001738602258	545	521.66	0.15858	3.3e+02	-2.52
gcctca	gcctca|tgaggc	0.0002246338701	0.0002406715833	674	722.12	0.96593	2.0e+03	-3.30
gcctcc	gcctcc|ggaggc	0.0001573103660	0.0001632140623	472	489.71	0.79410	1.7e+03	-3.22
gcctga	gcctga|tcaggc	0.0001996375196	0.0001985463050	599	595.73	0.45208	9.4e+02	-2.97
gcctta	gcctta|taaggc	0.0003112878853	0.0003160991958	934	948.44	0.68471	1.4e+03	-3.15
gcgaaa	gcgaaa|tttcgc	0.0005729163542	0.0005123266175	1719	1537.20	2.8e-06	5.8e-03	2.24
gcgaac	gcgaac|gttcgc	0.0001676421909	0.0001893148461	503	568.03	0.99743	2.1e+03	-3.32
gcgaca	gcgaca|tgtcgc	0.0001946382495	0.0002045467191	584	613.73	0.88949	1.9e+03	-3.27
gcgacc	gcgacc|ggtcgc	0.0000886537232	0.0000919713715	266	275.95	0.73346	1.5e+03	-3.18
gcgaga	gcgaga|tctcgc	0.0002119690525	0.0002162634298	636	648.89	0.69874	1.5e+03	-3.16
gcgagc	gcgagc|gctcgc	0.0001299810228	0.0001205361642	390	361.66	0.07292	1.5e+02	-2.18
gcgata	gcgata|tatcgc	0.0003289519730	0.0003545799696	987	1063.90	0.99175	2.1e+03	-3.31
gcgcaa	gcgcaa|ttgcgc	0.0002826254034	0.0002999750330	848	900.06	0.96113	2.0e+03	-3.30
gcgcac	gcgcac|gtgcgc	0.0001519778112	0.0001702828570	456	510.92	0.99363	2.1e+03	-3.32
gcgcca	gcgcca|tggcgc	0.0002079696364	0.0002044463558	624	613.43	0.34007	7.1e+02	-2.85
gcgccc	gcgccc|gggcgc	0.0001233153293	0.0001273799600	370	382.20	0.74038	1.5e+03	-3.19
gcgcga	gcgcga|tcgcgc	0.0001656424829	0.0001719032553	497	515.79	0.80156	1.7e+03	-3.22
gcgcgc	gcgcgc|gcgcgc	0.0000889870079	0.0000828141043	267	248.48	0.12707	2.6e+02	-2.42
gcgcta	gcgcta|tagcgc	0.0002173016073	0.0002164609718	652	649.48	0.46579	9.7e+02	-2.99
gcggaa	gcggaa|ttccgc	0.0003672797105	0.0003464554883	1102	1039.52	0.02812	5.8e+01	-1.77
gcggac	gcggac|gtccgc	0.0001173162052	0.0001151156947	352	345.40	0.36830	7.7e+02	-2.88
gcggca	gcggca|tgccgc	0.0001983043809	0.0002278013311	595	683.50	0.99975	2.1e+03	-3.32
gcggcc	gcggcc|ggccgc	0.0001243151833	0.0001406135252	373	421.90	0.99279	2.1e+03	-3.31
gcggga	gcggga|tcccgc	0.0001563105120	0.0001599600448	469	479.95	0.69748	1.5e+03	-3.16
gcggta	gcggta|taccgc	0.0002159684686	0.0002184916128	648	655.57	0.62148	1.3e+03	-3.11
gcgtaa	gcgtaa|ttacgc	0.0003206198562	0.0003081955600	962	924.72	0.11368	2.4e+02	-2.37
gcgtac	gcgtac|gtacgc	0.0001909721181	0.0001981910405	573	594.66	0.81797	1.7e+03	-3.23
gcgtca	gcgtca|tgacgc	0.0002612951842	0.0002344881494	784	703.57	0.00151	3.1e+00	-0.50
gcgtcc	gcgtcc|ggacgc	0.0001209823366	0.0001245811879	363	373.80	0.71861	1.5e+03	-3.17
gcgtga	gcgtga|tcacgc	0.0001879725560	0.0001946401755	564	584.01	0.80142	1.7e+03	-3.22
gcgtta	gcgtta|taacgc	0.0002949569363	0.0002992108870	885	897.76	0.66940	1.4e+03	-3.14
gctaaa	gctaaa|tttagc	0.0006645696395	0.0005963760170	1994	1789.39	1.1e-06	2.2e-03	2.66
gctaac	gctaac|gttagc	0.0002619617536	0.0002742299223	786	822.81	0.90406	1.9e+03	-3.27
gctaca	gctaca|tgtagc	0.0003156205861	0.0003495940622	947	1048.94	0.99934	2.1e+03	-3.32
gctacc	gctacc|ggtagc	0.0002069697824	0.0002040441975	621	612.22	0.36672	7.6e+02	-2.88
gctaga	gctaga|tctagc	0.0003056220458	0.0002720632949	917	816.31	0.00029	5.9e-01	0.23
gctagc	gctagc|gctagc	0.0001073176650	0.0001018690761	322	305.65	0.18185	3.8e+02	-2.58
gctata	gctata|tatagc	0.0005605848213	0.0005320497116	1682	1596.38	0.01715	3.6e+01	-1.55
gctcaa	gctcaa|ttgagc	0.0003826108055	0.0003990757307	1148	1197.40	0.92616	1.9e+03	-3.28
gctcac	gctcac|gtgagc	0.0002136354759	0.0002126847567	641	638.15	0.46030	9.6e+02	-2.98
gctcca	gctcca|tggagc	0.0001786405851	0.0002012869348	536	603.95	0.99770	2.1e+03	-3.32
gctccc	gctccc|gggagc	0.0001496448185	0.0001438087094	449	431.49	0.20564	4.3e+02	-2.63
gctcga	gctcga|tcgagc	0.0002139687606	0.0002422954220	642	726.99	0.99938	2.1e+03	-3.32
gctcta	gctcta|tagagc	0.0002809589800	0.0002820998058	843	846.42	0.55141	1.1e+03	-3.06
gctgaa	gctgaa|ttcagc	0.0005585851132	0.0005422326317	1676	1626.94	0.11458	2.4e+02	-2.38
gctgac	gctgac|gtcagc	0.0002066364977	0.0002187595478	620	656.37	0.92601	1.9e+03	-3.28
gctgca	gctgca|tgcagc	0.0003549481776	0.0003658143632	1065	1097.60	0.84120	1.7e+03	-3.24
gctgcc	gctgcc|ggcagc	0.0002309662789	0.0002184534379	693	655.46	0.07490	1.6e+02	-2.19
gctgga	gctgga|tccagc	0.0002286332862	0.0002428480569	686	728.65	0.94616	2.0e+03	-3.29
gctgta	gctgta|tacagc	0.0003616138710	0.0003851796291	1085	1155.71	0.98266	2.0e+03	-3.31
gcttaa	gcttaa|ttaagc	0.0004642655506	0.0004780530832	1393	1434.37	0.86581	1.8e+03	-3.26
gcttac	gcttac|gtaagc	0.0003332846738	0.0003341519548	1000	1002.60	0.53696	1.1e+03	-3.05
gcttca	gcttca|tgaagc	0.0004379360613	0.0004656814185	1314	1397.25	0.98807	2.1e+03	-3.31
gcttcc	gcttcc|ggaagc	0.0004366029226	0.0003763154481	1310	1129.11	8e-08	1.7e-04	3.78
gcttga	gcttga|tcaagc	0.0003942757691	0.0003793317517	1183	1138.16	0.09493	2.0e+02	-2.30
gcttta	gcttta|taaagc	0.0006392400043	0.0006069688170	1918	1821.17	0.01247	2.6e+01	-1.41
ggaaaa	ggaaaa|ttttcc	0.0018787257060	0.0018176866157	5637	5453.86	0.00687	1.4e+01	-1.15
ggaaac	ggaaac|gtttcc	0.0005605848213	0.0005693497474	1682	1708.30	0.74094	1.5e+03	-3.19
ggaaca	ggaaca|tgttcc	0.0004282708058	0.0004572247096	1285	1371.87	0.99136	2.1e+03	-3.31
ggaacc	ggaacc|ggttcc	0.0002039702203	0.0001994723740	612	598.50	0.29593	6.2e+02	-2.79
ggaaga	ggaaga|tcttcc	0.0007532233627	0.0007903922167	2260	2371.52	0.98973	2.1e+03	-3.31
ggaata	ggaata|tattcc	0.0007702208811	0.0007772156182	2311	2331.99	0.67089	1.4e+03	-3.14
ggacaa	ggacaa|ttgtcc	0.0003776115354	0.0003794876019	1133	1138.63	0.57020	1.2e+03	-3.07
ggacac	ggacac|gtgtcc	0.0001546440886	0.0001765199683	464	529.64	0.99830	2.1e+03	-3.32
ggacca	ggacca|tggtcc	0.0001496448185	0.0001705877658	449	511.84	0.99784	2.1e+03	-3.32
ggaccc	ggaccc|gggtcc	0.0001453121178	0.0001053320130	436	316.04	1e-10	2.1e-07	6.68
ggacga	ggacga|tcgtcc	0.0001669756216	0.0001558735490	501	467.69	0.06582	1.4e+02	-2.14
ggacta	ggacta|tagtcc	0.0002033036510	0.0002169632307	610	650.98	0.94921	2.0e+03	-3.30
ggagaa	ggagaa|ttctcc	0.0006992312456	0.0006416034564	2098	1925.09	5.3e-05	1.1e-01	0.96
ggagac	ggagac|gtctcc	0.0001699751836	0.0001826670580	510	548.08	0.95163	2.0e+03	-3.30
ggagca	ggagca|tgctcc	0.0002359655490	0.0002463671235	708	739.21	0.87875	1.8e+03	-3.26
ggagcc	ggagcc|ggctcc	0.0001426458404	0.0001230089984	428	369.08	0.00147	3.1e+00	-0.49
ggagga	ggagga|tcctcc	0.0003002894911	0.0003182637480	901	954.93	0.96192	2.0e+03	-3.30
ggagta	ggagta|tactcc	0.0002709604398	0.0002758678513	813	827.72	0.70023	1.5e+03	-3.16
ggataa	ggataa|ttatcc	0.0005585851132	0.0005673759419	1676	1702.38	0.74191	1.5e+03	-3.19
ggatac	ggatac|gtatcc	0.0002552960601	0.0002470046689	766	741.12	0.18491	3.8e+02	-2.59
ggatca	ggatca|tgatcc	0.0002706271551	0.0002735600224	812	820.80	0.62530	1.3e+03	-3.11
ggatcc	ggatcc|ggatcc	0.0000646572267	0.0000686584356	194	206.01	0.80747	1.7e+03	-3.23
ggatga	ggatga|tcatcc	0.0003799445281	0.0004038619079	1140	1211.76	0.98181	2.0e+03	-3.31
ggatta	ggatta|taatcc	0.0003486157688	0.0004308621207	1046	1292.78	1.00000	2.1e+03	-3.32
ggcaaa	ggcaaa|tttgcc	0.0006549043840	0.0006142703408	1965	1843.08	0.00253	5.3e+00	-0.72
ggcaac	ggcaac|gttgcc	0.0002552960601	0.0002845565141	766	853.79	0.99893	2.1e+03	-3.32
ggcaca	ggcaca|tgtgcc	0.0002726268631	0.0002787540011	818	836.38	0.74208	1.5e+03	-3.19
ggcacc	ggcacc|ggtgcc	0.0001643093442	0.0001628549445	493	488.64	0.42775	8.9e+02	-2.95
ggcaga	ggcaga|tctgcc	0.0002912908049	0.0002988190371	874	896.59	0.77903	1.6e+03	-3.21
ggcata	ggcata|tatgcc	0.0003209531408	0.0003865961553	963	1159.96	1.00000	2.1e+03	-3.32
ggccaa	ggccaa|ttggcc	0.0002742932865	0.0002631106534	823	789.45	0.12013	2.5e+02	-2.40
ggccac	ggccac|gtggcc	0.0001496448185	0.0001591756288	449	477.60	0.90950	1.9e+03	-3.28
ggccca	ggccca|tgggcc	0.0001476451105	0.0001648207731	443	494.53	0.99123	2.1e+03	-3.31
ggcccc	ggcccc|ggggcc	0.0001153164971	0.0001047509582	346	314.30	0.04081	8.5e+01	-1.93
ggccga	ggccga|tcggcc	0.0001333138695	0.0001319725583	400	395.98	0.42652	8.9e+02	-2.95
ggccta	ggccta|taggcc	0.0001636427748	0.0001551617854	491	465.55	0.12428	2.6e+02	-2.41
ggcgaa	ggcgaa|ttcgcc	0.0002552960601	0.0002521877371	766	756.67	0.37209	7.7e+02	-2.89
ggcgac	ggcgac|gtcgcc	0.0001306475921	0.0001188578761	392	356.63	0.03388	7.0e+01	-1.85
ggcgca	ggcgca|tgcgcc	0.0001706417530	0.0001937870160	512	581.45	0.99844	2.1e+03	-3.32
ggcgcc	ggcgcc|ggcgcc	0.0000639906574	0.0000695884588	192	208.80	0.88540	1.8e+03	-3.27
ggcgga	ggcgga|tccgcc	0.0001763075924	0.0001946182927	529	583.94	0.98997	2.1e+03	-3.31
ggcgta	ggcgta|tacgcc	0.0001799737238	0.0001938248437	540	581.56	0.96071	2.0e+03	-3.30
ggctaa	ggctaa|ttagcc	0.0003119544546	0.0003067511506	936	920.39	0.30772	6.4e+02	-2.81
ggctac	ggctac|gtagcc	0.0001933051108	0.0002035792150	580	610.83	0.89830	1.9e+03	-3.27
ggctca	ggctca|tgagcc	0.0002099693445	0.0002330890261	630	699.37	0.99634	2.1e+03	-3.32
ggctga	ggctga|tcagcc	0.0002559626295	0.0002522977703	768	757.00	0.34949	7.3e+02	-2.86
ggctta	ggctta|taagcc	0.0002886245275	0.0002951026056	866	885.44	0.74762	1.6e+03	-3.19
gggaaa	gggaaa|tttccc	0.0008375443852	0.0007541856432	2513	2262.89	1.2e-07	2.6e-04	3.59
gggaac	gggaac|gttccc	0.0002153018993	0.0002321536506	646	696.56	0.97459	2.0e+03	-3.31
gggaca	gggaca|tgtccc	0.0001953048188	0.0002029234450	586	608.86	0.82796	1.7e+03	-3.24
gggacc	gggacc|ggtccc	0.0001019851102	0.0001004342620	306	301.35	0.40195	8.4e+02	-2.92
gggaga	gggaga|tctccc	0.0002796258413	0.0002791240225	839	837.49	0.48385	1.0e+03	-3.00
gggata	gggata|tatccc	0.0003126210240	0.0002915942444	938	874.91	0.01798	3.7e+01	-1.57
gggcaa	gggcaa|ttgccc	0.0002949569363	0.0003075640616	885	922.83	0.89710	1.9e+03	-3.27
gggcac	gggcac|gtgccc	0.0001426458404	0.0001505309548	428	451.66	0.87271	1.8e+03	-3.26
gggcca	gggcca|tggccc	0.0001563105120	0.0001653327836	469	496.07	0.89291	1.9e+03	-3.27
gggccc	gggccc|gggccc	0.0000739891976	0.0000571503567	222	171.48	0.00012	2.6e-01	0.59
gggcga	gggcga|tcgccc	0.0001326473002	0.0001398452791	398	419.60	0.85999	1.8e+03	-3.25
gggcta	gggcta|tagccc	0.0001859728480	0.0001875772375	558	562.81	0.58602	1.2e+03	-3.09
ggggaa	ggggaa|ttcccc	0.0003852770829	0.0003654360303	1156	1096.47	0.03816	7.9e+01	-1.90
ggggac	ggggac|gtcccc	0.0001026516795	0.0001121581237	308	336.52	0.94482	2.0e+03	-3.29
ggggca	ggggca|tgcccc	0.0001716416070	0.0001756531940	515	527.04	0.70576	1.5e+03	-3.17
ggggga	ggggga|tccccc	0.0001796404392	0.0001701337545	539	510.48	0.10810	2.2e+02	-2.35
ggggta	ggggta|tacccc	0.0001946382495	0.0002028609835	584	608.67	0.84631	1.8e+03	-3.25
gggtaa	gggtaa|ttaccc	0.0006075779603	0.0004290861323	1823	1287.45	4.9e-45	1.0e-41	40.99
gggtac	gggtac|gtaccc	0.0001653091982	0.0001849022478	496	554.79	0.99472	2.1e+03	-3.32
gggtca	gggtca|tgaccc	0.0001569770813	0.0001804105850	471	541.31	0.99905	2.1e+03	-3.32
gggtga	gggtga|tcaccc	0.0002829586880	0.0002515339172	849	754.71	0.00040	8.3e-01	0.08
gggtta	gggtta|taaccc	0.0002516299287	0.0002545876579	755	763.87	0.63077	1.3e+03	-3.12
ggtaaa	ggtaaa|tttacc	0.0007582226328	0.0007480162680	2275	2244.38	0.26168	5.4e+02	-2.74
ggtaac	ggtaac|gttacc	0.0003869435062	0.0003446482310	1161	1034.10	5.7e-05	1.2e-01	0.93
ggtaca	ggtaca|tgtacc	0.0002739600018	0.0002918666305	822	875.73	0.96759	2.0e+03	-3.30
ggtacc	ggtacc|ggtacc	0.0000883204385	0.0000728576708	265	218.60	0.00128	2.7e+00	-0.43
ggtaga	ggtaga|tctacc	0.0002969566443	0.0003037083594	891	911.26	0.75328	1.6e+03	-3.20
ggtata	ggtata|tatacc	0.0005845813178	0.0006033601672	1754	1810.34	0.90981	1.9e+03	-3.28
ggtcaa	ggtcaa|ttgacc	0.0002759597099	0.0002716465730	828	815.06	0.32976	6.9e+02	-2.84
ggtcac	ggtcac|gtgacc	0.0001836398552	0.0001808451886	551	542.61	0.36510	7.6e+02	-2.88
ggtcca	ggtcca|tggacc	0.0001539775193	0.0001583650900	462	475.16	0.73312	1.5e+03	-3.18
ggtcga	ggtcga|tcgacc	0.0001123169351	0.0001117975433	337	335.44	0.47335	9.8e+02	-2.99
ggtcta	ggtcta|tagacc	0.0001633094901	0.0001729020218	490	518.78	0.90160	1.9e+03	-3.27
ggtgaa	ggtgaa|ttcacc	0.0005102588355	0.0004583398965	1531	1375.22	1.9e-05	4.0e-02	1.40
ggtgac	ggtgac|gtcacc	0.0002226341621	0.0002223710795	668	667.21	0.49296	1.0e+03	-3.01
ggtgca	ggtgca|tgcacc	0.0002849583961	0.0002603324021	855	781.11	0.00476	9.9e+00	-1.00
ggtgga	ggtgga|tccacc	0.0002446309505	0.0002378809380	734	713.75	0.22895	4.8e+02	-2.68
ggtgta	ggtgta|tacacc	0.0003376173745	0.0003498277038	1013	1049.64	0.87454	1.8e+03	-3.26
ggttaa	ggttaa|ttaacc	0.0004086070100	0.0004162624692	1226	1248.97	0.74589	1.6e+03	-3.19
ggttac	ggttac|gtaacc	0.0003129543087	0.0002952321069	939	885.83	0.03933	8.2e+01	-1.91
ggttca	ggttca|tgaacc	0.0002902909509	0.0002978685629	871	893.74	0.78088	1.6e+03	-3.21
ggttga	ggttga|tcaacc	0.0003242859876	0.0003211529947	973	963.60	0.38526	8.0e+02	-2.90
ggttta	ggttta|taaacc	0.0004879287624	0.0004849330860	1464	1455.01	0.41032	8.5e+02	-2.93
gtaaaa	gtaaaa|ttttac	0.0014657859952	0.0014577405722	4398	4373.86	0.35946	7.5e+02	-2.87
gtaaac	gtaaac|gtttac	0.0006245754786	0.0005931461724	1874	1779.70	0.01359	2.8e+01	-1.45
gtaaca	gtaaca|tgttac	0.0006225757706	0.0006311553626	1868	1893.74	0.72601	1.5e+03	-3.18
gtaaga	gtaaga|tcttac	0.0005675837994	0.0005590308475	1703	1677.34	0.26859	5.6e+02	-2.75
gtaata	gtaata|tattac	0.0011691626356	0.0012011053637	3508	3603.84	0.94633	2.0e+03	-3.29
gtacaa	gtacaa|ttgtac	0.0005649175220	0.0005539355742	1695	1662.05	0.21252	4.4e+02	-2.65
gtacac	gtacac|gtgtac	0.0003069551845	0.0003102173557	921	930.79	0.63021	1.3e+03	-3.12
gtacca	gtacca|tggtac	0.0002809589800	0.0002797651817	843	839.42	0.45538	9.5e+02	-2.98
gtacga	gtacga|tcgtac	0.0002689607317	0.0002602619464	807	780.90	0.17951	3.7e+02	-2.57
gtacta	gtacta|tagtac	0.0004655986893	0.0005204087023	1397	1561.45	0.99999	2.1e+03	-3.32
gtagaa	gtagaa|ttctac	0.0007305600049	0.0006842956503	2192	2053.19	0.00125	2.6e+00	-0.41
gtagac	gtagac|gtctac	0.0001789738698	0.0002055166248	537	616.64	0.99951	2.1e+03	-3.32
gtagca	gtagca|tgctac	0.0003846105135	0.0003837761295	1154	1151.50	0.47451	9.9e+02	-2.99
gtagga	gtagga|tcctac	0.0003126210240	0.0003285270999	938	985.73	0.93867	2.0e+03	-3.29
gtagta	gtagta|tactac	0.0006002456975	0.0005962350153	1801	1788.97	0.39112	8.1e+02	-2.91
gtataa	gtataa|ttatac	0.0009365299333	0.0010299724088	2810	3090.37	1.00000	2.1e+03	-3.32
gtatac	gtatac|gtatac	0.0003519486155	0.0003026578978	1056	908.11	9.1e-07	1.9e-03	2.72
gtatca	gtatca|tgatac	0.0004809297843	0.0005241725206	1443	1572.75	0.99956	2.1e+03	-3.32
gtatga	gtatga|tcatac	0.0004692648207	0.0004427237267	1408	1328.37	0.01557	3.2e+01	-1.51
gtatta	gtatta|taatac	0.0008635405897	0.0009296116985	2591	2789.24	0.99993	2.1e+03	-3.32
gtcaaa	gtcaaa|tttgac	0.0006139103691	0.0005712808085	1842	1714.09	0.00116	2.4e+00	-0.38
gtcaac	gtcaac|gttgac	0.0002626283229	0.0003065652774	788	919.83	1.00000	2.1e+03	-3.32
gtcaca	gtcaca|tgtgac	0.0003506154768	0.0003369727368	1052	1011.07	0.10227	2.1e+02	-2.33
gtcaga	gtcaga|tctgac	0.0002526297827	0.0002361107598	758	708.44	0.03369	7.0e+01	-1.85
gtcata	gtcata|tatgac	0.0004339366452	0.0004975587563	1302	1492.89	1.00000	2.1e+03	-3.32
gtccaa	gtccaa|ttggac	0.0002749598559	0.0002495437468	825	748.74	0.00316	6.6e+00	-0.82
gtccac	gtccac|gtggac	0.0001499781032	0.0001615932526	450	484.85	0.94717	2.0e+03	-3.29
gtccca	gtccca|tgggac	0.0001416459864	0.0001472073367	425	441.69	0.79253	1.6e+03	-3.22
gtccga	gtccga|tcggac	0.0001216489059	0.0001174381980	365	352.37	0.25732	5.4e+02	-2.73
gtccta	gtccta|taggac	0.0002116357678	0.0002080130039	635	624.13	0.33701	7.0e+02	-2.85
gtcgaa	gtcgaa|ttcgac	0.0002532963521	0.0002374807555	760	712.55	0.04036	8.4e+01	-1.92
gtcgac	gtcgac|gtcgac	0.0000479929930	0.0000459946376	144	138.00	0.31600	6.6e+02	-2.82
gtcgca	gtcgca|tgcgac	0.0001733080304	0.0001824611394	520	547.46	0.88463	1.8e+03	-3.26
gtcgga	gtcgga|tccgac	0.0001206490519	0.0001288007886	362	386.46	0.89888	1.9e+03	-3.27
gtcgta	gtcgta|tacgac	0.0002099693445	0.0002114500943	630	634.44	0.57530	1.2e+03	-3.08
gtctaa	gtctaa|ttagac	0.0002946236516	0.0002783249484	884	835.10	0.04795	1.0e+02	-2.00
gtctca	gtctca|tgagac	0.0002632948923	0.0002701834693	790	810.67	0.77065	1.6e+03	-3.20
gtctga	gtctga|tcagac	0.0002186347460	0.0002067903585	656	620.46	0.08068	1.7e+02	-2.22
gtctta	gtctta|taagac	0.0003792779588	0.0003438504181	1138	1031.70	0.00059	1.2e+00	-0.09
gtgaaa	gtgaaa|tttcac	0.0010368486201	0.0009688660351	3111	2907.02	9.3e-05	1.9e-01	0.71
gtgaac	gtgaac|gttcac	0.0002919573742	0.0003145956774	876	943.92	0.98777	2.1e+03	-3.31
gtgaca	gtgaca|tgtcac	0.0003906096377	0.0003913051086	1172	1174.09	0.52817	1.1e+03	-3.04
gtgaga	gtgaga|tctcac	0.0003789446741	0.0003591548477	1137	1077.62	0.03730	7.8e+01	-1.89
gtgata	gtgata|tatcac	0.0005835814638	0.0005977419659	1751	1793.49	0.84507	1.8e+03	-3.24
gtgcaa	gtgcaa|ttgcac	0.0004875954777	0.0004307149904	1463	1292.33	1.7e-06	3.6e-03	2.44
gtgcac	gtgcac|gtgcac	0.0001153164971	0.0001182629299	346	354.84	0.68765	1.4e+03	-3.16
gtgcca	gtgcca|tggcac	0.0002676275930	0.0002693167620	803	808.07	0.57545	1.2e+03	-3.08
gtgcga	gtgcga|tcgcac	0.0001836398552	0.0001904313608	551	571.38	0.80836	1.7e+03	-3.23
gtgcta	gtgcta|tagcac	0.0003232861336	0.0003104624080	970	931.52	0.10719	2.2e+02	-2.35
gtggaa	gtggaa|ttccac	0.0005379214635	0.0005139995016	1614	1542.22	0.03546	7.4e+01	-1.87
gtggca	gtggca|tgccac	0.0003339512431	0.0002980248779	1002	894.21	0.00021	4.4e-01	0.36
gtggga	gtggga|tcccac	0.0002446309505	0.0002143242261	734	643.07	0.00024	4.9e-01	0.31
gtggta	gtggta|taccac	0.0003552814622	0.0003332412131	1066	999.87	0.01975	4.1e+01	-1.61
gtgtaa	gtgtaa|ttacac	0.0005319223393	0.0005302130027	1596	1590.87	0.45216	9.4e+02	-2.97
gtgtca	gtgtca|tgacac	0.0003429499293	0.0003233953434	1029	970.33	0.03181	6.6e+01	-1.82
gtgtga	gtgtga|tcacac	0.0003576144550	0.0003493928639	1073	1048.33	0.22697	4.7e+02	-2.67
gtgtta	gtgtta|taacac	0.0004982605873	0.0004506514284	1495	1352.15	6.9e-05	1.4e-01	0.84
gttaaa	gttaaa|tttaac	0.0009085340207	0.0008488997409	2726	2547.07	0.00023	4.8e-01	0.32
gttaac	gttaac|gttaac	0.0002026370817	0.0002009258606	608	602.87	0.42258	8.8e+02	-2.94
gttaca	gttaca|tgtaac	0.0004709312440	0.0005134894024	1413	1540.69	0.99953	2.1e+03	-3.32
gttaga	gttaga|tctaac	0.0004725976674	0.0003962833740	1418	1189.02	6.2e-11	1.3e-07	6.89
gttata	gttata|tataac	0.0008938694951	0.0008340341385	2682	2502.47	0.00020	4.1e-01	0.38
gttcaa	gttcaa|ttgaac	0.0006332408802	0.0006142320304	1900	1842.97	0.09433	2.0e+02	-2.29
gttcca	gttcca|tggaac	0.0003292852577	0.0003393856070	988	1018.31	0.83278	1.7e+03	-3.24
gttcga	gttcga|tcgaac	0.0002759597099	0.0002590556620	828	777.28	0.03684	7.7e+01	-1.88
gttcta	gttcta|tagaac	0.0004685982513	0.0004580884372	1406	1374.47	0.20084	4.2e+02	-2.62
gttgaa	gttgaa|ttcaac	0.0007995499324	0.0007576110580	2399	2273.17	0.00453	9.4e+00	-0.97
gttgca	gttgca|tgcaac	0.0004269376671	0.0004319613847	1281	1296.07	0.66601	1.4e+03	-3.14
gttgga	gttgga|tccaac	0.0004386026307	0.0003560830389	1316	1068.41	1.4e-13	3.0e-10	9.52
gttgta	gttgta|tacaac	0.0005532525585	0.0005311679352	1660	1593.74	0.05042	1.0e+02	-2.02
gtttaa	gtttaa|ttaaac	0.0008088819032	0.0008232178772	2427	2470.01	0.80925	1.7e+03	-3.23
gtttca	gtttca|tgaaac	0.0007855519761	0.0007534165028	2357	2260.58	0.02234	4.6e+01	-1.67
gtttga	gtttga|tcaaac	0.0006105775223	0.0006169523765	1832	1851.13	0.67482	1.4e+03	-3.15
gtttta	gtttta|taaaac	0.0011618303728	0.0009077811508	3486	2723.74	8.4e-45	1.8e-41	40.76
taaaaa	taaaaa|ttttta	0.0032558579781	0.0037263701816	9769	11180.74	1.00000	2.1e+03	-3.32
taaaca	taaaca|tgttta	0.0011288351901	0.0012257357107	3387	3677.74	1.00000	2.1e+03	-3.32
taaaga	taaaga|tcttta	0.0012418186945	0.0013578789288	3726	4074.23	1.00000	2.1e+03	-3.32
taaata	taaata|tattta	0.0022753344678	0.0020408963046	6827	6123.58	5.2e-19	1.1e-15	14.96
taacaa	taacaa|ttgtta	0.0011721621977	0.0013028412980	3517	3909.09	1.00000	2.1e+03	-3.32
taacca	taacca|tggtta	0.0004719310981	0.0005189127594	1416	1556.97	0.99986	2.1e+03	-3.32
taacga	taacga|tcgtta	0.0004782635069	0.0004833684165	1435	1450.32	0.65976	1.4e+03	-3.14
taacta	taacta|tagtta	0.0007555563554	0.0007671943728	2267	2301.92	0.76942	1.6e+03	-3.20
taagaa	taagaa|ttctta	0.0012954775269	0.0013841104925	3887	4152.94	0.99999	2.1e+03	-3.32
taagca	taagca|tgctta	0.0006205760626	0.0006315065740	1862	1894.80	0.77744	1.6e+03	-3.21
taagga	taagga|tcctta	0.0005889140186	0.0006439471111	1767	1932.12	0.99993	2.1e+03	-3.32
taagta	taagta|tactta	0.0008022162098	0.0007758557545	2407	2327.91	0.05219	1.1e+02	-2.04
taataa	taataa|ttatta	0.0021290224960	0.0023562688379	6388	7069.84	1.00000	2.1e+03	-3.32
taatca	taatca|tgatta	0.0008152143120	0.0008394742904	2446	2518.79	0.92851	1.9e+03	-3.29
taatga	taatga|tcatta	0.0009751909555	0.0009471920024	2926	2841.99	0.05906	1.2e+02	-2.09
taatta	taatta|taatta	0.0007678878884	0.0007143292395	2304	2143.30	0.00031	6.4e-01	0.19
tacaaa	tacaaa|tttgta	0.0011804943145	0.0012072582799	3542	3622.30	0.91079	1.9e+03	-3.28
tacaca	tacaca|tgtgta	0.0006925655521	0.0007183951550	2078	2155.50	0.95423	2.0e+03	-3.30
tacaga	tacaga|tctgta	0.0006089110990	0.0005757579487	1827	1727.53	0.00905	1.9e+01	-1.27
tacata	tacata|tatgta	0.0013767989873	0.0013245491463	4131	3974.23	0.00681	1.4e+01	-1.15
taccaa	taccaa|ttggta	0.0006225757706	0.0006652231644	1868	1995.96	0.99816	2.1e+03	-3.32
taccca	taccca|tgggta	0.0002916240895	0.0003822381447	875	1146.88	1.00000	2.1e+03	-3.32
taccga	taccga|tcggta	0.0002476305126	0.0002506025800	743	751.92	0.63236	1.3e+03	-3.12
taccta	taccta|taggta	0.0004765970835	0.0004420750236	1430	1326.42	0.00256	5.3e+00	-0.73
tacgaa	tacgaa|ttcgta	0.0005179243830	0.0005496238150	1554	1649.11	0.99121	2.1e+03	-3.31
tacgca	tacgca|tgcgta	0.0003362842358	0.0003594625497	1009	1078.55	0.98429	2.0e+03	-3.31
tacgga	tacgga|tccgta	0.0002986230677	0.0003213351467	896	964.15	0.98722	2.1e+03	-3.31
tacgta	tacgta|tacgta	0.0003262856956	0.0002779280449	979	833.91	5.3e-07	1.1e-03	2.95
tactaa	tactaa|ttagta	0.0009122001521	0.0009883567291	2737	2965.50	0.99999	2.1e+03	-3.32
tactca	tactca|tgagta	0.0004779302222	0.0005265874000	1434	1579.99	0.99991	2.1e+03	-3.32
tactga	tactga|tcagta	0.0005519194198	0.0005843584893	1656	1753.33	0.99075	2.1e+03	-3.31
tagaaa	tagaaa|tttcta	0.0014284581118	0.0015797628838	4286	4739.98	1.00000	2.1e+03	-3.32
tagaca	tagaca|tgtcta	0.0003639468638	0.0004109100069	1092	1232.91	0.99998	2.1e+03	-3.32
tagaga	tagaga|tctcta	0.0005599182519	0.0005985163187	1680	1795.81	0.99721	2.1e+03	-3.32
tagata	tagata|tatcta	0.0008018829251	0.0007924540510	2406	2377.71	0.28351	5.9e+02	-2.77
tagcaa	tagcaa|ttgcta	0.0006692356249	0.0007392852474	2008	2218.18	1.00000	2.1e+03	-3.32
tagcca	tagcca|tggcta	0.0003166204401	0.0003764589214	950	1129.54	1.00000	2.1e+03	-3.32
tagcga	tagcga|tcgcta	0.0003002894911	0.0003011700317	901	903.64	0.53945	1.1e+03	-3.05
tagcta	tagcta|tagcta	0.0002079696364	0.0002039264321	624	611.87	0.31721	6.6e+02	-2.82
taggaa	taggaa|ttccta	0.0007185617567	0.0007470969698	2156	2241.62	0.96622	2.0e+03	-3.30
taggca	taggca|tgccta	0.0003089548926	0.0003270941830	927	981.43	0.96121	2.0e+03	-3.30
taggga	taggga|tcccta	0.0002786259873	0.0003076615912	836	923.12	0.99828	2.1e+03	-3.32
tagtaa	tagtaa|ttacta	0.0009918551891	0.0010761353413	2976	3228.88	1.00000	2.1e+03	-3.32
tagtca	tagtca|tgacta	0.0004632656965	0.0004686068213	1390	1406.03	0.66903	1.4e+03	-3.14
tagtga	tagtga|tcacta	0.0005645842374	0.0005920491409	1694	1776.41	0.97611	2.0e+03	-3.31
tataaa	tataaa|tttata	0.0024699727173	0.0024242510840	7411	7273.82	0.05463	1.1e+02	-2.06
tataca	tataca|tgtata	0.0013544689142	0.0013491901076	4064	4048.16	0.40373	8.4e+02	-2.92
tataga	tataga|tctata	0.0009975210286	0.0009927470201	2993	2978.68	0.39887	8.3e+02	-2.92
tatata	tatata|tatata	0.0025722911122	0.0021892524480	7718	6568.72	1.2e-43	2.4e-40	39.62
tatcaa	tatcaa|ttgata	0.0012544835121	0.0013090539132	3764	3927.74	0.99583	2.1e+03	-3.32
tatcca	tatcca|tggata	0.0004739308061	0.0005153300717	1422	1546.22	0.99934	2.1e+03	-3.32
tatcga	tatcga|tcgata	0.0004079404407	0.0004307436607	1224	1292.42	0.97321	2.0e+03	-3.31
tatgaa	tatgaa|ttcata	0.0010251836565	0.0009056064785	3076	2717.22	8.1e-12	1.7e-08	7.77
tatgca	tatgca|tgcata	0.0006099109530	0.0005580760867	1830	1674.47	9.3e-05	1.9e-01	0.71
tatgga	tatgga|tccata	0.0005262564999	0.0005110887362	1579	1533.49	0.12541	2.6e+02	-2.42
tattaa	tattaa|ttaata	0.0016187636605	0.0017716305501	4857	5315.67	1.00000	2.1e+03	-3.32
tattca	tattca|tgaata	0.0011358341682	0.0012153089621	3408	3646.46	0.99997	2.1e+03	-3.32
tattga	tattga|tcaata	0.0010898408832	0.0011307999514	3270	3392.90	0.98341	2.0e+03	-3.31
tcaaaa	tcaaaa|ttttga	0.0017334135883	0.0017417505861	5201	5226.01	0.63729	1.3e+03	-3.12
tcaaca	tcaaca|tgttga	0.0007665547497	0.0008665308227	2300	2599.97	1.00000	2.1e+03	-3.32
tcaaga	tcaaga|tcttga	0.0008328783998	0.0008724277887	2499	2617.67	0.99048	2.1e+03	-3.31
tcacaa	tcacaa|ttgtga	0.0005869143105	0.0006192829961	1761	1858.12	0.98875	2.1e+03	-3.31
tcacca	tcacca|tggtga	0.0004286040905	0.0004561911755	1286	1368.77	0.98840	2.1e+03	-3.31
tcacga	tcacga|tcgtga	0.0002686274471	0.0002883083457	806	865.05	0.97948	2.0e+03	-3.31
tcagaa	tcagaa|ttctga	0.0006632365008	0.0006721195916	1990	2016.65	0.72658	1.5e+03	-3.18
tcagca	tcagca|tgctga	0.0004419354774	0.0005006728154	1326	1502.24	1.00000	2.1e+03	-3.32
tcagga	tcagga|tcctga	0.0002942903669	0.0003225910429	883	967.91	0.99730	2.1e+03	-3.32
tcataa	tcataa|ttatga	0.0008562083269	0.0009218015478	2569	2765.81	0.99993	2.1e+03	-3.32
tcatca	tcatca|tgatga	0.0008438767940	0.0009019768618	2532	2706.33	0.99966	2.1e+03	-3.32
tcatga	tcatga|tcatga	0.0002332992716	0.0002399599545	700	719.98	0.77666	1.6e+03	-3.21
tccaaa	tccaaa|tttgga	0.0006545710993	0.0007087958485	1964	2126.70	0.99983	2.1e+03	-3.32
tccaca	tccaca|tgtgga	0.0003186201481	0.0003977620401	956	1193.46	1.00000	2.1e+03	-3.32
tccaga	tccaga|tctgga	0.0003082883232	0.0003145658189	925	943.84	0.73440	1.5e+03	-3.18
tcccaa	tcccaa|ttggga	0.0003886099296	0.0003752905109	1166	1126.04	0.12011	2.5e+02	-2.40
tcccca	tcccca|tgggga	0.0002146353299	0.0002500451266	644	750.24	0.99997	2.1e+03	-3.32
tcccga	tcccga|tcggga	0.0001419792710	0.0001333198831	426	400.02	0.10218	2.1e+02	-2.33
tccgaa	tccgaa|ttcgga	0.0003152873014	0.0003205821191	946	961.89	0.70006	1.5e+03	-3.16
tccgca	tccgca|tgcgga	0.0002396316804	0.0002529351512	719	758.92	0.92983	1.9e+03	-3.29
tccgga	tccgga|tccgga	0.0000789884677	0.0001018841057	237	305.70	0.99998	2.1e+03	-3.32
tcctaa	tcctaa|ttagga	0.0004952610252	0.0005302334760	1486	1590.93	0.99621	2.1e+03	-3.32
tcctca	tcctca|tgagga	0.0004466014629	0.0004940691913	1340	1482.42	0.99992	2.1e+03	-3.32
tcgaaa	tcgaaa|tttcga	0.0006862331433	0.0007491619827	2059	2247.81	0.99997	2.1e+03	-3.32
tcgaca	tcgaca|tgtcga	0.0002206344540	0.0002458250310	662	737.58	0.99779	2.1e+03	-3.32
tcgaga	tcgaga|tctcga	0.0004176056962	0.0004302286297	1253	1290.87	0.85746	1.8e+03	-3.25
tcgcaa	tcgcaa|ttgcga	0.0003622804404	0.0003816250419	1087	1145.04	0.95911	2.0e+03	-3.30
tcgcca	tcgcca|tggcga	0.0002253004395	0.0002415035738	676	724.62	0.96710	2.0e+03	-3.30
tcgcga	tcgcga|tcgcga	0.0000946528474	0.0000904891755	284	271.51	0.23189	4.8e+02	-2.68
tcggaa	tcggaa|ttccga	0.0003309516811	0.0003583242734	993	1075.13	0.99459	2.1e+03	-3.32
tcggca	tcggca|tgccga	0.0001896389794	0.0002076489150	569	623.04	0.98650	2.1e+03	-3.31
tcgtaa	tcgtaa|ttacga	0.0004142728495	0.0004268579989	1243	1280.76	0.85770	1.8e+03	-3.25
tcgtca	tcgtca|tgacga	0.0003089548926	0.0003212689986	927	963.95	0.88664	1.8e+03	-3.27
tctaaa	tctaaa|tttaga	0.0008195470128	0.0008690329752	2459	2607.48	0.99838	2.1e+03	-3.32
tctaca	tctaca|tgtaga	0.0005952464274	0.0005807145810	1786	1742.40	0.15089	3.1e+02	-2.50
tctaga	tctaga|tctaga	0.0001763075924	0.0001957063576	529	587.20	0.99301	2.1e+03	-3.32
tctcaa	tctcaa|ttgaga	0.0007268938735	0.0007673503144	2181	2302.39	0.99478	2.1e+03	-3.32
tctcca	tctcca|tggaga	0.0004046075940	0.0004402794637	1214	1321.03	0.99863	2.1e+03	-3.32
tctgaa	tctgaa|ttcaga	0.0006122439457	0.0006423207366	1837	1927.24	0.98126	2.0e+03	-3.31
tctgca	tctgca|tgcaga	0.0004869289084	0.0004861313416	1461	1458.61	0.47850	1.0e+03	-3.00
tcttaa	tcttaa|ttaaga	0.0008302121224	0.0008478677324	2491	2543.97	0.85568	1.8e+03	-3.25
tcttca	tcttca|tgaaga	0.0009002019039	0.0009550415532	2701	2865.54	0.99907	2.1e+03	-3.32
tgaaaa	tgaaaa|ttttca	0.0025926214773	0.0025120973427	7779	7537.39	0.00282	5.9e+00	-0.77
tgaaca	tgaaca|tgttca	0.0006355738729	0.0006665594821	1907	1999.97	0.98229	2.0e+03	-3.31
tgacaa	tgacaa|ttgtca	0.0006549043840	0.0007013315175	1965	2104.30	0.99896	2.1e+03	-3.32
tgacca	tgacca|tggtca	0.0002899576662	0.0002855490862	870	856.77	0.33015	6.9e+02	-2.84
tgagaa	tgagaa|ttctca	0.0008992020498	0.0009310574358	2698	2793.58	0.96608	2.0e+03	-3.30
tgagca	tgagca|tgctca	0.0003956089078	0.0004283071932	1187	1285.11	0.99731	2.1e+03	-3.32
tgataa	tgataa|ttatca	0.0013104753373	0.0011654082999	3932	3496.74	2.7e-13	5.6e-10	9.25
tgatca	tgatca|tgatca	0.0002406315345	0.0002466357179	722	740.02	0.75093	1.6e+03	-3.19
tgcaaa	tgcaaa|tttgca	0.0009122001521	0.0009048665212	2737	2715.00	0.33887	7.0e+02	-2.85
tgcaca	tgcaca|tgtgca	0.0004166058422	0.0004607278845	1250	1382.39	0.99986	2.1e+03	-3.32
tgccaa	tgccaa|ttggca	0.0004909283245	0.0005147143649	1473	1544.37	0.96708	2.0e+03	-3.30
tgccca	tgccca|tgggca	0.0002299664249	0.0002586603373	690	776.09	0.99922	2.1e+03	-3.32
tgcgaa	tgcgaa|ttcgca	0.0003452829220	0.0003548625249	1036	1064.74	0.81470	1.7e+03	-3.23
tgcgca	tgcgca|tgcgca	0.0001176494898	0.0001240865189	353	372.31	0.84791	1.8e+03	-3.25
tgctaa	tgctaa|ttagca	0.0005545856972	0.0005356255555	1664	1607.11	0.08031	1.7e+02	-2.22
tggaaa	tggaaa|tttcca	0.0010831751898	0.0011483357475	3250	3445.51	0.99963	2.1e+03	-3.32
tggaca	tggaca|tgtcca	0.0002852916807	0.0002990710943	856	897.34	0.91962	1.9e+03	-3.28
tggcaa	tggcaa|ttgcca	0.0005515861351	0.0005335198677	1655	1600.79	0.09022	1.9e+02	-2.27
tggcca	tggcca|tggcca	0.0001186493439	0.0001208201111	356	362.51	0.64087	1.3e+03	-3.12
tgggaa	tgggaa|ttccca	0.0004516007330	0.0004626074380	1355	1388.02	0.81573	1.7e+03	-3.23
tggtaa	tggtaa|ttacca	0.0005982459894	0.0006361721460	1795	1908.80	0.99585	2.1e+03	-3.32
tgtaaa	tgtaaa|tttaca	0.0011604972341	0.0011414629827	3482	3424.89	0.16650	3.5e+02	-2.54
tgtaca	tgtaca|tgtaca	0.0002989563524	0.0002965454086	897	889.77	0.40863	8.5e+02	-2.93
tgtcaa	tgtcaa|ttgaca	0.0005935800040	0.0005895525399	1781	1768.92	0.39006	8.1e+02	-2.91
tgtgaa	tgtgaa|ttcaca	0.0006285748947	0.0006410879258	1886	1923.54	0.80697	1.7e+03	-3.22
tgttaa	tgttaa|ttaaca	0.0008695397139	0.0008449972221	2609	2535.36	0.07359	1.5e+02	-2.18
ttaaaa	ttaaaa|ttttaa	0.0020880284812	0.0020476925117	6265	6143.97	0.06223	1.3e+02	-2.11
ttacaa	ttacaa|ttgtaa	0.0009541940210	0.0009771440076	2863	2931.86	0.90036	1.9e+03	-3.27
ttagaa	ttagaa|ttctaa	0.0008905366483	0.0009667826624	2672	2900.77	0.99999	2.1e+03	-3.32
ttataa	ttataa|ttataa	0.0008265459910	0.0008276141933	2480	2483.21	0.52832	1.1e+03	-3.04
ttcaaa	ttcaaa|tttgaa	0.0015441078936	0.0015686324034	4633	4706.58	0.86018	1.8e+03	-3.25
ttccaa	ttccaa|ttggaa	0.0008482094947	0.0008595626975	2545	2579.06	0.75148	1.6e+03	-3.19
ttcgaa	ttcgaa|ttcgaa	0.0003216197102	0.0003192402992	965	957.86	0.41306	8.6e+02	-2.93
ttgaaa	ttgaaa|tttcaa	0.0019247189910	0.0019589269221	5775	5877.64	0.91124	1.9e+03	-3.28
ttgcaa	ttgcaa|ttgcaa	0.0004039410246	0.0004370967544	1212	1311.48	0.99739	2.1e+03	-3.32
tttaaa	tttaaa|tttaaa	0.0009431956268	0.0009632550807	2830	2890.19	0.87082	1.8e+03	-3.26
; Host name	eduroam-1-5-149.univ-amu.fr
; Job started	2026-05-18.153056
; Job done	2026-05-18.153057
; Seconds	1.87
;	user	1.87
;	system	0.01
;	cuser	0
;	csystem	0
