; oligo-analysis  -v 1 -i data/seq/yeast_MET_upstream.fasta -format fasta -l 6 -1str -bg upstream-noorf -org Saccharomyces_cerevisiae -return freq,occ,proba -seqtype dna -pseudo 0 -o results/oligo-analysis/yeast_MET_upstream-noorf/bg-upstream-noorf/oligos_yeast_MET_upstream_k6_1str_bg-upstream-noorf_enriched.tsv
; Citation: van Helden et al. (1998). J Mol Biol 281(5), 827-42. 
; Program version              	1.169
; Slow counting mode           
; Detection of over-represented words (right-tail test)
; Oligomer length              	6
; Input file                   	data/seq/yeast_MET_upstream.fasta
; Input format                 	fasta
; Output file                  	results/oligo-analysis/yeast_MET_upstream-noorf/bg-upstream-noorf/oligos_yeast_MET_upstream_k6_1str_bg-upstream-noorf_enriched.tsv
; Count overlapping matches
; Counted on a single strand
; Background model             	upstream-noorf
; Organism                     	Saccharomyces_cerevisiae
; Background estimation method 	Frequency file
; Expected frequency file      	$RSAT/public_html/data/genomes/Saccharomyces_cerevisiae/oligo-frequencies/6nt_upstream-noorf_Saccharomyces_cerevisiae-ovlp-1str.freq
; Sequence type                	DNA
; Nb of sequences              	19
; Sum of sequence lengths      	9485
; discarded residues           		 (other letters than ACGT)
; discarded occurrences        		 (contain discarded residues)
; nb possible positions        	9390
; total oligo occurrences      	9390
; alphabet size                	4
; nb possible oligomers        	4096
; oligomers tested for significance	4096
; Sequences:
;	MET8	463
;	MET32	547
;	MET18	568
;	MET30	177
;	MET28	489
;	MET6	687
;	MET10	338
;	MET13	380
;	MET3	800
;	MET14	800
;	MET1	702
;	MET17	800
;	MET2	481
;	MET4	800
;	MET22	215
;	MET7	250
;	MET31	161
;	MET12	384
;	MET16	443
;
; column headers
;	1	seq            	oligomer sequence
;	2	id             	oligomer identifier
;	3	obs_freq       	observed relative frequency
;	4	exp_freq       	expected relative frequency
;	5	occ            	observed occurrences
;	6	exp_occ        	expected occurrences
;	7	occ_P          	occurrence probability (binomial)
;	8	occ_E          	E-value for occurrences (binomial)
;	9	occ_sig        	occurrence significance (binomial)
#seq	id	obs_freq	exp_freq	occ	exp_occ	occ_P	occ_E	occ_sig
aaaaaa	aaaaaa	0.0040468583600	0.0056171029846	38	52.74	0.98596	4.0e+03	-3.61
aaaaac	aaaaac	0.0003194888179	0.0009931398854	3	9.33	0.99522	4.1e+03	-3.61
aaaaag	aaaaag	0.0017039403621	0.0017394145252	16	16.33	0.56604	2.3e+03	-3.37
aaaaat	aaaaat	0.0015974440895	0.0020694589943	15	19.43	0.87146	3.6e+03	-3.55
aaaaca	aaaaca	0.0004259850905	0.0010352305768	4	9.72	0.98736	4.0e+03	-3.61
aaaacc	aaaacc	0.0001064962726	0.0004309285073	1	4.05	0.98253	4.0e+03	-3.60
aaaacg	aaaacg	0.0002129925453	0.0004422863129	2	4.15	0.91906	3.8e+03	-3.58
aaaact	aaaact	0.0006389776358	0.0006971688331	6	6.55	0.63775	2.6e+03	-3.42
aaaaga	aaaaga	0.0013844515442	0.0015386486082	13	14.45	0.68433	2.8e+03	-3.45
aaaagc	aaaagc	0.0010649627263	0.0006687743191	10	6.28	0.10446	4.3e+02	-2.63
aaaagg	aaaagg	0.0012779552716	0.0008424819344	12	7.91	0.10551	4.3e+02	-2.64
aaaagt	aaaagt	0.0015974440895	0.0009126330868	15	8.57	0.02907	1.2e+02	-2.08
aaaata	aaaata	0.0017039403621	0.0016836276564	16	15.81	0.51429	2.1e+03	-3.32
aaaatc	aaaatc	0.0003194888179	0.0006630954163	3	6.23	0.94746	3.9e+03	-3.59
aaaatg	aaaatg	0.0009584664537	0.0008347987130	9	7.84	0.38495	1.6e+03	-3.20
aaaatt	aaaatt	0.0009584664537	0.0014845320050	9	13.94	0.93623	3.8e+03	-3.58
aaacaa	aaacaa	0.0004259850905	0.0011250908624	4	10.56	0.99321	4.1e+03	-3.61
aaacac	aaacac	0.0002129925453	0.0003791502758	2	3.56	0.87039	3.6e+03	-3.55
aaacag	aaacag	0.0005324813632	0.0004746894642	5	4.46	0.45980	1.9e+03	-3.27
aaacat	aaacat	0.0001064962726	0.0006210047248	1	5.83	0.99707	4.1e+03	-3.61
aaacca	aaacca	0.0002129925453	0.0003834929662	2	3.60	0.87446	3.6e+03	-3.55
aaaccc	aaaccc	0.0001064962726	0.0002054426605	1	1.93	0.85475	3.5e+03	-3.54
aaaccg	aaaccg	0.0001064962726	0.0001750438278	1	1.64	0.80676	3.3e+03	-3.52
aaacct	aaacct	0.0001064962726	0.0003193547697	1	3.00	0.95017	3.9e+03	-3.59
aaacga	aaacga	0.0000000000000	0.0003898399752	0	3.66	1.00000	4.1e+03	-3.61
aaacgc	aaacgc	0.0002129925453	0.0002762619190	2	2.59	0.73152	3.0e+03	-3.48
aaacgg	aaacgg	0.0002129925453	0.0002455290332	2	2.31	0.67045	2.7e+03	-3.44
aaacgt	aaacgt	0.0001064962726	0.0002929645743	1	2.75	0.93616	3.8e+03	-3.58
aaacta	aaacta	0.0008519701810	0.0005461768290	8	5.13	0.14709	6.0e+02	-2.78
aaactc	aaactc	0.0002129925453	0.0002819408218	2	2.65	0.74168	3.0e+03	-3.48
aaactg	aaactg	0.0005324813632	0.0003878356566	5	3.64	0.30155	1.2e+03	-3.09
aaactt	aaactt	0.0003194888179	0.0005919421046	3	5.56	0.91523	3.7e+03	-3.57
aaagaa	aaagaa	0.0014909478168	0.0015971079018	14	15.00	0.63663	2.6e+03	-3.42
aaagac	aaagac	0.0005324813632	0.0003891718690	5	3.65	0.30397	1.2e+03	-3.10
aaagag	aaagag	0.0003194888179	0.0006530738231	3	6.13	0.94374	3.9e+03	-3.59
aaagat	aaagat	0.0006389776358	0.0006280198401	6	5.90	0.53770	2.2e+03	-3.34
aaagca	aaagca	0.0005324813632	0.0005902718391	5	5.54	0.64916	2.7e+03	-3.42
aaagcc	aaagcc	0.0004259850905	0.0002528782016	4	2.37	0.21595	8.8e+02	-2.95
aaagcg	aaagcg	0.0005324813632	0.0002752597597	5	2.58	0.12039	4.9e+02	-2.69
aaagct	aaagct	0.0004259850905	0.0004179004361	4	3.92	0.55160	2.3e+03	-3.35
aaagga	aaagga	0.0009584664537	0.0006727829563	9	6.32	0.18714	7.7e+02	-2.88
aaaggc	aaaggc	0.0004259850905	0.0003500876555	4	3.29	0.41687	1.7e+03	-3.23
aaaggg	aaaggg	0.0004259850905	0.0004446246847	4	4.18	0.60000	2.5e+03	-3.39
aaaggt	aaaggt	0.0005324813632	0.0004329328259	5	4.07	0.38391	1.6e+03	-3.20
aaagta	aaagta	0.0009584664537	0.0007045180015	9	6.62	0.22226	9.1e+02	-2.96
aaagtc	aaagtc	0.0005324813632	0.0002792683970	5	2.62	0.12573	5.1e+02	-2.71
aaagtg	aaagtg	0.0001064962726	0.0004543122247	1	4.27	0.98598	4.0e+03	-3.61
aaagtt	aaagtt	0.0009584664537	0.0006624273100	9	6.22	0.17625	7.2e+02	-2.86
aaataa	aaataa	0.0015974440895	0.0015403188737	15	14.46	0.47861	2.0e+03	-3.29
aaatac	aaatac	0.0006389776358	0.0006630954163	6	6.23	0.59004	2.4e+03	-3.38
aaatag	aaatag	0.0005324813632	0.0007439362680	5	6.99	0.82579	3.4e+03	-3.53
aaatat	aaatat	0.0013844515442	0.0013258567794	13	12.45	0.47537	1.9e+03	-3.29
aaatca	aaatca	0.0004259850905	0.0006046361226	4	5.68	0.81770	3.3e+03	-3.52
aaatcc	aaatcc	0.0003194888179	0.0002999796896	3	2.82	0.53457	2.2e+03	-3.34
aaatcg	aaatcg	0.0001064962726	0.0002598933168	1	2.44	0.91290	3.7e+03	-3.57
aaatct	aaatct	0.0003194888179	0.0004613273400	3	4.33	0.80667	3.3e+03	-3.52
aaatga	aaatga	0.0005324813632	0.0006891515586	5	6.47	0.77318	3.2e+03	-3.50
aaatgc	aaatgc	0.0005324813632	0.0003985253560	5	3.74	0.32092	1.3e+03	-3.12
aaatgg	aaatgg	0.0003194888179	0.0003684605764	3	3.46	0.67171	2.8e+03	-3.44
aaatgt	aaatgt	0.0006389776358	0.0005284720144	6	4.96	0.37743	1.5e+03	-3.19
aaatta	aaatta	0.0001064962726	0.0009437000257	1	8.86	0.99986	4.1e+03	-3.61
aaattc	aaattc	0.0001064962726	0.0005408319793	1	5.08	0.99378	4.1e+03	-3.61
aaattg	aaattg	0.0006389776358	0.0005732351306	6	5.38	0.45089	1.8e+03	-3.27
aaattt	aaattt	0.0013844515442	0.0013469021251	13	12.65	0.49771	2.0e+03	-3.31
aacaaa	aacaaa	0.0006389776358	0.0010689699406	6	10.04	0.93442	3.8e+03	-3.58
aacaac	aacaac	0.0002129925453	0.0004499695344	2	4.23	0.92364	3.8e+03	-3.58
aacaag	aacaag	0.0003194888179	0.0005161120494	3	4.85	0.86186	3.5e+03	-3.55
aacaat	aacaat	0.0003194888179	0.0007613070295	3	7.15	0.97355	4.0e+03	-3.60
aacaca	aacaca	0.0002129925453	0.0003794843289	2	3.56	0.87071	3.6e+03	-3.55
aacacc	aacacc	0.0003194888179	0.0002147961474	3	2.02	0.32791	1.3e+03	-3.13
aacacg	aacacg	0.0002129925453	0.0001453131013	2	1.36	0.39586	1.6e+03	-3.21
aacact	aacact	0.0006389776358	0.0002842791936	6	2.67	0.05428	2.2e+02	-2.35
aacaga	aacaga	0.0006389776358	0.0003968550904	6	3.73	0.17367	7.1e+02	-2.85
aacagc	aacagc	0.0002129925453	0.0002769300252	2	2.60	0.73273	3.0e+03	-3.48
aacagg	aacagg	0.0003194888179	0.0002147961474	3	2.02	0.32791	1.3e+03	-3.13
aacagt	aacagt	0.0004259850905	0.0003684605764	4	3.46	0.45470	1.9e+03	-3.27
aacata	aacata	0.0003194888179	0.0005835907769	3	5.48	0.91044	3.7e+03	-3.57
aacatc	aacatc	0.0003194888179	0.0003046564331	3	2.86	0.54493	2.2e+03	-3.35
aacatg	aacatg	0.0005324813632	0.0002435247146	5	2.29	0.08218	3.4e+02	-2.53
aacatt	aacatt	0.0003194888179	0.0005187844743	3	4.87	0.86416	3.5e+03	-3.55
aaccaa	aaccaa	0.0002129925453	0.0003861653910	2	3.63	0.87690	3.6e+03	-3.56
aaccac	aaccac	0.0002129925453	0.0001870697396	2	1.76	0.52414	2.1e+03	-3.33
aaccag	aaccag	0.0005324813632	0.0001780503057	5	1.67	0.02785	1.1e+02	-2.06
aaccat	aaccat	0.0002129925453	0.0002859494591	2	2.69	0.74866	3.1e+03	-3.49
aaccca	aaccca	0.0002129925453	0.0001633519690	2	1.53	0.45346	1.9e+03	-3.27
aacccc	aacccc	0.0000000000000	0.0001102375251	0	1.04	1.00000	4.1e+03	-3.61
aacccg	aacccg	0.0000000000000	0.0000858516484	0	0.81	1.00000	4.1e+03	-3.61
aaccct	aaccct	0.0001064962726	0.0001793865182	1	1.68	0.81448	3.3e+03	-3.52
aaccga	aaccga	0.0001064962726	0.0001282763929	1	1.20	0.70019	2.9e+03	-3.46
aaccgc	aaccgc	0.0000000000000	0.0001229315432	0	1.15	1.00000	4.1e+03	-3.61
aaccgg	aaccgg	0.0001064962726	0.0000818430111	1	0.77	0.53631	2.2e+03	-3.34
aaccgt	aaccgt	0.0000000000000	0.0001516601103	0	1.42	1.00000	4.1e+03	-3.61
aaccta	aaccta	0.0004259850905	0.0002061107667	4	1.94	0.13139	5.4e+02	-2.73
aacctc	aacctc	0.0002129925453	0.0001813908368	2	1.70	0.50779	2.1e+03	-3.32
aacctg	aacctg	0.0001064962726	0.0001550006414	1	1.46	0.76673	3.1e+03	-3.50
aacctt	aacctt	0.0003194888179	0.0003250336726	3	3.05	0.58841	2.4e+03	-3.38
aacgaa	aacgaa	0.0000000000000	0.0004078788429	0	3.83	1.00000	4.1e+03	-3.61
aacgac	aacgac	0.0001064962726	0.0001696989781	1	1.59	0.79681	3.3e+03	-3.51
aacgag	aacgag	0.0001064962726	0.0001780503057	1	1.67	0.81214	3.3e+03	-3.52
aacgat	aacgat	0.0002129925453	0.0002505398298	2	2.35	0.68113	2.8e+03	-3.45
aacgca	aacgca	0.0001064962726	0.0002418544491	1	2.27	0.89682	3.7e+03	-3.57
aacgcc	aacgcc	0.0002129925453	0.0001202591183	2	1.13	0.31166	1.3e+03	-3.11
aacgcg	aacgcg	0.0001064962726	0.0001406363578	1	1.32	0.73304	3.0e+03	-3.48
aacgct	aacgct	0.0001064962726	0.0001613476504	1	1.52	0.78023	3.2e+03	-3.50
aacgga	aacgga	0.0001064962726	0.0001967572797	1	1.85	0.84241	3.5e+03	-3.54
aacggc	aacggc	0.0000000000000	0.0001319509770	0	1.24	1.00000	4.1e+03	-3.61
aacggg	aacggg	0.0001064962726	0.0001035564630	1	0.97	0.62184	2.5e+03	-3.41
aacggt	aacggt	0.0001064962726	0.0001760459871	1	1.65	0.80857	3.3e+03	-3.52
aacgta	aacgta	0.0004259850905	0.0002669084320	4	2.51	0.24375	1.0e+03	-3.00
aacgtc	aacgtc	0.0001064962726	0.0001372958267	1	1.29	0.72454	3.0e+03	-3.47
aacgtg	aacgtg	0.0001064962726	0.0001429747296	1	1.34	0.73884	3.0e+03	-3.48
aacgtt	aacgtt	0.0001064962726	0.0002752597597	1	2.58	0.92461	3.8e+03	-3.58
aactaa	aactaa	0.0007454739084	0.0005007456065	7	4.70	0.19562	8.0e+02	-2.90
aactac	aactac	0.0002129925453	0.0003016499551	2	2.83	0.77444	3.2e+03	-3.50
aactag	aactag	0.0000000000000	0.0002575549451	0	2.42	1.00000	4.1e+03	-3.61
aactat	aactat	0.0004259850905	0.0004583208620	4	4.30	0.62355	2.6e+03	-3.41
aactca	aactca	0.0005324813632	0.0002592252106	5	2.43	0.10017	4.1e+02	-2.61
aactcc	aactcc	0.0002129925453	0.0001560028007	2	1.46	0.43036	1.8e+03	-3.25
aactcg	aactcg	0.0002129925453	0.0001109056313	2	1.04	0.27947	1.1e+03	-3.06
aactct	aactct	0.0003194888179	0.0002605614230	3	2.45	0.44245	1.8e+03	-3.26
aactga	aactga	0.0001064962726	0.0002849472998	1	2.68	0.93116	3.8e+03	-3.58
aactgc	aactgc	0.0003194888179	0.0002311647496	3	2.17	0.36941	1.5e+03	-3.18
aactgg	aactgg	0.0001064962726	0.0001760459871	1	1.65	0.80857	3.3e+03	-3.52
aactgt	aactgt	0.0007454739084	0.0003076629110	7	2.89	0.02820	1.2e+02	-2.06
aactta	aactta	0.0002129925453	0.0003788162227	2	3.56	0.87007	3.6e+03	-3.55
aacttc	aacttc	0.0003194888179	0.0004152280113	3	3.90	0.74678	3.1e+03	-3.49
aacttg	aacttg	0.0007454739084	0.0003003137427	7	2.82	0.02521	1.0e+02	-2.01
aacttt	aacttt	0.0003194888179	0.0006453906016	3	6.06	0.94072	3.9e+03	-3.59
aagaaa	aagaaa	0.0020234291800	0.0017644685081	19	16.57	0.30625	1.3e+03	-3.10
aagaac	aagaac	0.0004259850905	0.0005174482619	4	4.86	0.71467	2.9e+03	-3.47
aagaag	aagaag	0.0005324813632	0.0007152077009	5	6.72	0.79957	3.3e+03	-3.52
aagaat	aagaat	0.0006389776358	0.0006744532219	6	6.33	0.60631	2.5e+03	-3.40
aagaca	aagaca	0.0004259850905	0.0003918442938	4	3.68	0.50157	2.1e+03	-3.31
aagacc	aagacc	0.0003194888179	0.0001650222346	3	1.55	0.20368	8.3e+02	-2.92
aagacg	aagacg	0.0000000000000	0.0001944189079	0	1.83	1.00000	4.1e+03	-3.61
aagact	aagact	0.0002129925453	0.0002411863428	2	2.26	0.66097	2.7e+03	-3.43
aagaga	aagaga	0.0005324813632	0.0006046361226	5	5.68	0.66954	2.7e+03	-3.44
aagagc	aagagc	0.0001064962726	0.0003126737076	1	2.94	0.94695	3.9e+03	-3.59
aagagg	aagagg	0.0005324813632	0.0003287082567	5	3.09	0.19946	8.2e+02	-2.91
aagagt	aagagt	0.0002129925453	0.0003427384872	2	3.22	0.83122	3.4e+03	-3.53
aagata	aagata	0.0007454739084	0.0005875994142	7	5.52	0.31670	1.3e+03	-3.11
aagatc	aagatc	0.0002129925453	0.0002993115834	2	2.81	0.77076	3.2e+03	-3.50
aagatg	aagatg	0.0004259850905	0.0003547643990	4	3.33	0.42657	1.7e+03	-3.24
aagatt	aagatt	0.0001064962726	0.0004629976055	1	4.35	0.98707	4.0e+03	-3.61
aagcaa	aagcaa	0.0004259850905	0.0005608751657	4	5.27	0.77051	3.2e+03	-3.50
aagcac	aagcac	0.0005324813632	0.0002552165733	5	2.40	0.09540	3.9e+02	-2.59
aagcag	aagcag	0.0001064962726	0.0002932986274	1	2.75	0.93636	3.8e+03	-3.58
aagcat	aagcat	0.0003194888179	0.0003614454612	3	3.39	0.65914	2.7e+03	-3.43
aagcca	aagcca	0.0006389776358	0.0002485355112	6	2.33	0.03181	1.3e+02	-2.11
aagccc	aagccc	0.0000000000000	0.0001256039680	0	1.18	1.00000	4.1e+03	-3.61
aagccg	aagccg	0.0001064962726	0.0001175866935	1	1.10	0.66853	2.7e+03	-3.44
aagcct	aagcct	0.0000000000000	0.0001897421645	0	1.78	1.00000	4.1e+03	-3.61
aagcga	aagcga	0.0001064962726	0.0002154642536	1	2.02	0.86780	3.6e+03	-3.55
aagcgc	aagcgc	0.0002129925453	0.0001686968187	2	1.58	0.46992	1.9e+03	-3.28
aagcgg	aagcgg	0.0004259850905	0.0001519941634	4	1.43	0.05683	2.3e+02	-2.37
aagcgt	aagcgt	0.0002129925453	0.0001810567837	2	1.70	0.50681	2.1e+03	-3.32
aagcta	aagcta	0.0002129925453	0.0002816067687	2	2.64	0.74110	3.0e+03	-3.48
aagctc	aagctc	0.0004259850905	0.0001927486424	4	1.81	0.11029	4.5e+02	-2.65
aagctg	aagctg	0.0002129925453	0.0002829429811	2	2.66	0.74344	3.0e+03	-3.48
aagctt	aagctt	0.0002129925453	0.0003651200453	2	3.43	0.85641	3.5e+03	-3.55
aaggaa	aaggaa	0.0005324813632	0.0007579664985	5	7.12	0.83755	3.4e+03	-3.54
aaggac	aaggac	0.0001064962726	0.0002051086073	1	1.93	0.85429	3.5e+03	-3.54
aaggag	aaggag	0.0004259850905	0.0002909602557	4	2.73	0.29299	1.2e+03	-3.08
aaggat	aaggat	0.0000000000000	0.0003477492838	0	3.27	1.00000	4.1e+03	-3.61
aaggca	aaggca	0.0001064962726	0.0003016499551	1	2.83	0.94116	3.9e+03	-3.59
aaggcc	aaggcc	0.0003194888179	0.0001493217386	3	1.40	0.16701	6.8e+02	-2.84
aaggcg	aaggcg	0.0003194888179	0.0001563368538	3	1.47	0.18315	7.5e+02	-2.88
aaggct	aaggct	0.0002129925453	0.0002211431565	2	2.08	0.61434	2.5e+03	-3.40
aaggga	aaggga	0.0005324813632	0.0003631157267	5	3.41	0.25759	1.1e+03	-3.02
aagggc	aagggc	0.0001064962726	0.0002051086073	1	1.93	0.85429	3.5e+03	-3.54
aagggg	aagggg	0.0002129925453	0.0002034383418	2	1.91	0.56919	2.3e+03	-3.37
aagggt	aagggt	0.0002129925453	0.0002274901655	2	2.14	0.62962	2.6e+03	-3.41
aaggta	aaggta	0.0002129925453	0.0003146780263	2	2.95	0.79405	3.3e+03	-3.51
aaggtc	aaggtc	0.0002129925453	0.0001613476504	2	1.52	0.44721	1.8e+03	-3.26
aaggtg	aaggtg	0.0004259850905	0.0002318328559	4	2.18	0.17611	7.2e+02	-2.86
aaggtt	aaggtt	0.0003194888179	0.0003427384872	3	3.22	0.62395	2.6e+03	-3.41
aagtaa	aagtaa	0.0005324813632	0.0006614251507	5	6.21	0.74226	3.0e+03	-3.48
aagtac	aagtac	0.0005324813632	0.0003026521144	5	2.84	0.15888	6.5e+02	-2.81
aagtag	aagtag	0.0001064962726	0.0003133418138	1	2.94	0.94728	3.9e+03	-3.59
aagtat	aagtat	0.0007454739084	0.0005004115534	7	4.70	0.19520	8.0e+02	-2.90
aagtca	aagtca	0.0004259850905	0.0002588911575	4	2.43	0.22776	9.3e+02	-2.97
aagtcc	aagtcc	0.0001064962726	0.0001249358618	1	1.17	0.69063	2.8e+03	-3.45
aagtcg	aagtcg	0.0002129925453	0.0001205931714	2	1.13	0.31281	1.3e+03	-3.11
aagtct	aagtct	0.0002129925453	0.0001904102707	2	1.79	0.53359	2.2e+03	-3.34
aagtga	aagtga	0.0003194888179	0.0003965210373	3	3.72	0.71855	2.9e+03	-3.47
aagtgc	aagtgc	0.0000000000000	0.0002381798649	0	2.24	1.00000	4.1e+03	-3.61
aagtgg	aagtgg	0.0000000000000	0.0002094512977	0	1.97	1.00000	4.1e+03	-3.61
aagtgt	aagtgt	0.0005324813632	0.0002902921495	5	2.73	0.14093	5.8e+02	-2.76
aagtta	aagtta	0.0005324813632	0.0004593230213	5	4.31	0.43210	1.8e+03	-3.25
aagttc	aagttc	0.0006389776358	0.0003143439731	6	2.95	0.07909	3.2e+02	-2.51
aagttg	aagttg	0.0004259850905	0.0003180185573	4	2.99	0.34967	1.4e+03	-3.16
aagttt	aagttt	0.0007454739084	0.0006073085475	7	5.70	0.34604	1.4e+03	-3.15
aataaa	aataaa	0.0013844515442	0.0015543491042	13	14.60	0.69770	2.9e+03	-3.46
aataac	aataac	0.0005324813632	0.0005538600505	5	5.20	0.59405	2.4e+03	-3.39
aataag	aataag	0.0007454739084	0.0006129874503	7	5.76	0.35455	1.5e+03	-3.16
aataat	aataat	0.0008519701810	0.0012884428315	8	12.10	0.91485	3.7e+03	-3.57
aataca	aataca	0.0005324813632	0.0006073085475	5	5.70	0.67325	2.8e+03	-3.44
aatacc	aatacc	0.0003194888179	0.0003019840082	3	2.84	0.53903	2.2e+03	-3.34
aatacg	aatacg	0.0000000000000	0.0002669084320	0	2.51	1.00000	4.1e+03	-3.61
aatact	aatact	0.0003194888179	0.0005234612178	3	4.92	0.86810	3.6e+03	-3.55
aataga	aataga	0.0005324813632	0.0005969529012	5	5.61	0.65874	2.7e+03	-3.43
aatagc	aatagc	0.0004259850905	0.0003721351606	4	3.49	0.46217	1.9e+03	-3.28
aatagg	aatagg	0.0004259850905	0.0003490854962	4	3.28	0.41479	1.7e+03	-3.23
aatagt	aatagt	0.0002129925453	0.0005926102108	2	5.56	0.97488	4.0e+03	-3.60
aatata	aatata	0.0014909478168	0.0013936695600	14	13.09	0.43648	1.8e+03	-3.25
aatatc	aatatc	0.0004259850905	0.0005685583871	4	5.34	0.77943	3.2e+03	-3.50
aatatg	aatatg	0.0006389776358	0.0005010796596	6	4.71	0.33244	1.4e+03	-3.13
aatatt	aatatt	0.0008519701810	0.0013432275409	8	12.61	0.93418	3.8e+03	-3.58
aatcaa	aatcaa	0.0003194888179	0.0005996253260	3	5.63	0.91942	3.8e+03	-3.58
aatcac	aatcac	0.0005324813632	0.0002926305212	5	2.75	0.14426	5.9e+02	-2.77
aatcag	aatcag	0.0001064962726	0.0002421885022	1	2.27	0.89714	3.7e+03	-3.57
aatcat	aatcat	0.0005324813632	0.0004563165434	5	4.28	0.42664	1.7e+03	-3.24
aatcca	aatcca	0.0004259850905	0.0002461971394	4	2.31	0.20304	8.3e+02	-2.92
aatccc	aatccc	0.0001064962726	0.0001529963227	1	1.44	0.76230	3.1e+03	-3.49
aatccg	aatccg	0.0000000000000	0.0001172526404	0	1.10	1.00000	4.1e+03	-3.61
aatcct	aatcct	0.0005324813632	0.0003063266986	5	2.88	0.16439	6.7e+02	-2.83
aatcga	aatcga	0.0000000000000	0.0002084491384	0	1.96	1.00000	4.1e+03	-3.61
aatcgc	aatcgc	0.0002129925453	0.0001463152606	2	1.37	0.39913	1.6e+03	-3.21
aatcgg	aatcgg	0.0000000000000	0.0001272742335	0	1.20	1.00000	4.1e+03	-3.61
aatcgt	aatcgt	0.0002129925453	0.0002431906615	2	2.28	0.66537	2.7e+03	-3.44
aatcta	aatcta	0.0001064962726	0.0003273720443	1	3.07	0.95379	3.9e+03	-3.59
aatctc	aatctc	0.0002129925453	0.0002612295292	2	2.45	0.70295	2.9e+03	-3.46
aatctg	aatctg	0.0001064962726	0.0002525441485	1	2.37	0.90668	3.7e+03	-3.57
aatctt	aatctt	0.0004259850905	0.0004713489332	4	4.43	0.64512	2.6e+03	-3.42
aatgaa	aatgaa	0.0005324813632	0.0007479449053	5	7.02	0.82922	3.4e+03	-3.53
aatgac	aatgac	0.0003194888179	0.0002575549451	3	2.42	0.43512	1.8e+03	-3.25
aatgag	aatgag	0.0002129925453	0.0003036542737	2	2.85	0.77756	3.2e+03	-3.50
aatgat	aatgat	0.0004259850905	0.0004877175354	4	4.58	0.67103	2.7e+03	-3.44
aatgca	aatgca	0.0002129925453	0.0003430725403	2	3.22	0.83163	3.4e+03	-3.53
aatgcc	aatgcc	0.0003194888179	0.0002010999701	3	1.89	0.29313	1.2e+03	-3.08
aatgcg	aatgcg	0.0004259850905	0.0001673606063	4	1.57	0.07492	3.1e+02	-2.49
aatgct	aatgct	0.0003194888179	0.0002826089280	3	2.65	0.49499	2.0e+03	-3.31
aatgga	aatgga	0.0001064962726	0.0003644519391	1	3.42	0.96738	4.0e+03	-3.60
aatggc	aatggc	0.0003194888179	0.0002221453158	3	2.09	0.34657	1.4e+03	-3.15
aatggg	aatggg	0.0002129925453	0.0001690308719	2	1.59	0.47094	1.9e+03	-3.29
aatggt	aatggt	0.0001064962726	0.0002448609270	1	2.30	0.89969	3.7e+03	-3.57
aatgta	aatgta	0.0005324813632	0.0005017477659	5	4.71	0.50753	2.1e+03	-3.32
aatgtc	aatgtc	0.0001064962726	0.0002198069440	1	2.06	0.87308	3.6e+03	-3.55
aatgtg	aatgtg	0.0004259850905	0.0002906262026	4	2.73	0.29230	1.2e+03	-3.08
aatgtt	aatgtt	0.0004259850905	0.0004302604011	4	4.04	0.57438	2.4e+03	-3.37
aattaa	aattaa	0.0005324813632	0.0007803480566	5	7.33	0.85494	3.5e+03	-3.54
aattac	aattac	0.0002129925453	0.0004539781716	2	4.26	0.92593	3.8e+03	-3.58
aattag	aattag	0.0000000000000	0.0004192366486	0	3.94	1.00000	4.1e+03	-3.61
aattat	aattat	0.0001064962726	0.0008835704665	1	8.30	0.99975	4.1e+03	-3.61
aattca	aattca	0.0001064962726	0.0005004115534	1	4.70	0.99091	4.1e+03	-3.61
aattcc	aattcc	0.0000000000000	0.0002485355112	0	2.33	1.00000	4.1e+03	-3.61
aattcg	aattcg	0.0001064962726	0.0002094512977	1	1.97	0.86012	3.5e+03	-3.55
aattct	aattct	0.0006389776358	0.0004843770043	6	4.55	0.30532	1.3e+03	-3.10
aattga	aattga	0.0004259850905	0.0005561984222	4	5.22	0.76493	3.1e+03	-3.50
aattgc	aattgc	0.0002129925453	0.0003544303459	2	3.33	0.84484	3.5e+03	-3.54
aattgg	aattgg	0.0003194888179	0.0002896240433	3	2.72	0.51118	2.1e+03	-3.32
aattgt	aattgt	0.0008519701810	0.0005458427759	8	5.13	0.14674	6.0e+02	-2.78
aattta	aattta	0.0008519701810	0.0007536238081	8	7.08	0.41269	1.7e+03	-3.23
aatttc	aatttc	0.0010649627263	0.0006694424253	10	6.29	0.10495	4.3e+02	-2.63
aatttg	aatttg	0.0009584664537	0.0005415000855	9	5.08	0.07371	3.0e+02	-2.48
aatttt	aatttt	0.0014909478168	0.0014868703767	14	13.96	0.53156	2.2e+03	-3.34
acaaaa	acaaaa	0.0008519701810	0.0010606186129	8	9.96	0.77623	3.2e+03	-3.50
acaaac	acaaac	0.0002129925453	0.0003794843289	2	3.56	0.87071	3.6e+03	-3.55
acaaag	acaaag	0.0003194888179	0.0003988594091	3	3.75	0.72221	3.0e+03	-3.47
acaaat	acaaat	0.0005324813632	0.0005718989182	5	5.37	0.62195	2.5e+03	-3.41
acaaca	acaaca	0.0004259850905	0.0004402819943	4	4.13	0.59236	2.4e+03	-3.38
acaacc	acaacc	0.0006389776358	0.0001800546244	6	1.69	0.00779	3.2e+01	-1.50
acaacg	acaacg	0.0001064962726	0.0001610135973	1	1.51	0.77954	3.2e+03	-3.50
acaact	acaact	0.0004259850905	0.0003116715483	4	2.93	0.33632	1.4e+03	-3.14
acaaga	acaaga	0.0002129925453	0.0004943985975	2	4.64	0.94568	3.9e+03	-3.59
acaagc	acaagc	0.0002129925453	0.0002341712276	2	2.20	0.64519	2.6e+03	-3.42
acaagg	acaagg	0.0000000000000	0.0002314988028	0	2.17	1.00000	4.1e+03	-3.61
acaagt	acaagt	0.0004259850905	0.0002789343439	4	2.62	0.26817	1.1e+03	-3.04
acaata	acaata	0.0002129925453	0.0007051861077	2	6.62	0.98987	4.1e+03	-3.61
acaatc	acaatc	0.0002129925453	0.0002689127507	2	2.53	0.71785	2.9e+03	-3.47
acaatg	acaatg	0.0001064962726	0.0002989775303	1	2.81	0.93966	3.8e+03	-3.59
acaatt	acaatt	0.0008519701810	0.0005602070595	8	5.26	0.16188	6.6e+02	-2.82
acacaa	acacaa	0.0004259850905	0.0003831589131	4	3.60	0.48435	2.0e+03	-3.30
acacac	acacac	0.0009584664537	0.0002926305212	9	2.75	0.00215	8.8e+00	-0.94
acacag	acacag	0.0003194888179	0.0002000978107	3	1.88	0.29059	1.2e+03	-3.08
acacat	acacat	0.0007454739084	0.0003711330012	7	3.48	0.06410	2.6e+02	-2.42
acacca	acacca	0.0004259850905	0.0002087831915	4	1.96	0.13580	5.6e+02	-2.75
acaccc	acaccc	0.0001064962726	0.0001289444991	1	1.21	0.70206	2.9e+03	-3.46
acaccg	acaccg	0.0001064962726	0.0001219293838	1	1.14	0.68177	2.8e+03	-3.45
acacct	acacct	0.0001064962726	0.0001643541284	1	1.54	0.78635	3.2e+03	-3.51
acacga	acacga	0.0001064962726	0.0001406363578	1	1.32	0.73304	3.0e+03	-3.48
acacgc	acacgc	0.0001064962726	0.0001042245692	1	0.98	0.62421	2.6e+03	-3.41
acacgg	acacgg	0.0000000000000	0.0000684808868	0	0.64	1.00000	4.1e+03	-3.61
acacgt	acacgt	0.0000000000000	0.0001506579510	0	1.41	1.00000	4.1e+03	-3.61
acacta	acacta	0.0002129925453	0.0002418544491	2	2.27	0.66244	2.7e+03	-3.43
acactc	acactc	0.0001064962726	0.0001366277205	1	1.28	0.72280	3.0e+03	-3.47
acactg	acactg	0.0003194888179	0.0001666925001	3	1.57	0.20769	8.5e+02	-2.93
acactt	acactt	0.0006389776358	0.0003223612477	6	3.03	0.08663	3.5e+02	-2.55
acagaa	acagaa	0.0005324813632	0.0004589889682	5	4.31	0.43149	1.8e+03	-3.25
acagac	acagac	0.0001064962726	0.0001553346945	1	1.46	0.76746	3.1e+03	-3.50
acagag	acagag	0.0004259850905	0.0001967572797	4	1.85	0.11645	4.8e+02	-2.68
acagat	acagat	0.0002129925453	0.0002625657417	2	2.47	0.70559	2.9e+03	-3.46
acagca	acagca	0.0001064962726	0.0002866175653	1	2.69	0.93224	3.8e+03	-3.58
acagcc	acagcc	0.0002129925453	0.0001179207466	2	1.11	0.30364	1.2e+03	-3.09
acagcg	acagcg	0.0001064962726	0.0001336212426	1	1.25	0.71486	2.9e+03	-3.47
acagct	acagct	0.0004259850905	0.0002074469791	4	1.95	0.13359	5.5e+02	-2.74
acagga	acagga	0.0003194888179	0.0002047745542	3	1.92	0.30245	1.2e+03	-3.09
acaggc	acaggc	0.0000000000000	0.0001205931714	0	1.13	1.00000	4.1e+03	-3.61
acaggg	acaggg	0.0002129925453	0.0001165845341	2	1.09	0.29904	1.2e+03	-3.09
acaggt	acaggt	0.0004259850905	0.0001553346945	4	1.46	0.06054	2.5e+02	-2.39
acagta	acagta	0.0001064962726	0.0003440746996	1	3.23	0.96050	3.9e+03	-3.59
acagtc	acagtc	0.0003194888179	0.0001489876855	3	1.40	0.16625	6.8e+02	-2.83
acagtg	acagtg	0.0001064962726	0.0001887400051	1	1.77	0.83008	3.4e+03	-3.53
acagtt	acagtt	0.0010649627263	0.0003116715483	10	2.93	0.00092	3.8e+00	-0.57
acataa	acataa	0.0002129925453	0.0005749053962	2	5.40	0.97108	4.0e+03	-3.60
acatac	acatac	0.0006389776358	0.0003594411425	6	3.38	0.12630	5.2e+02	-2.71
acatag	acatag	0.0004259850905	0.0002682446445	4	2.52	0.24644	1.0e+03	-3.00
acatat	acatat	0.0007454739084	0.0007506173301	7	7.05	0.55752	2.3e+03	-3.36
acatca	acatca	0.0008519701810	0.0003404001154	8	3.20	0.01671	6.8e+01	-1.84
acatcc	acatcc	0.0000000000000	0.0001553346945	0	1.46	1.00000	4.1e+03	-3.61
acatcg	acatcg	0.0003194888179	0.0001449790482	3	1.36	0.15723	6.4e+02	-2.81
acatct	acatct	0.0001064962726	0.0002852813529	1	2.68	0.93138	3.8e+03	-3.58
acatga	acatga	0.0003194888179	0.0002475333519	3	2.32	0.41042	1.7e+03	-3.23
acatgc	acatgc	0.0005324813632	0.0001463152606	5	1.37	0.01324	5.4e+01	-1.73
acatgg	acatgg	0.0001064962726	0.0001202591183	1	1.13	0.67674	2.8e+03	-3.44
acatgt	acatgt	0.0001064962726	0.0002151302005	1	2.02	0.86738	3.6e+03	-3.55
acatta	acatta	0.0008519701810	0.0004703467738	8	4.42	0.07983	3.3e+02	-2.51
acattc	acattc	0.0002129925453	0.0002932986274	2	2.75	0.76103	3.1e+03	-3.49
acattg	acattg	0.0006389776358	0.0002849472998	6	2.68	0.05477	2.2e+02	-2.35
acattt	acattt	0.0012779552716	0.0006296901056	12	5.91	0.01816	7.4e+01	-1.87
accaaa	accaaa	0.0001064962726	0.0004189025955	1	3.93	0.98044	4.0e+03	-3.60
accaac	accaac	0.0002129925453	0.0001950870142	2	1.83	0.54660	2.2e+03	-3.35
accaag	accaag	0.0002129925453	0.0002131258819	2	2.00	0.59436	2.4e+03	-3.39
accaat	accaat	0.0003194888179	0.0002822748749	3	2.65	0.49421	2.0e+03	-3.31
accaca	accaca	0.0005324813632	0.0002041064480	5	1.92	0.04542	1.9e+02	-2.27
accacc	accacc	0.0004259850905	0.0001279423398	4	1.20	0.03388	1.4e+02	-2.14
accacg	accacg	0.0002129925453	0.0000998818788	2	0.94	0.24141	9.9e+02	-3.00
accact	accact	0.0001064962726	0.0001880718989	1	1.77	0.82901	3.4e+03	-3.53
accaga	accaga	0.0003194888179	0.0001550006414	3	1.46	0.18005	7.4e+02	-2.87
accagc	accagc	0.0001064962726	0.0001185888528	1	1.11	0.67163	2.8e+03	-3.44
accagg	accagg	0.0001064962726	0.0000932008167	1	0.88	0.58322	2.4e+03	-3.38
accagt	accagt	0.0002129925453	0.0001600114380	2	1.50	0.44303	1.8e+03	-3.26
accata	accata	0.0002129925453	0.0002592252106	2	2.43	0.69895	2.9e+03	-3.46
accatc	accatc	0.0002129925453	0.0001830611023	2	1.72	0.51263	2.1e+03	-3.32
accatg	accatg	0.0001064962726	0.0001209272245	1	1.14	0.67876	2.8e+03	-3.44
accatt	accatt	0.0002129925453	0.0003083310172	2	2.90	0.78469	3.2e+03	-3.51
acccaa	acccaa	0.0003194888179	0.0001793865182	3	1.68	0.23867	9.8e+02	-2.99
acccac	acccac	0.0002129925453	0.0001159164279	2	1.09	0.29674	1.2e+03	-3.08
acccag	acccag	0.0001064962726	0.0000928667636	1	0.87	0.58191	2.4e+03	-3.38
acccat	acccat	0.0002129925453	0.0001676946594	2	1.57	0.46686	1.9e+03	-3.28
acccca	acccca	0.0002129925453	0.0001149142686	2	1.08	0.29329	1.2e+03	-3.08
accccc	accccc	0.0001064962726	0.0000651403558	1	0.61	0.45757	1.9e+03	-3.27
accccg	accccg	0.0000000000000	0.0000684808868	0	0.64	1.00000	4.1e+03	-3.61
acccct	acccct	0.0000000000000	0.0001115737375	0	1.05	1.00000	4.1e+03	-3.61
acccga	acccga	0.0000000000000	0.0000891921794	0	0.84	1.00000	4.1e+03	-3.61
acccgc	acccgc	0.0000000000000	0.0000998818788	0	0.94	1.00000	4.1e+03	-3.61
acccgg	acccgg	0.0001064962726	0.0001102375251	1	1.04	0.64484	2.6e+03	-3.42
acccgt	acccgt	0.0001064962726	0.0000948710822	1	0.89	0.58971	2.4e+03	-3.38
acccta	acccta	0.0000000000000	0.0001519941634	0	1.43	1.00000	4.1e+03	-3.61
accctc	accctc	0.0003194888179	0.0001179207466	3	1.11	0.10104	4.1e+02	-2.62
accctg	accctg	0.0000000000000	0.0001172526404	0	1.10	1.00000	4.1e+03	-3.61
accctt	accctt	0.0000000000000	0.0002314988028	0	2.17	1.00000	4.1e+03	-3.61
accgaa	accgaa	0.0001064962726	0.0001563368538	1	1.47	0.76964	3.2e+03	-3.50
accgac	accgac	0.0000000000000	0.0000694830461	0	0.65	1.00000	4.1e+03	-3.61
accgag	accgag	0.0000000000000	0.0000731576303	0	0.69	1.00000	4.1e+03	-3.61
accgat	accgat	0.0000000000000	0.0001092353658	0	1.03	1.00000	4.1e+03	-3.61
accgca	accgca	0.0001064962726	0.0001162504810	1	1.09	0.66434	2.7e+03	-3.43
accgcc	accgcc	0.0000000000000	0.0000881900201	0	0.83	1.00000	4.1e+03	-3.61
accgcg	accgcg	0.0000000000000	0.0000604636123	0	0.57	1.00000	4.1e+03	-3.61
accgct	accgct	0.0001064962726	0.0001185888528	1	1.11	0.67163	2.8e+03	-3.44
accgga	accgga	0.0001064962726	0.0000992137726	1	0.93	0.60610	2.5e+03	-3.39
accggc	accggc	0.0000000000000	0.0000541166032	0	0.51	1.00000	4.1e+03	-3.61
accggg	accggg	0.0002129925453	0.0000551187626	2	0.52	0.09557	3.9e+02	-2.59
accggt	accggt	0.0000000000000	0.0000641381964	0	0.60	1.00000	4.1e+03	-3.61
accgta	accgta	0.0002129925453	0.0001583411724	2	1.49	0.43777	1.8e+03	-3.25
accgtc	accgtc	0.0000000000000	0.0000851835421	0	0.80	1.00000	4.1e+03	-3.61
accgtg	accgtg	0.0001064962726	0.0000845154359	1	0.79	0.54780	2.2e+03	-3.35
accgtt	accgtt	0.0000000000000	0.0001833951554	0	1.72	1.00000	4.1e+03	-3.61
acctaa	acctaa	0.0001064962726	0.0002448609270	1	2.30	0.89969	3.7e+03	-3.57
acctac	acctac	0.0003194888179	0.0001459812075	3	1.37	0.15947	6.5e+02	-2.82
acctag	acctag	0.0001064962726	0.0000928667636	1	0.87	0.58191	2.4e+03	-3.38
acctat	acctat	0.0002129925453	0.0002091172446	2	1.96	0.58408	2.4e+03	-3.38
acctca	acctca	0.0002129925453	0.0001884059520	2	1.77	0.52794	2.2e+03	-3.33
acctcc	acctcc	0.0002129925453	0.0001022202506	2	0.96	0.24947	1.0e+03	-3.01
acctcg	acctcg	0.0000000000000	0.0000865197546	0	0.81	1.00000	4.1e+03	-3.61
acctct	acctct	0.0002129925453	0.0001967572797	2	1.85	0.55119	2.3e+03	-3.35
acctga	acctga	0.0001064962726	0.0001292785522	1	1.21	0.70299	2.9e+03	-3.46
acctgc	acctgc	0.0001064962726	0.0001132440031	1	1.06	0.65473	2.7e+03	-3.43
acctgg	acctgg	0.0000000000000	0.0000821770642	0	0.77	1.00000	4.1e+03	-3.61
acctgt	acctgt	0.0002129925453	0.0001566709069	2	1.47	0.43248	1.8e+03	-3.25
acctta	acctta	0.0002129925453	0.0002281582717	2	2.14	0.63120	2.6e+03	-3.41
accttc	accttc	0.0000000000000	0.0002107875102	0	1.98	1.00000	4.1e+03	-3.61
accttg	accttg	0.0002129925453	0.0001713692436	2	1.61	0.47804	2.0e+03	-3.29
accttt	accttt	0.0006389776358	0.0004392798350	6	4.12	0.23464	9.6e+02	-2.98
acgaaa	acgaaa	0.0001064962726	0.0004329328259	1	4.07	0.98286	4.0e+03	-3.60
acgaac	acgaac	0.0000000000000	0.0001610135973	0	1.51	1.00000	4.1e+03	-3.61
acgaag	acgaag	0.0002129925453	0.0002091172446	2	1.96	0.58408	2.4e+03	-3.38
acgaat	acgaat	0.0000000000000	0.0002331690683	0	2.19	1.00000	4.1e+03	-3.61
acgaca	acgaca	0.0001064962726	0.0001740416684	1	1.63	0.80493	3.3e+03	-3.52
acgacc	acgacc	0.0000000000000	0.0000661425151	0	0.62	1.00000	4.1e+03	-3.61
acgacg	acgacg	0.0001064962726	0.0000881900201	1	0.83	0.56314	2.3e+03	-3.36
acgact	acgact	0.0001064962726	0.0001112396844	1	1.04	0.64817	2.7e+03	-3.42
acgaga	acgaga	0.0001064962726	0.0001590092787	1	1.49	0.77535	3.2e+03	-3.50
acgagc	acgagc	0.0002129925453	0.0000958732415	2	0.90	0.22761	9.3e+02	-2.97
acgagg	acgagg	0.0002129925453	0.0001038905161	2	0.98	0.25524	1.0e+03	-3.02
acgagt	acgagt	0.0000000000000	0.0000995478257	0	0.93	1.00000	4.1e+03	-3.61
acgata	acgata	0.0002129925453	0.0002552165733	2	2.40	0.69083	2.8e+03	-3.45
acgatc	acgatc	0.0001064962726	0.0001062288878	1	1.00	0.63122	2.6e+03	-3.41
acgatg	acgatg	0.0000000000000	0.0001369617736	0	1.29	1.00000	4.1e+03	-3.61
acgatt	acgatt	0.0001064962726	0.0002178026254	1	2.05	0.87067	3.6e+03	-3.55
acgcaa	acgcaa	0.0000000000000	0.0002555506264	0	2.40	1.00000	4.1e+03	-3.61
acgcac	acgcac	0.0002129925453	0.0001195910121	2	1.12	0.30937	1.3e+03	-3.10
acgcag	acgcag	0.0001064962726	0.0001142461624	1	1.07	0.65796	2.7e+03	-3.43
acgcat	acgcat	0.0000000000000	0.0001690308719	0	1.59	1.00000	4.1e+03	-3.61
acgcca	acgcca	0.0004259850905	0.0001282763929	4	1.20	0.03415	1.4e+02	-2.15
acgccc	acgccc	0.0000000000000	0.0000554528157	0	0.52	1.00000	4.1e+03	-3.61
acgccg	acgccg	0.0000000000000	0.0000658084620	0	0.62	1.00000	4.1e+03	-3.61
acgcct	acgcct	0.0001064962726	0.0001005499850	1	0.94	0.61101	2.5e+03	-3.40
acgcga	acgcga	0.0002129925453	0.0001078991534	2	1.01	0.26909	1.1e+03	-3.04
acgcgc	acgcgc	0.0002129925453	0.0000888581263	2	0.83	0.20361	8.3e+02	-2.92
acgcgg	acgcgg	0.0000000000000	0.0000531144439	0	0.50	1.00000	4.1e+03	-3.61
acgcgt	acgcgt	0.0000000000000	0.0001266061273	0	1.19	1.00000	4.1e+03	-3.61
acgcta	acgcta	0.0000000000000	0.0001376298798	0	1.29	1.00000	4.1e+03	-3.61
acgctc	acgctc	0.0001064962726	0.0000911964981	1	0.86	0.57530	2.4e+03	-3.37
acgctg	acgctg	0.0000000000000	0.0001068969941	0	1.00	1.00000	4.1e+03	-3.61
acgctt	acgctt	0.0003194888179	0.0001867356865	3	1.75	0.25694	1.1e+03	-3.02
acggaa	acggaa	0.0002129925453	0.0002475333519	2	2.32	0.67476	2.8e+03	-3.44
acggac	acggac	0.0001064962726	0.0000714873648	1	0.67	0.48895	2.0e+03	-3.30
acggag	acggag	0.0000000000000	0.0000942029760	0	0.88	1.00000	4.1e+03	-3.61
acggat	acggat	0.0004259850905	0.0001332871895	4	1.25	0.03840	1.6e+02	-2.20
acggca	acggca	0.0001064962726	0.0001379639330	1	1.30	0.72626	3.0e+03	-3.47
acggcc	acggcc	0.0000000000000	0.0000587933467	0	0.55	1.00000	4.1e+03	-3.61
acggcg	acggcg	0.0000000000000	0.0000741597896	0	0.70	1.00000	4.1e+03	-3.61
acggct	acggct	0.0000000000000	0.0001109056313	0	1.04	1.00000	4.1e+03	-3.61
acggga	acggga	0.0002129925453	0.0001008840381	2	0.95	0.24486	1.0e+03	-3.00
acgggc	acgggc	0.0001064962726	0.0000671446744	1	0.63	0.46768	1.9e+03	-3.28
acgggg	acgggg	0.0000000000000	0.0000504420191	0	0.47	1.00000	4.1e+03	-3.61
acgggt	acgggt	0.0000000000000	0.0000811749049	0	0.76	1.00000	4.1e+03	-3.61
acggta	acggta	0.0001064962726	0.0001473174199	1	1.38	0.74928	3.1e+03	-3.49
acggtc	acggtc	0.0001064962726	0.0000654744089	1	0.61	0.45926	1.9e+03	-3.27
acggtg	acggtg	0.0000000000000	0.0001489876855	0	1.40	1.00000	4.1e+03	-3.61
acggtt	acggtt	0.0001064962726	0.0001473174199	1	1.38	0.74928	3.1e+03	-3.49
acgtaa	acgtaa	0.0002129925453	0.0002725873348	2	2.56	0.72476	3.0e+03	-3.47
acgtac	acgtac	0.0000000000000	0.0001660243939	0	1.56	1.00000	4.1e+03	-3.61
acgtag	acgtag	0.0002129925453	0.0001393001454	2	1.31	0.37603	1.5e+03	-3.19
acgtat	acgtat	0.0006389776358	0.0002889559371	6	2.71	0.05778	2.4e+02	-2.37
acgtca	acgtca	0.0002129925453	0.0001499898448	2	1.41	0.41108	1.7e+03	-3.23
acgtcc	acgtcc	0.0002129925453	0.0000621338778	2	0.58	0.11647	4.8e+02	-2.68
acgtcg	acgtcg	0.0000000000000	0.0000775003207	0	0.73	1.00000	4.1e+03	-3.61
acgtct	acgtct	0.0001064962726	0.0001219293838	1	1.14	0.68177	2.8e+03	-3.45
acgtga	acgtga	0.0011714589989	0.0001770481464	11	1.66	1.5e-06	6.0e-03	2.22
acgtgc	acgtgc	0.0004259850905	0.0001072310472	4	1.01	0.01941	7.9e+01	-1.90
acgtgg	acgtgg	0.0001064962726	0.0000952051353	1	0.89	0.59099	2.4e+03	-3.38
acgtgt	acgtgt	0.0003194888179	0.0001386320392	3	1.30	0.14328	5.9e+02	-2.77
acgtta	acgtta	0.0000000000000	0.0002238155813	0	2.10	1.00000	4.1e+03	-3.61
acgttc	acgttc	0.0001064962726	0.0001459812075	1	1.37	0.74611	3.1e+03	-3.49
acgttg	acgttg	0.0000000000000	0.0001499898448	0	1.41	1.00000	4.1e+03	-3.61
acgttt	acgttt	0.0004259850905	0.0003236974601	4	3.04	0.36162	1.5e+03	-3.17
actaaa	actaaa	0.0003194888179	0.0005084288280	3	4.77	0.85506	3.5e+03	-3.54
actaac	actaac	0.0003194888179	0.0002351733869	3	2.21	0.37951	1.6e+03	-3.19
actaag	actaag	0.0006389776358	0.0002331690683	6	2.19	0.02440	1.0e+02	-2.00
actaat	actaat	0.0004259850905	0.0004526419592	4	4.25	0.61390	2.5e+03	-3.40
actaca	actaca	0.0003194888179	0.0002956369992	3	2.78	0.52484	2.1e+03	-3.33
actacc	actacc	0.0001064962726	0.0001870697396	1	1.76	0.82739	3.4e+03	-3.53
actacg	actacg	0.0002129925453	0.0001279423398	2	1.20	0.33788	1.4e+03	-3.14
actact	actact	0.0003194888179	0.0003290423098	3	3.09	0.59664	2.4e+03	-3.39
actaga	actaga	0.0001064962726	0.0002221453158	1	2.09	0.87584	3.6e+03	-3.55
actagc	actagc	0.0001064962726	0.0001459812075	1	1.37	0.74611	3.1e+03	-3.49
actagg	actagg	0.0000000000000	0.0001105715782	0	1.04	1.00000	4.1e+03	-3.61
actagt	actagt	0.0005324813632	0.0003089991234	5	2.90	0.16844	6.9e+02	-2.84
actata	actata	0.0002129925453	0.0004309285073	2	4.05	0.91181	3.7e+03	-3.57
actatc	actatc	0.0003194888179	0.0003033202206	3	2.85	0.54198	2.2e+03	-3.35
actatg	actatg	0.0001064962726	0.0001827270492	1	1.72	0.82021	3.4e+03	-3.53
actatt	actatt	0.0004259850905	0.0005749053962	4	5.40	0.78660	3.2e+03	-3.51
actcaa	actcaa	0.0005324813632	0.0002802705563	5	2.63	0.12708	5.2e+02	-2.72
actcac	actcac	0.0001064962726	0.0001496557917	1	1.41	0.75472	3.1e+03	-3.49
actcag	actcag	0.0005324813632	0.0001246018087	5	1.17	0.00699	2.9e+01	-1.46
actcat	actcat	0.0005324813632	0.0002572208919	5	2.42	0.09777	4.0e+02	-2.60
actcca	actcca	0.0002129925453	0.0001583411724	2	1.49	0.43777	1.8e+03	-3.25
actccc	actccc	0.0001064962726	0.0000895262325	1	0.84	0.56859	2.3e+03	-3.37
actccg	actccg	0.0001064962726	0.0000891921794	1	0.84	0.56723	2.3e+03	-3.37
actcct	actcct	0.0001064962726	0.0001583411724	1	1.49	0.77394	3.2e+03	-3.50
actcga	actcga	0.0000000000000	0.0001085672596	0	1.02	1.00000	4.1e+03	-3.61
actcgc	actcgc	0.0001064962726	0.0000838473297	1	0.79	0.54496	2.2e+03	-3.35
actcgg	actcgg	0.0000000000000	0.0000517782315	0	0.49	1.00000	4.1e+03	-3.61
actcgt	actcgt	0.0003194888179	0.0001042245692	3	0.98	0.07641	3.1e+02	-2.50
actcta	actcta	0.0003194888179	0.0002031042887	3	1.91	0.29821	1.2e+03	-3.09
actctc	actctc	0.0001064962726	0.0001663584470	1	1.56	0.79033	3.2e+03	-3.51
actctg	actctg	0.0003194888179	0.0001349574550	3	1.27	0.13540	5.5e+02	-2.74
actctt	actctt	0.0001064962726	0.0003574368239	1	3.36	0.96516	4.0e+03	-3.60
actgaa	actgaa	0.0003194888179	0.0003674584171	3	3.45	0.66994	2.7e+03	-3.44
actgac	actgac	0.0000000000000	0.0001426406764	0	1.34	1.00000	4.1e+03	-3.61
actgag	actgag	0.0002129925453	0.0001429747296	2	1.34	0.38818	1.6e+03	-3.20
actgat	actgat	0.0000000000000	0.0002408522897	0	2.26	1.00000	4.1e+03	-3.61
actgca	actgca	0.0003194888179	0.0002294944841	3	2.15	0.36519	1.5e+03	-3.17
actgcc	actgcc	0.0001064962726	0.0001332871895	1	1.25	0.71397	2.9e+03	-3.47
actgcg	actgcg	0.0002129925453	0.0001145802155	2	1.08	0.29214	1.2e+03	-3.08
actgct	actgct	0.0002129925453	0.0002365095994	2	2.22	0.65051	2.7e+03	-3.43
actgga	actgga	0.0001064962726	0.0001666925001	1	1.57	0.79099	3.2e+03	-3.51
actggc	actggc	0.0002129925453	0.0001105715782	2	1.04	0.27832	1.1e+03	-3.06
actggg	actggg	0.0001064962726	0.0000821770642	1	0.77	0.53776	2.2e+03	-3.34
actggt	actggt	0.0000000000000	0.0001506579510	0	1.41	1.00000	4.1e+03	-3.61
actgta	actgta	0.0004259850905	0.0002886218840	4	2.71	0.28814	1.2e+03	-3.07
actgtc	actgtc	0.0001064962726	0.0001543325352	1	1.45	0.76526	3.1e+03	-3.50
actgtg	actgtg	0.0009584664537	0.0001843973147	9	1.73	8.2e-05	3.4e-01	0.47
actgtt	actgtt	0.0004259850905	0.0003514238680	4	3.30	0.41964	1.7e+03	-3.24
acttaa	acttaa	0.0002129925453	0.0003611114080	2	3.39	0.85216	3.5e+03	-3.54
acttac	acttac	0.0003194888179	0.0002471992988	3	2.32	0.40959	1.7e+03	-3.22
acttag	acttag	0.0002129925453	0.0001636860221	2	1.54	0.45450	1.9e+03	-3.27
acttat	acttat	0.0004259850905	0.0003858313379	4	3.62	0.48968	2.0e+03	-3.30
acttca	acttca	0.0009584664537	0.0003527600804	9	3.31	0.00706	2.9e+01	-1.46
acttcc	acttcc	0.0000000000000	0.0002338371745	0	2.20	1.00000	4.1e+03	-3.61
acttcg	acttcg	0.0001064962726	0.0001686968187	1	1.58	0.79489	3.3e+03	-3.51
acttct	acttct	0.0003194888179	0.0004576527558	3	4.30	0.80238	3.3e+03	-3.52
acttga	acttga	0.0004259850905	0.0002932986274	4	2.75	0.29785	1.2e+03	-3.09
acttgc	acttgc	0.0001064962726	0.0002051086073	1	1.93	0.85429	3.5e+03	-3.54
acttgg	acttgg	0.0001064962726	0.0001499898448	1	1.41	0.75549	3.1e+03	-3.49
acttgt	acttgt	0.0004259850905	0.0002692468038	4	2.53	0.24846	1.0e+03	-3.01
acttta	acttta	0.0003194888179	0.0004606592338	3	4.33	0.80590	3.3e+03	-3.52
actttc	actttc	0.0005324813632	0.0004195707017	5	3.94	0.35940	1.5e+03	-3.17
actttg	actttg	0.0002129925453	0.0003236974601	2	3.04	0.80673	3.3e+03	-3.52
actttt	actttt	0.0006389776358	0.0009583983623	6	9.00	0.88439	3.6e+03	-3.56
agaaaa	agaaaa	0.0020234291800	0.0016933151965	19	15.90	0.24928	1.0e+03	-3.01
agaaac	agaaac	0.0003194888179	0.0005070926156	3	4.76	0.85385	3.5e+03	-3.54
agaaag	agaaag	0.0005324813632	0.0006995072049	5	6.57	0.78397	3.2e+03	-3.51
agaaat	agaaat	0.0006389776358	0.0008020615085	6	7.53	0.76209	3.1e+03	-3.49
agaaca	agaaca	0.0005324813632	0.0004743554111	5	4.45	0.45920	1.9e+03	-3.27
agaacc	agaacc	0.0002129925453	0.0001937508017	2	1.82	0.54291	2.2e+03	-3.35
agaacg	agaacg	0.0001064962726	0.0002151302005	1	2.02	0.86738	3.6e+03	-3.55
agaact	agaact	0.0002129925453	0.0003587730363	2	3.37	0.84964	3.5e+03	-3.54
agaaga	agaaga	0.0006389776358	0.0006627613632	6	6.22	0.58956	2.4e+03	-3.38
agaagc	agaagc	0.0002129925453	0.0003243655663	2	3.05	0.80764	3.3e+03	-3.52
agaagg	agaagg	0.0003194888179	0.0003410682217	3	3.20	0.62069	2.5e+03	-3.41
agaagt	agaagt	0.0005324813632	0.0004015318339	5	3.77	0.32640	1.3e+03	-3.13
agaata	agaata	0.0004259850905	0.0006811342840	4	6.40	0.88086	3.6e+03	-3.56
agaatc	agaatc	0.0001064962726	0.0002518760422	1	2.37	0.90609	3.7e+03	-3.57
agaatg	agaatg	0.0003194888179	0.0002889559371	3	2.71	0.50965	2.1e+03	-3.32
agaatt	agaatt	0.0006389776358	0.0005097650404	6	4.79	0.34666	1.4e+03	-3.15
agacaa	agacaa	0.0005324813632	0.0003667903109	5	3.44	0.26404	1.1e+03	-3.03
agacac	agacac	0.0000000000000	0.0001516601103	0	1.42	1.00000	4.1e+03	-3.61
agacag	agacag	0.0001064962726	0.0001857335272	1	1.74	0.82522	3.4e+03	-3.53
agacat	agacat	0.0003194888179	0.0002204750502	3	2.07	0.34234	1.4e+03	-3.15
agacca	agacca	0.0003194888179	0.0001379639330	3	1.30	0.14184	5.8e+02	-2.76
agaccc	agaccc	0.0000000000000	0.0000848494890	0	0.80	1.00000	4.1e+03	-3.61
agaccg	agaccg	0.0001064962726	0.0000614657716	1	0.58	0.43852	1.8e+03	-3.25
agacct	agacct	0.0001064962726	0.0001235996494	1	1.16	0.68672	2.8e+03	-3.45
agacga	agacga	0.0001064962726	0.0001610135973	1	1.51	0.77954	3.2e+03	-3.50
agacgc	agacgc	0.0001064962726	0.0001035564630	1	0.97	0.62184	2.5e+03	-3.41
agacgg	agacgg	0.0000000000000	0.0000978775602	0	0.92	1.00000	4.1e+03	-3.61
agacgt	agacgt	0.0000000000000	0.0001219293838	0	1.14	1.00000	4.1e+03	-3.61
agacta	agacta	0.0000000000000	0.0001853994741	0	1.74	1.00000	4.1e+03	-3.61
agactc	agactc	0.0002129925453	0.0000998818788	2	0.94	0.24141	9.9e+02	-3.00
agactg	agactg	0.0002129925453	0.0001349574550	2	1.27	0.36154	1.5e+03	-3.17
agactt	agactt	0.0001064962726	0.0001964232266	1	1.84	0.84191	3.4e+03	-3.54
agagaa	agagaa	0.0004259850905	0.0005979550605	4	5.61	0.81106	3.3e+03	-3.52
agagac	agagac	0.0001064962726	0.0001810567837	1	1.70	0.81737	3.3e+03	-3.52
agagag	agagag	0.0002129925453	0.0002889559371	2	2.71	0.75379	3.1e+03	-3.49
agagat	agagat	0.0002129925453	0.0003116715483	2	2.93	0.78966	3.2e+03	-3.51
agagca	agagca	0.0002129925453	0.0002632338479	2	2.47	0.70690	2.9e+03	-3.46
agagcc	agagcc	0.0001064962726	0.0001155823748	1	1.09	0.66223	2.7e+03	-3.43
agagcg	agagcg	0.0001064962726	0.0001165845341	1	1.09	0.66539	2.7e+03	-3.44
agagct	agagct	0.0001064962726	0.0001950870142	1	1.83	0.83991	3.4e+03	-3.54
agagga	agagga	0.0002129925453	0.0002969732116	2	2.79	0.76702	3.1e+03	-3.50
agaggc	agaggc	0.0003194888179	0.0001566709069	3	1.47	0.18393	7.5e+02	-2.88
agaggg	agaggg	0.0002129925453	0.0001489876855	2	1.40	0.40783	1.7e+03	-3.22
agaggt	agaggt	0.0001064962726	0.0001887400051	1	1.77	0.83008	3.4e+03	-3.53
agagta	agagta	0.0004259850905	0.0002869516184	4	2.69	0.28468	1.2e+03	-3.07
agagtc	agagtc	0.0002129925453	0.0001229315432	2	1.15	0.32081	1.3e+03	-3.12
agagtg	agagtg	0.0002129925453	0.0001750438278	2	1.64	0.48907	2.0e+03	-3.30
agagtt	agagtt	0.0000000000000	0.0002418544491	0	2.27	1.00000	4.1e+03	-3.61
agataa	agataa	0.0003194888179	0.0005328147048	3	5.00	0.87568	3.6e+03	-3.55
agatac	agatac	0.0002129925453	0.0002505398298	2	2.35	0.68113	2.8e+03	-3.45
agatag	agatag	0.0003194888179	0.0002739235473	3	2.57	0.47457	1.9e+03	-3.29
agatat	agatat	0.0012779552716	0.0005064245093	12	4.76	0.00370	1.5e+01	-1.18
agatca	agatca	0.0001064962726	0.0002719192286	1	2.55	0.92220	3.8e+03	-3.58
agatcc	agatcc	0.0000000000000	0.0001225974901	0	1.15	1.00000	4.1e+03	-3.61
agatcg	agatcg	0.0001064962726	0.0001159164279	1	1.09	0.66328	2.7e+03	-3.43
agatct	agatct	0.0001064962726	0.0002358414931	1	2.21	0.89083	3.6e+03	-3.56
agatga	agatga	0.0003194888179	0.0004152280113	3	3.90	0.74678	3.1e+03	-3.49
agatgc	agatgc	0.0005324813632	0.0001586752256	5	1.49	0.01810	7.4e+01	-1.87
agatgg	agatgg	0.0001064962726	0.0001626838628	1	1.53	0.78297	3.2e+03	-3.51
agatgt	agatgt	0.0002129925453	0.0002218112627	2	2.08	0.61598	2.5e+03	-3.40
agatta	agatta	0.0002129925453	0.0003534281866	2	3.32	0.84371	3.5e+03	-3.54
agattc	agattc	0.0000000000000	0.0002575549451	0	2.42	1.00000	4.1e+03	-3.61
agattg	agattg	0.0000000000000	0.0002375117587	0	2.23	1.00000	4.1e+03	-3.61
agattt	agattt	0.0003194888179	0.0004847110574	3	4.55	0.83219	3.4e+03	-3.53
agcaaa	agcaaa	0.0006389776358	0.0005471789883	6	5.14	0.40825	1.7e+03	-3.22
agcaac	agcaac	0.0005324813632	0.0002752597597	5	2.58	0.12039	4.9e+02	-2.69
agcaag	agcaag	0.0002129925453	0.0002969732116	2	2.79	0.76702	3.1e+03	-3.50
agcaat	agcaat	0.0002129925453	0.0003544303459	2	3.33	0.84484	3.5e+03	-3.54
agcaca	agcaca	0.0001064962726	0.0002498717236	1	2.35	0.90430	3.7e+03	-3.57
agcacc	agcacc	0.0001064962726	0.0001269401804	1	1.19	0.69640	2.9e+03	-3.46
agcacg	agcacg	0.0002129925453	0.0001192569590	2	1.12	0.30822	1.3e+03	-3.10
agcact	agcact	0.0004259850905	0.0002091172446	4	1.96	0.13635	5.6e+02	-2.75
agcaga	agcaga	0.0001064962726	0.0002612295292	1	2.45	0.91399	3.7e+03	-3.57
agcagc	agcagc	0.0000000000000	0.0002057767136	0	1.93	1.00000	4.1e+03	-3.61
agcagg	agcagg	0.0001064962726	0.0001459812075	1	1.37	0.74611	3.1e+03	-3.49
agcagt	agcagt	0.0000000000000	0.0002278242186	0	2.14	1.00000	4.1e+03	-3.61
agcata	agcata	0.0003194888179	0.0003407341686	3	3.20	0.62003	2.5e+03	-3.40
agcatc	agcatc	0.0001064962726	0.0002157983068	1	2.03	0.86821	3.6e+03	-3.55
agcatg	agcatg	0.0002129925453	0.0001479855261	2	1.39	0.40458	1.7e+03	-3.22
agcatt	agcatt	0.0003194888179	0.0003397320092	3	3.19	0.61807	2.5e+03	-3.40
agccaa	agccaa	0.0004259850905	0.0002311647496	4	2.17	0.17489	7.2e+02	-2.86
agccac	agccac	0.0005324813632	0.0001322850301	5	1.24	0.00889	3.6e+01	-1.56
agccag	agccag	0.0000000000000	0.0001179207466	0	1.11	1.00000	4.1e+03	-3.61
agccat	agccat	0.0003194888179	0.0001940848548	3	1.82	0.27540	1.1e+03	-3.05
agccca	agccca	0.0001064962726	0.0001319509770	1	1.24	0.71036	2.9e+03	-3.46
agcccc	agcccc	0.0000000000000	0.0000544506563	0	0.51	1.00000	4.1e+03	-3.61
agcccg	agcccg	0.0000000000000	0.0000551187626	0	0.52	1.00000	4.1e+03	-3.61
agccct	agccct	0.0001064962726	0.0001246018087	1	1.17	0.68966	2.8e+03	-3.45
agccga	agccga	0.0001064962726	0.0000871878608	1	0.82	0.55901	2.3e+03	-3.36
agccgc	agccgc	0.0000000000000	0.0001252699149	0	1.18	1.00000	4.1e+03	-3.61
agccgg	agccgg	0.0001064962726	0.0000684808868	1	0.64	0.47432	1.9e+03	-3.29
agccgt	agccgt	0.0002129925453	0.0001038905161	2	0.98	0.25524	1.0e+03	-3.02
agccta	agccta	0.0000000000000	0.0001179207466	0	1.11	1.00000	4.1e+03	-3.61
agcctc	agcctc	0.0000000000000	0.0001202591183	0	1.13	1.00000	4.1e+03	-3.61
agcctg	agcctg	0.0000000000000	0.0001002159319	0	0.94	1.00000	4.1e+03	-3.61
agcctt	agcctt	0.0000000000000	0.0002555506264	0	2.40	1.00000	4.1e+03	-3.61
agcgaa	agcgaa	0.0000000000000	0.0002071129260	0	1.94	1.00000	4.1e+03	-3.61
agcgac	agcgac	0.0003194888179	0.0000972094540	3	0.91	0.06497	2.7e+02	-2.43
agcgag	agcgag	0.0001064962726	0.0001045586223	1	0.98	0.62539	2.6e+03	-3.41
agcgat	agcgat	0.0001064962726	0.0001760459871	1	1.65	0.80857	3.3e+03	-3.52
agcgca	agcgca	0.0002129925453	0.0001533303758	2	1.44	0.42183	1.7e+03	-3.24
agcgcc	agcgcc	0.0002129925453	0.0001022202506	2	0.96	0.24947	1.0e+03	-3.01
agcgcg	agcgcg	0.0000000000000	0.0000848494890	0	0.80	1.00000	4.1e+03	-3.61
agcgct	agcgct	0.0001064962726	0.0001028883568	1	0.97	0.61946	2.5e+03	-3.40
agcgga	agcgga	0.0003194888179	0.0001246018087	3	1.17	0.11406	4.7e+02	-2.67
agcggc	agcggc	0.0000000000000	0.0001149142686	0	1.08	1.00000	4.1e+03	-3.61
agcggg	agcggg	0.0002129925453	0.0000865197546	2	0.81	0.19568	8.0e+02	-2.90
agcggt	agcggt	0.0001064962726	0.0001119077907	1	1.05	0.65037	2.7e+03	-3.43
agcgta	agcgta	0.0001064962726	0.0001606795442	1	1.51	0.77885	3.2e+03	-3.50
agcgtc	agcgtc	0.0001064962726	0.0000858516484	1	0.81	0.55344	2.3e+03	-3.36
agcgtg	agcgtg	0.0001064962726	0.0001035564630	1	0.97	0.62184	2.5e+03	-3.41
agcgtt	agcgtt	0.0001064962726	0.0001663584470	1	1.56	0.79033	3.2e+03	-3.51
agctaa	agctaa	0.0001064962726	0.0002488695643	1	2.34	0.90340	3.7e+03	-3.57
agctac	agctac	0.0001064962726	0.0001580071193	1	1.48	0.77323	3.2e+03	-3.50
agctag	agctag	0.0003194888179	0.0001526622696	3	1.43	0.17464	7.2e+02	-2.85
agctat	agctat	0.0001064962726	0.0002488695643	1	2.34	0.90340	3.7e+03	-3.57
agctca	agctca	0.0003194888179	0.0001930826955	3	1.81	0.27287	1.1e+03	-3.05
agctcc	agctcc	0.0000000000000	0.0000948710822	0	0.89	1.00000	4.1e+03	-3.61
agctcg	agctcg	0.0002129925453	0.0000818430111	2	0.77	0.17993	7.4e+02	-2.87
agctct	agctct	0.0003194888179	0.0001847313679	3	1.73	0.25194	1.0e+03	-3.01
agctga	agctga	0.0000000000000	0.0002318328559	0	2.18	1.00000	4.1e+03	-3.61
agctgc	agctgc	0.0002129925453	0.0001523282165	2	1.43	0.41861	1.7e+03	-3.23
agctgg	agctgg	0.0002129925453	0.0001095694189	2	1.03	0.27486	1.1e+03	-3.05
agctgt	agctgt	0.0002129925453	0.0001954210673	2	1.84	0.54752	2.2e+03	-3.35
agctta	agctta	0.0002129925453	0.0002502057767	2	2.35	0.68042	2.8e+03	-3.45
agcttc	agcttc	0.0003194888179	0.0002809386625	3	2.64	0.49109	2.0e+03	-3.30
agcttg	agcttg	0.0003194888179	0.0001727054560	3	1.62	0.22226	9.1e+02	-2.96
agcttt	agcttt	0.0003194888179	0.0004272539231	3	4.01	0.76370	3.1e+03	-3.50
aggaaa	aggaaa	0.0006389776358	0.0007616410827	6	7.15	0.71836	2.9e+03	-3.47
aggaac	aggaac	0.0001064962726	0.0002331690683	1	2.19	0.88805	3.6e+03	-3.56
aggaag	aggaag	0.0001064962726	0.0003895059221	1	3.66	0.97422	4.0e+03	-3.60
aggaat	aggaat	0.0002129925453	0.0003581049301	2	3.36	0.84891	3.5e+03	-3.54
aggaca	aggaca	0.0001064962726	0.0001984275452	1	1.86	0.84486	3.5e+03	-3.54
aggacc	aggacc	0.0002129925453	0.0000845154359	2	0.79	0.18891	7.7e+02	-2.89
aggacg	aggacg	0.0000000000000	0.0000858516484	0	0.81	1.00000	4.1e+03	-3.61
aggact	aggact	0.0000000000000	0.0001276082867	0	1.20	1.00000	4.1e+03	-3.61
aggaga	aggaga	0.0004259850905	0.0003006477958	4	2.82	0.31320	1.3e+03	-3.11
aggagc	aggagc	0.0001064962726	0.0001202591183	1	1.13	0.67674	2.8e+03	-3.44
aggagg	aggagg	0.0000000000000	0.0001426406764	0	1.34	1.00000	4.1e+03	-3.61
aggagt	aggagt	0.0002129925453	0.0001449790482	2	1.36	0.39476	1.6e+03	-3.21
aggata	aggata	0.0002129925453	0.0003186866635	2	2.99	0.79977	3.3e+03	-3.52
aggatc	aggatc	0.0000000000000	0.0001529963227	0	1.44	1.00000	4.1e+03	-3.61
aggatg	aggatg	0.0001064962726	0.0001493217386	1	1.40	0.75395	3.1e+03	-3.49
aggatt	aggatt	0.0001064962726	0.0003133418138	1	2.94	0.94728	3.9e+03	-3.59
aggcaa	aggcaa	0.0001064962726	0.0002836110874	1	2.66	0.93030	3.8e+03	-3.58
aggcac	aggcac	0.0000000000000	0.0001286104460	0	1.21	1.00000	4.1e+03	-3.61
aggcag	aggcag	0.0000000000000	0.0001473174199	0	1.38	1.00000	4.1e+03	-3.61
aggcat	aggcat	0.0000000000000	0.0001950870142	0	1.83	1.00000	4.1e+03	-3.61
aggcca	aggcca	0.0002129925453	0.0001296126053	2	1.22	0.34354	1.4e+03	-3.15
aggccc	aggccc	0.0000000000000	0.0000671446744	0	0.63	1.00000	4.1e+03	-3.61
aggccg	aggccg	0.0001064962726	0.0000741597896	1	0.70	0.50162	2.1e+03	-3.31
aggcct	aggcct	0.0002129925453	0.0001102375251	2	1.04	0.27716	1.1e+03	-3.06
aggcga	aggcga	0.0000000000000	0.0001165845341	0	1.09	1.00000	4.1e+03	-3.61
aggcgc	aggcgc	0.0002129925453	0.0000968754009	2	0.91	0.23105	9.5e+02	-2.98
aggcgg	aggcgg	0.0000000000000	0.0000881900201	0	0.83	1.00000	4.1e+03	-3.61
aggcgt	aggcgt	0.0001064962726	0.0000932008167	1	0.88	0.58322	2.4e+03	-3.38
aggcta	aggcta	0.0000000000000	0.0001553346945	0	1.46	1.00000	4.1e+03	-3.61
aggctc	aggctc	0.0002129925453	0.0000995478257	2	0.93	0.24025	9.8e+02	-2.99
aggctg	aggctg	0.0002129925453	0.0001185888528	2	1.11	0.30593	1.3e+03	-3.10
aggctt	aggctt	0.0003194888179	0.0001833951554	3	1.72	0.24861	1.0e+03	-3.01
agggaa	agggaa	0.0003194888179	0.0003614454612	3	3.39	0.65914	2.7e+03	-3.43
agggac	agggac	0.0001064962726	0.0001092353658	1	1.03	0.64148	2.6e+03	-3.42
agggag	agggag	0.0000000000000	0.0001272742335	0	1.20	1.00000	4.1e+03	-3.61
agggat	agggat	0.0002129925453	0.0001606795442	2	1.51	0.44512	1.8e+03	-3.26
agggca	agggca	0.0001064962726	0.0001636860221	1	1.54	0.78500	3.2e+03	-3.51
agggcc	agggcc	0.0000000000000	0.0000845154359	0	0.79	1.00000	4.1e+03	-3.61
agggcg	agggcg	0.0000000000000	0.0000724895241	0	0.68	1.00000	4.1e+03	-3.61
agggct	agggct	0.0000000000000	0.0001346234019	0	1.26	1.00000	4.1e+03	-3.61
agggga	agggga	0.0000000000000	0.0001626838628	0	1.53	1.00000	4.1e+03	-3.61
aggggc	aggggc	0.0000000000000	0.0001085672596	0	1.02	1.00000	4.1e+03	-3.61
aggggg	aggggg	0.0001064962726	0.0000858516484	1	0.81	0.55344	2.3e+03	-3.36
aggggt	aggggt	0.0002129925453	0.0000945370291	2	0.89	0.22302	9.1e+02	-2.96
agggta	agggta	0.0000000000000	0.0001803886775	0	1.69	1.00000	4.1e+03	-3.61
agggtc	agggtc	0.0003194888179	0.0001082332065	3	1.02	0.08332	3.4e+02	-2.53
agggtg	agggtg	0.0000000000000	0.0001122418438	0	1.05	1.00000	4.1e+03	-3.61
agggtt	agggtt	0.0003194888179	0.0001730395091	3	1.62	0.22307	9.1e+02	-2.96
aggtaa	aggtaa	0.0003194888179	0.0002936326805	3	2.76	0.52031	2.1e+03	-3.33
aggtac	aggtac	0.0000000000000	0.0001489876855	0	1.40	1.00000	4.1e+03	-3.61
aggtag	aggtag	0.0000000000000	0.0001436428358	0	1.35	1.00000	4.1e+03	-3.61
aggtat	aggtat	0.0006389776358	0.0002605614230	6	2.45	0.03853	1.6e+02	-2.20
aggtca	aggtca	0.0004259850905	0.0001509920041	4	1.42	0.05574	2.3e+02	-2.36
aggtcc	aggtcc	0.0000000000000	0.0000851835421	0	0.80	1.00000	4.1e+03	-3.61
aggtcg	aggtcg	0.0000000000000	0.0000654744089	0	0.61	1.00000	4.1e+03	-3.61
aggtct	aggtct	0.0001064962726	0.0001075651003	1	1.01	0.63581	2.6e+03	-3.42
aggtga	aggtga	0.0006389776358	0.0001954210673	6	1.84	0.01131	4.6e+01	-1.67
aggtgc	aggtgc	0.0001064962726	0.0001222634370	1	1.15	0.68277	2.8e+03	-3.45
aggtgg	aggtgg	0.0002129925453	0.0001129099500	2	1.06	0.28638	1.2e+03	-3.07
aggtgt	aggtgt	0.0001064962726	0.0001563368538	1	1.47	0.76964	3.2e+03	-3.50
aggtta	aggtta	0.0003194888179	0.0002495376705	3	2.34	0.41538	1.7e+03	-3.23
aggttc	aggttc	0.0002129925453	0.0001513260572	2	1.42	0.41539	1.7e+03	-3.23
aggttg	aggttg	0.0003194888179	0.0001656903408	3	1.56	0.20528	8.4e+02	-2.92
aggttt	aggttt	0.0002129925453	0.0003096672297	2	2.91	0.78669	3.2e+03	-3.51
agtaaa	agtaaa	0.0009584664537	0.0006624273100	9	6.22	0.17625	7.2e+02	-2.86
agtaac	agtaac	0.0002129925453	0.0003056585924	2	2.87	0.78064	3.2e+03	-3.50
agtaag	agtaag	0.0003194888179	0.0002849472998	3	2.68	0.50042	2.0e+03	-3.31
agtaat	agtaat	0.0001064962726	0.0004954007568	1	4.65	0.99047	4.1e+03	-3.61
agtaca	agtaca	0.0005324813632	0.0002789343439	5	2.62	0.12528	5.1e+02	-2.71
agtacc	agtacc	0.0002129925453	0.0001326190833	2	1.25	0.35368	1.4e+03	-3.16
agtacg	agtacg	0.0004259850905	0.0001386320392	4	1.30	0.04326	1.8e+02	-2.25
agtact	agtact	0.0001064962726	0.0002849472998	1	2.68	0.93116	3.8e+03	-3.58
agtaga	agtaga	0.0003194888179	0.0002685786976	3	2.52	0.46182	1.9e+03	-3.28
agtagc	agtagc	0.0002129925453	0.0002017680763	2	1.89	0.56474	2.3e+03	-3.36
agtagg	agtagg	0.0000000000000	0.0001526622696	0	1.43	1.00000	4.1e+03	-3.61
agtagt	agtagt	0.0002129925453	0.0003009818489	2	2.83	0.77339	3.2e+03	-3.50
agtata	agtata	0.0006389776358	0.0005862632018	6	5.51	0.47197	1.9e+03	-3.29
agtatc	agtatc	0.0002129925453	0.0002294944841	2	2.15	0.63435	2.6e+03	-3.41
agtatg	agtatg	0.0002129925453	0.0002411863428	2	2.26	0.66097	2.7e+03	-3.43
agtatt	agtatt	0.0004259850905	0.0005251314833	4	4.93	0.72523	3.0e+03	-3.47
agtcaa	agtcaa	0.0010649627263	0.0002461971394	10	2.31	0.00015	6.1e-01	0.21
agtcac	agtcac	0.0004259850905	0.0001593433318	4	1.50	0.06516	2.7e+02	-2.43
agtcag	agtcag	0.0001064962726	0.0001195910121	1	1.12	0.67471	2.8e+03	-3.44
agtcat	agtcat	0.0007454739084	0.0002715851755	7	2.55	0.01562	6.4e+01	-1.81
agtcca	agtcca	0.0001064962726	0.0001058948347	1	0.99	0.63006	2.6e+03	-3.41
agtccc	agtccc	0.0001064962726	0.0000648063026	1	0.61	0.45586	1.9e+03	-3.27
agtccg	agtccg	0.0001064962726	0.0000594614529	1	0.56	0.42785	1.8e+03	-3.24
agtcct	agtcct	0.0000000000000	0.0001259380211	0	1.18	1.00000	4.1e+03	-3.61
agtcga	agtcga	0.0002129925453	0.0001042245692	2	0.98	0.25639	1.1e+03	-3.02
agtcgc	agtcgc	0.0002129925453	0.0000891921794	2	0.84	0.20475	8.4e+02	-2.92
agtcgg	agtcgg	0.0000000000000	0.0000641381964	0	0.60	1.00000	4.1e+03	-3.61
agtcgt	agtcgt	0.0001064962726	0.0001092353658	1	1.03	0.64148	2.6e+03	-3.42
agtcta	agtcta	0.0003194888179	0.0001342893488	3	1.26	0.13399	5.5e+02	-2.74
agtctc	agtctc	0.0002129925453	0.0001229315432	2	1.15	0.32081	1.3e+03	-3.12
agtctg	agtctg	0.0001064962726	0.0001032224099	1	0.97	0.62065	2.5e+03	-3.41
agtctt	agtctt	0.0001064962726	0.0002378458118	1	2.23	0.89286	3.7e+03	-3.56
agtgaa	agtgaa	0.0001064962726	0.0004052064181	1	3.80	0.97776	4.0e+03	-3.60
agtgac	agtgac	0.0001064962726	0.0001737076153	1	1.63	0.80432	3.3e+03	-3.52
agtgag	agtgag	0.0001064962726	0.0001850654210	1	1.74	0.82412	3.4e+03	-3.53
agtgat	agtgat	0.0005324813632	0.0002859494591	5	2.69	0.13485	5.5e+02	-2.74
agtgca	agtgca	0.0002129925453	0.0002007659170	2	1.89	0.56205	2.3e+03	-3.36
agtgcc	agtgcc	0.0000000000000	0.0001172526404	0	1.10	1.00000	4.1e+03	-3.61
agtgcg	agtgcg	0.0000000000000	0.0000905283918	0	0.85	1.00000	4.1e+03	-3.61
agtgct	agtgct	0.0000000000000	0.0001884059520	0	1.77	1.00000	4.1e+03	-3.61
agtgga	agtgga	0.0002129925453	0.0002064448198	2	1.94	0.57712	2.4e+03	-3.37
agtggc	agtggc	0.0001064962726	0.0001423066233	1	1.34	0.73720	3.0e+03	-3.48
agtggg	agtggg	0.0000000000000	0.0001045586223	0	0.98	1.00000	4.1e+03	-3.61
agtggt	agtggt	0.0003194888179	0.0001707011374	3	1.60	0.21738	8.9e+02	-2.95
agtgta	agtgta	0.0002129925453	0.0002448609270	2	2.30	0.66901	2.7e+03	-3.44
agtgtc	agtgtc	0.0002129925453	0.0001539984821	2	1.45	0.42397	1.7e+03	-3.24
agtgtg	agtgtg	0.0001064962726	0.0001596773849	1	1.50	0.77676	3.2e+03	-3.50
agtgtt	agtgtt	0.0001064962726	0.0002685786976	1	2.52	0.91972	3.8e+03	-3.58
agttaa	agttaa	0.0003194888179	0.0003721351606	3	3.49	0.67816	2.8e+03	-3.44
agttac	agttac	0.0005324813632	0.0002345052807	5	2.20	0.07269	3.0e+02	-2.47
agttag	agttag	0.0005324813632	0.0002251517937	5	2.11	0.06352	2.6e+02	-2.42
agttat	agttat	0.0003194888179	0.0004142258520	3	3.89	0.74533	3.1e+03	-3.48
agttca	agttca	0.0003194888179	0.0002722532817	3	2.56	0.47060	1.9e+03	-3.29
agttcc	agttcc	0.0002129925453	0.0001740416684	2	1.63	0.48608	2.0e+03	-3.30
agttcg	agttcg	0.0001064962726	0.0001262720742	1	1.19	0.69449	2.8e+03	-3.45
agttct	agttct	0.0006389776358	0.0002999796896	6	2.82	0.06656	2.7e+02	-2.44
agttga	agttga	0.0002129925453	0.0003357233720	2	3.15	0.82254	3.4e+03	-3.53
agttgc	agttgc	0.0002129925453	0.0001930826955	2	1.81	0.54106	2.2e+03	-3.35
agttgg	agttgg	0.0003194888179	0.0001580071193	3	1.48	0.18706	7.7e+02	-2.88
agttgt	agttgt	0.0004259850905	0.0002762619190	4	2.59	0.26270	1.1e+03	-3.03
agttta	agttta	0.0006389776358	0.0004452927909	6	4.18	0.24378	1.0e+03	-3.00
agtttc	agtttc	0.0004259850905	0.0003697967888	4	3.47	0.45742	1.9e+03	-3.27
agtttg	agtttg	0.0005324813632	0.0002926305212	5	2.75	0.14426	5.9e+02	-2.77
agtttt	agtttt	0.0010649627263	0.0007412638432	10	6.96	0.16544	6.8e+02	-2.83
ataaaa	ataaaa	0.0013844515442	0.0016298451063	13	15.30	0.75704	3.1e+03	-3.49
ataaac	ataaac	0.0006389776358	0.0006093128661	6	5.72	0.50865	2.1e+03	-3.32
ataaag	ataaag	0.0006389776358	0.0006951645145	6	6.53	0.63503	2.6e+03	-3.42
ataaat	ataaat	0.0010649627263	0.0010409094796	10	9.77	0.51357	2.1e+03	-3.32
ataaca	ataaca	0.0008519701810	0.0005769097148	8	5.42	0.18035	7.4e+02	-2.87
ataacc	ataacc	0.0002129925453	0.0002482014581	2	2.33	0.67618	2.8e+03	-3.44
ataacg	ataacg	0.0003194888179	0.0002558846795	3	2.40	0.43102	1.8e+03	-3.25
ataact	ataact	0.0001064962726	0.0004315966135	1	4.05	0.98264	4.0e+03	-3.60
ataaga	ataaga	0.0008519701810	0.0005582027408	8	5.24	0.15973	6.5e+02	-2.82
ataagc	ataagc	0.0006389776358	0.0003220271946	6	3.02	0.08631	3.5e+02	-2.55
ataagg	ataagg	0.0002129925453	0.0003370595844	2	3.16	0.82423	3.4e+03	-3.53
ataagt	ataagt	0.0003194888179	0.0004158961175	3	3.91	0.74775	3.1e+03	-3.49
ataata	ataata	0.0013844515442	0.0014735082524	13	13.84	0.62538	2.6e+03	-3.41
ataatc	ataatc	0.0005324813632	0.0004446246847	5	4.18	0.40532	1.7e+03	-3.22
ataatg	ataatg	0.0002129925453	0.0005341509172	2	5.02	0.96013	3.9e+03	-3.59
ataatt	ataatt	0.0008519701810	0.0008979347501	8	8.43	0.60558	2.5e+03	-3.39
atacaa	atacaa	0.0006389776358	0.0006026318040	6	5.66	0.49810	2.0e+03	-3.31
atacac	atacac	0.0004259850905	0.0003447428058	4	3.24	0.40575	1.7e+03	-3.22
atacag	atacag	0.0004259850905	0.0003163482918	4	2.97	0.34616	1.4e+03	-3.15
atacat	atacat	0.0007454739084	0.0006260155214	7	5.88	0.37415	1.5e+03	-3.19
atacca	atacca	0.0004259850905	0.0003043223800	4	2.86	0.32089	1.3e+03	-3.12
ataccc	ataccc	0.0002129925453	0.0001443109420	2	1.36	0.39257	1.6e+03	-3.21
ataccg	ataccg	0.0001064962726	0.0001443109420	1	1.36	0.74210	3.0e+03	-3.48
atacct	atacct	0.0000000000000	0.0003023180613	0	2.84	1.00000	4.1e+03	-3.61
atacga	atacga	0.0002129925453	0.0002578889982	2	2.42	0.69627	2.9e+03	-3.46
atacgc	atacgc	0.0000000000000	0.0001703670843	0	1.60	1.00000	4.1e+03	-3.61
atacgg	atacgg	0.0001064962726	0.0001793865182	1	1.68	0.81448	3.3e+03	-3.52
atacgt	atacgt	0.0005324813632	0.0002916283619	5	2.74	0.14283	5.9e+02	-2.77
atacta	atacta	0.0006389776358	0.0005411660324	6	5.08	0.39835	1.6e+03	-3.21
atactc	atactc	0.0001064962726	0.0002284923248	1	2.15	0.88302	3.6e+03	-3.56
atactg	atactg	0.0003194888179	0.0003026521144	3	2.84	0.54050	2.2e+03	-3.35
atactt	atactt	0.0002129925453	0.0005117693590	2	4.81	0.95252	3.9e+03	-3.59
atagaa	atagaa	0.0006389776358	0.0006978369393	6	6.55	0.63865	2.6e+03	-3.42
atagac	atagac	0.0003194888179	0.0002191388378	3	2.06	0.33894	1.4e+03	-3.14
atagag	atagag	0.0003194888179	0.0003110034421	3	2.92	0.55876	2.3e+03	-3.36
atagat	atagat	0.0005324813632	0.0004452927909	5	4.18	0.40654	1.7e+03	-3.22
atagca	atagca	0.0001064962726	0.0003614454612	1	3.39	0.96645	4.0e+03	-3.60
atagcc	atagcc	0.0002129925453	0.0002114556164	2	1.99	0.59010	2.4e+03	-3.38
atagcg	atagcg	0.0004259850905	0.0001737076153	4	1.63	0.08314	3.4e+02	-2.53
atagct	atagct	0.0004259850905	0.0002488695643	4	2.34	0.20818	8.5e+02	-2.93
atagga	atagga	0.0001064962726	0.0003183526104	1	2.99	0.94970	3.9e+03	-3.59
ataggc	ataggc	0.0000000000000	0.0001543325352	0	1.45	1.00000	4.1e+03	-3.61
ataggg	ataggg	0.0001064962726	0.0001439768889	1	1.35	0.74129	3.0e+03	-3.48
ataggt	ataggt	0.0003194888179	0.0002084491384	3	1.96	0.31178	1.3e+03	-3.11
atagta	atagta	0.0005324813632	0.0005147758370	5	4.83	0.52991	2.2e+03	-3.34
atagtc	atagtc	0.0003194888179	0.0002241496344	3	2.10	0.35166	1.4e+03	-3.16
atagtg	atagtg	0.0002129925453	0.0002906262026	2	2.73	0.75660	3.1e+03	-3.49
atagtt	atagtt	0.0004259850905	0.0004840429512	4	4.55	0.66533	2.7e+03	-3.44
atataa	atataa	0.0014909478168	0.0014738423056	14	13.84	0.51850	2.1e+03	-3.33
atatac	atatac	0.0015974440895	0.0008515013683	15	8.00	0.01714	7.0e+01	-1.85
atatag	atatag	0.0004259850905	0.0005835907769	4	5.48	0.79610	3.3e+03	-3.51
atatat	atatat	0.0063897763578	0.0024536200667	60	23.04	9.9e-11	4.0e-07	6.39
atatca	atatca	0.0005324813632	0.0005936123701	5	5.57	0.65397	2.7e+03	-3.43
atatcc	atatcc	0.0002129925453	0.0003026521144	2	2.84	0.77601	3.2e+03	-3.50
atatcg	atatcg	0.0002129925453	0.0002361755462	2	2.22	0.64976	2.7e+03	-3.43
atatct	atatct	0.0004259850905	0.0005441725104	4	5.11	0.75012	3.1e+03	-3.49
atatga	atatga	0.0005324813632	0.0004783640484	5	4.49	0.46637	1.9e+03	-3.28
atatgc	atatgc	0.0004259850905	0.0003079969641	4	2.89	0.32860	1.3e+03	-3.13
atatgg	atatgg	0.0003194888179	0.0002592252106	3	2.43	0.43920	1.8e+03	-3.26
atatgt	atatgt	0.0007454739084	0.0005976210074	7	5.61	0.33157	1.4e+03	-3.13
atatta	atatta	0.0007454739084	0.0012356624407	7	11.60	0.94310	3.9e+03	-3.59
atattc	atattc	0.0004259850905	0.0006564143541	4	6.16	0.86290	3.5e+03	-3.55
atattg	atattg	0.0005324813632	0.0005632135374	5	5.29	0.60866	2.5e+03	-3.40
atattt	atattt	0.0015974440895	0.0013806414889	15	12.96	0.32115	1.3e+03	-3.12
atcaaa	atcaaa	0.0005324813632	0.0006266836277	5	5.88	0.69928	2.9e+03	-3.46
atcaac	atcaac	0.0002129925453	0.0003848291786	2	3.61	0.87569	3.6e+03	-3.55
atcaag	atcaag	0.0001064962726	0.0003447428058	1	3.24	0.96075	3.9e+03	-3.59
atcaat	atcaat	0.0004259850905	0.0005551962629	4	5.21	0.76373	3.1e+03	-3.50
atcaca	atcaca	0.0002129925453	0.0003210250353	2	3.01	0.80304	3.3e+03	-3.52
atcacc	atcacc	0.0003194888179	0.0001890740582	3	1.78	0.26280	1.1e+03	-3.03
atcacg	atcacg	0.0005324813632	0.0001653562877	5	1.55	0.02116	8.7e+01	-1.94
atcact	atcact	0.0003194888179	0.0003093331766	3	2.90	0.55514	2.3e+03	-3.36
atcaga	atcaga	0.0000000000000	0.0002304966434	0	2.16	1.00000	4.1e+03	-3.61
atcagc	atcagc	0.0003194888179	0.0002041064480	3	1.92	0.30075	1.2e+03	-3.09
atcagg	atcagg	0.0000000000000	0.0001382979861	0	1.30	1.00000	4.1e+03	-3.61
atcagt	atcagt	0.0002129925453	0.0002368436525	2	2.22	0.65127	2.7e+03	-3.43
atcata	atcata	0.0005324813632	0.0004943985975	5	4.64	0.49472	2.0e+03	-3.31
atcatc	atcatc	0.0007454739084	0.0003965210373	7	3.72	0.08384	3.4e+02	-2.54
atcatg	atcatg	0.0000000000000	0.0002121237226	0	1.99	1.00000	4.1e+03	-3.61
atcatt	atcatt	0.0010649627263	0.0005411660324	10	5.08	0.03484	1.4e+02	-2.15
atccaa	atccaa	0.0002129925453	0.0002552165733	2	2.40	0.69083	2.8e+03	-3.45
atccac	atccac	0.0003194888179	0.0001620157566	3	1.52	0.19652	8.0e+02	-2.91
atccag	atccag	0.0000000000000	0.0001296126053	0	1.22	1.00000	4.1e+03	-3.61
atccat	atccat	0.0004259850905	0.0002451949801	4	2.30	0.20112	8.2e+02	-2.92
atccca	atccca	0.0002129925453	0.0001703670843	2	1.60	0.47500	1.9e+03	-3.29
atcccc	atcccc	0.0000000000000	0.0000898602856	0	0.84	1.00000	4.1e+03	-3.61
atcccg	atcccg	0.0000000000000	0.0000731576303	0	0.69	1.00000	4.1e+03	-3.61
atccct	atccct	0.0002129925453	0.0001613476504	2	1.52	0.44721	1.8e+03	-3.26
atccga	atccga	0.0000000000000	0.0001129099500	0	1.06	1.00000	4.1e+03	-3.61
atccgc	atccgc	0.0000000000000	0.0001002159319	0	0.94	1.00000	4.1e+03	-3.61
atccgg	atccgg	0.0000000000000	0.0000818430111	0	0.77	1.00000	4.1e+03	-3.61
atccgt	atccgt	0.0001064962726	0.0001346234019	1	1.26	0.71753	2.9e+03	-3.47
atccta	atccta	0.0002129925453	0.0002188047847	2	2.05	0.60860	2.5e+03	-3.40
atcctc	atcctc	0.0002129925453	0.0002201409971	2	2.07	0.61189	2.5e+03	-3.40
atcctg	atcctg	0.0001064962726	0.0001399682516	1	1.31	0.73136	3.0e+03	-3.48
atcctt	atcctt	0.0004259850905	0.0003758097447	4	3.53	0.46960	1.9e+03	-3.28
atcgaa	atcgaa	0.0003194888179	0.0002622316885	3	2.46	0.44651	1.8e+03	-3.26
atcgac	atcgac	0.0000000000000	0.0001132440031	0	1.06	1.00000	4.1e+03	-3.61
atcgag	atcgag	0.0001064962726	0.0001366277205	1	1.28	0.72280	3.0e+03	-3.47
atcgat	atcgat	0.0000000000000	0.0002127918288	0	2.00	1.00000	4.1e+03	-3.61
atcgca	atcgca	0.0003194888179	0.0002044405011	3	1.92	0.30160	1.2e+03	-3.09
atcgcc	atcgcc	0.0000000000000	0.0001122418438	0	1.05	1.00000	4.1e+03	-3.61
atcgcg	atcgcg	0.0000000000000	0.0001018861975	0	0.96	1.00000	4.1e+03	-3.61
atcgct	atcgct	0.0003194888179	0.0001773821995	3	1.67	0.23372	9.6e+02	-2.98
atcgga	atcgga	0.0000000000000	0.0001209272245	0	1.14	1.00000	4.1e+03	-3.61
atcggc	atcggc	0.0001064962726	0.0000975435071	1	0.92	0.59987	2.5e+03	-3.39
atcggg	atcggg	0.0002129925453	0.0000674787275	2	0.63	0.13309	5.5e+02	-2.74
atcggt	atcggt	0.0002129925453	0.0001229315432	2	1.15	0.32081	1.3e+03	-3.12
atcgta	atcgta	0.0001064962726	0.0002174685723	1	2.04	0.87026	3.6e+03	-3.55
atcgtc	atcgtc	0.0001064962726	0.0001499898448	1	1.41	0.75549	3.1e+03	-3.49
atcgtg	atcgtg	0.0000000000000	0.0001306147646	0	1.23	1.00000	4.1e+03	-3.61
atcgtt	atcgtt	0.0005324813632	0.0002749257066	5	2.58	0.11995	4.9e+02	-2.69
atctaa	atctaa	0.0003194888179	0.0003594411425	3	3.38	0.65549	2.7e+03	-3.43
atctac	atctac	0.0001064962726	0.0002705830162	1	2.54	0.92122	3.8e+03	-3.58
atctag	atctag	0.0003194888179	0.0001700330312	3	1.60	0.21576	8.8e+02	-2.95
atctat	atctat	0.0009584664537	0.0004225771796	9	3.97	0.02040	8.4e+01	-1.92
atctca	atctca	0.0000000000000	0.0003601092487	0	3.38	1.00000	4.1e+03	-3.61
atctcc	atctcc	0.0002129925453	0.0001640200753	2	1.54	0.45554	1.9e+03	-3.27
atctcg	atctcg	0.0001064962726	0.0001416385171	1	1.33	0.73554	3.0e+03	-3.48
atctct	atctct	0.0003194888179	0.0003343871595	3	3.14	0.60745	2.5e+03	-3.40
atctga	atctga	0.0001064962726	0.0002191388378	1	2.06	0.87228	3.6e+03	-3.55
atctgc	atctgc	0.0002129925453	0.0002051086073	2	1.93	0.57361	2.3e+03	-3.37
atctgg	atctgg	0.0001064962726	0.0001523282165	1	1.43	0.76080	3.1e+03	-3.49
atctgt	atctgt	0.0002129925453	0.0002699149100	2	2.53	0.71975	2.9e+03	-3.47
atctta	atctta	0.0000000000000	0.0003754756916	0	3.53	1.00000	4.1e+03	-3.61
atcttc	atcttc	0.0003194888179	0.0003951848249	3	3.71	0.71644	2.9e+03	-3.47
atcttg	atcttg	0.0005324813632	0.0003260358319	5	3.06	0.19514	8.0e+02	-2.90
atcttt	atcttt	0.0007454739084	0.0006677721597	7	6.27	0.43705	1.8e+03	-3.25
atgaaa	atgaaa	0.0005324813632	0.0007813502159	5	7.34	0.85569	3.5e+03	-3.54
atgaac	atgaac	0.0003194888179	0.0002545484671	3	2.39	0.42774	1.8e+03	-3.24
atgaag	atgaag	0.0005324813632	0.0003257017788	5	3.06	0.19461	8.0e+02	-2.90
atgaat	atgaat	0.0006389776358	0.0004733532518	6	4.44	0.28765	1.2e+03	-3.07
atgaca	atgaca	0.0003194888179	0.0003053245393	3	2.87	0.54639	2.2e+03	-3.35
atgacc	atgacc	0.0000000000000	0.0001276082867	0	1.20	1.00000	4.1e+03	-3.61
atgacg	atgacg	0.0000000000000	0.0001586752256	0	1.49	1.00000	4.1e+03	-3.61
atgact	atgact	0.0008519701810	0.0002341712276	8	2.20	0.00197	8.1e+00	-0.91
atgaga	atgaga	0.0001064962726	0.0003724692137	1	3.50	0.96975	4.0e+03	-3.60
atgagc	atgagc	0.0001064962726	0.0001887400051	1	1.77	0.83008	3.4e+03	-3.53
atgagg	atgagg	0.0000000000000	0.0001884059520	0	1.77	1.00000	4.1e+03	-3.61
atgagt	atgagt	0.0002129925453	0.0002147961474	2	2.02	0.59859	2.5e+03	-3.39
atgata	atgata	0.0004259850905	0.0005124374653	4	4.81	0.70762	2.9e+03	-3.46
atgatc	atgatc	0.0003194888179	0.0001917464831	3	1.80	0.26951	1.1e+03	-3.04
atgatg	atgatg	0.0002129925453	0.0003581049301	2	3.36	0.84891	3.5e+03	-3.54
atgatt	atgatt	0.0002129925453	0.0003958529311	2	3.72	0.88540	3.6e+03	-3.56
atgcaa	atgcaa	0.0004259850905	0.0003236974601	4	3.04	0.36162	1.5e+03	-3.17
atgcac	atgcac	0.0006389776358	0.0001683627656	6	1.58	0.00571	2.3e+01	-1.37
atgcag	atgcag	0.0001064962726	0.0001884059520	1	1.77	0.82955	3.4e+03	-3.53
atgcat	atgcat	0.0004259850905	0.0002939667337	4	2.76	0.29925	1.2e+03	-3.09
atgcca	atgcca	0.0006389776358	0.0001944189079	6	1.83	0.01105	4.5e+01	-1.66
atgccc	atgccc	0.0000000000000	0.0001082332065	0	1.02	1.00000	4.1e+03	-3.61
atgccg	atgccg	0.0000000000000	0.0000911964981	0	0.86	1.00000	4.1e+03	-3.61
atgcct	atgcct	0.0000000000000	0.0001670265532	0	1.57	1.00000	4.1e+03	-3.61
atgcga	atgcga	0.0002129925453	0.0001423066233	2	1.34	0.38598	1.6e+03	-3.20
atgcgc	atgcgc	0.0005324813632	0.0001005499850	5	0.94	0.00287	1.2e+01	-1.07
atgcgg	atgcgg	0.0000000000000	0.0001112396844	0	1.04	1.00000	4.1e+03	-3.61
atgcgt	atgcgt	0.0001064962726	0.0001403023047	1	1.32	0.73220	3.0e+03	-3.48
atgcta	atgcta	0.0004259850905	0.0002328350152	4	2.19	0.17795	7.3e+02	-2.86
atgctc	atgctc	0.0002129925453	0.0001409704109	2	1.32	0.38156	1.6e+03	-3.19
atgctg	atgctg	0.0001064962726	0.0001700330312	1	1.60	0.79745	3.3e+03	-3.51
atgctt	atgctt	0.0005324813632	0.0002953029461	5	2.77	0.14810	6.1e+02	-2.78
atggaa	atggaa	0.0001064962726	0.0004209069141	1	3.95	0.98081	4.0e+03	-3.60
atggac	atggac	0.0001064962726	0.0001172526404	1	1.10	0.66748	2.7e+03	-3.44
atggag	atggag	0.0001064962726	0.0001486536324	1	1.40	0.75241	3.1e+03	-3.49
atggat	atggat	0.0001064962726	0.0002308306965	1	2.17	0.88557	3.6e+03	-3.56
atggca	atggca	0.0004259850905	0.0002134599350	4	2.00	0.14365	5.9e+02	-2.77
atggcc	atggcc	0.0000000000000	0.0001025543037	0	0.96	1.00000	4.1e+03	-3.61
atggcg	atggcg	0.0000000000000	0.0001015521444	0	0.95	1.00000	4.1e+03	-3.61
atggct	atggct	0.0001064962726	0.0001707011374	1	1.60	0.79871	3.3e+03	-3.51
atggga	atggga	0.0002129925453	0.0001306147646	2	1.23	0.34692	1.4e+03	-3.15
atgggc	atgggc	0.0000000000000	0.0001035564630	0	0.97	1.00000	4.1e+03	-3.61
atgggg	atgggg	0.0001064962726	0.0000851835421	1	0.80	0.55063	2.3e+03	-3.35
atgggt	atgggt	0.0002129925453	0.0001509920041	2	1.42	0.41431	1.7e+03	-3.23
atggta	atggta	0.0003194888179	0.0002368436525	3	2.22	0.38371	1.6e+03	-3.20
atggtc	atggtc	0.0000000000000	0.0000948710822	0	0.89	1.00000	4.1e+03	-3.61
atggtg	atggtg	0.0001064962726	0.0001700330312	1	1.60	0.79745	3.3e+03	-3.51
atggtt	atggtt	0.0002129925453	0.0002284923248	2	2.15	0.63199	2.6e+03	-3.41
atgtaa	atgtaa	0.0005324813632	0.0005094309873	5	4.78	0.52078	2.1e+03	-3.33
atgtac	atgtac	0.0003194888179	0.0002852813529	3	2.68	0.50119	2.1e+03	-3.31
atgtag	atgtag	0.0003194888179	0.0002538803609	3	2.38	0.42610	1.7e+03	-3.24
atgtat	atgtat	0.0006389776358	0.0005612092188	6	5.27	0.43127	1.8e+03	-3.25
atgtca	atgtca	0.0001064962726	0.0002455290332	1	2.31	0.90032	3.7e+03	-3.57
atgtcc	atgtcc	0.0000000000000	0.0001195910121	0	1.12	1.00000	4.1e+03	-3.61
atgtcg	atgtcg	0.0001064962726	0.0000978775602	1	0.92	0.60113	2.5e+03	-3.39
atgtct	atgtct	0.0000000000000	0.0002010999701	0	1.89	1.00000	4.1e+03	-3.61
atgtga	atgtga	0.0004259850905	0.0002582230513	4	2.42	0.22644	9.3e+02	-2.97
atgtgc	atgtgc	0.0001064962726	0.0001767140933	1	1.66	0.80976	3.3e+03	-3.52
atgtgg	atgtgg	0.0002129925453	0.0001590092787	2	1.49	0.43987	1.8e+03	-3.26
atgtgt	atgtgt	0.0001064962726	0.0002909602557	1	2.73	0.93494	3.8e+03	-3.58
atgtta	atgtta	0.0003194888179	0.0003550984521	3	3.33	0.64748	2.7e+03	-3.42
atgttc	atgttc	0.0001064962726	0.0002542144140	1	2.39	0.90813	3.7e+03	-3.57
atgttg	atgttg	0.0003194888179	0.0002752597597	3	2.58	0.47774	2.0e+03	-3.29
atgttt	atgttt	0.0004259850905	0.0004890537478	4	4.59	0.67309	2.8e+03	-3.44
attaaa	attaaa	0.0006389776358	0.0008060701458	6	7.57	0.76613	3.1e+03	-3.50
attaac	attaac	0.0004259850905	0.0003744735323	4	3.52	0.46690	1.9e+03	-3.28
attaag	attaag	0.0002129925453	0.0003898399752	2	3.66	0.88019	3.6e+03	-3.56
attaat	attaat	0.0002129925453	0.0007897015436	2	7.42	0.99495	4.1e+03	-3.61
attaca	attaca	0.0008519701810	0.0004843770043	8	4.55	0.09057	3.7e+02	-2.57
attacc	attacc	0.0003194888179	0.0003350552657	3	3.15	0.60879	2.5e+03	-3.40
attacg	attacg	0.0001064962726	0.0002214772096	1	2.08	0.87506	3.6e+03	-3.55
attact	attact	0.0003194888179	0.0005020818190	3	4.71	0.84922	3.5e+03	-3.54
attaga	attaga	0.0001064962726	0.0003337190533	1	3.13	0.95646	3.9e+03	-3.59
attagc	attagc	0.0001064962726	0.0002418544491	1	2.27	0.89682	3.7e+03	-3.57
attagg	attagg	0.0000000000000	0.0002214772096	0	2.08	1.00000	4.1e+03	-3.61
attagt	attagt	0.0004259850905	0.0004462949502	4	4.19	0.60292	2.5e+03	-3.39
attata	attata	0.0005324813632	0.0009590664686	5	9.01	0.94531	3.9e+03	-3.59
attatc	attatc	0.0003194888179	0.0006387095395	3	6.00	0.93798	3.8e+03	-3.58
attatg	attatg	0.0003194888179	0.0004108853209	3	3.86	0.74044	3.0e+03	-3.48
attatt	attatt	0.0008519701810	0.0011878928465	8	11.15	0.86665	3.5e+03	-3.55
attcaa	attcaa	0.0005324813632	0.0005662200154	5	5.32	0.61330	2.5e+03	-3.40
attcac	attcac	0.0001064962726	0.0002936326805	1	2.76	0.93656	3.8e+03	-3.58
attcag	attcag	0.0001064962726	0.0002448609270	1	2.30	0.89969	3.7e+03	-3.57
attcat	attcat	0.0002129925453	0.0005445065635	2	5.11	0.96324	3.9e+03	-3.60
attcca	attcca	0.0004259850905	0.0003417363279	4	3.21	0.39947	1.6e+03	-3.21
attccc	attccc	0.0002129925453	0.0001954210673	2	1.84	0.54752	2.2e+03	-3.35
attccg	attccg	0.0001064962726	0.0001646881815	1	1.55	0.78702	3.2e+03	-3.51
attcct	attcct	0.0001064962726	0.0003928464532	1	3.69	0.97502	4.0e+03	-3.60
attcga	attcga	0.0000000000000	0.0002054426605	0	1.93	1.00000	4.1e+03	-3.61
attcgc	attcgc	0.0000000000000	0.0001463152606	0	1.37	1.00000	4.1e+03	-3.61
attcgg	attcgg	0.0000000000000	0.0001269401804	0	1.19	1.00000	4.1e+03	-3.61
attcgt	attcgt	0.0001064962726	0.0002375117587	1	2.23	0.89253	3.7e+03	-3.56
attcta	attcta	0.0008519701810	0.0004255836576	8	4.00	0.05087	2.1e+02	-2.32
attctc	attctc	0.0002129925453	0.0003420703810	2	3.21	0.83041	3.4e+03	-3.53
attctg	attctg	0.0001064962726	0.0003377276906	1	3.17	0.95807	3.9e+03	-3.59
attctt	attctt	0.0002129925453	0.0007061882670	2	6.63	0.98995	4.1e+03	-3.61
attgaa	attgaa	0.0006389776358	0.0006567484072	6	6.17	0.58080	2.4e+03	-3.38
attgac	attgac	0.0004259850905	0.0002345052807	4	2.20	0.18102	7.4e+02	-2.87
attgag	attgag	0.0001064962726	0.0002916283619	1	2.74	0.93535	3.8e+03	-3.58
attgat	attgat	0.0005324813632	0.0005191185274	5	4.87	0.53726	2.2e+03	-3.34
attgca	attgca	0.0001064962726	0.0003761437978	1	3.53	0.97077	4.0e+03	-3.60
attgcc	attgcc	0.0002129925453	0.0002231474751	2	2.10	0.61922	2.5e+03	-3.40
attgcg	attgcg	0.0000000000000	0.0001693649250	0	1.59	1.00000	4.1e+03	-3.61
attgct	attgct	0.0005324813632	0.0003581049301	5	3.36	0.24887	1.0e+03	-3.01
attgga	attgga	0.0003194888179	0.0002455290332	3	2.31	0.40543	1.7e+03	-3.22
attggc	attggc	0.0000000000000	0.0002031042887	0	1.91	1.00000	4.1e+03	-3.61
attggg	attggg	0.0002129925453	0.0001600114380	2	1.50	0.44303	1.8e+03	-3.26
attggt	attggt	0.0003194888179	0.0002819408218	3	2.65	0.49343	2.0e+03	-3.31
attgta	attgta	0.0003194888179	0.0004676743490	3	4.39	0.81391	3.3e+03	-3.52
attgtc	attgtc	0.0003194888179	0.0002769300252	3	2.60	0.48168	2.0e+03	-3.30
attgtg	attgtg	0.0004259850905	0.0003156801856	4	2.96	0.34475	1.4e+03	-3.15
attgtt	attgtt	0.0004259850905	0.0006998412580	4	6.57	0.89306	3.7e+03	-3.56
atttaa	atttaa	0.0007454739084	0.0007626432420	7	7.16	0.57409	2.4e+03	-3.37
atttac	atttac	0.0008519701810	0.0005157779963	8	4.84	0.11746	4.8e+02	-2.68
atttag	atttag	0.0007454739084	0.0004072107367	7	3.82	0.09308	3.8e+02	-2.58
atttat	atttat	0.0009584664537	0.0010586142943	9	9.94	0.66055	2.7e+03	-3.43
atttca	atttca	0.0011714589989	0.0007198844443	11	6.76	0.08227	3.4e+02	-2.53
atttcc	atttcc	0.0004259850905	0.0004432884722	4	4.16	0.59766	2.4e+03	-3.39
atttcg	atttcg	0.0003194888179	0.0002912943088	3	2.74	0.51500	2.1e+03	-3.32
atttct	atttct	0.0009584664537	0.0008174279514	9	7.68	0.36226	1.5e+03	-3.17
atttga	atttga	0.0003194888179	0.0005241293240	3	4.92	0.86865	3.6e+03	-3.55
atttgc	atttgc	0.0006389776358	0.0003761437978	6	3.53	0.14661	6.0e+02	-2.78
atttgg	atttgg	0.0005324813632	0.0003196888229	5	3.00	0.18503	7.6e+02	-2.88
atttgt	atttgt	0.0006389776358	0.0005288060675	6	4.97	0.37798	1.5e+03	-3.19
atttta	atttta	0.0008519701810	0.0010091744345	8	9.48	0.72899	3.0e+03	-3.48
attttc	attttc	0.0011714589989	0.0009687540086	11	9.10	0.30547	1.3e+03	-3.10
attttg	attttg	0.0006389776358	0.0007663178261	6	7.20	0.72369	3.0e+03	-3.47
attttt	attttt	0.0023429179979	0.0021897181126	22	20.56	0.40430	1.7e+03	-3.22
caaaaa	caaaaa	0.0007454739084	0.0012286473254	7	11.54	0.94103	3.9e+03	-3.59
caaaac	caaaac	0.0004259850905	0.0004880515885	4	4.58	0.67154	2.8e+03	-3.44
caaaag	caaaag	0.0008519701810	0.0005752394493	8	5.40	0.17847	7.3e+02	-2.86
caaaat	caaaat	0.0011714589989	0.0007272336127	11	6.83	0.08673	3.6e+02	-2.55
caaaca	caaaca	0.0006389776358	0.0004559824903	6	4.28	0.26027	1.1e+03	-3.03
caaacc	caaacc	0.0001064962726	0.0001954210673	1	1.84	0.84042	3.4e+03	-3.54
caaacg	caaacg	0.0000000000000	0.0002014340232	0	1.89	1.00000	4.1e+03	-3.61
caaact	caaact	0.0001064962726	0.0002999796896	1	2.82	0.94023	3.9e+03	-3.59
caaaga	caaaga	0.0003194888179	0.0004493014281	3	4.22	0.79232	3.2e+03	-3.51
caaagc	caaagc	0.0004259850905	0.0002284923248	4	2.15	0.17003	7.0e+02	-2.84
caaagg	caaagg	0.0002129925453	0.0002806046094	2	2.63	0.73932	3.0e+03	-3.48
caaagt	caaagt	0.0005324813632	0.0003160142387	5	2.97	0.17926	7.3e+02	-2.87
caaata	caaata	0.0006389776358	0.0006580846197	6	6.18	0.58275	2.4e+03	-3.38
caaatc	caaatc	0.0001064962726	0.0002719192286	1	2.55	0.92220	3.8e+03	-3.58
caaatg	caaatg	0.0005324813632	0.0003190207166	5	3.00	0.18397	7.5e+02	-2.88
caaatt	caaatt	0.0006389776358	0.0005505195194	6	5.17	0.41374	1.7e+03	-3.23
caacaa	caacaa	0.0002129925453	0.0005769097148	2	5.42	0.97154	4.0e+03	-3.60
caacac	caacac	0.0003194888179	0.0002234815282	3	2.10	0.34996	1.4e+03	-3.16
caacag	caacag	0.0003194888179	0.0002632338479	3	2.47	0.44894	1.8e+03	-3.26
caacat	caacat	0.0005324813632	0.0003003137427	5	2.82	0.15542	6.4e+02	-2.80
caacca	caacca	0.0005324813632	0.0002174685723	5	2.04	0.05650	2.3e+02	-2.36
caaccc	caaccc	0.0001064962726	0.0001008840381	1	0.95	0.61223	2.5e+03	-3.40
caaccg	caaccg	0.0000000000000	0.0001008840381	0	0.95	1.00000	4.1e+03	-3.61
caacct	caacct	0.0004259850905	0.0001693649250	4	1.59	0.07747	3.2e+02	-2.50
caacga	caacga	0.0002129925453	0.0001884059520	2	1.77	0.52794	2.2e+03	-3.33
caacgc	caacgc	0.0001064962726	0.0001225974901	1	1.15	0.68376	2.8e+03	-3.45
caacgg	caacgg	0.0000000000000	0.0001075651003	0	1.01	1.00000	4.1e+03	-3.61
caacgt	caacgt	0.0001064962726	0.0001503238979	1	1.41	0.75626	3.1e+03	-3.49
caacta	caacta	0.0002129925453	0.0003414022748	2	3.21	0.82960	3.4e+03	-3.53
caactc	caactc	0.0006389776358	0.0001593433318	6	1.50	0.00440	1.8e+01	-1.26
caactg	caactg	0.0004259850905	0.0001990956514	4	1.87	0.12011	4.9e+02	-2.69
caactt	caactt	0.0004259850905	0.0003440746996	4	3.23	0.40435	1.7e+03	-3.22
caagaa	caagaa	0.0006389776358	0.0006687743191	6	6.28	0.59822	2.5e+03	-3.39
caagac	caagac	0.0000000000000	0.0001984275452	0	1.86	1.00000	4.1e+03	-3.61
caagag	caagag	0.0002129925453	0.0002973072647	2	2.79	0.76755	3.1e+03	-3.50
caagat	caagat	0.0002129925453	0.0003297104160	2	3.10	0.81478	3.3e+03	-3.52
caagca	caagca	0.0003194888179	0.0002692468038	3	2.53	0.46343	1.9e+03	-3.28
caagcc	caagcc	0.0001064962726	0.0001352915081	1	1.27	0.71930	2.9e+03	-3.47
caagcg	caagcg	0.0001064962726	0.0001342893488	1	1.26	0.71665	2.9e+03	-3.47
caagct	caagct	0.0000000000000	0.0001800546244	0	1.69	1.00000	4.1e+03	-3.61
caagga	caagga	0.0000000000000	0.0002963051054	0	2.78	1.00000	4.1e+03	-3.61
caaggc	caaggc	0.0002129925453	0.0001499898448	2	1.41	0.41108	1.7e+03	-3.23
caaggg	caaggg	0.0001064962726	0.0001523282165	1	1.43	0.76080	3.1e+03	-3.49
caaggt	caaggt	0.0002129925453	0.0001760459871	2	1.65	0.49206	2.0e+03	-3.30
caagta	caagta	0.0005324813632	0.0003019840082	5	2.84	0.15789	6.5e+02	-2.81
caagtc	caagtc	0.0001064962726	0.0001369617736	1	1.29	0.72367	3.0e+03	-3.47
caagtg	caagtg	0.0001064962726	0.0001987615983	1	1.87	0.84534	3.5e+03	-3.54
caagtt	caagtt	0.0003194888179	0.0003016499551	3	2.83	0.53829	2.2e+03	-3.34
caataa	caataa	0.0004259850905	0.0006564143541	4	6.16	0.86290	3.5e+03	-3.55
caatac	caatac	0.0000000000000	0.0003100012828	0	2.91	1.00000	4.1e+03	-3.61
caatag	caatag	0.0003194888179	0.0003557665583	3	3.34	0.64872	2.7e+03	-3.42
caatat	caatat	0.0009584664537	0.0005765756617	9	5.41	0.09843	4.0e+02	-2.61
caatca	caatca	0.0001064962726	0.0003100012828	1	2.91	0.94560	3.9e+03	-3.59
caatcc	caatcc	0.0003194888179	0.0001720373498	3	1.62	0.22063	9.0e+02	-2.96
caatcg	caatcg	0.0001064962726	0.0001389660923	1	1.30	0.72882	3.0e+03	-3.47
caatct	caatct	0.0001064962726	0.0002575549451	1	2.42	0.91097	3.7e+03	-3.57
caatga	caatga	0.0006389776358	0.0003270379912	6	3.07	0.09120	3.7e+02	-2.57
caatgc	caatgc	0.0001064962726	0.0001843973147	1	1.73	0.82301	3.4e+03	-3.53
caatgg	caatgg	0.0002129925453	0.0002107875102	2	1.98	0.58839	2.4e+03	-3.38
caatgt	caatgt	0.0003194888179	0.0002348393338	3	2.21	0.37867	1.6e+03	-3.19
caatta	caatta	0.0001064962726	0.0004733532518	1	4.44	0.98827	4.0e+03	-3.61
caattc	caattc	0.0005324813632	0.0003176845042	5	2.98	0.18187	7.4e+02	-2.87
caattg	caattg	0.0005324813632	0.0003707989481	5	3.48	0.27111	1.1e+03	-3.05
caattt	caattt	0.0006389776358	0.0006019636978	6	5.65	0.49705	2.0e+03	-3.31
cacaaa	cacaaa	0.0001064962726	0.0003935145594	1	3.70	0.97517	4.0e+03	-3.60
cacaac	cacaac	0.0004259850905	0.0001984275452	4	1.86	0.11906	4.9e+02	-2.69
cacaag	cacaag	0.0001064962726	0.0002157983068	1	2.03	0.86821	3.6e+03	-3.55
cacaat	cacaat	0.0003194888179	0.0003183526104	3	2.99	0.57445	2.4e+03	-3.37
cacaca	cacaca	0.0012779552716	0.0003457449652	12	3.25	0.00015	6.0e-01	0.22
cacacc	cacacc	0.0002129925453	0.0001359596143	2	1.28	0.36489	1.5e+03	-3.17
cacacg	cacacg	0.0000000000000	0.0001192569590	0	1.12	1.00000	4.1e+03	-3.61
cacact	cacact	0.0004259850905	0.0001797205713	4	1.69	0.09132	3.7e+02	-2.57
cacaga	cacaga	0.0002129925453	0.0002034383418	2	1.91	0.56919	2.3e+03	-3.37
cacagc	cacagc	0.0004259850905	0.0001322850301	4	1.24	0.03753	1.5e+02	-2.19
cacagg	cacagg	0.0003194888179	0.0001219293838	3	1.14	0.10878	4.5e+02	-2.65
cacagt	cacagt	0.0007454739084	0.0001914124300	7	1.80	0.00255	1.0e+01	-1.02
cacata	cacata	0.0006389776358	0.0003834929662	6	3.60	0.15598	6.4e+02	-2.81
cacatc	cacatc	0.0005324813632	0.0002091172446	5	1.96	0.04941	2.0e+02	-2.31
cacatg	cacatg	0.0002129925453	0.0001566709069	2	1.47	0.43248	1.8e+03	-3.25
cacatt	cacatt	0.0007454739084	0.0003524260273	7	3.31	0.05155	2.1e+02	-2.32
caccaa	caccaa	0.0001064962726	0.0002555506264	1	2.40	0.90928	3.7e+03	-3.57
caccac	caccac	0.0003194888179	0.0001593433318	3	1.50	0.19020	7.8e+02	-2.89
caccag	caccag	0.0001064962726	0.0001115737375	1	1.05	0.64927	2.7e+03	-3.42
caccat	caccat	0.0002129925453	0.0001977594390	2	1.86	0.55392	2.3e+03	-3.36
caccca	caccca	0.0004259850905	0.0001676946594	4	1.57	0.07534	3.1e+02	-2.49
cacccc	cacccc	0.0001064962726	0.0000915305512	1	0.86	0.57663	2.4e+03	-3.37
cacccg	cacccg	0.0001064962726	0.0000761641083	1	0.72	0.51091	2.1e+03	-3.32
caccct	caccct	0.0001064962726	0.0001259380211	1	1.18	0.69353	2.8e+03	-3.45
caccga	caccga	0.0000000000000	0.0000821770642	0	0.77	1.00000	4.1e+03	-3.61
caccgc	caccgc	0.0001064962726	0.0001032224099	1	0.97	0.62065	2.5e+03	-3.41
caccgg	caccgg	0.0000000000000	0.0000628019840	0	0.59	1.00000	4.1e+03	-3.61
caccgt	caccgt	0.0002129925453	0.0001382979861	2	1.30	0.37269	1.5e+03	-3.18
caccta	caccta	0.0001064962726	0.0001312828708	1	1.23	0.70853	2.9e+03	-3.46
cacctc	cacctc	0.0003194888179	0.0001352915081	3	1.27	0.13611	5.6e+02	-2.75
cacctg	cacctg	0.0001064962726	0.0001172526404	1	1.10	0.66748	2.7e+03	-3.44
cacctt	cacctt	0.0003194888179	0.0002508738829	3	2.36	0.41869	1.7e+03	-3.23
cacgaa	cacgaa	0.0000000000000	0.0001940848548	0	1.82	1.00000	4.1e+03	-3.61
cacgac	cacgac	0.0000000000000	0.0000818430111	0	0.77	1.00000	4.1e+03	-3.61
cacgag	cacgag	0.0002129925453	0.0000748278958	2	0.70	0.15672	6.4e+02	-2.81
cacgat	cacgat	0.0000000000000	0.0001266061273	0	1.19	1.00000	4.1e+03	-3.61
cacgca	cacgca	0.0002129925453	0.0001172526404	2	1.10	0.30134	1.2e+03	-3.09
cacgcc	cacgcc	0.0001064962726	0.0000694830461	1	0.65	0.47924	2.0e+03	-3.29
cacgcg	cacgcg	0.0001064962726	0.0000607976654	1	0.57	0.43499	1.8e+03	-3.25
cacgct	cacgct	0.0002129925453	0.0001068969941	2	1.00	0.26563	1.1e+03	-3.04
cacgga	cacgga	0.0003194888179	0.0001052267285	3	0.99	0.07811	3.2e+02	-2.51
cacggc	cacggc	0.0000000000000	0.0000795046393	0	0.75	1.00000	4.1e+03	-3.61
cacggg	cacggg	0.0000000000000	0.0000541166032	0	0.51	1.00000	4.1e+03	-3.61
cacggt	cacggt	0.0001064962726	0.0000751619489	1	0.71	0.50629	2.1e+03	-3.32
cacgta	cacgta	0.0000000000000	0.0001519941634	0	1.43	1.00000	4.1e+03	-3.61
cacgtc	cacgtc	0.0001064962726	0.0000908624449	1	0.85	0.57397	2.4e+03	-3.37
cacgtg	cacgtg	0.0018104366347	0.0001536644290	17	1.44	3.6e-13	1.5e-09	8.83
cacgtt	cacgtt	0.0000000000000	0.0001763800402	0	1.66	1.00000	4.1e+03	-3.61
cactaa	cactaa	0.0004259850905	0.0002759278659	4	2.59	0.26202	1.1e+03	-3.03
cactac	cactac	0.0001064962726	0.0001780503057	1	1.67	0.81214	3.3e+03	-3.52
cactag	cactag	0.0001064962726	0.0001362936674	1	1.28	0.72193	3.0e+03	-3.47
cactat	cactat	0.0002129925453	0.0003063266986	2	2.88	0.78166	3.2e+03	-3.51
cactca	cactca	0.0002129925453	0.0001750438278	2	1.64	0.48907	2.0e+03	-3.30
cactcc	cactcc	0.0001064962726	0.0001135780562	1	1.07	0.65581	2.7e+03	-3.43
cactcg	cactcg	0.0001064962726	0.0000734916834	1	0.69	0.49848	2.0e+03	-3.31
cactct	cactct	0.0001064962726	0.0001813908368	1	1.70	0.81794	3.4e+03	-3.53
cactga	cactga	0.0001064962726	0.0001884059520	1	1.77	0.82955	3.4e+03	-3.53
cactgc	cactgc	0.0003194888179	0.0001449790482	3	1.36	0.15723	6.4e+02	-2.81
cactgg	cactgg	0.0001064962726	0.0000985456664	1	0.93	0.60362	2.5e+03	-3.39
cactgt	cactgt	0.0003194888179	0.0002010999701	3	1.89	0.29313	1.2e+03	-3.08
cactta	cactta	0.0002129925453	0.0002428566084	2	2.28	0.66464	2.7e+03	-3.43
cacttc	cacttc	0.0005324813632	0.0002655722196	5	2.49	0.10796	4.4e+02	-2.65
cacttg	cacttg	0.0002129925453	0.0001937508017	2	1.82	0.54291	2.2e+03	-3.35
cacttt	cacttt	0.0007454739084	0.0004957348099	7	4.65	0.18925	7.8e+02	-2.89
cagaaa	cagaaa	0.0003194888179	0.0005358211827	3	5.03	0.87803	3.6e+03	-3.56
cagaac	cagaac	0.0001064962726	0.0002061107667	1	1.94	0.85566	3.5e+03	-3.54
cagaag	cagaag	0.0004259850905	0.0002755938128	4	2.59	0.26134	1.1e+03	-3.03
cagaat	cagaat	0.0002129925453	0.0003076629110	2	2.89	0.78369	3.2e+03	-3.51
cagaca	cagaca	0.0002129925453	0.0001640200753	2	1.54	0.45554	1.9e+03	-3.27
cagacc	cagacc	0.0000000000000	0.0000851835421	0	0.80	1.00000	4.1e+03	-3.61
cagacg	cagacg	0.0001064962726	0.0000841813828	1	0.79	0.54638	2.2e+03	-3.35
cagact	cagact	0.0001064962726	0.0001075651003	1	1.01	0.63581	2.6e+03	-3.42
cagaga	cagaga	0.0002129925453	0.0002241496344	2	2.10	0.62164	2.5e+03	-3.41
cagagc	cagagc	0.0001064962726	0.0001002159319	1	0.94	0.60979	2.5e+03	-3.40
cagagg	cagagg	0.0001064962726	0.0001209272245	1	1.14	0.67876	2.8e+03	-3.44
cagagt	cagagt	0.0001064962726	0.0001352915081	1	1.27	0.71930	2.9e+03	-3.47
cagata	cagata	0.0005324813632	0.0002675765382	5	2.51	0.11048	4.5e+02	-2.66
cagatc	cagatc	0.0000000000000	0.0001523282165	0	1.43	1.00000	4.1e+03	-3.61
cagatg	cagatg	0.0001064962726	0.0001443109420	1	1.36	0.74210	3.0e+03	-3.48
cagatt	cagatt	0.0001064962726	0.0002789343439	1	2.62	0.92717	3.8e+03	-3.58
cagcaa	cagcaa	0.0004259850905	0.0003113374952	4	2.92	0.33562	1.4e+03	-3.14
cagcac	cagcac	0.0001064962726	0.0001573390131	1	1.48	0.77180	3.2e+03	-3.50
cagcag	cagcag	0.0000000000000	0.0001790524650	0	1.68	1.00000	4.1e+03	-3.61
cagcat	cagcat	0.0001064962726	0.0002204750502	1	2.07	0.87388	3.6e+03	-3.55
cagcca	cagcca	0.0003194888179	0.0001409704109	3	1.32	0.14837	6.1e+02	-2.78
cagccc	cagccc	0.0000000000000	0.0000805067986	0	0.76	1.00000	4.1e+03	-3.61
cagccg	cagccg	0.0001064962726	0.0000898602856	1	0.84	0.56994	2.3e+03	-3.37
cagcct	cagcct	0.0000000000000	0.0001122418438	0	1.05	1.00000	4.1e+03	-3.61
cagcga	cagcga	0.0001064962726	0.0001195910121	1	1.12	0.67471	2.8e+03	-3.44
cagcgc	cagcgc	0.0000000000000	0.0001005499850	0	0.94	1.00000	4.1e+03	-3.61
cagcgg	cagcgg	0.0000000000000	0.0000962072947	0	0.90	1.00000	4.1e+03	-3.61
cagcgt	cagcgt	0.0001064962726	0.0001122418438	1	1.05	0.65146	2.7e+03	-3.43
cagcta	cagcta	0.0001064962726	0.0001760459871	1	1.65	0.80857	3.3e+03	-3.52
cagctc	cagctc	0.0002129925453	0.0001246018087	2	1.17	0.32651	1.3e+03	-3.13
cagctg	cagctg	0.0002129925453	0.0001309488177	2	1.23	0.34805	1.4e+03	-3.15
cagctt	cagctt	0.0004259850905	0.0002608954761	4	2.45	0.23174	9.5e+02	-2.98
caggaa	caggaa	0.0004259850905	0.0002742576004	4	2.58	0.25862	1.1e+03	-3.03
caggac	caggac	0.0001064962726	0.0000932008167	1	0.88	0.58322	2.4e+03	-3.38
caggag	caggag	0.0002129925453	0.0000982116133	2	0.92	0.23565	9.7e+02	-2.98
caggat	caggat	0.0001064962726	0.0001406363578	1	1.32	0.73304	3.0e+03	-3.48
caggca	caggca	0.0000000000000	0.0001469833668	0	1.38	1.00000	4.1e+03	-3.61
caggcc	caggcc	0.0000000000000	0.0000761641083	0	0.72	1.00000	4.1e+03	-3.61
caggcg	caggcg	0.0000000000000	0.0000701511523	0	0.66	1.00000	4.1e+03	-3.61
caggct	caggct	0.0000000000000	0.0001048926754	0	0.98	1.00000	4.1e+03	-3.61
caggga	caggga	0.0000000000000	0.0001109056313	0	1.04	1.00000	4.1e+03	-3.61
cagggc	cagggc	0.0000000000000	0.0000778343738	0	0.73	1.00000	4.1e+03	-3.61
cagggg	cagggg	0.0000000000000	0.0000708192586	0	0.66	1.00000	4.1e+03	-3.61
cagggt	cagggt	0.0003194888179	0.0001062288878	3	1.00	0.07983	3.3e+02	-2.51
caggta	caggta	0.0001064962726	0.0001466493137	1	1.38	0.74770	3.1e+03	-3.49
caggtc	caggtc	0.0000000000000	0.0000771662676	0	0.72	1.00000	4.1e+03	-3.61
caggtg	caggtg	0.0003194888179	0.0001035564630	3	0.97	0.07528	3.1e+02	-2.49
caggtt	caggtt	0.0005324813632	0.0001529963227	5	1.44	0.01574	6.4e+01	-1.81
cagtaa	cagtaa	0.0001064962726	0.0003457449652	1	3.25	0.96111	3.9e+03	-3.60
cagtac	cagtac	0.0002129925453	0.0001793865182	2	1.68	0.50193	2.1e+03	-3.31
cagtag	cagtag	0.0002129925453	0.0001727054560	2	1.62	0.48207	2.0e+03	-3.30
cagtat	cagtat	0.0001064962726	0.0003039883268	1	2.85	0.94244	3.9e+03	-3.59
cagtca	cagtca	0.0004259850905	0.0001670265532	4	1.57	0.07450	3.1e+02	-2.48
cagtcc	cagtcc	0.0001064962726	0.0000728235772	1	0.68	0.49532	2.0e+03	-3.31
cagtcg	cagtcg	0.0001064962726	0.0000848494890	1	0.80	0.54922	2.2e+03	-3.35
cagtct	cagtct	0.0001064962726	0.0001316169239	1	1.24	0.70945	2.9e+03	-3.46
cagtga	cagtga	0.0002129925453	0.0001940848548	2	1.82	0.54383	2.2e+03	-3.35
cagtgc	cagtgc	0.0000000000000	0.0000978775602	0	0.92	1.00000	4.1e+03	-3.61
cagtgg	cagtgg	0.0001064962726	0.0001202591183	1	1.13	0.67674	2.8e+03	-3.44
cagtgt	cagtgt	0.0000000000000	0.0001636860221	0	1.54	1.00000	4.1e+03	-3.61
cagtta	cagtta	0.0003194888179	0.0002475333519	3	2.32	0.41042	1.7e+03	-3.23
cagttc	cagttc	0.0003194888179	0.0001707011374	3	1.60	0.21738	8.9e+02	-2.95
cagttg	cagttg	0.0005324813632	0.0002017680763	5	1.89	0.04363	1.8e+02	-2.25
cagttt	cagttt	0.0008519701810	0.0004048723650	8	3.80	0.04016	1.6e+02	-2.22
cataaa	cataaa	0.0006389776358	0.0005896037328	6	5.54	0.47733	2.0e+03	-3.29
cataac	cataac	0.0003194888179	0.0002742576004	3	2.58	0.47537	1.9e+03	-3.29
cataag	cataag	0.0001064962726	0.0002575549451	1	2.42	0.91097	3.7e+03	-3.57
cataat	cataat	0.0006389776358	0.0004883856416	6	4.59	0.31180	1.3e+03	-3.11
cataca	cataca	0.0006389776358	0.0003724692137	6	3.50	0.14202	5.8e+02	-2.76
catacc	catacc	0.0000000000000	0.0001717032967	0	1.61	1.00000	4.1e+03	-3.61
catacg	catacg	0.0001064962726	0.0001519941634	1	1.43	0.76005	3.1e+03	-3.49
catact	catact	0.0002129925453	0.0002936326805	2	2.76	0.76158	3.1e+03	-3.49
cataga	cataga	0.0005324813632	0.0002645700603	5	2.48	0.10671	4.4e+02	-2.64
catagc	catagc	0.0004259850905	0.0001797205713	4	1.69	0.09132	3.7e+02	-2.57
catagg	catagg	0.0000000000000	0.0001135780562	0	1.07	1.00000	4.1e+03	-3.61
catagt	catagt	0.0003194888179	0.0002298285372	3	2.16	0.36603	1.5e+03	-3.18
catata	catata	0.0006389776358	0.0008398095096	6	7.89	0.79819	3.3e+03	-3.51
catatc	catatc	0.0002129925453	0.0002946348399	2	2.77	0.76322	3.1e+03	-3.50
catatg	catatg	0.0002129925453	0.0002862835122	2	2.69	0.74924	3.1e+03	-3.49
catatt	catatt	0.0005324813632	0.0006012955916	5	5.65	0.66487	2.7e+03	-3.44
catcaa	catcaa	0.0002129925453	0.0003854972848	2	3.62	0.87630	3.6e+03	-3.56
catcac	catcac	0.0006389776358	0.0002415203959	6	2.27	0.02826	1.2e+02	-2.06
catcag	catcag	0.0003194888179	0.0001653562877	3	1.55	0.20448	8.4e+02	-2.92
catcat	catcat	0.0006389776358	0.0003728032668	6	3.50	0.14243	5.8e+02	-2.77
catcca	catcca	0.0001064962726	0.0001847313679	1	1.73	0.82356	3.4e+03	-3.53
catccc	catccc	0.0001064962726	0.0001115737375	1	1.05	0.64927	2.7e+03	-3.42
catccg	catccg	0.0000000000000	0.0001105715782	0	1.04	1.00000	4.1e+03	-3.61
catcct	catcct	0.0002129925453	0.0001860675803	2	1.75	0.52128	2.1e+03	-3.33
catcga	catcga	0.0001064962726	0.0001987615983	1	1.87	0.84534	3.5e+03	-3.54
catcgc	catcgc	0.0003194888179	0.0002101194039	3	1.97	0.31602	1.3e+03	-3.11
catcgg	catcgg	0.0001064962726	0.0001005499850	1	0.94	0.61101	2.5e+03	-3.40
catcgt	catcgt	0.0003194888179	0.0001753778809	3	1.65	0.22879	9.4e+02	-2.97
catcta	catcta	0.0006389776358	0.0003136758669	6	2.95	0.07848	3.2e+02	-2.51
catctc	catctc	0.0002129925453	0.0002699149100	2	2.53	0.71975	2.9e+03	-3.47
catctg	catctg	0.0002129925453	0.0001757119340	2	1.65	0.49107	2.0e+03	-3.30
catctt	catctt	0.0006389776358	0.0004075447898	6	3.83	0.18839	7.7e+02	-2.89
catgaa	catgaa	0.0007454739084	0.0002859494591	7	2.69	0.02002	8.2e+01	-1.91
catgac	catgac	0.0002129925453	0.0001212612776	2	1.14	0.31510	1.3e+03	-3.11
catgag	catgag	0.0001064962726	0.0001256039680	1	1.18	0.69257	2.8e+03	-3.45
catgat	catgat	0.0002129925453	0.0002294944841	2	2.15	0.63435	2.6e+03	-3.41
catgca	catgca	0.0005324813632	0.0001810567837	5	1.70	0.02961	1.2e+02	-2.08
catgcc	catgcc	0.0001064962726	0.0001005499850	1	0.94	0.61101	2.5e+03	-3.40
catgcg	catgcg	0.0001064962726	0.0000861857015	1	0.81	0.55484	2.3e+03	-3.36
catgct	catgct	0.0002129925453	0.0001372958267	2	1.29	0.36936	1.5e+03	-3.18
catgga	catgga	0.0000000000000	0.0001349574550	0	1.27	1.00000	4.1e+03	-3.61
catggc	catggc	0.0001064962726	0.0000928667636	1	0.87	0.58191	2.4e+03	-3.38
catggg	catggg	0.0001064962726	0.0000681468337	1	0.64	0.47267	1.9e+03	-3.29
catggt	catggt	0.0001064962726	0.0001175866935	1	1.10	0.66853	2.7e+03	-3.44
catgta	catgta	0.0003194888179	0.0002371777056	3	2.23	0.38455	1.6e+03	-3.20
catgtc	catgtc	0.0001064962726	0.0001192569590	1	1.12	0.67368	2.8e+03	-3.44
catgtg	catgtg	0.0000000000000	0.0001433087827	0	1.35	1.00000	4.1e+03	-3.61
catgtt	catgtt	0.0002129925453	0.0002552165733	2	2.40	0.69083	2.8e+03	-3.45
cattaa	cattaa	0.0004259850905	0.0004452927909	4	4.18	0.60117	2.5e+03	-3.39
cattac	cattac	0.0005324813632	0.0003146780263	5	2.95	0.17718	7.3e+02	-2.86
cattag	cattag	0.0003194888179	0.0002147961474	3	2.02	0.32791	1.3e+03	-3.13
cattat	cattat	0.0005324813632	0.0005695605465	5	5.35	0.61840	2.5e+03	-3.40
cattca	cattca	0.0003194888179	0.0003470811776	3	3.26	0.63234	2.6e+03	-3.41
cattcc	cattcc	0.0004259850905	0.0002164664130	4	2.03	0.14879	6.1e+02	-2.78
cattcg	cattcg	0.0000000000000	0.0001590092787	0	1.49	1.00000	4.1e+03	-3.61
cattct	cattct	0.0003194888179	0.0003654540984	3	3.43	0.66637	2.7e+03	-3.44
cattga	cattga	0.0006389776358	0.0003267039381	6	3.07	0.09087	3.7e+02	-2.57
cattgc	cattgc	0.0002129925453	0.0002288263779	2	2.15	0.63278	2.6e+03	-3.41
cattgg	cattgg	0.0001064962726	0.0001757119340	1	1.65	0.80797	3.3e+03	-3.52
cattgt	cattgt	0.0001064962726	0.0003500876555	1	3.29	0.96267	3.9e+03	-3.60
cattta	cattta	0.0009584664537	0.0005037520845	9	4.73	0.05185	2.1e+02	-2.33
catttc	catttc	0.0005324813632	0.0004646678710	5	4.36	0.44177	1.8e+03	-3.26
catttg	catttg	0.0005324813632	0.0003480833369	5	3.27	0.23167	9.5e+02	-2.98
catttt	catttt	0.0010649627263	0.0010145192842	10	9.53	0.48163	2.0e+03	-3.30
ccaaaa	ccaaaa	0.0003194888179	0.0005114353059	3	4.80	0.85775	3.5e+03	-3.55
ccaaac	ccaaac	0.0001064962726	0.0002057767136	1	1.93	0.85521	3.5e+03	-3.54
ccaaag	ccaaag	0.0001064962726	0.0002094512977	1	1.97	0.86012	3.5e+03	-3.55
ccaaat	ccaaat	0.0001064962726	0.0003153461325	1	2.96	0.94826	3.9e+03	-3.59
ccaaca	ccaaca	0.0004259850905	0.0002739235473	4	2.57	0.25794	1.1e+03	-3.02
ccaacc	ccaacc	0.0000000000000	0.0001109056313	0	1.04	1.00000	4.1e+03	-3.61
ccaacg	ccaacg	0.0003194888179	0.0001119077907	3	1.05	0.08987	3.7e+02	-2.57
ccaact	ccaact	0.0002129925453	0.0001727054560	2	1.62	0.48207	2.0e+03	-3.30
ccaaga	ccaaga	0.0005324813632	0.0002692468038	5	2.53	0.11260	4.6e+02	-2.66
ccaagc	ccaagc	0.0001064962726	0.0001252699149	1	1.18	0.69160	2.8e+03	-3.45
ccaagg	ccaagg	0.0000000000000	0.0001282763929	0	1.20	1.00000	4.1e+03	-3.61
ccaagt	ccaagt	0.0002129925453	0.0001539984821	2	1.45	0.42397	1.7e+03	-3.24
ccaata	ccaata	0.0005324813632	0.0002735894942	5	2.57	0.11820	4.8e+02	-2.68
ccaatc	ccaatc	0.0001064962726	0.0001529963227	1	1.44	0.76230	3.1e+03	-3.49
ccaatg	ccaatg	0.0003194888179	0.0001486536324	3	1.40	0.16549	6.8e+02	-2.83
ccaatt	ccaatt	0.0005324813632	0.0002919624150	5	2.74	0.14331	5.9e+02	-2.77
ccacaa	ccacaa	0.0003194888179	0.0002000978107	3	1.88	0.29059	1.2e+03	-3.08
ccacac	ccacac	0.0003194888179	0.0001489876855	3	1.40	0.16625	6.8e+02	-2.83
ccacag	ccacag	0.0011714589989	0.0001215953307	11	1.14	3.8e-08	1.5e-04	3.81
ccacat	ccacat	0.0005324813632	0.0001964232266	5	1.84	0.03969	1.6e+02	-2.21
ccacca	ccacca	0.0003194888179	0.0001519941634	3	1.43	0.17311	7.1e+02	-2.85
ccaccc	ccaccc	0.0002129925453	0.0000898602856	2	0.84	0.20702	8.5e+02	-2.93
ccaccg	ccaccg	0.0000000000000	0.0000878559670	0	0.82	1.00000	4.1e+03	-3.61
ccacct	ccacct	0.0002129925453	0.0001242677556	2	1.17	0.32537	1.3e+03	-3.12
ccacga	ccacga	0.0001064962726	0.0000995478257	1	0.93	0.60734	2.5e+03	-3.40
ccacgc	ccacgc	0.0001064962726	0.0000775003207	1	0.73	0.51701	2.1e+03	-3.33
ccacgg	ccacgg	0.0001064962726	0.0000758300552	1	0.71	0.50937	2.1e+03	-3.32
ccacgt	ccacgt	0.0001064962726	0.0001048926754	1	0.98	0.62656	2.6e+03	-3.41
ccacta	ccacta	0.0003194888179	0.0001987615983	3	1.87	0.28721	1.2e+03	-3.07
ccactc	ccactc	0.0000000000000	0.0001185888528	0	1.11	1.00000	4.1e+03	-3.61
ccactg	ccactg	0.0001064962726	0.0001279423398	1	1.20	0.69924	2.9e+03	-3.46
ccactt	ccactt	0.0001064962726	0.0002238155813	1	2.10	0.87777	3.6e+03	-3.56
ccagaa	ccagaa	0.0003194888179	0.0002274901655	3	2.14	0.36012	1.5e+03	-3.17
ccagac	ccagac	0.0001064962726	0.0000758300552	1	0.71	0.50937	2.1e+03	-3.32
ccagag	ccagag	0.0000000000000	0.0000948710822	0	0.89	1.00000	4.1e+03	-3.61
ccagat	ccagat	0.0001064962726	0.0001456471544	1	1.37	0.74531	3.1e+03	-3.48
ccagca	ccagca	0.0001064962726	0.0001403023047	1	1.32	0.73220	3.0e+03	-3.48
ccagcc	ccagcc	0.0000000000000	0.0000771662676	0	0.72	1.00000	4.1e+03	-3.61
ccagcg	ccagcg	0.0000000000000	0.0000734916834	0	0.69	1.00000	4.1e+03	-3.61
ccagct	ccagct	0.0001064962726	0.0001062288878	1	1.00	0.63122	2.6e+03	-3.41
ccagga	ccagga	0.0002129925453	0.0001042245692	2	0.98	0.25639	1.1e+03	-3.02
ccaggc	ccaggc	0.0000000000000	0.0000668106213	0	0.63	1.00000	4.1e+03	-3.61
ccaggg	ccaggg	0.0001064962726	0.0000597955061	1	0.56	0.42965	1.8e+03	-3.25
ccaggt	ccaggt	0.0001064962726	0.0000835132766	1	0.78	0.54353	2.2e+03	-3.35
ccagta	ccagta	0.0001064962726	0.0001727054560	1	1.62	0.80247	3.3e+03	-3.52
ccagtc	ccagtc	0.0001064962726	0.0000825111173	1	0.77	0.53921	2.2e+03	-3.34
ccagtg	ccagtg	0.0001064962726	0.0000895262325	1	0.84	0.56859	2.3e+03	-3.37
ccagtt	ccagtt	0.0001064962726	0.0001773821995	1	1.67	0.81095	3.3e+03	-3.52
ccataa	ccataa	0.0004259850905	0.0002659062727	4	2.50	0.24174	9.9e+02	-3.00
ccatac	ccatac	0.0002129925453	0.0001747097747	2	1.64	0.48808	2.0e+03	-3.30
ccatag	ccatag	0.0005324813632	0.0001443109420	5	1.36	0.01255	5.1e+01	-1.71
ccatat	ccatat	0.0000000000000	0.0002869516184	0	2.69	1.00000	4.1e+03	-3.61
ccatca	ccatca	0.0002129925453	0.0002047745542	2	1.92	0.57273	2.3e+03	-3.37
ccatcc	ccatcc	0.0003194888179	0.0001229315432	3	1.15	0.11075	4.5e+02	-2.66
ccatcg	ccatcg	0.0000000000000	0.0001142461624	0	1.07	1.00000	4.1e+03	-3.61
ccatct	ccatct	0.0004259850905	0.0001990956514	4	1.87	0.12011	4.9e+02	-2.69
ccatga	ccatga	0.0000000000000	0.0001179207466	0	1.11	1.00000	4.1e+03	-3.61
ccatgc	ccatgc	0.0004259850905	0.0000968754009	4	0.91	0.01394	5.7e+01	-1.76
ccatgg	ccatgg	0.0001064962726	0.0000831792235	1	0.78	0.54209	2.2e+03	-3.35
ccatgt	ccatgt	0.0000000000000	0.0001256039680	0	1.18	1.00000	4.1e+03	-3.61
ccatta	ccatta	0.0002129925453	0.0002725873348	2	2.56	0.72476	3.0e+03	-3.47
ccattc	ccattc	0.0002129925453	0.0002117896695	2	1.99	0.59096	2.4e+03	-3.38
ccattg	ccattg	0.0000000000000	0.0002244836875	0	2.11	1.00000	4.1e+03	-3.61
ccattt	ccattt	0.0003194888179	0.0004482992688	3	4.21	0.79108	3.2e+03	-3.51
cccaaa	cccaaa	0.0001064962726	0.0002248177406	1	2.11	0.87892	3.6e+03	-3.56
cccaac	cccaac	0.0001064962726	0.0001342893488	1	1.26	0.71665	2.9e+03	-3.47
cccaag	cccaag	0.0001064962726	0.0000982116133	1	0.92	0.60238	2.5e+03	-3.39
cccaat	cccaat	0.0006389776358	0.0001529963227	6	1.44	0.00362	1.5e+01	-1.17
cccaca	cccaca	0.0004259850905	0.0001449790482	4	1.36	0.04945	2.0e+02	-2.31
cccacc	cccacc	0.0000000000000	0.0000938689229	0	0.88	1.00000	4.1e+03	-3.61
cccacg	cccacg	0.0001064962726	0.0000718214179	1	0.67	0.49055	2.0e+03	-3.30
cccact	cccact	0.0000000000000	0.0001189229059	0	1.12	1.00000	4.1e+03	-3.61
cccaga	cccaga	0.0000000000000	0.0001099034720	0	1.03	1.00000	4.1e+03	-3.61
cccagc	cccagc	0.0000000000000	0.0000778343738	0	0.73	1.00000	4.1e+03	-3.61
cccagg	cccagg	0.0000000000000	0.0000577911874	0	0.54	1.00000	4.1e+03	-3.61
cccagt	cccagt	0.0001064962726	0.0000958732415	1	0.90	0.59355	2.4e+03	-3.39
cccata	cccata	0.0003194888179	0.0001580071193	3	1.48	0.18706	7.7e+02	-2.88
cccatc	cccatc	0.0003194888179	0.0001165845341	3	1.09	0.09851	4.0e+02	-2.61
cccatg	cccatg	0.0001064962726	0.0000724895241	1	0.68	0.49374	2.0e+03	-3.31
cccatt	cccatt	0.0000000000000	0.0002017680763	0	1.89	1.00000	4.1e+03	-3.61
ccccaa	ccccaa	0.0000000000000	0.0000945370291	0	0.89	1.00000	4.1e+03	-3.61
ccccac	ccccac	0.0002129925453	0.0001018861975	2	0.96	0.24832	1.0e+03	-3.01
ccccag	ccccag	0.0000000000000	0.0000681468337	0	0.64	1.00000	4.1e+03	-3.61
ccccat	ccccat	0.0002129925453	0.0001085672596	2	1.02	0.27140	1.1e+03	-3.05
ccccca	ccccca	0.0001064962726	0.0000771662676	1	0.72	0.51549	2.1e+03	-3.32
cccccc	cccccc	0.0000000000000	0.0000818430111	0	0.77	1.00000	4.1e+03	-3.61
cccccg	cccccg	0.0000000000000	0.0000367458417	0	0.35	1.00000	4.1e+03	-3.61
ccccct	ccccct	0.0000000000000	0.0000955391884	0	0.90	1.00000	4.1e+03	-3.61
ccccga	ccccga	0.0000000000000	0.0000514441784	0	0.48	1.00000	4.1e+03	-3.61
ccccgc	ccccgc	0.0001064962726	0.0000704852055	1	0.66	0.48412	2.0e+03	-3.30
ccccgg	ccccgg	0.0000000000000	0.0000424247445	0	0.40	1.00000	4.1e+03	-3.61
ccccgt	ccccgt	0.0001064962726	0.0000514441784	1	0.48	0.38312	1.6e+03	-3.20
ccccta	ccccta	0.0000000000000	0.0000938689229	0	0.88	1.00000	4.1e+03	-3.61
cccctc	cccctc	0.0000000000000	0.0001215953307	0	1.14	1.00000	4.1e+03	-3.61
cccctg	cccctg	0.0000000000000	0.0000691489930	0	0.65	1.00000	4.1e+03	-3.61
cccctt	cccctt	0.0001064962726	0.0002024361825	1	1.90	0.85059	3.5e+03	-3.54
cccgaa	cccgaa	0.0000000000000	0.0001085672596	0	1.02	1.00000	4.1e+03	-3.61
cccgac	cccgac	0.0002129925453	0.0000417566383	2	0.39	0.05944	2.4e+02	-2.39
cccgag	cccgag	0.0000000000000	0.0000420906914	0	0.40	1.00000	4.1e+03	-3.61
cccgat	cccgat	0.0000000000000	0.0000654744089	0	0.61	1.00000	4.1e+03	-3.61
cccgca	cccgca	0.0001064962726	0.0000871878608	1	0.82	0.55901	2.3e+03	-3.36
cccgcc	cccgcc	0.0001064962726	0.0000801727455	1	0.75	0.52898	2.2e+03	-3.34
cccgcg	cccgcg	0.0000000000000	0.0000597955061	0	0.56	1.00000	4.1e+03	-3.61
cccgct	cccgct	0.0002129925453	0.0000881900201	2	0.83	0.20134	8.2e+02	-2.92
cccgga	cccgga	0.0000000000000	0.0000891921794	0	0.84	1.00000	4.1e+03	-3.61
cccggc	cccggc	0.0002129925453	0.0000758300552	2	0.71	0.16000	6.6e+02	-2.82
cccggg	cccggg	0.0000000000000	0.0000404204259	0	0.38	1.00000	4.1e+03	-3.61
cccggt	cccggt	0.0003194888179	0.0000564549750	3	0.53	0.01677	6.9e+01	-1.84
cccgta	cccgta	0.0000000000000	0.0000838473297	0	0.79	1.00000	4.1e+03	-3.61
cccgtc	cccgtc	0.0001064962726	0.0000671446744	1	0.63	0.46768	1.9e+03	-3.28
cccgtg	cccgtg	0.0001064962726	0.0000521122846	1	0.49	0.38697	1.6e+03	-3.20
cccgtt	cccgtt	0.0001064962726	0.0001105715782	1	1.04	0.64595	2.6e+03	-3.42
ccctaa	ccctaa	0.0001064962726	0.0001489876855	1	1.40	0.75318	3.1e+03	-3.49
ccctac	ccctac	0.0000000000000	0.0001035564630	0	0.97	1.00000	4.1e+03	-3.61
ccctag	ccctag	0.0000000000000	0.0000738257365	0	0.69	1.00000	4.1e+03	-3.61
ccctat	ccctat	0.0002129925453	0.0001553346945	2	1.46	0.42823	1.8e+03	-3.24
ccctca	ccctca	0.0001064962726	0.0001346234019	1	1.26	0.71753	2.9e+03	-3.47
ccctcc	ccctcc	0.0002129925453	0.0001172526404	2	1.10	0.30134	1.2e+03	-3.09
ccctcg	ccctcg	0.0002129925453	0.0000684808868	2	0.64	0.13626	5.6e+02	-2.75
ccctct	ccctct	0.0001064962726	0.0001696989781	1	1.59	0.79681	3.3e+03	-3.51
ccctga	ccctga	0.0000000000000	0.0001025543037	0	0.96	1.00000	4.1e+03	-3.61
ccctgc	ccctgc	0.0000000000000	0.0000905283918	0	0.85	1.00000	4.1e+03	-3.61
ccctgg	ccctgg	0.0000000000000	0.0000671446744	0	0.63	1.00000	4.1e+03	-3.61
ccctgt	ccctgt	0.0001064962726	0.0001182547997	1	1.11	0.67060	2.7e+03	-3.44
ccctta	ccctta	0.0002129925453	0.0001927486424	2	1.81	0.54013	2.2e+03	-3.34
cccttc	cccttc	0.0000000000000	0.0002131258819	0	2.00	1.00000	4.1e+03	-3.61
cccttg	cccttg	0.0001064962726	0.0001406363578	1	1.32	0.73304	3.0e+03	-3.48
cccttt	cccttt	0.0000000000000	0.0004639997648	0	4.36	1.00000	4.1e+03	-3.61
ccgaaa	ccgaaa	0.0000000000000	0.0002221453158	0	2.09	1.00000	4.1e+03	-3.61
ccgaac	ccgaac	0.0001064962726	0.0000815089580	1	0.77	0.53485	2.2e+03	-3.34
ccgaag	ccgaag	0.0001064962726	0.0001175866935	1	1.10	0.66853	2.7e+03	-3.44
ccgaat	ccgaat	0.0000000000000	0.0001185888528	0	1.11	1.00000	4.1e+03	-3.61
ccgaca	ccgaca	0.0000000000000	0.0000744938427	0	0.70	1.00000	4.1e+03	-3.61
ccgacc	ccgacc	0.0000000000000	0.0000390842135	0	0.37	1.00000	4.1e+03	-3.61
ccgacg	ccgacg	0.0000000000000	0.0000467674349	0	0.44	1.00000	4.1e+03	-3.61
ccgact	ccgact	0.0002129925453	0.0000658084620	2	0.62	0.12784	5.2e+02	-2.72
ccgaga	ccgaga	0.0000000000000	0.0001042245692	0	0.98	1.00000	4.1e+03	-3.61
ccgagc	ccgagc	0.0000000000000	0.0000564549750	0	0.53	1.00000	4.1e+03	-3.61
ccgagg	ccgagg	0.0000000000000	0.0000507760722	0	0.48	1.00000	4.1e+03	-3.61
ccgagt	ccgagt	0.0002129925453	0.0000564549750	2	0.53	0.09947	4.1e+02	-2.61
ccgata	ccgata	0.0001064962726	0.0001109056313	1	1.04	0.64706	2.7e+03	-3.42
ccgatc	ccgatc	0.0000000000000	0.0000624679309	0	0.59	1.00000	4.1e+03	-3.61
ccgatg	ccgatg	0.0001064962726	0.0000891921794	1	0.84	0.56723	2.3e+03	-3.37
ccgatt	ccgatt	0.0000000000000	0.0001289444991	0	1.21	1.00000	4.1e+03	-3.61
ccgcaa	ccgcaa	0.0000000000000	0.0001205931714	0	1.13	1.00000	4.1e+03	-3.61
ccgcac	ccgcac	0.0001064962726	0.0001062288878	1	1.00	0.63122	2.6e+03	-3.41
ccgcag	ccgcag	0.0001064962726	0.0000808408518	1	0.76	0.53192	2.2e+03	-3.34
ccgcat	ccgcat	0.0001064962726	0.0001219293838	1	1.14	0.68177	2.8e+03	-3.45
ccgcca	ccgcca	0.0000000000000	0.0000955391884	0	0.90	1.00000	4.1e+03	-3.61
ccgccc	ccgccc	0.0001064962726	0.0000915305512	1	0.86	0.57663	2.4e+03	-3.37
ccgccg	ccgccg	0.0000000000000	0.0000795046393	0	0.75	1.00000	4.1e+03	-3.61
ccgcct	ccgcct	0.0000000000000	0.0000921986574	0	0.87	1.00000	4.1e+03	-3.61
ccgcga	ccgcga	0.0000000000000	0.0000587933467	0	0.55	1.00000	4.1e+03	-3.61
ccgcgc	ccgcgc	0.0000000000000	0.0000741597896	0	0.70	1.00000	4.1e+03	-3.61
ccgcgg	ccgcgg	0.0000000000000	0.0000771662676	0	0.72	1.00000	4.1e+03	-3.61
ccgcgt	ccgcgt	0.0000000000000	0.0000591273998	0	0.56	1.00000	4.1e+03	-3.61
ccgcta	ccgcta	0.0003194888179	0.0001099034720	3	1.03	0.08627	3.5e+02	-2.55
ccgctc	ccgctc	0.0001064962726	0.0000871878608	1	0.82	0.55901	2.3e+03	-3.36
ccgctg	ccgctg	0.0000000000000	0.0000968754009	0	0.91	1.00000	4.1e+03	-3.61
ccgctt	ccgctt	0.0001064962726	0.0001443109420	1	1.36	0.74210	3.0e+03	-3.48
ccggaa	ccggaa	0.0000000000000	0.0001339552957	0	1.26	1.00000	4.1e+03	-3.61
ccggac	ccggac	0.0000000000000	0.0000557868688	0	0.52	1.00000	4.1e+03	-3.61
ccggag	ccggag	0.0001064962726	0.0000731576303	1	0.69	0.49690	2.0e+03	-3.31
ccggat	ccggat	0.0000000000000	0.0000754960021	0	0.71	1.00000	4.1e+03	-3.61
ccggca	ccggca	0.0001064962726	0.0000731576303	1	0.69	0.49690	2.0e+03	-3.31
ccggcc	ccggcc	0.0001064962726	0.0000668106213	1	0.63	0.46601	1.9e+03	-3.28
ccggcg	ccggcg	0.0000000000000	0.0000524463377	0	0.49	1.00000	4.1e+03	-3.61
ccggct	ccggct	0.0000000000000	0.0000711533117	0	0.67	1.00000	4.1e+03	-3.61
ccggga	ccggga	0.0000000000000	0.0000507760722	0	0.48	1.00000	4.1e+03	-3.61
ccgggc	ccgggc	0.0001064962726	0.0000467674349	1	0.44	0.35542	1.5e+03	-3.16
ccgggg	ccgggg	0.0000000000000	0.0000477695942	0	0.45	1.00000	4.1e+03	-3.61
ccgggt	ccgggt	0.0003194888179	0.0001162504810	3	1.09	0.09789	4.0e+02	-2.60
ccggta	ccggta	0.0003194888179	0.0000788365331	3	0.74	0.03922	1.6e+02	-2.21
ccggtc	ccggtc	0.0002129925453	0.0000501079660	2	0.47	0.08139	3.3e+02	-2.52
ccggtg	ccggtg	0.0000000000000	0.0000537825501	0	0.51	1.00000	4.1e+03	-3.61
ccggtt	ccggtt	0.0001064962726	0.0000791705862	1	0.74	0.52453	2.1e+03	-3.33
ccgtaa	ccgtaa	0.0000000000000	0.0001396341985	0	1.31	1.00000	4.1e+03	-3.61
ccgtac	ccgtac	0.0000000000000	0.0001145802155	0	1.08	1.00000	4.1e+03	-3.61
ccgtag	ccgtag	0.0002129925453	0.0000815089580	2	0.77	0.17881	7.3e+02	-2.86
ccgtat	ccgtat	0.0002129925453	0.0001560028007	2	1.46	0.43036	1.8e+03	-3.25
ccgtca	ccgtca	0.0002129925453	0.0000831792235	2	0.78	0.18441	7.6e+02	-2.88
ccgtcc	ccgtcc	0.0000000000000	0.0000651403558	0	0.61	1.00000	4.1e+03	-3.61
ccgtcg	ccgtcg	0.0002129925453	0.0000557868688	2	0.52	0.09751	4.0e+02	-2.60
ccgtct	ccgtct	0.0001064962726	0.0001015521444	1	0.95	0.61466	2.5e+03	-3.40
ccgtga	ccgtga	0.0000000000000	0.0000808408518	0	0.76	1.00000	4.1e+03	-3.61
ccgtgc	ccgtgc	0.0003194888179	0.0000811749049	3	0.76	0.04214	1.7e+02	-2.24
ccgtgg	ccgtgg	0.0001064962726	0.0000688149399	1	0.65	0.47596	1.9e+03	-3.29
ccgtgt	ccgtgt	0.0000000000000	0.0000775003207	0	0.73	1.00000	4.1e+03	-3.61
ccgtta	ccgtta	0.0002129925453	0.0001443109420	2	1.36	0.39257	1.6e+03	-3.21
ccgttc	ccgttc	0.0001064962726	0.0001199250652	1	1.13	0.67573	2.8e+03	-3.44
ccgttg	ccgttg	0.0000000000000	0.0001012180912	0	0.95	1.00000	4.1e+03	-3.61
ccgttt	ccgttt	0.0002129925453	0.0002625657417	2	2.47	0.70559	2.9e+03	-3.46
cctaaa	cctaaa	0.0002129925453	0.0002959710523	2	2.78	0.76540	3.1e+03	-3.50
cctaac	cctaac	0.0000000000000	0.0001205931714	0	1.13	1.00000	4.1e+03	-3.61
cctaag	cctaag	0.0000000000000	0.0001008840381	0	0.95	1.00000	4.1e+03	-3.61
cctaat	cctaat	0.0001064962726	0.0002582230513	1	2.42	0.91152	3.7e+03	-3.57
cctaca	cctaca	0.0000000000000	0.0001663584470	0	1.56	1.00000	4.1e+03	-3.61
cctacc	cctacc	0.0001064962726	0.0000975435071	1	0.92	0.59987	2.5e+03	-3.39
cctacg	cctacg	0.0002129925453	0.0000714873648	2	0.67	0.14588	6.0e+02	-2.78
cctact	cctact	0.0001064962726	0.0001636860221	1	1.54	0.78500	3.2e+03	-3.51
cctaga	cctaga	0.0000000000000	0.0001068969941	0	1.00	1.00000	4.1e+03	-3.61
cctagc	cctagc	0.0000000000000	0.0000875219139	0	0.82	1.00000	4.1e+03	-3.61
cctagg	cctagg	0.0000000000000	0.0000634700902	0	0.60	1.00000	4.1e+03	-3.61
cctagt	cctagt	0.0002129925453	0.0000952051353	2	0.89	0.22531	9.2e+02	-2.97
cctata	cctata	0.0000000000000	0.0002395160773	0	2.25	1.00000	4.1e+03	-3.61
cctatc	cctatc	0.0002129925453	0.0001379639330	2	1.30	0.37158	1.5e+03	-3.18
cctatg	cctatg	0.0002129925453	0.0001012180912	2	0.95	0.24601	1.0e+03	-3.00
cctatt	cctatt	0.0003194888179	0.0003257017788	3	3.06	0.58979	2.4e+03	-3.38
cctcaa	cctcaa	0.0003194888179	0.0002254858468	3	2.12	0.35504	1.5e+03	-3.16
cctcac	cctcac	0.0001064962726	0.0001192569590	1	1.12	0.67368	2.8e+03	-3.44
cctcag	cctcag	0.0001064962726	0.0000998818788	1	0.94	0.60857	2.5e+03	-3.40
cctcat	cctcat	0.0002129925453	0.0002214772096	2	2.08	0.61516	2.5e+03	-3.40
cctcca	cctcca	0.0002129925453	0.0001249358618	2	1.17	0.32765	1.3e+03	-3.13
cctccc	cctccc	0.0001064962726	0.0001025543037	1	0.96	0.61827	2.5e+03	-3.40
cctccg	cctccg	0.0001064962726	0.0000701511523	1	0.66	0.48250	2.0e+03	-3.30
cctcct	cctcct	0.0001064962726	0.0001543325352	1	1.45	0.76526	3.1e+03	-3.50
cctcga	cctcga	0.0002129925453	0.0001880718989	2	1.77	0.52699	2.2e+03	-3.33
cctcgc	cctcgc	0.0000000000000	0.0000691489930	0	0.65	1.00000	4.1e+03	-3.61
cctcgg	cctcgg	0.0002129925453	0.0000591273998	2	0.56	0.10738	4.4e+02	-2.64
cctcgt	cctcgt	0.0001064962726	0.0001035564630	1	0.97	0.62184	2.5e+03	-3.41
cctcta	cctcta	0.0003194888179	0.0001907443238	3	1.79	0.26699	1.1e+03	-3.04
cctctc	cctctc	0.0002129925453	0.0001690308719	2	1.59	0.47094	1.9e+03	-3.29
cctctg	cctctg	0.0002129925453	0.0001342893488	2	1.26	0.35930	1.5e+03	-3.17
cctctt	cctctt	0.0002129925453	0.0003393979561	2	3.19	0.82714	3.4e+03	-3.53
cctgaa	cctgaa	0.0002129925453	0.0001944189079	2	1.83	0.54476	2.2e+03	-3.35
cctgac	cctgac	0.0000000000000	0.0000721554710	0	0.68	1.00000	4.1e+03	-3.61
cctgag	cctgag	0.0000000000000	0.0000798386924	0	0.75	1.00000	4.1e+03	-3.61
cctgat	cctgat	0.0001064962726	0.0001299466584	1	1.22	0.70485	2.9e+03	-3.46
cctgca	cctgca	0.0001064962726	0.0001409704109	1	1.32	0.73388	3.0e+03	-3.48
cctgcc	cctgcc	0.0000000000000	0.0000891921794	0	0.84	1.00000	4.1e+03	-3.61
cctgcg	cctgcg	0.0001064962726	0.0000828451704	1	0.78	0.54065	2.2e+03	-3.35
cctgct	cctgct	0.0002129925453	0.0001476514730	2	1.39	0.40349	1.7e+03	-3.22
cctgga	cctgga	0.0000000000000	0.0000998818788	0	0.94	1.00000	4.1e+03	-3.61
cctggc	cctggc	0.0000000000000	0.0000744938427	0	0.70	1.00000	4.1e+03	-3.61
cctggg	cctggg	0.0001064962726	0.0000544506563	1	0.51	0.40029	1.6e+03	-3.21
cctggt	cctggt	0.0000000000000	0.0000998818788	0	0.94	1.00000	4.1e+03	-3.61
cctgta	cctgta	0.0001064962726	0.0001676946594	1	1.57	0.79295	3.2e+03	-3.51
cctgtc	cctgtc	0.0002129925453	0.0000988797195	2	0.93	0.23795	9.7e+02	-2.99
cctgtg	cctgtg	0.0002129925453	0.0001099034720	2	1.03	0.27601	1.1e+03	-3.05
cctgtt	cctgtt	0.0000000000000	0.0002204750502	0	2.07	1.00000	4.1e+03	-3.61
ccttaa	ccttaa	0.0000000000000	0.0002522100954	0	2.37	1.00000	4.1e+03	-3.61
ccttac	ccttac	0.0004259850905	0.0001686968187	4	1.58	0.07662	3.1e+02	-2.50
ccttag	ccttag	0.0002129925453	0.0001252699149	2	1.18	0.32879	1.3e+03	-3.13
ccttat	ccttat	0.0000000000000	0.0003160142387	0	2.97	1.00000	4.1e+03	-3.61
ccttca	ccttca	0.0002129925453	0.0002482014581	2	2.33	0.67618	2.8e+03	-3.44
ccttcc	ccttcc	0.0001064962726	0.0002301625903	1	2.16	0.88484	3.6e+03	-3.56
ccttcg	ccttcg	0.0001064962726	0.0001289444991	1	1.21	0.70206	2.9e+03	-3.46
ccttct	ccttct	0.0001064962726	0.0003604433018	1	3.38	0.96613	4.0e+03	-3.60
ccttga	ccttga	0.0001064962726	0.0001934167486	1	1.82	0.83738	3.4e+03	-3.54
ccttgc	ccttgc	0.0003194888179	0.0001797205713	3	1.69	0.23949	9.8e+02	-2.99
ccttgg	ccttgg	0.0001064962726	0.0001222634370	1	1.15	0.68277	2.8e+03	-3.45
ccttgt	ccttgt	0.0002129925453	0.0002224793689	2	2.09	0.61760	2.5e+03	-3.40
ccttta	ccttta	0.0002129925453	0.0004356052508	2	4.09	0.91487	3.7e+03	-3.57
cctttc	cctttc	0.0000000000000	0.0003925124001	0	3.69	1.00000	4.1e+03	-3.61
cctttg	cctttg	0.0003194888179	0.0002649041134	3	2.49	0.45298	1.9e+03	-3.27
cctttt	cctttt	0.0008519701810	0.0009046158122	8	8.49	0.61376	2.5e+03	-3.40
cgaaaa	cgaaaa	0.0004259850905	0.0005749053962	4	5.40	0.78660	3.2e+03	-3.51
cgaaac	cgaaac	0.0000000000000	0.0001924145893	0	1.81	1.00000	4.1e+03	-3.61
cgaaag	cgaaag	0.0001064962726	0.0002194728909	1	2.06	0.87268	3.6e+03	-3.55
cgaaat	cgaaat	0.0000000000000	0.0002822748749	0	2.65	1.00000	4.1e+03	-3.61
cgaaca	cgaaca	0.0000000000000	0.0001850654210	0	1.74	1.00000	4.1e+03	-3.61
cgaacc	cgaacc	0.0001064962726	0.0000744938427	1	0.70	0.50318	2.1e+03	-3.31
cgaacg	cgaacg	0.0002129925453	0.0000851835421	2	0.80	0.19116	7.8e+02	-2.89
cgaact	cgaact	0.0002129925453	0.0001239337025	2	1.16	0.32423	1.3e+03	-3.12
cgaaga	cgaaga	0.0001064962726	0.0002475333519	1	2.32	0.90218	3.7e+03	-3.57
cgaagc	cgaagc	0.0000000000000	0.0001299466584	0	1.22	1.00000	4.1e+03	-3.61
cgaagg	cgaagg	0.0000000000000	0.0001292785522	0	1.21	1.00000	4.1e+03	-3.61
cgaagt	cgaagt	0.0002129925453	0.0001710351905	2	1.61	0.47703	2.0e+03	-3.29
cgaata	cgaata	0.0000000000000	0.0002475333519	0	2.32	1.00000	4.1e+03	-3.61
cgaatc	cgaatc	0.0001064962726	0.0001018861975	1	0.96	0.61586	2.5e+03	-3.40
cgaatg	cgaatg	0.0001064962726	0.0001289444991	1	1.21	0.70206	2.9e+03	-3.46
cgaatt	cgaatt	0.0001064962726	0.0002057767136	1	1.93	0.85521	3.5e+03	-3.54
cgacaa	cgacaa	0.0001064962726	0.0001653562877	1	1.55	0.78835	3.2e+03	-3.51
cgacac	cgacac	0.0000000000000	0.0000761641083	0	0.72	1.00000	4.1e+03	-3.61
cgacag	cgacag	0.0000000000000	0.0000958732415	0	0.90	1.00000	4.1e+03	-3.61
cgacat	cgacat	0.0002129925453	0.0001139121093	2	1.07	0.28984	1.2e+03	-3.07
cgacca	cgacca	0.0000000000000	0.0000678127806	0	0.64	1.00000	4.1e+03	-3.61
cgaccc	cgaccc	0.0000000000000	0.0000327372044	0	0.31	1.00000	4.1e+03	-3.61
cgaccg	cgaccg	0.0000000000000	0.0000420906914	0	0.40	1.00000	4.1e+03	-3.61
cgacct	cgacct	0.0001064962726	0.0000628019840	1	0.59	0.44552	1.8e+03	-3.26
cgacga	cgacga	0.0000000000000	0.0000761641083	0	0.72	1.00000	4.1e+03	-3.61
cgacgc	cgacgc	0.0001064962726	0.0000714873648	1	0.67	0.48895	2.0e+03	-3.30
cgacgg	cgacgg	0.0000000000000	0.0000607976654	0	0.57	1.00000	4.1e+03	-3.61
cgacgt	cgacgt	0.0000000000000	0.0000701511523	0	0.66	1.00000	4.1e+03	-3.61
cgacta	cgacta	0.0000000000000	0.0001135780562	0	1.07	1.00000	4.1e+03	-3.61
cgactc	cgactc	0.0002129925453	0.0000761641083	2	0.72	0.16110	6.6e+02	-2.82
cgactg	cgactg	0.0002129925453	0.0000731576303	2	0.69	0.15128	6.2e+02	-2.79
cgactt	cgactt	0.0002129925453	0.0001099034720	2	1.03	0.27601	1.1e+03	-3.05
cgagaa	cgagaa	0.0003194888179	0.0002565527857	3	2.41	0.43266	1.8e+03	-3.25
cgagac	cgagac	0.0001064962726	0.0000764981614	1	0.72	0.51244	2.1e+03	-3.32
cgagag	cgagag	0.0000000000000	0.0001078991534	0	1.01	1.00000	4.1e+03	-3.61
cgagat	cgagat	0.0001064962726	0.0001312828708	1	1.23	0.70853	2.9e+03	-3.46
cgagca	cgagca	0.0003194888179	0.0001109056313	3	1.04	0.08806	3.6e+02	-2.56
cgagcc	cgagcc	0.0000000000000	0.0000678127806	0	0.64	1.00000	4.1e+03	-3.61
cgagcg	cgagcg	0.0001064962726	0.0000584592936	1	0.55	0.42244	1.7e+03	-3.24
cgagct	cgagct	0.0000000000000	0.0000818430111	0	0.77	1.00000	4.1e+03	-3.61
cgagga	cgagga	0.0001064962726	0.0001770481464	1	1.66	0.81036	3.3e+03	-3.52
cgaggc	cgaggc	0.0001064962726	0.0000724895241	1	0.68	0.49374	2.0e+03	-3.31
cgaggg	cgaggg	0.0000000000000	0.0000628019840	0	0.59	1.00000	4.1e+03	-3.61
cgaggt	cgaggt	0.0003194888179	0.0000978775602	3	0.92	0.06602	2.7e+02	-2.43
cgagta	cgagta	0.0002129925453	0.0001135780562	2	1.07	0.28869	1.2e+03	-3.07
cgagtc	cgagtc	0.0000000000000	0.0000537825501	0	0.51	1.00000	4.1e+03	-3.61
cgagtg	cgagtg	0.0002129925453	0.0000788365331	2	0.74	0.16992	7.0e+02	-2.84
cgagtt	cgagtt	0.0000000000000	0.0001099034720	0	1.03	1.00000	4.1e+03	-3.61
cgataa	cgataa	0.0001064962726	0.0002378458118	1	2.23	0.89286	3.7e+03	-3.56
cgatac	cgatac	0.0001064962726	0.0001078991534	1	1.01	0.63695	2.6e+03	-3.42
cgatag	cgatag	0.0003194888179	0.0001393001454	3	1.31	0.14473	5.9e+02	-2.77
cgatat	cgatat	0.0004259850905	0.0002465311925	4	2.31	0.20368	8.3e+02	-2.92
cgatca	cgatca	0.0001064962726	0.0001065629410	1	1.00	0.63237	2.6e+03	-3.41
cgatcc	cgatcc	0.0001064962726	0.0000681468337	1	0.64	0.47267	1.9e+03	-3.29
cgatcg	cgatcg	0.0000000000000	0.0000594614529	0	0.56	1.00000	4.1e+03	-3.61
cgatct	cgatct	0.0000000000000	0.0001246018087	0	1.17	1.00000	4.1e+03	-3.61
cgatga	cgatga	0.0003194888179	0.0002545484671	3	2.39	0.42774	1.8e+03	-3.24
cgatgc	cgatgc	0.0000000000000	0.0001199250652	0	1.13	1.00000	4.1e+03	-3.61
cgatgg	cgatgg	0.0000000000000	0.0000972094540	0	0.91	1.00000	4.1e+03	-3.61
cgatgt	cgatgt	0.0000000000000	0.0001135780562	0	1.07	1.00000	4.1e+03	-3.61
cgatta	cgatta	0.0000000000000	0.0001947529610	0	1.83	1.00000	4.1e+03	-3.61
cgattc	cgattc	0.0001064962726	0.0001179207466	1	1.11	0.66956	2.7e+03	-3.44
cgattg	cgattg	0.0000000000000	0.0001269401804	0	1.19	1.00000	4.1e+03	-3.61
cgattt	cgattt	0.0001064962726	0.0002522100954	1	2.37	0.90638	3.7e+03	-3.57
cgcaaa	cgcaaa	0.0003194888179	0.0002515419891	3	2.36	0.42034	1.7e+03	-3.24
cgcaac	cgcaac	0.0001064962726	0.0001075651003	1	1.01	0.63581	2.6e+03	-3.42
cgcaag	cgcaag	0.0001064962726	0.0001596773849	1	1.50	0.77676	3.2e+03	-3.50
cgcaat	cgcaat	0.0001064962726	0.0001860675803	1	1.75	0.82576	3.4e+03	-3.53
cgcaca	cgcaca	0.0004259850905	0.0001463152606	4	1.37	0.05081	2.1e+02	-2.32
cgcacc	cgcacc	0.0000000000000	0.0000821770642	0	0.77	1.00000	4.1e+03	-3.61
cgcacg	cgcacg	0.0000000000000	0.0000728235772	0	0.68	1.00000	4.1e+03	-3.61
cgcact	cgcact	0.0002129925453	0.0000985456664	2	0.93	0.23680	9.7e+02	-2.99
cgcaga	cgcaga	0.0001064962726	0.0001249358618	1	1.17	0.69063	2.8e+03	-3.45
cgcagc	cgcagc	0.0000000000000	0.0000841813828	0	0.79	1.00000	4.1e+03	-3.61
cgcagg	cgcagg	0.0000000000000	0.0000785024800	0	0.74	1.00000	4.1e+03	-3.61
cgcagt	cgcagt	0.0002129925453	0.0001185888528	2	1.11	0.30593	1.3e+03	-3.10
cgcata	cgcata	0.0001064962726	0.0001947529610	1	1.83	0.83941	3.4e+03	-3.54
cgcatc	cgcatc	0.0001064962726	0.0001179207466	1	1.11	0.66956	2.7e+03	-3.44
cgcatg	cgcatg	0.0001064962726	0.0000821770642	1	0.77	0.53776	2.2e+03	-3.34
cgcatt	cgcatt	0.0001064962726	0.0002044405011	1	1.92	0.85338	3.5e+03	-3.54
cgccaa	cgccaa	0.0001064962726	0.0001593433318	1	1.50	0.77605	3.2e+03	-3.50
cgccac	cgccac	0.0004259850905	0.0000845154359	4	0.79	0.00883	3.6e+01	-1.56
cgccag	cgccag	0.0001064962726	0.0000785024800	1	0.74	0.52153	2.1e+03	-3.33
cgccat	cgccat	0.0003194888179	0.0001259380211	3	1.18	0.11674	4.8e+02	-2.68
cgccca	cgccca	0.0000000000000	0.0000828451704	0	0.78	1.00000	4.1e+03	-3.61
cgcccc	cgcccc	0.0000000000000	0.0000658084620	0	0.62	1.00000	4.1e+03	-3.61
cgcccg	cgcccg	0.0002129925453	0.0000544506563	2	0.51	0.09364	3.8e+02	-2.58
cgccct	cgccct	0.0001064962726	0.0000768322145	1	0.72	0.51397	2.1e+03	-3.32
cgccga	cgccga	0.0000000000000	0.0000878559670	0	0.82	1.00000	4.1e+03	-3.61
cgccgc	cgccgc	0.0000000000000	0.0000771662676	0	0.72	1.00000	4.1e+03	-3.61
cgccgg	cgccgg	0.0000000000000	0.0000511101253	0	0.48	1.00000	4.1e+03	-3.61
cgccgt	cgccgt	0.0000000000000	0.0000688149399	0	0.65	1.00000	4.1e+03	-3.61
cgccta	cgccta	0.0000000000000	0.0000815089580	0	0.77	1.00000	4.1e+03	-3.61
cgcctc	cgcctc	0.0001064962726	0.0000968754009	1	0.91	0.59736	2.4e+03	-3.39
cgcctg	cgcctg	0.0000000000000	0.0000788365331	0	0.74	1.00000	4.1e+03	-3.61
cgcctt	cgcctt	0.0002129925453	0.0001453131013	2	1.36	0.39586	1.6e+03	-3.21
cgcgaa	cgcgaa	0.0002129925453	0.0001329531364	2	1.25	0.35481	1.5e+03	-3.16
cgcgac	cgcgac	0.0001064962726	0.0000527803908	1	0.50	0.39081	1.6e+03	-3.20
cgcgag	cgcgag	0.0001064962726	0.0000587933467	1	0.55	0.42425	1.7e+03	-3.24
cgcgat	cgcgat	0.0001064962726	0.0001012180912	1	0.95	0.61345	2.5e+03	-3.40
cgcgca	cgcgca	0.0003194888179	0.0000908624449	3	0.85	0.05537	2.3e+02	-2.36
cgcgcc	cgcgcc	0.0000000000000	0.0000758300552	0	0.71	1.00000	4.1e+03	-3.61
cgcgcg	cgcgcg	0.0000000000000	0.0000798386924	0	0.75	1.00000	4.1e+03	-3.61
cgcgct	cgcgct	0.0001064962726	0.0000871878608	1	0.82	0.55901	2.3e+03	-3.36
cgcgga	cgcgga	0.0001064962726	0.0000845154359	1	0.79	0.54780	2.2e+03	-3.35
cgcggc	cgcggc	0.0000000000000	0.0000704852055	0	0.66	1.00000	4.1e+03	-3.61
cgcggg	cgcggg	0.0001064962726	0.0000581252405	1	0.55	0.42063	1.7e+03	-3.24
cgcggt	cgcggt	0.0000000000000	0.0000557868688	0	0.52	1.00000	4.1e+03	-3.61
cgcgta	cgcgta	0.0000000000000	0.0000932008167	0	0.88	1.00000	4.1e+03	-3.61
cgcgtc	cgcgtc	0.0001064962726	0.0000855175952	1	0.80	0.55204	2.3e+03	-3.35
cgcgtg	cgcgtg	0.0000000000000	0.0000571230812	0	0.54	1.00000	4.1e+03	-3.61
cgcgtt	cgcgtt	0.0000000000000	0.0001372958267	0	1.29	1.00000	4.1e+03	-3.61
cgctaa	cgctaa	0.0003194888179	0.0001503238979	3	1.41	0.16929	6.9e+02	-2.84
cgctac	cgctac	0.0002129925453	0.0001002159319	2	0.94	0.24256	9.9e+02	-3.00
cgctag	cgctag	0.0001064962726	0.0000808408518	1	0.76	0.53192	2.2e+03	-3.34
cgctat	cgctat	0.0001064962726	0.0001717032967	1	1.61	0.80060	3.3e+03	-3.52
cgctca	cgctca	0.0000000000000	0.0001015521444	0	0.95	1.00000	4.1e+03	-3.61
cgctcc	cgctcc	0.0001064962726	0.0000691489930	1	0.65	0.47761	2.0e+03	-3.29
cgctcg	cgctcg	0.0002129925453	0.0000601295592	2	0.56	0.11039	4.5e+02	-2.66
cgctct	cgctct	0.0001064962726	0.0001189229059	1	1.12	0.67266	2.8e+03	-3.44
cgctga	cgctga	0.0001064962726	0.0001109056313	1	1.04	0.64706	2.7e+03	-3.42
cgctgc	cgctgc	0.0000000000000	0.0001112396844	0	1.04	1.00000	4.1e+03	-3.61
cgctgg	cgctgg	0.0001064962726	0.0000728235772	1	0.68	0.49532	2.0e+03	-3.31
cgctgt	cgctgt	0.0000000000000	0.0001195910121	0	1.12	1.00000	4.1e+03	-3.61
cgctta	cgctta	0.0003194888179	0.0001483195793	3	1.39	0.16474	6.7e+02	-2.83
cgcttc	cgcttc	0.0002129925453	0.0001593433318	2	1.50	0.44093	1.8e+03	-3.26
cgcttg	cgcttg	0.0000000000000	0.0001225974901	0	1.15	1.00000	4.1e+03	-3.61
cgcttt	cgcttt	0.0003194888179	0.0002779321845	3	2.61	0.48404	2.0e+03	-3.30
cggaaa	cggaaa	0.0003194888179	0.0003086650703	3	2.90	0.55369	2.3e+03	-3.36
cggaac	cggaac	0.0002129925453	0.0001058948347	2	0.99	0.26216	1.1e+03	-3.03
cggaag	cggaag	0.0002129925453	0.0001413044640	2	1.33	0.38267	1.6e+03	-3.20
cggaat	cggaat	0.0000000000000	0.0001723714029	0	1.62	1.00000	4.1e+03	-3.61
cggaca	cggaca	0.0000000000000	0.0000714873648	0	0.67	1.00000	4.1e+03	-3.61
cggacc	cggacc	0.0000000000000	0.0000564549750	0	0.53	1.00000	4.1e+03	-3.61
cggacg	cggacg	0.0000000000000	0.0000501079660	0	0.47	1.00000	4.1e+03	-3.61
cggact	cggact	0.0001064962726	0.0000644722495	1	0.61	0.45415	1.9e+03	-3.27
cggaga	cggaga	0.0002129925453	0.0001102375251	2	1.04	0.27716	1.1e+03	-3.06
cggagc	cggagc	0.0000000000000	0.0000638041433	0	0.60	1.00000	4.1e+03	-3.61
cggagg	cggagg	0.0000000000000	0.0000664765682	0	0.62	1.00000	4.1e+03	-3.61
cggagt	cggagt	0.0001064962726	0.0000878559670	1	0.82	0.56177	2.3e+03	-3.36
cggata	cggata	0.0002129925453	0.0001252699149	2	1.18	0.32879	1.3e+03	-3.13
cggatc	cggatc	0.0000000000000	0.0000758300552	0	0.71	1.00000	4.1e+03	-3.61
cggatg	cggatg	0.0002129925453	0.0000875219139	2	0.82	0.19907	8.2e+02	-2.91
cggatt	cggatt	0.0002129925453	0.0001249358618	2	1.17	0.32765	1.3e+03	-3.13
cggcaa	cggcaa	0.0000000000000	0.0001436428358	0	1.35	1.00000	4.1e+03	-3.61
cggcac	cggcac	0.0002129925453	0.0000748278958	2	0.70	0.15672	6.4e+02	-2.81
cggcag	cggcag	0.0000000000000	0.0000845154359	0	0.79	1.00000	4.1e+03	-3.61
cggcat	cggcat	0.0000000000000	0.0001068969941	0	1.00	1.00000	4.1e+03	-3.61
cggcca	cggcca	0.0000000000000	0.0000698170992	0	0.66	1.00000	4.1e+03	-3.61
cggccc	cggccc	0.0001064962726	0.0000541166032	1	0.51	0.39840	1.6e+03	-3.21
cggccg	cggccg	0.0000000000000	0.0000604636123	0	0.57	1.00000	4.1e+03	-3.61
cggcct	cggcct	0.0000000000000	0.0000688149399	0	0.65	1.00000	4.1e+03	-3.61
cggcga	cggcga	0.0000000000000	0.0000751619489	0	0.71	1.00000	4.1e+03	-3.61
cggcgc	cggcgc	0.0000000000000	0.0000704852055	0	0.66	1.00000	4.1e+03	-3.61
cggcgg	cggcgg	0.0000000000000	0.0000851835421	0	0.80	1.00000	4.1e+03	-3.61
cggcgt	cggcgt	0.0001064962726	0.0000681468337	1	0.64	0.47267	1.9e+03	-3.29
cggcta	cggcta	0.0000000000000	0.0001175866935	0	1.10	1.00000	4.1e+03	-3.61
cggctc	cggctc	0.0001064962726	0.0000811749049	1	0.76	0.53339	2.2e+03	-3.34
cggctg	cggctg	0.0000000000000	0.0000908624449	0	0.85	1.00000	4.1e+03	-3.61
cggctt	cggctt	0.0000000000000	0.0001266061273	0	1.19	1.00000	4.1e+03	-3.61
cgggaa	cgggaa	0.0002129925453	0.0001312828708	2	1.23	0.34918	1.4e+03	-3.16
cgggac	cgggac	0.0002129925453	0.0000407544790	2	0.38	0.05697	2.3e+02	-2.37
cgggag	cgggag	0.0000000000000	0.0000577911874	0	0.54	1.00000	4.1e+03	-3.61
cgggat	cgggat	0.0000000000000	0.0000738257365	0	0.69	1.00000	4.1e+03	-3.61
cgggca	cgggca	0.0002129925453	0.0000678127806	2	0.64	0.13414	5.5e+02	-2.74
cgggcc	cgggcc	0.0002129925453	0.0000564549750	2	0.53	0.09947	4.1e+02	-2.61
cgggcg	cgggcg	0.0000000000000	0.0000471014880	0	0.44	1.00000	4.1e+03	-3.61
cgggct	cgggct	0.0000000000000	0.0000587933467	0	0.55	1.00000	4.1e+03	-3.61
cgggga	cgggga	0.0000000000000	0.0000617998247	0	0.58	1.00000	4.1e+03	-3.61
cggggc	cggggc	0.0000000000000	0.0000501079660	0	0.47	1.00000	4.1e+03	-3.61
cggggg	cggggg	0.0000000000000	0.0000347415231	0	0.33	1.00000	4.1e+03	-3.61
cggggt	cggggt	0.0000000000000	0.0000634700902	0	0.60	1.00000	4.1e+03	-3.61
cgggta	cgggta	0.0004259850905	0.0001787184119	4	1.68	0.08993	3.7e+02	-2.57
cgggtc	cgggtc	0.0000000000000	0.0000384161072	0	0.36	1.00000	4.1e+03	-3.61
cgggtg	cgggtg	0.0001064962726	0.0000684808868	1	0.64	0.47432	1.9e+03	-3.29
cgggtt	cgggtt	0.0000000000000	0.0000848494890	0	0.80	1.00000	4.1e+03	-3.61
cggtaa	cggtaa	0.0002129925453	0.0001496557917	2	1.41	0.41000	1.7e+03	-3.23
cggtac	cggtac	0.0001064962726	0.0000694830461	1	0.65	0.47924	2.0e+03	-3.29
cggtag	cggtag	0.0003194888179	0.0000985456664	3	0.93	0.06709	2.7e+02	-2.44
cggtat	cggtat	0.0000000000000	0.0001332871895	0	1.25	1.00000	4.1e+03	-3.61
cggtca	cggtca	0.0000000000000	0.0000714873648	0	0.67	1.00000	4.1e+03	-3.61
cggtcc	cggtcc	0.0002129925453	0.0000444290632	2	0.42	0.06622	2.7e+02	-2.43
cggtcg	cggtcg	0.0001064962726	0.0000474355411	1	0.45	0.35945	1.5e+03	-3.17
cggtct	cggtct	0.0001064962726	0.0000691489930	1	0.65	0.47761	2.0e+03	-3.29
cggtga	cggtga	0.0000000000000	0.0000938689229	0	0.88	1.00000	4.1e+03	-3.61
cggtgc	cggtgc	0.0000000000000	0.0000708192586	0	0.66	1.00000	4.1e+03	-3.61
cggtgg	cggtgg	0.0000000000000	0.0000744938427	0	0.70	1.00000	4.1e+03	-3.61
cggtgt	cggtgt	0.0000000000000	0.0001406363578	0	1.32	1.00000	4.1e+03	-3.61
cggtta	cggtta	0.0001064962726	0.0001135780562	1	1.07	0.65581	2.7e+03	-3.43
cggttc	cggttc	0.0000000000000	0.0000908624449	0	0.85	1.00000	4.1e+03	-3.61
cggttg	cggttg	0.0000000000000	0.0000901943387	0	0.85	1.00000	4.1e+03	-3.61
cggttt	cggttt	0.0002129925453	0.0001947529610	2	1.83	0.54568	2.2e+03	-3.35
cgtaaa	cgtaaa	0.0002129925453	0.0002886218840	2	2.71	0.75322	3.1e+03	-3.49
cgtaac	cgtaac	0.0002129925453	0.0001302807115	2	1.22	0.34580	1.4e+03	-3.15
cgtaag	cgtaag	0.0002129925453	0.0001249358618	2	1.17	0.32765	1.3e+03	-3.13
cgtaat	cgtaat	0.0000000000000	0.0002415203959	0	2.27	1.00000	4.1e+03	-3.61
cgtaca	cgtaca	0.0001064962726	0.0001763800402	1	1.66	0.80917	3.3e+03	-3.52
cgtacc	cgtacc	0.0000000000000	0.0000868538077	0	0.82	1.00000	4.1e+03	-3.61
cgtacg	cgtacg	0.0001064962726	0.0000928667636	1	0.87	0.58191	2.4e+03	-3.38
cgtact	cgtact	0.0000000000000	0.0001493217386	0	1.40	1.00000	4.1e+03	-3.61
cgtaga	cgtaga	0.0001064962726	0.0001239337025	1	1.16	0.68771	2.8e+03	-3.45
cgtagc	cgtagc	0.0001064962726	0.0000838473297	1	0.79	0.54496	2.2e+03	-3.35
cgtagg	cgtagg	0.0000000000000	0.0000818430111	0	0.77	1.00000	4.1e+03	-3.61
cgtagt	cgtagt	0.0002129925453	0.0001222634370	2	1.15	0.31853	1.3e+03	-3.12
cgtata	cgtata	0.0005324813632	0.0003373936375	5	3.17	0.21371	8.8e+02	-2.94
cgtatc	cgtatc	0.0001064962726	0.0001242677556	1	1.17	0.68868	2.8e+03	-3.45
cgtatg	cgtatg	0.0001064962726	0.0001155823748	1	1.09	0.66223	2.7e+03	-3.43
cgtatt	cgtatt	0.0002129925453	0.0002772640783	2	2.60	0.73333	3.0e+03	-3.48
cgtcaa	cgtcaa	0.0005324813632	0.0001680287125	5	1.58	0.02247	9.2e+01	-1.96
cgtcac	cgtcac	0.0000000000000	0.0001028883568	0	0.97	1.00000	4.1e+03	-3.61
cgtcag	cgtcag	0.0004259850905	0.0000841813828	4	0.79	0.00872	3.6e+01	-1.55
cgtcat	cgtcat	0.0002129925453	0.0001640200753	2	1.54	0.45554	1.9e+03	-3.27
cgtcca	cgtcca	0.0001064962726	0.0000768322145	1	0.72	0.51397	2.1e+03	-3.32
cgtccc	cgtccc	0.0002129925453	0.0000551187626	2	0.52	0.09557	3.9e+02	-2.59
cgtccg	cgtccg	0.0000000000000	0.0000521122846	0	0.49	1.00000	4.1e+03	-3.61
cgtcct	cgtcct	0.0002129925453	0.0000925327105	2	0.87	0.21615	8.9e+02	-2.95
cgtcga	cgtcga	0.0000000000000	0.0000668106213	0	0.63	1.00000	4.1e+03	-3.61
cgtcgc	cgtcgc	0.0002129925453	0.0000664765682	2	0.62	0.12993	5.3e+02	-2.73
cgtcgg	cgtcgg	0.0002129925453	0.0000481036473	2	0.45	0.07592	3.1e+02	-2.49
cgtcgt	cgtcgt	0.0002129925453	0.0000808408518	2	0.76	0.17658	7.2e+02	-2.86
cgtcta	cgtcta	0.0001064962726	0.0001249358618	1	1.17	0.69063	2.8e+03	-3.45
cgtctc	cgtctc	0.0001064962726	0.0000891921794	1	0.84	0.56723	2.3e+03	-3.37
cgtctg	cgtctg	0.0001064962726	0.0000838473297	1	0.79	0.54496	2.2e+03	-3.35
cgtctt	cgtctt	0.0002129925453	0.0001830611023	2	1.72	0.51263	2.1e+03	-3.32
cgtgaa	cgtgaa	0.0001064962726	0.0001653562877	1	1.55	0.78835	3.2e+03	-3.51
cgtgac	cgtgac	0.0006389776358	0.0000808408518	6	0.76	0.00014	5.7e-01	0.24
cgtgag	cgtgag	0.0002129925453	0.0000761641083	2	0.72	0.16110	6.6e+02	-2.82
cgtgat	cgtgat	0.0004259850905	0.0001536644290	4	1.44	0.05867	2.4e+02	-2.38
cgtgca	cgtgca	0.0005324813632	0.0001195910121	5	1.12	0.00591	2.4e+01	-1.38
cgtgcc	cgtgcc	0.0001064962726	0.0000601295592	1	0.56	0.43143	1.8e+03	-3.25
cgtgcg	cgtgcg	0.0001064962726	0.0000691489930	1	0.65	0.47761	2.0e+03	-3.29
cgtgct	cgtgct	0.0001064962726	0.0001075651003	1	1.01	0.63581	2.6e+03	-3.42
cgtgga	cgtgga	0.0002129925453	0.0000995478257	2	0.93	0.24025	9.8e+02	-2.99
cgtggc	cgtggc	0.0001064962726	0.0000648063026	1	0.61	0.45586	1.9e+03	-3.27
cgtggg	cgtggg	0.0000000000000	0.0000664765682	0	0.62	1.00000	4.1e+03	-3.61
cgtggt	cgtggt	0.0001064962726	0.0000921986574	1	0.87	0.57928	2.4e+03	-3.38
cgtgta	cgtgta	0.0003194888179	0.0001339552957	3	1.26	0.13328	5.5e+02	-2.74
cgtgtc	cgtgtc	0.0000000000000	0.0000678127806	0	0.64	1.00000	4.1e+03	-3.61
cgtgtg	cgtgtg	0.0000000000000	0.0001015521444	0	0.95	1.00000	4.1e+03	-3.61
cgtgtt	cgtgtt	0.0003194888179	0.0001553346945	3	1.46	0.18082	7.4e+02	-2.87
cgttaa	cgttaa	0.0001064962726	0.0002201409971	1	2.07	0.87348	3.6e+03	-3.55
cgttac	cgttac	0.0001064962726	0.0001633519690	1	1.53	0.78433	3.2e+03	-3.51
cgttag	cgttag	0.0000000000000	0.0001122418438	0	1.05	1.00000	4.1e+03	-3.61
cgttat	cgttat	0.0002129925453	0.0002542144140	2	2.39	0.68877	2.8e+03	-3.45
cgttca	cgttca	0.0002129925453	0.0001723714029	2	1.62	0.48106	2.0e+03	-3.29
cgttcc	cgttcc	0.0001064962726	0.0001195910121	1	1.12	0.67471	2.8e+03	-3.44
cgttcg	cgttcg	0.0000000000000	0.0000825111173	0	0.77	1.00000	4.1e+03	-3.61
cgttct	cgttct	0.0003194888179	0.0002044405011	3	1.92	0.30160	1.2e+03	-3.09
cgttga	cgttga	0.0002129925453	0.0001546665883	2	1.45	0.42610	1.7e+03	-3.24
cgttgc	cgttgc	0.0000000000000	0.0001286104460	0	1.21	1.00000	4.1e+03	-3.61
cgttgg	cgttgg	0.0000000000000	0.0000955391884	0	0.90	1.00000	4.1e+03	-3.61
cgttgt	cgttgt	0.0001064962726	0.0001603454911	1	1.51	0.77815	3.2e+03	-3.50
cgttta	cgttta	0.0005324813632	0.0003100012828	5	2.91	0.16997	7.0e+02	-2.84
cgtttc	cgtttc	0.0006389776358	0.0002692468038	6	2.53	0.04391	1.8e+02	-2.25
cgtttg	cgtttg	0.0002129925453	0.0002034383418	2	1.91	0.56919	2.3e+03	-3.37
cgtttt	cgtttt	0.0002129925453	0.0004750235173	2	4.46	0.93694	3.8e+03	-3.58
ctaaaa	ctaaaa	0.0005324813632	0.0005752394493	5	5.40	0.62699	2.6e+03	-3.41
ctaaac	ctaaac	0.0001064962726	0.0002595592637	1	2.44	0.91263	3.7e+03	-3.57
ctaaag	ctaaag	0.0002129925453	0.0002575549451	2	2.42	0.69559	2.8e+03	-3.45
ctaaat	ctaaat	0.0003194888179	0.0004416182067	3	4.15	0.78269	3.2e+03	-3.51
ctaaca	ctaaca	0.0004259850905	0.0002478674050	4	2.33	0.20624	8.4e+02	-2.93
ctaacc	ctaacc	0.0001064962726	0.0001169185872	1	1.10	0.66644	2.7e+03	-3.44
ctaacg	ctaacg	0.0000000000000	0.0001028883568	0	0.97	1.00000	4.1e+03	-3.61
ctaact	ctaact	0.0001064962726	0.0002391820242	1	2.25	0.89420	3.7e+03	-3.56
ctaaga	ctaaga	0.0006389776358	0.0002361755462	6	2.22	0.02574	1.1e+02	-2.02
ctaagc	ctaagc	0.0000000000000	0.0001369617736	0	1.29	1.00000	4.1e+03	-3.61
ctaagg	ctaagg	0.0001064962726	0.0001242677556	1	1.17	0.68868	2.8e+03	-3.45
ctaagt	ctaagt	0.0002129925453	0.0001593433318	2	1.50	0.44093	1.8e+03	-3.26
ctaata	ctaata	0.0001064962726	0.0004950667037	1	4.65	0.99044	4.1e+03	-3.61
ctaatc	ctaatc	0.0003194888179	0.0001850654210	3	1.74	0.25277	1.0e+03	-3.02
ctaatg	ctaatg	0.0002129925453	0.0001920805362	2	1.80	0.53827	2.2e+03	-3.34
ctaatt	ctaatt	0.0005324813632	0.0004215750203	5	3.96	0.36307	1.5e+03	-3.17
ctacaa	ctacaa	0.0003194888179	0.0003009818489	3	2.83	0.53680	2.2e+03	-3.34
ctacac	ctacac	0.0001064962726	0.0001509920041	1	1.42	0.75778	3.1e+03	-3.49
ctacag	ctacag	0.0002129925453	0.0001683627656	2	1.58	0.46890	1.9e+03	-3.28
ctacat	ctacat	0.0001064962726	0.0003086650703	1	2.90	0.94491	3.9e+03	-3.59
ctacca	ctacca	0.0001064962726	0.0001763800402	1	1.66	0.80917	3.3e+03	-3.52
ctaccc	ctaccc	0.0001064962726	0.0001025543037	1	0.96	0.61827	2.5e+03	-3.40
ctaccg	ctaccg	0.0000000000000	0.0001092353658	0	1.03	1.00000	4.1e+03	-3.61
ctacct	ctacct	0.0002129925453	0.0001529963227	2	1.44	0.42076	1.7e+03	-3.24
ctacga	ctacga	0.0002129925453	0.0001068969941	2	1.00	0.26563	1.1e+03	-3.04
ctacgc	ctacgc	0.0001064962726	0.0000891921794	1	0.84	0.56723	2.3e+03	-3.37
ctacgg	ctacgg	0.0002129925453	0.0000828451704	2	0.78	0.18329	7.5e+02	-2.88
ctacgt	ctacgt	0.0001064962726	0.0001259380211	1	1.18	0.69353	2.8e+03	-3.45
ctacta	ctacta	0.0004259850905	0.0003143439731	4	2.95	0.34194	1.4e+03	-3.15
ctactc	ctactc	0.0001064962726	0.0001526622696	1	1.43	0.76155	3.1e+03	-3.49
ctactg	ctactg	0.0001064962726	0.0001974253859	1	1.85	0.84339	3.5e+03	-3.54
ctactt	ctactt	0.0001064962726	0.0003327168940	1	3.12	0.95605	3.9e+03	-3.59
ctagaa	ctagaa	0.0004259850905	0.0002892899902	4	2.72	0.28952	1.2e+03	-3.07
ctagac	ctagac	0.0000000000000	0.0000845154359	0	0.79	1.00000	4.1e+03	-3.61
ctagag	ctagag	0.0001064962726	0.0001122418438	1	1.05	0.65146	2.7e+03	-3.43
ctagat	ctagat	0.0002129925453	0.0001723714029	2	1.62	0.48106	2.0e+03	-3.29
ctagca	ctagca	0.0001064962726	0.0001630179159	1	1.53	0.78365	3.2e+03	-3.51
ctagcc	ctagcc	0.0001064962726	0.0000998818788	1	0.94	0.60857	2.5e+03	-3.40
ctagcg	ctagcg	0.0001064962726	0.0000801727455	1	0.75	0.52898	2.2e+03	-3.34
ctagct	ctagct	0.0002129925453	0.0001479855261	2	1.39	0.40458	1.7e+03	-3.22
ctagga	ctagga	0.0001064962726	0.0001266061273	1	1.19	0.69545	2.8e+03	-3.45
ctaggc	ctaggc	0.0000000000000	0.0000734916834	0	0.69	1.00000	4.1e+03	-3.61
ctaggg	ctaggg	0.0000000000000	0.0000711533117	0	0.67	1.00000	4.1e+03	-3.61
ctaggt	ctaggt	0.0001064962726	0.0000908624449	1	0.85	0.57397	2.4e+03	-3.37
ctagta	ctagta	0.0003194888179	0.0003253677257	3	3.06	0.58910	2.4e+03	-3.38
ctagtc	ctagtc	0.0003194888179	0.0000995478257	3	0.93	0.06869	2.8e+02	-2.45
ctagtg	ctagtg	0.0000000000000	0.0001266061273	0	1.19	1.00000	4.1e+03	-3.61
ctagtt	ctagtt	0.0005324813632	0.0002361755462	5	2.22	0.07440	3.0e+02	-2.48
ctataa	ctataa	0.0002129925453	0.0004088810023	2	3.84	0.89597	3.7e+03	-3.56
ctatac	ctatac	0.0004259850905	0.0002168004661	4	2.04	0.14937	6.1e+02	-2.79
ctatag	ctatag	0.0002129925453	0.0002104534570	2	1.98	0.58753	2.4e+03	-3.38
ctatat	ctatat	0.0008519701810	0.0005628794843	8	5.29	0.16478	6.7e+02	-2.83
ctatca	ctatca	0.0002129925453	0.0003150120794	2	2.96	0.79453	3.3e+03	-3.51
ctatcc	ctatcc	0.0002129925453	0.0001489876855	2	1.40	0.40783	1.7e+03	-3.22
ctatcg	ctatcg	0.0001064962726	0.0001506579510	1	1.41	0.75702	3.1e+03	-3.49
ctatct	ctatct	0.0006389776358	0.0002652381665	6	2.49	0.04137	1.7e+02	-2.23
ctatga	ctatga	0.0001064962726	0.0001753778809	1	1.65	0.80736	3.3e+03	-3.52
ctatgc	ctatgc	0.0003194888179	0.0001175866935	3	1.10	0.10041	4.1e+02	-2.61
ctatgg	ctatgg	0.0002129925453	0.0001219293838	2	1.14	0.31738	1.3e+03	-3.11
ctatgt	ctatgt	0.0001064962726	0.0002074469791	1	1.95	0.85746	3.5e+03	-3.55
ctatta	ctatta	0.0006389776358	0.0004743554111	6	4.45	0.28924	1.2e+03	-3.07
ctattc	ctattc	0.0000000000000	0.0003076629110	0	2.89	1.00000	4.1e+03	-3.61
ctattg	ctattg	0.0004259850905	0.0003621135674	4	3.40	0.44171	1.8e+03	-3.26
ctattt	ctattt	0.0007454739084	0.0007058542139	7	6.63	0.49356	2.0e+03	-3.31
ctcaaa	ctcaaa	0.0007454739084	0.0004052064181	7	3.80	0.09131	3.7e+02	-2.57
ctcaac	ctcaac	0.0001064962726	0.0001870697396	1	1.76	0.82739	3.4e+03	-3.53
ctcaag	ctcaag	0.0000000000000	0.0001900762176	0	1.78	1.00000	4.1e+03	-3.61
ctcaat	ctcaat	0.0005324813632	0.0002973072647	5	2.79	0.15101	6.2e+02	-2.79
ctcaca	ctcaca	0.0001064962726	0.0001770481464	1	1.66	0.81036	3.3e+03	-3.52
ctcacc	ctcacc	0.0001064962726	0.0001252699149	1	1.18	0.69160	2.8e+03	-3.45
ctcacg	ctcacg	0.0000000000000	0.0000861857015	0	0.81	1.00000	4.1e+03	-3.61
ctcact	ctcact	0.0002129925453	0.0001870697396	2	1.76	0.52414	2.1e+03	-3.33
ctcaga	ctcaga	0.0005324813632	0.0001489876855	5	1.40	0.01421	5.8e+01	-1.76
ctcagc	ctcagc	0.0002129925453	0.0001169185872	2	1.10	0.30019	1.2e+03	-3.09
ctcagg	ctcagg	0.0002129925453	0.0000858516484	2	0.81	0.19342	7.9e+02	-2.90
ctcagt	ctcagt	0.0001064962726	0.0001449790482	1	1.36	0.74371	3.0e+03	-3.48
ctcata	ctcata	0.0005324813632	0.0002522100954	5	2.37	0.09190	3.8e+02	-2.58
ctcatc	ctcatc	0.0003194888179	0.0003323828409	3	3.12	0.60342	2.5e+03	-3.39
ctcatg	ctcatg	0.0001064962726	0.0001316169239	1	1.24	0.70945	2.9e+03	-3.46
ctcatt	ctcatt	0.0004259850905	0.0003510898149	4	3.30	0.41895	1.7e+03	-3.23
ctccaa	ctccaa	0.0002129925453	0.0001857335272	2	1.74	0.52033	2.1e+03	-3.33
ctccac	ctccac	0.0000000000000	0.0001259380211	0	1.18	1.00000	4.1e+03	-3.61
ctccag	ctccag	0.0002129925453	0.0001005499850	2	0.94	0.24371	1.0e+03	-3.00
ctccat	ctccat	0.0001064962726	0.0001800546244	1	1.69	0.81564	3.3e+03	-3.52
ctccca	ctccca	0.0002129925453	0.0001092353658	2	1.03	0.27370	1.1e+03	-3.05
ctcccc	ctcccc	0.0002129925453	0.0001162504810	2	1.09	0.29789	1.2e+03	-3.09
ctcccg	ctcccg	0.0003194888179	0.0000571230812	3	0.54	0.01729	7.1e+01	-1.85
ctccct	ctccct	0.0001064962726	0.0001413044640	1	1.33	0.73471	3.0e+03	-3.48
ctccga	ctccga	0.0001064962726	0.0000841813828	1	0.79	0.54638	2.2e+03	-3.35
ctccgc	ctccgc	0.0000000000000	0.0000871878608	0	0.82	1.00000	4.1e+03	-3.61
ctccgg	ctccgg	0.0002129925453	0.0000708192586	2	0.66	0.14373	5.9e+02	-2.77
ctccgt	ctccgt	0.0000000000000	0.0000975435071	0	0.92	1.00000	4.1e+03	-3.61
ctccta	ctccta	0.0001064962726	0.0001279423398	1	1.20	0.69924	2.9e+03	-3.46
ctcctc	ctcctc	0.0004259850905	0.0001900762176	4	1.78	0.10626	4.4e+02	-2.64
ctcctg	ctcctg	0.0002129925453	0.0001052267285	2	0.99	0.25986	1.1e+03	-3.03
ctcctt	ctcctt	0.0000000000000	0.0002926305212	0	2.75	1.00000	4.1e+03	-3.61
ctcgaa	ctcgaa	0.0001064962726	0.0002037723949	1	1.91	0.85245	3.5e+03	-3.54
ctcgac	ctcgac	0.0002129925453	0.0000634700902	2	0.60	0.12058	4.9e+02	-2.69
ctcgag	ctcgag	0.0004259850905	0.0002231474751	4	2.10	0.16046	6.6e+02	-2.82
ctcgat	ctcgat	0.0001064962726	0.0001269401804	1	1.19	0.69640	2.9e+03	-3.46
ctcgca	ctcgca	0.0001064962726	0.0000915305512	1	0.86	0.57663	2.4e+03	-3.37
ctcgcc	ctcgcc	0.0000000000000	0.0000704852055	0	0.66	1.00000	4.1e+03	-3.61
ctcgcg	ctcgcg	0.0001064962726	0.0000557868688	1	0.52	0.40777	1.7e+03	-3.22
ctcgct	ctcgct	0.0001064962726	0.0001122418438	1	1.05	0.65146	2.7e+03	-3.43
ctcgga	ctcgga	0.0002129925453	0.0000865197546	2	0.81	0.19568	8.0e+02	-2.90
ctcggc	ctcggc	0.0000000000000	0.0000718214179	0	0.67	1.00000	4.1e+03	-3.61
ctcggg	ctcggg	0.0000000000000	0.0000407544790	0	0.38	1.00000	4.1e+03	-3.61
ctcggt	ctcggt	0.0000000000000	0.0000721554710	0	0.68	1.00000	4.1e+03	-3.61
ctcgta	ctcgta	0.0000000000000	0.0001222634370	0	1.15	1.00000	4.1e+03	-3.61
ctcgtc	ctcgtc	0.0005324813632	0.0000775003207	5	0.73	0.00093	3.8e+00	-0.58
ctcgtg	ctcgtg	0.0001064962726	0.0000704852055	1	0.66	0.48412	2.0e+03	-3.30
ctcgtt	ctcgtt	0.0003194888179	0.0001880718989	3	1.77	0.26029	1.1e+03	-3.03
ctctaa	ctctaa	0.0002129925453	0.0002355074400	2	2.21	0.64824	2.7e+03	-3.42
ctctac	ctctac	0.0002129925453	0.0001623498097	2	1.52	0.45034	1.8e+03	-3.27
ctctag	ctctag	0.0003194888179	0.0001205931714	3	1.13	0.10618	4.3e+02	-2.64
ctctat	ctctat	0.0004259850905	0.0002953029461	4	2.77	0.30203	1.2e+03	-3.09
ctctca	ctctca	0.0004259850905	0.0001877378458	4	1.76	0.10280	4.2e+02	-2.62
ctctcc	ctctcc	0.0002129925453	0.0001703670843	2	1.60	0.47500	1.9e+03	-3.29
ctctcg	ctctcg	0.0001064962726	0.0001109056313	1	1.04	0.64706	2.7e+03	-3.42
ctctct	ctctct	0.0007454739084	0.0003193547697	7	3.00	0.03342	1.4e+02	-2.14
ctctga	ctctga	0.0003194888179	0.0001476514730	3	1.39	0.16323	6.7e+02	-2.83
ctctgc	ctctgc	0.0002129925453	0.0001499898448	2	1.41	0.41108	1.7e+03	-3.23
ctctgg	ctctgg	0.0000000000000	0.0001022202506	0	0.96	1.00000	4.1e+03	-3.61
ctctgt	ctctgt	0.0003194888179	0.0002000978107	3	1.88	0.29059	1.2e+03	-3.08
ctctta	ctctta	0.0001064962726	0.0002615635823	1	2.46	0.91426	3.7e+03	-3.57
ctcttc	ctcttc	0.0003194888179	0.0003841610724	3	3.61	0.69859	2.9e+03	-3.46
ctcttg	ctcttg	0.0002129925453	0.0002949688930	2	2.77	0.76377	3.1e+03	-3.50
ctcttt	ctcttt	0.0009584664537	0.0006924920896	9	6.50	0.20866	8.5e+02	-2.93
ctgaaa	ctgaaa	0.0003194888179	0.0005261336426	3	4.94	0.87030	3.6e+03	-3.55
ctgaac	ctgaac	0.0001064962726	0.0001693649250	1	1.59	0.79617	3.3e+03	-3.51
ctgaag	ctgaag	0.0003194888179	0.0001994297045	3	1.87	0.28890	1.2e+03	-3.07
ctgaat	ctgaat	0.0000000000000	0.0002465311925	0	2.31	1.00000	4.1e+03	-3.61
ctgaca	ctgaca	0.0002129925453	0.0001660243939	2	1.56	0.46173	1.9e+03	-3.28
ctgacc	ctgacc	0.0001064962726	0.0000748278958	1	0.70	0.50473	2.1e+03	-3.32
ctgacg	ctgacg	0.0001064962726	0.0000898602856	1	0.84	0.56994	2.3e+03	-3.37
ctgact	ctgact	0.0000000000000	0.0001289444991	0	1.21	1.00000	4.1e+03	-3.61
ctgaga	ctgaga	0.0001064962726	0.0001583411724	1	1.49	0.77394	3.2e+03	-3.50
ctgagc	ctgagc	0.0000000000000	0.0001058948347	0	0.99	1.00000	4.1e+03	-3.61
ctgagg	ctgagg	0.0001064962726	0.0000865197546	1	0.81	0.55623	2.3e+03	-3.36
ctgagt	ctgagt	0.0003194888179	0.0001209272245	3	1.14	0.10683	4.4e+02	-2.64
ctgata	ctgata	0.0002129925453	0.0002635679010	2	2.47	0.70755	2.9e+03	-3.46
ctgatc	ctgatc	0.0001064962726	0.0001316169239	1	1.24	0.70945	2.9e+03	-3.46
ctgatg	ctgatg	0.0000000000000	0.0001473174199	0	1.38	1.00000	4.1e+03	-3.61
ctgatt	ctgatt	0.0001064962726	0.0002378458118	1	2.23	0.89286	3.7e+03	-3.56
ctgcaa	ctgcaa	0.0003194888179	0.0002702489631	3	2.54	0.46582	1.9e+03	-3.28
ctgcac	ctgcac	0.0004259850905	0.0001339552957	4	1.26	0.03899	1.6e+02	-2.20
ctgcag	ctgcag	0.0001064962726	0.0001653562877	1	1.55	0.78835	3.2e+03	-3.51
ctgcat	ctgcat	0.0001064962726	0.0002244836875	1	2.11	0.87854	3.6e+03	-3.56
ctgcca	ctgcca	0.0000000000000	0.0001539984821	0	1.45	1.00000	4.1e+03	-3.61
ctgccc	ctgccc	0.0000000000000	0.0000978775602	0	0.92	1.00000	4.1e+03	-3.61
ctgccg	ctgccg	0.0001064962726	0.0000828451704	1	0.78	0.54065	2.2e+03	-3.35
ctgcct	ctgcct	0.0000000000000	0.0001409704109	0	1.32	1.00000	4.1e+03	-3.61
ctgcga	ctgcga	0.0001064962726	0.0001052267285	1	0.99	0.62773	2.6e+03	-3.41
ctgcgc	ctgcgc	0.0001064962726	0.0001068969941	1	1.00	0.63352	2.6e+03	-3.41
ctgcgg	ctgcgg	0.0001064962726	0.0000851835421	1	0.80	0.55063	2.3e+03	-3.35
ctgcgt	ctgcgt	0.0002129925453	0.0001122418438	2	1.05	0.28408	1.2e+03	-3.07
ctgcta	ctgcta	0.0001064962726	0.0001967572797	1	1.85	0.84241	3.5e+03	-3.54
ctgctc	ctgctc	0.0001064962726	0.0001546665883	1	1.45	0.76600	3.1e+03	-3.50
ctgctg	ctgctg	0.0001064962726	0.0001860675803	1	1.75	0.82576	3.4e+03	-3.53
ctgctt	ctgctt	0.0002129925453	0.0002922964681	2	2.74	0.75938	3.1e+03	-3.49
ctggaa	ctggaa	0.0002129925453	0.0002341712276	2	2.20	0.64519	2.6e+03	-3.42
ctggac	ctggac	0.0002129925453	0.0000718214179	2	0.67	0.14695	6.0e+02	-2.78
ctggag	ctggag	0.0000000000000	0.0001112396844	0	1.04	1.00000	4.1e+03	-3.61
ctggat	ctggat	0.0001064962726	0.0001292785522	1	1.21	0.70299	2.9e+03	-3.46
ctggca	ctggca	0.0000000000000	0.0001212612776	0	1.14	1.00000	4.1e+03	-3.61
ctggcc	ctggcc	0.0001064962726	0.0000805067986	1	0.76	0.53045	2.2e+03	-3.34
ctggcg	ctggcg	0.0002129925453	0.0000808408518	2	0.76	0.17658	7.2e+02	-2.86
ctggct	ctggct	0.0000000000000	0.0001219293838	0	1.14	1.00000	4.1e+03	-3.61
ctggga	ctggga	0.0001064962726	0.0000898602856	1	0.84	0.56994	2.3e+03	-3.37
ctgggc	ctgggc	0.0000000000000	0.0000768322145	0	0.72	1.00000	4.1e+03	-3.61
ctgggg	ctgggg	0.0001064962726	0.0000571230812	1	0.54	0.41515	1.7e+03	-3.23
ctgggt	ctgggt	0.0000000000000	0.0000825111173	0	0.77	1.00000	4.1e+03	-3.61
ctggta	ctggta	0.0001064962726	0.0001553346945	1	1.46	0.76746	3.1e+03	-3.50
ctggtc	ctggtc	0.0001064962726	0.0000775003207	1	0.73	0.51701	2.1e+03	-3.33
ctggtg	ctggtg	0.0001064962726	0.0001099034720	1	1.03	0.64372	2.6e+03	-3.42
ctggtt	ctggtt	0.0000000000000	0.0001777162526	0	1.67	1.00000	4.1e+03	-3.61
ctgtaa	ctgtaa	0.0001064962726	0.0002755938128	1	2.59	0.92484	3.8e+03	-3.58
ctgtac	ctgtac	0.0003194888179	0.0001660243939	3	1.56	0.20609	8.4e+02	-2.93
ctgtag	ctgtag	0.0001064962726	0.0001600114380	1	1.50	0.77746	3.2e+03	-3.50
ctgtat	ctgtat	0.0003194888179	0.0003410682217	3	3.20	0.62069	2.5e+03	-3.41
ctgtca	ctgtca	0.0001064962726	0.0002101194039	1	1.97	0.86099	3.5e+03	-3.55
ctgtcc	ctgtcc	0.0001064962726	0.0001078991534	1	1.01	0.63695	2.6e+03	-3.42
ctgtcg	ctgtcg	0.0005324813632	0.0000918646043	5	0.86	0.00195	8.0e+00	-0.90
ctgtct	ctgtct	0.0001064962726	0.0001703670843	1	1.60	0.79808	3.3e+03	-3.51
ctgtga	ctgtga	0.0005324813632	0.0001676946594	5	1.57	0.02230	9.1e+01	-1.96
ctgtgc	ctgtgc	0.0003194888179	0.0001486536324	3	1.40	0.16549	6.8e+02	-2.83
ctgtgg	ctgtgg	0.0003194888179	0.0001129099500	3	1.06	0.09170	3.8e+02	-2.57
ctgtgt	ctgtgt	0.0002129925453	0.0001867356865	2	1.75	0.52319	2.1e+03	-3.33
ctgtta	ctgtta	0.0003194888179	0.0002655722196	3	2.49	0.45459	1.9e+03	-3.27
ctgttc	ctgttc	0.0001064962726	0.0002211431565	1	2.08	0.87466	3.6e+03	-3.55
ctgttg	ctgttg	0.0000000000000	0.0002421885022	0	2.27	1.00000	4.1e+03	-3.61
ctgttt	ctgttt	0.0004259850905	0.0004837088981	4	4.54	0.66481	2.7e+03	-3.44
cttaaa	cttaaa	0.0001064962726	0.0004539781716	1	4.26	0.98593	4.0e+03	-3.61
cttaac	cttaac	0.0001064962726	0.0002071129260	1	1.94	0.85701	3.5e+03	-3.55
cttaag	cttaag	0.0002129925453	0.0001990956514	2	1.87	0.55755	2.3e+03	-3.36
cttaat	cttaat	0.0000000000000	0.0003858313379	0	3.62	1.00000	4.1e+03	-3.61
cttaca	cttaca	0.0004259850905	0.0002598933168	4	2.44	0.22975	9.4e+02	-2.97
cttacc	cttacc	0.0002129925453	0.0001717032967	2	1.61	0.47905	2.0e+03	-3.29
cttacg	cttacg	0.0001064962726	0.0001356255612	1	1.27	0.72018	2.9e+03	-3.47
cttact	cttact	0.0003194888179	0.0003056585924	3	2.87	0.54713	2.2e+03	-3.35
cttaga	cttaga	0.0000000000000	0.0001783843588	0	1.68	1.00000	4.1e+03	-3.61
cttagc	cttagc	0.0002129925453	0.0001489876855	2	1.40	0.40783	1.7e+03	-3.22
cttagg	cttagg	0.0000000000000	0.0001082332065	0	1.02	1.00000	4.1e+03	-3.61
cttagt	cttagt	0.0003194888179	0.0002107875102	3	1.98	0.31772	1.3e+03	-3.11
cttata	cttata	0.0004259850905	0.0004396138881	4	4.13	0.59117	2.4e+03	-3.38
cttatc	cttatc	0.0001064962726	0.0002896240433	1	2.72	0.93412	3.8e+03	-3.58
cttatg	cttatg	0.0002129925453	0.0002154642536	2	2.02	0.60027	2.5e+03	-3.39
cttatt	cttatt	0.0006389776358	0.0006149917689	6	5.77	0.51754	2.1e+03	-3.33
cttcaa	cttcaa	0.0004259850905	0.0004569846496	4	4.29	0.62129	2.5e+03	-3.41
cttcac	cttcac	0.0002129925453	0.0002281582717	2	2.14	0.63120	2.6e+03	-3.41
cttcag	cttcag	0.0001064962726	0.0002201409971	1	2.07	0.87348	3.6e+03	-3.55
cttcat	cttcat	0.0007454739084	0.0003925124001	7	3.69	0.08051	3.3e+02	-2.52
cttcca	cttcca	0.0003194888179	0.0003120056014	3	2.93	0.56092	2.3e+03	-3.36
cttccc	cttccc	0.0000000000000	0.0002311647496	0	2.17	1.00000	4.1e+03	-3.61
cttccg	cttccg	0.0001064962726	0.0001326190833	1	1.25	0.71217	2.9e+03	-3.46
cttcct	cttcct	0.0003194888179	0.0003748075854	3	3.52	0.68279	2.8e+03	-3.45
cttcga	cttcga	0.0004259850905	0.0002131258819	4	2.00	0.14308	5.9e+02	-2.77
cttcgc	cttcgc	0.0000000000000	0.0001379639330	0	1.30	1.00000	4.1e+03	-3.61
cttcgg	cttcgg	0.0001064962726	0.0001135780562	1	1.07	0.65581	2.7e+03	-3.43
cttcgt	cttcgt	0.0002129925453	0.0002047745542	2	1.92	0.57273	2.3e+03	-3.37
cttcta	cttcta	0.0004259850905	0.0004102172147	4	3.85	0.53712	2.2e+03	-3.34
cttctc	cttctc	0.0001064962726	0.0003634497798	1	3.41	0.96707	4.0e+03	-3.60
cttctg	cttctg	0.0001064962726	0.0002832770342	1	2.66	0.93008	3.8e+03	-3.58
cttctt	cttctt	0.0005324813632	0.0007509513832	5	7.05	0.83175	3.4e+03	-3.53
cttgaa	cttgaa	0.0006389776358	0.0004292582418	6	4.03	0.21966	9.0e+02	-2.95
cttgac	cttgac	0.0002129925453	0.0001686968187	2	1.58	0.46992	1.9e+03	-3.28
cttgag	cttgag	0.0003194888179	0.0001793865182	3	1.68	0.23867	9.8e+02	-2.99
cttgat	cttgat	0.0001064962726	0.0003063266986	1	2.88	0.94369	3.9e+03	-3.59
cttgca	cttgca	0.0001064962726	0.0002782662377	1	2.61	0.92671	3.8e+03	-3.58
cttgcc	cttgcc	0.0001064962726	0.0001606795442	1	1.51	0.77885	3.2e+03	-3.50
cttgcg	cttgcg	0.0001064962726	0.0001459812075	1	1.37	0.74611	3.1e+03	-3.49
cttgct	cttgct	0.0005324813632	0.0002655722196	5	2.49	0.10796	4.4e+02	-2.65
cttgga	cttgga	0.0001064962726	0.0001757119340	1	1.65	0.80797	3.3e+03	-3.52
cttggc	cttggc	0.0001064962726	0.0001874037927	1	1.76	0.82794	3.4e+03	-3.53
cttggg	cttggg	0.0001064962726	0.0000942029760	1	0.88	0.58712	2.4e+03	-3.38
cttggt	cttggt	0.0002129925453	0.0001793865182	2	1.68	0.50193	2.1e+03	-3.31
cttgta	cttgta	0.0002129925453	0.0003110034421	2	2.92	0.78868	3.2e+03	-3.51
cttgtc	cttgtc	0.0003194888179	0.0002007659170	3	1.89	0.29228	1.2e+03	-3.08
cttgtg	cttgtg	0.0002129925453	0.0001843973147	2	1.73	0.51649	2.1e+03	-3.33
cttgtt	cttgtt	0.0007454739084	0.0004626635524	7	4.34	0.14950	6.1e+02	-2.79
ctttaa	ctttaa	0.0006389776358	0.0005224590585	6	4.91	0.36753	1.5e+03	-3.18
ctttac	ctttac	0.0004259850905	0.0003784821696	4	3.55	0.47498	1.9e+03	-3.29
ctttag	ctttag	0.0000000000000	0.0002515419891	0	2.36	1.00000	4.1e+03	-3.61
ctttat	ctttat	0.0005324813632	0.0006824704964	5	6.41	0.76600	3.1e+03	-3.50
ctttca	ctttca	0.0005324813632	0.0004730191987	5	4.44	0.45681	1.9e+03	-3.27
ctttcc	ctttcc	0.0002129925453	0.0004185685424	2	3.93	0.90323	3.7e+03	-3.57
ctttcg	ctttcg	0.0001064962726	0.0002238155813	1	2.10	0.87777	3.6e+03	-3.56
ctttct	ctttct	0.0007454739084	0.0007299060375	7	6.85	0.52834	2.2e+03	-3.34
ctttga	ctttga	0.0001064962726	0.0003771459572	1	3.54	0.97105	4.0e+03	-3.60
ctttgc	ctttgc	0.0001064962726	0.0002866175653	1	2.69	0.93224	3.8e+03	-3.58
ctttgg	ctttgg	0.0001064962726	0.0002064448198	1	1.94	0.85611	3.5e+03	-3.54
ctttgt	ctttgt	0.0004259850905	0.0004085469492	4	3.84	0.53394	2.2e+03	-3.34
ctttta	ctttta	0.0006389776358	0.0007696583572	6	7.23	0.72745	3.0e+03	-3.47
cttttc	cttttc	0.0009584664537	0.0009219865737	9	8.66	0.49848	2.0e+03	-3.31
cttttg	cttttg	0.0003194888179	0.0005852610425	3	5.50	0.91141	3.7e+03	-3.57
cttttt	cttttt	0.0018104366347	0.0019020983880	17	17.86	0.61270	2.5e+03	-3.40
gaaaaa	gaaaaa	0.0022364217252	0.0020507520204	21	19.26	0.37511	1.5e+03	-3.19
gaaaac	gaaaac	0.0004259850905	0.0005501854663	4	5.17	0.75762	3.1e+03	-3.49
gaaaag	gaaaag	0.0012779552716	0.0008825683072	12	8.29	0.13368	5.5e+02	-2.74
gaaaat	gaaaat	0.0003194888179	0.0009296697952	3	8.73	0.99228	4.1e+03	-3.61
gaaaca	gaaaca	0.0001064962726	0.0005154439432	1	4.84	0.99210	4.1e+03	-3.61
gaaacc	gaaacc	0.0002129925453	0.0002087831915	2	1.96	0.58322	2.4e+03	-3.38
gaaacg	gaaacg	0.0003194888179	0.0002792683970	3	2.62	0.48718	2.0e+03	-3.30
gaaact	gaaact	0.0001064962726	0.0003804864882	1	3.57	0.97194	4.0e+03	-3.60
gaaaga	gaaaga	0.0005324813632	0.0006634294694	5	6.23	0.74459	3.0e+03	-3.48
gaaagc	gaaagc	0.0001064962726	0.0003156801856	1	2.96	0.94842	3.9e+03	-3.59
gaaagg	gaaagg	0.0002129925453	0.0003718011075	2	3.49	0.86323	3.5e+03	-3.55
gaaagt	gaaagt	0.0001064962726	0.0004025339932	1	3.78	0.97719	4.0e+03	-3.60
gaaata	gaaata	0.0008519701810	0.0007957144995	8	7.47	0.47125	1.9e+03	-3.29
gaaatc	gaaatc	0.0002129925453	0.0003116715483	2	2.93	0.78966	3.2e+03	-3.51
gaaatg	gaaatg	0.0003194888179	0.0003968550904	3	3.73	0.71908	2.9e+03	-3.47
gaaatt	gaaatt	0.0003194888179	0.0006393776457	3	6.00	0.93826	3.8e+03	-3.58
gaacaa	gaacaa	0.0002129925453	0.0004860472699	2	4.56	0.94206	3.9e+03	-3.59
gaacac	gaacac	0.0005324813632	0.0001770481464	5	1.66	0.02728	1.1e+02	-2.05
gaacag	gaacag	0.0002129925453	0.0002278242186	2	2.14	0.63041	2.6e+03	-3.41
gaacat	gaacat	0.0001064962726	0.0003003137427	1	2.82	0.94042	3.9e+03	-3.59
gaacca	gaacca	0.0002129925453	0.0001850654210	2	1.74	0.51841	2.1e+03	-3.33
gaaccc	gaaccc	0.0001064962726	0.0001048926754	1	0.98	0.62656	2.6e+03	-3.41
gaaccg	gaaccg	0.0000000000000	0.0000885240732	0	0.83	1.00000	4.1e+03	-3.61
gaacct	gaacct	0.0002129925453	0.0001429747296	2	1.34	0.38818	1.6e+03	-3.20
gaacga	gaacga	0.0001064962726	0.0001843973147	1	1.73	0.82301	3.4e+03	-3.53
gaacgc	gaacgc	0.0001064962726	0.0001115737375	1	1.05	0.64927	2.7e+03	-3.42
gaacgg	gaacgg	0.0001064962726	0.0001205931714	1	1.13	0.67775	2.8e+03	-3.44
gaacgt	gaacgt	0.0003194888179	0.0001603454911	3	1.51	0.19256	7.9e+02	-2.90
gaacta	gaacta	0.0001064962726	0.0002431906615	1	2.28	0.89811	3.7e+03	-3.57
gaactc	gaactc	0.0001064962726	0.0001533303758	1	1.44	0.76304	3.1e+03	-3.49
gaactg	gaactg	0.0002129925453	0.0001757119340	2	1.65	0.49107	2.0e+03	-3.30
gaactt	gaactt	0.0005324813632	0.0003494195493	5	3.28	0.23394	9.6e+02	-2.98
gaagaa	gaagaa	0.0004259850905	0.0007629772951	4	7.16	0.92649	3.8e+03	-3.58
gaagac	gaagac	0.0004259850905	0.0002101194039	4	1.97	0.13802	5.7e+02	-2.75
gaagag	gaagag	0.0003194888179	0.0003671243640	3	3.45	0.66935	2.7e+03	-3.44
gaagat	gaagat	0.0000000000000	0.0003771459572	0	3.54	1.00000	4.1e+03	-3.61
gaagca	gaagca	0.0002129925453	0.0002789343439	2	2.62	0.73634	3.0e+03	-3.48
gaagcc	gaagcc	0.0001064962726	0.0001506579510	1	1.41	0.75702	3.1e+03	-3.49
gaagcg	gaagcg	0.0002129925453	0.0001666925001	2	1.57	0.46378	1.9e+03	-3.28
gaagct	gaagct	0.0004259850905	0.0002929645743	4	2.75	0.29716	1.2e+03	-3.09
gaagga	gaagga	0.0002129925453	0.0003297104160	2	3.10	0.81478	3.3e+03	-3.52
gaaggc	gaaggc	0.0001064962726	0.0001727054560	1	1.62	0.80247	3.3e+03	-3.52
gaaggg	gaaggg	0.0004259850905	0.0001927486424	4	1.81	0.11029	4.5e+02	-2.65
gaaggt	gaaggt	0.0001064962726	0.0002137939881	1	2.01	0.86571	3.5e+03	-3.55
gaagta	gaagta	0.0001064962726	0.0003627816736	1	3.41	0.96686	4.0e+03	-3.60
gaagtc	gaagtc	0.0000000000000	0.0001386320392	0	1.30	1.00000	4.1e+03	-3.61
gaagtg	gaagtg	0.0003194888179	0.0002405182366	3	2.26	0.39293	1.6e+03	-3.21
gaagtt	gaagtt	0.0008519701810	0.0003764778509	8	3.54	0.02809	1.2e+02	-2.06
gaataa	gaataa	0.0004259850905	0.0006751213281	4	6.34	0.87669	3.6e+03	-3.56
gaatac	gaatac	0.0003194888179	0.0002812727156	3	2.64	0.49187	2.0e+03	-3.30
gaatag	gaatag	0.0002129925453	0.0002979753709	2	2.80	0.76862	3.1e+03	-3.50
gaatat	gaatat	0.0003194888179	0.0006129874503	3	5.76	0.92627	3.8e+03	-3.58
gaatca	gaatca	0.0003194888179	0.0002415203959	3	2.27	0.39543	1.6e+03	-3.21
gaatcc	gaatcc	0.0002129925453	0.0001733735622	2	1.63	0.48408	2.0e+03	-3.30
gaatcg	gaatcg	0.0001064962726	0.0001192569590	1	1.12	0.67368	2.8e+03	-3.44
gaatct	gaatct	0.0001064962726	0.0002351733869	1	2.21	0.89014	3.6e+03	-3.56
gaatga	gaatga	0.0001064962726	0.0003170163980	1	2.98	0.94907	3.9e+03	-3.59
gaatgc	gaatgc	0.0001064962726	0.0001603454911	1	1.51	0.77815	3.2e+03	-3.50
gaatgg	gaatgg	0.0002129925453	0.0001817248899	2	1.71	0.50876	2.1e+03	-3.32
gaatgt	gaatgt	0.0003194888179	0.0002445268739	3	2.30	0.40294	1.7e+03	-3.22
gaatta	gaatta	0.0001064962726	0.0003430725403	1	3.22	0.96012	3.9e+03	-3.59
gaattc	gaattc	0.0001064962726	0.0002127918288	1	2.00	0.86444	3.5e+03	-3.55
gaattg	gaattg	0.0003194888179	0.0003166823449	3	2.97	0.57091	2.3e+03	-3.37
gaattt	gaattt	0.0008519701810	0.0005354871296	8	5.03	0.13628	5.6e+02	-2.75
gacaaa	gacaaa	0.0005324813632	0.0003791502758	5	3.56	0.28596	1.2e+03	-3.07
gacaac	gacaac	0.0002129925453	0.0001696989781	2	1.59	0.47297	1.9e+03	-3.29
gacaag	gacaag	0.0003194888179	0.0001970913328	3	1.85	0.28298	1.2e+03	-3.06
gacaat	gacaat	0.0001064962726	0.0002922964681	1	2.74	0.93576	3.8e+03	-3.58
gacaca	gacaca	0.0003194888179	0.0001683627656	3	1.58	0.21172	8.7e+02	-2.94
gacacc	gacacc	0.0000000000000	0.0000952051353	0	0.89	1.00000	4.1e+03	-3.61
gacacg	gacacg	0.0000000000000	0.0000678127806	0	0.64	1.00000	4.1e+03	-3.61
gacact	gacact	0.0000000000000	0.0001516601103	0	1.42	1.00000	4.1e+03	-3.61
gacaga	gacaga	0.0002129925453	0.0001823929961	2	1.71	0.51070	2.1e+03	-3.32
gacagc	gacagc	0.0000000000000	0.0001489876855	0	1.40	1.00000	4.1e+03	-3.61
gacagg	gacagg	0.0001064962726	0.0001062288878	1	1.00	0.63122	2.6e+03	-3.41
gacagt	gacagt	0.0001064962726	0.0001573390131	1	1.48	0.77180	3.2e+03	-3.50
gacata	gacata	0.0002129925453	0.0002542144140	2	2.39	0.68877	2.8e+03	-3.45
gacatc	gacatc	0.0004259850905	0.0001403023047	4	1.32	0.04484	1.8e+02	-2.26
gacatg	gacatg	0.0000000000000	0.0001159164279	0	1.09	1.00000	4.1e+03	-3.61
gacatt	gacatt	0.0007454739084	0.0002408522897	7	2.26	0.00859	3.5e+01	-1.55
gaccaa	gaccaa	0.0000000000000	0.0001519941634	0	1.43	1.00000	4.1e+03	-3.61
gaccac	gaccac	0.0003194888179	0.0000828451704	3	0.78	0.04429	1.8e+02	-2.26
gaccag	gaccag	0.0001064962726	0.0000818430111	1	0.77	0.53631	2.2e+03	-3.34
gaccat	gaccat	0.0002129925453	0.0001119077907	2	1.05	0.28293	1.2e+03	-3.06
gaccca	gaccca	0.0002129925453	0.0000728235772	2	0.68	0.15019	6.2e+02	-2.79
gacccc	gacccc	0.0000000000000	0.0000507760722	0	0.48	1.00000	4.1e+03	-3.61
gacccg	gacccg	0.0000000000000	0.0000400863728	0	0.38	1.00000	4.1e+03	-3.61
gaccct	gaccct	0.0000000000000	0.0001032224099	0	0.97	1.00000	4.1e+03	-3.61
gaccga	gaccga	0.0000000000000	0.0000688149399	0	0.65	1.00000	4.1e+03	-3.61
gaccgc	gaccgc	0.0000000000000	0.0000464333818	0	0.44	1.00000	4.1e+03	-3.61
gaccgg	gaccgg	0.0001064962726	0.0000407544790	1	0.38	0.31798	1.3e+03	-3.11
gaccgt	gaccgt	0.0001064962726	0.0000587933467	1	0.55	0.42425	1.7e+03	-3.24
gaccta	gaccta	0.0001064962726	0.0000975435071	1	0.92	0.59987	2.5e+03	-3.39
gacctc	gacctc	0.0001064962726	0.0000811749049	1	0.76	0.53339	2.2e+03	-3.34
gacctg	gacctg	0.0000000000000	0.0000694830461	0	0.65	1.00000	4.1e+03	-3.61
gacctt	gacctt	0.0001064962726	0.0001519941634	1	1.43	0.76005	3.1e+03	-3.49
gacgaa	gacgaa	0.0000000000000	0.0001656903408	0	1.56	1.00000	4.1e+03	-3.61
gacgac	gacgac	0.0000000000000	0.0000815089580	0	0.77	1.00000	4.1e+03	-3.61
gacgag	gacgag	0.0002129925453	0.0000815089580	2	0.77	0.17881	7.3e+02	-2.86
gacgat	gacgat	0.0000000000000	0.0001349574550	0	1.27	1.00000	4.1e+03	-3.61
gacgca	gacgca	0.0000000000000	0.0001249358618	0	1.17	1.00000	4.1e+03	-3.61
gacgcc	gacgcc	0.0001064962726	0.0000681468337	1	0.64	0.47267	1.9e+03	-3.29
gacgcg	gacgcg	0.0001064962726	0.0000908624449	1	0.85	0.57397	2.4e+03	-3.37
gacgct	gacgct	0.0000000000000	0.0000885240732	0	0.83	1.00000	4.1e+03	-3.61
gacgga	gacgga	0.0001064962726	0.0000998818788	1	0.94	0.60857	2.5e+03	-3.40
gacggc	gacggc	0.0000000000000	0.0000678127806	0	0.64	1.00000	4.1e+03	-3.61
gacggg	gacggg	0.0001064962726	0.0000581252405	1	0.55	0.42063	1.7e+03	-3.24
gacggt	gacggt	0.0000000000000	0.0000808408518	0	0.76	1.00000	4.1e+03	-3.61
gacgta	gacgta	0.0001064962726	0.0001219293838	1	1.14	0.68177	2.8e+03	-3.45
gacgtc	gacgtc	0.0000000000000	0.0000561209219	0	0.53	1.00000	4.1e+03	-3.61
gacgtg	gacgtg	0.0000000000000	0.0000871878608	0	0.82	1.00000	4.1e+03	-3.61
gacgtt	gacgtt	0.0000000000000	0.0001356255612	0	1.27	1.00000	4.1e+03	-3.61
gactaa	gactaa	0.0004259850905	0.0001897421645	4	1.78	0.10576	4.3e+02	-2.64
gactac	gactac	0.0002129925453	0.0001379639330	2	1.30	0.37158	1.5e+03	-3.18
gactag	gactag	0.0000000000000	0.0001018861975	0	0.96	1.00000	4.1e+03	-3.61
gactat	gactat	0.0001064962726	0.0001914124300	1	1.80	0.83429	3.4e+03	-3.53
gactca	gactca	0.0006389776358	0.0001219293838	6	1.14	0.00118	4.8e+00	-0.69
gactcc	gactcc	0.0001064962726	0.0000741597896	1	0.70	0.50162	2.1e+03	-3.31
gactcg	gactcg	0.0000000000000	0.0000501079660	0	0.47	1.00000	4.1e+03	-3.61
gactct	gactct	0.0001064962726	0.0001262720742	1	1.19	0.69449	2.8e+03	-3.45
gactga	gactga	0.0001064962726	0.0001306147646	1	1.23	0.70670	2.9e+03	-3.46
gactgc	gactgc	0.0001064962726	0.0001072310472	1	1.01	0.63467	2.6e+03	-3.41
gactgg	gactgg	0.0002129925453	0.0000751619489	2	0.71	0.15781	6.5e+02	-2.81
gactgt	gactgt	0.0003194888179	0.0001302807115	3	1.22	0.12560	5.1e+02	-2.71
gactta	gactta	0.0003194888179	0.0001413044640	3	1.33	0.14910	6.1e+02	-2.79
gacttc	gacttc	0.0001064962726	0.0001406363578	1	1.32	0.73304	3.0e+03	-3.48
gacttg	gacttg	0.0000000000000	0.0001242677556	0	1.17	1.00000	4.1e+03	-3.61
gacttt	gacttt	0.0003194888179	0.0002725873348	3	2.56	0.47140	1.9e+03	-3.29
gagaaa	gagaaa	0.0004259850905	0.0006931601958	4	6.51	0.88884	3.6e+03	-3.56
gagaac	gagaac	0.0003194888179	0.0002679105914	3	2.52	0.46022	1.9e+03	-3.28
gagaag	gagaag	0.0004259850905	0.0003467471245	4	3.26	0.40992	1.7e+03	-3.23
gagaat	gagaat	0.0002129925453	0.0003370595844	2	3.16	0.82423	3.4e+03	-3.53
gagaca	gagaca	0.0001064962726	0.0001770481464	1	1.66	0.81036	3.3e+03	-3.52
gagacc	gagacc	0.0001064962726	0.0000734916834	1	0.69	0.49848	2.0e+03	-3.31
gagacg	gagacg	0.0000000000000	0.0000932008167	0	0.88	1.00000	4.1e+03	-3.61
gagact	gagact	0.0001064962726	0.0001239337025	1	1.16	0.68771	2.8e+03	-3.45
gagaga	gagaga	0.0000000000000	0.0002755938128	0	2.59	1.00000	4.1e+03	-3.61
gagagc	gagagc	0.0001064962726	0.0001356255612	1	1.27	0.72018	2.9e+03	-3.47
gagagg	gagagg	0.0000000000000	0.0001533303758	0	1.44	1.00000	4.1e+03	-3.61
gagagt	gagagt	0.0002129925453	0.0001596773849	2	1.50	0.44198	1.8e+03	-3.26
gagata	gagata	0.0004259850905	0.0003079969641	4	2.89	0.32860	1.3e+03	-3.13
gagatc	gagatc	0.0000000000000	0.0001262720742	0	1.19	1.00000	4.1e+03	-3.61
gagatg	gagatg	0.0000000000000	0.0002174685723	0	2.04	1.00000	4.1e+03	-3.61
gagatt	gagatt	0.0001064962726	0.0002485355112	1	2.33	0.90310	3.7e+03	-3.57
gagcaa	gagcaa	0.0003194888179	0.0002518760422	3	2.37	0.42116	1.7e+03	-3.24
gagcac	gagcac	0.0001064962726	0.0001159164279	1	1.09	0.66328	2.7e+03	-3.43
gagcag	gagcag	0.0000000000000	0.0001623498097	0	1.52	1.00000	4.1e+03	-3.61
gagcat	gagcat	0.0002129925453	0.0001737076153	2	1.63	0.48508	2.0e+03	-3.30
gagcca	gagcca	0.0000000000000	0.0001175866935	0	1.10	1.00000	4.1e+03	-3.61
gagccc	gagccc	0.0001064962726	0.0000671446744	1	0.63	0.46768	1.9e+03	-3.28
gagccg	gagccg	0.0001064962726	0.0000634700902	1	0.60	0.44899	1.8e+03	-3.26
gagcct	gagcct	0.0000000000000	0.0001015521444	0	0.95	1.00000	4.1e+03	-3.61
gagcga	gagcga	0.0002129925453	0.0000998818788	2	0.94	0.24141	9.9e+02	-3.00
gagcgc	gagcgc	0.0000000000000	0.0000597955061	0	0.56	1.00000	4.1e+03	-3.61
gagcgg	gagcgg	0.0000000000000	0.0000818430111	0	0.77	1.00000	4.1e+03	-3.61
gagcgt	gagcgt	0.0000000000000	0.0000791705862	0	0.74	1.00000	4.1e+03	-3.61
gagcta	gagcta	0.0001064962726	0.0001423066233	1	1.34	0.73720	3.0e+03	-3.48
gagctc	gagctc	0.0000000000000	0.0000982116133	0	0.92	1.00000	4.1e+03	-3.61
gagctg	gagctg	0.0000000000000	0.0001189229059	0	1.12	1.00000	4.1e+03	-3.61
gagctt	gagctt	0.0002129925453	0.0002021021294	2	1.90	0.56563	2.3e+03	-3.36
gaggaa	gaggaa	0.0000000000000	0.0003731373199	0	3.50	1.00000	4.1e+03	-3.61
gaggac	gaggac	0.0000000000000	0.0000918646043	0	0.86	1.00000	4.1e+03	-3.61
gaggag	gaggag	0.0001064962726	0.0001850654210	1	1.74	0.82412	3.4e+03	-3.53
gaggat	gaggat	0.0002129925453	0.0001954210673	2	1.84	0.54752	2.2e+03	-3.35
gaggca	gaggca	0.0000000000000	0.0001439768889	0	1.35	1.00000	4.1e+03	-3.61
gaggcc	gaggcc	0.0001064962726	0.0000711533117	1	0.67	0.48735	2.0e+03	-3.30
gaggcg	gaggcg	0.0000000000000	0.0000815089580	0	0.77	1.00000	4.1e+03	-3.61
gaggct	gaggct	0.0004259850905	0.0001142461624	4	1.07	0.02377	9.7e+01	-1.99
gaggga	gaggga	0.0001064962726	0.0001433087827	1	1.35	0.73966	3.0e+03	-3.48
gagggc	gagggc	0.0001064962726	0.0000778343738	1	0.73	0.51852	2.1e+03	-3.33
gagggg	gagggg	0.0001064962726	0.0000891921794	1	0.84	0.56723	2.3e+03	-3.37
gagggt	gagggt	0.0000000000000	0.0001072310472	0	1.01	1.00000	4.1e+03	-3.61
gaggta	gaggta	0.0003194888179	0.0001660243939	3	1.56	0.20609	8.4e+02	-2.93
gaggtc	gaggtc	0.0002129925453	0.0000835132766	2	0.78	0.18553	7.6e+02	-2.88
gaggtg	gaggtg	0.0000000000000	0.0001205931714	0	1.13	1.00000	4.1e+03	-3.61
gaggtt	gaggtt	0.0001064962726	0.0001797205713	1	1.69	0.81506	3.3e+03	-3.52
gagtaa	gagtaa	0.0004259850905	0.0002652381665	4	2.49	0.24040	9.8e+02	-2.99
gagtac	gagtac	0.0001064962726	0.0001239337025	1	1.16	0.68771	2.8e+03	-3.45
gagtag	gagtag	0.0001064962726	0.0001459812075	1	1.37	0.74611	3.1e+03	-3.49
gagtat	gagtat	0.0003194888179	0.0002067788729	3	1.94	0.30753	1.3e+03	-3.10
gagtca	gagtca	0.0005324813632	0.0001249358618	5	1.17	0.00706	2.9e+01	-1.46
gagtcc	gagtcc	0.0001064962726	0.0000581252405	1	0.55	0.42063	1.7e+03	-3.24
gagtcg	gagtcg	0.0001064962726	0.0000638041433	1	0.60	0.45072	1.8e+03	-3.27
gagtct	gagtct	0.0000000000000	0.0000978775602	0	0.92	1.00000	4.1e+03	-3.61
gagtga	gagtga	0.0002129925453	0.0001747097747	2	1.64	0.48808	2.0e+03	-3.30
gagtgc	gagtgc	0.0001064962726	0.0000965413478	1	0.91	0.59609	2.4e+03	-3.39
gagtgg	gagtgg	0.0002129925453	0.0001058948347	2	0.99	0.26216	1.1e+03	-3.03
gagtgt	gagtgt	0.0001064962726	0.0001312828708	1	1.23	0.70853	2.9e+03	-3.46
gagtta	gagtta	0.0001064962726	0.0001720373498	1	1.62	0.80122	3.3e+03	-3.52
gagttc	gagttc	0.0001064962726	0.0001289444991	1	1.21	0.70206	2.9e+03	-3.46
gagttg	gagttg	0.0000000000000	0.0001433087827	0	1.35	1.00000	4.1e+03	-3.61
gagttt	gagttt	0.0002129925453	0.0002859494591	2	2.69	0.74866	3.1e+03	-3.49
gataaa	gataaa	0.0003194888179	0.0005682243340	3	5.34	0.90098	3.7e+03	-3.57
gataac	gataac	0.0001064962726	0.0002238155813	1	2.10	0.87777	3.6e+03	-3.56
gataag	gataag	0.0003194888179	0.0002755938128	3	2.59	0.47853	2.0e+03	-3.29
gataat	gataat	0.0004259850905	0.0006049701757	4	5.68	0.81803	3.4e+03	-3.53
gataca	gataca	0.0003194888179	0.0002545484671	3	2.39	0.42774	1.8e+03	-3.24
gatacc	gatacc	0.0001064962726	0.0001172526404	1	1.10	0.66748	2.7e+03	-3.44
gatacg	gatacg	0.0001064962726	0.0001272742335	1	1.20	0.69735	2.9e+03	-3.46
gatact	gatact	0.0000000000000	0.0002294944841	0	2.15	1.00000	4.1e+03	-3.61
gataga	gataga	0.0004259850905	0.0002872856715	4	2.70	0.28537	1.2e+03	-3.07
gatagc	gatagc	0.0001064962726	0.0001419725702	1	1.33	0.73637	3.0e+03	-3.48
gatagg	gatagg	0.0001064962726	0.0001389660923	1	1.30	0.72882	3.0e+03	-3.47
gatagt	gatagt	0.0006389776358	0.0002565527857	6	2.41	0.03620	1.5e+02	-2.17
gatata	gatata	0.0009584664537	0.0005465108821	9	5.13	0.07698	3.2e+02	-2.50
gatatc	gatatc	0.0004259850905	0.0002492036174	4	2.34	0.20882	8.6e+02	-2.93
gatatg	gatatg	0.0003194888179	0.0002288263779	3	2.15	0.36350	1.5e+03	-3.17
gatatt	gatatt	0.0009584664537	0.0005328147048	9	5.00	0.06825	2.8e+02	-2.45
gatcaa	gatcaa	0.0002129925453	0.0002862835122	2	2.69	0.74924	3.1e+03	-3.49
gatcac	gatcac	0.0001064962726	0.0001446449951	1	1.36	0.74291	3.0e+03	-3.48
gatcag	gatcag	0.0000000000000	0.0001302807115	0	1.22	1.00000	4.1e+03	-3.61
gatcat	gatcat	0.0002129925453	0.0002031042887	2	1.91	0.56831	2.3e+03	-3.37
gatcca	gatcca	0.0001064962726	0.0001068969941	1	1.00	0.63352	2.6e+03	-3.41
gatccc	gatccc	0.0000000000000	0.0000668106213	0	0.63	1.00000	4.1e+03	-3.61
gatccg	gatccg	0.0000000000000	0.0000764981614	0	0.72	1.00000	4.1e+03	-3.61
gatcct	gatcct	0.0001064962726	0.0001322850301	1	1.24	0.71126	2.9e+03	-3.46
gatcga	gatcga	0.0000000000000	0.0001135780562	0	1.07	1.00000	4.1e+03	-3.61
gatcgc	gatcgc	0.0001064962726	0.0000748278958	1	0.70	0.50473	2.1e+03	-3.32
gatcgg	gatcgg	0.0002129925453	0.0000661425151	2	0.62	0.12889	5.3e+02	-2.72
gatcgt	gatcgt	0.0000000000000	0.0000982116133	0	0.92	1.00000	4.1e+03	-3.61
gatcta	gatcta	0.0001064962726	0.0001773821995	1	1.67	0.81095	3.3e+03	-3.52
gatctc	gatctc	0.0001064962726	0.0001319509770	1	1.24	0.71036	2.9e+03	-3.46
gatctg	gatctg	0.0001064962726	0.0001429747296	1	1.34	0.73884	3.0e+03	-3.48
gatctt	gatctt	0.0001064962726	0.0002792683970	1	2.62	0.92739	3.8e+03	-3.58
gatgaa	gatgaa	0.0003194888179	0.0003467471245	3	3.26	0.63170	2.6e+03	-3.41
gatgac	gatgac	0.0003194888179	0.0002465311925	3	2.31	0.40793	1.7e+03	-3.22
gatgag	gatgag	0.0001064962726	0.0003257017788	1	3.06	0.95306	3.9e+03	-3.59
gatgat	gatgat	0.0002129925453	0.0003487514431	2	3.27	0.83835	3.4e+03	-3.54
gatgca	gatgca	0.0004259850905	0.0001670265532	4	1.57	0.07450	3.1e+02	-2.48
gatgcc	gatgcc	0.0001064962726	0.0001129099500	1	1.06	0.65364	2.7e+03	-3.43
gatgcg	gatgcg	0.0001064962726	0.0001032224099	1	0.97	0.62065	2.5e+03	-3.41
gatgct	gatgct	0.0003194888179	0.0001630179159	3	1.53	0.19890	8.1e+02	-2.91
gatgga	gatgga	0.0001064962726	0.0001730395091	1	1.62	0.80308	3.3e+03	-3.52
gatggc	gatggc	0.0000000000000	0.0001169185872	0	1.10	1.00000	4.1e+03	-3.61
gatggg	gatggg	0.0001064962726	0.0000938689229	1	0.88	0.58583	2.4e+03	-3.38
gatggt	gatggt	0.0003194888179	0.0001516601103	3	1.42	0.17234	7.1e+02	-2.85
gatgta	gatgta	0.0003194888179	0.0002271561124	3	2.13	0.35927	1.5e+03	-3.17
gatgtc	gatgtc	0.0000000000000	0.0001042245692	0	0.98	1.00000	4.1e+03	-3.61
gatgtg	gatgtg	0.0000000000000	0.0001600114380	0	1.50	1.00000	4.1e+03	-3.61
gatgtt	gatgtt	0.0001064962726	0.0002371777056	1	2.23	0.89219	3.7e+03	-3.56
gattaa	gattaa	0.0000000000000	0.0003307125754	0	3.11	1.00000	4.1e+03	-3.61
gattac	gattac	0.0003194888179	0.0001997637576	3	1.88	0.28974	1.2e+03	-3.07
gattag	gattag	0.0000000000000	0.0001753778809	0	1.65	1.00000	4.1e+03	-3.61
gattat	gattat	0.0002129925453	0.0003961869842	2	3.72	0.88568	3.6e+03	-3.56
gattca	gattca	0.0001064962726	0.0002204750502	1	2.07	0.87388	3.6e+03	-3.55
gattcc	gattcc	0.0000000000000	0.0002428566084	0	2.28	1.00000	4.1e+03	-3.61
gattcg	gattcg	0.0000000000000	0.0000955391884	0	0.90	1.00000	4.1e+03	-3.61
gattct	gattct	0.0001064962726	0.0002304966434	1	2.16	0.88521	3.6e+03	-3.56
gattga	gattga	0.0003194888179	0.0002929645743	3	2.75	0.51880	2.1e+03	-3.33
gattgc	gattgc	0.0001064962726	0.0001670265532	1	1.57	0.79164	3.2e+03	-3.51
gattgg	gattgg	0.0001064962726	0.0001416385171	1	1.33	0.73554	3.0e+03	-3.48
gattgt	gattgt	0.0002129925453	0.0002204750502	2	2.07	0.61271	2.5e+03	-3.40
gattta	gattta	0.0005324813632	0.0003470811776	5	3.26	0.22996	9.4e+02	-2.97
gatttc	gatttc	0.0002129925453	0.0003203569291	2	3.01	0.80211	3.3e+03	-3.52
gatttg	gatttg	0.0002129925453	0.0002592252106	2	2.43	0.69895	2.9e+03	-3.46
gatttt	gatttt	0.0003194888179	0.0006554121948	3	6.15	0.94463	3.9e+03	-3.59
gcaaaa	gcaaaa	0.0011714589989	0.0006220068842	11	5.84	0.03634	1.5e+02	-2.17
gcaaac	gcaaac	0.0002129925453	0.0002538803609	2	2.38	0.68808	2.8e+03	-3.45
gcaaag	gcaaag	0.0003194888179	0.0002949688930	3	2.77	0.52333	2.1e+03	-3.33
gcaaat	gcaaat	0.0004259850905	0.0003871675503	4	3.64	0.49233	2.0e+03	-3.30
gcaaca	gcaaca	0.0002129925453	0.0002482014581	2	2.33	0.67618	2.8e+03	-3.44
gcaacc	gcaacc	0.0002129925453	0.0001322850301	2	1.24	0.35256	1.4e+03	-3.16
gcaacg	gcaacg	0.0000000000000	0.0001436428358	0	1.35	1.00000	4.1e+03	-3.61
gcaact	gcaact	0.0003194888179	0.0001970913328	3	1.85	0.28298	1.2e+03	-3.06
gcaaga	gcaaga	0.0000000000000	0.0003056585924	0	2.87	1.00000	4.1e+03	-3.61
gcaagc	gcaagc	0.0002129925453	0.0001586752256	2	1.49	0.43882	1.8e+03	-3.25
gcaagg	gcaagg	0.0001064962726	0.0002081150853	1	1.95	0.85835	3.5e+03	-3.55
gcaagt	gcaagt	0.0001064962726	0.0002034383418	1	1.91	0.85199	3.5e+03	-3.54
gcaata	gcaata	0.0002129925453	0.0003621135674	2	3.40	0.85323	3.5e+03	-3.54
gcaatc	gcaatc	0.0001064962726	0.0001787184119	1	1.68	0.81331	3.3e+03	-3.52
gcaatg	gcaatg	0.0003194888179	0.0001947529610	3	1.83	0.27708	1.1e+03	-3.05
gcaatt	gcaatt	0.0001064962726	0.0003404001154	1	3.20	0.95911	3.9e+03	-3.59
gcacaa	gcacaa	0.0000000000000	0.0002301625903	0	2.16	1.00000	4.1e+03	-3.61
gcacac	gcacac	0.0004259850905	0.0001473174199	4	1.38	0.05185	2.1e+02	-2.33
gcacag	gcacag	0.0000000000000	0.0001496557917	0	1.41	1.00000	4.1e+03	-3.61
gcacat	gcacat	0.0006389776358	0.0002141280412	6	2.01	0.01694	6.9e+01	-1.84
gcacca	gcacca	0.0000000000000	0.0001369617736	0	1.29	1.00000	4.1e+03	-3.61
gcaccc	gcaccc	0.0002129925453	0.0000911964981	2	0.86	0.21158	8.7e+02	-2.94
gcaccg	gcaccg	0.0000000000000	0.0000701511523	0	0.66	1.00000	4.1e+03	-3.61
gcacct	gcacct	0.0002129925453	0.0001359596143	2	1.28	0.36489	1.5e+03	-3.17
gcacga	gcacga	0.0000000000000	0.0000958732415	0	0.90	1.00000	4.1e+03	-3.61
gcacgc	gcacgc	0.0003194888179	0.0000751619489	3	0.71	0.03484	1.4e+02	-2.15
gcacgg	gcacgg	0.0001064962726	0.0000845154359	1	0.79	0.54780	2.2e+03	-3.35
gcacgt	gcacgt	0.0005324813632	0.0001242677556	5	1.17	0.00691	2.8e+01	-1.45
gcacta	gcacta	0.0002129925453	0.0001747097747	2	1.64	0.48808	2.0e+03	-3.30
gcactc	gcactc	0.0003194888179	0.0001038905161	3	0.98	0.07585	3.1e+02	-2.49
gcactg	gcactg	0.0000000000000	0.0001246018087	0	1.17	1.00000	4.1e+03	-3.61
gcactt	gcactt	0.0006389776358	0.0002198069440	6	2.06	0.01897	7.8e+01	-1.89
gcagaa	gcagaa	0.0000000000000	0.0003076629110	0	2.89	1.00000	4.1e+03	-3.61
gcagac	gcagac	0.0001064962726	0.0000982116133	1	0.92	0.60238	2.5e+03	-3.39
gcagag	gcagag	0.0000000000000	0.0001496557917	0	1.41	1.00000	4.1e+03	-3.61
gcagat	gcagat	0.0001064962726	0.0002191388378	1	2.06	0.87228	3.6e+03	-3.55
gcagca	gcagca	0.0000000000000	0.0002107875102	0	1.98	1.00000	4.1e+03	-3.61
gcagcc	gcagcc	0.0001064962726	0.0001018861975	1	0.96	0.61586	2.5e+03	-3.40
gcagcg	gcagcg	0.0000000000000	0.0001085672596	0	1.02	1.00000	4.1e+03	-3.61
gcagct	gcagct	0.0002129925453	0.0001610135973	2	1.51	0.44617	1.8e+03	-3.26
gcagga	gcagga	0.0001064962726	0.0001473174199	1	1.38	0.74928	3.1e+03	-3.49
gcaggc	gcaggc	0.0000000000000	0.0001125758969	0	1.06	1.00000	4.1e+03	-3.61
gcaggg	gcaggg	0.0000000000000	0.0000808408518	0	0.76	1.00000	4.1e+03	-3.61
gcaggt	gcaggt	0.0000000000000	0.0001089013127	0	1.02	1.00000	4.1e+03	-3.61
gcagta	gcagta	0.0003194888179	0.0002254858468	3	2.12	0.35504	1.5e+03	-3.16
gcagtc	gcagtc	0.0002129925453	0.0000968754009	2	0.91	0.23105	9.5e+02	-2.98
gcagtg	gcagtg	0.0000000000000	0.0001352915081	0	1.27	1.00000	4.1e+03	-3.61
gcagtt	gcagtt	0.0003194888179	0.0002288263779	3	2.15	0.36350	1.5e+03	-3.17
gcataa	gcataa	0.0001064962726	0.0003036542737	1	2.85	0.94226	3.9e+03	-3.59
gcatac	gcatac	0.0000000000000	0.0001924145893	0	1.81	1.00000	4.1e+03	-3.61
gcatag	gcatag	0.0001064962726	0.0001590092787	1	1.49	0.77535	3.2e+03	-3.50
gcatat	gcatat	0.0004259850905	0.0003818227006	4	3.59	0.48168	2.0e+03	-3.30
gcatca	gcatca	0.0000000000000	0.0001957551204	0	1.84	1.00000	4.1e+03	-3.61
gcatcc	gcatcc	0.0001064962726	0.0001115737375	1	1.05	0.64927	2.7e+03	-3.42
gcatcg	gcatcg	0.0000000000000	0.0001346234019	0	1.26	1.00000	4.1e+03	-3.61
gcatct	gcatct	0.0005324813632	0.0002084491384	5	1.96	0.04887	2.0e+02	-2.30
gcatga	gcatga	0.0001064962726	0.0001640200753	1	1.54	0.78568	3.2e+03	-3.51
gcatgc	gcatgc	0.0000000000000	0.0001072310472	0	1.01	1.00000	4.1e+03	-3.61
gcatgg	gcatgg	0.0000000000000	0.0000932008167	0	0.88	1.00000	4.1e+03	-3.61
gcatgt	gcatgt	0.0003194888179	0.0001536644290	3	1.44	0.17695	7.2e+02	-2.86
gcatta	gcatta	0.0002129925453	0.0002862835122	2	2.69	0.74924	3.1e+03	-3.49
gcattc	gcattc	0.0003194888179	0.0002037723949	3	1.91	0.29990	1.2e+03	-3.09
gcattg	gcattg	0.0001064962726	0.0002234815282	1	2.10	0.87739	3.6e+03	-3.56
gcattt	gcattt	0.0000000000000	0.0004613273400	0	4.33	1.00000	4.1e+03	-3.61
gccaaa	gccaaa	0.0001064962726	0.0002786002908	1	2.62	0.92694	3.8e+03	-3.58
gccaac	gccaac	0.0002129925453	0.0001182547997	2	1.11	0.30478	1.2e+03	-3.10
gccaag	gccaag	0.0003194888179	0.0001870697396	3	1.76	0.25778	1.1e+03	-3.02
gccaat	gccaat	0.0002129925453	0.0001790524650	2	1.68	0.50094	2.1e+03	-3.31
gccaca	gccaca	0.0011714589989	0.0001489876855	11	1.40	2.8e-07	1.1e-03	2.94
gccacc	gccacc	0.0001064962726	0.0001032224099	1	0.97	0.62065	2.5e+03	-3.41
gccacg	gccacg	0.0001064962726	0.0000758300552	1	0.71	0.50937	2.1e+03	-3.32
gccact	gccact	0.0001064962726	0.0001339552957	1	1.26	0.71576	2.9e+03	-3.47
gccaga	gccaga	0.0002129925453	0.0001276082867	2	1.20	0.33674	1.4e+03	-3.14
gccagc	gccagc	0.0001064962726	0.0000968754009	1	0.91	0.59736	2.4e+03	-3.39
gccagg	gccagg	0.0001064962726	0.0000704852055	1	0.66	0.48412	2.0e+03	-3.30
gccagt	gccagt	0.0000000000000	0.0001072310472	0	1.01	1.00000	4.1e+03	-3.61
gccata	gccata	0.0002129925453	0.0001807227306	2	1.70	0.50584	2.1e+03	-3.32
gccatc	gccatc	0.0002129925453	0.0001496557917	2	1.41	0.41000	1.7e+03	-3.23
gccatg	gccatg	0.0001064962726	0.0000998818788	1	0.94	0.60857	2.5e+03	-3.40
gccatt	gccatt	0.0004259850905	0.0002371777056	4	2.23	0.18598	7.6e+02	-2.88
gcccaa	gcccaa	0.0001064962726	0.0001302807115	1	1.22	0.70578	2.9e+03	-3.46
gcccac	gcccac	0.0000000000000	0.0000791705862	0	0.74	1.00000	4.1e+03	-3.61
gcccag	gcccag	0.0000000000000	0.0000841813828	0	0.79	1.00000	4.1e+03	-3.61
gcccat	gcccat	0.0001064962726	0.0001119077907	1	1.05	0.65037	2.7e+03	-3.43
gcccca	gcccca	0.0000000000000	0.0000664765682	0	0.62	1.00000	4.1e+03	-3.61
gccccc	gccccc	0.0000000000000	0.0000460993287	0	0.43	1.00000	4.1e+03	-3.61
gccccg	gccccg	0.0000000000000	0.0000457652756	0	0.43	1.00000	4.1e+03	-3.61
gcccct	gcccct	0.0000000000000	0.0001005499850	0	0.94	1.00000	4.1e+03	-3.61
gcccga	gcccga	0.0001064962726	0.0000521122846	1	0.49	0.38697	1.6e+03	-3.20
gcccgc	gcccgc	0.0001064962726	0.0000641381964	1	0.60	0.45244	1.9e+03	-3.27
gcccgg	gcccgg	0.0001064962726	0.0000557868688	1	0.52	0.40777	1.7e+03	-3.22
gcccgt	gcccgt	0.0001064962726	0.0000678127806	1	0.64	0.47101	1.9e+03	-3.29
gcccta	gcccta	0.0000000000000	0.0000995478257	0	0.93	1.00000	4.1e+03	-3.61
gccctc	gccctc	0.0002129925453	0.0000851835421	2	0.80	0.19116	7.8e+02	-2.89
gccctg	gccctg	0.0000000000000	0.0000748278958	0	0.70	1.00000	4.1e+03	-3.61
gccctt	gccctt	0.0000000000000	0.0001857335272	0	1.74	1.00000	4.1e+03	-3.61
gccgaa	gccgaa	0.0000000000000	0.0001162504810	0	1.09	1.00000	4.1e+03	-3.61
gccgac	gccgac	0.0000000000000	0.0000544506563	0	0.51	1.00000	4.1e+03	-3.61
gccgag	gccgag	0.0002129925453	0.0000691489930	2	0.65	0.13839	5.7e+02	-2.75
gccgat	gccgat	0.0000000000000	0.0000975435071	0	0.92	1.00000	4.1e+03	-3.61
gccgca	gccgca	0.0000000000000	0.0000995478257	0	0.93	1.00000	4.1e+03	-3.61
gccgcc	gccgcc	0.0000000000000	0.0001008840381	0	0.95	1.00000	4.1e+03	-3.61
gccgcg	gccgcg	0.0000000000000	0.0000597955061	0	0.56	1.00000	4.1e+03	-3.61
gccgct	gccgct	0.0000000000000	0.0001012180912	0	0.95	1.00000	4.1e+03	-3.61
gccgga	gccgga	0.0000000000000	0.0000718214179	0	0.67	1.00000	4.1e+03	-3.61
gccggc	gccggc	0.0000000000000	0.0000551187626	0	0.52	1.00000	4.1e+03	-3.61
gccggg	gccggg	0.0001064962726	0.0000708192586	1	0.66	0.48573	2.0e+03	-3.30
gccggt	gccggt	0.0002129925453	0.0000561209219	2	0.53	0.09849	4.0e+02	-2.61
gccgta	gccgta	0.0002129925453	0.0000958732415	2	0.90	0.22761	9.3e+02	-2.97
gccgtc	gccgtc	0.0001064962726	0.0000634700902	1	0.60	0.44899	1.8e+03	-3.26
gccgtg	gccgtg	0.0001064962726	0.0000668106213	1	0.63	0.46601	1.9e+03	-3.28
gccgtt	gccgtt	0.0002129925453	0.0001342893488	2	1.26	0.35930	1.5e+03	-3.17
gcctaa	gcctaa	0.0001064962726	0.0001199250652	1	1.13	0.67573	2.8e+03	-3.44
gcctac	gcctac	0.0000000000000	0.0000878559670	0	0.82	1.00000	4.1e+03	-3.61
gcctag	gcctag	0.0000000000000	0.0000754960021	0	0.71	1.00000	4.1e+03	-3.61
gcctat	gcctat	0.0000000000000	0.0001396341985	0	1.31	1.00000	4.1e+03	-3.61
gcctca	gcctca	0.0001064962726	0.0001175866935	1	1.10	0.66853	2.7e+03	-3.44
gcctcc	gcctcc	0.0000000000000	0.0000815089580	0	0.77	1.00000	4.1e+03	-3.61
gcctcg	gcctcg	0.0000000000000	0.0000801727455	0	0.75	1.00000	4.1e+03	-3.61
gcctct	gcctct	0.0001064962726	0.0001479855261	1	1.39	0.75085	3.1e+03	-3.49
gcctga	gcctga	0.0000000000000	0.0001002159319	0	0.94	1.00000	4.1e+03	-3.61
gcctgc	gcctgc	0.0001064962726	0.0000998818788	1	0.94	0.60857	2.5e+03	-3.40
gcctgg	gcctgg	0.0000000000000	0.0000674787275	0	0.63	1.00000	4.1e+03	-3.61
gcctgt	gcctgt	0.0001064962726	0.0001195910121	1	1.12	0.67471	2.8e+03	-3.44
gcctta	gcctta	0.0002129925453	0.0001546665883	2	1.45	0.42610	1.7e+03	-3.24
gccttc	gccttc	0.0002129925453	0.0001737076153	2	1.63	0.48508	2.0e+03	-3.30
gccttg	gccttg	0.0002129925453	0.0001483195793	2	1.39	0.40566	1.7e+03	-3.22
gccttt	gccttt	0.0001064962726	0.0003577708770	1	3.36	0.96527	4.0e+03	-3.60
gcgaaa	gcgaaa	0.0002129925453	0.0002812727156	2	2.64	0.74051	3.0e+03	-3.48
gcgaac	gcgaac	0.0001064962726	0.0000845154359	1	0.79	0.54780	2.2e+03	-3.35
gcgaag	gcgaag	0.0000000000000	0.0001309488177	0	1.23	1.00000	4.1e+03	-3.61
gcgaat	gcgaat	0.0001064962726	0.0001286104460	1	1.21	0.70112	2.9e+03	-3.46
gcgaca	gcgaca	0.0001064962726	0.0000962072947	1	0.90	0.59482	2.4e+03	-3.39
gcgacc	gcgacc	0.0000000000000	0.0000420906914	0	0.40	1.00000	4.1e+03	-3.61
gcgacg	gcgacg	0.0000000000000	0.0000688149399	0	0.65	1.00000	4.1e+03	-3.61
gcgact	gcgact	0.0003194888179	0.0000885240732	3	0.83	0.05201	2.1e+02	-2.33
gcgaga	gcgaga	0.0001064962726	0.0001048926754	1	0.98	0.62656	2.6e+03	-3.41
gcgagc	gcgagc	0.0000000000000	0.0000607976654	0	0.57	1.00000	4.1e+03	-3.61
gcgagg	gcgagg	0.0000000000000	0.0000751619489	0	0.71	1.00000	4.1e+03	-3.61
gcgagt	gcgagt	0.0001064962726	0.0000718214179	1	0.67	0.49055	2.0e+03	-3.30
gcgata	gcgata	0.0003194888179	0.0001653562877	3	1.55	0.20448	8.4e+02	-2.92
gcgatc	gcgatc	0.0000000000000	0.0000785024800	0	0.74	1.00000	4.1e+03	-3.61
gcgatg	gcgatg	0.0001064962726	0.0001877378458	1	1.76	0.82847	3.4e+03	-3.53
gcgatt	gcgatt	0.0001064962726	0.0001419725702	1	1.33	0.73637	3.0e+03	-3.48
gcgcaa	gcgcaa	0.0000000000000	0.0001436428358	0	1.35	1.00000	4.1e+03	-3.61
gcgcac	gcgcac	0.0002129925453	0.0000781684269	2	0.73	0.16770	6.9e+02	-2.84
gcgcag	gcgcag	0.0000000000000	0.0001042245692	0	0.98	1.00000	4.1e+03	-3.61
gcgcat	gcgcat	0.0003194888179	0.0001246018087	3	1.17	0.11406	4.7e+02	-2.67
gcgcca	gcgcca	0.0004259850905	0.0001089013127	4	1.02	0.02040	8.4e+01	-1.92
gcgccc	gcgccc	0.0001064962726	0.0000621338778	1	0.58	0.44203	1.8e+03	-3.26
gcgccg	gcgccg	0.0000000000000	0.0000638041433	0	0.60	1.00000	4.1e+03	-3.61
gcgcct	gcgcct	0.0002129925453	0.0000891921794	2	0.84	0.20475	8.4e+02	-2.92
gcgcga	gcgcga	0.0001064962726	0.0000841813828	1	0.79	0.54638	2.2e+03	-3.35
gcgcgc	gcgcgc	0.0001064962726	0.0000888581263	1	0.83	0.56587	2.3e+03	-3.37
gcgcgg	gcgcgg	0.0002129925453	0.0000778343738	2	0.73	0.16660	6.8e+02	-2.83
gcgcgt	gcgcgt	0.0001064962726	0.0000775003207	1	0.73	0.51701	2.1e+03	-3.33
gcgcta	gcgcta	0.0000000000000	0.0001038905161	0	0.98	1.00000	4.1e+03	-3.61
gcgctc	gcgctc	0.0000000000000	0.0000604636123	0	0.57	1.00000	4.1e+03	-3.61
gcgctg	gcgctg	0.0001064962726	0.0000982116133	1	0.92	0.60238	2.5e+03	-3.39
gcgctt	gcgctt	0.0001064962726	0.0001623498097	1	1.52	0.78229	3.2e+03	-3.51
gcggaa	gcggaa	0.0003194888179	0.0001793865182	3	1.68	0.23867	9.8e+02	-2.99
gcggac	gcggac	0.0000000000000	0.0000554528157	0	0.52	1.00000	4.1e+03	-3.61
gcggag	gcggag	0.0002129925453	0.0000811749049	2	0.76	0.17770	7.3e+02	-2.86
gcggat	gcggat	0.0000000000000	0.0000908624449	0	0.85	1.00000	4.1e+03	-3.61
gcggca	gcggca	0.0000000000000	0.0001002159319	0	0.94	1.00000	4.1e+03	-3.61
gcggcc	gcggcc	0.0000000000000	0.0000634700902	0	0.60	1.00000	4.1e+03	-3.61
gcggcg	gcggcg	0.0000000000000	0.0000821770642	0	0.77	1.00000	4.1e+03	-3.61
gcggct	gcggct	0.0000000000000	0.0001376298798	0	1.29	1.00000	4.1e+03	-3.61
gcggga	gcggga	0.0001064962726	0.0000754960021	1	0.71	0.50783	2.1e+03	-3.32
gcgggc	gcgggc	0.0001064962726	0.0000617998247	1	0.58	0.44028	1.8e+03	-3.26
gcgggg	gcgggg	0.0000000000000	0.0000688149399	0	0.65	1.00000	4.1e+03	-3.61
gcgggt	gcgggt	0.0002129925453	0.0000875219139	2	0.82	0.19907	8.2e+02	-2.91
gcggta	gcggta	0.0000000000000	0.0001058948347	0	0.99	1.00000	4.1e+03	-3.61
gcggtc	gcggtc	0.0001064962726	0.0000471014880	1	0.44	0.35744	1.5e+03	-3.17
gcggtg	gcggtg	0.0000000000000	0.0000988797195	0	0.93	1.00000	4.1e+03	-3.61
gcggtt	gcggtt	0.0000000000000	0.0001246018087	0	1.17	1.00000	4.1e+03	-3.61
gcgtaa	gcgtaa	0.0002129925453	0.0001600114380	2	1.50	0.44303	1.8e+03	-3.26
gcgtac	gcgtac	0.0000000000000	0.0000921986574	0	0.87	1.00000	4.1e+03	-3.61
gcgtag	gcgtag	0.0000000000000	0.0000841813828	0	0.79	1.00000	4.1e+03	-3.61
gcgtat	gcgtat	0.0001064962726	0.0001646881815	1	1.55	0.78702	3.2e+03	-3.51
gcgtca	gcgtca	0.0003194888179	0.0001219293838	3	1.14	0.10878	4.5e+02	-2.65
gcgtcc	gcgtcc	0.0001064962726	0.0000634700902	1	0.60	0.44899	1.8e+03	-3.26
gcgtcg	gcgtcg	0.0001064962726	0.0000614657716	1	0.58	0.43852	1.8e+03	-3.25
gcgtct	gcgtct	0.0002129925453	0.0000992137726	2	0.93	0.23910	9.8e+02	-2.99
gcgtga	gcgtga	0.0002129925453	0.0000905283918	2	0.85	0.20930	8.6e+02	-2.93
gcgtgc	gcgtgc	0.0000000000000	0.0000748278958	0	0.70	1.00000	4.1e+03	-3.61
gcgtgg	gcgtgg	0.0000000000000	0.0000661425151	0	0.62	1.00000	4.1e+03	-3.61
gcgtgt	gcgtgt	0.0001064962726	0.0000978775602	1	0.92	0.60113	2.5e+03	-3.39
gcgtta	gcgtta	0.0000000000000	0.0001426406764	0	1.34	1.00000	4.1e+03	-3.61
gcgttc	gcgttc	0.0000000000000	0.0001082332065	0	1.02	1.00000	4.1e+03	-3.61
gcgttg	gcgttg	0.0001064962726	0.0001122418438	1	1.05	0.65146	2.7e+03	-3.43
gcgttt	gcgttt	0.0001064962726	0.0002592252106	1	2.43	0.91235	3.7e+03	-3.57
gctaaa	gctaaa	0.0001064962726	0.0003200228760	1	3.01	0.95049	3.9e+03	-3.59
gctaac	gctaac	0.0000000000000	0.0001239337025	0	1.16	1.00000	4.1e+03	-3.61
gctaag	gctaag	0.0000000000000	0.0001479855261	0	1.39	1.00000	4.1e+03	-3.61
gctaat	gctaat	0.0003194888179	0.0002201409971	3	2.07	0.34149	1.4e+03	-3.15
gctaca	gctaca	0.0002129925453	0.0001593433318	2	1.50	0.44093	1.8e+03	-3.26
gctacc	gctacc	0.0000000000000	0.0001028883568	0	0.97	1.00000	4.1e+03	-3.61
gctacg	gctacg	0.0001064962726	0.0000821770642	1	0.77	0.53776	2.2e+03	-3.34
gctact	gctact	0.0001064962726	0.0001954210673	1	1.84	0.84042	3.4e+03	-3.54
gctaga	gctaga	0.0001064962726	0.0001526622696	1	1.43	0.76155	3.1e+03	-3.49
gctagc	gctagc	0.0002129925453	0.0001068969941	2	1.00	0.26563	1.1e+03	-3.04
gctagg	gctagg	0.0001064962726	0.0000831792235	1	0.78	0.54209	2.2e+03	-3.35
gctagt	gctagt	0.0003194888179	0.0001319509770	3	1.24	0.12907	5.3e+02	-2.72
gctata	gctata	0.0003194888179	0.0002578889982	3	2.42	0.43593	1.8e+03	-3.25
gctatc	gctatc	0.0001064962726	0.0001479855261	1	1.39	0.75085	3.1e+03	-3.49
gctatg	gctatg	0.0002129925453	0.0001346234019	2	1.26	0.36042	1.5e+03	-3.17
gctatt	gctatt	0.0003194888179	0.0003647859922	3	3.43	0.66517	2.7e+03	-3.44
gctcaa	gctcaa	0.0004259850905	0.0001927486424	4	1.81	0.11029	4.5e+02	-2.65
gctcac	gctcac	0.0001064962726	0.0001072310472	1	1.01	0.63467	2.6e+03	-3.41
gctcag	gctcag	0.0002129925453	0.0000945370291	2	0.89	0.22302	9.1e+02	-2.96
gctcat	gctcat	0.0002129925453	0.0001994297045	2	1.87	0.55845	2.3e+03	-3.36
gctcca	gctcca	0.0000000000000	0.0000945370291	0	0.89	1.00000	4.1e+03	-3.61
gctccc	gctccc	0.0002129925453	0.0000781684269	2	0.73	0.16770	6.9e+02	-2.84
gctccg	gctccg	0.0001064962726	0.0000581252405	1	0.55	0.42063	1.7e+03	-3.24
gctcct	gctcct	0.0001064962726	0.0001212612776	1	1.14	0.67977	2.8e+03	-3.44
gctcga	gctcga	0.0001064962726	0.0001072310472	1	1.01	0.63467	2.6e+03	-3.41
gctcgc	gctcgc	0.0002129925453	0.0000684808868	2	0.64	0.13626	5.6e+02	-2.75
gctcgg	gctcgg	0.0000000000000	0.0000577911874	0	0.54	1.00000	4.1e+03	-3.61
gctcgt	gctcgt	0.0002129925453	0.0000948710822	2	0.89	0.22417	9.2e+02	-2.96
gctcta	gctcta	0.0002129925453	0.0001366277205	2	1.28	0.36713	1.5e+03	-3.18
gctctc	gctctc	0.0005324813632	0.0001296126053	5	1.22	0.00819	3.4e+01	-1.53
gctctg	gctctg	0.0000000000000	0.0001072310472	0	1.01	1.00000	4.1e+03	-3.61
gctctt	gctctt	0.0002129925453	0.0002906262026	2	2.73	0.75660	3.1e+03	-3.49
gctgaa	gctgaa	0.0000000000000	0.0002796024501	0	2.63	1.00000	4.1e+03	-3.61
gctgac	gctgac	0.0004259850905	0.0001102375251	4	1.04	0.02121	8.7e+01	-1.94
gctgag	gctgag	0.0000000000000	0.0001072310472	0	1.01	1.00000	4.1e+03	-3.61
gctgat	gctgat	0.0000000000000	0.0001807227306	0	1.70	1.00000	4.1e+03	-3.61
gctgca	gctgca	0.0001064962726	0.0001783843588	1	1.68	0.81273	3.3e+03	-3.52
gctgcc	gctgcc	0.0000000000000	0.0001129099500	0	1.06	1.00000	4.1e+03	-3.61
gctgcg	gctgcg	0.0001064962726	0.0000878559670	1	0.82	0.56177	2.3e+03	-3.36
gctgct	gctgct	0.0000000000000	0.0001947529610	0	1.83	1.00000	4.1e+03	-3.61
gctgga	gctgga	0.0001064962726	0.0001219293838	1	1.14	0.68177	2.8e+03	-3.45
gctggc	gctggc	0.0001064962726	0.0000925327105	1	0.87	0.58060	2.4e+03	-3.38
gctggg	gctggg	0.0000000000000	0.0000694830461	0	0.65	1.00000	4.1e+03	-3.61
gctggt	gctggt	0.0002129925453	0.0001102375251	2	1.04	0.27716	1.1e+03	-3.06
gctgta	gctgta	0.0000000000000	0.0001700330312	0	1.60	1.00000	4.1e+03	-3.61
gctgtc	gctgtc	0.0003194888179	0.0001406363578	3	1.32	0.14764	6.0e+02	-2.78
gctgtg	gctgtg	0.0001064962726	0.0001299466584	1	1.22	0.70485	2.9e+03	-3.46
gctgtt	gctgtt	0.0001064962726	0.0002398501304	1	2.25	0.89486	3.7e+03	-3.56
gcttaa	gcttaa	0.0001064962726	0.0002318328559	1	2.18	0.88664	3.6e+03	-3.56
gcttac	gcttac	0.0002129925453	0.0001666925001	2	1.57	0.46378	1.9e+03	-3.28
gcttag	gcttag	0.0001064962726	0.0001272742335	1	1.20	0.69735	2.9e+03	-3.46
gcttat	gcttat	0.0004259850905	0.0003016499551	4	2.83	0.31529	1.3e+03	-3.11
gcttca	gcttca	0.0002129925453	0.0002311647496	2	2.17	0.63825	2.6e+03	-3.42
gcttcc	gcttcc	0.0004259850905	0.0002067788729	4	1.94	0.13249	5.4e+02	-2.73
gcttcg	gcttcg	0.0001064962726	0.0001242677556	1	1.17	0.68868	2.8e+03	-3.45
gcttct	gcttct	0.0003194888179	0.0003013159020	3	2.83	0.53754	2.2e+03	-3.34
gcttga	gcttga	0.0002129925453	0.0001884059520	2	1.77	0.52794	2.2e+03	-3.33
gcttgc	gcttgc	0.0000000000000	0.0001573390131	0	1.48	1.00000	4.1e+03	-3.61
gcttgg	gcttgg	0.0002129925453	0.0001129099500	2	1.06	0.28638	1.2e+03	-3.07
gcttgt	gcttgt	0.0002129925453	0.0001930826955	2	1.81	0.54106	2.2e+03	-3.35
gcttta	gcttta	0.0004259850905	0.0003126737076	4	2.94	0.33843	1.4e+03	-3.14
gctttc	gctttc	0.0003194888179	0.0003116715483	3	2.93	0.56020	2.3e+03	-3.36
gctttg	gctttg	0.0000000000000	0.0002401841835	0	2.26	1.00000	4.1e+03	-3.61
gctttt	gctttt	0.0009584664537	0.0006493992389	9	6.10	0.16296	6.7e+02	-2.82
ggaaaa	ggaaaa	0.0007454739084	0.0009092925557	7	8.54	0.74800	3.1e+03	-3.49
ggaaac	ggaaac	0.0002129925453	0.0002789343439	2	2.62	0.73634	3.0e+03	-3.48
ggaaag	ggaaag	0.0002129925453	0.0003895059221	2	3.66	0.87990	3.6e+03	-3.56
ggaaat	ggaaat	0.0005324813632	0.0004202388079	5	3.95	0.36062	1.5e+03	-3.17
ggaaca	ggaaca	0.0003194888179	0.0002198069440	3	2.06	0.34064	1.4e+03	-3.14
ggaacc	ggaacc	0.0000000000000	0.0001052267285	0	0.99	1.00000	4.1e+03	-3.61
ggaacg	ggaacg	0.0000000000000	0.0001122418438	0	1.05	1.00000	4.1e+03	-3.61
ggaact	ggaact	0.0003194888179	0.0001770481464	3	1.66	0.23290	9.5e+02	-2.98
ggaaga	ggaaga	0.0001064962726	0.0003754756916	1	3.53	0.97059	4.0e+03	-3.60
ggaagc	ggaagc	0.0003194888179	0.0002294944841	3	2.15	0.36519	1.5e+03	-3.17
ggaagg	ggaagg	0.0003194888179	0.0002238155813	3	2.10	0.35081	1.4e+03	-3.16
ggaagt	ggaagt	0.0002129925453	0.0002371777056	2	2.23	0.65202	2.7e+03	-3.43
ggaata	ggaata	0.0003194888179	0.0003861653910	3	3.63	0.70190	2.9e+03	-3.46
ggaatc	ggaatc	0.0002129925453	0.0002024361825	2	1.90	0.56653	2.3e+03	-3.37
ggaatg	ggaatg	0.0000000000000	0.0001920805362	0	1.80	1.00000	4.1e+03	-3.61
ggaatt	ggaatt	0.0001064962726	0.0002485355112	1	2.33	0.90310	3.7e+03	-3.57
ggacaa	ggacaa	0.0001064962726	0.0001874037927	1	1.76	0.82794	3.4e+03	-3.53
ggacac	ggacac	0.0001064962726	0.0000818430111	1	0.77	0.53631	2.2e+03	-3.34
ggacag	ggacag	0.0001064962726	0.0001189229059	1	1.12	0.67266	2.8e+03	-3.44
ggacat	ggacat	0.0004259850905	0.0001359596143	4	1.28	0.04079	1.7e+02	-2.22
ggacca	ggacca	0.0001064962726	0.0000768322145	1	0.72	0.51397	2.1e+03	-3.32
ggaccc	ggaccc	0.0000000000000	0.0000698170992	0	0.66	1.00000	4.1e+03	-3.61
ggaccg	ggaccg	0.0001064962726	0.0000377480010	1	0.35	0.29845	1.2e+03	-3.09
ggacct	ggacct	0.0000000000000	0.0000748278958	0	0.70	1.00000	4.1e+03	-3.61
ggacga	ggacga	0.0000000000000	0.0000815089580	0	0.77	1.00000	4.1e+03	-3.61
ggacgc	ggacgc	0.0000000000000	0.0000577911874	0	0.54	1.00000	4.1e+03	-3.61
ggacgg	ggacgg	0.0001064962726	0.0000561209219	1	0.53	0.40962	1.7e+03	-3.22
ggacgt	ggacgt	0.0000000000000	0.0000651403558	0	0.61	1.00000	4.1e+03	-3.61
ggacta	ggacta	0.0002129925453	0.0001038905161	2	0.98	0.25524	1.0e+03	-3.02
ggactc	ggactc	0.0001064962726	0.0000634700902	1	0.60	0.44899	1.8e+03	-3.26
ggactg	ggactg	0.0000000000000	0.0000825111173	0	0.77	1.00000	4.1e+03	-3.61
ggactt	ggactt	0.0001064962726	0.0001202591183	1	1.13	0.67674	2.8e+03	-3.44
ggagaa	ggagaa	0.0004259850905	0.0003500876555	4	3.29	0.41687	1.7e+03	-3.23
ggagac	ggagac	0.0000000000000	0.0000825111173	0	0.77	1.00000	4.1e+03	-3.61
ggagag	ggagag	0.0001064962726	0.0001523282165	1	1.43	0.76080	3.1e+03	-3.49
ggagat	ggagat	0.0002129925453	0.0001423066233	2	1.34	0.38598	1.6e+03	-3.20
ggagca	ggagca	0.0001064962726	0.0001222634370	1	1.15	0.68277	2.8e+03	-3.45
ggagcc	ggagcc	0.0000000000000	0.0000701511523	0	0.66	1.00000	4.1e+03	-3.61
ggagcg	ggagcg	0.0000000000000	0.0000574571343	0	0.54	1.00000	4.1e+03	-3.61
ggagct	ggagct	0.0000000000000	0.0000901943387	0	0.85	1.00000	4.1e+03	-3.61
ggagga	ggagga	0.0000000000000	0.0001489876855	0	1.40	1.00000	4.1e+03	-3.61
ggaggc	ggaggc	0.0000000000000	0.0000754960021	0	0.71	1.00000	4.1e+03	-3.61
ggaggg	ggaggg	0.0000000000000	0.0000988797195	0	0.93	1.00000	4.1e+03	-3.61
ggaggt	ggaggt	0.0000000000000	0.0000965413478	0	0.91	1.00000	4.1e+03	-3.61
ggagta	ggagta	0.0000000000000	0.0001205931714	0	1.13	1.00000	4.1e+03	-3.61
ggagtc	ggagtc	0.0002129925453	0.0000611317185	2	0.57	0.11342	4.6e+02	-2.67
ggagtg	ggagtg	0.0000000000000	0.0001035564630	0	0.97	1.00000	4.1e+03	-3.61
ggagtt	ggagtt	0.0003194888179	0.0001473174199	3	1.38	0.16247	6.7e+02	-2.82
ggataa	ggataa	0.0003194888179	0.0002719192286	3	2.55	0.46981	1.9e+03	-3.28
ggatac	ggatac	0.0000000000000	0.0001279423398	0	1.20	1.00000	4.1e+03	-3.61
ggatag	ggatag	0.0002129925453	0.0001329531364	2	1.25	0.35481	1.5e+03	-3.16
ggatat	ggatat	0.0002129925453	0.0002799365032	2	2.63	0.73813	3.0e+03	-3.48
ggatca	ggatca	0.0000000000000	0.0001436428358	0	1.35	1.00000	4.1e+03	-3.61
ggatcc	ggatcc	0.0000000000000	0.0000644722495	0	0.61	1.00000	4.1e+03	-3.61
ggatcg	ggatcg	0.0000000000000	0.0000644722495	0	0.61	1.00000	4.1e+03	-3.61
ggatct	ggatct	0.0000000000000	0.0001269401804	0	1.19	1.00000	4.1e+03	-3.61
ggatga	ggatga	0.0002129925453	0.0001770481464	2	1.66	0.49503	2.0e+03	-3.31
ggatgc	ggatgc	0.0003194888179	0.0000932008167	3	0.88	0.05882	2.4e+02	-2.38
ggatgg	ggatgg	0.0001064962726	0.0000975435071	1	0.92	0.59987	2.5e+03	-3.39
ggatgt	ggatgt	0.0000000000000	0.0001222634370	0	1.15	1.00000	4.1e+03	-3.61
ggatta	ggatta	0.0001064962726	0.0001710351905	1	1.61	0.79934	3.3e+03	-3.52
ggattc	ggattc	0.0000000000000	0.0001860675803	0	1.75	1.00000	4.1e+03	-3.61
ggattg	ggattg	0.0001064962726	0.0001994297045	1	1.87	0.84631	3.5e+03	-3.54
ggattt	ggattt	0.0003194888179	0.0002809386625	3	2.64	0.49109	2.0e+03	-3.30
ggcaaa	ggcaaa	0.0003194888179	0.0003243655663	3	3.05	0.58703	2.4e+03	-3.38
ggcaac	ggcaac	0.0000000000000	0.0001276082867	0	1.20	1.00000	4.1e+03	-3.61
ggcaag	ggcaag	0.0000000000000	0.0001690308719	0	1.59	1.00000	4.1e+03	-3.61
ggcaat	ggcaat	0.0002129925453	0.0002141280412	2	2.01	0.59690	2.4e+03	-3.39
ggcaca	ggcaca	0.0002129925453	0.0001356255612	2	1.27	0.36378	1.5e+03	-3.17
ggcacc	ggcacc	0.0002129925453	0.0000821770642	2	0.77	0.18105	7.4e+02	-2.87
ggcacg	ggcacg	0.0001064962726	0.0000751619489	1	0.71	0.50629	2.1e+03	-3.32
ggcact	ggcact	0.0000000000000	0.0001152483217	0	1.08	1.00000	4.1e+03	-3.61
ggcaga	ggcaga	0.0000000000000	0.0001503238979	0	1.41	1.00000	4.1e+03	-3.61
ggcagc	ggcagc	0.0002129925453	0.0001182547997	2	1.11	0.30478	1.2e+03	-3.10
ggcagg	ggcagg	0.0000000000000	0.0000908624449	0	0.85	1.00000	4.1e+03	-3.61
ggcagt	ggcagt	0.0002129925453	0.0001222634370	2	1.15	0.31853	1.3e+03	-3.12
ggcata	ggcata	0.0000000000000	0.0001753778809	0	1.65	1.00000	4.1e+03	-3.61
ggcatc	ggcatc	0.0001064962726	0.0001289444991	1	1.21	0.70206	2.9e+03	-3.46
ggcatg	ggcatg	0.0000000000000	0.0000958732415	0	0.90	1.00000	4.1e+03	-3.61
ggcatt	ggcatt	0.0000000000000	0.0002314988028	0	2.17	1.00000	4.1e+03	-3.61
ggccaa	ggccaa	0.0002129925453	0.0001329531364	2	1.25	0.35481	1.5e+03	-3.16
ggccac	ggccac	0.0001064962726	0.0000758300552	1	0.71	0.50937	2.1e+03	-3.32
ggccag	ggccag	0.0001064962726	0.0000741597896	1	0.70	0.50162	2.1e+03	-3.31
ggccat	ggccat	0.0000000000000	0.0001125758969	0	1.06	1.00000	4.1e+03	-3.61
ggccca	ggccca	0.0001064962726	0.0000764981614	1	0.72	0.51244	2.1e+03	-3.32
ggcccc	ggcccc	0.0000000000000	0.0000537825501	0	0.51	1.00000	4.1e+03	-3.61
ggcccg	ggcccg	0.0001064962726	0.0000594614529	1	0.56	0.42785	1.8e+03	-3.24
ggccct	ggccct	0.0000000000000	0.0000841813828	0	0.79	1.00000	4.1e+03	-3.61
ggccga	ggccga	0.0001064962726	0.0000698170992	1	0.66	0.48087	2.0e+03	-3.29
ggccgc	ggccgc	0.0000000000000	0.0000607976654	0	0.57	1.00000	4.1e+03	-3.61
ggccgg	ggccgg	0.0002129925453	0.0000658084620	2	0.62	0.12784	5.2e+02	-2.72
ggccgt	ggccgt	0.0002129925453	0.0000614657716	2	0.58	0.11444	4.7e+02	-2.67
ggccta	ggccta	0.0000000000000	0.0000781684269	0	0.73	1.00000	4.1e+03	-3.61
ggcctc	ggcctc	0.0000000000000	0.0000771662676	0	0.72	1.00000	4.1e+03	-3.61
ggcctg	ggcctg	0.0000000000000	0.0000785024800	0	0.74	1.00000	4.1e+03	-3.61
ggcctt	ggcctt	0.0004259850905	0.0001456471544	4	1.37	0.05013	2.1e+02	-2.31
ggcgaa	ggcgaa	0.0000000000000	0.0001246018087	0	1.17	1.00000	4.1e+03	-3.61
ggcgac	ggcgac	0.0000000000000	0.0000631360371	0	0.59	1.00000	4.1e+03	-3.61
ggcgag	ggcgag	0.0000000000000	0.0000634700902	0	0.60	1.00000	4.1e+03	-3.61
ggcgat	ggcgat	0.0001064962726	0.0001132440031	1	1.06	0.65473	2.7e+03	-3.43
ggcgca	ggcgca	0.0000000000000	0.0000885240732	0	0.83	1.00000	4.1e+03	-3.61
ggcgcc	ggcgcc	0.0002129925453	0.0000641381964	2	0.60	0.12264	5.0e+02	-2.70
ggcgcg	ggcgcg	0.0000000000000	0.0000805067986	0	0.76	1.00000	4.1e+03	-3.61
ggcgct	ggcgct	0.0000000000000	0.0000962072947	0	0.90	1.00000	4.1e+03	-3.61
ggcgga	ggcgga	0.0000000000000	0.0000871878608	0	0.82	1.00000	4.1e+03	-3.61
ggcggc	ggcggc	0.0000000000000	0.0001022202506	0	0.96	1.00000	4.1e+03	-3.61
ggcggg	ggcggg	0.0001064962726	0.0000754960021	1	0.71	0.50783	2.1e+03	-3.32
ggcggt	ggcggt	0.0000000000000	0.0000835132766	0	0.78	1.00000	4.1e+03	-3.61
ggcgta	ggcgta	0.0000000000000	0.0000888581263	0	0.83	1.00000	4.1e+03	-3.61
ggcgtc	ggcgtc	0.0002129925453	0.0000688149399	2	0.65	0.13732	5.6e+02	-2.75
ggcgtg	ggcgtg	0.0002129925453	0.0000628019840	2	0.59	0.11852	4.9e+02	-2.69
ggcgtt	ggcgtt	0.0000000000000	0.0001266061273	0	1.19	1.00000	4.1e+03	-3.61
ggctaa	ggctaa	0.0000000000000	0.0001556687476	0	1.46	1.00000	4.1e+03	-3.61
ggctac	ggctac	0.0000000000000	0.0000965413478	0	0.91	1.00000	4.1e+03	-3.61
ggctag	ggctag	0.0001064962726	0.0000925327105	1	0.87	0.58060	2.4e+03	-3.38
ggctat	ggctat	0.0001064962726	0.0001710351905	1	1.61	0.79934	3.3e+03	-3.52
ggctca	ggctca	0.0003194888179	0.0001115737375	3	1.05	0.08927	3.7e+02	-2.56
ggctcc	ggctcc	0.0002129925453	0.0000728235772	2	0.68	0.15019	6.2e+02	-2.79
ggctcg	ggctcg	0.0000000000000	0.0000731576303	0	0.69	1.00000	4.1e+03	-3.61
ggctct	ggctct	0.0002129925453	0.0001212612776	2	1.14	0.31510	1.3e+03	-3.11
ggctga	ggctga	0.0001064962726	0.0001276082867	1	1.20	0.69830	2.9e+03	-3.46
ggctgc	ggctgc	0.0000000000000	0.0001055607816	0	0.99	1.00000	4.1e+03	-3.61
ggctgg	ggctgg	0.0001064962726	0.0000761641083	1	0.72	0.51091	2.1e+03	-3.32
ggctgt	ggctgt	0.0002129925453	0.0001239337025	2	1.16	0.32423	1.3e+03	-3.12
ggctta	ggctta	0.0000000000000	0.0001433087827	0	1.35	1.00000	4.1e+03	-3.61
ggcttc	ggcttc	0.0002129925453	0.0001426406764	2	1.34	0.38708	1.6e+03	-3.20
ggcttg	ggcttg	0.0002129925453	0.0001339552957	2	1.26	0.35818	1.5e+03	-3.17
ggcttt	ggcttt	0.0002129925453	0.0002665743789	2	2.50	0.71339	2.9e+03	-3.47
gggaaa	gggaaa	0.0002129925453	0.0004035361526	2	3.79	0.89175	3.7e+03	-3.56
gggaac	gggaac	0.0002129925453	0.0001092353658	2	1.03	0.27370	1.1e+03	-3.05
gggaag	gggaag	0.0003194888179	0.0002198069440	3	2.06	0.34064	1.4e+03	-3.14
gggaat	gggaat	0.0001064962726	0.0001560028007	1	1.46	0.76892	3.1e+03	-3.50
gggaca	gggaca	0.0002129925453	0.0001025543037	2	0.96	0.25063	1.0e+03	-3.01
gggacc	gggacc	0.0000000000000	0.0000474355411	0	0.45	1.00000	4.1e+03	-3.61
gggacg	gggacg	0.0000000000000	0.0000524463377	0	0.49	1.00000	4.1e+03	-3.61
gggact	gggact	0.0002129925453	0.0000701511523	2	0.66	0.14159	5.8e+02	-2.76
gggaga	gggaga	0.0000000000000	0.0001252699149	0	1.18	1.00000	4.1e+03	-3.61
gggagc	gggagc	0.0000000000000	0.0000721554710	0	0.68	1.00000	4.1e+03	-3.61
gggagg	gggagg	0.0000000000000	0.0000945370291	0	0.89	1.00000	4.1e+03	-3.61
gggagt	gggagt	0.0001064962726	0.0000768322145	1	0.72	0.51397	2.1e+03	-3.32
gggata	gggata	0.0000000000000	0.0001493217386	0	1.40	1.00000	4.1e+03	-3.61
gggatc	gggatc	0.0000000000000	0.0000678127806	0	0.64	1.00000	4.1e+03	-3.61
gggatg	gggatg	0.0002129925453	0.0000925327105	2	0.87	0.21615	8.9e+02	-2.95
gggatt	gggatt	0.0000000000000	0.0001476514730	0	1.39	1.00000	4.1e+03	-3.61
gggcaa	gggcaa	0.0000000000000	0.0001443109420	0	1.36	1.00000	4.1e+03	-3.61
gggcac	gggcac	0.0000000000000	0.0000718214179	0	0.67	1.00000	4.1e+03	-3.61
gggcag	gggcag	0.0003194888179	0.0001052267285	3	0.99	0.07811	3.2e+02	-2.51
gggcat	gggcat	0.0000000000000	0.0001125758969	0	1.06	1.00000	4.1e+03	-3.61
gggcca	gggcca	0.0001064962726	0.0000775003207	1	0.73	0.51701	2.1e+03	-3.33
gggccc	gggccc	0.0001064962726	0.0000741597896	1	0.70	0.50162	2.1e+03	-3.31
gggccg	gggccg	0.0002129925453	0.0000497739129	2	0.47	0.08047	3.3e+02	-2.52
gggcct	gggcct	0.0001064962726	0.0000724895241	1	0.68	0.49374	2.0e+03	-3.31
gggcga	gggcga	0.0000000000000	0.0000614657716	0	0.58	1.00000	4.1e+03	-3.61
gggcgc	gggcgc	0.0000000000000	0.0000614657716	0	0.58	1.00000	4.1e+03	-3.61
gggcgg	gggcgg	0.0001064962726	0.0000868538077	1	0.82	0.55762	2.3e+03	-3.36
gggcgt	gggcgt	0.0000000000000	0.0000581252405	0	0.55	1.00000	4.1e+03	-3.61
gggcta	gggcta	0.0000000000000	0.0000915305512	0	0.86	1.00000	4.1e+03	-3.61
gggctc	gggctc	0.0001064962726	0.0000764981614	1	0.72	0.51244	2.1e+03	-3.32
gggctg	gggctg	0.0001064962726	0.0000768322145	1	0.72	0.51397	2.1e+03	-3.32
gggctt	gggctt	0.0000000000000	0.0001215953307	0	1.14	1.00000	4.1e+03	-3.61
ggggaa	ggggaa	0.0001064962726	0.0001870697396	1	1.76	0.82739	3.4e+03	-3.53
ggggac	ggggac	0.0001064962726	0.0000511101253	1	0.48	0.38118	1.6e+03	-3.19
ggggag	ggggag	0.0000000000000	0.0000915305512	0	0.86	1.00000	4.1e+03	-3.61
ggggat	ggggat	0.0000000000000	0.0000778343738	0	0.73	1.00000	4.1e+03	-3.61
ggggca	ggggca	0.0000000000000	0.0000871878608	0	0.82	1.00000	4.1e+03	-3.61
ggggcc	ggggcc	0.0001064962726	0.0000614657716	1	0.58	0.43852	1.8e+03	-3.25
ggggcg	ggggcg	0.0000000000000	0.0000651403558	0	0.61	1.00000	4.1e+03	-3.61
ggggct	ggggct	0.0001064962726	0.0000584592936	1	0.55	0.42244	1.7e+03	-3.24
ggggga	ggggga	0.0001064962726	0.0000828451704	1	0.78	0.54065	2.2e+03	-3.35
gggggc	gggggc	0.0000000000000	0.0000474355411	0	0.45	1.00000	4.1e+03	-3.61
gggggg	gggggg	0.0001064962726	0.0000785024800	1	0.74	0.52153	2.1e+03	-3.33
gggggt	gggggt	0.0001064962726	0.0000524463377	1	0.49	0.38889	1.6e+03	-3.20
ggggta	ggggta	0.0001064962726	0.0000875219139	1	0.82	0.56039	2.3e+03	-3.36
ggggtc	ggggtc	0.0001064962726	0.0000494398598	1	0.46	0.37139	1.5e+03	-3.18
ggggtg	ggggtg	0.0002129925453	0.0000731576303	2	0.69	0.15128	6.2e+02	-2.79
ggggtt	ggggtt	0.0000000000000	0.0000968754009	0	0.91	1.00000	4.1e+03	-3.61
gggtaa	gggtaa	0.0005324813632	0.0002812727156	5	2.64	0.12843	5.3e+02	-2.72
gggtac	gggtac	0.0001064962726	0.0000788365331	1	0.74	0.52303	2.1e+03	-3.33
gggtag	gggtag	0.0001064962726	0.0000918646043	1	0.86	0.57796	2.4e+03	-3.37
gggtat	gggtat	0.0000000000000	0.0001336212426	0	1.25	1.00000	4.1e+03	-3.61
gggtca	gggtca	0.0000000000000	0.0000771662676	0	0.72	1.00000	4.1e+03	-3.61
gggtcc	gggtcc	0.0003194888179	0.0000771662676	3	0.72	0.03720	1.5e+02	-2.18
gggtcg	gggtcg	0.0001064962726	0.0000354096293	1	0.33	0.28287	1.2e+03	-3.06
gggtct	gggtct	0.0001064962726	0.0000815089580	1	0.77	0.53485	2.2e+03	-3.34
gggtga	gggtga	0.0000000000000	0.0001319509770	0	1.24	1.00000	4.1e+03	-3.61
gggtgc	gggtgc	0.0001064962726	0.0000741597896	1	0.70	0.50162	2.1e+03	-3.31
gggtgg	gggtgg	0.0001064962726	0.0000821770642	1	0.77	0.53776	2.2e+03	-3.34
gggtgt	gggtgt	0.0001064962726	0.0001152483217	1	1.08	0.66117	2.7e+03	-3.43
gggtta	gggtta	0.0002129925453	0.0001242677556	2	1.17	0.32537	1.3e+03	-3.12
gggttc	gggttc	0.0001064962726	0.0000921986574	1	0.87	0.57928	2.4e+03	-3.38
gggttg	gggttg	0.0000000000000	0.0000905283918	0	0.85	1.00000	4.1e+03	-3.61
gggttt	gggttt	0.0001064962726	0.0001927486424	1	1.81	0.83636	3.4e+03	-3.53
ggtaaa	ggtaaa	0.0004259850905	0.0003657881515	4	3.43	0.44924	1.8e+03	-3.26
ggtaac	ggtaac	0.0002129925453	0.0001917464831	2	1.80	0.53733	2.2e+03	-3.34
ggtaag	ggtaag	0.0001064962726	0.0001653562877	1	1.55	0.78835	3.2e+03	-3.51
ggtaat	ggtaat	0.0004259850905	0.0002866175653	4	2.69	0.28399	1.2e+03	-3.07
ggtaca	ggtaca	0.0000000000000	0.0001369617736	0	1.29	1.00000	4.1e+03	-3.61
ggtacc	ggtacc	0.0001064962726	0.0000885240732	1	0.83	0.56451	2.3e+03	-3.36
ggtacg	ggtacg	0.0001064962726	0.0000785024800	1	0.74	0.52153	2.1e+03	-3.33
ggtact	ggtact	0.0001064962726	0.0001326190833	1	1.25	0.71217	2.9e+03	-3.46
ggtaga	ggtaga	0.0001064962726	0.0001409704109	1	1.32	0.73388	3.0e+03	-3.48
ggtagc	ggtagc	0.0003194888179	0.0001042245692	3	0.98	0.07641	3.1e+02	-2.50
ggtagg	ggtagg	0.0000000000000	0.0000845154359	0	0.79	1.00000	4.1e+03	-3.61
ggtagt	ggtagt	0.0002129925453	0.0001700330312	2	1.60	0.47399	1.9e+03	-3.29
ggtata	ggtata	0.0006389776358	0.0002769300252	6	2.60	0.04904	2.0e+02	-2.30
ggtatc	ggtatc	0.0001064962726	0.0001199250652	1	1.13	0.67573	2.8e+03	-3.44
ggtatg	ggtatg	0.0001064962726	0.0001346234019	1	1.26	0.71753	2.9e+03	-3.47
ggtatt	ggtatt	0.0002129925453	0.0002749257066	2	2.58	0.72907	3.0e+03	-3.48
ggtcaa	ggtcaa	0.0000000000000	0.0001309488177	0	1.23	1.00000	4.1e+03	-3.61
ggtcac	ggtcac	0.0004259850905	0.0000962072947	4	0.90	0.01362	5.6e+01	-1.75
ggtcag	ggtcag	0.0000000000000	0.0000654744089	0	0.61	1.00000	4.1e+03	-3.61
ggtcat	ggtcat	0.0001064962726	0.0001496557917	1	1.41	0.75472	3.1e+03	-3.49
ggtcca	ggtcca	0.0001064962726	0.0000828451704	1	0.78	0.54065	2.2e+03	-3.35
ggtccc	ggtccc	0.0003194888179	0.0000547847095	3	0.51	0.01550	6.3e+01	-1.80
ggtccg	ggtccg	0.0001064962726	0.0000577911874	1	0.54	0.41881	1.7e+03	-3.23
ggtcct	ggtcct	0.0000000000000	0.0000848494890	0	0.80	1.00000	4.1e+03	-3.61
ggtcga	ggtcga	0.0000000000000	0.0000537825501	0	0.51	1.00000	4.1e+03	-3.61
ggtcgc	ggtcgc	0.0001064962726	0.0000464333818	1	0.44	0.35339	1.4e+03	-3.16
ggtcgg	ggtcgg	0.0000000000000	0.0000424247445	0	0.40	1.00000	4.1e+03	-3.61
ggtcgt	ggtcgt	0.0001064962726	0.0000664765682	1	0.62	0.46433	1.9e+03	-3.28
ggtcta	ggtcta	0.0000000000000	0.0000775003207	0	0.73	1.00000	4.1e+03	-3.61
ggtctc	ggtctc	0.0001064962726	0.0000768322145	1	0.72	0.51397	2.1e+03	-3.32
ggtctg	ggtctg	0.0001064962726	0.0000761641083	1	0.72	0.51091	2.1e+03	-3.32
ggtctt	ggtctt	0.0001064962726	0.0001666925001	1	1.57	0.79099	3.2e+03	-3.51
ggtgaa	ggtgaa	0.0004259850905	0.0002428566084	4	2.28	0.19667	8.1e+02	-2.91
ggtgac	ggtgac	0.0001064962726	0.0001085672596	1	1.02	0.63923	2.6e+03	-3.42
ggtgag	ggtgag	0.0002129925453	0.0001078991534	2	1.01	0.26909	1.1e+03	-3.04
ggtgat	ggtgat	0.0003194888179	0.0001640200753	3	1.54	0.20129	8.2e+02	-2.92
ggtgca	ggtgca	0.0002129925453	0.0001396341985	2	1.31	0.37714	1.5e+03	-3.19
ggtgcc	ggtgcc	0.0001064962726	0.0000828451704	1	0.78	0.54065	2.2e+03	-3.35
ggtgcg	ggtgcg	0.0000000000000	0.0000694830461	0	0.65	1.00000	4.1e+03	-3.61
ggtgct	ggtgct	0.0000000000000	0.0001092353658	0	1.03	1.00000	4.1e+03	-3.61
ggtgga	ggtgga	0.0002129925453	0.0001152483217	2	1.08	0.29444	1.2e+03	-3.08
ggtggc	ggtggc	0.0001064962726	0.0000982116133	1	0.92	0.60238	2.5e+03	-3.39
ggtggg	ggtggg	0.0001064962726	0.0000721554710	1	0.68	0.49215	2.0e+03	-3.30
ggtggt	ggtggt	0.0001064962726	0.0001145802155	1	1.08	0.65903	2.7e+03	-3.43
ggtgta	ggtgta	0.0000000000000	0.0001603454911	0	1.51	1.00000	4.1e+03	-3.61
ggtgtc	ggtgtc	0.0001064962726	0.0000851835421	1	0.80	0.55063	2.3e+03	-3.35
ggtgtg	ggtgtg	0.0002129925453	0.0001202591183	2	1.13	0.31166	1.3e+03	-3.11
ggtgtt	ggtgtt	0.0000000000000	0.0002178026254	0	2.05	1.00000	4.1e+03	-3.61
ggttaa	ggttaa	0.0003194888179	0.0001967572797	3	1.85	0.28214	1.2e+03	-3.06
ggttac	ggttac	0.0002129925453	0.0001543325352	2	1.45	0.42504	1.7e+03	-3.24
ggttag	ggttag	0.0002129925453	0.0001296126053	2	1.22	0.34354	1.4e+03	-3.15
ggttat	ggttat	0.0003194888179	0.0002304966434	3	2.16	0.36772	1.5e+03	-3.18
ggttca	ggttca	0.0001064962726	0.0001416385171	1	1.33	0.73554	3.0e+03	-3.48
ggttcc	ggttcc	0.0000000000000	0.0000982116133	0	0.92	1.00000	4.1e+03	-3.61
ggttcg	ggttcg	0.0001064962726	0.0000771662676	1	0.72	0.51549	2.1e+03	-3.32
ggttct	ggttct	0.0002129925453	0.0001870697396	2	1.76	0.52414	2.1e+03	-3.33
ggttga	ggttga	0.0001064962726	0.0001573390131	1	1.48	0.77180	3.2e+03	-3.50
ggttgc	ggttgc	0.0000000000000	0.0001135780562	0	1.07	1.00000	4.1e+03	-3.61
ggttgg	ggttgg	0.0002129925453	0.0000988797195	2	0.93	0.23795	9.7e+02	-2.99
ggttgt	ggttgt	0.0001064962726	0.0001640200753	1	1.54	0.78568	3.2e+03	-3.51
ggttta	ggttta	0.0005324813632	0.0002328350152	5	2.19	0.07100	2.9e+02	-2.46
ggtttc	ggtttc	0.0004259850905	0.0001870697396	4	1.76	0.10182	4.2e+02	-2.62
ggtttg	ggtttg	0.0000000000000	0.0001880718989	0	1.77	1.00000	4.1e+03	-3.61
ggtttt	ggtttt	0.0002129925453	0.0004269198700	2	4.01	0.90911	3.7e+03	-3.57
gtaaaa	gtaaaa	0.0004259850905	0.0006761234874	4	6.35	0.87740	3.6e+03	-3.56
gtaaac	gtaaac	0.0004259850905	0.0003049904862	4	2.86	0.32229	1.3e+03	-3.12
gtaaag	gtaaag	0.0007454739084	0.0003751416385	7	3.52	0.06701	2.7e+02	-2.44
gtaaat	gtaaat	0.0004259850905	0.0005231271647	4	4.91	0.72250	3.0e+03	-3.47
gtaaca	gtaaca	0.0005324813632	0.0003133418138	5	2.94	0.17511	7.2e+02	-2.86
gtaacc	gtaacc	0.0001064962726	0.0001583411724	1	1.49	0.77394	3.2e+03	-3.50
gtaacg	gtaacg	0.0001064962726	0.0001556687476	1	1.46	0.76819	3.1e+03	-3.50
gtaact	gtaact	0.0003194888179	0.0002365095994	3	2.22	0.38287	1.6e+03	-3.20
gtaaga	gtaaga	0.0005324813632	0.0002786002908	5	2.62	0.12483	5.1e+02	-2.71
gtaagc	gtaagc	0.0000000000000	0.0001660243939	0	1.56	1.00000	4.1e+03	-3.61
gtaagg	gtaagg	0.0000000000000	0.0001643541284	0	1.54	1.00000	4.1e+03	-3.61
gtaagt	gtaagt	0.0001064962726	0.0002144620943	1	2.01	0.86655	3.5e+03	-3.55
gtaata	gtaata	0.0006389776358	0.0005942804763	6	5.58	0.48482	2.0e+03	-3.30
gtaatc	gtaatc	0.0001064962726	0.0001960891735	1	1.84	0.84141	3.4e+03	-3.54
gtaatg	gtaatg	0.0000000000000	0.0002702489631	0	2.54	1.00000	4.1e+03	-3.61
gtaatt	gtaatt	0.0003194888179	0.0004566505965	3	4.29	0.80119	3.3e+03	-3.52
gtacaa	gtacaa	0.0005324813632	0.0002779321845	5	2.61	0.12394	5.1e+02	-2.71
gtacac	gtacac	0.0002129925453	0.0001600114380	2	1.50	0.44303	1.8e+03	-3.26
gtacag	gtacag	0.0001064962726	0.0001476514730	1	1.39	0.75006	3.1e+03	-3.49
gtacat	gtacat	0.0004259850905	0.0003023180613	4	2.84	0.31669	1.3e+03	-3.11
gtacca	gtacca	0.0002129925453	0.0001423066233	2	1.34	0.38598	1.6e+03	-3.20
gtaccc	gtaccc	0.0000000000000	0.0000861857015	0	0.81	1.00000	4.1e+03	-3.61
gtaccg	gtaccg	0.0000000000000	0.0000748278958	0	0.70	1.00000	4.1e+03	-3.61
gtacct	gtacct	0.0001064962726	0.0001393001454	1	1.31	0.72967	3.0e+03	-3.48
gtacga	gtacga	0.0001064962726	0.0001386320392	1	1.30	0.72797	3.0e+03	-3.47
gtacgc	gtacgc	0.0002129925453	0.0000992137726	2	0.93	0.23910	9.8e+02	-2.99
gtacgg	gtacgg	0.0001064962726	0.0000978775602	1	0.92	0.60113	2.5e+03	-3.39
gtacgt	gtacgt	0.0003194888179	0.0001419725702	3	1.33	0.15057	6.2e+02	-2.79
gtacta	gtacta	0.0001064962726	0.0002365095994	1	2.22	0.89151	3.7e+03	-3.56
gtactc	gtactc	0.0000000000000	0.0001336212426	0	1.25	1.00000	4.1e+03	-3.61
gtactg	gtactg	0.0002129925453	0.0001753778809	2	1.65	0.49007	2.0e+03	-3.30
gtactt	gtactt	0.0002129925453	0.0003023180613	2	2.84	0.77549	3.2e+03	-3.50
gtagaa	gtagaa	0.0003194888179	0.0003591070894	3	3.37	0.65488	2.7e+03	-3.43
gtagac	gtagac	0.0000000000000	0.0000908624449	0	0.85	1.00000	4.1e+03	-3.61
gtagag	gtagag	0.0002129925453	0.0001476514730	2	1.39	0.40349	1.7e+03	-3.22
gtagat	gtagat	0.0003194888179	0.0002208091033	3	2.07	0.34318	1.4e+03	-3.15
gtagca	gtagca	0.0005324813632	0.0001994297045	5	1.87	0.04188	1.7e+02	-2.23
gtagcc	gtagcc	0.0002129925453	0.0000968754009	2	0.91	0.23105	9.5e+02	-2.98
gtagcg	gtagcg	0.0002129925453	0.0000968754009	2	0.91	0.23105	9.5e+02	-2.98
gtagct	gtagct	0.0000000000000	0.0001513260572	0	1.42	1.00000	4.1e+03	-3.61
gtagga	gtagga	0.0000000000000	0.0001519941634	0	1.43	1.00000	4.1e+03	-3.61
gtaggc	gtaggc	0.0001064962726	0.0000932008167	1	0.88	0.58322	2.4e+03	-3.38
gtaggg	gtaggg	0.0000000000000	0.0000945370291	0	0.89	1.00000	4.1e+03	-3.61
gtaggt	gtaggt	0.0001064962726	0.0001302807115	1	1.22	0.70578	2.9e+03	-3.46
gtagta	gtagta	0.0001064962726	0.0002792683970	1	2.62	0.92739	3.8e+03	-3.58
gtagtc	gtagtc	0.0001064962726	0.0001215953307	1	1.14	0.68077	2.8e+03	-3.45
gtagtg	gtagtg	0.0001064962726	0.0001777162526	1	1.67	0.81155	3.3e+03	-3.52
gtagtt	gtagtt	0.0004259850905	0.0002786002908	4	2.62	0.26748	1.1e+03	-3.04
gtataa	gtataa	0.0012779552716	0.0004853791636	12	4.56	0.00265	1.1e+01	-1.04
gtatac	gtatac	0.0003194888179	0.0003514238680	3	3.30	0.64059	2.6e+03	-3.42
gtatag	gtatag	0.0000000000000	0.0002147961474	0	2.02	1.00000	4.1e+03	-3.61
gtatat	gtatat	0.0007454739084	0.0008311241288	7	7.80	0.66223	2.7e+03	-3.43
gtatca	gtatca	0.0002129925453	0.0002398501304	2	2.25	0.65801	2.7e+03	-3.43
gtatcc	gtatcc	0.0002129925453	0.0001276082867	2	1.20	0.33674	1.4e+03	-3.14
gtatcg	gtatcg	0.0002129925453	0.0001065629410	2	1.00	0.26447	1.1e+03	-3.03
gtatct	gtatct	0.0000000000000	0.0002482014581	0	2.33	1.00000	4.1e+03	-3.61
gtatga	gtatga	0.0002129925453	0.0002067788729	2	1.94	0.57800	2.4e+03	-3.37
gtatgc	gtatgc	0.0002129925453	0.0001456471544	2	1.37	0.39695	1.6e+03	-3.21
gtatgg	gtatgg	0.0000000000000	0.0001366277205	0	1.28	1.00000	4.1e+03	-3.61
gtatgt	gtatgt	0.0003194888179	0.0002926305212	3	2.75	0.51804	2.1e+03	-3.33
gtatta	gtatta	0.0003194888179	0.0004205728610	3	3.95	0.75442	3.1e+03	-3.49
gtattc	gtattc	0.0002129925453	0.0002959710523	2	2.78	0.76540	3.1e+03	-3.50
gtattg	gtattg	0.0001064962726	0.0002836110874	1	2.66	0.93030	3.8e+03	-3.58
gtattt	gtattt	0.0004259850905	0.0006620932569	4	6.22	0.86722	3.6e+03	-3.55
gtcaaa	gtcaaa	0.0006389776358	0.0002999796896	6	2.82	0.06656	2.7e+02	-2.44
gtcaac	gtcaac	0.0002129925453	0.0001292785522	2	1.21	0.34240	1.4e+03	-3.15
gtcaag	gtcaag	0.0008519701810	0.0001740416684	8	1.63	0.00030	1.2e+00	-0.09
gtcaat	gtcaat	0.0003194888179	0.0002298285372	3	2.16	0.36603	1.5e+03	-3.18
gtcaca	gtcaca	0.0003194888179	0.0001757119340	3	1.65	0.22961	9.4e+02	-2.97
gtcacc	gtcacc	0.0002129925453	0.0001132440031	2	1.06	0.28754	1.2e+03	-3.07
gtcacg	gtcacg	0.0003194888179	0.0000905283918	3	0.85	0.05488	2.2e+02	-2.35
gtcact	gtcact	0.0001064962726	0.0001760459871	1	1.65	0.80857	3.3e+03	-3.52
gtcaga	gtcaga	0.0002129925453	0.0001185888528	2	1.11	0.30593	1.3e+03	-3.10
gtcagc	gtcagc	0.0000000000000	0.0000965413478	0	0.91	1.00000	4.1e+03	-3.61
gtcagg	gtcagg	0.0002129925453	0.0000691489930	2	0.65	0.13839	5.7e+02	-2.75
gtcagt	gtcagt	0.0001064962726	0.0001326190833	1	1.25	0.71217	2.9e+03	-3.46
gtcata	gtcata	0.0004259850905	0.0002331690683	4	2.19	0.17856	7.3e+02	-2.86
gtcatc	gtcatc	0.0004259850905	0.0002662403258	4	2.50	0.24241	9.9e+02	-3.00
gtcatg	gtcatg	0.0003194888179	0.0001256039680	3	1.18	0.11607	4.8e+02	-2.68
gtcatt	gtcatt	0.0001064962726	0.0002929645743	1	2.75	0.93616	3.8e+03	-3.58
gtccaa	gtccaa	0.0003194888179	0.0001349574550	3	1.27	0.13540	5.5e+02	-2.74
gtccac	gtccac	0.0001064962726	0.0000771662676	1	0.72	0.51549	2.1e+03	-3.32
gtccag	gtccag	0.0000000000000	0.0000544506563	0	0.51	1.00000	4.1e+03	-3.61
gtccat	gtccat	0.0000000000000	0.0001332871895	0	1.25	1.00000	4.1e+03	-3.61
gtccca	gtccca	0.0000000000000	0.0000711533117	0	0.67	1.00000	4.1e+03	-3.61
gtcccc	gtcccc	0.0000000000000	0.0000514441784	0	0.48	1.00000	4.1e+03	-3.61
gtcccg	gtcccg	0.0003194888179	0.0000397523197	3	0.37	0.00657	2.7e+01	-1.43
gtccct	gtccct	0.0003194888179	0.0001055607816	3	0.99	0.07868	3.2e+02	-2.51
gtccga	gtccga	0.0001064962726	0.0000621338778	1	0.58	0.44203	1.8e+03	-3.26
gtccgc	gtccgc	0.0001064962726	0.0000621338778	1	0.58	0.44203	1.8e+03	-3.26
gtccgg	gtccgg	0.0000000000000	0.0000511101253	0	0.48	1.00000	4.1e+03	-3.61
gtccgt	gtccgt	0.0002129925453	0.0000674787275	2	0.63	0.13309	5.5e+02	-2.74
gtccta	gtccta	0.0002129925453	0.0001052267285	2	0.99	0.25986	1.1e+03	-3.03
gtcctc	gtcctc	0.0000000000000	0.0000975435071	0	0.92	1.00000	4.1e+03	-3.61
gtcctg	gtcctg	0.0001064962726	0.0000895262325	1	0.84	0.56859	2.3e+03	-3.37
gtcctt	gtcctt	0.0001064962726	0.0002027702356	1	1.90	0.85106	3.5e+03	-3.54
gtcgaa	gtcgaa	0.0001064962726	0.0001242677556	1	1.17	0.68868	2.8e+03	-3.45
gtcgac	gtcgac	0.0000000000000	0.0000481036473	0	0.45	1.00000	4.1e+03	-3.61
gtcgag	gtcgag	0.0001064962726	0.0000601295592	1	0.56	0.43143	1.8e+03	-3.25
gtcgat	gtcgat	0.0003194888179	0.0001005499850	3	0.94	0.07031	2.9e+02	-2.46
gtcgca	gtcgca	0.0003194888179	0.0000911964981	3	0.86	0.05585	2.3e+02	-2.36
gtcgcc	gtcgcc	0.0001064962726	0.0000671446744	1	0.63	0.46768	1.9e+03	-3.28
gtcgcg	gtcgcg	0.0002129925453	0.0000501079660	2	0.47	0.08139	3.3e+02	-2.52
gtcgct	gtcgct	0.0001064962726	0.0000911964981	1	0.86	0.57530	2.4e+03	-3.37
gtcgga	gtcgga	0.0001064962726	0.0000594614529	1	0.56	0.42785	1.8e+03	-3.24
gtcggc	gtcggc	0.0000000000000	0.0000551187626	0	0.52	1.00000	4.1e+03	-3.61
gtcggg	gtcggg	0.0000000000000	0.0000450971694	0	0.42	1.00000	4.1e+03	-3.61
gtcggt	gtcggt	0.0001064962726	0.0000594614529	1	0.56	0.42785	1.8e+03	-3.24
gtcgta	gtcgta	0.0002129925453	0.0001028883568	2	0.97	0.25178	1.0e+03	-3.01
gtcgtc	gtcgtc	0.0001064962726	0.0000791705862	1	0.74	0.52453	2.1e+03	-3.33
gtcgtg	gtcgtg	0.0001064962726	0.0000731576303	1	0.69	0.49690	2.0e+03	-3.31
gtcgtt	gtcgtt	0.0005324813632	0.0001479855261	5	1.39	0.01384	5.7e+01	-1.75
gtctaa	gtctaa	0.0002129925453	0.0001486536324	2	1.40	0.40675	1.7e+03	-3.22
gtctac	gtctac	0.0000000000000	0.0000888581263	0	0.83	1.00000	4.1e+03	-3.61
gtctag	gtctag	0.0000000000000	0.0000825111173	0	0.77	1.00000	4.1e+03	-3.61
gtctat	gtctat	0.0002129925453	0.0001870697396	2	1.76	0.52414	2.1e+03	-3.33
gtctca	gtctca	0.0001064962726	0.0001356255612	1	1.27	0.72018	2.9e+03	-3.47
gtctcc	gtctcc	0.0001064962726	0.0000875219139	1	0.82	0.56039	2.3e+03	-3.36
gtctcg	gtctcg	0.0001064962726	0.0000691489930	1	0.65	0.47761	2.0e+03	-3.29
gtctct	gtctct	0.0003194888179	0.0001753778809	3	1.65	0.22879	9.4e+02	-2.97
gtctga	gtctga	0.0000000000000	0.0001062288878	0	1.00	1.00000	4.1e+03	-3.61
gtctgc	gtctgc	0.0000000000000	0.0000948710822	0	0.89	1.00000	4.1e+03	-3.61
gtctgg	gtctgg	0.0000000000000	0.0000718214179	0	0.67	1.00000	4.1e+03	-3.61
gtctgt	gtctgt	0.0003194888179	0.0001399682516	3	1.31	0.14618	6.0e+02	-2.78
gtctta	gtctta	0.0003194888179	0.0001840632616	3	1.73	0.25027	1.0e+03	-3.01
gtcttc	gtcttc	0.0002129925453	0.0002031042887	2	1.91	0.56831	2.3e+03	-3.37
gtcttg	gtcttg	0.0000000000000	0.0001763800402	0	1.66	1.00000	4.1e+03	-3.61
gtcttt	gtcttt	0.0001064962726	0.0003854972848	1	3.62	0.97323	4.0e+03	-3.60
gtgaaa	gtgaaa	0.0005324813632	0.0004957348099	5	4.65	0.49706	2.0e+03	-3.31
gtgaac	gtgaac	0.0003194888179	0.0001446449951	3	1.36	0.15649	6.4e+02	-2.81
gtgaag	gtgaag	0.0001064962726	0.0002071129260	1	1.94	0.85701	3.5e+03	-3.55
gtgaat	gtgaat	0.0005324813632	0.0002615635823	5	2.46	0.10301	4.2e+02	-2.63
gtgaca	gtgaca	0.0002129925453	0.0001927486424	2	1.81	0.54013	2.2e+03	-3.34
gtgacc	gtgacc	0.0003194888179	0.0000871878608	3	0.82	0.05014	2.1e+02	-2.31
gtgacg	gtgacg	0.0000000000000	0.0001052267285	0	0.99	1.00000	4.1e+03	-3.61
gtgact	gtgact	0.0003194888179	0.0001526622696	3	1.43	0.17464	7.2e+02	-2.85
gtgaga	gtgaga	0.0000000000000	0.0001803886775	0	1.69	1.00000	4.1e+03	-3.61
gtgagc	gtgagc	0.0002129925453	0.0001062288878	2	1.00	0.26332	1.1e+03	-3.03
gtgagg	gtgagg	0.0002129925453	0.0001028883568	2	0.97	0.25178	1.0e+03	-3.01
gtgagt	gtgagt	0.0002129925453	0.0001139121093	2	1.07	0.28984	1.2e+03	-3.07
gtgata	gtgata	0.0006389776358	0.0002786002908	6	2.62	0.05020	2.1e+02	-2.31
gtgatc	gtgatc	0.0003194888179	0.0001339552957	3	1.26	0.13328	5.5e+02	-2.74
gtgatg	gtgatg	0.0004259850905	0.0001920805362	4	1.80	0.10927	4.5e+02	-2.65
gtgatt	gtgatt	0.0004259850905	0.0002652381665	4	2.49	0.24040	9.8e+02	-2.99
gtgcaa	gtgcaa	0.0005324813632	0.0002308306965	5	2.17	0.06901	2.8e+02	-2.45
gtgcac	gtgcac	0.0004259850905	0.0001149142686	4	1.08	0.02421	9.9e+01	-2.00
gtgcag	gtgcag	0.0000000000000	0.0001322850301	0	1.24	1.00000	4.1e+03	-3.61
gtgcat	gtgcat	0.0002129925453	0.0001830611023	2	1.72	0.51263	2.1e+03	-3.32
gtgcca	gtgcca	0.0003194888179	0.0001349574550	3	1.27	0.13540	5.5e+02	-2.74
gtgccc	gtgccc	0.0000000000000	0.0000708192586	0	0.66	1.00000	4.1e+03	-3.61
gtgccg	gtgccg	0.0001064962726	0.0000711533117	1	0.67	0.48735	2.0e+03	-3.30
gtgcct	gtgcct	0.0000000000000	0.0001212612776	0	1.14	1.00000	4.1e+03	-3.61
gtgcga	gtgcga	0.0000000000000	0.0000855175952	0	0.80	1.00000	4.1e+03	-3.61
gtgcgc	gtgcgc	0.0001064962726	0.0000738257365	1	0.69	0.50005	2.0e+03	-3.31
gtgcgg	gtgcgg	0.0000000000000	0.0000932008167	0	0.88	1.00000	4.1e+03	-3.61
gtgcgt	gtgcgt	0.0000000000000	0.0001015521444	0	0.95	1.00000	4.1e+03	-3.61
gtgcta	gtgcta	0.0000000000000	0.0001486536324	0	1.40	1.00000	4.1e+03	-3.61
gtgctc	gtgctc	0.0001064962726	0.0001078991534	1	1.01	0.63695	2.6e+03	-3.42
gtgctg	gtgctg	0.0000000000000	0.0001372958267	0	1.29	1.00000	4.1e+03	-3.61
gtgctt	gtgctt	0.0001064962726	0.0002355074400	1	2.21	0.89048	3.6e+03	-3.56
gtggaa	gtggaa	0.0004259850905	0.0002608954761	4	2.45	0.23174	9.5e+02	-2.98
gtggac	gtggac	0.0001064962726	0.0000731576303	1	0.69	0.49690	2.0e+03	-3.31
gtggag	gtggag	0.0000000000000	0.0001048926754	0	0.98	1.00000	4.1e+03	-3.61
gtggat	gtggat	0.0002129925453	0.0001316169239	2	1.24	0.35031	1.4e+03	-3.16
gtggca	gtggca	0.0002129925453	0.0001650222346	2	1.55	0.45864	1.9e+03	-3.27
gtggcc	gtggcc	0.0000000000000	0.0000744938427	0	0.70	1.00000	4.1e+03	-3.61
gtggcg	gtggcg	0.0000000000000	0.0000801727455	0	0.75	1.00000	4.1e+03	-3.61
gtggct	gtggct	0.0005324813632	0.0001256039680	5	1.18	0.00722	3.0e+01	-1.47
gtggga	gtggga	0.0000000000000	0.0001125758969	0	1.06	1.00000	4.1e+03	-3.61
gtgggc	gtgggc	0.0001064962726	0.0000671446744	1	0.63	0.46768	1.9e+03	-3.28
gtgggg	gtgggg	0.0002129925453	0.0000801727455	2	0.75	0.17436	7.1e+02	-2.85
gtgggt	gtgggt	0.0001064962726	0.0000998818788	1	0.94	0.60857	2.5e+03	-3.40
gtggta	gtggta	0.0003194888179	0.0001636860221	3	1.54	0.20049	8.2e+02	-2.91
gtggtc	gtggtc	0.0000000000000	0.0000764981614	0	0.72	1.00000	4.1e+03	-3.61
gtggtg	gtggtg	0.0002129925453	0.0001369617736	2	1.29	0.36824	1.5e+03	-3.18
gtggtt	gtggtt	0.0003194888179	0.0001646881815	3	1.55	0.20288	8.3e+02	-2.92
gtgtaa	gtgtaa	0.0003194888179	0.0002645700603	3	2.48	0.45217	1.9e+03	-3.27
gtgtac	gtgtac	0.0001064962726	0.0001469833668	1	1.38	0.74849	3.1e+03	-3.49
gtgtag	gtgtag	0.0001064962726	0.0001623498097	1	1.52	0.78229	3.2e+03	-3.51
gtgtat	gtgtat	0.0001064962726	0.0003006477958	1	2.82	0.94060	3.9e+03	-3.59
gtgtca	gtgtca	0.0002129925453	0.0001686968187	2	1.58	0.46992	1.9e+03	-3.28
gtgtcc	gtgtcc	0.0000000000000	0.0000728235772	0	0.68	1.00000	4.1e+03	-3.61
gtgtcg	gtgtcg	0.0001064962726	0.0000721554710	1	0.68	0.49215	2.0e+03	-3.30
gtgtct	gtgtct	0.0001064962726	0.0001449790482	1	1.36	0.74371	3.0e+03	-3.48
gtgtga	gtgtga	0.0001064962726	0.0001666925001	1	1.57	0.79099	3.2e+03	-3.51
gtgtgc	gtgtgc	0.0001064962726	0.0001312828708	1	1.23	0.70853	2.9e+03	-3.46
gtgtgg	gtgtgg	0.0002129925453	0.0001182547997	2	1.11	0.30478	1.2e+03	-3.10
gtgtgt	gtgtgt	0.0003194888179	0.0002204750502	3	2.07	0.34234	1.4e+03	-3.15
gtgtta	gtgtta	0.0001064962726	0.0002538803609	1	2.38	0.90784	3.7e+03	-3.57
gtgttc	gtgttc	0.0000000000000	0.0001636860221	0	1.54	1.00000	4.1e+03	-3.61
gtgttg	gtgttg	0.0002129925453	0.0001964232266	2	1.84	0.55027	2.3e+03	-3.35
gtgttt	gtgttt	0.0004259850905	0.0003350552657	4	3.15	0.38548	1.6e+03	-3.20
gttaaa	gttaaa	0.0004259850905	0.0004412841536	4	4.14	0.59413	2.4e+03	-3.39
gttaac	gttaac	0.0001064962726	0.0002024361825	1	1.90	0.85059	3.5e+03	-3.54
gttaag	gttaag	0.0001064962726	0.0002304966434	1	2.16	0.88521	3.6e+03	-3.56
gttaat	gttaat	0.0005324813632	0.0003430725403	5	3.22	0.22319	9.1e+02	-2.96
gttaca	gttaca	0.0003194888179	0.0002328350152	3	2.19	0.37362	1.5e+03	-3.18
gttacc	gttacc	0.0001064962726	0.0001944189079	1	1.83	0.83891	3.4e+03	-3.54
gttacg	gttacg	0.0003194888179	0.0001252699149	3	1.18	0.11540	4.7e+02	-2.67
gttact	gttact	0.0003194888179	0.0003096672297	3	2.91	0.55587	2.3e+03	-3.36
gttaga	gttaga	0.0002129925453	0.0002428566084	2	2.28	0.66464	2.7e+03	-3.43
gttagc	gttagc	0.0000000000000	0.0001376298798	0	1.29	1.00000	4.1e+03	-3.61
gttagg	gttagg	0.0001064962726	0.0001115737375	1	1.05	0.64927	2.7e+03	-3.42
gttagt	gttagt	0.0007454739084	0.0002117896695	7	1.99	0.00439	1.8e+01	-1.26
gttata	gttata	0.0001064962726	0.0004315966135	1	4.05	0.98264	4.0e+03	-3.60
gttatc	gttatc	0.0002129925453	0.0002194728909	2	2.06	0.61024	2.5e+03	-3.40
gttatg	gttatg	0.0001064962726	0.0002181366785	1	2.05	0.87108	3.6e+03	-3.55
gttatt	gttatt	0.0006389776358	0.0005034180314	6	4.73	0.33626	1.4e+03	-3.14
gttcaa	gttcaa	0.0002129925453	0.0003053245393	2	2.87	0.78013	3.2e+03	-3.50
gttcac	gttcac	0.0002129925453	0.0001469833668	2	1.38	0.40131	1.6e+03	-3.22
gttcag	gttcag	0.0001064962726	0.0001737076153	1	1.63	0.80432	3.3e+03	-3.52
gttcat	gttcat	0.0004259850905	0.0002786002908	4	2.62	0.26748	1.1e+03	-3.04
gttcca	gttcca	0.0001064962726	0.0001626838628	1	1.53	0.78297	3.2e+03	-3.51
gttccc	gttccc	0.0000000000000	0.0001058948347	0	0.99	1.00000	4.1e+03	-3.61
gttccg	gttccg	0.0001064962726	0.0001012180912	1	0.95	0.61345	2.5e+03	-3.40
gttcct	gttcct	0.0001064962726	0.0002284923248	1	2.15	0.88302	3.6e+03	-3.56
gttcga	gttcga	0.0002129925453	0.0001339552957	2	1.26	0.35818	1.5e+03	-3.17
gttcgc	gttcgc	0.0000000000000	0.0000828451704	0	0.78	1.00000	4.1e+03	-3.61
gttcgg	gttcgg	0.0000000000000	0.0000805067986	0	0.76	1.00000	4.1e+03	-3.61
gttcgt	gttcgt	0.0002129925453	0.0001509920041	2	1.42	0.41431	1.7e+03	-3.23
gttcta	gttcta	0.0002129925453	0.0002171345192	2	2.04	0.60445	2.5e+03	-3.39
gttctc	gttctc	0.0004259850905	0.0002552165733	4	2.40	0.22053	9.0e+02	-2.96
gttctg	gttctg	0.0004259850905	0.0001820589430	4	1.71	0.09460	3.9e+02	-2.59
gttctt	gttctt	0.0005324813632	0.0004569846496	5	4.29	0.42785	1.8e+03	-3.24
gttgaa	gttgaa	0.0001064962726	0.0003768119040	1	3.54	0.97096	4.0e+03	-3.60
gttgac	gttgac	0.0001064962726	0.0001329531364	1	1.25	0.71307	2.9e+03	-3.47
gttgag	gttgag	0.0000000000000	0.0001643541284	0	1.54	1.00000	4.1e+03	-3.61
gttgat	gttgat	0.0004259850905	0.0003133418138	4	2.94	0.33984	1.4e+03	-3.14
gttgca	gttgca	0.0000000000000	0.0002147961474	0	2.02	1.00000	4.1e+03	-3.61
gttgcc	gttgcc	0.0000000000000	0.0001276082867	0	1.20	1.00000	4.1e+03	-3.61
gttgcg	gttgcg	0.0002129925453	0.0001028883568	2	0.97	0.25178	1.0e+03	-3.01
gttgct	gttgct	0.0001064962726	0.0002254858468	1	2.12	0.87967	3.6e+03	-3.56
gttgga	gttgga	0.0002129925453	0.0002151302005	2	2.02	0.59943	2.5e+03	-3.39
gttggc	gttggc	0.0004259850905	0.0001272742335	4	1.20	0.03334	1.4e+02	-2.14
gttggg	gttggg	0.0001064962726	0.0001112396844	1	1.04	0.64817	2.7e+03	-3.42
gttggt	gttggt	0.0001064962726	0.0001686968187	1	1.58	0.79489	3.3e+03	-3.51
gttgta	gttgta	0.0004259850905	0.0002712511224	4	2.55	0.25251	1.0e+03	-3.01
gttgtc	gttgtc	0.0000000000000	0.0001633519690	0	1.53	1.00000	4.1e+03	-3.61
gttgtg	gttgtg	0.0003194888179	0.0001713692436	3	1.61	0.21900	9.0e+02	-2.95
gttgtt	gttgtt	0.0001064962726	0.0003955188780	1	3.71	0.97564	4.0e+03	-3.60
gtttaa	gtttaa	0.0007454739084	0.0003998615684	7	3.75	0.08667	3.5e+02	-2.55
gtttac	gtttac	0.0003194888179	0.0003190207166	3	3.00	0.57586	2.4e+03	-3.37
gtttag	gtttag	0.0007454739084	0.0002488695643	7	2.34	0.01014	4.2e+01	-1.62
gtttat	gtttat	0.0005324813632	0.0005465108821	5	5.13	0.58236	2.4e+03	-3.38
gtttca	gtttca	0.0004259850905	0.0003764778509	4	3.54	0.47095	1.9e+03	-3.29
gtttcc	gtttcc	0.0002129925453	0.0002809386625	2	2.64	0.73991	3.0e+03	-3.48
gtttcg	gtttcg	0.0005324813632	0.0001757119340	5	1.65	0.02653	1.1e+02	-2.04
gtttct	gtttct	0.0006389776358	0.0004743554111	6	4.45	0.28924	1.2e+03	-3.07
gtttga	gtttga	0.0001064962726	0.0002896240433	1	2.72	0.93412	3.8e+03	-3.58
gtttgc	gtttgc	0.0004259850905	0.0002351733869	4	2.21	0.18226	7.5e+02	-2.87
gtttgg	gtttgg	0.0003194888179	0.0001920805362	3	1.80	0.27035	1.1e+03	-3.04
gtttgt	gtttgt	0.0003194888179	0.0003434065934	3	3.22	0.62525	2.6e+03	-3.41
gtttta	gtttta	0.0007454739084	0.0005772437679	7	5.42	0.30147	1.2e+03	-3.09
gttttc	gttttc	0.0005324813632	0.0005468449352	5	5.13	0.58290	2.4e+03	-3.38
gttttg	gttttg	0.0003194888179	0.0004379436225	3	4.11	0.77796	3.2e+03	-3.50
gttttt	gttttt	0.0007454739084	0.0010238727712	7	9.61	0.84373	3.5e+03	-3.54
taaaaa	taaaaa	0.0007454739084	0.0015556853166	7	14.61	0.99027	4.1e+03	-3.61
taaaac	taaaac	0.0002129925453	0.0005842588831	2	5.49	0.97315	4.0e+03	-3.60
taaaag	taaaag	0.0014909478168	0.0007776756318	14	7.30	0.01765	7.2e+01	-1.86
taaaat	taaaat	0.0008519701810	0.0009543897251	8	8.96	0.67171	2.8e+03	-3.44
taaaca	taaaca	0.0001064962726	0.0006056382820	1	5.69	0.99662	4.1e+03	-3.61
taaacc	taaacc	0.0001064962726	0.0002545484671	1	2.39	0.90842	3.7e+03	-3.57
taaacg	taaacg	0.0000000000000	0.0002832770342	0	2.66	1.00000	4.1e+03	-3.61
taaact	taaact	0.0010649627263	0.0004339349852	10	4.07	0.00915	3.7e+01	-1.57
taaaga	taaaga	0.0008519701810	0.0006226749904	8	5.85	0.23518	9.6e+02	-2.98
taaagc	taaagc	0.0003194888179	0.0003263698850	3	3.06	0.59117	2.4e+03	-3.38
taaagg	taaagg	0.0006389776358	0.0004078788429	6	3.83	0.18886	7.7e+02	-2.89
taaagt	taaagt	0.0003194888179	0.0004713489332	3	4.43	0.81799	3.4e+03	-3.53
taaata	taaata	0.0009584664537	0.0011508129516	9	10.81	0.75050	3.1e+03	-3.49
taaatc	taaatc	0.0005324813632	0.0003898399752	5	3.66	0.30517	1.2e+03	-3.10
taaatg	taaatg	0.0002129925453	0.0004312625604	2	4.05	0.91203	3.7e+03	-3.57
taaatt	taaatt	0.0003194888179	0.0007335806217	3	6.89	0.96781	4.0e+03	-3.60
taacaa	taacaa	0.0006389776358	0.0006089788130	6	5.72	0.50812	2.1e+03	-3.32
taacac	taacac	0.0003194888179	0.0002438587677	3	2.29	0.40127	1.6e+03	-3.22
taacag	taacag	0.0005324813632	0.0002912943088	5	2.74	0.14235	5.8e+02	-2.77
taacat	taacat	0.0007454739084	0.0004269198700	7	4.01	0.11155	4.6e+02	-2.66
taacca	taacca	0.0002129925453	0.0002508738829	2	2.36	0.68183	2.8e+03	-3.45
taaccc	taaccc	0.0000000000000	0.0001276082867	0	1.20	1.00000	4.1e+03	-3.61
taaccg	taaccg	0.0001064962726	0.0001199250652	1	1.13	0.67573	2.8e+03	-3.44
taacct	taacct	0.0003194888179	0.0002341712276	3	2.20	0.37699	1.5e+03	-3.19
taacga	taacga	0.0001064962726	0.0002411863428	1	2.26	0.89617	3.7e+03	-3.56
taacgc	taacgc	0.0001064962726	0.0001519941634	1	1.43	0.76005	3.1e+03	-3.49
taacgg	taacgg	0.0000000000000	0.0001336212426	0	1.25	1.00000	4.1e+03	-3.61
taacgt	taacgt	0.0002129925453	0.0002184707316	2	2.05	0.60777	2.5e+03	-3.40
taacta	taacta	0.0002129925453	0.0003888378159	2	3.65	0.87930	3.6e+03	-3.56
taactc	taactc	0.0003194888179	0.0001927486424	3	1.81	0.27203	1.1e+03	-3.05
taactg	taactg	0.0001064962726	0.0002365095994	1	2.22	0.89151	3.7e+03	-3.56
taactt	taactt	0.0003194888179	0.0004539781716	3	4.26	0.79801	3.3e+03	-3.51
taagaa	taagaa	0.0010649627263	0.0006524057169	10	6.13	0.09281	3.8e+02	-2.58
taagac	taagac	0.0000000000000	0.0001950870142	0	1.83	1.00000	4.1e+03	-3.61
taagag	taagag	0.0004259850905	0.0002742576004	4	2.58	0.25862	1.1e+03	-3.03
taagat	taagat	0.0006389776358	0.0003761437978	6	3.53	0.14661	6.0e+02	-2.78
taagca	taagca	0.0003194888179	0.0003363914782	3	3.16	0.61145	2.5e+03	-3.40
taagcc	taagcc	0.0001064962726	0.0001446449951	1	1.36	0.74291	3.0e+03	-3.48
taagcg	taagcg	0.0001064962726	0.0001429747296	1	1.34	0.73884	3.0e+03	-3.48
taagct	taagct	0.0002129925453	0.0002318328559	2	2.18	0.63980	2.6e+03	-3.42
taagga	taagga	0.0000000000000	0.0003039883268	0	2.85	1.00000	4.1e+03	-3.61
taaggc	taaggc	0.0002129925453	0.0001566709069	2	1.47	0.43248	1.8e+03	-3.25
taaggg	taaggg	0.0001064962726	0.0002094512977	1	1.97	0.86012	3.5e+03	-3.55
taaggt	taaggt	0.0003194888179	0.0002271561124	3	2.13	0.35927	1.5e+03	-3.17
taagta	taagta	0.0003194888179	0.0004138917989	3	3.89	0.74484	3.1e+03	-3.48
taagtc	taagtc	0.0003194888179	0.0001406363578	3	1.32	0.14764	6.0e+02	-2.78
taagtg	taagtg	0.0003194888179	0.0002425225553	3	2.28	0.39794	1.6e+03	-3.21
taagtt	taagtt	0.0002129925453	0.0003591070894	2	3.37	0.85000	3.5e+03	-3.54
taataa	taataa	0.0010649627263	0.0011367827212	10	10.67	0.62324	2.6e+03	-3.41
taatac	taatac	0.0002129925453	0.0004439565784	2	4.17	0.92008	3.8e+03	-3.58
taatag	taatag	0.0005324813632	0.0005111012528	5	4.80	0.52364	2.1e+03	-3.33
taatat	taatat	0.0007454739084	0.0012864385128	7	12.08	0.95626	3.9e+03	-3.59
taatca	taatca	0.0006389776358	0.0004329328259	6	4.07	0.22512	9.2e+02	-2.96
taatcc	taatcc	0.0002129925453	0.0001773821995	2	1.67	0.49602	2.0e+03	-3.31
taatcg	taatcg	0.0001064962726	0.0002064448198	1	1.94	0.85611	3.5e+03	-3.54
taatct	taatct	0.0003194888179	0.0003577708770	3	3.36	0.65242	2.7e+03	-3.43
taatga	taatga	0.0002129925453	0.0004623294993	2	4.34	0.93050	3.8e+03	-3.58
taatgc	taatgc	0.0005324813632	0.0002502057767	5	2.35	0.08961	3.7e+02	-2.56
taatgg	taatgg	0.0000000000000	0.0002385139180	0	2.24	1.00000	4.1e+03	-3.61
taatgt	taatgt	0.0002129925453	0.0004292582418	2	4.03	0.91069	3.7e+03	-3.57
taatta	taatta	0.0005324813632	0.0007723307821	5	7.25	0.84890	3.5e+03	-3.54
taattc	taattc	0.0001064962726	0.0003707989481	1	3.48	0.96927	4.0e+03	-3.60
taattg	taattg	0.0003194888179	0.0004847110574	3	4.55	0.83219	3.4e+03	-3.53
taattt	taattt	0.0014909478168	0.0009617388934	14	9.03	0.07531	3.1e+02	-2.49
tacaaa	tacaaa	0.0006389776358	0.0005799161928	6	5.45	0.46172	1.9e+03	-3.28
tacaac	tacaac	0.0007454739084	0.0002809386625	7	2.64	0.01840	7.5e+01	-1.88
tacaag	tacaag	0.0001064962726	0.0003136758669	1	2.95	0.94744	3.9e+03	-3.59
tacaat	tacaat	0.0006389776358	0.0004696786676	6	4.41	0.28180	1.2e+03	-3.06
tacaca	tacaca	0.0006389776358	0.0003587730363	6	3.37	0.12552	5.1e+02	-2.71
tacacc	tacacc	0.0002129925453	0.0001777162526	2	1.67	0.49701	2.0e+03	-3.31
tacacg	tacacg	0.0000000000000	0.0001332871895	0	1.25	1.00000	4.1e+03	-3.61
tacact	tacact	0.0002129925453	0.0002542144140	2	2.39	0.68877	2.8e+03	-3.45
tacaga	tacaga	0.0002129925453	0.0002912943088	2	2.74	0.75771	3.1e+03	-3.49
tacagc	tacagc	0.0002129925453	0.0001887400051	2	1.77	0.52888	2.2e+03	-3.34
tacagg	tacagg	0.0002129925453	0.0001553346945	2	1.46	0.42823	1.8e+03	-3.24
tacagt	tacagt	0.0003194888179	0.0002779321845	3	2.61	0.48404	2.0e+03	-3.30
tacata	tacata	0.0008519701810	0.0007365870997	8	6.92	0.38885	1.6e+03	-3.20
tacatc	tacatc	0.0000000000000	0.0002745916535	0	2.58	1.00000	4.1e+03	-3.61
tacatg	tacatg	0.0003194888179	0.0002111215633	3	1.98	0.31857	1.3e+03	-3.12
tacatt	tacatt	0.0011714589989	0.0005678902809	11	5.33	0.02076	8.5e+01	-1.93
taccaa	taccaa	0.0006389776358	0.0003163482918	6	2.97	0.08094	3.3e+02	-2.52
taccac	taccac	0.0004259850905	0.0001910783769	4	1.79	0.10776	4.4e+02	-2.64
taccag	taccag	0.0000000000000	0.0001550006414	0	1.46	1.00000	4.1e+03	-3.61
taccat	taccat	0.0001064962726	0.0002739235473	1	2.57	0.92366	3.8e+03	-3.58
taccca	taccca	0.0000000000000	0.0001519941634	0	1.43	1.00000	4.1e+03	-3.61
tacccc	tacccc	0.0002129925453	0.0001075651003	2	1.01	0.26793	1.1e+03	-3.04
tacccg	tacccg	0.0001064962726	0.0001920805362	1	1.80	0.83533	3.4e+03	-3.53
taccct	taccct	0.0001064962726	0.0002087831915	1	1.96	0.85924	3.5e+03	-3.55
taccga	taccga	0.0000000000000	0.0001282763929	0	1.20	1.00000	4.1e+03	-3.61
taccgc	taccgc	0.0001064962726	0.0001102375251	1	1.04	0.64484	2.6e+03	-3.42
taccgg	taccgg	0.0001064962726	0.0000861857015	1	0.81	0.55484	2.3e+03	-3.36
taccgt	taccgt	0.0000000000000	0.0001593433318	0	1.50	1.00000	4.1e+03	-3.61
taccta	taccta	0.0001064962726	0.0002568868388	1	2.41	0.91041	3.7e+03	-3.57
tacctc	tacctc	0.0000000000000	0.0001733735622	0	1.63	1.00000	4.1e+03	-3.61
tacctg	tacctg	0.0002129925453	0.0001396341985	2	1.31	0.37714	1.5e+03	-3.19
tacctt	tacctt	0.0003194888179	0.0003206909822	3	3.01	0.57937	2.4e+03	-3.38
tacgaa	tacgaa	0.0003194888179	0.0002705830162	3	2.54	0.46662	1.9e+03	-3.28
tacgac	tacgac	0.0002129925453	0.0001072310472	2	1.01	0.26678	1.1e+03	-3.04
tacgag	tacgag	0.0001064962726	0.0001246018087	1	1.17	0.68966	2.8e+03	-3.45
tacgat	tacgat	0.0002129925453	0.0002041064480	2	1.92	0.57096	2.3e+03	-3.37
tacgca	tacgca	0.0000000000000	0.0001773821995	0	1.67	1.00000	4.1e+03	-3.61
tacgcc	tacgcc	0.0001064962726	0.0000911964981	1	0.86	0.57530	2.4e+03	-3.37
tacgcg	tacgcg	0.0001064962726	0.0000845154359	1	0.79	0.54780	2.2e+03	-3.35
tacgct	tacgct	0.0001064962726	0.0001670265532	1	1.57	0.79164	3.2e+03	-3.51
tacgga	tacgga	0.0002129925453	0.0001449790482	2	1.36	0.39476	1.6e+03	-3.21
tacggc	tacggc	0.0001064962726	0.0001025543037	1	0.96	0.61827	2.5e+03	-3.40
tacggg	tacggg	0.0001064962726	0.0000851835421	1	0.80	0.55063	2.3e+03	-3.35
tacggt	tacggt	0.0001064962726	0.0001793865182	1	1.68	0.81448	3.3e+03	-3.52
tacgta	tacgta	0.0005324813632	0.0003273720443	5	3.07	0.19730	8.1e+02	-2.91
tacgtc	tacgtc	0.0003194888179	0.0001279423398	3	1.20	0.12080	4.9e+02	-2.69
tacgtg	tacgtg	0.0001064962726	0.0001349574550	1	1.27	0.71842	2.9e+03	-3.47
tacgtt	tacgtt	0.0004259850905	0.0002572208919	4	2.42	0.22447	9.2e+02	-2.96
tactaa	tactaa	0.0001064962726	0.0004616613931	1	4.34	0.98691	4.0e+03	-3.61
tactac	tactac	0.0004259850905	0.0003200228760	4	3.01	0.35389	1.4e+03	-3.16
tactag	tactag	0.0006389776358	0.0002922964681	6	2.74	0.06036	2.5e+02	-2.39
tactat	tactat	0.0003194888179	0.0005338168641	3	5.01	0.87647	3.6e+03	-3.56
tactca	tactca	0.0003194888179	0.0002575549451	3	2.42	0.43512	1.8e+03	-3.25
tactcc	tactcc	0.0001064962726	0.0001503238979	1	1.41	0.75626	3.1e+03	-3.49
tactcg	tactcg	0.0001064962726	0.0001142461624	1	1.07	0.65796	2.7e+03	-3.43
tactct	tactct	0.0003194888179	0.0002916283619	3	2.74	0.51576	2.1e+03	-3.32
tactga	tactga	0.0002129925453	0.0002889559371	2	2.71	0.75379	3.1e+03	-3.49
tactgc	tactgc	0.0001064962726	0.0002294944841	1	2.15	0.88412	3.6e+03	-3.56
tactgg	tactgg	0.0000000000000	0.0001583411724	0	1.49	1.00000	4.1e+03	-3.61
tactgt	tactgt	0.0005324813632	0.0003383957968	5	3.18	0.21537	8.8e+02	-2.95
tactta	tactta	0.0004259850905	0.0003905080814	4	3.67	0.49894	2.0e+03	-3.31
tacttc	tacttc	0.0004259850905	0.0003891718690	4	3.65	0.49630	2.0e+03	-3.31
tacttg	tacttg	0.0001064962726	0.0002989775303	1	2.81	0.93966	3.8e+03	-3.59
tacttt	tacttt	0.0003194888179	0.0007436022149	3	6.98	0.97001	4.0e+03	-3.60
tagaaa	tagaaa	0.0007454739084	0.0007242271347	7	6.80	0.52020	2.1e+03	-3.33
tagaac	tagaac	0.0002129925453	0.0002525441485	2	2.37	0.68532	2.8e+03	-3.45
tagaag	tagaag	0.0003194888179	0.0003971891435	3	3.73	0.71960	2.9e+03	-3.47
tagaat	tagaat	0.0004259850905	0.0004189025955	4	3.93	0.55347	2.3e+03	-3.36
tagaca	tagaca	0.0002129925453	0.0001950870142	2	1.83	0.54660	2.2e+03	-3.35
tagacc	tagacc	0.0001064962726	0.0000861857015	1	0.81	0.55484	2.3e+03	-3.36
tagacg	tagacg	0.0001064962726	0.0001132440031	1	1.06	0.65473	2.7e+03	-3.43
tagact	tagact	0.0001064962726	0.0001449790482	1	1.36	0.74371	3.0e+03	-3.48
tagaga	tagaga	0.0002129925453	0.0002789343439	2	2.62	0.73634	3.0e+03	-3.48
tagagc	tagagc	0.0002129925453	0.0001439768889	2	1.35	0.39147	1.6e+03	-3.21
tagagg	tagagg	0.0001064962726	0.0001884059520	1	1.77	0.82955	3.4e+03	-3.53
tagagt	tagagt	0.0003194888179	0.0001900762176	3	1.78	0.26531	1.1e+03	-3.04
tagata	tagata	0.0004259850905	0.0004052064181	4	3.80	0.52755	2.2e+03	-3.33
tagatc	tagatc	0.0001064962726	0.0001723714029	1	1.62	0.80185	3.3e+03	-3.52
tagatg	tagatg	0.0006389776358	0.0002408522897	6	2.26	0.02794	1.1e+02	-2.06
tagatt	tagatt	0.0002129925453	0.0003447428058	2	3.24	0.83363	3.4e+03	-3.53
tagcaa	tagcaa	0.0004259850905	0.0003504217086	4	3.29	0.41756	1.7e+03	-3.23
tagcac	tagcac	0.0001064962726	0.0001750438278	1	1.64	0.80676	3.3e+03	-3.52
tagcag	tagcag	0.0001064962726	0.0002057767136	1	1.93	0.85521	3.5e+03	-3.54
tagcat	tagcat	0.0003194888179	0.0002872856715	3	2.70	0.50582	2.1e+03	-3.32
tagcca	tagcca	0.0003194888179	0.0001673606063	3	1.57	0.20930	8.6e+02	-2.93
tagccc	tagccc	0.0001064962726	0.0000928667636	1	0.87	0.58191	2.4e+03	-3.38
tagccg	tagccg	0.0001064962726	0.0001132440031	1	1.06	0.65473	2.7e+03	-3.43
tagcct	tagcct	0.0000000000000	0.0001877378458	0	1.76	1.00000	4.1e+03	-3.61
tagcga	tagcga	0.0001064962726	0.0001483195793	1	1.39	0.75163	3.1e+03	-3.49
tagcgc	tagcgc	0.0003194888179	0.0001139121093	3	1.07	0.09354	3.8e+02	-2.58
tagcgg	tagcgg	0.0002129925453	0.0001072310472	2	1.01	0.26678	1.1e+03	-3.04
tagcgt	tagcgt	0.0001064962726	0.0001409704109	1	1.32	0.73388	3.0e+03	-3.48
tagcta	tagcta	0.0002129925453	0.0002081150853	2	1.95	0.58148	2.4e+03	-3.38
tagctc	tagctc	0.0002129925453	0.0001372958267	2	1.29	0.36936	1.5e+03	-3.18
tagctg	tagctg	0.0002129925453	0.0001560028007	2	1.46	0.43036	1.8e+03	-3.25
tagctt	tagctt	0.0003194888179	0.0002999796896	3	2.82	0.53457	2.2e+03	-3.34
taggaa	taggaa	0.0001064962726	0.0003387298499	1	3.18	0.95846	3.9e+03	-3.59
taggac	taggac	0.0001064962726	0.0001065629410	1	1.00	0.63237	2.6e+03	-3.41
taggag	taggag	0.0000000000000	0.0001332871895	0	1.25	1.00000	4.1e+03	-3.61
taggat	taggat	0.0001064962726	0.0002518760422	1	2.37	0.90609	3.7e+03	-3.57
taggca	taggca	0.0000000000000	0.0001636860221	0	1.54	1.00000	4.1e+03	-3.61
taggcc	taggcc	0.0001064962726	0.0000848494890	1	0.80	0.54922	2.2e+03	-3.35
taggcg	taggcg	0.0000000000000	0.0000868538077	0	0.82	1.00000	4.1e+03	-3.61
taggct	taggct	0.0001064962726	0.0001169185872	1	1.10	0.66644	2.7e+03	-3.44
taggga	taggga	0.0000000000000	0.0001413044640	0	1.33	1.00000	4.1e+03	-3.61
tagggc	tagggc	0.0000000000000	0.0000932008167	0	0.88	1.00000	4.1e+03	-3.61
tagggg	tagggg	0.0000000000000	0.0000875219139	0	0.82	1.00000	4.1e+03	-3.61
tagggt	tagggt	0.0001064962726	0.0001319509770	1	1.24	0.71036	2.9e+03	-3.46
taggta	taggta	0.0003194888179	0.0002194728909	3	2.06	0.33979	1.4e+03	-3.14
taggtc	taggtc	0.0001064962726	0.0000898602856	1	0.84	0.56994	2.3e+03	-3.37
taggtg	taggtg	0.0003194888179	0.0001312828708	3	1.23	0.12768	5.2e+02	-2.72
taggtt	taggtt	0.0001064962726	0.0001990956514	1	1.87	0.84583	3.5e+03	-3.54
tagtaa	tagtaa	0.0005324813632	0.0004766937829	5	4.48	0.46339	1.9e+03	-3.28
tagtac	tagtac	0.0004259850905	0.0002294944841	4	2.15	0.17184	7.0e+02	-2.85
tagtag	tagtag	0.0003194888179	0.0002929645743	3	2.75	0.51880	2.1e+03	-3.33
tagtat	tagtat	0.0003194888179	0.0005682243340	3	5.34	0.90098	3.7e+03	-3.57
tagtca	tagtca	0.0009584664537	0.0002448609270	9	2.30	0.00064	2.6e+00	-0.42
tagtcc	tagtcc	0.0000000000000	0.0001002159319	0	0.94	1.00000	4.1e+03	-3.61
tagtcg	tagtcg	0.0001064962726	0.0000968754009	1	0.91	0.59736	2.4e+03	-3.39
tagtct	tagtct	0.0004259850905	0.0001777162526	4	1.67	0.08855	3.6e+02	-2.56
tagtga	tagtga	0.0001064962726	0.0002839451405	1	2.67	0.93051	3.8e+03	-3.58
tagtgc	tagtgc	0.0001064962726	0.0001636860221	1	1.54	0.78500	3.2e+03	-3.51
tagtgg	tagtgg	0.0003194888179	0.0001867356865	3	1.75	0.25694	1.1e+03	-3.02
tagtgt	tagtgt	0.0000000000000	0.0002395160773	0	2.25	1.00000	4.1e+03	-3.61
tagtta	tagtta	0.0007454739084	0.0003654540984	7	3.43	0.06011	2.5e+02	-2.39
tagttc	tagttc	0.0002129925453	0.0002572208919	2	2.42	0.69492	2.8e+03	-3.45
tagttg	tagttg	0.0002129925453	0.0002989775303	2	2.81	0.77022	3.2e+03	-3.50
tagttt	tagttt	0.0008519701810	0.0005448406166	8	5.12	0.14571	6.0e+02	-2.78
tataaa	tataaa	0.0014909478168	0.0012760828665	14	11.98	0.31654	1.3e+03	-3.11
tataac	tataac	0.0005324813632	0.0004616613931	5	4.34	0.43633	1.8e+03	-3.25
tataag	tataag	0.0008519701810	0.0004877175354	8	4.58	0.09324	3.8e+02	-2.58
tataat	tataat	0.0010649627263	0.0009747669646	10	9.15	0.43276	1.8e+03	-3.25
tataca	tataca	0.0008519701810	0.0006714467439	8	6.30	0.29892	1.2e+03	-3.09
tatacc	tatacc	0.0003194888179	0.0003066607517	3	2.88	0.54932	2.3e+03	-3.35
tatacg	tatacg	0.0006389776358	0.0003540962928	6	3.32	0.12011	4.9e+02	-2.69
tatact	tatact	0.0007454739084	0.0005388276607	7	5.06	0.24654	1.0e+03	-3.00
tataga	tataga	0.0003194888179	0.0005264676957	3	4.94	0.87058	3.6e+03	-3.55
tatagc	tatagc	0.0002129925453	0.0003029861675	2	2.85	0.77653	3.2e+03	-3.50
tatagg	tatagg	0.0000000000000	0.0002241496344	0	2.10	1.00000	4.1e+03	-3.61
tatagt	tatagt	0.0003194888179	0.0004312625604	3	4.05	0.76913	3.2e+03	-3.50
tatata	tatata	0.0068157614483	0.0025852369906	64	24.28	1.5e-11	6.0e-08	7.22
tatatc	tatatc	0.0003194888179	0.0005648838030	3	5.30	0.89881	3.7e+03	-3.57
tatatg	tatatg	0.0008519701810	0.0006250133621	8	5.87	0.23813	9.8e+02	-2.99
tatatt	tatatt	0.0009584664537	0.0013602642494	9	12.77	0.88956	3.6e+03	-3.56
tatcaa	tatcaa	0.0005324813632	0.0006403798050	5	6.01	0.71679	2.9e+03	-3.47
tatcac	tatcac	0.0001064962726	0.0003059926455	1	2.87	0.94351	3.9e+03	-3.59
tatcag	tatcag	0.0001064962726	0.0002729213880	1	2.56	0.92293	3.8e+03	-3.58
tatcat	tatcat	0.0009584664537	0.0006113171848	9	5.74	0.12707	5.2e+02	-2.72
tatcca	tatcca	0.0003194888179	0.0002542144140	3	2.39	0.42692	1.7e+03	-3.24
tatccc	tatccc	0.0002129925453	0.0001630179159	2	1.53	0.45242	1.9e+03	-3.27
tatccg	tatccg	0.0001064962726	0.0001246018087	1	1.17	0.68966	2.8e+03	-3.45
tatcct	tatcct	0.0001064962726	0.0003280401505	1	3.08	0.95408	3.9e+03	-3.59
tatcga	tatcga	0.0003194888179	0.0002047745542	3	1.92	0.30245	1.2e+03	-3.09
tatcgc	tatcgc	0.0000000000000	0.0001636860221	0	1.54	1.00000	4.1e+03	-3.61
tatcgg	tatcgg	0.0002129925453	0.0001152483217	2	1.08	0.29444	1.2e+03	-3.08
tatcgt	tatcgt	0.0002129925453	0.0002565527857	2	2.41	0.69356	2.8e+03	-3.45
tatcta	tatcta	0.0008519701810	0.0003965210373	8	3.72	0.03631	1.5e+02	-2.17
tatctc	tatctc	0.0001064962726	0.0003360574251	1	3.16	0.95741	3.9e+03	-3.59
tatctg	tatctg	0.0002129925453	0.0002732554411	2	2.57	0.72600	3.0e+03	-3.47
tatctt	tatctt	0.0004259850905	0.0006012955916	4	5.65	0.81441	3.3e+03	-3.52
tatgaa	tatgaa	0.0004259850905	0.0004516397999	4	4.24	0.61218	2.5e+03	-3.40
tatgac	tatgac	0.0003194888179	0.0001990956514	3	1.87	0.28805	1.2e+03	-3.07
tatgag	tatgag	0.0000000000000	0.0002101194039	0	1.97	1.00000	4.1e+03	-3.61
tatgat	tatgat	0.0003194888179	0.0003901740283	3	3.66	0.70843	2.9e+03	-3.46
tatgca	tatgca	0.0004259850905	0.0002819408218	4	2.65	0.27434	1.1e+03	-3.05
tatgcc	tatgcc	0.0001064962726	0.0001466493137	1	1.38	0.74770	3.1e+03	-3.49
tatgcg	tatgcg	0.0002129925453	0.0001376298798	2	1.29	0.37047	1.5e+03	-3.18
tatgct	tatgct	0.0004259850905	0.0002555506264	4	2.40	0.22118	9.1e+02	-2.96
tatgga	tatgga	0.0002129925453	0.0002438587677	2	2.29	0.66683	2.7e+03	-3.44
tatggc	tatggc	0.0001064962726	0.0001553346945	1	1.46	0.76746	3.1e+03	-3.50
tatggg	tatggg	0.0001064962726	0.0001386320392	1	1.30	0.72797	3.0e+03	-3.47
tatggt	tatggt	0.0001064962726	0.0002157983068	1	2.03	0.86821	3.6e+03	-3.55
tatgta	tatgta	0.0006389776358	0.0006400457519	6	6.01	0.55598	2.3e+03	-3.36
tatgtc	tatgtc	0.0000000000000	0.0002198069440	0	2.06	1.00000	4.1e+03	-3.61
tatgtg	tatgtg	0.0004259850905	0.0002889559371	4	2.71	0.28883	1.2e+03	-3.07
tatgtt	tatgtt	0.0004259850905	0.0004486333219	4	4.21	0.60699	2.5e+03	-3.40
tattaa	tattaa	0.0005324813632	0.0008043998803	5	7.55	0.87188	3.6e+03	-3.55
tattac	tattac	0.0005324813632	0.0005729010775	5	5.38	0.62347	2.6e+03	-3.41
tattag	tattag	0.0003194888179	0.0004329328259	3	4.07	0.77136	3.2e+03	-3.50
tattat	tattat	0.0011714589989	0.0013372145850	11	12.56	0.70846	2.9e+03	-3.46
tattca	tattca	0.0004259850905	0.0005799161928	4	5.45	0.79212	3.2e+03	-3.51
tattcc	tattcc	0.0004259850905	0.0003851632317	4	3.62	0.48835	2.0e+03	-3.30
tattcg	tattcg	0.0000000000000	0.0002508738829	0	2.36	1.00000	4.1e+03	-3.61
tattct	tattct	0.0003194888179	0.0007255633472	3	6.81	0.96594	4.0e+03	-3.60
tattga	tattga	0.0003194888179	0.0005257995895	3	4.94	0.87003	3.6e+03	-3.55
tattgc	tattgc	0.0003194888179	0.0003748075854	3	3.52	0.68279	2.8e+03	-3.45
tattgg	tattgg	0.0003194888179	0.0002822748749	3	2.65	0.49421	2.0e+03	-3.31
tattgt	tattgt	0.0003194888179	0.0006380414333	3	5.99	0.93769	3.8e+03	-3.58
tattta	tattta	0.0009584664537	0.0011371167743	9	10.68	0.73827	3.0e+03	-3.48
tatttc	tatttc	0.0010649627263	0.0008140874204	10	7.64	0.24027	9.8e+02	-2.99
tatttg	tatttg	0.0004259850905	0.0005962847950	4	5.60	0.80937	3.3e+03	-3.52
tatttt	tatttt	0.0020234291800	0.0017601258178	19	16.53	0.30266	1.2e+03	-3.09
tcaaaa	tcaaaa	0.0009584664537	0.0008501651559	9	7.98	0.40509	1.7e+03	-3.22
tcaaac	tcaaac	0.0003194888179	0.0003206909822	3	3.01	0.57937	2.4e+03	-3.38
tcaaag	tcaaag	0.0007454739084	0.0003804864882	7	3.57	0.07101	2.9e+02	-2.46
tcaaat	tcaaat	0.0008519701810	0.0005301422799	8	4.98	0.13103	5.4e+02	-2.73
tcaaca	tcaaca	0.0003194888179	0.0004302604011	3	4.04	0.76778	3.1e+03	-3.50
tcaacc	tcaacc	0.0002129925453	0.0001676946594	2	1.57	0.46686	1.9e+03	-3.28
tcaacg	tcaacg	0.0000000000000	0.0001566709069	0	1.47	1.00000	4.1e+03	-3.61
tcaact	tcaact	0.0007454739084	0.0003647859922	7	3.43	0.05965	2.4e+02	-2.39
tcaaga	tcaaga	0.0003194888179	0.0004285901355	3	4.02	0.76552	3.1e+03	-3.50
tcaagc	tcaagc	0.0000000000000	0.0002047745542	0	1.92	1.00000	4.1e+03	-3.61
tcaagg	tcaagg	0.0004259850905	0.0002081150853	4	1.95	0.13469	5.5e+02	-2.74
tcaagt	tcaagt	0.0003194888179	0.0003049904862	3	2.86	0.54566	2.2e+03	-3.35
tcaata	tcaata	0.0007454739084	0.0005675562278	7	5.33	0.28736	1.2e+03	-3.07
tcaatc	tcaatc	0.0002129925453	0.0002886218840	2	2.71	0.75322	3.1e+03	-3.49
tcaatg	tcaatg	0.0005324813632	0.0003136758669	5	2.95	0.17562	7.2e+02	-2.86
tcaatt	tcaatt	0.0003194888179	0.0005759075555	3	5.41	0.90582	3.7e+03	-3.57
tcacaa	tcacaa	0.0002129925453	0.0003123396545	2	2.93	0.79065	3.2e+03	-3.51
tcacac	tcacac	0.0002129925453	0.0001907443238	2	1.79	0.53453	2.2e+03	-3.34
tcacag	tcacag	0.0002129925453	0.0001773821995	2	1.67	0.49602	2.0e+03	-3.31
tcacat	tcacat	0.0002129925453	0.0003206909822	2	3.01	0.80258	3.3e+03	-3.52
tcacca	tcacca	0.0001064962726	0.0002278242186	1	2.14	0.88229	3.6e+03	-3.56
tcaccc	tcaccc	0.0002129925453	0.0001506579510	2	1.41	0.41323	1.7e+03	-3.23
tcaccg	tcaccg	0.0002129925453	0.0001058948347	2	0.99	0.26216	1.1e+03	-3.03
tcacct	tcacct	0.0003194888179	0.0002097853508	3	1.97	0.31517	1.3e+03	-3.11
tcacga	tcacga	0.0000000000000	0.0001413044640	0	1.33	1.00000	4.1e+03	-3.61
tcacgc	tcacgc	0.0001064962726	0.0000978775602	1	0.92	0.60113	2.5e+03	-3.39
tcacgg	tcacgg	0.0002129925453	0.0000855175952	2	0.80	0.19229	7.9e+02	-2.90
tcacgt	tcacgt	0.0011714589989	0.0001920805362	11	1.80	3.2e-06	1.3e-02	1.89
tcacta	tcacta	0.0001064962726	0.0002806046094	1	2.63	0.92830	3.8e+03	-3.58
tcactc	tcactc	0.0001064962726	0.0001850654210	1	1.74	0.82412	3.4e+03	-3.53
tcactg	tcactg	0.0004259850905	0.0002124577757	4	1.99	0.14195	5.8e+02	-2.76
tcactt	tcactt	0.0003194888179	0.0004302604011	3	4.04	0.76778	3.1e+03	-3.50
tcagaa	tcagaa	0.0002129925453	0.0003357233720	2	3.15	0.82254	3.4e+03	-3.53
tcagac	tcagac	0.0001064962726	0.0001125758969	1	1.06	0.65255	2.7e+03	-3.43
tcagag	tcagag	0.0001064962726	0.0001406363578	1	1.32	0.73304	3.0e+03	-3.48
tcagat	tcagat	0.0003194888179	0.0002191388378	3	2.06	0.33894	1.4e+03	-3.14
tcagca	tcagca	0.0004259850905	0.0002348393338	4	2.21	0.18164	7.4e+02	-2.87
tcagcc	tcagcc	0.0001064962726	0.0001286104460	1	1.21	0.70112	2.9e+03	-3.46
tcagcg	tcagcg	0.0001064962726	0.0001139121093	1	1.07	0.65689	2.7e+03	-3.43
tcagct	tcagct	0.0002129925453	0.0002178026254	2	2.05	0.60611	2.5e+03	-3.39
tcagga	tcagga	0.0002129925453	0.0001506579510	2	1.41	0.41323	1.7e+03	-3.23
tcaggc	tcaggc	0.0000000000000	0.0000982116133	0	0.92	1.00000	4.1e+03	-3.61
tcaggg	tcaggg	0.0000000000000	0.0001092353658	0	1.03	1.00000	4.1e+03	-3.61
tcaggt	tcaggt	0.0004259850905	0.0001319509770	4	1.24	0.03724	1.5e+02	-2.18
tcagta	tcagta	0.0001064962726	0.0002632338479	1	2.47	0.91559	3.8e+03	-3.57
tcagtc	tcagtc	0.0001064962726	0.0001292785522	1	1.21	0.70299	2.9e+03	-3.46
tcagtg	tcagtg	0.0001064962726	0.0001636860221	1	1.54	0.78500	3.2e+03	-3.51
tcagtt	tcagtt	0.0005324813632	0.0003069948048	5	2.88	0.16540	6.8e+02	-2.83
tcataa	tcataa	0.0009584664537	0.0004663381366	9	4.38	0.03487	1.4e+02	-2.15
tcatac	tcatac	0.0001064962726	0.0002625657417	1	2.47	0.91506	3.7e+03	-3.57
tcatag	tcatag	0.0002129925453	0.0002168004661	2	2.04	0.60362	2.5e+03	-3.39
tcatat	tcatat	0.0003194888179	0.0006026318040	3	5.66	0.92101	3.8e+03	-3.58
tcatca	tcatca	0.0007454739084	0.0004259177107	7	4.00	0.11056	4.5e+02	-2.66
tcatcc	tcatcc	0.0000000000000	0.0002031042887	0	1.91	1.00000	4.1e+03	-3.61
tcatcg	tcatcg	0.0005324813632	0.0002912943088	5	2.74	0.14235	5.8e+02	-2.77
tcatct	tcatct	0.0006389776358	0.0004743554111	6	4.45	0.28924	1.2e+03	-3.07
tcatga	tcatga	0.0008519701810	0.0002328350152	8	2.19	0.00190	7.8e+00	-0.89
tcatgc	tcatgc	0.0000000000000	0.0001539984821	0	1.45	1.00000	4.1e+03	-3.61
tcatgg	tcatgg	0.0001064962726	0.0001175866935	1	1.10	0.66853	2.7e+03	-3.44
tcatgt	tcatgt	0.0002129925453	0.0002602273699	2	2.44	0.70096	2.9e+03	-3.46
tcatta	tcatta	0.0005324813632	0.0005141077308	5	4.83	0.52877	2.2e+03	-3.34
tcattc	tcattc	0.0003194888179	0.0003784821696	3	3.55	0.68907	2.8e+03	-3.45
tcattg	tcattg	0.0003194888179	0.0003494195493	3	3.28	0.63680	2.6e+03	-3.42
tcattt	tcattt	0.0014909478168	0.0007917058622	14	7.43	0.02016	8.3e+01	-1.92
tccaaa	tccaaa	0.0003194888179	0.0003253677257	3	3.06	0.58910	2.4e+03	-3.38
tccaac	tccaac	0.0004259850905	0.0002228134220	4	2.09	0.15987	6.5e+02	-2.82
tccaag	tccaag	0.0002129925453	0.0001837292085	2	1.73	0.51457	2.1e+03	-3.32
tccaat	tccaat	0.0003194888179	0.0002555506264	3	2.40	0.43021	1.8e+03	-3.25
tccaca	tccaca	0.0002129925453	0.0001703670843	2	1.60	0.47500	1.9e+03	-3.29
tccacc	tccacc	0.0002129925453	0.0001292785522	2	1.21	0.34240	1.4e+03	-3.15
tccacg	tccacg	0.0000000000000	0.0001109056313	0	1.04	1.00000	4.1e+03	-3.61
tccact	tccact	0.0003194888179	0.0002298285372	3	2.16	0.36603	1.5e+03	-3.18
tccaga	tccaga	0.0000000000000	0.0001516601103	0	1.42	1.00000	4.1e+03	-3.61
tccagc	tccagc	0.0000000000000	0.0001065629410	0	1.00	1.00000	4.1e+03	-3.61
tccagg	tccagg	0.0002129925453	0.0000942029760	2	0.88	0.22187	9.1e+02	-2.96
tccagt	tccagt	0.0001064962726	0.0001626838628	1	1.53	0.78297	3.2e+03	-3.51
tccata	tccata	0.0004259850905	0.0002819408218	4	2.65	0.27434	1.1e+03	-3.05
tccatc	tccatc	0.0002129925453	0.0001950870142	2	1.83	0.54660	2.2e+03	-3.35
tccatg	tccatg	0.0002129925453	0.0001299466584	2	1.22	0.34467	1.4e+03	-3.15
tccatt	tccatt	0.0001064962726	0.0004095491085	1	3.85	0.97864	4.0e+03	-3.60
tcccaa	tcccaa	0.0005324813632	0.0002054426605	5	1.93	0.04647	1.9e+02	-2.28
tcccac	tcccac	0.0001064962726	0.0001326190833	1	1.25	0.71217	2.9e+03	-3.46
tcccag	tcccag	0.0000000000000	0.0000952051353	0	0.89	1.00000	4.1e+03	-3.61
tcccat	tcccat	0.0002129925453	0.0001600114380	2	1.50	0.44303	1.8e+03	-3.26
tcccca	tcccca	0.0001064962726	0.0001145802155	1	1.08	0.65903	2.7e+03	-3.43
tccccc	tccccc	0.0000000000000	0.0000978775602	0	0.92	1.00000	4.1e+03	-3.61
tccccg	tccccg	0.0002129925453	0.0000641381964	2	0.60	0.12264	5.0e+02	-2.70
tcccct	tcccct	0.0001064962726	0.0001797205713	1	1.69	0.81506	3.3e+03	-3.52
tcccga	tcccga	0.0001064962726	0.0000654744089	1	0.61	0.45926	1.9e+03	-3.27
tcccgc	tcccgc	0.0002129925453	0.0000808408518	2	0.76	0.17658	7.2e+02	-2.86
tcccgg	tcccgg	0.0003194888179	0.0000521122846	3	0.49	0.01359	5.6e+01	-1.75
tcccgt	tcccgt	0.0000000000000	0.0000982116133	0	0.92	1.00000	4.1e+03	-3.61
tcccta	tcccta	0.0003194888179	0.0001366277205	3	1.28	0.13896	5.7e+02	-2.76
tccctc	tccctc	0.0001064962726	0.0001660243939	1	1.56	0.78967	3.2e+03	-3.51
tccctg	tccctg	0.0001064962726	0.0001169185872	1	1.10	0.66644	2.7e+03	-3.44
tccctt	tccctt	0.0002129925453	0.0003901740283	2	3.66	0.88049	3.6e+03	-3.56
tccgaa	tccgaa	0.0001064962726	0.0001596773849	1	1.50	0.77676	3.2e+03	-3.50
tccgac	tccgac	0.0000000000000	0.0000614657716	0	0.58	1.00000	4.1e+03	-3.61
tccgag	tccgag	0.0000000000000	0.0000828451704	0	0.78	1.00000	4.1e+03	-3.61
tccgat	tccgat	0.0002129925453	0.0001202591183	2	1.13	0.31166	1.3e+03	-3.11
tccgca	tccgca	0.0001064962726	0.0001282763929	1	1.20	0.70019	2.9e+03	-3.46
tccgcc	tccgcc	0.0000000000000	0.0000891921794	0	0.84	1.00000	4.1e+03	-3.61
tccgcg	tccgcg	0.0000000000000	0.0000891921794	0	0.84	1.00000	4.1e+03	-3.61
tccgct	tccgct	0.0002129925453	0.0001309488177	2	1.23	0.34805	1.4e+03	-3.15
tccgga	tccgga	0.0000000000000	0.0000788365331	0	0.74	1.00000	4.1e+03	-3.61
tccggc	tccggc	0.0000000000000	0.0000781684269	0	0.73	1.00000	4.1e+03	-3.61
tccggg	tccggg	0.0001064962726	0.0000948710822	1	0.89	0.58971	2.4e+03	-3.38
tccggt	tccggt	0.0001064962726	0.0000858516484	1	0.81	0.55344	2.3e+03	-3.36
tccgta	tccgta	0.0000000000000	0.0001539984821	0	1.45	1.00000	4.1e+03	-3.61
tccgtc	tccgtc	0.0003194888179	0.0000901943387	3	0.85	0.05440	2.2e+02	-2.35
tccgtg	tccgtg	0.0001064962726	0.0001045586223	1	0.98	0.62539	2.6e+03	-3.41
tccgtt	tccgtt	0.0002129925453	0.0002004318639	2	1.88	0.56116	2.3e+03	-3.36
tcctaa	tcctaa	0.0000000000000	0.0002605614230	0	2.45	1.00000	4.1e+03	-3.61
tcctac	tcctac	0.0001064962726	0.0001613476504	1	1.52	0.78023	3.2e+03	-3.50
tcctag	tcctag	0.0001064962726	0.0001099034720	1	1.03	0.64372	2.6e+03	-3.42
tcctat	tcctat	0.0003194888179	0.0002989775303	3	2.81	0.53234	2.2e+03	-3.34
tcctca	tcctca	0.0003194888179	0.0002254858468	3	2.12	0.35504	1.5e+03	-3.16
tcctcc	tcctcc	0.0001064962726	0.0001509920041	1	1.42	0.75778	3.1e+03	-3.49
tcctcg	tcctcg	0.0003194888179	0.0001840632616	3	1.73	0.25027	1.0e+03	-3.01
tcctct	tcctct	0.0005324813632	0.0003176845042	5	2.98	0.18187	7.4e+02	-2.87
tcctga	tcctga	0.0002129925453	0.0001433087827	2	1.35	0.38928	1.6e+03	-3.20
tcctgc	tcctgc	0.0002129925453	0.0001560028007	2	1.46	0.43036	1.8e+03	-3.25
tcctgg	tcctgg	0.0001064962726	0.0001112396844	1	1.04	0.64817	2.7e+03	-3.42
tcctgt	tcctgt	0.0001064962726	0.0002007659170	1	1.89	0.84823	3.5e+03	-3.54
tcctta	tcctta	0.0000000000000	0.0002846132467	0	2.67	1.00000	4.1e+03	-3.61
tccttc	tccttc	0.0003194888179	0.0003691286826	3	3.47	0.67289	2.8e+03	-3.44
tccttg	tccttg	0.0002129925453	0.0002555506264	2	2.40	0.69152	2.8e+03	-3.45
tccttt	tccttt	0.0006389776358	0.0007325784624	6	6.88	0.68365	2.8e+03	-3.45
tcgaaa	tcgaaa	0.0002129925453	0.0003377276906	2	3.17	0.82506	3.4e+03	-3.53
tcgaac	tcgaac	0.0003194888179	0.0001416385171	3	1.33	0.14984	6.1e+02	-2.79
tcgaag	tcgaag	0.0000000000000	0.0002238155813	0	2.10	1.00000	4.1e+03	-3.61
tcgaat	tcgaat	0.0002129925453	0.0002064448198	2	1.94	0.57712	2.4e+03	-3.37
tcgaca	tcgaca	0.0001064962726	0.0001109056313	1	1.04	0.64706	2.7e+03	-3.42
tcgacc	tcgacc	0.0001064962726	0.0000581252405	1	0.55	0.42063	1.7e+03	-3.24
tcgacg	tcgacg	0.0000000000000	0.0000758300552	0	0.71	1.00000	4.1e+03	-3.61
tcgact	tcgact	0.0000000000000	0.0001078991534	0	1.01	1.00000	4.1e+03	-3.61
tcgaga	tcgaga	0.0003194888179	0.0002051086073	3	1.93	0.30329	1.2e+03	-3.09
tcgagc	tcgagc	0.0002129925453	0.0001062288878	2	1.00	0.26332	1.1e+03	-3.03
tcgagg	tcgagg	0.0003194888179	0.0001813908368	3	1.70	0.24363	1.0e+03	-3.00
tcgagt	tcgagt	0.0001064962726	0.0001289444991	1	1.21	0.70206	2.9e+03	-3.46
tcgata	tcgata	0.0003194888179	0.0002017680763	3	1.89	0.29482	1.2e+03	-3.08
tcgatc	tcgatc	0.0001064962726	0.0001102375251	1	1.04	0.64484	2.6e+03	-3.42
tcgatg	tcgatg	0.0001064962726	0.0001703670843	1	1.60	0.79808	3.3e+03	-3.51
tcgatt	tcgatt	0.0000000000000	0.0002034383418	0	1.91	1.00000	4.1e+03	-3.61
tcgcaa	tcgcaa	0.0006389776358	0.0001847313679	6	1.73	0.00877	3.6e+01	-1.56
tcgcac	tcgcac	0.0001064962726	0.0000965413478	1	0.91	0.59609	2.4e+03	-3.39
tcgcag	tcgcag	0.0001064962726	0.0001065629410	1	1.00	0.63237	2.6e+03	-3.41
tcgcat	tcgcat	0.0000000000000	0.0001830611023	0	1.72	1.00000	4.1e+03	-3.61
tcgcca	tcgcca	0.0001064962726	0.0001152483217	1	1.08	0.66117	2.7e+03	-3.43
tcgccc	tcgccc	0.0001064962726	0.0000708192586	1	0.66	0.48573	2.0e+03	-3.30
tcgccg	tcgccg	0.0000000000000	0.0000754960021	0	0.71	1.00000	4.1e+03	-3.61
tcgcct	tcgcct	0.0000000000000	0.0001189229059	0	1.12	1.00000	4.1e+03	-3.61
tcgcga	tcgcga	0.0002129925453	0.0000945370291	2	0.89	0.22302	9.1e+02	-2.96
tcgcgc	tcgcgc	0.0001064962726	0.0000815089580	1	0.77	0.53485	2.2e+03	-3.34
tcgcgg	tcgcgg	0.0000000000000	0.0000601295592	0	0.56	1.00000	4.1e+03	-3.61
tcgcgt	tcgcgt	0.0000000000000	0.0001089013127	0	1.02	1.00000	4.1e+03	-3.61
tcgcta	tcgcta	0.0004259850905	0.0001519941634	4	1.43	0.05683	2.3e+02	-2.37
tcgctc	tcgctc	0.0002129925453	0.0001105715782	2	1.04	0.27832	1.1e+03	-3.06
tcgctg	tcgctg	0.0001064962726	0.0001115737375	1	1.05	0.64927	2.7e+03	-3.42
tcgctt	tcgctt	0.0003194888179	0.0002131258819	3	2.00	0.32366	1.3e+03	-3.12
tcggaa	tcggaa	0.0002129925453	0.0001673606063	2	1.57	0.46583	1.9e+03	-3.28
tcggac	tcggac	0.0000000000000	0.0000597955061	0	0.56	1.00000	4.1e+03	-3.61
tcggag	tcggag	0.0000000000000	0.0000795046393	0	0.75	1.00000	4.1e+03	-3.61
tcggat	tcggat	0.0002129925453	0.0001159164279	2	1.09	0.29674	1.2e+03	-3.08
tcggca	tcggca	0.0000000000000	0.0000982116133	0	0.92	1.00000	4.1e+03	-3.61
tcggcc	tcggcc	0.0000000000000	0.0000641381964	0	0.60	1.00000	4.1e+03	-3.61
tcggcg	tcggcg	0.0001064962726	0.0000901943387	1	0.85	0.57129	2.3e+03	-3.37
tcggct	tcggct	0.0001064962726	0.0000968754009	1	0.91	0.59736	2.4e+03	-3.39
tcggga	tcggga	0.0001064962726	0.0000768322145	1	0.72	0.51397	2.1e+03	-3.32
tcgggc	tcgggc	0.0001064962726	0.0000544506563	1	0.51	0.40029	1.6e+03	-3.21
tcgggg	tcgggg	0.0000000000000	0.0000430928507	0	0.40	1.00000	4.1e+03	-3.61
tcgggt	tcgggt	0.0000000000000	0.0000855175952	0	0.80	1.00000	4.1e+03	-3.61
tcggta	tcggta	0.0002129925453	0.0001189229059	2	1.12	0.30708	1.3e+03	-3.10
tcggtc	tcggtc	0.0000000000000	0.0000701511523	0	0.66	1.00000	4.1e+03	-3.61
tcggtg	tcggtg	0.0000000000000	0.0000785024800	0	0.74	1.00000	4.1e+03	-3.61
tcggtt	tcggtt	0.0001064962726	0.0001386320392	1	1.30	0.72797	3.0e+03	-3.47
tcgtaa	tcgtaa	0.0002129925453	0.0002114556164	2	1.99	0.59010	2.4e+03	-3.38
tcgtac	tcgtac	0.0002129925453	0.0001309488177	2	1.23	0.34805	1.4e+03	-3.15
tcgtag	tcgtag	0.0000000000000	0.0001052267285	0	0.99	1.00000	4.1e+03	-3.61
tcgtat	tcgtat	0.0000000000000	0.0002435247146	0	2.29	1.00000	4.1e+03	-3.61
tcgtca	tcgtca	0.0004259850905	0.0001640200753	4	1.54	0.07077	2.9e+02	-2.46
tcgtcc	tcgtcc	0.0002129925453	0.0000858516484	2	0.81	0.19342	7.9e+02	-2.90
tcgtcg	tcgtcg	0.0003194888179	0.0000664765682	3	0.62	0.02557	1.0e+02	-2.02
tcgtct	tcgtct	0.0001064962726	0.0001576730662	1	1.48	0.77251	3.2e+03	-3.50
tcgtga	tcgtga	0.0000000000000	0.0001262720742	0	1.19	1.00000	4.1e+03	-3.61
tcgtgc	tcgtgc	0.0001064962726	0.0000932008167	1	0.88	0.58322	2.4e+03	-3.38
tcgtgg	tcgtgg	0.0002129925453	0.0000921986574	2	0.87	0.21501	8.8e+02	-2.94
tcgtgt	tcgtgt	0.0002129925453	0.0001426406764	2	1.34	0.38708	1.6e+03	-3.20
tcgtta	tcgtta	0.0002129925453	0.0002371777056	2	2.23	0.65202	2.7e+03	-3.43
tcgttc	tcgttc	0.0004259850905	0.0002041064480	4	1.92	0.12812	5.2e+02	-2.72
tcgttg	tcgttg	0.0002129925453	0.0001737076153	2	1.63	0.48508	2.0e+03	-3.30
tcgttt	tcgttt	0.0008519701810	0.0004088810023	8	3.84	0.04211	1.7e+02	-2.24
tctaaa	tctaaa	0.0005324813632	0.0004145599051	5	3.89	0.35021	1.4e+03	-3.16
tctaac	tctaac	0.0003194888179	0.0002294944841	3	2.15	0.36519	1.5e+03	-3.17
tctaag	tctaag	0.0003194888179	0.0001757119340	3	1.65	0.22961	9.4e+02	-2.97
tctaat	tctaat	0.0003194888179	0.0003637838329	3	3.42	0.66337	2.7e+03	-3.43
tctaca	tctaca	0.0002129925453	0.0003076629110	2	2.89	0.78369	3.2e+03	-3.51
tctacc	tctacc	0.0002129925453	0.0001563368538	2	1.47	0.43142	1.8e+03	-3.25
tctacg	tctacg	0.0001064962726	0.0001249358618	1	1.17	0.69063	2.8e+03	-3.45
tctact	tctact	0.0002129925453	0.0003076629110	2	2.89	0.78369	3.2e+03	-3.51
tctaga	tctaga	0.0005324813632	0.0001763800402	5	1.66	0.02690	1.1e+02	-2.04
tctagc	tctagc	0.0002129925453	0.0001519941634	2	1.43	0.41754	1.7e+03	-3.23
tctagg	tctagg	0.0001064962726	0.0001052267285	1	0.99	0.62773	2.6e+03	-3.41
tctagt	tctagt	0.0001064962726	0.0002495376705	1	2.34	0.90400	3.7e+03	-3.57
tctata	tctata	0.0011714589989	0.0004716829863	11	4.43	0.00595	2.4e+01	-1.39
tctatc	tctatc	0.0005324813632	0.0002919624150	5	2.74	0.14331	5.9e+02	-2.77
tctatg	tctatg	0.0002129925453	0.0002017680763	2	1.89	0.56474	2.3e+03	-3.36
tctatt	tctatt	0.0007454739084	0.0005842588831	7	5.49	0.31177	1.3e+03	-3.11
tctcaa	tctcaa	0.0001064962726	0.0003808205413	1	3.58	0.97203	4.0e+03	-3.60
tctcac	tctcac	0.0001064962726	0.0001980934921	1	1.86	0.84437	3.5e+03	-3.54
tctcag	tctcag	0.0001064962726	0.0001767140933	1	1.66	0.80976	3.3e+03	-3.52
tctcat	tctcat	0.0004259850905	0.0003864994441	4	3.63	0.49100	2.0e+03	-3.30
tctcca	tctcca	0.0001064962726	0.0002137939881	1	2.01	0.86571	3.5e+03	-3.55
tctccc	tctccc	0.0004259850905	0.0001543325352	4	1.45	0.05941	2.4e+02	-2.39
tctccg	tctccg	0.0000000000000	0.0001205931714	0	1.13	1.00000	4.1e+03	-3.61
tctcct	tctcct	0.0004259850905	0.0002816067687	4	2.64	0.27365	1.1e+03	-3.05
tctcga	tctcga	0.0005324813632	0.0002121237226	5	1.99	0.05190	2.1e+02	-2.33
tctcgc	tctcgc	0.0000000000000	0.0001072310472	0	1.01	1.00000	4.1e+03	-3.61
tctcgg	tctcgg	0.0000000000000	0.0001028883568	0	0.97	1.00000	4.1e+03	-3.61
tctcgt	tctcgt	0.0003194888179	0.0001553346945	3	1.46	0.18082	7.4e+02	-2.87
tctcta	tctcta	0.0003194888179	0.0002822748749	3	2.65	0.49421	2.0e+03	-3.31
tctctc	tctctc	0.0006389776358	0.0003236974601	6	3.04	0.08792	3.6e+02	-2.56
tctctg	tctctg	0.0003194888179	0.0002234815282	3	2.10	0.34996	1.4e+03	-3.16
tctctt	tctctt	0.0010649627263	0.0006433862830	10	6.04	0.08674	3.6e+02	-2.55
tctgaa	tctgaa	0.0002129925453	0.0003006477958	2	2.82	0.77287	3.2e+03	-3.50
tctgac	tctgac	0.0000000000000	0.0001346234019	0	1.26	1.00000	4.1e+03	-3.61
tctgag	tctgag	0.0003194888179	0.0001416385171	3	1.33	0.14984	6.1e+02	-2.79
tctgat	tctgat	0.0003194888179	0.0002271561124	3	2.13	0.35927	1.5e+03	-3.17
tctgca	tctgca	0.0004259850905	0.0002458630863	4	2.31	0.20240	8.3e+02	-2.92
tctgcc	tctgcc	0.0000000000000	0.0001413044640	0	1.33	1.00000	4.1e+03	-3.61
tctgcg	tctgcg	0.0001064962726	0.0001252699149	1	1.18	0.69160	2.8e+03	-3.45
tctgct	tctgct	0.0001064962726	0.0002512079360	1	2.36	0.90550	3.7e+03	-3.57
tctgga	tctgga	0.0002129925453	0.0001563368538	2	1.47	0.43142	1.8e+03	-3.25
tctggc	tctggc	0.0000000000000	0.0001259380211	0	1.18	1.00000	4.1e+03	-3.61
tctggg	tctggg	0.0000000000000	0.0001005499850	0	0.94	1.00000	4.1e+03	-3.61
tctggt	tctggt	0.0001064962726	0.0001590092787	1	1.49	0.77535	3.2e+03	-3.50
tctgta	tctgta	0.0003194888179	0.0003170163980	3	2.98	0.57162	2.3e+03	-3.37
tctgtc	tctgtc	0.0002129925453	0.0001847313679	2	1.73	0.51745	2.1e+03	-3.33
tctgtg	tctgtg	0.0001064962726	0.0001920805362	1	1.80	0.83533	3.4e+03	-3.53
tctgtt	tctgtt	0.0003194888179	0.0004005296746	3	3.76	0.72480	3.0e+03	-3.47
tcttaa	tcttaa	0.0001064962726	0.0003991934622	1	3.75	0.97646	4.0e+03	-3.60
tcttac	tcttac	0.0001064962726	0.0002886218840	1	2.71	0.93350	3.8e+03	-3.58
tcttag	tcttag	0.0000000000000	0.0002298285372	0	2.16	1.00000	4.1e+03	-3.61
tcttat	tcttat	0.0004259850905	0.0005521897849	4	5.19	0.76008	3.1e+03	-3.49
tcttca	tcttca	0.0001064962726	0.0004653359773	1	4.37	0.98736	4.0e+03	-3.61
tcttcc	tcttcc	0.0002129925453	0.0003771459572	2	3.54	0.86847	3.6e+03	-3.55
tcttcg	tcttcg	0.0004259850905	0.0002461971394	4	2.31	0.20304	8.3e+02	-2.92
tcttct	tcttct	0.0004259850905	0.0006834726557	4	6.42	0.88245	3.6e+03	-3.56
tcttga	tcttga	0.0005324813632	0.0004045383119	5	3.80	0.33188	1.4e+03	-3.13
tcttgc	tcttgc	0.0004259850905	0.0003063266986	4	2.88	0.32510	1.3e+03	-3.12
tcttgg	tcttgg	0.0001064962726	0.0002488695643	1	2.34	0.90340	3.7e+03	-3.57
tcttgt	tcttgt	0.0006389776358	0.0004723510925	6	4.44	0.28605	1.2e+03	-3.07
tcttta	tcttta	0.0006389776358	0.0006210047248	6	5.83	0.52689	2.2e+03	-3.33
tctttc	tctttc	0.0007454739084	0.0007168779664	7	6.73	0.50960	2.1e+03	-3.32
tctttg	tctttg	0.0002129925453	0.0004422863129	2	4.15	0.91906	3.8e+03	-3.58
tctttt	tctttt	0.0012779552716	0.0016569034079	12	15.56	0.84977	3.5e+03	-3.54
tgaaaa	tgaaaa	0.0010649627263	0.0012577099457	10	11.81	0.74077	3.0e+03	-3.48
tgaaac	tgaaac	0.0002129925453	0.0004085469492	2	3.84	0.89571	3.7e+03	-3.56
tgaaag	tgaaag	0.0001064962726	0.0004486333219	1	4.21	0.98521	4.0e+03	-3.61
tgaaat	tgaaat	0.0005324813632	0.0006427181768	5	6.04	0.71970	2.9e+03	-3.47
tgaaca	tgaaca	0.0002129925453	0.0003180185573	2	2.99	0.79883	3.3e+03	-3.51
tgaacc	tgaacc	0.0002129925453	0.0001486536324	2	1.40	0.40675	1.7e+03	-3.22
tgaacg	tgaacg	0.0004259850905	0.0001650222346	4	1.55	0.07200	2.9e+02	-2.47
tgaact	tgaact	0.0002129925453	0.0002635679010	2	2.47	0.70755	2.9e+03	-3.46
tgaaga	tgaaga	0.0003194888179	0.0004332668790	3	4.07	0.77181	3.2e+03	-3.50
tgaagc	tgaagc	0.0004259850905	0.0002061107667	4	1.94	0.13139	5.4e+02	-2.73
tgaagg	tgaagg	0.0002129925453	0.0002161323599	2	2.03	0.60195	2.5e+03	-3.39
tgaagt	tgaagt	0.0002129925453	0.0003093331766	2	2.90	0.78620	3.2e+03	-3.51
tgaata	tgaata	0.0005324813632	0.0005561984222	5	5.22	0.59773	2.4e+03	-3.39
tgaatc	tgaatc	0.0003194888179	0.0002144620943	3	2.01	0.32706	1.3e+03	-3.13
tgaatg	tgaatg	0.0003194888179	0.0002916283619	3	2.74	0.51576	2.1e+03	-3.32
tgaatt	tgaatt	0.0005324813632	0.0004459608971	5	4.19	0.40776	1.7e+03	-3.22
tgacaa	tgacaa	0.0004259850905	0.0003196888229	4	3.00	0.35319	1.4e+03	-3.16
tgacac	tgacac	0.0002129925453	0.0001727054560	2	1.62	0.48207	2.0e+03	-3.30
tgacag	tgacag	0.0002129925453	0.0001947529610	2	1.83	0.54568	2.2e+03	-3.35
tgacat	tgacat	0.0004259850905	0.0002799365032	4	2.63	0.27022	1.1e+03	-3.04
tgacca	tgacca	0.0002129925453	0.0001463152606	2	1.37	0.39913	1.6e+03	-3.21
tgaccc	tgaccc	0.0002129925453	0.0000795046393	2	0.75	0.17213	7.1e+02	-2.85
tgaccg	tgaccg	0.0000000000000	0.0000724895241	0	0.68	1.00000	4.1e+03	-3.61
tgacct	tgacct	0.0001064962726	0.0001366277205	1	1.28	0.72280	3.0e+03	-3.47
tgacga	tgacga	0.0001064962726	0.0001439768889	1	1.35	0.74129	3.0e+03	-3.48
tgacgc	tgacgc	0.0000000000000	0.0001386320392	0	1.30	1.00000	4.1e+03	-3.61
tgacgg	tgacgg	0.0001064962726	0.0000911964981	1	0.86	0.57530	2.4e+03	-3.37
tgacgt	tgacgt	0.0001064962726	0.0001423066233	1	1.34	0.73720	3.0e+03	-3.48
tgacta	tgacta	0.0005324813632	0.0002171345192	5	2.04	0.05621	2.3e+02	-2.36
tgactc	tgactc	0.0003194888179	0.0001322850301	3	1.24	0.12977	5.3e+02	-2.73
tgactg	tgactg	0.0002129925453	0.0001513260572	2	1.42	0.41539	1.7e+03	-3.23
tgactt	tgactt	0.0003194888179	0.0002515419891	3	2.36	0.42034	1.7e+03	-3.24
tgagaa	tgagaa	0.0002129925453	0.0004406160474	2	4.14	0.91803	3.8e+03	-3.58
tgagac	tgagac	0.0001064962726	0.0001279423398	1	1.20	0.69924	2.9e+03	-3.46
tgagag	tgagag	0.0000000000000	0.0001743757216	0	1.64	1.00000	4.1e+03	-3.61
tgagat	tgagat	0.0000000000000	0.0003153461325	0	2.96	1.00000	4.1e+03	-3.61
tgagca	tgagca	0.0000000000000	0.0002094512977	0	1.97	1.00000	4.1e+03	-3.61
tgagcc	tgagcc	0.0001064962726	0.0000975435071	1	0.92	0.59987	2.5e+03	-3.39
tgagcg	tgagcg	0.0000000000000	0.0000875219139	0	0.82	1.00000	4.1e+03	-3.61
tgagct	tgagct	0.0002129925453	0.0001957551204	2	1.84	0.54844	2.2e+03	-3.35
tgagga	tgagga	0.0000000000000	0.0002208091033	0	2.07	1.00000	4.1e+03	-3.61
tgaggc	tgaggc	0.0001064962726	0.0001065629410	1	1.00	0.63237	2.6e+03	-3.41
tgaggg	tgaggg	0.0001064962726	0.0001065629410	1	1.00	0.63237	2.6e+03	-3.41
tgaggt	tgaggt	0.0002129925453	0.0001683627656	2	1.58	0.46890	1.9e+03	-3.28
tgagta	tgagta	0.0003194888179	0.0002201409971	3	2.07	0.34149	1.4e+03	-3.15
tgagtc	tgagtc	0.0003194888179	0.0001078991534	3	1.01	0.08273	3.4e+02	-2.53
tgagtg	tgagtg	0.0002129925453	0.0001509920041	2	1.42	0.41431	1.7e+03	-3.23
tgagtt	tgagtt	0.0001064962726	0.0002301625903	1	2.16	0.88484	3.6e+03	-3.56
tgataa	tgataa	0.0004259850905	0.0006280198401	4	5.90	0.83946	3.4e+03	-3.54
tgatac	tgatac	0.0002129925453	0.0002418544491	2	2.27	0.66244	2.7e+03	-3.43
tgatag	tgatag	0.0004259850905	0.0002772640783	4	2.60	0.26475	1.1e+03	-3.04
tgatat	tgatat	0.0007454739084	0.0005224590585	7	4.91	0.22415	9.2e+02	-2.96
tgatca	tgatca	0.0003194888179	0.0002411863428	3	2.26	0.39460	1.6e+03	-3.21
tgatcc	tgatcc	0.0001064962726	0.0001266061273	1	1.19	0.69545	2.8e+03	-3.45
tgatcg	tgatcg	0.0002129925453	0.0001125758969	2	1.06	0.28523	1.2e+03	-3.07
tgatct	tgatct	0.0003194888179	0.0002411863428	3	2.26	0.39460	1.6e+03	-3.21
tgatga	tgatga	0.0001064962726	0.0004179004361	1	3.92	0.98026	4.0e+03	-3.60
tgatgc	tgatgc	0.0001064962726	0.0001733735622	1	1.63	0.80370	3.3e+03	-3.52
tgatgg	tgatgg	0.0003194888179	0.0001763800402	3	1.66	0.23126	9.5e+02	-2.98
tgatgt	tgatgt	0.0002129925453	0.0002685786976	2	2.52	0.71722	2.9e+03	-3.47
tgatta	tgatta	0.0002129925453	0.0003808205413	2	3.58	0.87197	3.6e+03	-3.55
tgattc	tgattc	0.0001064962726	0.0002248177406	1	2.11	0.87892	3.6e+03	-3.56
tgattg	tgattg	0.0006389776358	0.0002532122547	6	2.38	0.03432	1.4e+02	-2.15
tgattt	tgattt	0.0005324813632	0.0005592049002	5	5.25	0.60244	2.5e+03	-3.39
tgcaaa	tgcaaa	0.0008519701810	0.0004392798350	8	4.12	0.05888	2.4e+02	-2.38
tgcaac	tgcaac	0.0001064962726	0.0002111215633	1	1.98	0.86229	3.5e+03	-3.55
tgcaag	tgcaag	0.0001064962726	0.0002532122547	1	2.38	0.90726	3.7e+03	-3.57
tgcaat	tgcaat	0.0003194888179	0.0003240315132	3	3.04	0.58634	2.4e+03	-3.38
tgcaca	tgcaca	0.0003194888179	0.0002137939881	3	2.01	0.32536	1.3e+03	-3.12
tgcacc	tgcacc	0.0001064962726	0.0001449790482	1	1.36	0.74371	3.0e+03	-3.48
tgcacg	tgcacg	0.0006389776358	0.0001132440031	6	1.06	0.00081	3.3e+00	-0.52
tgcact	tgcact	0.0005324813632	0.0002004318639	5	1.88	0.04262	1.7e+02	-2.24
tgcaga	tgcaga	0.0000000000000	0.0002388479711	0	2.24	1.00000	4.1e+03	-3.61
tgcagc	tgcagc	0.0001064962726	0.0001740416684	1	1.63	0.80493	3.3e+03	-3.52
tgcagg	tgcagg	0.0000000000000	0.0001342893488	0	1.26	1.00000	4.1e+03	-3.61
tgcagt	tgcagt	0.0003194888179	0.0002181366785	3	2.05	0.33640	1.4e+03	-3.14
tgcata	tgcata	0.0002129925453	0.0003260358319	2	3.06	0.80990	3.3e+03	-3.52
tgcatc	tgcatc	0.0003194888179	0.0001884059520	3	1.77	0.26112	1.1e+03	-3.03
tgcatg	tgcatg	0.0001064962726	0.0001910783769	1	1.79	0.83377	3.4e+03	-3.53
tgcatt	tgcatt	0.0002129925453	0.0003998615684	2	3.75	0.88875	3.6e+03	-3.56
tgccaa	tgccaa	0.0001064962726	0.0002385139180	1	2.24	0.89353	3.7e+03	-3.56
tgccac	tgccac	0.0004259850905	0.0001690308719	4	1.59	0.07704	3.2e+02	-2.50
tgccag	tgccag	0.0002129925453	0.0001322850301	2	1.24	0.35256	1.4e+03	-3.16
tgccat	tgccat	0.0003194888179	0.0002338371745	3	2.20	0.37615	1.5e+03	-3.19
tgccca	tgccca	0.0000000000000	0.0001149142686	0	1.08	1.00000	4.1e+03	-3.61
tgcccc	tgcccc	0.0000000000000	0.0000848494890	0	0.80	1.00000	4.1e+03	-3.61
tgcccg	tgcccg	0.0001064962726	0.0000701511523	1	0.66	0.48250	2.0e+03	-3.30
tgccct	tgccct	0.0000000000000	0.0001596773849	0	1.50	1.00000	4.1e+03	-3.61
tgccga	tgccga	0.0000000000000	0.0000918646043	0	0.86	1.00000	4.1e+03	-3.61
tgccgc	tgccgc	0.0000000000000	0.0000985456664	0	0.93	1.00000	4.1e+03	-3.61
tgccgg	tgccgg	0.0000000000000	0.0000684808868	0	0.64	1.00000	4.1e+03	-3.61
tgccgt	tgccgt	0.0002129925453	0.0001259380211	2	1.18	0.33106	1.4e+03	-3.13
tgccta	tgccta	0.0001064962726	0.0001456471544	1	1.37	0.74531	3.1e+03	-3.48
tgcctc	tgcctc	0.0001064962726	0.0001316169239	1	1.24	0.70945	2.9e+03	-3.46
tgcctg	tgcctg	0.0002129925453	0.0001292785522	2	1.21	0.34240	1.4e+03	-3.15
tgcctt	tgcctt	0.0001064962726	0.0002862835122	1	2.69	0.93202	3.8e+03	-3.58
tgcgaa	tgcgaa	0.0002129925453	0.0001613476504	2	1.52	0.44721	1.8e+03	-3.26
tgcgac	tgcgac	0.0000000000000	0.0000818430111	0	0.77	1.00000	4.1e+03	-3.61
tgcgag	tgcgag	0.0000000000000	0.0000861857015	0	0.81	1.00000	4.1e+03	-3.61
tgcgat	tgcgat	0.0002129925453	0.0001823929961	2	1.71	0.51070	2.1e+03	-3.32
tgcgca	tgcgca	0.0000000000000	0.0001179207466	0	1.11	1.00000	4.1e+03	-3.61
tgcgcc	tgcgcc	0.0003194888179	0.0000821770642	3	0.77	0.04343	1.8e+02	-2.25
tgcgcg	tgcgcg	0.0005324813632	0.0000828451704	5	0.78	0.00125	5.1e+00	-0.71
tgcgct	tgcgct	0.0000000000000	0.0001386320392	0	1.30	1.00000	4.1e+03	-3.61
tgcgga	tgcgga	0.0001064962726	0.0001105715782	1	1.04	0.64595	2.6e+03	-3.42
tgcggc	tgcggc	0.0000000000000	0.0000958732415	0	0.90	1.00000	4.1e+03	-3.61
tgcggg	tgcggg	0.0000000000000	0.0000738257365	0	0.69	1.00000	4.1e+03	-3.61
tgcggt	tgcggt	0.0000000000000	0.0001249358618	0	1.17	1.00000	4.1e+03	-3.61
tgcgta	tgcgta	0.0002129925453	0.0001593433318	2	1.50	0.44093	1.8e+03	-3.26
tgcgtc	tgcgtc	0.0003194888179	0.0001065629410	3	1.00	0.08041	3.3e+02	-2.52
tgcgtg	tgcgtg	0.0000000000000	0.0001072310472	0	1.01	1.00000	4.1e+03	-3.61
tgcgtt	tgcgtt	0.0001064962726	0.0001920805362	1	1.80	0.83533	3.4e+03	-3.53
tgctaa	tgctaa	0.0000000000000	0.0002558846795	0	2.40	1.00000	4.1e+03	-3.61
tgctac	tgctac	0.0001064962726	0.0001847313679	1	1.73	0.82356	3.4e+03	-3.53
tgctag	tgctag	0.0002129925453	0.0001476514730	2	1.39	0.40349	1.7e+03	-3.22
tgctat	tgctat	0.0006389776358	0.0003123396545	6	2.93	0.07727	3.2e+02	-2.50
tgctca	tgctca	0.0003194888179	0.0001864016334	3	1.75	0.25611	1.0e+03	-3.02
tgctcc	tgctcc	0.0001064962726	0.0001145802155	1	1.08	0.65903	2.7e+03	-3.43
tgctcg	tgctcg	0.0001064962726	0.0001119077907	1	1.05	0.65037	2.7e+03	-3.43
tgctct	tgctct	0.0003194888179	0.0002371777056	3	2.23	0.38455	1.6e+03	-3.20
tgctga	tgctga	0.0002129925453	0.0002064448198	2	1.94	0.57712	2.4e+03	-3.37
tgctgc	tgctgc	0.0000000000000	0.0002034383418	0	1.91	1.00000	4.1e+03	-3.61
tgctgg	tgctgg	0.0000000000000	0.0001336212426	0	1.25	1.00000	4.1e+03	-3.61
tgctgt	tgctgt	0.0001064962726	0.0002405182366	1	2.26	0.89552	3.7e+03	-3.56
tgctta	tgctta	0.0003194888179	0.0002832770342	3	2.66	0.49654	2.0e+03	-3.31
tgcttc	tgcttc	0.0003194888179	0.0002796024501	3	2.63	0.48797	2.0e+03	-3.30
tgcttg	tgcttg	0.0001064962726	0.0002194728909	1	2.06	0.87268	3.6e+03	-3.55
tgcttt	tgcttt	0.0008519701810	0.0005384936076	8	5.06	0.13928	5.7e+02	-2.76
tggaaa	tggaaa	0.0005324813632	0.0005247974302	5	4.93	0.54680	2.2e+03	-3.35
tggaac	tggaac	0.0001064962726	0.0001656903408	1	1.56	0.78901	3.2e+03	-3.51
tggaag	tggaag	0.0003194888179	0.0003163482918	3	2.97	0.57021	2.3e+03	-3.37
tggaat	tggaat	0.0003194888179	0.0003440746996	3	3.23	0.62654	2.6e+03	-3.41
tggaca	tggaca	0.0004259850905	0.0001519941634	4	1.43	0.05683	2.3e+02	-2.37
tggacc	tggacc	0.0000000000000	0.0000711533117	0	0.67	1.00000	4.1e+03	-3.61
tggacg	tggacg	0.0001064962726	0.0000721554710	1	0.68	0.49215	2.0e+03	-3.30
tggact	tggact	0.0001064962726	0.0001078991534	1	1.01	0.63695	2.6e+03	-3.42
tggaga	tggaga	0.0001064962726	0.0001914124300	1	1.80	0.83429	3.4e+03	-3.53
tggagc	tggagc	0.0000000000000	0.0000845154359	0	0.79	1.00000	4.1e+03	-3.61
tggagg	tggagg	0.0000000000000	0.0001159164279	0	1.09	1.00000	4.1e+03	-3.61
tggagt	tggagt	0.0001064962726	0.0001235996494	1	1.16	0.68672	2.8e+03	-3.45
tggata	tggata	0.0003194888179	0.0002198069440	3	2.06	0.34064	1.4e+03	-3.14
tggatc	tggatc	0.0000000000000	0.0001035564630	0	0.97	1.00000	4.1e+03	-3.61
tggatg	tggatg	0.0001064962726	0.0001593433318	1	1.50	0.77605	3.2e+03	-3.50
tggatt	tggatt	0.0002129925453	0.0002515419891	2	2.36	0.68323	2.8e+03	-3.45
tggcaa	tggcaa	0.0004259850905	0.0002618976354	4	2.46	0.23373	9.6e+02	-2.98
tggcac	tggcac	0.0003194888179	0.0001332871895	3	1.25	0.13187	5.4e+02	-2.73
tggcag	tggcag	0.0001064962726	0.0001423066233	1	1.34	0.73720	3.0e+03	-3.48
tggcat	tggcat	0.0001064962726	0.0002161323599	1	2.03	0.86863	3.6e+03	-3.55
tggcca	tggcca	0.0001064962726	0.0001189229059	1	1.12	0.67266	2.8e+03	-3.44
tggccc	tggccc	0.0000000000000	0.0000785024800	0	0.74	1.00000	4.1e+03	-3.61
tggccg	tggccg	0.0002129925453	0.0000731576303	2	0.69	0.15128	6.2e+02	-2.79
tggcct	tggcct	0.0001064962726	0.0001276082867	1	1.20	0.69830	2.9e+03	-3.46
tggcga	tggcga	0.0001064962726	0.0001105715782	1	1.04	0.64595	2.6e+03	-3.42
tggcgc	tggcgc	0.0000000000000	0.0000998818788	0	0.94	1.00000	4.1e+03	-3.61
tggcgg	tggcgg	0.0000000000000	0.0000875219139	0	0.82	1.00000	4.1e+03	-3.61
tggcgt	tggcgt	0.0002129925453	0.0001266061273	2	1.19	0.33334	1.4e+03	-3.14
tggcta	tggcta	0.0002129925453	0.0001496557917	2	1.41	0.41000	1.7e+03	-3.23
tggctc	tggctc	0.0003194888179	0.0001209272245	3	1.14	0.10683	4.4e+02	-2.64
tggctg	tggctg	0.0001064962726	0.0001459812075	1	1.37	0.74611	3.1e+03	-3.49
tggctt	tggctt	0.0003194888179	0.0002528782016	3	2.37	0.42363	1.7e+03	-3.24
tgggaa	tgggaa	0.0002129925453	0.0002094512977	2	1.97	0.58495	2.4e+03	-3.38
tgggac	tgggac	0.0000000000000	0.0000701511523	0	0.66	1.00000	4.1e+03	-3.61
tgggag	tgggag	0.0001064962726	0.0000911964981	1	0.86	0.57530	2.4e+03	-3.37
tgggat	tgggat	0.0000000000000	0.0001449790482	0	1.36	1.00000	4.1e+03	-3.61
tgggca	tgggca	0.0000000000000	0.0001149142686	0	1.08	1.00000	4.1e+03	-3.61
tgggcc	tgggcc	0.0002129925453	0.0000714873648	2	0.67	0.14588	6.0e+02	-2.78
tgggcg	tgggcg	0.0001064962726	0.0000825111173	1	0.77	0.53921	2.2e+03	-3.34
tgggct	tgggct	0.0001064962726	0.0001149142686	1	1.08	0.66010	2.7e+03	-3.43
tgggga	tgggga	0.0001064962726	0.0000995478257	1	0.93	0.60734	2.5e+03	-3.40
tggggc	tggggc	0.0002129925453	0.0000658084620	2	0.62	0.12784	5.2e+02	-2.72
tggggg	tggggg	0.0001064962726	0.0000614657716	1	0.58	0.43852	1.8e+03	-3.25
tggggt	tggggt	0.0001064962726	0.0000965413478	1	0.91	0.59609	2.4e+03	-3.39
tgggta	tgggta	0.0002129925453	0.0001376298798	2	1.29	0.37047	1.5e+03	-3.18
tgggtc	tgggtc	0.0001064962726	0.0000751619489	1	0.71	0.50629	2.1e+03	-3.32
tgggtg	tgggtg	0.0000000000000	0.0001509920041	0	1.42	1.00000	4.1e+03	-3.61
tgggtt	tgggtt	0.0001064962726	0.0001449790482	1	1.36	0.74371	3.0e+03	-3.48
tggtaa	tggtaa	0.0001064962726	0.0002836110874	1	2.66	0.93030	3.8e+03	-3.58
tggtac	tggtac	0.0001064962726	0.0001379639330	1	1.30	0.72626	3.0e+03	-3.47
tggtag	tggtag	0.0002129925453	0.0001640200753	2	1.54	0.45554	1.9e+03	-3.27
tggtat	tggtat	0.0004259850905	0.0002765959721	4	2.60	0.26339	1.1e+03	-3.03
tggtca	tggtca	0.0001064962726	0.0001426406764	1	1.34	0.73802	3.0e+03	-3.48
tggtcc	tggtcc	0.0000000000000	0.0000718214179	0	0.67	1.00000	4.1e+03	-3.61
tggtcg	tggtcg	0.0000000000000	0.0000607976654	0	0.57	1.00000	4.1e+03	-3.61
tggtct	tggtct	0.0000000000000	0.0001366277205	0	1.28	1.00000	4.1e+03	-3.61
tggtga	tggtga	0.0004259850905	0.0002010999701	4	1.89	0.12329	5.0e+02	-2.70
tggtgc	tggtgc	0.0001064962726	0.0001316169239	1	1.24	0.70945	2.9e+03	-3.46
tggtgg	tggtgg	0.0002129925453	0.0001302807115	2	1.22	0.34580	1.4e+03	-3.15
tggtgt	tggtgt	0.0001064962726	0.0001696989781	1	1.59	0.79681	3.3e+03	-3.51
tggtta	tggtta	0.0004259850905	0.0002214772096	4	2.08	0.15751	6.5e+02	-2.81
tggttc	tggttc	0.0001064962726	0.0001686968187	1	1.58	0.79489	3.3e+03	-3.51
tggttg	tggttg	0.0001064962726	0.0001847313679	1	1.73	0.82356	3.4e+03	-3.53
tggttt	tggttt	0.0006389776358	0.0003357233720	6	3.15	0.10003	4.1e+02	-2.61
tgtaaa	tgtaaa	0.0004259850905	0.0005648838030	4	5.30	0.77520	3.2e+03	-3.50
tgtaac	tgtaac	0.0004259850905	0.0002375117587	4	2.23	0.18661	7.6e+02	-2.88
tgtaag	tgtaag	0.0000000000000	0.0002475333519	0	2.32	1.00000	4.1e+03	-3.61
tgtaat	tgtaat	0.0005324813632	0.0004927283320	5	4.63	0.49180	2.0e+03	-3.30
tgtaca	tgtaca	0.0006389776358	0.0002979753709	6	2.80	0.06491	2.7e+02	-2.42
tgtacc	tgtacc	0.0000000000000	0.0001366277205	0	1.28	1.00000	4.1e+03	-3.61
tgtacg	tgtacg	0.0001064962726	0.0001686968187	1	1.58	0.79489	3.3e+03	-3.51
tgtact	tgtact	0.0003194888179	0.0002826089280	3	2.65	0.49499	2.0e+03	-3.31
tgtaga	tgtaga	0.0003194888179	0.0002866175653	3	2.69	0.50428	2.1e+03	-3.32
tgtagc	tgtagc	0.0003194888179	0.0001556687476	3	1.46	0.18160	7.4e+02	-2.87
tgtagg	tgtagg	0.0002129925453	0.0001503238979	2	1.41	0.41216	1.7e+03	-3.23
tgtagt	tgtagt	0.0001064962726	0.0002652381665	1	2.49	0.91717	3.8e+03	-3.57
tgtata	tgtata	0.0005324813632	0.0006848088682	5	6.43	0.76853	3.1e+03	-3.50
tgtatc	tgtatc	0.0002129925453	0.0002492036174	2	2.34	0.67831	2.8e+03	-3.44
tgtatg	tgtatg	0.0003194888179	0.0002889559371	3	2.71	0.50965	2.1e+03	-3.32
tgtatt	tgtatt	0.0002129925453	0.0005835907769	2	5.48	0.97301	4.0e+03	-3.60
tgtcaa	tgtcaa	0.0004259850905	0.0002872856715	4	2.70	0.28537	1.2e+03	-3.07
tgtcac	tgtcac	0.0001064962726	0.0001960891735	1	1.84	0.84141	3.4e+03	-3.54
tgtcag	tgtcag	0.0000000000000	0.0001469833668	0	1.38	1.00000	4.1e+03	-3.61
tgtcat	tgtcat	0.0002129925453	0.0003317147347	2	3.11	0.81740	3.3e+03	-3.52
tgtcca	tgtcca	0.0001064962726	0.0001342893488	1	1.26	0.71665	2.9e+03	-3.47
tgtccc	tgtccc	0.0000000000000	0.0000928667636	0	0.87	1.00000	4.1e+03	-3.61
tgtccg	tgtccg	0.0002129925453	0.0000724895241	2	0.68	0.14911	6.1e+02	-2.79
tgtcct	tgtcct	0.0002129925453	0.0001910783769	2	1.79	0.53547	2.2e+03	-3.34
tgtcga	tgtcga	0.0003194888179	0.0001092353658	3	1.03	0.08508	3.5e+02	-2.54
tgtcgc	tgtcgc	0.0002129925453	0.0000972094540	2	0.91	0.23220	9.5e+02	-2.98
tgtcgg	tgtcgg	0.0000000000000	0.0000631360371	0	0.59	1.00000	4.1e+03	-3.61
tgtcgt	tgtcgt	0.0005324813632	0.0001463152606	5	1.37	0.01324	5.4e+01	-1.73
tgtcta	tgtcta	0.0000000000000	0.0001696989781	0	1.59	1.00000	4.1e+03	-3.61
tgtctc	tgtctc	0.0002129925453	0.0001783843588	2	1.68	0.49898	2.0e+03	-3.31
tgtctg	tgtctg	0.0000000000000	0.0001489876855	0	1.40	1.00000	4.1e+03	-3.61
tgtctt	tgtctt	0.0002129925453	0.0003611114080	2	3.39	0.85216	3.5e+03	-3.54
tgtgaa	tgtgaa	0.0008519701810	0.0002959710523	8	2.78	0.00779	3.2e+01	-1.50
tgtgac	tgtgac	0.0000000000000	0.0001743757216	0	1.64	1.00000	4.1e+03	-3.61
tgtgag	tgtgag	0.0001064962726	0.0001352915081	1	1.27	0.71930	2.9e+03	-3.47
tgtgat	tgtgat	0.0005324813632	0.0002652381665	5	2.49	0.10754	4.4e+02	-2.64
tgtgca	tgtgca	0.0002129925453	0.0002014340232	2	1.89	0.56385	2.3e+03	-3.36
tgtgcc	tgtgcc	0.0002129925453	0.0001372958267	2	1.29	0.36936	1.5e+03	-3.18
tgtgcg	tgtgcg	0.0000000000000	0.0001242677556	0	1.17	1.00000	4.1e+03	-3.61
tgtgct	tgtgct	0.0001064962726	0.0002244836875	1	2.11	0.87854	3.6e+03	-3.56
tgtgga	tgtgga	0.0001064962726	0.0001486536324	1	1.40	0.75241	3.1e+03	-3.49
tgtggc	tgtggc	0.0004259850905	0.0001393001454	4	1.31	0.04389	1.8e+02	-2.25
tgtggg	tgtggg	0.0003194888179	0.0001159164279	3	1.09	0.09726	4.0e+02	-2.60
tgtggt	tgtggt	0.0003194888179	0.0001653562877	3	1.55	0.20448	8.4e+02	-2.92
tgtgta	tgtgta	0.0001064962726	0.0003343871595	1	3.14	0.95674	3.9e+03	-3.59
tgtgtc	tgtgtc	0.0001064962726	0.0001506579510	1	1.41	0.75702	3.1e+03	-3.49
tgtgtg	tgtgtg	0.0004259850905	0.0002562187326	4	2.41	0.22249	9.1e+02	-2.96
tgtgtt	tgtgtt	0.0003194888179	0.0003049904862	3	2.86	0.54566	2.2e+03	-3.35
tgttaa	tgttaa	0.0004259850905	0.0004275879762	4	4.02	0.56951	2.3e+03	-3.37
tgttac	tgttac	0.0002129925453	0.0003089991234	2	2.90	0.78570	3.2e+03	-3.51
tgttag	tgttag	0.0003194888179	0.0002345052807	3	2.20	0.37783	1.5e+03	-3.19
tgttat	tgttat	0.0002129925453	0.0004706808270	2	4.42	0.93480	3.8e+03	-3.58
tgttca	tgttca	0.0003194888179	0.0003163482918	3	2.97	0.57021	2.3e+03	-3.37
tgttcc	tgttcc	0.0000000000000	0.0002067788729	0	1.94	1.00000	4.1e+03	-3.61
tgttcg	tgttcg	0.0002129925453	0.0001610135973	2	1.51	0.44617	1.8e+03	-3.26
tgttct	tgttct	0.0004259850905	0.0004172323299	4	3.92	0.55035	2.3e+03	-3.35
tgttga	tgttga	0.0001064962726	0.0003373936375	1	3.17	0.95794	3.9e+03	-3.59
tgttgc	tgttgc	0.0001064962726	0.0002348393338	1	2.21	0.88979	3.6e+03	-3.56
tgttgg	tgttgg	0.0003194888179	0.0002679105914	3	2.52	0.46022	1.9e+03	-3.28
tgttgt	tgttgt	0.0002129925453	0.0003975231966	2	3.73	0.88681	3.6e+03	-3.56
tgttta	tgttta	0.0006389776358	0.0005227931116	6	4.91	0.36808	1.5e+03	-3.18
tgtttc	tgtttc	0.0003194888179	0.0004780299953	3	4.49	0.82521	3.4e+03	-3.53
tgtttg	tgtttg	0.0004259850905	0.0003738054261	4	3.51	0.46555	1.9e+03	-3.28
tgtttt	tgtttt	0.0008519701810	0.0009346805918	8	8.78	0.64941	2.7e+03	-3.42
ttaaaa	ttaaaa	0.0009584664537	0.0010128490187	9	9.51	0.60958	2.5e+03	-3.40
ttaaac	ttaaac	0.0002129925453	0.0004085469492	2	3.84	0.89571	3.7e+03	-3.56
ttaaag	ttaaag	0.0005324813632	0.0005114353059	5	4.80	0.52421	2.1e+03	-3.33
ttaaat	ttaaat	0.0002129925453	0.0007045180015	2	6.62	0.98982	4.1e+03	-3.61
ttaaca	ttaaca	0.0004259850905	0.0004409501005	4	4.14	0.59354	2.4e+03	-3.39
ttaacc	ttaacc	0.0002129925453	0.0002121237226	2	1.99	0.59181	2.4e+03	-3.38
ttaacg	ttaacg	0.0000000000000	0.0002325009621	0	2.18	1.00000	4.1e+03	-3.61
ttaact	ttaact	0.0004259850905	0.0003657881515	4	3.43	0.44924	1.8e+03	-3.26
ttaaga	ttaaga	0.0001064962726	0.0004302604011	1	4.04	0.98242	4.0e+03	-3.60
ttaagc	ttaagc	0.0001064962726	0.0002321669090	1	2.18	0.88699	3.6e+03	-3.56
ttaagg	ttaagg	0.0003194888179	0.0002742576004	3	2.58	0.47537	1.9e+03	-3.29
ttaagt	ttaagt	0.0005324813632	0.0003721351606	5	3.49	0.27347	1.1e+03	-3.05
ttaata	ttaata	0.0004259850905	0.0008267814384	4	7.76	0.95039	3.9e+03	-3.59
ttaatc	ttaatc	0.0003194888179	0.0003537622397	3	3.32	0.64498	2.6e+03	-3.42
ttaatg	ttaatg	0.0005324813632	0.0003808205413	5	3.58	0.28894	1.2e+03	-3.07
ttaatt	ttaatt	0.0006389776358	0.0008197663232	6	7.70	0.77958	3.2e+03	-3.50
ttacaa	ttacaa	0.0006389776358	0.0004650019241	6	4.37	0.27440	1.1e+03	-3.05
ttacac	ttacac	0.0003194888179	0.0002675765382	3	2.51	0.45942	1.9e+03	-3.27
ttacag	ttacag	0.0002129925453	0.0002816067687	2	2.64	0.74110	3.0e+03	-3.48
ttacat	ttacat	0.0010649627263	0.0005525238380	10	5.19	0.03913	1.6e+02	-2.20
ttacca	ttacca	0.0004259850905	0.0003126737076	4	2.94	0.33843	1.4e+03	-3.14
ttaccc	ttaccc	0.0001064962726	0.0003267039381	1	3.07	0.95350	3.9e+03	-3.59
ttaccg	ttaccg	0.0001064962726	0.0001560028007	1	1.46	0.76892	3.1e+03	-3.50
ttacct	ttacct	0.0003194888179	0.0002953029461	3	2.77	0.52409	2.1e+03	-3.33
ttacga	ttacga	0.0003194888179	0.0002024361825	3	1.90	0.29651	1.2e+03	-3.08
ttacgc	ttacgc	0.0000000000000	0.0001606795442	0	1.51	1.00000	4.1e+03	-3.61
ttacgg	ttacgg	0.0001064962726	0.0001513260572	1	1.42	0.75854	3.1e+03	-3.49
ttacgt	ttacgt	0.0004259850905	0.0002852813529	4	2.68	0.28123	1.2e+03	-3.06
ttacta	ttacta	0.0003194888179	0.0005141077308	3	4.83	0.86011	3.5e+03	-3.55
ttactc	ttactc	0.0006389776358	0.0002989775303	6	2.81	0.06573	2.7e+02	-2.43
ttactg	ttactg	0.0002129925453	0.0003360574251	2	3.16	0.82296	3.4e+03	-3.53
ttactt	ttactt	0.0007454739084	0.0006707786377	7	6.30	0.44156	1.8e+03	-3.26
ttagaa	ttagaa	0.0003194888179	0.0004526419592	3	4.25	0.79639	3.3e+03	-3.51
ttagac	ttagac	0.0002129925453	0.0001463152606	2	1.37	0.39913	1.6e+03	-3.21
ttagag	ttagag	0.0002129925453	0.0002321669090	2	2.18	0.64057	2.6e+03	-3.42
ttagat	ttagat	0.0003194888179	0.0003260358319	3	3.06	0.59048	2.4e+03	-3.38
ttagca	ttagca	0.0002129925453	0.0002979753709	2	2.80	0.76862	3.1e+03	-3.50
ttagcc	ttagcc	0.0000000000000	0.0001560028007	0	1.46	1.00000	4.1e+03	-3.61
ttagcg	ttagcg	0.0000000000000	0.0001610135973	0	1.51	1.00000	4.1e+03	-3.61
ttagct	ttagct	0.0003194888179	0.0002558846795	3	2.40	0.43102	1.8e+03	-3.25
ttagga	ttagga	0.0001064962726	0.0002338371745	1	2.20	0.88875	3.6e+03	-3.56
ttaggc	ttaggc	0.0001064962726	0.0001306147646	1	1.23	0.70670	2.9e+03	-3.46
ttaggg	ttaggg	0.0000000000000	0.0001436428358	0	1.35	1.00000	4.1e+03	-3.61
ttaggt	ttaggt	0.0003194888179	0.0002111215633	3	1.98	0.31857	1.3e+03	-3.12
ttagta	ttagta	0.0006389776358	0.0004489673750	6	4.22	0.24941	1.0e+03	-3.01
ttagtc	ttagtc	0.0007454739084	0.0001763800402	7	1.66	0.00162	6.6e+00	-0.82
ttagtg	ttagtg	0.0002129925453	0.0002796024501	2	2.63	0.73754	3.0e+03	-3.48
ttagtt	ttagtt	0.0006389776358	0.0004690105614	6	4.40	0.28074	1.1e+03	-3.06
ttataa	ttataa	0.0009584664537	0.0008324603412	9	7.82	0.38189	1.6e+03	-3.19
ttatac	ttatac	0.0001064962726	0.0004519738530	1	4.24	0.98566	4.0e+03	-3.61
ttatag	ttatag	0.0002129925453	0.0004740213580	2	4.45	0.93645	3.8e+03	-3.58
ttatat	ttatat	0.0009584664537	0.0012814277163	9	12.03	0.84726	3.5e+03	-3.54
ttatca	ttatca	0.0007454739084	0.0006824704964	7	6.41	0.45902	1.9e+03	-3.27
ttatcc	ttatcc	0.0001064962726	0.0002876197246	1	2.70	0.93287	3.8e+03	-3.58
ttatcg	ttatcg	0.0002129925453	0.0002461971394	2	2.31	0.67189	2.8e+03	-3.44
ttatct	ttatct	0.0005324813632	0.0005445065635	5	5.11	0.57914	2.4e+03	-3.38
ttatga	ttatga	0.0002129925453	0.0003888378159	2	3.65	0.87930	3.6e+03	-3.56
ttatgc	ttatgc	0.0002129925453	0.0002488695643	2	2.34	0.67760	2.8e+03	-3.44
ttatgg	ttatgg	0.0000000000000	0.0002301625903	0	2.16	1.00000	4.1e+03	-3.61
ttatgt	ttatgt	0.0003194888179	0.0004950667037	3	4.65	0.84254	3.5e+03	-3.54
ttatta	ttatta	0.0008519701810	0.0010121809125	8	9.50	0.73192	3.0e+03	-3.48
ttattc	ttattc	0.0005324813632	0.0006791299654	5	6.38	0.76235	3.1e+03	-3.49
ttattg	ttattg	0.0002129925453	0.0006096469192	2	5.72	0.97807	4.0e+03	-3.60
ttattt	ttattt	0.0015974440895	0.0015473339890	15	14.53	0.48554	2.0e+03	-3.30
ttcaaa	ttcaaa	0.0009584664537	0.0007589686578	9	7.13	0.28753	1.2e+03	-3.07
ttcaac	ttcaac	0.0007454739084	0.0004229112327	7	3.97	0.10764	4.4e+02	-2.64
ttcaag	ttcaag	0.0001064962726	0.0004436225253	1	4.17	0.98449	4.0e+03	-3.61
ttcaat	ttcaat	0.0006389776358	0.0006687743191	6	6.28	0.59822	2.5e+03	-3.39
ttcaca	ttcaca	0.0002129925453	0.0003320487878	2	3.12	0.81784	3.3e+03	-3.53
ttcacc	ttcacc	0.0002129925453	0.0002672424851	2	2.51	0.71467	2.9e+03	-3.47
ttcacg	ttcacg	0.0006389776358	0.0001763800402	6	1.66	0.00709	2.9e+01	-1.46
ttcact	ttcact	0.0003194888179	0.0004356052508	3	4.09	0.77490	3.2e+03	-3.50
ttcaga	ttcaga	0.0000000000000	0.0003126737076	0	2.94	1.00000	4.1e+03	-3.61
ttcagc	ttcagc	0.0003194888179	0.0002786002908	3	2.62	0.48562	2.0e+03	-3.30
ttcagg	ttcagg	0.0002129925453	0.0001974253859	2	1.85	0.55301	2.3e+03	-3.36
ttcagt	ttcagt	0.0004259850905	0.0003484173900	4	3.27	0.41340	1.7e+03	-3.23
ttcata	ttcata	0.0001064962726	0.0005715648651	1	5.37	0.99534	4.1e+03	-3.61
ttcatc	ttcatc	0.0004259850905	0.0004021999401	4	3.78	0.52176	2.1e+03	-3.33
ttcatg	ttcatg	0.0007454739084	0.0002939667337	7	2.76	0.02281	9.3e+01	-1.97
ttcatt	ttcatt	0.0010649627263	0.0008494970496	10	7.98	0.28044	1.1e+03	-3.06
ttccaa	ttccaa	0.0005324813632	0.0004115534271	5	3.86	0.34470	1.4e+03	-3.15
ttccac	ttccac	0.0003194888179	0.0002755938128	3	2.59	0.47853	2.0e+03	-3.29
ttccag	ttccag	0.0001064962726	0.0002304966434	1	2.16	0.88521	3.6e+03	-3.56
ttccat	ttccat	0.0004259850905	0.0004569846496	4	4.29	0.62129	2.5e+03	-3.41
ttccca	ttccca	0.0004259850905	0.0002415203959	4	2.27	0.19414	8.0e+02	-2.90
ttcccc	ttcccc	0.0002129925453	0.0001984275452	2	1.86	0.55574	2.3e+03	-3.36
ttcccg	ttcccg	0.0000000000000	0.0001259380211	0	1.18	1.00000	4.1e+03	-3.61
ttccct	ttccct	0.0001064962726	0.0004008637277	1	3.76	0.97683	4.0e+03	-3.60
ttccga	ttccga	0.0001064962726	0.0001646881815	1	1.55	0.78702	3.2e+03	-3.51
ttccgc	ttccgc	0.0002129925453	0.0001870697396	2	1.76	0.52414	2.1e+03	-3.33
ttccgg	ttccgg	0.0000000000000	0.0001332871895	0	1.25	1.00000	4.1e+03	-3.61
ttccgt	ttccgt	0.0003194888179	0.0002492036174	3	2.34	0.41456	1.7e+03	-3.23
ttccta	ttccta	0.0000000000000	0.0003784821696	0	3.55	1.00000	4.1e+03	-3.61
ttcctc	ttcctc	0.0006389776358	0.0003681265233	6	3.46	0.13668	5.6e+02	-2.75
ttcctg	ttcctg	0.0002129925453	0.0002759278659	2	2.59	0.73091	3.0e+03	-3.48
ttcctt	ttcctt	0.0006389776358	0.0007683221448	6	7.21	0.72595	3.0e+03	-3.47
ttcgaa	ttcgaa	0.0002129925453	0.0003213590884	2	3.02	0.80351	3.3e+03	-3.52
ttcgac	ttcgac	0.0000000000000	0.0001282763929	0	1.20	1.00000	4.1e+03	-3.61
ttcgag	ttcgag	0.0003194888179	0.0002027702356	3	1.90	0.29736	1.2e+03	-3.09
ttcgat	ttcgat	0.0001064962726	0.0002468652456	1	2.32	0.90156	3.7e+03	-3.57
ttcgca	ttcgca	0.0001064962726	0.0001847313679	1	1.73	0.82356	3.4e+03	-3.53
ttcgcc	ttcgcc	0.0001064962726	0.0001309488177	1	1.23	0.70762	2.9e+03	-3.46
ttcgcg	ttcgcg	0.0000000000000	0.0001369617736	0	1.29	1.00000	4.1e+03	-3.61
ttcgct	ttcgct	0.0005324813632	0.0002074469791	5	1.95	0.04806	2.0e+02	-2.29
ttcgga	ttcgga	0.0001064962726	0.0001560028007	1	1.46	0.76892	3.1e+03	-3.50
ttcggc	ttcggc	0.0001064962726	0.0001252699149	1	1.18	0.69160	2.8e+03	-3.45
ttcggg	ttcggg	0.0000000000000	0.0001058948347	0	0.99	1.00000	4.1e+03	-3.61
ttcggt	ttcggt	0.0000000000000	0.0001519941634	0	1.43	1.00000	4.1e+03	-3.61
ttcgta	ttcgta	0.0001064962726	0.0002492036174	1	2.34	0.90370	3.7e+03	-3.57
ttcgtc	ttcgtc	0.0003194888179	0.0001680287125	3	1.58	0.21091	8.6e+02	-2.94
ttcgtg	ttcgtg	0.0003194888179	0.0001803886775	3	1.69	0.24115	9.9e+02	-2.99
ttcgtt	ttcgtt	0.0003194888179	0.0004135577458	3	3.88	0.74436	3.0e+03	-3.48
ttctaa	ttctaa	0.0007454739084	0.0004386117287	7	4.12	0.12334	5.1e+02	-2.70
ttctac	ttctac	0.0004259850905	0.0003714670543	4	3.49	0.46081	1.9e+03	-3.28
ttctag	ttctag	0.0003194888179	0.0003093331766	3	2.90	0.55514	2.3e+03	-3.36
ttctat	ttctat	0.0010649627263	0.0006427181768	10	6.04	0.08630	3.5e+02	-2.55
ttctca	ttctca	0.0002129925453	0.0004586549151	2	4.31	0.92852	3.8e+03	-3.58
ttctcc	ttctcc	0.0004259850905	0.0003470811776	4	3.26	0.41062	1.7e+03	-3.23
ttctcg	ttctcg	0.0005324813632	0.0002555506264	5	2.40	0.09580	3.9e+02	-2.59
ttctct	ttctct	0.0009584664537	0.0006403798050	9	6.01	0.15406	6.3e+02	-2.80
ttctga	ttctga	0.0004259850905	0.0003287082567	4	3.09	0.37216	1.5e+03	-3.18
ttctgc	ttctgc	0.0002129925453	0.0003136758669	2	2.95	0.79260	3.2e+03	-3.51
ttctgg	ttctgg	0.0002129925453	0.0002137939881	2	2.01	0.59606	2.4e+03	-3.39
ttctgt	ttctgt	0.0001064962726	0.0004817045795	1	4.52	0.98916	4.1e+03	-3.61
ttctta	ttctta	0.0002129925453	0.0006437203361	2	6.04	0.98332	4.0e+03	-3.61
ttcttc	ttcttc	0.0003194888179	0.0007866950656	3	7.39	0.97795	4.0e+03	-3.60
ttcttg	ttcttg	0.0009584664537	0.0006303582118	9	5.92	0.14445	5.9e+02	-2.77
ttcttt	ttcttt	0.0010649627263	0.0016816233378	10	15.79	0.95216	3.9e+03	-3.59
ttgaaa	ttgaaa	0.0005324813632	0.0009587324154	5	9.00	0.94520	3.9e+03	-3.59
ttgaac	ttgaac	0.0003194888179	0.0003270379912	3	3.07	0.59254	2.4e+03	-3.39
ttgaag	ttgaag	0.0002129925453	0.0004309285073	2	4.05	0.91181	3.7e+03	-3.57
ttgaat	ttgaat	0.0005324813632	0.0005281379613	5	4.96	0.55237	2.3e+03	-3.35
ttgaca	ttgaca	0.0005324813632	0.0003043223800	5	2.86	0.16137	6.6e+02	-2.82
ttgacc	ttgacc	0.0001064962726	0.0001456471544	1	1.37	0.74531	3.1e+03	-3.48
ttgacg	ttgacg	0.0002129925453	0.0001626838628	2	1.53	0.45138	1.8e+03	-3.27
ttgact	ttgact	0.0002129925453	0.0002361755462	2	2.22	0.64976	2.7e+03	-3.43
ttgaga	ttgaga	0.0001064962726	0.0003470811776	1	3.26	0.96160	3.9e+03	-3.60
ttgagc	ttgagc	0.0000000000000	0.0001894081113	0	1.78	1.00000	4.1e+03	-3.61
ttgagg	ttgagg	0.0001064962726	0.0002241496344	1	2.10	0.87815	3.6e+03	-3.56
ttgagt	ttgagt	0.0002129925453	0.0002592252106	2	2.43	0.69895	2.9e+03	-3.46
ttgata	ttgata	0.0005324813632	0.0006159939283	5	5.78	0.68510	2.8e+03	-3.45
ttgatc	ttgatc	0.0002129925453	0.0002632338479	2	2.47	0.70690	2.9e+03	-3.46
ttgatg	ttgatg	0.0001064962726	0.0003347212126	1	3.14	0.95687	3.9e+03	-3.59
ttgatt	ttgatt	0.0007454739084	0.0005184504212	7	4.87	0.21877	9.0e+02	-2.95
ttgcaa	ttgcaa	0.0001064962726	0.0004028680464	1	3.78	0.97726	4.0e+03	-3.60
ttgcac	ttgcac	0.0001064962726	0.0002552165733	1	2.40	0.90899	3.7e+03	-3.57
ttgcag	ttgcag	0.0002129925453	0.0002789343439	2	2.62	0.73634	3.0e+03	-3.48
ttgcat	ttgcat	0.0001064962726	0.0004035361526	1	3.79	0.97740	4.0e+03	-3.60
ttgcca	ttgcca	0.0001064962726	0.0002902921495	1	2.73	0.93453	3.8e+03	-3.58
ttgccc	ttgccc	0.0001064962726	0.0001509920041	1	1.42	0.75778	3.1e+03	-3.49
ttgccg	ttgccg	0.0000000000000	0.0001399682516	0	1.31	1.00000	4.1e+03	-3.61
ttgcct	ttgcct	0.0005324813632	0.0002608954761	5	2.45	0.10219	4.2e+02	-2.62
ttgcga	ttgcga	0.0001064962726	0.0001780503057	1	1.67	0.81214	3.3e+03	-3.52
ttgcgc	ttgcgc	0.0001064962726	0.0001393001454	1	1.31	0.72967	3.0e+03	-3.48
ttgcgg	ttgcgg	0.0000000000000	0.0001149142686	0	1.08	1.00000	4.1e+03	-3.61
ttgcgt	ttgcgt	0.0003194888179	0.0002101194039	3	1.97	0.31602	1.3e+03	-3.11
ttgcta	ttgcta	0.0004259850905	0.0003196888229	4	3.00	0.35319	1.4e+03	-3.16
ttgctc	ttgctc	0.0004259850905	0.0002441928208	4	2.29	0.19921	8.2e+02	-2.91
ttgctg	ttgctg	0.0001064962726	0.0002876197246	1	2.70	0.93287	3.8e+03	-3.58
ttgctt	ttgctt	0.0007454739084	0.0004943985975	7	4.64	0.18757	7.7e+02	-2.89
ttggaa	ttggaa	0.0005324813632	0.0004362733570	5	4.10	0.39003	1.6e+03	-3.20
ttggac	ttggac	0.0002129925453	0.0001399682516	2	1.31	0.37824	1.5e+03	-3.19
ttggag	ttggag	0.0001064962726	0.0001506579510	1	1.41	0.75702	3.1e+03	-3.49
ttggat	ttggat	0.0002129925453	0.0002415203959	2	2.27	0.66171	2.7e+03	-3.43
ttggca	ttggca	0.0003194888179	0.0002528782016	3	2.37	0.42363	1.7e+03	-3.24
ttggcc	ttggcc	0.0003194888179	0.0001413044640	3	1.33	0.14910	6.1e+02	-2.79
ttggcg	ttggcg	0.0001064962726	0.0001620157566	1	1.52	0.78161	3.2e+03	-3.51
ttggct	ttggct	0.0003194888179	0.0002515419891	3	2.36	0.42034	1.7e+03	-3.24
ttggga	ttggga	0.0000000000000	0.0001830611023	0	1.72	1.00000	4.1e+03	-3.61
ttgggc	ttgggc	0.0003194888179	0.0001352915081	3	1.27	0.13611	5.6e+02	-2.75
ttgggg	ttgggg	0.0001064962726	0.0001002159319	1	0.94	0.60979	2.5e+03	-3.40
ttgggt	ttgggt	0.0001064962726	0.0001750438278	1	1.64	0.80676	3.3e+03	-3.52
ttggta	ttggta	0.0001064962726	0.0003056585924	1	2.87	0.94333	3.9e+03	-3.59
ttggtc	ttggtc	0.0000000000000	0.0001633519690	0	1.53	1.00000	4.1e+03	-3.61
ttggtg	ttggtg	0.0004259850905	0.0002161323599	4	2.03	0.14822	6.1e+02	-2.78
ttggtt	ttggtt	0.0007454739084	0.0003390639030	7	3.18	0.04361	1.8e+02	-2.25
ttgtaa	ttgtaa	0.0004259850905	0.0004897218540	4	4.60	0.67411	2.8e+03	-3.44
ttgtac	ttgtac	0.0003194888179	0.0002849472998	3	2.68	0.50042	2.0e+03	-3.31
ttgtag	ttgtag	0.0004259850905	0.0002802705563	4	2.63	0.27091	1.1e+03	-3.05
ttgtat	ttgtat	0.0002129925453	0.0005989572198	2	5.62	0.97612	4.0e+03	-3.60
ttgtca	ttgtca	0.0003194888179	0.0003350552657	3	3.15	0.60879	2.5e+03	-3.40
ttgtcc	ttgtcc	0.0004259850905	0.0001900762176	4	1.78	0.10626	4.4e+02	-2.64
ttgtcg	ttgtcg	0.0003194888179	0.0001533303758	3	1.44	0.17618	7.2e+02	-2.86
ttgtct	ttgtct	0.0002129925453	0.0003390639030	2	3.18	0.82672	3.4e+03	-3.53
ttgtga	ttgtga	0.0004259850905	0.0002742576004	4	2.58	0.25862	1.1e+03	-3.03
ttgtgc	ttgtgc	0.0000000000000	0.0002268220593	0	2.13	1.00000	4.1e+03	-3.61
ttgtgg	ttgtgg	0.0004259850905	0.0001770481464	4	1.66	0.08764	3.6e+02	-2.56
ttgtgt	ttgtgt	0.0003194888179	0.0003457449652	3	3.25	0.62977	2.6e+03	-3.41
ttgtta	ttgtta	0.0004259850905	0.0005632135374	4	5.29	0.77325	3.2e+03	-3.50
ttgttc	ttgttc	0.0007454739084	0.0004586549151	7	4.31	0.14497	5.9e+02	-2.77
ttgttg	ttgttg	0.0002129925453	0.0005137736777	2	4.82	0.95326	3.9e+03	-3.59
ttgttt	ttgttt	0.0009584664537	0.0009941420447	9	9.33	0.58768	2.4e+03	-3.38
tttaaa	tttaaa	0.0007454739084	0.0009440340788	7	8.86	0.78072	3.2e+03	-3.50
tttaac	tttaac	0.0005324813632	0.0004680084021	5	4.39	0.44780	1.8e+03	-3.26
tttaag	tttaag	0.0005324813632	0.0004940645444	5	4.64	0.49414	2.0e+03	-3.31
tttaat	tttaat	0.0011714589989	0.0008611889084	11	8.09	0.19272	7.9e+02	-2.90
tttaca	tttaca	0.0006389776358	0.0005942804763	6	5.58	0.48482	2.0e+03	-3.30
tttacc	tttacc	0.0003194888179	0.0003915102407	3	3.68	0.71059	2.9e+03	-3.46
tttacg	tttacg	0.0003194888179	0.0003186866635	3	2.99	0.57516	2.4e+03	-3.37
tttact	tttact	0.0010649627263	0.0007038498952	10	6.61	0.13210	5.4e+02	-2.73
tttaga	tttaga	0.0007454739084	0.0004038702057	7	3.79	0.09014	3.7e+02	-2.57
tttagc	tttagc	0.0002129925453	0.0003447428058	2	3.24	0.83363	3.4e+03	-3.53
tttagg	tttagg	0.0004259850905	0.0002786002908	4	2.62	0.26748	1.1e+03	-3.04
tttagt	tttagt	0.0007454739084	0.0005050882969	7	4.74	0.20121	8.2e+02	-2.92
tttata	tttata	0.0011714589989	0.0012102744046	11	11.36	0.58293	2.4e+03	-3.38
tttatc	tttatc	0.0009584664537	0.0006133215034	9	5.76	0.12885	5.3e+02	-2.72
tttatg	tttatg	0.0001064962726	0.0005157779963	1	4.84	0.99213	4.1e+03	-3.61
tttatt	tttatt	0.0011714589989	0.0015383145551	11	14.44	0.85216	3.5e+03	-3.54
tttcaa	tttcaa	0.0012779552716	0.0009674177962	12	9.08	0.20513	8.4e+02	-2.92
tttcac	tttcac	0.0008519701810	0.0005411660324	8	5.08	0.14197	5.8e+02	-2.76
tttcag	tttcag	0.0006389776358	0.0004974050755	6	4.67	0.32645	1.3e+03	-3.13
tttcat	tttcat	0.0009584664537	0.0009002731218	9	8.45	0.47053	1.9e+03	-3.28
tttcca	tttcca	0.0005324813632	0.0005568665284	5	5.23	0.59878	2.5e+03	-3.39
tttccc	tttccc	0.0005324813632	0.0004329328259	5	4.07	0.38391	1.6e+03	-3.20
tttccg	tttccg	0.0003194888179	0.0003353893189	3	3.15	0.60946	2.5e+03	-3.40
tttcct	tttcct	0.0009584664537	0.0007907037029	9	7.42	0.32769	1.3e+03	-3.13
tttcga	tttcga	0.0000000000000	0.0003460790183	0	3.25	1.00000	4.1e+03	-3.61
tttcgc	tttcgc	0.0007454739084	0.0002919624150	7	2.74	0.02209	9.0e+01	-1.96
tttcgg	tttcgg	0.0001064962726	0.0002171345192	1	2.04	0.86986	3.6e+03	-3.55
tttcgt	tttcgt	0.0005324813632	0.0004172323299	5	3.92	0.35511	1.5e+03	-3.16
tttcta	tttcta	0.0010649627263	0.0007061882670	10	6.63	0.13407	5.5e+02	-2.74
tttctc	tttctc	0.0013844515442	0.0007382573652	13	6.93	0.02521	1.0e+02	-2.01
tttctg	tttctg	0.0003194888179	0.0005304763330	3	4.98	0.87382	3.6e+03	-3.55
tttctt	tttctt	0.0012779552716	0.0018182510583	12	17.07	0.91810	3.8e+03	-3.58
tttgaa	tttgaa	0.0002129925453	0.0007840226408	2	7.36	0.99470	4.1e+03	-3.61
tttgac	tttgac	0.0003194888179	0.0003120056014	3	2.93	0.56092	2.3e+03	-3.36
tttgag	tttgag	0.0000000000000	0.0003851632317	0	3.62	1.00000	4.1e+03	-3.61
tttgat	tttgat	0.0005324813632	0.0005929442639	5	5.57	0.65301	2.7e+03	-3.43
tttgca	tttgca	0.0003194888179	0.0004716829863	3	4.43	0.81836	3.4e+03	-3.53
tttgcc	tttgcc	0.0004259850905	0.0003323828409	4	3.12	0.37988	1.6e+03	-3.19
tttgcg	tttgcg	0.0002129925453	0.0002251517937	2	2.11	0.62405	2.6e+03	-3.41
tttgct	tttgct	0.0005324813632	0.0004974050755	5	4.67	0.49998	2.0e+03	-3.31
tttgga	tttgga	0.0004259850905	0.0003303785223	4	3.10	0.37567	1.5e+03	-3.19
tttggc	tttggc	0.0005324813632	0.0002902921495	5	2.73	0.14093	5.8e+02	-2.76
tttggg	tttggg	0.0001064962726	0.0002271561124	1	2.13	0.88155	3.6e+03	-3.56
tttggt	tttggt	0.0006389776358	0.0003918442938	6	3.68	0.16695	6.8e+02	-2.83
tttgta	tttgta	0.0004259850905	0.0006006274854	4	5.64	0.81374	3.3e+03	-3.52
tttgtc	tttgtc	0.0006389776358	0.0003758097447	6	3.53	0.14619	6.0e+02	-2.78
tttgtg	tttgtg	0.0002129925453	0.0003520919742	2	3.31	0.84220	3.4e+03	-3.54
tttgtt	tttgtt	0.0010649627263	0.0009690880617	10	9.10	0.42574	1.7e+03	-3.24
ttttaa	ttttaa	0.0008519701810	0.0010783234275	8	10.13	0.79101	3.2e+03	-3.51
ttttac	ttttac	0.0007454739084	0.0007907037029	7	7.42	0.61155	2.5e+03	-3.40
ttttag	ttttag	0.0006389776358	0.0006216728311	6	5.84	0.52792	2.2e+03	-3.33
ttttat	ttttat	0.0013844515442	0.0015864182024	13	14.90	0.72392	3.0e+03	-3.47
ttttca	ttttca	0.0015974440895	0.0013348762133	15	12.53	0.27823	1.1e+03	-3.06
ttttcc	ttttcc	0.0014909478168	0.0009694221149	14	9.10	0.07905	3.2e+02	-2.51
ttttcg	ttttcg	0.0004259850905	0.0005799161928	4	5.45	0.79212	3.2e+03	-3.51
ttttct	ttttct	0.0017039403621	0.0017671409330	16	16.59	0.59100	2.4e+03	-3.38
ttttga	ttttga	0.0004259850905	0.0008802299354	4	8.27	0.96467	4.0e+03	-3.60
ttttgc	ttttgc	0.0003194888179	0.0006246793090	3	5.87	0.93182	3.8e+03	-3.58
ttttgg	ttttgg	0.0007454739084	0.0005191185274	7	4.87	0.21967	9.0e+02	-2.95
ttttgt	ttttgt	0.0009584664537	0.0010091744345	9	9.48	0.60533	2.5e+03	-3.39
ttttta	ttttta	0.0013844515442	0.0017083475863	13	16.04	0.80983	3.3e+03	-3.52
tttttc	tttttc	0.0025559105431	0.0022027461838	24	20.68	0.26026	1.1e+03	-3.03
tttttg	tttttg	0.0010649627263	0.0012373327062	10	11.62	0.72285	3.0e+03	-3.47
tttttt	tttttt	0.0042598509052	0.0062698427545	40	58.87	0.99622	4.1e+03	-3.61
; Host name	caminante-4.local
; Job started	2026-05-30.092212
; Job done	2026-05-30.092212
; Seconds	0.14
;	user	0.14
;	system	0.01
;	cuser	0
;	csystem	0
