; Command	kmer-analysis -i data/seq/yeast_MET_upstream.fasta -k 6 -s single --markov-order 2 --return occ,exp_occ,obs_freq,exp_freq,occ_P,occ_E,occ_sig --sort alpha -o results/kmer-analysis/markov-series/bg-from-input/yeast_MET_upstream_k6_str-single_mkv2_bginput_enriched.tsv
;
; Fasta URL	data/seq/yeast_MET_upstream.fasta
; Input file	data/seq/yeast_MET_upstream.fasta
; Input format	Fasta
; Output file	results/kmer-analysis/markov-series/bg-from-input/yeast_MET_upstream_k6_str-single_mkv2_bginput_enriched.tsv
; Strand mode	single
; Oligomer length	6
;
; Sequence type	DNA
; Nb of sequence	19
; Sum of sequence lengths	9485
; Sequences:
;	MET8	463
;	MET32	547
;	MET18	568
;	MET30	177
;	MET28	489
;	MET6	687
;	MET10	338
;	MET13	380
;	MET3	800
;	MET14	800
;	MET1	702
;	MET17	800
;	MET2	481
;	MET4	800
;	MET22	215
;	MET7	250
;	MET31	161
;	MET12	384
;	MET16	443
;
;
; column headers
; seq	 oligomer sequence
; id	 oligomer identifier
; exp_freq	 expected relative frequency
; obs_freq	 observed relative frequency
; occ	 observed occurrences
; exp_occ	 expected occurrences
; occ_P	 occurrence probability
; occ_E	 E-value for occurrence
; occ_sig	 occurrence significance
;
# seq	id	occ	exp_occ	obs_freq	exp_freq	occ_P	occ_E	occ_sig
AAAAAA	AAAAAA	38	24.75	0.004046858359957401	0.0026359014751033377	0.007958225060708111	25.442445519083833	-1.406
AAAAAC	AAAAAC	3	9.60	0.0003194888178913738	0.0010228871395923395	0.9961764300352338	3184.7760468226425	-3.503
AAAAAG	AAAAAG	16	12.81	0.0017039403620873268	0.0013638495194564526	0.21953879008897195	701.8655119144433	-2.846
AAAAAT	AAAAAT	15	15.39	0.001597444089456869	0.001639242210885159	0.5739672555867597	1834.9733161108707	-3.264
AAAACA	AAAACA	4	9.44	0.0004259850905218317	0.0010048342235215296	0.9844338343795571	3147.234968511444	-3.498
AAAACC	AAAACC	1	3.90	0.00010649627263045793	0.00041514277779293256	0.9797214313771141	3132.169416112634	-3.496
AAAACG	AAAACG	2	3.81	0.00021299254526091586	0.0004057077146612751	0.8934331155613005	2856.3056704494775	-3.456
AAAACT	AAAACT	6	7.13	0.0006389776357827476	0.000759522582098433	0.7158213744655199	2288.480934166267	-3.36
AAAAGA	AAAAGA	13	10.02	0.0013844515441959531	0.0010666012500230538	0.20990402794181523	671.0631773299833	-2.827
AAAAGC	AAAAGC	10	6.29	0.0010649627263045794	0.0006698776143437476	0.10534301248035852	336.78161089970615	-2.527
AAAAGG	AAAAGG	12	5.62	0.0012779552715654952	0.0005983372865982983	0.012779175865804293	40.855025242976325	-1.611
AAAAGT	AAAAGT	15	10.44	0.001597444089456869	0.0011121269131337944	0.10857343244279191	347.10926351960575	-2.54
AAAATA	AAAATA	16	15.25	0.0017039403620873268	0.001624599083527596	0.4580113757569285	1464.2623682949004	-3.166
AAAATC	AAAATC	3	6.12	0.0003194888178913738	0.0006517016380912992	0.943154589752456	3015.265223438602	-3.479
AAAATG	AAAATG	9	6.29	0.0009584664536741214	0.0006703216848939076	0.18459196945554388	590.1405263493738	-2.771
AAAATT	AAAATT	9	11.23	0.0009584664536741214	0.001196338007067599	0.7880995234071274	2519.5541763325864	-3.401
AAACAA	AAACAA	4	7.26	0.0004259850905218317	0.0007735954499708345	0.9310031002385847	2976.4169114627553	-3.474
AAACAC	AAACAC	2	5.72	0.00021299254526091586	0.0006094994454315663	0.9780202914918872	3126.730871899563	-3.495
AAACAG	AAACAG	5	3.74	0.0005324813631522897	0.0003985188681667933	0.32092039139104334	1025.9824912771655	-3.011
AAACAT	AAACAT	1	7.12	0.00010649627263045793	0.0007579672590623324	0.9991890568156532	3194.4074146396433	-3.504
AAACCA	AAACCA	2	3.88	0.00021299254526091586	0.00041302493656688634	0.8990880075870042	2874.3843602556526	-3.459
AAACCC	AAACCC	1	1.78	0.00010649627263045793	0.00018985823697026226	0.8318281398114433	2659.3545629771843	-3.425
AAACCG	AAACCG	1	1.50	0.00010649627263045793	0.00015988062060653661	0.7771550470286565	2484.5646853506146	-3.395
AAACCT	AAACCT	1	2.69	0.00010649627263045793	0.00028645277858671124	0.932104912150456	2979.9394041450078	-3.474
AAACGC	AAACGC	2	2.27	0.00021299254526091586	0.00024190084395296686	0.6625088332832596	2118.040740006581	-3.326
AAACGG	AAACGG	2	1.63	0.00021299254526091586	0.00017330209716033445	0.48384462383100907	1546.851262387736	-3.189
AAACGT	AAACGT	1	3.63	0.00010649627263045793	0.00038631925825324527	0.9734184479299061	3112.0187780319097	-3.493
AAACTA	AAACTA	8	4.56	0.0008519701810436634	0.000485209869689583	0.09128069453616365	291.82438043211516	-2.465
AAACTC	AAACTC	2	4.42	0.00021299254526091586	0.00047104315816579967	0.9349389046732626	2988.9996782404205	-3.476
AAACTG	AAACTG	5	2.99	0.0005324813631522897	0.0003187510092851272	0.18357397769361503	586.8860066864872	-2.769
AAACTT	AAACTT	3	6.05	0.0003194888178913738	0.0006445853743321467	0.9403397888559453	3006.266304972457	-3.478
AAAGAA	AAAGAA	14	9.95	0.001490947816826411	0.001059644382537974	0.13192194277989006	421.7544510673085	-2.625
AAAGAC	AAAGAC	5	4.37	0.0005324813631522897	0.00046577775056614223	0.44375860374196463	1418.696256163061	-3.152
AAAGAG	AAAGAG	3	4.43	0.0003194888178913738	0.00047159997244821907	0.8181979248061876	2615.7787656053815	-3.418
AAAGAT	AAAGAT	6	6.56	0.0006389776357827476	0.0006986666258492135	0.6396894762618639	2045.0872556091788	-3.311
AAAGCA	AAAGCA	5	5.13	0.0005324813631522897	0.0005461367807520842	0.5817103130240568	1859.7278707379098	-3.269
AAAGCC	AAAGCC	4	3.08	0.0004259850905218317	0.00032768206845125035	0.3699990884804064	1182.8870858718592	-3.073
AAAGCG	AAAGCG	5	2.75	0.0005324813631522897	0.0002929279096761177	0.14471185368497658	462.6437962308701	-2.665
AAAGCT	AAAGCT	4	4.94	0.0004259850905218317	0.0005262772614520083	0.7267009336689914	2323.262884939765	-3.366
AAAGGA	AAAGGA	9	4.02	0.0009584664536741214	0.00042837507602143973	0.022039060534382718	70.45887652842156	-1.848
AAAGGC	AAAGGC	4	2.81	0.0004259850905218317	0.00029934643866558425	0.31048034125384955	992.605650988557	-2.997
AAAGGG	AAAGGG	4	2.76	0.0004259850905218317	0.00029418529317135	0.29970913813543154	958.1701146189746	-2.981
AAAGGT	AAAGGT	5	4.60	0.0005324813631522897	0.0004903088219522502	0.48751588371157056	1558.5882802258911	-3.193
AAAGTA	AAAGTA	9	7.12	0.0009584664536741214	0.0007583717964675802	0.28682995651649196	916.9953709832248	-2.962
AAAGTC	AAAGTC	5	5.23	0.0005324813631522897	0.000556846423979692	0.5986940350799957	1914.0248301507463	-3.282
AAAGTG	AAAGTG	1	5.63	0.00010649627263045793	0.0005992728181876685	0.9964012609644544	3185.4948313033606	-3.503
AAAGTT	AAAGTT	9	8.42	0.0009584664536741214	0.0008962575776435036	0.4652976958597727	1487.5567336636934	-3.172
AAATAA	AAATAA	15	10.60	0.001597444089456869	0.0011288986117001332	0.11849318668759014	378.82271784022566	-2.578
AAATAC	AAATAC	6	7.07	0.0006389776357827476	0.0007525990744667552	0.7077548552444908	2262.692272216637	-3.355
AAATAG	AAATAG	5	6.22	0.0005324813631522897	0.000662096654119487	0.742951221896198	2375.215056402145	-3.376
AAATAT	AAATAT	13	14.67	0.0013844515441959531	0.0015623575723107328	0.7041984412557815	2251.3224166947334	-3.352
AAATCA	AAATCA	4	5.37	0.0004259850905218317	0.0005724117416213439	0.7837227190730233	2505.561532876455	-3.399
AAATCC	AAATCC	3	2.74	0.0003194888178913738	0.00029181775063048896	0.5161636184992593	1650.1750883421319	-3.218
AAATCG	AAATCG	1	2.42	0.00010649627263045793	0.00025814647171158635	0.9114329484649238	2913.8511362423615	-3.464
AAATCT	AAATCT	3	4.93	0.0003194888178913738	0.0005247107631528987	0.869066418578854	2778.405340196596	-3.444
AAATGA	AAATGA	5	4.71	0.0005324813631522897	0.0005017279568754324	0.5074653524410097	1622.366731753908	-3.21
AAATGC	AAATGC	5	3.46	0.0005324813631522897	0.0003681510332917132	0.26645022925400597	851.841382925057	-2.93
AAATGG	AAATGG	3	2.94	0.0003194888178913738	0.00031276547961065914	0.5625179466439204	1798.3698754206137	-3.255
AAATGT	AAATGT	6	4.80	0.0006389776357827476	0.0005115018781132653	0.3495182989791763	1117.4100018364265	-3.048
AAATTA	AAATTA	1	6.07	0.00010649627263045793	0.0006463044107796437	0.9976860480543627	3189.6022956297975	-3.504
AAATTC	AAATTC	1	5.51	0.00010649627263045793	0.000587294008056285	0.9959728273931842	3184.1251291760095	-3.503
AAATTG	AAATTG	6	4.54	0.0006389776357827476	0.00048332329849608144	0.3036439231513289	970.7496223147984	-2.987
AAATTT	AAATTT	13	12.27	0.0013844515441959531	0.001306658917445801	0.45482929023693297	1454.0892408874747	-3.163
AACAAA	AACAAA	6	7.26	0.0006389776357827476	0.0007735954499708354	0.7317388756463357	2339.369185441335	-3.369
AACAAC	AACAAC	2	2.82	0.00021299254526091586	0.0003002012193916673	0.7721185609876877	2468.4630394776377	-3.392
AACAAG	AACAAG	3	3.76	0.0003194888178913738	0.00040026829252222303	0.7243374963147721	2315.7069757183262	-3.365
AACAAT	AACAAT	3	4.52	0.0003194888178913738	0.0004810916977430569	0.8283753035628476	2648.3158454904237	-3.423
AACACA	AACACA	2	5.62	0.00021299254526091586	0.0005987424010738027	0.9760494703863407	3120.4301568251312	-3.494
AACACC	AACACC	3	2.32	0.0003194888178913738	0.00024736775255631297	0.4099937633535205	1310.750061441205	-3.118
AACACG	AACACG	2	2.27	0.00021299254526091586	0.00024174575818003318	0.6621674519413434	2116.949343856475	-3.326
AACACT	AACACT	6	4.25	0.0006389776357827476	0.00045257054729052736	0.25500119197184035	815.2388107339735	-2.911
AACAGA	AACAGA	6	2.93	0.0006389776357827476	0.0003116624795335765	0.07669101907061802	245.1811879687658	-2.389
AACAGC	AACAGC	2	1.84	0.00021299254526091586	0.00019573924019486823	0.5483712986606571	1753.143041818121	-3.244
AACAGG	AACAGG	3	1.64	0.0003194888178913738	0.00017483504949444544	0.22747217039668352	727.2285287581972	-2.862
AACAGT	AACAGT	4	3.05	0.0004259850905218317	0.00032496514634293655	0.3642872733972889	1164.6264130511327	-3.066
AACATA	AACATA	3	7.05	0.0003194888178913738	0.0007511964407942265	0.9715415567749822	3106.0183570096183	-3.492
AACATC	AACATC	3	2.83	0.0003194888178913738	0.000301339546450406	0.5375670985144217	1718.6020139506063	-3.235
AACATG	AACATG	5	2.91	0.0005324813631522897	0.00030994924777756047	0.16991645318451104	543.2229008308818	-2.735
AACATT	AACATT	3	5.19	0.0003194888178913738	0.0005531733102696738	0.8907872789506881	2847.84693080535	-3.455
AACCAA	AACCAA	2	2.99	0.00021299254526091586	0.00031797703956864675	0.7987213982581856	2553.512310231419	-3.407
AACCAC	AACCAC	2	2.35	0.00021299254526091586	0.00025052736450863064	0.6810624452316015	2177.3566374054303	-3.338
AACCAG	AACCAG	5	1.54	0.0005324813631522897	0.00016380635371718156	0.02042861858299206	65.31029360982562	-1.815
AACCAT	AACCAT	2	2.93	0.00021299254526091586	0.0003115532609915022	0.7894422211088779	2523.8467808850824	-3.402
AACCCA	AACCCA	2	1.77	0.00021299254526091586	0.00018888967958984067	0.5292844349550038	1692.122338551147	-3.228
AACCCT	AACCCT	1	1.23	0.00010649627263045793	0.00013100413261876037	0.7077450687248401	2262.6609847133136	-3.355
AACCGA	AACCGA	1	0.83	0.00010649627263045793	8.82138607424756e-05	0.5632210959785037	1800.6178438432762	-3.255
AACCGG	AACCGG	1	0.64	0.00010649627263045793	6.82946018651424e-05	0.47338540223174636	1513.4131309348932	-3.18
AACCTA	AACCTA	4	1.72	0.0004259850905218317	0.00018299615922711865	0.09595111384413364	306.75571095969525	-2.487
AACCTC	AACCTC	2	1.67	0.00021299254526091586	0.00017765320567304205	0.4968028086956874	1588.2785794001124	-3.201
AACCTG	AACCTG	1	1.13	0.00010649627263045793	0.00012021645496672028	0.6765893859343194	2163.056266832019	-3.335
AACCTT	AACCTT	3	2.28	0.0003194888178913738	0.00024310438671047878	0.39938172595363053	1276.8233778737567	-3.106
AACGAC	AACGAC	1	0.92	0.00010649627263045793	9.775318605249299e-05	0.6006441548366723	1920.2593630128415	-3.283
AACGAG	AACGAG	1	0.93	0.00010649627263045793	9.897510087814906e-05	0.6052000891549139	1934.8246850282596	-3.287
AACGAT	AACGAT	2	1.38	0.00021299254526091586	0.00014662977907873952	0.4001502180678843	1279.2802471630262	-3.107
AACGCA	AACGCA	1	1.85	0.00010649627263045793	0.00019721654425952038	0.843055548853892	2695.2485896858925	-3.431
AACGCC	AACGCC	2	1.11	0.00021299254526091586	0.00011832992655571216	0.30503954927548665	975.2114390337308	-2.989
AACGCG	AACGCG	1	0.99	0.00010649627263045793	0.00010577978283010631	0.6296371805765132	2012.9500663031126	-3.304
AACGCT	AACGCT	1	1.78	0.00010649627263045793	0.00019004503355917412	0.8321228580661737	2660.2967772375573	-3.425
AACGGA	AACGGA	1	1.17	0.00010649627263045793	0.0001240743318334665	0.6880954214452757	2199.8410623605464	-3.342
AACGGG	AACGGG	1	0.80	0.00010649627263045793	8.520767366876602e-05	0.5507159915800754	1760.6390250815011	-3.246
AACGGT	AACGGT	1	1.33	0.00010649627263045793	0.00014201278944794358	0.7364468155681169	2354.4204693712695	-3.372
AACGTA	AACGTA	4	2.47	0.0004259850905218317	0.00026343542848539133	0.2368081846601375	757.0757663584596	-2.879
AACGTC	AACGTC	1	1.82	0.00010649627263045793	0.00019343160832843424	0.8373773515493661	2677.0953929033235	-3.428
AACGTG	AACGTG	1	1.95	0.00010649627263045793	0.00020816925467726736	0.8583943647313678	2744.2867840461827	-3.438
AACGTT	AACGTT	1	2.92	0.00010649627263045793	0.0003113327791190987	0.9462501711372535	3025.1617971257997	-3.481
AACTAA	AACTAA	7	3.17	0.0007454739084132055	0.00033716179815047214	0.0425799541103058	136.12811329064766	-2.134
AACTAC	AACTAC	2	2.11	0.00021299254526091586	0.0002247745321003147	0.6231117897798921	1992.0883919263151	-3.299
AACTAT	AACTAT	4	4.38	0.0004259850905218317	0.0004666205476512863	0.6373298318917742	2037.5434725580021	-3.309
AACTCA	AACTCA	5	3.88	0.0005324813631522897	0.00041373324660376264	0.3486996957353792	1114.7929272660072	-3.047
AACTCC	AACTCC	2	1.98	0.00021299254526091586	0.00021092283160191816	0.5887082155158423	1882.1001650041478	-3.275
AACTCG	AACTCG	2	1.75	0.00021299254526091586	0.00018658558180169682	0.5227413358482594	1671.2040507068855	-3.223
AACTCT	AACTCT	3	3.56	0.0003194888178913738	0.0003792554760534491	0.690325618032543	2206.97100085004	-3.344
AACTGA	AACTGA	1	2.24	0.00010649627263045793	0.0002385814098583441	0.8935712400768917	2856.747254525823	-3.456
AACTGC	AACTGC	3	1.64	0.0003194888178913738	0.00017506298255839524	0.22803083424292925	729.0145770746448	-2.863
AACTGG	AACTGG	1	1.40	0.00010649627263045793	0.0001487260736779288	0.7525477962627231	2405.8953046519255	-3.381
AACTGT	AACTGT	7	2.28	0.0007454739084132055	0.00024322909966077925	0.009034756065988626	28.884115142965637	-1.461
AACTTA	AACTTA	2	3.27	0.00021299254526091586	0.000348227982471324	0.8376952500928698	2678.1117145469048	-3.428
AACTTC	AACTTC	3	2.97	0.0003194888178913738	0.0003164332536369858	0.5703511286754738	1823.4125583754897	-3.261
AACTTG	AACTTG	7	2.45	0.0007454739084132055	0.00026041396950029453	0.012722009179561148	40.67226334705699	-1.609
AACTTT	AACTTT	3	6.61	0.0003194888178913738	0.0007040261384746332	0.9603513366493431	3070.24322326795	-3.487
AAGAAA	AAGAAA	19	9.95	0.0020234291799787005	0.001059644382537975	0.006839386346538239	21.86551814988275	-1.34
AAGAAC	AAGAAC	4	3.86	0.0004259850905218317	0.00041120528277593043	0.5389575966283304	1723.0474364207723	-3.236
AAGAAG	AAGAAG	5	5.15	0.0005324813631522897	0.0005482737103679071	0.5851300320624192	1870.6607125035541	-3.272
AAGAAT	AAGAAT	6	6.19	0.0006389776357827476	0.0006589828249614274	0.5840020861247617	1867.054669340863	-3.271
AAGACA	AAGACA	4	4.30	0.0004259850905218317	0.0004575572477235981	0.6222097025511092	1989.204419055896	-3.299
AAGACC	AAGACC	3	1.78	0.0003194888178913738	0.00018903773614871664	0.2627112099176643	839.8877381067726	-2.924
AAGACT	AAGACT	2	3.25	0.00021299254526091586	0.0003458531309084477	0.8349019909369058	2669.1816650252877	-3.426
AAGAGA	AAGAGA	5	3.46	0.0005324813631522897	0.0003688157036009204	0.26762164184166165	855.5863889677923	-2.932
AAGAGC	AAGAGC	1	2.18	0.00010649627263045793	0.00023163425287130987	0.8863970306578695	2833.8113070132085	-3.452
AAGAGG	AAGAGG	5	1.94	0.0005324813631522897	0.00020689661421515037	0.04763631990994889	152.2933147521066	-2.183
AAGAGT	AAGAGT	2	3.61	0.00021299254526091586	0.00038455783729120376	0.8753884216386237	2798.61678397868	-3.447
AAGATA	AAGATA	7	6.50	0.0007454739084132055	0.0006924255320591364	0.4737717541456098	1514.6482980035146	-3.18
AAGATC	AAGATC	2	2.61	0.00021299254526091586	0.00027776382374865066	0.7341950827708952	2347.221679618552	-3.371
AAGATG	AAGATG	4	2.68	0.0004259850905218317	0.0002856999329986121	0.28210239757110056	901.8813650348085	-2.955
AAGATT	AAGATT	1	4.79	0.00010649627263045793	0.000509895019310023	0.9916701866608613	3170.3695867547735	-3.501
AAGCAA	AAGCAA	4	3.95	0.0004259850905218317	0.0004204563486809617	0.5563221982462077	1778.5620677931258	-3.25
AAGCAC	AAGCAC	5	3.11	0.0005324813631522897	0.00033126863835469686	0.20365303290102763	651.0787461845853	-2.814
AAGCAG	AAGCAG	1	2.03	0.00010649627263045793	0.00021659872507807102	0.869170722182712	2778.7387988181304	-3.444
AAGCAT	AAGCAT	3	3.87	0.0003194888178913738	0.00041196228103084094	0.7419612767627684	2372.0502018105703	-3.375
AAGCCA	AAGCCA	6	3.06	0.0006389776357827476	0.00032601040599986047	0.09021742615796313	288.4251114270081	-2.46
AAGCCG	AAGCCG	1	1.18	0.00010649627263045793	0.000126197576516075	0.6942523662118292	2219.5248147792176	-3.346
AAGCGA	AAGCGA	1	1.52	0.00010649627263045793	0.00016162247640598074	0.7807702590185784	2496.1225180823953	-3.397
AAGCGC	AAGCGC	2	1.64	0.00021299254526091586	0.0001746565470838824	0.4879006342155565	1559.8183275871343	-3.193
AAGCGG	AAGCGG	4	1.17	0.0004259850905218317	0.00012512707850785603	0.03163625308428283	101.1411011104522	-2.005
AAGCGT	AAGCGT	2	2.62	0.00021299254526091586	0.0002789291125070955	0.736290386847121	2353.9203667502456	-3.372
AAGCTA	AAGCTA	2	3.16	0.00021299254526091586	0.0003362045151366229	0.8231009881397008	2631.4538590826232	-3.42
AAGCTC	AAGCTC	4	3.06	0.0004259850905218317	0.00032638832491365554	0.367279619045746	1174.19294208925	-3.07
AAGCTG	AAGCTG	2	2.07	0.00021299254526091586	0.00022086428001675957	0.6136313850389058	1961.7795379693819	-3.293
AAGCTT	AAGCTT	2	4.19	0.00021299254526091586	0.00044663665514500263	0.9216390709040179	2946.4801096801452	-3.469
AAGGAA	AAGGAA	5	4.00	0.0005324813631522897	0.0004255810153190659	0.37042179157193716	1184.2384676554832	-3.073
AAGGAC	AAGGAC	1	1.76	0.00010649627263045793	0.0001870685781622267	0.8273646908190243	2645.0849165484206	-3.422
AAGGAG	AAGGAG	4	1.78	0.0004259850905218317	0.00018940693538925456	0.10528379099220866	336.5922798020911	-2.527
AAGGCA	AAGGCA	1	2.29	0.00010649627263045793	0.00024405069947378737	0.8988990815127565	2873.7803635962828	-3.458
AAGGCC	AAGGCC	3	1.37	0.0003194888178913738	0.0001464304196842725	0.1604891415042915	513.0837853892199	-2.71
AAGGCG	AAGGCG	3	1.23	0.0003194888178913738	0.00013089992062684965	0.12689499867851364	405.6833107752081	-2.608
AAGGCT	AAGGCT	2	2.21	0.00021299254526091586	0.00023517612858383138	0.6474495147292867	2069.8960985895296	-3.316
AAGGGA	AAGGGA	5	1.98	0.0005324813631522897	0.0002106197460016779	0.05066517813888889	161.97657451002777	-2.209
AAGGGC	AAGGGC	1	1.38	0.00010649627263045793	0.00014718006347105194	0.7489293225429139	2394.327044169696	-3.379
AAGGGG	AAGGGG	2	1.36	0.00021299254526091586	0.00014464247616982693	0.3936496147550837	1258.4978183720025	-3.1
AAGGGT	AAGGGT	2	2.26	0.00021299254526091586	0.0002410707936163783	0.6606784496433589	2112.189003509818	-3.325
AAGGTA	AAGGTA	2	3.14	0.00021299254526091586	0.0003343470765220998	0.8207438408285133	2623.918059128757	-3.419
AAGGTC	AAGGTC	2	2.31	0.00021299254526091586	0.0002454996016421013	0.6703526362155589	2143.1173779811415	-3.331
AAGGTG	AAGGTG	4	2.48	0.0004259850905218317	0.00026420433319578523	0.23834436308802526	761.9869287924167	-2.882
AAGGTT	AAGGTT	3	3.71	0.0003194888178913738	0.00039513745407157233	0.7163127135990414	2290.0517453761354	-3.36
AAGTAA	AAGTAA	5	4.95	0.0005324813631522897	0.0005269760871253408	0.5503896118020729	1759.595588931227	-3.245
AAGTAC	AAGTAC	5	3.30	0.0005324813631522897	0.00035131739141689377	0.23720375970892635	758.3404197894375	-2.88
AAGTAG	AAGTAG	1	2.90	0.00010649627263045793	0.0003090703633351153	0.9450960899513967	3021.4721995746154	-3.48
AAGTAT	AAGTAT	7	6.85	0.0007454739084132055	0.0007293171163591215	0.5274475531097459	1686.2498272918576	-3.227
AAGTCA	AAGTCA	4	4.59	0.0004259850905218317	0.000489097176891212	0.6730891411212725	2151.865984164708	-3.333
AAGTCC	AAGTCC	1	2.34	0.00010649627263045793	0.00024934365880728446	0.9038010615505537	2889.45199377712	-3.461
AAGTCG	AAGTCG	2	2.07	0.00021299254526091586	0.00022057323663721317	0.6129184802977192	1959.5003815118084	-3.292
AAGTCT	AAGTCT	2	4.21	0.00021299254526091586	0.00044833907881694436	0.9226444173110381	2949.694202143389	-3.47
AAGTGA	AAGTGA	3	4.21	0.0003194888178913738	0.00044854870945711486	0.7913273892705239	2529.873663497865	-3.403
AAGTGT	AAGTGT	5	4.29	0.0005324813631522897	0.0004572866713296563	0.4283868336056299	1369.5527070371988	-3.137
AAGTTA	AAGTTA	5	4.55	0.0005324813631522897	0.0004841902724845426	0.4767079025863028	1524.03516456841	-3.183
AAGTTC	AAGTTC	6	4.13	0.0006389776357827476	0.00043998159543160614	0.23573338575163208	753.6396342479677	-2.877
AAGTTG	AAGTTG	4	3.40	0.0004259850905218317	0.00036209011681452753	0.44164867179781025	1411.9508037375995	-3.15
AAGTTT	AAGTTT	7	9.19	0.0007454739084132055	0.0009789064204578793	0.8101472256457214	2590.040680389371	-3.413
AATAAA	AATAAA	13	10.60	0.0013844515441959531	0.0011288986117001332	0.2684696163246605	858.2973633899396	-2.934
AATAAC	AATAAC	5	4.11	0.0005324813631522897	0.0004380800582716932	0.3933394625828872	1257.5062618774905	-3.1
AATAAG	AATAAG	7	5.48	0.0007454739084132055	0.0005841067443622575	0.3115715939981807	996.0943860121837	-2.998
AATAAT	AATAAT	8	6.59	0.0008519701810436634	0.0007020513754354056	0.34077896155590365	1089.470340094224	-3.037
AATACA	AATACA	5	6.94	0.0005324813631522897	0.0007393164674220214	0.8216681947761786	2626.873218699443	-3.419
AATACC	AATACC	3	2.87	0.0003194888178913738	0.0003054453010945442	0.5466269911608049	1747.5664907410933	-3.242
AATACT	AATACT	3	5.25	0.0003194888178913738	0.0005588260622297913	0.8946957845838324	2860.342423314512	-3.456
AATAGA	AATAGA	5	4.86	0.0005324813631522897	0.0005177940152821059	0.5349831401247169	1710.34109897872	-3.233
AATAGC	AATAGC	4	3.05	0.0004259850905218317	0.0003251998998418105	0.36478091222624487	1166.2045763873048	-3.067
AATAGG	AATAGG	4	2.73	0.0004259850905218317	0.00029046981345093727	0.29198219769520867	933.4670860315821	-2.97
AATAGT	AATAGT	2	5.07	0.00021299254526091586	0.0005398949793490252	0.9618534084331075	3075.045346760645	-3.488
AATATA	AATATA	14	14.54	0.001490947816826411	0.0015484012449556404	0.591469704955318	1890.9286467421518	-3.277
AATATC	AATATC	4	5.83	0.0004259850905218317	0.0006211351698962453	0.8332078352058367	2663.76544915306	-3.425
AATATG	AATATG	6	6.00	0.0006389776357827476	0.000638881889036138	0.5541759376635658	1771.7004727104197	-3.248
AATATT	AATATT	8	10.71	0.0008519701810436634	0.0011402267047381073	0.8368403539065821	2675.378611439343	-3.427
AATCAA	AATCAA	3	4.14	0.0003194888178913738	0.00044068475024294925	0.7814319092456582	2498.2378138583695	-3.398
AATCAC	AATCAC	5	3.26	0.0005324813631522897	0.00034720616685808103	0.23019913120564853	735.9466224644583	-2.867
AATCAG	AATCAG	1	2.13	0.00010649627263045793	0.00022701941679182218	0.8813660199401643	2817.7271657487054	-3.45
AATCAT	AATCAT	5	4.05	0.0005324813631522897	0.00043178202801581864	0.3817962102413492	1220.6024841415933	-3.087
AATCCA	AATCCA	4	2.73	0.0004259850905218317	0.00029032904916237516	0.2916899610417153	932.5328054503638	-2.97
AATCCC	AATCCC	1	1.25	0.00010649627263045793	0.00013345770808270469	0.7144013795531645	2283.941210431467	-3.359
AATCCT	AATCCT	5	1.89	0.0005324813631522897	0.00020135724377390519	0.043333550135530544	138.53735978329115	-2.142
AATCGC	AATCGC	2	1.45	0.00021299254526091586	0.00015391831881395073	0.42370065432382925	1354.570991873282	-3.132
AATCGT	AATCGT	2	2.31	0.00021299254526091586	0.0002458098524342196	0.6710218780265591	2145.2569440509096	-3.331
AATCTA	AATCTA	1	3.15	0.00010649627263045793	0.0003352037806574983	0.9570433366420259	3059.6675472445568	-3.486
AATCTC	AATCTC	2	3.06	0.00021299254526091586	0.0003254168089594692	0.8090129117324568	2586.4142788086647	-3.413
AATCTG	AATCTG	1	2.07	0.00010649627263045793	0.00022020686320565555	0.8735290252174441	2792.672293620169	-3.446
AATCTT	AATCTT	4	4.18	0.0004259850905218317	0.00044530721226032616	0.6011498841871984	1921.8761797464733	-3.284
AATGAA	AATGAA	5	4.68	0.0005324813631522897	0.0004984554547013848	0.5017793639713839	1604.1886266165143	-3.205
AATGAC	AATGAC	3	2.06	0.0003194888178913738	0.0002191012987698394	0.33884537501263123	1083.2886639153821	-3.035
AATGAG	AATGAG	2	2.08	0.00021299254526091586	0.00022184006500446243	0.6160141951194675	1969.3973817969377	-3.294
AATGAT	AATGAT	4	3.09	0.0004259850905218317	0.0003286519481547592	0.3720372563241887	1189.4031084684314	-3.075
AATGCA	AATGCA	2	2.82	0.00021299254526091586	0.00030014560249107757	0.7720307001257674	2468.182148302078	-3.392
AATGCC	AATGCC	3	1.69	0.0003194888178913738	0.00018008736149464663	0.2404082580073084	768.5852008493649	-2.886
AATGCG	AATGCG	4	1.51	0.0004259850905218317	0.00016098718679066895	0.0671156596785573	214.5687639923477	-2.332
AATGCT	AATGCT	3	2.72	0.0003194888178913738	0.0002892312169459474	0.510257772393823	1631.2940983430522	-3.213
AATGGA	AATGGA	1	2.10	0.00010649627263045793	0.00022392209061015457	0.8778650173644422	2806.5344605141217	-3.448
AATGGC	AATGGC	3	1.47	0.0003194888178913738	0.00015647567777577075	0.1834888297155245	586.6137886005318	-2.768
AATGGG	AATGGG	2	1.44	0.00021299254526091586	0.0001537778212623954	0.42325118953303037	1353.1340529370982	-3.131
AATGGT	AATGGT	1	2.41	0.00010649627263045793	0.0002562963687706591	0.9098808777049021	2908.889166022572	-3.464
AATGTA	AATGTA	5	3.28	0.0005324813631522897	0.0003487988588534691	0.23290566660604628	744.5994161395299	-2.872
AATGTC	AATGTC	1	2.40	0.00010649627263045793	0.00025611105020709277	0.9097239211735397	2908.3873759918065	-3.464
AATGTG	AATGTG	4	2.59	0.0004259850905218317	0.00027562427308001414	0.2614142332800839	835.7413037964283	-2.922
AATGTT	AATGTT	4	3.87	0.0004259850905218317	0.0004122168331904633	0.5408732103397812	1729.1716534562804	-3.238
AATTAA	AATTAA	5	4.22	0.0005324813631522897	0.0004491028952697422	0.41349160727949147	1321.9326684725343	-3.121
AATTAC	AATTAC	2	2.81	0.00021299254526091586	0.00029940193017982805	0.770853035290418	2464.4171538234664	-3.392
AATTAT	AATTAT	1	5.84	0.00010649627263045793	0.0006215432474619216	0.997080348717595	3187.6658748501513	-3.503
AATTCA	AATTCA	1	4.84	0.00010649627263045793	0.0005158403268401517	0.9921224683693807	3171.81553137691	-3.501
AATTCG	AATTCG	1	2.18	0.00010649627263045793	0.00023263387288869578	0.8874583683211125	2837.2044035225967	-3.453
AATTCT	AATTCT	6	4.44	0.0006389776357827476	0.00047285363293680574	0.2868717816527534	917.1290859438526	-2.962
AATTGA	AATTGA	4	3.40	0.0004259850905218317	0.00036176184737797025	0.4409746754540279	1409.7960374265272	-3.149
AATTGC	AATTGC	2	2.49	0.00021299254526091586	0.0002654486282708484	0.7111728532037332	2273.619611692335	-3.357
AATTGG	AATTGG	3	2.12	0.0003194888178913738	0.00022551387888496868	0.355112178349063	1135.2936341819543	-3.055
AATTGT	AATTGT	8	3.46	0.0008519701810436634	0.00036880915609312573	0.02534323010565813	81.02230664778904	-1.909
AATTTA	AATTTA	8	6.63	0.0008519701810436634	0.0007059036967318033	0.34610846169319837	1106.5087520331551	-3.044
AATTTC	AATTTC	10	6.02	0.0010649627263045794	0.0006414516200736822	0.08553247145051726	273.44731122730366	-2.437
AATTTG	AATTTG	9	4.96	0.0009584664536741214	0.0005278931992950878	0.06531758262006354	208.82031163634315	-2.32
AATTTT	AATTTT	14	13.40	0.001490947816826411	0.0014271531260012542	0.47094844511099676	1505.6221790198567	-3.178
ACAAAA	ACAAAA	8	10.10	0.0008519701810436634	0.0010752320768144003	0.7883402649421827	2520.323827020158	-3.401
ACAAAC	ACAAAC	2	3.92	0.00021299254526091586	0.0004172542387637969	0.9022274914481727	2884.421290159808	-3.46
ACAAAG	ACAAAG	3	5.22	0.0003194888178913738	0.0005563389850183958	0.8929918934980403	2854.895083513235	-3.456
ACAAAT	ACAAAT	5	6.28	0.0005324813631522897	0.0006686766646855719	0.7505401069838953	2399.476722027513	-3.38
ACAACA	ACAACA	4	3.85	0.0004259850905218317	0.00040989012647708406	0.5364609615248914	1715.065693995078	-3.234
ACAACC	ACAACC	6	1.59	0.0006389776357827476	0.00016934427760555593	0.005868204032502224	18.76064829190961	-1.273
ACAACG	ACAACG	1	1.55	0.00010649627263045793	0.00016549554402361152	0.7885999900294693	2521.1541681242134	-3.402
ACAACT	ACAACT	4	2.91	0.0004259850905218317	0.0003098230533465283	0.33244317956954955	1062.82084508385	-3.026
ACAAGA	ACAAGA	2	4.09	0.00021299254526091586	0.00043508601820944876	0.9144857861967616	2923.611058471047	-3.466
ACAAGC	ACAAGC	2	2.57	0.00021299254526091586	0.00027325524314373927	0.7259540774002005	2320.875185448441	-3.366
ACAAGT	ACAAGT	4	4.26	0.0004259850905218317	0.0004536567628891205	0.6155810960684546	1968.0127641308493	-3.294
ACAATA	ACAATA	2	6.22	0.00021299254526091586	0.0006627034671330674	0.985672075257968	3151.1936245997235	-3.498
ACAATC	ACAATC	2	2.50	0.00021299254526091586	0.0002658409323742963	0.7119313421681288	2276.044500911508	-3.357
ACAATG	ACAATG	1	2.57	0.00010649627263045793	0.00027343638758499047	0.9232780690112552	2951.719986628983	-3.47
ACAATT	ACAATT	8	4.58	0.0008519701810436634	0.00048800799728710104	0.09352777240048202	299.008288364341	-2.476
ACACAA	ACACAA	4	6.02	0.0004259850905218317	0.0006406897976934114	0.8502250114732572	2718.1693616800035	-3.434
ACACAC	ACACAC	9	4.74	0.0009584664536741214	0.0005047859012129905	0.052431336612028395	167.62298314865478	-2.224
ACACAG	ACACAG	3	3.10	0.0003194888178913738	0.0003300523200238784	0.5986617719796538	1913.921685018953	-3.282
ACACAT	ACACAT	7	5.89	0.0007454739084132055	0.0006277465694571805	0.37676322543816865	1204.5120317258252	-3.081
ACACCA	ACACCA	4	3.21	0.0004259850905218317	0.00034206620923293824	0.40015102633576605	1279.282831195444	-3.107
ACACCC	ACACCC	1	1.48	0.00010649627263045793	0.00015724011230868935	0.7715606783271568	2466.67948861192	-3.392
ACACCG	ACACCG	1	1.24	0.00010649627263045793	0.00013241272615468574	0.711585183075495	2274.9378302923574	-3.357
ACACCT	ACACCT	1	2.23	0.00010649627263045793	0.0002372394676938118	0.8922216635895796	2852.432658495886	-3.455
ACACGA	ACACGA	1	1.74	0.00010649627263045793	0.0001853907972175156	0.8246233944894112	2636.320992182648	-3.421
ACACGC	ACACGC	1	1.88	0.00010649627263045793	0.00020034166796086363	0.8475941517546444	2709.758503159598	-3.433
ACACTA	ACACTA	2	3.77	0.00021299254526091586	0.00040184958851811447	0.8903339650235802	2846.397686180386	-3.454
ACACTC	ACACTC	1	3.66	0.00010649627263045793	0.0003901167538168557	0.9743496052684694	3114.9956880432965	-3.493
ACACTG	ACACTG	3	2.48	0.0003194888178913738	0.00026398878077832307	0.4507514165707176	1441.0522787765842	-3.159
ACACTT	ACACTT	6	5.01	0.0006389776357827476	0.0005338439789072761	0.3862844312488414	1234.9513267025459	-3.092
ACAGAA	ACAGAA	5	4.04	0.0005324813631522897	0.00043035898901756656	0.3791863960382037	1212.2589081341373	-3.084
ACAGAC	ACAGAC	1	1.78	0.00010649627263045793	0.00018916878638134787	0.830735873286068	2655.8625868955596	-3.424
ACAGAG	ACAGAG	4	1.80	0.0004259850905218317	0.00019153339621111472	0.1084672832257013	346.7699044725671	-2.54
ACAGAT	ACAGAT	2	2.66	0.00021299254526091586	0.0002837531795720219	0.7448149182360277	2381.1732936005806	-3.377
ACAGCA	ACAGCA	1	2.08	0.00010649627263045793	0.00022180542520014023	0.8754132405385179	2798.6961300016414	-3.447
ACAGCC	ACAGCC	2	1.25	0.00021299254526091586	0.00013308325512008406	0.35523948918256454	1135.7006469166588	-3.055
ACAGCG	ACAGCG	1	1.12	0.00010649627263045793	0.00011896836442552967	0.6727768555736333	2150.867607268906	-3.333
ACAGCT	ACAGCT	4	2.01	0.0004259850905218317	0.0002137397733746805	0.14414485682610864	460.83110727306934	-2.664
ACAGGA	ACAGGA	3	1.63	0.0003194888178913738	0.0001739782399406089	0.22537447884057837	720.5222088533291	-2.858
ACAGGG	ACAGGG	2	1.12	0.00021299254526091586	0.00011947903224836991	0.30898405188527833	987.8220138772348	-2.995
ACAGGT	ACAGGT	4	1.87	0.0004259850905218317	0.00019913172041394995	0.12018753218190648	384.239540385555	-2.585
ACAGTA	ACAGTA	1	2.89	0.00010649627263045793	0.0003080015569426449	0.9445422949370602	3019.7017169137816	-3.48
ACAGTC	ACAGTC	3	2.12	0.0003194888178913738	0.0002261549893634806	0.35673593588702995	1140.4847870308347	-3.057
ACAGTG	ACAGTG	1	2.29	0.00010649627263045793	0.00024338584569593626	0.8982659365081339	2871.756199016504	-3.458
ACAGTT	ACAGTT	10	3.42	0.0010649627263045794	0.00036400184002312563	0.0028106146717200775	8.985535105489088	-0.954
ACATAA	ACATAA	2	6.81	0.00021299254526091586	0.0007255219595498765	0.9914078547120064	3169.5309115142845	-3.501
ACATAC	ACATAC	6	4.54	0.0006389776357827476	0.00048368130636658425	0.3042206404797206	972.5933876136667	-2.988
ACATAG	ACATAG	4	4.00	0.0004259850905218317	0.0004255170986389569	0.565670879900748	1808.4498030426914	-3.257
ACATAT	ACATAT	7	9.43	0.0007454739084132055	0.0010040979018243019	0.829512757758453	2651.9522865537742	-3.424
ACATCA	ACATCA	8	3.45	0.0008519701810436634	0.0003678782878694775	0.02502005270944106	79.98910851208306	-1.903
ACATCG	ACATCG	3	1.56	0.0003194888178913738	0.00016590589452937214	0.20581013468307865	657.9750005818024	-2.818
ACATCT	ACATCT	1	3.17	0.00010649627263045793	0.0003372217638803544	0.957849653032512	3062.245340744941	-3.486
ACATGA	ACATGA	3	3.03	0.0003194888178913738	0.00032245114544432777	0.5830129438069244	1863.8923813507372	-3.27
ACATGC	ACATGC	5	2.22	0.0005324813631522897	0.00023660376256629255	0.0748650226594257	239.34347744218397	-2.379
ACATGG	ACATGG	1	1.89	0.00010649627263045793	0.0002010085062510097	0.8485454764523324	2712.7998882181064	-3.433
ACATGT	ACATGT	1	3.09	0.00010649627263045793	0.00032873266126467196	0.9543521919386762	3051.0639576279477	-3.484
ACATTA	ACATTA	8	3.90	0.0008519701810436634	0.0004153677201076499	0.04541822670721646	145.20207078297102	-2.162
ACATTC	ACATTC	2	3.54	0.00021299254526091586	0.00037744284131521234	0.8687090156502122	2777.2627230337284	-3.444
ACATTG	ACATTG	6	2.92	0.0006389776357827476	0.00031062281677615564	0.07575850623089363	242.19994442016693	-2.384
ACATTT	ACATTT	12	7.89	0.0012779552715654952	0.0008397651732611181	0.103828937527173	331.94111327437207	-2.521
ACCAAA	ACCAAA	1	4.15	0.00010649627263045793	0.000441961121471928	0.9842358188859226	3146.6019129782944	-3.498
ACCAAC	ACCAAC	2	1.61	0.00021299254526091586	0.0001715073008697033	0.4784392774180012	1529.5703699053497	-3.185
ACCAAG	ACCAAG	2	2.15	0.00021299254526091586	0.0002286764011596044	0.6323910528641478	2021.7541960066803	-3.306
ACCAAT	ACCAAT	3	2.58	0.0003194888178913738	0.00027485144370144755	0.4767536422296657	1524.1813942082413	-3.183
ACCACA	ACCACA	5	3.21	0.0005324813631522897	0.00034206620923293824	0.22152809570600313	708.225321972092	-2.85
ACCACC	ACCACC	4	1.33	0.0004259850905218317	0.0001413231286971764	0.04583987681276381	146.5500861704059	-2.166
ACCACG	ACCACG	2	1.30	0.00021299254526091586	0.00013811123940860425	0.37206560812122597	1189.4937491635594	-3.075
ACCACT	ACCACT	1	2.43	0.00010649627263045793	0.00025855708773006125	0.9117737775780869	2914.9407669171437	-3.465
ACCAGA	ACCAGA	3	1.67	0.0003194888178913738	0.00017805520828822634	0.23538814500176	752.5358995706267	-2.877
ACCAGC	ACCAGC	1	1.05	0.00010649627263045793	0.0001118273564249227	0.6500828535077037	2078.3148826641286	-3.318
ACCAGG	ACCAGG	1	0.94	0.00010649627263045793	9.988462903973668e-05	0.6085575083519368	1945.5583542011418	-3.289
ACCAGT	ACCAGT	2	1.74	0.00021299254526091586	0.0001856551257151629	0.5200817302068425	1662.7012914712752	-3.221
ACCATA	ACCATA	2	4.03	0.00021299254526091586	0.0004291643926184591	0.9105846363880543	2911.13908253261	-3.464
ACCATC	ACCATC	2	1.62	0.00021299254526091586	0.00017215763600740477	0.4804018979484281	1535.8448677411245	-3.186
ACCATG	ACCATG	1	1.66	0.00010649627263045793	0.00017707642560761634	0.8103827356210274	2590.7936057804245	-3.413
ACCATT	ACCATT	2	2.97	0.00021299254526091586	0.000316032231813593	0.7959511252714373	2544.655747492785	-3.406
ACCCAA	ACCCAA	3	1.90	0.0003194888178913738	0.00020212313406524753	0.2957225179415841	945.4248898592444	-2.976
ACCCAC	ACCCAC	2	1.50	0.00021299254526091586	0.00015924852986958887	0.44061494912041754	1408.6459923379748	-3.149
ACCCAG	ACCCAG	1	0.98	0.00010649627263045793	0.00010412403876088503	0.6238339925919434	1994.397274316443	-3.3
ACCCAT	ACCCAT	2	1.86	0.00021299254526091586	0.00019803983842756563	0.5546587323596478	1773.243967353794	-3.249
ACCCCA	ACCCCA	2	1.13	0.00021299254526091586	0.00012006833601278533	0.3110051680544538	994.2835222700887	-2.998
ACCCCC	ACCCCC	1	0.52	0.00010649627263045793	5.5192702844586746e-05	0.40444377590744474	1293.006751576101	-3.112
ACCCGG	ACCCGG	1	0.41	0.00010649627263045793	4.341168465322728e-05	0.33477883780907636	1070.2879444756172	-3.03
ACCCGT	ACCCGT	1	0.91	0.00010649627263045793	9.677188037281928e-05	0.5969473001396728	1908.440518546534	-3.281
ACCCTC	ACCCTC	3	1.06	0.0003194888178913738	0.00011292583501023921	0.09173488380242628	293.27642351635683	-2.467
ACCGAA	ACCGAA	1	1.14	0.00010649627263045793	0.00012181006832546325	0.6813928824187709	2178.4130450928105	-3.338
ACCGCA	ACCGCA	1	1.01	0.00010649627263045793	0.0001080224962986185	0.6373551289485417	2037.624347248488	-3.309
ACCGCT	ACCGCT	1	0.98	0.00010649627263045793	0.00010409440552412324	0.623729307544379	1994.0625962193799	-3.3
ACCGGA	ACCGGA	1	0.64	0.00010649627263045793	6.795991229618756e-05	0.4717277887204706	1508.1137405393445	-3.178
ACCGGG	ACCGGG	2	0.44	0.00021299254526091586	4.6671265070875725e-05	0.07209027017591102	230.47259375238752	-2.363
ACCGTA	ACCGTA	2	1.35	0.00021299254526091586	0.00014429292788459576	0.3925028717347408	1254.8316809359662	-3.099
ACCGTG	ACCGTG	1	1.07	0.00010649627263045793	0.00011402168427244284	0.6572190327764902	2101.129247786439	-3.322
ACCTAA	ACCTAA	1	1.66	0.00010649627263045793	0.00017674169474523542	0.8097858076569953	2588.8852270794137	-3.413
ACCTAC	ACCTAC	3	1.11	0.0003194888178913738	0.00011782779649682357	0.10087657044275176	322.5023957054774	-2.509
ACCTAG	ACCTAG	1	0.97	0.00010649627263045793	0.00010365863109530678	0.6221864828563163	1989.1301856916432	-3.299
ACCTAT	ACCTAT	2	2.30	0.00021299254526091586	0.00024460453956302625	0.6684157042318349	2136.9250064291764	-3.33
ACCTCA	ACCTCA	2	2.04	0.00021299254526091586	0.00021688078417639387	0.603786292643848	1930.304777582382	-3.286
ACCTCC	ACCTCC	2	1.04	0.00021299254526091586	0.00011056667428600469	0.27829850533726136	889.7203215632246	-2.949
ACCTCT	ACCTCT	2	1.87	0.00021299254526091586	0.00019880738549502773	0.5567425177859824	1779.9058293617857	-3.25
ACCTGA	ACCTGA	1	1.17	0.00010649627263045793	0.00012506542243036824	0.6909846468104488	2209.077915853005	-3.344
ACCTGC	ACCTGC	1	0.86	0.00010649627263045793	9.176878399111432e-05	0.5775604340875884	1846.4607077780202	-3.266
ACCTGT	ACCTGT	2	1.20	0.00021299254526091586	0.00012750176182836238	0.3363755081229974	1075.3924994692227	-3.032
ACCTTA	ACCTTA	2	1.71	0.00021299254526091586	0.0001825426371472499	0.5111130652957214	1634.0284697504214	-3.213
ACCTTG	ACCTTG	2	1.28	0.00021299254526091586	0.0001365101460405521	0.36672619549936636	1172.4236470114743	-3.069
ACCTTT	ACCTTT	6	3.47	0.0006389776357827476	0.00036905359249335293	0.13784924515912345	440.70403677371763	-2.644
ACGAAA	ACGAAA	1	2.90	0.00010649627263045793	0.00030910115469639913	0.9451119620726884	3021.522942746385	-3.48
ACGAAG	ACGAAG	2	1.50	0.00021299254526091586	0.0001599329357633109	0.4427669245898321	1415.5258579136932	-3.151
ACGACA	ACGACA	1	1.25	0.00010649627263045793	0.00013347069634090373	0.7144362089640044	2284.052560057922	-3.359
ACGACG	ACGACG	1	0.51	0.00010649627263045793	5.3889576926374246e-05	0.3971115718622419	1269.5656952435872	-3.104
ACGACT	ACGACT	1	0.95	0.00010649627263045793	0.00010088630099007285	0.6122220380955564	1957.2738557914938	-3.292
ACGAGA	ACGAGA	1	1.01	0.00010649627263045793	0.00010758454603436153	0.6358607345993954	2032.846768514267	-3.308
ACGAGC	ACGAGC	2	0.63	0.00021299254526091586	6.75683429362149e-05	0.13337605737053432	426.40325541359823	-2.63
ACGAGG	ACGAGG	2	0.57	0.00021299254526091586	6.035230631195888e-05	0.11106525943130913	355.0756344018953	-2.55
ACGATA	ACGATA	2	1.90	0.00021299254526091586	0.0002019824150703477	0.5652882477066163	1807.2265279180524	-3.257
ACGATC	ACGATC	1	0.76	0.00010649627263045793	8.102446449813366e-05	0.5327167721996323	1703.0955207222246	-3.231
ACGATT	ACGATT	1	1.40	0.00010649627263045793	0.00014873776697157406	0.7525749650298631	2405.9821632004723	-3.381
ACGCAC	ACGCAC	2	1.56	0.00021299254526091586	0.00016626871731418005	0.4624656744809817	1478.5027613156985	-3.17
ACGCAG	ACGCAG	1	1.02	0.00010649627263045793	0.00010871416132081003	0.6397027791901075	2045.1297850707738	-3.311
ACGCCA	ACGCCA	4	1.54	0.0004259850905218317	0.0001636295313250661	0.07030441875585182	224.76322676245826	-2.352
ACGCCT	ACGCCT	1	1.07	0.00010649627263045793	0.00011348499753190059	0.6554872320064138	2095.592680724505	-3.321
ACGCGA	ACGCGA	2	0.76	0.00021299254526091586	8.11207543660999e-05	0.17751996859500607	567.5313395982345	-2.754
ACGCGC	ACGCGC	2	0.82	0.00021299254526091586	8.766275068594666e-05	0.19955358131902945	637.9727994769371	-2.805
ACGCTC	ACGCTC	1	1.54	0.00010649627263045793	0.00016381921451801053	0.7852460713718783	2510.431690175895	-3.4
ACGCTT	ACGCTT	3	2.10	0.0003194888178913738	0.0002241736619720146	0.3517160526374756	1124.4362202820093	-3.051
ACGGAA	ACGGAA	2	1.61	0.00021299254526091586	0.00017132798305009977	0.47789732060891954	1527.8377339867159	-3.184
ACGGAC	ACGGAC	1	0.71	0.00010649627263045793	7.530900353850537e-05	0.5069533788712973	1620.7299522515375	-3.21
ACGGAT	ACGGAT	4	1.06	0.0004259850905218317	0.00011296350530775809	0.022939806726544082	73.33856210476144	-1.865
ACGGCA	ACGGCA	1	0.92	0.00010649627263045793	9.824854163539761e-05	0.6024974007662832	1926.1841902498074	-3.285
ACGGGA	ACGGGA	2	0.80	0.00021299254526091586	8.479009865122428e-05	0.18983502631304272	606.9025791227975	-2.783
ACGGGC	ACGGGC	1	0.56	0.00010649627263045793	5.925091231049405e-05	0.426711424337823	1364.19642360802	-3.135
ACGGTA	ACGGTA	1	1.26	0.00010649627263045793	0.00013459954320632137	0.7174471625624461	2293.6785787121403	-3.361
ACGGTC	ACGGTC	1	0.93	0.00010649627263045793	9.883183242422191e-05	0.6046686110578348	1933.1255495518976	-3.286
ACGGTT	ACGGTT	1	1.49	0.00010649627263045793	0.00015907218742565246	0.7754569520678238	2479.1358757608327	-3.394
ACGTAA	ACGTAA	2	2.39	0.00021299254526091586	0.00025443170109739374	0.6891812205581752	2203.3123621244863	-3.343
ACGTAG	ACGTAG	2	1.40	0.00021299254526091586	0.00014922365591788064	0.4085849940886661	1306.2462261014655	-3.116
ACGTAT	ACGTAT	6	3.31	0.0006389776357827476	0.00035212488590694155	0.11790064543496098	376.92836345557026	-2.576
ACGTCA	ACGTCA	2	2.22	0.00021299254526091586	0.00023614321362700768	0.6496476539130664	2076.9235495600733	-3.317
ACGTCC	ACGTCC	2	1.13	0.00021299254526091586	0.00012038673635886663	0.3120966526671267	997.7729985768041	-2.999
ACGTCT	ACGTCT	1	2.03	0.00010649627263045793	0.00021646461249142372	0.8690058628410682	2778.211743502895	-3.444
ACGTGA	ACGTGA	11	2.03	0.0011714589989350373	0.00021656582520616335	9.67892169014997e-06	0.03094351264340945	1.509
ACGTGC	ACGTGC	4	1.49	0.0004259850905218317	0.0001589086899240029	0.06466138931809874	206.72246164996167	-2.315
ACGTGG	ACGTGG	1	1.27	0.00010649627263045793	0.00013500207285579015	0.7185131268027722	2297.0864663884627	-3.361
ACGTGT	ACGTGT	3	2.07	0.0003194888178913738	0.0002207846399829067	0.3431192717186102	1096.9523116843968	-3.04
ACGTTC	ACGTTC	1	1.99	0.00010649627263045793	0.00021242949824890772	0.8639473027553969	2762.039526909004	-3.441
ACGTTT	ACGTTT	4	4.44	0.0004259850905218317	0.00047263022337675625	0.6471353309135337	2068.891652930567	-3.316
ACTAAA	ACTAAA	3	4.40	0.0003194888178913738	0.00046862630908891346	0.8149053707861842	2605.252470403431	-3.416
ACTAAC	ACTAAC	3	1.71	0.0003194888178913738	0.00018185498561659318	0.24478919700485424	782.591062824519	-2.894
ACTAAG	ACTAAG	6	2.28	0.0006389776357827476	0.00024247331415545756	0.028746330465316387	91.90201849761648	-1.963
ACTAAT	ACTAAT	4	2.74	0.0004259850905218317	0.00029143427182146337	0.2939855092554431	939.8716730896516	-2.973
ACTACA	ACTACA	3	2.88	0.0003194888178913738	0.000306903688060045	0.5498199238832369	1757.7742966547082	-3.245
ACTACC	ACTACC	1	1.19	0.00010649627263045793	0.00012679588990274163	0.6959652899162804	2225.0010318623486	-3.347
ACTACG	ACTACG	2	1.16	0.00021299254526091586	0.00012391416513222482	0.32416192507626246	1036.345674468811	-3.016
ACTACT	ACTACT	3	2.18	0.0003194888178913738	0.00023197884402660672	0.3714569682133624	1187.5479273781195	-3.075
ACTAGA	ACTAGA	1	2.02	0.00010649627263045793	0.00021494569639389066	0.8671241558183409	2772.1959261512357	-3.443
ACTAGC	ACTAGC	1	1.27	0.00010649627263045793	0.00013499638249128503	0.718498085847195	2297.038380453482	-3.361
ACTAGT	ACTAGT	5	2.10	0.0005324813631522897	0.0002241202078253373	0.0625724429939752	200.0441002517387	-2.301
ACTATA	ACTATA	2	6.04	0.00021299254526091586	0.000642769468304551	0.98317049323739	3143.196066879936	-3.497
ACTATC	ACTATC	3	2.42	0.0003194888178913738	0.0002578444858528284	0.43580972641453	1393.2836953472524	-3.144
ACTATG	ACTATG	1	2.49	0.00010649627263045793	0.0002652114711629092	0.9171178628079417	2932.02580739699	-3.467
ACTATT	ACTATT	4	4.44	0.0004259850905218317	0.0004733288061726921	0.6482636542986597	2072.498902792815	-3.316
ACTCAA	ACTCAA	5	4.16	0.0005324813631522897	0.0004427190551232221	0.4018304815632778	1284.652049557799	-3.109
ACTCAC	ACTCAC	1	3.28	0.00010649627263045793	0.00034880895252132634	0.96219508143957	3076.1376753623053	-3.488
ACTCAG	ACTCAG	5	2.14	0.0005324813631522897	0.00022806739203317487	0.06632683732811691	212.04689893798977	-2.326
ACTCAT	ACTCAT	5	4.07	0.0005324813631522897	0.0004337752358278032	0.38545088593419025	1232.2864823316063	-3.091
ACTCCA	ACTCCA	2	2.74	0.00021299254526091586	0.0002916692766181026	0.7582900007239647	2424.253132314515	-3.385
ACTCCC	ACTCCC	1	1.26	0.00010649627263045793	0.000134073780380902	0.7160487747866056	2289.207932992778	-3.36
ACTCCG	ACTCCG	1	1.06	0.00010649627263045793	0.00011290423611023324	0.6536033513280075	2089.56991419564	-3.32
ACTCCT	ACTCCT	1	1.90	0.00010649627263045793	0.00020228675636416778	0.8503524838066517	2718.5768907298657	-3.434
ACTCGC	ACTCGC	1	1.45	0.00010649627263045793	0.00015462884212330964	0.7658901495793786	2448.5508082052734	-3.389
ACTCGT	ACTCGT	3	2.32	0.0003194888178913738	0.0002469445687640913	0.408942940427814	1307.3905805477214	-3.116
ACTCTA	ACTCTA	3	3.16	0.0003194888178913738	0.0003367511604715298	0.6121289367362841	1956.9762107459003	-3.292
ACTCTC	ACTCTC	1	3.07	0.00010649627263045793	0.0003269190098008283	0.9535681439273419	3048.557356135712	-3.484
ACTCTG	ACTCTG	3	2.08	0.0003194888178913738	0.00022122339009078578	0.34423285900291956	1100.5124502323338	-3.042
ACTCTT	ACTCTT	1	4.20	0.00010649627263045793	0.0004473628555169228	0.9850154740443313	3149.094470519727	-3.498
ACTGAA	ACTGAA	3	3.09	0.0003194888178913738	0.00032944502815572616	0.5974258048635552	1909.970298148786	-3.281
ACTGAG	ACTGAG	2	1.38	0.00021299254526091586	0.00014662113890447152	0.40012202640089994	1279.1901184036772	-3.107
ACTGCA	ACTGCA	3	1.86	0.0003194888178913738	0.00019837575360215159	0.28623391337865384	915.0898210715563	-2.961
ACTGCC	ACTGCC	1	1.12	0.00010649627263045793	0.00011902545216129089	0.6729522177903525	2151.428240275757	-3.333
ACTGCG	ACTGCG	2	1.00	0.00021299254526091586	0.00010640154056842669	0.26391387640648495	843.7326628715324	-2.926
ACTGCT	ACTGCT	2	1.80	0.00021299254526091586	0.00019116208983480055	0.5356773560885947	1712.5605074152372	-3.234
ACTGGA	ACTGGA	1	1.39	0.00010649627263045793	0.00014799721569893473	0.7508484306386413	2400.4624327517363	-3.38
ACTGGC	ACTGGC	2	0.97	0.00021299254526091586	0.0001034197410908218	0.2536150839154039	810.8074232775463	-2.909
ACTGGG	ACTGGG	1	0.95	0.00010649627263045793	0.0001016366421064973	0.6149446040190164	1965.9778990487955	-3.294
ACTGTA	ACTGTA	4	2.16	0.0004259850905218317	0.0002305322347099333	0.17375103659118868	555.4820639820302	-2.745
ACTGTC	ACTGTC	1	1.59	0.00010649627263045793	0.00016927192059120982	0.7959649190235478	2544.6998461182825	-3.406
ACTGTG	ACTGTG	9	1.71	0.0009584664536741214	0.00018216882882673058	7.507842960963011e-05	0.24002573946198746	0.62
ACTGTT	ACTGTT	4	2.56	0.0004259850905218317	0.0002724471864753756	0.2549512908862752	815.0792769634219	-2.911
ACTTAA	ACTTAA	2	3.16	0.00021299254526091586	0.0003363262050943371	0.8232544390458605	2631.944441629616	-3.42
ACTTAC	ACTTAC	3	2.11	0.0003194888178913738	0.00022421747006289133	0.351827097886118	1124.7912319419192	-3.051
ACTTAG	ACTTAG	2	1.85	0.00021299254526091586	0.0001972546097388727	0.5525197479059973	1766.4056340554735	-3.247
ACTTAT	ACTTAT	4	4.37	0.0004259850905218317	0.00046546411506726823	0.6354227249400735	2031.4464516334149	-3.308
ACTTCA	ACTTCA	9	3.63	0.0009584664536741214	0.0003863048343444057	0.012204117655538657	39.01656414475708	-1.591
ACTTCG	ACTTCG	1	1.64	0.00010649627263045793	0.00017421590568473193	0.8052205438114732	2574.29007856528	-3.411
ACTTCT	ACTTCT	3	3.33	0.0003194888178913738	0.00035411276481570525	0.6455931525644063	2063.9613087484067	-3.315
ACTTGA	ACTTGA	4	2.54	0.0004259850905218317	0.00027091784657382696	0.2518519420245537	805.1706586524981	-2.906
ACTTGC	ACTTGC	1	1.87	0.00010649627263045793	0.00019879036794053547	0.8453578521715005	2702.609053392287	-3.432
ACTTGG	ACTTGG	1	1.59	0.00010649627263045793	0.00016888385240965853	0.7952200670226865	2542.3185542715287	-3.405
ACTTGT	ACTTGT	4	2.59	0.0004259850905218317	0.00027619546696162895	0.26257950915954104	839.4666907830527	-2.924
ACTTTA	ACTTTA	3	4.96	0.0003194888178913738	0.0005286403494265488	0.8722771980418353	2788.6702021397477	-3.445
ACTTTC	ACTTTC	5	4.51	0.0005324813631522897	0.00048037318708760304	0.46992695202968476	1502.3564656389021	-3.177
ACTTTG	ACTTTG	2	3.71	0.00021299254526091586	0.00039533104391898435	0.8849067280119544	2829.046809454218	-3.452
ACTTTT	ACTTTT	6	10.04	0.0006389776357827476	0.00106877288036237	0.9342555621329853	2986.815032139154	-3.475
AGAAAA	AGAAAA	19	10.03	0.0020234291799787005	0.0010683290058276277	0.0074135012963938126	23.70096364457102	-1.375
AGAAAC	AGAAAC	3	3.89	0.0003194888178913738	0.0004145754350972881	0.7457743702877708	2384.2406618100035	-3.377
AGAAAG	AGAAAG	5	5.19	0.0005324813631522897	0.0005527672467963841	0.592271037290435	1893.4905062175205	-3.277
AGAAAT	AGAAAT	6	6.24	0.0006389776357827476	0.0006643837100918083	0.5918393185613243	1892.110301440554	-3.277
AGAACA	AGAACA	5	3.82	0.0005324813631522897	0.0004072586009665807	0.3368546295443712	1076.9242506533546	-3.032
AGAACC	AGAACC	2	1.58	0.00021299254526091586	0.00016825707457774234	0.4685627445993228	1497.995094484035	-3.176
AGAACG	AGAACG	1	1.54	0.00010649627263045793	0.00016443305015552097	0.7864803346014795	2514.3776297209297	-3.4
AGAACT	AGAACT	2	2.89	0.00021299254526091586	0.00030783396598882423	0.7838986120401177	2506.1238626922564	-3.399
AGAAGA	AGAAGA	6	4.06	0.0006389776357827476	0.0004322927331746957	0.22419385871684017	716.747766317738	-2.855
AGAAGC	AGAAGC	2	2.55	0.00021299254526091586	0.00027150092388410777	0.7226893391932894	2310.437817400946	-3.364
AGAAGG	AGAAGG	3	2.28	0.0003194888178913738	0.00024250567958580504	0.397887104107193	1272.045071830696	-3.105
AGAAGT	AGAAGT	5	4.23	0.0005324813631522897	0.0004507442522736158	0.41648438285291184	1331.500571980759	-3.124
AGAATA	AGAATA	4	6.18	0.0004259850905218317	0.0006584488609178652	0.8643808940584935	2763.4257183050036	-3.441
AGAATC	AGAATC	1	2.48	0.00010649627263045793	0.0002641342135487138	0.9162752180966893	2929.3318722551157	-3.467
AGAATG	AGAATG	3	2.55	0.0003194888178913738	0.0002716809053643913	0.4692221486426507	1500.1032092105543	-3.176
AGAATT	AGAATT	6	4.55	0.0006389776357827476	0.0004848749491572817	0.30614489285749863	978.7452224654231	-2.991
AGACAA	AGACAA	5	3.33	0.0005324813631522897	0.0003551483548529169	0.24378289941288878	779.3739294230054	-2.892
AGACAG	AGACAG	1	1.72	0.00010649627263045793	0.00018295521310604797	0.8205662914680263	2623.35043382328	-3.419
AGACAT	AGACAT	3	3.27	0.0003194888178913738	0.00034797364061346376	0.6339992526792343	2026.895610815512	-3.307
AGACCA	AGACCA	3	1.78	0.0003194888178913738	0.0001896147744153488	0.2641583664875711	844.5142976607647	-2.927
AGACCG	AGACCG	1	0.69	0.00010649627263045793	7.33992675156188e-05	0.4980321082391133	1592.2086500404453	-3.202
AGACCT	AGACCT	1	1.23	0.00010649627263045793	0.00013150702096548374	0.7091218787508728	2267.0626463665403	-3.355
AGACGA	AGACGA	1	0.96	0.00010649627263045793	0.00010276616995262074	0.6190070225271556	1978.9654510193163	-3.296
AGACGC	AGACGC	1	1.04	0.00010649627263045793	0.00011105376430363855	0.6475317905700582	2070.159134452476	-3.316
AGACTC	AGACTC	2	2.03	0.00021299254526091586	0.00021625024125156538	0.6022105853881788	1925.2672414860078	-3.284
AGACTG	AGACTG	2	1.37	0.00021299254526091586	0.0001463347497191042	0.3991872252688455	1276.201559184499	-3.106
AGACTT	AGACTT	1	2.78	0.00010649627263045793	0.0002959213827652999	0.9378809009486823	2998.4052403329374	-3.477
AGAGAA	AGAGAA	4	3.47	0.0004259850905218317	0.0003694131372460622	0.45661776265189985	1459.8069871981238	-3.164
AGAGAC	AGAGAC	1	1.52	0.00010649627263045793	0.00016237940098728	0.7823229148818635	2501.0863588773173	-3.398
AGAGAG	AGAGAG	2	1.54	0.00021299254526091586	0.00016440914349962103	0.45672633626933046	1460.1540970530496	-3.164
AGAGAT	AGAGAT	2	2.29	0.00021299254526091586	0.0002435691014809201	0.6661635005450767	2129.7247112426103	-3.328
AGAGCA	AGAGCA	2	1.79	0.00021299254526091586	0.00019039415946308028	0.5335236645710353	1705.6751556335998	-3.232
AGAGCC	AGAGCC	1	1.07	0.00010649627263045793	0.00011423649567784811	0.6579097522481496	2103.3374779373344	-3.323
AGAGCG	AGAGCG	1	0.96	0.00010649627263045793	0.00010212050371201572	0.6166901196482935	1971.5583125155943	-3.295
AGAGCT	AGAGCT	1	1.72	0.00010649627263045793	0.00018347073548260456	0.8214327871717636	2626.120620588128	-3.419
AGAGGA	AGAGGA	2	1.40	0.00021299254526091586	0.0001493400836722969	0.4089622356536395	1307.4522673846855	-3.116
AGAGGC	AGAGGC	3	0.98	0.0003194888178913738	0.00010435813075895441	0.07664573046071721	245.03640028291292	-2.389
AGAGGG	AGAGGG	2	0.96	0.00021299254526091586	0.00010255885264242071	0.2506428981588534	801.3053454138543	-2.904
AGAGGT	AGAGGT	1	1.61	0.00010649627263045793	0.0001709314210707013	0.799119694606138	2554.785663655823	-3.407
AGAGTA	AGAGTA	4	2.48	0.0004259850905218317	0.00026438351313770234	0.23870267788685803	763.1324612042852	-2.883
AGAGTC	AGAGTC	2	1.82	0.00021299254526091586	0.0001941277544018095	0.5439301015878403	1738.9445347763253	-3.24
AGAGTG	AGAGTG	2	1.96	0.00021299254526091586	0.0002089184404514712	0.5835403993008049	1865.5786565646733	-3.271
AGATAA	AGATAA	3	4.56	0.0003194888178913738	0.00048509487708564667	0.8325188551379368	2661.562779875984	-3.425
AGATAC	AGATAC	2	3.04	0.00021299254526091586	0.00032339658472376435	0.8062657506289416	2577.631604760726	-3.411
AGATAG	AGATAG	3	2.67	0.0003194888178913738	0.00028450712200381794	0.49937383589850937	1596.4981533675345	-3.203
AGATAT	AGATAT	12	6.30	0.0012779552715654952	0.000671354935375916	0.02784918462374687	89.03384324211873	-1.95
AGATCA	AGATCA	1	2.31	0.00010649627263045793	0.00024596894757980683	0.9007038438130501	2879.5501886703214	-3.459
AGATCG	AGATCG	1	1.04	0.00010649627263045793	0.00011092717243795206	0.6471125633309609	2068.818864969082	-3.316
AGATCT	AGATCT	1	2.12	0.00010649627263045793	0.0002254715352814896	0.8796291296859668	2812.174327606036	-3.449
AGATGA	AGATGA	3	2.02	0.0003194888178913738	0.00021559567798952215	0.32993936975557087	1054.81616510856	-3.023
AGATGC	AGATGC	5	1.49	0.0005324813631522897	0.00015819682865464928	0.017900234380509458	57.22704931448874	-1.758
AGATGG	AGATGG	1	1.26	0.00010649627263045793	0.0001343973057597021	0.7169100822059535	2291.9615328124332	-3.36
AGATGT	AGATGT	2	2.06	0.00021299254526091586	0.00021979559379451272	0.6110087133149702	1953.3948564679597	-3.291
AGATTA	AGATTA	2	2.61	0.00021299254526091586	0.00027772109510782345	0.7341179832292879	2346.9751923840336	-3.371
AGATTT	AGATTT	3	5.27	0.0003194888178913738	0.0005614796053266864	0.8964867703768299	2866.068204894725	-3.457
AGCAAA	AGCAAA	6	3.98	0.0006389776357827476	0.0004239023207997319	0.21182047059967027	677.1900445071459	-2.831
AGCAAC	AGCAAC	5	1.54	0.0005324813631522897	0.0001644994080715377	0.020756305520278455	66.35790874833022	-1.822
AGCAAG	AGCAAG	2	2.06	0.00021299254526091586	0.00021933254409538355	0.6098681162000514	1949.7483674915645	-3.29
AGCAAT	AGCAAT	2	2.48	0.00021299254526091586	0.0002636208462684898	0.7076168674849687	2262.251125349445	-3.355
AGCACA	AGCACA	1	3.08	0.00010649627263045793	0.00032808917553219517	0.9540755377954264	3050.1794943319783	-3.484
AGCACC	AGCACC	1	1.27	0.00010649627263045793	0.00013554857956259712	0.7199539323690972	2301.692721784004	-3.362
AGCACG	AGCACG	2	1.24	0.00021299254526091586	0.00013246793002708357	0.35316891171592607	1129.0810107558157	-3.053
AGCACT	AGCACT	4	2.33	0.0004259850905218317	0.00024799228760884233	0.2065022501189682	660.1876936303413	-2.82
AGCAGA	AGCAGA	1	1.60	0.00010649627263045793	0.00017077976400386373	0.7988334252430672	2553.8704605020857	-3.407
AGCAGG	AGCAGG	1	0.90	0.00010649627263045793	9.580328224606985e-05	0.5932647596352476	1896.6674365538865	-3.278
AGCATA	AGCATA	3	3.87	0.0003194888178913738	0.00041162847408316073	0.7414709188539859	2370.4825275761928	-3.375
AGCATC	AGCATC	1	1.55	0.00010649627263045793	0.00016512317011931947	0.7878595168539085	2518.7868753819457	-3.401
AGCATG	AGCATG	2	1.59	0.00021299254526091586	0.00016984097497987143	0.4733898246630271	1513.4272694476977	-3.18
AGCATT	AGCATT	3	2.85	0.0003194888178913738	0.000303118962290465	0.5415063880981499	1731.1959227497853	-3.238
AGCCAA	AGCCAA	4	2.38	0.0004259850905218317	0.00025304387578125307	0.21629305183367648	691.4888867122637	-2.84
AGCCAC	AGCCAC	5	1.87	0.0005324813631522897	0.0001993679021306841	0.041847581145847836	133.78671692327552	-2.126
AGCCAT	AGCCAT	3	2.33	0.0003194888178913738	0.00024793187829072255	0.41139366120854465	1315.2255348837173	-3.119
AGCCCA	AGCCCA	1	1.41	0.00010649627263045793	0.00015031706906678573	0.7562171182066064	2417.6261269065208	-3.383
AGCCCT	AGCCCT	1	0.98	0.00010649627263045793	0.00010425216080438357	0.6242862730053248	1995.8432147980234	-3.3
AGCCGA	AGCCGA	1	0.66	0.00010649627263045793	7.01999655389733e-05	0.48272347166441737	1543.2669389111422	-3.188
AGCCGG	AGCCGG	1	0.51	0.00010649627263045793	5.4348360417269646e-05	0.39970321495436245	1277.8511782090968	-3.106
AGCCGT	AGCCGT	2	1.14	0.00021299254526091586	0.0001211515534301635	0.3147169128765842	1006.1499704664398	-3.003
AGCGAC	AGCGAC	3	0.67	0.0003194888178913738	7.115792697721375e-05	0.030384221452360066	97.13835598319513	-1.987
AGCGAG	AGCGAG	1	0.68	0.00010649627263045793	7.204740106442884e-05	0.4916194999832544	1571.7075414464643	-3.196
AGCGAT	AGCGAT	1	1.00	0.00010649627263045793	0.00010673689046582064	0.6329508078940396	2023.5437328372445	-3.306
AGCGCA	AGCGCA	2	1.35	0.00021299254526091586	0.00014356074744798048	0.39009765947323716	1247.1422173359392	-3.096
AGCGCC	AGCGCC	2	0.81	0.00021299254526091586	8.613644846878825e-05	0.19438221448464119	621.4399397073979	-2.793
AGCGCT	AGCGCT	1	1.30	0.00010649627263045793	0.00013834035663169022	0.7271998897229623	2324.8580474443106	-3.366
AGCGGA	AGCGGA	3	0.85	0.0003194888178913738	9.0317999861522e-05	0.05458358884223786	174.50373352863443	-2.242
AGCGGG	AGCGGG	2	0.58	0.00021299254526091586	6.202561436273189e-05	0.11614730967678133	371.3229490366699	-2.57
AGCGGT	AGCGGT	1	0.97	0.00010649627263045793	0.00010337602393788663	0.6211825547622591	1985.9206275749425	-3.298
AGCGTA	AGCGTA	1	1.80	0.00010649627263045793	0.00019176376484862843	0.8348104624509933	2668.8890484558256	-3.426
AGCGTC	AGCGTC	1	1.32	0.00010649627263045793	0.0001408055616021398	0.7334422133558928	2344.814756098789	-3.37
AGCGTG	AGCGTG	1	1.42	0.00010649627263045793	0.00015153360439087426	0.7589860697344747	2426.4784649411154	-3.385
AGCGTT	AGCGTT	1	2.13	0.00010649627263045793	0.00022662990391201533	0.8809313185994515	2816.3374255624462	-3.45
AGCTAA	AGCTAA	1	2.21	0.00010649627263045793	0.00023553592465147706	0.8904837492955707	2846.8765464979397	-3.454
AGCTAC	AGCTAC	1	1.47	0.00010649627263045793	0.00015702394976765133	0.7710965290015243	2465.195603217873	-3.392
AGCTAG	AGCTAG	3	1.30	0.0003194888178913738	0.0001381413228968578	0.14223100586844434	454.71252576141654	-2.658
AGCTAT	AGCTAT	1	3.06	0.00010649627263045793	0.0003259737691379092	0.9531541892290479	3047.233942965266	-3.484
AGCTCA	AGCTCA	3	2.71	0.0003194888178913738	0.0002890275331678719	0.5097910799476211	1629.8020825925446	-3.212
AGCTCG	AGCTCG	2	1.22	0.00021299254526091586	0.00013034575025217747	0.3460100089630356	1106.1939986548248	-3.044
AGCTCT	AGCTCT	3	2.49	0.0003194888178913738	0.0002649419054038826	0.45305475239581	1448.4160434094047	-3.161
AGCTGC	AGCTGC	2	1.15	0.00021299254526091586	0.00012229624380735685	0.3186343350606224	1018.6739691888098	-3.008
AGCTGG	AGCTGG	2	0.98	0.00021299254526091586	0.00010389769385403775	0.25526552014136317	816.0838678919381	-2.912
AGCTGT	AGCTGT	2	1.60	0.00021299254526091586	0.00016991602015712417	0.4736178712568455	1514.156334408135	-3.18
AGCTTA	AGCTTA	2	2.28	0.00021299254526091586	0.00024326658681627037	0.6655031630653182	2127.613612319822	-3.328
AGCTTC	AGCTTC	3	2.08	0.0003194888178913738	0.00022105528975913265	0.3438062249166329	1099.1485010584754	-3.041
AGCTTG	AGCTTG	3	1.71	0.0003194888178913738	0.00018192109970608048	0.24495330323836637	783.1157104530573	-2.894
AGCTTT	AGCTTT	3	4.62	0.0003194888178913738	0.0004918215776937638	0.8392873932868994	2683.2017963382173	-3.429
AGGAAA	AGGAAA	6	4.03	0.0006389776357827476	0.0004290689881316264	0.21941175141345667	701.459369268821	-2.846
AGGAAC	AGGAAC	1	1.56	0.00010649627263045793	0.00016650438345406387	0.7905931273976401	2527.5262282902554	-3.403
AGGAAG	AGGAAG	1	2.08	0.00010649627263045793	0.00022200584460541848	0.8756474846367065	2799.445008383551	-3.447
AGGAAT	AGGAAT	2	2.51	0.00021299254526091586	0.0002668339478430513	0.7138437871331214	2282.158587464589	-3.358
AGGACA	AGGACA	1	1.74	0.00010649627263045793	0.00018527312419930689	0.8244295050728223	2635.701127717813	-3.421
AGGACC	AGGACC	2	0.72	0.00021299254526091586	7.654476492741328e-05	0.16235002088787562	519.0330167785384	-2.715
AGGAGA	AGGAGA	4	1.40	0.0004259850905218317	0.00014934008367229707	0.053985361183162654	172.591199702571	-2.237
AGGAGC	AGGAGC	1	0.88	0.00010649627263045793	9.379285742833295e-05	0.5855135236067424	1871.8867349707552	-3.272
AGGAGT	AGGAGT	2	1.46	0.00021299254526091586	0.00015571435553635857	0.42943014911277044	1372.8881867135271	-3.138
AGGATA	AGGATA	2	2.63	0.00021299254526091586	0.0002803754988872122	0.7388714911955307	2362.1721573521118	-3.373
AGGATG	AGGATG	1	1.09	0.00010649627263045793	0.00011568501959816203	0.6625312393621875	2118.1123722409134	-3.326
AGGATT	AGGATT	1	1.94	0.00010649627263045793	0.00020646562525505305	0.8561108721057458	2736.986458122069	-3.437
AGGCAA	AGGCAA	1	1.78	0.00010649627263045793	0.0001894281094880123	0.8311475374638287	2657.1786772718606	-3.424
AGGCCA	AGGCCA	2	1.38	0.00021299254526091586	0.000146877398987338	0.40095790042902324	1281.8624076715873	-3.108
AGGCCG	AGGCCG	1	0.53	0.00010649627263045793	5.685576734993727e-05	0.4136718454348521	1322.5088898552222	-3.121
AGGCCT	AGGCCT	2	0.96	0.00021299254526091586	0.00010186658316863756	0.24825352249501093	793.66651141655	-2.9
AGGCGC	AGGCGC	2	0.74	0.00021299254526091586	7.868797706966803e-05	0.16942646987063703	541.6564241764266	-2.734
AGGCGT	AGGCGT	1	1.18	0.00010649627263045793	0.00012566587382767866	0.6927220465693742	2214.632382882289	-3.345
AGGCTC	AGGCTC	2	1.38	0.00021299254526091586	0.00014704766271531964	0.4015129643794293	1283.6369471210355	-3.108
AGGCTG	AGGCTG	2	0.93	0.00021299254526091586	9.950593717578028e-05	0.24011170737706217	767.6371284844678	-2.885
AGGCTT	AGGCTT	3	1.89	0.0003194888178913738	0.0002012231173999112	0.29344173167800286	938.1332161745752	-2.972
AGGGAA	AGGGAA	3	1.98	0.0003194888178913738	0.000210960922696065	0.31816017611928404	1017.1580830533511	-3.007
AGGGAC	AGGGAC	1	0.87	0.00010649627263045793	9.27300759103582e-05	0.5813564398200981	1858.5965381048536	-3.269
AGGGAT	AGGGAT	2	1.31	0.00021299254526091586	0.00013909511386553736	0.375337628351588	1199.9543978400268	-3.079
AGGGCA	AGGGCA	1	1.14	0.00010649627263045793	0.00012097616879599499	0.6788882947629467	2170.4058783571404	-3.337
AGGGGG	AGGGGG	1	0.67	0.00010649627263045793	7.169941594070734e-05	0.48995560890211415	1566.388081660059	-3.195
AGGGGT	AGGGGT	2	1.12	0.00021299254526091586	0.00011949902656784574	0.3090526459554405	988.0413091195434	-2.995
AGGGTC	AGGGTC	3	1.14	0.0003194888178913738	0.00012169439100826796	0.10833272486634477	346.33972139770424	-2.54
AGGGTT	AGGGTT	3	1.84	0.0003194888178913738	0.00019587001981330736	0.27990253991327246	894.8484201027321	-2.952
AGGTAA	AGGTAA	3	2.20	0.0003194888178913738	0.00023423465265226767	0.37714235750867964	1205.7241169552487	-3.081
AGGTAT	AGGTAT	6	3.04	0.0006389776357827476	0.0003241728526157966	0.08841711050264738	282.66950227696367	-2.451
AGGTCA	AGGTCA	4	2.04	0.0004259850905218317	0.00021739792400687989	0.15041712826900644	480.88355907601357	-2.682
AGGTCT	AGGTCT	1	1.87	0.00010649627263045793	0.00019928143033963992	0.8460692773783928	2704.8834797787217	-3.432
AGGTGA	AGGTGA	6	1.87	0.0006389776357827476	0.00019937460868565097	0.012378388868556049	39.573709212773686	-1.597
AGGTGC	AGGTGC	1	1.37	0.00010649627263045793	0.00014629435572388667	0.7468325117132233	2387.623539947175	-3.378
AGGTGG	AGGTGG	2	1.17	0.00021299254526091586	0.0001242854703494967	0.325428850467051	1040.396034943162	-3.017
AGGTGT	AGGTGT	1	1.91	0.00010649627263045793	0.00020325852963407265	0.8517117987866479	2722.9226207209135	-3.435
AGGTTA	AGGTTA	3	2.02	0.0003194888178913738	0.00021521686289732576	0.32897669755808384	1051.738502093194	-3.022
AGGTTC	AGGTTC	2	1.84	0.00021299254526091586	0.00019556662758930907	0.5478970430676974	1751.6268466874285	-3.243
AGGTTG	AGGTTG	3	1.51	0.0003194888178913738	0.00016094478442756538	0.19398783270673878	620.1791011634439	-2.793
AGGTTT	AGGTTT	2	4.09	0.00021299254526091586	0.0004351123532489411	0.9145027728566842	2923.6653648228194	-3.466
AGTAAA	AGTAAA	9	4.99	0.0009584664536741214	0.0005312950726970636	0.06736891455055818	215.37841981813452	-2.333
AGTAAC	AGTAAC	2	1.94	0.00021299254526091586	0.00020617420731527833	0.576387406585236	1842.7105388529994	-3.265
AGTAAG	AGTAAG	3	2.58	0.0003194888178913738	0.00027489894308703775	0.47686609700614785	1524.5409121286548	-3.183
AGTAAT	AGTAAT	1	3.10	0.00010649627263045793	0.00033040738351807413	0.9550644182390967	3053.340945110392	-3.485
AGTACA	AGTACA	5	3.27	0.0005324813631522897	0.00034794550390452255	0.23145439266647325	739.959693354715	-2.869
AGTACC	AGTACC	2	1.35	0.00021299254526091586	0.0001437521330685352	0.3907267758349514	1249.1535023443396	-3.097
AGTACG	AGTACG	4	1.32	0.0004259850905218317	0.00014048503913515942	0.045030852134459474	143.96363427386694	-2.158
AGTACT	AGTACT	1	2.47	0.00010649627263045793	0.00026300106163675176	0.9153796052534544	2926.4685979952937	-3.466
AGTAGA	AGTAGA	3	2.29	0.0003194888178913738	0.0002436900941680715	0.40084288858723527	1281.494714813391	-3.108
AGTAGC	AGTAGC	2	1.44	0.00021299254526091586	0.0001530492664592157	0.42091755690640015	1345.6734294297612	-3.129
AGTAGT	AGTAGT	2	2.39	0.00021299254526091586	0.0002540915006264649	0.6884806341780505	2201.0725874672275	-3.343
AGTATA	AGTATA	6	6.84	0.0006389776357827476	0.0007287261614787525	0.6787576026899003	2169.988055799611	-3.336
AGTATC	AGTATC	2	2.74	0.00021299254526091586	0.00029232568082242217	0.7593792035360536	2427.7353137047635	-3.385
AGTATG	AGTATG	2	2.82	0.00021299254526091586	0.00030067784313163423	0.7728702947584232	2470.866332342679	-3.393
AGTATT	AGTATT	4	5.04	0.0004259850905218317	0.0005366264283668749	0.7403952656924357	2367.043664418717	-3.374
AGTCAA	AGTCAA	10	3.56	0.0010649627263045794	0.00037962912531777935	0.0037615094190379117	12.025545612664203	-1.08
AGTCAC	AGTCAC	4	2.81	0.0004259850905218317	0.00029910173509885627	0.3099687799670553	990.9701895546758	-2.996
AGTCAG	AGTCAG	1	1.84	0.00010649627263045793	0.0001955665191030983	0.8406049575421856	2687.4140492623674	-3.429
AGTCAT	AGTCAT	7	3.49	0.0007454739084132055	0.0003719598500588341	0.06472697579580138	206.932141619177	-2.316
AGTCCA	AGTCCA	1	2.35	0.00010649627263045793	0.0002501047810869159	0.904486138402079	2891.642184471447	-3.461
AGTCCC	AGTCCC	1	1.08	0.00010649627263045793	0.00011496752033834038	0.6602499286613709	2110.819021930403	-3.324
AGTCCG	AGTCCG	1	0.91	0.00010649627263045793	9.681475396912861e-05	0.5971095296750671	1908.9591663711897	-3.281
AGTCGA	AGTCGA	2	1.15	0.00021299254526091586	0.00012269834364671614	0.32000915030404936	1023.0692535220458	-3.01
AGTCGC	AGTCGC	2	1.25	0.00021299254526091586	0.000132593371360161	0.3535912153598963	1130.4311155055884	-3.053
AGTCGT	AGTCGT	1	1.99	0.00010649627263045793	0.00021175359306772003	0.8630810643552225	2759.2701627436463	-3.441
AGTCTA	AGTCTA	3	2.71	0.0003194888178913738	0.00028876224553734677	0.509182884951498	1627.857683189939	-3.212
AGTCTC	AGTCTC	2	2.63	0.00021299254526091586	0.0002803312310691028	0.738792816151952	2361.9206332377908	-3.373
AGTCTG	AGTCTG	1	1.78	0.00010649627263045793	0.00018969782553548325	0.8315746378256949	2658.5441171287466	-3.425
AGTCTT	AGTCTT	1	3.60	0.00010649627263045793	0.00038361115830508834	0.9727338364653102	3109.830075179597	-3.493
AGTGAA	AGTGAA	1	4.22	0.00010649627263045793	0.00044927530023917267	0.9852821622616424	3149.947072750471	-3.498
AGTGAC	AGTGAC	1	1.85	0.00010649627263045793	0.0001974836484567791	0.8434486893265147	2696.5054597768676	-3.431
AGTGAG	AGTGAG	1	1.88	0.00010649627263045793	0.00019995219406248888	0.84703575875316	2707.9733207338522	-3.433
AGTGAT	AGTGAT	5	2.78	0.0005324813631522897	0.00029622547268516873	0.14946308919044005	477.8334961418368	-2.679
AGTGCA	AGTGCA	2	2.54	0.00021299254526091586	0.0002705317083056722	0.7208715816040905	2304.626446388277	-3.363
AGTGGA	AGTGGA	2	1.90	0.00021299254526091586	0.0002018287964153779	0.5648775262680685	1805.913451479015	-3.257
AGTGGC	AGTGGC	1	1.32	0.00010649627263045793	0.00014103699026616777	0.7340208451772892	2346.6646420317934	-3.37
AGTGGT	AGTGGT	3	2.17	0.0003194888178913738	0.00023100886336699904	0.3690091994170687	1179.7224105363687	-3.072
AGTGTA	AGTGTA	2	2.95	0.00021299254526091586	0.00031438458653913846	0.7935777507807054	2537.068069245915	-3.404
AGTGTC	AGTGTC	2	2.17	0.00021299254526091586	0.00023084182927698985	0.6374631176699448	2037.9695871908134	-3.309
AGTGTG	AGTGTG	1	2.33	0.00010649627263045793	0.00024842977817428433	0.9029719936657565	2886.8014637494234	-3.46
AGTGTT	AGTGTT	1	3.49	0.00010649627263045793	0.0003715454204553453	0.9694628559331747	3099.3727504183594	-3.491
AGTTAA	AGTTAA	3	3.19	0.0003194888178913738	0.0003392108029559133	0.6169966808577121	1972.5383887021055	-3.295
AGTTAC	AGTTAC	5	2.12	0.0005324813631522897	0.00022614053530394215	0.06447872378778666	206.13847994955395	-2.314
AGTTAG	AGTTAG	5	1.87	0.0005324813631522897	0.00019894642029903765	0.04153675938857503	132.79301976527438	-2.123
AGTTAT	AGTTAT	3	4.41	0.0003194888178913738	0.00046945630113729776	0.8158294322329116	2608.2066948486186	-3.416
AGTTCA	AGTTCA	3	3.66	0.0003194888178913738	0.00038961808820981255	0.7074790405601667	2261.810492670853	-3.354
AGTTCC	AGTTCC	2	1.87	0.00021299254526091586	0.00019862882928343382	0.5562583831662974	1778.3580509826527	-3.25
AGTTCG	AGTTCG	1	1.65	0.00010649627263045793	0.00017571011821226835	0.8079343445642414	2582.9660995718796	-3.412
AGTTCT	AGTTCT	6	3.35	0.0006389776357827476	0.0003571499141923282	0.12366360015862561	395.35252970712605	-2.597
AGTTGA	AGTTGA	2	2.57	0.00021299254526091586	0.00027324145094676156	0.7259285381267546	2320.7935363912347	-3.366
AGTTGC	AGTTGC	2	1.88	0.00021299254526091586	0.00020049535037002642	0.5613006117031158	1794.4780556148614	-3.254
AGTTGG	AGTTGG	3	1.60	0.0003194888178913738	0.00017033233305772166	0.21649179002792107	692.1242527192637	-2.84
AGTTGT	AGTTGT	4	2.62	0.0004259850905218317	0.0002785643363548155	0.2674224730073841	854.9496462046069	-2.932
AGTTTA	AGTTTA	6	5.01	0.0006389776357827476	0.0005331743845341343	0.3851811923370068	1231.4242719014107	-3.09
AGTTTC	AGTTTC	4	4.55	0.0004259850905218317	0.0004844932450766699	0.6659685688068449	2129.101514475483	-3.328
AGTTTG	AGTTTG	5	3.74	0.0005324813631522897	0.0003987217136516135	0.3212893146765732	1027.1619390210044	-3.012
AGTTTT	AGTTTT	10	10.12	0.0010649627263045794	0.0010779395165581406	0.5572193526113032	1781.4302702983362	-3.251
ATAAAA	ATAAAA	13	14.93	0.0013844515441959531	0.0015901470287168263	0.7266726615164478	2323.1724988680835	-3.366
ATAAAC	ATAAAC	6	5.79	0.0006389776357827476	0.0006170719812930964	0.5207420218361448	1664.812243810155	-3.221
ATAAAG	ATAAAG	6	7.73	0.0006389776357827476	0.0008227626417241285	0.7823304837026641	2501.110556397417	-3.398
ATAAAT	ATAAAT	10	9.29	0.0010649627263045794	0.0009888974059184244	0.4501845218187948	1439.239916254687	-3.158
ATAACA	ATAACA	8	5.69	0.0008519701810436634	0.0006061812893909846	0.21481960148351892	686.77826594281	-2.837
ATAACC	ATAACC	2	2.35	0.00021299254526091586	0.00025044109608641623	0.6808811098998724	2176.776908349892	-3.338
ATAACG	ATAACG	3	2.30	0.0003194888178913738	0.0002447492529935432	0.40348258834364076	1289.9338349346194	-3.111
ATAACT	ATAACT	1	4.30	0.00010649627263045793	0.0004581933689762845	0.9864644501805043	3153.7268472270725	-3.499
ATAAGA	ATAAGA	8	6.04	0.0008519701810436634	0.0006434431728838878	0.26181311709090194	837.0165353396135	-2.923
ATAAGC	ATAAGC	6	3.79	0.0006389776357827476	0.0004041137000429297	0.18365085297915515	587.131776974359	-2.769
ATAAGG	ATAAGG	2	3.39	0.00021299254526091586	0.0003609559262519372	0.8519476036006677	2723.6764887113345	-3.435
ATAAGT	ATAAGT	3	6.30	0.0003194888178913738	0.0006709072107508832	0.9501468999067731	3037.6196390019536	-3.483
ATAATA	ATAATA	13	9.20	0.0013844515441959531	0.000980063720107828	0.1394778264352494	445.9106111134923	-2.649
ATAATC	ATAATC	5	3.69	0.0005324813631522897	0.00039314877024382777	0.3111723543124985	994.8180167370577	-2.998
ATAATG	ATAATG	2	3.80	0.00021299254526091586	0.00040438159225079424	0.8923771816551281	2852.9298497514446	-3.455
ATAATT	ATAATT	8	6.78	0.0008519701810436634	0.0007217088139475981	0.3680755839616001	1176.7376419252355	-3.071
ATACAA	ATACAA	6	7.53	0.0006389776357827476	0.0008017375254714374	0.7616459245668095	2434.9820208400897	-3.386
ATACAC	ATACAC	4	5.93	0.0004259850905218317	0.0006316719897653745	0.8425688073852167	2693.6924772105376	-3.43
ATACAG	ATACAG	4	3.88	0.0004259850905218317	0.00041301630100043713	0.5423843032944968	1734.0026176325064	-3.239
ATACAT	ATACAT	7	7.38	0.0007454739084132055	0.0007855408077851451	0.60471698961756	1933.2802158073393	-3.286
ATACCA	ATACCA	4	4.02	0.0004259850905218317	0.00042805007528627154	0.5703088714248927	1823.2774619453821	-3.261
ATACCC	ATACCC	2	1.85	0.00021299254526091586	0.00019676495396223772	0.5511822319431143	1762.1295955221365	-3.246
ATACCG	ATACCG	1	1.56	0.00010649627263045793	0.0001656968033366212	0.7889991217792056	2522.4301923281205	-3.402
ATACGA	ATACGA	2	2.18	0.00021299254526091586	0.00023199176815591165	0.6401341396269634	2046.508844387402	-3.311
ATACGG	ATACGG	1	1.69	0.00010649627263045793	0.00017960653018522207	0.8148345109652713	2605.0259315559724	-3.416
ATACGT	ATACGT	5	3.76	0.0005324813631522897	0.00040037289020455766	0.3242941305491704	1036.7683353656978	-3.016
ATACTA	ATACTA	6	4.72	0.0006389776357827476	0.0005028609724551914	0.3353648045378297	1072.1612801074416	-3.03
ATACTC	ATACTC	1	4.58	0.00010649627263045793	0.0004881789002667188	0.9897860400668675	3164.3459700937756	-3.5
ATACTG	ATACTG	3	3.10	0.0003194888178913738	0.00033034662424063637	0.5992598450398003	1915.8337245922417	-3.282
ATACTT	ATACTT	2	6.27	0.00021299254526091586	0.0006680342845755097	0.9862771754206137	3153.128129819702	-3.499
ATAGAA	ATAGAA	6	6.80	0.0006389776357827476	0.0007245984846254469	0.6735596421364382	2153.3701759101928	-3.333
ATAGAC	ATAGAC	3	2.99	0.0003194888178913738	0.0003185048284067897	0.5747366639661246	1837.4331146997001	-3.264
ATAGAG	ATAGAG	3	3.03	0.0003194888178913738	0.00032248613876187463	0.5830858713583987	1864.1255307328008	-3.27
ATAGAT	ATAGAT	5	4.49	0.0005324813631522897	0.0004777572426101847	0.4652637765716417	1487.4482936995385	-3.172
ATAGCA	ATAGCA	1	3.51	0.00010649627263045793	0.00037345536885059505	0.9700056399553951	3101.1080309373983	-3.492
ATAGCC	ATAGCC	2	2.10	0.00021299254526091586	0.00022407322131035693	0.621424830560631	1986.6951833023375	-3.298
ATAGCG	ATAGCG	4	1.88	0.0004259850905218317	0.00020030787965622814	0.12204866406246452	390.1895790076991	-2.591
ATAGCT	ATAGCT	4	3.38	0.0004259850905218317	0.0003598751736196642	0.4370963346196949	1397.3969817791644	-3.145
ATAGGA	ATAGGA	1	2.75	0.00010649627263045793	0.0002929283975374844	0.9361103340485727	2992.744737953287	-3.476
ATAGGG	ATAGGG	1	1.89	0.00010649627263045793	0.00020116769469441688	0.8487716984487076	2713.523119940518	-3.434
ATAGGT	ATAGGT	3	3.15	0.0003194888178913738	0.00033527949115736165	0.6091965854526804	1947.6014836922193	-3.29
ATAGTA	ATAGTA	5	4.87	0.0005324813631522897	0.0005185844077113236	0.5363188870001403	1714.6114817394484	-3.234
ATAGTC	ATAGTC	3	3.58	0.0003194888178913738	0.00038077876090691605	0.6928938543305505	2215.18165229477	-3.345
ATAGTG	ATAGTG	2	3.85	0.00021299254526091586	0.0004097904760236335	0.8966237702860922	2866.506193604637	-3.457
ATAGTT	ATAGTT	4	5.75	0.0004259850905218317	0.0006128724818406549	0.8255456173501348	2639.269338668381	-3.421
ATATAA	ATATAA	14	14.23	0.001490947816826411	0.0015155650793433554	0.5598371501002342	1789.7993688704487	-3.253
ATATAC	ATATAC	15	9.49	0.001597444089456869	0.0010103767195622367	0.05946753040879189	190.11769471690766	-2.279
ATATAG	ATATAG	4	8.35	0.0004259850905218317	0.0008888757216401953	0.9665315641776688	3090.0014106760073	-3.49
ATATAT	ATATAT	60	19.70	0.006389776357827476	0.0020974909114962895	2.269567086183595e-13	7.255805974528953e-10	9.139
ATATCA	ATATCA	5	7.22	0.0005324813631522897	0.0007684722415425024	0.8458134219384315	2704.065509937165	-3.432
ATATCC	ATATCC	2	3.68	0.00021299254526091586	0.00039177016235500113	0.8818377815898831	2819.2353877428563	-3.45
ATATCG	ATATCG	2	3.25	0.00021299254526091586	0.00034656591285250096	0.8357448909195285	2671.8764162697325	-3.427
ATATCT	ATATCT	4	6.61	0.0004259850905218317	0.0007044328880806272	0.8957984929918068	2863.8677820948064	-3.457
ATATGA	ATATGA	5	6.32	0.0005324813631522897	0.0006735780900868696	0.7560836298644602	2417.199364676679	-3.383
ATATGC	ATATGC	4	4.64	0.0004259850905218317	0.0004942488583104949	0.680931261919129	2176.9372443554553	-3.338
ATATGG	ATATGG	3	3.94	0.0003194888178913738	0.0004198928353788278	0.7533940974297726	2408.600929482983	-3.382
ATATGT	ATATGT	7	6.45	0.0007454739084132055	0.0006866997411924576	0.465288871537365	1487.528522304956	-3.172
ATATTA	ATATTA	7	8.15	0.0007454739084132055	0.0008676743734568415	0.7043026690825751	2251.6556330569924	-3.353
ATATTC	ATATTC	4	7.40	0.0004259850905218317	0.0007884519306629561	0.9369939540470479	2995.569671088412	-3.476
ATATTG	ATATTG	5	6.09	0.0005324813631522897	0.0006488695314546815	0.727183960895772	2324.807122983783	-3.366
ATATTT	ATATTT	15	16.47	0.001597444089456869	0.0017542112332931791	0.675026212969625	2158.058802863891	-3.334
ATCAAA	ATCAAA	5	5.83	0.0005324813631522897	0.0006207409052831587	0.6913685522532005	2210.305261553482	-3.344
ATCAAC	ATCAAC	2	2.26	0.00021299254526091586	0.0002408845304083898	0.6602666157541437	2110.8723705659972	-3.324
ATCAAG	ATCAAG	1	3.02	0.00010649627263045793	0.00032117937387785304	0.9509970275620816	3040.3374971159747	-3.483
ATCAAT	ATCAAT	4	3.62	0.0004259850905218317	0.00038603290129549637	0.49005248358834275	1566.6977900319318	-3.195
ATCACA	ATCACA	2	4.51	0.00021299254526091586	0.0004804370295714332	0.9394631195183324	3003.4635931001085	-3.478
ATCACC	ATCACC	3	1.86	0.0003194888178913738	0.00019849041597317437	0.2865239152080749	916.0169569202155	-2.962
ATCACG	ATCACG	5	1.82	0.0005324813631522897	0.00019397927015560226	0.03797903128591491	121.41896302106997	-2.084
ATCACT	ATCACT	3	3.41	0.0003194888178913738	0.00036314723831455746	0.6621760033255268	2116.9766826317095	-3.326
ATCAGC	ATCAGC	3	1.47	0.0003194888178913738	0.000157063169338161	0.18486028307506033	590.9983249909678	-2.772
ATCAGT	ATCAGT	2	2.45	0.00021299254526091586	0.0002607553588041313	0.7019683373414496	2244.1927744806144	-3.351
ATCATA	ATCATA	5	5.66	0.0005324813631522897	0.0006027677111100827	0.6668618040238492	2131.957187464246	-3.329
ATCATC	ATCATC	7	2.27	0.0007454739084132055	0.00024179793568885835	0.008767787289527887	28.030615964620655	-1.448
ATCATT	ATCATT	10	4.17	0.0010649627263045794	0.0004438719248002613	0.010598291681330554	33.88273850521378	-1.53
ATCCAA	ATCCAA	2	2.96	0.00021299254526091586	0.00031484175411319214	0.7942387229573145	2539.1811972945343	-3.405
ATCCAC	ATCCAC	3	2.33	0.0003194888178913738	0.00024805713960433307	0.411704360319596	1316.2188399417485	-3.119
ATCCAT	ATCCAT	4	2.90	0.0004259850905218317	0.0003084813146361578	0.3296250262723466	1053.811208992692	-3.023
ATCCCA	ATCCCA	2	1.76	0.00021299254526091586	0.00018702720843183853	0.5240001944453753	1675.2286216418647	-3.224
ATCCCT	ATCCCT	2	1.22	0.00021299254526091586	0.00012971241875111373	0.3438683984534184	1099.3472698555786	-3.041
ATCCGT	ATCCGT	1	1.42	0.00010649627263045793	0.00015073894785133817	0.7571809395799148	2420.7074638369877	-3.384
ATCCTA	ATCCTA	2	1.70	0.00021299254526091586	0.0001811917987701273	0.5071863500838855	1621.4747612181818	-3.21
ATCCTC	ATCCTC	2	1.65	0.00021299254526091586	0.00017590152727318915	0.49161111976135474	1571.680749877051	-3.196
ATCCTG	ATCCTG	1	1.12	0.00010649627263045793	0.00011903110868110553	0.6729695883807565	2151.4837740532785	-3.333
ATCCTT	ATCCTT	4	2.26	0.0004259850905218317	0.00024070735311068007	0.19261974391868136	615.8053213080243	-2.789
ATCGAA	ATCGAA	3	1.87	0.0003194888178913738	0.00019931849204757955	0.28861893456393334	922.7147338008949	-2.965
ATCGAG	ATCGAG	1	0.83	0.00010649627263045793	8.870768052667008e-05	0.5652417372358756	1807.0778339430942	-3.257
ATCGCA	ATCGCA	3	1.66	0.0003194888178913738	0.0001767578112831175	0.2321928663815305	742.320593821753	-2.871
ATCGCT	ATCGCT	3	1.60	0.0003194888178913738	0.0001703302545091859	0.21648674689359718	692.1081298188302	-2.84
ATCGGC	ATCGGC	1	0.73	0.00010649627263045793	7.770824789862038e-05	0.5179369902090564	1655.8445576983531	-3.219
ATCGGG	ATCGGG	2	0.72	0.00021299254526091586	7.636845052105804e-05	0.16177026929789662	517.1795509453755	-2.714
ATCGGT	ATCGGT	2	1.20	0.00021299254526091586	0.00012728075086843	0.33562495780724555	1072.992990109764	-3.031
ATCGTA	ATCGTA	1	2.22	0.00010649627263045793	0.0002361073201456838	0.8910697746541177	2848.7500695692142	-3.455
ATCGTC	ATCGTC	1	1.63	0.00010649627263045793	0.00017336551479228536	0.8036589702296937	2569.2977278243307	-3.41
ATCGTT	ATCGTT	5	2.62	0.0005324813631522897	0.0002790359238085353	0.12544117966852275	401.0354514002672	-2.603
ATCTAA	ATCTAA	3	3.08	0.0003194888178913738	0.0003280952828495874	0.5946698623308957	1901.1595498718734	-3.279
ATCTAC	ATCTAC	1	2.05	0.00010649627263045793	0.00021873018856639155	0.8717631674834412	2787.0268464445617	-3.445
ATCTAG	ATCTAG	3	1.81	0.0003194888178913738	0.00019242719120714187	0.27122499980731163	867.1063243839752	-2.938
ATCTAT	ATCTAT	9	4.26	0.0009584664536741214	0.0004540727965175724	0.03029442366179795	96.85127244676805	-1.986
ATCTCC	ATCTCC	2	1.93	0.00021299254526091586	0.00020525096993041528	0.5739607726286547	1834.9525900938092	-3.264
ATCTCG	ATCTCG	1	1.70	0.00010649627263045793	0.00018156816570767502	0.8182139941992622	2615.8301394550413	-3.418
ATCTCT	ATCTCT	3	3.47	0.0003194888178913738	0.0003690570324710353	0.672714295765888	2150.667603563544	-3.333
ATCTGA	ATCTGA	1	2.18	0.00010649627263045793	0.00023216578977667033	0.886962625368397	2835.619513302765	-3.453
ATCTGC	ATCTGC	2	1.60	0.00021299254526091586	0.00017035541717379046	0.47495190239015306	1518.4212319413193	-3.181
ATCTGG	ATCTGG	1	1.36	0.00010649627263045793	0.00014472672609454774	0.743078312398804	2375.6213647389764	-3.376
ATCTGT	ATCTGT	2	2.22	0.00021299254526091586	0.00023668849996712484	0.6508822435686635	2080.870532689017	-3.318
ATCTTC	ATCTTC	3	2.89	0.0003194888178913738	0.0003079241433180045	0.5520461325133513	1764.8914856451843	-3.247
ATCTTG	ATCTTG	5	2.38	0.0005324813631522897	0.00025341125670189844	0.09331924930357184	298.3416400235192	-2.475
ATCTTT	ATCTTT	7	6.43	0.0007454739084132055	0.0006850943858510624	0.4629046565526247	1479.906186998741	-3.17
ATGAAA	ATGAAA	5	6.59	0.0005324813631522897	0.0007021157188309504	0.7865280964604678	2514.530324384116	-3.4
ATGAAC	ATGAAC	3	2.56	0.0003194888178913738	0.0002724628162627567	0.47108412922651066	1506.0559611371546	-3.178
ATGAAG	ATGAAG	5	3.41	0.0005324813631522897	0.0003632837550170089	0.2579080471684151	824.532026797423	-2.916
ATGAAT	ATGAAT	6	4.10	0.0006389776357827476	0.000436639128626213	0.23069440190851534	737.5300029015235	-2.868
ATGACA	ATGACA	3	2.85	0.0003194888178913738	0.000303175424874441	0.5416310669354919	1731.5945209927677	-3.238
ATGACT	ATGACT	8	2.15	0.0008519701810436634	0.00022916076715861523	0.0017269012872882133	5.520903415460418	-0.742
ATGAGA	ATGAGA	1	2.29	0.00010649627263045793	0.00024437566707963254	0.8992071152745759	2874.765147532819	-3.459
ATGAGC	ATGAGC	1	1.44	0.00010649627263045793	0.0001534798396902571	0.7633506323425409	2440.4319715991032	-3.387
ATGAGT	ATGAGT	2	2.39	0.00021299254526091586	0.0002548063357964462	0.6899512144687903	2205.7740326567223	-3.344
ATGATA	ATGATA	4	4.31	0.0004259850905218317	0.00045879811962404375	0.6243032343380853	1995.8974401788587	-3.3
ATGATC	ATGATC	3	1.73	0.0003194888178913738	0.00018404509096666509	0.250234436086005	799.9994921669579	-2.903
ATGATG	ATGATG	2	1.78	0.00021299254526091586	0.0001893035221371412	0.5304531518171507	1695.8587263594309	-3.229
ATGATT	ATGATT	2	3.17	0.00021299254526091586	0.0003378542027030923	0.8251710723094718	2638.0719181733816	-3.421
ATGCAA	ATGCAA	4	3.06	0.0004259850905218317	0.0003254871265906318	0.36538486554813904	1168.1354151574005	-3.067
ATGCAC	ATGCAC	6	2.41	0.0006389776357827476	0.0002564444027683764	0.03615695381073976	115.59378133293501	-2.063
ATGCAG	ATGCAG	1	1.57	0.00010649627263045793	0.00016767518642547689	0.7928827043474334	2534.8460057987445	-3.404
ATGCAT	ATGCAT	4	2.99	0.0004259850905218317	0.00031891162908375016	0.3515538507614615	1123.9176608843925	-3.051
ATGCCA	ATGCCA	6	2.37	0.0006389776357827476	0.0002523738566926882	0.03388368901272685	108.32615377368774	-2.035
ATGCGA	ATGCGA	2	1.17	0.00021299254526091586	0.00012511652066350858	0.3282621588234772	1049.4541217586566	-3.021
ATGCGC	ATGCGC	5	1.27	0.0005324813631522897	0.00013520656265250122	0.009707600097690384	31.035197512316156	-1.492
ATGCGT	ATGCGT	1	2.03	0.00010649627263045793	0.00021592689856444203	0.8683427833390398	2776.0918783349102	-3.443
ATGCTA	ATGCTA	4	2.44	0.0004259850905218317	0.0002602654042968218	0.23050015496529436	736.9089954240461	-2.867
ATGCTC	ATGCTC	2	2.37	0.00021299254526091586	0.0002526664143903453	0.6855317506372705	2191.645006787354	-3.341
ATGCTG	ATGCTG	1	1.61	0.00010649627263045793	0.00017097727289572216	0.7992061647316815	2555.0621086471856	-3.407
ATGCTT	ATGCTT	5	3.25	0.0005324813631522897	0.00034575404074468295	0.2277394514051359	728.0830261422195	-2.862
ATGGAA	ATGGAA	1	2.94	0.00010649627263045793	0.000313355509607195	0.9472614311941124	3028.3947955275776	-3.481
ATGGAC	ATGGAC	1	1.29	0.00010649627263045793	0.00013773868554162413	0.7256542912829371	2319.91676923155	-3.365
ATGGAG	ATGGAG	1	1.31	0.00010649627263045793	0.00013946041911089445	0.7300539987757597	2333.9826340861036	-3.368
ATGGAT	ATGGAT	1	1.94	0.00010649627263045793	0.00020660802831243627	0.8563031469893065	2737.601160924813	-3.437
ATGGCA	ATGGCA	4	1.69	0.0004259850905218317	0.00017969464931669144	0.09130377478007419	291.8981679718972	-2.465
ATGGCT	ATGGCT	1	1.63	0.00010649627263045793	0.00017316029843244805	0.8032802599075686	2568.0869909244966	-3.41
ATGGGA	ATGGGA	2	1.46	0.00021299254526091586	0.00015507942193383132	0.4274081118653375	1366.423733633484	-3.136
ATGGGG	ATGGGG	1	1.00	0.00010649627263045793	0.00010650032590636604	0.6321345601495747	2020.9341887981902	-3.306
ATGGGT	ATGGGT	2	1.67	0.00021299254526091586	0.00017750054317727682	0.4963516939984374	1586.8363657130044	-3.201
ATGGTA	ATGGTA	3	2.31	0.0003194888178913738	0.00024617991587503213	0.4070427510227719	1301.3156750198016	-3.114
ATGGTG	ATGGTG	1	1.83	0.00010649627263045793	0.00019453377967747302	0.8390517173167399	2682.4483402616174	-3.429
ATGGTT	ATGGTT	2	2.73	0.00021299254526091586	0.00029093990057958333	0.7570747027292983	2420.3678246255668	-3.384
ATGTAA	ATGTAA	5	3.21	0.0005324813631522897	0.00034140205706711	0.22041498818385796	704.6667172237939	-2.848
ATGTAC	ATGTAC	3	2.14	0.0003194888178913738	0.00022760137137807328	0.36039709718460555	1152.1895196991838	-3.062
ATGTAG	ATGTAG	3	1.88	0.0003194888178913738	0.00020023158621235556	0.2909303414680873	930.104301673475	-2.969
ATGTAT	ATGTAT	6	4.44	0.0006389776357827476	0.00047248892286081047	0.2862910296603766	915.272421824224	-2.962
ATGTCA	ATGTCA	1	2.98	0.00010649627263045793	0.0003168621620143083	0.9489696998104523	3033.856130294016	-3.482
ATGTCG	ATGTCG	1	1.34	0.00010649627263045793	0.00014289862208488407	0.7386299504331841	2361.3999515348896	-3.373
ATGTGA	ATGTGA	4	2.73	0.0004259850905218317	0.00029059279129497453	0.292237540020428	934.2834154453084	-2.97
ATGTGC	ATGTGC	1	2.00	0.00010649627263045793	0.00021322717802813075	0.8649625594630903	2765.2853026034995	-3.442
ATGTGG	ATGTGG	2	1.70	0.00021299254526091586	0.00018114875301504925	0.5070608825065828	1621.0736413735451	-3.21
ATGTGT	ATGTGT	1	2.78	0.00010649627263045793	0.00029625368982669496	0.9380744330038033	2999.0239623131592	-3.477
ATGTTA	ATGTTA	3	2.95	0.0003194888178913738	0.0003136832184166832	0.5644861046028057	1804.6620764151698	-3.256
ATGTTC	ATGTTC	1	2.68	0.00010649627263045793	0.00028504257673515995	0.9311998803911176	2977.046017610403	-3.474
ATGTTG	ATGTTG	3	2.20	0.0003194888178913738	0.00023458049377247616	0.3780130536573836	1208.5077325426553	-3.082
ATGTTT	ATGTTT	4	5.96	0.0004259850905218317	0.0006341856372337289	0.844735423969067	2700.6191504291073	-3.431
ATTAAA	ATTAAA	6	5.94	0.0006389776357827476	0.0006325985585417649	0.5446517302835745	1741.2515817165877	-3.241
ATTAAC	ATTAAC	4	2.31	0.0004259850905218317	0.0002454860077923265	0.20169339527825464	644.81378470458	-2.809
ATTAAG	ATTAAG	2	3.07	0.00021299254526091586	0.0003273146770564354	0.8115619482281491	2594.563548485393	-3.414
ATTAAT	ATTAAT	2	3.69	0.00021299254526091586	0.000393407063769754	0.8832578429541909	2823.775323924548	-3.451
ATTACA	ATTACA	8	3.89	0.0008519701810436634	0.0004142892255780288	0.0448621798183434	143.42438887924385	-2.157
ATTACC	ATTACC	3	1.61	0.0003194888178913738	0.00017116174577871618	0.21850612792612903	698.5640909798345	-2.844
ATTACG	ATTACG	1	1.57	0.00010649627263045793	0.0001672717061019272	0.792096514772386	2532.332557727318	-3.404
ATTACT	ATTACT	3	2.94	0.0003194888178913738	0.0003131481939815147	0.5633393652686997	1800.9959507640328	-3.256
ATTAGA	ATTAGA	1	2.72	0.00010649627263045793	0.00029015515148495934	0.9344247455170015	2987.355911417854	-3.475
ATTAGC	ATTAGC	1	1.71	0.00010649627263045793	0.00018223158904238308	0.819342918330525	2619.4393099026884	-3.418
ATTAGT	ATTAGT	4	2.84	0.0004259850905218317	0.0003025398225849272	0.31716310086831173	1013.9704334759926	-3.006
ATTATA	ATTATA	5	8.15	0.0005324813631522897	0.0008676743734568424	0.9085046351464995	2904.4893185633587	-3.463
ATTATC	ATTATC	3	3.27	0.0003194888178913738	0.00034806421857867597	0.6341722204208364	2027.448588685414	-3.307
ATTATG	ATTATG	3	3.36	0.0003194888178913738	0.0003580089105380667	0.6528146108153874	2087.0483107767936	-3.32
ATTATT	ATTATT	8	6.00	0.0008519701810436634	0.000638946458390855	0.25597993480825043	818.3678515819767	-2.913
ATTCAA	ATTCAA	5	5.25	0.0005324813631522897	0.0005593931224355168	0.6026748910282351	1926.7516266172677	-3.285
ATTCAC	ATTCAC	1	4.14	0.00010649627263045793	0.0004407339752522252	0.9840531191619509	3146.017821960757	-3.498
ATTCAG	ATTCAG	1	2.71	0.00010649627263045793	0.0002881722145879933	0.9331923106464598	2983.415817136732	-3.475
ATTCAT	ATTCAT	2	5.15	0.00021299254526091586	0.000548092251275203	0.9642315620086159	3082.648303741545	-3.489
ATTCCA	ATTCCA	4	3.46	0.0004259850905218317	0.000368535723678072	0.45483120525752563	1454.0953632083094	-3.163
ATTCCC	ATTCCC	2	1.59	0.00021299254526091586	0.00016940755040040407	0.47207156609702366	1509.2127968121847	-3.179
ATTCCG	ATTCCG	1	1.34	0.00010649627263045793	0.00014265898981086653	0.738041167210411	2359.517611571684	-3.373
ATTCCT	ATTCCT	1	2.40	0.00010649627263045793	0.0002555973567444691	0.9092874152248368	2906.9918664738034	-3.463
ATTCGT	ATTCGT	1	2.93	0.00010649627263045793	0.00031202427767873904	0.9465980473605862	3026.273957411794	-3.481
ATTCTA	ATTCTA	8	4.00	0.0008519701810436634	0.00042549847574896465	0.050862023308275654	162.60588851655726	-2.211
ATTCTC	ATTCTC	2	3.88	0.00021299254526091586	0.000413075162588411	0.8991258373951411	2874.505302152266	-3.459
ATTCTG	ATTCTG	1	2.62	0.00010649627263045793	0.0002795245461124582	0.9275410792460397	2965.3488303495888	-3.472
ATTCTT	ATTCTT	2	5.31	0.00021299254526091586	0.0005652607488051939	0.9687586180098511	3097.121301777494	-3.491
ATTGAA	ATTGAA	6	4.75	0.0006389776357827476	0.000506247810265949	0.3409054086902914	1089.8745915828615	-3.037
ATTGAC	ATTGAC	4	2.09	0.0004259850905218317	0.00022252651000701046	0.1593815162794219	509.5427075453118	-2.707
ATTGAG	ATTGAG	1	2.12	0.00010649627263045793	0.00022530809138209811	0.879444250076677	2811.5832674951366	-3.449
ATTGAT	ATTGAT	5	3.13	0.0005324813631522897	0.0003337897650105158	0.20778317243079275	664.2828022612445	-2.822
ATTGCA	ATTGCA	1	2.86	0.00010649627263045793	0.00030483777956265154	0.9428700482089891	3014.3555441241383	-3.479
ATTGCC	ATTGCC	2	1.72	0.00021299254526091586	0.000182902667737591	0.5121561398842965	1637.363179210096	-3.214
ATTGCT	ATTGCT	5	2.76	0.0005324813631522897	0.0002937527693967368	0.14589417177601455	466.4236671679185	-2.669
ATTGGA	ATTGGA	3	2.14	0.0003194888178913738	0.00022742266530010395	0.35994491335426604	1150.7438879935885	-3.061
ATTGGG	ATTGGG	2	1.47	0.00021299254526091586	0.00015618183038681844	0.4309164581757282	1377.639916787803	-3.139
ATTGGT	ATTGGT	3	2.44	0.0003194888178913738	0.00026030305064469756	0.4418074026377385	1412.4582662328498	-3.15
ATTGTA	ATTGTA	3	3.33	0.0003194888178913738	0.0003542516324224307	0.6458523658544238	2064.790013636593	-3.315
ATTGTC	ATTGTC	3	2.44	0.0003194888178913738	0.00026011483499549114	0.44134912537712934	1410.9931538306826	-3.15
ATTGTG	ATTGTG	4	2.63	0.0004259850905218317	0.0002799331081380048	0.27022810807930125	863.9192615295261	-2.936
ATTGTT	ATTGTT	4	3.93	0.0004259850905218317	0.00041866102013559975	0.5529797736652721	1767.8763364078748	-3.247
ATTTAA	ATTTAA	7	6.49	0.0007454739084132055	0.0006909339524438022	0.47156519519899004	1507.5939290511712	-3.178
ATTTAC	ATTTAC	8	4.33	0.0008519701810436634	0.0004606226349625347	0.0728938503016228	233.0416394142881	-2.367
ATTTAG	ATTTAG	7	3.81	0.0007454739084132055	0.00040523130544172344	0.09137227180726919	292.1171529678396	-2.466
ATTTAT	ATTTAT	9	8.98	0.0009584664536741214	0.0009562292675171609	0.5415763689232181	1731.4196514475284	-3.238
ATTTCA	ATTTCA	11	7.45	0.0011714589989350373	0.0007936078783003597	0.1336733615156289	427.35373676546556	-2.631
ATTTCC	ATTTCC	4	3.80	0.0004259850905218317	0.00040458440854528136	0.5263202866726823	1682.6459564925651	-3.226
ATTTCG	ATTTCG	3	3.36	0.0003194888178913738	0.0003579015921746719	0.652617119606621	2086.4169313823677	-3.319
ATTTCT	ATTTCT	9	6.83	0.0009584664536741214	0.0007274738884419965	0.24915324531364103	796.5429252677103	-2.901
ATTTGA	ATTTGA	3	5.23	0.0003194888178913738	0.0005565618607337291	0.8931455898892737	2855.386450876008	-3.456
ATTTGC	ATTTGC	6	3.83	0.0006389776357827476	0.0004083863004085153	0.18960427300542226	606.164860798335	-2.783
ATTTGG	ATTTGG	5	3.26	0.0005324813631522897	0.00034694765344440255	0.22976068705872063	734.5449165267298	-2.866
ATTTGT	ATTTGT	6	5.33	0.0006389776357827476	0.0005674039749038665	0.4413800657951132	1411.092070346977	-3.15
ATTTTA	ATTTTA	8	10.20	0.0008519701810436634	0.0010860157802693561	0.7970614968331629	2548.2056053756214	-3.406
ATTTTC	ATTTTC	11	9.27	0.0011714589989350373	0.0009868578177230237	0.32605087320665443	1042.3846416416743	-3.018
ATTTTG	ATTTTG	6	7.63	0.0006389776357827476	0.0008121509313318664	0.7720664294549422	2468.29637496745	-3.392
ATTTTT	ATTTTT	22	20.62	0.0023429179978700747	0.0021956405992402195	0.4091481197391835	1308.0465388061698	-3.117
CAAAAA	CAAAAA	7	12.19	0.0007454739084132055	0.001298279831021047	0.9588147805896851	3065.330853545223	-3.486
CAAAAC	CAAAAC	4	4.73	0.0004259850905218317	0.000503810083679809	0.6951331947944401	2222.340823757825	-3.347
CAAAAG	CAAAAG	8	6.31	0.0008519701810436634	0.0006717467782397453	0.2993574770400617	957.0458540970773	-2.981
CAAAAT	CAAAAT	11	7.58	0.0011714589989350373	0.0008073879546150784	0.14484047544053127	463.0549999833785	-2.666
CAAACA	CAAACA	6	4.65	0.0006389776357827476	0.0004949183488986639	0.3224141497546238	1030.7580367655323	-3.013
CAAACC	CAAACC	1	1.92	0.00010649627263045793	0.00020447330846517576	0.8533936780257931	2728.2995886484605	-3.436
CAAACT	CAAACT	1	3.51	0.00010649627263045793	0.0003740932120783327	0.9701847497022771	3101.68064479818	-3.492
CAAAGA	CAAAGA	3	4.93	0.0003194888178913738	0.0005253409141904595	0.86958606072795	2780.066636147256	-3.444
CAAAGC	CAAAGC	4	3.10	0.0004259850905218317	0.0003299397204976667	0.37474265572287013	1198.0522703460158	-3.078
CAAAGG	CAAAGG	2	2.77	0.00021299254526091586	0.00029470343966781854	0.7632891548193812	2440.2354279575616	-3.387
CAAAGT	CAAAGT	5	5.14	0.0005324813631522897	0.0005477640019912719	0.5843157295801031	1868.0573874675897	-3.271
CAAATA	CAAATA	6	7.51	0.0006389776357827476	0.0008001756680061294	0.7600530648176078	2429.889648221892	-3.386
CAAATC	CAAATC	1	3.01	0.00010649627263045793	0.00032098737398526675	0.9509086014457155	3040.0547988219528	-3.483
CAAATG	CAAATG	5	3.10	0.0005324813631522897	0.0003301584418134172	0.2018430865739203	645.2923477768232	-2.81
CAAATT	CAAATT	6	5.53	0.0006389776357827476	0.0005892411079586682	0.4767244493605134	1524.0880646055614	-3.183
CAACAA	CAACAA	2	3.58	0.00021299254526091586	0.00038102462461250065	0.8721117003729378	2788.1411060922824	-3.445
CAACAC	CAACAC	3	2.82	0.0003194888178913738	0.000300201219391667	0.5350369009157175	1710.512972227549	-3.233
CAACAG	CAACAG	3	1.84	0.0003194888178913738	0.00019628541267916686	0.2809512906262786	898.2012761322127	-2.953
CAACAT	CAACAT	5	3.51	0.0005324813631522897	0.00037332715744861145	0.27560185855605857	881.0991418037192	-2.945
CAACCA	CAACCA	5	1.91	0.0005324813631522897	0.00020343019263742163	0.04491526253311358	143.5940943183641	-2.157
CAACCC	CAACCC	1	0.88	0.00010649627263045793	9.351226597042759e-05	0.5844200138603874	1868.3907843116588	-3.271
CAACCT	CAACCT	4	1.32	0.0004259850905218317	0.00014108868199046973	0.045612747814221144	145.823954762065	-2.164
CAACGA	CAACGA	2	1.04	0.00021299254526091586	0.00011025375957401877	0.2772182892528961	886.2668707415088	-2.948
CAACGC	CAACGC	1	1.12	0.00010649627263045793	0.00011914519179772996	0.6733197290151107	2152.603173661309	-3.333
CAACGT	CAACGT	1	1.79	0.00010649627263045793	0.00019027664958741933	0.8324875730337719	2661.4627709889687	-3.425
CAACTA	CAACTA	2	2.24	0.00021299254526091586	0.00023898396566800358	0.6560414005240933	2097.3643574755265	-3.322
CAACTC	CAACTC	6	2.18	0.0006389776357827476	0.00023200633163390134	0.023902417076667615	76.41602739410637	-1.883
CAACTG	CAACTG	4	1.47	0.0004259850905218317	0.00015699676576730147	0.062446122130649505	199.64025245168648	-2.3
CAACTT	CAACTT	4	2.98	0.0004259850905218317	0.0003174823485516544	0.3485470796844245	1114.3050137511052	-3.047
CAAGAA	CAAGAA	6	4.90	0.0006389776357827476	0.0005219143973694499	0.3666345738595273	1172.1307326289088	-3.069
CAAGAG	CAAGAG	2	2.18	0.00021299254526091586	0.00023228058344464524	0.6408025405318548	2048.64572208034	-3.311
CAAGAT	CAAGAT	2	3.23	0.00021299254526091586	0.00034411938288095593	0.8328353827290828	2662.5747185848777	-3.425
CAAGCA	CAAGCA	3	2.53	0.0003194888178913738	0.0002689927427584893	0.4627983888228772	1479.5664490667384	-3.17
CAAGCC	CAAGCC	1	1.52	0.00010649627263045793	0.00016139564565509349	0.7803028150221786	2494.6280996259047	-3.397
CAAGCG	CAAGCG	1	1.35	0.00010649627263045793	0.00014427792566137142	0.74199329911112	2372.152577258251	-3.375
CAAGGC	CAAGGC	2	1.38	0.00021299254526091586	0.00014743929068603402	0.40278875156202115	1287.7156387437817	-3.11
CAAGGG	CAAGGG	1	1.36	0.00010649627263045793	0.00014489723395006793	0.7434893325638703	2376.9353962066934	-3.376
CAAGGT	CAAGGT	2	2.27	0.00021299254526091586	0.00024149538991678	0.6616157435382992	2115.1855320919426	-3.325
CAAGTA	CAAGTA	5	3.51	0.0005324813631522897	0.00037352640721537535	0.27595544251075094	882.2295497068708	-2.946
CAAGTC	CAAGTC	1	2.58	0.00010649627263045793	0.00027426764166163937	0.9238745890952269	2953.6270613374404	-3.47
CAAGTG	CAAGTG	1	2.77	0.00010649627263045793	0.00029516422388347854	0.937437677699718	2996.9882556059983	-3.477
CAAGTT	CAAGTT	3	4.15	0.0003194888178913738	0.0004414402994363526	0.7823992197383922	2501.33030550364	-3.398
CAATAA	CAATAA	4	5.22	0.0004259850905218317	0.0005560246893448417	0.7646465145320374	2444.5749069589233	-3.388
CAATAG	CAATAG	3	3.06	0.0003194888178913738	0.0003261073072528817	0.590588412443867	1888.1111545830427	-3.276
CAATAT	CAATAT	9	7.23	0.0009584664536741214	0.0007695194012873759	0.3007850661804661	961.60985657895	-2.983
CAATCA	CAATCA	1	2.65	0.00010649627263045793	0.0002819341413955873	0.9291621337846326	2970.5313417094703	-3.473
CAATCC	CAATCC	3	1.35	0.0003194888178913738	0.00014373113090755427	0.154466558013322	493.8295859685904	-2.694
CAATCG	CAATCG	1	1.19	0.00010649627263045793	0.0001271467696489903	0.6969653631603994	2228.198266023797	-3.348
CAATCT	CAATCT	1	2.43	0.00010649627263045793	0.0002584396296126217	0.9116764163971008	2914.629503221531	-3.465
CAATGA	CAATGA	6	2.32	0.0006389776357827476	0.0002471197399535712	0.031088865787813325	99.3911039236392	-1.997
CAATGC	CAATGC	1	1.70	0.00010649627263045793	0.0001813281208750229	0.8178037825894608	2614.5186929385063	-3.417
CAATGG	CAATGG	2	1.45	0.00021299254526091586	0.00015404866906196645	0.4241174936059693	1355.9036270582837	-3.132
CAATGT	CAATGT	3	2.37	0.0003194888178913738	0.0002519337608617575	0.42129369428845226	1346.8759406401819	-3.129
CAATTA	CAATTA	1	2.99	0.00010649627263045793	0.0003183290381451977	0.9496677708344089	3036.0878633576053	-3.482
CAATTC	CAATTC	5	2.72	0.0005324813631522897	0.00028926421292324486	0.13951096426702897	446.0165527616916	-2.649
CAATTG	CAATTG	5	2.24	0.0005324813631522897	0.00023805475896075654	0.076372854511659	244.16401587377382	-2.388
CAATTT	CAATTT	6	6.04	0.0006389776357827476	0.0006435782727718125	0.5612340580174615	1794.2652834818246	-3.254
CACAAA	CACAAA	1	7.26	0.00010649627263045793	0.0007735954499708354	0.999299741688965	3194.761274179621	-3.504
CACAAC	CACAAC	4	2.82	0.0004259850905218317	0.0003002012193916673	0.3122679041203291	998.3204894726922	-2.999
CACAAG	CACAAG	1	3.76	0.00010649627263045793	0.00040026829252222303	0.9766817570791008	3122.4515773818853	-3.494
CACAAT	CACAAT	3	4.52	0.0003194888178913738	0.0004810916977430569	0.8283753035628476	2648.3158454904237	-3.423
CACACA	CACACA	12	5.62	0.0012779552715654952	0.0005987424010738027	0.012840209954991988	41.050151226109385	-1.613
CACACC	CACACC	2	2.32	0.00021299254526091586	0.00024736775255631297	0.6743657475885738	2155.9472950406703	-3.334
CACACT	CACACT	4	4.25	0.0004259850905218317	0.00045257054729052736	0.6137222665545752	1962.070086174977	-3.293
CACAGA	CACAGA	2	2.93	0.00021299254526091586	0.0003116624795335765	0.7896030971019652	2524.3611014349826	-3.402
CACAGC	CACAGC	4	1.84	0.0004259850905218317	0.00019573924019486823	0.11488909032142607	367.3004217575991	-2.565
CACAGG	CACAGG	3	1.64	0.0003194888178913738	0.00017483504949444544	0.22747217039668352	727.2285287581972	-2.862
CACAGT	CACAGT	7	3.05	0.0007454739084132055	0.00032496514634293655	0.03616774563421928	115.62828279259905	-2.063
CACATA	CACATA	6	7.05	0.0006389776357827476	0.0007511964407942265	0.7061017805540637	2257.4073924313416	-3.354
CACATC	CACATC	5	2.83	0.0005324813631522897	0.000301339546450406	0.15695940974707134	501.7992329613871	-2.701
CACATG	CACATG	2	2.91	0.00021299254526091586	0.00030994924777756047	0.787067011911078	2516.253237079716	-3.401
CACATT	CACATT	7	5.19	0.0007454739084132055	0.0005531733102696738	0.2667432051491537	852.7780268618443	-2.931
CACCAA	CACCAA	1	2.99	0.00010649627263045793	0.0003179770395686471	0.9495011341591271	3035.5551259067292	-3.482
CACCAC	CACCAC	3	2.35	0.0003194888178913738	0.00025052736450863086	0.41782078186476274	1335.7730396216464	-3.126
CACCAG	CACCAG	1	1.54	0.00010649627263045793	0.00016380635371718172	0.7852201354944077	2510.3487731756213	-3.4
CACCAT	CACCAT	2	2.93	0.00021299254526091586	0.0003115532609915025	0.7894422211088783	2523.8467808850837	-3.402
CACCCA	CACCCA	4	1.77	0.0004259850905218317	0.00018888967958984086	0.10451594857275764	334.1374875871062	-2.524
CACCCC	CACCCC	1	0.82	0.00010649627263045793	8.682832045662031e-05	0.5575013781877827	1782.3319060663412	-3.251
CACCCG	CACCCG	1	0.69	0.00010649627263045793	7.311858564768031e-05	0.49670737532021375	1587.9734788987234	-3.201
CACCCT	CACCCT	1	1.23	0.00010649627263045793	0.00013100413261876048	0.7077450687248406	2262.6609847133154	-3.355
CACCGC	CACCGC	1	0.90	0.00010649627263045793	9.532788177009461e-05	0.5914450306412117	1890.8497629599538	-3.277
CACCGT	CACCGT	2	1.43	0.00021299254526091586	0.00015224004999104678	0.4183198608556634	1337.368595155556	-3.126
CACCTA	CACCTA	1	1.72	0.00010649627263045793	0.00018299615922711884	0.8206352676108439	2623.570950551868	-3.419
CACCTC	CACCTC	3	1.67	0.0003194888178913738	0.00017765320567304243	0.23439724498835646	749.3679922277756	-2.875
CACCTG	CACCTG	1	1.13	0.00010649627263045793	0.00012021645496672028	0.6765893859343194	2163.056266832019	-3.335
CACCTT	CACCTT	3	2.28	0.0003194888178913738	0.00024310438671047902	0.39938172595363136	1276.8233778737595	-3.106
CACGAG	CACGAG	2	0.93	0.00021299254526091586	9.897510087814906e-05	0.23828244934071918	761.7889905422792	-2.882
CACGCA	CACGCA	2	1.85	0.00021299254526091586	0.00019721654425952038	0.5524158716968697	1766.0735418148925	-3.247
CACGCC	CACGCC	1	1.11	0.00010649627263045793	0.00011832992655571216	0.6708092833680019	2144.577278927502	-3.331
CACGCG	CACGCG	1	0.99	0.00010649627263045793	0.00010577978283010631	0.6296371805765132	2012.9500663031126	-3.304
CACGCT	CACGCT	2	1.78	0.00021299254526091586	0.00019004503355917412	0.5325422597541566	1702.5376044340387	-3.231
CACGGA	CACGGA	3	1.17	0.0003194888178913738	0.0001240743318334665	0.11302509149555275	361.34121751128214	-2.558
CACGGT	CACGGT	1	1.33	0.00010649627263045793	0.00014201278944794374	0.7364468155681172	2354.420469371271	-3.372
CACGTC	CACGTC	1	1.82	0.00010649627263045793	0.00019343160832843465	0.8373773515493668	2677.095392903326	-3.428
CACGTG	CACGTG	17	1.95	0.001810436634717785	0.00020816925467726776	3.9628103192462575e-11	1.2669104590630284e-07	6.897
CACTAA	CACTAA	4	3.17	0.0004259850905218317	0.00033716179815047246	0.3898924024846362	1246.486010743382	-3.096
CACTAC	CACTAC	1	2.11	0.00010649627263045793	0.0002247745321003149	0.8788387355190391	2809.647437454368	-3.449
CACTAG	CACTAG	1	1.86	0.00010649627263045793	0.00019774468330344155	0.8438319450441545	2697.730728306162	-3.431
CACTAT	CACTAT	2	4.38	0.00021299254526091586	0.0004666205476512868	0.9326994828044953	2981.8402465259715	-3.474
CACTCA	CACTCA	2	3.88	0.00021299254526091586	0.00041373324660376346	0.8996202789836015	2876.086031910574	-3.459
CACTCC	CACTCC	1	1.98	0.00010649627263045793	0.0002109228316019186	0.8620088034177479	2755.84214452654	-3.44
CACTCG	CACTCG	1	1.75	0.00010649627263045793	0.0001865855818016972	0.8265799535381422	2642.5761114614406	-3.422
CACTCT	CACTCT	1	3.56	0.00010649627263045793	0.0003792554760534499	0.9715955347806969	3106.190924693888	-3.492
CACTGA	CACTGA	1	2.24	0.00010649627263045793	0.0002385814098583441	0.8935712400768917	2856.747254525823	-3.456
CACTGC	CACTGC	3	1.64	0.0003194888178913738	0.00017506298255839524	0.22803083424292925	729.0145770746448	-2.863
CACTGG	CACTGG	1	1.40	0.00010649627263045793	0.0001487260736779288	0.7525477962627231	2405.8953046519255	-3.381
CACTGT	CACTGT	3	2.28	0.0003194888178913738	0.00024322909966077925	0.3996929309627973	1277.818300288063	-3.106
CACTTA	CACTTA	2	3.27	0.00021299254526091586	0.0003482279824713244	0.8376952500928703	2678.111714546906	-3.428
CACTTC	CACTTC	5	2.97	0.0005324813631522897	0.0003164332536369861	0.17993891641621756	575.2647157826475	-2.76
CACTTG	CACTTG	2	2.45	0.00021299254526091586	0.0002604139695002948	0.7012893539387125	2242.022064542064	-3.351
CACTTT	CACTTT	7	6.61	0.0007454739084132055	0.000704026138474634	0.4908471924913465	1569.2384743948348	-3.196
CAGAAA	CAGAAA	3	4.88	0.0003194888178913738	0.0005196333029753532	0.8648121900118939	2764.8045714680247	-3.442
CAGAAC	CAGAAC	1	1.89	0.00010649627263045793	0.00020164874443819665	0.849453264825061	2715.70208764572	-3.434
CAGAAG	CAGAAG	4	2.52	0.0004259850905218317	0.0002688649925842622	0.2477042214338577	791.9103959240431	-2.899
CAGAAT	CAGAAT	2	3.03	0.00021299254526091586	0.0003231550391637769	0.8059349421872909	2576.574010172769	-3.411
CAGACA	CAGACA	2	2.11	0.00021299254526091586	0.00022437903494137981	0.6221611638773921	1989.0492409160224	-3.299
CAGACG	CAGACG	1	0.85	0.00010649627263045793	9.059435213595613e-05	0.5728760242487704	1831.484649523319	-3.263
CAGACT	CAGACT	1	1.59	0.00010649627263045793	0.00016960105458010413	0.7965945299186217	2546.7127121498334	-3.406
CAGAGA	CAGAGA	2	1.70	0.00021299254526091586	0.00018086154695814367	0.5062232141168878	1618.39561553169	-3.209
CAGAGC	CAGAGC	1	1.07	0.00010649627263045793	0.00011358987400420004	0.6558263377596119	2096.676801817479	-3.322
CAGAGG	CAGAGG	1	0.95	0.00010649627263045793	0.00010145891658627567	0.6143014706624919	1963.9218017079866	-3.293
CAGAGT	CAGAGT	1	1.77	0.00010649627263045793	0.00018858124713318645	0.8297994634841207	2652.868884758734	-3.424
CAGATA	CAGATA	5	3.19	0.0005324813631522897	0.0003395548282213073	0.21732814583779742	694.7980822434383	-2.842
CAGATG	CAGATG	1	1.32	0.00010649627263045793	0.00014010285175893478	0.7316775306689671	2339.173065548688	-3.369
CAGATT	CAGATT	1	2.35	0.00010649627263045793	0.00025004467293087665	0.9044322136734426	2891.469787113996	-3.461
CAGCAA	CAGCAA	4	1.94	0.0004259850905218317	0.00020618532483393333	0.13153060964177973	420.5033590247698	-2.624
CAGCAC	CAGCAC	1	1.53	0.00010649627263045793	0.00016244904380855344	0.7824652174267739	2501.541300113396	-3.398
CAGCAT	CAGCAT	1	1.90	0.00010649627263045793	0.00020201996473627798	0.8499771208534915	2717.3768553686123	-3.434
CAGCCA	CAGCCA	3	1.50	0.0003194888178913738	0.0001598704875576242	0.19145040683559852	612.0669506534085	-2.787
CAGCCG	CAGCCG	1	0.58	0.00010649627263045793	6.188535002230612e-05	0.44071910511272006	1408.978979045366	-3.149
CAGCGA	CAGCGA	1	0.74	0.00010649627263045793	7.92571759298561e-05	0.5248975823012091	1678.0975706169654	-3.225
CAGCGT	CAGCGT	1	1.28	0.00010649627263045793	0.00013678254555636444	0.7231800828413293	2312.00672484373	-3.364
CAGCTA	CAGCTA	1	1.55	0.00010649627263045793	0.0001648695218458441	0.7873536475222658	2517.1696111286838	-3.401
CAGCTC	CAGCTC	2	1.50	0.00021299254526091586	0.00016005581317881217	0.4431527997910704	1416.759500932052	-3.151
CAGCTG	CAGCTG	2	1.02	0.00021299254526091586	0.00010830844500821862	0.27050076454492766	864.7909442501337	-2.937
CAGCTT	CAGCTT	4	2.06	0.0004259850905218317	0.00021902374434995344	0.15323772642792524	489.901011390077	-2.69
CAGGAA	CAGGAA	4	1.96	0.0004259850905218317	0.00020869838251223467	0.13567484677439345	433.75248513773585	-2.637
CAGGAC	CAGGAC	1	0.86	0.00010649627263045793	9.17355527526306e-05	0.5774285949153002	1846.0392179442147	-3.266
CAGGAG	CAGGAG	2	0.87	0.00021299254526091586	9.288224716203858e-05	0.21734959102666934	694.8666425122619	-2.842
CAGGAT	CAGGAT	1	1.29	0.00010649627263045793	0.00013760332912894592	0.7253053771009512	2318.8012905917412	-3.365
CAGGGT	CAGGGT	3	1.11	0.0003194888178913738	0.0001182174084080318	0.10161827337781439	324.8736199888726	-2.512
CAGGTA	CAGGTA	1	1.54	0.00010649627263045793	0.00016395866252526064	0.7855270897460891	2511.3301059182468	-3.4
CAGGTG	CAGGTG	3	1.22	0.0003194888178913738	0.00012956174031716406	0.12412919237182285	396.84102801271763	-2.599
CAGGTT	CAGGTT	5	1.82	0.0005324813631522897	0.00019376932843894433	0.037832923900524514	120.95185770997686	-2.083
CAGTAA	CAGTAA	1	2.43	0.00010649627263045793	0.00025842096580185004	0.9116609360514772	2914.580012556573	-3.465
CAGTAC	CAGTAC	2	1.62	0.00021299254526091586	0.0001722806438679	0.48077260553124934	1537.030019883404	-3.187
CAGTAG	CAGTAG	2	1.42	0.00021299254526091586	0.00015156335125087402	0.41614300368935037	1330.4091827948532	-3.124
CAGTAT	CAGTAT	1	3.36	0.00010649627263045793	0.0003576458935991849	0.9652054648654371	3085.7618711748023	-3.489
CAGTCA	CAGTCA	4	2.25	0.0004259850905218317	0.00023984573097549842	0.1909975314825807	610.6191081498105	-2.786
CAGTCC	CAGTCC	1	1.15	0.00010649627263045793	0.0001222742942228031	0.682778694080417	2182.8434849750934	-3.339
CAGTCG	CAGTCG	1	1.02	0.00010649627263045793	0.00010816572181247964	0.6378425177148022	2039.1825291342225	-3.309
CAGTCT	CAGTCT	1	2.06	0.00010649627263045793	0.00021985858672754025	0.8731147481093677	2791.3478497056485	-3.446
CAGTGA	CAGTGA	2	2.07	0.00021299254526091586	0.0002199613863683933	0.6114164774132875	1954.6984782902803	-3.291
CAGTGG	CAGTGG	1	1.29	0.00010649627263045793	0.00013711878630756985	0.7240527082514749	2314.7965082799656	-3.365
CAGTTA	CAGTTA	3	2.23	0.0003194888178913738	0.0002374394605453048	0.38520053610686	1231.4861139336315	-3.09
CAGTTC	CAGTTC	3	2.03	0.0003194888178913738	0.00021576020545203782	0.3303574662653422	1056.1528196502989	-3.024
CAGTTG	CAGTTG	5	1.67	0.0005324813631522897	0.00017756342266866273	0.027582980631000092	88.18278907730729	-1.945
CAGTTT	CAGTTT	8	4.51	0.0008519701810436634	0.0004800406484937682	0.08721223682932419	278.81752114334944	-2.445
CATAAA	CATAAA	6	8.23	0.0006389776357827476	0.0008760253226793044	0.8285903644743255	2649.003395224419	-3.423
CATAAC	CATAAC	3	3.19	0.0003194888178913738	0.0003399501252188344	0.618451698385474	1977.1900797383603	-3.296
CATAAG	CATAAG	1	4.26	0.00010649627263045793	0.00045326683362511243	0.9858235843907345	3151.6779992971783	-3.499
CATAAT	CATAAT	6	5.12	0.0006389776357827476	0.0005447918673378754	0.40431367920922595	1292.5908324318955	-3.111
CATACA	CATACA	6	5.39	0.0006389776357827476	0.0005737095787194887	0.45164314438401987	1443.9031325957114	-3.16
CATACG	CATACG	1	2.18	0.00010649627263045793	0.00023163860924824443	0.8864016776489897	2833.82616344382	-3.452
CATACT	CATACT	2	4.07	0.00021299254526091586	0.00043364902429031773	0.9135540704246805	2920.6323631477035	-3.465
CATAGA	CATAGA	5	3.77	0.0005324813631522897	0.00040180815585891423	0.32690846078518293	1045.1263491302298	-3.019
CATAGC	CATAGC	4	2.37	0.0004259850905218317	0.00025235512227724503	0.214950680061425	687.1973241563758	-2.837
CATAGT	CATAGT	3	3.93	0.0003194888178913738	0.00041895850397484366	0.7520686898368538	2404.363601408422	-3.381
CATATA	CATATA	6	11.28	0.0006389776357827476	0.0012015593660855783	0.9683484025286297	3095.8098428840294	-3.491
CATATC	CATATC	2	4.53	0.00021299254526091586	0.0004820008918394869	0.9401866412005735	3005.7766919182336	-3.478
CATATG	CATATG	2	4.66	0.00021299254526091586	0.0004957723458920436	0.9462122083049654	3025.0404299509746	-3.481
CATATT	CATATT	5	8.31	0.0005324813631522897	0.0008848159228767723	0.9167160045026018	2930.741066394818	-3.467
CATCAA	CATCAA	2	3.21	0.00021299254526091586	0.00034197136618852866	0.8302425439211045	2654.2854129157713	-3.424
CATCAC	CATCAC	6	2.53	0.0006389776357827476	0.0002694319854818709	0.04405286943353395	140.83702357900805	-2.149
CATCAG	CATCAG	3	1.65	0.0003194888178913738	0.00017616706743045404	0.23074058123542665	737.677638209659	-2.868
CATCAT	CATCAT	6	3.15	0.0006389776357827476	0.0003350628537402753	0.09937373747891635	317.6978387200956	-2.502
CATCCA	CATCCA	1	2.12	0.00010649627263045793	0.00022529534215000316	0.8794298168462676	2811.5371244575176	-3.449
CATCCC	CATCCC	1	0.97	0.00010649627263045793	0.00010356318147217886	0.6218477073995557	1988.0471205563797	-3.298
CATCCT	CATCCT	2	1.47	0.00021299254526091586	0.00015625322116855046	0.4311432587081091	1378.364998089825	-3.139
CATCGA	CATCGA	1	1.04	0.00010649627263045793	0.00011052713663845957	0.6457845067412536	2064.573068051788	-3.315
CATCGC	CATCGC	3	1.12	0.0003194888178913738	0.00011944061539962568	0.10396100030044918	332.363317960536	-2.522
CATCGG	CATCGG	1	0.80	0.00010649627263045793	8.55693961071945e-05	0.5522394291269153	1765.5094549187481	-3.247
CATCGT	CATCGT	3	1.79	0.0003194888178913738	0.00019074844548895464	0.26700429662049946	853.6127362957368	-2.931
CATCTA	CATCTA	6	2.44	0.0006389776357827476	0.0002601181337902187	0.038290552139863605	122.41489519114394	-2.088
CATCTC	CATCTC	2	2.37	0.00021299254526091586	0.0002525234437525479	0.6852346427442135	2190.695152853251	-3.341
CATCTG	CATCTG	2	1.60	0.00021299254526091586	0.00017088052584758893	0.47654345374553286	1523.5094216244686	-3.183
CATCTT	CATCTT	6	3.24	0.0006389776357827476	0.00034555839671401314	0.11057764338874508	353.51672591381805	-2.548
CATGAA	CATGAA	7	3.63	0.0007454739084132055	0.0003868014328482751	0.07595058290042078	242.81401353264525	-2.385
CATGAC	CATGAC	2	1.60	0.00021299254526091586	0.0001700226078453956	0.4739416658567102	1515.1915057439026	-3.18
CATGAG	CATGAG	1	1.62	0.00010649627263045793	0.00017214789044346307	0.8014012241453876	2562.079713592804	-3.409
CATGAT	CATGAT	2	2.39	0.00021299254526091586	0.0002550339117680935	0.6904181866825281	2207.2669428240424	-3.344
CATGCA	CATGCA	5	2.19	0.0005324813631522897	0.00023291298753307625	0.07110349172831779	227.31786305543196	-2.357
CATGCC	CATGCC	1	1.31	0.00010649627263045793	0.00013974779251984566	0.730781448936838	2336.308292251071	-3.369
CATGCG	CATGCG	1	1.17	0.00010649627263045793	0.000124926056949559	0.690579991665817	2207.784233355617	-3.344
CATGCT	CATGCT	2	2.11	0.00021299254526091586	0.0002244434243500552	0.6223160582217617	1989.5444381349723	-3.299
CATGGC	CATGGC	1	1.14	0.00010649627263045793	0.00012142512595399812	0.6802391584318132	2174.7245895065066	-3.337
CATGGG	CATGGG	1	1.12	0.00010649627263045793	0.00011933158929961884	0.6738910084304912	2154.4295539522805	-3.333
CATGGT	CATGGT	1	1.87	0.00010649627263045793	0.00019888598216603152	0.8454966303019844	2703.052727075444	-3.432
CATGTA	CATGTA	3	2.54	0.0003194888178913738	0.00027066791447029207	0.46680550158843476	1492.377188578226	-3.174
CATGTC	CATGTC	1	1.87	0.00010649627263045793	0.00019874217496070404	0.8452878558019857	2702.3852749989483	-3.432
CATGTT	CATGTT	2	3.00	0.00021299254526091586	0.0003198802625557996	0.8014000561051721	2562.075979368235	-3.409
CATTAA	CATTAA	4	3.27	0.0004259850905218317	0.00034850384672931997	0.41356851805182615	1322.1785522116882	-3.121
CATTAC	CATTAC	5	2.18	0.0005324813631522897	0.0002323358978195466	0.07052495222128506	225.46827225144835	-2.353
CATTAG	CATTAG	3	1.92	0.0003194888178913738	0.0002043967708665631	0.30148869263736716	963.8593503616628	-2.984
CATTAT	CATTAT	5	4.53	0.0005324813631522897	0.0004823175600304513	0.47338462439577433	1513.4106441932906	-3.18
CATTCA	CATTCA	3	3.76	0.0003194888178913738	0.00040029209362795777	0.7243743040763915	2315.8246501322237	-3.365
CATTCC	CATTCC	4	1.92	0.0004259850905218317	0.000204070479104449	0.12808438389301124	409.48577530595696	-2.612
CATTCT	CATTCT	3	3.45	0.0003194888178913738	0.00036693441915896136	0.6689574146951069	2138.6568547802567	-3.33
CATTGA	CATTGA	6	2.64	0.0006389776357827476	0.00028072719356530526	0.05173077159799841	165.38327679880092	-2.218
CATTGC	CATTGC	2	1.93	0.00021299254526091586	0.0002059881355381784	0.5758991526017694	1841.1495908678567	-3.265
CATTGG	CATTGG	1	1.64	0.00010649627263045793	0.00017499877001473572	0.8066471363704633	2578.850894976371	-3.411
CATTGT	CATTGT	1	2.69	0.00010649627263045793	0.0002861959051282656	0.9319409486984052	2979.415212988801	-3.474
CATTTA	CATTTA	9	5.14	0.0009584664536741214	0.0005477812686638796	0.07787709853710424	248.97308402312225	-2.396
CATTTC	CATTTC	5	4.67	0.0005324813631522897	0.0004977664571771775	0.500578953952131	1600.3509157849628	-3.204
CATTTG	CATTTG	5	3.85	0.0005324813631522897	0.00040964512265298823	0.34121743845183705	1090.8721507305231	-3.038
CATTTT	CATTTT	10	10.40	0.0010649627263045794	0.0011074708257769734	0.5909112450910503	1889.1432505560879	-3.276
CCAAAA	CCAAAA	3	5.88	0.0003194888178913738	0.0006259567019952374	0.9323482763685637	2980.717439550298	-3.474
CCAAAC	CCAAAC	1	2.28	0.00010649627263045793	0.00024290857092352483	0.8978089809167809	2870.2953119909484	-3.458
CCAAAG	CCAAAG	1	3.04	0.00010649627263045793	0.00032387809456469976	0.9522232093167661	3044.257600185701	-3.483
CCAAAT	CCAAAT	1	3.66	0.00010649627263045793	0.0003892765559671875	0.974146437172229	3114.3461596396164	-3.493
CCAACA	CCAACA	4	2.24	0.0004259850905218317	0.00023862148208055584	0.18870008408432548	603.2741688175886	-2.781
CCAACG	CCAACG	3	0.90	0.0003194888178913738	9.634482375083471e-05	0.06362939904651092	203.42318875169542	-2.308
CCAACT	CCAACT	2	1.69	0.00021299254526091586	0.00018036647237074894	0.5047770928845794	1613.7723659520004	-3.208
CCAAGA	CCAAGA	5	2.38	0.0005324813631522897	0.0002532895129482235	0.09317790431171555	297.8897600845546	-2.474
CCAAGC	CCAAGC	1	1.49	0.00010649627263045793	0.00015907816971748193	0.7754695651319243	2479.176199726762	-3.394
CCAAGT	CCAAGT	2	2.48	0.00021299254526091586	0.0002641006506960137	0.7085538673297576	2265.2467138532347	-3.355
CCAATA	CCAATA	5	3.62	0.0005324813631522897	0.000385799201523476	0.2978989398800665	952.3829107965726	-2.979
CCAATC	CCAATC	1	1.45	0.00010649627263045793	0.00015476185734466085	0.7661823732756631	2449.485047362295	-3.389
CCAATG	CCAATG	3	1.49	0.0003194888178913738	0.00015918362469736542	0.18983251464759962	606.894549328376	-2.783
CCAATT	CCAATT	5	2.67	0.0005324813631522897	0.0002840985524112702	0.13232089298971586	423.0298948881216	-2.626
CCACAA	CCACAA	3	3.50	0.0003194888178913738	0.0003729837319905304	0.6795811832848683	2172.621042961724	-3.337
CCACAC	CCACAC	3	2.76	0.0003194888178913738	0.00029386597065920555	0.5208129653768211	1665.0390503096971	-3.221
CCACAG	CCACAG	11	1.80	0.0011714589989350373	0.00019214313466178824	3.1933287640160616e-06	0.01020907205855935	1.991
CCACAT	CCACAT	5	3.43	0.0005324813631522897	0.00036544870710183253	0.2616996294200858	836.6537152560143	-2.923
CCACCA	CCACCA	3	1.87	0.0003194888178913738	0.00019913713589147567	0.2881600082605234	921.2475464088933	-2.964
CCACCC	CCACCC	2	0.86	0.00021299254526091586	9.153884472430735e-05	0.21275467890929503	680.1767084730162	-2.833
CCACCT	CCACCT	2	1.30	0.00021299254526091586	0.00013811123940860398	0.37206560812122524	1189.4937491635571	-3.075
CCACGA	CCACGA	1	1.01	0.00010649627263045793	0.00010792703687780234	0.637029921424944	2036.584658795546	-3.309
CCACGC	CCACGC	1	1.10	0.00010649627263045793	0.00011663083017439929	0.6655150842463744	2127.651724335659	-3.328
CCACGG	CCACGG	1	0.78	0.00010649627263045793	8.355641564733083e-05	0.543695415019652	1738.1942418178276	-3.24
CCACGT	CCACGT	1	1.75	0.00010649627263045793	0.00018626117654717522	0.8260508819927637	2640.8846697308654	-3.422
CCACTA	CCACTA	3	2.20	0.0003194888178913738	0.00023394060552228268	0.37640185702067464	1203.356736895097	-3.08
CCACTG	CCACTG	1	1.44	0.00010649627263045793	0.00015368360946719283	0.7638030038964577	2441.8782034569754	-3.388
CCACTT	CCACTT	1	2.92	0.00010649627263045793	0.0003107824102558792	0.9459716749676055	3024.2714448714346	-3.481
CCAGAA	CCAGAA	3	2.35	0.0003194888178913738	0.0002505376274092874	0.41784614992195684	1335.854141300496	-3.126
CCAGAC	CCAGAC	1	1.03	0.00010649627263045793	0.00011012642963045596	0.6444492112389595	2060.3041283309535	-3.314
CCAGAT	CCAGAT	1	1.55	0.00010649627263045793	0.00016518964444568399	0.7879918923363582	2519.210079799337	-3.401
CCAGCA	CCAGCA	1	1.21	0.00010649627263045793	0.0001291261630273116	0.7025456974968838	2246.038594897537	-3.351
CCAGCT	CCAGCT	1	1.17	0.00010649627263045793	0.00012443066618995476	0.68913730377403	2203.171960165574	-3.343
CCAGGA	CCAGGA	2	0.95	0.00021299254526091586	0.00010128310681988504	0.2462401912311789	787.229891366079	-2.896
CCAGGG	CCAGGG	1	0.65	0.00010649627263045793	6.955586853895723e-05	0.4795854667096131	1533.2347370706332	-3.186
CCAGGT	CCAGGT	1	1.09	0.00010649627263045793	0.00011592644756492866	0.663295417421065	2120.555449495145	-3.326
CCAGTA	CCAGTA	1	1.68	0.00010649627263045793	0.0001793060707083941	0.8143113632533923	2603.353428321095	-3.416
CCAGTC	CCAGTC	1	1.24	0.00010649627263045793	0.0001316583036670027	0.7095347907363739	2268.3827259841873	-3.356
CCAGTG	CCAGTG	1	1.33	0.00010649627263045793	0.00014168941251782198	0.7356453175908666	2351.8580803380005	-3.371
CCAGTT	CCAGTT	1	1.99	0.00010649627263045793	0.0002119071744735566	0.8632783768685579	2759.9009708487797	-3.441
CCATAA	CCATAA	4	3.97	0.0004259850905218317	0.0004223695914750453	0.5598692817816172	1789.9020938558301	-3.253
CCATAC	CCATAC	2	2.64	0.00021299254526091586	0.0002815797276500301	0.7410039403078903	2368.9895971643255	-3.375
CCATAG	CCATAG	5	2.33	0.0005324813631522897	0.0002477188743250264	0.08682886814637085	277.5918914639476	-2.443
CCATCA	CCATCA	2	2.01	0.00021299254526091586	0.00021416388589584593	0.5969630396398424	1908.4908377285763	-3.281
CCATCC	CCATCC	3	1.03	0.0003194888178913738	0.00010918158888807829	0.08499743927847665	271.73681337328986	-2.434
CCATCT	CCATCT	4	1.84	0.0004259850905218317	0.00019631689540452546	0.11578389229444463	370.1611036653395	-2.568
CCATGC	CCATGC	4	1.29	0.0004259850905218317	0.00013774115755032986	0.04243862584260867	135.67628681881993	-2.133
CCATGG	CCATGG	1	1.10	0.00010649627263045793	0.00011701903650293515	0.6667321482655484	2131.5426780049584	-3.329
CCATTA	CCATTA	2	2.27	0.00021299254526091586	0.0002418103159312139	0.6623095929856916	2117.403768775256	-3.326
CCATTC	CCATTC	2	2.06	0.00021299254526091586	0.00021973198273749438	0.6108521760770501	1952.8944069183292	-3.291
CCATTT	CCATTT	3	4.59	0.0003194888178913738	0.0004888773778609323	0.8363545348610425	2673.8254479507527	-3.427
CCCAAA	CCCAAA	1	2.69	0.00010649627263045793	0.00028627027186249853	0.9319884579913995	2979.5671001985042	-3.474
CCCAAC	CCCAAC	1	1.04	0.00010649627263045793	0.00011108995624514862	0.64765155383641	2070.542017615003	-3.316
CCCAAG	CCCAAG	1	1.39	0.00010649627263045793	0.00014811994166019816	0.751135386728581	2401.3798313712737	-3.38
CCCAAT	CCCAAT	6	1.67	0.0006389776357827476	0.00017802877603389198	0.00740415320118078	23.67107778417495	-1.374
CCCACA	CCCACA	4	2.08	0.0004259850905218317	0.0002215656127986075	0.1576871507428168	504.12582092478533	-2.703
CCCACG	CCCACG	1	0.84	0.00010649627263045793	8.945841643511858e-05	0.5682957494198877	1816.841510895381	-3.259
CCCAGT	CCCAGT	1	1.13	0.00010649627263045793	0.0001202538882473213	0.6767030443050701	2163.4196326433093	-3.335
CCCATA	CCCATA	3	2.61	0.0003194888178913738	0.00027798148158241073	0.48413960425860547	1547.7943148147617	-3.19
CCCATC	CCCATC	3	1.05	0.0003194888178913738	0.00011151119605025071	0.08916384680845339	285.0568182466255	-2.455
CCCATG	CCCATG	1	1.08	0.00010649627263045793	0.000114697230223115	0.659386539576766	2108.0587670269206	-3.324
CCCCAC	CCCCAC	2	0.97	0.00021299254526091586	0.00010314961593825633	0.2526824000414664	807.8256329325682	-2.907
CCCCAT	CCCCAT	2	1.20	0.00021299254526091586	0.0001282758044360367	0.33900210964938277	1083.7897445490767	-3.035
CCCCCA	CCCCCA	1	0.73	0.00010649627263045793	7.777153582646315e-05	0.5182233824436655	1656.7601536723987	-3.219
CCCCGC	CCCCGC	1	0.37	0.00010649627263045793	3.924934272979991e-05	0.3082642968843384	985.5209571392298	-2.994
CCCCGT	CCCCGT	1	0.59	0.00010649627263045793	6.268178615057605e-05	0.44488610604386697	1422.3008810222427	-3.153
CCCCTT	CCCCTT	1	0.94	0.00010649627263045793	0.00010009335375907555	0.6093239549878843	1948.008684096266	-3.29
CCCGAC	CCCGAC	2	0.33	0.00021299254526091586	3.468118828447251e-05	0.04280548831630337	136.84914614722186	-2.136
CCCGCA	CCCGCA	1	0.66	0.00010649627263045793	6.996911692069592e-05	0.4816009714502404	1539.6783057264186	-3.187
CCCGCC	CCCGCC	1	0.39	0.00010649627263045793	4.198147015241758e-05	0.32578484957752674	1041.534164099353	-3.018
CCCGCT	CCCGCT	2	0.63	0.00021299254526091586	6.74247853963071e-05	0.13292275697438502	424.9540540471089	-2.628
CCCGGC	CCCGGC	2	0.29	0.00021299254526091586	3.076060652398627e-05	0.034489093101185114	110.2616306444888	-2.042
CCCGGT	CCCGGT	3	0.47	0.0003194888178913738	5.038375206514996e-05	0.012430482349093393	39.740252070051575	-1.599
CCCGTC	CCCGTC	1	0.64	0.00010649627263045793	6.862628523436944e-05	0.47502299552548494	1518.6485166949753	-3.181
CCCGTG	CCCGTG	1	0.69	0.00010649627263045793	7.38549545855595e-05	0.5001753907301252	1599.0607241642101	-3.204
CCCGTT	CCCGTT	1	1.04	0.00010649627263045793	0.00011045564004388978	0.6455466232560936	2063.812554549731	-3.315
CCCTAA	CCCTAA	1	1.07	0.00010649627263045793	0.00011448041591452736	0.6586923829071792	2105.839548154252	-3.323
CCCTAT	CCCTAT	2	1.49	0.00021299254526091586	0.0001584370313078691	0.4380574163805446	1400.469560168601	-3.146
CCCTCA	CCCTCA	1	1.32	0.00010649627263045793	0.0001404795988415277	0.7326250859723793	2342.2023998536965	-3.37
CCCTCC	CCCTCC	2	0.67	0.00021299254526091586	7.161705038979843e-05	0.1462988560892133	467.71744291721495	-2.67
CCCTCG	CCCTCG	2	0.59	0.00021299254526091586	6.335354457559091e-05	0.12022153799819281	384.3482569802224	-2.585
CCCTCT	CCCTCT	1	1.21	0.00010649627263045793	0.00012877296560473374	0.7015575455147812	2242.8794730107556	-3.351
CCCTGT	CCCTGT	1	0.78	0.00010649627263045793	8.258636845700738e-05	0.5395200665523247	1724.845652767782	-3.237
CCCTTA	CCCTTA	2	1.11	0.00021299254526091586	0.0001182378445158322	0.30472327270318145	974.2003028320711	-2.989
CCCTTG	CCCTTG	1	0.83	0.00010649627263045793	8.842134459444843e-05	0.5640712322679404	1803.3357295606056	-3.256
CCGAAC	CCGAAC	1	0.63	0.00010649627263045793	6.694867078464187e-05	0.466687657851119	1492.0004421500273	-3.174
CCGAAG	CCGAAG	1	0.84	0.00010649627263045793	8.926489437952249e-05	0.5675105552990396	1814.3312452910295	-3.259
CCGACT	CCGACT	2	0.53	0.00021299254526091586	5.630863311073842e-05	0.0990409428866755	316.63389440870156	-2.501
CCGAGT	CCGAGT	2	0.59	0.00021299254526091586	6.26101782366733e-05	0.11793643462751187	377.04278150415547	-2.576
CCGATA	CCGATA	1	1.06	0.00010649627263045793	0.00011273437120205471	0.6530503968934733	2087.8021188684343	-3.32
CCGATG	CCGATG	1	0.44	0.00010649627263045793	4.651504141288216e-05	0.35388400911718143	1131.367177147629	-3.054
CCGCAC	CCGCAC	1	0.87	0.00010649627263045793	9.280114454744947e-05	0.581635721914313	1859.4894029600587	-3.269
CCGCAG	CCGCAG	1	0.57	0.00010649627263045793	6.0677671434870805e-05	0.4343407052554751	1388.587234701754	-3.143
CCGCAT	CCGCAT	1	1.08	0.00010649627263045793	0.00011540655155259742	0.6616476663158689	2115.2875892118327	-3.325
CCGCCC	CCGCCC	1	0.39	0.00010649627263045793	4.198147015241758e-05	0.32578484957752674	1041.534164099353	-3.018
CCGCTA	CCGCTA	3	0.88	0.0003194888178913738	9.418387433733509e-05	0.060310649095219125	192.81314515741553	-2.285
CCGCTC	CCGCTC	1	0.86	0.00010649627263045793	9.143398019609904e-05	0.5762302755691664	1842.208190994625	-3.265
CCGCTT	CCGCTT	1	1.17	0.00010649627263045793	0.0001251201834262409	0.691143503436286	2209.5857804858065	-3.344
CCGGAG	CCGGAG	1	0.40	0.00010649627263045793	4.255834386013222e-05	0.32942709430572026	1053.1784204953876	-3.023
CCGGCA	CCGGCA	1	0.51	0.00010649627263045793	5.483639533138469e-05	0.40244787002472027	1286.6258404690307	-3.109
CCGGCC	CCGGCC	1	0.31	0.00010649627263045793	3.290183719883083e-05	0.26578123608807736	849.7026117735833	-2.929
CCGGGC	CCGGGC	1	0.31	0.00010649627263045793	3.3070276638415334e-05	0.26694159262835593	853.412271632854	-2.931
CCGGGT	CCGGGT	3	0.51	0.0003194888178913738	5.416683242499055e-05	0.015050182816074445	48.11543446299	-1.682
CCGGTA	CCGGTA	3	0.71	0.0003194888178913738	7.512532644073762e-05	0.03480515394589654	111.27207716503123	-2.046
CCGGTC	CCGGTC	2	0.52	0.00021299254526091586	5.516195298096115e-05	0.09570200828901934	305.9593204999948	-2.486
CCGGTT	CCGGTT	1	0.83	0.00010649627263045793	8.878447670268988e-05	0.5655551354038316	1808.0797678860497	-3.257
CCGTAG	CCGTAG	2	0.78	0.00021299254526091586	8.328762190765435e-05	0.18477793283700158	590.735051279894	-2.771
CCGTAT	CCGTAT	2	1.85	0.00021299254526091586	0.00019653482004108357	0.5505526354154366	1760.116775423151	-3.246
CCGTCA	CCGTCA	2	1.24	0.00021299254526091586	0.00013180086341972515	0.3509215734870798	1121.896270438194	-3.05
CCGTCG	CCGTCG	2	0.56	0.00021299254526091586	5.943960507164073e-05	0.10831865123948856	346.2947280126449	-2.539
CCGTCT	CCGTCT	1	1.13	0.00010649627263045793	0.00012081745813474807	0.6784093874338682	2168.8748116260767	-3.336
CCGTGC	CCGTGC	3	0.83	0.0003194888178913738	8.869322228316437e-05	0.05225843775882264	167.07022551495598	-2.223
CCGTGG	CCGTGG	1	0.71	0.00010649627263045793	7.534999415206888e-05	0.5071431169159017	1621.336544780138	-3.21
CCGTTA	CCGTTA	2	1.23	0.00021299254526091586	0.00013047856129230778	0.34645881569547765	1107.628833778442	-3.044
CCGTTC	CCGTTC	1	1.11	0.00010649627263045793	0.0001185653013482275	0.671536047152965	2146.900742748029	-3.332
CCGTTT	CCGTTT	2	2.48	0.00021299254526091586	0.00026379361304749175	0.7079545501312192	2263.330696769508	-3.355
CCTAAA	CCTAAA	2	2.35	0.00021299254526091586	0.00025032212783631394	0.6806309013342808	2175.9769915656957	-3.338
CCTAAT	CCTAAT	1	1.46	0.00010649627263045793	0.00015567296507233458	0.7681742210048808	2455.8529845526036	-3.39
CCTACC	CCTACC	1	0.64	0.00010649627263045793	6.77294815629552e-05	0.4705835050615372	1504.4554656817343	-3.177
CCTACG	CCTACG	2	0.62	0.00021299254526091586	6.619017516379702e-05	0.12903912346212912	412.5380777084268	-2.615
CCTACT	CCTACT	1	1.16	0.00010649627263045793	0.00012391416513222482	0.6876259748473116	2198.340241586855	-3.342
CCTAGT	CCTAGT	2	1.12	0.00021299254526091586	0.00011971638430421741	0.30979823952210717	990.4249717521766	-2.996
CCTATC	CCTATC	2	1.29	0.00021299254526091586	0.00013773059492759777	0.37079785187562564	1185.4407324463753	-3.074
CCTATG	CCTATG	2	1.33	0.00021299254526091586	0.00014166575478267198	0.3838529053845666	1227.1777385144594	-3.089
CCTATT	CCTATT	3	2.37	0.0003194888178913738	0.00025283402068851873	0.42351306383375187	1353.9712650765048	-3.132
CCTCAA	CCTCAA	3	2.22	0.0003194888178913738	0.00023648347043849104	0.38279927030976	1223.8092671803029	-3.088
CCTCAC	CCTCAC	1	1.75	0.00010649627263045793	0.00018632031004244735	0.8261474427816118	2641.193374572813	-3.422
CCTCAG	CCTCAG	1	1.14	0.00010649627263045793	0.0001218248181046771	0.6814370065848647	2178.5541100518126	-3.338
CCTCAT	CCTCAT	2	2.18	0.00021299254526091586	0.00023170602659124863	0.6394718865179141	2044.3916211977714	-3.311
CCTCCA	CCTCCA	2	1.46	0.00021299254526091586	0.0001557984955848248	0.42969782008976487	1373.7439308269784	-3.138
CCTCCC	CCTCCC	1	0.67	0.00010649627263045793	7.161705038979843e-05	0.4895609815975568	1565.126458167389	-3.195
CCTCCG	CCTCCG	1	0.57	0.00010649627263045793	6.030909506509345e-05	0.43237960517812013	1382.3175977544502	-3.141
CCTCCT	CCTCCT	1	1.01	0.00010649627263045793	0.00010805379532495905	0.6374616938387548	2037.9650352024992	-3.309
CCTCGA	CCTCGA	2	0.72	0.00021299254526091586	7.643283454171558e-05	0.16198193112142223	517.8562337951869	-2.714
CCTCGG	CCTCGG	2	0.56	0.00021299254526091586	5.917380738713463e-05	0.10752225051039285	343.74863488172593	-2.536
CCTCGT	CCTCGT	1	1.24	0.00010649627263045793	0.00013190827896715417	0.7102157908894355	2270.5598834735256	-3.356
CCTCTA	CCTCTA	3	1.69	0.0003194888178913738	0.00017987950186677966	0.23989394800624153	766.9409517759542	-2.885
CCTCTC	CCTCTC	2	1.64	0.00021299254526091586	0.00017462754560789562	0.48781399681095994	1559.541347804639	-3.193
CCTCTG	CCTCTG	2	1.11	0.00021299254526091586	0.00011816901582489164	0.30448684726499065	973.4444507061751	-2.988
CCTCTT	CCTCTT	2	2.24	0.00021299254526091586	0.00023896400977922554	0.6559968132471701	2097.2218119512027	-3.322
CCTGAA	CCTGAA	2	1.65	0.00021299254526091586	0.00017597684733784146	0.4918350537478071	1572.3966668317394	-3.197
CCTGAT	CCTGAT	1	1.09	0.00010649627263045793	0.00011602869055242292	0.6636185194552902	2121.5884066985627	-3.327
CCTGCA	CCTGCA	1	1.00	0.00010649627263045793	0.00010596468825953447	0.6302796695335676	2015.0041034988158	-3.304
CCTGCG	CCTGCG	1	0.53	0.00010649627263045793	5.6835605521023e-05	0.4135608315304747	1322.1539784029276	-3.121
CCTGCT	CCTGCT	2	0.96	0.00021299254526091586	0.00010211142686827864	0.2490985281929667	796.3679946329146	-2.901
CCTGGG	CCTGGG	1	0.51	0.00010649627263045793	5.429038025564451e-05	0.39937630416142644	1276.8060444040802	-3.106
CCTGTA	CCTGTA	1	1.16	0.00010649627263045793	0.00012314144214319427	0.6853511870826612	2191.067745103268	-3.341
CCTGTC	CCTGTC	2	0.85	0.00021299254526091586	9.041854143381402e-05	0.20893004031992768	667.9493389028088	-2.825
CCTGTG	CCTGTG	2	0.91	0.00021299254526091586	9.73075731621046e-05	0.23254091218401382	743.4332962522922	-2.871
CCTTAC	CCTTAC	4	1.12	0.0004259850905218317	0.00011976833804601647	0.027598909956071768	88.23371512956145	-1.946
CCTTAG	CCTTAG	2	0.99	0.00021299254526091586	0.00010536581638225496	0.260336156938023	832.2946937308594	-2.92
CCTTCA	CCTTCA	2	1.94	0.00021299254526091586	0.00020634916617154586	0.5768461241030997	1844.1770587576095	-3.266
CCTTCC	CCTTCC	1	0.99	0.00010649627263045793	0.00010519761412667042	0.6276070245410937	2006.4596574578766	-3.302
CCTTCG	CCTTCG	1	0.87	0.00010649627263045793	9.305942788128545e-05	0.5826491432296022	1862.7293109050381	-3.27
CCTTCT	CCTTCT	1	1.78	0.00010649627263045793	0.00018915340232391706	0.830711420250568	2655.784410541066	-3.424
CCTTGA	CCTTGA	1	1.36	0.00010649627263045793	0.00014471388077856608	0.7430473212737659	2375.5222861122297	-3.376
CCTTGC	CCTTGC	3	1.00	0.0003194888178913738	0.00010618615927258414	0.07976655176594728	255.01366599573348	-2.407
CCTTGG	CCTTGG	1	0.85	0.00010649627263045793	9.021125035546976e-05	0.5713367532160047	1826.5636000315671	-3.262
CCTTGT	CCTTGT	2	1.39	0.00021299254526091586	0.00014753298235217443	0.40309377355930015	1288.6907940690826	-3.11
CCTTTA	CCTTTA	2	2.65	0.00021299254526091586	0.0002823793170849887	0.7424115960553641	2373.489872588999	-3.375
CCTTTG	CCTTTG	3	1.98	0.0003194888178913738	0.00021117061973312202	0.31869309747829055	1018.8618326380949	-3.008
CCTTTT	CCTTTT	8	5.36	0.0008519701810436634	0.0005708973149761726	0.17365650521861015	555.1798471838966	-2.744
CGAAAA	CGAAAA	4	3.79	0.0004259850905218317	0.00040388047781288395	0.5249667677537055	1678.3187565085966	-3.225
CGAAAG	CGAAAG	1	1.96	0.00010649627263045793	0.00020897298354497466	0.8594590418328508	2747.6905567396243	-3.439
CGAACC	CGAACC	1	0.60	0.00010649627263045793	6.360938185256112e-05	0.44970022049367847	1437.69160491829	-3.158
CGAACG	CGAACG	2	0.58	0.00021299254526091586	6.216371408318475e-05	0.1165693506233972	372.6722139430008	-2.571
CGAACT	CGAACT	2	1.09	0.00021299254526091586	0.0001163762554347995	0.29832366273203137	953.7407497543043	-2.979
CGAAGA	CGAAGA	1	1.53	0.00010649627263045793	0.00016342774059043387	0.7844551960622299	2507.903261810949	-3.399
CGAAGT	CGAAGT	2	1.60	0.00021299254526091586	0.00017040331488392808	0.47509719769728004	1518.8857410382043	-3.182
CGAATC	CGAATC	1	0.94	0.00010649627263045793	9.985561731719667e-05	0.6084508570328198	1945.2173899339248	-3.289
CGAATG	CGAATG	1	0.96	0.00010649627263045793	0.00010270863495483095	0.6188011340773751	1978.3072256453684	-3.296
CGAATT	CGAATT	1	1.72	0.00010649627263045793	0.00018330638321799688	0.8211569973943798	2625.238920669832	-3.419
CGACAA	CGACAA	1	1.26	0.00010649627263045793	0.00013426340244439554	0.7165539146275185	2290.8228650641768	-3.36
CGACAT	CGACAT	2	1.24	0.00021299254526091586	0.0001315510104758218	0.3500791233135701	1119.2029572334836	-3.049
CGACCT	CGACCT	1	0.47	0.00010649627263045793	4.971606890158536e-05	0.37301576799691955	1192.5314102861519	-3.076
CGACGC	CGACGC	1	0.39	0.00010649627263045793	4.198374016357071e-05	0.3257992205931692	1041.5801082363619	-3.018
CGACTC	CGACTC	2	0.77	0.00021299254526091586	8.175313998534795e-05	0.17963361191991964	574.288657307983	-2.759
CGACTG	CGACTG	2	0.52	0.00021299254526091586	5.532167367429554e-05	0.09616511670670883	307.4398781113481	-2.488
CGACTT	CGACTT	2	1.05	0.00021299254526091586	0.00011187271787468666	0.2828057522298471	904.1299898788212	-2.956
CGAGAA	CGAGAA	3	1.31	0.0003194888178913738	0.00013965618603204802	0.14551423353692497	465.2090046175491	-2.668
CGAGAC	CGAGAC	1	0.58	0.00010649627263045793	6.138733451958159e-05	0.43809757836024044	1400.5979580176886	-3.146
CGAGAT	CGAGAT	1	0.86	0.00010649627263045793	9.208100177937222e-05	0.5787970970736949	1850.4143193446025	-3.267
CGAGCA	CGAGCA	3	0.68	0.0003194888178913738	7.197827979701815e-05	0.031272500426814696	99.97818386452659	-2.0
CGAGCG	CGAGCG	1	0.36	0.00010649627263045793	3.8606531891127926e-05	0.30407635801482447	972.1321165733938	-2.988
CGAGGA	CGAGGA	1	0.53	0.00010649627263045793	5.6457836510258636e-05	0.41147689065167453	1315.4916194134034	-3.119
CGAGGC	CGAGGC	1	0.37	0.00010649627263045793	3.945246406740963e-05	0.309582393457095	989.7349118823327	-2.996
CGAGGT	CGAGGT	3	0.61	0.0003194888178913738	6.462041528282615e-05	0.023790926656383576	76.0595925204583	-1.881
CGAGTA	CGAGTA	2	0.94	0.00021299254526091586	9.994986472279001e-05	0.24164197260173562	772.5293864077488	-2.888
CGAGTG	CGAGTG	2	0.74	0.00021299254526091586	7.898136163409276e-05	0.17039920745234186	544.7662662251369	-2.736
CGATAA	CGATAA	1	1.72	0.00010649627263045793	0.0001833895267031105	0.8212965687350365	2625.6851302459118	-3.419
CGATAC	CGATAC	1	1.15	0.00010649627263045793	0.00012225968446874028	0.6827351729030269	2182.7043477709767	-3.339
CGATAG	CGATAG	3	1.01	0.0003194888178913738	0.00010755757051363858	0.08214356776222356	262.61298613582875	-2.419
CGATAT	CGATAT	4	2.38	0.0004259850905218317	0.00025380491459333433	0.21777895903597524	696.2393320380129	-2.843
CGATCA	CGATCA	1	0.87	0.00010649627263045793	9.298826067041476e-05	0.5823701510908404	1861.837373037417	-3.27
CGATCC	CGATCC	1	0.45	0.00010649627263045793	4.7405779949623296e-05	0.35926560847284394	1148.572150287682	-3.06
CGATGA	CGATGA	3	0.77	0.0003194888178913738	8.150568314238039e-05	0.042569172128781745	136.09364329571522	-2.134
CGATTC	CGATTC	1	0.90	0.00010649627263045793	9.540588415713616e-05	0.5917441640669739	1891.8060925221157	-3.277
CGATTT	CGATTT	1	1.99	0.00010649627263045793	0.00021226668006252798	0.8637391377645022	2761.3740234331135	-3.441
CGCAAA	CGCAAA	3	2.59	0.0003194888178913738	0.00027574228634545683	0.4788608261714095	1530.9180612699963	-3.185
CGCAAC	CGCAAC	1	1.00	0.00010649627263045793	0.00010700446932808767	0.6338718854186773	2026.4884176835114	-3.307
CGCAAG	CGCAAG	1	1.34	0.00010649627263045793	0.00014267262577078354	0.7380747067078893	2359.624837345122	-3.373
CGCAAT	CGCAAT	1	1.61	0.00010649627263045793	0.00017148152135911497	0.800154654799487	2558.09443139396	-3.408
CGCACA	CGCACA	4	2.00	0.0004259850905218317	0.00021341723068599112	0.14359684196503075	459.0791037622033	-2.662
CGCACT	CGCACT	2	1.51	0.00021299254526091586	0.0001613153715513831	0.44709960511385094	1429.3774375489816	-3.155
CGCAGA	CGCAGA	1	1.04	0.00010649627263045793	0.0001110897494005716	0.6476508694797252	2070.5398297266815	-3.316
CGCAGT	CGCAGT	2	1.09	0.00021299254526091586	0.00011583138504571799	0.2964486846171151	947.746444720917	-2.977
CGCATA	CGCATA	1	2.51	0.00010649627263045793	0.0002677583278016678	0.9190764743500672	2938.2874884971648	-3.468
CGCATC	CGCATC	1	1.01	0.00010649627263045793	0.0001074102174562564	0.6352641703844294	2030.9395527190209	-3.308
CGCATG	CGCATG	1	1.04	0.00010649627263045793	0.00011047908081214944	0.645624632982823	2064.061951646085	-3.315
CGCATT	CGCATT	1	1.85	0.00010649627263045793	0.0001971744706161278	0.8429935323226873	2695.050322835631	-3.431
CGCCAA	CGCCAA	1	1.55	0.00010649627263045793	0.00016460135609071793	0.7868175130213662	2515.4555891293076	-3.401
CGCCAC	CGCCAC	4	1.22	0.0004259850905218317	0.0001296859169199595	0.0353292505595845	112.94761403899166	-2.053
CGCCAG	CGCCAG	1	0.80	0.00010649627263045793	8.479463798612744e-05	0.5489701027649206	1755.0574185394512	-3.244
CGCCAT	CGCCAT	3	1.51	0.0003194888178913738	0.0001612760761696932	0.19477200623904714	622.6861039462337	-2.794
CGCCCG	CGCCCG	2	0.36	0.00021299254526091586	3.784996039138608e-05	0.050012359251929185	159.8895125284176	-2.204
CGCCCT	CGCCCT	1	0.64	0.00010649627263045793	6.781451236789995e-05	0.4710060432671638	1505.8063203251227	-3.178
CGCCTC	CGCCTC	1	0.86	0.00010649627263045793	9.196248448414471e-05	0.5783280889554301	1848.91490039051	-3.267
CGCCTT	CGCCTT	2	1.18	0.00021299254526091586	0.00012584339982040863	0.33073762357464104	1057.3681825681274	-3.024
CGCGAA	CGCGAA	2	0.99	0.00021299254526091586	0.00010530336912137673	0.2601204528031426	831.6050876116469	-2.92
CGCGAC	CGCGAC	1	0.43	0.00010649627263045793	4.6287195218187555e-05	0.3525001798044682	1126.9430748348848	-3.052
CGCGAG	CGCGAG	1	0.44	0.00010649627263045793	4.686578515841486e-05	0.3560084812694192	1138.1591146183332	-3.056
CGCGAT	CGCGAT	1	0.65	0.00010649627263045793	6.943079282728136e-05	0.47897390111183363	1531.2795618545322	-3.185
CGCGCA	CGCGCA	3	0.88	0.0003194888178913738	9.338417552441434e-05	0.059103679391826654	188.9544630156698	-2.276
CGCGCT	CGCGCT	1	0.84	0.00010649627263045793	8.998838732352669e-05	0.5704387572707246	1823.6927069945064	-3.261
CGCGGA	CGCGGA	1	0.55	0.00010649627263045793	5.8750543599242434e-05	0.42401151188468983	1355.5648034953533	-3.132
CGCGGG	CGCGGG	1	0.38	0.00010649627263045793	4.034675885731101e-05	0.315355850628474	1008.1926544592313	-3.004
CGCGTC	CGCGTC	1	0.86	0.00010649627263045793	9.15919672557608e-05	0.5768584712366907	1844.2165325437	-3.266
CGCTAA	CGCTAA	3	1.44	0.0003194888178913738	0.00015321268885096087	0.1759222429270402	562.4234106377476	-2.75
CGCTAC	CGCTAC	2	0.96	0.00021299254526091586	0.00010214179256730723	0.2492033323464701	796.703053511665	-2.901
CGCTAG	CGCTAG	1	0.84	0.00010649627263045793	8.985891877756781e-05	0.5699162179604702	1822.0221488196232	-3.261
CGCTAT	CGCTAT	1	1.99	0.00010649627263045793	0.00021204118963339733	0.8634503194713479	2760.450671349899	-3.441
CGCTCC	CGCTCC	1	0.90	0.00010649627263045793	9.584731825212877e-05	0.5934329091159368	1897.20501044365	-3.278
CGCTCG	CGCTCG	2	0.80	0.00021299254526091586	8.478801229996006e-05	0.1898279909500884	606.8800870674326	-2.783
CGCTCT	CGCTCT	1	1.62	0.00010649627263045793	0.0001723408510879624	0.8017607395556711	2563.2290843594806	-3.409
CGCTGA	CGCTGA	1	1.02	0.00010649627263045793	0.00010841589858272281	0.638692285029314	2041.8992352387168	-3.31
CGCTGG	CGCTGG	1	0.63	0.00010649627263045793	6.758393677884019e-05	0.4698594751500168	1502.1407420546036	-3.177
CGCTTA	CGCTTA	3	1.49	0.0003194888178913738	0.00015824137200670023	0.1876187994417471	599.8173018152655	-2.778
CGCTTC	CGCTTC	2	1.35	0.00021299254526091586	0.00014379324673652325	0.3908618851074546	1249.5854466885323	-3.097
CGCTTT	CGCTTT	3	3.00	0.0003194888178913738	0.000319922773839633	0.5777222345241158	1846.977983773598	-3.266
CGGAAA	CGGAAA	3	2.10	0.0003194888178913738	0.00022386208076432686	0.35092618780328405	1121.9110224070992	-3.05
CGGAAC	CGGAAC	2	0.82	0.00021299254526091586	8.68718522369029e-05	0.19687179751281256	629.3991366484618	-2.799
CGGAAG	CGGAAG	2	1.09	0.00021299254526091586	0.00011582913631587053	0.2964409447806898	947.7217004638652	-2.977
CGGACT	CGGACT	1	0.69	0.00010649627263045793	7.306545743071266e-05	0.49645623309789805	1587.17057721398	-3.201
CGGAGA	CGGAGA	2	0.73	0.00021299254526091586	7.791656539424205e-05	0.16687334836240322	533.4940947146031	-2.727
CGGAGT	CGGAGT	1	0.76	0.00010649627263045793	8.124227245375223e-05	0.5336714910260447	1706.147756810265	-3.232
CGGATA	CGGATA	2	1.37	0.00021299254526091586	0.00014628286898463248	0.3990178083554601	1275.6599333124059	-3.106
CGGATG	CGGATG	2	0.57	0.00021299254526091586	6.035740152947585e-05	0.11108064372287613	355.124817982035	-2.55
CGGATT	CGGATT	2	1.01	0.00021299254526091586	0.00010772119578524509	0.26847238468146417	858.3062138266409	-2.934
CGGCAC	CGGCAC	2	0.73	0.00021299254526091586	7.78676813705663e-05	0.16671178397958725	532.9775733827404	-2.727
CGGCCC	CGGCCC	1	0.33	0.00010649627263045793	3.522585585811329e-05	0.2816301897761649	900.3717167143991	-2.954
CGGCGT	CGGCGT	1	0.62	0.00010649627263045793	6.556480373618019e-05	0.4597123019239657	1469.7002292509185	-3.167
CGGCTC	CGGCTC	1	0.72	0.00010649627263045793	7.672051967755809e-05	0.5134451695359057	1641.4842070062905	-3.215
CGGGAA	CGGGAA	2	1.03	0.00021299254526091586	0.00011006656836316437	0.2765720322881865	884.2007872253322	-2.947
CGGGAC	CGGGAC	2	0.45	0.00021299254526091586	4.838090917062168e-05	0.07667527861031621	245.13086571718094	-2.389
CGGGCA	CGGGCA	2	0.59	0.00021299254526091586	6.311800111095391e-05	0.11949628791013907	382.0296324487146	-2.582
CGGGCC	CGGGCC	2	0.36	0.00021299254526091586	3.787080066657237e-05	0.0500611147974431	160.04538400742558	-2.204
CGGGTA	CGGGTA	4	0.81	0.0004259850905218317	8.647104553630965e-05	0.009546133007002995	30.518987223388578	-1.485
CGGGTG	CGGGTG	1	0.64	0.00010649627263045793	6.833026675246843e-05	0.47356173240046046	1513.976858484272	-3.18
CGGTAA	CGGTAA	2	1.15	0.00021299254526091586	0.00012220938399248751	0.3183372649998687	1017.7242362045803	-3.008
CGGTAC	CGGTAC	1	0.77	0.00010649627263045793	8.147292266165832e-05	0.534680374935813	1709.373158669794	-3.233
CGGTAG	CGGTAG	3	0.67	0.0003194888178913738	7.167554588588933e-05	0.03094312574235406	98.92517299830592	-1.995
CGGTCC	CGGTCC	2	0.54	0.00021299254526091586	5.782451175630565e-05	0.10350416469538488	330.90281453114545	-2.52
CGGTCG	CGGTCG	1	0.48	0.00010649627263045793	5.1152452707501146e-05	0.3814155342070871	1219.3854628600575	-3.086
CGGTCT	CGGTCT	1	0.98	0.00010649627263045793	0.00010397292017720346	0.6232998328128929	1992.6895655028186	-3.299
CGGTTA	CGGTTA	1	1.05	0.00010649627263045793	0.0001122870589029526	0.6515900527226742	2083.1333985543897	-3.319
CGGTTT	CGGTTT	2	2.13	0.00021299254526091586	0.00022701514082553454	0.628462348522342	2009.1941282259272	-3.303
CGTAAA	CGTAAA	2	3.12	0.00021299254526091586	0.0003324477940268182	0.8183044468603949	2616.1193166126827	-3.418
CGTAAC	CGTAAC	2	1.21	0.00021299254526091586	0.00012900959171189953	0.3414891210459177	1091.740719983799	-3.038
CGTAAG	CGTAAG	2	1.62	0.00021299254526091586	0.00017201278894919935	0.4799651643763704	1534.4486305112562	-3.186
CGTACA	CGTACA	1	2.04	0.00010649627263045793	0.00021772028606891215	0.8705413153486443	2783.120585169616	-3.445
CGTACG	CGTACG	1	0.83	0.00010649627263045793	8.790584320153266e-05	0.5619559783747646	1796.5732628641226	-3.254
CGTAGA	CGTAGA	1	1.43	0.00010649627263045793	0.00015248444488879354	0.7611283588178431	2433.3273631406446	-3.386
CGTAGC	CGTAGC	1	0.90	0.00010649627263045793	9.576766965576662e-05	0.5931287237226305	1896.2325297412497	-3.278
CGTAGT	CGTAGT	2	1.49	0.00021299254526091586	0.00015899292729258356	0.43981008086770024	1406.0728285340376	-3.148
CGTATA	CGTATA	5	4.28	0.0005324813631522897	0.0004559865454867056	0.42602521995945297	1362.002628210371	-3.134
CGTATC	CGTATC	1	1.72	0.00010649627263045793	0.00018291723887718845	0.8205022979448287	2623.1458465296173	-3.419
CGTATG	CGTATG	1	1.77	0.00010649627263045793	0.00018814344570225098	0.8290983364997618	2650.6273817897386	-3.423
CGTATT	CGTATT	2	3.15	0.00021299254526091586	0.0003357837885102673	0.8225695283749391	2629.7547822146803	-3.42
CGTCAA	CGTCAA	5	2.23	0.0005324813631522897	0.0002375457099941662	0.07584200676793271	242.46689563708085	-2.385
CGTCAG	CGTCAG	4	1.15	0.0004259850905218317	0.00012237203242123704	0.02951974214258213	94.37461562983508	-1.975
CGTCAT	CGTCAT	2	2.19	0.00021299254526091586	0.00023274680676196066	0.6418794446490164	2052.088584542905	-3.312
CGTCCA	CGTCCA	1	1.47	0.00010649627263045793	0.00015649831331169604	0.7699639313178572	2461.5746884231894	-3.391
CGTCCC	CGTCCC	2	0.68	0.00021299254526091586	7.193874079650536e-05	0.1473364982870649	471.0347850237465	-2.673
CGTCCT	CGTCCT	2	1.02	0.00021299254526091586	0.00010853915278069233	0.27129758957147143	867.3383938599942	-2.938
CGTCGC	CGTCGC	2	0.78	0.00021299254526091586	8.29677820791652e-05	0.18370391279416	587.3014092029296	-2.769
CGTCGG	CGTCGG	2	0.56	0.00021299254526091586	5.943960507164073e-05	0.10831865123948856	346.2947280126449	-2.539
CGTCGT	CGTCGT	2	1.24	0.00021299254526091586	0.00013250078630553237	0.35327953323315886	1129.4346677464089	-3.053
CGTCTA	CGTCTA	1	1.70	0.00010649627263045793	0.00018068748697366155	0.8167044685330509	2611.0041859001635	-3.417
CGTCTC	CGTCTC	1	1.65	0.00010649627263045793	0.00017541193990873715	0.8073958274924653	2581.2444604934117	-3.412
CGTCTG	CGTCTG	1	1.11	0.00010649627263045793	0.00011869980896079943	0.6719506439453307	2148.226208693222	-3.332
CGTCTT	CGTCTT	2	2.25	0.00021299254526091586	0.0002400373914540613	0.6583884898988143	2104.868002206509	-3.323
CGTGAA	CGTGAA	1	2.64	0.00010649627263045793	0.0002811254802666173	0.9286221912455256	2968.8051454119454	-3.473
CGTGAC	CGTGAC	6	1.16	0.0006389776357827476	0.00012357163967763394	0.0012676449867594685	4.052661022670021	-0.608
CGTGAG	CGTGAG	2	1.17	0.00021299254526091586	0.00012511628517360436	0.3282613564253888	1049.451556491968	-3.021
CGTGAT	CGTGAT	4	1.74	0.0004259850905218317	0.00018535745951645094	0.09934178276709694	317.59567950640894	-2.502
CGTGCA	CGTGCA	5	1.59	0.0005324813631522897	0.00016928007478775992	0.02311011701590588	73.8830440998511	-1.869
CGTGCC	CGTGCC	1	0.95	0.00010649627263045793	0.0001015680448726559	0.6146964991499191	1965.1847077822913	-3.293
CGTGCG	CGTGCG	1	0.85	0.00010649627263045793	9.079567647707116e-05	0.5736827118666485	1834.0636298376753	-3.263
CGTGCT	CGTGCT	1	1.53	0.00010649627263045793	0.0001631244357045686	0.7838404423700471	2505.9378942570406	-3.399
CGTGGA	CGTGGA	2	1.19	0.00021299254526091586	0.00012629053342950568	0.3322591003167249	1062.2323437125694	-3.026
CGTGGC	CGTGGC	1	0.83	0.00010649627263045793	8.825121613146176e-05	0.5633742767821714	1801.107562872602	-3.256
CGTGGT	CGTGGT	1	1.36	0.00010649627263045793	0.00014454940573256674	0.7426501716383487	2374.252598727801	-3.376
CGTGTA	CGTGTA	3	1.85	0.0003194888178913738	0.00019672017988121542	0.28204932894974016	901.7117046523193	-2.955
CGTGTT	CGTGTT	3	2.18	0.0003194888178913738	0.0002324874853141636	0.37273981268440676	1191.6491811520484	-3.076
CGTTAA	CGTTAA	1	1.99	0.00010649627263045793	0.00021225471296071783	0.8637238251231009	2761.3250689185534	-3.441
CGTTAC	CGTTAC	1	1.33	0.00010649627263045793	0.00014150314197381185	0.7351825353913768	2350.3785656462314	-3.371
CGTTAT	CGTTAT	2	2.76	0.00021299254526091586	0.00029375335802158417	0.7617335249321602	2435.262079208116	-3.387
CGTTCA	CGTTCA	2	2.29	0.00021299254526091586	0.00024379611367514605	0.6666583363355721	2131.3067012648244	-3.329
CGTTCC	CGTTCC	1	1.17	0.00010649627263045793	0.0001242882148147803	0.688721209882293	2201.8417079936908	-3.343
CGTTCT	CGTTCT	3	2.10	0.0003194888178913738	0.0002234797708688839	0.34995687127719327	1118.8121174731868	-3.049
CGTTGA	CGTTGA	2	1.61	0.00021299254526091586	0.00017097564474446511	0.4768314337784846	1524.4300937898151	-3.183
CGTTGT	CGTTGT	1	1.64	0.00010649627263045793	0.000174306339122604	0.8053858744718527	2574.818640686513	-3.411
CGTTTA	CGTTTA	5	3.13	0.0005324813631522897	0.00033362373769094974	0.20751034269804433	663.4105656056478	-2.822
CGTTTC	CGTTTC	6	2.85	0.0006389776357827476	0.0003031624399017761	0.06925744873408833	221.4160636028804	-2.345
CGTTTG	CGTTTG	2	2.34	0.00021299254526091586	0.000249492534273232	0.6788816696839963	2170.3846979797363	-3.337
CGTTTT	CGTTTT	2	6.33	0.00021299254526091586	0.0006745001653317026	0.9869777513438097	3155.3678710461595	-3.499
CTAAAA	CTAAAA	5	5.86	0.0005324813631522897	0.0006242124439375509	0.695956887713804	2224.9741700210316	-3.347
CTAAAC	CTAAAC	1	2.27	0.00010649627263045793	0.00024223169466233306	0.897157399790892	2868.212207131482	-3.458
CTAAAG	CTAAAG	2	3.03	0.00021299254526091586	0.0003229755928831107	0.8056888558495072	2575.7872721508747	-3.411
CTAAAT	CTAAAT	3	3.65	0.0003194888178913738	0.0003881918183691238	0.705162225261194	2254.403634160037	-3.353
CTAACA	CTAACA	4	2.23	0.0004259850905218317	0.000237956551995888	0.18745599859280546	599.296827501199	-2.778
CTAACC	CTAACC	1	0.92	0.00010649627263045793	9.831068814853582e-05	0.6027292980279605	1926.9255657953897	-3.285
CTAACT	CTAACT	1	1.69	0.00010649627263045793	0.00017986387263538967	0.81528141312299	2606.454677754199	-3.416
CTAAGA	CTAAGA	6	2.37	0.0006389776357827476	0.00025258370969940587	0.03399856708344669	108.69341896577906	-2.036
CTAAGG	CTAAGG	1	1.33	0.00010649627263045793	0.00014169330056308142	0.735654968672377	2351.888934845589	-3.371
CTAAGT	CTAAGT	2	2.47	0.00021299254526091586	0.0002633647216987709	0.7071156560585024	2260.648752419032	-3.354
CTAATA	CTAATA	1	3.61	0.00010649627263045793	0.0003847241537386031	0.9730173119944783	3110.736346446347	-3.493
CTAATC	CTAATC	3	1.45	0.0003194888178913738	0.00015433060608425336	0.17850475701093585	570.6797081639619	-2.756
CTAATG	CTAATG	2	1.49	0.00021299254526091586	0.00015874005197237488	0.4390131725697254	1403.525112705412	-3.147
CTAATT	CTAATT	5	2.66	0.0005324813631522897	0.0002833068983118079	0.13123406942889698	419.55531996418364	-2.623
CTACAA	CTACAA	3	2.96	0.0003194888178913738	0.0003147221804859225	0.5667076723357046	1811.7644284572477	-3.258
CTACAC	CTACAC	1	2.33	0.00010649627263045793	0.0002479629300798176	0.9025457179939446	2885.4386604266406	-3.46
CTACAG	CTACAG	2	1.52	0.00021299254526091586	0.00016212960812911147	0.4496425883064942	1437.5073548158618	-3.158
CTACAT	CTACAT	1	2.90	0.00010649627263045793	0.0003083641566377218	0.9447307968600505	3020.304357561581	-3.48
CTACCA	CTACCA	1	1.58	0.00010649627263045793	0.00016803111837885163	0.793573776494503	2537.055363452926	-3.404
CTACCC	CTACCC	1	0.73	0.00010649627263045793	7.724011086769793e-05	0.5158132700791095	1649.055024442913	-3.217
CTACCT	CTACCT	2	1.09	0.00021299254526091586	0.00011653771113371959	0.29887910068810003	955.5164848998558	-2.98
CTACGA	CTACGA	2	0.86	0.00021299254526091586	9.106840182624615e-05	0.21114778513656077	675.0394690815848	-2.829
CTACGC	CTACGC	1	0.92	0.00010649627263045793	9.841262777997567e-05	0.6031093888207433	1928.1407160599163	-3.285
CTACGG	CTACGG	2	0.66	0.00021299254526091586	7.050456915580346e-05	0.1427223224472118	456.2832648637361	-2.659
CTACGT	CTACGT	1	1.48	0.00010649627263045793	0.00015716643540981208	0.7714025833658185	2466.174059020522	-3.392
CTACTA	CTACTA	4	1.85	0.0004259850905218317	0.00019739814678040472	0.11746696541832011	375.5418884423694	-2.575
CTACTC	CTACTC	1	1.80	0.00010649627263045793	0.00019163469723937105	0.8346101404764605	2668.2486191032444	-3.426
CTACTG	CTACTG	1	1.22	0.00010649627263045793	0.00012967761467325844	0.7040819738756825	2250.950070480557	-3.352
CTACTT	CTACTT	1	2.46	0.00010649627263045793	0.00026223695411703397	0.9147702731370825	2924.520563219253	-3.466
CTAGAA	CTAGAA	4	2.67	0.0004259850905218317	0.0002844412389503904	0.27950365972028474	893.5732001257503	-2.951
CTAGAG	CTAGAG	1	1.19	0.00010649627263045793	0.00012659197997242646	0.6953825926543542	2223.1381487159706	-3.347
CTAGAT	CTAGAT	2	1.76	0.00021299254526091586	0.00018754367403322442	0.5254695327469201	1679.9260961919035	-3.225
CTAGCA	CTAGCA	1	1.38	0.00010649627263045793	0.00014659995854593566	0.7475579624173279	2389.942805848197	-3.378
CTAGCC	CTAGCC	1	0.83	0.00010649627263045793	8.795997512756134e-05	0.5621785790402958	1797.2849171918256	-3.255
CTAGCG	CTAGCG	1	0.74	0.00010649627263045793	7.863088685645634e-05	0.5220953424518859	1669.1388098186794	-3.222
CTAGCT	CTAGCT	2	1.33	0.00021299254526091586	0.00014126905096244704	0.38254207593714185	1222.9870167710426	-3.087
CTAGGA	CTAGGA	1	1.08	0.00010649627263045793	0.00011498908442015865	0.660318716577192	2111.038936897283	-3.324
CTAGGT	CTAGGT	1	1.24	0.00010649627263045793	0.0001316140122881334	0.7094139622795838	2267.996437407829	-3.356
CTAGTA	CTAGTA	3	1.91	0.0003194888178913738	0.00020357038354284056	0.299392215753889	957.1569137651832	-2.981
CTAGTC	CTAGTC	3	1.40	0.0003194888178913738	0.00014947475714684102	0.1673651730592173	535.0664582703178	-2.728
CTAGTT	CTAGTT	5	2.26	0.0005324813631522897	0.00024058318055062967	0.07903924682256594	252.6884720917433	-2.403
CTATAA	CTATAA	2	5.59	0.00021299254526091586	0.0005949352890259025	0.9753117785865509	3118.0717561412034	-3.494
CTATAC	CTATAC	4	3.72	0.0004259850905218317	0.00039662352601726824	0.5109058481273656	1633.365996463188	-3.213
CTATAG	CTATAG	2	3.28	0.00021299254526091586	0.00034892829187595107	0.8385107260663114	2680.7187912339973	-3.428
CTATAT	CTATAT	8	7.73	0.0008519701810436634	0.000823370357808	0.5089679569933936	1627.1705585078794	-3.211
CTATCA	CTATCA	2	2.83	0.00021299254526091586	0.0003016638885138194	0.7744186090550627	2475.816293149035	-3.394
CTATCC	CTATCC	2	1.44	0.00021299254526091586	0.0001537894333599863	0.4232883446349333	1353.2528377978817	-3.131
CTATCG	CTATCG	1	1.28	0.00010649627263045793	0.00013604449874152634	0.7212549859497238	2305.852190081267	-3.363
CTATCT	CTATCT	6	2.60	0.0006389776357827476	0.0002765252311376678	0.048785452021349374	155.96709011225394	-2.193
CTATGA	CTATGA	1	2.48	0.00010649627263045793	0.00026441317576475975	0.9164942444226774	2930.0320994192994	-3.467
CTATGC	CTATGC	3	1.82	0.0003194888178913738	0.00019401746013907706	0.2752298294438059	879.9097647318475	-2.944
CTATGG	CTATGG	2	1.55	0.00021299254526091586	0.00016482899268452573	0.45802526059296494	1464.3067581157088	-3.166
CTATGT	CTATGT	1	2.53	0.00010649627263045793	0.00026956408178615133	0.9204370485059928	2942.637244073659	-3.469
CTATTA	CTATTA	6	3.20	0.0006389776357827476	0.0003406056996091331	0.10521301200373735	336.3659993759483	-2.527
CTATTG	CTATTG	4	2.39	0.0004259850905218317	0.0002547138275337865	0.21955718761084075	701.9243287918579	-2.846
CTATTT	CTATTT	7	6.47	0.0007454739084132055	0.0006886158709488993	0.46813136296198393	1496.6159673894626	-3.175
CTCAAA	CTCAAA	7	5.54	0.0007454739084132055	0.0005897038600190006	0.31983720655035563	1022.5195493414869	-3.01
CTCAAC	CTCAAC	1	2.15	0.00010649627263045793	0.00022884030388797025	0.8833771964588103	2824.1568970788167	-3.451
CTCAAT	CTCAAT	5	3.44	0.0005324813631522897	0.00036673125623072145	0.26395188215650894	843.8541672543591	-2.926
CTCACA	CTCACA	1	4.29	0.00010649627263045793	0.00045641517809286137	0.9862365468499935	3152.9982402794294	-3.499
CTCACC	CTCACC	1	1.77	0.00010649627263045793	0.00018856589517451556	0.8297749264756522	2652.79043994266	-3.424
CTCACT	CTCACT	2	3.24	0.00021299254526091586	0.00034498987639882946	0.8338759084500473	2665.9012793148013	-3.426
CTCAGA	CTCAGA	5	2.23	0.0005324813631522897	0.00023757710468820837	0.07587468775235	242.57137674426295	-2.385
CTCAGC	CTCAGC	2	1.40	0.00021299254526091586	0.0001492100108712529	0.4085407745687473	1306.104856296285	-3.116
CTCAGG	CTCAGG	2	1.25	0.00021299254526091586	0.00013327496116655586	0.3558840966100801	1137.761456862426	-3.056
CTCAGT	CTCAGT	1	2.33	0.00010649627263045793	0.0002477175908639247	0.902320950327278	2884.720078196308	-3.46
CTCATA	CTCATA	5	5.38	0.0005324813631522897	0.0005726293255545784	0.6229961125459829	1991.7185718095072	-3.299
CTCATC	CTCATC	3	2.16	0.0003194888178913738	0.00022970803890441535	0.3657238234787372	1169.2190636615228	-3.068
CTCATG	CTCATG	1	2.22	0.00010649627263045793	0.00023627112573025577	0.8912371951945273	2849.2853130369035	-3.455
CTCATT	CTCATT	4	3.96	0.0004259850905218317	0.0004216783285602481	0.5585894842634547	1785.8105811902647	-3.252
CTCCAA	CTCCAA	2	2.81	0.00021299254526091586	0.00029909966640753277	0.770372859400227	2462.882031502526	-3.391
CTCCAG	CTCCAG	2	1.45	0.00021299254526091586	0.00015408164633115313	0.42422292469991985	1356.2406902656437	-3.132
CTCCAT	CTCCAT	1	2.75	0.00010649627263045793	0.0002930572489043501	0.9361875883263039	2992.9917198791936	-3.476
CTCCCA	CTCCCA	2	1.67	0.00021299254526091586	0.00017767584801024674	0.4968696943141161	1588.4924127222291	-3.201
CTCCCC	CTCCCC	2	0.77	0.00021299254526091586	8.167357529503268e-05	0.1793674686607818	573.4377973085194	-2.758
CTCCCG	CTCCCG	3	0.65	0.0003194888178913738	6.877774761686968e-05	0.027883653546345505	89.14404038766658	-1.95
CTCCCT	CTCCCT	1	1.16	0.00010649627263045793	0.00012322679781355813	0.6856032738434303	2191.873666477447	-3.341
CTCCGA	CTCCGA	1	0.78	0.00010649627263045793	8.297686007891423e-05	0.5412054240915183	1730.233740820584	-3.238
CTCCGG	CTCCGG	2	0.60	0.00021299254526091586	6.424014973851424e-05	0.12296117216879225	393.10686742362884	-2.595
CTCCTA	CTCCTA	1	1.62	0.00010649627263045793	0.00017213220883162107	0.8013719782558928	2561.986214484089	-3.409
CTCCTC	CTCCTC	4	1.57	0.0004259850905218317	0.00016710645090952997	0.07461641168665309	238.54866816222992	-2.378
CTCCTG	CTCCTG	2	1.06	0.00021299254526091586	0.00011307955324705022	0.28696827873227293	917.4375871070765	-2.963
CTCGAA	CTCGAA	1	1.78	0.00010649627263045793	0.0001893525674452005	0.8310277212046671	2656.7956246913204	-3.424
CTCGAC	CTCGAC	2	0.78	0.00021299254526091586	8.323189777811008e-05	0.18459074646529391	590.1366164495446	-2.771
CTCGAG	CTCGAG	4	0.79	0.0004259850905218317	8.427229650033655e-05	0.00875088552765718	27.976581031920006	-1.447
CTCGAT	CTCGAT	1	1.17	0.00010649627263045793	0.00012484784666716515	0.6903526718365107	2207.0574918613247	-3.344
CTCGCA	CTCGCA	1	1.58	0.00010649627263045793	0.00016791992071896157	0.7933581248071582	2536.3659250084847	-3.404
CTCGCG	CTCGCG	1	0.85	0.00010649627263045793	9.00661392947157e-05	0.5707522616147783	1824.6949803824464	-3.261
CTCGCT	CTCGCT	1	1.52	0.00010649627263045793	0.00016181374178372656	0.7811636383078925	2497.3801516703325	-3.397
CTCGGA	CTCGGA	2	0.99	0.00021299254526091586	0.00010564302322079687	0.26129369483644665	835.3559423921199	-2.922
CTCGTC	CTCGTC	5	1.55	0.0005324813631522897	0.00016469723905267137	0.02085046772073392	66.65894530318634	-1.824
CTCGTG	CTCGTG	1	1.66	0.00010649627263045793	0.0001772456001233511	0.810683712758662	2591.7558296894426	-3.414
CTCGTT	CTCGTT	3	2.49	0.0003194888178913738	0.00026508412761810896	0.45339810382779877	1449.5137379374726	-3.161
CTCTAA	CTCTAA	2	2.93	0.00021299254526091586	0.0003116905187071079	0.7896443805380763	2524.49308458023	-3.402
CTCTAC	CTCTAC	2	1.95	0.00021299254526091586	0.00020779367913807188	0.5806195013337567	1856.2405457640202	-3.269
CTCTAG	CTCTAG	3	1.72	0.0003194888178913738	0.00018280583164678472	0.24715101402248849	790.1417918298957	-2.898
CTCTAT	CTCTAT	4	4.05	0.0004259850905218317	0.00043136915669169366	0.5763439860271546	1842.5717233288133	-3.265
CTCTCA	CTCTCA	4	3.59	0.0004259850905218317	0.00038247728819725457	0.4829684846036283	1544.0502452777996	-3.189
CTCTCC	CTCTCC	2	1.83	0.00021299254526091586	0.00019498842143389443	0.5463058625787547	1746.5398426642787	-3.242
CTCTCG	CTCTCG	1	1.62	0.00010649627263045793	0.0001724897574222912	0.8020377300384325	2564.1146229328688	-3.409
CTCTCT	CTCTCT	7	3.29	0.0007454739084132055	0.0003506041808474834	0.05044950531756535	161.28706850025642	-2.208
CTCTGA	CTCTGA	3	2.07	0.0003194888178913738	0.00022055750028783673	0.3425427065505302	1095.109032842045	-3.039
CTCTGC	CTCTGC	2	1.52	0.00021299254526091586	0.00016183764631510087	0.44873151147375817	1434.594642181605	-3.157
CTCTGT	CTCTGT	3	2.11	0.0003194888178913738	0.0002248540749687685	0.3534405089138371	1129.9493069975372	-3.053
CTCTTA	CTCTTA	1	3.02	0.00010649627263045793	0.0003219206952870046	0.9513369531617876	3041.424239258235	-3.483
CTCTTC	CTCTTC	3	2.75	0.0003194888178913738	0.0002925279361521042	0.5177784600704495	1655.337736845227	-3.219
CTCTTG	CTCTTG	2	2.26	0.00021299254526091586	0.00024074069386680343	0.659948313472247	2109.854758170774	-3.324
CTCTTT	CTCTTT	9	6.11	0.0009584664536741214	0.0006508396665585091	0.16447461010980213	525.8253285210374	-2.721
CTGAAA	CTGAAA	3	4.12	0.0003194888178913738	0.0004388223242693446	0.7790323067435897	2490.5662846592563	-3.396
CTGAAC	CTGAAC	1	1.60	0.00010649627263045793	0.0001702892601642232	0.7979047489646781	2550.901482440076	-3.407
CTGAAG	CTGAAG	3	2.13	0.0003194888178913738	0.00022705234688563092	0.35900773607745523	1147.7477322396244	-3.06
CTGACA	CTGACA	2	1.78	0.00021299254526091586	0.0001894846405465259	0.530964017044397	1697.491962490937	-3.23
CTGACC	CTGACC	1	0.74	0.00010649627263045793	7.82847341225083e-05	0.5205394462438253	1664.1646096415095	-3.221
CTGACG	CTGACG	1	0.72	0.00010649627263045793	7.650553561972404e-05	0.512461969092566	1638.3409151889336	-3.214
CTGAGA	CTGAGA	1	1.43	0.00010649627263045793	0.00015273479192477057	0.7616892289054559	2435.1204648107423	-3.387
CTGAGG	CTGAGG	1	0.80	0.00010649627263045793	8.568049303096881e-05	0.5527062894488928	1767.0020073681103	-3.247
CTGAGT	CTGAGT	3	1.50	0.0003194888178913738	0.00015925395987277912	0.18999802675016764	607.423691520286	-2.783
CTGATA	CTGATA	2	2.69	0.00021299254526091586	0.0002867488247650278	0.749988503289426	2397.713245016295	-3.38
CTGATC	CTGATC	1	1.08	0.00010649627263045793	0.00011502818185416585	0.6604433991477714	2111.4375470754253	-3.325
CTGATT	CTGATT	1	1.98	0.00010649627263045793	0.000211158876689433	0.8623143171455292	2756.8188719142568	-3.44
CTGCAA	CTGCAA	3	1.91	0.0003194888178913738	0.000203429454119145	0.2990347626057318	956.0141360505246	-2.98
CTGCAC	CTGCAC	4	1.51	0.0004259850905218317	0.00016027775173023536	0.06627259626258922	211.8734902514977	-2.326
CTGCAG	CTGCAG	1	0.98	0.00010649627263045793	0.0001047969915159231	0.6262035011341461	2001.9725931258652	-3.301
CTGCAT	CTGCAT	1	1.87	0.00010649627263045793	0.00019931976817734394	0.8461246812795734	2705.060606050796	-3.432
CTGCCG	CTGCCG	1	0.57	0.00010649627263045793	6.105819113532774e-05	0.4363582445999472	1395.0373079860312	-3.145
CTGCGA	CTGCGA	1	0.73	0.00010649627263045793	7.819782541469282e-05	0.5201480118455958	1662.9131938703697	-3.221
CTGCGC	CTGCGC	1	0.79	0.00010649627263045793	8.45041016578132e-05	0.5477379518362637	1751.118232020535	-3.243
CTGCGG	CTGCGG	1	0.57	0.00010649627263045793	6.0540251933955725e-05	0.43361032484390144	1386.252208525953	-3.142
CTGCGT	CTGCGT	2	1.27	0.00021299254526091586	0.0001349543116027762	0.36152077402552885	1155.7819145596156	-3.063
CTGCTA	CTGCTA	1	1.53	0.00010649627263045793	0.00016266587768551372	0.7829076828960807	2502.95586221877	-3.398
CTGCTC	CTGCTC	1	1.48	0.00010649627263045793	0.00015791650899396573	0.7730069819478653	2471.3033212873256	-3.393
CTGCTG	CTGCTG	1	1.00	0.00010649627263045793	0.00010686079555982652	0.6333776098555928	2024.9082187083302	-3.306
CTGCTT	CTGCTT	2	2.03	0.00021299254526091586	0.00021609627546542696	0.6018251093509877	1924.0348745951076	-3.284
CTGGAA	CTGGAA	2	1.84	0.00021299254526091586	0.00019584719350449717	0.5486677238574146	1754.0907131721544	-3.244
CTGGAC	CTGGAC	2	0.81	0.00021299254526091586	8.608667846351522e-05	0.1942138714253208	620.9017469467506	-2.793
CTGGAT	CTGGAT	1	1.21	0.00010649627263045793	0.00012913001769527285	0.7025564637593189	2246.0730146385426	-3.351
CTGGCC	CTGGCC	1	0.63	0.00010649627263045793	6.738549349375929e-05	0.46887069965426637	1498.9796267946895	-3.176
CTGGCG	CTGGCG	2	0.57	0.00021299254526091586	6.023854721411815e-05	0.11072192656755503	353.9779992364734	-2.549
CTGGGA	CTGGGA	1	0.91	0.00010649627263045793	9.692463870864452e-05	0.5975250248006668	1910.2875042877317	-3.281
CTGGGG	CTGGGG	1	0.63	0.00010649627263045793	6.65627036914788e-05	0.4647513039480424	1485.8099187218916	-3.172
CTGGTA	CTGGTA	1	1.44	0.00010649627263045793	0.00015386244742189516	0.7641993139183234	2443.14520659688	-3.388
CTGGTC	CTGGTC	1	1.06	0.00010649627263045793	0.00011297592293216081	0.6538364460496279	2090.3151180206605	-3.32
CTGGTG	CTGGTG	1	1.14	0.00010649627263045793	0.0001215836122984207	0.6807146683755549	2176.2447947966493	-3.338
CTGTAA	CTGTAA	1	2.00	0.00010649627263045793	0.00021337628566694386	0.8651514958849382	2765.8893323441475	-3.442
CTGTAC	CTGTAC	3	1.34	0.0003194888178913738	0.00014225085711129588	0.15119464094422858	483.36926709869874	-2.684
CTGTAG	CTGTAG	1	1.18	0.00010649627263045793	0.00012514474138272227	0.6912147172895724	2209.813451174763	-3.344
CTGTAT	CTGTAT	3	2.77	0.0003194888178913738	0.0002953055767880067	0.5240661236465722	1675.4393972980915	-3.224
CTGTCA	CTGTCA	1	1.86	0.00010649627263045793	0.00019803885125894275	0.8442627230103832	2699.107925464195	-3.431
CTGTCC	CTGTCC	1	0.95	0.00010649627263045793	0.0001009609829947551	0.6124938775027886	1958.1429263764153	-3.292
CTGTCG	CTGTCG	5	0.84	0.0005324813631522897	8.931163880305258e-05	0.0017312108164032002	5.534680980041031	-0.743
CTGTCT	CTGTCT	1	1.70	0.00010649627263045793	0.00018153561365403089	0.8181584203078718	2615.652469724266	-3.418
CTGTGA	CTGTGA	5	1.71	0.0005324813631522897	0.00018162049455935935	0.02996041717196906	95.78345369878508	-1.981
CTGTGC	CTGTGC	3	1.25	0.0003194888178913738	0.00013326698626758179	0.13184067847646355	421.494649089254	-2.625
CTGTGG	CTGTGG	3	1.06	0.0003194888178913738	0.00011321797063440583	0.09226963344096197	294.9860181107554	-2.47
CTGTGT	CTGTGT	2	1.74	0.00021299254526091586	0.00018515855614168445	0.5186582769227542	1658.1505113220453	-3.22
CTGTTA	CTGTTA	3	1.84	0.0003194888178913738	0.0001960520115104271	0.2803619745479173	896.3172326296916	-2.952
CTGTTC	CTGTTC	1	1.67	0.00010649627263045793	0.00017815161045947508	0.8122874775193119	2596.88306562924	-3.414
CTGTTT	CTGTTT	4	3.72	0.0004259850905218317	0.00039636602327108075	0.5104034017809296	1631.759675493632	-3.213
CTTAAA	CTTAAA	1	4.21	0.00010649627263045793	0.00044798808425914845	0.9851031889316241	3149.3748950144022	-3.498
CTTAAC	CTTAAC	1	1.63	0.00010649627263045793	0.0001738461222498187	0.804543042087298	2572.124105553092	-3.41
CTTAAG	CTTAAG	2	2.18	0.00021299254526091586	0.00023179482966642493	0.639677805154194	2045.0499430779582	-3.311
CTTACA	CTTACA	4	2.75	0.0004259850905218317	0.00029338770060389574	0.2980483333657872	952.8605217704217	-2.979
CTTACC	CTTACC	2	1.14	0.00021299254526091586	0.00012121181996780674	0.31492329042281175	1006.8097594817292	-3.003
CTTACG	CTTACG	1	1.11	0.00010649627263045793	0.00011845700587762934	0.6712018640904199	2145.8323594970725	-3.332
CTTACT	CTTACT	3	2.08	0.0003194888178913738	0.00022176253425928267	0.34560102081422633	1104.8864635430816	-3.043
CTTAGC	CTTAGC	2	1.21	0.00021299254526091586	0.00012905116422456695	0.34162993324971375	1092.1908965993348	-3.038
CTTAGT	CTTAGT	3	2.01	0.0003194888178913738	0.00021424999109127132	0.32651946686782113	1043.8827355764242	-3.019
CTTATA	CTTATA	4	5.77	0.0004259850905218317	0.0006144620076620438	0.8270419481573075	2644.053108258912	-3.422
CTTATC	CTTATC	1	2.31	0.00010649627263045793	0.0002464890575148599	0.9011876073154637	2881.0967805875375	-3.46
CTTATG	CTTATG	2	2.38	0.00021299254526091586	0.0002535316020152845	0.6873247824138231	2197.3773293769923	-3.342
CTTATT	CTTATT	6	4.25	0.0006389776357827476	0.0004524834841522785	0.25486646560049026	814.8080905247673	-2.911
CTTCAA	CTTCAA	4	3.72	0.0004259850905218317	0.00039614610226950986	0.5099740993319164	1630.3871955641366	-3.212
CTTCAC	CTTCAC	2	2.93	0.00021299254526091586	0.0003121151108790076	0.7902686542090549	2526.4888875063484	-3.403
CTTCAG	CTTCAG	1	1.92	0.00010649627263045793	0.00020407526480550493	0.8528446925306117	2726.5444820203656	-3.436
CTTCAT	CTTCAT	7	3.64	0.0007454739084132055	0.0003881431507085094	0.07701794039292885	246.22635543619353	-2.391
CTTCCA	CTTCCA	3	2.45	0.0003194888178913738	0.00026098638797435436	0.4434699875490864	1417.7735501944292	-3.152
CTTCCG	CTTCCG	1	0.95	0.00010649627263045793	0.00010102698889329844	0.6127339775959202	1958.910526374157	-3.292
CTTCCT	CTTCCT	3	1.70	0.0003194888178913738	0.00018100668843382627	0.2426851437154477	775.8644044582862	-2.89
CTTCGA	CTTCGA	4	1.20	0.0004259850905218317	0.0001280367267655876	0.03396576517501377	108.58855126451903	-2.036
CTTCGG	CTTCGG	1	0.93	0.00010649627263045793	9.91252078185194e-05	0.6057561692849014	1936.6024732038297	-3.287
CTTCGT	CTTCGT	2	2.07	0.00021299254526091586	0.00022096660909544933	0.6138817984485483	1962.580109640009	-3.293
CTTCTA	CTTCTA	4	2.83	0.0004259850905218317	0.0003013257688183328	0.3146210192547503	1005.8433985574367	-3.003
CTTCTC	CTTCTC	1	2.75	0.00010649627263045793	0.0002925279361521042	0.9358696353972688	2991.9752243650682	-3.476
CTTCTG	CTTCTG	1	1.86	0.00010649627263045793	0.00019795123499014543	0.8441345426209754	2698.6981327592584	-3.431
CTTCTT	CTTCTT	5	3.76	0.0005324813631522897	0.00040030138631340557	0.324163944339546	1036.3521300535285	-3.016
CTTGAA	CTTGAA	6	3.37	0.0006389776357827476	0.00035851012244514656	0.12524689258969726	400.41431560926213	-2.603
CTTGAC	CTTGAC	2	1.48	0.00021299254526091586	0.00015758686700885558	0.4353711636554175	1391.8816102063697	-3.144
CTTGAG	CTTGAG	3	1.50	0.0003194888178913738	0.0001595567028464663	0.19071085921130962	609.7026168985568	-2.785
CTTGAT	CTTGAT	1	2.22	0.00010649627263045793	0.00023638030051328343	0.8913486363839676	2849.6415905195445	-3.455
CTTGCA	CTTGCA	1	2.03	0.00010649627263045793	0.00021587733805604107	0.8682814993433996	2775.8959534008486	-3.443
CTTGCC	CTTGCC	1	1.22	0.00010649627263045793	0.0001295264028336247	0.7036615075981146	2249.6058397911725	-3.352
CTTGCG	CTTGCG	1	1.09	0.00010649627263045793	0.00011578875404824025	0.6628597963279332	2119.1627688604026	-3.326
CTTGCT	CTTGCT	5	1.95	0.0005324813631522897	0.0002080272530358213	0.048544473744195675	155.19668256019358	-2.191
CTTGGA	CTTGGA	1	1.51	0.00010649627263045793	0.00016105418320863386	0.7795972623121001	2492.372447611784	-3.397
CTTGGC	CTTGGC	1	1.06	0.00010649627263045793	0.00011254388706145503	0.6524292715247059	2085.8163810644846	-3.319
CTTGGG	CTTGGG	1	1.04	0.00010649627263045793	0.00011060347521556788	0.6460383242400887	2065.3845225955633	-3.315
CTTGGT	CTTGGT	2	1.73	0.00021299254526091586	0.0001843391253592799	0.5163031485110824	1650.6211657899305	-3.218
CTTGTA	CTTGTA	2	2.36	0.00021299254526091586	0.0002508708058400092	0.681783518403938	2179.66190833739	-3.338
CTTGTC	CTTGTC	3	1.73	0.0003194888178913738	0.00018420583645595087	0.2506348092669246	801.279485226358	-2.904
CTTGTG	CTTGTG	2	1.86	0.00021299254526091586	0.00019824056685259473	0.5552043544222561	1774.988321087953	-3.249
CTTGTT	CTTGTT	7	2.78	0.0007454739084132055	0.00029648367962910164	0.023764633952979623	75.97553474767585	-1.881
CTTTAA	CTTTAA	6	4.59	0.0006389776357827476	0.0004892995305244045	0.31329573236066516	1001.6064563570465	-3.001
CTTTAC	CTTTAC	4	3.06	0.0004259850905218317	0.00032619968701626956	0.3668830378105833	1172.9250718804349	-3.069
CTTTAT	CTTTAT	5	6.36	0.0005324813631522897	0.0006771740338059268	0.7600914888286405	2430.012489785164	-3.386
CTTTCA	CTTTCA	5	5.28	0.0005324813631522897	0.000562010248446169	0.6067422477102522	1939.7549659296762	-3.288
CTTTCC	CTTTCC	2	2.69	0.00021299254526091586	0.00028651502861961546	0.7495880047831307	2396.432851291669	-3.38
CTTTCG	CTTTCG	1	2.38	0.00010649627263045793	0.000253455602240429	0.9074446194562937	2901.1004484017712	-3.463
CTTTCT	CTTTCT	7	4.84	0.0007454739084132055	0.0005151760610756548	0.2144626296220508	685.6370269016963	-2.836
CTTTGA	CTTTGA	1	3.70	0.00010649627263045793	0.0003941410842550142	0.9753008088081749	3118.036685759735	-3.494
CTTTGC	CTTTGC	1	2.72	0.00010649627263045793	0.0002892074189663414	0.9338385732989477	2985.481918836736	-3.475
CTTTGG	CTTTGG	1	2.31	0.00010649627263045793	0.000245698338236892	0.9004512092834959	2878.7425160793364	-3.459
CTTTGT	CTTTGT	4	3.77	0.0004259850905218317	0.0004018191573249169	0.5209925348053704	1665.6131337727693	-3.222
CTTTTA	CTTTTA	6	7.22	0.0006389776357827476	0.0007690851050934737	0.7267072647601203	2323.2831254381044	-3.366
CTTTTC	CTTTTC	9	6.56	0.0009584664536741214	0.0006988642911501566	0.2158860121624029	690.1875808832021	-2.839
CTTTTG	CTTTTG	3	5.40	0.0003194888178913738	0.0005751419046785978	0.9052804824430738	2894.181702370507	-3.462
CTTTTT	CTTTTT	17	14.60	0.001810436634717785	0.0015548894516020225	0.2980815475468306	952.9667075072174	-2.979
GAAAAA	GAAAAA	21	11.21	0.0022364217252396168	0.0011933683295243958	0.005704612172958814	18.23764511694933	-1.261
GAAAAC	GAAAAC	4	4.35	0.0004259850905218317	0.00046309815772588466	0.6315006992265705	2018.9077354273459	-3.305
GAAAAG	GAAAAG	12	5.80	0.0012779552715654952	0.0006174642103011795	0.015911782319652148	50.869968075927915	-1.706
GAAAAT	GAAAAT	3	6.97	0.0003194888178913738	0.0007421444835350714	0.9696575271253394	3099.99511421971	-3.491
GAAACA	GAAACA	1	4.27	0.00010649627263045793	0.0004549249469674583	0.9860425973008083	3152.378183570684	-3.499
GAAACC	GAAACC	2	1.76	0.00021299254526091586	0.00018795021283162604	0.5266239671479775	1683.6168229720843	-3.226
GAAACG	GAAACG	3	1.72	0.0003194888178913738	0.00018367861708545275	0.24932200584798023	797.0824526959927	-2.902
GAAACT	GAAACT	1	3.23	0.00010649627263045793	0.00034386345756695196	0.9603980875047655	3070.3926857527354	-3.487
GAAAGA	GAAAGA	5	4.53	0.0005324813631522897	0.0004828891231447653	0.4743996419109443	1516.6556551892888	-3.181
GAAAGC	GAAAGC	1	2.85	0.00010649627263045793	0.0003032779249018954	0.942027105555108	3011.6606564596805	-3.479
GAAAGG	GAAAGG	2	2.54	0.00021299254526091586	0.00027088902030072184	0.7215428868231173	2306.7726091735058	-3.363
GAAAGT	GAAAGT	1	4.73	0.00010649627263045793	0.000503500244254603	0.9911546846009619	3168.721526669275	-3.501
GAAATA	GAAATA	8	6.91	0.0008519701810436634	0.0007355150079652294	0.38735522750527107	1238.3746623343516	-3.093
GAAATC	GAAATC	2	2.77	0.00021299254526091586	0.0002950490003298914	0.7638527699375673	2442.037305490403	-3.388
GAAATG	GAAATG	3	2.85	0.0003194888178913738	0.0003034789717678883	0.5423010121727224	1733.7363359161936	-3.239
GAAATT	GAAATT	3	5.09	0.0003194888178913738	0.0005416256648913006	0.8823960922374754	2821.020306883209	-3.45
GAACAA	GAACAA	2	3.29	0.00021299254526091586	0.0003502347559569451	0.8400221139458345	2685.550698284833	-3.429
GAACAC	GAACAC	5	2.59	0.0005324813631522897	0.0002759425349963808	0.12132093444395313	387.86302741731816	-2.589
GAACAG	GAACAG	2	1.69	0.00021299254526091586	0.00018042396518994127	0.5049451719273016	1614.3097146515831	-3.208
GAACAT	GAACAT	1	3.22	0.00010649627263045793	0.000343159306341653	0.9601353728763486	3069.5527870856868	-3.487
GAACCA	GAACCA	2	1.76	0.00021299254526091586	0.00018699138919197345	0.5238981751966689	1674.9024661037506	-3.224
GAACCC	GAACCC	1	0.81	0.00010649627263045793	8.595571922534264e-05	0.5538607712203447	1770.692885591442	-3.248
GAACCT	GAACCT	2	1.22	0.00021299254526091586	0.00012968757637507827	0.343784347155033	1099.0785578546404	-3.041
GAACGA	GAACGA	1	0.95	0.00010649627263045793	0.00010134436486096666	0.6138863744189704	1962.5947390174485	-3.293
GAACGC	GAACGC	1	1.03	0.00010649627263045793	0.00010951729751104461	0.6424097222773	2053.7838821205282	-3.313
GAACGG	GAACGG	1	0.74	0.00010649627263045793	7.846015344074837e-05	0.5213285575404307	1666.6873984567571	-3.222
GAACGT	GAACGT	3	1.64	0.0003194888178913738	0.00017490075871166847	0.22763319697422005	727.7433307265815	-2.862
GAACTA	GAACTA	1	2.06	0.00010649627263045793	0.0002196721300584682	0.8728923992514984	2790.6370004070404	-3.446
GAACTC	GAACTC	1	2.00	0.00010649627263045793	0.0002132583452392429	0.8650020737531979	2765.4116297889736	-3.442
GAACTG	GAACTG	2	1.36	0.00021299254526091586	0.0001443101584325702	0.3925594221660766	1255.012472664947	-3.099
GAACTT	GAACTT	5	2.74	0.0005324813631522897	0.0002918272092747534	0.14314062891232016	457.62059063268754	-2.661
GAAGAA	GAAGAA	4	4.50	0.0004259850905218317	0.0004797394965719187	0.6585054719353736	2105.2419937773893	-3.323
GAAGAC	GAAGAC	4	1.98	0.0004259850905218317	0.00021087450398765649	0.1393056970395915	445.360313435574	-2.649
GAAGAG	GAAGAG	3	2.00	0.0003194888178913738	0.0002135104352875022	0.3246398487667756	1037.8735965073815	-3.016
GAAGCA	GAAGCA	2	2.32	0.00021299254526091586	0.000247255955464874	0.6741267119499476	2155.1830981039825	-3.333
GAAGCC	GAAGCC	1	1.39	0.00010649627263045793	0.0001483535732789245	0.7516807477156777	2403.1233504470215	-3.381
GAAGCG	GAAGCG	2	1.25	0.00021299254526091586	0.0001326191033857052	0.3536778312423541	1130.708026481806	-3.053
GAAGCT	GAAGCT	4	2.24	0.0004259850905218317	0.00023826482981160576	0.1880324578393365	601.1397677123588	-2.779
GAAGGA	GAAGGA	2	1.82	0.00021299254526091586	0.0001939409548156769	0.5434133179743196	1737.2923775638997	-3.24
GAAGGC	GAAGGC	1	1.27	0.00010649627263045793	0.00013552500456999103	0.7198919319383443	2301.494506406887	-3.362
GAAGGG	GAAGGG	4	1.25	0.0004259850905218317	0.0001331883665601636	0.038328653966277555	122.53670673018934	-2.088
GAAGGT	GAAGGT	1	2.08	0.00010649627263045793	0.00022198061093360613	0.8756180165411229	2799.35079888197	-3.447
GAAGTA	GAAGTA	1	3.22	0.00010649627263045793	0.00034334245511716326	0.960203871828623	3069.771778236108	-3.487
GAAGTG	GAAGTG	3	2.55	0.0003194888178913738	0.000271312569428248	0.4683439970081655	1497.295758435105	-3.175
GAAGTT	GAAGTT	8	3.81	0.0008519701810436634	0.00040576835604755644	0.04062581183859805	129.88072044799796	-2.114
GAATAA	GAATAA	4	4.80	0.0004259850905218317	0.0005110934013169758	0.7056437112382264	2255.94294482861	-3.353
GAATAC	GAATAC	3	3.20	0.0003194888178913738	0.00034072893421131713	0.6199803527468238	1982.0771877315958	-3.297
GAATAG	GAATAG	2	2.81	0.00021299254526091586	0.0002997552016162852	0.7714131301245941	2466.2077770083274	-3.392
GAATAT	GAATAT	3	6.64	0.0003194888178913738	0.0007073360153247598	0.9612554400026042	3073.1336416883255	-3.488
GAATCA	GAATCA	3	2.43	0.0003194888178913738	0.00025915158451513584	0.43900146493838094	1403.487683408004	-3.147
GAATCC	GAATCC	2	1.24	0.00021299254526091586	0.00013211649406653982	0.35198526916694634	1125.2969055267274	-3.051
GAATCG	GAATCG	1	1.10	0.00010649627263045793	0.00011687228321270828	0.6662725841316153	2130.0734514687742	-3.328
GAATCT	GAATCT	1	2.23	0.00010649627263045793	0.00023755561913887455	0.8925411465955829	2853.4540456660784	-3.455
GAATGA	GAATGA	1	2.13	0.00010649627263045793	0.0002271504680381309	0.8815119177124943	2818.1936009268443	-3.45
GAATGC	GAATGC	1	1.57	0.00010649627263045793	0.00016667534343057665	0.7909290215395555	2528.6000818619586	-3.403
GAATGG	GAATGG	2	1.33	0.00021299254526091586	0.0001416002917640298	0.38363667899415244	1226.4864627443053	-3.089
GAATGT	GAATGT	3	2.17	0.0003194888178913738	0.00023157547715575694	0.37043927922011505	1184.2943756667078	-3.073
GAATTA	GAATTA	1	2.75	0.00010649627263045793	0.00029260547950720194	0.9359163137785246	2992.124455149943	-3.476
GAATTC	GAATTC	1	2.50	0.00010649627263045793	0.00026588932703045746	0.9176437377408829	2933.7070295576027	-3.467
GAATTG	GAATTG	3	2.05	0.0003194888178913738	0.00021881801076190755	0.3381259258295803	1080.9885848771683	-3.034
GAATTT	GAATTT	8	5.55	0.0008519701810436634	0.0005915719476993429	0.19733734656967047	630.8874969832365	-2.8
GACAAA	GACAAA	5	3.73	0.0005324813631522897	0.0003967156153696589	0.31764291494565833	1015.5043990812696	-3.007
GACAAC	GACAAC	2	1.45	0.00021299254526091586	0.000153949343277778	0.4237998798719933	1354.8882159507625	-3.132
GACAAG	GACAAG	3	1.93	0.0003194888178913738	0.0002052657910370373	0.30369406246168934	970.9099176900208	-2.987
GACAAT	GACAAT	1	2.32	0.00010649627263045793	0.00024671369115028546	0.9013958136043534	2881.7624160931177	-3.46
GACACA	GACACA	3	2.88	0.0003194888178913738	0.0003070473851660525	0.5501338072938479	1758.7777819184316	-3.245
GACAGA	GACAGA	2	1.50	0.00021299254526091586	0.00015982691258132118	0.442433857602289	1414.4610427545178	-3.151
GACAGG	GACAGG	1	0.84	0.00010649627263045793	8.965899974074119e-05	0.5691080892981961	1819.438561486333	-3.26
GACAGT	GACAGT	1	1.56	0.00010649627263045793	0.00016664879299637764	0.7908768918534776	2528.433423255568	-3.403
GACATA	GACATA	2	3.62	0.00021299254526091586	0.000385228943997039	0.8760019838396916	2800.578342335494	-3.447
GACATC	GACATC	4	1.45	0.0004259850905218317	0.00015453310074379784	0.0596517409062344	190.70661567723138	-2.28
GACATT	GACATT	7	2.66	0.0007454739084132055	0.0002836786206511146	0.01928715168369229	61.66102393276425	-1.79
GACCAC	GACCAC	3	1.21	0.0003194888178913738	0.00012847557154288755	0.12190062367942035	389.7162939031069	-2.591
GACCAG	GACCAG	1	0.79	0.00010649627263045793	8.400325831650339e-05	0.5456059907777294	1744.302352516401	-3.242
GACCAT	GACCAT	2	1.50	0.00021299254526091586	0.00015977090307256527	0.4422578616083017	1413.8983835617405	-3.15
GACCCA	GACCCA	2	0.91	0.00021299254526091586	9.686650235376448e-05	0.2310235928391384	738.5824263067254	-2.868
GACCGG	GACCGG	1	0.33	0.00010649627263045793	3.502287275135505e-05	0.28025966304339	895.9901427497178	-2.952
GACCGT	GACCGT	1	0.73	0.00010649627263045793	7.807182050822907e-05	0.519579921644804	1661.0970094984386	-3.22
GACCTA	GACCTA	1	0.88	0.00010649627263045793	9.384418421903524e-05	0.5857132407824226	1872.525230781405	-3.272
GACCTC	GACCTC	1	0.86	0.00010649627263045793	9.11042080374576e-05	0.5749160131534689	1838.00649405164	-3.264
GACCTT	GACCTT	1	1.17	0.00010649627263045793	0.00012466891626178404	0.6898319785627616	2205.392835465149	-3.343
GACGAG	GACGAG	2	0.48	0.00021299254526091586	5.0756461988794354e-05	0.08319353206340817	265.9697220067159	-2.425
GACGCC	GACGCC	1	0.57	0.00010649627263045793	6.0682013618313894e-05	0.43436376846971436	1388.660967797677	-3.143
GACGCG	GACGCG	1	0.51	0.00010649627263045793	5.4246042476977565e-05	0.3991261933911287	1276.0064402714384	-3.106
GACGGA	GACGGA	1	0.60	0.00010649627263045793	6.362786247870073e-05	0.4497957074237271	1437.9968766336556	-3.158
GACGGG	GACGGG	1	0.41	0.00010649627263045793	4.369624290705956e-05	0.33655393749612666	1075.962938175117	-3.032
GACGTA	GACGTA	1	1.27	0.00010649627263045793	0.0001350950915309701	0.718758882863181	2297.8721485135898	-3.361
GACTAA	GACTAA	4	1.62	0.0004259850905218317	0.0001729034862310114	0.08209458800436568	262.4563978499571	-2.419
GACTAC	GACTAC	2	1.08	0.00021299254526091586	0.00011526899082067424	0.29451259395171403	941.5567628636297	-2.974
GACTAT	GACTAT	1	2.25	0.00010649627263045793	0.00023929258853912127	0.8942796000748932	2859.0118814394336	-3.456
GACTCA	GACTCA	6	1.99	0.0006389776357827476	0.00021217089569423755	0.016286776663381394	52.068824992830315	-1.717
GACTCC	GACTCC	1	1.02	0.00010649627263045793	0.00010816555466765049	0.6378419493118291	2039.1807119499178	-3.309
GACTCT	GACTCT	1	1.83	0.00010649627263045793	0.00019448998771971776	0.8389855207301209	2682.2367097741967	-3.428
GACTGA	GACTGA	1	1.15	0.00010649627263045793	0.00012234944095299688	0.683002455296171	2183.558849581859	-3.339
GACTGC	GACTGC	1	0.84	0.00010649627263045793	8.977588849148468e-05	0.5695807705037691	1820.9497233005497	-3.26
GACTGG	GACTGG	2	0.72	0.00021299254526091586	7.626978137329677e-05	0.1614459934617279	516.142841097144	-2.713
GACTGT	GACTGT	3	1.17	0.0003194888178913738	0.00012473287162091237	0.11433696821300955	365.53528737699156	-2.563
GACTTA	GACTTA	3	1.68	0.0003194888178913738	0.000178578452549397	0.23667899300222114	756.662740628101	-2.879
GACTTC	GACTTC	1	1.52	0.00010649627263045793	0.0001622734634035825	0.7821062720148197	2500.3937516313786	-3.398
GACTTT	GACTTT	3	3.39	0.0003194888178913738	0.0003610390453716069	0.6583575036452878	2104.7689391539852	-3.323
GAGAAA	GAGAAA	4	3.87	0.0004259850905218317	0.00041264997589219205	0.5416922213946055	1731.7900317985539	-3.238
GAGAAC	GAGAAC	3	1.50	0.0003194888178913738	0.00016013282646562668	0.19206925994308496	614.0454240380426	-2.788
GAGAAG	GAGAAG	4	2.00	0.0004259850905218317	0.0002135104352875022	0.14375511629692922	459.58510680128273	-2.662
GAGAAT	GAGAAT	2	2.41	0.00021299254526091586	0.0002566231193359401	0.6936629745175682	2217.6405295326654	-3.346
GAGACA	GAGACA	1	1.67	0.00010649627263045793	0.00017818335127697802	0.81234341620109	2597.0619015948846	-3.414
GAGACC	GAGACC	1	0.69	0.00010649627263045793	7.361565686560597e-05	0.4990510192775071	1595.4661086301903	-3.203
GAGACT	GAGACT	1	1.26	0.00010649627263045793	0.0001346831904018472	0.7176690057533953	2294.387811393605	-3.361
GAGAGC	GAGAGC	1	0.85	0.00010649627263045793	9.020372347392342e-05	0.5713064553339752	1826.4667377027185	-3.262
GAGAGT	GAGAGT	2	1.41	0.00021299254526091586	0.00014975569625282447	0.41030791002367833	1311.7543883456997	-3.118
GAGATA	GAGATA	4	2.53	0.0004259850905218317	0.00026964648123456745	0.24928145710333782	796.952818359371	-2.901
GAGATT	GAGATT	1	1.86	0.00010649627263045793	0.00019856488732746078	0.8450300872204951	2701.561188843923	-3.432
GAGCAA	GAGCAA	3	1.54	0.0003194888178913738	0.00016373540501518228	0.20061736187253532	641.3737059064954	-2.807
GAGCAC	GAGCAC	1	1.21	0.00010649627263045793	0.00012900365243620414	0.7022033167718318	2244.9440037195463	-3.351
GAGCAT	GAGCAT	2	1.51	0.00021299254526091586	0.0001604276190552795	0.4443194836646849	1420.4893892759976	-3.152
GAGCCC	GAGCCC	1	0.55	0.00010649627263045793	5.8358795149711346e-05	0.4218888261220537	1348.7785771122058	-3.13
GAGCCG	GAGCCG	1	0.46	0.00010649627263045793	4.914424854712538e-05	0.3696401888742598	1181.7396838310085	-3.073
GAGCGA	GAGCGA	2	0.59	0.00021299254526091586	6.293952206194446e-05	0.1189474751457432	380.275078040941	-2.58
GAGCTA	GAGCTA	1	1.23	0.00010649627263045793	0.00013092579675993496	0.7075300145951131	2261.9734566605766	-3.354
GAGCTT	GAGCTT	2	1.63	0.00021299254526091586	0.00017393062051319826	0.48572927604949645	1552.8764955302402	-3.191
GAGGAG	GAGGAG	1	0.69	0.00010649627263045793	7.37594315698539e-05	0.49972686636566654	1597.6267917710359	-3.203
GAGGAT	GAGGAT	2	1.03	0.00021299254526091586	0.00010927323195533925	0.2738327394814781	875.4432681222855	-2.942
GAGGCC	GAGGCC	1	0.54	0.00010649627263045793	5.70233845885868e-05	0.4145939566284808	1325.4568793412532	-3.122
GAGGCT	GAGGCT	4	0.86	0.0004259850905218317	9.158301161197285e-05	0.011572465240323657	36.997171373314735	-1.568
GAGGGA	GAGGGA	1	0.77	0.00010649627263045793	8.202018954873022e-05	0.5370654427241337	1716.9982203890554	-3.235
GAGGGC	GAGGGC	1	0.54	0.00010649627263045793	5.731531317863084e-05	0.41619647978351876	1330.5801458679096	-3.124
GAGGGG	GAGGGG	1	0.53	0.00010649627263045793	5.6327118123826805e-05	0.41075406699938594	1313.1807521970368	-3.118
GAGGTA	GAGGTA	3	1.22	0.0003194888178913738	0.0001302024672994715	0.12545071718169135	401.06594282986725	-2.603
GAGGTC	GAGGTC	2	0.90	0.00021299254526091586	9.560321025485672e-05	0.22668132998392873	724.7002119586201	-2.86
GAGGTT	GAGGTT	1	1.44	0.00010649627263045793	0.0001538756431721026	0.7642285297219307	2443.238609521012	-3.388
GAGTAA	GAGTAA	4	1.93	0.0004259850905218317	0.0002052166493132338	0.1299473796109219	415.4417726161173	-2.619
GAGTAC	GAGTAC	1	1.28	0.00010649627263045793	0.00013681109954215582	0.7232542943815188	2312.2439791377155	-3.364
GAGTAG	GAGTAG	1	1.13	0.00010649627263045793	0.00012035913187569402	0.677022380719294	2164.440551159583	-3.335
GAGTAT	GAGTAT	3	2.67	0.0003194888178913738	0.000284012915505235	0.4982280929495446	1592.8352131596941	-3.202
GAGTCA	GAGTCA	5	1.79	0.0005324813631522897	0.00019046572753936633	0.03557911786246094	113.74643980628764	-2.056
GAGTCC	GAGTCC	1	0.91	0.00010649627263045793	9.710017482399075e-05	0.5981878714823322	1912.406625129016	-3.282
GAGTCG	GAGTCG	1	0.81	0.00010649627263045793	8.589630849814565e-05	0.5536118155527983	1769.896974322296	-3.248
GAGTGA	GAGTGA	2	1.64	0.00021299254526091586	0.00017467521858666502	0.48795640755801745	1559.9966349629817	-3.193
GAGTGC	GAGTGC	1	1.20	0.00010649627263045793	0.00012817077727463088	0.6998652080124553	2237.46907001582	-3.35
GAGTGG	GAGTGG	2	1.02	0.00021299254526091586	0.00010888844795012895	0.27250393210190565	871.1950709297923	-2.94
GAGTGT	GAGTGT	1	1.67	0.00010649627263045793	0.00017807798258510666	0.8121576546398653	2596.4680218836493	-3.414
GAGTTA	GAGTTA	1	1.77	0.00010649627263045793	0.0001885548657271537	0.8297572959457984	2652.7340751387173	-3.424
GAGTTC	GAGTTC	1	1.61	0.00010649627263045793	0.00017133898668250056	0.7998870025938998	2557.2387472926976	-3.408
GAGTTT	GAGTTT	2	3.58	0.00021299254526091586	0.00038120875027446285	0.8722844034378032	2788.693237790657	-3.445
GATAAA	GATAAA	3	5.09	0.0003194888178913738	0.0005418713336160644	0.8825804443380684	2821.6096805488046	-3.45
GATAAC	GATAAC	1	1.97	0.00010649627263045793	0.00021027842797041293	0.8611712942653453	2753.164627766309	-3.44
GATAAG	GATAAG	3	2.63	0.0003194888178913738	0.0002803712372938839	0.4897447538019264	1565.7139779047586	-3.195
GATAAT	GATAAT	4	3.16	0.0004259850905218317	0.000336984660208995	0.3895213781761513	1245.2998460291556	-3.095
GATACA	GATACA	3	3.33	0.0003194888178913738	0.0003548719043625703	0.6470085337124449	2068.4862822786863	-3.316
GATACC	GATACC	1	1.38	0.00010649627263045793	0.00014661374452538118	0.7475906390116449	2390.047272920229	-3.378
GATACG	GATACG	1	1.35	0.00010649627263045793	0.0001432816139679862	0.739568225749234	2364.399617720301	-3.374
GATAGA	GATAGA	4	2.33	0.0004259850905218317	0.0002485411273354108	0.20755973459458993	663.568471498904	-2.822
GATAGC	GATAGC	1	1.47	0.00010649627263045793	0.00015609595192406903	0.7690931712497981	2458.7908684856047	-3.391
GATAGG	GATAGG	1	1.31	0.00010649627263045793	0.00013942551045645002	0.7299654980603951	2333.6996972990833	-3.368
GATAGT	GATAGT	6	2.43	0.0006389776357827476	0.0002591495900875321	0.037720459857301235	120.59231016379205	-2.081
GATATA	GATATA	9	6.98	0.0009584664536741214	0.000743232597578708	0.26816897450255317	857.3362114846625	-2.933
GATATC	GATATC	4	2.80	0.0004259850905218317	0.00029814488155019804	0.3079692230273247	984.5776060183571	-2.993
GATATG	GATATG	3	2.88	0.0003194888178913738	0.0003066633067373465	0.5492945594746045	1756.0947066403105	-3.245
GATATT	GATATT	9	5.14	0.0009584664536741214	0.000547308818274292	0.07756284341926488	247.9684104113898	-2.394
GATCAA	GATCAA	2	1.99	0.00021299254526091586	0.0002115286801166156	0.5902608103895535	1887.0638108154023	-3.276
GATCAC	GATCAC	1	1.56	0.00010649627263045793	0.00016665896009187886	0.7908968556801059	2528.4972476092985	-3.403
GATCAT	GATCAT	2	1.95	0.00021299254526091586	0.00020725537344759294	0.5792162375087325	1851.754311315418	-3.268
GATCCA	GATCCA	1	1.31	0.00010649627263045793	0.00013935794359794005	0.7297941195541247	2333.1518002145367	-3.368
GATCCT	GATCCT	1	0.91	0.00010649627263045793	9.665147701147448e-05	0.5964913560761891	1906.9828653755765	-3.28
GATCGC	GATCGC	1	0.69	0.00010649627263045793	7.388079303069626e-05	0.5002966449660893	1599.4483739565874	-3.204
GATCGG	GATCGG	2	0.50	0.00021299254526091586	5.2929523365274934e-05	0.08929806990412266	285.48592948348016	-2.456
GATCTA	GATCTA	1	1.51	0.00010649627263045793	0.00016089781471559914	0.779273407239339	2491.337082944167	-3.396
GATCTC	GATCTC	1	1.47	0.00010649627263045793	0.00015620006830054504	0.7693188076367257	2459.512228014612	-3.391
GATCTG	GATCTG	1	0.99	0.00010649627263045793	0.00010569929433871477	0.6293571593918449	2012.0548385757281	-3.304
GATCTT	GATCTT	1	2.01	0.00010649627263045793	0.00021374746188495652	0.8656206713083424	2767.389286172771	-3.442
GATGAA	GATGAA	3	2.25	0.0003194888178913738	0.00023925861825666494	0.3897637256729453	1246.074630976406	-3.096
GATGAC	GATGAC	3	0.99	0.0003194888178913738	0.00010516862340952301	0.07802264220329315	249.4383871239282	-2.397
GATGAG	GATGAG	1	1.00	0.00010649627263045793	0.00010648323120214207	0.6320755059171872	2020.7453924172476	-3.306
GATGAT	GATGAT	2	1.48	0.00021299254526091586	0.00015775293511428455	0.4358964357966666	1393.5609052419431	-3.144
GATGCA	GATGCA	4	1.35	0.0004259850905218317	0.00014406988919571723	0.04854788742954375	155.20759611225137	-2.191
GATGCC	GATGCC	1	0.81	0.00010649627263045793	8.644193351743029e-05	0.5558930005045432	1777.1899226130245	-3.25
GATGCG	GATGCG	1	0.73	0.00010649627263045793	7.727384965952101e-05	0.5159666396524496	1649.5453469688814	-3.217
GATGCT	GATGCT	3	1.30	0.0003194888178913738	0.00013883098413405474	0.1437226478708157	459.4813052429978	-2.662
GATGGA	GATGGA	1	1.01	0.00010649627263045793	0.0001074826034928743	0.6355119988744724	2031.7318604016882	-3.308
GATGGG	GATGGG	1	0.69	0.00010649627263045793	7.381335420594986e-05	0.4999801073212536	1598.4364031060477	-3.204
GATGGT	GATGGT	3	1.16	0.0003194888178913738	0.00012302225700991636	0.11094131006835212	354.67936828852174	-2.55
GATGTA	GATGTA	3	1.57	0.0003194888178913738	0.00016742345224966514	0.2094587968921416	669.6397736641767	-2.826
GATGTT	GATGTT	1	1.86	0.00010649627263045793	0.0001978640799314224	0.8440069323024264	2698.2901625708573	-3.431
GATTAC	GATTAC	3	1.35	0.0003194888178913738	0.00014371292648631743	0.15442618526802954	493.70051430189045	-2.693
GATTAT	GATTAT	2	2.80	0.00021299254526091586	0.00029834075878172237	0.7691633857129545	2459.0153441243156	-3.391
GATTCA	GATTCA	1	2.32	0.00010649627263045793	0.00024760335688327277	0.9022161179887195	2884.384929209936	-3.46
GATTCT	GATTCT	1	2.13	0.00010649627263045793	0.00022696974380966673	0.8813106726688081	2817.5502205221796	-3.45
GATTGA	GATTGA	3	1.63	0.0003194888178913738	0.00017364568674142587	0.22456131594371478	717.9225270720561	-2.856
GATTGC	GATTGC	1	1.20	0.00010649627263045793	0.00012741534157000722	0.6977286204531121	2230.6383995885994	-3.348
GATTGG	GATTGG	1	1.02	0.00010649627263045793	0.00010824666186478495	0.6381176626405572	2040.0621674618615	-3.31
GATTGT	GATTGT	2	1.66	0.00021299254526091586	0.0001770283949247003	0.49495486827409085	1582.3707138722684	-3.199
GATTTA	GATTTA	5	3.18	0.0005324813631522897	0.00033883377443126556	0.21612689031801202	690.9576683466844	-2.839
GATTTC	GATTTC	2	2.89	0.00021299254526091586	0.00030789677763536744	0.7839932901256754	2506.426548531784	-3.399
GATTTG	GATTTG	2	2.38	0.00021299254526091586	0.0002533887356616421	0.6870292848409544	2196.432623636531	-3.342
GATTTT	GATTTT	3	6.43	0.0003194888178913738	0.000685033500480602	0.9547682635929235	3052.3941387065765	-3.485
GCAAAA	GCAAAA	11	5.21	0.0011714589989350373	0.0005552841711248076	0.018011206829356554	57.5818282334529	-1.76
GCAAAC	GCAAAC	2	2.02	0.00021299254526091586	0.00021548340969022376	0.6002879066208238	1919.1204374667736	-3.283
GCAAAG	GCAAAG	3	2.70	0.0003194888178913738	0.0002873112129202983	0.5058492505367987	1617.2000539661456	-3.209
GCAAAT	GCAAAT	4	3.24	0.0004259850905218317	0.0003453259770676662	0.40695269468836515	1301.0277649187033	-3.114
GCAACA	GCAACA	2	1.99	0.00021299254526091586	0.00021168034700694483	0.5906487984472156	1888.3042086357484	-3.276
GCAACC	GCAACC	2	0.82	0.00021299254526091586	8.745479125169555e-05	0.19884800743639316	635.7170797741489	-2.803
GCAACT	GCAACT	3	1.50	0.0003194888178913738	0.0001600025158127611	0.19176179617933295	613.0624623853274	-2.788
GCAAGC	GCAAGC	2	1.33	0.00021299254526091586	0.0001411177312009921	0.38204175234951293	1221.3874822613927	-3.087
GCAAGG	GCAAGG	1	1.18	0.00010649627263045793	0.00012604690553875012	0.6938194881678541	2218.1409036726295	-3.346
GCAAGT	GCAAGT	1	2.20	0.00010649627263045793	0.00023428283529485096	0.8891875142140226	2842.7324829422305	-3.454
GCAATA	GCAATA	2	3.21	0.00021299254526091586	0.0003422412271579221	0.8305702724725319	2655.3331610946843	-3.424
GCAATC	GCAATC	1	1.29	0.00010649627263045793	0.00013728874441865067	0.7244927431523172	2316.203299857958	-3.365
GCAATG	GCAATG	3	1.33	0.0003194888178913738	0.00014121127997346927	0.1489102562286778	476.0660891630829	-2.678
GCAATT	GCAATT	1	2.37	0.00010649627263045793	0.00025202290939709443	0.9061910600840126	2897.0928190885884	-3.462
GCACAC	GCACAC	4	2.45	0.0004259850905218317	0.00026068755461703736	0.2313377884124612	739.5869095546384	-2.869
GCACAT	GCACAT	6	3.04	0.0006389776357827476	0.0003241883692032387	0.08843222963979465	282.7178381584235	-2.451
GCACCC	GCACCC	2	0.76	0.00021299254526091586	8.120381386833713e-05	0.17779735994410897	568.4181597413163	-2.755
GCACCT	GCACCT	2	1.15	0.00021299254526091586	0.00012251803495924552	0.3193927426920341	1021.0985983864331	-3.009
GCACGC	GCACGC	3	0.97	0.0003194888178913738	0.00010346283321922534	0.0751373807270881	240.21420618450065	-2.381
GCACGG	GCACGG	1	0.70	0.00010649627263045793	7.412262678392262e-05	0.5014300933953335	1603.0720085848811	-3.205
GCACGT	GCACGT	5	1.55	0.0005324813631522897	0.00016523168887249407	0.021106241722204596	67.47665478588809	-1.829
GCACTA	GCACTA	2	1.95	0.00021299254526091586	0.0002075279565117023	0.5799272429358485	1854.0273956659078	-3.268
GCACTC	GCACTC	3	1.89	0.0003194888178913738	0.00020146874610260152	0.29406408609969553	940.1228832607267	-2.973
GCACTT	GCACTT	6	2.59	0.0006389776357827476	0.00027569407361408623	0.04821539065676327	154.14460392967217	-2.188
GCAGAC	GCAGAC	1	0.92	0.00010649627263045793	9.769280047863025e-05	0.6004176476592242	1919.5352195665398	-3.283
GCAGAT	GCAGAT	1	1.38	0.00010649627263045793	0.00014653920071794555	0.7474138991032904	2389.482235433219	-3.378
GCAGCC	GCAGCC	1	0.65	0.00010649627263045793	6.872844161131102e-05	0.4755263374127512	1520.2577007085656	-3.182
GCAGCT	GCAGCT	2	1.04	0.00021299254526091586	0.00011038204258786317	0.27766114993641217	887.6826963467097	-2.948
GCAGGA	GCAGGA	1	0.84	0.00010649627263045793	8.984791734022056e-05	0.5698717865069927	1821.8801014628555	-3.261
GCAGTA	GCAGTA	3	1.49	0.0003194888178913738	0.0001590618369187368	0.18954601214834113	605.9786008382466	-2.782
GCAGTC	GCAGTC	2	1.10	0.00021299254526091586	0.00011679365647879279	0.2997594516998654	958.3309670844696	-2.982
GCAGTT	GCAGTT	3	1.77	0.0003194888178913738	0.00018798217090396159	0.26006654293516385	831.4327377637188	-2.92
GCATAA	GCATAA	1	3.52	0.00010649627263045793	0.0003746827021149597	0.9703493304753106	3102.206809529568	-3.492
GCATAG	GCATAG	1	2.06	0.00010649627263045793	0.00021975061432058808	0.8729860388779231	2790.9363662927203	-3.446
GCATAT	GCATAT	4	4.87	0.0004259850905218317	0.0005185482122097333	0.7161262188748334	2289.4555217428424	-3.36
GCATCC	GCATCC	1	0.91	0.00010649627263045793	9.685463530394047e-05	0.5972603781614553	1909.4414289821725	-3.281
GCATCT	GCATCT	5	1.64	0.0005324813631522897	0.00017415208463304686	0.02567951281450173	82.09740246796204	-1.914
GCATGA	GCATGA	1	1.56	0.00010649627263045793	0.00016652406572242276	0.790631825666738	2527.649946656561	-3.403
GCATGT	GCATGT	3	1.59	0.0003194888178913738	0.00016976804102870384	0.21512357104039828	687.7500566161533	-2.837
GCATTA	GCATTA	2	2.01	0.00021299254526091586	0.00021450915122930278	0.5978350278482807	1911.2785840309534	-3.281
GCATTC	GCATTC	3	1.83	0.0003194888178913738	0.00019492353307358384	0.2775142761382135	887.2131408138686	-2.948
GCATTG	GCATTG	1	1.51	0.00010649627263045793	0.00016041553918017426	0.7782715652718233	2488.134194174019	-3.396
GCCAAA	GCCAAA	1	3.11	0.00010649627263045793	0.00033147084110394604	0.9555109059763205	3054.7683664062965	-3.485
GCCAAC	GCCAAC	2	1.21	0.00021299254526091586	0.0001286304756522775	0.3402045584169066	1087.6339732588503	-3.036
GCCAAG	GCCAAG	3	1.61	0.0003194888178913738	0.0001715073008697033	0.21934649146449262	701.250733211983	-2.846
GCCAAT	GCCAAT	2	1.94	0.00021299254526091586	0.0002061385827760857	0.5762939593879952	1842.4117881634206	-3.265
GCCACA	GCCACA	11	2.41	0.0011714589989350373	0.0002565496569247037	4.448363626524459e-05	0.14221418513998693	0.847
GCCACC	GCCACC	1	1.00	0.00010649627263045793	0.00010599234652288233	0.6303756775369257	2015.3110410855516	-3.304
GCCACG	GCCACG	1	0.97	0.00010649627263045793	0.0001035834295564532	0.6219195984756343	1988.2769563266027	-3.298
GCCACT	GCCACT	1	1.82	0.00010649627263045793	0.00019391781579754597	0.8381181110702621	2679.463601091628	-3.428
GCCAGA	GCCAGA	2	1.25	0.00021299254526091586	0.00013354140621616977	0.3567796249026356	1140.624460813726	-3.057
GCCAGC	GCCAGC	1	0.79	0.00010649627263045793	8.387051731869203e-05	0.5450392637098497	1742.4905260803894	-3.241
GCCAGG	GCCAGG	1	0.70	0.00010649627263045793	7.491347177980251e-05	0.5051187776285434	1614.8647320784532	-3.208
GCCATA	GCCATA	2	3.02	0.00021299254526091586	0.0003218732944638444	0.8041710927680146	2570.9349835793428	-3.41
GCCATC	GCCATC	2	1.21	0.00021299254526091586	0.0001291182270055536	0.34185706448041925	1092.9170351439004	-3.039
GCCATG	GCCATG	1	1.25	0.00010649627263045793	0.00013280731920571227	0.7126518486066166	2278.347959995353	-3.358
GCCATT	GCCATT	4	2.23	0.0004259850905218317	0.00023702417386019478	0.18571600030739044	593.7340529827272	-2.774
GCCCAA	GCCCAA	1	1.42	0.00010649627263045793	0.00015159235054893567	0.7591189827244796	2426.9033877701613	-3.385
GCCCAT	GCCCAT	1	1.39	0.00010649627263045793	0.00014852987882067425	0.752091502384057	2404.43653312183	-3.381
GCCCGA	GCCCGA	1	0.39	0.00010649627263045793	4.2055069507813936e-05	0.326250637312923	1043.0232874894148	-3.018
GCCCGC	GCCCGC	1	0.43	0.00010649627263045793	4.544660737134732e-05	0.34736916287340075	1110.5392137062622	-3.046
GCCCGG	GCCCGG	1	0.31	0.00010649627263045793	3.2558763489920465e-05	0.2634121642586749	842.1286891349837	-2.925
GCCCGT	GCCCGT	1	0.68	0.00010649627263045793	7.257891027961447e-05	0.49415044069397196	1579.7989588986284	-3.199
GCCCTC	GCCCTC	2	0.80	0.00021299254526091586	8.469437625767942e-05	0.1895122782385258	605.870753528567	-2.782
GCCGAG	GCCGAG	2	0.38	0.00021299254526091586	4.0659129949296066e-05	0.0567368953965814	181.38785458287074	-2.259
GCCGGG	GCCGGG	1	0.33	0.00010649627263045793	3.50034488031568e-05	0.2801283770022568	895.5704212762149	-2.952
GCCGGT	GCCGGT	2	0.55	0.00021299254526091586	5.833908133859475e-05	0.10503157311435307	335.7859392465868	-2.526
GCCGTA	GCCGTA	2	1.02	0.00021299254526091586	0.00010821969591344682	0.27019423252301283	863.810961376072	-2.936
GCCGTC	GCCGTC	1	0.75	0.00010649627263045793	7.946201448190154e-05	0.5258105321657854	1681.016271334016	-3.226
GCCGTG	GCCGTG	1	0.80	0.00010649627263045793	8.551626320433215e-05	0.5520159775999226	1764.7950803869526	-3.247
GCCGTT	GCCGTT	2	1.20	0.00021299254526091586	0.0001278960042613462	0.3377137118116472	1079.6707366618361	-3.033
GCCTAA	GCCTAA	1	1.24	0.00010649627263045793	0.00013255627105892656	0.7119736716790083	2276.1798283577896	-3.357
GCCTCA	GCCTCA	1	1.53	0.00010649627263045793	0.00016266058813229543	0.7828968998906792	2502.9213889505013	-3.398
GCCTCT	GCCTCT	1	1.40	0.00010649627263045793	0.0001491055391212708	0.7534279441388786	2408.709137411995	-3.382
GCCTGC	GCCTGC	1	0.65	0.00010649627263045793	6.882658799333575e-05	0.4760094668109589	1521.8022653946357	-3.182
GCCTGT	GCCTGT	1	0.90	0.00010649627263045793	9.56263213712718e-05	0.5925883410583023	1894.5049263633923	-3.277
GCCTTA	GCCTTA	2	1.29	0.00021299254526091586	0.00013690697786043743	0.3680512455692062	1176.6598320847522	-3.071
GCCTTC	GCCTTC	2	1.17	0.00021299254526091586	0.0001244067755340497	0.32584261776033513	1041.7188489797913	-3.018
GCCTTG	GCCTTG	2	0.96	0.00021299254526091586	0.0001023826095304141	0.2500345322120986	799.3603994820792	-2.903
GCCTTT	GCCTTT	1	2.60	0.00010649627263045793	0.0002767901943700147	0.9256565662320309	2959.3240422438025	-3.471
GCGAAA	GCGAAA	2	1.99	0.00021299254526091586	0.00021205776891962302	0.5916131124557815	1891.3871205211335	-3.277
GCGAAC	GCGAAC	1	0.77	0.00010649627263045793	8.229107450612232e-05	0.5382414712646906	1720.7579836332159	-3.236
GCGAAT	GCGAAT	1	1.24	0.00010649627263045793	0.00013187672196493972	0.7101299092363077	2270.2853198284756	-3.356
GCGACA	GCGACA	1	0.86	0.00010649627263045793	9.156710562922489e-05	0.5767596770306156	1843.900687466878	-3.266
GCGACT	GCGACT	3	0.65	0.0003194888178913738	6.921269486528265e-05	0.02833206533201692	90.5776128664581	-1.957
GCGAGA	GCGAGA	1	0.69	0.00010649627263045793	7.380800251194591e-05	0.4999549794868885	1598.3560694195826	-3.204
GCGAGT	GCGAGT	1	0.72	0.00010649627263045793	7.695834408257762e-05	0.5145305174177283	1644.9540641844771	-3.216
GCGATA	GCGATA	3	1.30	0.0003194888178913738	0.0001385693312691923	0.14315611729821767	457.6701070024019	-2.661
GCGATG	GCGATG	1	0.54	0.00010649627263045793	5.717473840333433e-05	0.4154253519752077	1328.114850264739	-3.123
GCGATT	GCGATT	1	0.96	0.00010649627263045793	0.00010204102617817307	0.61640395099835	1970.6434313417249	-3.295
GCGCAC	GCGCAC	2	1.07	0.00021299254526091586	0.00011406807350624	0.29037578552911164	928.33138633657	-2.968
GCGCAT	GCGCAT	3	1.33	0.0003194888178913738	0.00014185388628340102	0.15032100803957651	480.5762627025261	-2.682
GCGCCA	GCGCCA	4	1.05	0.0004259850905218317	0.00011225746916487112	0.02248602530391468	71.88782289661523	-1.857
GCGCCC	GCGCCC	1	0.48	0.00010649627263045793	5.160222372901329e-05	0.38402252385416064	1227.7200087617516	-3.089
GCGCCT	GCGCCT	2	0.73	0.00021299254526091586	7.785598667886225e-05	0.16667313642042292	532.8540171360921	-2.727
GCGCGA	GCGCGA	1	0.52	0.00010649627263045793	5.565261055348724e-05	0.4070101598488751	1301.2114810368537	-3.114
GCGCGC	GCGCGC	1	0.56	0.00010649627263045793	6.0140724307800725e-05	0.4314814867568363	1379.4463131616055	-3.14
GCGCGG	GCGCGG	2	0.40	0.00021299254526091586	4.308589204140947e-05	0.06278322524170242	200.71797109772263	-2.303
GCGCGT	GCGCGT	1	0.90	0.00010649627263045793	9.604563434230853e-05	0.594189309011041	1899.623220908298	-3.279
GCGCTG	GCGCTG	1	0.71	0.00010649627263045793	7.60517598435599e-05	0.5103801596091824	1631.685370270556	-3.213
GCGCTT	GCGCTT	1	1.44	0.00010649627263045793	0.00015379355879475447	0.7640467335500054	2442.6574071593673	-3.388
GCGGAA	GCGGAA	3	1.10	0.0003194888178913738	0.00011753896511576633	0.10032813500542594	320.7490476123467	-2.506
GCGGAG	GCGGAG	2	0.49	0.00021299254526091586	5.231129766141253e-05	0.08754804892011597	279.89111239761075	-2.447
GCGGGA	GCGGGA	1	0.55	0.00010649627263045793	5.81699514002585e-05	0.4208627852001324	1345.4983242848234	-3.129
GCGGGC	GCGGGC	1	0.38	0.00010649627263045793	4.064888170138552e-05	0.3172953880852045	1014.3933557083989	-3.006
GCGGGT	GCGGGT	2	0.63	0.00021299254526091586	6.658006485571756e-05	0.13026267693923266	416.4497781747268	-2.62
GCGGTC	GCGGTC	1	0.64	0.00010649627263045793	6.780323387243143e-05	0.4709500171571783	1505.627204851499	-3.178
GCGTAA	GCGTAA	2	1.64	0.00021299254526091586	0.00017455198098542123	0.48758821600247304	1558.8195265599063	-3.193
GCGTAT	GCGTAT	1	2.27	0.00010649627263045793	0.00024157404963383192	0.8965203522864404	2866.17556625975	-3.457
GCGTCA	GCGTCA	3	1.52	0.0003194888178913738	0.0001620052279534122	0.1965006703286174	628.2126430405898	-2.798
GCGTCC	GCGTCC	1	0.78	0.00010649627263045793	8.259090052526894e-05	0.5395396623751156	1724.9083006132446	-3.237
GCGTCG	GCGTCG	1	0.69	0.00010649627263045793	7.306118123389174e-05	0.4964360136532837	1587.105935649548	-3.201
GCGTCT	GCGTCT	2	1.39	0.00021299254526091586	0.00014850479229062787	0.40625317086997415	1298.7913872713073	-3.114
GCGTGA	GCGTGA	2	1.40	0.00021299254526091586	0.00014857422892050736	0.4064786020263407	1299.512090678211	-3.114
GCGTGT	GCGTGT	1	1.42	0.00010649627263045793	0.0001514685320812964	0.7588387582356125	2426.0075100792533	-3.385
GCGTTG	GCGTTG	1	1.13	0.00010649627263045793	0.00011993627173861772	0.6757373980512513	2160.3324615698507	-3.335
GCGTTT	GCGTTT	1	3.04	0.00010649627263045793	0.000324246316037542	0.9523881170737654	3044.784810284828	-3.484
GCTAAA	GCTAAA	1	2.90	0.00010649627263045793	0.0003085365761703405	0.9448202063753799	3020.5901997820897	-3.48
GCTAAT	GCTAAT	3	1.80	0.0003194888178913738	0.00019187598020543547	0.2698383292135516	862.6731384957245	-2.936
GCTACA	GCTACA	2	1.90	0.00021299254526091586	0.00020206081325692396	0.5654977485653675	1807.89630216348	-3.257
GCTACG	GCTACG	1	0.77	0.00010649627263045793	8.15832391553778e-05	0.5351621368838747	1710.9133516177474	-3.233
GCTACT	GCTACT	1	1.43	0.00010649627263045793	0.0001527314128373932	0.7616816672727879	2435.0962902711026	-3.387
GCTAGA	GCTAGA	1	1.33	0.00010649627263045793	0.00014151704234628823	0.7352170983021857	2350.4890632720876	-3.371
GCTAGC	GCTAGC	2	0.83	0.00021299254526091586	8.88796058638273e-05	0.2036879916426753	651.1905092816329	-2.814
GCTAGG	GCTAGG	1	0.75	0.00010649627263045793	7.938760912108856e-05	0.525479116185646	1679.9567344455104	-3.225
GCTAGT	GCTAGT	3	1.39	0.0003194888178913738	0.00014755740390984937	0.16302448449229143	521.1892769218557	-2.717
GCTATA	GCTATA	3	3.97	0.0003194888178913738	0.0004231898362750459	0.7580254946235829	2423.4075063115947	-3.384
GCTATC	GCTATC	1	1.59	0.00010649627263045793	0.00016976096584099258	0.7968997276124803	2547.6884291770994	-3.406
GCTATG	GCTATG	2	1.64	0.00021299254526091586	0.00017461127915073521	0.4877653992672411	1559.3859814573698	-3.193
GCTATT	GCTATT	3	2.93	0.0003194888178913738	0.00031163263015096494	0.5600809985854839	1790.578952477792	-3.253
GCTCAA	GCTCAA	4	2.74	0.0004259850905218317	0.0002914796263544195	0.2940797603236856	940.1729937548229	-2.973
GCTCAC	GCTCAC	1	2.16	0.00010649627263045793	0.00022965061470348188	0.8842611908692669	2826.983027209046	-3.451
GCTCAG	GCTCAG	2	1.41	0.00021299254526091586	0.0001501561711522766	0.41160313723233155	1315.895229731764	-3.119
GCTCAT	GCTCAT	2	2.68	0.00021299254526091586	0.00028559114905433	0.7479999633297071	2391.3558827650736	-3.379
GCTCCC	GCTCCC	2	0.83	0.00021299254526091586	8.827217838742606e-05	0.20162296524904386	644.5886199011932	-2.809
GCTCCG	GCTCCG	1	0.70	0.00010649627263045793	7.43344660104641e-05	0.5024208481479167	1606.2394515288895	-3.206
GCTCCT	GCTCCT	1	1.25	0.00010649627263045793	0.00013318258493541477	0.7136626084005137	2281.579359056442	-3.358
GCTCGA	GCTCGA	1	0.88	0.00010649627263045793	9.420791234211464e-05	0.5871257851311366	1877.0411350642435	-3.273
GCTCGC	GCTCGC	2	0.96	0.00021299254526091586	0.00010180532462776905	0.24804212035609757	792.990658778444	-2.899
GCTCGT	GCTCGT	2	1.53	0.00021299254526091586	0.00016258462291300415	0.45106076880777635	1442.041277878461	-3.159
GCTCTA	GCTCTA	2	2.08	0.00021299254526091586	0.00022171194416137984	0.6157019775083933	1968.3992220943333	-3.294
GCTCTC	GCTCTC	5	2.02	0.0005324813631522897	0.0002152386027260111	0.05457594004185144	174.47928031379905	-2.242
GCTCTT	GCTCTT	2	2.77	0.00021299254526091586	0.0002945370353092783	0.7630173296164889	2439.366402783915	-3.387
GCTGAC	GCTGAC	4	0.90	0.0004259850905218317	9.53414046399753e-05	0.0132256607206284	42.282437323848995	-1.626
GCTGCA	GCTGCA	1	1.23	0.00010649627263045793	0.00013060763901756562	0.7066549536905908	2259.175886948819	-3.354
GCTGCG	GCTGCG	1	0.66	0.00010649627263045793	7.005318820033059e-05	0.4820100493503558	1540.9861277730874	-3.188
GCTGGA	GCTGGA	1	0.91	0.00010649627263045793	9.743916064650359e-05	0.5994648369582471	1916.489083755516	-3.283
GCTGGC	GCTGGC	1	0.64	0.00010649627263045793	6.809001587346031e-05	0.4723727703429582	1510.1757467864375	-3.179
GCTGGT	GCTGGT	2	1.05	0.00021299254526091586	0.00011152675013756434	0.2816120268629499	900.3136498808508	-2.954
GCTGTC	GCTGTC	3	1.05	0.0003194888178913738	0.00011144610920911948	0.08904629464189923	284.68100397015183	-2.454
GCTGTG	GCTGTG	1	1.13	0.00010649627263045793	0.00011993724133933811	0.6757403503031324	2160.3418999191144	-3.335
GCTGTT	GCTGTT	1	1.68	0.00010649627263045793	0.00017937516625086836	0.8144318002930114	2603.7384655367578	-3.416
GCTTAA	GCTTAA	1	2.08	0.00010649627263045793	0.00022143215987577468	0.874975802602457	2797.297640920055	-3.447
GCTTAC	GCTTAC	2	1.39	0.00021299254526091586	0.00014762143991718307	0.40338168695682963	1289.6112532009843	-3.11
GCTTAG	GCTTAG	1	1.22	0.00010649627263045793	0.00012986949461068635	0.7046146649194758	2252.653083747564	-3.353
GCTTAT	GCTTAT	4	2.88	0.0004259850905218317	0.0003064546347647852	0.32537069365680577	1040.210107620808	-3.017
GCTTCA	GCTTCA	2	2.39	0.00021299254526091586	0.00025433734435097513	0.6889870388406154	2202.6915631734473	-3.343
GCTTCC	GCTTCC	4	1.22	0.0004259850905218317	0.0001296621755514775	0.035309400490242865	112.88415336730644	-2.053
GCTTCG	GCTTCG	1	1.08	0.00010649627263045793	0.00011470115529553777	0.6593990931416028	2108.0989007737044	-3.324
GCTTCT	GCTTCT	3	2.19	0.0003194888178913738	0.00023314256565506056	0.3743912326829173	1196.9287708872866	-3.078
GCTTGA	GCTTGA	2	1.67	0.00021299254526091586	0.0001783682716573022	0.4989123647518344	1595.0228301116147	-3.203
GCTTGG	GCTTGG	2	1.04	0.00021299254526091586	0.00011119061090325342	0.2804520460676168	896.605191278171	-2.953
GCTTGT	GCTTGT	2	1.71	0.00021299254526091586	0.00018184297824802895	0.5090818227467234	1627.5345873212748	-3.212
GCTTTA	GCTTTA	4	3.27	0.0004259850905218317	0.0003480489257094047	0.41262241325027826	1319.1538551611395	-3.12
GCTTTC	GCTTTC	3	2.97	0.0003194888178913738	0.00031627054553593734	0.5700054872147128	1822.3075426254368	-3.261
GCTTTT	GCTTTT	9	6.61	0.0009584664536741214	0.0007036641324124919	0.22134323749546791	707.634330273011	-2.85
GGAAAA	GGAAAA	7	5.08	0.0007454739084132055	0.0005406787041688605	0.24915615376822917	796.5522235970286	-2.901
GGAAAC	GGAAAC	2	1.97	0.00021299254526091586	0.0002098156165431398	0.5858594654048015	1872.9927108991503	-3.273
GGAAAG	GGAAAG	2	2.63	0.00021299254526091586	0.000279754155390853	0.7377653508315403	2358.6358266084344	-3.373
GGAAAT	GGAAAT	5	3.16	0.0005324813631522897	0.0003362429752293906	0.21182806723854583	677.214330961631	-2.831
GGAACA	GGAACA	3	1.94	0.0003194888178913738	0.00020611258463552572	0.30584367889667585	977.7822414326727	-2.99
GGAACT	GGAACT	3	1.46	0.0003194888178913738	0.00015579401937239267	0.18190097475306596	581.5374162855519	-2.765
GGAAGA	GGAAGA	1	2.05	0.00010649627263045793	0.00021878229788719367	0.8718258992532111	2787.227399912516	-3.445
GGAAGC	GGAAGC	3	1.29	0.0003194888178913738	0.0001374059553803717	0.14064626470524974	449.6461082626834	-2.653
GGAAGG	GGAAGG	3	1.15	0.0003194888178913738	0.00012273153296110857	0.11036812747388731	352.84690353401777	-2.548
GGAAGT	GGAAGT	2	2.14	0.00021299254526091586	0.00022812056669945202	0.6310801964206068	2017.56338795668	-3.305
GGAATA	GGAATA	3	3.13	0.0003194888178913738	0.0003332393625376999	0.6051070608749723	1934.5272736172865	-3.287
GGAATC	GGAATC	2	1.26	0.00021299254526091586	0.00013367768124721482	0.35723747346323	1142.0882026619463	-3.058
GGAATT	GGAATT	1	2.30	0.00010649627263045793	0.0002453940291466729	0.9001663455614697	2877.8318067600185	-3.459
GGACAA	GGACAA	1	1.69	0.00010649627263045793	0.0001797397161755617	0.8150659372287894	2605.7658013204396	-3.416
GGACAC	GGACAC	1	1.33	0.00010649627263045793	0.00014161310971407882	0.7354558439992376	2351.2523332655624	-3.371
GGACAG	GGACAG	1	0.87	0.00010649627263045793	9.259318712074392e-05	0.5808179753668865	1856.8750672479362	-3.269
GGACAT	GGACAT	4	1.65	0.0004259850905218317	0.00017610861079827748	0.08638145910712851	276.16152476548984	-2.441
GGACCA	GGACCA	1	0.90	0.00010649627263045793	9.596357485654853e-05	0.5938764957191173	1898.6231568140179	-3.278
GGACCG	GGACCG	1	0.35	0.00010649627263045793	3.714719026705103e-05	0.294474325624733	941.4344190222715	-2.974
GGACGG	GGACGG	1	0.38	0.00010649627263045793	4.026558035909143e-05	0.3148337706473653	1006.5235647596268	-3.003
GGACTA	GGACTA	2	1.06	0.00021299254526091586	0.00011273526009864057	0.28578102763019186	913.6419453337234	-2.961
GGACTC	GGACTC	1	1.03	0.00010649627263045793	0.00010944371965780437	0.6421625792045356	2052.9937657169003	-3.312
GGACTT	GGACTT	1	1.41	0.00010649627263045793	0.00014976509005804804	0.7549502911237582	2413.576080722655	-3.383
GGAGAA	GGAGAA	4	1.76	0.0004259850905218317	0.00018695908775258035	0.10167287692846232	325.048187540294	-2.512
GGAGAG	GGAGAG	1	0.78	0.00010649627263045793	8.320706652724735e-05	0.5421961010048005	1733.4009349123473	-3.239
GGAGAT	GGAGAT	2	1.16	0.00021299254526091586	0.0001232697281885145	0.3219615828356606	1029.311180325607	-3.013
GGAGCA	GGAGCA	1	0.90	0.00010649627263045793	9.635801972826628e-05	0.5953779288725977	1903.4232386056947	-3.28
GGAGTC	GGAGTC	2	0.92	0.00021299254526091586	9.824758302042802e-05	0.23577656399767716	753.7776751005739	-2.877
GGAGTT	GGAGTT	3	1.48	0.0003194888178913738	0.00015813182409954595	0.1873618656105357	598.9958843568826	-2.777
GGATAA	GGATAA	3	2.31	0.0003194888178913738	0.0002455053341348091	0.4053648626843449	1295.9514660018506	-3.113
GGATAG	GGATAG	2	1.35	0.00021299254526091586	0.00014398836052632256	0.3915028907270467	1251.6347416543683	-3.097
GGATAT	GGATAT	2	3.19	0.00021299254526091586	0.00033977109534268936	0.8275490307017421	2645.6742511534694	-3.423
GGATGA	GGATGA	2	1.02	0.00021299254526091586	0.00010911244678738005	0.27327750025668224	873.6681683206131	-2.941
GGATGC	GGATGC	3	0.75	0.0003194888178913738	8.006302913619456e-05	0.0407438470683087	130.25807907738292	-2.115
GGATGG	GGATGG	1	0.64	0.00010649627263045793	6.801814864667847e-05	0.4720165897720467	1509.0370375012333	-3.179
GGATTA	GGATTA	1	1.32	0.00010649627263045793	0.00014055396886554486	0.7328117379257661	2342.7991261486745	-3.37
GGATTG	GGATTG	1	0.99	0.00010649627263045793	0.00010510992454292922	0.627300267956736	2005.4789566576849	-3.302
GGATTT	GGATTT	3	2.67	0.0003194888178913738	0.0002841634587933841	0.4985772459188123	1593.951455202443	-3.202
GGCAAA	GGCAAA	3	2.24	0.0003194888178913738	0.00023870227773188803	0.3883690804523372	1241.615950206122	-3.094
GGCAAT	GGCAAT	2	1.39	0.00021299254526091586	0.0001484466901317712	0.4060645059561293	1298.1882255417454	-3.113
GGCACA	GGCACA	2	1.73	0.00021299254526091586	0.0001847492444744401	0.5174828325023341	1654.392615509962	-3.219
GGCACC	GGCACC	2	0.72	0.00021299254526091586	7.632832635563717e-05	0.1616383870273155	516.7579233263277	-2.713
GGCACG	GGCACG	1	0.70	0.00010649627263045793	7.459359166573635e-05	0.5036300809730031	1610.1053688706909	-3.207
GGCAGC	GGCAGC	2	0.57	0.00021299254526091586	6.0397721416000584e-05	0.11120240377675913	355.51408487429893	-2.551
GGCAGT	GGCAGT	2	0.94	0.00021299254526091586	0.00010027194526345738	0.24275248159510607	776.0796836595541	-2.89
GGCATC	GGCATC	1	0.87	0.00010649627263045793	9.298197929049053e-05	0.5823455176548603	1861.7586199425884	-3.27
GGCCAA	GGCCAA	2	1.34	0.00021299254526091586	0.0001424907261680842	0.3865749701545622	1235.8801795841355	-3.092
GGCCAC	GGCCAC	1	1.05	0.00010649627263045793	0.00011226542061727838	0.6515192543770029	2082.907056243278	-3.319
GGCCAG	GGCCAG	1	0.69	0.00010649627263045793	7.340431348052824e-05	0.49805589172278975	1592.2846858377588	-3.202
GGCCCA	GGCCCA	1	0.79	0.00010649627263045793	8.464456316382097e-05	0.5483340622196898	1753.0239969163483	-3.244
GGCCCG	GGCCCG	1	0.31	0.00010649627263045793	3.276563735373714e-05	0.26484163085267487	846.6986938360016	-2.928
GGCCGA	GGCCGA	1	0.37	0.00010649627263045793	3.953007768214029e-05	0.3100853808677144	991.342962634083	-2.996
GGCCGG	GGCCGG	2	0.29	0.00021299254526091586	3.060393110875377e-05	0.034171335307161405	109.245758976995	-2.038
GGCCGT	GGCCGT	2	0.64	0.00021299254526091586	6.822126309659689e-05	0.13544214922518502	433.00855107291653	-2.636
GGCCTT	GGCCTT	4	1.02	0.0004259850905218317	0.00010893906253110003	0.020426927548827904	65.30488737360281	-1.815
GGCGAT	GGCGAT	1	0.56	0.00010649627263045793	6.010426841764655e-05	0.4312868377254024	1378.8240202081115	-3.14
GGCGCC	GGCGCC	2	0.46	0.00021299254526091586	4.8504019526113746e-05	0.07700893721280004	246.19757226932174	-2.391
GGCGGG	GGCGGG	1	0.33	0.00010649627263045793	3.492704498095587e-05	0.27961173283653595	893.9187098784055	-2.951
GGCGTC	GGCGTC	2	0.74	0.00021299254526091586	7.928856866916607e-05	0.1714187752760649	548.0258245575794	-2.739
GGCGTG	GGCGTG	2	0.80	0.00021299254526091586	8.53296024725311e-05	0.19165545392314112	612.7224861922822	-2.787
GGCTAG	GGCTAG	1	0.73	0.00010649627263045793	7.778831774774528e-05	0.5182992959011805	1657.0028489960741	-3.219
GGCTAT	GGCTAT	1	1.72	0.00010649627263045793	0.00018355804475726935	0.8215791226664264	2626.5884551645654	-3.419
GGCTCA	GGCTCA	3	1.53	0.0003194888178913738	0.0001627533681916171	0.19827822745011436	633.8954931580156	-2.802
GGCTCC	GGCTCC	2	0.78	0.00021299254526091586	8.29723053525891e-05	0.18371909557826036	587.3499485636984	-2.769
GGCTCT	GGCTCT	2	1.40	0.00021299254526091586	0.00014919058750898238	0.40847782645644204	1305.9036111812452	-3.116
GGCTGA	GGCTGA	1	0.88	0.00010649627263045793	9.385256892235707e-05	0.5857458572744256	1872.6295057063387	-3.272
GGCTGG	GGCTGG	1	0.55	0.00010649627263045793	5.850549751004077e-05	0.42268464633147185	1351.3228143217154	-3.131
GGCTGT	GGCTGT	2	0.90	0.00021299254526091586	9.568086571954579e-05	0.2269480903947769	725.5530449921017	-2.861
GGCTTC	GGCTTC	2	1.17	0.00021299254526091586	0.0001244777359808709	0.3260846296719882	1042.4925610613464	-3.018
GGCTTG	GGCTTG	2	0.96	0.00021299254526091586	0.00010244100760148227	0.2502361095855659	800.0048423450543	-2.903
GGCTTT	GGCTTT	2	2.60	0.00021299254526091586	0.00027694807287610023	0.732719845351	2342.505345587147	-3.37
GGGAAA	GGGAAA	2	2.50	0.00021299254526091586	0.0002658362209076379	0.711922242848955	2276.015410388109	-3.357
GGGAAC	GGGAAC	2	0.97	0.00021299254526091586	0.00010316032453132213	0.25271937308407005	807.943835749772	-2.907
GGGAAG	GGGAAG	3	1.29	0.0003194888178913738	0.00013754709937509617	0.1409499708111416	450.6170566832197	-2.654
GGGAAT	GGGAAT	1	1.55	0.00010649627263045793	0.00016532103290275993	0.7882532934294828	2520.0457790940563	-3.401
GGGACA	GGGACA	2	1.08	0.00021299254526091586	0.00011478878347130964	0.2928588209675858	936.2696506333718	-2.971
GGGACT	GGGACT	2	0.81	0.00021299254526091586	8.676523069897121e-05	0.1965106036290392	628.2443998020383	-2.798
GGGAGT	GGGAGT	1	0.91	0.00010649627263045793	9.647519853883071e-05	0.5958228933475741	1904.8457900321944	-3.28
GGGATG	GGGATG	2	0.67	0.00021299254526091586	7.167441431625252e-05	0.14648377753058775	468.308636765289	-2.671
GGGCAG	GGGCAG	3	0.57	0.0003194888178913738	6.045976221801176e-05	0.020046331300880224	64.08812116891407	-1.807
GGGCCA	GGGCCA	1	0.85	0.00010649627263045793	9.100012763345936e-05	0.5745003691251217	1836.677680093014	-3.264
GGGCCC	GGGCCC	1	0.39	0.00010649627263045793	4.1830703831509504e-05	0.32482969010416723	1038.4805192630226	-3.016
GGGCCG	GGGCCG	2	0.33	0.00021299254526091586	3.522585585811329e-05	0.04401444264505146	140.7141731362295	-2.148
GGGCCT	GGGCCT	1	0.59	0.00010649627263045793	6.311299174578634e-05	0.4471292293113171	1429.4721461082809	-3.155
GGGCGG	GGGCGG	1	0.33	0.00010649627263045793	3.49270449809558e-05	0.2796117328365355	893.918709878404	-2.951
GGGCTC	GGGCTC	1	0.86	0.00010649627263045793	9.110561711710015e-05	0.5749216375120956	1838.0244751261696	-3.264
GGGCTG	GGGCTG	1	0.58	0.00010649627263045793	6.165041759803774e-05	0.43948396093727327	1405.0302231164626	-3.148
GGGGAA	GGGGAA	1	1.23	0.00010649627263045793	0.00013070404993125758	0.7069203983435539	2260.024513504342	-3.354
GGGGAC	GGGGAC	1	0.54	0.00010649627263045793	5.7452329640113205e-05	0.416947109408688	1332.9799087795757	-3.125
GGGGCC	GGGGCC	1	0.42	0.00010649627263045793	4.4971575791554654e-05	0.34445157046383573	1101.2116707728828	-3.042
GGGGCT	GGGGCT	1	0.68	0.00010649627263045793	7.222707627128468e-05	0.4924764911020092	1574.4473420531233	-3.197
GGGGGA	GGGGGA	1	0.61	0.00010649627263045793	6.468534264215995e-05	0.45523205686653345	1455.3768858023075	-3.163
GGGGGG	GGGGGG	1	0.42	0.00010649627263045793	4.442246422413387e-05	0.34106273024566924	1090.3775485954045	-3.038
GGGGGT	GGGGGT	1	0.70	0.00010649627263045793	7.403744037355656e-05	0.5010311275857531	1601.7965148916526	-3.205
GGGGTA	GGGGTA	1	0.96	0.00010649627263045793	0.00010268436657436763	0.6187142565460745	1978.0294781778002	-3.296
GGGGTC	GGGGTC	1	0.71	0.00010649627263045793	7.539761182033982e-05	0.5073634387073439	1622.0409135473785	-3.21
GGGGTG	GGGGTG	2	0.76	0.00021299254526091586	8.114219176855618e-05	0.17759155598281293	567.760204477053	-2.754
GGGTAA	GGGTAA	5	1.36	0.0005324813631522897	0.0001451236434910788	0.012831904545057319	41.023598830548245	-1.613
GGGTAC	GGGTAC	1	0.91	0.00010649627263045793	9.674909566071918e-05	0.5968610584153194	1908.1648037537764	-3.281
GGGTAG	GGGTAG	1	0.80	0.00010649627263045793	8.511471073949352e-05	0.5503236305017936	1759.384646714234	-3.245
GGGTCC	GGGTCC	3	0.64	0.0003194888178913738	6.866660771061291e-05	0.027769686352748024	88.77968726973543	-1.948
GGGTCG	GGGTCG	1	0.57	0.00010649627263045793	6.074353759015756e-05	0.4346904478590371	1389.7053618053417	-3.143
GGGTCT	GGGTCT	1	1.16	0.00010649627263045793	0.00012346784271042902	0.6863140783096491	2194.146108355948	-3.341
GGGTGC	GGGTGC	1	0.85	0.00010649627263045793	9.063889430719061e-05	0.5730546319195595	1832.0556582468319	-3.263
GGGTGG	GGGTGG	1	0.72	0.00010649627263045793	7.700295445566639e-05	0.5147338338238278	1645.6040667347772	-3.216
GGGTGT	GGGTGT	1	1.18	0.00010649627263045793	0.00012593191509937103	0.6934887080798182	2217.083399731179	-3.346
GGGTTA	GGGTTA	2	1.25	0.00021299254526091586	0.0001333408824472561	0.3561057016902327	1138.469928303674	-3.056
GGGTTC	GGGTTC	1	1.14	0.00010649627263045793	0.00012116628013685447	0.6794610145294051	2172.2368634505083	-3.337
GGGTTT	GGGTTT	1	2.53	0.00010649627263045793	0.00026958047973032204	0.9204492984032455	2942.676406995176	-3.469
GGTAAA	GGTAAA	4	2.77	0.0004259850905218317	0.0002951639292761468	0.3017483832783956	964.6895813410307	-2.984
GGTAAC	GGTAAC	2	1.08	0.00021299254526091586	0.00011454122628626586	0.2920060532476455	933.5433522327227	-2.97
GGTAAG	GGTAAG	1	1.43	0.00010649627263045793	0.00015272163504835446	0.7616597854425582	2435.0263340598585	-3.387
GGTAAT	GGTAAT	4	1.72	0.0004259850905218317	0.0001835596575100414	0.0967552357916874	309.3264888260246	-2.49
GGTACC	GGTACC	1	0.75	0.00010649627263045793	7.986229614918631e-05	0.5275894966275788	1686.7036207183694	-3.227
GGTACG	GGTACG	1	0.73	0.00010649627263045793	7.804724396397755e-05	0.51946904050776	1660.7425225033087	-3.22
GGTACT	GGTACT	1	1.37	0.00010649627263045793	0.0001461117009093067	0.7463979243057659	2386.234164005534	-3.378
GGTAGA	GGTAGA	1	1.27	0.00010649627263045793	0.00013538338564892877	0.71951919598448	2300.3028695623825	-3.362
GGTAGC	GGTAGC	3	0.80	0.0003194888178913738	8.502737025511984e-05	0.04719382084122692	150.87864522940245	-2.179
GGTAGT	GGTAGT	2	1.33	0.00021299254526091586	0.00014116194479248066	0.38218795820888857	1221.8549023938167	-3.087
GGTATA	GGTATA	6	3.80	0.0006389776357827476	0.0004048478674881963	0.18466853913000233	590.3853195986175	-2.771
GGTATC	GGTATC	1	1.52	0.00010649627263045793	0.00016240315601245695	0.782371464449282	2501.2415718443544	-3.398
GGTATG	GGTATG	1	1.57	0.00010649627263045793	0.00016704324618424142	0.7916500334519133	2530.905156945767	-3.403
GGTATT	GGTATT	2	2.80	0.00021299254526091586	0.0002981257935371531	0.7688197860390977	2457.9168559669956	-3.391
GGTCAC	GGTCAC	4	1.56	0.0004259850905218317	0.00016616763061047592	0.07343919167869861	234.78509579679945	-2.371
GGTCAT	GGTCAT	1	1.94	0.00010649627263045793	0.00020664436114379694	0.8563521630055726	2737.7578651288154	-3.437
GGTCCA	GGTCCA	1	1.30	0.00010649627263045793	0.00013894710060384234	0.7287497017720195	2329.812796565146	-3.367
GGTCCC	GGTCCC	3	0.60	0.0003194888178913738	6.38708446324114e-05	0.02309032506365229	73.81976922849637	-1.868
GGTCCG	GGTCCG	1	0.51	0.00010649627263045793	5.3785974427293846e-05	0.3965247800628843	1267.689721861041	-3.103
GGTCGC	GGTCGC	1	0.69	0.00010649627263045793	7.366298408897841e-05	0.49927359286096157	1596.1776763764942	-3.203
GGTCGT	GGTCGT	1	1.10	0.00010649627263045793	0.00011764088503762236	0.6686724813531586	2137.745922886048	-3.33
GGTCTC	GGTCTC	1	1.46	0.00010649627263045793	0.00015573957281616842	0.768319170342944	2456.316387586392	-3.39
GGTCTG	GGTCTG	1	0.99	0.00010649627263045793	0.00010538768085304637	0.6282710514459177	2008.5825514725987	-3.303
GGTCTT	GGTCTT	1	2.00	0.00010649627263045793	0.00021311731016949377	0.8648231749599256	2764.839690346882	-3.442
GGTGAA	GGTGAA	4	2.34	0.0004259850905218317	0.0002495973890217629	0.20959927111233548	670.0888697461365	-2.826
GGTGAC	GGTGAC	1	1.03	0.00010649627263045793	0.00010971313803154408	0.6430667059693613	2055.8842589840483	-3.313
GGTGAG	GGTGAG	2	1.04	0.00021299254526091586	0.00011108455225693839	0.2800860163615297	895.4349943078104	-2.952
GGTGAT	GGTGAT	3	1.55	0.0003194888178913738	0.00016456970704731617	0.20260971486931292	647.7432584371934	-2.811
GGTGCA	GGTGCA	2	1.41	0.00021299254526091586	0.0001502953935031514	0.41205308291090714	1317.3337060661702	-3.12
GGTGCC	GGTGCC	1	0.85	0.00010649627263045793	9.017723610189089e-05	0.5711998189482569	1826.1258211775773	-3.262
GGTGGA	GGTGGA	2	1.05	0.00021299254526091586	0.00011212710911965452	0.28368338427315287	906.9357795212698	-2.958
GGTGGC	GGTGGC	1	0.74	0.00010649627263045793	7.835388348120448e-05	0.5208506649141463	1665.1595757305258	-3.221
GGTGGG	GGTGGG	1	0.72	0.00010649627263045793	7.700295445566639e-05	0.5147338338238278	1645.6040667347772	-3.216
GGTGGT	GGTGGT	1	1.21	0.00010649627263045793	0.00012833825742611073	0.7003368406272237	2238.976879485234	-3.35
GGTGTC	GGTGTC	1	1.20	0.00010649627263045793	0.00012824546070943894	0.7000756119904856	2238.1417315335825	-3.35
GGTGTG	GGTGTG	2	1.30	0.00021299254526091586	0.00013801654343015813	0.3717503147818826	1188.4857563576786	-3.075
GGTTAA	GGTTAA	3	1.77	0.0003194888178913738	0.00018845044608661854	0.2612393629300031	835.1822432872199	-2.922
GGTTAC	GGTTAC	2	1.18	0.00021299254526091586	0.00012563363072441234	0.3300234954484136	1055.0851149485782	-3.023
GGTTAG	GGTTAG	2	1.04	0.00021299254526091586	0.00011052578905502094	0.2781573714629403	889.2691165670201	-2.949
GGTTAT	GGTTAT	3	2.45	0.0003194888178913738	0.00026080905618738767	0.44303872032868447	1416.3947888908042	-3.151
GGTTCA	GGTTCA	1	2.03	0.00010649627263045793	0.0002164544934498959	0.8689934154749981	2778.1719492735688	-3.444
GGTTCG	GGTTCG	1	0.92	0.00010649627263045793	9.76167323401492e-05	0.6001321320915192	1918.6224262965868	-3.283
GGTTCT	GGTTCT	2	1.86	0.00021299254526091586	0.00019841661899573792	0.555682509564822	1776.516983078736	-3.25
GGTTGA	GGTTGA	1	1.43	0.00010649627263045793	0.00015180080608153437	0.75959002145831	2428.409298602217	-3.385
GGTTGG	GGTTGG	2	0.89	0.00021299254526091586	9.462907392095649e-05	0.22333693737934068	714.0081888017521	-2.854
GGTTGT	GGTTGT	1	1.45	0.00010649627263045793	0.0001547579646415642	0.7661738265048509	2449.4577233360083	-3.389
GGTTTA	GGTTTA	5	2.78	0.0005324813631522897	0.0002962079914078524	0.14943772920886247	477.7524202807333	-2.679
GGTTTC	GGTTTC	4	2.53	0.0004259850905218317	0.0002691629139314833	0.248305244892987	793.8318679228794	-2.9
GGTTTT	GGTTTT	2	5.62	0.00021299254526091586	0.0005988552869767449	0.9760710148206487	3120.499034381614	-3.494
GTAAAA	GTAAAA	4	6.12	0.0004259850905218317	0.0006515502152048884	0.8590240718807451	2746.299957802742	-3.439
GTAAAC	GTAAAC	4	2.37	0.0004259850905218317	0.00025284038201980733	0.21589620645787932	690.2201720458402	-2.839
GTAAAG	GTAAAG	7	3.17	0.0007454739084132055	0.0003371205093597431	0.042557089736605436	136.05501588792757	-2.134
GTAAAT	GTAAAT	4	3.80	0.0004259850905218317	0.00040519291990353764	0.5274888180947424	1686.3817514488912	-3.227
GTAACA	GTAACA	5	2.33	0.0005324813631522897	0.0002483780068278245	0.08756794144039894	279.9547087849554	-2.447
GTAACC	GTAACC	1	0.96	0.00010649627263045793	0.00010261626573168341	0.6184703589549028	1977.2497375788241	-3.296
GTAACG	GTAACG	1	0.94	0.00010649627263045793	0.00010028407787414518	0.6100229903604502	1950.2435001823592	-3.29
GTAACT	GTAACT	3	1.76	0.0003194888178913738	0.00018774112253182996	0.25946309104878335	829.5035020829604	-2.919
GTAAGA	GTAAGA	5	2.48	0.0005324813631522897	0.0002636457699782118	0.10559049385468584	337.5728088534306	-2.528
GTAAGT	GTAAGT	1	2.58	0.00010649627263045793	0.000274898943087038	0.9243245195767161	2955.0654890867613	-3.471
GTAATA	GTAATA	6	3.77	0.0006389776357827476	0.00040157338674905255	0.18014678132772313	575.9292599047309	-2.76
GTAATC	GTAATC	1	1.51	0.00010649627263045793	0.00016108961073027893	0.7796705702686665	2492.606813148927	-3.397
GTAATT	GTAATT	3	2.78	0.0003194888178913738	0.00029571449969772627	0.524987963060662	1678.3865179049365	-3.225
GTACAA	GTACAA	5	3.08	0.0005324813631522897	0.00032850563364588965	0.19915867375843566	636.7102800057188	-2.804
GTACAC	GTACAC	2	2.43	0.00021299254526091586	0.00025882262044827655	0.6981073353827726	2231.849151218724	-3.349
GTACAG	GTACAG	1	1.59	0.00010649627263045793	0.0001692301749084885	0.7958849232342646	2544.444099579944	-3.406
GTACAT	GTACAT	4	3.02	0.0004259850905218317	0.00032186915619849773	0.3577756155915194	1143.8086430460874	-3.058
GTACCA	GTACCA	2	1.65	0.00021299254526091586	0.00017539014546113696	0.49008907968235504	1566.814787744489	-3.195
GTACCT	GTACCT	1	1.14	0.00010649627263045793	0.00012164155249724007	0.6808883310179874	2176.7999942645056	-3.338
GTACGA	GTACGA	1	0.89	0.00010649627263045793	9.505679898651964e-05	0.590403742590909	1887.520765063136	-3.276
GTACGC	GTACGC	2	0.96	0.00021299254526091586	0.00010272266987252928	0.25120840644380177	803.1132754008343	-2.905
GTACGG	GTACGG	1	0.69	0.00010649627263045793	7.359236050569261e-05	0.4989414232887263	1595.115730254058	-3.203
GTACGT	GTACGT	3	1.54	0.0003194888178913738	0.00016404963696060664	0.20136721712748087	643.7709931565563	-2.809
GTACTA	GTACTA	1	1.93	0.00010649627263045793	0.00020604332109195515	0.8555391561624739	2735.158682251429	-3.437
GTACTG	GTACTG	2	1.27	0.00021299254526091586	0.0001353569262647879	0.36286938506339467	1160.0934240476727	-3.064
GTACTT	GTACTT	2	2.57	0.00021299254526091586	0.00027372178422434913	0.7268167920972708	2323.6332843349746	-3.366
GTAGAA	GTAGAA	3	2.79	0.0003194888178913738	0.0002968985194883635	0.5276515220432194	1686.9019159721724	-3.227
GTAGAG	GTAGAG	2	1.24	0.00021299254526091586	0.00013213615427778812	0.35205150518859424	1125.5086620879358	-3.051
GTAGAT	GTAGAT	3	1.84	0.0003194888178913738	0.00019575726559672315	0.2796179283846482	893.9385170457203	-2.951
GTAGCA	GTAGCA	5	1.44	0.0005324813631522897	0.00015302039468663344	0.01575855210828083	50.38009109017381	-1.702
GTAGCC	GTAGCC	2	0.86	0.00021299254526091586	9.181223681198003e-05	0.21368904116055493	683.1638645902941	-2.835
GTAGCG	GTAGCG	2	0.77	0.00021299254526091586	8.207457533192152e-05	0.1807094208810172	577.728018556612	-2.762
GTAGGC	GTAGGC	1	0.79	0.00010649627263045793	8.387296334366325e-05	0.5450497132074188	1742.523933124118	-3.241
GTAGGT	GTAGGT	1	1.29	0.00010649627263045793	0.00013737812961462091	0.7247238868128485	2316.9422661406766	-3.365
GTAGTA	GTAGTA	1	2.00	0.00010649627263045793	0.00021248587479289182	0.8640193066935187	2762.2697234991792	-3.441
GTAGTC	GTAGTC	1	1.47	0.00010649627263045793	0.00015602109687589964	0.7689308123489517	2458.2718070795986	-3.391
GTAGTG	GTAGTG	1	1.58	0.00010649627263045793	0.00016790841854263486	0.7933358051560924	2536.2945690840274	-3.404
GTAGTT	GTAGTT	4	2.36	0.0004259850905218317	0.0002511196702097812	0.21254859902918508	679.5178710963047	-2.832
GTATAA	GTATAA	12	5.83	0.0012779552715654952	0.0006209908491292262	0.016547594808964314	52.90266060425891	-1.723
GTATAC	GTATAC	3	3.89	0.0003194888178913738	0.00041399389941948407	0.7449297186758432	2381.540310606671	-3.377
GTATAT	GTATAT	7	8.07	0.0007454739084132055	0.0008594303734784228	0.6951065235608836	2222.255555824145	-3.347
GTATCA	GTATCA	2	2.96	0.00021299254526091586	0.00031487544567500834	0.794287359935977	2539.3366897153182	-3.405
GTATCC	GTATCC	2	1.51	0.00021299254526091586	0.00016052473701078852	0.4446240033607558	1421.4629387443363	-3.153
GTATCG	GTATCG	2	1.33	0.00021299254526091586	0.00014200265197108214	0.38496516456885604	1230.7336311266329	-3.09
GTATGA	GTATGA	2	2.59	0.00021299254526091586	0.0002759933148493476	0.730984365856418	2336.9570176429684	-3.369
GTATGC	GTATGC	2	1.90	0.00021299254526091586	0.00020251457518166423	0.5667088886301783	1811.7683169506802	-3.258
GTATGT	GTATGT	3	2.64	0.0003194888178913738	0.0002813698079957636	0.4920779996193445	1573.1733647830445	-3.197
GTATTA	GTATTA	3	3.34	0.0003194888178913738	0.00035552273754821894	0.6482187756543751	2072.355425767037	-3.316
GTATTC	GTATTC	2	3.03	0.00021299254526091586	0.0003230619658590338	0.8058073394180313	2576.166064119446	-3.411
GTATTG	GTATTG	1	2.50	0.00010649627263045793	0.0002658691776447551	0.9176281542369128	2933.65720909541	-3.467
GTATTT	GTATTT	4	6.75	0.0004259850905218317	0.0007187742302605294	0.9041922345630087	2890.7025738979387	-3.461
GTCAAA	GTCAAA	6	4.37	0.0006389776357827476	0.00046555567896236906	0.2753006390520702	880.1361430494684	-2.945
GTCAAC	GTCAAC	2	1.70	0.00021299254526091586	0.00018066339780629237	0.5056447482353009	1616.546260108257	-3.209
GTCAAG	GTCAAG	8	2.26	0.0008519701810436634	0.0002408845304083898	0.0023406909725724157	7.483189039314013	-0.874
GTCAAT	GTCAAT	3	2.72	0.0003194888178913738	0.0002895246759716223	0.5109297495846655	1633.4424094221756	-3.213
GTCACA	GTCACA	3	3.38	0.0003194888178913738	0.00036032777217857495	0.6570621763327984	2100.6277777359564	-3.322
GTCACC	GTCACC	2	1.40	0.00021299254526091586	0.00014886781197988078	0.40743128061961226	1302.5578041409003	-3.115
GTCACG	GTCACG	3	1.37	0.0003194888178913738	0.00014548445261670172	0.15837040996754034	506.3102006662265	-2.704
GTCACT	GTCACT	1	2.56	0.00010649627263045793	0.0002723604287359181	0.9224989989421111	2949.229299617929	-3.47
GTCAGA	GTCAGA	2	1.76	0.00021299254526091586	0.00018756087212226986	0.525518408202278	1680.0823510226828	-3.225
GTCAGG	GTCAGG	2	0.99	0.00021299254526091586	0.00010521707460517572	0.2598223783087411	830.6521434530454	-2.919
GTCAGT	GTCAGT	1	1.84	0.00010649627263045793	0.00019556651910309852	0.8406049575421859	2687.4140492623683	-3.429
GTCATA	GTCATA	4	4.24	0.0004259850905218317	0.0004520757833325621	0.612873730357127	1959.357315951735	-3.292
GTCATC	GTCATC	4	1.70	0.0004259850905218317	0.00018134845176664377	0.09361801541699762	299.29679528814137	-2.476
GTCATG	GTCATG	3	1.75	0.0003194888178913738	0.0001865298361028336	0.2564335193775658	819.8179614500779	-2.914
GTCATT	GTCATT	1	3.13	0.00010649627263045793	0.00033290394360019603	0.9561055780846467	3056.6695331366154	-3.485
GTCCAA	GTCCAA	3	2.22	0.0003194888178913738	0.00023613131558489415	0.3819141801772375	1220.9796340266282	-3.087
GTCCAC	GTCCAC	1	1.75	0.00010649627263045793	0.00018604285470324983	0.8256939131995645	2639.7434404990076	-3.422
GTCCCG	GTCCCG	3	0.51	0.0003194888178913738	5.429822180279177e-05	0.015146318613595153	48.422780607663704	-1.685
GTCCCT	GTCCCT	3	0.91	0.0003194888178913738	9.72843140633353e-05	0.06509807805950517	208.11855555623802	-2.318
GTCCGA	GTCCGA	1	0.62	0.00010649627263045793	6.55080474307218e-05	0.45942428333346175	1468.7794338170772	-3.167
GTCCGC	GTCCGC	1	0.66	0.00010649627263045793	7.079095448158645e-05	0.4855860886475164	1552.4187254061098	-3.191
GTCCGT	GTCCGT	2	1.06	0.00021299254526091586	0.00011305421088850365	0.2868808963182665	917.158225529498	-2.962
GTCCTA	GTCCTA	2	1.28	0.00021299254526091586	0.0001358938490775955	0.3646661862459685	1165.8377974283615	-3.067
GTCCTG	GTCCTG	1	0.84	0.00010649627263045793	8.927333151082916e-05	0.5675448177722996	1814.4407824180419	-3.259
GTCCTT	GTCCTT	1	1.70	0.00010649627263045793	0.00018053051483301008	0.8164340975014477	2610.139809712128	-3.417
GTCGAA	GTCGAA	1	1.40	0.00010649627263045793	0.00014948886903568467	0.7543138769382276	2411.5414645715136	-3.382
GTCGAG	GTCGAG	1	0.62	0.00010649627263045793	6.653076039500257e-05	0.46459073333074885	1485.2965744584042	-3.172
GTCGAT	GTCGAT	3	0.93	0.0003194888178913738	9.85640894740778e-05	0.06712361742819235	214.59420491793097	-2.332
GTCGCA	GTCGCA	3	1.24	0.0003194888178913738	0.00013256835846233814	0.13037399712619416	416.8056688124427	-2.62
GTCGCC	GTCGCC	1	0.75	0.00010649627263045793	7.954101507740284e-05	0.5261621628677784	1682.1404346882875	-3.226
GTCGCG	GTCGCG	2	0.67	0.00021299254526091586	7.110484681161768e-05	0.1446498516277039	462.4455756537694	-2.665
GTCGCT	GTCGCT	1	1.20	0.00010649627263045793	0.00012774769088188943	0.6986704664930672	2233.6494813783356	-3.349
GTCGGA	GTCGGA	1	0.78	0.00010649627263045793	8.340238675326072e-05	0.5430349699129824	1736.0827988118047	-3.24
GTCGGT	GTCGGT	1	0.90	0.00010649627263045793	9.546056315132251e-05	0.5919537234082639	1892.4760537362197	-3.277
GTCGTA	GTCGTA	2	1.66	0.00021299254526091586	0.00017708049010926286	0.49510911044073436	1582.8638260790278	-3.199
GTCGTC	GTCGTC	1	1.22	0.00010649627263045793	0.00013002413609421404	0.7050432778334565	2254.0233592335608	-3.353
GTCGTG	GTCGTG	1	1.31	0.00010649627263045793	0.00013993073693948748	0.731243528508494	2337.785560641655	-3.369
GTCGTT	GTCGTT	5	1.97	0.0005324813631522897	0.0002092769428564015	0.04956007112373579	158.44354738258332	-2.2
GTCTAA	GTCTAA	2	2.31	0.00021299254526091586	0.00024607146213719054	0.6715853381444539	2147.058326047819	-3.332
GTCTAT	GTCTAT	2	3.20	0.00021299254526091586	0.00034055459738817936	0.8285125621804905	2648.7546612910282	-3.423
GTCTCA	GTCTCA	1	2.84	0.00010649627263045793	0.000301955753839938	0.9413028748448039	3009.345290878838	-3.478
GTCTCC	GTCTCC	1	1.45	0.00010649627263045793	0.00015393822744781148	0.7643670439769756	2443.681439594391	-3.388
GTCTCG	GTCTCG	1	1.28	0.00010649627263045793	0.0001361761242807563	0.7215992918815806	2306.952936145413	-3.363
GTCTCT	GTCTCT	3	2.60	0.0003194888178913738	0.0002767927743532765	0.4813404807873051	1538.8455170770144	-3.187
GTCTGT	GTCTGT	3	1.67	0.0003194888178913738	0.00017751637497534365	0.23406013890598623	748.290264082438	-2.874
GTCTTA	GTCTTA	3	2.39	0.0003194888178913738	0.0002541479173318458	0.42674683667699714	1364.30963685636	-3.135
GTCTTC	GTCTTC	2	2.17	0.00021299254526091586	0.0002309431074885034	0.6376989871093255	2038.7236617885135	-3.309
GTCTTT	GTCTTT	1	4.82	0.00010649627263045793	0.0005138207893882968	0.9919716577133684	3171.3333897096386	-3.501
GTGAAA	GTGAAA	5	5.17	0.0005324813631522897	0.000550965807138177	0.5894164287968371	1884.3643228634883	-3.275
GTGAAC	GTGAAC	3	2.01	0.0003194888178913738	0.00021380762665063575	0.32539518182823507	1040.2883963048675	-3.017
GTGAAG	GTGAAG	1	2.68	0.00010649627263045793	0.00028507683553418095	0.9312220091505512	2977.116763254312	-3.474
GTGAAT	GTGAAT	5	3.22	0.0005324813631522897	0.000342640427324737	0.2224918495681743	711.3064430694533	-2.852
GTGACA	GTGACA	2	2.23	0.00021299254526091586	0.00023790849313063802	0.6536318755225117	2089.6611060454698	-3.32
GTGACC	GTGACC	3	0.92	0.0003194888178913738	9.829083284270484e-05	0.06668872657414118	213.20385885752935	-2.329
GTGACT	GTGACT	3	1.69	0.0003194888178913738	0.000179827546450858	0.23976542280069169	766.5300566938113	-2.885
GTGAGC	GTGAGC	2	1.13	0.00021299254526091586	0.00012043904086804911	0.3122759180755083	998.3461100874	-2.999
GTGAGG	GTGAGG	2	1.01	0.00021299254526091586	0.00010757661902777193	0.26797298955144777	856.7096475959785	-2.933
GTGAGT	GTGAGT	2	1.88	0.00021299254526091586	0.0001999521940624893	0.5598375789958153	1789.8007400496215	-3.253
GTGATA	GTGATA	6	3.38	0.0006389776357827476	0.000360029079982757	0.12702660183627093	406.1040460705582	-2.609
GTGATC	GTGATC	3	1.36	0.0003194888178913738	0.00014442427277245264	0.1560062338626043	498.7519296587459	-2.698
GTGATG	GTGATG	4	1.39	0.0004259850905218317	0.00014855068056595128	0.05315074300839235	169.92292539783034	-2.23
GTGATT	GTGATT	4	2.49	0.0004259850905218317	0.000265121700732288	0.24018018783231493	767.8560604999109	-2.885
GTGCAA	GTGCAA	5	2.40	0.0005324813631522897	0.0002554169812829264	0.09566371611663116	305.83690042486984	-2.485
GTGCAC	GTGCAC	4	1.89	0.0004259850905218317	0.000201237621616851	0.12352855885452109	394.92080265790395	-2.597
GTGCAT	GTGCAT	2	2.35	0.00021299254526091586	0.00025025704226710956	0.6804939483690651	2175.5391529359013	-3.338
GTGCCA	GTGCCA	3	1.86	0.0003194888178913738	0.00019804337365467877	0.28539339519449575	912.4026844368029	-2.96
GTGCCG	GTGCCG	1	0.72	0.00010649627263045793	7.66619510921337e-05	0.5131775107256192	1640.6285017898047	-3.215
GTGCGC	GTGCGC	1	1.00	0.00010649627263045793	0.00010609959430369878	0.6307477228064734	2016.5004698122955	-3.305
GTGCTC	GTGCTC	1	1.86	0.00010649627263045793	0.00019827295018131247	0.8446046869726387	2700.201184251526	-3.431
GTGCTT	GTGCTT	1	2.55	0.00010649627263045793	0.00027132087919548044	0.921738778621529	2946.798875253028	-3.469
GTGGAA	GTGGAA	4	2.31	0.0004259850905218317	0.0002458970318445353	0.20247973917893994	647.327726155071	-2.811
GTGGAC	GTGGAC	1	1.01	0.00010649627263045793	0.0001080866074041913	0.6375733766513638	2038.3220851544102	-3.309
GTGGAT	GTGGAT	2	1.52	0.00021299254526091586	0.000162129911106287	0.44964353331255286	1437.5103760002314	-3.158
GTGGCA	GTGGCA	2	1.32	0.00021299254526091586	0.00014101038453323707	0.3816867155787496	1220.2524297052626	-3.086
GTGGCT	GTGGCT	5	1.28	0.0005324813631522897	0.00013588273418657385	0.009902024227141492	31.65677145417135	-1.5
GTGGGC	GTGGGC	1	0.80	0.00010649627263045793	8.503936841987376e-05	0.5500053879279239	1758.3672252055726	-3.245
GTGGGG	GTGGGG	2	0.78	0.00021299254526091586	8.357317241263447e-05	0.18573756979461312	593.8030106333781	-2.774
GTGGGT	GTGGGT	1	1.31	0.00010649627263045793	0.0001392886206877242	0.7296181739045942	2332.5893019729874	-3.368
GTGGTA	GTGGTA	3	1.81	0.0003194888178913738	0.00019318285065193498	0.27312723975455755	873.1877854953204	-2.941
GTGGTG	GTGGTG	2	1.43	0.00021299254526091586	0.00015265497988579483	0.41965258831291113	1341.629324836377	-3.128
GTGGTT	GTGGTT	3	2.14	0.0003194888178913738	0.0002283070053159231	0.36218209680981234	1157.89616350097	-3.064
GTGTAA	GTGTAA	3	2.52	0.0003194888178913738	0.00026790578089294057	0.4601912620255244	1471.2314646956015	-3.168
GTGTAC	GTGTAC	1	1.68	0.00010649627263045793	0.000178603853928627	0.8130829210208576	2599.4260985036817	-3.415
GTGTAG	GTGTAG	1	1.48	0.00010649627263045793	0.00015712617529164017	0.7713161474875494	2465.8977235176953	-3.392
GTGTAT	GTGTAT	1	3.48	0.00010649627263045793	0.00037077255752271946	0.9692404361981196	3098.661674525388	-3.491
GTGTCA	GTGTCA	2	2.33	0.00021299254526091586	0.00024864877991400585	0.677094550434675	2164.671277739656	-3.335
GTGTCG	GTGTCG	1	1.05	0.00010649627263045793	0.00011213572427494377	0.6510945990393392	2081.5494331287673	-3.318
GTGTCT	GTGTCT	1	2.14	0.00010649627263045793	0.0002279280482545054	0.8823739051453112	2820.94937474956	-3.45
GTGTGA	GTGTGA	1	2.14	0.00010649627263045793	0.00022803462094675114	0.8824915567684789	2821.325506988827	-3.45
GTGTGC	GTGTGC	1	1.57	0.00010649627263045793	0.0001673241049804082	0.7921987834207457	2532.6595105961237	-3.404
GTGTGG	GTGTGG	2	1.33	0.00021299254526091586	0.00014215145201875394	0.3854561452207552	1232.3032962707543	-3.091
GTGTGT	GTGTGT	3	2.18	0.0003194888178913738	0.0002324768538223371	0.3727130042070574	1191.5634744499625	-3.076
GTGTTA	GTGTTA	1	2.31	0.00010649627263045793	0.0002461541922297584	0.9008764141081849	2880.101895903867	-3.459
GTGTTG	GTGTTG	2	1.73	0.00021299254526091586	0.0001840805263631237	0.515558316239244	1648.239937016863	-3.217
GTGTTT	GTGTTT	4	4.67	0.0004259850905218317	0.000497659562551468	0.6860500358109818	2193.3019644877086	-3.341
GTTAAA	GTTAAA	4	3.91	0.0004259850905218317	0.00041598893538349505	0.5479803364922784	1751.8931357658141	-3.244
GTTAAC	GTTAAC	1	1.52	0.00010649627263045793	0.00016142854208911738	0.780370668456359	2494.8450270549797	-3.397
GTTAAG	GTTAAG	1	2.02	0.00010649627263045793	0.00021523805611882316	0.8674884340207152	2773.3605235642262	-3.443
GTTAAT	GTTAAT	5	2.43	0.0005324813631522897	0.0002586995866812778	0.09956463824076768	318.3081484557343	-2.503
GTTACA	GTTACA	3	2.56	0.0003194888178913738	0.00027243143627504605	0.4710094606675059	1505.8172457540163	-3.178
GTTACC	GTTACC	1	1.06	0.00010649627263045793	0.00011255383282724912	0.6524617298968417	2085.920150480203	-3.319
GTTACG	GTTACG	3	1.03	0.0003194888178913738	0.0001099957911720844	0.08644395805284821	276.36133389495575	-2.441
GTTACT	GTTACT	3	1.93	0.0003194888178913738	0.00020592235324076247	0.30536071728721575	976.2382131672288	-2.99
GTTAGA	GTTAGA	2	1.79	0.00021299254526091586	0.00019080241478972026	0.5346694871906303	1709.3383505484453	-3.233
GTTAGG	GTTAGG	1	1.01	0.00010649627263045793	0.00010703550097959923	0.6339785549258237	2026.8294400978582	-3.307
GTTAGT	GTTAGT	7	1.87	0.0007454739084132055	0.00019894642029903765	0.00314501465126562	10.054611840096186	-1.002
GTTATA	GTTATA	1	5.36	0.00010649627263045793	0.0005705718642576122	0.9952881270938657	3181.9361423190885	-3.503
GTTATC	GTTATC	2	2.15	0.00021299254526091586	0.0002288826962637985	0.6328766415376192	2023.3066229957687	-3.306
GTTATG	GTTATG	1	2.21	0.00010649627263045793	0.0002354222018713356	0.8903667391470599	2846.5024650531504	-3.454
GTTATT	GTTATT	6	3.95	0.0006389776357827476	0.00042016323528425864	0.20638492996594474	659.8126211011253	-2.819
GTTCAA	GTTCAA	2	3.45	0.00021299254526091586	0.000367849952107402	0.8591815136890553	2746.8032992639096	-3.439
GTTCAC	GTTCAC	2	2.72	0.00021299254526091586	0.0002898211743876499	0.755200382112005	2414.37562161208	-3.383
GTTCAG	GTTCAG	1	1.78	0.00010649627263045793	0.00018949846017654029	0.8312590433786836	2657.5351616816515	-3.424
GTTCAT	GTTCAT	4	3.38	0.0004259850905218317	0.0003604186399436159	0.438214315947578	1400.9711680844068	-3.146
GTTCCA	GTTCCA	1	2.28	0.00010649627263045793	0.00024234450311904336	0.8972662803396634	2868.560298245904	-3.458
GTTCCG	GTTCCG	1	0.88	0.00010649627263045793	9.381077540091998e-05	0.5855832549916842	1872.1096662084144	-3.272
GTTCCT	GTTCCT	1	1.58	0.00010649627263045793	0.00016807763925998155	0.7936639301909779	2537.3435848205563	-3.404
GTTCGA	GTTCGA	2	1.12	0.00021299254526091586	0.00011889124628233133	0.3069669303223772	981.3732762406399	-2.992
GTTCGT	GTTCGT	2	1.93	0.00021299254526091586	0.00020518327987434582	0.5737824571461102	1834.3825154961144	-3.263
GTTCTA	GTTCTA	2	2.63	0.00021299254526091586	0.0002798024996170233	0.7378515586792103	2358.9114330974353	-3.373
GTTCTC	GTTCTC	4	2.55	0.0004259850905218317	0.00027163308356981103	0.25330046073390383	809.8015729662906	-2.908
GTTCTG	GTTCTG	4	1.73	0.0004259850905218317	0.0001838118610622779	0.09711615798006397	310.4803570622645	-2.492
GTTCTT	GTTCTT	5	3.49	0.0005324813631522897	0.00037170843014816237	0.27273279430444947	871.926743391325	-2.94
GTTGAA	GTTGAA	1	3.13	0.00010649627263045793	0.0003329022565562076	0.9561048827325435	3056.6673100959415	-3.485
GTTGAC	GTTGAC	1	1.37	0.00010649627263045793	0.00014633066222250878	0.7469188063620441	2387.899423939455	-3.378
GTTGAT	GTTGAT	4	2.06	0.0004259850905218317	0.0002194959933337632	0.15406074977651643	492.53221703552305	-2.692
GTTGCG	GTTGCG	2	1.01	0.00021299254526091586	0.00010751812875908023	0.2677709512510414	856.0637311495793	-2.933
GTTGCT	GTTGCT	1	1.81	0.00010649627263045793	0.00019316816353326266	0.8369745663324579	2675.807688564868	-3.427
GTTGGA	GTTGGA	2	1.40	0.00021299254526091586	0.00014955031297944572	0.40964310706098994	1309.6290132739848	-3.117
GTTGGC	GTTGGC	4	0.98	0.0004259850905218317	0.00010450503798563683	0.017863108003980346	57.10835628872517	-1.757
GTTGGG	GTTGGG	1	0.96	0.00010649627263045793	0.00010270322698588447	0.6187817759916701	1978.2453378453692	-3.296
GTTGGT	GTTGGT	1	1.61	0.00010649627263045793	0.00017117204497647419	0.799573062938326	2556.2350822138283	-3.408
GTTGTA	GTTGTA	4	2.19	0.0004259850905218317	0.00023295146256572283	0.17817842498087189	569.6364246638474	-2.756
GTTGTG	GTTGTG	3	1.73	0.0003194888178913738	0.0001840805263631237	0.2503226878502391	800.2816330572143	-2.903
GTTGTT	GTTGTT	1	2.59	0.00010649627263045793	0.00027530627394130867	0.9246134130956998	2955.989081666952	-3.471
GTTTAA	GTTTAA	7	4.27	0.0007454739084132055	0.0004543495640583756	0.140227273682725	448.30659396367184	-2.652
GTTTAC	GTTTAC	3	2.84	0.0003194888178913738	0.0003028997093722503	0.5410220546444103	1729.6475086981798	-3.238
GTTTAG	GTTTAG	7	2.50	0.0007454739084132055	0.00026647506077685307	0.01424866345202384	45.55297705612022	-1.659
GTTTAT	GTTTAT	5	5.90	0.0005324813631522897	0.0006288044599626464	0.7019535579043557	2244.145524620225	-3.351
GTTTCA	GTTTCA	4	4.90	0.0004259850905218317	0.0005218666592714426	0.720702967519764	2304.0873871606855	-3.362
GTTTCC	GTTTCC	2	2.50	0.00021299254526091586	0.0002660496694325001	0.7123342367647785	2277.332554936997	-3.357
GTTTCG	GTTTCG	5	2.21	0.0005324813631522897	0.00023535163065182697	0.07357698894992787	235.2256336729194	-2.371
GTTTCT	GTTTCT	6	4.49	0.0006389776357827476	0.0004783777709988224	0.29569797488022076	945.3464256920657	-2.976
GTTTGA	GTTTGA	1	3.44	0.00010649627263045793	0.00036598814966537035	0.9678270333911716	3094.143025751576	-3.491
GTTTGC	GTTTGC	4	2.52	0.0004259850905218317	0.00026854974618303136	0.2470685912690728	789.8782862872257	-2.898
GTTTGG	GTTTGG	3	2.14	0.0003194888178913738	0.00022814845693425683	0.36178109441383693	1156.6141588410367	-3.063
GTTTGT	GTTTGT	3	3.50	0.0003194888178913738	0.0003731177889445657	0.6798137146771229	2173.364445822762	-3.337
GTTTTA	GTTTTA	7	6.71	0.0007454739084132055	0.0007141504547296542	0.5056108441580737	1616.4378687733615	-3.209
GTTTTC	GTTTTC	5	6.09	0.0005324813631522897	0.0006489454132108597	0.7272763720041135	2325.102561297151	-3.366
GTTTTG	GTTTTG	3	5.01	0.0003194888178913738	0.0005340603400586979	0.8765911988491426	2802.462062720709	-3.448
GTTTTT	GTTTTT	7	13.56	0.0007454739084132055	0.0014438259193447352	0.9813989468956165	3137.532433225286	-3.497
TAAAAA	TAAAAA	7	14.59	0.0007454739084132055	0.0015540016159191316	0.9901331718322917	3165.4557503478363	-3.5
TAAAAC	TAAAAC	2	5.66	0.00021299254526091586	0.0006030454031924985	0.9768575592940973	3123.013617063229	-3.495
TAAAAG	TAAAAG	14	7.55	0.001490947816826411	0.0008040605375899979	0.02264200011862195	72.38647437923439	-1.86
TAAAAT	TAAAAT	8	9.07	0.0008519701810436634	0.0009664189153725935	0.6847756671431622	2189.2278078566897	-3.34
TAAACA	TAAACA	1	5.56	0.00010649627263045793	0.0005924022661059762	0.9961614372977393	3184.7281150408726	-3.503
TAAACC	TAAACC	1	2.30	0.00010649627263045793	0.00024474835407195273	0.8995592266133297	2875.890847482815	-3.459
TAAACT	TAAACT	10	4.20	0.0010649627263045794	0.00044777823869982235	0.011205131801151388	35.822806368280986	-1.554
TAAAGA	TAAAGA	8	5.90	0.0008519701810436634	0.0006288171548643375	0.24299264436087034	776.8474840217025	-2.89
TAAAGC	TAAAGC	3	3.71	0.0003194888178913738	0.0003949278472623585	0.7159810597360772	2288.9914479762388	-3.36
TAAAGG	TAAAGG	6	3.31	0.0006389776357827476	0.00035275108687511604	0.11861134899633809	379.2004827412929	-2.579
TAAAGT	TAAAGT	3	6.16	0.0003194888178913738	0.000655656911474401	0.9446652339715669	3020.0947530070994	-3.48
TAAATA	TAAATA	9	8.99	0.0009584664536741214	0.0009577860268558214	0.5435052832000681	1737.5863903906177	-3.24
TAAATC	TAAATC	5	3.61	0.0005324813631522897	0.00038421215977024346	0.29504457443194043	943.2575044589136	-2.975
TAAATG	TAAATG	2	3.71	0.00021299254526091586	0.0003951896500493932	0.8847862900556778	2828.661769308002	-3.452
TAAATT	TAAATT	3	6.62	0.0003194888178913738	0.0007053037504353753	0.9607026469163072	3071.3663621914343	-3.487
TAACAA	TAACAA	6	4.28	0.0006389776357827476	0.00045607492946041727	0.2604399753771513	832.6266012807527	-2.92
TAACAC	TAACAC	3	3.37	0.0003194888178913738	0.00035933176260517704	0.6552423514346255	2094.8097975364976	-3.321
TAACAG	TAACAG	5	2.21	0.0005324813631522897	0.00023494769093415418	0.07316407037242095	233.9055329806298	-2.369
TAACAT	TAACAT	7	4.20	0.0007454739084132055	0.0004468612945218227	0.13208225656639888	422.2669742427772	-2.626
TAACCA	TAACCA	2	2.29	0.00021299254526091586	0.0002434997760357016	0.6660122682083376	2129.2412214620554	-3.328
TAACCG	TAACCG	1	0.89	0.00010649627263045793	9.425797782027156e-05	0.58731983780946	1877.6615214768435	-3.274
TAACCT	TAACCT	3	1.59	0.0003194888178913738	0.00016887887692798644	0.21297140031085005	680.8695667937876	-2.833
TAACGA	TAACGA	1	1.24	0.00010649627263045793	0.00013197040918708303	0.7103848024926102	2271.1002135688746	-3.356
TAACGC	TAACGC	1	1.34	0.00010649627263045793	0.0001426131841215252	0.7379284704416876	2359.1573200020753	-3.373
TAACGT	TAACGT	2	2.14	0.00021299254526091586	0.00022775538359706243	0.630216975901841	2014.8036719581858	-3.304
TAACTA	TAACTA	2	2.69	0.00021299254526091586	0.0002860565649662466	0.7488010400070162	2393.9169249024308	-3.379
TAACTC	TAACTC	3	2.61	0.0003194888178913738	0.0002777045484708818	0.48348814120508754	1545.7115874326648	-3.189
TAACTG	TAACTG	1	1.76	0.00010649627263045793	0.00018792037114570925	0.8287399787079482	2649.4817119293107	-3.423
TAACTT	TAACTT	3	3.57	0.0003194888178913738	0.00038001675053910136	0.6916111340550941	2211.0807955741357	-3.345
TAAGAA	TAAGAA	10	5.87	0.0010649627263045794	0.0006247157180634323	0.07501369802326495	239.81879258037804	-2.38
TAAGAG	TAAGAG	4	2.61	0.0004259850905218317	0.0002780328195776813	0.26633441447326317	851.4711230710224	-2.93
TAAGAT	TAAGAT	6	3.87	0.0006389776357827476	0.00041190047344841685	0.1945557420342692	621.9947072835587	-2.794
TAAGCA	TAAGCA	3	3.02	0.0003194888178913738	0.0003219761617866764	0.5820222535410303	1860.725144570674	-3.27
TAAGCC	TAAGCC	1	1.81	0.00010649627263045793	0.00019318569707200576	0.8370014046188617	2675.893490566501	-3.427
TAAGCG	TAAGCG	1	1.62	0.00010649627263045793	0.00017269630495830816	0.8024213020859841	2565.340902768891	-3.409
TAAGCT	TAAGCT	2	2.91	0.00021299254526091586	0.00031026793772170625	0.7875407984791308	2517.7679327377814	-3.401
TAAGGC	TAAGGC	2	1.66	0.00021299254526091586	0.00017648036309388915	0.4933304485913744	1577.177444146624	-3.198
TAAGGG	TAAGGG	1	1.63	0.00010649627263045793	0.00017343759821296004	0.8037918213049008	2569.722452711768	-3.41
TAAGGT	TAAGGT	3	2.71	0.0003194888178913738	0.00028906266368826687	0.5098715898668664	1630.059472804372	-3.212
TAAGTA	TAAGTA	3	4.20	0.0003194888178913738	0.00044709979045476735	0.7895327049189331	2524.1360576258294	-3.402
TAAGTC	TAAGTC	3	3.08	0.0003194888178913738	0.0003282900559283258	0.5950683138493593	1902.4333993764017	-3.279
TAAGTG	TAAGTG	3	3.32	0.0003194888178913738	0.000353302631618103	0.644078254855859	2059.1181807741814	-3.314
TAAGTT	TAAGTT	2	4.96	0.00021299254526091586	0.000528390661446543	0.9582581631050996	3063.5513474470035	-3.486
TAATAA	TAATAA	10	6.25	0.0010649627263045794	0.0006655447039127649	0.10216594667783556	326.62453152904027	-2.514
TAATAC	TAATAC	2	4.17	0.00021299254526091586	0.0004436964692751765	0.9198737029139282	2940.8362282158287	-3.468
TAATAG	TAATAG	5	3.67	0.0005324813631522897	0.00039034056474208554	0.30609064596812063	978.5717951600817	-2.991
TAATAT	TAATAT	7	8.65	0.0007454739084132055	0.0009210914045712527	0.7593599404651709	2427.6737296671513	-3.385
TAATCA	TAATCA	6	3.17	0.0006389776357827476	0.00033746662379168776	0.1018845501645944	325.7249068762083	-2.513
TAATCC	TAATCC	2	1.62	0.00021299254526091586	0.00017204180820752703	0.48005267951924385	1534.7284164230225	-3.186
TAATCG	TAATCG	1	1.43	0.00010649627263045793	0.00015219083033742774	0.7604688712967972	2431.2189815358606	-3.386
TAATCT	TAATCT	3	2.90	0.0003194888178913738	0.00030934440514238044	0.5551336164084967	1774.7621716579638	-3.249
TAATGA	TAATGA	2	2.78	0.00021299254526091586	0.0002957948402474563	0.7650652699201286	2445.913667934651	-3.388
TAATGC	TAATGC	5	2.04	0.0005324813631522897	0.00021704426589586067	0.05615092066466715	179.51449336494088	-2.254
TAATGT	TAATGT	2	2.83	0.00021299254526091586	0.0003015570773951339	0.7742513387149201	2475.2815298715996	-3.394
TAATTA	TAATTA	5	3.58	0.0005324813631522897	0.00038103021232531226	0.2893358097063311	925.0065836311405	-2.966
TAATTC	TAATTC	1	3.25	0.00010649627263045793	0.00034624049728691417	0.9612722262939899	3073.1873074618857	-3.488
TAATTG	TAATTG	3	2.68	0.0003194888178913738	0.0002849443326954509	0.500386329352381	1599.7350949395623	-3.204
TAATTT	TAATTT	14	7.23	0.001490947816826411	0.0007703436901359571	0.01647054012377833	52.65631677571932	-1.721
TACAAA	TACAAA	6	7.36	0.0006389776357827476	0.0007835133403550768	0.7425709835693084	2373.999434471079	-3.375
TACAAC	TACAAC	7	2.86	0.0007454739084132055	0.00030404995297361173	0.026721314162594274	85.4280413778139	-1.932
TACAAG	TACAAG	1	3.81	0.00010649627263045793	0.00040539993729814895	0.9777787315675153	3125.9586048213464	-3.495
TACAAT	TACAAT	6	4.58	0.0006389776357827476	0.00048725954002181403	0.30999534208544816	991.0551086471778	-2.996
TACACA	TACACA	6	5.69	0.0006389776357827476	0.0006064185857029541	0.5040535551316161	1611.4592157557765	-3.207
TACACC	TACACC	2	2.35	0.00021299254526091586	0.00025053913399934264	0.6810871780338945	2177.4357081743606	-3.338
TACACT	TACACT	2	4.30	0.00021299254526091586	0.00045837273379425205	0.9283266364396487	2967.860256697557	-3.472
TACAGA	TACAGA	2	2.96	0.00021299254526091586	0.0003156581523481095	0.795414409016417	2542.9398656254853	-3.405
TACAGC	TACAGC	2	1.86	0.00021299254526091586	0.000198248717633264	0.555226499907782	1775.059120205179	-3.249
TACAGG	TACAGG	2	1.66	0.00021299254526091586	0.00017707652448796396	0.49509737018214117	1582.8262924723053	-3.199
TACAGT	TACAGT	3	3.09	0.0003194888178913738	0.000329131366167846	0.5967864596385564	1907.9263114644648	-3.281
TACATA	TACATA	8	7.14	0.0008519701810436634	0.0007608271643941525	0.42275694170229017	1351.5539426222217	-3.131
TACATG	TACATG	3	2.95	0.0003194888178913738	0.000313922956082401	0.5649993446931566	1806.3029049840216	-3.257
TACATT	TACATT	11	5.26	0.0011714589989350373	0.0005602652757859517	0.01907503472706816	60.98288602243691	-1.785
TACCAA	TACCAA	6	3.02	0.0006389776357827476	0.0003220536682810653	0.08636552295859119	276.11057689861605	-2.441
TACCAC	TACCAC	4	2.38	0.0004259850905218317	0.0002537392537972028	0.2176506492299026	695.8291255879986	-2.843
TACCAT	TACCAT	1	2.96	0.00010649627263045793	0.00031554753356831627	0.9483358592278216	3031.8297419513456	-3.482
TACCCC	TACCCC	2	0.83	0.00021299254526091586	8.7941504052218e-05	0.20049981168336825	640.9978979517283	-2.807
TACCCG	TACCCG	1	0.70	0.00010649627263045793	7.405600341239416e-05	0.5011180937407846	1602.0745456892885	-3.205
TACCCT	TACCCT	1	1.25	0.00010649627263045793	0.00013268367278053934	0.7123180321787528	2277.2807488754725	-3.357
TACCGC	TACCGC	1	0.91	0.00010649627263045793	9.655003410048043e-05	0.5961068112276485	1905.7534754947924	-3.28
TACCGG	TACCGG	1	0.65	0.00010649627263045793	6.917017368392627e-05	0.47769727742694956	1527.1981959339578	-3.184
TACCTA	TACCTA	1	1.74	0.00010649627263045793	0.00018534226383259454	0.8245434521601664	2636.0654165560522	-3.421
TACCTG	TACCTG	2	1.14	0.00021299254526091586	0.00012175769156885772	0.31679192860431715	1012.7837957480019	-3.006
TACCTT	TACCTT	3	2.31	0.0003194888178913738	0.0002462211096170234	0.40714516613360113	1301.6430961291228	-3.114
TACGAA	TACGAA	3	2.12	0.0003194888178913738	0.00022523963286261934	0.3544174208787953	1133.0724945495085	-3.054
TACGAC	TACGAC	2	0.93	0.00021299254526091586	9.900643202752495e-05	0.23839039752905128	762.1341009003769	-2.882
TACGAG	TACGAG	1	0.94	0.00010649627263045793	0.00010024401242786902	0.6098762477373265	1949.7743640162328	-3.29
TACGAT	TACGAT	2	1.39	0.00021299254526091586	0.00014850964804128747	0.40626893677649323	1298.8417908744489	-3.114
TACGCC	TACGCC	1	1.13	0.00010649627263045793	0.00011984697689617001	0.6754653967905973	2159.4628735395395	-3.334
TACGCG	TACGCG	1	1.01	0.00010649627263045793	0.00010713593389203075	0.6343235742439925	2027.932466858044	-3.307
TACGCT	TACGCT	1	1.81	0.00010649627263045793	0.0001924815083483943	0.83592003251629	2672.436343954579	-3.427
TACGGA	TACGGA	2	1.18	0.00021299254526091586	0.00012566502839543402	0.330130397899597	1055.4268820850116	-3.023
TACGGC	TACGGC	1	0.82	0.00010649627263045793	8.781411622813458e-05	0.5615785213959057	1795.3665329027106	-3.254
TACGGG	TACGGG	1	0.81	0.00010649627263045793	8.63000797414425e-05	0.5553010527400251	1775.2974656098602	-3.249
TACGGT	TACGGT	1	1.35	0.00010649627263045793	0.00014383346623573774	0.740914264756698	2368.7029044271635	-3.375
TACGTA	TACGTA	5	2.51	0.0005324813631522897	0.00026681280577366557	0.1095408791087485	350.20219051066897	-2.544
TACGTC	TACGTC	3	1.84	0.0003194888178913738	0.00019591150074290136	0.2800072517336269	895.1831837924052	-2.952
TACGTG	TACGTG	1	1.98	0.00010649627263045793	0.00021083809127569385	0.8618989585165627	2755.490970377451	-3.44
TACGTT	TACGTT	4	2.96	0.0004259850905218317	0.000315324225005241	0.34400758738559967	1099.7922568717622	-3.041
TACTAA	TACTAA	1	3.21	0.00010649627263045793	0.0003414843853062474	0.9595034453162647	3067.5325146760983	-3.487
TACTAC	TACTAC	4	2.14	0.0004259850905218317	0.00022765625687083153	0.16853812220538303	538.8163766906096	-2.731
TACTAG	TACTAG	6	1.88	0.0006389776357827476	0.00020027987155092137	0.012630714700031359	40.380394896000254	-1.606
TACTAT	TACTAT	3	4.44	0.0003194888178913738	0.00047260286236476437	0.8192970559267101	2619.292687797692	-3.418
TACTCA	TACTCA	3	3.93	0.0003194888178913738	0.0004190375189961186	0.7521809991895135	2404.722654408875	-3.381
TACTCC	TACTCC	1	2.01	0.00010649627263045793	0.0002136269704686094	0.8654685465590275	2766.902943349211	-3.442
TACTCG	TACTCG	1	1.77	0.00010649627263045793	0.0001889777046453083	0.8304318972328856	2654.8907754535353	-3.424
TACTCT	TACTCT	3	3.61	0.0003194888178913738	0.00038411772574644206	0.6984668811508229	2232.998619039181	-3.349
TACTGA	TACTGA	2	2.27	0.00021299254526091586	0.00024164014588216903	0.6619348144428514	2116.205601773796	-3.326
TACTGC	TACTGC	1	1.66	0.00010649627263045793	0.00017730737977068235	0.8107935053492322	2592.1068366014956	-3.414
TACTGT	TACTGT	5	2.31	0.0005324813631522897	0.0002463474214513021	0.08530161691548524	272.7092692788063	-2.436
TACTTA	TACTTA	4	3.31	0.0004259850905218317	0.000352692443785059	0.42226318498788606	1349.9754024062718	-3.13
TACTTC	TACTTC	4	3.01	0.0004259850905218317	0.00032049009022207535	0.35487453013235454	1134.5338728331374	-3.055
TACTTG	TACTTG	1	2.48	0.00010649627263045793	0.0002637526101349137	0.9159746726208103	2928.3710283687305	-3.467
TACTTT	TACTTT	3	6.70	0.0003194888178913738	0.0007130521146089234	0.9627712841283886	3077.9797953584584	-3.488
TAGAAA	TAGAAA	7	6.65	0.0007454739084132055	0.000708127736407589	0.4968449504883848	1588.4133067113662	-3.201
TAGAAC	TAGAAC	2	2.58	0.00021299254526091586	0.00027479583800891496	0.7287941435874792	2329.954877049171	-3.367
TAGAAG	TAGAAG	3	3.44	0.0003194888178913738	0.00036639445067855326	0.667996674484619	2135.5853683273267	-3.33
TAGAAT	TAGAAT	4	4.14	0.0004259850905218317	0.00044037794552710723	0.5924779765477086	1894.1520910230245	-3.277
TAGACA	TAGACA	2	2.87	0.00021299254526091586	0.0003057714299691352	0.7807693289967301	2496.1195448025464	-3.397
TAGACC	TAGACC	1	1.19	0.00010649627263045793	0.00012632810252245964	0.6946268729451444	2220.7221128056267	-3.346
TAGACG	TAGACG	1	1.16	0.00010649627263045793	0.00012345700928331288	0.6862821667099366	2194.044086971667	-3.341
TAGACT	TAGACT	1	2.17	0.00010649627263045793	0.0002311230057513181	0.885850355918979	2832.063587872976	-3.452
TAGAGA	TAGAGA	2	2.31	0.00021299254526091586	0.0002464681865409997	0.672438314100398	2149.7852901789724	-3.332
TAGAGC	TAGAGC	2	1.45	0.00021299254526091586	0.0001547940439861157	0.426498051833797	1363.5142717126491	-3.135
TAGAGG	TAGAGG	1	1.30	0.00010649627263045793	0.00013826264123031694	0.7270007418370432	2324.2213716530273	-3.366
TAGAGT	TAGAGT	3	2.41	0.0003194888178913738	0.0002569881701128717	0.4337150243753507	1386.5869329279963	-3.142
TAGATA	TAGATA	4	4.35	0.0004259850905218317	0.00046272667767413437	0.6308824343184292	2016.931142516018	-3.305
TAGATC	TAGATC	1	1.74	0.00010649627263045793	0.00018562101683203096	0.8250021075112854	2637.53173771358	-3.421
TAGATG	TAGATG	6	1.79	0.0006389776357827476	0.00019092447445580326	0.010191334573836757	32.58169663255612	-1.513
TAGATT	TAGATT	2	3.20	0.00021299254526091586	0.00034074715232737106	0.8287486168150058	2649.5093279575735	-3.423
TAGCAA	TAGCAA	4	2.64	0.0004259850905218317	0.000280978040705066	0.2723733980268856	870.7777534919533	-2.94
TAGCAC	TAGCAC	1	2.08	0.00010649627263045793	0.00022137663813126397	0.8749106043454921	2797.089202092538	-3.447
TAGCAG	TAGCAG	1	1.36	0.00010649627263045793	0.00014474626339351873	0.7431254417047888	2375.77203713021	-3.376
TAGCAT	TAGCAT	3	2.59	0.0003194888178913738	0.000275301716650418	0.47781920875419726	1527.5880103871687	-3.184
TAGCCA	TAGCCA	3	2.05	0.0003194888178913738	0.00021786272324029153	0.3356994791602829	1073.2312348754244	-3.031
TAGCCC	TAGCCC	1	0.94	0.00010649627263045793	0.00010014657439271465	0.6095191433423043	1948.632701265347	-3.29
TAGCCG	TAGCCG	1	0.79	0.00010649627263045793	8.433395738333864e-05	0.5470148157254071	1748.8063658741266	-3.243
TAGCGA	TAGCGA	1	1.01	0.00010649627263045793	0.00010800732798284299	0.6373034735850651	2037.4592050514532	-3.309
TAGCGC	TAGCGC	3	1.10	0.0003194888178913738	0.00011671759636855613	0.09877512106211161	315.78406203557086	-2.499
TAGCGG	TAGCGG	2	0.79	0.00021299254526091586	8.361857650284616e-05	0.1858902226460555	594.2910417994394	-2.774
TAGCGT	TAGCGT	1	1.75	0.00010649627263045793	0.00018639974345426111	0.8262770675330073	2641.6077849030244	-3.422
TAGCTA	TAGCTA	2	2.11	0.00021299254526091586	0.00022467513271149338	0.6228730457950389	1991.3251274067393	-3.299
TAGCTC	TAGCTC	2	2.05	0.00021299254526091586	0.0002181152748221065	0.6068575196853471	1940.1234904340545	-3.288
TAGCTG	TAGCTG	2	1.39	0.00021299254526091586	0.00014759680251120002	0.4033015033394581	1289.3549061762474	-3.11
TAGCTT	TAGCTT	3	2.80	0.0003194888178913738	0.00029847353396709336	0.531181698576561	1698.1878903492654	-3.23
TAGGAA	TAGGAA	1	2.67	0.00010649627263045793	0.00028440269773726066	0.9307852529741637	2975.720453758401	-3.474
TAGGAC	TAGGAC	1	1.17	0.00010649627263045793	0.00012501217482956508	0.6908301020551442	2208.5838362702957	-3.344
TAGGAT	TAGGAT	1	1.76	0.00010649627263045793	0.00018751826224434765	0.8280921123390017	2647.4104831477885	-3.423
TAGGCC	TAGGCC	1	0.92	0.00010649627263045793	9.78549439236243e-05	0.6010255596601708	1921.478714233566	-3.284
TAGGCT	TAGGCT	1	1.48	0.00010649627263045793	0.0001571609705440027	0.7713908525678406	2466.1365556593864	-3.392
TAGGGT	TAGGGT	1	1.51	0.00010649627263045793	0.0001611001938109451	0.7796924644459418	2492.6768088336758	-3.397
TAGGTA	TAGGTA	3	2.10	0.0003194888178913738	0.00022343386363736473	0.34984046602622354	1118.4399698858367	-3.049
TAGGTC	TAGGTC	1	1.54	0.00010649627263045793	0.0001640598299435196	0.7857307341306478	2511.9811570156808	-3.4
TAGGTG	TAGGTG	3	1.66	0.0003194888178913738	0.00017655962651064492	0.23170546307716497	740.7623654576964	-2.87
TAGGTT	TAGGTT	1	2.48	0.00010649627263045793	0.00026405820248052184	0.9162154387107391	2929.140757558233	-3.467
TAGTAA	TAGTAA	5	3.31	0.0005324813631522897	0.0003521619043770309	0.23864988135601842	762.9636706951909	-2.883
TAGTAC	TAGTAC	4	2.20	0.0004259850905218317	0.00023477460291802056	0.18153977724801676	580.3826678619096	-2.764
TAGTAG	TAGTAG	3	1.94	0.0003194888178913738	0.00020654221395952435	0.30693453136338406	981.2696967687389	-2.992
TAGTAT	TAGTAT	3	4.58	0.0003194888178913738	0.0004873801883361441	0.8348454567492604	2669.0009252273853	-3.426
TAGTCA	TAGTCA	9	3.07	0.0009584664536741214	0.0003268485941724929	0.004395965136945389	14.053900542814409	-1.148
TAGTCG	TAGTCG	1	1.38	0.00010649627263045793	0.00014740230717583008	0.749452727674055	2396.000370373954	-3.379
TAGTCT	TAGTCT	4	2.81	0.0004259850905218317	0.0002996112113247852	0.31103394673935264	994.3755277257104	-2.998
TAGTGA	TAGTGA	1	2.81	0.00010649627263045793	0.0002997513010314376	0.9400751928397485	3005.420391508676	-3.478
TAGTGC	TAGTGC	1	2.07	0.00010649627263045793	0.00021994738322436664	0.8732205008244708	2791.685941135833	-3.446
TAGTGG	TAGTGG	3	1.75	0.0003194888178913738	0.0001868579538897275	0.2572537090069087	822.4401076950871	-2.915
TAGTTA	TAGTTA	7	3.04	0.0007454739084132055	0.00032356946093918976	0.035477245395419875	113.42075352915734	-2.055
TAGTTC	TAGTTC	2	2.76	0.00021299254526091586	0.00029402616233169856	0.7621811115111843	2436.6930135012562	-3.387
TAGTTG	TAGTTG	2	2.27	0.00021299254526091586	0.00024197368383278544	0.6626690754894327	2118.5530343397163	-3.326
TAGTTT	TAGTTT	8	6.14	0.0008519701810436634	0.0006541730405944488	0.2758870694957041	882.0109611777659	-2.945
TATAAA	TATAAA	14	13.91	0.001490947816826411	0.001481114978550574	0.5257350090402181	1680.7748239015773	-3.226
TATAAC	TATAAC	5	5.40	0.0005324813631522897	0.0005747610364524613	0.6262099648694963	2001.9932576877798	-3.301
TATAAG	TATAAG	8	7.20	0.0008519701810436634	0.0007663480486032816	0.4304656010112865	1376.1985264330829	-3.139
TATAAT	TATAAT	10	8.65	0.0010649627263045794	0.0009210914045712527	0.3664592354645314	1171.5701757801069	-3.069
TATACA	TATACA	8	9.11	0.0008519701810436634	0.0009699832052576907	0.6886151890077272	2201.502759257704	-3.343
TATACC	TATACC	3	3.76	0.0003194888178913738	0.0004007442350360414	0.7250727975647868	2318.0577338146236	-3.365
TATACG	TATACG	6	3.68	0.0006389776357827476	0.0003916364115124951	0.16670509311727177	532.9561826959178	-2.727
TATACT	TATACT	7	6.88	0.0007454739084132055	0.0007331797936454852	0.5329499584219893	1703.8410170751	-3.231
TATAGA	TATAGA	3	6.38	0.0003194888178913738	0.0006793457480501226	0.9529579528988321	3046.606575417566	-3.484
TATAGC	TATAGC	2	4.01	0.00021299254526091586	0.0004266622685924552	0.9088865510524949	2905.7103037148263	-3.463
TATAGT	TATAGT	3	6.65	0.0003194888178913738	0.0007083422129059208	0.9615264180736661	3073.999958581511	-3.488
TATATA	TATATA	64	19.08	0.006815761448349307	0.0020315024333817993	5.161112161114053e-16	1.6500075579081629e-12	11.783
TATATC	TATATC	3	7.65	0.0003194888178913738	0.0008149293429038735	0.9819830050208237	3139.3996670515735	-3.497
TATATG	TATATG	8	7.87	0.0008519701810436634	0.0008382130384154126	0.5288666882907823	1690.7868024656311	-3.228
TATATT	TATATT	9	14.05	0.0009584664536741214	0.0014959774366163961	0.9393677468767994	3003.1586867651276	-3.478
TATCAA	TATCAA	5	5.43	0.0005324813631522897	0.0005781783923187491	0.6313274150371521	2018.353745873775	-3.305
TATCAC	TATCAC	1	4.28	0.00010649627263045793	0.0004555344909178021	0.986122255952555	3152.6328522803183	-3.499
TATCAG	TATCAG	1	2.80	0.00010649627263045793	0.0002978494748308706	0.9389954342141723	3001.9684031827087	-3.477
TATCAT	TATCAT	9	5.32	0.0009584664536741214	0.0005664980207567539	0.09095013415589515	290.7675788963968	-2.464
TATCCA	TATCCA	3	3.58	0.0003194888178913738	0.00038091171250103603	0.6931172428864532	2215.8958255079906	-3.346
TATCCC	TATCCC	2	1.64	0.00021299254526091586	0.0001750965130045085	0.4892138339566084	1564.016627159277	-3.194
TATCCG	TATCCG	1	1.38	0.00010649627263045793	0.00014744969516169133	0.7495641896917316	2396.356714444466	-3.38
TATCCT	TATCCT	1	2.48	0.00010649627263045793	0.00026418070383136345	0.916311759650717	2929.448695603342	-3.467
TATCGA	TATCGA	3	1.75	0.0003194888178913738	0.00018687062277017896	0.2572853842799632	822.5413735430425	-2.915
TATCGG	TATCGG	2	1.36	0.00021299254526091586	0.00014467403053175157	0.3937530846011315	1258.8286114698174	-3.1
TATCGT	TATCGT	2	3.03	0.00021299254526091586	0.00032250252639369633	0.8050387755473376	2573.7089654248384	-3.411
TATCTA	TATCTA	8	4.13	0.0008519701810436634	0.00043978736022263755	0.05922773990750806	189.35108448430327	-2.277
TATCTC	TATCTC	1	4.01	0.00010649627263045793	0.00042694685335482294	0.9818490241341251	3138.971330156798	-3.497
TATCTG	TATCTG	2	2.71	0.00021299254526091586	0.00028891140452582027	0.7536669378382862	2409.473200269001	-3.382
TATCTT	TATCTT	4	5.49	0.0004259850905218317	0.0005842430624855477	0.7967140595327117	2547.094848326079	-3.406
TATGAA	TATGAA	4	6.14	0.0004259850905218317	0.0006539735565682173	0.860926079984786	2752.380677711361	-3.44
TATGAC	TATGAC	3	2.70	0.0003194888178913738	0.0002874609039860295	0.506193700753161	1618.3012613078556	-3.209
TATGAT	TATGAT	3	4.05	0.0003194888178913738	0.00043119135597904435	0.7689726580476948	2458.4055877784804	-3.391
TATGCA	TATGCA	4	3.70	0.0004259850905218317	0.00039379103046829363	0.5053661308060243	1615.6555201868598	-3.208
TATGCC	TATGCC	1	2.22	0.00010649627263045793	0.00023627461828097605	0.891240762017799	2849.2967161709034	-3.455
TATGCG	TATGCG	2	1.98	0.00021299254526091586	0.00021121518906935734	0.5894579804211866	1884.4971634065334	-3.275
TATGCT	TATGCT	4	3.56	0.0004259850905218317	0.0003794713566330828	0.47694910908438076	1524.8063017427653	-3.183
TATGGA	TATGGA	2	2.76	0.00021299254526091586	0.00029378578288052296	0.7617867622763127	2435.4322789973717	-3.387
TATGGC	TATGGC	1	1.93	0.00010649627263045793	0.00020529608924181112	0.8545219812956869	2731.906774202311	-3.436
TATGGG	TATGGG	1	1.89	0.00010649627263045793	0.00020175650149626266	0.8496055168089764	2716.1888372382978	-3.434
TATGGT	TATGGT	1	3.16	0.00010649627263045793	0.0003362608358271046	0.9574676045876518	3061.0239318667227	-3.486
TATGTA	TATGTA	6	4.30	0.0006389776357827476	0.00045762410281575126	0.2628539539157988	840.3440906688088	-2.924
TATGTG	TATGTG	4	3.40	0.0004259850905218317	0.0003616190462809784	0.44068140317289306	1408.858445943739	-3.149
TATGTT	TATGTT	4	5.08	0.0004259850905218317	0.0005408284851458877	0.7458045224021321	2384.3370581196164	-3.377
TATTAA	TATTAA	5	5.53	0.0005324813631522897	0.0005892229985939015	0.6475705538773454	2070.283060745873	-3.316
TATTAC	TATTAC	5	3.69	0.0005324813631522897	0.0003928153323959342	0.31056836156813883	992.8870519333399	-2.997
TATTAG	TATTAG	3	3.24	0.0003194888178913738	0.0003455780455888281	0.6294039209267146	2012.2043352027065	-3.304
TATTAT	TATTAT	11	7.66	0.0011714589989350373	0.0008154647406700408	0.15160540482144938	484.68247921417367	-2.685
TATTCA	TATTCA	4	6.35	0.0004259850905218317	0.0006767825088142787	0.8777742951192828	2806.244421496347	-3.448
TATTCC	TATTCC	4	3.24	0.0004259850905218317	0.0003450263770425734	0.40632818637489787	1299.0312118405484	-3.114
TATTCT	TATTCT	3	5.83	0.0003194888178913738	0.0006203839664130888	0.9297721746078016	2972.4816422211416	-3.473
TATTGA	TATTGA	3	4.46	0.0003194888178913738	0.00047463154375989723	0.8215030990984018	2626.3454078175905	-3.419
TATTGC	TATTGC	3	3.27	0.0003194888178913738	0.00034826860029135297	0.6345622981574823	2028.695667209471	-3.307
TATTGG	TATTGG	3	2.78	0.0003194888178913738	0.00029587420909707874	0.5253477291162514	1679.5366899846556	-3.225
TATTGT	TATTGT	3	4.54	0.0003194888178913738	0.0004838776127941807	0.8312681124531285	2657.5641555126517	-3.424
TATTTA	TATTTA	9	8.70	0.0009584664536741214	0.0009261456501121256	0.5037418842856403	1610.462804061192	-3.207
TATTTC	TATTTC	10	7.90	0.0010649627263045794	0.0008415845255366708	0.2713517393824378	867.5115108056536	-2.938
TATTTG	TATTTG	4	6.50	0.0004259850905218317	0.0006925958774751549	0.8883893121243076	2840.1806308614114	-3.453
TATTTT	TATTTT	19	17.58	0.0020234291799787005	0.0018724249013136447	0.39870178451913413	1274.6496051076717	-3.105
TCAAAA	TCAAAA	9	9.67	0.0009584664536741214	0.0010297997355405517	0.6288049728279204	2010.2894981308614	-3.303
TCAAAC	TCAAAC	3	3.75	0.0003194888178913738	0.00039962377797096016	0.7233393083109102	2312.51576866998	-3.364
TCAAAG	TCAAAG	7	5.00	0.0007454739084132055	0.0005328317039612801	0.2382977242983521	761.8378245818317	-2.882
TCAAAT	TCAAAT	8	6.01	0.0008519701810436634	0.0006404227211073084	0.25789052976010635	824.47602364306	-2.916
TCAACA	TCAACA	3	3.69	0.0003194888178913738	0.0003925708253583338	0.7122308899526129	2277.0021551785035	-3.357
TCAACC	TCAACC	2	1.52	0.00021299254526091586	0.00016218888559405345	0.449827461111672	1438.0983931740154	-3.158
TCAACT	TCAACT	7	2.79	0.0007454739084132055	0.00029673193841639337	0.023857906256767803	76.27372630288667	-1.882
TCAAGA	TCAAGA	3	3.91	0.0003194888178913738	0.0004167021019470774	0.7488441961690545	2394.0548951524675	-3.379
TCAAGG	TCAAGG	4	2.20	0.0004259850905218317	0.0002337597157264094	0.1796660130038808	574.3922435734069	-2.759
TCAAGT	TCAAGT	3	4.08	0.0003194888178913738	0.00043448816727408696	0.7733638871308043	2472.4443471571813	-3.393
TCAATA	TCAATA	7	5.96	0.0007454739084132055	0.000634701912183783	0.38724864164904116	1238.0339073519847	-3.093
TCAATC	TCAATC	2	2.39	0.00021299254526091586	0.00025460821692186136	0.6895442132486918	2204.4728497560677	-3.343
TCAATG	TCAATG	5	2.46	0.0005324813631522897	0.00026188273740534307	0.1034223824125533	330.6413565729329	-2.519
TCAATT	TCAATT	3	4.39	0.0003194888178913738	0.00046738794106370254	0.8135193266137013	2600.8212871840033	-3.415
TCACAA	TCACAA	2	5.76	0.00021299254526091586	0.0006136183977908731	0.9787325230561076	3129.007876210376	-3.495
TCACAC	TCACAC	2	4.54	0.00021299254526091586	0.0004834569194715967	0.940852873006034	3007.906635000291	-3.478
TCACAG	TCACAG	2	2.97	0.00021299254526091586	0.00031610644734681316	0.7960574586569489	2544.9956953262654	-3.406
TCACAT	TCACAT	2	5.65	0.00021299254526091586	0.0006012220665223702	0.9765184201631492	3121.929389261588	-3.494
TCACCA	TCACCA	1	3.08	0.00010649627263045793	0.0003276127074343635	0.9538696098029594	3049.521142540061	-3.484
TCACCC	TCACCC	2	1.41	0.00021299254526091586	0.00015059616390128	0.41302454206998684	1320.439460997748	-3.121
TCACCG	TCACCG	2	1.19	0.00021299254526091586	0.0001268178222326568	0.3340520363402004	1067.9643601796208	-3.029
TCACCT	TCACCT	3	2.13	0.0003194888178913738	0.00022721526483350998	0.35942006316753644	1149.065941946614	-3.06
TCACGC	TCACGC	1	1.80	0.00010649627263045793	0.00019187652706110887	0.8349852787069947	2669.447936026262	-3.426
TCACGG	TCACGG	2	1.29	0.00021299254526091586	0.00013746378058109292	0.369908599445419	1182.5977924270044	-3.073
TCACGT	TCACGT	11	2.88	0.0011714589989350373	0.0003064296775453527	0.00020616822822854108	0.6591198256466458	0.181
TCACTA	TCACTA	1	3.61	0.00010649627263045793	0.0003848700284398844	0.9730542465925508	3110.854426356385	-3.493
TCACTC	TCACTC	1	3.51	0.00010649627263045793	0.00037363294731755203	0.9700556127297016	3101.2677938968563	-3.492
TCACTG	TCACTG	4	2.37	0.0004259850905218317	0.0002528343252524785	0.21588439785217498	690.1824199334034	-2.839
TCACTT	TCACTT	3	4.80	0.0003194888178913738	0.0005112871910661238	0.857554302235161	2741.60110424581	-3.438
TCAGAA	TCAGAA	2	3.87	0.00021299254526091586	0.00041217480638302157	0.8984456844002382	2872.3308530275617	-3.458
TCAGAC	TCAGAC	1	1.70	0.00010649627263045793	0.00018117573906945998	0.8175428977697463	2613.684644169879	-3.417
TCAGAG	TCAGAG	1	1.72	0.00010649627263045793	0.00018344043580782824	0.8213819750813575	2625.9581743351	-3.419
TCAGAT	TCAGAT	3	2.55	0.0003194888178913738	0.00027176360860419005	0.469419231804147	1500.7332840778581	-3.176
TCAGCA	TCAGCA	4	1.99	0.0004259850905218317	0.00021243336498041605	0.14193031159572572	453.75120617153516	-2.657
TCAGCC	TCAGCC	1	1.20	0.00010649627263045793	0.00012746001898824956	0.6978554030357881	2231.0437235054146	-3.349
TCAGCG	TCAGCG	1	1.07	0.00010649627263045793	0.00011394153212585943	0.656960948889201	2100.3041535987754	-3.322
TCAGCT	TCAGCT	2	1.92	0.00021299254526091586	0.00020470851534476448	0.5725302558974007	1830.37922810399	-3.263
TCAGGA	TCAGGA	2	1.56	0.00021299254526091586	0.0001666270467036818	0.4635675008844907	1482.0253003277169	-3.171
TCAGGT	TCAGGT	4	1.79	0.0004259850905218317	0.000190717704058431	0.10724103517087981	342.8495894413027	-2.535
TCAGTA	TCAGTA	1	2.77	0.00010649627263045793	0.0002949874066492938	0.9373337183321225	2996.6558975077955	-3.477
TCAGTC	TCAGTC	1	2.03	0.00010649627263045793	0.00021659914474248852	0.8691712377339433	2778.7404470354168	-3.444
TCAGTG	TCAGTG	1	2.19	0.00010649627263045793	0.00023310193672286861	0.8879519168333228	2838.782278116133	-3.453
TCAGTT	TCAGTT	5	3.27	0.0005324813631522897	0.0003486214805855289	0.2326037919093658	743.6343227342425	-2.871
TCATAA	TCATAA	9	6.52	0.0009584664536741214	0.0006948661021041073	0.21138110330029056	675.785387251029	-2.83
TCATAC	TCATAC	1	4.35	0.00010649627263045793	0.0004632440680694048	0.9870914035640687	3155.7312171943277	-3.499
TCATAG	TCATAG	2	3.83	0.00021299254526091586	0.000407537502921818	0.8948742644400444	2860.913023414822	-3.457
TCATAT	TCATAT	3	9.03	0.0003194888178913738	0.000961671229916233	0.9939164647973124	3177.550937957008	-3.502
TCATCA	TCATCA	7	3.31	0.0007454739084132055	0.00035233413486090813	0.051524447288365346	164.72365798090402	-2.217
TCATCG	TCATCG	5	1.49	0.0005324813631522897	0.00015889578630982125	0.018203370082676525	58.19617415431685	-1.765
TCATCT	TCATCT	6	3.03	0.0006389776357827476	0.0003229729569558325	0.08725223962740532	278.9454100888148	-2.446
TCATGA	TCATGA	8	2.90	0.0008519701810436634	0.00030882644915794776	0.00988225591244345	31.59357215208171	-1.5
TCATGG	TCATGG	1	1.81	0.00010649627263045793	0.00019251518908547412	0.8359719165899334	2672.602217338017	-3.427
TCATGT	TCATGT	2	2.96	0.00021299254526091586	0.00031484254881686903	0.7942398703050304	2539.1848653651823	-3.405
TCATTA	TCATTA	5	3.74	0.0005324813631522897	0.00039781697137070707	0.3196441993891398	1021.9025054470799	-3.009
TCATTC	TCATTC	3	3.39	0.0003194888178913738	0.0003614945522455556	0.6591851841237295	2107.415033643563	-3.324
TCATTG	TCATTG	3	2.79	0.0003194888178913738	0.0002974979090250506	0.5289967207025322	1691.2025160859955	-3.228
TCATTT	TCATTT	14	7.55	0.001490947816826411	0.0008042821377712119	0.022687573243650217	72.53217165994974	-1.861
TCCAAA	TCCAAA	3	4.90	0.0003194888178913738	0.0005223176890122783	0.8670763035916897	2772.042942582632	-3.443
TCCAAC	TCCAAC	4	1.90	0.0004259850905218317	0.00020269044648237657	0.12585627708067113	402.36251782690556	-2.605
TCCAAG	TCCAAG	2	2.54	0.00021299254526091586	0.00027025392864316874	0.7203487545098844	2302.9549681681005	-3.362
TCCAAT	TCCAAT	3	3.05	0.0003194888178913738	0.000324824433465347	0.5879405016218	1879.6457836848947	-3.274
TCCACA	TCCACA	2	3.80	0.00021299254526091586	0.0004042600654571087	0.8922799295910762	2852.6189349026704	-3.455
TCCACC	TCCACC	2	1.57	0.00021299254526091586	0.00016701824300575387	0.4647688629458624	1485.866054837922	-3.172
TCCACT	TCCACT	3	2.87	0.0003194888178913738	0.000305567467317345	0.5468949670836732	1748.4232097665033	-3.243
TCCAGG	TCCAGG	2	1.11	0.00021299254526091586	0.00011804547068332513	0.3040624338951581	972.0876011628204	-2.988
TCCAGT	TCCAGT	1	2.06	0.00010649627263045793	0.00021941060311791972	0.8725798727052503	2789.637853038685	-3.446
TCCATA	TCCATA	4	4.76	0.0004259850905218317	0.0005071942821854515	0.7000500278450958	2238.0599390207713	-3.35
TCCATC	TCCATC	2	1.91	0.00021299254526091586	0.0002034590243723874	0.5692218871230632	1819.802373132433	-3.26
TCCATG	TCCATG	2	1.97	0.00021299254526091586	0.00020927213935445559	0.584455804311495	1868.5052063838496	-3.271
TCCATT	TCCATT	1	3.51	0.00010649627263045793	0.0003734926375978825	0.9700161347513311	3101.1415828000054	-3.492
TCCCAA	TCCCAA	5	2.24	0.0005324813631522897	0.00023887279480438336	0.07723012376257364	246.90470566894794	-2.393
TCCCAC	TCCCAC	1	1.77	0.00010649627263045793	0.00018820280802769589	0.8291935726327784	2650.9318517069923	-3.423
TCCCAT	TCCCAT	2	2.20	0.00021299254526091586	0.00023404708177803202	0.6448693895641984	2061.647438436742	-3.314
TCCCCA	TCCCCA	1	1.33	0.00010649627263045793	0.00014189894256056443	0.7361649206948704	2353.5192514615005	-3.372
TCCCCG	TCCCCG	2	0.52	0.00021299254526091586	5.4928622926670085e-05	0.0950266321783807	303.8001430742831	-2.483
TCCCCT	TCCCCT	1	0.92	0.00010649627263045793	9.841378274361729e-05	0.6031136931191814	1928.154476902023	-3.285
TCCCGA	TCCCGA	1	0.62	0.00010649627263045793	6.626859437594921e-05	0.4632710718368605	1481.077616662443	-3.171
TCCCGC	TCCCGC	2	0.67	0.00021299254526091586	7.16128358578806e-05	0.1462852718086922	467.67401397238893	-2.67
TCCCGG	TCCCGG	3	0.48	0.0003194888178913738	5.130471822654131e-05	0.013041919340604028	41.69501613191108	-1.62
TCCCTA	TCCCTA	3	1.29	0.0003194888178913738	0.0001374715735838933	0.1407874309470831	450.0974167378247	-2.653
TCCCTC	TCCCTC	1	1.25	0.00010649627263045793	0.00013345780501210084	0.7144016394954944	2283.942041467096	-3.359
TCCCTG	TCCCTG	1	0.85	0.00010649627263045793	9.030979286533128e-05	0.5717332179358844	1827.8310977410224	-3.262
TCCCTT	TCCCTT	2	1.71	0.00021299254526091586	0.000182626470016559	0.511356075851989	1634.8053744988088	-3.213
TCCGAA	TCCGAA	1	1.35	0.00010649627263045793	0.00014395735347554742	0.7412154842602259	2369.6659031799422	-3.375
TCCGAT	TCCGAT	2	0.89	0.00021299254526091586	9.491693635750378e-05	0.2243248396113501	717.1665122374862	-2.856
TCCGCA	TCCGCA	1	1.20	0.00010649627263045793	0.00012766295017109454	0.6984305985600059	2232.882623596339	-3.349
TCCGCT	TCCGCT	2	1.16	0.00021299254526091586	0.0001230206610739638	0.32111068823836325	1026.5908702980473	-3.011
TCCGGG	TCCGGG	1	0.52	0.00010649627263045793	5.515694962921675e-05	0.4042438006022164	1292.3674305252857	-3.111
TCCGGT	TCCGGT	1	0.86	0.00010649627263045793	9.192824938202805e-05	0.5781925133040342	1848.4814650329974	-3.267
TCCGTC	TCCGTC	3	1.18	0.0003194888178913738	0.0001252128713048145	0.11529680272371456	368.6038783077155	-2.567
TCCGTG	TCCGTG	1	1.27	0.00010649627263045793	0.00013475289959470512	0.7178537504898639	2294.9784403160947	-3.361
TCCGTT	TCCGTT	2	1.89	0.00021299254526091586	0.0002015330976239394	0.5640861452723394	1803.383406435669	-3.256
TCCTAC	TCCTAC	1	1.31	0.00010649627263045793	0.00013925103222351873	0.7295227242598492	2332.284149458738	-3.368
TCCTAG	TCCTAG	1	1.15	0.00010649627263045793	0.00012250565493081706	0.6834671020407426	2185.044325224254	-3.339
TCCTAT	TCCTAT	3	2.71	0.0003194888178913738	0.0002890780922108491	0.5099069457769381	1630.172505648871	-3.212
TCCTCA	TCCTCA	3	2.41	0.0003194888178913738	0.0002563136540266472	0.43206300322059027	1381.305421296227	-3.14
TCCTCC	TCCTCC	1	1.23	0.00010649627263045793	0.00013066970597436914	0.7068258679328414	2259.722299781294	-3.354
TCCTCG	TCCTCG	3	1.09	0.0003194888178913738	0.00011559243220809577	0.09666370641050805	309.03386939439423	-2.49
TCCTCT	TCCTCT	5	2.21	0.0005324813631522897	0.00023495418285775997	0.07317069654902827	233.92671686724339	-2.369
TCCTGA	TCCTGA	2	1.39	0.00021299254526091586	0.00014780459014498062	0.40397759602099853	1291.5163744791323	-3.111
TCCTGC	TCCTGC	2	1.02	0.00021299254526091586	0.00010845401744404415	0.2710035503300587	866.3983504051976	-2.938
TCCTGG	TCCTGG	1	0.87	0.00010649627263045793	9.213792632414375e-05	0.5790221789099149	1851.133905974998	-3.267
TCCTGT	TCCTGT	1	1.41	0.00010649627263045793	0.00015068390034261004	0.757055394908908	2420.306097523779	-3.384
TCCTTC	TCCTTC	3	1.84	0.0003194888178913738	0.00019603491902335092	0.280318821985109	896.1792738863934	-2.952
TCCTTG	TCCTTG	2	1.51	0.00021299254526091586	0.0001613301725933797	0.4471458901730926	1429.525410883377	-3.155
TCCTTT	TCCTTT	6	4.10	0.0006389776357827476	0.0004361542456739624	0.22996625388736572	735.2021136779082	-2.866
TCGAAA	TCGAAA	2	3.10	0.00021299254526091586	0.0003306663515356832	0.8159893721768076	2608.718022849254	-3.416
TCGAAC	TCGAAC	3	1.20	0.0003194888178913738	0.00012831828567056355	0.12157913934071275	388.68850847225866	-2.59
TCGAAT	TCGAAT	2	1.93	0.00021299254526091586	0.000205638278318211	0.5749800080504407	1838.2110857372588	-3.264
TCGACA	TCGACA	1	1.34	0.00010649627263045793	0.0001427826053879437	0.738345059590273	2360.4891555101026	-3.373
TCGACC	TCGACC	1	0.55	0.00010649627263045793	5.8989996592202175e-05	0.4253051461466934	1359.7005522309787	-3.133
TCGAGA	TCGAGA	3	1.08	0.0003194888178913738	0.00011509044459489853	0.09572773017915964	306.0415533827734	-2.486
TCGAGC	TCGAGC	2	0.68	0.00021299254526091586	7.228241337362532e-05	0.1484467102881504	474.58413279121686	-2.676
TCGAGG	TCGAGG	3	0.61	0.0003194888178913738	6.456293233372354e-05	0.023736794861621797	75.88653317260489	-1.88
TCGAGT	TCGAGT	1	1.13	0.00010649627263045793	0.0001200028416202906	0.6759400284087985	2160.980270822929	-3.335
TCGATA	TCGATA	3	2.03	0.0003194888178913738	0.00021607421147060483	0.3311553936612468	1058.703793535006	-3.025
TCGATC	TCGATC	1	0.81	0.00010649627263045793	8.667733411428262e-05	0.5568735756332699	1780.3248212995638	-3.25
TCGATG	TCGATG	1	0.84	0.00010649627263045793	8.915382937469078e-05	0.5670592766077073	1812.8885073148401	-3.258
TCGCAA	TCGCAA	6	2.12	0.0006389776357827476	0.00022575663048562237	0.02128795362700948	68.05758774554931	-1.833
TCGCAC	TCGCAC	1	1.67	0.00010649627263045793	0.00017786886038261145	0.8117884342204915	2595.2876242029115	-3.414
TCGCAG	TCGCAG	1	1.09	0.00010649627263045793	0.00011629887025016901	0.6644708334081783	2124.313254405946	-3.327
TCGCCA	TCGCCA	1	1.64	0.00010649627263045793	0.00017504554513844304	0.8067320418607149	2579.1223378287054	-3.411
TCGCCC	TCGCCC	1	0.76	0.00010649627263045793	8.046448445880034e-05	0.5302532264102243	1695.219564833487	-3.229
TCGCGA	TCGCGA	2	0.81	0.00021299254526091586	8.678034188001396e-05	0.1965617896685825	628.4080415704583	-2.798
TCGCGC	TCGCGC	1	0.88	0.00010649627263045793	9.377875654775703e-05	0.5854586389510447	1871.7112687264898	-3.272
TCGCTA	TCGCTA	4	1.70	0.0004259850905218317	0.0001805190924798924	0.0924539972281844	295.5754291385055	-2.471
TCGCTC	TCGCTC	2	1.65	0.00021299254526091586	0.00017524846204252314	0.48966687464948394	1565.4649982544001	-3.195
TCGCTG	TCGCTG	1	1.11	0.00010649627263045793	0.00011858918484080522	0.6716097021888033	2147.136217897604	-3.332
TCGCTT	TCGCTT	3	2.25	0.0003194888178913738	0.000239813684900295	0.39115438066494956	1250.5205549858438	-3.097
TCGGAA	TCGGAA	2	1.72	0.00021299254526091586	0.0001832810981466186	0.5132509352631891	1640.8632400364156	-3.215
TCGGAT	TCGGAT	2	1.13	0.00021299254526091586	0.0001208446800966716	0.3136658336212304	1002.7896700870737	-3.001
TCGGCG	TCGGCG	1	0.53	0.00010649627263045793	5.63734761096129e-05	0.4110105108107182	1314.000603061866	-3.119
TCGGCT	TCGGCT	1	0.95	0.00010649627263045793	0.00010128116046811813	0.6136571521195975	1961.8619153263533	-3.293
TCGGGA	TCGGGA	1	0.85	0.00010649627263045793	9.070568692921661e-05	0.5733223207234845	1832.91145935298	-3.263
TCGGGC	TCGGGC	1	0.60	0.00010649627263045793	6.338469689029604e-05	0.4485379769188548	1433.9759122095786	-3.157
TCGGTA	TCGGTA	2	1.35	0.00021299254526091586	0.0001439902090114136	0.39150896207860864	1251.6541517653118	-3.097
TCGGTT	TCGGTT	1	1.60	0.00010649627263045793	0.00017017024701348874	0.797678774510915	2550.179042111395	-3.407
TCGTAA	TCGTAA	2	2.56	0.00021299254526091586	0.0002721827500111652	0.7239620901230446	2314.5068021233733	-3.364
TCGTAC	TCGTAC	2	1.70	0.00021299254526091586	0.00018145516667411008	0.5079535460938678	1623.9274868620953	-3.211
TCGTCA	TCGTCA	4	2.37	0.0004259850905218317	0.0002526183215544731	0.21546338108023924	688.8364293135248	-2.838
TCGTCC	TCGTCC	2	1.21	0.00021299254526091586	0.0001287858109885549	0.3407309784361455	1089.3169380603572	-3.037
TCGTCG	TCGTCG	3	1.07	0.0003194888178913738	0.00011392590972064471	0.0935708654450464	299.14605682781337	-2.476
TCGTCT	TCGTCT	1	2.17	0.00010649627263045793	0.00023156679475826706	0.8863250481423828	2833.5811789111976	-3.452
TCGTGC	TCGTGC	1	1.60	0.00010649627263045793	0.0001699953427093983	0.7973462189480667	2549.115861976969	-3.406
TCGTGG	TCGTGG	2	1.36	0.00021299254526091586	0.00014442082212479866	0.3929225617705637	1256.1734299804923	-3.099
TCGTGT	TCGTGT	2	2.22	0.00021299254526091586	0.00023618821951659768	0.6497496838569854	2077.249739290782	-3.317
TCGTTA	TCGTTA	2	2.35	0.00021299254526091586	0.00025008390914358985	0.6801294077642396	2174.373716622274	-3.337
TCGTTC	TCGTTC	4	2.13	0.0004259850905218317	0.000227250160917436	0.1678065521157669	536.4775471141068	-2.73
TCGTTG	TCGTTG	2	1.76	0.00021299254526091586	0.00018701927118564113	0.5239775891008809	1675.1563523555162	-3.224
TCGTTT	TCGTTT	8	4.75	0.0008519701810436634	0.0005056044250076923	0.10837360169097182	346.47040460603694	-2.54
TCTAAA	TCTAAA	5	5.11	0.0005324813631522897	0.0005443050919231476	0.5787670217509966	1850.3181685379361	-3.267
TCTAAC	TCTAAC	3	1.98	0.0003194888178913738	0.00021122287149256467	0.31882589087920793	1019.2863731408278	-3.008
TCTAAG	TCTAAG	3	2.64	0.0003194888178913738	0.0002816304953234195	0.49268624558192914	1575.1179271254275	-3.197
TCTAAT	TCTAAT	3	3.18	0.0003194888178913738	0.0003384981914944949	0.6155906693668787	1968.043369965911	-3.294
TCTACA	TCTACA	2	3.35	0.00021299254526091586	0.00035646577433061106	0.8470552490959831	2708.0356313598577	-3.433
TCTACC	TCTACC	2	1.38	0.00021299254526091586	0.00014727224479386754	0.4022447331824184	1285.9764119841916	-3.109
TCTACG	TCTACG	1	1.35	0.00010649627263045793	0.00014392514832127967	0.7411372143327473	2369.415674221793	-3.375
TCTACT	TCTACT	2	2.53	0.00021299254526091586	0.00026944126604332597	0.7188144380742703	2298.049758523442	-3.361
TCTAGA	TCTAGA	5	2.34	0.0005324813631522897	0.000249657423761848	0.0890118799027149	284.57098004897955	-2.454
TCTAGC	TCTAGC	2	1.47	0.00021299254526091586	0.00015679704053335583	0.4328693204732497	1383.8832175529794	-3.141
TCTAGG	TCTAGG	1	1.32	0.00010649627263045793	0.00014005172552493907	0.7315486847436184	2338.7611451253483	-3.369
TCTAGT	TCTAGT	1	2.44	0.00010649627263045793	0.0002603135333126587	0.9132169608412329	2919.5546238094216	-3.465
TCTATA	TCTATA	11	7.01	0.0011714589989350373	0.0007465707489003167	0.09925348759954794	317.31339985575477	-2.501
TCTATC	TCTATC	5	2.81	0.0005324813631522897	0.0002994839680402416	0.1542217767957293	493.0470204159466	-2.693
TCTATG	TCTATG	2	2.89	0.00021299254526091586	0.0003080406528413913	0.7842100203984392	2507.1194352138104	-3.399
TCTATT	TCTATT	7	5.16	0.0007454739084132055	0.0005497669984738719	0.26191450460158155	837.3406712112562	-2.923
TCTCAA	TCTCAA	1	4.83	0.00010649627263045793	0.0005142140578139286	0.9920012500268933	3171.427996335978	-3.501
TCTCAC	TCTCAC	1	3.80	0.00010649627263045793	0.00040513834858067077	0.9777240819736978	3125.7838900699116	-3.495
TCTCAG	TCTCAG	1	2.49	0.00010649627263045793	0.00026489815099505393	0.916873658171907	2931.2450851755866	-3.467
TCTCAT	TCTCAT	4	4.73	0.0004259850905218317	0.0005038258950298085	0.6951563004679775	2222.414692596124	-3.347
TCTCCA	TCTCCA	1	3.18	0.00010649627263045793	0.00033877114737630536	0.9584584469286688	3064.191654830954	-3.486
TCTCCC	TCTCCC	4	1.46	0.0004259850905218317	0.0001557254467778178	0.06099565949824232	195.0031234158807	-2.29
TCTCCT	TCTCCT	4	2.21	0.0004259850905218317	0.00023495418285775997	0.1818720062524277	581.4448039890113	-2.765
TCTCGA	TCTCGA	5	1.56	0.0005324813631522897	0.00016619697743373033	0.021573361397932762	68.97003638919104	-1.839
TCTCGT	TCTCGT	3	2.69	0.0003194888178913738	0.00028682381589369626	0.5047268467537899	1613.6117290718662	-3.208
TCTCTA	TCTCTA	3	3.67	0.0003194888178913738	0.0003911333354545096	0.7099250272476663	2269.630312110789	-3.356
TCTCTC	TCTCTC	6	3.57	0.0006389776357827476	0.0003797133840543776	0.15116476551526833	483.2737553523129	-2.684
TCTCTG	TCTCTG	3	2.41	0.0003194888178913738	0.0002569489065029625	0.43361890902707007	1386.279652159543	-3.142
TCTCTT	TCTCTT	10	4.88	0.0010649627263045794	0.0005196077887059908	0.02765309022989807	88.40692946498413	-1.946
TCTGAA	TCTGAA	2	3.59	0.00021299254526091586	0.0003826473308392598	0.8736263530533471	2792.9834507115506	-3.446
TCTGAG	TCTGAG	3	1.60	0.0003194888178913738	0.00017029908680208812	0.2164111283627013	691.866377375556	-2.84
TCTGAT	TCTGAT	3	2.37	0.0003194888178913738	0.00025229494341050095	0.422184452699059	1349.7236952788917	-3.13
TCTGCA	TCTGCA	4	2.16	0.0004259850905218317	0.00023041158958759234	0.17353124826161312	554.7794006923772	-2.744
TCTGCG	TCTGCG	1	1.16	0.00010649627263045793	0.0001235843980515267	0.6866572055233562	2195.24308605817	-3.341
TCTGCT	TCTGCT	1	2.08	0.00010649627263045793	0.00022203298632986163	0.875679173179069	2799.5463166534832	-3.447
TCTGGA	TCTGGA	2	1.61	0.00021299254526091586	0.00017189738717826589	0.4796170503647661	1533.3357100161572	-3.186
TCTGGT	TCTGGT	1	1.85	0.00010649627263045793	0.00019675002146909951	0.8423665222105354	2693.0457715070816	-3.43
TCTGTA	TCTGTA	3	2.51	0.0003194888178913738	0.00026776104279973634	0.45984368766907685	1470.1202694780386	-3.167
TCTGTC	TCTGTC	2	1.85	0.00021299254526091586	0.00019660775869910716	0.5507522472885775	1760.7549345815823	-3.246
TCTGTG	TCTGTG	1	1.99	0.00010649627263045793	0.00021158739745713438	0.862867225030103	2758.5865184212394	-3.441
TCTGTT	TCTGTT	3	2.97	0.0003194888178913738	0.0003164448687633246	0.5703757961354835	1823.4914202451407	-3.261
TCTTAA	TCTTAA	1	3.67	0.00010649627263045793	0.00039063975374311184	0.9744752647622132	3115.397421444796	-3.494
TCTTAC	TCTTAC	1	2.45	0.00010649627263045793	0.0002604265024954078	0.9133089697985517	2919.8487764459696	-3.465
TCTTAT	TCTTAT	4	5.08	0.0004259850905218317	0.0005406322330284417	0.7455538216072235	2383.5355676782933	-3.377
TCTTCA	TCTTCA	1	4.21	0.00010649627263045793	0.0004486894659776636	0.985200976580088	3149.6875221265414	-3.498
TCTTCC	TCTTCC	2	2.15	0.00021299254526091586	0.00022874364932194607	0.6325494004931556	2022.2604333766183	-3.306
TCTTCG	TCTTCG	4	1.90	0.0004259850905218317	0.00020235015132325995	0.12530940015730496	400.61415230290396	-2.603
TCTTCT	TCTTCT	4	3.86	0.0004259850905218317	0.00041129867714619165	0.5391346319353827	1723.6134182974185	-3.236
TCTTGA	TCTTGA	5	2.95	0.0005324813631522897	0.00031466855471618427	0.17718951048104603	566.4748650079042	-2.753
TCTTGC	TCTTGC	4	2.17	0.0004259850905218317	0.00023089316027875847	0.17440913519023252	557.5860052031734	-2.746
TCTTGG	TCTTGG	1	1.84	0.00010649627263045793	0.0001961570211217772	0.8414863276233239	2690.2317894117664	-3.43
TCTTGT	TCTTGT	6	3.01	0.0006389776357827476	0.0003207984616262397	0.08516284565798739	272.2656175685857	-2.435
TCTTTA	TCTTTA	6	5.77	0.0006389776357827476	0.0006140108406382892	0.5159690746424536	1649.553131631924	-3.217
TCTTTC	TCTTTC	7	5.24	0.0007454739084132055	0.0005579489812756629	0.27355329266394046	874.5498766466177	-2.942
TCTTTG	TCTTTG	2	4.31	0.00021299254526091586	0.00045917332430341637	0.9287626018977634	2969.2540382671496	-3.473
TCTTTT	TCTTTT	12	11.66	0.0012779552715654952	0.0012413697430295845	0.49860623924385594	1594.0441468626075	-3.203
TGAAAA	TGAAAA	10	9.42	0.0010649627263045794	0.0010031869932771624	0.4677432879621131	1495.3752916148756	-3.175
TGAAAC	TGAAAC	2	3.66	0.00021299254526091586	0.00038929644515233147	0.8796613796746968	2812.2774308200055	-3.449
TGAAAG	TGAAAG	1	4.87	0.00010649627263045793	0.0005190619268697752	0.9923572018534417	3172.565974325453	-3.501
TGAAAT	TGAAAT	5	5.86	0.0005324813631522897	0.0006238725082569412	0.6955096801503985	2223.544447440824	-3.347
TGAACA	TGAACA	2	3.59	0.00021299254526091586	0.0003824257594442282	0.8734205157056097	2792.3253887108344	-3.446
TGAACC	TGAACC	2	1.48	0.00021299254526091586	0.0001579974968595873	0.43666949815466183	1396.0323856004538	-3.145
TGAACG	TGAACG	4	1.45	0.0004259850905218317	0.0001544066446582331	0.05951014516859329	190.25393410399275	-2.279
TGAACT	TGAACT	2	2.71	0.00021299254526091586	0.0002890636022090175	0.7539240484383256	2410.295182857327	-3.382
TGAAGA	TGAAGA	3	3.81	0.0003194888178913738	0.0004059334201762386	0.732990217692026	2343.3697259614073	-3.37
TGAAGC	TGAAGC	4	2.39	0.0004259850905218317	0.00025494598950093043	0.22001201914171786	703.378425196072	-2.847
TGAAGG	TGAAGG	2	2.14	0.00021299254526091586	0.00022771874790374348	0.6301302893295769	2014.5265349866575	-3.304
TGAAGT	TGAAGT	2	3.97	0.00021299254526091586	0.00042325984664717576	0.9065289201959865	2898.172957866569	-3.462
TGAATA	TGAATA	5	5.81	0.0005324813631522897	0.0006182995401301898	0.688113543627616	2199.898998977488	-3.342
TGAATC	TGAATC	3	2.33	0.0003194888178913738	0.0002480284688201334	0.4116332496422997	1315.9914991064322	-3.119
TGAATG	TGAATG	3	2.40	0.0003194888178913738	0.00025511499650070863	0.42912290510264434	1371.9059276131538	-3.137
TGAATT	TGAATT	5	4.28	0.0005324813631522897	0.0004553094034769591	0.4247944690038534	1358.0679174053193	-3.133
TGACAA	TGACAA	4	3.13	0.0004259850905218317	0.0003334929673618857	0.38220170204081466	1221.8988414244845	-3.087
TGACAC	TGACAC	2	2.47	0.00021299254526091586	0.0002627520348911825	0.7059137700642433	2256.8063228953856	-3.353
TGACAG	TGACAG	2	1.61	0.00021299254526091586	0.00017179940742885008	0.4793213778880408	1532.3904451080664	-3.185
TGACAT	TGACAT	4	3.07	0.0004259850905218317	0.000326755735698009	0.36805199891166424	1176.6622405205906	-3.071
TGACCA	TGACCA	2	1.67	0.00021299254526091586	0.00017805289792660817	0.49798266457952267	1592.050578660734	-3.202
TGACCC	TGACCC	2	0.77	0.00021299254526091586	8.184689662755375e-05	0.1799473043750579	575.2915320870601	-2.76
TGACCT	TGACCT	1	1.16	0.00010649627263045793	0.00012348830017490557	0.6863743302050539	2194.3387336655574	-3.341
TGACGA	TGACGA	1	0.91	0.00010649627263045793	9.649994007746102e-05	0.5959167820981354	1905.1459523677388	-3.28
TGACGG	TGACGG	1	0.70	0.00010649627263045793	7.470963102771175e-05	0.5041706358559899	1611.8335228315996	-3.207
TGACGT	TGACGT	1	1.56	0.00010649627263045793	0.000166540219165941	0.7906635803978141	2527.7514665318117	-3.403
TGACTA	TGACTA	5	1.96	0.0005324813631522897	0.0002091714464480804	0.04947385659102373	158.16791952150285	-2.199
TGACTC	TGACTC	3	1.91	0.0003194888178913738	0.00020306425093134816	0.2981085661839189	953.0530860899887	-2.979
TGACTG	TGACTG	2	1.29	0.00021299254526091586	0.00013741189912647603	0.3697356278964658	1182.0448023850013	-3.073
TGACTT	TGACTT	3	2.61	0.0003194888178913738	0.00027787739601131846	0.48389479763940163	1547.011668053167	-3.189
TGAGAA	TGAGAA	2	3.26	0.00021299254526091586	0.0003468879459505706	0.8361244314685996	2673.089807405113	-3.427
TGAGAC	TGAGAC	1	1.43	0.00010649627263045793	0.00015247821800025074	0.7611143914691739	2433.282709526949	-3.386
TGAGCC	TGAGCC	1	1.01	0.00010649627263045793	0.00010727085569749162	0.6347865621231388	2029.4126391076747	-3.307
TGAGCT	TGAGCT	2	1.62	0.00021299254526091586	0.00017228349551415306	0.4807811975713664	1537.0574886356583	-3.187
TGAGGC	TGAGGC	1	0.92	0.00010649627263045793	9.79948301029207e-05	0.6015492810075007	1923.1530513809798	-3.284
TGAGGG	TGAGGG	1	0.90	0.00010649627263045793	9.630526406666335e-05	0.5951774392913407	1902.7822734144163	-3.279
TGAGGT	TGAGGT	2	1.51	0.00021299254526091586	0.00016050877344443915	0.44457395497116864	1421.302934042826	-3.153
TGAGTA	TGAGTA	3	2.33	0.0003194888178913738	0.00024826256721467173	0.4122137926314922	1317.8474950428806	-3.12
TGAGTC	TGAGTC	3	1.71	0.0003194888178913738	0.0001822906962065772	0.24587102297975413	786.049660466274	-2.895
TGAGTG	TGAGTG	2	1.84	0.00021299254526091586	0.00019617951115564976	0.5495793627559247	1757.0052227306912	-3.245
TGAGTT	TGAGTT	1	2.76	0.00010649627263045793	0.00029340121579915734	0.936393360304306	2993.649572892866	-3.476
TGATAA	TGATAA	4	4.28	0.0004259850905218317	0.0004555159211657901	0.6187496540620507	1978.1426440363762	-3.296
TGATAC	TGATAC	2	2.85	0.00021299254526091586	0.0003036772807771933	0.7775514146448528	2485.8318726195944	-3.395
TGATAG	TGATAG	4	2.51	0.0004259850905218317	0.00026715912675968266	0.24426898179027864	780.9279347835209	-2.893
TGATAT	TGATAT	7	5.92	0.0007454739084132055	0.0006304186588286041	0.3807904609324829	1217.3871036011478	-3.085
TGATCA	TGATCA	3	2.17	0.0003194888178913738	0.00023097084102006248	0.36891321315763886	1179.4155424649714	-3.072
TGATCC	TGATCC	1	1.11	0.00010649627263045793	0.00011774984052003183	0.669011286536196	2138.8290830562187	-3.33
TGATCG	TGATCG	2	0.98	0.00021299254526091586	0.00010416332046002814	0.2561828474600184	819.0165633296789	-2.913
TGATCT	TGATCT	3	1.99	0.0003194888178913738	0.0002117232709350573	0.32009763878296177	1023.3521511891288	-3.01
TGATGA	TGATGA	1	1.90	0.00010649627263045793	0.00020244960006333154	0.8505811353127841	2719.3078895949707	-3.434
TGATGC	TGATGC	1	1.39	0.00010649627263045793	0.00014855068056595112	0.7521399212223641	2404.591328147898	-3.381
TGATGG	TGATGG	3	1.19	0.0003194888178913738	0.00012620234809142757	0.11728498061726224	374.9600830333874	-2.574
TGATGT	TGATGT	2	1.94	0.00021299254526091586	0.00020639342344118877	0.5769621026740731	1844.5478422490116	-3.266
TGATTA	TGATTA	2	2.45	0.00021299254526091586	0.00026078688199149275	0.7020309683787398	2244.393005906831	-3.351
TGATTC	TGATTC	1	2.23	0.00010649627263045793	0.0002369759058096608	0.8919545984586564	2851.5788512723248	-3.455
TGATTG	TGATTG	6	1.83	0.0006389776357827476	0.00019502323348929025	0.011214738212476873	35.85351806528856	-1.555
TGATTT	TGATTT	5	4.95	0.0005324813631522897	0.0005272430440262787	0.5508338289952373	1761.0157512977735	-3.246
TGCAAA	TGCAAA	8	4.37	0.0008519701810436634	0.0004650578859259195	0.07602970649995246	243.06697168034802	-2.386
TGCAAC	TGCAAC	1	1.69	0.00010649627263045793	0.0001804702243891627	0.8163301464166229	2609.8074780939437	-3.417
TGCAAG	TGCAAG	1	2.26	0.00010649627263045793	0.0002406269658522169	0.8955959915705245	2863.220385050967	-3.457
TGCAAT	TGCAAT	3	2.72	0.0003194888178913738	0.0002892151031877609	0.5102208601516826	1631.176089904929	-3.213
TGCACA	TGCACA	3	3.38	0.0003194888178913738	0.00035994249354502964	0.6563590513257619	2098.3798870884607	-3.322
TGCACC	TGCACC	1	1.40	0.00010649627263045793	0.00014870863583081042	0.7525072747788686	2405.765757468043	-3.381
TGCACG	TGCACG	6	1.36	0.0006389776357827476	0.00014532889410738293	0.002827765379572387	9.04036591849292	-0.956
TGCACT	TGCACT	5	2.55	0.0005324813631522897	0.0002720692087359146	0.11625300764860588	371.660865452593	-2.57
TGCAGC	TGCAGC	1	1.10	0.00010649627263045793	0.00011767142275875981	0.6687674756341412	2138.049619602349	-3.33
TGCAGT	TGCAGT	3	1.83	0.0003194888178913738	0.0001953574105994944	0.27860883898467154	890.7124582339949	-2.95
TGCATA	TGCATA	2	4.24	0.00021299254526091586	0.00045159240360579766	0.9245318667419843	2955.7283779741238	-3.471
TGCATC	TGCATC	3	1.70	0.0003194888178913738	0.0001811545458590592	0.24305166779513424	777.0361819410441	-2.89
TGCATG	TGCATG	1	1.75	0.00010649627263045793	0.00018633039002646088	0.8261638973299456	2641.2459797638357	-3.422
TGCATT	TGCATT	2	3.12	0.00021299254526091586	0.00033254798775555865	0.8184338741484707	2616.533095652661	-3.418
TGCCAA	TGCCAA	1	2.61	0.00010649627263045793	0.00027761124236195693	0.9262275236244178	2961.149393027264	-3.471
TGCCAC	TGCCAC	4	2.05	0.0004259850905218317	0.00021872400913366293	0.15271622268696364	488.2337639302227	-2.689
TGCCAG	TGCCAG	2	1.34	0.00021299254526091586	0.00014301185212585652	0.38829173323166155	1241.368671141622	-3.094
TGCCAT	TGCCAT	3	2.55	0.0003194888178913738	0.0002720029344354526	0.4699893625719867	1502.5559921426416	-3.177
TGCCCG	TGCCCG	1	0.60	0.00010649627263045793	6.383650036159141e-05	0.4508725628181285	1441.4395833295569	-3.159
TGCCGT	TGCCGT	2	1.25	0.00021299254526091586	0.00013291384017095594	0.35466964206179186	1133.8788456715486	-3.055
TGCCTA	TGCCTA	1	1.50	0.00010649627263045793	0.00015976559558961335	0.7769142255275024	2483.7947790114254	-3.395
TGCCTC	TGCCTC	1	1.46	0.00010649627263045793	0.00015510090666728875	0.7669255884685231	2451.8611063338685	-3.389
TGCCTG	TGCCTG	2	0.99	0.00021299254526091586	0.00010495550075230074	0.2589188808729559	827.76366215084	-2.918
TGCCTT	TGCCTT	1	1.99	0.00010649627263045793	0.00021224334596576372	0.8637092787617432	2761.278564201293	-3.441
TGCGAA	TGCGAA	2	1.67	0.00021299254526091586	0.00017760120463754573	0.4966491757201971	1587.7874147774703	-3.201
TGCGAT	TGCGAT	2	1.10	0.00021299254526091586	0.00011709969536541476	0.30081185952205586	961.6955148920126	-2.983
TGCGCC	TGCGCC	3	0.89	0.0003194888178913738	9.449921045604913e-05	0.0607897412996334	194.344802934928	-2.289
TGCGCG	TGCGCG	5	0.79	0.0005324813631522897	8.44765669228318e-05	0.0013601301985861581	4.348336244879947	-0.638
TGCGGA	TGCGGA	1	0.93	0.00010649627263045793	9.90867377121551e-05	0.605613729165593	1936.1470921424007	-3.287
TGCGTA	TGCGTA	2	1.98	0.00021299254526091586	0.00021038160609606786	0.5873175252378419	1877.6541281853804	-3.274
TGCGTC	TGCGTC	3	1.45	0.0003194888178913738	0.00015447600447613378	0.17884140728737685	571.7559790977438	-2.757
TGCGTT	TGCGTT	1	2.33	0.00010649627263045793	0.00024863280720444374	0.9031567957764852	2887.3922760974233	-3.461
TGCTAC	TGCTAC	1	1.62	0.00010649627263045793	0.0001722689934344136	0.8016269337924433	2562.8013073344414	-3.409
TGCTAG	TGCTAG	2	1.42	0.00021299254526091586	0.0001515531018188828	0.41611000077954924	1330.303672492219	-3.124
TGCTAT	TGCTAT	6	3.36	0.0006389776357827476	0.00035762170788916246	0.12421165316181289	397.1046551583158	-2.599
TGCTCA	TGCTCA	3	2.98	0.0003194888178913738	0.00031708845871815036	0.5717412356545215	1827.8567303875052	-3.262
TGCTCC	TGCTCC	1	1.52	0.00010649627263045793	0.00016165293973866487	0.780832960869729	2496.3229759005235	-3.397
TGCTCG	TGCTCG	1	1.34	0.00010649627263045793	0.0001430006774611266	0.7388803013724099	2362.2003234875942	-3.373
TGCTCT	TGCTCT	3	2.73	0.0003194888178913738	0.00029066442049163787	0.5135349440221394	1641.7712160387796	-3.215
TGCTGA	TGCTGA	2	1.72	0.00021299254526091586	0.0001828506946245921	0.5120056551194153	1636.8820794167707	-3.214
TGCTGT	TGCTGT	1	1.75	0.00010649627263045793	0.0001864127211432529	0.8262982362065167	2641.6754611522338	-3.422
TGCTTA	TGCTTA	3	2.51	0.0003194888178913738	0.00026688470204115096	0.45773718368049465	1463.3857762265413	-3.165
TGCTTC	TGCTTC	3	2.28	0.0003194888178913738	0.00024251696837652417	0.39791529513833224	1272.1351985572483	-3.105
TGCTTG	TGCTTG	1	1.87	0.00010649627263045793	0.0001995833423959912	0.8465050459445845	2706.2766318848367	-3.432
TGCTTT	TGCTTT	8	5.07	0.0008519701810436634	0.0005395712454310225	0.14041693784659942	448.91295029557836	-2.652
TGGAAA	TGGAAA	5	4.20	0.0005324813631522897	0.00044772416152865377	0.41097584494301326	1313.8897762828133	-3.119
TGGAAC	TGGAAC	1	1.63	0.00010649627263045793	0.00017374370447380584	0.8043549801454075	2571.5228715248677	-3.41
TGGAAG	TGGAAG	3	2.18	0.0003194888178913738	0.00023165827263174111	0.37064819648420366	1184.9622841599992	-3.074
TGGAAT	TGGAAT	3	2.61	0.0003194888178913738	0.0002784354238362275	0.48520661029735696	1551.2055331206502	-3.191
TGGACA	TGGACA	4	1.82	0.0004259850905218317	0.00019332847742536377	0.11118797418714842	355.4679534763135	-2.551
TGGACG	TGGACG	1	0.73	0.00010649627263045793	7.805750731728299e-05	0.5195153484324275	1660.8905689384708	-3.22
TGGACT	TGGACT	1	1.37	0.00010649627263045793	0.00014613091486142534	0.7464436748140417	2386.3804283804916	-3.378
TGGAGA	TGGAGA	1	1.46	0.00010649627263045793	0.00015583313078848394	0.7685226147433506	2456.966799334492	-3.39
TGGAGT	TGGAGT	1	1.53	0.00010649627263045793	0.00016248454490750466	0.7825377217181282	2501.773096332856	-3.398
TGGATA	TGGATA	3	2.75	0.0003194888178913738	0.000292565737969265	0.5178643331232736	1655.6122729951057	-3.219
TGGATG	TGGATG	1	1.13	0.00010649627263045793	0.00012071480305895172	0.6780992467679848	2167.8832919172473	-3.336
TGGATT	TGGATT	2	2.02	0.00021299254526091586	0.0002154423915704902	0.6001848641414531	1918.7910106602255	-3.283
TGGCAA	TGGCAA	4	1.86	0.0004259850905218317	0.00019766411424836076	0.11788259773210899	376.87066494955246	-2.576
TGGCAC	TGGCAC	3	1.46	0.0003194888178913738	0.00015573536274113262	0.18176451342394886	581.1011494163645	-2.764
TGGCAG	TGGCAG	1	0.96	0.00010649627263045793	0.00010182696794612516	0.6156321449239349	1968.17596732182	-3.294
TGGCAT	TGGCAT	1	1.82	0.00010649627263045793	0.0001936708998191008	0.8377423458222917	2678.2622795938664	-3.428
TGGCCA	TGGCCA	1	1.44	0.00010649627263045793	0.00015326337285635275	0.7628691240631718	2438.89258962996	-3.387
TGGCCG	TGGCCG	2	0.56	0.00021299254526091586	5.9327757234717174e-05	0.10798333260356582	345.2227143335999	-2.538
TGGCCT	TGGCCT	1	1.00	0.00010649627263045793	0.00010629556504553488	0.6314265832220552	2018.6707865609105	-3.305
TGGCGA	TGGCGA	1	0.71	0.00010649627263045793	7.598164171295655e-05	0.5100576832300001	1630.6544132863103	-3.212
TGGCGT	TGGCGT	2	1.23	0.00021299254526091586	0.0001311296074723604	0.3486573918298426	1114.6576816800068	-3.047
TGGCTA	TGGCTA	2	1.48	0.00021299254526091586	0.00015805580745602207	0.43685373323939813	1396.6213851663558	-3.145
TGGCTC	TGGCTC	3	1.44	0.0003194888178913738	0.00015344103935511618	0.17644890783467548	564.1071583474575	-2.751
TGGCTG	TGGCTG	1	0.97	0.00010649627263045793	0.00010383228227037945	0.6228020377405579	1991.0981146565634	-3.299
TGGCTT	TGGCTT	3	1.97	0.0003194888178913738	0.00020997194859121178	0.3156469638596226	1009.1233434592134	-3.004
TGGGAA	TGGGAA	2	2.07	0.00021299254526091586	0.00022013313672632876	0.6118385494019133	1956.0478424379169	-3.291
TGGGAG	TGGGAG	1	0.92	0.00010649627263045793	9.797134107050883e-05	0.6014613882217533	1922.8720581449454	-3.284
TGGGCC	TGGGCC	2	0.71	0.00021299254526091586	7.574160133314476e-05	0.15971216807449426	510.59980133415814	-2.708
TGGGCG	TGGGCG	1	0.64	0.00010649627263045793	6.770840119175061e-05	0.4704786995073802	1504.1204023250946	-3.177
TGGGCT	TGGGCT	1	1.14	0.00010649627263045793	0.00012164560214111116	0.6809004653773645	2176.838787811434	-3.338
TGGGGA	TGGGGA	1	1.02	0.00010649627263045793	0.00010894373497626948	0.6404786341385209	2047.6101933408513	-3.311
TGGGGC	TGGGGC	2	0.71	0.00021299254526091586	7.612935697136898e-05	0.16098469451326974	514.6680683589234	-2.712
TGGGGG	TGGGGG	1	0.70	0.00010649627263045793	7.48167818511729e-05	0.5046692618152073	1613.4276300232177	-3.208
TGGGGT	TGGGGT	1	1.17	0.00010649627263045793	0.0001246946364186217	0.6899068789014999	2205.632291848095	-3.344
TGGGTA	TGGGTA	2	1.62	0.00021299254526091586	0.00017294209107261932	0.48276319680579327	1543.3939401881212	-3.188
TGGGTC	TGGGTC	1	1.19	0.00010649627263045793	0.00012698545148688835	0.6965059852581992	2226.7296348704626	-3.348
TGGGTT	TGGGTT	1	1.92	0.00010649627263045793	0.00020438610763127732	0.8532735852883302	2727.9156521667915	-3.436
TGGTAA	TGGTAA	1	2.30	0.00010649627263045793	0.00024441876798497503	0.8992478996653822	2874.895535230227	-3.459
TGGTAC	TGGTAC	1	1.53	0.00010649627263045793	0.00016294584532331664	0.7834776465301245	2504.7780359568083	-3.399
TGGTAG	TGGTAG	2	1.35	0.00021299254526091586	0.00014335109177177852	0.3894081513354956	1244.9378598195794	-3.095
TGGTAT	TGGTAT	4	3.18	0.0004259850905218317	0.00033826732446865746	0.3922072399454981	1253.8865461057574	-3.098
TGGTCA	TGGTCA	1	2.13	0.00010649627263045793	0.000226850007659353	0.8811771525475729	2817.1233566945907	-3.45
TGGTGA	TGGTGA	4	1.95	0.0004259850905218317	0.00020804306993285325	0.1345891005494159	430.28135445648263	-2.634
TGGTGC	TGGTGC	1	1.43	0.00010649627263045793	0.00015265497988579483	0.7615105635210746	2434.5492715768755	-3.386
TGGTGG	TGGTGG	2	1.22	0.00021299254526091586	0.00012968918645164877	0.34378979476868077	1099.0959738754725	-3.041
TGGTGT	TGGTGT	1	1.99	0.00010649627263045793	0.0002120958570094672	0.8635203960753213	2760.674706252802	-3.441
TGGTTA	TGGTTA	4	2.11	0.0004259850905218317	0.00022457411780590523	0.16301427549507894	521.1566387577674	-2.717
TGGTTC	TGGTTC	1	1.92	0.00010649627263045793	0.00020406952444101826	0.8528367603481346	2726.5191228329863	-3.436
TGGTTG	TGGTTG	1	1.58	0.00010649627263045793	0.00016794238375050305	0.7934017067404713	2536.5052564492867	-3.404
TGGTTT	TGGTTT	6	4.26	0.0006389776357827476	0.00045403028165106913	0.25726294602953775	822.4696384564322	-2.915
TGTAAA	TGTAAA	4	4.58	0.0004259850905218317	0.0004877972304879479	0.6710893281165731	2145.472581988684	-3.332
TGTAAC	TGTAAC	4	1.78	0.0004259850905218317	0.00018929444765203936	0.10511658952369396	336.0577367072496	-2.526
TGTAAT	TGTAAT	5	2.85	0.0005324813631522897	0.00030335648662185817	0.15995755914022566	511.38431657130144	-2.709
TGTACA	TGTACA	6	3.00	0.0006389776357827476	0.00031945873750298306	0.08388946794995346	268.19462903600123	-2.428
TGTACG	TGTACG	1	1.21	0.00010649627263045793	0.00012898334002467868	0.7021465115378219	2244.7623973864165	-3.351
TGTACT	TGTACT	3	2.27	0.0003194888178913738	0.00024146881097643341	0.3952962393789174	1263.762077294399	-3.102
TGTAGA	TGTAGA	3	2.10	0.0003194888178913738	0.00022373885838822966	0.35061378538666227	1120.9122718811593	-3.05
TGTAGC	TGTAGC	3	1.32	0.0003194888178913738	0.00014051891715846136	0.1473951076258426	471.22215907981877	-2.673
TGTAGG	TGTAGG	2	1.18	0.00021299254526091586	0.00012551204251047023	0.32960946797376817	1053.7614691121369	-3.023
TGTAGT	TGTAGT	1	2.19	0.00010649627263045793	0.00023328868770967854	0.8881482312513957	2839.4098953107123	-3.453
TGTATA	TGTATA	5	6.28	0.0005324813631522897	0.0006690643704804929	0.750981999266894	2400.88945165626	-3.38
TGTATC	TGTATC	2	2.52	0.00021299254526091586	0.0002683925841469025	0.7168240238636376	2291.6864042920497	-3.36
TGTATG	TGTATG	3	2.59	0.0003194888178913738	0.00027606094369395686	0.47961360159184036	1533.3246842891135	-3.186
TGTATT	TGTATT	2	4.63	0.00021299254526091586	0.0004926921008982424	0.9449169253146165	3020.899410230829	-3.48
TGTCAA	TGTCAA	4	3.27	0.0004259850905218317	0.00034854837821573934	0.4136611127267981	1322.4745773875736	-3.121
TGTCAC	TGTCAC	1	2.58	0.00010649627263045793	0.00027461387374573385	0.9241216800068759	2954.417010981982	-3.47
TGTCAT	TGTCAT	2	3.21	0.00021299254526091586	0.00034150699683764335	0.8296772573766651	2652.4781918331983	-3.424
TGTCCA	TGTCCA	1	2.16	0.00010649627263045793	0.0002296283662610868	0.8842370090161453	2826.9057178246167	-3.451
TGTCCG	TGTCCG	2	0.83	0.00021299254526091586	8.888839984300131e-05	0.2037179052659259	651.286143135165	-2.814
TGTCCT	TGTCCT	2	1.50	0.00021299254526091586	0.00015925838305204395	0.4406459630624044	1408.7451439105068	-3.149
TGTCGA	TGTCGA	3	1.06	0.0003194888178913738	0.00011265286521949985	0.09123639015526686	291.6827393263881	-2.465
TGTCGC	TGTCGC	2	1.14	0.00021299254526091586	0.00012173777370494338	0.31672376626187276	1012.5658807392073	-3.005
TGTCGT	TGTCGT	5	1.83	0.0005324813631522897	0.0001944170415884915	0.03828480464252418	122.3965204421498	-2.088
TGTCTC	TGTCTC	2	2.42	0.00021299254526091586	0.0002573801361277733	0.6951987000951442	2222.550244204176	-3.347
TGTCTT	TGTCTT	2	3.31	0.00021299254526091586	0.00035220439680642653	0.8422764419192953	2692.757784815987	-3.43
TGTGAA	TGTGAA	8	3.87	0.0008519701810436634	0.00041249252712017697	0.04394579447506051	140.49470493676844	-2.148
TGTGAG	TGTGAG	1	1.72	0.00010649627263045793	0.00018358183899304574	0.8216189824106608	2626.7158867668827	-3.419
TGTGAT	TGTGAT	5	2.55	0.0005324813631522897	0.00027197309480451223	0.11612855485495528	371.26298987129206	-2.57
TGTGCA	TGTGCA	2	2.33	0.00021299254526091586	0.00024838291347362916	0.6765297501242171	2162.8656111471223	-3.335
TGTGCC	TGTGCC	2	1.40	0.00021299254526091586	0.0001490297480841774	0.40795644459595387	1304.2367533732645	-3.115
TGTGCT	TGTGCT	1	2.25	0.00010649627263045793	0.00023935080752913345	0.8943373791190166	2859.196601043496	-3.456
TGTGGA	TGTGGA	1	1.74	0.00010649627263045793	0.0001853048013872187	0.8244817205387881	2635.8680605625054	-3.421
TGTGGC	TGTGGC	4	1.22	0.0004259850905218317	0.00012949010217420094	0.035165724184331754	112.42482021730862	-2.051
TGTGGG	TGTGGG	3	1.19	0.0003194888178913738	0.00012725751420568024	0.1194191873123376	381.78314183754327	-2.582
TGTGGT	TGTGGT	3	1.99	0.0003194888178913738	0.0002120958570094672	0.32104457748114845	1026.3795142072315	-3.011
TGTGTA	TGTGTA	1	2.71	0.00010649627263045793	0.0002886454975827181	0.9334885537652908	2984.3629063876347	-3.475
TGTGTC	TGTGTC	1	1.99	0.00010649627263045793	0.0002119424982250728	0.8633237185472828	2760.0459281956632	-3.441
TGTGTG	TGTGTG	4	2.14	0.0004259850905218317	0.00022809049808984025	0.16932164098653754	541.3212862339606	-2.733
TGTGTT	TGTGTT	3	3.20	0.0003194888178913738	0.0003411264971432122	0.6207590801515055	1984.566779244363	-3.298
TGTTAA	TGTTAA	4	2.92	0.0004259850905218317	0.0003114391582694643	0.335839061337058	1073.6774790945744	-3.031
TGTTAC	TGTTAC	2	1.95	0.00021299254526091586	0.00020762610551297616	0.5801830379083849	1854.8451721931065	-3.268
TGTTAG	TGTTAG	3	1.72	0.0003194888178913738	0.000182658409280403	0.2467845986083231	788.9703617508089	-2.897
TGTTAT	TGTTAT	2	4.05	0.00021299254526091586	0.0004310212823307354	0.9118255823169007	2915.1063866671316	-3.465
TGTTCA	TGTTCA	3	3.36	0.0003194888178913738	0.0003577195312803543	0.6522819001008049	2085.3452346222734	-3.319
TGTTCG	TGTTCG	2	1.51	0.00021299254526091586	0.00016132449449898323	0.4471281341860563	1429.468644992822	-3.155
TGTTCT	TGTTCT	4	3.08	0.0004259850905218317	0.00032790957034032475	0.37047721928392885	1184.4156700507206	-3.074
TGTTGA	TGTTGA	1	2.36	0.00010649627263045793	0.0002508708058400092	0.9051707020002966	2893.8307342949483	-3.461
TGTTGC	TGTTGC	1	1.73	0.00010649627263045793	0.0001840805263631237	0.8224523299656725	2629.3800989002552	-3.42
TGTTGG	TGTTGG	3	1.47	0.0003194888178913738	0.00015638699584831755	0.18328204497993447	585.9526978008505	-2.768
TGTTGT	TGTTGT	2	2.40	0.00021299254526091586	0.00025575789946026924	0.6918999044955298	2212.003994672209	-3.345
TGTTTA	TGTTTA	6	4.60	0.0006389776357827476	0.0004895226805371876	0.3136570985292208	1002.7617439979189	-3.001
TGTTTC	TGTTTC	3	4.18	0.0003194888178913738	0.00044482713144466187	0.7866918392516369	2515.0538100874833	-3.401
TGTTTG	TGTTTG	4	3.44	0.0004259850905218317	0.00036607783066259256	0.449816188790214	1438.0623555623142	-3.158
TGTTTT	TGTTTT	8	9.29	0.0008519701810436634	0.0009896871584773575	0.7093028043116594	2267.641065384375	-3.356
TTAAAA	TTAAAA	9	9.84	0.0009584664536741214	0.0010479478985812895	0.6489062718360279	2074.553351059781	-3.317
TTAAAC	TTAAAC	2	3.82	0.00021299254526091586	0.00040666634870318674	0.8941904188408358	2858.7267690341523	-3.456
TTAAAG	TTAAAG	5	5.09	0.0005324813631522897	0.0005422217982709156	0.5754060381709165	1839.5731040324201	-3.265
TTAAAT	TTAAAT	2	6.12	0.00021299254526091586	0.0006517088921525427	0.9843408907106961	3146.9378276020952	-3.498
TTAACA	TTAACA	4	3.75	0.0004259850905218317	0.0003994891018909067	0.5164811784802223	1651.1903276012708	-3.218
TTAACC	TTAACC	2	1.55	0.00021299254526091586	0.00016504714068732302	0.4586994496722985	1466.4621406023382	-3.166
TTAACT	TTAACT	4	2.84	0.0004259850905218317	0.0003019612460302158	0.31595142155540556	1010.0966947126316	-3.004
TTAAGA	TTAAGA	1	3.98	0.00010649627263045793	0.0004240456440209002	0.9813477518767658	3137.3687627500203	-3.497
TTAAGC	TTAAGC	1	2.50	0.00010649627263045793	0.0002663213495984923	0.9179771549812857	2934.7729644751703	-3.468
TTAAGG	TTAAGG	3	2.23	0.0003194888178913738	0.00023787926371904148	0.3863044978145984	1235.0154795132712	-3.092
TTAAGT	TTAAGT	5	4.15	0.0005324813631522897	0.00044214515321691443	0.40078071790257336	1281.295955134527	-3.108
TTAATA	TTAATA	4	6.06	0.0004259850905218317	0.0006458872654005736	0.8544925837817091	2731.812790350124	-3.436
TTAATC	TTAATC	3	2.43	0.0003194888178913738	0.00025909517809765125	0.4388638717842582	1403.0477980942733	-3.147
TTAATG	TTAATG	5	2.50	0.0005324813631522897	0.00026649789747186986	0.10914489773130509	348.9362380469824	-2.543
TTAATT	TTAATT	6	4.47	0.0006389776357827476	0.0004756247197935454	0.29129244431209805	931.2619444657774	-2.969
TTACAA	TTACAA	6	4.96	0.0006389776357827476	0.0005283657044654171	0.3772585659270595	1206.0956352688092	-3.081
TTACAC	TTACAC	3	3.91	0.0003194888178913738	0.00041628813079093446	0.7482489739347014	2392.1519696692403	-3.379
TTACAG	TTACAG	2	2.56	0.00021299254526091586	0.0002721883932094571	0.7239726034937766	2314.540413369604	-3.364
TTACAT	TTACAT	10	4.86	0.0010649627263045794	0.0005176916498297518	0.02706678661911096	86.53251682129773	-1.937
TTACCA	TTACCA	4	2.65	0.0004259850905218317	0.00028209603815427636	0.2746718878877601	878.126025577169	-2.944
TTACCC	TTACCC	1	1.22	0.00010649627263045793	0.00012967317882898186	0.7040696478703865	2250.9106642416255	-3.352
TTACCG	TTACCG	1	1.03	0.00010649627263045793	0.00010919846638230049	0.641337555676407	2050.3561654974733	-3.312
TTACCT	TTACCT	3	1.84	0.0003194888178913738	0.00019564725226828828	0.27934026090978864	893.0508141285943	-2.951
TTACGA	TTACGA	3	1.44	0.0003194888178913738	0.00015288855781048634	0.17517542767872696	560.0358422888901	-2.748
TTACGG	TTACGG	1	1.11	0.00010649627263045793	0.00011836533507908616	0.6709187164904625	2144.9271366200087	-3.331
TTACGT	TTACGT	4	2.48	0.0004259850905218317	0.0002638560594471294	0.23764826445816978	759.7615014727688	-2.881
TTACTA	TTACTA	3	3.11	0.0003194888178913738	0.00033139834860943814	0.6013923181016336	1922.6512409709228	-3.284
TTACTC	TTACTC	6	3.02	0.0006389776357827476	0.0003217224844164619	0.08604729508152253	275.0932023756275	-2.439
TTACTG	TTACTG	2	2.04	0.00021299254526091586	0.0002177069443419664	0.605843665801896	1936.8821995686615	-3.287
TTACTT	TTACTT	7	4.13	0.0007454739084132055	0.0004402518207804214	0.12509442922051542	399.9268902179878	-2.602
TTAGAA	TTAGAA	3	4.48	0.0003194888178913738	0.0004775290872889764	0.8246140448185486	2636.2911012849	-3.421
TTAGAC	TTAGAC	2	1.97	0.00021299254526091586	0.0002099028955116379	0.5860845561229517	1873.7123259250768	-3.273
TTAGAG	TTAGAG	2	2.00	0.00021299254526091586	0.0002125266817055334	0.5928088181743457	1895.2097917033832	-3.278
TTAGAT	TTAGAT	3	2.96	0.0003194888178913738	0.00031485434326745693	0.5669897693874865	1812.6662927317943	-3.258
TTAGCA	TTAGCA	2	2.31	0.00021299254526091586	0.0002461167187267532	0.6716827330620732	2147.369697599448	-3.332
TTAGCT	TTAGCT	3	2.23	0.0003194888178913738	0.00023716701986396208	0.38451643949604714	1229.2990570688628	-3.09
TTAGGA	TTAGGA	1	1.81	0.00010649627263045793	0.00019304736800464605	0.8367895465602236	2675.216180353035	-3.427
TTAGGC	TTAGGC	1	1.27	0.00010649627263045793	0.0001349005704128851	0.7182447115351962	2296.228342778022	-3.361
TTAGGT	TTAGGT	3	2.07	0.0003194888178913738	0.00022095783084869126	0.34355886556284726	1098.3576932044227	-3.041
TTAGTA	TTAGTA	6	3.21	0.0006389776357827476	0.0003417604979186373	0.10645153009988	340.32554172931634	-2.532
TTAGTC	TTAGTC	7	2.36	0.0007454739084132055	0.00025094302294725125	0.010577171062848511	33.81521588792669	-1.529
TTAGTG	TTAGTG	2	2.54	0.00021299254526091586	0.0002700624913622799	0.7199879566940774	2301.8014975509655	-3.362
TTAGTT	TTAGTT	6	3.79	0.0006389776357827476	0.0004038987702674803	0.18335334294946815	586.1806374094497	-2.768
TTATAA	TTATAA	9	9.38	0.0009584664536741214	0.0009987964706274271	0.5930963632618353	1896.1290733480876	-3.278
TTATAC	TTATAC	1	6.25	0.00010649627263045793	0.000665864313751618	0.9980743003180279	3190.843538116735	-3.504
TTATAG	TTATAG	2	5.50	0.00021299254526091586	0.0005857920228574358	0.9734491787496914	3112.1170244627633	-3.493
TTATAT	TTATAT	9	12.98	0.0009584664536741214	0.0013823006006995616	0.8993148732649994	2875.109649828203	-3.459
TTATCA	TTATCA	7	4.76	0.0007454739084132055	0.0005064430245122514	0.20300940741623932	649.0210755097171	-2.812
TTATCC	TTATCC	1	2.42	0.00010649627263045793	0.0002581866399474222	0.9114663478627232	2913.957914117126	-3.464
TTATCG	TTATCG	2	2.14	0.00021299254526091586	0.00022839587379964267	0.6317299254340436	2019.6405716126374	-3.305
TTATCT	TTATCT	5	4.36	0.0005324813631522897	0.00046423943913623044	0.4409808906841278	1409.8159075171566	-3.149
TTATGA	TTATGA	2	4.17	0.00021299254526091586	0.0004439053315758743	0.9200003362966708	2941.2410751404564	-3.469
TTATGC	TTATGC	2	3.06	0.00021299254526091586	0.0003257227432991803	0.809425884864801	2587.734553912769	-3.413
TTATGT	TTATGT	3	4.25	0.0003194888178913738	0.0004525528380351444	0.796220771340069	2545.5178059742007	-3.406
TTATTA	TTATTA	8	5.37	0.0008519701810436634	0.0005718197876649677	0.17468498101227267	558.4678842962358	-2.747
TTATTC	TTATTC	5	4.88	0.0005324813631522897	0.0005196101548781664	0.5380497394526472	1720.1450170301132	-3.236
TTATTG	TTATTG	2	4.02	0.00021299254526091586	0.000427621754253802	0.909541257801999	2907.803401192991	-3.464
TTATTT	TTATTT	15	10.86	0.001597444089456869	0.0011560704402791735	0.13565189508699968	433.679108593138	-2.637
TTCAAA	TTCAAA	9	8.70	0.0009584664536741214	0.0009266774943155727	0.504419145554939	1612.6280083391403	-3.208
TTCAAC	TTCAAC	7	3.38	0.0007454739084132055	0.0003596061918239534	0.05619984152694615	179.67089336164682	-2.254
TTCAAG	TTCAAG	1	4.50	0.00010649627263045793	0.0004794749224319379	0.9889161869816733	3161.5650497804095	-3.5
TTCAAT	TTCAAT	6	5.41	0.0006389776357827476	0.0005762919740768483	0.45583404904289027	1457.3014547901203	-3.164
TTCACA	TTCACA	2	6.73	0.00021299254526091586	0.0007172238512887825	0.990804224936069	3167.6011071206126	-3.501
TTCACC	TTCACC	2	2.78	0.00021299254526091586	0.0002963178352742389	0.7659122594213368	2448.6214933700135	-3.389
TTCACG	TTCACG	6	2.72	0.0006389776357827476	0.00028958333901800626	0.05828619192000286	186.34095556824914	-2.27
TTCACT	TTCACT	3	5.09	0.0003194888178913738	0.0005421269486267323	0.8827719864245966	2822.2220405994353	-3.451
TTCAGC	TTCAGC	3	2.20	0.0003194888178913738	0.00023447287422625465	0.377742136361336	1207.6416099471912	-3.082
TTCAGG	TTCAGG	2	1.97	0.00021299254526091586	0.0002094320818331593	0.5848692601890345	1869.8270248243434	-3.272
TTCAGT	TTCAGT	4	3.66	0.0004259850905218317	0.0003892704999290247	0.4964675704272441	1587.2068226558995	-3.201
TTCATA	TTCATA	1	8.45	0.00010649627263045793	0.0008998460830143379	0.9997860043177408	3196.315855803817	-3.505
TTCATC	TTCATC	4	3.39	0.0004259850905218317	0.0003609697754212243	0.4393474122122223	1404.5936768424747	-3.148
TTCATG	TTCATG	7	3.49	0.0007454739084132055	0.0003712831975761164	0.06424077510386432	205.37775800705424	-2.313
TTCATT	TTCATT	10	6.22	0.0010649627263045794	0.0006626373734518188	0.10006577201494637	319.9102731317836	-2.505
TTCCAA	TTCCAA	5	4.41	0.0005324813631522897	0.00047001376149755124	0.45138946989131756	1443.0921352425423	-3.159
TTCCAC	TTCCAC	3	3.48	0.0003194888178913738	0.00037031387269504014	0.6749239535730636	2157.7318795730844	-3.334
TTCCAG	TTCCAG	1	2.27	0.00010649627263045793	0.00024212830137752622	0.897057505237136	2867.892844243124	-3.458
TTCCAT	TTCCAT	4	4.32	0.0004259850905218317	0.00046051853399254987	0.6271935882307901	2005.137901573836	-3.302
TTCCCA	TTCCCA	4	2.62	0.0004259850905218317	0.00027920490401610185	0.2687348271453838	859.145242383792	-2.934
TTCCCC	TTCCCC	2	1.21	0.00021299254526091586	0.00012834418974933714	0.33923401091350763	1084.5311328904838	-3.035
TTCCCT	TTCCCT	1	1.82	0.00010649627263045793	0.00019364211084987694	0.8376984770376182	2678.1220310892654	-3.428
TTCCGA	TTCCGA	1	1.22	0.00010649627263045793	0.00013039220869543673	0.7060609481156244	2257.2768511256513	-3.354
TTCCGC	TTCCGC	2	1.32	0.00021299254526091586	0.00014090770939668163	0.38134704738933256	1219.1665105036961	-3.086
TTCCGT	TTCCGT	3	2.11	0.0003194888178913738	0.00022503171500664059	0.3538906300279625	1131.3883441993962	-3.054
TTCCTC	TTCCTC	6	2.47	0.0006389776357827476	0.000262595851429261	0.03977381031931769	127.15687159085866	-2.104
TTCCTG	TTCCTG	2	1.67	0.00021299254526091586	0.00017769644081679328	0.4969305206584128	1588.6868745449458	-3.201
TTCCTT	TTCCTT	6	3.37	0.0006389776357827476	0.0003593416914295153	0.1262196969459926	403.5243711363384	-2.606
TTCGAA	TTCGAA	2	2.79	0.00021299254526091586	0.0002975540345567438	0.7679037162622853	2454.988180890526	-3.39
TTCGAG	TTCGAG	3	1.24	0.0003194888178913738	0.0001324278945005288	0.13007981218125048	415.86515954345776	-2.619
TTCGAT	TTCGAT	1	1.84	0.00010649627263045793	0.00019618947333411676	0.8415346235451725	2690.3861914739164	-3.43
TTCGCA	TTCGCA	1	2.48	0.00010649627263045793	0.0002638741611297969	0.916070521381729	2928.6774568573874	-3.467
TTCGCC	TTCGCC	1	1.49	0.00010649627263045793	0.00015832449667787805	0.7738749295707793	2474.0781498377814	-3.393
TTCGCT	TTCGCT	5	2.39	0.0005324813631522897	0.0002542787370887133	0.0943295815936798	301.5716723549943	-2.479
TTCGGA	TTCGGA	1	1.56	0.00010649627263045793	0.0001660104650612523	0.7896196649178613	2524.4140687424024	-3.402
TTCGGC	TTCGGC	1	1.09	0.00010649627263045793	0.00011600731293436903	0.6635509888607319	2121.37251138776	-3.327
TTCGTA	TTCGTA	1	3.31	0.00010649627263045793	0.0003524744993603423	0.9634741682303813	3080.2269158325294	-3.489
TTCGTC	TTCGTC	3	2.43	0.0003194888178913738	0.0002588099470827689	0.43816790447136994	1400.8227905949698	-3.146
TTCGTG	TTCGTG	3	2.62	0.0003194888178913738	0.00027852880019383703	0.4854259621205778	1551.9068008994873	-3.191
TTCGTT	TTCGTT	3	3.91	0.0003194888178913738	0.0004165607719713135	0.7486411140672962	2393.405641673146	-3.379
TTCTAA	TTCTAA	7	4.60	0.0007454739084132055	0.0004897993865397413	0.18186729331354282	581.4297367233963	-2.764
TTCTAC	TTCTAC	4	3.07	0.0004259850905218317	0.00032653292435982743	0.3675836063948618	1175.1647896443733	-3.07
TTCTAG	TTCTAG	3	2.70	0.0003194888178913738	0.000287266306873519	0.5057458939697468	1616.8696230212804	-3.209
TTCTAT	TTCTAT	10	6.37	0.0010649627263045794	0.000677865817658376	0.11134736939521686	355.9775399565083	-2.551
TTCTCA	TTCTCA	2	5.64	0.00021299254526091586	0.0006010357385956861	0.9764834934291019	3121.817728492839	-3.494
TTCTCC	TTCTCC	4	2.88	0.0004259850905218317	0.00030641037653897715	0.32527782479148987	1039.9132058583932	-3.017
TTCTCG	TTCTCG	5	2.55	0.0005324813631522897	0.00027105533309217204	0.11494340097917581	367.47405293042505	-2.565
TTCTCT	TTCTCT	9	5.17	0.0009584664536741214	0.0005509494270460456	0.08000445912180496	255.77425581241044	-2.408
TTCTGA	TTCTGA	4	3.25	0.0004259850905218317	0.0003465903575951722	0.40958679828510974	1309.4489941174959	-3.117
TTCTGC	TTCTGC	2	2.39	0.00021299254526091586	0.0002543163013523015	0.6889437197042645	2202.553071894534	-3.343
TTCTGG	TTCTGG	2	2.03	0.00021299254526091586	0.00021605632681257487	0.601725045811212	1923.7149714584448	-3.284
TTCTGT	TTCTGT	1	3.32	0.00010649627263045793	0.000353342117808065	0.9637705330170047	3081.174394055364	-3.489
TTCTTA	TTCTTA	2	4.75	0.00021299254526091586	0.0005058753783081502	0.9502597302341936	3037.980357558717	-3.483
TTCTTC	TTCTTC	3	4.32	0.0003194888178913738	0.00045968675681044965	0.8047008324593959	2572.6285613726886	-3.41
TTCTTG	TTCTTG	9	3.55	0.0009584664536741214	0.00037830680464783417	0.010785785356079566	34.482155783386375	-1.538
TTCTTT	TTCTTT	10	9.60	0.0010649627263045794	0.001022748047449086	0.4916037476610695	1571.6571812724392	-3.196
TTGAAA	TTGAAA	5	7.87	0.0005324813631522897	0.0008386382197147465	0.892972520351738	2854.8331475645064	-3.456
TTGAAC	TTGAAC	3	3.06	0.0003194888178913738	0.00032544169720273726	0.5892159383976849	1883.7233550573987	-3.275
TTGAAG	TTGAAG	2	4.07	0.00021299254526091586	0.000433922262936983	0.913731963796101	2921.201088256135	-3.466
TTGAAT	TTGAAT	5	4.90	0.0005324813631522897	0.0005215411814146434	0.5413000056963491	1730.5361182112279	-3.238
TTGACA	TTGACA	5	3.40	0.0005324813631522897	0.00036212620193336017	0.25588618757213627	818.0681416681197	-2.913
TTGACC	TTGACC	1	1.40	0.00010649627263045793	0.00014961082521190472	0.754595067909694	2412.4404321072916	-3.382
TTGACG	TTGACG	2	1.37	0.00021299254526091586	0.00014621057918436147	0.39878170806127605	1274.9051206718996	-3.105
TTGACT	TTGACT	2	2.57	0.00021299254526091586	0.0002737198052172349	0.7268131374451999	2323.6216004123044	-3.366
TTGAGA	TTGAGA	1	2.74	0.00010649627263045793	0.0002918931579006723	0.9354862405217819	2990.7495109481365	-3.476
TTGAGG	TTGAGG	1	1.54	0.00010649627263045793	0.0001637449422369624	0.7850962461523394	2509.952698949029	-3.4
TTGAGT	TTGAGT	2	2.86	0.00021299254526091586	0.00030435201220131085	0.7785927184634491	2489.1609209276467	-3.396
TTGATA	TTGATA	5	5.15	0.0005324813631522897	0.0005480088651064969	0.5847070275484489	1869.3083670723913	-3.272
TTGATC	TTGATC	2	2.06	0.00021299254526091586	0.00021983163643240556	0.6110973874342378	1953.6783476272583	-3.291
TTGATG	TTGATG	1	2.12	0.00010649627263045793	0.00022611254033047429	0.8803514703788367	2814.483650801141	-3.449
TTGATT	TTGATT	7	3.79	0.0007454739084132055	0.00040354807545091585	0.08989602538335474	287.3975931505851	-2.458
TTGCAA	TTGCAA	1	3.65	0.00010649627263045793	0.00038877629009436587	0.9740247044544894	3113.9569801410025	-3.493
TTGCAC	TTGCAC	1	2.88	0.00010649627263045793	0.0003063085921955608	0.943653642471365	3016.8606949809537	-3.48
TTGCAG	TTGCAG	2	1.88	0.00021299254526091586	0.00020027869489709743	0.560717452529964	1792.6136957382948	-3.253
TTGCAT	TTGCAT	1	3.58	0.00010649627263045793	0.0003809222236278128	0.9720366255346177	3107.6010918341726	-3.492
TTGCCA	TTGCCA	1	2.83	0.00010649627263045793	0.00030144655104959986	0.9410215475418053	3008.4458874911516	-3.478
TTGCCC	TTGCCC	1	1.30	0.00010649627263045793	0.0001385681726598967	0.7277828379326665	2326.7217328707347	-3.367
TTGCCT	TTGCCT	5	1.96	0.0005324813631522897	0.00020906776927633524	0.04938921499235331	157.89732033055353	-2.198
TTGCGA	TTGCGA	1	1.40	0.00010649627263045793	0.0001494447330147464	0.7542120343580914	2411.215873842818	-3.382
TTGCGC	TTGCGC	1	1.52	0.00010649627263045793	0.00016149672761270982	0.7805112437787189	2495.2944463605645	-3.397
TTGCGT	TTGCGT	3	2.42	0.0003194888178913738	0.00025791268439641693	0.4359764269794919	1393.8166370534357	-3.144
TTGCTA	TTGCTA	4	2.92	0.0004259850905218317	0.00031087256624342613	0.3346483296326663	1069.870709835634	-3.029
TTGCTC	TTGCTC	4	2.83	0.0004259850905218317	0.0003017959949662459	0.31560541540401615	1008.9905130466396	-3.004
TTGCTG	TTGCTG	1	1.92	0.00010649627263045793	0.0002042228537365571	0.8530484879456492	2727.196015962241	-3.436
TTGCTT	TTGCTT	7	3.88	0.0007454739084132055	0.00041298399311170476	0.0983456709771804	314.41111011404575	-2.497
TTGGAA	TTGGAA	5	3.51	0.0005324813631522897	0.00037428574758637196	0.2773037986758197	886.5402443665956	-2.948
TTGGAC	TTGGAC	2	1.54	0.00021299254526091586	0.00016452120773027332	0.4570732160751802	1461.2630717923512	-3.165
TTGGAG	TTGGAG	1	1.56	0.00010649627263045793	0.00016657772282690174	0.7907372872017707	2527.987107184061	-3.403
TTGGAT	TTGGAT	2	2.32	0.00021299254526091586	0.00024678181159541	0.6731113466909308	2151.9369753709057	-3.333
TTGGCA	TTGGCA	3	2.02	0.0003194888178913738	0.00021463527557271484	0.3274986591571681	1047.0132133254663	-3.02
TTGGCC	TTGGCC	3	1.21	0.0003194888178913738	0.00012878116534362896	0.12252613471592178	391.7160526868019	-2.593
TTGGCG	TTGGCG	1	1.08	0.00010649627263045793	0.00011512255689809255	0.6607441746902489	2112.399126484726	-3.325
TTGGCT	TTGGCT	3	1.94	0.0003194888178913738	0.00020683035646097968	0.30766621859425797	983.6089008458428	-2.993
TTGGGC	TTGGGC	3	1.22	0.0003194888178913738	0.00012944045458600242	0.12387960958449323	396.04311184162486	-2.598
TTGGGG	TTGGGG	1	1.19	0.00010649627263045793	0.00012720872261038168	0.6971415987506706	2228.761691205894	-3.348
TTGGGT	TTGGGT	1	1.99	0.00010649627263045793	0.0002120145376839696	0.863416142025333	2760.3414060549894	-3.441
TTGGTA	TTGGTA	1	2.76	0.00010649627263045793	0.0002940482328507329	0.9367786302779464	2994.881280998595	-3.476
TTGGTG	TTGGTG	4	2.18	0.0004259850905218317	0.0002323597923925373	0.17709211017503745	566.1634762295947	-2.753
TTGGTT	TTGGTT	7	3.26	0.0007454739084132055	0.0003475115479145024	0.04856336138141043	155.25706633636915	-2.191
TTGTAA	TTGTAA	4	3.83	0.0004259850905218317	0.00040778579038571486	0.5324520426911106	1702.2491804834806	-3.231
TTGTAC	TTGTAC	3	2.55	0.0003194888178913738	0.0002718571935904765	0.46964220642810134	1501.44613395064	-3.177
TTGTAG	TTGTAG	4	2.25	0.0004259850905218317	0.00023916550575364697	0.18971991452552903	606.5345667381163	-2.783
TTGTAT	TTGTAT	2	5.30	0.00021299254526091586	0.0005643617689726349	0.968535943377734	3096.4094109786156	-3.491
TTGTCA	TTGTCA	3	3.55	0.0003194888178913738	0.0003784742490726461	0.6890022146072137	2202.7400800992623	-3.343
TTGTCC	TTGTCC	4	1.81	0.0004259850905218317	0.00019294765638997637	0.11060826033754209	353.61460829912204	-2.549
TTGTCG	TTGTCG	3	1.60	0.0003194888178913738	0.000170684465268056	0.21734651501393087	694.856808499537	-2.842
TTGTCT	TTGTCT	2	3.26	0.00021299254526091586	0.0003469347283165923	0.8361795019269949	2673.2658676606025	-3.427
TTGTGA	TTGTGA	4	3.26	0.0004259850905218317	0.00034709694515788634	0.41064149995046945	1312.820875341651	-3.118
TTGTGG	TTGTGG	4	2.03	0.0004259850905218317	0.00021637212165686443	0.14864783399577305	475.2271252844865	-2.677
TTGTGT	TTGTGT	3	3.32	0.0003194888178913738	0.00035385857395966357	0.645118325364779	2062.4432861911982	-3.314
TTGTTA	TTGTTA	4	3.52	0.0004259850905218317	0.0003746771775532606	0.467293497662765	1493.9373120278597	-3.174
TTGTTC	TTGTTC	7	3.20	0.0007454739084132055	0.0003404675222114412	0.04443636899207627	142.06307166766786	-2.152
TTGTTG	TTGTTG	2	2.63	0.00021299254526091586	0.00028019336756156883	0.7385476680804566	2361.1368948532195	-3.373
TTGTTT	TTGTTT	9	7.11	0.0009584664536741214	0.0007574995111402876	0.28574526507689585	913.527612450836	-2.961
TTTAAA	TTTAAA	7	10.75	0.0007454739084132055	0.0011445849405522204	0.9104033886455961	2910.559633499971	-3.464
TTTAAC	TTTAAC	5	4.17	0.0005324813631522897	0.000444167290363548	0.404478582462562	1293.1180281328109	-3.112
TTTAAG	TTTAAG	5	5.56	0.0005324813631522897	0.000592223053818064	0.6519036411857939	2084.135940870983	-3.319
TTTAAT	TTTAAT	11	6.68	0.0011714589989350373	0.0007118065550697883	0.07760450291705594	248.10159582582784	-2.395
TTTACA	TTTACA	6	7.04	0.0006389776357827476	0.000749589454839624	0.704200059999234	2251.327591817551	-3.352
TTTACC	TTTACC	3	2.91	0.0003194888178913738	0.0003096895400276382	0.5558819694734485	1777.1546564066148	-3.25
TTTACG	TTTACG	3	2.84	0.0003194888178913738	0.0003026511413906465	0.5404726056447658	1727.8909202463165	-3.238
TTTACT	TTTACT	10	5.32	0.0010649627263045794	0.0005665910902778378	0.044983801826179795	143.8132144382968	-2.158
TTTAGA	TTTAGA	7	4.93	0.0007454739084132055	0.0005249888927646152	0.22760320153366154	727.6474353031159	-2.862
TTTAGC	TTTAGC	2	3.10	0.00021299254526091586	0.00032971863387045965	0.8147470204649945	2604.7462244265876	-3.416
TTTAGG	TTTAGG	4	2.77	0.0004259850905218317	0.00029450596423380866	0.30037716620424465	960.3058003549702	-2.982
TTTAGT	TTTAGT	7	5.14	0.0007454739084132055	0.0005473969552606659	0.2585694807088861	826.6466298263088	-2.917
TTTATA	TTTATA	11	14.74	0.0011714589989350373	0.00156991666792775	0.8684200564360947	2776.338920426195	-3.443
TTTATC	TTTATC	9	5.91	0.0009584664536741214	0.0006297659985956589	0.14396096261624575	460.2431974841376	-2.663
TTTATG	TTTATG	1	6.08	0.00010649627263045793	0.000647759312841249	0.9977174452240999	3189.7026723814474	-3.504
TTTATT	TTTATT	11	10.86	0.0011714589989350373	0.0011560704402791735	0.5227525834502965	1671.240009290598	-3.223
TTTCAA	TTTCAA	12	9.50	0.0012779552715654952	0.0010121315250292426	0.24842810004102123	794.2246358311448	-2.9
TTTCAC	TTTCAC	8	7.49	0.0008519701810436634	0.0007974369591139482	0.4735931540243882	1514.077313415969	-3.18
TTTCAG	TTTCAG	6	4.90	0.0006389776357827476	0.0005214010886514277	0.36578971193786186	1169.4297090653445	-3.068
TTTCAT	TTTCAT	9	9.31	0.0009584664536741214	0.0009916844235134997	0.584677232698668	1869.2131129376417	-3.272
TTTCCA	TTTCCA	5	6.26	0.0005324813631522897	0.0006668058813630485	0.7483996449568102	2392.6336649269224	-3.379
TTTCCC	TTTCCC	5	2.88	0.0005324813631522897	0.0003065156067555949	0.16469971458656552	526.5449875332499	-2.721
TTTCCG	TTTCCG	3	2.42	0.0003194888178913738	0.00025811840568892196	0.4364791674627422	1395.4238983783866	-3.145
TTTCCT	TTTCCT	9	4.34	0.0009584664536741214	0.00046246214352598495	0.033401545507448636	106.78474098731328	-2.029
TTTCGC	TTTCGC	7	3.32	0.0007454739084132055	0.00035350799560279	0.05226199134419569	167.0815863273936	-2.223
TTTCGG	TTTCGG	1	2.38	0.00010649627263045793	0.00025325945953632716	0.9072739957308513	2900.554964351532	-3.462
TTTCGT	TTTCGT	5	5.30	0.0005324813631522897	0.0005645575452163955	0.6106779190569871	1952.3373072251877	-3.291
TTTCTA	TTTCTA	10	7.23	0.0010649627263045794	0.0007698707829699165	0.19347312065880973	618.5335667462147	-2.791
TTTCTC	TTTCTC	13	7.02	0.0013844515441959531	0.0007473928039051016	0.02747761841897731	87.84594608547046	-1.944
TTTCTG	TTTCTG	3	4.75	0.0003194888178913738	0.0005057545289583388	0.8525566065182318	2725.623471038787	-3.435
TTTCTT	TTTCTT	12	9.60	0.0012779552715654952	0.001022748047449086	0.25914938716460273	828.500590765235	-2.918
TTTGAA	TTTGAA	2	8.60	0.00021299254526091586	0.0009159736644889738	0.9982341554583377	3191.354595000306	-3.504
TTTGAC	TTTGAC	3	3.78	0.0003194888178913738	0.0004026257865885598	0.7279646292837816	2327.30291982025	-3.367
TTTGAT	TTTGAT	5	5.67	0.0005324813631522897	0.0006039386798828398	0.6684965824268458	2137.183574018626	-3.33
TTTGCA	TTTGCA	3	5.18	0.0003194888178913738	0.0005515547373409843	0.8896444093276731	2844.1931766205707	-3.454
TTTGCC	TTTGCC	4	3.11	0.0004259850905218317	0.00033093284240459073	0.3768283415634138	1204.720207978234	-3.081
TTTGCG	TTTGCG	2	2.78	0.00021299254526091586	0.00029583390457380075	0.7651286265889232	2446.1162192047877	-3.388
TTTGCT	TTTGCT	5	4.99	0.0005324813631522897	0.0005314982014376755	0.5578853270417603	1783.5593905525077	-3.251
TTTGGA	TTTGGA	4	3.86	0.0004259850905218317	0.0004114845889671141	0.5394869371233351	1724.7397379833021	-3.237
TTTGGC	TTTGGC	5	2.70	0.0005324813631522897	0.00028754344771195943	0.13709704440712817	438.29925096958874	-2.642
TTTGGG	TTTGGG	1	2.65	0.00010649627263045793	0.00028258580206175324	0.9295942738212726	2971.9128934066084	-3.473
TTTGGT	TTTGGT	6	4.42	0.0006389776357827476	0.00047097633676958895	0.28388515175977674	907.5808301760062	-2.958
TTTGTA	TTTGTA	4	6.02	0.0004259850905218317	0.0006409611248110128	0.8504503945202133	2718.889911281122	-3.434
TTTGTC	TTTGTC	6	4.42	0.0006389776357827476	0.0004706357909451494	0.2833440996731005	905.8510866549022	-2.957
TTTGTG	TTTGTG	2	4.76	0.00021299254526091586	0.0005064937559695417	0.9504977761953413	3038.741390496506	-3.483
TTTGTT	TTTGTT	10	7.11	0.0010649627263045794	0.0007574995111402876	0.1811368973676736	579.0946608844525	-2.763
TTTTAA	TTTTAA	8	11.74	0.0008519701810436634	0.0012501334159002633	0.8984463026782346	2872.332829662316	-3.458
TTTTAC	TTTTAC	7	7.83	0.0007454739084132055	0.0008334222772668421	0.6648941669563246	2125.66665175937	-3.327
TTTTAG	TTTTAG	6	6.88	0.0006389776357827476	0.0007332006110132343	0.6843312811013513	2187.8071056810204	-3.34
TTTTAT	TTTTAT	13	16.25	0.0013844515441959531	0.0017301424490096472	0.8226510758454906	2630.0154894780335	-3.42
TTTTCA	TTTTCA	15	13.48	0.001597444089456869	0.00143590530509598	0.374959862822597	1198.7466814438426	-3.079
TTTTCC	TTTTCC	14	6.87	0.001490947816826411	0.000732030155539127	0.011114968787164484	35.534555212564854	-1.551
TTTTCG	TTTTCG	4	6.08	0.0004259850905218317	0.0006475651375923045	0.8558479804415615	2736.145993471672	-3.437
TTTTCT	TTTTCT	16	12.36	0.0017039403620873268	0.0013162465296713154	0.18275716599464714	584.274659684887	-2.767
TTTTGA	TTTTGA	4	9.46	0.0004259850905218317	0.0010070088141680292	0.9846605131781747	3147.9596606306245	-3.498
TTTTGC	TTTTGC	3	6.94	0.0003194888178913738	0.0007389090649414763	0.9689559107151263	3097.752046556259	-3.491
TTTTGG	TTTTGG	7	5.89	0.0007454739084132055	0.0006277457542865643	0.3767619971086054	1204.5081047562114	-3.081
TTTTGT	TTTTGT	9	9.64	0.0009584664536741214	0.001026625868989485	0.6252269433466224	1998.850537879152	-3.301
TTTTTA	TTTTTA	13	18.45	0.0013844515441959531	0.001964970186090467	0.9237165317518701	2953.1217520107284	-3.47
TTTTTC	TTTTTC	24	16.77	0.0025559105431309905	0.0017855598647517727	0.0561313697509884	179.4519890939099	-2.254
TTTTTG	TTTTTG	10	13.80	0.0010649627263045794	0.0014694559652502627	0.8806966005488586	2815.5870319547007	-3.45
TTTTTT	TTTTTT	40	37.30	0.004259850905218318	0.003972657115356814	0.3507361674375055	1121.3035272977052	-3.05
;
;
; Job started	2026-05-30 09:14:43.915689
; Job done	2026-05-30 09:14:44.284672
; Job duration	0.369 seconds
